# Blender 5.1.0
# www.blender.org
o geometry_0
v -0.352913 -0.335309 -0.206589
v -0.355819 -0.331117 -0.228514
v -0.354460 -0.335136 -0.235479
v -0.347892 -0.335930 -0.051247
v -0.351010 -0.323306 -0.024275
v -0.356252 -0.339096 0.071215
v -0.354660 -0.320886 -0.014991
v -0.358747 -0.320409 -0.091399
v -0.353429 -0.321846 0.077827
v -0.356765 -0.330669 0.069417
v -0.356660 -0.337212 0.074333
v -0.352990 -0.335830 0.081452
v -0.359355 -0.315844 0.125281
v -0.346326 -0.328295 0.123569
v -0.356678 -0.334940 0.159262
v -0.358019 -0.337642 0.296290
v -0.354107 -0.326225 0.113353
v -0.356434 -0.330377 0.177483
v -0.355985 -0.330305 0.170308
v -0.351238 -0.324111 0.164969
v -0.356655 -0.333359 0.285771
v -0.355169 -0.323397 0.285430
v -0.356794 -0.333688 0.358377
v -0.354870 -0.320560 0.329555
v -0.359703 -0.321608 0.421335
v -0.356201 -0.336054 0.420956
v -0.348056 -0.338772 0.488463
v -0.355555 -0.339040 0.420094
v -0.353682 -0.329071 0.354869
v -0.356201 -0.293017 0.491791
v -0.360633 -0.308894 0.481703
v -0.355797 -0.262232 0.416994
v -0.356759 -0.274731 0.437379
v -0.351131 -0.280213 0.490718
v -0.356293 -0.235033 0.463124
v -0.356353 -0.230552 0.481370
v -0.355107 -0.195033 0.490293
v -0.356286 -0.217931 0.479019
v -0.357330 -0.178431 0.484670
v -0.356143 -0.134799 0.468076
v -0.356120 -0.151447 0.455764
v -0.356153 -0.142237 0.461809
v -0.356186 -0.099421 0.471387
v -0.342222 -0.105727 0.482019
v -0.353232 -0.091184 0.493457
v -0.355755 -0.137152 0.493346
v -0.363637 -0.173382 0.484304
v -0.354790 -0.178256 0.488070
v -0.356123 -0.100875 0.451552
v -0.356088 -0.137684 0.460768
v -0.356518 -0.146146 0.440960
v -0.356408 -0.114469 0.397799
v -0.356414 -0.132391 0.378185
v -0.356340 -0.146728 0.389408
v -0.356066 -0.184433 0.412771
v -0.356350 -0.162720 0.430960
v -0.356340 -0.179787 0.431462
v -0.356225 -0.165877 0.453966
v -0.356448 -0.174519 0.426942
v -0.356211 -0.190542 0.450015
v -0.358467 -0.193296 0.414252
v -0.356499 -0.203439 0.399790
v -0.361570 -0.242460 0.411652
v -0.355372 -0.275998 0.397059
v -0.356362 -0.243371 0.393299
v -0.354313 -0.249382 0.372449
v -0.355806 -0.256898 0.357827
v -0.356434 -0.237784 0.356264
v -0.356751 -0.240208 0.331656
v -0.356523 -0.226731 0.327410
v -0.362289 -0.214177 0.342284
v -0.357786 -0.157946 0.339878
v -0.356225 -0.179892 0.367814
v -0.356397 -0.232611 0.381645
v -0.356408 -0.235916 0.358806
v -0.356346 -0.137919 0.342776
v -0.356291 -0.154848 0.327048
v -0.356303 -0.133024 0.360871
v -0.356449 -0.124054 0.341637
v -0.355607 -0.079167 0.370732
v -0.356498 -0.121492 0.390635
v -0.356127 -0.090914 0.402061
v -0.355069 -0.077160 0.402028
v -0.356067 -0.074428 0.419993
v -0.356052 -0.055394 0.427709
v -0.356134 -0.042212 0.449665
v -0.352236 -0.043535 0.454079
v -0.356109 -0.037726 0.459774
v -0.356434 -0.014808 0.451268
v -0.356034 -0.004728 0.426326
v -0.356073 -0.004389 0.414903
v -0.356184 0.023548 0.424976
v -0.356077 -0.004953 0.378970
v -0.356023 -0.025774 0.382010
v -0.356027 0.021381 0.359108
v -0.356304 0.049329 0.352313
v -0.355898 0.069822 0.289619
v -0.355969 0.044330 0.282363
v -0.356022 0.035359 0.283867
v -0.356016 0.036287 0.273822
v -0.356018 0.053739 0.260967
v -0.356026 0.087752 0.245664
v -0.356030 0.090930 0.244822
v -0.356008 0.103923 0.215114
v -0.356007 0.087306 0.213102
v -0.356003 0.099071 0.192041
v -0.356004 0.111714 0.201675
v -0.356003 0.088620 0.178649
v -0.356000 0.103622 0.181505
v -0.356001 0.114998 0.166748
v -0.355876 0.159871 0.123098
v -0.355669 0.114695 0.105291
v -0.356003 0.113215 0.093451
v -0.355965 0.125017 0.100254
v -0.355975 0.148059 0.077064
v -0.356007 0.117787 0.062852
v -0.356005 0.156476 0.070812
v -0.356039 0.163824 0.103986
v -0.356006 0.185628 0.070917
v -0.356006 0.207529 0.061208
v -0.356011 0.218557 0.041757
v -0.356014 0.226318 0.030842
v -0.356023 0.242029 -0.002063
v -0.356042 0.251428 0.036028
v -0.356236 0.254276 -0.007502
v -0.356991 0.280332 0.010513
v -0.355943 0.288597 -0.011134
v -0.356434 0.301555 0.007797
v -0.356129 0.289395 0.023806
v -0.356036 0.256425 0.038513
v -0.357291 0.280272 0.074620
v -0.356038 0.256267 0.065108
v -0.356286 0.317098 0.053628
v -0.347450 0.310456 0.006673
v -0.337443 0.308200 -0.102361
v -0.350642 0.306557 -0.061582
v -0.356089 0.287780 -0.034309
v -0.353171 0.306952 -0.099958
v -0.356181 0.294743 -0.096879
v -0.356026 0.275150 -0.077747
v -0.356046 0.272362 -0.108653
v -0.356526 0.285861 -0.105971
v -0.356041 0.269213 -0.129566
v -0.356017 0.245748 -0.135545
v -0.355982 0.208420 -0.096179
v -0.356016 0.244016 -0.096374
v -0.356011 0.217901 -0.079491
v -0.356045 0.267832 -0.077733
v -0.356085 0.276208 -0.058944
v -0.355996 0.262839 -0.040156
v -0.356032 0.234875 -0.068972
v -0.356122 0.185199 -0.051606
v -0.356007 0.186486 -0.079740
v -0.356008 0.179952 -0.088466
v -0.356010 0.200446 -0.107163
v -0.356007 0.170590 -0.099826
v -0.356077 0.155893 -0.091698
v -0.356002 0.115064 -0.102378
v -0.356002 0.113474 -0.115647
v -0.356001 0.085952 -0.102947
v -0.356028 0.082968 -0.121304
v -0.356010 0.068302 -0.092966
v -0.356054 0.056843 -0.058844
v -0.356003 0.087969 -0.097367
v -0.356008 0.120034 -0.070988
v -0.356009 0.126305 -0.057293
v -0.355970 0.154298 -0.031053
v -0.356046 0.120791 -0.010603
v -0.356013 0.114978 -0.009149
v -0.356010 0.119778 -0.003696
v -0.356008 0.140848 0.013565
v -0.356009 0.145258 0.047601
v -0.356011 0.193749 0.021329
v -0.356013 0.220091 0.025553
v -0.356017 0.228987 0.019414
v -0.356014 0.225175 -0.023934
v -0.356012 0.219776 -0.030702
v -0.356019 0.230262 0.000456
v -0.356049 0.250107 -0.011878
v -0.356021 0.180883 0.005746
v -0.356008 0.171377 -0.023957
v -0.356007 0.161074 -0.040574
v -0.356007 0.182456 -0.054120
v -0.355974 0.170055 -0.058975
v -0.356010 0.179411 -0.078416
v -0.355977 0.133294 -0.069632
v -0.356008 0.130824 -0.062832
v -0.355980 0.146154 -0.037990
v -0.356007 0.172565 -0.090198
v -0.356015 0.194172 0.059233
v -0.356000 0.157338 0.061848
v -0.356007 0.116663 0.056793
v -0.356006 0.128350 0.019801
v -0.356008 0.134532 -0.004250
v -0.356007 0.142486 -0.001424
v -0.356014 0.101216 0.010529
v -0.356012 0.112272 0.000269
v -0.356863 0.080168 -0.014206
v -0.356067 0.081547 0.005870
v -0.356029 0.072130 -0.043386
v -0.356090 0.053840 -0.014215
v -0.356081 0.065618 -0.002356
v -0.356057 0.064279 -0.033825
v -0.356071 0.055479 -0.041927
v -0.354656 0.018120 -0.020850
v -0.358615 0.016316 -0.052526
v -0.355991 0.001498 -0.079192
v -0.357458 -0.028939 -0.061028
v -0.356398 -0.058143 -0.043579
v -0.356368 -0.063915 -0.035258
v -0.352426 -0.109557 -0.033373
v -0.358758 -0.082098 -0.021975
v -0.355623 -0.117407 -0.001836
v -0.357263 -0.097200 0.010911
v -0.356448 -0.097881 0.016605
v -0.352704 -0.081883 0.000642
v -0.356444 -0.070102 -0.022946
v -0.356367 -0.067487 0.005011
v -0.354757 -0.010199 -0.030004
v -0.355585 -0.006658 -0.017497
v -0.356290 0.008035 -0.000115
v -0.356244 -0.017152 -0.000354
v -0.356343 -0.007232 0.016307
v -0.356788 -0.043464 0.014983
v -0.356277 -0.019425 0.039538
v -0.356217 -0.033747 0.039030
v -0.356389 -0.035566 0.059323
v -0.354661 -0.010219 0.070381
v -0.356320 -0.013546 0.089850
v -0.356297 -0.037397 0.089130
v -0.356102 -0.042463 0.108099
v -0.356149 -0.061096 0.097632
v -0.351210 -0.042608 0.070735
v -0.355672 -0.049735 0.057146
v -0.356057 -0.061940 0.112769
v -0.356114 -0.118935 0.110454
v -0.356095 -0.078597 0.042619
v -0.356190 -0.083157 0.022051
v -0.356091 -0.129003 0.013699
v -0.356158 -0.134303 0.033479
v -0.356137 -0.137546 0.046262
v -0.356097 -0.141091 0.059052
v -0.356040 -0.156234 0.065538
v -0.356118 -0.140392 0.033333
v -0.356011 -0.158757 0.044099
v -0.356026 -0.192888 0.026112
v -0.356021 -0.186982 0.044419
v -0.356141 -0.215514 -0.019783
v -0.355944 -0.201224 0.032212
v -0.356021 -0.194394 0.039911
v -0.356079 -0.247505 0.034081
v -0.356027 -0.243752 0.039720
v -0.356168 -0.239720 0.091725
v -0.356018 -0.219286 0.094276
v -0.356019 -0.182752 0.049706
v -0.356012 -0.211408 0.061494
v -0.356048 -0.167679 0.060347
v -0.356031 -0.163223 0.067825
v -0.356043 -0.125110 0.094893
v -0.356063 -0.146237 0.064874
v -0.356030 -0.129802 0.116777
v -0.356012 -0.151954 0.133100
v -0.356010 -0.170965 0.147143
v -0.356013 -0.166687 0.116687
v -0.356021 -0.211354 0.120838
v -0.356010 -0.209268 0.097355
v -0.356013 -0.229849 0.102502
v -0.356021 -0.254036 0.087714
v -0.356018 -0.241700 0.086331
v -0.356445 -0.276766 0.112145
v -0.328551 -0.294831 0.074820
v -0.356065 -0.287139 0.113472
v -0.356058 -0.295778 0.100881
v -0.356039 -0.275326 0.093665
v -0.355601 -0.264923 0.053274
v -0.356077 -0.293315 0.045363
v -0.356052 -0.285452 0.024881
v -0.356026 -0.256180 0.023941
v -0.356078 -0.237390 0.000729
v -0.356020 -0.235502 -0.034755
v -0.356032 -0.260064 -0.051535
v -0.346608 -0.293780 -0.037892
v -0.358583 -0.289059 -0.058685
v -0.356033 -0.303775 -0.075724
v -0.356039 -0.278795 -0.130903
v -0.356021 -0.241775 -0.130695
v -0.356043 -0.220907 -0.144764
v -0.356007 -0.204464 -0.172676
v -0.356006 -0.201157 -0.188654
v -0.356008 -0.214104 -0.193181
v -0.356012 -0.236127 -0.205864
v -0.356045 -0.245139 -0.230456
v -0.356041 -0.288668 -0.251172
v -0.356043 -0.288330 -0.286271
v -0.358506 -0.309229 -0.306087
v -0.356054 -0.296453 -0.322806
v -0.356059 -0.290586 -0.321866
v -0.356060 -0.269255 -0.323422
v -0.356062 -0.265917 -0.315569
v -0.356026 -0.243604 -0.273295
v -0.356021 -0.205025 -0.276230
v -0.356081 -0.210895 -0.326716
v -0.357272 -0.192967 -0.346671
v -0.356080 -0.223067 -0.337034
v -0.356120 -0.196833 -0.398087
v -0.356104 -0.209143 -0.403764
v -0.356887 -0.241820 -0.427936
v -0.356165 -0.211219 -0.433446
v -0.353302 -0.247189 -0.447834
v -0.355522 -0.224906 -0.473676
v -0.356294 -0.236984 -0.472686
v -0.356299 -0.276285 -0.452559
v -0.356168 -0.258011 -0.438455
v -0.355939 -0.255883 -0.425747
v -0.356076 -0.290122 -0.392575
v -0.352660 -0.285466 -0.350270
v -0.354561 -0.304823 -0.330116
v -0.355748 -0.305761 -0.347575
v -0.356073 -0.263631 -0.382645
v -0.356083 -0.260666 -0.393613
v -0.356042 -0.254608 -0.327704
v -0.356082 -0.239642 -0.345310
v -0.355950 -0.230618 -0.322994
v -0.356098 -0.213914 -0.334287
v -0.356194 -0.256242 -0.262282
v -0.356047 -0.226888 -0.308112
v -0.356058 -0.211337 -0.312025
v -0.356055 -0.249160 -0.295880
v -0.356397 -0.271684 -0.288058
v -0.355245 -0.295733 -0.455060
v -0.364646 -0.302940 -0.470609
v -0.362737 -0.280529 -0.471817
v -0.355190 -0.238833 -0.475339
v -0.355555 -0.291040 -0.478268
v -0.357512 -0.220314 -0.477633
v -0.356431 -0.197231 -0.469276
v -0.366288 -0.118452 -0.479124
v -0.357722 -0.159006 -0.445801
v -0.356759 -0.197786 -0.404951
v -0.356180 -0.204102 -0.434567
v -0.356112 -0.147752 -0.394156
v -0.356121 -0.133537 -0.404779
v -0.356075 -0.160350 -0.392574
v -0.356117 -0.104039 -0.411804
v -0.355949 -0.104746 -0.436890
v -0.356318 -0.079583 -0.454909
v -0.356199 -0.064028 -0.457165
v -0.356014 -0.033271 -0.416134
v -0.356317 -0.050245 -0.465003
v -0.355871 -0.061808 -0.426164
v -0.356039 -0.024104 -0.400173
v -0.356037 -0.005888 -0.406119
v -0.356133 0.009068 -0.406031
v -0.356106 0.053275 -0.427090
v -0.356212 0.124411 -0.419252
v -0.356514 0.145989 -0.425138
v -0.356356 0.142612 -0.389100
v -0.356322 0.143864 -0.379483
v -0.356336 0.125525 -0.331370
v -0.356476 0.122329 -0.363176
v -0.356103 0.111935 -0.362130
v -0.356268 0.093098 -0.371366
v -0.355426 0.059129 -0.370155
v -0.355832 0.044620 -0.375148
v -0.356035 0.064295 -0.409601
v -0.356056 0.064647 -0.389709
v -0.356025 0.111757 -0.383915
v -0.356294 0.134025 -0.386773
v -0.356360 0.134616 -0.366816
v -0.356068 0.048900 -0.418675
v -0.356074 0.028979 -0.423816
v -0.356014 0.002305 -0.357396
v -0.356093 0.018046 -0.339459
v -0.356024 0.020921 -0.388667
v -0.356091 0.084904 -0.323163
v -0.356151 0.066904 -0.266460
v -0.356094 0.050641 -0.267395
v -0.355998 0.040279 -0.245493
v -0.356000 0.034135 -0.229912
v -0.356028 0.045636 -0.217234
v -0.355973 0.063122 -0.190644
v -0.355997 0.081788 -0.193449
v -0.355975 0.095298 -0.170719
v -0.356004 0.102251 -0.159438
v -0.356010 0.128784 -0.223294
v -0.355999 0.157040 -0.194135
v -0.356005 0.105677 -0.152694
v -0.356042 0.140113 -0.148875
v -0.356027 0.119524 -0.112054
v -0.356006 0.147737 -0.114910
v -0.356005 0.168476 -0.117042
v -0.355973 0.225001 -0.135149
v -0.356007 0.212708 -0.150693
v -0.356006 0.209431 -0.174063
v -0.356006 0.193206 -0.168621
v -0.356007 0.211860 -0.184244
v -0.356010 0.226254 -0.197858
v -0.356032 0.220944 -0.176849
v -0.355955 0.258762 -0.188783
v -0.356030 0.267575 -0.164590
v -0.356021 0.256113 -0.144581
v -0.356051 0.270770 -0.141626
v -0.357453 0.322228 -0.169188
v -0.353462 0.298007 -0.185988
v -0.356141 0.305927 -0.229116
v -0.359183 0.321015 -0.242552
v -0.340832 0.323375 -0.284754
v -0.355913 0.282647 -0.294734
v -0.356647 0.261917 -0.298373
v -0.356228 0.244028 -0.308649
v -0.360126 0.255990 -0.343523
v -0.356131 0.269784 -0.360970
v -0.356153 0.301314 -0.380034
v -0.356143 0.291699 -0.404946
v -0.346161 0.309969 -0.434559
v -0.355641 0.328968 -0.353373
v -0.356153 0.300659 -0.362103
v -0.355635 0.268565 -0.331059
v -0.356163 0.264218 -0.321647
v -0.356077 0.284889 -0.300943
v -0.341698 0.301092 -0.314584
v -0.350011 0.329632 -0.351347
v -0.353795 0.334428 -0.295112
v -0.356101 0.306769 -0.306339
v -0.353376 0.333319 -0.260207
v -0.356173 0.293035 -0.444558
v -0.359898 0.274531 -0.446624
v -0.356141 0.284981 -0.410154
v -0.356134 0.257978 -0.429191
v -0.356198 0.240513 -0.444965
v -0.356903 0.231515 -0.428298
v -0.356338 0.188612 -0.397355
v -0.356229 0.209047 -0.368083
v -0.356524 0.221526 -0.404462
v -0.356269 0.240757 -0.423202
v -0.356150 0.262293 -0.369633
v -0.356203 0.273257 -0.380519
v -0.362770 0.221741 -0.352008
v -0.356102 0.243318 -0.337769
v -0.356332 0.202893 -0.316125
v -0.355345 0.175006 -0.352209
v -0.356333 0.162732 -0.305905
v -0.356362 0.207965 -0.357842
v -0.356185 0.190208 -0.367983
v -0.355857 0.145889 -0.313643
v -0.356918 0.105176 -0.315895
v -0.356204 0.133285 -0.289389
v -0.356038 0.144225 -0.261865
v -0.356022 0.115736 -0.259439
v -0.356080 0.099820 -0.283524
v -0.355955 0.093458 -0.252948
v -0.356008 0.097162 -0.236137
v -0.356154 0.159672 -0.256896
v -0.350393 0.177127 -0.301843
v -0.356634 0.212660 -0.296874
v -0.356457 0.200793 -0.309158
v -0.360505 0.211957 -0.279328
v -0.359944 0.245983 -0.268277
v -0.356055 0.244624 -0.256247
v -0.356070 0.215087 -0.255577
v -0.358107 0.187625 -0.254368
v -0.356085 0.171658 -0.262053
v -0.355591 0.154228 -0.246357
v -0.355998 0.201253 -0.209124
v -0.356011 0.186539 -0.193278
v -0.356007 0.158560 -0.164575
v -0.356010 0.193316 -0.188168
v -0.356011 0.185580 -0.164018
v -0.356055 0.211507 -0.248391
v -0.356043 0.267600 -0.237040
v -0.356039 0.246144 -0.253443
v -0.356511 0.285854 -0.271883
v -0.356156 0.306343 -0.254770
v -0.356304 0.306383 -0.241451
v -0.356161 0.304764 -0.272075
v -0.356043 0.272841 -0.230573
v -0.356309 0.299394 -0.214915
v -0.355960 0.272893 -0.189818
v -0.356037 0.274042 -0.197798
v -0.356024 0.255910 -0.197895
v -0.356025 0.256619 -0.224929
v -0.356026 0.274701 -0.169926
v -0.352057 0.295147 -0.142827
v -0.356449 0.306172 -0.164265
v -0.355265 0.232010 -0.316129
v -0.356198 0.192610 -0.371563
v -0.356278 0.218887 -0.468862
v -0.356553 0.253026 -0.460904
v -0.356548 0.246527 -0.471971
v -0.356352 0.208656 -0.464896
v -0.354805 0.159543 -0.475949
v -0.356429 0.271620 -0.467103
v -0.356240 0.260828 -0.446379
v -0.353972 0.267350 -0.476681
v -0.335080 0.325821 -0.463396
v -0.363959 0.291322 -0.463404
v -0.356572 0.323436 -0.471242
v -0.356467 0.325051 -0.458244
v -0.362593 0.317701 -0.439322
v -0.356218 0.243143 -0.427396
v -0.356157 0.260927 -0.438712
v -0.356375 0.231886 -0.302642
v -0.356106 0.298903 -0.231603
v -0.356280 0.313308 -0.163564
v -0.356015 0.240570 -0.143034
v -0.356009 0.225197 -0.144205
v -0.356002 0.105593 -0.124493
v -0.355999 0.054679 -0.149078
v -0.356003 0.048321 -0.130320
v -0.356003 0.036739 -0.142185
v -0.356012 0.018720 -0.125481
v -0.356005 0.041849 -0.122760
v -0.356876 0.033307 -0.103032
v -0.355993 0.069271 -0.124772
v -0.356016 0.016111 -0.116353
v -0.356043 0.010161 -0.132111
v -0.356003 -0.023899 -0.146022
v -0.356813 -0.065475 -0.088936
v -0.356241 -0.063586 -0.075707
v -0.356103 -0.098606 -0.082360
v -0.356630 -0.044819 -0.083625
v -0.356076 -0.102197 -0.102322
v -0.356025 -0.105883 -0.108626
v -0.356025 -0.064245 -0.102660
v -0.356111 -0.070361 -0.091689
v -0.356019 -0.081260 -0.125109
v -0.355994 -0.059372 -0.158705
v -0.356004 -0.038766 -0.168580
v -0.356001 -0.031791 -0.159907
v -0.356004 -0.053810 -0.197308
v -0.356004 -0.062662 -0.171760
v -0.356004 -0.093380 -0.212324
v -0.356009 -0.067156 -0.219555
v -0.355959 -0.062452 -0.218371
v -0.356004 -0.057114 -0.230480
v -0.356003 -0.028796 -0.216062
v -0.356003 0.000627 -0.223004
v -0.356003 -0.011383 -0.214106
v -0.355987 -0.022547 -0.192413
v -0.355999 0.055530 -0.187191
v -0.356001 0.046198 -0.154314
v -0.356000 -0.032454 -0.179161
v -0.356003 -0.020120 -0.163076
v -0.355984 -0.040667 -0.181573
v -0.356001 -0.041334 -0.203983
v -0.356002 -0.023084 -0.215758
v -0.356001 0.026171 -0.218905
v -0.355998 -0.004295 -0.244906
v -0.356003 -0.036364 -0.262464
v -0.356008 -0.079470 -0.244226
v -0.356008 -0.104965 -0.244457
v -0.356018 -0.081517 -0.276122
v -0.356016 -0.080793 -0.285887
v -0.356039 -0.108354 -0.293890
v -0.355997 -0.071207 -0.293574
v -0.356014 -0.068060 -0.272677
v -0.356014 -0.039174 -0.297940
v -0.356011 -0.048754 -0.284286
v -0.356013 -0.042683 -0.320673
v -0.356062 -0.039930 -0.331613
v -0.356080 -0.051245 -0.352469
v -0.355978 0.003215 -0.354528
v -0.356009 -0.005785 -0.317388
v -0.356011 -0.040974 -0.285179
v -0.355985 -0.026089 -0.277412
v -0.356010 -0.051564 -0.271393
v -0.356008 -0.039791 -0.262942
v -0.356002 0.021121 -0.288879
v -0.356003 0.016385 -0.275438
v -0.356004 -0.007790 -0.259773
v -0.356015 0.035443 -0.278191
v -0.356005 0.035819 -0.293492
v -0.355958 0.040015 -0.304712
v -0.356016 -0.002393 -0.309963
v -0.356406 -0.088578 -0.322335
v -0.356055 -0.072300 -0.349677
v -0.356286 -0.080384 -0.349575
v -0.356040 -0.056450 -0.355233
v -0.355933 -0.076556 -0.388699
v -0.356010 -0.044198 -0.399660
v -0.356716 -0.106947 -0.388627
v -0.356119 -0.082548 -0.435003
v -0.354726 -0.128846 -0.380608
v -0.356168 -0.133685 -0.384352
v -0.356130 -0.152811 -0.383555
v -0.356096 -0.168612 -0.379743
v -0.356058 -0.190885 -0.335953
v -0.356117 -0.190359 -0.348541
v -0.356076 -0.173055 -0.316402
v -0.343848 -0.141237 -0.343132
v -0.356132 -0.101558 -0.330066
v -0.356047 -0.102519 -0.312557
v -0.356150 -0.086159 -0.359646
v -0.356051 -0.113753 -0.290114
v -0.356030 -0.165081 -0.281119
v -0.356020 -0.178228 -0.267593
v -0.356017 -0.199483 -0.268070
v -0.356011 -0.211504 -0.242940
v -0.356188 -0.161909 -0.222930
v -0.355716 -0.163131 -0.207657
v -0.356008 -0.197763 -0.219162
v -0.355994 -0.148188 -0.201089
v -0.356010 -0.148144 -0.228230
v -0.356005 -0.148213 -0.232179
v -0.356002 -0.131026 -0.215019
v -0.356007 -0.116196 -0.158469
v -0.356071 -0.125853 -0.119957
v -0.356020 -0.139633 -0.100023
v -0.356145 -0.147366 -0.083526
v -0.356298 -0.133946 -0.065562
v -0.356044 -0.154575 -0.052551
v -0.356019 -0.181976 -0.057300
v -0.356016 -0.194541 -0.059396
v -0.355554 -0.197869 -0.091166
v -0.355919 -0.173918 -0.112146
v -0.356012 -0.163338 -0.103437
v -0.356030 -0.154271 -0.175806
v -0.356008 -0.199422 -0.158229
v -0.356028 -0.195660 -0.170620
v -0.356010 -0.204679 -0.139120
v -0.356045 -0.226346 -0.127516
v -0.355995 -0.243940 -0.115104
v -0.355960 -0.212910 -0.102080
v -0.356023 -0.252809 -0.083545
v -0.356034 -0.201538 -0.115189
v -0.355889 -0.221501 -0.052121
v -0.356043 -0.267967 -0.072502
v -0.359695 -0.270429 -0.109809
v -0.356075 -0.298438 -0.078591
v -0.356009 -0.150369 -0.102395
v -0.356042 -0.166178 -0.066561
v -0.356017 -0.192326 -0.072204
v -0.356030 -0.173108 -0.050286
v -0.356013 -0.185938 -0.081789
v -0.356075 -0.221090 -0.033432
v -0.356019 -0.225894 -0.037777
v -0.356060 -0.159438 0.008042
v -0.356148 -0.146689 0.008992
v -0.356096 -0.144800 -0.018405
v -0.356241 -0.125791 -0.020374
v -0.356632 -0.105636 -0.079276
v -0.356473 -0.075192 -0.062187
v -0.356133 -0.124431 -0.066085
v -0.357105 -0.136661 -0.027631
v -0.356016 -0.110042 -0.119291
v -0.355992 -0.106940 -0.164166
v -0.356016 -0.080171 -0.133977
v -0.356006 -0.065672 -0.156132
v -0.356004 -0.110664 -0.168726
v -0.356005 -0.136868 -0.211138
v -0.356003 -0.133155 -0.195867
v -0.356107 -0.095460 -0.231010
v -0.356005 -0.159419 -0.211306
v -0.356006 -0.135360 -0.218149
v -0.356004 -0.190215 -0.281474
v -0.356254 -0.151738 -0.291661
v -0.356038 -0.186678 -0.294701
v -0.361044 -0.188883 -0.313625
v -0.356028 -0.131654 -0.301919
v -0.356093 -0.179021 -0.385400
v -0.356305 -0.135585 -0.353899
v -0.353198 -0.140036 -0.388240
v -0.356212 -0.115613 -0.381939
v -0.356001 -0.078257 -0.371474
v -0.356030 -0.032588 -0.391080
v -0.356017 -0.046229 -0.368244
v -0.356027 -0.047521 -0.351844
v -0.356029 -0.021876 -0.395157
v -0.356060 -0.050026 -0.410874
v -0.356038 -0.088063 -0.313698
v -0.356009 -0.073169 -0.256060
v -0.356007 -0.089309 -0.248412
v -0.356004 -0.046138 -0.232688
v -0.356000 -0.046262 -0.199016
v -0.356003 -0.043968 -0.223760
v -0.356018 -0.094613 -0.122853
v -0.356318 -0.060282 -0.050426
v -0.356006 0.005181 -0.153058
v -0.356002 0.035567 -0.144962
v -0.356880 0.075878 -0.252444
v -0.356003 0.065138 -0.250288
v -0.356089 0.029682 -0.232447
v -0.355402 0.073224 -0.455468
v -0.357736 0.092626 -0.477630
v -0.348259 -0.012321 -0.472065
v -0.350961 -0.006310 -0.451256
v -0.356003 0.007476 -0.230060
v -0.356433 0.103714 -0.340178
v -0.356009 0.036181 -0.300961
v -0.356025 0.021324 -0.392744
v -0.356035 -0.011546 -0.402224
v -0.356193 -0.104094 -0.457007
v -0.356829 -0.080328 -0.471318
v -0.355403 -0.105790 -0.449789
v -0.355169 -0.097371 -0.481103
v -0.359122 -0.051605 -0.482251
v -0.356113 -0.127185 -0.409166
v -0.356082 -0.185003 -0.392479
v -0.356195 -0.191122 -0.450667
v -0.356200 -0.192408 -0.454737
v -0.349553 -0.308090 -0.384760
v -0.356091 -0.237351 -0.449657
v -0.356086 -0.232474 -0.341266
v -0.357654 -0.305891 -0.240038
v -0.356362 -0.308414 -0.201024
v -0.356035 -0.272984 -0.204246
v -0.356060 -0.277164 -0.216790
v -0.353752 -0.306136 -0.190449
v -0.360169 -0.284208 -0.164113
v -0.355984 -0.251105 -0.145261
v -0.356015 -0.241770 -0.205282
v -0.356031 -0.268758 -0.214315
v -0.356023 -0.254703 -0.136802
v -0.356033 -0.276468 -0.123128
v -0.349865 -0.305878 -0.138325
v -0.350486 -0.301785 -0.232415
v -0.367474 -0.283227 0.001590
v -0.355612 -0.307338 -0.026577
v -0.356566 -0.297186 0.051369
v -0.353521 -0.302419 0.106406
v -0.354562 -0.306664 0.150625
v -0.355288 -0.307090 0.204877
v -0.351652 -0.297032 0.211902
v -0.356071 -0.293068 0.180058
v -0.351069 -0.299459 0.267975
v -0.356090 -0.295524 0.290665
v -0.356188 -0.282792 0.302779
v -0.356114 -0.262237 0.278533
v -0.355220 -0.307020 0.365751
v -0.356095 -0.288821 0.302909
v -0.356149 -0.305721 0.278901
v -0.339176 -0.289450 0.344189
v -0.345803 -0.265049 0.356967
v -0.355684 -0.301764 0.366707
v -0.356579 -0.225829 0.323329
v -0.356567 -0.194246 0.298869
v -0.356348 -0.189071 0.276151
v -0.356036 -0.135554 0.226299
v -0.356076 -0.152645 0.245152
v -0.356023 -0.143005 0.212301
v -0.355953 -0.125814 0.194434
v -0.356013 -0.095664 0.151933
v -0.355989 -0.098322 0.161637
v -0.356204 -0.137980 0.168208
v -0.355988 -0.127079 0.142771
v -0.356011 -0.144016 0.145697
v -0.356021 -0.171374 0.161021
v -0.356008 -0.138996 0.132257
v -0.356007 -0.138398 0.180530
v -0.356050 -0.151536 0.195665
v -0.356015 -0.189204 0.217916
v -0.356020 -0.228237 0.219127
v -0.356037 -0.231941 0.198889
v -0.356019 -0.246810 0.187546
v -0.356023 -0.259299 0.168383
v -0.356022 -0.256658 0.117391
v -0.356020 -0.264330 0.149450
v -0.345916 -0.300924 0.144498
v -0.355808 -0.267981 0.166253
v -0.356041 -0.280486 0.184999
v -0.350613 -0.292224 0.121416
v -0.356026 -0.260010 0.190207
v -0.356265 -0.264872 0.201563
v -0.356065 -0.291595 0.216610
v -0.356065 -0.277400 0.270313
v -0.356250 -0.225134 0.233830
v -0.356205 -0.185194 0.247600
v -0.356098 -0.237493 0.260615
v -0.356030 -0.211570 0.219997
v -0.356217 -0.223820 0.269941
v -0.356271 -0.217424 0.280073
v -0.356118 -0.252162 0.271610
v -0.356070 -0.261743 0.268856
v -0.362230 -0.286793 0.262461
v -0.356007 -0.214455 0.132472
v -0.356008 -0.187414 0.142517
v -0.356011 -0.213713 0.190256
v -0.356032 -0.166811 0.222744
v -0.356011 -0.142009 0.167665
v -0.355483 -0.101914 0.144917
v -0.357144 -0.111346 0.123280
v -0.356010 -0.089510 0.175183
v -0.356013 -0.077045 0.186618
v -0.356140 -0.098803 0.217402
v -0.356012 -0.087592 0.235657
v -0.356014 -0.103833 0.240866
v -0.355707 -0.064453 0.245107
v -0.356103 -0.059265 0.263151
v -0.356007 -0.021020 0.235402
v -0.356008 -0.016080 0.245849
v -0.356003 0.010530 0.243659
v -0.356001 0.003834 0.196796
v -0.356271 0.012811 0.132930
v -0.355835 0.035716 0.130774
v -0.356008 -0.008728 0.148127
v -0.356013 0.023880 0.126293
v -0.356100 0.019270 0.110268
v -0.356026 0.028016 0.110370
v -0.356152 0.055000 0.127017
v -0.356002 0.096904 0.094624
v -0.356004 0.100161 0.114691
v -0.356004 0.076921 0.121176
v -0.356004 0.100279 0.153187
v -0.356003 0.072442 0.154233
v -0.356020 0.071179 0.170586
v -0.356003 0.077134 0.198117
v -0.356005 0.076865 0.213264
v -0.356013 0.035453 0.250703
v -0.356006 0.020703 0.243900
v -0.355963 0.010624 0.261897
v -0.356046 -0.032723 0.278586
v -0.356028 -0.056469 0.305375
v -0.356026 -0.041598 0.315087
v -0.356044 -0.067371 0.321572
v -0.356031 -0.018671 0.361542
v -0.355775 0.017631 0.316375
v -0.355989 0.012222 0.293460
v -0.356033 0.036641 0.314778
v -0.356028 0.029663 0.293746
v -0.355978 -0.003790 0.266282
v -0.356053 -0.020556 0.305710
v -0.356018 -0.016630 0.320533
v -0.356011 -0.004282 0.301916
v -0.356021 -0.023445 0.343897
v -0.355903 -0.034282 0.365370
v -0.356047 -0.050317 0.344737
v -0.356054 -0.056272 0.361972
v -0.355937 -0.032218 0.404920
v -0.356034 -0.031721 0.377089
v -0.356089 -0.077549 0.366948
v -0.356178 -0.089533 0.337595
v -0.356270 -0.107970 0.317232
v -0.355487 -0.131460 0.309540
v -0.355924 -0.070267 0.308095
v -0.356059 -0.097030 0.270300
v -0.355566 -0.111920 0.293690
v -0.356101 -0.120701 0.298459
v -0.356385 -0.129325 0.291938
v -0.356360 -0.137598 0.300035
v -0.356364 -0.177378 0.276926
v -0.356125 -0.149050 0.250625
v -0.358890 -0.115701 0.257229
v -0.356046 -0.140637 0.237464
v -0.356183 -0.123851 0.228136
v -0.356187 -0.125360 0.282907
v -0.356661 -0.183371 0.323935
v -0.356415 -0.148359 0.322428
v -0.356173 -0.133424 0.275348
v -0.356059 -0.099652 0.264558
v -0.356075 -0.064890 0.276644
v -0.356030 -0.061660 0.264243
v -0.356354 -0.171048 0.317975
v -0.356517 -0.120433 0.333993
v -0.356408 -0.136497 0.334019
v -0.356027 -0.014327 0.373126
v -0.356079 -0.071809 0.329604
v -0.356014 0.049172 0.254879
v -0.356029 0.023024 0.232071
v -0.355998 0.066627 0.135169
v -0.356006 0.061326 0.164120
v -0.355361 0.064837 0.041582
v -0.350015 0.051870 0.000362
v -0.356087 0.068489 -0.000369
v -0.356413 0.043540 0.034334
v -0.357160 -0.005841 0.097385
v -0.356044 0.009469 0.107681
v -0.355830 -0.027133 0.116722
v -0.356026 -0.013916 0.142899
v -0.356018 -0.020792 0.138028
v -0.356093 -0.067381 0.128865
v -0.356051 -0.048387 0.153173
v -0.355954 -0.027930 0.152024
v -0.356004 -0.046429 0.190106
v -0.356007 -0.052162 0.162897
v -0.356004 -0.056276 0.198909
v -0.356018 -0.042340 0.231757
v -0.356002 -0.021917 0.194461
v -0.356001 -0.010507 0.204191
v -0.356007 -0.025038 0.228813
v -0.356014 -0.068048 0.147610
v -0.356006 -0.084830 0.147880
v -0.356012 -0.085983 0.166007
v -0.356008 -0.070990 0.178852
v -0.356001 0.011441 0.183862
v -0.356001 -0.000974 0.192259
v -0.356015 -0.064933 0.146408
v -0.356027 -0.000147 0.133584
v -0.356049 0.025013 0.105104
v -0.359447 0.011029 0.013492
v -0.356284 -0.007101 0.061311
v -0.356337 0.012485 0.043686
v -0.356238 0.043645 -0.009900
v -0.356124 0.057434 0.067744
v -0.358418 -0.012827 0.048027
v -0.356005 0.101276 0.078651
v -0.356086 0.103403 0.024698
v -0.356034 0.058651 0.063036
v -0.356251 -0.015984 0.029480
v -0.356437 0.004272 0.015224
v -0.356045 -0.143915 0.235673
v -0.356047 -0.172459 0.231306
v -0.356112 -0.288127 0.324109
v -0.355807 -0.305777 0.211852
v -0.353028 -0.299428 0.118211
v -0.356052 -0.284167 0.106748
v -0.356013 -0.237355 0.131305
v -0.356011 -0.200613 0.091968
v -0.356015 -0.170688 0.096162
v -0.356383 -0.091540 0.013760
v -0.356081 -0.053788 0.113390
v -0.356207 -0.000486 0.083419
v -0.356201 -0.029510 0.000539
v -0.356579 -0.076717 -0.050917
v -0.356287 -0.049838 -0.031401
v -0.355020 0.015113 -0.082983
v -0.356014 0.052653 -0.076559
v -0.352107 0.037185 -0.040694
v -0.356118 0.046766 -0.052770
v -0.356773 0.027739 -0.039029
v -0.356187 0.024599 -0.049983
v -0.356002 0.080204 -0.055298
v -0.356012 0.118329 0.017961
v -0.356004 0.102706 -0.098180
v -0.356012 0.213960 -0.076441
v -0.356021 0.249828 -0.103039
v -0.356154 0.288928 -0.105682
v -0.356230 0.294080 0.024530
v -0.356265 0.293663 0.040584
v -0.353956 0.310333 0.092154
v -0.356039 0.255157 0.103511
v -0.356024 0.248557 0.076628
v -0.356013 0.235457 0.068177
v -0.355991 0.238012 0.106220
v -0.356085 0.214300 0.134927
v -0.356102 0.207572 0.144941
v -0.356029 0.219424 0.185011
v -0.356017 0.235464 0.165947
v -0.356008 0.215766 0.196909
v -0.356013 0.174683 0.213571
v -0.356006 0.136312 0.199206
v -0.356031 0.126675 0.231834
v -0.356133 0.163589 0.260500
v -0.356191 0.159683 0.273310
v -0.356133 0.133823 0.266774
v -0.356400 0.132509 0.299638
v -0.356372 0.146763 0.334886
v -0.356273 0.187000 0.310576
v -0.352896 0.166208 0.340244
v -0.356344 0.143725 0.339467
v -0.356990 0.158484 0.377132
v -0.356284 0.165331 0.385861
v -0.356553 0.128557 0.403075
v -0.356228 0.131577 0.425044
v -0.357356 0.172012 0.384691
v -0.356867 0.194451 0.364131
v -0.355796 0.218285 0.359620
v -0.353736 0.234099 0.369177
v -0.356348 0.193044 0.399166
v -0.356236 0.198707 0.448508
v -0.356191 0.188837 0.427825
v -0.353822 0.164678 0.466438
v -0.349892 0.187406 0.480738
v -0.356353 0.153094 0.448113
v -0.356266 0.109700 0.474463
v -0.355968 0.102622 0.447950
v -0.356014 0.101249 0.433333
v -0.356097 0.075562 0.447397
v -0.358564 0.060499 0.468227
v -0.356927 0.023248 0.464530
v -0.358579 0.112506 0.487454
v -0.356499 0.025397 0.449974
v -0.356064 0.043948 0.442226
v -0.356046 0.009907 0.441594
v -0.349147 0.005030 0.488217
v -0.358095 -0.012499 0.468446
v -0.356047 -0.005804 0.462549
v -0.365645 -0.071464 0.484291
v -0.356211 -0.038768 0.463230
v -0.349236 -0.095287 0.469056
v -0.356053 -0.062167 0.435373
v -0.356060 -0.083753 0.429578
v -0.356173 -0.102575 0.404332
v -0.356150 -0.107598 0.449236
v -0.356258 -0.115459 0.405608
v -0.363126 -0.055159 0.491193
v -0.355918 0.012498 0.413881
v -0.356042 0.040956 0.387511
v -0.356068 0.048151 0.436057
v -0.356423 0.064829 0.446619
v -0.356055 0.057301 0.415599
v -0.355916 0.082054 0.429218
v -0.356117 0.089912 0.402941
v -0.347415 0.118519 0.364595
v -0.356137 0.079198 0.399657
v -0.361027 0.093602 0.362367
v -0.356489 0.060854 0.401277
v -0.356136 0.077615 0.382802
v -0.356110 0.077856 0.410697
v -0.359315 0.077998 0.341829
v -0.356109 0.061756 0.340793
v -0.356508 0.065120 0.324115
v -0.356456 0.125916 0.378668
v -0.356283 0.127823 0.294016
v -0.356186 0.132815 0.275741
v -0.356088 0.111825 0.263636
v -0.356064 0.118695 0.247728
v -0.356013 0.100099 0.260020
v -0.356020 0.103650 0.231253
v -0.356009 0.109656 0.218031
v -0.356093 0.097700 0.273710
v -0.356238 0.088801 0.287080
v -0.356196 0.141310 0.281935
v -0.356005 0.127402 0.207214
v -0.356132 0.072263 0.305326
v -0.356099 0.076786 0.311860
v -0.356027 0.016683 0.397763
v -0.356026 0.009016 0.392209
v -0.354965 0.138960 0.432266
v -0.356366 0.235275 0.471593
v -0.356250 0.268173 0.483884
v -0.356372 0.309591 0.436415
v -0.354838 0.313394 0.409574
v -0.351970 0.291267 0.409969
v -0.356891 0.318066 0.319463
v -0.356560 0.302279 0.361355
v -0.356322 0.289142 0.328451
v -0.356342 0.298906 0.324821
v -0.356361 0.301444 0.300366
v -0.373143 0.322841 0.264932
v -0.356676 0.314372 0.245976
v -0.356460 0.299638 0.270321
v -0.356266 0.295504 0.267643
v -0.356284 0.301560 0.250286
v -0.356162 0.284220 0.242279
v -0.356303 0.300744 0.208067
v -0.355008 0.319531 0.177926
v -0.356455 0.307443 0.180984
v -0.356065 0.265531 0.184621
v -0.356023 0.245488 0.163416
v -0.355636 0.253955 0.113878
v -0.356023 0.244594 0.111475
v -0.355991 0.239657 0.142322
v -0.356161 0.291954 0.157804
v -0.364505 0.301715 0.093414
v -0.356030 0.308189 0.101888
v -0.364304 0.323614 0.121165
v -0.348277 0.312082 0.153115
v -0.356016 0.229568 0.197886
v -0.356247 0.277966 0.223778
v -0.356104 0.274183 0.188104
v -0.356336 0.283729 0.170881
v -0.355794 0.296833 0.190254
v -0.356125 0.244521 0.241199
v -0.356066 0.234725 0.249057
v -0.356164 0.228812 0.268278
v -0.356278 0.215199 0.286164
v -0.356458 0.230051 0.316719
v -0.356460 0.230161 0.302621
v -0.356116 0.237079 0.295298
v -0.349136 0.235725 0.345527
v -0.356172 0.202182 0.341701
v -0.356175 0.249025 0.303899
v -0.361715 0.279150 0.337790
v -0.357256 0.281640 0.314454
v -0.356150 0.261937 0.288922
v -0.356136 0.242521 0.275429
v -0.355719 0.281777 0.307297
v -0.356246 0.293686 0.270809
v -0.356109 0.243118 0.260690
v -0.356091 0.260571 0.258204
v -0.356120 0.280052 0.251825
v -0.356088 0.286617 0.265796
v -0.356281 0.291397 0.371154
v -0.357673 0.283877 0.409886
v -0.362192 0.256424 0.398494
v -0.357142 0.266971 0.435304
v -0.356261 0.233644 0.432356
v -0.356164 0.233285 0.467771
v -0.357662 0.192895 0.467747
v -0.358810 0.219464 0.436437
v -0.357404 0.193200 0.479289
v -0.356127 0.244520 0.463794
v -0.356405 0.195802 0.307994
v -0.356331 0.204690 0.300533
v -0.356254 0.188284 0.302891
v -0.377962 0.186726 0.260958
v -0.356013 0.178402 0.217069
v -0.356023 0.231008 0.207812
v -0.355868 0.169360 0.189761
v -0.344254 0.195396 0.209247
v -0.356095 0.185549 0.252126
v -0.356065 0.161497 0.248552
v -0.356118 0.168559 0.256546
v -0.356061 0.228749 0.247349
v -0.356100 0.214736 0.249537
v -0.356135 0.210320 0.259627
v -0.356161 0.280071 0.242204
v -0.355342 0.320069 0.245862
v -0.353900 0.316452 0.241368
v -0.356054 0.293106 0.392976
v -0.351855 0.314231 0.395622
v -0.363149 0.303513 0.451752
v -0.350429 0.309146 0.489008
v -0.355737 0.310557 0.493244
v -0.356355 0.294337 0.472496
v -0.355831 0.268781 0.490485
v -0.356168 0.232269 0.277819
v -0.356284 0.285708 0.474017
v -0.356217 0.186255 0.470500
v -0.356495 0.183631 0.441243
v -0.356687 0.166301 0.432834
v -0.356367 0.133369 0.340679
v -0.356005 0.145066 0.154478
v -0.355937 0.177786 0.167859
v -0.356005 0.196265 0.158108
v -0.355984 0.196770 0.135458
v -0.356005 0.188417 0.125870
v -0.356008 0.206850 0.123357
v -0.355952 0.180023 0.110318
v -0.356005 0.190185 0.101622
v -0.356004 0.151236 0.149887
v -0.356003 0.158408 0.150636
v -0.356005 0.164829 0.128263
v -0.355993 0.115197 0.179524
v -0.355992 0.129359 0.192101
v -0.356005 0.120270 0.193365
v -0.355958 0.223593 0.085402
v -0.356038 0.257726 0.027117
v -0.356018 0.232676 0.009172
v -0.356012 0.225685 0.076857
v -0.356032 0.039411 0.317221
v -0.356284 -0.147644 0.359739
v -0.352183 -0.206406 0.431597
v -0.356425 -0.227217 0.469865
v -0.353891 -0.098710 -0.420703
v -0.356084 -0.096313 -0.412625
v -0.356599 -0.193866 0.457535
v -0.355883 -0.293142 0.458809
v -0.356504 -0.298580 -0.196980
v -0.355013 -0.333339 -0.190383
v -0.344497 -0.341234 -0.238456
v -0.356163 -0.337061 -0.223033
v -0.355941 -0.336665 -0.232467
v -0.356320 0.000205 0.013431
v -0.356006 0.160643 -0.111265
v -0.356006 0.189095 -0.160917
v -0.356511 -0.116135 0.345044
v -0.357088 0.117411 0.420807
v -0.356295 0.127164 0.440222
v -0.356421 -0.029667 0.477374
v -0.356231 0.011206 0.475771
v -0.356499 0.143789 0.419322
v -0.356532 0.186237 0.421633
v -0.356465 0.235169 0.410935
v -0.356347 0.235939 0.419492
v -0.356191 0.283556 0.410750
v -0.355531 0.284086 0.422996
v -0.357161 0.296753 0.444085
v -0.356180 0.271459 0.453170
v -0.356315 0.066760 0.480507
v -0.356179 0.119063 0.466888
v -0.356764 0.185678 0.460363
v -0.360244 0.214082 0.479780
v -0.356130 0.243194 0.448175
v -0.356041 0.042545 0.419425
v -0.356071 0.093388 0.447145
v -0.356392 -0.210792 0.441969
v -0.356278 0.121161 0.411309
v -0.356433 0.175560 0.413171
v -0.356367 0.220157 0.382254
v -0.356235 0.276016 0.353509
v -0.356247 0.181040 0.336724
v -0.355977 -0.058113 0.403161
v -0.356034 0.035739 0.342741
v -0.355911 0.023695 0.331302
v -0.353723 0.104409 0.320956
v -0.356057 0.060509 0.324067
v -0.356040 0.065353 0.306411
v -0.356110 0.078895 0.322567
v -0.355403 0.080203 0.298612
v -0.356181 0.116855 0.282794
v -0.356082 0.163254 0.247079
v -0.356071 0.163648 0.227964
v -0.356217 0.177575 0.262567
v -0.357325 0.211612 0.242830
v -0.356004 0.315811 0.244250
v -0.356378 0.306538 0.233181
v -0.356028 0.244829 0.208117
v -0.356038 0.063668 0.275682
v -0.356308 -0.179829 0.397408
v -0.356371 -0.147399 0.399566
v -0.356402 -0.126769 0.371860
v -0.357412 -0.121504 0.390639
v -0.358411 -0.088050 0.350317
v -0.356064 -0.065062 0.343261
v -0.356015 -0.033460 0.277440
v -0.356025 0.084262 0.224900
v -0.356027 0.232760 0.179696
v -0.356000 0.018286 0.207829
v -0.355959 0.035124 0.229105
v -0.356005 0.049256 0.192169
v -0.356003 0.012125 0.183107
v -0.356111 0.278009 0.148088
v -0.356029 0.249879 0.136308
v -0.356140 0.272119 0.114802
v -0.355948 0.110811 0.142523
v -0.356001 0.123635 0.131428
v -0.356191 -0.107277 0.301459
v -0.356343 -0.225090 0.395773
v -0.356275 -0.204400 0.399325
v -0.356304 -0.202746 0.400989
v -0.356271 -0.165185 0.374422
v -0.353142 -0.267798 0.399795
v -0.356166 -0.266330 0.425127
v -0.360468 -0.296804 0.385591
v -0.356497 -0.194573 0.316944
v -0.357030 -0.166170 0.315493
v -0.356049 -0.078757 0.233257
v -0.356023 -0.028861 0.236855
v -0.355934 -0.113460 0.249267
v -0.356428 -0.150251 0.284155
v -0.356629 -0.190588 0.290088
v -0.356188 -0.161127 0.235394
v -0.356006 -0.066280 0.193600
v -0.356004 -0.004400 0.157927
v -0.356006 0.084838 0.140193
v -0.356086 0.271060 0.092323
v -0.354852 0.313931 0.063457
v -0.356087 0.278672 -0.000472
v -0.356129 0.251467 0.051565
v -0.355998 -0.040439 0.155634
v -0.355965 -0.102160 0.208758
v -0.356115 -0.280767 0.334568
v -0.356059 -0.266561 0.313471
v -0.355683 -0.238631 0.287377
v -0.356782 -0.281834 0.270328
v -0.356005 -0.231246 0.140146
v -0.356011 -0.215441 0.190767
v -0.356011 -0.182110 0.131100
v -0.356166 -0.082177 0.110495
v -0.356015 0.043114 0.094877
v -0.357152 0.064186 0.076981
v -0.355996 0.094381 0.090721
v -0.356006 0.153900 0.048390
v -0.354332 0.292267 -0.017522
v -0.356089 0.282087 -0.058222
v -0.356012 0.185461 0.015589
v -0.356014 0.202933 0.005489
v -0.356017 0.215273 0.004547
v -0.356030 0.080790 0.051877
v -0.356069 0.056380 0.050035
v -0.356093 0.282653 -0.073627
v -0.356033 0.248753 -0.074633
v -0.356011 0.197589 -0.029796
v -0.356009 0.164020 -0.002872
v -0.356082 0.027870 0.033199
v -0.357941 -0.057154 0.016789
v -0.356373 -0.116265 0.012184
v -0.355152 -0.019259 -0.041798
v -0.356218 -0.030225 -0.005099
v -0.355977 0.084448 -0.050556
v -0.356035 0.077281 -0.074404
v -0.356008 0.156393 -0.086895
v -0.355995 0.117361 -0.087565
v -0.356203 -0.182619 0.002211
v -0.356256 -0.208127 -0.028230
v -0.356038 -0.241943 -0.043844
v -0.356090 -0.263090 -0.061369
v -0.356085 -0.294539 0.028991
v -0.356206 -0.114359 -0.067577
v -0.356424 -0.096498 -0.051853
v -0.354222 0.041612 -0.083323
v -0.355959 0.171806 -0.140384
v -0.356001 0.236603 -0.170021
v -0.355967 0.207082 -0.110210
v -0.355812 0.299406 -0.154336
v -0.356517 0.289429 -0.144730
v -0.356002 0.105003 -0.138630
v -0.356003 0.106827 -0.153880
v -0.355994 0.170096 -0.193384
v -0.356235 0.161910 -0.222678
v -0.354956 0.119544 -0.245198
v -0.356072 0.095834 -0.210150
v -0.355689 0.091961 -0.303349
v -0.356000 0.081183 -0.176761
v -0.356186 0.235510 -0.205015
v -0.356046 -0.002779 -0.098931
v -0.356190 -0.086602 -0.068164
v -0.356017 -0.033286 -0.139919
v -0.350748 -0.003861 -0.118336
v -0.356000 0.051780 -0.207784
v -0.355999 0.060069 -0.170681
v -0.355984 0.008838 -0.151485
v -0.356019 -0.166669 -0.081002
v -0.356003 -0.146581 -0.179363
v -0.356008 -0.158102 -0.180088
v -0.356007 -0.134119 -0.194431
v -0.356167 -0.245223 -0.153204
v -0.356214 -0.248806 -0.164141
v -0.356031 -0.268782 -0.187236
v -0.356053 -0.273427 -0.202801
v -0.356030 -0.264864 -0.249228
v -0.356010 -0.215329 -0.233797
v -0.356045 -0.165056 -0.291344
v -0.356005 -0.160181 -0.211117
v -0.356005 -0.111704 -0.249508
v -0.355990 -0.100332 -0.275775
v -0.356004 -0.126355 -0.232510
v -0.356002 -0.085674 -0.224919
v -0.356006 -0.032568 -0.241043
v -0.356008 -0.070694 -0.234564
v -0.356003 -0.015464 -0.206926
v -0.356003 0.026482 -0.207797
v -0.356031 -0.270785 -0.216994
v -0.356003 -0.157811 -0.192376
v -0.355128 0.235055 -0.251500
v -0.356046 0.189743 -0.241893
v -0.356135 0.296101 -0.301010
v -0.356186 0.121496 -0.292111
v -0.356422 0.211925 -0.314125
v -0.356149 0.293785 -0.373589
v -0.356209 0.269602 -0.397711
v -0.356324 0.135860 -0.339854
v -0.358229 0.168790 -0.338388
v -0.356217 0.152081 -0.360196
v -0.357022 0.159409 -0.380492
v -0.356029 0.187906 -0.377700
v -0.356189 0.180312 -0.386313
v -0.356514 0.171135 -0.381619
v -0.356704 0.197712 -0.438408
v -0.363451 0.137868 -0.447690
v -0.356648 0.047923 -0.476067
v -0.341042 0.047535 -0.468293
v -0.356538 0.024676 -0.443587
v -0.356072 -0.014984 -0.424732
v -0.356457 0.208517 -0.397350
v -0.356080 0.074637 -0.323447
v -0.356098 -0.158682 -0.319589
v -0.356239 -0.135547 -0.296172
v -0.356070 0.101747 -0.340413
v -0.356422 0.121582 -0.361784
v -0.356291 0.130227 -0.351070
v -0.356112 0.082666 -0.385396
v -0.355976 -0.023533 -0.370793
v -0.356035 -0.018306 -0.387440
v -0.356040 0.034700 -0.395393
v -0.356091 0.044134 -0.387713
v -0.356024 0.039927 -0.369949
v -0.356018 0.031883 -0.372668
v -0.356109 0.088213 -0.423296
v -0.350936 0.112463 -0.415061
v -0.356309 -0.100986 -0.353759
v -0.356231 -0.188243 -0.320541
v -0.356027 -0.226140 -0.282092
v -0.356047 -0.205092 -0.300737
v -0.356104 -0.108490 -0.358908
v -0.356108 -0.125122 -0.315010
v -0.356055 -0.063123 -0.411085
v -0.356149 -0.120498 -0.406654
v -0.356129 -0.131921 -0.421318
v -0.356079 -0.271592 -0.381908
v -0.355671 -0.222909 -0.391636
v -0.356085 -0.243858 -0.398306
v -0.356177 -0.202968 -0.433508
v -0.356128 -0.215582 -0.419570
v -0.350028 -0.288157 -0.286942
v -0.349809 -0.296019 -0.408478
v -0.352597 -0.156540 -0.447883
v -0.356057 -0.264129 -0.331950
v -0.356057 -0.070168 -0.356989
v -0.356045 0.053853 -0.343976
v -0.355927 -0.035121 -0.324737
v -0.356022 -0.214659 -0.259741
v -0.356008 0.011532 -0.319368
v -0.356184 0.299743 -0.445459
v -0.356326 0.123553 -0.325779
v -0.356001 0.035808 -0.260381
v -0.356175 0.311048 -0.375261
v -0.356114 0.292781 -0.266586
v -0.356116 0.261583 -0.271684
v -0.356034 -0.275481 -0.115917
v -0.356017 -0.121969 -0.108567
v -0.356105 0.290577 -0.116269
v -0.343732 -0.028972 -0.087749
v -0.357380 -0.007824 -0.105628
v -0.356029 -0.250455 -0.026765
v -0.356011 0.165571 0.032980
v -0.356015 -0.225715 0.044108
v -0.356016 -0.219181 0.052971
v -0.356052 -0.161796 0.017936
v -0.356308 -0.113456 0.051014
v -0.356068 -0.138993 0.066237
v -0.356015 -0.202716 0.068782
v -0.356018 -0.250798 0.108867
v -0.356015 -0.242958 0.121277
v -0.356053 -0.133294 0.082881
v -0.355201 -0.115045 0.067433
v -0.356454 0.005491 0.069678
v -0.356020 -0.165909 0.098325
v -0.356013 -0.242363 0.147185
v -0.356008 -0.221312 0.128160
v -0.355916 -0.298553 0.179077
v -0.356059 -0.288495 0.232474
v -0.356013 -0.179378 0.193557
v -0.356016 0.038436 0.119350
v -0.356244 -0.199197 0.366548
v -0.356266 -0.159966 0.367299
v -0.356005 -0.010652 0.225747
v -0.356003 0.083612 0.202469
v -0.356004 0.178204 0.175924
v -0.356015 -0.016007 0.292952
v -0.353769 0.192033 0.288709
v -0.356194 0.087647 0.349563
v -0.356626 0.210703 0.310559
v -0.356251 0.142557 0.359128
v -0.356284 0.302053 0.292734
v -0.352258 0.223102 0.406805
v -0.348559 0.250844 0.340282
v -0.356348 0.172598 0.360843
v -0.341366 -0.300443 0.432816
v -0.355612 -0.338331 0.488183
v -0.308271 -0.339647 -0.140820
v -0.347434 -0.341299 -0.114642
v -0.312074 -0.341232 -0.061994
v -0.310477 -0.316660 -0.020975
v -0.272932 -0.340069 -0.049522
v -0.258493 -0.340068 -0.031316
v -0.237088 -0.340074 -0.086368
v -0.246260 -0.340067 -0.086716
v -0.257865 -0.340070 -0.108811
v -0.260574 -0.340069 -0.084479
v -0.271843 -0.340069 -0.077321
v -0.235165 -0.340053 -0.061604
v -0.286619 -0.340082 -0.094702
v -0.289553 -0.340067 -0.130724
v -0.256477 -0.340068 -0.114106
v -0.259417 -0.340068 -0.147217
v -0.233159 -0.340062 -0.130711
v -0.221971 -0.340066 -0.160348
v -0.255466 -0.340082 -0.153199
v -0.285717 -0.340072 -0.174581
v -0.284296 -0.340072 -0.162053
v -0.288345 -0.340074 -0.179235
v -0.313196 -0.340060 -0.199917
v -0.321252 -0.340087 -0.171323
v -0.276557 -0.340051 -0.222288
v -0.264916 -0.340074 -0.175098
v -0.282663 -0.340068 -0.236244
v -0.261204 -0.340064 -0.230293
v -0.259945 -0.333151 -0.250308
v -0.231504 -0.342458 -0.254131
v -0.220354 -0.339231 -0.249433
v -0.250867 -0.340069 -0.195239
v -0.246353 -0.340068 -0.172131
v -0.215592 -0.340068 -0.177576
v -0.226336 -0.340067 -0.171404
v -0.190511 -0.340066 -0.206830
v -0.194148 -0.340067 -0.191400
v -0.178730 -0.340066 -0.212102
v -0.213903 -0.321819 -0.228787
v -0.184459 -0.340555 -0.245394
v -0.184631 -0.338407 -0.250993
v -0.211624 -0.341008 -0.249873
v -0.226986 -0.339764 -0.257200
v -0.172831 -0.340059 -0.232134
v -0.186315 -0.340095 -0.189692
v -0.176377 -0.340066 -0.176566
v -0.165013 -0.340066 -0.192818
v -0.094901 -0.340081 -0.181013
v -0.084583 -0.340065 -0.174089
v -0.049513 -0.339985 -0.173626
v -0.078875 -0.340066 -0.168410
v -0.029728 -0.340065 -0.169995
v -0.065497 -0.340048 -0.160613
v -0.070271 -0.340067 -0.143334
v -0.092182 -0.340065 -0.137575
v -0.112803 -0.340066 -0.167530
v -0.122979 -0.340067 -0.143051
v -0.114272 -0.340067 -0.120596
v -0.090729 -0.340057 -0.111078
v -0.125423 -0.340066 -0.105016
v -0.134549 -0.340066 -0.092923
v -0.109084 -0.340067 -0.058465
v -0.098611 -0.340066 -0.069311
v -0.092458 -0.340104 -0.060986
v -0.082614 -0.340067 0.003278
v -0.052840 -0.340067 0.009335
v -0.055714 -0.340122 -0.006922
v -0.068566 -0.340065 -0.023006
v -0.108581 -0.340013 -0.027081
v -0.070538 -0.340087 -0.047817
v -0.027227 -0.340067 -0.043879
v -0.026194 -0.340039 -0.023343
v -0.021472 -0.340067 -0.010251
v -0.001121 -0.340061 -0.001704
v -0.003471 -0.340067 -0.037205
v -0.014261 -0.340067 -0.064358
v 0.007437 -0.340067 -0.067879
v -0.012446 -0.340066 -0.080285
v 0.007531 -0.340067 -0.095724
v -0.009592 -0.340067 -0.093220
v 0.025904 -0.340066 -0.134783
v 0.009739 -0.340073 -0.144111
v 0.051015 -0.340052 -0.135954
v 0.046552 -0.340066 -0.135138
v 0.096153 -0.340054 -0.155885
v 0.083057 -0.340066 -0.178721
v 0.130305 -0.340063 -0.157300
v 0.116109 -0.340071 -0.179530
v 0.104203 -0.338230 -0.242046
v 0.170208 -0.336972 -0.237934
v 0.214397 -0.339957 -0.244834
v 0.204154 -0.340068 -0.213669
v 0.184502 -0.340063 -0.225632
v 0.179073 -0.324644 -0.187548
v 0.154768 -0.340062 -0.200743
v 0.213760 -0.340071 -0.180236
v 0.214078 -0.340071 -0.198082
v 0.226878 -0.340073 -0.183770
v 0.251230 -0.340158 -0.188223
v 0.227604 -0.340072 -0.206145
v 0.215505 -0.339426 -0.208520
v 0.215997 -0.341553 -0.239513
v 0.270776 -0.339808 -0.238770
v 0.269163 -0.340074 -0.215042
v 0.287082 -0.340081 -0.211799
v 0.308056 -0.340084 -0.161887
v 0.272524 -0.340076 -0.139138
v 0.266883 -0.339996 -0.150312
v 0.280385 -0.339126 -0.122970
v 0.250192 -0.340073 -0.096278
v 0.245620 -0.340077 -0.122828
v 0.237494 -0.340071 -0.094898
v 0.197447 -0.340066 -0.072685
v 0.190510 -0.340074 -0.087134
v 0.190232 -0.340066 -0.112630
v 0.199496 -0.340064 -0.143701
v 0.220765 -0.340070 -0.119090
v 0.246379 -0.340061 -0.137964
v 0.164351 -0.340050 -0.101819
v 0.173582 -0.340044 -0.063641
v 0.136768 -0.340060 -0.107080
v 0.157304 -0.340065 -0.116135
v 0.097558 -0.340065 -0.100892
v 0.102512 -0.340065 -0.124113
v 0.067276 -0.340072 -0.059438
v 0.073234 -0.340067 -0.043070
v 0.105395 -0.340044 -0.082036
v 0.116854 -0.340066 -0.058131
v 0.149632 -0.340075 -0.043382
v 0.144568 -0.340066 -0.016138
v 0.136749 -0.340062 -0.045013
v 0.125784 -0.340068 -0.006468
v 0.098587 -0.340084 0.017225
v 0.076779 -0.340067 0.040411
v 0.089559 -0.340072 0.059614
v 0.128797 -0.340069 0.051114
v 0.096539 -0.340070 0.095714
v 0.072744 -0.340074 0.148867
v 0.060895 -0.340072 0.145659
v 0.050619 -0.340071 0.155653
v 0.043299 -0.340072 0.151995
v 0.042823 -0.340072 0.178775
v 0.051008 -0.340063 0.212346
v 0.062476 -0.340074 0.186752
v 0.056426 -0.340040 0.233329
v 0.085258 -0.340071 0.250785
v 0.118000 -0.340077 0.234102
v 0.135756 -0.340076 0.270237
v 0.111914 -0.340076 0.292198
v 0.132164 -0.340076 0.281593
v 0.145227 -0.340075 0.260194
v 0.166016 -0.340084 0.215569
v 0.152779 -0.340075 0.221412
v 0.177864 -0.340075 0.211819
v 0.173015 -0.340073 0.189604
v 0.135001 -0.340101 0.225197
v 0.125251 -0.340076 0.234623
v 0.150693 -0.339770 0.155809
v 0.129648 -0.340072 0.148111
v 0.133563 -0.340423 0.180908
v 0.099444 -0.340086 0.170183
v 0.101848 -0.340083 0.154250
v 0.118292 -0.340071 0.142940
v 0.163219 -0.340548 0.156938
v 0.078203 -0.340075 0.196735
v 0.086371 -0.340076 0.228683
v 0.122607 -0.340071 0.101888
v 0.136353 -0.340072 0.143682
v 0.163571 -0.340071 0.123408
v 0.130831 -0.340067 0.068804
v 0.145102 -0.340087 0.082619
v 0.170335 -0.340071 0.117928
v 0.195745 -0.340072 0.109949
v 0.197715 -0.340079 0.140060
v 0.212352 -0.340092 0.177689
v 0.187093 -0.340074 0.190437
v 0.210587 -0.340071 0.230264
v 0.192144 -0.340074 0.201478
v 0.227515 -0.340078 0.247932
v 0.230477 -0.340079 0.233834
v 0.214640 -0.340098 0.222692
v 0.277839 -0.339984 0.203396
v 0.281355 -0.340097 0.183734
v 0.232171 -0.340033 0.177909
v 0.231031 -0.340076 0.156252
v 0.245237 -0.340142 0.206134
v 0.243560 -0.340080 0.116822
v 0.275498 -0.340087 0.139861
v 0.276868 -0.342747 0.110713
v 0.258180 -0.340082 0.084313
v 0.253649 -0.340081 0.077051
v 0.247581 -0.340078 0.071840
v 0.216900 -0.340090 0.086973
v 0.181267 -0.340064 0.095116
v 0.204519 -0.340075 0.076871
v 0.182589 -0.340067 0.061191
v 0.181555 -0.340068 0.050881
v 0.199728 -0.340067 0.018517
v 0.223099 -0.340072 0.042734
v 0.226567 -0.340076 0.042018
v 0.219666 -0.340070 0.020745
v 0.262437 -0.340081 0.022678
v 0.257473 -0.340079 0.000238
v 0.230437 -0.340072 -0.005334
v 0.218498 -0.340069 -0.020550
v 0.192928 -0.340067 -0.007627
v 0.160553 -0.340053 -0.000391
v 0.161739 -0.340067 0.012490
v 0.113740 -0.340108 0.033190
v 0.120343 -0.340069 0.015162
v 0.098533 -0.340070 0.017508
v 0.132637 -0.340069 0.049338
v 0.148886 -0.340065 0.031311
v 0.167424 -0.340067 0.048578
v 0.168124 -0.340069 0.079907
v 0.172847 -0.340081 0.023457
v 0.192547 -0.340068 0.034728
v 0.186603 -0.340066 -0.000016
v 0.201139 -0.340068 -0.003556
v 0.177341 -0.340066 -0.045512
v 0.188562 -0.340067 -0.063970
v 0.193162 -0.340067 -0.028276
v 0.220658 -0.340045 -0.046614
v 0.221990 -0.340175 -0.061914
v 0.252508 -0.340076 -0.055207
v 0.270896 -0.340082 -0.059208
v 0.323327 -0.326931 -0.061513
v 0.293149 -0.339696 -0.018801
v 0.263649 -0.340078 -0.047663
v 0.306757 -0.299545 -0.033488
v 0.310544 -0.338434 0.017765
v 0.266626 -0.340076 0.022726
v 0.294680 -0.308333 0.061063
v 0.275161 -0.340088 0.062559
v 0.254001 -0.340080 0.045867
v 0.256592 -0.340079 0.031695
v 0.249393 -0.340079 0.066198
v 0.271649 -0.340085 0.070910
v 0.263847 -0.340081 0.081487
v 0.266003 -0.340025 0.096051
v 0.285147 -0.340095 0.097766
v 0.281280 -0.340103 0.070130
v 0.302067 -0.353974 0.140946
v 0.311713 -0.338044 0.102834
v 0.280847 -0.340092 0.133841
v 0.221679 -0.340072 0.050648
v 0.291817 -0.340101 0.007745
v 0.289878 -0.340096 -0.012873
v 0.261896 -0.340120 -0.022387
v 0.257663 -0.340077 -0.043863
v 0.236782 -0.340072 -0.054711
v 0.248504 -0.340075 -0.025078
v 0.230287 -0.340064 -0.024372
v 0.246386 -0.340075 -0.019967
v 0.332284 -0.336049 -0.093853
v 0.321369 -0.341477 -0.100212
v 0.239867 -0.340083 -0.095084
v 0.226219 -0.340077 0.129622
v 0.204102 -0.340073 0.107586
v 0.239801 -0.340085 0.151319
v 0.228484 -0.340078 0.137837
v 0.305318 -0.340136 0.170710
v 0.327056 -0.340118 0.169553
v 0.305543 -0.314618 0.219103
v 0.289178 -0.340097 0.186510
v 0.325699 -0.341150 0.249094
v 0.289854 -0.340109 0.268165
v 0.308417 -0.352848 0.261483
v 0.269193 -0.340086 0.261090
v 0.255235 -0.340084 0.277768
v 0.238036 -0.340081 0.287243
v 0.250140 -0.340085 0.290266
v 0.212760 -0.340057 0.287312
v 0.230858 -0.340081 0.318945
v 0.219106 -0.340068 0.263590
v 0.206770 -0.340078 0.297620
v 0.186371 -0.340076 0.292142
v 0.174198 -0.340126 0.326005
v 0.162516 -0.340075 0.335563
v 0.149875 -0.340082 0.343668
v 0.137031 -0.340032 0.332202
v 0.148682 -0.340097 0.371571
v 0.166406 -0.340081 0.344785
v 0.176115 -0.340083 0.364742
v 0.201453 -0.340082 0.357901
v 0.218045 -0.340081 0.341856
v 0.231664 -0.340081 0.324054
v 0.249936 -0.340083 0.333683
v 0.255584 -0.340084 0.325219
v 0.245327 -0.340082 0.309290
v 0.258128 -0.340083 0.289624
v 0.270375 -0.340087 0.296851
v 0.263795 -0.340088 0.323458
v 0.256415 -0.340096 0.388971
v 0.235238 -0.340086 0.387737
v 0.212170 -0.340092 0.400482
v 0.208779 -0.340086 0.385001
v 0.205476 -0.340085 0.364506
v 0.193467 -0.340084 0.401025
v 0.157198 -0.340100 0.425480
v 0.151123 -0.340099 0.420932
v 0.100186 -0.340103 0.383421
v 0.142573 -0.340102 0.402173
v 0.135234 -0.340084 0.359296
v 0.098214 -0.340082 0.343591
v 0.089625 -0.340096 0.363847
v 0.076674 -0.340082 0.346561
v 0.063758 -0.340085 0.362073
v 0.057869 -0.340079 0.320732
v 0.039330 -0.340087 0.320559
v 0.027601 -0.340079 0.314608
v 0.020803 -0.340077 0.287811
v 0.049837 -0.340078 0.302971
v 0.059238 -0.340078 0.313484
v 0.097519 -0.340079 0.283765
v 0.084301 -0.340078 0.315565
v 0.080997 -0.340079 0.328803
v 0.126071 -0.340078 0.297573
v 0.109974 -0.340098 0.340228
v 0.159719 -0.340077 0.307786
v 0.135760 -0.340079 0.326667
v 0.167880 -0.340075 0.270242
v 0.138513 -0.340077 0.273919
v 0.179574 -0.340066 0.241881
v 0.159679 -0.340073 0.242061
v 0.183838 -0.340074 0.218317
v 0.206779 -0.340076 0.243102
v 0.210824 -0.340077 0.263507
v 0.221539 -0.340079 0.250894
v 0.182956 -0.340074 0.284192
v 0.103805 -0.340078 0.275981
v 0.092794 -0.340063 0.262267
v 0.054522 -0.340086 0.273269
v 0.046797 -0.340076 0.281096
v 0.058340 -0.340076 0.253907
v 0.036016 -0.340079 0.268942
v 0.012643 -0.340075 0.263557
v 0.004147 -0.340069 0.247015
v 0.019184 -0.340073 0.219252
v 0.004696 -0.340058 0.223220
v -0.012281 -0.340073 0.194437
v -0.037006 -0.340076 0.191744
v -0.056487 -0.340078 0.221593
v -0.076778 -0.340078 0.209067
v -0.083143 -0.340077 0.239485
v -0.116888 -0.340096 0.242014
v -0.168751 -0.340107 0.292994
v -0.157373 -0.340066 0.304080
v -0.192288 -0.340124 0.367388
v -0.180497 -0.340094 0.329980
v -0.164933 -0.340096 0.355663
v -0.137860 -0.340090 0.343732
v -0.120329 -0.340086 0.325644
v -0.129752 -0.340088 0.339904
v -0.113990 -0.340089 0.345873
v -0.138326 -0.340092 0.350741
v -0.118794 -0.340087 0.361346
v -0.131304 -0.340095 0.379413
v -0.146597 -0.340101 0.409878
v -0.124416 -0.340090 0.418223
v -0.061213 -0.340091 0.425239
v -0.068388 -0.340095 0.400869
v -0.111368 -0.340097 0.397870
v -0.051433 -0.340135 0.396758
v -0.049489 -0.340090 0.422907
v -0.012851 -0.340104 0.417800
v 0.019322 -0.340110 0.395588
v 0.046775 -0.340088 0.405924
v 0.106771 -0.339920 0.410532
v 0.148440 -0.340099 0.426503
v 0.147164 -0.340096 0.456411
v 0.177511 -0.340102 0.451488
v 0.189340 -0.340098 0.422407
v 0.178391 -0.340087 0.408771
v 0.222964 -0.340097 0.414726
v 0.220673 -0.340098 0.461998
v 0.245068 -0.340105 0.443748
v 0.261757 -0.340096 0.450203
v 0.268266 -0.340101 0.430930
v 0.301812 -0.340122 0.399098
v 0.308820 -0.310922 0.440685
v 0.319740 -0.338305 0.441248
v 0.330513 -0.338306 0.441259
v 0.307946 -0.340117 0.397194
v 0.327224 -0.334069 0.324306
v 0.318377 -0.340120 0.328118
v 0.309721 -0.340067 0.355641
v 0.299393 -0.340122 0.342306
v 0.322344 -0.340114 0.298831
v 0.288825 -0.340101 0.292824
v 0.311192 -0.341992 0.326562
v 0.279362 -0.340093 0.293217
v 0.276355 -0.340095 0.271460
v 0.293571 -0.340367 0.385685
v 0.267822 -0.340092 0.397433
v 0.263049 -0.340098 0.455737
v 0.187214 -0.338570 0.473624
v 0.234588 -0.340093 0.425355
v 0.234325 -0.340039 0.438383
v 0.219845 -0.340095 0.430598
v 0.253669 -0.340091 0.432667
v 0.224654 -0.340363 0.468018
v 0.173460 -0.338724 0.469112
v 0.136087 -0.340133 0.467141
v 0.195460 -0.340101 0.456104
v 0.184333 -0.340101 0.442513
v 0.125511 -0.354380 0.461982
v 0.037402 -0.338580 0.472836
v 0.031967 -0.340090 0.441200
v 0.033714 -0.338655 0.472220
v 0.010971 -0.340089 0.449048
v 0.021351 -0.340099 0.461476
v -0.007743 -0.321770 0.458369
v -0.003954 -0.338218 0.456327
v 0.005515 -0.340095 0.447600
v -0.022130 -0.344900 0.448387
v -0.053218 -0.338273 0.442682
v -0.059955 -0.339906 0.474099
v -0.097650 -0.340094 0.451736
v -0.113898 -0.340099 0.453003
v -0.173807 -0.336728 0.460234
v -0.098506 -0.340097 0.447431
v -0.031114 -0.340098 0.436394
v 0.005114 -0.340093 0.441947
v 0.019963 -0.337175 0.432748
v 0.061510 -0.340116 0.413712
v 0.086566 -0.340092 0.423238
v 0.069705 -0.340090 0.414207
v 0.095949 -0.340092 0.430791
v 0.138419 -0.340104 0.418115
v 0.120706 -0.339419 0.471590
v 0.088729 -0.340085 0.364352
v 0.077446 -0.340086 0.369410
v 0.022825 -0.340050 0.373151
v 0.060298 -0.340087 0.368551
v 0.038181 -0.340086 0.352265
v 0.025221 -0.340085 0.345129
v -0.018720 -0.340088 0.391414
v -0.023092 -0.340125 0.353588
v -0.051584 -0.340093 0.353919
v -0.051902 -0.340084 0.327277
v -0.061166 -0.340088 0.337644
v -0.070976 -0.340092 0.352227
v -0.099586 -0.340086 0.325735
v -0.112052 -0.340081 0.320709
v -0.054015 -0.340065 0.306743
v -0.060723 -0.340085 0.327454
v -0.053042 -0.340080 0.294468
v -0.054422 -0.340083 0.252559
v -0.033754 -0.340076 0.226625
v -0.071356 -0.340077 0.253009
v -0.065865 -0.340078 0.262813
v -0.078934 -0.340078 0.266983
v -0.088236 -0.340080 0.275399
v -0.086418 -0.340108 0.313670
v -0.119847 -0.340086 0.319140
v -0.103665 -0.340081 0.289876
v -0.128374 -0.340085 0.313500
v -0.103015 -0.340073 0.249417
v -0.109140 -0.340080 0.245534
v -0.095879 -0.340078 0.244974
v -0.086380 -0.340079 0.264238
v -0.079514 -0.340077 0.246262
v -0.097659 -0.340081 0.282086
v -0.068105 -0.340080 0.281059
v -0.073880 -0.340081 0.296635
v -0.023225 -0.340092 0.323489
v 0.008634 -0.340080 0.310158
v -0.019912 -0.340080 0.321186
v -0.100543 -0.340081 0.385905
v -0.115525 -0.340117 0.379487
v -0.057014 -0.340093 0.354336
v -0.091336 -0.340093 0.362756
v -0.064507 -0.340093 0.354499
v -0.017382 -0.340166 0.406582
v -0.093704 -0.340093 0.440163
v -0.154243 -0.340078 0.364266
v -0.143341 -0.340096 0.382333
v -0.158945 -0.340097 0.414080
v -0.159505 -0.340096 0.364352
v -0.166836 -0.340103 0.325354
v -0.176519 -0.340091 0.319768
v -0.181859 -0.340092 0.300273
v -0.186070 -0.340089 0.283520
v -0.206685 -0.340087 0.296724
v -0.226022 -0.340082 0.234918
v -0.209025 -0.340084 0.230858
v -0.241906 -0.340151 0.198824
v -0.237673 -0.340063 0.243389
v -0.262038 -0.339962 0.170034
v -0.217170 -0.340091 0.143593
v -0.197861 -0.340078 0.176342
v -0.214021 -0.340079 0.184398
v -0.193456 -0.340078 0.147191
v -0.185344 -0.340076 0.124536
v -0.231241 -0.340075 0.126709
v -0.260570 -0.340075 0.114070
v -0.261199 -0.340076 0.108297
v -0.277902 -0.340098 0.101745
v -0.250833 -0.340091 0.105470
v -0.214432 -0.340044 0.069824
v -0.210110 -0.340074 0.106595
v -0.221423 -0.340075 0.116490
v -0.167910 -0.340073 0.066692
v -0.145136 -0.340075 0.050227
v -0.167184 -0.340073 0.057843
v -0.092587 -0.340073 0.085967
v -0.104840 -0.340075 0.080304
v -0.139801 -0.340072 0.101193
v -0.132465 -0.340075 0.118177
v -0.121406 -0.340075 0.125119
v -0.113543 -0.340073 0.105836
v -0.107506 -0.340073 0.106036
v -0.117044 -0.340075 0.127499
v -0.097200 -0.340074 0.117220
v -0.027821 -0.340118 0.089813
v -0.033702 -0.340073 0.112262
v -0.005778 -0.340071 0.108163
v -0.028752 -0.340076 0.124919
v -0.014288 -0.340072 0.129279
v -0.021660 -0.340101 0.165600
v 0.021361 -0.340071 0.141574
v 0.003929 -0.340070 0.152067
v 0.037217 -0.340071 0.147643
v 0.037209 -0.340071 0.163121
v 0.016531 -0.340072 0.157336
v 0.006154 -0.340072 0.167070
v 0.033423 -0.340072 0.183819
v -0.021637 -0.340074 0.180961
v 0.003991 -0.340066 0.201669
v 0.025540 -0.340072 0.192684
v -0.058589 -0.340086 0.139500
v -0.084141 -0.340075 0.157085
v -0.058792 -0.340079 0.181678
v -0.059026 -0.340077 0.203460
v -0.089299 -0.340116 0.207046
v -0.029535 -0.340075 0.184134
v -0.109520 -0.340078 0.183695
v -0.092702 -0.340076 0.157380
v -0.086135 -0.340075 0.139964
v -0.127731 -0.340076 0.138114
v -0.093819 -0.340063 0.181811
v -0.098522 -0.340077 0.187970
v -0.167736 -0.340070 0.135589
v -0.181471 -0.340075 0.113948
v -0.174239 -0.340062 0.111226
v -0.170292 -0.340072 0.078621
v -0.142448 -0.340073 0.095893
v -0.157067 -0.340073 0.070997
v -0.149067 -0.340080 0.177018
v -0.170839 -0.340082 0.178455
v -0.169349 -0.340080 0.168377
v -0.211603 -0.340135 0.199802
v -0.201610 -0.340083 0.214313
v -0.174949 -0.340083 0.215533
v -0.204121 -0.340096 0.252018
v -0.178452 -0.340110 0.278789
v -0.158252 -0.340089 0.258437
v -0.145677 -0.340087 0.233973
v -0.134398 -0.340082 0.248431
v -0.137568 -0.340079 0.181943
v -0.163569 -0.340086 0.207856
v -0.128847 -0.340081 0.227078
v -0.138086 -0.340082 0.226080
v -0.121480 -0.340080 0.227937
v -0.199613 -0.340085 0.226122
v -0.086358 -0.340074 0.112433
v -0.141033 -0.340080 0.171993
v -0.019808 -0.340073 0.131899
v 0.039315 -0.340077 0.121646
v 0.062634 -0.340072 0.135311
v 0.080404 -0.340074 0.111548
v 0.054685 -0.340071 0.091393
v 0.057714 -0.340071 0.081191
v 0.072832 -0.340070 0.061033
v 0.055803 -0.340070 0.052564
v 0.044791 -0.340067 0.064171
v 0.048659 -0.340071 0.086493
v 0.007410 -0.340057 0.096724
v 0.023561 -0.340068 0.041058
v 0.013521 -0.340071 0.057427
v 0.026424 -0.340068 0.010448
v -0.034058 -0.340070 0.033300
v -0.010773 -0.340070 0.062687
v -0.041481 -0.340072 0.051743
v -0.031336 -0.340066 0.078662
v -0.059867 -0.340224 0.058377
v -0.097393 -0.340071 0.059925
v -0.034650 -0.340067 0.027276
v -0.088050 -0.340068 0.030358
v -0.135228 -0.340060 0.039872
v -0.146483 -0.340083 -0.003482
v -0.194539 -0.340067 -0.037638
v -0.183004 -0.340068 -0.057538
v -0.149027 -0.339959 -0.066630
v -0.161410 -0.340067 -0.078306
v -0.186153 -0.340066 -0.085810
v -0.173625 -0.339920 -0.149418
v -0.134732 -0.340066 -0.143706
v -0.132440 -0.340071 -0.106416
v -0.148189 -0.340068 -0.073501
v -0.218644 -0.340085 -0.101600
v -0.190762 -0.340066 -0.085390
v -0.210932 -0.340080 -0.151898
v -0.200600 -0.340067 -0.181758
v -0.174845 -0.340076 -0.157789
v -0.188141 -0.340067 -0.171414
v -0.219131 -0.340056 -0.070770
v -0.184284 -0.340067 -0.146528
v -0.209366 -0.340078 -0.042645
v -0.239599 -0.340059 -0.036207
v -0.222891 -0.340067 -0.027667
v -0.203197 -0.340067 -0.035702
v -0.198532 -0.340058 -0.012872
v -0.217930 -0.340069 -0.006367
v -0.227259 -0.340069 -0.016068
v -0.203961 -0.340075 0.048893
v -0.269010 -0.340065 0.047708
v -0.278623 -0.340068 0.066448
v -0.267035 -0.340066 0.020489
v -0.304727 -0.340091 0.017676
v -0.295899 -0.340067 -0.019092
v -0.285678 -0.340083 -0.041696
v -0.249759 -0.340055 -0.019758
v -0.292489 -0.340076 0.008265
v -0.225769 -0.340096 0.000757
v -0.299136 -0.340077 -0.008210
v -0.259524 -0.340070 0.020622
v -0.176385 -0.340072 0.058296
v -0.179157 -0.340071 0.039069
v -0.143344 -0.340072 0.020607
v -0.164676 -0.340081 -0.024297
v -0.185926 -0.340071 0.027972
v -0.206182 -0.340070 0.014433
v -0.140597 -0.340091 0.040494
v -0.260304 -0.340071 0.025702
v -0.132582 -0.340070 -0.074394
v -0.137573 -0.340068 -0.029892
v -0.130730 -0.340067 -0.073586
v -0.124357 -0.340067 -0.023018
v -0.104762 -0.340076 0.034489
v -0.025028 -0.340073 0.081365
v 0.022306 -0.340068 -0.019738
v 0.033417 -0.340062 -0.022913
v 0.028185 -0.340079 -0.045226
v 0.066279 -0.340069 -0.022822
v 0.043353 -0.340070 0.006116
v 0.036827 -0.340068 0.000442
v 0.075626 -0.340068 -0.029983
v 0.030269 -0.340068 0.037211
v 0.051446 -0.340070 0.048750
v 0.014608 -0.340070 0.132482
v 0.051611 -0.340071 0.090819
v 0.091171 -0.340071 0.067672
v 0.035201 -0.340073 0.202357
v 0.007850 -0.340074 0.218382
v -0.141739 -0.340067 -0.073624
v -0.229508 -0.340071 0.074655
v -0.204406 -0.340083 0.217999
v -0.193708 -0.340074 0.106119
v -0.145223 -0.340086 0.302253
v -0.024703 -0.340074 0.221999
v -0.007397 -0.340073 0.184625
v 0.029930 -0.340080 0.319466
v 0.188072 -0.340083 0.362312
v 0.174552 -0.340087 0.379880
v 0.256699 -0.340125 0.345618
v 0.249006 -0.340084 0.360096
v 0.258361 -0.340084 0.327185
v 0.252244 -0.340083 0.334335
v 0.269193 -0.340087 0.287197
v 0.212636 -0.340078 0.312690
v 0.151841 -0.340078 0.317203
v 0.242733 -0.340089 0.240229
v 0.240748 -0.340081 0.275472
v 0.279178 -0.340086 0.230056
v 0.296918 -0.340083 0.227864
v 0.285811 -0.339710 0.205573
v 0.256888 -0.340099 0.241911
v 0.314150 -0.340127 0.250733
v 0.333719 -0.340125 0.200137
v 0.331354 -0.336389 0.102289
v 0.329623 -0.338503 0.189276
v 0.331372 -0.340978 0.150739
v 0.230608 -0.340079 0.150920
v 0.158873 -0.340072 0.138583
v 0.092527 -0.340073 0.172266
v 0.075825 -0.340072 0.154910
v 0.075425 -0.340073 0.180729
v 0.184152 -0.340075 0.196748
v 0.182092 -0.340074 0.212535
v 0.155719 -0.340074 0.229940
v 0.148280 -0.340075 0.266124
v 0.102500 -0.340078 0.251227
v 0.133730 -0.340101 0.464545
v 0.042332 -0.340072 0.190380
v 0.061425 -0.340073 0.176552
v 0.155586 -0.340066 -0.025615
v 0.112882 -0.340095 -0.082577
v 0.110457 -0.340067 -0.097498
v 0.135479 -0.340065 -0.133422
v 0.129997 -0.340067 -0.147458
v 0.147229 -0.340065 -0.126271
v 0.236169 -0.340072 -0.170427
v 0.254986 -0.340075 -0.155641
v 0.255941 -0.340076 -0.166983
v 0.276678 -0.340082 -0.183892
v 0.296305 -0.340078 -0.183989
v 0.295101 -0.357741 -0.217470
v 0.307684 -0.340083 -0.130604
v 0.321357 -0.309691 -0.110933
v 0.295093 -0.340077 -0.131724
v 0.303024 -0.340092 -0.151697
v 0.326228 -0.338982 -0.128011
v 0.314332 -0.339929 -0.163406
v 0.319771 -0.338359 -0.097664
v 0.283599 -0.320128 -0.274383
v 0.320039 -0.317988 -0.265077
v 0.327190 -0.338913 -0.255329
v 0.327995 -0.343055 -0.250799
v 0.333359 -0.338389 -0.207696
v 0.326012 -0.336880 -0.210867
v 0.328932 -0.332837 -0.200321
v 0.312869 -0.323532 -0.173340
v 0.273529 -0.340076 -0.204375
v 0.263616 -0.340075 -0.202046
v 0.226802 -0.340073 -0.192665
v 0.126547 -0.340066 -0.208565
v 0.120623 -0.340067 -0.202672
v 0.086619 -0.340066 -0.192983
v 0.045501 -0.340066 -0.215508
v 0.072788 -0.334483 -0.240871
v 0.023785 -0.340065 -0.222160
v 0.022087 -0.340057 -0.232076
v -0.037512 -0.348652 -0.247447
v 0.012474 -0.340110 -0.223737
v -0.004847 -0.340084 -0.211124
v 0.009625 -0.340064 -0.217137
v -0.021384 -0.340064 -0.181103
v 0.044380 -0.340058 -0.154726
v 0.030195 -0.340065 -0.205505
v 0.077740 -0.340064 -0.183446
v 0.063801 -0.340067 -0.168671
v 0.050318 -0.340066 -0.172862
v 0.060412 -0.340064 -0.206255
v -0.016461 -0.340061 -0.165733
v -0.052742 -0.340061 -0.123325
v -0.025951 -0.340061 -0.087655
v -0.023395 -0.340066 -0.064175
v -0.082460 -0.340075 -0.097376
v -0.065954 -0.340066 -0.054337
v -0.075090 -0.340067 -0.068842
v -0.084303 -0.340068 -0.128967
v -0.063886 -0.340067 -0.136197
v -0.048463 -0.340065 -0.147452
v -0.000677 -0.340055 -0.103465
v -0.060133 -0.340066 -0.150863
v -0.032649 -0.340065 -0.213232
v -0.079859 -0.340067 -0.201390
v -0.070077 -0.340350 -0.232467
v -0.097873 -0.340066 -0.206356
v -0.100415 -0.340063 -0.221370
v -0.075689 -0.337755 -0.235741
v -0.118336 -0.340067 -0.220170
v -0.131339 -0.340064 -0.217682
v -0.152624 -0.340062 -0.226137
v -0.136680 -0.340072 -0.231410
v -0.164812 -0.340056 -0.196898
v -0.121107 -0.340038 -0.232279
v -0.174088 -0.339417 -0.243742
v -0.095516 -0.306421 -0.237920
v -0.111871 -0.340051 -0.242549
v -0.167646 -0.339812 -0.235746
v -0.148205 -0.340090 -0.233088
v -0.081080 -0.340064 -0.227417
v 0.089419 -0.343456 -0.222781
v 0.100232 -0.340069 -0.215214
v 0.155371 -0.340066 -0.213814
v 0.113990 -0.340066 -0.168695
v -0.088844 -0.340066 -0.168907
v -0.291819 -0.332017 -0.254845
v -0.302711 -0.340097 -0.247120
v -0.287107 -0.340047 -0.222799
v -0.322043 -0.340088 -0.227559
v -0.353063 -0.336369 -0.242841
v -0.354874 -0.335700 -0.139775
v -0.332451 -0.340089 -0.201711
v -0.327341 -0.340104 -0.193086
v -0.329304 -0.340096 -0.175082
v -0.348221 -0.357162 -0.162146
v -0.340550 -0.344395 -0.144312
v -0.325355 -0.340092 -0.156252
v -0.339502 -0.338752 -0.242508
v -0.352581 -0.337533 -0.266673
v -0.337156 -0.340180 -0.251976
v -0.341008 -0.342132 -0.269320
v -0.353206 -0.336891 -0.285715
v -0.317885 -0.340067 -0.293432
v -0.310682 -0.340215 -0.292602
v -0.308112 -0.340075 -0.272053
v -0.308604 -0.340078 -0.245962
v -0.326722 -0.340034 -0.261381
v -0.315481 -0.340086 -0.273519
v -0.330124 -0.340099 -0.282829
v -0.309035 -0.347167 -0.343892
v -0.292841 -0.336815 -0.388516
v -0.307868 -0.340061 -0.316187
v -0.302936 -0.339787 -0.378182
v -0.306648 -0.339863 -0.392864
v -0.309530 -0.277613 -0.414874
v -0.314289 -0.341313 -0.351842
v -0.331039 -0.348743 -0.337608
v -0.344231 -0.339042 -0.270008
v -0.339382 -0.336993 -0.281230
v -0.253892 -0.340065 -0.210955
v -0.311429 -0.340083 -0.209302
v -0.215301 -0.340066 -0.161554
v -0.283645 -0.340072 -0.048702
v 0.313625 -0.334306 0.090673
v -0.351362 -0.337460 -0.314200
v -0.355213 -0.338767 -0.342584
v -0.224919 -0.340092 0.447367
v -0.246858 -0.340070 0.435938
v -0.248786 -0.340078 0.407781
v -0.237977 -0.340087 0.408024
v -0.266401 -0.340237 0.416982
v -0.289769 -0.340336 0.423074
v -0.268599 -0.340071 0.437329
v -0.285269 -0.340093 0.433982
v -0.287098 -0.340094 0.449067
v -0.338996 -0.338800 0.471269
v -0.271473 -0.336508 0.462333
v -0.334998 -0.340298 0.449391
v -0.334607 -0.339557 0.358861
v -0.304885 -0.340091 0.383320
v -0.316965 -0.340090 0.407128
v -0.275633 -0.340090 0.384739
v -0.277159 -0.340092 0.354989
v -0.268296 -0.340090 0.337197
v -0.289075 -0.340060 0.321973
v -0.299849 -0.340086 0.340512
v -0.308405 -0.340085 0.308707
v -0.318832 -0.340087 0.274018
v -0.316717 -0.340131 0.233211
v -0.310254 -0.340083 0.256419
v -0.305228 -0.340083 0.234931
v -0.284225 -0.340097 0.268173
v -0.266111 -0.340083 0.297295
v -0.277637 -0.340081 0.278176
v -0.292452 -0.340054 0.304307
v -0.274017 -0.340078 0.226438
v -0.243066 -0.340078 0.238000
v -0.279196 -0.340100 0.219689
v -0.287674 -0.340077 0.209170
v -0.295095 -0.340066 0.180802
v -0.302181 -0.340087 0.136765
v -0.311558 -0.340083 0.159438
v -0.314475 -0.337669 0.119384
v -0.327773 -0.340074 0.092709
v -0.335719 -0.340330 0.111730
v -0.332685 -0.324754 0.251321
v -0.325322 -0.340086 0.125060
v -0.320680 -0.340085 0.163712
v -0.328021 -0.340097 0.222292
v -0.310600 -0.340082 0.226121
v -0.294760 -0.340079 0.209054
v -0.296632 -0.340081 0.227588
v -0.304532 -0.340081 0.190455
v -0.308707 -0.340082 0.171229
v -0.324726 -0.335988 0.112472
v -0.337767 -0.338508 -0.055118
v -0.324752 -0.342219 0.085538
v -0.310416 -0.340083 0.144443
v -0.266371 -0.340087 0.330067
v -0.249880 -0.340092 0.324753
v -0.249031 -0.340095 0.342799
v -0.240135 -0.340102 0.350473
v -0.239659 -0.340098 0.346640
v -0.223320 -0.340078 0.379830
v -0.267714 -0.340100 0.370032
v -0.268305 -0.340093 0.393698
v -0.208969 -0.340030 0.433755
v -0.200821 -0.340094 0.391424
v -0.189593 -0.340352 0.433185
v -0.209768 -0.340100 0.367437
v -0.213573 -0.340099 0.358796
v -0.196021 -0.340095 0.386603
v -0.265142 -0.340092 0.350210
v -0.327328 -0.340879 0.270351
v -0.285836 -0.340086 0.340762
v -0.291292 -0.340085 0.369702
v -0.293213 -0.340089 0.382446
v -0.312123 -0.339974 0.432681
v -0.322250 -0.340094 0.437300
v -0.327959 -0.340094 0.415354
v -0.292367 -0.340088 0.414510
v -0.324427 -0.340432 0.449815
v -0.288910 -0.340095 0.457164
v -0.292935 -0.340052 -0.098506
v -0.333743 -0.337206 -0.118246
v -0.286945 -0.340279 -0.118669
v -0.336766 -0.337536 -0.138269
v -0.285613 -0.340125 0.089055
v -0.294433 -0.338860 0.055439
v -0.326214 -0.340082 -0.033040
v -0.300846 -0.339947 0.087659
v -0.284593 -0.340316 0.103701
v -0.259642 -0.340076 0.193670
v -0.249407 -0.340111 0.214453
v -0.241535 -0.340079 0.237235
v -0.234584 -0.340081 0.242641
v -0.220252 -0.340085 0.303052
v -0.210673 -0.340093 0.309514
v -0.225902 -0.340068 0.315449
v -0.214759 -0.340100 0.343716
v -0.200118 -0.340031 0.379514
v -0.313238 -0.340100 0.375962
v -0.181897 -0.340009 0.413439
v 0.185246 -0.340111 0.466452
v 0.208297 -0.340018 0.452854
v 0.260611 -0.335751 0.461393
v 0.263756 -0.340605 0.455793
v 0.277789 -0.340092 0.430688
v 0.315804 -0.340113 0.309464
v 0.325160 -0.340106 0.285503
v 0.282375 -0.340264 0.363402
v 0.258963 -0.340088 0.387491
v 0.272072 -0.340097 0.404435
v 0.279395 -0.340090 0.311258
v 0.294622 -0.340118 0.279487
v 0.212905 -0.340087 0.429216
v 0.162426 -0.340101 0.435382
v 0.144865 -0.340101 0.446265
v 0.238200 -0.340081 0.197417
v 0.217637 -0.340077 0.172906
v 0.235654 -0.340079 0.110354
v 0.245558 -0.340075 -0.000825
v 0.266632 -0.340078 -0.089129
v 0.317310 -0.328690 -0.213941
v 0.294729 -0.340363 -0.249707
v 0.275163 -0.343452 -0.242475
v 0.207890 -0.340068 -0.043836
v 0.180757 -0.340066 -0.019780
v 0.201359 -0.340068 -0.002245
v 0.208570 -0.340069 0.027783
v 0.189167 -0.340075 0.269019
v 0.177298 -0.340076 0.294710
v 0.158220 -0.340070 0.110421
v 0.121716 -0.340071 0.211944
v 0.120180 -0.340077 0.300121
v 0.086297 -0.340093 0.408373
v 0.112079 -0.339798 0.445081
v 0.056458 -0.340090 0.428355
v 0.057074 -0.340090 0.395455
v 0.023009 -0.340089 0.437687
v 0.035556 -0.340091 0.388648
v 0.005086 -0.340140 0.354602
v 0.047113 -0.340092 0.260248
v 0.023847 -0.340079 0.247607
v 0.235100 -0.340074 -0.192048
v 0.184047 -0.340065 -0.063591
v 0.181877 -0.340066 -0.073541
v 0.169178 -0.340066 -0.055938
v 0.158013 -0.340065 -0.055597
v 0.173423 -0.340052 -0.146669
v 0.174448 -0.340069 -0.176999
v 0.163579 -0.340088 -0.085042
v 0.159401 -0.340078 -0.146007
v 0.143058 -0.340072 -0.170111
v 0.184994 -0.340067 -0.206334
v 0.174357 -0.340065 -0.222788
v 0.137326 -0.340064 -0.222003
v 0.116183 -0.340066 -0.146936
v 0.084879 -0.340068 -0.030547
v 0.115869 -0.340071 -0.102503
v 0.101858 -0.340037 0.043291
v 0.084592 -0.340071 0.125228
v 0.034233 -0.340071 0.097104
v 0.026445 -0.340058 0.232621
v -0.045927 -0.340108 0.380348
v -0.070210 -0.340285 0.368407
v 0.076359 -0.340065 -0.085607
v 0.008966 -0.340067 -0.056663
v 0.083281 -0.340063 -0.215087
v 0.021016 -0.340053 -0.072182
v 0.003181 -0.340067 -0.026518
v 0.071501 -0.340067 -0.165795
v 0.063412 -0.340065 -0.185024
v 0.068258 -0.340067 -0.192740
v 0.060157 -0.340064 -0.205058
v 0.067813 -0.340063 -0.227084
v 0.059385 -0.340067 -0.155172
v 0.029170 -0.340066 -0.184467
v -0.007450 -0.340061 -0.125496
v -0.021161 -0.340066 -0.115707
v -0.021855 -0.340065 -0.044991
v -0.019108 -0.340062 -0.041641
v -0.070148 -0.340071 0.117782
v -0.072074 -0.340093 0.360945
v -0.094665 -0.340091 0.352392
v -0.093986 -0.340080 0.270830
v -0.108236 -0.340089 0.353286
v -0.096868 -0.340078 0.237768
v -0.065014 -0.340077 0.192834
v -0.101591 -0.340078 0.218293
v -0.118467 -0.340081 0.231705
v -0.113270 -0.340080 0.220491
v -0.127704 -0.340082 0.224101
v -0.131719 -0.340085 0.316228
v -0.191795 -0.340095 0.320533
v -0.143213 -0.340087 0.288187
v -0.157566 -0.340087 0.259342
v -0.137829 -0.340080 0.182449
v -0.160155 -0.340084 0.213618
v -0.173090 -0.340083 0.200337
v -0.159293 -0.340082 0.189392
v -0.140615 -0.340080 0.158750
v -0.100514 -0.340075 0.129535
v -0.093270 -0.340075 0.120283
v -0.140132 -0.340076 0.128810
v -0.071228 -0.340090 0.085646
v -0.063909 -0.340072 0.080446
v -0.063178 -0.340093 0.021326
v -0.117052 -0.340073 0.096236
v -0.045525 -0.340067 -0.101094
v -0.040045 -0.340062 -0.219944
v -0.169722 -0.340081 0.166619
v -0.155306 -0.340080 0.157866
v -0.177728 -0.340080 0.173794
v -0.206692 -0.340082 0.254300
v -0.211245 -0.340082 0.246231
v -0.187976 -0.340087 0.225919
v -0.228786 -0.340098 0.338330
v -0.228026 -0.340094 0.394630
v -0.261708 -0.340097 0.457559
v -0.182403 -0.340073 0.084932
v -0.146657 -0.340073 0.069007
v -0.154009 -0.340070 0.006726
v -0.121930 -0.340069 -0.012899
v -0.160470 -0.340109 -0.003596
v -0.209234 -0.340073 0.089510
v -0.237228 -0.340077 0.139241
v -0.171617 -0.340071 0.026037
v -0.161731 -0.340067 -0.077733
v -0.125883 -0.340068 -0.135318
v -0.151881 -0.340055 -0.155056
v -0.176267 -0.340063 -0.092292
v -0.192733 -0.340070 0.004732
v -0.206740 -0.340069 -0.009782
v -0.242048 -0.340072 0.080458
v -0.248986 -0.340078 0.167476
v -0.274452 -0.340084 0.311218
v -0.298841 -0.340088 0.453011
v -0.285118 -0.340091 0.415220
v -0.289312 -0.340083 0.250766
v -0.311309 -0.340084 0.197853
v -0.213587 -0.340068 -0.096340
v -0.139555 -0.340038 -0.191813
v -0.257661 -0.340070 -0.066363
v -0.268456 -0.340070 -0.116970
v -0.246857 -0.340078 -0.128338
v -0.286007 -0.340071 -0.141486
v -0.279838 -0.340072 -0.184879
v -0.328113 -0.340093 -0.219113
v -0.331359 -0.340112 -0.231814
v -0.314430 -0.340074 -0.312982
v -0.306250 -0.339719 -0.400063
v -0.305581 -0.340082 -0.226989
v -0.299175 -0.340078 -0.166890
v -0.170850 -0.340067 -0.044737
v -0.111522 -0.340071 0.056041
v -0.084177 -0.340069 0.024307
v -0.093292 -0.340069 -0.005572
v -0.159791 -0.340099 0.430120
v -0.055362 -0.340092 0.345790
v 0.095945 -0.340072 0.057950
v 0.134329 -0.340063 -0.201500
v 0.132342 -0.340100 0.423785
v 0.296831 -0.340096 0.015977
v 0.252365 -0.340082 0.256475
v -0.334562 -0.340218 0.429204
v -0.308245 -0.344729 0.353731
v -0.326926 -0.340064 0.257403
v -0.321764 -0.340099 -0.085656
v 0.095114 -0.339922 -0.244913
v -0.339652 -0.048272 0.508942
v -0.339587 -0.053777 0.506086
v -0.336400 -0.065103 0.507478
v -0.081768 -0.303523 0.509494
v 0.144877 -0.148268 0.509491
v -0.284004 -0.033435 0.509422
v -0.294046 -0.067966 0.509494
v -0.338785 -0.067392 0.508694
v -0.331099 -0.081761 0.509563
v -0.274137 -0.073784 0.509491
v -0.285465 -0.082216 0.509493
v -0.339184 -0.085456 0.509561
v -0.316156 -0.036400 0.509905
v -0.307651 -0.022328 0.509494
v -0.318919 -0.016003 0.509495
v -0.221093 -0.079390 0.509504
v -0.247077 0.009127 0.509465
v -0.196577 -0.059860 0.509490
v -0.267611 0.002930 0.509525
v -0.201872 0.015873 0.509458
v -0.156473 -0.008542 0.509488
v -0.146762 -0.009389 0.509491
v -0.158945 0.021422 0.509491
v -0.137611 -0.024941 0.509493
v -0.133761 -0.011252 0.509493
v -0.146092 -0.017188 0.509491
v -0.132285 -0.032456 0.509491
v -0.125937 -0.050977 0.509511
v -0.168841 -0.062703 0.509499
v -0.152554 -0.080109 0.509491
v -0.139773 0.015060 0.509492
v -0.145055 -0.079360 0.509491
v -0.146599 -0.101783 0.509446
v -0.116016 -0.097986 0.509491
v -0.110812 -0.057473 0.509494
v -0.171423 -0.077575 0.509490
v -0.203756 -0.094494 0.509479
v -0.122144 -0.006572 0.509491
v -0.111215 0.049435 0.509541
v -0.073612 -0.006102 0.509491
v -0.064590 -0.032505 0.509351
v -0.044954 -0.005996 0.509491
v -0.058789 -0.019467 0.509491
v -0.083570 -0.020301 0.509782
v -0.044899 0.008239 0.509467
v -0.007022 0.020986 0.509490
v -0.036611 -0.008320 0.509489
v -0.001283 0.027081 0.509491
v -0.000648 -0.002714 0.509492
v 0.006719 0.022892 0.509490
v 0.039682 0.018915 0.509441
v 0.012595 0.051204 0.509490
v 0.020198 0.061277 0.509513
v 0.066667 0.065520 0.509490
v 0.033245 0.077796 0.509492
v 0.061962 0.008976 0.509497
v -0.007305 0.065278 0.509489
v 0.010133 0.080276 0.509493
v 0.004195 -0.022433 0.509491
v -0.001273 -0.015451 0.509491
v 0.016438 -0.052400 0.509485
v -0.024838 -0.067980 0.509486
v -0.053723 -0.020888 0.509490
v -0.057201 -0.037855 0.509492
v 0.042850 -0.047462 0.509491
v 0.008437 -0.001401 0.509490
v 0.003928 -0.003899 0.509491
v 0.014177 -0.055790 0.509491
v 0.056997 -0.058850 0.509491
v -0.035354 0.063803 0.509491
v -0.031401 0.052956 0.509492
v 0.052314 0.048144 0.509580
v 0.023730 0.090658 0.509488
v -0.013116 -0.087569 0.509490
v 0.006688 -0.052961 0.509491
v -0.035510 0.065504 0.509489
v -0.046754 0.115911 0.509490
v -0.011476 0.104889 0.509477
v -0.090784 0.049194 0.509509
v -0.074958 0.080396 0.509503
v -0.065077 0.101150 0.509492
v -0.061110 0.116017 0.509496
v -0.020466 -0.112032 0.509490
v -0.033840 -0.129950 0.509623
v 0.068136 -0.067573 0.509495
v -0.003558 0.148322 0.509490
v -0.055713 0.158869 0.509497
v 0.066339 -0.092737 0.509489
v -0.051909 -0.080628 0.509492
v 0.041310 0.100567 0.509516
v 0.087542 0.091874 0.509450
v 0.047242 0.129083 0.509490
v 0.051400 0.145343 0.509389
v 0.039346 0.138384 0.509492
v 0.067862 0.152936 0.509377
v 0.083272 0.069458 0.509491
v 0.005478 0.115554 0.509497
v 0.026579 0.146530 0.509488
v 0.077791 0.129616 0.509493
v 0.062438 -0.069008 0.509491
v 0.026088 -0.118561 0.509487
v 0.010035 -0.146358 0.509492
v 0.008357 -0.108890 0.509488
v 0.001430 -0.132182 0.509498
v 0.048839 -0.124695 0.509491
v -0.049596 -0.125556 0.509490
v 0.012243 0.098438 0.509513
v 0.115622 0.020251 0.509502
v 0.109643 0.080020 0.509491
v 0.115175 -0.038915 0.509497
v -0.015842 0.158527 0.509491
v 0.055372 -0.116912 0.509484
v -0.083319 -0.032600 0.509493
v -0.033946 0.130077 0.509492
v -0.027475 0.199620 0.509497
v 0.061529 -0.042305 0.509489
v 0.109001 -0.059146 0.509491
v 0.093818 -0.091886 0.509504
v 0.125266 -0.074434 0.509491
v -0.066801 -0.083841 0.509492
v -0.080707 -0.070320 0.509492
v -0.097168 -0.101422 0.509491
v -0.106840 -0.069264 0.509491
v -0.063448 -0.095865 0.509492
v -0.045389 -0.110001 0.509491
v -0.055747 -0.123370 0.509491
v 0.050165 -0.127692 0.509491
v -0.104132 -0.034851 0.509508
v 0.109746 0.056754 0.509492
v 0.145051 0.002813 0.509491
v 0.174136 0.043264 0.509543
v 0.076341 -0.031851 0.509491
v -0.030611 -0.158777 0.509470
v 0.002941 -0.153555 0.509490
v 0.005405 -0.188431 0.509470
v -0.031586 -0.206130 0.509492
v 0.015152 -0.219447 0.509492
v -0.030709 -0.225222 0.509521
v -0.007736 -0.225749 0.509492
v -0.037694 -0.209400 0.509502
v -0.070723 -0.256560 0.509509
v -0.016074 0.144346 0.509491
v -0.100897 0.070268 0.509488
v -0.059133 -0.194044 0.509491
v -0.041922 -0.165093 0.509491
v -0.108435 -0.178517 0.509492
v -0.114238 -0.182986 0.509489
v -0.113934 0.110360 0.509536
v -0.094863 0.082333 0.509491
v -0.063616 0.124631 0.509490
v -0.101538 0.126641 0.509495
v -0.077588 0.155222 0.509499
v -0.124149 0.080301 0.509386
v -0.101845 0.086053 0.509492
v -0.125181 0.123541 0.509496
v -0.137902 0.109954 0.509492
v -0.146894 0.110738 0.509495
v -0.131669 0.149636 0.509571
v -0.145967 0.133825 0.509493
v -0.155319 0.167822 0.509436
v -0.172681 0.110650 0.509494
v -0.185736 0.116087 0.509486
v 0.113272 -0.105140 0.509495
v 0.113764 -0.133505 0.509491
v 0.123323 -0.161332 0.509512
v 0.176974 -0.008526 0.509491
v 0.187947 0.018847 0.509491
v -0.026198 0.131831 0.509491
v 0.122706 0.048012 0.509508
v 0.130204 0.031498 0.509489
v 0.122401 -0.039008 0.509487
v -0.111157 -0.110096 0.509492
v 0.078532 -0.024693 0.509491
v 0.130476 -0.071993 0.509491
v 0.137409 -0.041248 0.509488
v 0.154699 -0.009982 0.509491
v 0.151456 -0.049399 0.509491
v 0.181060 -0.032529 0.509491
v 0.192858 -0.034660 0.509491
v 0.206131 -0.026839 0.509484
v 0.236210 -0.035212 0.509527
v 0.194919 -0.025509 0.509589
v 0.213904 -0.023508 0.509492
v 0.154217 -0.111653 0.509491
v 0.123363 -0.142255 0.509492
v 0.158877 -0.115292 0.509491
v 0.026123 0.101192 0.509473
v 0.159051 -0.062477 0.509495
v -0.139593 0.026438 0.509492
v 0.187716 0.017663 0.509491
v 0.181208 -0.145609 0.509530
v 0.085387 -0.137002 0.509484
v 0.191860 -0.084473 0.509492
v -0.181482 -0.071947 0.509456
v -0.188964 -0.059593 0.509491
v -0.203868 -0.073413 0.509491
v -0.038537 0.228064 0.509491
v -0.026021 0.200880 0.509492
v -0.017337 0.235308 0.509492
v -0.002112 0.231252 0.509496
v -0.057230 0.246264 0.509492
v 0.087122 -0.003835 0.509510
v 0.005977 0.162519 0.509492
v 0.011160 0.170647 0.509491
v 0.020980 0.162097 0.509491
v -0.074330 -0.214793 0.509491
v 0.015641 -0.180445 0.509488
v 0.024706 -0.212476 0.509486
v 0.063280 -0.172198 0.509497
v 0.095249 0.132532 0.509516
v 0.117824 0.110854 0.509490
v -0.144159 -0.232818 0.509491
v -0.123971 -0.222973 0.509492
v -0.140619 -0.186093 0.509658
v -0.166423 -0.205612 0.509492
v -0.176713 -0.211384 0.509469
v -0.114512 -0.222651 0.509491
v -0.218564 -0.221310 0.509492
v -0.205129 -0.175631 0.509490
v -0.079545 -0.214255 0.509491
v -0.172244 -0.143869 0.509491
v -0.193817 -0.152108 0.509491
v -0.212191 -0.178544 0.509493
v 0.045008 0.173490 0.509492
v 0.052356 0.186353 0.509492
v 0.041847 0.218993 0.509489
v 0.086488 0.211089 0.509491
v 0.155049 0.209302 0.509841
v 0.107164 0.170661 0.509453
v 0.052995 -0.220602 0.509491
v 0.046510 0.195340 0.509492
v 0.072606 0.212299 0.509489
v 0.062876 0.219471 0.509491
v 0.053582 0.223337 0.509492
v 0.010782 0.208959 0.509491
v 0.066162 0.248677 0.509494
v 0.002244 0.203379 0.509490
v 0.083933 0.217196 0.509492
v -0.079084 -0.221970 0.509492
v 0.066156 -0.129835 0.509491
v -0.102291 0.199705 0.509491
v -0.107349 0.208737 0.509492
v -0.127554 0.204440 0.509495
v -0.140572 0.196284 0.509496
v -0.145835 0.183697 0.509498
v -0.164073 0.191217 0.509464
v -0.132911 0.209141 0.509492
v -0.112170 0.232423 0.509492
v -0.082938 0.227853 0.509487
v -0.094737 0.210119 0.509491
v -0.069131 0.216983 0.509491
v -0.059536 0.238675 0.509491
v -0.192037 0.174863 0.509558
v -0.169166 0.180438 0.509359
v -0.152345 0.253412 0.509480
v -0.146738 0.175607 0.509498
v -0.142376 0.166502 0.509496
v -0.179400 0.231328 0.508584
v -0.089991 0.257668 0.509486
v -0.122483 0.238688 0.509492
v -0.144134 0.256335 0.509493
v -0.156876 0.278455 0.509512
v -0.148401 0.256131 0.509493
v -0.129768 0.281690 0.509492
v -0.141490 0.300725 0.509489
v -0.224680 0.264139 0.509412
v -0.214969 0.161978 0.509480
v -0.224740 0.151826 0.509497
v -0.163616 0.167663 0.509497
v -0.094767 0.149301 0.509492
v -0.081695 0.178334 0.509450
v -0.191266 0.121550 0.509373
v -0.187434 0.087807 0.509493
v -0.167906 0.093143 0.509508
v -0.205393 0.069768 0.509493
v -0.162653 0.070176 0.509543
v -0.184718 0.078551 0.509493
v -0.216529 0.045524 0.509491
v -0.183712 0.047811 0.509492
v -0.176184 0.045521 0.509491
v -0.212517 0.025003 0.509459
v -0.149355 0.095255 0.509493
v -0.187934 0.156560 0.509493
v -0.181754 0.145976 0.509495
v -0.222147 0.134965 0.509282
v -0.199058 0.166258 0.509490
v 0.214579 -0.061292 0.509491
v 0.212489 -0.077578 0.509454
v 0.203831 -0.091474 0.509493
v 0.158164 0.069488 0.509573
v -0.054911 -0.129817 0.509489
v -0.124678 0.294598 0.515786
v -0.113670 0.278266 0.509494
v -0.219774 0.146065 0.509493
v 0.206161 -0.099915 0.509491
v 0.057275 -0.120353 0.509492
v 0.003616 0.226996 0.509492
v 0.071979 -0.202666 0.509491
v 0.059677 -0.218668 0.509491
v -0.105765 0.148183 0.509492
v -0.077407 -0.228502 0.509472
v -0.234703 -0.194309 0.509492
v 0.085903 0.181166 0.509433
v -0.190178 -0.125589 0.509491
v 0.142685 0.158775 0.510625
v 0.136170 0.183415 0.509005
v -0.191808 -0.234569 0.509492
v -0.187425 -0.231437 0.509497
v -0.155927 -0.125554 0.509491
v -0.236368 0.145655 0.509494
v -0.112286 -0.099344 0.509492
v 0.267324 -0.045232 0.509493
v -0.016308 -0.235688 0.509489
v 0.008014 -0.234434 0.509514
v -0.018793 -0.242085 0.509512
v -0.025961 -0.274341 0.509534
v 0.104054 0.216104 0.509492
v 0.084686 0.240290 0.509565
v 0.149456 0.147484 0.509491
v 0.142098 0.133216 0.509496
v 0.149164 0.158860 0.505889
v 0.136246 0.104164 0.509556
v 0.171547 0.129044 0.509347
v 0.207357 0.157175 0.509497
v 0.133921 0.128839 0.509495
v 0.125953 0.111409 0.509497
v 0.048747 -0.237000 0.509567
v 0.066981 -0.246230 0.509471
v 0.082408 -0.230668 0.509491
v 0.087823 -0.214679 0.509492
v 0.086772 -0.226975 0.509493
v 0.115287 -0.200633 0.509485
v 0.096601 -0.241176 0.509526
v 0.152284 -0.241115 0.509470
v 0.119848 -0.196205 0.509491
v 0.106810 -0.182406 0.509491
v 0.152096 -0.209553 0.509515
v 0.094807 -0.201330 0.509510
v 0.081760 -0.203949 0.509491
v 0.155816 -0.179291 0.509483
v 0.040379 -0.261267 0.509491
v 0.206820 -0.206682 0.509492
v 0.221122 -0.179909 0.509492
v 0.211219 -0.187954 0.509491
v 0.204046 -0.140968 0.509492
v 0.189064 -0.152699 0.509492
v 0.218803 -0.207022 0.509491
v 0.258771 -0.194979 0.509491
v 0.255836 -0.210169 0.509489
v 0.094376 -0.148742 0.509494
v 0.180809 -0.108419 0.509498
v 0.016472 0.246292 0.509500
v -0.006890 0.263711 0.509493
v 0.056804 0.267671 0.509493
v 0.065492 0.307261 0.509497
v 0.045856 0.305897 0.521986
v 0.081641 -0.168179 0.509510
v 0.099458 -0.159845 0.509492
v -0.135283 -0.144624 0.509494
v -0.116497 -0.175902 0.509489
v -0.130261 -0.190027 0.509492
v -0.136968 -0.179153 0.509490
v 0.172422 0.049170 0.509492
v 0.172862 0.057898 0.509492
v 0.172026 0.091390 0.509497
v 0.180915 0.049680 0.509491
v 0.198569 0.085145 0.509508
v 0.210337 0.070785 0.509491
v 0.180813 0.104486 0.508207
v 0.183119 0.120434 0.509474
v 0.223783 0.082351 0.509488
v 0.234448 0.083078 0.509491
v 0.225225 0.120813 0.509785
v 0.243509 0.044786 0.509497
v 0.246708 0.060658 0.509492
v 0.226282 0.068733 0.509464
v 0.202142 0.141572 0.509694
v 0.244289 0.162165 0.509407
v 0.229096 0.117365 0.509491
v 0.255941 0.103225 0.509911
v 0.225501 0.104679 0.509494
v 0.214254 0.163669 0.509493
v 0.210955 0.116834 0.509439
v 0.194158 0.174888 0.509463
v 0.227784 0.197889 0.509493
v 0.236194 0.165499 0.509493
v 0.212770 0.008826 0.509490
v 0.209778 0.015685 0.509479
v -0.149757 0.107578 0.509493
v -0.224381 0.053456 0.509483
v -0.253289 0.029963 0.509491
v 0.160911 0.087901 0.509493
v 0.166821 0.094872 0.509496
v -0.246703 0.050768 0.509491
v -0.263241 0.036914 0.509486
v -0.241840 0.068116 0.509514
v 0.195833 -0.223639 0.509492
v 0.229746 -0.221691 0.509509
v 0.267199 -0.015009 0.509494
v 0.290906 -0.032887 0.509497
v 0.315467 -0.026610 0.520145
v 0.279847 0.001899 0.509493
v 0.233808 0.006791 0.509526
v 0.083448 0.309134 0.509495
v -0.035906 0.264845 0.509489
v 0.236452 -0.227471 0.509486
v 0.243224 -0.276593 0.509491
v 0.286982 -0.235356 0.510413
v 0.306196 -0.260556 0.509747
v 0.257291 -0.249729 0.509491
v 0.256745 -0.318482 0.509942
v -0.085641 0.317780 0.503381
v 0.254513 -0.166796 0.509543
v 0.206271 -0.281315 0.509392
v 0.228614 -0.267940 0.509482
v 0.171201 -0.301659 0.509494
v 0.288934 0.060716 0.510540
v 0.305632 -0.284631 0.506851
v 0.308489 -0.317779 0.508344
v 0.228459 0.173885 0.509492
v 0.255983 -0.220951 0.509493
v 0.164866 -0.233428 0.509493
v 0.284740 -0.200848 0.474602
v 0.289916 -0.221723 0.504604
v 0.199328 -0.085745 0.509492
v -0.186856 -0.252933 0.509499
v -0.198824 -0.281145 0.509489
v -0.242679 -0.295931 0.509431
v -0.217560 -0.311674 0.509494
v -0.187682 -0.292491 0.509493
v -0.268800 -0.276794 0.509492
v -0.278346 -0.282891 0.509452
v -0.295925 -0.269438 0.509491
v -0.274113 -0.297391 0.509480
v -0.254173 -0.329077 0.517609
v -0.214309 -0.316085 0.509494
v -0.172622 -0.291862 0.509494
v -0.277202 -0.249902 0.509492
v -0.064946 -0.198509 0.509492
v -0.006148 0.252101 0.509492
v 0.180951 -0.284381 0.509658
v 0.162212 -0.260091 0.509463
v 0.182442 -0.252659 0.509507
v 0.148243 -0.304784 0.509444
v 0.200767 -0.269793 0.509489
v 0.170741 -0.335912 0.508181
v 0.191703 -0.314612 0.511091
v 0.183250 -0.243425 0.509494
v 0.116988 -0.251129 0.509566
v 0.097130 -0.287684 0.509561
v 0.122460 -0.270605 0.509491
v 0.133143 -0.282317 0.509492
v 0.076330 -0.258886 0.509494
v 0.066056 -0.293290 0.509489
v 0.132984 -0.325438 0.505038
v 0.080928 -0.338919 0.508951
v 0.222069 -0.251794 0.509466
v 0.210254 -0.219250 0.509492
v 0.198445 -0.242666 0.509492
v 0.112476 0.210931 0.509521
v 0.144101 0.232054 0.509492
v 0.107642 0.244088 0.509492
v 0.134667 0.264299 0.509492
v 0.113118 0.264214 0.510176
v 0.151902 0.235784 0.509492
v 0.166507 0.238851 0.509445
v -0.154594 0.021341 0.509491
v -0.161948 -0.265471 0.509494
v 0.296211 0.003071 0.509495
v 0.285729 0.019071 0.509632
v 0.314551 0.007035 0.518467
v 0.264213 -0.063983 0.509492
v 0.134026 -0.267743 0.509492
v 0.270142 -0.156457 0.509592
v 0.264507 -0.123021 0.509490
v 0.245287 -0.125953 0.509491
v 0.269621 -0.111908 0.509494
v 0.253528 -0.101959 0.509488
v 0.302990 -0.089335 0.504531
v 0.282773 -0.066430 0.509494
v 0.295737 -0.077563 0.512461
v 0.289917 -0.058726 0.509497
v 0.271306 -0.048470 0.509493
v 0.274392 -0.062293 0.509489
v 0.306578 -0.051049 0.504358
v -0.084970 0.269742 0.509491
v -0.001235 0.291553 0.501570
v -0.006749 0.309962 0.509498
v -0.030888 0.321291 0.507500
v 0.002823 0.309433 0.508113
v -0.283137 0.087369 0.509636
v -0.239669 0.143019 0.509499
v -0.257465 0.155940 0.509498
v -0.285854 0.066865 0.509491
v -0.289521 0.081794 0.509494
v -0.296771 0.011852 0.509482
v -0.318577 0.063947 0.522503
v -0.336015 0.092236 0.507041
v -0.318880 0.043522 0.509495
v -0.286786 0.096646 0.509494
v -0.286262 0.108196 0.509613
v -0.324605 0.090224 0.509495
v -0.323856 0.096899 0.509494
v -0.339518 0.093522 0.509430
v -0.311449 0.027983 0.509497
v -0.307132 0.009709 0.509491
v -0.318965 0.010516 0.509592
v -0.338262 -0.024325 0.514086
v -0.313612 0.049739 0.509495
v -0.322606 -0.013174 0.509493
v -0.272703 0.142775 0.509366
v -0.315176 0.117509 0.509490
v -0.309943 0.044188 0.509498
v -0.287640 0.221314 0.509493
v -0.264431 0.219964 0.509482
v -0.294147 0.220482 0.509494
v -0.235812 0.221072 0.509550
v -0.246965 0.211176 0.509472
v -0.298639 0.196901 0.509479
v -0.290672 0.215808 0.509495
v -0.319920 0.240079 0.509958
v -0.297496 0.267534 0.508009
v -0.300574 0.255461 0.509506
v -0.335835 0.228306 0.506760
v -0.339580 0.295891 0.509113
v -0.194487 -0.308185 0.509500
v 0.213815 -0.153054 0.509492
v 0.266805 0.146543 0.509253
v -0.298576 -0.328552 0.511006
v -0.284416 -0.301726 0.509494
v -0.088385 0.289134 0.509444
v 0.211974 -0.320225 0.509496
v 0.218449 -0.331212 0.509543
v 0.242764 -0.331040 0.509495
v 0.282607 -0.332255 0.487508
v 0.052569 -0.291731 0.509451
v 0.061246 -0.315850 0.509093
v 0.040729 -0.302736 0.509492
v 0.049116 -0.325760 0.509495
v 0.006416 -0.315483 0.509610
v 0.048087 -0.291411 0.509493
v -0.064687 -0.277195 0.509492
v -0.097591 -0.287416 0.509493
v -0.103085 -0.309501 0.511747
v -0.139413 -0.297802 0.509492
v -0.208550 0.227183 0.507308
v -0.228214 -0.169437 0.509524
v -0.209825 -0.121200 0.509494
v -0.195646 -0.135948 0.509491
v -0.214776 -0.112861 0.509523
v -0.257991 -0.132113 0.509483
v -0.232987 -0.082892 0.509482
v -0.290856 -0.110097 0.509494
v -0.312847 -0.126040 0.509497
v 0.190518 0.206975 0.509493
v -0.299844 -0.235953 0.509493
v -0.324081 -0.268083 0.509476
v -0.328470 -0.241998 0.500137
v -0.299903 -0.202267 0.509494
v -0.277009 -0.240158 0.509492
v 0.301309 -0.185165 0.503148
v 0.306264 -0.165295 0.509048
v 0.264087 -0.191635 0.509492
v 0.272347 -0.164647 0.509493
v 0.002733 0.252877 0.509492
v 0.256589 0.220232 0.509498
v -0.273690 0.039995 0.509473
v 0.229381 -0.125497 0.509565
v 0.233251 -0.144302 0.509494
v 0.002816 0.283436 0.509492
v 0.160656 0.223875 0.509600
v 0.275295 -0.118803 0.509492
v -0.288726 0.123445 0.509494
v -0.281937 -0.215766 0.509494
v -0.046931 0.237592 0.509493
v -0.072794 0.315589 0.504794
v -0.050310 0.300854 0.489229
v -0.137202 -0.234061 0.509493
v -0.250936 -0.194880 0.509541
v -0.285944 -0.173824 0.509460
v -0.151815 -0.131724 0.509472
v -0.013277 -0.301113 0.509494
v -0.002482 -0.320301 0.507899
v -0.080930 -0.304611 0.509494
v -0.280146 -0.199808 0.509463
v 0.077543 0.316658 0.508100
v 0.051389 -0.283027 0.509493
v -0.270406 -0.074648 0.509491
v 0.234123 -0.282503 0.509493
v -0.217911 -0.115871 0.509491
v -0.250570 -0.228055 0.509490
v -0.130811 -0.312162 0.509494
v -0.145484 -0.303536 0.509494
v -0.102388 -0.284494 0.509492
v -0.163540 -0.281052 0.509494
v -0.163461 -0.311531 0.509654
v -0.120972 -0.337118 0.508133
v -0.186782 -0.338854 0.508807
v -0.187812 -0.320183 0.509494
v -0.189257 -0.328124 0.509495
v -0.131786 -0.313869 0.509497
v -0.256595 0.020456 0.509511
v 0.292483 -0.307631 0.509494
v 0.291423 -0.319292 0.509492
v 0.145071 -0.330785 0.502386
v 0.205473 -0.137539 0.509492
v 0.169857 0.263998 0.509499
v 0.129475 0.270826 0.509492
v 0.134010 0.308896 0.484569
v 0.143987 0.308701 0.509681
v 0.105476 0.296887 0.494757
v 0.190774 0.266730 0.509490
v -0.256332 0.219165 0.509490
v -0.298520 0.189891 0.509496
v -0.286830 0.146958 0.509460
v -0.308690 0.156030 0.509495
v -0.318929 0.142637 0.496506
v -0.333732 0.212234 0.513322
v -0.313111 0.138385 0.509497
v -0.333846 0.138014 0.506793
v 0.164856 -0.205093 0.509491
v -0.027241 -0.341307 0.513097
v -0.273039 0.256423 0.509360
v -0.295466 0.266451 0.509494
v -0.015881 -0.287169 0.509493
v 0.127407 0.265667 0.509492
v -0.116277 -0.266209 0.509491
v -0.096365 -0.249670 0.509487
v -0.242205 -0.197925 0.509493
v 0.174283 0.315648 0.523548
v 0.114769 0.317835 0.503211
v 0.001742 -0.274470 0.509495
v -0.257708 -0.168353 0.509492
v 0.044307 0.270264 0.515696
v 0.215684 -0.140346 0.509493
v -0.289154 -0.089718 0.509494
v -0.287195 0.302225 0.509494
v -0.303163 0.294496 0.509741
v -0.331549 0.305680 0.494323
v 0.314975 -0.090362 0.509242
v -0.158371 0.312533 0.509484
v -0.186190 0.304368 0.509504
v -0.184346 0.291268 0.509492
v -0.141976 0.312235 0.509843
v -0.193797 0.267137 0.510387
v -0.254815 0.292066 0.509475
v -0.221769 0.279270 0.509394
v -0.234524 0.314061 0.496766
v -0.238491 0.315984 0.509609
v -0.240827 0.312080 0.509495
v -0.258401 0.320856 0.507414
v 0.229426 0.221011 0.509690
v -0.128607 0.230643 0.509493
v 0.263384 0.130115 0.509488
v 0.270336 0.135020 0.508920
v 0.299280 0.114890 0.509876
v 0.323957 0.111768 0.505804
v 0.288609 0.119429 0.509496
v 0.284652 0.109373 0.509498
v 0.312155 0.168669 0.509328
v 0.052849 -0.336302 0.509499
v 0.049571 0.317878 0.514086
v 0.011624 0.318903 0.505364
v -0.232955 0.138637 0.509495
v -0.083910 -0.336706 0.509434
v 0.012603 -0.272890 0.509453
v -0.035536 0.321605 0.510154
v -0.323602 -0.146793 0.502908
v -0.293332 -0.166656 0.509499
v -0.334136 -0.110795 0.501640
v -0.330579 -0.087553 0.509792
v -0.315481 -0.120125 0.509495
v -0.238521 -0.341024 0.513727
v 0.135388 -0.285149 0.509492
v 0.311812 0.223734 0.495984
v 0.271952 0.264237 0.509452
v 0.309491 0.178898 0.509503
v 0.245854 0.080912 0.509489
v 0.001657 -0.338893 0.509258
v -0.195321 -0.335574 0.507730
v -0.321491 -0.176604 0.509496
v -0.302100 -0.302062 0.510362
v -0.299755 -0.275357 0.509493
v 0.318639 -0.089709 0.504235
v -0.133697 0.307738 0.507849
v 0.277290 0.079386 0.509500
v -0.305067 -0.097403 0.509493
v -0.306910 -0.073603 0.508054
v -0.190233 -0.302268 0.509492
v -0.326043 -0.332941 0.506070
v 0.192934 0.270299 0.509507
v 0.232766 0.243089 0.509491
v 0.170410 0.254857 0.509493
v 0.187952 0.298960 0.527132
v 0.231784 0.294517 0.507540
v 0.214831 0.290955 0.509494
v 0.191910 0.264496 0.509510
v 0.285847 0.298441 0.510027
v 0.282376 0.254735 0.509493
v 0.230400 0.319248 0.505572
v 0.299988 0.302033 0.514004
v 0.249826 0.324334 0.519867
v 0.204433 0.214876 0.509627
v 0.193996 0.220719 0.509483
v -0.324971 -0.169422 0.509501
v 0.277621 -0.182072 0.509491
v 0.263639 -0.183799 0.509440
v 0.320579 -0.041282 0.508468
v -0.313873 0.200652 0.509492
v -0.133256 -0.256021 0.509477
v -0.315422 -0.276047 0.507718
v 0.063995 0.316042 0.505948
v 0.314561 0.067661 0.503373
v 0.313918 0.080261 0.509511
v 0.329303 0.284552 0.509355
v 0.294447 0.224614 0.509366
v -0.301566 -0.338466 0.508138
v 0.022878 0.311832 0.510207
v -0.339502 0.090083 0.508915
v 0.173322 0.234495 0.509480
v -0.333406 -0.052524 0.503207
v -0.314054 -0.199600 0.506031
v -0.255809 0.167519 0.509488
v 0.257192 0.063784 0.509493
v 0.296769 -0.316061 0.509538
v 0.246840 0.222216 0.509504
v 0.311075 0.076575 0.509639
v 0.303234 0.099706 0.491087
v 0.319787 0.106011 0.508685
v 0.322389 0.081753 0.505661
v -0.007345 0.272820 0.509490
v 0.330225 0.290172 0.503374
v 0.321579 0.311655 0.503849
v 0.078393 -0.338850 0.509214
v 0.277063 0.103118 0.509490
v 0.198441 0.317002 0.505911
v 0.185583 0.314643 0.509484
v -0.294860 -0.016498 0.509494
v -0.304496 -0.012288 0.509494
v -0.179678 0.320679 0.507959
v -0.294526 0.319816 0.506948
v -0.102615 0.273808 0.509492
v 0.326955 0.149698 0.524472
v -0.331336 -0.046136 0.509101
v -0.138590 0.322597 0.489048
v 0.256358 0.240150 0.509496
v 0.207493 -0.324409 0.509482
v 0.173346 -0.338861 0.509123
v 0.296878 0.184930 0.509524
v -0.140686 0.074258 0.509440
v 0.328874 0.251022 0.520035
v 0.214521 0.229162 0.509504
v -0.128601 -0.118652 0.509491
v -0.305336 -0.000118 0.509495
v -0.332042 -0.169922 0.509462
v -0.324117 -0.193035 0.508739
v -0.336180 0.128952 0.509173
v -0.193466 0.307378 0.509629
v -0.250754 0.297713 0.509722
v -0.212091 0.275632 0.509588
v -0.200758 0.263477 0.509496
v -0.188726 0.273617 0.509490
v -0.194131 0.276826 0.509491
v -0.248045 0.247846 0.509514
v -0.307792 0.219533 0.509494
v -0.175257 0.285286 0.509492
v -0.066242 0.291231 0.509497
v -0.052516 0.266078 0.509347
v -0.076610 0.264494 0.509495
v -0.216526 0.211689 0.509563
v -0.260949 0.220644 0.509485
v -0.318147 0.189335 0.509496
v -0.298336 0.191209 0.509483
v -0.267739 0.167464 0.509355
v -0.300335 0.171802 0.509495
v -0.305703 0.144853 0.509499
v -0.253100 0.120553 0.509468
v -0.024830 0.275084 0.509493
v 0.041171 0.292524 0.509797
v 0.068483 0.314668 0.509507
v -0.030166 0.237308 0.509492
v -0.131220 0.184618 0.509499
v -0.136040 0.162711 0.509494
v -0.121108 0.160854 0.509495
v -0.103447 0.166195 0.509632
v -0.091119 0.191828 0.509494
v 0.035445 0.232078 0.509492
v 0.094179 0.255395 0.509531
v 0.073008 0.239979 0.509491
v 0.081637 0.241112 0.509491
v 0.022741 0.223221 0.509492
v 0.018672 0.187633 0.509491
v -0.066362 0.171360 0.509498
v -0.049919 0.160388 0.509493
v -0.047152 0.147065 0.509266
v -0.087305 0.138055 0.509492
v -0.150632 0.117021 0.509497
v -0.283231 0.107310 0.509496
v -0.225785 0.110392 0.509201
v -0.228303 0.067483 0.509495
v -0.217677 0.071714 0.509501
v -0.087065 0.110475 0.509492
v -0.045052 0.101558 0.509494
v 0.027503 0.182258 0.509494
v 0.052237 0.229574 0.509492
v 0.274051 0.270363 0.509492
v 0.256209 0.233773 0.509494
v 0.182421 0.186625 0.509489
v 0.181568 0.175226 0.509487
v 0.177866 0.173816 0.509467
v 0.138516 0.200196 0.509488
v 0.106768 0.195345 0.509495
v 0.043340 0.153931 0.509548
v 0.105664 0.160636 0.509503
v 0.014893 0.116273 0.509492
v -0.129760 0.079646 0.509490
v -0.138843 0.091159 0.509516
v -0.243464 0.021647 0.509492
v -0.186591 0.017189 0.509483
v -0.315337 0.003164 0.509495
v -0.281462 -0.014791 0.509493
v -0.130564 0.044224 0.509492
v -0.128980 0.026212 0.509489
v -0.137200 0.017598 0.509491
v -0.152835 0.025646 0.509492
v -0.152749 0.037777 0.509492
v 0.115353 0.124417 0.509491
v 0.141944 0.121634 0.509494
v 0.127654 0.094971 0.509493
v 0.091968 0.067923 0.509493
v 0.200786 0.150357 0.509461
v 0.236896 0.195496 0.509559
v 0.211162 0.113558 0.509554
v 0.203037 0.080537 0.509494
v 0.103032 0.039695 0.509492
v 0.039915 0.033463 0.509496
v 0.032448 0.044228 0.509492
v 0.025716 0.040467 0.509491
v 0.019567 0.041348 0.509492
v 0.028730 0.032369 0.509491
v 0.057572 0.008191 0.509484
v 0.056848 -0.010314 0.509491
v 0.035248 0.004634 0.509495
v 0.025766 -0.007467 0.509493
v -0.070728 0.044138 0.509480
v -0.095182 0.066674 0.509492
v -0.098246 -0.008308 0.509493
v -0.052656 0.025765 0.509474
v -0.154520 -0.034746 0.509492
v -0.092403 -0.050812 0.509483
v -0.044487 -0.045750 0.509500
v -0.056265 -0.011343 0.509492
v 0.087073 0.011377 0.509492
v 0.299389 0.132009 0.509499
v 0.299501 0.071144 0.509509
v 0.276003 0.058487 0.509494
v 0.281974 0.067082 0.509493
v 0.274064 0.071090 0.509492
v 0.312490 0.040161 0.509878
v 0.283568 0.018828 0.509498
v 0.260461 0.025023 0.509522
v 0.251138 0.031657 0.509495
v 0.246535 -0.012572 0.509488
v 0.258753 -0.006920 0.509492
v 0.213184 0.013189 0.509492
v 0.210815 0.027561 0.509492
v 0.183581 0.027743 0.509472
v 0.130927 0.008334 0.509494
v 0.080311 -0.016544 0.509487
v -0.077775 -0.060792 0.509476
v -0.006295 -0.089101 0.509491
v 0.025121 -0.075106 0.509489
v -0.141854 -0.070436 0.509493
v -0.263221 -0.060355 0.509485
v -0.249347 -0.028527 0.509492
v -0.191839 -0.031073 0.509491
v -0.201626 -0.038712 0.509501
v -0.190504 -0.032357 0.509489
v -0.214412 -0.033689 0.509491
v -0.306023 -0.114637 0.509488
v -0.272870 -0.088830 0.509495
v -0.265412 -0.114210 0.509491
v -0.283007 -0.141194 0.509250
v -0.249530 -0.146877 0.509491
v -0.167031 -0.130460 0.509491
v -0.130057 -0.127769 0.509503
v -0.147550 -0.114564 0.509491
v -0.203948 -0.143723 0.509492
v -0.147675 -0.155164 0.509494
v -0.058834 -0.131223 0.509484
v 0.003899 -0.126572 0.509492
v -0.020522 -0.134044 0.509492
v -0.041116 -0.162699 0.509296
v -0.152023 -0.186775 0.509453
v -0.185915 -0.191196 0.509478
v -0.280071 -0.189611 0.509493
v -0.303785 -0.179179 0.509494
v -0.259398 -0.140965 0.509490
v -0.259293 -0.165133 0.509491
v -0.238702 -0.149399 0.509502
v -0.184106 -0.170625 0.509494
v -0.201185 -0.177725 0.509496
v -0.281863 -0.214224 0.509493
v -0.303091 -0.200317 0.509493
v -0.315815 -0.211999 0.509494
v -0.256098 -0.219656 0.509492
v -0.183345 -0.208157 0.509491
v -0.154160 -0.207625 0.509493
v -0.095411 -0.194528 0.509496
v -0.092397 -0.208841 0.509505
v -0.268097 -0.233378 0.509495
v -0.252128 -0.240403 0.509492
v -0.336801 -0.299429 0.509246
v -0.272479 -0.310587 0.509494
v -0.228914 -0.275887 0.509492
v -0.066027 -0.182128 0.509491
v -0.028701 -0.171684 0.509499
v 0.055413 -0.076939 0.509491
v 0.281671 -0.025054 0.509495
v 0.299961 -0.039583 0.509892
v 0.216247 -0.041710 0.509487
v 0.155034 -0.040072 0.509492
v 0.081766 -0.085341 0.509493
v 0.043750 -0.080047 0.509491
v 0.166290 -0.058921 0.509514
v 0.094724 -0.126499 0.509492
v 0.010117 -0.147165 0.509491
v 0.004049 -0.187921 0.509473
v 0.242947 -0.051708 0.509490
v 0.301853 -0.064870 0.509746
v 0.277659 -0.108741 0.509496
v 0.240979 -0.070175 0.509495
v 0.288743 -0.160645 0.509534
v 0.271840 -0.163036 0.509496
v 0.119162 -0.158534 0.509511
v -0.072801 -0.242080 0.509491
v 0.138871 -0.190148 0.509491
v 0.170688 -0.212840 0.509489
v 0.149819 -0.211723 0.509494
v 0.151309 -0.221288 0.509490
v -0.139761 -0.274657 0.509494
v -0.244099 -0.294320 0.509494
v -0.249883 -0.301286 0.509494
v -0.243509 -0.318144 0.509497
v -0.241629 -0.336321 0.504353
v -0.151001 -0.294995 0.509493
v -0.103929 -0.274990 0.509486
v -0.054792 -0.268370 0.509567
v -0.075570 -0.308212 0.509494
v 0.004204 -0.324919 0.509489
v 0.015633 -0.327110 0.509481
v 0.027292 -0.267986 0.509455
v 0.063864 -0.276859 0.509495
v 0.111876 -0.239196 0.509487
v 0.139449 -0.237089 0.509548
v 0.193008 -0.223078 0.509490
v 0.227430 -0.212504 0.509494
v 0.150541 -0.262518 0.509515
v 0.216970 -0.234036 0.509492
v 0.088545 -0.326067 0.509495
v 0.244379 -0.290494 0.509437
v 0.241186 -0.251448 0.509492
v 0.259668 -0.235810 0.509493
v 0.283641 -0.277898 0.490607
v 0.256315 -0.285836 0.509492
v 0.270926 -0.303673 0.509507
v -0.040945 -0.258660 0.509495
v 0.248523 -0.137488 0.509491
v 0.030934 -0.091826 0.509492
v 0.135135 -0.074003 0.509491
v -0.312021 -0.249908 0.509496
v 0.216269 0.049016 0.509493
v 0.083337 0.035616 0.509492
v -0.024422 0.117504 0.509492
v 0.110242 0.224389 0.509494
v 0.272067 0.221793 0.509500
v 0.297698 0.289266 0.509496
v -0.005172 0.245665 0.509492
v -0.237524 0.229804 0.509492
v -0.336840 -0.267867 0.508996
v 0.284911 -0.331379 0.505568
v 0.296626 -0.342783 0.492462
v 0.309322 -0.316534 0.504432
v 0.303058 -0.271627 0.499726
v 0.305890 -0.260163 0.506565
v 0.302604 -0.198930 0.505563
v 0.311275 -0.084767 0.508375
v 0.321745 0.080008 0.505944
v 0.329701 0.243837 0.503294
v 0.280820 0.055731 0.505563
v 0.213748 -0.110080 0.505563
v 0.172223 -0.068555 0.505562
v 0.145358 -0.076561 0.505562
v 0.178455 -0.049861 0.505562
v 0.168961 -0.002621 0.505751
v 0.329023 0.315564 0.509013
v 0.212496 0.327348 0.506748
v 0.220955 0.342614 0.505697
v 0.134895 -0.085255 0.505562
v 0.019710 0.049087 0.505561
v 0.032665 0.150911 0.505560
v -0.056820 0.125617 0.505563
v -0.047080 -0.024875 0.505563
v -0.064480 -0.044139 0.505561
v -0.121971 -0.245858 0.505563
v -0.035505 0.142036 0.505581
v 0.009397 0.176553 0.505562
v -0.337721 -0.338986 0.505670
v 0.064027 -0.338518 0.504154
v -0.042017 0.319930 0.508408
v -0.339616 -0.012188 0.505615
v -0.337286 -0.136779 0.507064
v -0.282303 -0.019412 0.505563
v -0.332725 0.316001 0.505156
v -0.337388 0.314486 0.505609
v 0.020444 -0.174650 0.505562
v 0.038545 -0.165599 0.505562
v 0.292426 -0.338993 0.506026
v 0.306070 -0.164682 0.506442
v 0.320266 -0.076041 0.507015
v -0.354289 0.304872 0.492550
v -0.356323 -0.330708 0.487382
v -0.352414 -0.292362 0.492610
v -0.352459 -0.278868 0.487253
v -0.351265 -0.266583 0.492687
v -0.352041 -0.227939 0.491662
v -0.352480 -0.206129 0.484928
v -0.352849 -0.198947 0.492720
v -0.352543 -0.125510 0.491567
v -0.352152 -0.301728 -0.056867
v -0.356806 0.246000 -0.477282
v -0.353323 0.245996 -0.472079
v -0.344633 0.319837 0.132791
v -0.350953 0.131822 -0.473454
v -0.352225 0.229509 -0.477445
v -0.354292 0.326730 -0.250200
v -0.352612 0.319800 -0.098923
v -0.352440 0.312670 -0.093262
v -0.352558 0.334103 -0.477311
v -0.352782 0.008081 -0.477492
v -0.352690 0.317659 0.423572
v -0.352449 0.318406 0.454456
v -0.353551 0.318471 0.491224
v -0.352014 -0.007022 0.416157
v -0.352397 0.147837 0.281131
v -0.352503 0.228840 -0.472577
v -0.377139 -0.310587 0.480353
v -0.351981 0.173613 0.027264
v -0.353057 0.008018 -0.474166
v -0.353745 -0.303864 0.464942
v -0.352802 -0.058077 -0.476774
v -0.345670 -0.303693 -0.475171
v -0.353479 -0.301263 -0.252580
v -0.347581 -0.305345 0.035016
v -0.347845 -0.301686 0.179886
v -0.352130 -0.304982 -0.114297
v -0.350850 -0.175716 0.489380
v -0.352178 -0.305665 -0.128251
v -0.353251 -0.305780 -0.059953
v -0.348661 -0.298941 0.166093
v -0.351125 -0.307265 0.151814
v -0.350219 -0.306772 0.214764
v -0.360032 -0.303486 0.109368
v -0.351559 -0.304740 0.081454
v -0.351930 -0.306758 0.064976
v -0.353215 -0.069302 -0.472984
v -0.354796 -0.081378 -0.476555
v -0.353920 -0.060013 -0.475673
v -0.352371 -0.306638 0.433424
v -0.352240 -0.303321 0.444777
v -0.353060 -0.305914 0.461672
v -0.354821 -0.305262 -0.446219
v -0.342975 -0.312780 -0.461778
v -0.354889 -0.310082 -0.473148
v -0.342845 -0.302954 -0.474459
v -0.328007 -0.296524 -0.468992
v -0.244185 -0.305291 -0.445555
v -0.253521 -0.308215 -0.468119
v -0.181674 -0.309054 -0.440025
v -0.159372 -0.308865 -0.444177
v -0.182332 -0.308867 -0.418154
v -0.180883 -0.308869 -0.389097
v -0.179752 -0.308879 -0.371341
v -0.193770 -0.308867 -0.345533
v -0.214924 -0.308897 -0.346939
v -0.229675 -0.308873 -0.332935
v -0.224896 -0.308868 -0.349707
v -0.242287 -0.308921 -0.375513
v -0.248425 -0.309105 -0.382028
v -0.236721 -0.308902 -0.417487
v -0.251746 -0.329891 -0.401231
v -0.247936 -0.308802 -0.432232
v -0.227054 -0.308862 -0.415864
v -0.248723 -0.308747 -0.371870
v -0.227693 -0.308869 -0.315094
v -0.251746 -0.299151 -0.259994
v -0.220127 -0.292208 -0.273026
v -0.172357 -0.308755 -0.256841
v -0.162384 -0.309455 -0.269279
v -0.166500 -0.310018 -0.286668
v -0.149646 -0.308830 -0.325134
v -0.112374 -0.308859 -0.337156
v -0.123170 -0.308866 -0.361362
v -0.112431 -0.308868 -0.354927
v -0.108662 -0.308889 -0.364582
v -0.119448 -0.308869 -0.379837
v -0.128125 -0.308868 -0.389413
v -0.119782 -0.308954 -0.422837
v -0.138840 -0.308890 -0.388585
v -0.132089 -0.308868 -0.384778
v -0.141791 -0.308862 -0.360143
v -0.172984 -0.308868 -0.357941
v -0.186098 -0.308888 -0.344351
v -0.198016 -0.308871 -0.321652
v -0.217145 -0.309511 -0.294473
v -0.206250 -0.308867 -0.299051
v -0.222167 -0.308869 -0.329778
v -0.191273 -0.308864 -0.279297
v -0.213947 -0.309518 -0.260482
v -0.190825 -0.308887 -0.308820
v -0.208166 -0.308867 -0.311030
v -0.174303 -0.308868 -0.361871
v -0.150641 -0.308896 -0.428427
v -0.122507 -0.308889 -0.457295
v -0.076315 -0.298951 -0.450105
v -0.084636 -0.308870 -0.452524
v -0.082522 -0.308868 -0.461590
v -0.042780 -0.308871 -0.429027
v -0.004077 -0.310638 -0.441068
v -0.026872 -0.308876 -0.394919
v -0.052119 -0.308857 -0.411362
v -0.062109 -0.308869 -0.364192
v -0.062564 -0.308868 -0.375899
v -0.024115 -0.308878 -0.359887
v -0.031109 -0.308872 -0.338596
v -0.056553 -0.308865 -0.321673
v -0.065901 -0.308862 -0.341810
v -0.049761 -0.308856 -0.322364
v -0.073556 -0.306650 -0.273412
v -0.089316 -0.309335 -0.302386
v -0.068205 -0.308867 -0.296257
v -0.107641 -0.305039 -0.257815
v -0.168514 -0.311876 -0.252951
v -0.140523 -0.312313 -0.280434
v -0.158534 -0.308864 -0.281775
v -0.126947 -0.308866 -0.297243
v -0.119195 -0.308863 -0.307407
v -0.106161 -0.308867 -0.355212
v -0.101025 -0.308861 -0.390451
v -0.076800 -0.308868 -0.405272
v -0.072657 -0.308853 -0.372490
v -0.091592 -0.308867 -0.310844
v -0.095647 -0.308867 -0.333499
v -0.047961 -0.308867 -0.321359
v -0.035833 -0.308566 -0.257240
v -0.017034 -0.308864 -0.268273
v 0.014291 -0.308864 -0.270361
v 0.009572 -0.308865 -0.288130
v 0.014608 -0.308868 -0.316530
v -0.010033 -0.308867 -0.337375
v -0.017934 -0.308867 -0.321233
v 0.020656 -0.308868 -0.356094
v 0.041694 -0.308868 -0.362783
v 0.064903 -0.308869 -0.335148
v 0.054918 -0.308944 -0.321135
v 0.093057 -0.309060 -0.261047
v 0.122035 -0.308859 -0.263051
v 0.148791 -0.316616 -0.270680
v 0.179503 -0.308867 -0.271446
v 0.169890 -0.308853 -0.287110
v 0.159649 -0.308865 -0.288985
v 0.185760 -0.308906 -0.351613
v 0.168858 -0.308866 -0.345507
v 0.170379 -0.308866 -0.327083
v 0.189346 -0.308851 -0.360958
v 0.211183 -0.308866 -0.364816
v 0.202260 -0.308852 -0.394282
v 0.202325 -0.308866 -0.424530
v 0.171699 -0.308841 -0.435332
v 0.172104 -0.308904 -0.468389
v 0.220050 -0.308869 -0.438853
v 0.210148 -0.308868 -0.423299
v 0.231879 -0.308867 -0.422389
v 0.262971 -0.308865 -0.412102
v 0.245132 -0.308872 -0.367089
v 0.215444 -0.308867 -0.370765
v 0.211573 -0.308864 -0.382907
v 0.221067 -0.308862 -0.334980
v 0.195796 -0.308927 -0.317066
v 0.209252 -0.308864 -0.304643
v 0.186862 -0.308862 -0.324582
v 0.243178 -0.308865 -0.315971
v 0.223953 -0.308860 -0.325706
v 0.230609 -0.308865 -0.332695
v 0.233861 -0.311703 -0.279850
v 0.227722 -0.308864 -0.285571
v 0.201285 -0.308863 -0.296340
v 0.169596 -0.302561 -0.258715
v 0.253978 -0.310058 -0.267848
v 0.268637 -0.314326 -0.322509
v 0.319451 -0.268467 -0.350027
v 0.327132 -0.308958 -0.416929
v 0.331117 -0.307973 -0.424624
v 0.334895 -0.325287 -0.464574
v 0.319087 -0.308894 -0.412684
v 0.294533 -0.308860 -0.434161
v 0.312135 -0.308856 -0.450812
v 0.268732 -0.308867 -0.409818
v 0.258400 -0.302406 -0.471751
v 0.229411 -0.308867 -0.429214
v 0.229827 -0.308868 -0.440708
v 0.224577 -0.318498 -0.461520
v 0.250139 -0.306642 -0.429514
v 0.300227 -0.308871 -0.465082
v 0.279709 -0.306441 -0.466073
v 0.266144 -0.308014 -0.465836
v 0.270886 -0.308844 -0.397260
v 0.304438 -0.308858 -0.389905
v 0.290976 -0.308861 -0.398470
v 0.310376 -0.319935 -0.474477
v 0.266062 -0.308867 -0.382383
v 0.298140 -0.308791 -0.378959
v 0.281461 -0.308617 -0.357127
v 0.265626 -0.308885 -0.372963
v 0.241257 -0.308866 -0.327765
v 0.280826 -0.307728 -0.317108
v 0.265368 -0.308289 -0.306856
v 0.233690 -0.308864 -0.338605
v 0.229837 -0.306984 -0.257337
v 0.234270 -0.308865 -0.296727
v 0.239176 -0.308866 -0.345111
v 0.253136 -0.308867 -0.423477
v 0.159910 -0.308908 -0.460851
v 0.165122 -0.308868 -0.443097
v 0.134474 -0.308867 -0.429161
v 0.159487 -0.308868 -0.411879
v 0.179260 -0.308868 -0.420024
v 0.136419 -0.308866 -0.416479
v 0.144083 -0.308868 -0.406510
v 0.156482 -0.308867 -0.394019
v 0.126003 -0.308882 -0.371263
v 0.147531 -0.308866 -0.372513
v 0.116160 -0.308867 -0.342116
v 0.122445 -0.308878 -0.327782
v 0.090161 -0.308865 -0.293430
v 0.120733 -0.308864 -0.291424
v 0.108351 -0.308868 -0.285950
v 0.079647 -0.308867 -0.328694
v 0.102659 -0.308988 -0.347129
v 0.104744 -0.308868 -0.348435
v 0.107680 -0.308867 -0.318855
v 0.089333 -0.308853 -0.374256
v 0.099090 -0.308647 -0.408616
v 0.130309 -0.308867 -0.392904
v 0.126512 -0.312809 -0.447818
v 0.114971 -0.308895 -0.458879
v 0.054832 -0.308754 -0.468307
v 0.047344 -0.308892 -0.455181
v 0.048512 -0.309300 -0.435729
v 0.086514 -0.310223 -0.420862
v 0.049914 -0.308868 -0.420708
v 0.040180 -0.308868 -0.412700
v 0.052157 -0.308868 -0.392611
v 0.066225 -0.308875 -0.411774
v 0.005960 -0.308850 -0.409304
v 0.030058 -0.308866 -0.369288
v 0.067604 -0.308877 -0.396734
v 0.075840 -0.308868 -0.372148
v 0.055514 -0.308867 -0.352729
v 0.007441 -0.308867 -0.359869
v 0.015394 -0.308870 -0.383560
v 0.030438 -0.308867 -0.420133
v -0.046411 -0.308866 -0.453196
v -0.025400 -0.308839 -0.461035
v -0.089746 -0.316217 -0.468580
v -0.111583 -0.308215 -0.450477
v -0.017943 -0.308856 -0.466522
v -0.003441 -0.308831 -0.468652
v 0.036663 -0.309330 -0.468017
v 0.035298 -0.308868 -0.445134
v 0.003411 -0.308843 -0.386880
v -0.007775 -0.308872 -0.407657
v -0.036565 -0.308861 -0.374439
v -0.023113 -0.308868 -0.392796
v 0.129003 -0.305841 -0.466811
v 0.143258 -0.308867 -0.454757
v 0.165409 -0.308988 -0.468852
v 0.137089 -0.307432 -0.443119
v 0.070759 -0.308868 -0.309012
v 0.082700 -0.308833 -0.286907
v 0.091223 -0.308853 -0.264935
v 0.101239 -0.323452 -0.273722
v 0.118592 -0.309952 -0.270853
v 0.113915 -0.308812 -0.264506
v 0.132553 -0.308864 -0.278704
v 0.128350 -0.308866 -0.310939
v 0.157178 -0.308846 -0.316279
v 0.131380 -0.308868 -0.324261
v 0.164228 -0.308881 -0.348576
v 0.120260 -0.308894 -0.365976
v 0.140861 -0.308866 -0.364047
v 0.152304 -0.308868 -0.369011
v 0.165523 -0.308861 -0.389604
v 0.154911 -0.308868 -0.380434
v 0.138074 -0.308868 -0.390472
v 0.172273 -0.308951 -0.261768
v 0.046061 -0.308868 -0.365976
v 0.004665 -0.308857 -0.282972
v -0.055345 -0.311391 -0.279903
v -0.055302 -0.308869 -0.385978
v -0.113181 -0.308160 -0.467355
v -0.165705 -0.308869 -0.454858
v -0.246623 -0.309493 -0.467995
v -0.119761 -0.308868 -0.422212
v -0.203312 -0.308866 -0.442380
v -0.234183 -0.308883 -0.456186
v -0.203830 -0.309890 -0.400999
v -0.022875 -0.308868 -0.416298
v 0.000076 -0.308867 -0.440435
v -0.021436 -0.308870 -0.461496
v -0.028728 -0.308868 -0.318021
v -0.006423 -0.308867 -0.406496
v 0.066209 -0.308868 -0.451335
v 0.010579 -0.308865 -0.300374
v 0.067172 -0.301438 -0.266826
v 0.086583 -0.308894 -0.387550
v 0.076871 -0.309002 -0.404991
v 0.089270 -0.308870 -0.417604
v 0.110518 -0.308867 -0.436258
v 0.108808 -0.308868 -0.389759
v 0.123790 -0.308864 -0.287532
v 0.112947 -0.308984 -0.297538
v 0.180405 -0.308870 -0.382407
v 0.168749 -0.308868 -0.403185
v 0.203873 -0.308747 -0.414058
v 0.187910 -0.308870 -0.424280
v 0.176345 -0.308869 -0.454067
v 0.201782 -0.308868 -0.437639
v 0.208216 -0.308870 -0.388465
v 0.177984 -0.308864 -0.281985
v 0.277670 -0.308917 -0.446345
v 0.292319 -0.308861 -0.412941
v 0.323651 -0.308795 -0.443578
v -0.101317 -0.308865 -0.286784
v -0.226924 -0.308870 -0.357581
v -0.208821 -0.308866 -0.390419
v 0.240830 -0.308867 -0.363404
v 0.303452 -0.308891 -0.459758
v 0.066771 -0.308867 -0.295464
v 0.071511 -0.308868 -0.340469
v 0.017297 -0.308867 -0.332310
v 0.005520 -0.308868 -0.313725
v 0.044614 -0.308838 -0.459250
v -0.017701 -0.308868 -0.366950
v -0.047117 -0.308867 -0.460917
v -0.067028 -0.308870 -0.362069
v -0.066529 -0.308867 -0.339200
v -0.053692 -0.308869 -0.355206
v -0.119752 -0.308866 -0.286331
v -0.104327 -0.308868 -0.382542
v -0.109782 -0.308870 -0.415231
v -0.124673 -0.308868 -0.373945
v -0.132465 -0.308868 -0.356258
v -0.168268 -0.308839 -0.316559
v -0.152255 -0.308869 -0.373876
v -0.179881 -0.308866 -0.354530
v -0.171465 -0.308844 -0.401380
v -0.156020 -0.308840 -0.411428
v -0.146181 -0.308895 -0.424474
v -0.143382 -0.308700 -0.448240
v -0.171387 -0.308868 -0.425164
v -0.179629 -0.308850 -0.396515
v -0.112509 -0.308869 -0.422642
v -0.038001 -0.308869 -0.426287
v -0.273822 0.321143 0.507864
v -0.259825 0.320812 0.508715
v -0.355353 0.320854 -0.169403
v -0.355115 0.318058 0.317846
v -0.355164 0.317269 0.115199
v -0.355176 0.316832 0.060212
v -0.352474 0.320014 -0.104440
v -0.353323 0.319829 0.278998
v -0.337995 0.331697 0.171940
v -0.147718 0.331658 -0.009046
v -0.099878 0.331664 -0.089519
v 0.310486 0.331729 0.394715
v 0.310405 0.331949 0.486063
v 0.097146 0.331967 0.486109
v -0.338104 0.331960 0.485008
v 0.327180 0.331781 -0.073264
v 0.308138 0.331702 0.061526
v 0.246380 0.331651 0.068931
v 0.330319 0.323699 -0.251351
v 0.212894 0.331678 -0.151130
v 0.208570 0.331683 -0.146684
v 0.226327 0.347570 -0.233537
v 0.235146 0.331655 0.070320
v 0.113756 0.331659 0.351005
v 0.022748 0.331648 0.330781
v 0.060254 0.331644 0.409823
v 0.012672 0.332859 -0.214977
v -0.021289 0.331648 0.090295
v -0.019817 0.331657 0.090212
v -0.092499 0.331657 -0.038397
v -0.324105 0.331651 0.107118
v -0.150250 0.331661 -0.007668
v -0.150388 0.331661 -0.126468
v -0.096273 0.331677 -0.281412
v -0.128022 0.332351 -0.213579
v -0.210766 0.331657 -0.108177
v -0.230583 0.331654 -0.147103
v -0.251379 0.331654 -0.087871
v -0.198797 0.331717 -0.211938
v -0.197093 0.331393 -0.213653
v -0.271577 0.332395 -0.214052
v -0.334461 0.331678 0.174862
v -0.338481 0.331686 0.334188
v -0.339074 0.331659 0.171085
v -0.339073 0.331686 0.334637
v -0.292519 0.331910 -0.214832
v -0.338218 0.333856 -0.210526
v -0.339064 0.331663 -0.044017
v -0.111494 0.333164 0.483326
v -0.101264 0.335591 0.482341
v -0.191052 0.333201 0.482188
v -0.163525 0.334997 0.483299
v 0.008710 0.334159 0.478072
v 0.129097 0.333027 0.482600
v -0.138075 0.332950 0.482205
v -0.218632 0.333131 0.482504
v -0.244292 0.335590 0.484378
v -0.286804 0.333448 0.482156
v 0.184010 0.335316 0.483861
v 0.249334 0.333061 0.483898
v 0.248369 0.335325 0.483805
v 0.248323 0.335506 0.484452
v -0.337451 0.333040 0.483506
v -0.340304 0.334679 0.481458
v -0.337418 0.333371 0.417220
v -0.072842 0.327550 -0.211017
v -0.340243 0.335275 -0.215584
v -0.269411 0.330434 -0.221818
v -0.185405 0.335176 -0.168344
v -0.027909 0.335424 -0.213302
v 0.012996 0.335167 -0.213700
v 0.148271 0.335627 -0.211383
v 0.170018 0.335580 -0.186579
v 0.146438 0.335548 -0.213477
v 0.227549 0.327174 -0.232989
v 0.330273 0.335532 -0.252670
v 0.330154 0.335576 -0.217384
v 0.312811 0.331572 -0.068666
v 0.163800 0.335590 0.175538
v 0.154815 0.335577 0.225840
v 0.308701 0.335636 0.081306
v 0.310614 0.334671 0.118266
v 0.315873 0.335585 0.114717
v 0.178888 0.335592 0.196728
v 0.174921 0.335593 0.201543
v 0.202289 0.335590 0.227463
v -0.338079 0.335708 0.483816
v 0.309890 0.336446 0.483020
v 0.185589 0.335729 0.484021
v -0.339794 -0.338888 -0.128093
v -0.338308 -0.336233 -0.001365
v -0.337176 -0.336738 -0.124343
v -0.337958 -0.336624 0.366012
v -0.349871 -0.333787 -0.185025
v -0.355504 -0.332010 -0.183601
v -0.347808 -0.335207 -0.198546
v -0.340193 -0.325501 -0.196651
v -0.327584 -0.336168 -0.185241
v -0.349045 -0.337501 -0.167351
v -0.338504 -0.339069 -0.147785
v -0.317649 -0.351467 -0.153139
v -0.297052 -0.336148 -0.211239
v -0.289420 -0.336145 -0.223653
v -0.297754 -0.336146 -0.240462
v -0.302318 -0.348516 -0.251577
v -0.265965 -0.333386 -0.231946
v -0.267216 -0.336139 -0.218766
v -0.247410 -0.336134 -0.220862
v -0.260632 -0.336043 -0.180190
v -0.286581 -0.336137 -0.201036
v -0.285214 -0.336143 -0.172896
v -0.284749 -0.336146 -0.164307
v -0.257769 -0.336148 -0.150451
v -0.280829 -0.336143 -0.129710
v -0.253999 -0.336157 -0.098364
v -0.278984 -0.336115 -0.083985
v -0.307486 -0.337074 -0.057781
v -0.329687 -0.330452 -0.050602
v -0.345697 -0.335462 -0.130657
v -0.331437 -0.336163 -0.123202
v -0.286460 -0.336143 -0.132377
v -0.278174 -0.336144 -0.141628
v -0.306685 -0.336144 -0.123344
v -0.304530 -0.336150 -0.153654
v -0.314150 -0.335962 -0.174995
v -0.286739 -0.336142 -0.105615
v -0.337281 -0.336626 -0.054215
v -0.311322 -0.336153 -0.033666
v -0.303272 -0.336418 -0.022598
v -0.314959 -0.336153 0.003178
v -0.333923 -0.336156 0.012694
v -0.312294 -0.334939 0.012402
v -0.300004 -0.336148 0.022428
v -0.338931 -0.341759 0.088420
v -0.281529 -0.336097 0.020353
v -0.338026 -0.336357 0.031776
v -0.316629 -0.336155 0.090085
v -0.305904 -0.336152 0.083167
v -0.317065 -0.336156 0.097665
v -0.313623 -0.336153 0.126272
v -0.337205 -0.336455 0.128409
v -0.290187 -0.336148 0.129095
v -0.278617 -0.336142 0.170808
v -0.315135 -0.336154 0.157370
v -0.283781 -0.336146 0.133304
v -0.305026 -0.336153 0.186762
v -0.312043 -0.336154 0.171210
v -0.321187 -0.336171 0.170898
v -0.342184 -0.320825 0.230314
v -0.308080 -0.336077 0.212818
v -0.301437 -0.336153 0.231280
v -0.309356 -0.337026 0.247190
v -0.310202 -0.336154 0.268184
v -0.339259 -0.336233 0.293662
v -0.324560 -0.336188 0.318321
v -0.304140 -0.336154 0.287308
v -0.301165 -0.336155 0.306520
v -0.287801 -0.336159 0.283151
v -0.267963 -0.336151 0.276560
v -0.252522 -0.336150 0.254015
v -0.281784 -0.336133 0.233424
v -0.250110 -0.336149 0.234697
v -0.305514 -0.336153 0.251228
v -0.313285 -0.336155 0.281843
v -0.256906 -0.336148 0.201939
v -0.232238 -0.336154 0.198375
v -0.250240 -0.336148 0.188169
v -0.260363 -0.336155 0.168593
v -0.244066 -0.336148 0.183027
v -0.232147 -0.336127 0.149154
v -0.199566 -0.336406 0.136718
v -0.215792 -0.336146 0.128203
v -0.206211 -0.336146 0.114947
v -0.181210 -0.336145 0.111336
v -0.146187 -0.336151 0.168421
v -0.144015 -0.336179 0.192636
v -0.119558 -0.336149 0.175283
v -0.125271 -0.336149 0.164202
v -0.122854 -0.336150 0.197011
v -0.107709 -0.336146 0.210472
v -0.114414 -0.336149 0.187528
v -0.103390 -0.336149 0.168065
v -0.067454 -0.336147 0.181279
v -0.046413 -0.336145 0.143953
v -0.047627 -0.336147 0.164760
v -0.058425 -0.336146 0.145809
v -0.037177 -0.336145 0.082338
v -0.039554 -0.336143 0.070739
v -0.058044 -0.336144 0.076741
v -0.076389 -0.336142 0.057545
v -0.045535 -0.336166 0.012431
v -0.046134 -0.336145 -0.006200
v -0.033838 -0.336139 -0.011090
v -0.034104 -0.336138 -0.044175
v -0.054611 -0.336138 -0.047151
v -0.078540 -0.336137 -0.032977
v -0.094492 -0.336135 -0.036921
v -0.110783 -0.336138 -0.064631
v -0.156927 -0.336138 -0.037121
v -0.163285 -0.336137 -0.064806
v -0.130553 -0.336140 -0.079420
v -0.143803 -0.336138 -0.057631
v -0.128463 -0.336138 -0.084897
v -0.118406 -0.336140 -0.084894
v -0.113419 -0.336137 -0.098742
v -0.093958 -0.336137 -0.105844
v -0.146894 -0.336113 -0.093194
v -0.120819 -0.336138 -0.092321
v -0.167719 -0.336147 -0.095366
v -0.152045 -0.336138 -0.127372
v -0.189967 -0.336136 -0.087078
v -0.175926 -0.336137 -0.158759
v -0.192681 -0.336135 -0.145453
v -0.155149 -0.336138 -0.132522
v -0.164874 -0.336135 -0.164996
v -0.184610 -0.336137 -0.186696
v -0.178047 -0.336139 -0.198864
v -0.142076 -0.333997 -0.243041
v -0.190591 -0.336139 -0.188131
v -0.198506 -0.336120 -0.157603
v -0.213339 -0.336138 -0.166408
v -0.200021 -0.336140 -0.128169
v -0.260594 -0.336124 -0.118339
v -0.251038 -0.336140 -0.142687
v -0.232840 -0.336138 -0.108587
v -0.232875 -0.336137 -0.102943
v -0.244971 -0.336138 -0.074345
v -0.215913 -0.336119 -0.074333
v -0.173260 -0.336122 -0.068093
v -0.171974 -0.336138 -0.046261
v -0.199580 -0.336141 0.005750
v -0.212255 -0.336142 -0.020567
v -0.214152 -0.336140 0.017526
v -0.232664 -0.336146 0.015087
v -0.234045 -0.336139 -0.020562
v -0.260723 -0.336139 -0.027650
v -0.291605 -0.336144 0.015523
v -0.272142 -0.336143 0.033844
v -0.244488 -0.336141 0.049887
v -0.227080 -0.336142 0.055193
v -0.220769 -0.336141 0.044114
v -0.221449 -0.336141 0.032896
v -0.183816 -0.336148 -0.001724
v -0.176821 -0.336138 0.020732
v -0.178865 -0.336141 -0.024339
v -0.167539 -0.336146 -0.020218
v -0.137273 -0.336142 0.024436
v -0.167984 -0.336139 0.013992
v -0.153649 -0.336142 0.029976
v -0.155431 -0.336157 0.060373
v -0.195926 -0.336143 0.061787
v -0.176449 -0.336141 0.048838
v -0.198934 -0.336150 0.090350
v -0.233175 -0.336143 0.087327
v -0.189918 -0.336105 0.039950
v -0.170822 -0.336142 0.041778
v -0.225016 -0.336159 0.107944
v -0.249634 -0.336110 0.097291
v -0.268803 -0.336145 0.099219
v -0.261644 -0.336166 0.054860
v -0.274518 -0.336169 0.082299
v -0.241823 -0.336142 0.076135
v -0.225271 -0.336147 0.128479
v -0.152044 -0.336146 0.111210
v -0.118880 -0.336142 0.057896
v -0.119342 -0.336140 0.082967
v -0.098836 -0.336151 0.056343
v -0.106389 -0.336141 0.034858
v -0.080239 -0.336139 0.029626
v -0.104251 -0.336141 0.024309
v -0.073989 -0.336140 0.034736
v -0.099543 -0.336139 0.010541
v -0.086547 -0.336138 -0.006905
v -0.054605 -0.336138 -0.004034
v -0.108415 -0.336145 0.092384
v -0.086200 -0.336146 0.117856
v -0.134854 -0.336146 0.118995
v -0.112197 -0.336145 0.097576
v -0.094217 -0.336138 0.156570
v -0.091992 -0.336151 0.145189
v -0.087442 -0.336117 0.122597
v -0.150688 -0.336147 0.117415
v -0.124050 -0.336140 0.000674
v -0.114695 -0.336141 0.034510
v -0.115873 -0.336141 0.041008
v -0.125503 -0.336142 0.054363
v -0.108639 -0.336140 -0.002238
v -0.107446 -0.336138 -0.029411
v -0.103255 -0.336140 -0.013764
v -0.141436 -0.336130 -0.038757
v -0.155015 -0.336142 0.043234
v -0.271747 -0.336143 0.038494
v -0.280330 -0.336144 0.048126
v -0.298059 -0.336150 -0.042352
v -0.273668 -0.336139 -0.040376
v -0.278314 -0.335916 -0.077685
v -0.248705 -0.336155 -0.063794
v -0.235033 -0.336137 -0.026019
v -0.256705 -0.336138 -0.038688
v -0.220332 -0.336094 -0.045298
v -0.312477 -0.336152 0.001158
v -0.210782 -0.336138 -0.089970
v -0.215603 -0.336139 -0.110425
v -0.226806 -0.336139 -0.180816
v -0.196609 -0.336135 -0.210138
v -0.246625 -0.334903 -0.254336
v -0.241885 -0.336132 -0.228144
v -0.243734 -0.336138 -0.219910
v -0.179905 -0.321202 -0.221709
v -0.172175 -0.336180 -0.245771
v -0.190305 -0.336137 -0.218283
v -0.111538 -0.335548 -0.217179
v -0.101507 -0.336135 -0.218570
v -0.089846 -0.336120 -0.229026
v -0.096406 -0.336137 -0.216197
v -0.094984 -0.336137 -0.197007
v -0.082733 -0.336136 -0.199575
v -0.042892 -0.336096 -0.184436
v -0.034995 -0.336136 -0.185810
v -0.057094 -0.336136 -0.157556
v -0.100771 -0.336137 -0.120227
v -0.066079 -0.336136 -0.111749
v -0.075552 -0.336135 -0.188768
v -0.101000 -0.336154 -0.191023
v -0.144611 -0.336137 -0.190177
v -0.147301 -0.336137 -0.167675
v -0.141900 -0.336107 -0.156150
v -0.027874 -0.336137 -0.132436
v -0.026762 -0.336142 -0.108219
v -0.015609 -0.336133 -0.128291
v 0.020350 -0.336077 -0.145315
v -0.006000 -0.336137 -0.151992
v 0.007569 -0.336137 -0.157455
v 0.010899 -0.336544 -0.216475
v -0.028181 -0.336137 -0.194511
v -0.030708 -0.336136 -0.182059
v -0.044066 -0.336134 -0.161663
v -0.016068 -0.336118 -0.161781
v -0.037438 -0.336135 -0.148446
v -0.000679 -0.336130 -0.218547
v -0.007069 -0.336164 -0.232790
v -0.010235 -0.336167 -0.242763
v -0.074052 -0.336130 -0.242270
v 0.039600 -0.336132 -0.221076
v 0.025533 -0.336071 -0.209531
v 0.031136 -0.335970 -0.167593
v 0.042655 -0.336137 -0.179046
v 0.049315 -0.336137 -0.193585
v 0.010556 -0.336183 -0.175558
v 0.058653 -0.336145 -0.177388
v 0.051546 -0.336133 -0.202583
v 0.026097 -0.335716 -0.244497
v 0.068066 -0.337395 -0.208077
v 0.081106 -0.336134 -0.182455
v 0.130992 -0.336140 -0.154228
v 0.084085 -0.336158 -0.092061
v 0.082684 -0.336137 -0.151878
v 0.128522 -0.336134 -0.118324
v 0.125712 -0.336137 -0.090144
v 0.136703 -0.336099 -0.130910
v 0.157445 -0.336138 -0.131763
v 0.167028 -0.336137 -0.117566
v 0.167892 -0.336019 -0.092160
v 0.139320 -0.336145 -0.084340
v 0.129478 -0.336117 -0.053312
v 0.114128 -0.336137 -0.062072
v 0.080877 -0.336137 -0.043416
v 0.051115 -0.336148 -0.050188
v 0.053216 -0.336099 -0.021571
v 0.066369 -0.336143 -0.015251
v 0.090865 -0.336140 -0.006581
v 0.081571 -0.336139 -0.036417
v 0.103735 -0.336135 -0.041572
v 0.098620 -0.336134 0.008059
v 0.118933 -0.336139 -0.027341
v 0.106875 -0.336142 0.053585
v 0.120992 -0.336140 0.048789
v 0.116773 -0.336155 0.061798
v 0.073509 -0.336152 0.112669
v 0.080459 -0.336143 0.080195
v 0.061688 -0.336142 0.076561
v 0.033907 -0.336335 0.120002
v 0.052389 -0.336142 0.101503
v 0.026742 -0.336140 0.075031
v 0.025272 -0.336141 0.106962
v 0.035800 -0.336141 0.059915
v 0.014449 -0.336140 0.074341
v -0.023942 -0.336101 0.061299
v 0.007271 -0.336165 0.097810
v -0.030311 -0.336172 0.090059
v -0.000764 -0.336140 0.047596
v -0.027272 -0.336141 0.049223
v -0.033198 -0.336124 0.019230
v -0.048488 -0.336143 0.060040
v -0.036902 -0.336143 0.064738
v 0.016555 -0.336142 0.008986
v 0.006654 -0.336138 -0.012388
v 0.043006 -0.336140 0.006801
v 0.050129 -0.336140 0.022486
v 0.006050 -0.336139 0.043918
v 0.083786 -0.336141 0.021978
v 0.089839 -0.336142 0.004512
v 0.099537 -0.336142 0.052916
v 0.111172 -0.336125 0.026935
v 0.064536 -0.336142 0.065756
v 0.087363 -0.336143 0.073489
v 0.013770 -0.336187 -0.026500
v 0.015166 -0.336139 -0.059966
v 0.027761 -0.336118 -0.082311
v -0.001863 -0.336144 -0.115729
v 0.014611 -0.336138 -0.066537
v -0.022583 -0.336137 -0.076850
v -0.033319 -0.336112 -0.082530
v -0.027611 -0.336139 -0.051239
v -0.015532 -0.336137 -0.066973
v -0.024902 -0.336139 -0.034308
v -0.002296 -0.336131 -0.018432
v -0.053628 -0.336090 -0.097061
v -0.089623 -0.336156 -0.081822
v 0.033239 -0.336140 0.056393
v 0.018338 -0.336140 0.068350
v 0.006684 -0.336138 -0.014352
v -0.035311 -0.336138 0.013722
v 0.007404 -0.336141 0.125322
v -0.028067 -0.336144 0.149702
v -0.029272 -0.336144 0.142496
v -0.011032 -0.336145 0.216938
v -0.053664 -0.336145 0.205949
v -0.041803 -0.336146 0.194516
v -0.059153 -0.336148 0.201519
v -0.092441 -0.336148 0.221614
v -0.101141 -0.336149 0.217444
v -0.064352 -0.336160 0.259642
v -0.053510 -0.336147 0.251899
v -0.073333 -0.336150 0.281623
v -0.083583 -0.336157 0.330973
v -0.094360 -0.336169 0.320960
v -0.055520 -0.336153 0.328941
v -0.076355 -0.336146 0.367900
v -0.090292 -0.336163 0.355051
v -0.115465 -0.336134 0.366239
v -0.126558 -0.336166 0.384604
v -0.109366 -0.336165 0.404366
v -0.076780 -0.336167 0.384865
v -0.060562 -0.336136 0.398718
v -0.054196 -0.336162 0.412405
v -0.036966 -0.336167 0.395267
v -0.026664 -0.336165 0.401932
v -0.053477 -0.336194 0.416145
v -0.033996 -0.333933 0.477187
v -0.035580 -0.336163 0.466309
v -0.002347 -0.336162 0.419143
v -0.010098 -0.336165 0.402569
v 0.008238 -0.336161 0.412896
v 0.057769 -0.336224 0.387312
v 0.055308 -0.336142 0.344952
v 0.079036 -0.336175 0.354279
v 0.117496 -0.336141 0.403767
v 0.121624 -0.336158 0.375702
v 0.077961 -0.336162 0.375773
v 0.050835 -0.336181 0.411959
v 0.062116 -0.336161 0.422201
v 0.010120 -0.336162 0.417637
v 0.005856 -0.335672 0.439487
v 0.002059 -0.336160 0.423368
v 0.007153 -0.336160 0.446157
v 0.038055 -0.336162 0.443496
v 0.047990 -0.323074 0.469184
v 0.011723 -0.338110 0.471440
v 0.029962 -0.340637 0.472713
v 0.090090 -0.336162 0.451741
v 0.140573 -0.333976 0.436525
v 0.082376 -0.345889 0.473137
v 0.102000 -0.337560 0.469393
v 0.196480 -0.339630 0.473753
v 0.190304 -0.336172 0.455152
v 0.208190 -0.337710 0.462298
v 0.169331 -0.336226 0.432520
v 0.187144 -0.336157 0.431936
v 0.169462 -0.336166 0.407430
v 0.145483 -0.336134 0.329004
v 0.130503 -0.336166 0.357362
v 0.130410 -0.336158 0.375286
v 0.114040 -0.336158 0.320494
v 0.113357 -0.336139 0.285045
v 0.105216 -0.336147 0.244030
v 0.118548 -0.336147 0.234240
v 0.162622 -0.336145 0.220109
v 0.174395 -0.336144 0.174035
v 0.182053 -0.336145 0.180078
v 0.156414 -0.336136 0.152911
v 0.179605 -0.336144 0.150959
v 0.178706 -0.336130 0.128043
v 0.151084 -0.336142 0.112372
v 0.201321 -0.336142 0.098708
v 0.196596 -0.336147 0.143293
v 0.214446 -0.336146 0.129846
v 0.246284 -0.336217 0.122653
v 0.322433 -0.338395 0.088809
v 0.283285 -0.336879 0.104900
v 0.287641 -0.344458 0.059939
v 0.246955 -0.336150 0.083616
v 0.250237 -0.336151 0.118536
v 0.237843 -0.336149 0.103559
v 0.216391 -0.336147 0.078103
v 0.247473 -0.336149 0.067711
v 0.233543 -0.336156 0.047553
v 0.165483 -0.336139 0.045593
v 0.129250 -0.336142 0.074914
v 0.112621 -0.336198 0.124710
v 0.063120 -0.336144 0.166665
v 0.047622 -0.336145 0.163753
v 0.023125 -0.336157 0.181706
v 0.058557 -0.336150 0.180786
v 0.059832 -0.336144 0.208842
v 0.003913 -0.336145 0.227923
v 0.001277 -0.336144 0.208463
v 0.007924 -0.336149 0.182516
v 0.006171 -0.336147 0.155986
v 0.032495 -0.336143 0.159279
v -0.016215 -0.336175 0.256684
v -0.048722 -0.336176 0.300395
v -0.033335 -0.336144 0.236949
v -0.028340 -0.336146 0.220927
v -0.028616 -0.336154 0.324889
v -0.015381 -0.336154 0.322884
v -0.001005 -0.336184 0.307541
v 0.016260 -0.336151 0.319364
v -0.004236 -0.336157 0.343577
v -0.011617 -0.336154 0.327194
v -0.042460 -0.336158 0.333171
v -0.047147 -0.336146 0.356513
v -0.033023 -0.336168 0.388695
v -0.057836 -0.336151 0.368734
v -0.004017 -0.336160 0.349551
v 0.008407 -0.336165 0.388052
v 0.036721 -0.336178 0.370504
v 0.001338 -0.336174 0.354640
v 0.031832 -0.336146 0.332875
v 0.049899 -0.336151 0.322158
v 0.088561 -0.336143 0.282292
v 0.067865 -0.336147 0.267418
v 0.090481 -0.336167 0.255235
v 0.086700 -0.336184 0.247044
v 0.068995 -0.336144 0.195645
v 0.063054 -0.336144 0.212275
v 0.039814 -0.336143 0.232959
v 0.047850 -0.336146 0.242759
v 0.119827 -0.336146 0.223276
v 0.100664 -0.336145 0.194663
v 0.127080 -0.336146 0.208545
v 0.148377 -0.336148 0.188251
v 0.161877 -0.336144 0.182975
v 0.131034 -0.336172 0.137437
v 0.100026 -0.336142 0.148898
v 0.118630 -0.336146 0.154404
v 0.056093 -0.336264 0.150573
v 0.097129 -0.335809 0.189638
v 0.143255 -0.336142 0.111022
v 0.113563 -0.336144 0.198810
v 0.030746 -0.336146 0.255002
v -0.003205 -0.336116 0.295275
v 0.040041 -0.336192 0.314252
v 0.044896 -0.336149 0.281138
v 0.034929 -0.336146 0.276830
v 0.040654 -0.336152 0.321571
v -0.005623 -0.336147 0.234540
v 0.016353 -0.336142 0.129133
v 0.020900 -0.336142 0.111350
v 0.057019 -0.336142 0.127709
v 0.148374 -0.336155 0.092277
v 0.139777 -0.336139 0.029055
v 0.148781 -0.336138 0.018956
v 0.175320 -0.336132 0.004572
v 0.158929 -0.336137 -0.034491
v 0.164120 -0.336136 -0.060422
v 0.185001 -0.336137 -0.070983
v 0.139166 -0.336165 -0.035409
v 0.199948 -0.336163 -0.037018
v 0.221612 -0.336132 -0.061008
v 0.216874 -0.336139 -0.023137
v 0.238637 -0.336144 -0.011253
v 0.217255 -0.336139 -0.006883
v 0.195100 -0.336137 -0.000040
v 0.201089 -0.336165 -0.021357
v 0.179845 -0.336155 0.011811
v 0.181558 -0.336138 0.023996
v 0.193528 -0.336139 0.034695
v 0.170714 -0.336139 0.041923
v 0.248045 -0.336137 -0.017500
v 0.274691 -0.336094 -0.000905
v 0.293245 -0.336157 -0.095031
v 0.325845 -0.361588 -0.097582
v 0.308261 -0.336172 -0.077329
v 0.329745 -0.358152 -0.052994
v 0.312487 -0.335271 -0.033573
v 0.288476 -0.335787 -0.031904
v 0.280629 -0.336147 -0.034745
v 0.307323 -0.355867 -0.004161
v 0.308847 -0.334591 0.027144
v 0.292397 -0.336488 0.023779
v 0.282156 -0.336643 0.034141
v 0.242629 -0.336144 0.053948
v 0.252057 -0.336149 0.019792
v 0.291007 -0.336170 0.010627
v 0.323602 -0.340306 -0.120953
v 0.289668 -0.336155 -0.100007
v 0.312006 -0.357188 -0.172435
v 0.282080 -0.336153 -0.104407
v 0.285548 -0.336152 -0.116810
v 0.257844 -0.336146 -0.115099
v 0.270078 -0.336146 -0.123820
v 0.244899 -0.336141 -0.124737
v 0.252599 -0.336146 -0.161026
v 0.283776 -0.336351 -0.163881
v 0.265571 -0.336145 -0.207907
v 0.243533 -0.336151 -0.195967
v 0.243507 -0.336144 -0.176226
v 0.263146 -0.336146 -0.171054
v 0.252945 -0.336146 -0.173159
v 0.229320 -0.336147 -0.153151
v 0.242812 -0.336144 -0.139182
v 0.213069 -0.336140 -0.140815
v 0.183913 -0.336152 -0.121573
v 0.174455 -0.336177 -0.096211
v 0.193810 -0.336135 -0.106553
v 0.189843 -0.336137 -0.101742
v 0.205796 -0.336138 -0.088420
v 0.202240 -0.336140 -0.072200
v 0.220703 -0.336354 -0.081807
v 0.226065 -0.336051 -0.123798
v 0.247982 -0.336172 -0.109756
v 0.213365 -0.336140 -0.135046
v 0.251950 -0.335965 -0.088007
v 0.269671 -0.336184 -0.074527
v 0.263471 -0.336111 -0.099462
v 0.282681 -0.336159 -0.089195
v 0.161412 -0.336144 -0.180540
v 0.141402 -0.336137 -0.167444
v 0.158620 -0.336146 -0.146252
v 0.127702 -0.336138 -0.159711
v 0.113738 -0.336056 -0.234926
v 0.134455 -0.337297 -0.222972
v 0.166882 -0.336133 -0.228208
v 0.186561 -0.336141 -0.211648
v 0.170400 -0.332411 -0.233821
v 0.199464 -0.335587 -0.221835
v 0.187977 -0.336141 -0.204176
v 0.199358 -0.336184 -0.176486
v 0.210701 -0.336142 -0.179220
v 0.232988 -0.336143 -0.179447
v 0.228537 -0.336141 -0.210925
v 0.252956 -0.332001 -0.242488
v 0.219103 -0.336139 -0.213112
v 0.268530 -0.336132 -0.231208
v 0.289949 -0.332706 -0.258942
v 0.309224 -0.325661 -0.234811
v 0.307568 -0.343764 -0.210860
v 0.328356 -0.351962 -0.223079
v 0.322435 -0.336510 -0.195653
v 0.277799 -0.335845 -0.220881
v 0.267407 -0.336144 -0.212171
v 0.287419 -0.353557 -0.275822
v 0.329944 -0.336052 -0.283663
v 0.264672 -0.334811 -0.264226
v 0.140980 -0.336183 -0.208686
v 0.099289 -0.336150 -0.144755
v 0.159567 -0.336139 -0.201555
v 0.169381 -0.336137 -0.074219
v 0.231770 -0.336143 -0.045962
v 0.217618 -0.336142 -0.162519
v 0.286146 -0.336151 -0.133766
v 0.276774 -0.336151 -0.132992
v 0.269456 -0.336146 -0.128741
v 0.314081 -0.350145 -0.065676
v 0.245496 -0.336146 -0.008732
v 0.290435 -0.336159 -0.063402
v 0.124791 -0.336136 -0.040467
v 0.151292 -0.336137 -0.030418
v 0.140951 -0.336137 -0.021184
v 0.151864 -0.336137 -0.007190
v 0.129046 -0.336141 0.048501
v 0.234583 -0.336149 0.115408
v 0.205331 -0.336145 0.095061
v 0.220871 -0.336145 0.138322
v 0.288133 -0.336167 0.023499
v 0.283235 -0.335972 0.159209
v 0.293775 -0.336174 0.157807
v 0.311510 -0.336280 0.162960
v 0.309665 -0.336189 0.175947
v 0.305879 -0.336183 0.191488
v 0.305526 -0.336199 0.220023
v 0.313611 -0.336181 0.176434
v 0.328822 -0.324148 0.291081
v 0.304888 -0.336233 0.269390
v 0.292224 -0.336180 0.217050
v 0.278515 -0.337380 0.219873
v 0.265029 -0.336157 0.241911
v 0.277144 -0.336161 0.280582
v 0.285823 -0.336177 0.280295
v 0.263073 -0.336154 0.284754
v 0.327430 -0.346007 0.329322
v 0.319436 -0.336212 0.348270
v 0.302499 -0.336189 0.347469
v 0.308014 -0.336187 0.357042
v 0.293571 -0.336177 0.348284
v 0.279196 -0.336165 0.368157
v 0.277004 -0.337093 0.383498
v 0.237104 -0.336157 0.381319
v 0.224572 -0.336150 0.374547
v 0.257443 -0.336124 0.345707
v 0.264182 -0.336156 0.328853
v 0.269470 -0.336158 0.302345
v 0.263043 -0.336156 0.289692
v 0.241582 -0.336129 0.287017
v 0.256347 -0.336153 0.262579
v 0.255263 -0.336172 0.265583
v 0.238846 -0.336149 0.241809
v 0.254384 -0.336161 0.217663
v 0.250045 -0.336152 0.208660
v 0.228351 -0.336150 0.211247
v 0.226188 -0.336150 0.238422
v 0.200475 -0.336166 0.252094
v 0.204431 -0.336147 0.226242
v 0.198155 -0.336147 0.265619
v 0.216069 -0.336149 0.293222
v 0.181153 -0.336149 0.263302
v 0.182309 -0.336151 0.292621
v 0.162500 -0.336146 0.296532
v 0.182276 -0.336148 0.312529
v 0.128445 -0.336149 0.256037
v 0.149269 -0.336145 0.234817
v 0.169543 -0.336145 0.219583
v 0.179309 -0.336133 0.215568
v 0.192187 -0.336143 0.150970
v 0.186037 -0.336145 0.171241
v 0.230659 -0.336149 0.165935
v 0.214868 -0.336154 0.201825
v 0.251354 -0.336152 0.182664
v 0.260596 -0.336150 0.179185
v 0.267714 -0.336467 0.144968
v 0.208073 -0.336145 0.152324
v 0.128766 -0.336143 0.304384
v 0.165273 -0.336148 0.307856
v 0.203336 -0.336150 0.325189
v 0.199328 -0.336152 0.353301
v 0.245884 -0.336146 0.321981
v 0.257348 -0.336155 0.331132
v 0.215170 -0.336154 0.360284
v 0.183047 -0.336149 0.318154
v 0.186675 -0.336150 0.332373
v 0.172565 -0.336150 0.322742
v 0.196200 -0.336157 0.375437
v 0.185366 -0.336154 0.363929
v 0.216631 -0.336142 0.386971
v 0.196419 -0.336158 0.384109
v 0.189501 -0.336195 0.424235
v 0.215713 -0.336168 0.435674
v 0.249288 -0.336140 0.403596
v 0.237127 -0.336167 0.450507
v 0.251021 -0.336169 0.464852
v 0.249938 -0.335584 0.470572
v 0.205928 -0.336176 0.470432
v 0.194353 -0.336172 0.451195
v 0.197219 -0.336170 0.434378
v 0.281073 -0.336172 0.455551
v 0.261033 -0.336164 0.447989
v 0.282186 -0.336284 0.435741
v 0.282696 -0.336173 0.415414
v 0.305512 -0.336189 0.422084
v 0.311242 -0.375983 0.444372
v 0.313896 -0.336179 0.418686
v 0.321783 -0.336379 0.397412
v 0.301406 -0.336185 0.367294
v 0.297649 -0.336331 0.402108
v 0.314279 -0.336188 0.404342
v 0.329719 -0.342887 0.357872
v 0.280438 -0.336083 0.404506
v 0.272408 -0.336165 0.419043
v 0.323806 -0.336180 0.411586
v 0.236317 -0.336169 0.464054
v 0.256728 -0.336157 0.386957
v 0.234377 -0.336165 0.431326
v 0.195783 -0.336146 0.256961
v 0.277971 -0.336163 0.284739
v 0.279951 -0.336164 0.299589
v 0.279686 -0.334845 0.320216
v 0.282370 -0.336173 0.359095
v 0.301732 -0.336150 0.288151
v 0.316409 -0.336175 0.165388
v 0.274474 -0.336162 0.193907
v 0.303440 -0.336029 0.141974
v 0.327889 -0.336846 0.148473
v 0.324342 -0.335785 0.146191
v 0.147626 -0.336160 0.389095
v 0.145208 -0.336169 0.404534
v 0.099772 -0.336167 0.417229
v 0.090716 -0.336208 0.440774
v 0.060370 -0.336161 0.429357
v 0.070588 -0.336164 0.440295
v 0.052672 -0.336165 0.453170
v 0.044478 -0.336161 0.437066
v 0.152041 -0.336201 0.410217
v 0.093247 -0.336165 0.412941
v 0.104772 -0.336170 0.445691
v 0.102048 -0.336191 0.466243
v 0.037616 -0.336160 0.432790
v 0.102297 -0.336160 0.381941
v -0.021214 -0.336163 0.408992
v -0.001258 -0.336160 0.434324
v 0.001383 -0.337741 0.473473
v -0.076238 -0.334643 0.441188
v -0.103429 -0.336166 0.448445
v -0.094835 -0.336160 0.434608
v -0.109875 -0.336165 0.409931
v -0.125163 -0.336168 0.428508
v -0.119385 -0.336169 0.443590
v -0.127957 -0.334855 0.433686
v -0.133605 -0.340319 0.471692
v -0.160507 -0.331426 0.449740
v -0.194148 -0.336182 0.467587
v -0.273623 -0.353775 0.459880
v -0.251678 -0.336165 0.450993
v -0.248842 -0.336161 0.441078
v -0.284139 -0.336164 0.439239
v -0.282199 -0.336161 0.413344
v -0.290745 -0.336174 0.415755
v -0.302403 -0.336223 0.430015
v -0.289438 -0.361432 0.440477
v -0.332963 -0.359335 0.460219
v -0.300563 -0.336167 0.459767
v -0.329685 -0.336199 0.460269
v -0.337459 -0.336549 0.410434
v -0.310647 -0.336163 0.432777
v -0.306984 -0.336164 0.421755
v -0.319504 -0.342907 0.410598
v -0.301498 -0.336160 0.398284
v -0.286003 -0.336162 0.408859
v -0.258111 -0.336166 0.382581
v -0.282237 -0.336161 0.368220
v -0.302602 -0.336160 0.389581
v -0.337514 -0.336633 0.404854
v -0.326758 -0.336167 0.367607
v -0.303456 -0.336131 0.365506
v -0.296049 -0.336180 0.314780
v -0.300202 -0.336156 0.312140
v -0.314517 -0.336158 0.325904
v -0.320619 -0.336704 0.355223
v -0.331417 -0.341647 0.347642
v -0.307676 -0.336173 0.358460
v -0.283420 -0.336162 0.361103
v -0.258664 -0.336161 0.328115
v -0.258302 -0.336085 0.360799
v -0.223647 -0.336175 0.306364
v -0.250723 -0.336159 0.314374
v -0.197342 -0.336236 0.263383
v -0.218451 -0.336159 0.291827
v -0.192276 -0.336214 0.285287
v -0.189372 -0.336163 0.267887
v -0.171975 -0.336161 0.280326
v -0.152456 -0.336159 0.278114
v -0.163309 -0.336152 0.296183
v -0.159527 -0.336160 0.318005
v -0.166861 -0.336162 0.340722
v -0.177469 -0.336164 0.323445
v -0.195085 -0.336163 0.357929
v -0.216040 -0.336176 0.344738
v -0.254152 -0.336164 0.372300
v -0.178336 -0.336164 0.385660
v -0.206090 -0.336163 0.433747
v -0.210415 -0.336159 0.419058
v -0.209992 -0.336167 0.456866
v -0.203603 -0.336163 0.438685
v -0.197956 -0.336168 0.454641
v -0.181791 -0.336210 0.439047
v -0.237627 -0.336167 0.378749
v -0.251079 -0.336162 0.381440
v -0.251193 -0.336138 0.391432
v -0.121047 -0.336074 0.399553
v -0.131978 -0.336163 0.357952
v -0.153426 -0.336167 0.375450
v -0.148811 -0.336159 0.318446
v -0.150641 -0.336157 0.292185
v -0.115380 -0.336153 0.269738
v -0.126836 -0.336153 0.266339
v -0.134127 -0.336154 0.262977
v -0.145864 -0.336155 0.251130
v -0.156691 -0.336156 0.252515
v -0.152145 -0.336154 0.206450
v -0.163510 -0.336155 0.214361
v -0.175858 -0.336171 0.235641
v -0.195202 -0.336156 0.224039
v -0.218410 -0.336162 0.203532
v -0.208214 -0.336153 0.217688
v -0.206228 -0.336156 0.238593
v -0.245520 -0.336150 0.236615
v -0.233501 -0.336148 0.276195
v -0.217682 -0.336154 0.244513
v -0.211393 -0.336182 0.253086
v -0.251125 -0.336171 0.277716
v -0.227355 -0.336149 0.213379
v -0.198967 -0.336157 0.230792
v -0.156359 -0.336154 0.194930
v -0.167865 -0.336110 0.174969
v -0.164127 -0.336155 0.206541
v -0.143153 -0.336138 0.149820
v -0.187387 -0.336150 0.150306
v -0.205407 -0.336157 0.183485
v -0.205424 -0.336148 0.146671
v -0.129365 -0.336151 0.206262
v -0.163492 -0.336159 0.267774
v -0.114360 -0.336151 0.238169
v -0.120887 -0.336150 0.256328
v -0.112343 -0.336150 0.259106
v -0.083333 -0.336154 0.264984
v -0.107112 -0.336163 0.280104
v -0.082946 -0.336153 0.295246
v -0.093036 -0.336149 0.227907
v -0.121252 -0.336151 0.239931
v -0.129523 -0.336161 0.345991
v -0.085642 -0.336159 0.337455
v -0.100106 -0.336161 0.355111
v -0.163612 -0.336186 0.392487
v -0.148370 -0.336167 0.376999
v -0.195095 -0.336169 0.343279
v -0.208254 -0.336243 0.301704
v -0.186113 -0.336168 0.337771
v -0.272882 -0.336152 0.289557
v -0.312871 -0.336167 0.452100
v -0.150089 -0.336157 0.272294
v -0.106867 -0.336162 0.442204
v -0.090953 -0.336163 0.387489
v -0.065776 -0.336147 0.183234
v -0.052068 -0.336047 0.183276
v -0.031009 -0.336144 0.106154
v 0.020153 -0.336140 0.071846
v 0.134160 -0.336138 -0.011126
v 0.122401 -0.336136 -0.073159
v 0.017771 -0.336139 -0.127555
v 0.061102 -0.336137 -0.177378
v -0.062674 -0.336119 -0.227127
v -0.065753 -0.336122 -0.218804
v -0.066834 -0.336134 -0.102905
v -0.086761 -0.336131 -0.103930
v -0.107238 -0.336885 -0.243534
v -0.124577 -0.336134 -0.238407
v -0.108203 -0.336137 -0.069488
v -0.079533 -0.336137 -0.040930
v -0.068314 -0.336138 -0.045920
v -0.055707 -0.336137 0.036258
v -0.268730 -0.336148 0.206112
v -0.299611 -0.336080 0.189986
v -0.283586 -0.336149 0.229444
v -0.269148 -0.336149 0.214205
v -0.294101 -0.336155 0.222916
v -0.244511 -0.336148 0.186559
v -0.275081 -0.336149 0.176282
v -0.294224 -0.336151 0.231897
v -0.317415 -0.336155 0.131643
v -0.328632 -0.336187 0.166764
v -0.296618 -0.336148 0.137789
v -0.337939 -0.335942 0.002464
v -0.286223 -0.336144 -0.117102
v -0.273471 -0.336135 -0.215224
v -0.286843 -0.336145 -0.222838
v -0.318759 -0.336160 -0.254907
v -0.342852 -0.332259 -0.253780
v -0.325124 -0.347078 -0.254127
v -0.349146 -0.335716 -0.242937
v -0.349027 -0.333046 -0.213595
v -0.344458 -0.336174 -0.234105
v -0.350570 -0.335920 -0.202039
v -0.351083 -0.334349 -0.235357
v -0.346477 -0.339860 -0.286329
v -0.315125 -0.336152 -0.298513
v -0.330004 -0.332595 -0.351841
v -0.309447 -0.340866 -0.431037
v -0.291360 -0.336389 -0.355179
v -0.292449 -0.336348 -0.308462
v -0.311252 -0.336141 -0.307806
v -0.322011 -0.339669 -0.274790
v -0.304845 -0.336138 -0.298084
v -0.353880 -0.334451 -0.290232
v -0.353986 -0.336979 -0.318319
v -0.349826 -0.339265 -0.316749
v -0.353253 -0.338187 -0.340669
v -0.354849 -0.334674 -0.274939
v -0.346339 -0.338807 -0.146989
v -0.345394 -0.336173 -0.140910
v -0.352019 -0.339903 -0.272357
v -0.354796 -0.336218 -0.269099
v -0.227064 -0.336169 0.342383
v -0.179424 -0.336167 0.286815
v -0.133579 -0.336155 0.289974
v -0.080269 -0.335901 0.236942
v -0.037479 -0.336147 0.259603
v -0.087748 -0.336154 0.309563
v -0.105250 -0.336148 0.311876
v -0.020686 -0.336152 0.309321
v 0.125397 -0.336149 0.302253
v 0.109577 -0.336137 0.316759
v 0.095432 -0.336148 0.257387
v 0.277105 -0.336150 0.191148
v 0.139438 -0.336144 0.234726
v 0.219953 -0.336150 0.164091
v 0.196676 -0.336146 0.178531
v 0.242106 -0.336151 0.148308
v 0.292816 -0.336147 0.086237
v 0.207126 -0.336156 0.105038
v 0.182546 -0.336142 0.085760
v 0.162417 -0.336103 0.090246
v 0.170563 -0.336137 0.087794
v 0.147013 -0.336140 0.070059
v 0.091781 -0.336146 0.142627
v 0.076269 -0.336144 0.180334
v -0.057030 -0.336147 0.221152
v -0.137294 -0.336154 0.241778
v -0.168160 -0.336398 0.250843
v -0.189128 -0.336160 0.264422
v -0.271996 -0.336158 0.332927
v -0.278796 -0.336165 0.307584
v -0.157308 -0.336156 0.231552
v -0.119710 -0.336123 0.224814
v -0.084514 -0.336158 0.187629
v -0.090207 -0.336146 0.205479
v -0.003559 -0.336145 0.169568
v -0.050212 -0.336146 0.135095
v -0.072163 -0.336147 0.138532
v -0.096824 -0.336146 0.140516
v -0.167215 -0.336144 0.209080
v -0.292065 -0.336153 0.279360
v -0.174928 -0.336171 0.128287
v -0.160776 -0.336046 0.141593
v -0.145612 -0.336158 0.141592
v 0.034202 -0.336172 0.128878
v 0.086230 -0.335298 0.108665
v 0.118246 -0.337969 0.086360
v 0.202374 -0.336132 0.044495
v 0.254125 -0.336151 0.061446
v 0.276046 -0.340468 0.046205
v 0.219926 -0.336145 0.027798
v 0.242672 -0.336146 0.018374
v 0.164326 -0.336139 0.021624
v 0.186748 -0.336135 -0.027363
v 0.234123 -0.336143 -0.001468
v 0.263307 -0.336150 -0.005098
v 0.298838 -0.336140 -0.047920
v 0.241750 -0.336145 -0.019752
v 0.277317 -0.336154 -0.060449
v 0.298696 -0.336162 -0.068837
v 0.257171 -0.336139 -0.052471
v 0.290060 -0.336157 -0.085028
v 0.297744 -0.336154 -0.119060
v 0.260122 -0.336145 -0.137233
v 0.142373 -0.336136 -0.062193
v 0.187431 -0.336137 -0.106759
v 0.274184 -0.336148 -0.181738
v 0.060381 -0.336142 0.008782
v -0.074075 -0.336149 0.096728
v -0.179882 -0.336208 0.082949
v -0.321473 -0.336145 0.166518
v -0.274123 -0.336148 0.192293
v -0.266659 -0.336153 0.108737
v -0.310946 -0.336154 0.143605
v -0.283418 -0.336151 0.107146
v -0.289151 -0.336146 0.075837
v -0.249145 -0.336161 0.066575
v -0.232081 -0.336164 0.057429
v -0.242282 -0.336166 0.024653
v -0.208269 -0.336141 0.041416
v -0.140453 -0.336142 0.044238
v 0.017174 -0.336138 0.000924
v 0.087787 -0.336137 -0.074842
v 0.142298 -0.336138 -0.110709
v 0.095662 -0.336132 -0.094798
v 0.038156 -0.336133 -0.048385
v 0.029365 -0.336158 -0.051125
v -0.075120 -0.336139 -0.012570
v 0.017587 -0.336135 -0.086772
v 0.012671 -0.336138 -0.066229
v 0.008175 -0.336138 -0.039073
v 0.061464 -0.336131 -0.096543
v 0.062650 -0.336137 -0.120933
v 0.095874 -0.336136 -0.124221
v 0.119003 -0.336137 -0.137779
v 0.171762 -0.336139 -0.164335
v 0.169307 -0.336137 -0.131038
v 0.288593 -0.336150 -0.202549
v 0.298163 -0.336151 -0.224402
v 0.208037 -0.336142 -0.170465
v 0.259499 -0.336128 -0.219318
v 0.212224 -0.336142 -0.194495
v 0.091981 -0.336137 -0.149221
v 0.131267 -0.336138 -0.155589
v 0.083303 -0.336137 -0.140426
v -0.185141 -0.336139 -0.023629
v -0.287029 -0.336169 0.053296
v -0.302258 -0.336150 0.044828
v -0.223018 -0.336139 -0.011138
v -0.221131 -0.336140 -0.028618
v -0.060250 -0.336138 -0.067875
v -0.279950 -0.336085 -0.026917
v -0.274541 -0.336142 0.008811
v -0.201352 -0.336137 -0.061498
v -0.120024 -0.336139 -0.119909
v -0.122875 -0.336194 -0.143515
v -0.019319 -0.336137 -0.097063
v 0.034427 -0.336138 -0.119651
v 0.171949 -0.336140 -0.181937
v 0.169622 -0.336142 -0.201812
v 0.137570 -0.336138 -0.202211
v 0.097911 -0.336139 -0.214741
v 0.037501 -0.336138 -0.139715
v -0.055783 -0.336137 -0.158160
v -0.009403 -0.336135 -0.182633
v -0.070898 -0.336134 -0.186383
v -0.044413 -0.336139 -0.217981
v -0.194853 -0.336137 -0.072965
v -0.218770 -0.336142 -0.134715
v -0.194263 -0.336137 -0.105867
v -0.110503 -0.336112 -0.199609
v -0.244845 -0.336154 -0.112656
v -0.210372 -0.336138 -0.168330
v -0.206665 -0.336138 -0.192286
v -0.165891 -0.336138 -0.152649
v -0.244429 -0.336134 -0.183886
v -0.250816 -0.336140 -0.162238
v -0.234009 -0.336139 -0.210417
v 0.018881 -0.336145 -0.224045
v -0.140456 -0.336134 -0.222369
v -0.198841 -0.336118 -0.229019
v -0.314270 -0.336325 -0.209386
v -0.299707 -0.335724 -0.365398
v -0.304913 -0.336155 -0.275977
v -0.173463 -0.336158 -0.232658
v -0.054285 -0.336162 -0.223162
v -0.109429 -0.336136 -0.211248
v -0.235332 -0.336140 -0.167562
v 0.038731 -0.336138 -0.160358
v 0.066301 -0.336138 -0.189217
v 0.183571 -0.336134 -0.227356
v -0.157383 -0.336134 -0.076291
v -0.020598 -0.336138 -0.085947
v -0.069636 -0.336138 0.009396
v 0.035073 -0.336140 0.003710
v -0.017320 -0.336140 0.023447
v -0.142183 -0.336145 0.126539
v -0.104478 -0.336146 0.125433
v -0.215419 -0.336150 0.185346
v 0.023224 -0.336143 0.176151
v -0.035587 -0.336147 0.179877
v 0.265044 -0.336158 0.111192
v 0.099615 -0.336144 0.175195
v 0.088226 -0.336145 0.202297
v 0.010018 -0.336145 0.235784
v 0.201831 -0.336146 0.201369
v 0.232718 -0.336151 0.206247
v -0.171252 -0.336162 0.359540
v -0.144637 -0.336166 0.365647
v -0.190188 -0.336212 0.391666
v -0.238686 -0.336164 0.399943
v -0.289897 -0.336161 0.393438
v -0.267722 -0.336158 0.406396
v -0.052121 -0.336154 0.310736
v 0.078526 -0.336151 0.299687
v 0.187313 -0.336145 0.234227
v 0.166729 -0.336146 0.277409
v -0.189425 -0.336155 0.375912
v -0.216287 -0.336161 0.419153
v -0.224599 -0.336168 0.468307
v -0.158203 -0.336170 0.407258
v 0.074834 -0.336150 0.327320
v 0.232495 -0.336166 0.252476
v 0.292684 -0.336174 0.249446
v 0.236828 -0.336151 0.295727
v 0.166216 -0.335929 0.330827
v 0.148317 -0.336158 0.364230
v 0.097401 -0.336157 0.366389
v 0.066176 -0.336156 0.370097
v 0.059252 -0.336140 0.396422
v 0.028168 -0.336160 0.406401
v -0.045632 -0.336143 0.459545
v -0.043227 -0.336185 0.459058
v -0.064281 -0.336165 0.441701
v -0.205784 -0.336170 0.466730
v -0.109852 -0.336171 0.460753
v 0.134382 -0.336161 0.385886
v 0.101258 -0.336163 0.389340
v 0.223466 -0.336151 0.321395
v 0.316145 -0.336163 0.324528
v 0.288590 -0.336174 0.364548
v 0.120983 -0.336171 0.439362
v 0.149575 -0.336044 0.437803
v 0.306385 -0.336200 0.338811
v 0.227166 -0.336164 0.407720
v 0.304698 -0.336204 0.379243
v 0.270304 -0.336168 0.397574
v 0.239421 -0.336166 0.439415
v 0.317026 -0.336170 0.433345
v 0.259818 -0.336193 0.465006
v 0.268592 -0.336158 0.363173
v 0.108909 -0.336170 0.431273
v 0.009193 -0.336169 0.464152
v 0.013309 -0.336164 0.376661
v 0.071935 -0.336153 0.342659
v -0.224127 -0.336160 0.438398
v 0.293884 -0.336200 0.129837
v -0.297377 0.333385 -0.213370
v -0.292188 0.336337 -0.215806
v -0.296018 0.333478 -0.219062
v -0.347834 -0.339136 -0.314372
v -0.351628 -0.337059 -0.323052
v -0.336564 0.348914 -0.391749
v -0.339565 0.348340 -0.386336
v -0.338432 0.349018 -0.398404
v -0.332913 0.350139 -0.381571
v -0.334006 0.350844 -0.368896
v -0.330180 0.347218 -0.367806
v -0.337122 0.349617 -0.472008
v -0.338932 0.349947 -0.455328
v -0.340134 0.347128 -0.439692
v 0.258630 0.349395 -0.269009
v 0.090237 0.344511 -0.245991
v 0.307379 0.375983 -0.499659
v 0.311793 0.336087 -0.303206
v 0.326196 0.349983 -0.407563
v 0.155688 0.354846 -0.252206
v -0.007886 0.351310 -0.256690
v 0.049162 0.351314 -0.305294
v -0.137084 0.350035 -0.257618
v -0.227781 0.351279 -0.256115
v -0.307705 0.372719 -0.276399
v -0.341889 0.326148 -0.443715
v -0.181073 0.329475 -0.262218
v -0.065863 0.347384 -0.349534
v -0.140728 0.348663 -0.253471
v 0.030578 0.347383 -0.422556
v 0.193636 0.347381 -0.368972
v 0.082636 0.347393 -0.257967
v 0.253029 0.349130 -0.476512
v 0.150123 0.347380 -0.325459
v 0.323362 0.345801 -0.474783
v 0.314902 0.364182 -0.306964
v 0.257716 0.347518 -0.270320
v 0.129531 0.350948 -0.242290
v -0.177499 0.347470 -0.253493
v -0.210045 0.346426 -0.256505
v -0.230854 0.347356 -0.256317
v -0.298861 0.347510 -0.256861
v -0.301721 0.348677 -0.272839
v -0.319035 0.336793 -0.281242
v -0.333535 0.349836 -0.387294
v -0.341297 0.342279 -0.475655
v -0.334259 0.347641 -0.395808
v 0.091314 0.348665 -0.255206
v -0.209640 0.347611 -0.257477
v -0.344833 -0.338163 -0.320654
v -0.285835 -0.306525 -0.458777
v -0.317496 -0.307739 -0.459429
v -0.351536 -0.305237 -0.458605
v -0.336637 -0.323508 -0.473793
v -0.247954 -0.317940 -0.404782
v -0.254820 -0.318576 -0.262175
v 0.315267 -0.307525 -0.476733
v 0.327840 -0.298590 -0.322730
v 0.255411 -0.300868 -0.262784
v -0.345383 0.125352 -0.474504
v -0.355306 -0.020274 -0.476451
v -0.352585 0.006468 -0.477824
v -0.344329 0.236369 -0.472618
v -0.355013 0.245214 -0.475915
v -0.343111 -0.005149 -0.477695
v -0.355221 -0.059628 -0.475987
v -0.346957 -0.064966 -0.471021
v -0.351652 -0.082346 -0.478813
v -0.348135 -0.117695 -0.464604
v -0.350349 -0.186824 -0.470063
v -0.349711 -0.208593 -0.471762
v -0.345262 -0.228780 -0.473433
v -0.350847 -0.243679 -0.475295
v -0.319217 0.348950 -0.527132
v -0.339711 -0.307287 -0.490637
v -0.339708 -0.201262 -0.490485
v -0.255751 0.357573 -0.490833
v -0.177760 0.298714 -0.490483
v 0.181496 0.347851 -0.489654
v 0.161111 0.330007 -0.490485
v -0.087159 0.118096 -0.490481
v 0.101010 0.275725 -0.490483
v 0.115162 0.211571 -0.490483
v 0.087972 0.334611 -0.490527
v 0.315894 0.293436 -0.499675
v 0.249860 0.233424 -0.490486
v 0.039119 0.188299 -0.490482
v 0.015765 0.118516 -0.490480
v 0.333688 0.132703 -0.490714
v -0.104012 0.105803 -0.490482
v 0.021283 0.196739 -0.490470
v 0.212463 0.098245 -0.490477
v 0.217411 0.101627 -0.490473
v 0.290996 0.151149 -0.490482
v 0.208077 0.095977 -0.490478
v 0.203968 0.069256 -0.490482
v -0.054375 -0.059715 -0.490482
v 0.222347 0.078241 -0.490483
v -0.048300 -0.060206 -0.490482
v -0.041664 -0.060206 -0.490482
v 0.095005 -0.204118 -0.490482
v 0.326766 -0.141815 -0.479715
v 0.333561 -0.133087 -0.490708
v 0.311523 -0.197389 -0.490811
v 0.211007 -0.150579 -0.490485
v 0.302949 -0.193101 -0.490489
v 0.117218 -0.279263 -0.490480
v 0.125442 -0.307365 -0.490584
v -0.022597 -0.304383 -0.490491
v -0.026675 -0.307423 -0.490552
v -0.224934 -0.275191 -0.490480
v -0.174447 -0.307359 -0.490566
v 0.209059 -0.252601 -0.490482
v 0.306929 -0.304517 -0.492083
v 0.209059 -0.307325 -0.490538
v 0.205867 0.094876 -0.490482
v 0.315508 0.351568 -0.490176
v -0.076157 -0.096948 -0.494411
v 0.273447 0.253249 -0.494410
v 0.316045 0.353858 -0.492224
v 0.021621 -0.295572 -0.479904
v -0.056485 -0.307388 -0.494368
v -0.338379 -0.307335 -0.494322
v -0.339571 -0.307264 -0.494294
v 0.064300 -0.239109 -0.494409
v 0.318142 -0.298295 -0.479012
v 0.324068 -0.145838 -0.504854
v 0.322711 0.291280 -0.497601
v 0.213970 -0.073886 -0.494413
v 0.214729 -0.079983 -0.494410
v 0.234746 -0.105688 -0.494411
v 0.061119 -0.235929 -0.494411
v 0.100665 -0.029612 -0.494410
v 0.100725 -0.031054 -0.494412
v 0.085544 -0.257247 -0.494411
v 0.088681 0.010777 -0.494412
v 0.213971 0.123481 -0.494421
v 0.313132 0.349278 -0.491989
v 0.145639 0.157647 -0.494409
v 0.109572 0.357210 -0.495046
v 0.108736 0.357297 -0.493526
v -0.040543 0.250738 -0.494411
v -0.073839 -0.101462 -0.494411
v 0.012566 -0.272887 -0.494411
v -0.199899 -0.237672 -0.494411
v -0.127865 -0.093604 -0.494406
v -0.116794 -0.071461 -0.494415
v 0.003464 0.168628 -0.494440
v -0.230573 -0.144958 -0.494410
v -0.339805 -0.199328 -0.494387
v -0.278645 -0.016740 -0.494411
v -0.162666 0.193743 -0.494414
v -0.342506 0.355875 -0.491436
v -0.339808 0.004113 -0.494379
v -0.266344 0.259274 -0.494411
v -0.339788 0.283612 -0.494281
v 0.250315 -0.136824 -0.494412
v 0.298977 0.356424 -0.494144
v -0.336004 0.350044 -0.475527
v -0.138765 0.344577 -0.476861
v -0.037681 0.350012 -0.475240
v 0.077327 0.355433 -0.491496
v -0.251957 0.356138 -0.497601
v -0.335654 0.354122 -0.492213
v -0.180461 0.321038 0.507705
v -0.291778 -0.338372 -0.401374
v -0.293471 -0.336823 -0.285156
v -0.247166 -0.252964 -0.287519
v -0.226676 0.349458 -0.251571
v -0.199321 0.346788 -0.254532
v -0.199828 0.349079 -0.251503
v -0.176779 0.351507 -0.254844
v -0.230901 0.346514 -0.254793
v -0.225831 0.351133 -0.255305
v -0.176789 0.347797 -0.255065
v -0.175867 0.353167 -0.255802
v -0.153893 0.351754 -0.255316
v -0.164036 -0.309881 -0.470751
v 0.305522 -0.307375 -0.470090
v 0.279477 -0.309451 -0.469065
v -0.123722 0.332505 -0.211161
v -0.111328 0.333447 -0.212816
v -0.164311 0.332977 -0.213096
v -0.104632 0.333022 -0.213805
v -0.037971 0.332549 -0.214716
v -0.024193 0.336282 -0.211871
v -0.198903 0.333725 -0.212694
v -0.243158 0.331295 -0.212773
v -0.263221 0.330321 -0.215848
v -0.180070 0.335843 -0.249269
v -0.197624 0.335517 -0.252727
v -0.185714 0.334344 -0.252891
v -0.197797 0.333326 -0.258156
v -0.201071 0.331913 -0.252240
v -0.196278 0.331417 -0.252100
v -0.066627 -0.340023 -0.245111
v -0.148379 -0.336272 -0.241799
v -0.157698 -0.337755 -0.246170
v -0.167554 -0.347325 -0.249053
v -0.173304 -0.337451 -0.246162
v -0.064029 -0.337475 -0.245903
v 0.265236 -0.338591 -0.277345
v 0.263943 -0.336916 -0.257427
v 0.264765 -0.340177 -0.255305
v 0.264844 -0.343061 -0.254270
v 0.263628 -0.337433 -0.236438
v 0.262514 -0.337804 -0.247402
v 0.052359 -0.331288 -0.244888
v -0.047947 -0.337942 -0.246458
v 0.180907 -0.340104 -0.242545
v -0.063744 -0.338624 -0.245429
v -0.066647 -0.337070 -0.244284
v -0.139571 -0.335568 -0.246996
v -0.145727 0.348783 -0.252729
v -0.141986 0.351647 -0.254850
v -0.141666 0.348212 -0.254632
v -0.014014 0.321138 0.508182
v -0.001211 0.321727 0.506716
v 0.043061 0.320573 0.507474
v -0.063537 0.335529 -0.213480
v 0.180810 0.320005 0.507940
v 0.167623 0.321220 0.507414
v 0.158789 0.321313 0.507637
v 0.153437 0.330989 -0.490487
v 0.258363 -0.309380 -0.286040
v 0.258912 -0.306259 -0.291910
v 0.264384 -0.308656 -0.295992
v 0.271851 -0.309975 -0.305700
v 0.286594 -0.307271 -0.319247
v 0.330223 -0.306709 -0.335528
v 0.318383 -0.308929 -0.333646
v 0.331581 -0.305610 -0.327843
v 0.311893 -0.307620 -0.326768
v 0.306875 -0.307314 -0.327515
v 0.332328 -0.307467 -0.407728
v 0.329109 -0.305655 -0.400390
v 0.312161 -0.337848 0.457934
v 0.313263 -0.338129 0.461576
v 0.297782 -0.342850 0.462936
v 0.301152 -0.337656 0.110933
v 0.298782 -0.337540 0.119448
v 0.296126 -0.336511 0.122310
v 0.302431 -0.336792 0.079045
v 0.300178 -0.340498 0.075062
v 0.297518 -0.335335 0.074253
v 0.313196 -0.336295 0.080648
v 0.303243 -0.335714 0.074438
v 0.296360 -0.339505 0.073257
v 0.310245 -0.339942 0.015418
v 0.311780 -0.337597 0.017779
v 0.310799 -0.338457 -0.031090
v 0.280230 -0.306720 -0.311638
v 0.330321 -0.332804 0.293369
v 0.331465 -0.330629 0.400577
v 0.342476 -0.320745 -0.017593
v 0.332246 -0.330979 0.422012
v 0.328865 -0.335109 0.084964
v 0.351861 -0.319711 0.489377
v 0.330723 -0.338632 0.442515
v 0.329943 -0.260493 0.493217
v 0.327516 -0.224999 0.485758
v 0.332736 -0.123285 0.492211
v 0.329882 0.311712 0.067283
v 0.329912 0.299986 0.064618
v 0.329998 0.296659 0.050431
v 0.352415 0.306054 0.000374
v 0.331659 0.273982 0.035691
v 0.329903 0.266465 0.079183
v 0.329907 0.269704 0.125309
v 0.329901 0.244778 0.122188
v 0.329901 0.212465 0.142529
v 0.329902 0.248484 0.125295
v 0.329915 0.200707 0.073191
v 0.329905 0.195399 0.153734
v 0.329856 0.203354 0.200436
v 0.329899 0.195467 0.146550
v 0.329897 0.166533 0.148174
v 0.329895 0.165424 0.135230
v 0.329897 0.136402 0.158318
v 0.329960 0.110708 0.129995
v 0.329886 0.169324 0.107500
v 0.329896 0.151036 0.080597
v 0.329797 0.116013 0.123467
v 0.329895 0.172565 0.064080
v 0.329893 0.081369 0.140600
v 0.329887 0.074518 0.105191
v 0.329893 0.141942 0.083752
v 0.329925 0.120764 0.079175
v 0.329894 0.094968 0.093276
v 0.329906 0.121432 0.018617
v 0.329893 0.145378 0.014773
v 0.329879 0.192457 0.036494
v 0.329898 0.180482 0.011821
v 0.329895 0.167995 0.012263
v 0.329872 0.191952 -0.002186
v 0.329894 0.178810 0.001176
v 0.329895 0.168904 -0.010958
v 0.329894 0.201840 0.042425
v 0.329878 0.233343 0.011284
v 0.329891 0.109985 0.054309
v 0.329864 0.086370 0.016867
v 0.329895 0.124938 -0.002439
v 0.329891 0.090298 0.018895
v 0.329888 0.085440 0.024614
v 0.329893 0.070429 -0.006853
v 0.321643 0.051092 0.011246
v 0.331860 0.036577 -0.017574
v 0.329926 0.032524 -0.022167
v 0.329938 0.001282 0.106522
v 0.329603 0.003097 0.076656
v 0.329392 -0.003009 0.032442
v 0.329583 0.029803 -0.005532
v 0.329381 -0.007558 0.012585
v 0.327680 -0.035870 0.019611
v 0.329408 -0.034075 0.026403
v 0.329436 -0.013731 0.028899
v 0.330457 0.019282 -0.020748
v 0.329241 -0.046039 0.057943
v 0.324799 -0.044346 -0.008652
v 0.329312 -0.069932 -0.019528
v 0.329313 -0.020954 0.078073
v 0.330187 -0.040946 0.021513
v 0.329381 -0.054282 -0.001917
v 0.330547 -0.104278 0.007660
v 0.329289 -0.077709 -0.012502
v 0.329482 -0.088156 0.030911
v 0.329205 -0.076457 -0.036262
v 0.329537 0.021177 -0.027965
v 0.329180 -0.095506 -0.021480
v 0.329614 -0.112930 -0.028570
v 0.330158 -0.081058 -0.054731
v 0.329394 -0.008204 0.045482
v 0.327890 -0.115256 0.016959
v 0.328584 -0.121893 -0.031121
v 0.329757 -0.137984 0.008747
v 0.327128 -0.142314 0.038642
v 0.329597 -0.105386 0.021604
v 0.329979 -0.103163 0.040427
v 0.329833 -0.139458 0.041461
v 0.330593 -0.047309 -0.052249
v 0.321562 -0.072368 -0.085156
v 0.329368 0.015218 -0.026177
v 0.329801 0.009026 -0.070476
v 0.330098 -0.078948 0.057256
v 0.329863 -0.083312 0.093750
v 0.329812 -0.103144 0.084276
v 0.332900 -0.029662 0.105426
v 0.323133 -0.010442 0.091045
v 0.329877 -0.139679 0.053784
v 0.329891 -0.145039 0.082163
v 0.329440 -0.161397 0.038777
v 0.329892 -0.089245 0.120336
v 0.329877 -0.099656 0.093606
v 0.329878 -0.162675 0.117478
v 0.329660 -0.065279 0.118815
v 0.329893 -0.093928 0.148055
v 0.329894 0.144069 0.007386
v 0.329894 0.164077 0.000569
v 0.329844 0.094101 0.053796
v 0.329892 0.025635 -0.078043
v 0.329872 0.040709 -0.125902
v 0.329563 0.079679 -0.081646
v 0.329894 0.079588 -0.081268
v 0.331088 0.050380 -0.043391
v 0.329895 0.088171 -0.018703
v 0.329338 0.020194 -0.062503
v 0.329353 -0.054101 -0.010912
v 0.329887 -0.022204 0.139688
v 0.329885 0.104090 -0.061080
v 0.329896 0.096802 -0.111829
v 0.329926 0.104278 -0.040065
v 0.329896 0.114188 -0.073752
v 0.329859 0.075840 -0.025017
v 0.329876 0.065832 -0.029393
v 0.329902 0.097247 -0.026301
v 0.329867 0.166930 -0.096184
v 0.329893 0.032743 0.106779
v 0.329645 0.062827 0.099828
v 0.329893 0.047886 0.122751
v 0.329733 0.009915 0.136236
v 0.329891 0.061561 0.139877
v 0.329895 0.095662 0.083127
v 0.329858 -0.022600 0.114770
v 0.329956 -0.024602 0.162294
v 0.329891 0.005116 0.147758
v 0.329922 0.021993 0.152307
v 0.329893 0.009593 0.142457
v 0.329896 0.097276 -0.077018
v 0.329912 0.175248 -0.026960
v 0.329891 0.110328 -0.008741
v 0.329894 0.112271 -0.029805
v 0.330712 0.035006 -0.062942
v 0.329547 0.013654 -0.048429
v 0.329826 -0.004515 0.092715
v 0.329957 -0.142689 0.111995
v 0.329893 0.034190 -0.131743
v 0.329900 0.007701 -0.129306
v 0.330427 -0.022518 -0.123824
v 0.329879 -0.049401 -0.109155
v 0.329900 -0.049621 -0.126091
v 0.330389 -0.053904 -0.083797
v 0.329896 0.004552 -0.145034
v 0.329896 0.013366 -0.138903
v 0.329894 0.003255 -0.170200
v 0.329882 -0.058872 -0.115942
v 0.331862 -0.034578 -0.058428
v 0.329884 0.063719 -0.038705
v 0.329888 -0.074335 0.126777
v 0.329893 -0.085724 0.147216
v 0.329891 -0.212776 0.049344
v 0.329806 -0.224603 0.078816
v 0.329891 -0.171437 0.017866
v 0.329890 -0.209551 0.017852
v 0.329754 -0.193814 -0.013772
v 0.329893 -0.156520 -0.047889
v 0.329867 -0.146055 -0.041408
v 0.329880 -0.154805 -0.026438
v 0.329844 -0.146698 -0.018969
v 0.329819 -0.157436 -0.000640
v 0.329988 -0.121069 -0.054580
v 0.332963 -0.105499 -0.061245
v 0.329892 -0.216236 0.045539
v 0.329895 -0.199596 -0.039596
v 0.329322 -0.085537 -0.114408
v 0.329858 -0.135273 -0.113373
v 0.330030 -0.101917 -0.131219
v 0.329880 -0.099028 -0.086102
v 0.329894 -0.121772 -0.116636
v 0.329898 -0.176463 -0.113424
v 0.329845 -0.194046 -0.077823
v 0.329893 -0.159929 -0.137381
v 0.329895 -0.176934 -0.146903
v 0.329895 -0.194173 -0.128095
v 0.329939 -0.148379 -0.147860
v 0.329882 -0.146098 -0.046433
v 0.329097 -0.130821 -0.052488
v 0.329816 -0.107731 -0.073554
v 0.329829 -0.098858 -0.081757
v 0.329920 -0.055021 -0.140826
v 0.329806 -0.092200 -0.167406
v 0.329893 -0.208070 0.091415
v 0.329897 -0.115587 0.151821
v 0.329912 -0.054627 -0.181376
v 0.329897 -0.126874 0.159674
v 0.329889 -0.152940 0.189893
v 0.329967 -0.138750 0.141774
v 0.329893 0.034933 0.143252
v 0.329896 0.156401 -0.108788
v 0.329966 0.171088 -0.126904
v 0.329915 0.143164 -0.071325
v 0.329902 -0.077805 -0.174846
v 0.329904 -0.041706 -0.159838
v 0.329910 -0.026251 -0.179390
v 0.329897 -0.068106 -0.192415
v 0.329897 -0.038998 -0.187213
v 0.329942 -0.018123 -0.159175
v 0.329817 -0.059651 -0.204222
v 0.329858 -0.059901 -0.248310
v 0.329932 -0.118341 -0.232027
v 0.329893 -0.055991 -0.265479
v 0.329856 0.177587 -0.037008
v 0.329901 -0.206044 -0.033756
v 0.329887 -0.208865 -0.071555
v 0.329896 -0.240580 -0.007264
v 0.329869 -0.239976 -0.055106
v 0.329899 -0.280084 -0.013367
v 0.329904 -0.240822 -0.012397
v 0.329894 0.020947 -0.158513
v 0.329908 0.105356 -0.112092
v 0.329912 0.142619 -0.146324
v 0.329900 0.097071 -0.132354
v 0.329894 0.096588 -0.120628
v 0.329899 0.131184 -0.183316
v 0.329896 0.147857 -0.115141
v 0.329896 0.178735 -0.133789
v 0.329889 0.203910 -0.130774
v 0.329895 0.166154 -0.166139
v 0.329295 -0.035097 -0.057789
v 0.329894 0.032161 -0.155670
v 0.329899 -0.245637 -0.073505
v 0.329893 0.177356 -0.010366
v 0.329898 -0.261636 -0.082644
v 0.329898 -0.273785 -0.082211
v 0.329893 -0.255297 -0.060478
v 0.329894 -0.235007 -0.132604
v 0.329895 -0.184862 -0.121963
v 0.329899 -0.207202 -0.118518
v 0.329901 -0.202749 -0.083497
v 0.333080 -0.277997 -0.104074
v 0.329899 -0.255589 -0.097269
v 0.329900 0.199436 -0.168056
v 0.329896 0.172426 -0.160682
v 0.329877 0.206531 -0.188326
v 0.329894 0.221378 -0.215269
v 0.329823 0.166977 -0.228714
v 0.329903 0.240486 -0.154640
v 0.329900 0.228329 -0.142946
v 0.329974 0.214410 -0.101726
v 0.330402 0.252004 -0.136296
v 0.329893 0.192657 -0.104198
v 0.329875 0.224114 -0.169571
v 0.329897 -0.145797 0.195879
v 0.330157 -0.263422 -0.005185
v 0.329919 -0.263834 0.024564
v 0.329893 -0.172601 -0.153818
v 0.329898 -0.182032 -0.182172
v 0.329899 -0.179279 -0.180948
v 0.329903 -0.170073 -0.197144
v 0.329935 -0.182221 -0.252267
v 0.329791 -0.034848 -0.250948
v 0.329900 -0.003834 -0.222069
v 0.329880 0.005960 -0.204534
v 0.329894 0.043668 -0.215593
v 0.329893 0.010297 -0.170979
v 0.329894 0.039697 -0.169270
v 0.329892 0.029912 -0.164310
v 0.329895 -0.020142 -0.268356
v 0.329893 0.052181 -0.227078
v 0.329889 0.048455 -0.257572
v 0.329891 0.035364 -0.263034
v 0.329895 0.003919 -0.181614
v 0.329763 0.066059 -0.217844
v 0.329937 0.021601 -0.199087
v 0.329895 0.045969 -0.174179
v 0.329895 0.039247 -0.156790
v 0.329895 0.063348 -0.121981
v 0.329902 0.264912 -0.152503
v 0.329869 0.087799 -0.165354
v 0.329897 0.103545 0.239296
v 0.329899 0.121504 0.162956
v 0.329891 0.156872 0.223189
v 0.329902 0.246358 -0.170200
v 0.327539 0.284404 -0.147567
v 0.329896 -0.114406 -0.143881
v 0.329014 -0.098087 0.054757
v 0.329977 -0.125972 0.115249
v 0.331783 0.210847 -0.264863
v 0.329904 0.272034 -0.234197
v 0.329924 -0.194602 0.170868
v 0.329867 -0.227293 0.164576
v 0.329897 -0.179706 0.147513
v 0.329897 -0.180355 0.136808
v 0.329896 -0.195391 0.105015
v 0.329899 -0.226097 0.109125
v 0.329898 -0.225311 0.130641
v 0.329887 0.143576 -0.186248
v 0.329911 -0.120532 -0.137343
v 0.329895 -0.164177 0.220052
v 0.329888 -0.227881 -0.233611
v 0.329894 -0.225844 -0.213860
v 0.329896 0.085027 -0.142261
v 0.329893 -0.221960 -0.129438
v 0.329897 -0.222799 -0.205670
v 0.329847 -0.228770 -0.214834
v 0.329918 0.147987 0.185075
v 0.329898 -0.084256 -0.193239
v 0.329900 -0.093940 -0.207646
v 0.329897 -0.130179 -0.206287
v 0.329900 -0.102592 -0.175918
v 0.329899 -0.095148 -0.194228
v 0.329884 0.095800 -0.197706
v 0.329893 0.131605 -0.216663
v 0.329903 0.081642 -0.186588
v 0.329893 0.123468 -0.218243
v 0.329955 0.082606 0.214340
v 0.329911 0.049158 0.178230
v 0.329896 0.027576 0.221836
v 0.329863 0.013973 0.182741
v 0.329890 0.067541 0.273920
v 0.329900 0.065193 0.225758
v 0.329895 0.077160 0.262747
v 0.329889 0.092093 0.262261
v 0.329896 0.097174 0.239602
v 0.329898 0.092910 0.229085
v 0.329900 0.027374 0.177897
v 0.329884 0.049484 0.168032
v 0.329897 -0.008625 0.188389
v 0.329866 -0.006348 0.230532
v 0.329846 -0.026644 0.204386
v 0.329891 -0.038309 0.241353
v 0.329898 -0.063420 0.241599
v 0.329878 -0.031086 0.257208
v 0.329898 -0.025835 0.283013
v 0.329098 -0.076213 0.299775
v 0.329894 -0.036340 0.221919
v 0.329897 -0.004214 0.262266
v 0.329844 0.001908 0.273232
v 0.329910 -0.004946 0.296567
v 0.329897 -0.069683 0.241692
v 0.336267 -0.034460 0.307249
v 0.329894 -0.069271 0.218431
v 0.329896 -0.083194 0.221064
v 0.329865 0.007707 0.246948
v 0.329893 0.019132 0.214589
v 0.329895 0.124409 0.242774
v 0.331562 0.119493 0.252589
v 0.329954 0.028878 0.325377
v 0.329904 -0.013689 0.306523
v 0.329928 -0.255591 -0.214321
v 0.329592 -0.083830 -0.058661
v 0.329894 -0.217033 0.093873
v 0.329900 -0.101309 -0.141774
v 0.329909 -0.227009 0.102670
v 0.330045 -0.136756 -0.154336
v 0.329898 -0.114487 -0.167891
v 0.329886 -0.181534 0.058692
v 0.330008 -0.099259 -0.280597
v 0.329881 -0.064222 -0.318484
v 0.329873 -0.212951 -0.257680
v 0.329381 -0.199284 -0.279521
v 0.329875 -0.223073 -0.251510
v 0.329470 -0.198309 -0.289434
v 0.328622 -0.134352 -0.228668
v 0.329887 -0.123944 -0.232538
v 0.329898 0.065164 -0.233600
v 0.329913 0.054291 -0.262644
v 0.329877 0.103830 -0.258815
v 0.329905 0.058925 -0.233448
v 0.329932 0.073738 -0.295569
v 0.329888 0.022775 -0.321127
v 0.329874 0.064360 -0.324951
v 0.329899 -0.026808 -0.324096
v 0.330217 0.043271 -0.357038
v 0.329817 -0.000119 -0.352317
v 0.329885 0.023899 -0.381568
v 0.329907 0.135111 -0.203347
v 0.329890 -0.260521 -0.275464
v 0.329900 0.208237 -0.045417
v 0.329919 0.176564 -0.077399
v 0.329900 0.248907 -0.049681
v 0.329898 0.231950 -0.028793
v 0.329900 0.223623 -0.089777
v 0.330216 0.247330 -0.093885
v 0.329928 0.033284 0.157392
v 0.329893 -0.231878 0.086362
v 0.329894 -0.249413 0.047912
v 0.338638 -0.271968 0.064115
v 0.329901 -0.251773 0.119891
v 0.329906 -0.287143 0.101484
v 0.329889 -0.298196 0.110997
v 0.339402 -0.271783 0.142938
v 0.329901 -0.236806 -0.151078
v 0.329895 -0.225374 -0.121724
v 0.330000 -0.187413 -0.291891
v 0.329591 -0.182308 -0.321554
v 0.329899 -0.215537 0.145993
v 0.329900 -0.208838 0.152502
v 0.329908 -0.003812 -0.284016
v 0.329899 -0.252497 0.182646
v 0.329903 -0.256772 0.217166
v 0.329899 0.180085 0.145978
v 0.329898 -0.094356 -0.177163
v 0.329894 0.215443 -0.004342
v 0.329890 -0.025473 -0.311905
v 0.329342 -0.179749 0.263225
v 0.329887 -0.135329 0.236069
v 0.329899 -0.172819 0.236514
v 0.329854 -0.178086 0.245697
v 0.330177 -0.205906 0.253899
v 0.329872 0.069109 -0.331685
v 0.329894 -0.234520 0.053280
v 0.329895 -0.280915 -0.042602
v 0.329896 -0.288986 -0.083616
v 0.330155 -0.296999 -0.083688
v 0.329890 -0.120132 0.235862
v 0.329776 0.087951 -0.314875
v 0.329831 0.141345 -0.270844
v 0.329925 0.098364 -0.277231
v 0.329879 0.091107 -0.263974
v 0.330371 0.006906 -0.395700
v 0.329885 0.029391 -0.386125
v 0.329867 -0.020792 0.345681
v 0.329919 0.020887 0.360245
v 0.331228 -0.299112 -0.185554
v 0.329387 -0.202521 -0.304837
v 0.329440 -0.102173 -0.344589
v 0.329406 -0.125582 -0.298650
v 0.329932 -0.259311 -0.156703
v 0.329839 -0.257176 -0.160924
v 0.329968 -0.041165 -0.368326
v 0.329857 -0.292189 -0.284034
v 0.329891 -0.244412 0.175203
v 0.329901 -0.233063 0.151522
v 0.329900 -0.233520 0.141521
v 0.329899 -0.242157 0.131015
v 0.326819 -0.126039 -0.318403
v 0.329894 0.259267 0.012476
v 0.329941 0.289883 -0.021142
v 0.329897 0.229854 0.004017
v 0.329918 0.225448 -0.019239
v 0.330790 0.283018 -0.028000
v 0.330153 0.311570 -0.041060
v 0.329893 -0.263820 0.047814
v 0.329908 -0.282900 0.038199
v 0.329874 0.066198 -0.354740
v 0.329912 0.262859 0.017566
v 0.329938 0.252026 0.081679
v 0.329925 0.249850 0.083432
v 0.329920 0.285190 -0.025032
v 0.329824 0.086153 -0.326206
v 0.329942 0.169781 0.181283
v 0.320780 -0.299936 -0.006568
v 0.335000 -0.299165 -0.009241
v 0.329895 -0.119450 -0.143827
v 0.329892 0.060448 0.346219
v 0.329900 0.037796 0.357814
v 0.329891 0.046171 0.357763
v 0.325951 -0.261076 -0.329116
v 0.329816 -0.283653 -0.339856
v 0.329676 -0.226660 -0.299788
v 0.331274 -0.233676 -0.323890
v 0.329894 -0.143030 -0.206069
v 0.329899 0.031823 0.284125
v 0.329896 0.048612 0.317657
v 0.329892 0.072828 0.279239
v 0.329887 0.069196 0.273063
v 0.329861 0.087647 0.271361
v 0.329884 0.227361 0.080513
v 0.329895 0.212194 -0.015195
v 0.329914 0.160515 -0.209096
v 0.329894 0.155537 -0.210214
v 0.309260 -0.309483 0.001295
v 0.329701 -0.093878 0.321912
v 0.343624 -0.125418 0.303317
v 0.328587 -0.111850 0.334806
v 0.327429 -0.142418 0.265932
v 0.329898 0.148315 0.134697
v 0.329301 -0.181392 0.324602
v 0.330148 0.279585 0.140451
v 0.329860 0.087996 -0.296379
v 0.330061 0.100947 -0.332360
v 0.326567 0.115293 -0.328318
v 0.322860 0.115812 -0.301894
v 0.329899 -0.035789 0.355141
v 0.329354 -0.223971 -0.325319
v 0.329398 -0.193390 -0.327425
v 0.329262 -0.305432 0.023023
v 0.329894 -0.016249 0.173206
v 0.329892 0.056690 0.143492
v 0.329290 -0.171780 -0.302520
v 0.332638 -0.304663 -0.099546
v 0.329859 0.041542 -0.379147
v 0.329898 -0.252979 -0.158868
v 0.329813 -0.051922 -0.316186
v 0.329882 -0.048185 -0.272130
v 0.329934 -0.041491 -0.265330
v 0.329898 0.012184 0.257816
v 0.329872 0.069697 -0.320185
v 0.329902 0.247267 0.211364
v 0.330540 0.276931 0.176194
v 0.329902 0.263618 0.220237
v 0.329899 0.272141 0.254701
v 0.329924 0.262261 0.281155
v 0.328530 0.293167 0.234759
v 0.336936 0.281691 0.256382
v 0.323471 0.293185 0.180235
v 0.330444 0.314411 0.206205
v 0.332008 0.319011 0.133041
v 0.329924 0.062921 0.319735
v 0.328167 -0.186108 0.296696
v 0.329739 -0.224974 0.216153
v 0.323646 0.164749 -0.256785
v 0.330045 0.173099 -0.235013
v 0.331285 0.157799 -0.275542
v 0.329889 -0.006836 0.403397
v 0.329890 -0.036348 0.415341
v 0.329899 0.194060 0.189576
v 0.329973 0.159739 0.217899
v 0.329901 0.205130 0.232303
v 0.329855 0.218285 0.261201
v 0.326040 0.194576 0.301005
v 0.328075 0.174514 0.291762
v 0.329798 0.230030 0.281674
v 0.329896 0.042288 -0.426995
v 0.329889 0.040001 -0.426129
v 0.329906 -0.027365 -0.289677
v 0.330535 0.283211 0.014119
v 0.330786 -0.303400 -0.116162
v 0.329885 -0.080604 0.122357
v 0.329906 -0.043409 0.443924
v 0.329911 -0.040254 0.403218
v 0.329900 0.009659 0.450732
v 0.329908 0.027587 0.450458
v 0.329999 0.033011 0.478174
v 0.330183 0.304479 -0.141945
v 0.324059 0.320386 -0.109770
v 0.330751 0.268893 -0.087045
v 0.329897 0.253883 -0.074654
v 0.329909 0.285533 -0.068749
v 0.331380 0.319824 -0.054496
v 0.329352 0.148338 0.296643
v 0.333348 0.119043 0.331678
v 0.329364 0.158920 0.329573
v 0.329611 0.155030 0.284248
v 0.329687 0.107722 0.305342
v 0.336883 -0.107114 0.359572
v 0.329880 -0.112607 -0.261500
v 0.329417 0.144165 -0.301839
v 0.329874 0.068796 0.451588
v 0.329845 0.067394 0.471909
v 0.329901 0.071468 0.432090
v 0.329849 0.151246 0.253705
v 0.330503 0.165975 0.262433
v 0.330490 0.250865 -0.224742
v 0.330154 0.303939 0.073485
v 0.346259 -0.291735 0.210799
v 0.329911 -0.266984 0.176422
v 0.329851 -0.047040 -0.362014
v 0.329767 -0.167836 -0.254935
v 0.329744 -0.155861 -0.274076
v 0.338200 -0.176899 -0.273266
v 0.329735 -0.051545 0.353566
v 0.329831 -0.067848 0.335198
v 0.330688 -0.163244 0.325320
v 0.329335 -0.159984 0.353415
v 0.329349 -0.150266 0.373213
v 0.329385 -0.158706 0.374660
v 0.329360 -0.153224 0.377091
v 0.329374 -0.146425 0.407930
v 0.329508 -0.190692 0.369214
v 0.329416 -0.167260 0.403186
v 0.329356 -0.191736 0.393448
v 0.329964 -0.100915 0.357664
v 0.327538 -0.277575 -0.213212
v 0.327075 0.319994 -0.133395
v 0.330706 -0.246273 0.401358
v 0.328088 -0.237972 0.376221
v 0.329209 -0.075679 -0.349724
v 0.329263 0.107420 -0.410715
v 0.329880 0.094108 -0.441511
v 0.329629 0.118656 -0.418080
v 0.330755 0.154164 -0.477161
v 0.329367 0.132615 -0.399746
v 0.329354 0.107643 0.354393
v 0.329878 0.074843 0.357913
v 0.329609 0.099555 0.364188
v 0.329979 0.107289 0.365939
v 0.329591 0.110069 0.409777
v 0.329893 0.032817 0.386478
v 0.329858 0.069422 0.353335
v 0.329895 0.010912 0.378592
v 0.329920 0.012305 0.416289
v 0.329943 0.026073 0.415900
v 0.329900 0.026623 0.427033
v 0.329897 -0.004764 0.420023
v 0.330017 -0.238330 0.261632
v 0.328166 -0.227067 0.295220
v 0.318690 -0.244185 0.300538
v 0.327902 -0.224319 0.309541
v 0.320066 -0.193986 0.304925
v 0.329396 -0.187395 0.287896
v 0.331354 -0.192621 0.294064
v 0.327415 -0.136115 -0.304114
v 0.328366 -0.172213 -0.320362
v 0.330208 0.306135 -0.155260
v 0.337853 -0.201187 0.425336
v 0.327219 -0.195500 0.425065
v 0.347144 -0.219507 0.321827
v 0.329894 -0.191660 0.210862
v 0.334366 0.209311 -0.289459
v 0.325498 -0.237444 -0.335220
v 0.328412 -0.236569 -0.367829
v 0.329392 -0.208547 -0.367688
v 0.329710 -0.180000 -0.394889
v 0.329486 -0.183203 -0.362212
v 0.329271 -0.141693 -0.388669
v 0.329222 -0.185659 -0.402320
v 0.328399 -0.197880 -0.429399
v 0.330812 -0.220040 -0.392387
v 0.331393 -0.204112 -0.462143
v 0.329784 -0.194220 -0.446653
v 0.329026 -0.135003 -0.367110
v 0.329308 -0.125328 -0.341120
v 0.330344 -0.307019 0.155238
v 0.329368 -0.295615 0.146357
v 0.325357 -0.292842 -0.257823
v 0.330063 -0.191907 0.272188
v 0.329336 0.206945 0.321623
v 0.329326 0.213666 0.319207
v 0.330018 0.219941 0.358521
v 0.329489 0.171566 0.340348
v 0.329548 0.177500 0.395042
v 0.312749 0.189277 0.428006
v 0.329862 0.146643 0.457483
v 0.326713 0.238068 0.419391
v 0.329057 0.151698 0.363969
v 0.326430 0.169700 0.427806
v 0.329815 0.146337 0.408630
v 0.329676 0.162292 0.427033
v 0.329879 0.244809 0.436803
v 0.329093 0.270422 0.413334
v 0.330075 0.268662 0.467989
v 0.329884 0.232239 0.449421
v 0.329810 0.223123 0.424320
v 0.329385 0.158152 0.335894
v 0.326381 0.239350 0.470802
v 0.329265 0.149218 0.390617
v 0.329716 0.118821 0.348927
v 0.329496 0.217660 0.406490
v 0.329920 0.233309 0.467236
v 0.329817 -0.266256 0.225143
v 0.329909 0.002276 -0.443386
v 0.329873 -0.071226 -0.407631
v 0.329851 -0.086248 -0.415944
v 0.329876 -0.082453 -0.435458
v 0.329865 -0.071825 -0.394409
v 0.331324 -0.012199 -0.452571
v 0.342061 -0.097753 -0.463565
v 0.325394 -0.088590 -0.356482
v 0.329636 -0.120462 -0.411407
v 0.329374 -0.121670 -0.395372
v 0.329832 -0.105168 -0.426948
v 0.330484 -0.093291 -0.439402
v 0.329895 -0.138839 -0.444277
v 0.330009 -0.243992 0.415249
v 0.315691 -0.242113 0.327132
v 0.326401 -0.227669 0.315264
v 0.328292 -0.245483 0.221853
v 0.329900 -0.229532 0.226414
v 0.326677 0.024230 0.498692
v 0.329899 -0.226665 0.227399
v 0.329900 -0.202523 0.209134
v 0.331082 0.077469 0.347103
v 0.329443 0.138848 0.367047
v 0.329465 0.007064 -0.050624
v 0.329882 -0.057228 -0.389016
v 0.330477 -0.002658 -0.418912
v 0.329316 -0.091969 -0.328519
v 0.329893 -0.243175 0.279301
v 0.328610 0.277190 -0.201831
v 0.329889 -0.032456 -0.316248
v 0.329453 0.197180 -0.311303
v 0.329439 0.196661 -0.331228
v 0.331849 0.213719 -0.333396
v 0.329575 0.246792 -0.301118
v 0.329511 0.225180 -0.307896
v 0.329629 0.268834 -0.358379
v 0.329758 0.272813 -0.330738
v 0.329382 0.220772 -0.366095
v 0.329848 0.280157 -0.350083
v 0.338991 0.248695 -0.384191
v 0.329189 0.220658 -0.410214
v 0.329384 0.191246 -0.382240
v 0.329416 0.186459 -0.394458
v 0.326121 0.213830 -0.418133
v 0.329405 0.165245 -0.348239
v 0.329335 0.222164 -0.365469
v 0.329885 -0.251527 -0.237644
v 0.333069 -0.305903 -0.224819
v 0.329872 -0.231854 -0.250485
v 0.332173 0.045605 0.484960
v 0.329901 -0.047620 0.450824
v 0.344507 0.320454 -0.217883
v 0.330265 0.326526 -0.159524
v 0.346188 0.315633 -0.159492
v 0.329062 0.154670 -0.354424
v 0.325928 0.107166 -0.359219
v 0.331149 0.084730 -0.380152
v 0.329603 0.107671 -0.408114
v 0.329807 0.086976 -0.343430
v 0.329668 0.067549 -0.361508
v 0.327739 0.161043 0.277666
v 0.329368 -0.130957 -0.355694
v 0.329770 -0.284170 0.109675
v 0.329900 -0.274576 0.133085
v 0.335429 -0.294702 0.126881
v 0.331018 -0.302194 0.141869
v 0.325673 0.256785 0.318047
v 0.328764 0.232324 0.296401
v 0.328827 0.244056 0.326923
v 0.329803 0.283845 0.346171
v 0.320579 0.256772 0.352751
v 0.330098 0.243014 0.333209
v 0.336721 0.236510 0.324017
v 0.329918 0.285982 0.300489
v 0.321785 -0.076480 0.367714
v 0.329831 -0.105667 0.419283
v 0.329841 -0.141799 0.454424
v 0.329920 -0.076937 0.440866
v 0.329878 -0.083485 0.451346
v 0.332358 -0.107846 0.487636
v 0.335972 -0.153447 0.488667
v 0.329689 -0.074172 0.455886
v 0.329889 -0.159705 0.435744
v 0.329929 -0.192611 0.479680
v 0.329876 -0.189659 0.444235
v 0.327911 -0.194623 0.489540
v 0.329628 -0.111493 0.428287
v 0.329295 -0.104493 0.392784
v 0.331191 0.179603 -0.477616
v 0.330164 0.082602 0.490862
v 0.329873 0.185788 -0.454684
v 0.329758 0.185402 -0.443704
v 0.329099 0.225349 -0.421463
v 0.330433 0.284696 -0.474555
v 0.329942 0.259340 -0.450285
v 0.327498 0.273936 -0.438625
v 0.329855 -0.211750 0.457585
v 0.329354 -0.200057 0.446597
v 0.333923 -0.150686 -0.284532
v 0.329976 0.139239 0.438028
v 0.330781 0.134979 0.470834
v 0.329942 0.175284 0.469034
v 0.330264 0.117932 0.494374
v 0.325295 0.165368 0.499885
v 0.331254 -0.138862 -0.266885
v 0.329875 -0.139724 -0.247897
v 0.329848 -0.126427 -0.252066
v 0.329209 0.185467 0.306315
v 0.326742 0.239938 0.329146
v 0.332135 -0.292331 0.295518
v 0.329897 -0.288161 0.274803
v 0.331506 -0.301245 0.324663
v 0.329894 -0.290690 0.306761
v 0.329910 -0.284748 0.242024
v 0.329896 -0.256117 0.251529
v 0.348147 -0.258651 0.341218
v 0.329899 -0.249714 0.253631
v 0.330552 0.204426 -0.411447
v 0.329645 -0.175593 0.431039
v 0.326880 -0.193089 0.429978
v 0.329276 -0.167660 -0.398445
v 0.329360 -0.168069 -0.430852
v 0.331189 -0.140908 -0.448845
v 0.329699 -0.185254 -0.449229
v 0.329835 -0.087907 -0.349298
v 0.330443 -0.084099 0.327808
v 0.332340 -0.306091 -0.335192
v 0.329816 -0.280547 -0.345064
v 0.329688 0.209140 -0.275299
v 0.332172 -0.299880 0.236613
v 0.331120 -0.107710 -0.458075
v 0.329399 0.181740 -0.366148
v 0.329316 0.159882 -0.389547
v 0.322869 0.166617 -0.430042
v 0.329372 0.161378 -0.365482
v 0.329400 0.160836 -0.355172
v 0.339491 0.031140 -0.466918
v 0.329880 0.269565 0.405163
v 0.329743 0.249710 0.416416
v 0.329973 0.299747 0.370273
v 0.331867 0.258193 0.383868
v 0.329938 0.294321 0.368151
v 0.329502 0.228908 0.379167
v 0.329476 0.222443 0.405649
v 0.329450 0.245828 0.410306
v 0.322392 0.307859 0.427134
v 0.329926 0.286504 0.443820
v 0.329906 0.277705 0.439585
v 0.329596 -0.113922 0.412623
v 0.332338 0.129318 0.415090
v 0.329880 0.074045 0.416390
v 0.329803 0.137626 0.442086
v 0.329968 0.091651 0.474448
v 0.330132 0.113151 0.493952
v 0.329633 0.183953 -0.434629
v 0.329681 -0.275540 -0.344780
v 0.330473 0.311914 -0.157212
v 0.322384 -0.274925 -0.372596
v 0.330377 -0.252762 -0.367615
v 0.329243 -0.240246 -0.389651
v 0.329413 -0.243179 -0.399723
v 0.329448 -0.214829 -0.420813
v 0.330082 -0.254405 -0.373460
v 0.331843 -0.303054 -0.473853
v 0.331554 0.170022 0.423735
v 0.330222 -0.306986 -0.171651
v 0.329669 0.277617 -0.275622
v 0.329818 0.234213 -0.274354
v 0.328571 0.275104 -0.311853
v 0.329044 0.260836 -0.312584
v 0.321197 0.303058 -0.338134
v 0.330393 0.317605 -0.310462
v 0.329881 0.289045 -0.310955
v 0.328604 0.314975 -0.352949
v 0.330841 0.333754 -0.315610
v 0.321402 0.333396 -0.297633
v 0.329902 -0.280852 0.103279
v 0.329895 0.295898 0.279709
v 0.330031 0.303569 0.282389
v 0.329665 -0.301270 0.317845
v 0.330757 -0.302774 0.271400
v 0.330324 -0.305670 -0.182205
v 0.329844 0.293736 -0.237379
v 0.329896 0.279731 -0.219943
v 0.329966 0.300797 -0.240948
v 0.329226 0.187778 -0.407159
v 0.329890 -0.286193 -0.290218
v 0.346636 -0.272179 0.477248
v 0.323968 -0.253942 0.421660
v 0.329394 -0.214661 0.447914
v 0.333880 -0.211089 0.428325
v 0.344617 -0.210765 0.412553
v 0.329876 -0.258442 0.454955
v 0.327439 -0.254985 0.387996
v 0.332788 -0.288572 0.404777
v 0.331901 -0.301274 -0.311886
v 0.333475 0.318719 0.270799
v 0.330658 -0.306951 0.020922
v 0.328812 -0.270656 0.454478
v 0.329756 0.139234 0.426498
v 0.329804 0.221771 0.246719
v 0.329898 -0.070542 -0.441223
v 0.329113 0.062693 -0.442367
v 0.317450 -0.294081 0.368883
v 0.331670 -0.311146 0.349219
v 0.336298 -0.301575 0.391005
v 0.329349 -0.115644 0.399906
v 0.329654 -0.306690 0.407659
v 0.322611 0.314528 0.420405
v 0.329807 0.253911 -0.298293
v 0.331770 0.152679 -0.457845
v 0.329375 -0.187166 0.392470
v 0.329858 0.332129 -0.236431
v 0.333706 0.312745 -0.268467
v 0.332883 0.305187 -0.276173
v 0.330181 0.308719 0.247614
v 0.332379 -0.306279 -0.089654
v 0.331156 0.150155 -0.288500
v 0.329610 -0.138081 -0.422275
v 0.329373 -0.292262 -0.428064
v 0.328460 -0.301968 -0.425858
v 0.327904 -0.305686 -0.348444
v 0.329885 -0.268888 -0.091768
v 0.332468 -0.241864 0.351314
v 0.330492 0.063931 0.479794
v 0.329346 0.170563 -0.292283
v 0.329506 0.311698 -0.430568
v 0.355224 0.323507 -0.381652
v 0.329537 0.228895 0.410335
v 0.328025 0.246034 0.367650
v 0.329341 -0.091928 0.353892
v 0.329805 0.274820 0.364955
v 0.329905 0.097703 -0.449529
v 0.329882 0.083422 -0.447801
v 0.330017 0.070713 -0.459202
v 0.329976 0.292311 -0.464174
v 0.330020 0.087557 0.480858
v 0.331680 0.317768 0.436909
v 0.329974 0.277608 0.472281
v 0.317126 0.303526 0.096579
v 0.365158 0.329182 -0.450015
v 0.329371 -0.176236 -0.413355
v 0.329390 0.192983 -0.366907
v 0.329341 -0.171586 0.436299
v 0.329326 -0.147257 0.418428
v 0.315995 0.303666 -0.217281
v 0.329935 -0.261983 -0.461046
v 0.329934 0.057766 0.434836
v 0.329275 -0.178387 -0.400234
v 0.330889 -0.248600 0.343307
v 0.330443 -0.236050 0.332866
v 0.336199 -0.308743 0.489093
v 0.329293 0.165793 0.296993
v 0.329893 0.130941 -0.222716
v 0.329921 0.282404 -0.452203
v 0.329908 0.018007 -0.269066
v 0.330718 0.003538 0.496668
v 0.324036 0.268280 0.493381
v 0.331177 0.261792 0.500895
v 0.329479 0.279896 0.496662
v 0.340021 0.210161 -0.420080
v 0.329833 0.273587 -0.349032
v 0.329894 -0.126618 -0.123536
v 0.329760 -0.199490 -0.466797
v 0.329831 0.248784 -0.289788
v 0.331421 0.329168 -0.213305
v 0.331104 0.322204 -0.214060
v 0.329885 -0.190511 -0.469383
v 0.334942 -0.247251 -0.476551
v 0.329333 0.323382 0.219126
v 0.323042 0.001522 0.493044
v 0.326284 0.300149 0.500423
v 0.352612 0.312454 0.349369
v 0.332343 0.319418 -0.042225
v 0.328660 -0.038820 -0.059129
v 0.331239 0.118979 0.500845
v 0.331685 0.262759 0.496639
v 0.330339 0.109204 0.498333
v 0.329883 -0.278357 -0.249085
v 0.330777 -0.306831 0.259642
v 0.330602 0.188532 -0.477483
v 0.330446 0.207152 -0.476292
v 0.327430 0.287586 -0.000556
v 0.330149 0.310955 -0.187559
v 0.318383 0.310856 -0.448597
v 0.329973 0.171596 0.038849
v 0.329921 0.073076 0.060225
v 0.329813 0.064106 0.052393
v 0.329994 0.245358 -0.019208
v 0.329919 0.270533 -0.020589
v 0.329895 0.253978 -0.063092
v 0.338359 0.303190 -0.065326
v 0.329896 0.216698 -0.032518
v 0.329906 0.194885 -0.030554
v 0.329906 0.222500 -0.084816
v 0.329893 0.122499 -0.011801
v 0.329127 0.047262 -0.052353
v 0.329894 0.174375 -0.121213
v 0.329862 0.081882 -0.107819
v 0.329897 -0.197319 -0.079348
v 0.329833 -0.126645 -0.077334
v 0.329893 -0.137178 -0.118730
v 0.329888 0.065450 -0.122390
v 0.329896 0.184570 -0.135266
v 0.329929 0.251658 -0.188755
v 0.329881 0.295146 -0.244426
v 0.331253 0.305249 -0.284898
v 0.329861 0.230070 -0.256706
v 0.329595 0.237811 -0.264940
v 0.329853 0.235721 -0.271257
v 0.329792 0.256314 -0.317010
v 0.327762 0.295442 -0.412287
v 0.329923 0.273059 -0.413791
v 0.329894 0.017769 -0.207003
v 0.329895 -0.144509 -0.193577
v 0.329927 0.005651 -0.238504
v 0.329869 0.075921 -0.305181
v 0.329895 -0.039968 -0.222518
v 0.329924 0.020808 -0.265501
v 0.329906 0.044755 -0.327522
v 0.329796 -0.061853 -0.292822
v 0.329895 -0.205491 -0.215509
v 0.329893 -0.200152 -0.212973
v 0.329881 -0.233415 -0.157777
v 0.329894 -0.193178 -0.193927
v 0.329892 -0.243225 -0.225355
v 0.329854 -0.208914 -0.254128
v 0.332084 -0.187123 -0.270353
v 0.329830 -0.156509 -0.259785
v 0.329888 -0.010851 -0.329565
v 0.329874 0.061597 -0.388047
v 0.329277 0.132061 -0.391988
v 0.329885 0.025512 -0.413966
v 0.329880 0.020416 -0.422430
v 0.329876 -0.061306 -0.409517
v 0.329337 -0.140787 -0.349266
v 0.329864 -0.286850 -0.297158
v 0.328473 -0.284057 -0.364545
v 0.326311 -0.275003 -0.377418
v 0.333671 -0.238726 -0.451579
v 0.329687 -0.116179 -0.447879
v 0.329231 -0.211792 -0.461479
v 0.330530 -0.283501 0.149330
v 0.330522 -0.270313 -0.381545
v 0.329692 -0.223009 -0.312885
v 0.329474 -0.129809 -0.411676
v 0.329372 -0.197313 -0.355195
v 0.329904 -0.048753 -0.373713
v 0.329888 -0.039627 -0.295604
v 0.329887 0.032924 -0.284968
v 0.329889 0.024483 -0.272038
v 0.329899 -0.051019 -0.192388
v 0.330550 0.126112 -0.238124
v 0.329412 0.186608 -0.359346
v 0.329387 0.250257 -0.370271
v 0.329435 0.192003 -0.321577
v 0.329872 0.249575 -0.255083
v 0.329886 -0.038422 -0.120438
v 0.329898 -0.248977 -0.109290
v 0.329895 -0.250764 -0.134199
v 0.329898 -0.214703 -0.111213
v 0.329888 -0.151394 -0.170220
v 0.329925 0.068161 -0.190173
v 0.329898 -0.012536 -0.143775
v 0.329897 -0.091322 -0.146211
v 0.329894 0.040473 -0.139477
v 0.329898 0.283809 -0.105818
v 0.326213 -0.075043 0.115963
v 0.327858 -0.016528 0.078428
v 0.329915 0.279544 -0.012265
v 0.329898 0.197364 0.067244
v 0.328614 0.230776 0.059247
v 0.329905 0.264464 0.044305
v 0.329896 0.073127 0.126452
v 0.329894 -0.109491 0.120943
v 0.329983 -0.153086 0.107223
v 0.329884 -0.186021 0.100924
v 0.329349 -0.068224 -0.008098
v 0.329367 -0.072042 0.021248
v 0.329138 -0.063855 0.076636
v 0.330306 -0.083616 0.055056
v 0.329893 -0.174827 0.075205
v 0.329881 -0.176124 0.076837
v 0.329879 -0.202689 0.025793
v 0.329891 -0.269697 0.062790
v 0.329887 -0.190179 0.006547
v 0.329834 -0.234919 0.048309
v 0.329891 -0.209721 0.081401
v 0.329890 -0.261657 0.101620
v 0.329995 -0.294621 0.213337
v 0.329700 -0.277832 0.160451
v 0.329897 -0.206911 0.135194
v 0.329896 -0.178861 0.160882
v 0.329897 -0.160018 0.172107
v 0.329944 -0.180638 0.201138
v 0.329897 -0.232750 0.198948
v 0.329886 -0.256386 0.266104
v 0.330241 -0.209177 0.240877
v 0.329889 -0.188322 0.232929
v 0.329917 -0.144978 0.185952
v 0.329904 -0.050917 0.182472
v 0.329917 -0.029196 0.160199
v 0.329892 -0.099131 0.161325
v 0.329895 -0.040453 0.206599
v 0.329902 -0.059174 0.216298
v 0.329735 -0.128198 0.249352
v 0.329862 -0.113685 0.229734
v 0.330178 -0.123130 0.245472
v 0.329935 0.059158 0.169271
v 0.329816 0.078179 0.176126
v 0.329895 0.142480 0.091947
v 0.329898 0.180721 0.093657
v 0.329897 0.173215 0.112652
v 0.329910 0.252152 0.114729
v 0.329852 0.155682 0.196457
v 0.329896 -0.051757 0.234535
v 0.329408 -0.143964 0.290142
v 0.329870 -0.159326 0.255878
v 0.329175 -0.182507 0.307434
v 0.329365 -0.168183 0.349892
v 0.329355 -0.186300 0.358166
v 0.329319 -0.139530 0.375080
v 0.329307 -0.129402 0.401518
v 0.329895 -0.039437 0.252836
v 0.329951 -0.164637 0.449929
v 0.329795 -0.193011 0.458544
v 0.329838 -0.219255 0.459009
v 0.329861 -0.276145 0.442498
v 0.329880 -0.263022 0.281728
v 0.329898 0.041599 0.260880
v 0.329894 0.134791 0.233745
v 0.329860 0.176204 0.241589
v 0.329772 0.271595 0.178120
v 0.333414 0.290518 0.170251
v 0.329898 0.243247 0.193131
v 0.329917 0.237225 0.199605
v 0.329899 0.212959 0.223229
v 0.329901 0.242608 0.209848
v 0.329914 0.282582 0.230756
v 0.329197 0.224916 0.292786
v 0.329889 -0.053095 0.424625
v 0.329889 -0.046742 0.360191
v 0.329892 0.032364 0.296292
v 0.329891 -0.002076 0.365023
v 0.329890 -0.031013 0.374073
v 0.329874 0.063723 0.370686
v 0.329897 -0.007037 0.430506
v 0.329880 -0.075962 0.441330
v 0.329888 0.076516 0.407795
v 0.329842 0.060823 0.420792
v 0.329760 0.026839 0.467601
v 0.328362 0.171573 0.331930
v 0.329421 0.214773 0.339731
v 0.329944 0.292136 0.261126
v 0.329486 0.222139 0.397881
v 0.329503 0.209857 0.405874
v 0.329110 0.127687 0.455065
v 0.329720 0.124412 0.437978
v 0.330081 0.111856 0.476934
v 0.329965 0.216893 0.477383
v 0.329944 0.297403 0.471094
v 0.330219 0.081983 0.471206
v 0.326775 -0.006469 0.467191
v 0.329965 -0.069741 0.473801
v 0.329888 0.034422 0.373986
v 0.329881 -0.052068 0.399137
v 0.329884 0.099252 0.273534
v 0.329830 0.172684 0.263475
v 0.329093 0.142355 0.309845
v 0.329843 0.147100 0.259248
v 0.329898 0.127494 0.128951
v 0.329900 -0.228408 0.147559
v 0.333813 -0.062047 0.324950
v 0.333420 -0.077330 0.493340
v 0.334300 -0.072100 0.494641
v 0.333699 -0.307059 -0.272667
v 0.333095 -0.312553 0.492706
v 0.329809 -0.094953 0.499455
v 0.332378 -0.338677 0.285749
v 0.333498 -0.338962 0.271027
v 0.332881 -0.331339 0.272357
v 0.333786 -0.166990 0.493343
v 0.333323 -0.105453 0.328158
v 0.333830 -0.271222 0.234566
v 0.333795 0.020404 -0.055363
v 0.335345 -0.161382 -0.288769
v 0.333767 -0.031733 -0.068377
v 0.333531 0.020851 -0.028297
v 0.333781 0.193123 -0.406961
v 0.332985 0.164489 -0.414540
v 0.355127 0.187849 -0.427840
v 0.333666 0.334274 -0.478424
v 0.333097 0.220327 -0.410811
v 0.358166 0.309207 -0.189543
v 0.333828 0.160507 0.159070
v 0.333826 0.115543 0.242680
v 0.333826 0.175144 0.085138
v 0.334925 0.322798 -0.117397
v 0.377962 0.320105 0.335737
v 0.333240 0.239185 0.331430
v 0.333211 0.167734 0.426581
v 0.334240 0.166371 0.416779
v 0.311474 0.006056 0.400633
v 0.334151 0.250769 0.499684
v 0.333884 0.320657 0.085055
v 0.334020 -0.077665 0.493856
v 0.334779 0.316575 0.499604
v 0.332302 0.317355 0.424327
v 0.333629 0.163510 0.426980
v 0.333158 0.238418 0.326755
v 0.333539 -0.038955 -0.067435
v 0.333063 -0.188762 0.292890
v 0.333509 -0.196866 0.423654
v 0.333183 -0.242750 0.350127
v 0.333327 -0.229823 0.307015
v 0.333649 -0.203872 0.279938
v 0.283932 -0.202425 0.303763
v 0.333633 -0.290130 0.344398
v 0.333754 -0.155954 -0.276282
v 0.333622 -0.168579 -0.281571
v 0.333663 -0.307148 -0.040455
v 0.333827 -0.254454 -0.119544
v 0.332941 -0.185413 0.295577
v 0.333763 0.043113 0.085130
v 0.333657 -0.061716 0.109682
v 0.333245 0.020055 -0.024483
v 0.333249 -0.038381 -0.056344
v 0.333655 -0.260922 0.075283
v 0.334553 -0.229042 0.317354
v 0.334523 0.333143 -0.228156
v 0.332799 -0.192426 0.428044
v 0.333408 -0.189156 0.422388
v 0.356634 0.344660 -0.171333
v 0.362003 0.316669 -0.206282
v 0.334491 0.332336 -0.215348
v 0.334919 0.016248 -0.028322
v 0.333127 -0.338208 0.436632
v 0.331876 -0.330804 0.424409
v 0.332508 -0.330538 0.399202
v 0.332866 -0.330644 0.298328
v 0.334964 -0.331465 0.293969
v 0.334887 -0.331287 0.286448
v 0.336177 -0.324994 -0.011101
v 0.333539 -0.331819 0.268712
v 0.333471 -0.331374 0.436583
v 0.331648 -0.326475 0.487736
v 0.332797 -0.338686 0.428072
v 0.329332 -0.336098 0.423837
v 0.330449 -0.337992 0.401011
v 0.332571 -0.337169 0.296340
v 0.333046 -0.333686 0.288305
v 0.330265 0.118080 0.502038
v 0.331516 0.120720 0.498512
v 0.328122 0.141221 0.501967
v 0.332791 0.034263 0.504262
v 0.329076 0.170455 0.495099
v 0.333558 0.119044 0.501929
v 0.333026 0.321030 0.221965
v 0.333064 0.316967 0.478626
v 0.325605 0.319654 0.356922
v 0.311777 0.337086 0.086308
v 0.310244 0.334256 0.370558
v 0.309685 0.333137 0.068409
v 0.310336 0.334131 0.039289
v 0.309470 0.331460 -0.059803
v 0.307567 0.334065 -0.005945
v 0.329626 -0.336601 0.271864
v 0.330754 -0.335016 0.287513
v 0.330716 -0.339713 0.294656
v 0.316165 -0.339741 -0.033987
v 0.320674 -0.338677 -0.034172
v 0.324167 -0.338330 -0.038947
v 0.332734 -0.336967 -0.037546
v 0.331620 -0.339778 -0.054560
v 0.331410 -0.337454 -0.055729
v 0.329892 0.120363 0.012449
v 0.332050 0.327003 -0.124510
v 0.329503 0.331153 -0.076942
v 0.335970 0.328578 -0.184590
v 0.327262 0.329583 -0.190463
v 0.330974 0.328871 -0.120204
v 0.331971 0.325315 -0.080472
v 0.324658 -0.341155 -0.142650
v 0.326709 -0.334213 -0.126324
v 0.329932 -0.334743 -0.120405
v 0.327455 -0.339242 -0.122657
v 0.322900 -0.338424 -0.155829
v 0.322631 -0.334400 -0.157435
v 0.321514 -0.336478 -0.169720
v 0.320768 -0.340250 -0.178814
v 0.317780 -0.339617 -0.180463
v 0.319281 -0.339319 -0.192945
v 0.322826 -0.338499 -0.192630
v 0.323980 -0.334784 -0.196726
v 0.329847 -0.066430 -0.092425
v 0.320101 -0.336776 -0.162470
v 0.321867 -0.337365 -0.156222
v 0.324488 -0.341316 -0.150315
v 0.329894 -0.121514 -0.125516
v 0.329894 -0.108338 -0.125071
v 0.320789 -0.333084 -0.199931
v 0.330027 -0.335677 -0.253043
v 0.342535 -0.336740 -0.305009
v 0.332559 -0.307276 -0.478400
v 0.331910 0.321373 -0.477731
vn -0.9374 -0.3481 0.0088
vn -0.9987 -0.0484 0.0134
vn -0.8758 -0.3785 -0.2996
vn -0.7620 -0.2004 0.6158
vn -0.7570 -0.1854 0.6265
vn -0.7690 -0.1616 0.6185
vn -0.9401 0.1283 0.3159
vn -0.5629 0.0899 0.8216
vn -0.9989 -0.0165 0.0433
vn -0.9919 -0.0251 0.1248
vn -0.7474 -0.4266 0.5093
vn -0.9617 -0.0608 0.2672
vn -0.9897 -0.0727 0.1232
vn -0.9661 -0.0871 -0.2431
vn -0.4430 -0.1239 0.8879
vn -0.4034 -0.2828 -0.8702
vn -0.7461 0.0107 0.6657
vn -0.9812 0.1085 0.1594
vn -0.6943 -0.5223 -0.4951
vn -0.8759 -0.0080 -0.4824
vn -0.8483 -0.2673 -0.4571
vn -0.8123 -0.5823 -0.0339
vn 0.0309 -0.4266 0.9039
vn 0.0402 0.5153 0.8561
vn 0.0129 0.0790 0.9968
vn -0.4852 -0.3119 -0.8169
vn -0.9693 0.1490 -0.1957
vn -0.0542 -0.4658 -0.8832
vn -0.9965 0.0624 0.0557
vn -0.8979 -0.0903 0.4308
vn -0.9811 -0.0347 0.1906
vn -0.9696 -0.0817 0.2307
vn -0.9718 -0.0419 0.2322
vn -0.2415 0.0926 0.9660
vn -0.9897 -0.0827 -0.1169
vn -0.9834 -0.0892 -0.1582
vn -0.9746 0.1390 -0.1754
vn -0.9034 -0.0077 -0.4288
vn -0.9936 0.0899 0.0690
vn -0.4132 -0.0490 -0.9093
vn -0.1406 -0.0412 0.9892
vn -0.5989 -0.1072 0.7936
vn -0.9905 0.0790 -0.1122
vn -0.7978 0.0844 -0.5970
vn -0.9760 0.1376 0.1690
vn -0.8346 -0.4835 -0.2639
vn -0.9687 -0.2334 0.0845
vn -0.9581 -0.2544 0.1313
vn -0.8233 -0.2341 -0.5171
vn -0.8600 -0.3154 -0.4011
vn -0.9007 -0.2206 -0.3742
vn -0.9782 0.1038 0.1797
vn -0.9977 0.0450 -0.0502
vn -0.9999 -0.0120 -0.0067
vn -0.9403 -0.2834 -0.1887
vn -1.0000 0.0017 0.0030
vn -0.9941 0.1021 -0.0356
vn -0.9998 -0.0093 -0.0165
vn -0.9994 0.0106 -0.0339
vn -0.9960 -0.0793 -0.0402
vn -1.0000 -0.0051 0.0050
vn -0.9965 -0.0833 -0.0084
vn -0.9999 0.0014 -0.0099
vn -0.9998 0.0110 -0.0162
vn -0.9996 -0.0172 0.0207
vn -0.9120 -0.0416 0.4080
vn -1.0000 0.0023 0.0085
vn -1.0000 -0.0002 0.0028
vn -0.9998 0.0041 0.0199
vn -0.9779 0.0932 0.1871
vn -0.9928 0.0225 0.1179
vn -0.9101 0.3284 0.2527
vn -0.9926 -0.0568 0.1075
vn -0.9895 -0.0869 0.1152
vn -0.8095 -0.2060 -0.5497
vn -0.8095 -0.2065 -0.5496
vn -0.9715 0.2031 -0.1223
vn -0.9723 0.1956 -0.1279
vn -0.7229 0.1733 -0.6689
vn -0.9817 -0.1149 -0.1521
vn -0.9310 -0.0068 -0.3650
vn -0.9856 -0.1514 -0.0750
vn -0.9869 0.0930 -0.1318
vn -0.9990 -0.0347 0.0293
vn -0.9994 -0.0001 0.0341
vn -0.9994 -0.0010 0.0348
vn -0.9994 -0.0000 0.0354
vn -0.9622 -0.0684 0.2634
vn -0.9950 -0.0066 -0.0999
vn -0.9954 0.0563 -0.0772
vn -0.9997 0.0096 -0.0222
vn -0.9990 0.0260 -0.0370
vn -1.0000 0.0033 -0.0066
vn -0.9991 -0.0435 0.0010
vn -0.9988 -0.0276 -0.0403
vn -0.9999 -0.0112 -0.0021
vn -0.9970 0.0517 -0.0575
vn -0.9932 0.0525 0.1044
vn -0.9918 -0.1227 0.0353
vn -0.9793 -0.1461 -0.1400
vn -0.9967 -0.0749 0.0322
vn -0.8535 0.0287 0.5203
vn -0.8510 0.0299 0.5243
vn -0.8516 0.0318 0.5233
vn -0.9978 -0.0631 -0.0185
vn -0.9955 -0.0417 -0.0845
vn -0.9991 -0.0363 -0.0227
vn -0.9908 -0.1332 0.0237
vn -0.9747 -0.0099 -0.2233
vn -0.9991 0.0409 -0.0126
vn -0.9966 0.0575 0.0588
vn -1.0000 -0.0047 0.0030
vn -0.9998 0.0019 0.0189
vn -0.9982 -0.0371 0.0463
vn -0.9996 -0.0131 0.0257
vn -0.8842 -0.1742 -0.4333
vn -0.9988 -0.0408 -0.0271
vn -0.9992 0.0166 0.0358
vn -0.9429 0.0517 0.3292
vn -0.9451 0.0368 0.3246
vn -0.7227 0.6728 0.1583
vn -0.9912 -0.1089 0.0747
vn -0.9582 -0.2561 0.1276
vn -0.9161 -0.4010 0.0052
vn -0.9248 -0.3348 -0.1809
vn -0.9954 0.0106 0.0948
vn -0.9105 0.3524 -0.2165
vn -0.9874 -0.1544 -0.0348
vn -0.9877 -0.1548 0.0221
vn -0.9990 0.0218 -0.0395
vn -1.0000 -0.0046 -0.0022
vn -1.0000 -0.0037 -0.0014
vn -0.9966 -0.0610 -0.0549
vn -0.9998 0.0168 -0.0075
vn -0.9994 0.0302 0.0196
vn -0.9976 0.0686 -0.0064
vn -0.9996 0.0023 -0.0274
vn -0.9999 0.0083 0.0056
vn -1.0000 0.0001 0.0008
vn -0.9996 -0.0183 -0.0231
vn -1.0000 0.0014 -0.0037
vn -0.9998 -0.0111 -0.0157
vn -1.0000 0.0008 -0.0042
vn -1.0000 0.0014 -0.0036
vn -0.9998 -0.0035 -0.0174
vn -0.9999 0.0038 -0.0152
vn -0.9998 -0.0098 -0.0200
vn -0.9999 0.0113 -0.0110
vn -1.0000 -0.0052 0.0033
vn -0.9999 -0.0005 -0.0138
vn -0.9999 -0.0000 -0.0160
vn -1.0000 -0.0011 0.0082
vn -0.9985 0.0005 -0.0549
vn -1.0000 0.0069 -0.0040
vn -0.9998 -0.0172 0.0043
vn -1.0000 -0.0015 -0.0022
vn -1.0000 -0.0012 -0.0092
vn -1.0000 -0.0002 -0.0070
vn -1.0000 0.0016 -0.0007
vn -1.0000 -0.0014 0.0041
vn -0.9999 -0.0111 0.0069
vn -0.9981 0.0613 0.0029
vn -0.9967 -0.0176 -0.0791
vn -0.9988 -0.0194 0.0455
vn -1.0000 -0.0079 -0.0032
vn -0.9963 0.0004 -0.0864
vn -0.9998 -0.0182 0.0117
vn -0.9995 -0.0204 0.0242
vn -0.9997 -0.0186 0.0181
vn -0.9976 -0.0622 -0.0319
vn -0.9998 -0.0015 0.0207
vn -0.9998 -0.0079 0.0179
vn -0.9982 -0.0120 0.0582
vn -0.9979 0.0452 -0.0469
vn -0.9997 0.0134 -0.0203
vn -0.9958 0.0913 0.0099
vn -0.9922 0.0723 -0.1014
vn -0.9973 -0.0551 -0.0483
vn -0.9422 -0.2370 -0.2367
vn -0.9807 -0.1617 -0.1098
vn -0.9981 -0.0257 -0.0566
vn -0.9115 -0.1925 -0.3635
vn -0.9992 0.0405 0.0018
vn -0.9996 -0.0264 0.0122
vn -0.9824 0.1453 0.1171
vn -0.9672 0.2015 0.1544
vn -0.9879 0.1494 0.0426
vn -0.9976 -0.0547 -0.0413
vn -0.7717 0.5996 -0.2120
vn -0.9822 0.0895 -0.1650
vn -0.9406 0.2937 -0.1706
vn -0.8502 0.5264 -0.0019
vn -0.9570 -0.1420 0.2531
vn -0.9904 0.0987 0.0969
vn -0.3970 0.9175 0.0243
vn -0.9440 -0.0665 0.3232
vn -0.9681 -0.2488 -0.0310
vn -0.9997 -0.0170 0.0155
vn -0.9562 -0.2922 -0.0176
vn -0.6421 -0.7364 0.2129
vn -0.9391 -0.3435 0.0121
vn -0.9989 -0.0450 -0.0126
vn -0.9593 0.2516 -0.1285
vn -0.9854 -0.1298 -0.1101
vn -0.9963 0.0842 0.0179
vn -0.9610 -0.0602 -0.2697
vn -0.9819 -0.0508 -0.1824
vn -0.9768 0.0056 -0.2140
vn -1.0000 -0.0016 0.0096
vn -0.9989 -0.0079 0.0467
vn -0.9920 -0.1175 0.0457
vn -0.9711 0.0557 -0.2320
vn -0.9870 0.0404 -0.1558
vn -0.9616 0.0430 -0.2711
vn -0.9877 0.0268 -0.1537
vn -0.9999 0.0020 -0.0115
vn -1.0000 -0.0007 -0.0004
vn -1.0000 0.0022 -0.0071
vn -0.9999 -0.0020 -0.0109
vn -1.0000 0.0001 -0.0022
vn -1.0000 -0.0060 -0.0016
vn -1.0000 0.0023 0.0033
vn -1.0000 -0.0064 -0.0025
vn -1.0000 -0.0002 -0.0072
vn -0.9999 0.0104 0.0052
vn -0.9980 -0.0602 -0.0177
vn -0.9998 0.0067 0.0165
vn -0.9998 0.0135 0.0170
vn -0.9997 0.0234 0.0006
vn -0.9996 0.0268 -0.0060
vn -0.9970 0.0768 0.0122
vn -0.9978 -0.0447 -0.0487
vn -1.0000 0.0024 0.0016
vn -0.9999 -0.0138 0.0089
vn -0.9981 -0.0618 0.0024
vn -1.0000 -0.0037 0.0001
vn -1.0000 -0.0057 0.0022
vn -1.0000 0.0033 0.0005
vn -1.0000 -0.0007 -0.0009
vn -1.0000 0.0092 -0.0000
vn -1.0000 -0.0048 0.0055
vn -1.0000 -0.0035 0.0040
vn -1.0000 -0.0042 0.0057
vn -1.0000 -0.0010 0.0001
vn -0.9998 0.0196 0.0048
vn -0.9998 0.0191 0.0048
vn -0.9601 -0.2276 -0.1628
vn -0.9527 0.3031 0.0213
vn -0.9893 0.1214 0.0809
vn -0.9980 0.0330 0.0548
vn -0.9991 0.0176 0.0377
vn -0.9999 -0.0053 0.0101
vn -0.9995 0.0039 0.0299
vn -0.9982 0.0068 0.0596
vn -0.9913 0.1298 0.0199
vn -0.9959 0.0368 0.0821
vn -0.9960 0.0433 0.0785
vn -0.9788 -0.1049 0.1759
vn -0.9494 -0.3033 -0.0811
vn -0.9869 0.1612 0.0049
vn -0.9957 0.0863 -0.0333
vn -0.9975 0.0681 -0.0174
vn -0.8373 0.4847 0.2530
vn -0.8954 0.3949 0.2058
vn -0.7189 0.6522 0.2405
vn -0.5878 -0.8073 0.0515
vn -0.9405 -0.3262 -0.0946
vn -0.9467 -0.2952 -0.1291
vn -0.9548 -0.2970 0.0108
vn -0.9198 0.2617 -0.2924
vn -0.4452 -0.8193 -0.3613
vn -0.9991 0.0265 0.0336
vn -0.9804 0.1834 -0.0719
vn -0.9957 0.0024 0.0927
vn -0.9906 -0.1353 0.0185
vn -0.9781 -0.2061 0.0285
vn -0.9950 -0.0155 0.0983
vn -0.9957 0.0662 0.0641
vn -0.9996 0.0017 0.0274
vn -0.9986 -0.0037 0.0518
vn -0.9983 -0.0001 0.0586
vn -1.0000 -0.0050 -0.0043
vn -1.0000 -0.0018 -0.0051
vn -1.0000 -0.0074 -0.0033
vn -1.0000 -0.0024 -0.0021
vn -1.0000 0.0038 0.0037
vn -0.9908 0.1196 0.0631
vn -0.9988 0.0374 0.0318
vn -0.9981 0.0550 0.0294
vn -0.9997 -0.0121 0.0190
vn -1.0000 -0.0001 0.0069
vn -1.0000 0.0020 0.0014
vn -1.0000 -0.0031 -0.0036
vn -1.0000 0.0001 0.0038
vn -1.0000 -0.0033 0.0024
vn -1.0000 0.0006 0.0008
vn -1.0000 -0.0049 -0.0005
vn -0.9999 -0.0126 -0.0036
vn -0.9992 -0.0348 0.0217
vn -0.9958 -0.0266 0.0872
vn -0.9937 -0.1108 0.0153
vn -0.9951 -0.0975 0.0192
vn -0.8096 0.3523 0.4695
vn -0.9914 -0.0907 0.0941
vn -0.9333 -0.2559 -0.2519
vn -0.9980 0.0305 -0.0561
vn -0.9914 -0.0541 -0.1189
vn -0.8523 -0.3931 -0.3451
vn -0.8537 -0.3927 -0.3419
vn -0.8511 -0.3948 -0.3460
vn -0.9999 -0.0160 -0.0015
vn -0.9994 -0.0078 -0.0339
vn -0.9991 -0.0027 -0.0414
vn -0.9977 0.0459 -0.0492
vn -0.9953 0.0018 -0.0964
vn -0.9878 0.1513 -0.0375
vn -0.8805 0.3185 0.3510
vn -0.8799 0.3029 0.3661
vn -0.8789 0.3029 0.3684
vn -0.9998 -0.0178 0.0119
vn -0.9925 0.1121 0.0489
vn -0.9998 -0.0157 0.0111
vn -0.9860 0.1534 0.0656
vn -0.9915 0.1294 0.0130
vn -0.9838 0.1786 0.0185
vn -0.7756 0.5814 0.2458
vn -0.3940 0.8339 0.3866
vn -0.9910 0.1128 0.0727
vn -1.0000 0.0014 -0.0011
vn -0.9994 -0.0315 0.0160
vn -0.9955 -0.0931 -0.0187
vn -0.9999 0.0029 0.0106
vn -0.9935 -0.0805 0.0807
vn -0.9857 -0.1584 -0.0576
vn -0.9467 -0.3018 -0.1127
vn -0.9807 0.0711 -0.1821
vn -0.9807 0.0708 -0.1820
vn -0.9930 0.0605 -0.1017
vn -0.9931 0.0595 -0.1008
vn -0.9931 0.0612 -0.1004
vn -0.9994 0.0296 0.0196
vn -0.9997 0.0188 0.0167
vn -0.9970 0.0657 0.0413
vn -0.9974 0.0502 -0.0508
vn -0.9983 0.0406 -0.0414
vn -0.9990 0.0416 -0.0149
vn -0.9978 0.0651 0.0153
vn -1.0000 -0.0078 0.0016
vn -0.9999 0.0049 0.0130
vn -0.9998 -0.0067 -0.0191
vn -0.9994 -0.0277 -0.0188
vn -0.9998 -0.0047 -0.0207
vn -0.9967 -0.0767 0.0274
vn -0.9955 0.0432 -0.0840
vn -0.9816 0.1415 -0.1283
vn -1.0000 0.0083 -0.0037
vn -0.9892 0.1463 0.0034
vn -1.0000 0.0017 -0.0007
vn -1.0000 -0.0042 -0.0031
vn -1.0000 0.0014 -0.0008
vn -1.0000 0.0055 -0.0013
vn -1.0000 0.0001 0.0009
vn -1.0000 0.0003 -0.0000
vn -1.0000 0.0027 0.0006
vn -1.0000 0.0045 -0.0001
vn -1.0000 0.0071 -0.0000
vn -1.0000 0.0001 0.0002
vn -1.0000 -0.0003 -0.0039
vn -1.0000 0.0004 -0.0010
vn -1.0000 -0.0002 -0.0042
vn -0.9999 -0.0129 -0.0030
vn -1.0000 -0.0055 -0.0053
vn -0.9999 -0.0112 -0.0039
vn -1.0000 -0.0050 -0.0058
vn -0.9979 -0.0587 -0.0257
vn -0.9811 -0.1929 -0.0158
vn -0.9811 -0.1927 -0.0154
vn -0.9612 0.2679 0.0659
vn -0.9943 -0.0768 0.0742
vn -0.9480 -0.2337 0.2163
vn -0.9917 -0.1214 0.0428
vn -0.9966 0.0822 0.0096
vn -1.0000 0.0033 0.0081
vn -0.9995 -0.0038 -0.0301
vn -0.9931 0.0605 -0.1006
vn -0.9997 -0.0213 -0.0127
vn -0.9998 -0.0089 -0.0200
vn -0.9955 -0.0907 -0.0258
vn -0.9914 0.0231 0.1290
vn -0.9981 -0.0433 -0.0441
vn -0.9980 0.0624 0.0031
vn -0.9979 0.0430 0.0494
vn -0.9582 0.2231 -0.1789
vn -0.9785 0.1973 0.0598
vn -0.7804 0.5907 0.2050
vn -0.7785 0.6003 0.1833
vn -0.7623 0.6127 0.2085
vn 0.4390 0.2785 0.8542
vn -0.9925 -0.1150 0.0412
vn -0.8991 -0.1886 0.3950
vn -0.8701 -0.1735 -0.4613
vn -0.6970 -0.2499 -0.6721
vn -0.9964 -0.0459 -0.0718
vn -0.9808 0.1947 0.0068
vn -0.9998 -0.0163 0.0092
vn -0.9999 -0.0088 0.0102
vn -0.9247 -0.3783 -0.0415
vn -0.9997 -0.0220 0.0069
vn -0.9996 -0.0219 -0.0179
vn -0.9966 -0.0186 -0.0797
vn -0.9998 -0.0145 -0.0104
vn -0.9646 -0.0516 -0.2586
vn -0.9991 -0.0128 -0.0409
vn -1.0000 0.0038 0.0083
vn -0.9999 -0.0051 -0.0127
vn -0.9998 -0.0184 0.0023
vn -0.9996 -0.0058 0.0294
vn -0.9996 0.0175 0.0229
vn -0.9998 -0.0069 -0.0191
vn -0.1372 0.4334 0.8907
vn -0.9996 0.0277 0.0073
vn -0.9999 -0.0065 -0.0122
vn -1.0000 0.0017 -0.0053
vn -0.9987 -0.0049 0.0499
vn -0.9996 0.0264 0.0080
vn -0.9983 0.0250 0.0535
vn -0.9995 -0.0234 -0.0209
vn -0.9991 -0.0351 -0.0233
vn -0.9976 -0.0466 -0.0514
vn -0.9985 0.0321 0.0446
vn -0.9999 -0.0066 0.0082
vn -0.9987 0.0339 0.0381
vn -1.0000 -0.0011 0.0031
vn -1.0000 -0.0025 -0.0016
vn -0.9999 -0.0089 -0.0072
vn -1.0000 -0.0002 0.0024
vn -1.0000 0.0031 0.0004
vn -1.0000 0.0022 -0.0016
vn -1.0000 0.0034 -0.0018
vn -0.9999 0.0047 0.0091
vn -1.0000 0.0028 0.0033
vn -1.0000 0.0010 -0.0009
vn -1.0000 0.0009 -0.0009
vn -0.9999 -0.0024 0.0099
vn -0.9999 -0.0087 0.0065
vn -1.0000 -0.0020 0.0031
vn -1.0000 -0.0084 0.0026
vn -1.0000 0.0032 -0.0014
vn -1.0000 0.0031 -0.0013
vn -1.0000 -0.0050 -0.0023
vn -1.0000 -0.0043 -0.0005
vn -0.9981 0.0608 -0.0124
vn -0.9999 0.0138 -0.0027
vn -0.9934 0.1124 -0.0232
vn -0.9997 -0.0193 -0.0126
vn -0.9997 -0.0195 -0.0119
vn -0.9984 0.0286 0.0498
vn -0.9981 0.0283 0.0544
vn -0.9964 0.0745 0.0407
vn -0.9997 -0.0117 0.0202
vn -0.9998 -0.0131 -0.0168
vn -0.9798 0.0770 0.1847
vn -0.9999 0.0156 0.0016
vn -1.0000 -0.0054 0.0038
vn -0.9978 -0.0109 -0.0654
vn -0.9927 -0.0213 -0.1184
vn -0.9845 -0.0244 -0.1737
vn -0.9997 0.0026 -0.0257
vn -0.9976 -0.0510 -0.0469
vn -1.0000 0.0011 -0.0005
vn -0.9891 -0.1442 -0.0301
vn -0.9999 0.0139 -0.0013
vn -0.9999 0.0068 -0.0149
vn -0.9814 0.0213 -0.1910
vn -0.9436 -0.2580 -0.2076
vn -1.0000 0.0036 0.0022
vn -0.9999 -0.0046 0.0123
vn -1.0000 -0.0052 0.0023
vn -0.9993 -0.0361 0.0036
vn -0.9996 -0.0278 -0.0089
vn -0.9997 -0.0225 -0.0095
vn -0.9996 -0.0268 -0.0044
vn -0.9998 -0.0149 -0.0162
vn -0.9439 0.2970 -0.1444
vn -0.9476 0.3195 0.0070
vn -0.7241 -0.6875 -0.0546
vn -0.8449 -0.3676 -0.3886
vn -0.8661 0.4975 -0.0491
vn -0.9935 -0.1075 -0.0386
vn -0.9930 -0.1064 -0.0515
vn -0.9447 -0.2858 -0.1609
vn -0.9999 0.0024 0.0141
vn -1.0000 0.0038 0.0001
vn -0.9815 0.1878 0.0361
vn -1.0000 -0.0007 -0.0046
vn -1.0000 -0.0004 0.0011
vn -1.0000 0.0034 -0.0028
vn -0.9998 0.0136 0.0111
vn -0.9998 0.0162 0.0136
vn -1.0000 -0.0034 -0.0052
vn -1.0000 -0.0020 -0.0012
vn -1.0000 -0.0045 -0.0036
vn -1.0000 -0.0055 -0.0031
vn -1.0000 -0.0034 -0.0065
vn -0.9999 -0.0045 -0.0124
vn -1.0000 -0.0034 -0.0055
vn -0.9999 0.0024 -0.0125
vn -1.0000 0.0022 -0.0067
vn -0.9987 -0.0465 -0.0217
vn -0.9999 0.0041 -0.0139
vn -0.9966 -0.0696 -0.0433
vn -0.9944 -0.0722 0.0766
vn -0.9944 -0.0742 0.0752
vn -0.9942 -0.0745 0.0771
vn -0.9938 0.0740 0.0830
vn -1.0000 -0.0009 0.0017
vn -1.0000 0.0011 -0.0034
vn -0.9999 0.0045 -0.0103
vn -0.9999 0.0056 -0.0124
vn -0.9998 0.0084 -0.0181
vn -1.0000 -0.0008 0.0002
vn -1.0000 -0.0019 -0.0002
vn -1.0000 -0.0014 -0.0003
vn -1.0000 -0.0017 -0.0007
vn -1.0000 -0.0044 -0.0001
vn -1.0000 -0.0011 0.0009
vn -1.0000 0.0035 0.0023
vn -1.0000 -0.0029 0.0009
vn -1.0000 0.0026 0.0029
vn -1.0000 -0.0013 -0.0001
vn -1.0000 0.0050 0.0050
vn -1.0000 0.0004 0.0008
vn -1.0000 -0.0016 0.0023
vn -0.9999 0.0100 -0.0042
vn -1.0000 -0.0013 -0.0069
vn -1.0000 -0.0020 -0.0031
vn -1.0000 -0.0016 -0.0028
vn -0.9999 -0.0073 -0.0108
vn -1.0000 -0.0020 -0.0043
vn -0.9979 0.0365 0.0526
vn -1.0000 -0.0010 -0.0049
vn -1.0000 -0.0011 -0.0053
vn -1.0000 -0.0002 -0.0030
vn -1.0000 0.0015 -0.0015
vn -0.6324 -0.6558 0.4123
vn -0.9511 -0.2491 0.1829
vn -0.9991 -0.0100 0.0410
vn -1.0000 -0.0018 -0.0080
vn -0.3698 -0.7980 0.4759
vn -0.9999 -0.0113 0.0002
vn -0.9975 -0.0697 -0.0078
vn -0.9991 -0.0188 0.0368
vn -1.0000 0.0016 -0.0041
vn -1.0000 0.0042 -0.0021
vn -1.0000 0.0014 -0.0032
vn -1.0000 0.0023 -0.0040
vn -1.0000 -0.0038 -0.0052
vn -1.0000 -0.0027 0.0002
vn -1.0000 -0.0007 -0.0002
vn -0.9511 -0.3052 -0.0483
vn -0.9834 -0.1782 0.0337
vn -0.7716 -0.6010 -0.2084
vn -0.9993 -0.0325 -0.0161
vn -0.8818 -0.4056 -0.2406
vn -0.8982 -0.4394 -0.0098
vn -0.9708 0.2390 0.0185
vn -0.9269 0.3728 0.0437
vn -0.9998 0.0057 -0.0196
vn -0.9731 -0.1865 -0.1351
vn -0.9999 -0.0070 -0.0152
vn -1.0000 0.0039 -0.0054
vn -1.0000 0.0082 0.0050
vn -1.0000 0.0028 -0.0021
vn -0.9972 -0.0531 -0.0525
vn -0.9941 0.0816 0.0717
vn -0.9978 -0.0384 -0.0544
vn -0.9999 -0.0114 -0.0060
vn -0.9402 0.3318 0.0765
vn -0.9889 0.1427 0.0414
vn -0.9972 0.0720 0.0198
vn -0.9999 0.0050 0.0131
vn -1.0000 0.0012 -0.0010
vn -1.0000 -0.0011 -0.0098
vn -0.9998 0.0011 -0.0198
vn -0.9999 0.0034 -0.0160
vn -0.9999 0.0102 0.0056
vn -1.0000 0.0038 0.0073
vn -1.0000 0.0006 0.0022
vn -1.0000 -0.0054 0.0020
vn -1.0000 -0.0070 -0.0006
vn -0.9997 -0.0219 -0.0067
vn -1.0000 -0.0016 0.0014
vn -0.9997 -0.0227 -0.0071
vn -0.9731 0.0438 0.2262
vn -1.0000 0.0013 -0.0001
vn -1.0000 -0.0000 -0.0000
vn -1.0000 0.0003 0.0006
vn -1.0000 -0.0003 0.0022
vn -1.0000 -0.0007 0.0010
vn -1.0000 -0.0007 -0.0001
vn -1.0000 0.0051 -0.0026
vn -1.0000 0.0007 -0.0024
vn -1.0000 0.0005 -0.0010
vn -1.0000 -0.0005 -0.0003
vn -1.0000 0.0003 -0.0005
vn -1.0000 0.0001 -0.0005
vn -1.0000 -0.0003 -0.0007
vn -1.0000 0.0012 0.0004
vn -1.0000 -0.0006 -0.0005
vn -1.0000 -0.0002 -0.0002
vn -1.0000 -0.0062 -0.0048
vn -1.0000 -0.0013 -0.0006
vn -1.0000 -0.0004 -0.0006
vn -1.0000 -0.0017 -0.0022
vn -1.0000 0.0004 -0.0030
vn -0.9878 0.0322 -0.1524
vn -1.0000 -0.0014 0.0015
vn -0.9962 0.0754 -0.0441
vn -0.8862 0.4586 -0.0659
vn -0.8119 0.3320 -0.4801
vn -0.9766 0.0823 -0.1989
vn -0.9760 -0.1423 -0.1650
vn -0.9856 0.0287 0.1667
vn -0.9913 0.0402 0.1250
vn -0.9993 0.0370 0.0106
vn -1.0000 -0.0020 0.0018
vn -1.0000 -0.0028 0.0022
vn -1.0000 -0.0034 0.0026
vn -1.0000 -0.0035 0.0002
vn -1.0000 -0.0031 -0.0016
vn -1.0000 -0.0032 0.0025
vn -1.0000 -0.0069 0.0026
vn -1.0000 0.0060 0.0056
vn -0.9950 0.0990 0.0117
vn -1.0000 -0.0052 0.0025
vn -0.9979 0.0590 0.0275
vn -0.9829 -0.1825 0.0249
vn -0.9892 0.1218 -0.0810
vn -0.9298 -0.2671 0.2531
vn -0.7949 0.6063 -0.0232
vn -0.7900 0.5946 -0.1495
vn -0.6205 0.6343 -0.4612
vn -0.7910 -0.5611 0.2439
vn -1.0000 -0.0060 0.0020
vn -0.9894 0.0593 0.1325
vn -0.9870 -0.1016 0.1243
vn -0.9885 -0.0855 0.1249
vn -0.9997 0.0157 -0.0189
vn -0.9999 0.0061 -0.0096
vn -1.0000 0.0018 -0.0029
vn -1.0000 0.0009 -0.0031
vn -1.0000 0.0002 -0.0002
vn -1.0000 0.0003 -0.0001
vn -1.0000 0.0018 0.0005
vn -1.0000 0.0002 -0.0004
vn -1.0000 0.0034 -0.0066
vn -1.0000 0.0035 -0.0069
vn -1.0000 -0.0002 -0.0001
vn -1.0000 -0.0005 -0.0002
vn -1.0000 -0.0001 -0.0018
vn -1.0000 -0.0004 -0.0004
vn -1.0000 -0.0009 -0.0003
vn -1.0000 0.0008 -0.0090
vn -1.0000 -0.0000 -0.0009
vn -1.0000 0.0037 -0.0003
vn -1.0000 -0.0017 -0.0080
vn -0.9999 -0.0072 -0.0070
vn -0.9999 -0.0096 -0.0115
vn -1.0000 -0.0002 -0.0025
vn -1.0000 0.0037 0.0011
vn -1.0000 0.0001 0.0001
vn -1.0000 0.0005 -0.0004
vn -1.0000 0.0004 -0.0001
vn -1.0000 -0.0000 -0.0002
vn -1.0000 -0.0003 0.0005
vn -1.0000 0.0019 -0.0025
vn -1.0000 -0.0000 0.0006
vn -1.0000 -0.0001 -0.0003
vn -1.0000 -0.0001 -0.0010
vn -1.0000 0.0001 -0.0004
vn -1.0000 0.0001 -0.0003
vn -0.9999 0.0074 0.0115
vn -1.0000 0.0002 -0.0001
vn -1.0000 0.0013 -0.0015
vn -1.0000 0.0018 -0.0023
vn -1.0000 0.0040 0.0022
vn -1.0000 -0.0006 -0.0046
vn -1.0000 -0.0041 0.0072
vn -1.0000 -0.0020 0.0015
vn -1.0000 0.0009 -0.0017
vn -0.7859 0.6042 0.1312
vn -0.8453 0.5058 -0.1719
vn -0.9805 -0.1962 0.0155
vn -0.8811 -0.2757 0.3842
vn -0.9996 -0.0265 -0.0012
vn -0.9999 0.0127 0.0031
vn -0.9999 0.0119 0.0030
vn -0.9996 0.0265 -0.0065
vn -0.9994 0.0335 0.0053
vn -0.9894 0.1450 -0.0060
vn -0.3164 -0.9436 0.0970
vn -0.9596 0.2283 -0.1647
vn -0.9560 0.2829 0.0772
vn -0.9999 0.0140 0.0036
vn -0.7139 0.6759 -0.1831
vn -0.6690 0.7126 -0.2113
vn -0.9999 0.0025 -0.0108
vn -0.9917 -0.0538 -0.1169
vn -0.9857 -0.0731 -0.1518
vn -0.9999 0.0062 -0.0135
vn -0.9998 0.0152 -0.0143
vn -0.9999 -0.0133 0.0089
vn -0.9994 -0.0296 0.0196
vn -1.0000 -0.0000 0.0001
vn -1.0000 0.0005 -0.0003
vn -1.0000 -0.0001 0.0002
vn -1.0000 0.0014 -0.0016
vn -1.0000 0.0010 -0.0010
vn -1.0000 0.0003 0.0002
vn -1.0000 0.0032 0.0018
vn -1.0000 0.0046 0.0088
vn -1.0000 0.0014 -0.0000
vn -1.0000 0.0002 0.0016
vn -1.0000 -0.0013 0.0002
vn -1.0000 0.0023 -0.0025
vn -1.0000 -0.0005 -0.0001
vn -1.0000 0.0011 0.0002
vn -1.0000 0.0036 -0.0015
vn -1.0000 0.0047 0.0070
vn -1.0000 0.0003 -0.0012
vn -1.0000 -0.0004 -0.0005
vn -1.0000 -0.0015 0.0003
vn -1.0000 -0.0007 0.0020
vn -1.0000 -0.0060 0.0034
vn -1.0000 -0.0001 -0.0001
vn -1.0000 -0.0001 -0.0000
vn -1.0000 0.0001 -0.0001
vn -1.0000 0.0002 -0.0000
vn -1.0000 0.0011 -0.0012
vn -1.0000 0.0002 -0.0005
vn -1.0000 0.0007 0.0006
vn -1.0000 -0.0015 -0.0015
vn -1.0000 -0.0006 -0.0003
vn -1.0000 0.0021 0.0009
vn -1.0000 0.0027 -0.0060
vn -1.0000 -0.0035 0.0013
vn -1.0000 -0.0005 0.0008
vn -1.0000 -0.0031 0.0003
vn -1.0000 -0.0003 -0.0000
vn -1.0000 -0.0007 0.0003
vn -1.0000 -0.0021 -0.0001
vn -1.0000 -0.0009 -0.0013
vn -1.0000 -0.0049 -0.0015
vn -0.9998 -0.0188 -0.0052
vn -1.0000 -0.0054 0.0004
vn -0.9999 0.0030 -0.0123
vn -0.9967 0.0794 -0.0166
vn -0.9823 0.1235 -0.1407
vn -0.9030 0.2773 -0.3282
vn -0.9975 -0.0689 -0.0143
vn -0.6568 0.5640 -0.5006
vn -0.8118 -0.5620 -0.1585
vn -0.9219 0.3060 0.2378
vn -0.9609 -0.1256 -0.2466
vn -0.9568 -0.2764 0.0905
vn -0.9970 -0.0725 0.0264
vn -0.9532 -0.2852 0.1000
vn -1.0000 0.0007 0.0001
vn -0.9999 0.0103 0.0025
vn -1.0000 0.0002 0.0001
vn -1.0000 -0.0000 0.0002
vn -1.0000 0.0004 0.0006
vn -1.0000 -0.0003 0.0003
vn -1.0000 -0.0001 -0.0002
vn -1.0000 -0.0006 0.0006
vn -1.0000 0.0055 -0.0055
vn -1.0000 -0.0002 0.0002
vn -1.0000 -0.0001 0.0001
vn -1.0000 -0.0023 -0.0047
vn -1.0000 0.0025 -0.0074
vn -0.9976 -0.0669 -0.0158
vn -1.0000 -0.0017 -0.0004
vn -1.0000 -0.0007 0.0008
vn -1.0000 -0.0002 0.0017
vn -1.0000 -0.0004 0.0042
vn -1.0000 -0.0042 0.0050
vn -1.0000 0.0039 -0.0005
vn -1.0000 0.0041 0.0014
vn -1.0000 0.0061 -0.0006
vn -1.0000 -0.0034 0.0025
vn -1.0000 -0.0016 -0.0030
vn -1.0000 0.0028 -0.0055
vn -0.9996 -0.0174 0.0207
vn -1.0000 -0.0013 0.0043
vn -0.9999 -0.0111 0.0020
vn -0.9999 -0.0156 0.0031
vn -1.0000 0.0013 -0.0022
vn -1.0000 -0.0002 -0.0003
vn -0.9947 0.0093 -0.1021
vn -1.0000 -0.0001 -0.0004
vn -1.0000 0.0004 -0.0003
vn -1.0000 0.0011 -0.0007
vn -1.0000 0.0018 -0.0009
vn -1.0000 -0.0004 -0.0036
vn -1.0000 -0.0010 -0.0027
vn -1.0000 0.0014 0.0016
vn -0.9998 -0.0199 -0.0057
vn -1.0000 -0.0011 0.0006
vn -1.0000 -0.0082 -0.0029
vn -1.0000 -0.0002 0.0013
vn -1.0000 -0.0042 -0.0010
vn -1.0000 -0.0059 -0.0056
vn -1.0000 -0.0052 0.0028
vn -1.0000 0.0006 0.0012
vn -1.0000 -0.0001 0.0016
vn -1.0000 0.0029 0.0003
vn -1.0000 -0.0001 -0.0012
vn -1.0000 0.0006 -0.0028
vn -1.0000 0.0093 -0.0004
vn -1.0000 0.0071 -0.0014
vn -0.9997 0.0228 -0.0010
vn -1.0000 -0.0070 -0.0032
vn -1.0000 -0.0039 -0.0004
vn -0.9942 -0.0995 0.0407
vn -0.9906 -0.1175 0.0706
vn -0.9998 0.0185 -0.0085
vn -0.9757 0.1515 -0.1583
vn -0.8371 -0.4649 -0.2883
vn -0.9515 0.3067 0.0237
vn -0.9675 0.2519 -0.0208
vn 0.0966 -0.9900 -0.1026
vn 0.3590 -0.7903 -0.4965
vn -0.9559 -0.2493 0.1550
vn -0.9714 -0.0965 -0.2171
vn -0.8640 0.4120 -0.2894
vn -0.7263 0.3562 -0.5879
vn -0.9991 -0.0390 -0.0193
vn -0.8444 -0.4894 -0.2181
vn -0.9844 -0.1633 0.0657
vn -1.0000 0.0059 -0.0006
vn -1.0000 0.0040 -0.0051
vn -0.9514 -0.3056 -0.0372
vn -1.0000 0.0015 0.0022
vn -1.0000 0.0002 0.0002
vn -1.0000 -0.0003 0.0008
vn -1.0000 -0.0005 0.0007
vn -1.0000 -0.0005 0.0004
vn -0.9980 -0.0632 0.0082
vn -0.9989 0.0293 0.0366
vn -1.0000 0.0030 0.0039
vn -0.9970 0.0571 0.0518
vn -1.0000 -0.0042 0.0074
vn -1.0000 0.0046 0.0037
vn -0.9977 0.0044 -0.0679
vn -1.0000 0.0009 0.0043
vn -0.9999 0.0007 0.0117
vn -0.9999 0.0086 0.0068
vn -0.9999 0.0049 0.0149
vn -0.9986 0.0504 0.0184
vn -0.9997 0.0229 -0.0012
vn -0.9999 0.0144 0.0001
vn -0.9999 0.0128 0.0018
vn -1.0000 0.0031 0.0006
vn -0.9999 -0.0027 -0.0131
vn -1.0000 -0.0013 -0.0096
vn -0.9999 -0.0125 0.0079
vn -0.9985 -0.0529 -0.0114
vn -0.9998 -0.0138 0.0122
vn -0.9998 -0.0049 0.0180
vn -0.9999 0.0124 0.0009
vn -0.9998 0.0070 0.0160
vn -0.9999 0.0093 0.0075
vn -0.9991 0.0414 -0.0121
vn -0.9999 0.0036 -0.0139
vn -0.9999 0.0076 -0.0153
vn -0.9998 0.0122 -0.0168
vn -0.9999 0.0005 -0.0128
vn -1.0000 0.0011 -0.0020
vn -1.0000 0.0019 0.0089
vn -1.0000 0.0001 0.0021
vn -1.0000 -0.0011 -0.0024
vn -1.0000 -0.0003 -0.0013
vn -1.0000 -0.0009 -0.0023
vn -1.0000 -0.0006 -0.0016
vn -0.9994 -0.0266 -0.0223
vn -0.9986 0.0304 0.0423
vn -0.9929 -0.1136 -0.0340
vn -0.9499 -0.2534 -0.1829
vn -0.9584 -0.2603 -0.1170
vn 0.0195 0.7850 -0.6192
vn -0.8282 0.3306 0.4525
vn -0.9083 0.1576 0.3875
vn -0.9844 0.1602 0.0732
vn -0.9566 0.2307 0.1778
vn -0.8096 -0.5780 0.1025
vn -0.7874 -0.6115 0.0779
vn -0.7990 -0.5880 0.1258
vn -0.4398 -0.8625 0.2503
vn -0.8664 -0.4991 0.0168
vn -0.8609 -0.4770 0.1770
vn -0.9998 0.0190 -0.0072
vn -1.0000 0.0005 -0.0001
vn -1.0000 0.0018 -0.0024
vn -1.0000 0.0023 -0.0027
vn -1.0000 0.0022 -0.0022
vn -0.9998 0.0032 0.0179
vn -1.0000 0.0051 0.0067
vn -1.0000 -0.0004 -0.0008
vn -1.0000 -0.0001 -0.0005
vn -1.0000 0.0009 0.0005
vn -1.0000 0.0007 -0.0007
vn -1.0000 0.0010 0.0002
vn -1.0000 -0.0024 0.0005
vn -1.0000 0.0090 -0.0026
vn -1.0000 -0.0015 0.0026
vn -0.9999 0.0136 -0.0042
vn -0.9993 0.0365 -0.0119
vn -0.9230 -0.3590 0.1383
vn -0.9971 -0.0760 -0.0021
vn -0.9994 -0.0206 -0.0285
vn -0.9996 -0.0107 -0.0254
vn -0.9990 0.0435 -0.0029
vn -0.9934 0.0021 -0.1146
vn -0.9926 0.0504 0.1104
vn -0.9959 -0.0312 -0.0844
vn -0.9984 -0.0080 -0.0566
vn -0.9998 0.0059 0.0212
vn -0.9961 -0.0171 -0.0864
vn -0.9949 -0.0365 -0.0938
vn -0.6408 -0.7037 -0.3069
vn -0.9992 -0.0366 -0.0156
vn -0.9999 0.0109 0.0061
vn -0.9989 0.0453 -0.0156
vn -0.9997 0.0229 -0.0000
vn -0.9996 0.0020 0.0279
vn -1.0000 0.0012 0.0090
vn -1.0000 0.0006 0.0094
vn -1.0000 0.0017 0.0017
vn -1.0000 0.0007 0.0008
vn -1.0000 0.0009 0.0013
vn -1.0000 0.0014 0.0018
vn -1.0000 -0.0037 -0.0002
vn -1.0000 -0.0015 -0.0005
vn -1.0000 -0.0003 -0.0005
vn -1.0000 0.0013 -0.0003
vn -1.0000 0.0006 0.0006
vn -1.0000 0.0013 0.0008
vn -1.0000 -0.0018 0.0003
vn -1.0000 -0.0005 0.0006
vn -1.0000 0.0004 0.0005
vn -0.9998 -0.0206 -0.0022
vn -0.9999 -0.0090 0.0130
vn -0.9963 -0.0825 -0.0239
vn -0.9995 -0.0311 -0.0070
vn -0.6189 0.7771 0.1144
vn -0.9997 -0.0095 0.0232
vn -0.9118 -0.4095 -0.0301
vn -0.7875 -0.5591 -0.2595
vn -0.9945 -0.0782 -0.0696
vn -0.9924 -0.0973 -0.0758
vn -0.9873 -0.0929 0.1288
vn -0.1158 -0.9932 0.0143
vn -0.3243 -0.9376 0.1252
vn -0.6730 -0.7295 0.1224
vn -0.9972 0.0726 -0.0177
vn -0.9999 -0.0139 -0.0005
vn -1.0000 -0.0099 -0.0000
vn -0.9997 -0.0245 -0.0020
vn -0.9995 -0.0303 -0.0026
vn -1.0000 0.0018 -0.0007
vn -1.0000 0.0030 -0.0023
vn -1.0000 0.0027 -0.0000
vn -1.0000 0.0013 -0.0019
vn -1.0000 -0.0013 -0.0020
vn -1.0000 -0.0015 -0.0008
vn -1.0000 -0.0017 0.0007
vn -1.0000 -0.0007 0.0012
vn -0.9999 0.0089 0.0055
vn -1.0000 0.0003 0.0087
vn -0.9997 -0.0079 0.0216
vn -1.0000 -0.0039 -0.0026
vn -0.9989 -0.0021 0.0468
vn -0.9997 0.0028 0.0260
vn -0.9993 -0.0292 0.0221
vn -0.9999 0.0109 0.0063
vn -0.9880 -0.0563 0.1438
vn -0.9273 -0.0917 0.3630
vn -0.9735 -0.0336 0.2263
vn -0.9996 0.0296 0.0016
vn -0.9929 -0.0890 -0.0792
vn -0.9964 -0.0846 0.0107
vn -0.9940 -0.1063 -0.0254
vn -0.9994 -0.0013 0.0359
vn -0.9882 0.1012 0.1148
vn -0.9984 0.0555 -0.0077
vn -0.9967 0.0793 -0.0153
vn -0.9997 0.0258 -0.0009
vn -0.9999 -0.0145 -0.0027
vn -0.9999 0.0121 0.0064
vn -0.9355 -0.3476 0.0632
vn -0.9977 -0.0643 -0.0215
vn -0.9989 0.0132 -0.0443
vn -0.9982 0.0337 -0.0499
vn -0.9999 -0.0022 -0.0132
vn -0.9999 -0.0124 0.0029
vn -1.0000 0.0051 0.0003
vn -1.0000 0.0014 0.0002
vn -1.0000 -0.0013 0.0008
vn -1.0000 -0.0009 0.0006
vn -1.0000 -0.0001 0.0005
vn -1.0000 -0.0002 0.0001
vn -1.0000 -0.0001 0.0007
vn -1.0000 0.0012 0.0011
vn -1.0000 0.0035 0.0013
vn -0.9999 -0.0121 -0.0052
vn -1.0000 -0.0022 -0.0001
vn -1.0000 -0.0083 0.0041
vn -1.0000 -0.0003 0.0062
vn -0.9999 0.0121 0.0017
vn -0.9998 -0.0184 -0.0048
vn -0.9998 0.0102 0.0141
vn -0.9998 0.0173 -0.0135
vn -0.2624 0.9607 -0.0906
vn -0.9628 0.2432 -0.1177
vn -0.9951 -0.0981 0.0156
vn -0.8255 -0.5525 0.1156
vn -1.0000 -0.0004 -0.0012
vn -0.9609 0.0097 0.2767
vn -0.9999 0.0014 0.0149
vn -0.9756 0.1104 0.1900
vn -1.0000 0.0029 0.0006
vn -1.0000 0.0030 0.0009
vn -0.9999 -0.0104 -0.0007
vn -1.0000 0.0001 0.0003
vn -1.0000 -0.0011 0.0039
vn -1.0000 -0.0082 0.0037
vn -1.0000 -0.0008 0.0024
vn -1.0000 0.0013 -0.0000
vn -1.0000 -0.0011 0.0008
vn -1.0000 -0.0024 0.0006
vn -0.9999 -0.0045 0.0150
vn -1.0000 0.0020 0.0011
vn -0.9975 -0.0505 -0.0491
vn -0.9978 -0.0494 -0.0452
vn -0.9975 -0.0499 -0.0493
vn -0.9959 0.0428 0.0792
vn -0.9717 0.2218 0.0815
vn -0.9999 0.0167 0.0010
vn -0.9743 0.1693 -0.1486
vn -0.9744 0.1692 -0.1480
vn -0.9742 0.1696 -0.1487
vn -0.9924 -0.1196 -0.0286
vn -0.9982 -0.0545 -0.0252
vn -0.9833 -0.1817 0.0105
vn -0.9997 0.0139 -0.0213
vn -1.0000 0.0050 -0.0047
vn -1.0000 -0.0055 -0.0003
vn -0.9998 0.0007 -0.0190
vn -0.9993 -0.0351 0.0127
vn -0.9993 -0.0351 0.0144
vn -0.9993 -0.0344 0.0141
vn -1.0000 0.0023 -0.0018
vn -0.9911 -0.0874 -0.1007
vn -0.9821 0.1781 -0.0618
vn 0.8549 0.3119 -0.4145
vn -0.9982 0.0131 -0.0590
vn -0.9818 0.1029 -0.1597
vn -0.9941 -0.0357 -0.1026
vn -0.9746 -0.2163 -0.0584
vn -0.9873 -0.1591 0.0032
vn -0.9997 -0.0216 -0.0065
vn -0.9998 -0.0128 0.0138
vn -0.9998 0.0072 0.0168
vn -1.0000 -0.0000 -0.0001
vn -1.0000 -0.0005 -0.0005
vn -1.0000 -0.0003 0.0002
vn -1.0000 0.0003 0.0008
vn -1.0000 0.0005 0.0007
vn -1.0000 -0.0024 0.0008
vn -0.9999 -0.0142 0.0071
vn -0.9990 0.0101 0.0427
vn -0.9989 -0.0456 -0.0053
vn -0.9958 0.0310 -0.0866
vn -0.9988 0.0194 -0.0460
vn -0.9997 0.0119 -0.0192
vn -0.9685 0.1943 -0.1555
vn -0.9332 0.1133 0.3409
vn -0.9507 0.2400 0.1964
vn -1.0000 -0.0027 -0.0019
vn -1.0000 -0.0055 -0.0022
vn -1.0000 -0.0043 -0.0022
vn -1.0000 -0.0054 0.0053
vn -1.0000 0.0008 0.0018
vn -1.0000 -0.0044 -0.0017
vn -0.9998 -0.0168 -0.0046
vn -1.0000 0.0042 -0.0000
vn -1.0000 -0.0078 -0.0000
vn -0.9985 0.0535 0.0077
vn -0.9962 0.0865 -0.0059
vn -0.9865 0.1591 -0.0390
vn -0.9807 0.1885 -0.0525
vn -0.9706 0.2097 -0.1179
vn -0.9704 0.1834 -0.1572
vn -0.9981 0.0160 0.0593
vn -0.9865 -0.1393 0.0864
vn -0.9462 0.2030 0.2520
vn -0.9995 0.0223 -0.0233
vn -1.0000 0.0070 -0.0021
vn -0.9959 0.0871 0.0244
vn -0.9986 0.0489 -0.0177
vn -0.9987 0.0122 -0.0504
vn -0.9863 0.1496 0.0695
vn -0.8831 0.4359 0.1737
vn -0.9894 -0.0968 -0.1083
vn -0.9996 -0.0296 -0.0000
vn -0.9989 -0.0302 -0.0357
vn -0.9991 -0.0294 0.0294
vn -0.9996 -0.0294 0.0032
vn -0.9986 -0.0512 0.0128
vn -0.9992 -0.0068 0.0401
vn -0.9996 0.0075 0.0264
vn -0.9999 0.0101 0.0059
vn -0.9997 0.0234 0.0068
vn -1.0000 0.0003 0.0019
vn -1.0000 0.0004 0.0053
vn -1.0000 0.0006 -0.0005
vn -1.0000 0.0005 -0.0008
vn -1.0000 0.0056 -0.0051
vn -1.0000 -0.0019 -0.0007
vn -1.0000 0.0002 0.0012
vn -1.0000 -0.0010 0.0017
vn -1.0000 0.0001 -0.0002
vn -1.0000 -0.0003 -0.0002
vn -1.0000 0.0003 0.0029
vn -1.0000 -0.0032 -0.0028
vn -1.0000 -0.0010 -0.0014
vn -1.0000 0.0079 -0.0057
vn -1.0000 0.0080 -0.0052
vn -0.9990 0.0210 -0.0403
vn -0.9990 0.0207 -0.0405
vn -0.9261 0.3768 -0.0180
vn -0.8917 0.4526 -0.0056
vn -0.9412 0.3377 0.0106
vn -0.7319 0.6814 -0.0026
vn -0.1480 0.8830 -0.4455
vn -0.8452 0.1346 0.5173
vn -0.9323 -0.3520 -0.0836
vn -0.9981 -0.0511 0.0334
vn -0.9631 -0.1497 -0.2237
vn -0.9945 0.0972 -0.0378
vn -0.9725 0.2225 -0.0691
vn -1.0000 0.0003 0.0007
vn -1.0000 0.0006 0.0015
vn -0.9999 -0.0101 -0.0097
vn -1.0000 -0.0007 -0.0063
vn -0.9999 -0.0095 -0.0107
vn -1.0000 -0.0032 -0.0052
vn -1.0000 0.0020 -0.0059
vn -1.0000 -0.0008 -0.0032
vn -1.0000 -0.0065 0.0018
vn -0.9998 -0.0188 -0.0010
vn -1.0000 -0.0080 0.0022
vn -0.9868 -0.1589 -0.0324
vn -0.9868 0.1501 0.0606
vn -0.9916 0.0891 0.0936
vn -0.9993 0.0068 0.0378
vn -0.9977 -0.0526 0.0429
vn -0.9998 -0.0122 -0.0158
vn -0.9999 -0.0034 -0.0160
vn -0.9492 -0.0945 -0.3003
vn -0.9934 -0.0888 -0.0726
vn -0.9897 -0.0897 -0.1116
vn -0.9932 -0.0826 0.0818
vn -0.9998 0.0202 -0.0090
vn -0.9990 0.0374 0.0234
vn -0.9990 0.0305 0.0330
vn -0.9939 0.0261 0.1069
vn -0.9920 -0.0219 0.1246
vn -0.9924 0.0113 0.1229
vn -0.9919 -0.0155 0.1258
vn -0.9913 -0.0363 0.1261
vn -0.8951 0.4146 -0.1641
vn -0.8952 0.4134 -0.1666
vn -0.8957 0.4124 -0.1666
vn -0.9181 -0.2207 -0.3292
vn -0.9254 -0.3790 0.0062
vn -0.9383 -0.3459 -0.0016
vn -0.9906 -0.1262 -0.0522
vn -0.9999 -0.0085 -0.0062
vn -1.0000 0.0021 -0.0003
vn -0.9999 -0.0038 -0.0122
vn -0.9996 0.0155 -0.0226
vn -1.0000 0.0025 -0.0066
vn -1.0000 0.0045 0.0007
vn -1.0000 0.0015 -0.0006
vn -1.0000 0.0019 -0.0006
vn -1.0000 -0.0033 -0.0025
vn -0.9998 -0.0120 -0.0188
vn -1.0000 -0.0020 -0.0030
vn -1.0000 -0.0017 -0.0023
vn -0.9999 -0.0077 -0.0091
vn -1.0000 0.0011 0.0034
vn -1.0000 0.0010 0.0007
vn -1.0000 0.0011 -0.0019
vn -1.0000 0.0008 -0.0020
vn -1.0000 -0.0022 0.0034
vn -1.0000 -0.0011 0.0012
vn -0.9784 0.2068 -0.0004
vn -0.9892 0.1468 -0.0037
vn -0.9007 -0.4338 0.0238
vn -0.8906 -0.4488 0.0737
vn -0.8918 -0.4389 0.1095
vn -0.6093 -0.7864 0.1020
vn -0.5319 -0.7298 0.4296
vn -0.5084 -0.8577 0.0765
vn -0.9673 -0.2106 -0.1412
vn -0.9860 -0.1669 -0.0051
vn 0.9979 0.0618 0.0172
vn -0.9671 -0.1685 -0.1908
vn -0.9999 0.0038 -0.0139
vn -0.9900 0.0286 -0.1382
vn -0.9997 0.0134 0.0223
vn -0.9952 0.0161 0.0963
vn -1.0000 0.0017 -0.0014
vn -0.9992 0.0243 0.0308
vn -1.0000 0.0059 -0.0056
vn -1.0000 0.0053 0.0011
vn -1.0000 0.0033 0.0009
vn -0.9998 -0.0137 -0.0138
vn -0.9997 -0.0179 -0.0189
vn -1.0000 -0.0007 -0.0003
vn -1.0000 -0.0054 -0.0054
vn -0.9996 0.0012 -0.0276
vn -1.0000 -0.0008 -0.0009
vn -1.0000 -0.0079 -0.0027
vn -0.9997 -0.0030 -0.0256
vn -0.9999 -0.0050 -0.0151
vn -0.9996 -0.0094 -0.0256
vn -0.9999 -0.0010 -0.0107
vn -1.0000 -0.0055 -0.0061
vn -0.9991 0.0028 0.0416
vn -0.9998 -0.0210 0.0024
vn -0.9999 -0.0148 0.0067
vn -0.9993 -0.0149 0.0340
vn -0.9999 -0.0095 0.0084
vn -0.9998 -0.0169 -0.0057
vn -0.9995 -0.0323 -0.0045
vn -0.9993 -0.0363 -0.0015
vn -0.8662 -0.2226 -0.4474
vn -0.8659 -0.2251 -0.4467
vn -0.8667 -0.2194 -0.4480
vn -0.9966 0.0729 0.0388
vn -0.9963 0.0755 0.0402
vn -0.9964 0.0741 0.0419
vn -0.9958 0.0905 -0.0169
vn -0.9858 0.1651 0.0323
vn -0.9968 0.0664 0.0435
vn -0.9253 0.3585 -0.1234
vn -0.9254 0.3580 -0.1240
vn -0.9253 0.3586 -0.1237
vn -0.9976 0.0675 -0.0120
vn -0.9883 -0.0333 -0.1486
vn -1.0000 -0.0069 -0.0039
vn -0.9994 -0.0318 0.0146
vn -1.0000 0.0002 -0.0010
vn -1.0000 0.0012 -0.0009
vn -1.0000 0.0058 -0.0025
vn -1.0000 0.0038 -0.0032
vn -1.0000 0.0047 -0.0029
vn -1.0000 0.0027 -0.0036
vn -1.0000 -0.0003 0.0013
vn -1.0000 0.0008 0.0012
vn -1.0000 0.0010 0.0033
vn -1.0000 -0.0001 0.0034
vn -1.0000 -0.0004 0.0016
vn -1.0000 0.0032 -0.0021
vn -1.0000 0.0004 -0.0021
vn -1.0000 0.0007 -0.0000
vn -1.0000 -0.0007 -0.0008
vn -1.0000 -0.0028 0.0017
vn -1.0000 -0.0047 -0.0000
vn -1.0000 0.0025 -0.0029
vn -0.9687 0.2304 0.0922
vn -0.9962 0.0861 0.0120
vn -1.0000 -0.0073 0.0044
vn -0.9839 0.1548 0.0892
vn -0.9801 -0.1961 -0.0310
vn -0.7727 0.2714 -0.5738
vn -0.9717 0.0923 -0.2173
vn -0.9979 0.0260 -0.0593
vn -0.9857 0.0662 -0.1552
vn -1.0000 -0.0004 0.0035
vn -0.9997 0.0140 0.0178
vn -0.9999 -0.0098 -0.0127
vn -1.0000 -0.0064 0.0006
vn -0.9999 -0.0119 0.0038
vn -1.0000 -0.0008 0.0011
vn -1.0000 -0.0073 -0.0060
vn -1.0000 -0.0005 -0.0054
vn -1.0000 -0.0017 -0.0048
vn -1.0000 0.0006 0.0043
vn -1.0000 0.0001 -0.0000
vn -1.0000 -0.0008 -0.0008
vn -0.9991 -0.0335 -0.0263
vn -1.0000 -0.0010 -0.0008
vn -1.0000 0.0001 -0.0050
vn -0.9852 0.1630 -0.0524
vn -0.9980 0.0486 0.0407
vn -0.5269 0.2157 -0.8221
vn -0.9110 0.3179 0.2625
vn -0.9753 0.0511 0.2148
vn -0.9997 0.0136 -0.0221
vn -0.9979 0.0317 -0.0562
vn -0.9986 0.0494 -0.0169
vn -0.9922 0.0314 0.1204
vn -0.9923 0.0312 0.1200
vn -0.9991 0.0021 -0.0432
vn -0.9990 -0.0029 -0.0454
vn -0.9996 0.0002 -0.0268
vn -0.9998 0.0166 0.0118
vn -0.9995 0.0166 0.0284
vn -1.0000 0.0084 0.0036
vn -1.0000 0.0086 0.0001
vn -1.0000 0.0004 0.0004
vn -1.0000 -0.0022 0.0011
vn -1.0000 -0.0015 -0.0002
vn -1.0000 -0.0034 0.0010
vn -1.0000 -0.0007 -0.0012
vn -1.0000 0.0004 -0.0032
vn -1.0000 0.0014 -0.0005
vn -1.0000 0.0004 -0.0014
vn -1.0000 0.0019 -0.0000
vn -1.0000 0.0032 -0.0029
vn -1.0000 0.0013 -0.0012
vn -1.0000 0.0007 0.0009
vn -1.0000 0.0004 0.0001
vn -1.0000 -0.0009 -0.0012
vn -1.0000 -0.0009 -0.0010
vn -1.0000 -0.0005 -0.0009
vn -1.0000 -0.0015 -0.0004
vn -1.0000 -0.0014 -0.0004
vn -1.0000 -0.0011 0.0002
vn -0.9998 -0.0211 0.0026
vn -0.9998 -0.0134 0.0126
vn -0.7225 0.6845 0.0969
vn -0.8434 0.5219 0.1274
vn -0.9697 0.2282 -0.0870
vn -0.9725 -0.2275 0.0506
vn -0.9498 -0.2756 0.1479
vn -0.9888 -0.0924 0.1172
vn -0.9937 -0.0546 0.0982
vn -1.0000 0.0051 -0.0008
vn -0.9940 0.0935 0.0565
vn -1.0000 0.0010 0.0008
vn -1.0000 0.0003 0.0011
vn -1.0000 0.0005 0.0010
vn -1.0000 -0.0006 0.0016
vn -1.0000 -0.0018 -0.0011
vn -1.0000 -0.0014 -0.0006
vn -1.0000 0.0016 0.0020
vn -0.9999 -0.0021 0.0100
vn -0.9999 0.0002 0.0131
vn -1.0000 0.0010 -0.0011
vn -1.0000 0.0024 -0.0002
vn -1.0000 -0.0024 -0.0007
vn -1.0000 -0.0010 0.0010
vn -1.0000 0.0010 0.0004
vn -1.0000 -0.0011 -0.0022
vn -1.0000 0.0018 -0.0004
vn -1.0000 0.0047 0.0078
vn -1.0000 -0.0002 -0.0007
vn -1.0000 -0.0002 -0.0004
vn -1.0000 -0.0001 -0.0006
vn -0.9957 0.0184 0.0906
vn -0.9876 -0.0598 0.1449
vn -1.0000 -0.0006 -0.0009
vn -0.9998 0.0028 -0.0212
vn -1.0000 -0.0004 -0.0025
vn -1.0000 -0.0005 -0.0007
vn -1.0000 0.0038 0.0042
vn -1.0000 0.0002 -0.0012
vn -1.0000 0.0003 -0.0008
vn -1.0000 -0.0012 -0.0024
vn -1.0000 -0.0017 -0.0036
vn -1.0000 -0.0009 -0.0006
vn -1.0000 -0.0019 0.0001
vn -1.0000 -0.0014 -0.0001
vn -1.0000 -0.0010 -0.0009
vn -1.0000 -0.0009 -0.0016
vn -1.0000 0.0025 0.0005
vn -1.0000 0.0002 -0.0011
vn -1.0000 0.0008 0.0008
vn -1.0000 -0.0000 0.0010
vn -1.0000 -0.0006 0.0015
vn -1.0000 -0.0021 -0.0012
vn -1.0000 -0.0007 0.0040
vn -1.0000 -0.0005 0.0020
vn -1.0000 0.0012 0.0020
vn -0.9930 0.1185 -0.0003
vn -0.9997 0.0230 -0.0075
vn -1.0000 -0.0024 -0.0018
vn -0.9931 0.0184 -0.1158
vn -0.9715 0.2048 0.1196
vn -0.9906 0.1287 -0.0467
vn -0.7760 0.4651 0.4261
vn -0.7753 0.4641 0.4283
vn -0.7729 0.4730 0.4229
vn -0.9214 0.0439 0.3861
vn -0.6205 -0.6202 0.4800
vn -0.6483 -0.7614 0.0051
vn -0.5956 -0.7118 -0.3723
vn -0.9951 -0.0244 -0.0958
vn -0.9947 0.0532 -0.0876
vn -0.9982 0.0373 -0.0460
vn -0.9935 0.1110 0.0256
vn -1.0000 0.0023 0.0007
vn -1.0000 0.0025 -0.0015
vn -0.9993 -0.0349 -0.0098
vn -1.0000 0.0004 0.0012
vn -1.0000 0.0004 -0.0000
vn -1.0000 0.0041 -0.0022
vn -1.0000 -0.0004 -0.0009
vn -1.0000 0.0009 -0.0008
vn -1.0000 0.0024 0.0003
vn -1.0000 0.0007 -0.0016
vn -1.0000 0.0004 -0.0020
vn -1.0000 -0.0008 0.0021
vn -1.0000 -0.0002 0.0006
vn -1.0000 -0.0020 0.0021
vn -1.0000 0.0042 -0.0005
vn -1.0000 0.0009 0.0006
vn -1.0000 -0.0066 -0.0022
vn -1.0000 -0.0005 0.0002
vn -1.0000 -0.0004 0.0009
vn -1.0000 -0.0007 0.0001
vn -1.0000 -0.0022 0.0003
vn -1.0000 0.0003 -0.0010
vn -1.0000 0.0019 -0.0007
vn -1.0000 0.0038 0.0050
vn -0.9983 -0.0511 0.0291
vn -0.9997 0.0181 0.0150
vn -0.9923 0.1224 0.0192
vn -0.9948 0.1014 -0.0124
vn -0.9323 -0.3615 0.0067
vn -0.9806 -0.0030 0.1958
vn -0.9635 -0.2354 0.1279
vn -0.9577 -0.2833 0.0500
vn -0.9549 -0.2868 0.0764
vn -0.9819 0.0696 -0.1763
vn -0.8940 -0.4366 -0.1011
vn -0.9999 0.0130 -0.0010
vn -0.9802 0.1922 -0.0472
vn -0.9998 -0.0165 0.0063
vn -1.0000 -0.0018 -0.0010
vn -1.0000 -0.0073 -0.0031
vn -0.9939 -0.1012 -0.0428
vn -1.0000 -0.0030 -0.0031
vn -1.0000 0.0014 -0.0025
vn -0.9998 0.0199 -0.0014
vn -1.0000 0.0025 -0.0041
vn -1.0000 0.0013 -0.0014
vn -1.0000 0.0004 -0.0004
vn -1.0000 0.0012 -0.0030
vn -1.0000 0.0002 0.0008
vn -1.0000 -0.0031 -0.0003
vn -1.0000 0.0021 -0.0037
vn -1.0000 0.0052 0.0068
vn -1.0000 -0.0002 0.0064
vn -1.0000 -0.0025 -0.0059
vn -1.0000 -0.0000 0.0011
vn -1.0000 -0.0000 0.0003
vn -1.0000 -0.0002 -0.0008
vn -1.0000 -0.0003 -0.0009
vn -1.0000 -0.0007 0.0007
vn -1.0000 0.0012 0.0016
vn -1.0000 0.0001 0.0006
vn -1.0000 -0.0007 -0.0018
vn -1.0000 -0.0008 -0.0003
vn -1.0000 -0.0028 0.0012
vn -1.0000 -0.0004 -0.0007
vn -1.0000 -0.0006 0.0026
vn -0.9999 -0.0042 0.0121
vn -0.9999 0.0100 -0.0009
vn -1.0000 -0.0036 0.0025
vn -1.0000 -0.0065 -0.0007
vn -1.0000 0.0008 0.0013
vn -1.0000 0.0007 0.0022
vn -0.9999 -0.0141 -0.0023
vn -1.0000 -0.0010 -0.0077
vn -1.0000 -0.0011 0.0001
vn -1.0000 -0.0007 -0.0007
vn -1.0000 -0.0002 -0.0006
vn -1.0000 -0.0016 -0.0015
vn -1.0000 -0.0003 0.0053
vn -1.0000 0.0079 0.0002
vn -0.9998 0.0178 0.0005
vn -1.0000 0.0027 0.0014
vn -0.9993 0.0350 0.0102
vn -1.0000 -0.0007 0.0023
vn -0.9999 0.0136 0.0071
vn -1.0000 -0.0020 0.0022
vn -0.9600 0.2585 0.1072
vn -0.9879 -0.1516 0.0328
vn -0.9884 -0.1492 0.0276
vn -0.9833 -0.1800 0.0265
vn -0.0707 -0.9592 -0.2737
vn -0.4865 -0.8298 0.2736
vn -0.5133 -0.7970 -0.3184
vn -0.9999 -0.0138 -0.0065
vn -1.0000 0.0053 0.0042
vn -1.0000 -0.0026 0.0019
vn -0.9999 -0.0078 0.0074
vn -1.0000 0.0007 0.0004
vn -1.0000 0.0013 0.0007
vn -0.9995 -0.0018 0.0307
vn -0.9999 0.0128 0.0020
vn -1.0000 -0.0005 -0.0012
vn -1.0000 0.0030 -0.0002
vn -0.9997 0.0216 0.0122
vn -1.0000 -0.0000 -0.0013
vn -1.0000 -0.0006 -0.0000
vn -1.0000 0.0007 0.0003
vn -1.0000 0.0016 0.0013
vn -1.0000 -0.0035 0.0021
vn -1.0000 -0.0020 -0.0032
vn -0.9999 0.0117 -0.0016
vn -1.0000 -0.0006 -0.0011
vn -1.0000 -0.0022 0.0014
vn -1.0000 -0.0005 0.0029
vn -1.0000 -0.0009 0.0062
vn -1.0000 -0.0013 -0.0010
vn -0.9998 -0.0106 0.0151
vn -0.9999 0.0122 0.0067
vn -0.9997 0.0083 -0.0246
vn -0.9990 0.0419 -0.0124
vn -0.9992 -0.0097 -0.0384
vn -1.0000 -0.0062 0.0071
vn -0.9997 -0.0098 -0.0240
vn -0.9992 0.0201 0.0341
vn -0.9984 -0.0542 -0.0132
vn -0.9996 -0.0070 -0.0285
vn -0.9994 -0.0152 0.0301
vn -0.9992 -0.0392 -0.0043
vn -0.9048 -0.3997 0.1470
vn -0.9989 0.0394 0.0246
vn -0.9999 -0.0121 -0.0032
vn -0.9983 0.0571 -0.0108
vn -0.9999 -0.0172 0.0008
vn -1.0000 -0.0019 -0.0076
vn -0.9764 -0.2111 0.0464
vn -0.9815 -0.1916 0.0068
vn -0.9919 0.1259 -0.0180
vn -0.9985 0.0545 0.0028
vn -0.9927 0.1186 0.0238
vn -0.9999 -0.0127 0.0011
vn -1.0000 0.0006 0.0001
vn -1.0000 0.0003 -0.0002
vn -1.0000 0.0020 0.0005
vn -1.0000 -0.0003 0.0004
vn -1.0000 -0.0025 0.0045
vn -1.0000 -0.0006 -0.0004
vn -1.0000 -0.0008 -0.0002
vn -1.0000 0.0002 0.0003
vn -1.0000 -0.0001 0.0004
vn -1.0000 0.0022 -0.0020
vn -1.0000 -0.0003 -0.0008
vn -1.0000 -0.0007 -0.0011
vn -1.0000 -0.0067 0.0020
vn -1.0000 -0.0056 -0.0026
vn -0.9998 -0.0204 -0.0070
vn -0.9996 -0.0176 -0.0232
vn -1.0000 -0.0040 0.0087
vn -0.9997 -0.0160 -0.0209
vn -0.9984 -0.0248 -0.0504
vn -1.0000 -0.0002 -0.0040
vn -1.0000 -0.0017 0.0045
vn -1.0000 -0.0019 0.0037
vn -0.9997 0.0008 0.0240
vn -0.9995 -0.0076 0.0314
vn -0.9980 -0.0019 0.0635
vn -0.9991 -0.0172 0.0395
vn -0.9973 -0.0710 0.0162
vn -0.9918 -0.0579 -0.1138
vn -0.9975 -0.0682 -0.0161
vn -0.9879 -0.0550 -0.1452
vn -0.9928 0.0298 -0.1157
vn -0.9898 0.1410 -0.0209
vn -0.9940 0.0807 -0.0740
vn -0.9270 0.0728 0.3680
vn -0.9845 0.0576 0.1660
vn -0.9875 -0.0532 -0.1483
vn -0.9830 0.0127 0.1832
vn -0.9963 -0.0111 0.0849
vn -0.9911 -0.1295 -0.0311
vn -0.9475 0.0637 0.3135
vn -0.9476 0.0641 0.3131
vn -0.9943 0.0822 0.0673
vn -0.9955 -0.0246 0.0919
vn -0.9940 0.0911 0.0611
vn -1.0000 -0.0064 0.0005
vn -0.9292 0.0252 -0.3688
vn -0.9574 0.0408 -0.2859
vn -0.9171 0.0149 -0.3985
vn -0.8905 0.0001 -0.4550
vn -1.0000 0.0019 -0.0042
vn -0.9980 -0.0591 0.0243
vn -0.9999 0.0118 -0.0097
vn -1.0000 0.0009 -0.0018
vn -1.0000 0.0022 -0.0018
vn -0.9970 -0.0603 0.0481
vn -1.0000 -0.0004 0.0012
vn -0.9963 -0.0669 0.0531
vn -0.9720 -0.1850 0.1447
vn -1.0000 -0.0010 0.0014
vn -0.9995 0.0221 0.0244
vn -0.9902 -0.0217 0.1380
vn -0.9870 0.1477 0.0636
vn -0.9933 0.0360 -0.1102
vn -0.9599 0.2714 -0.0710
vn -0.9593 -0.1198 -0.2556
vn -0.9631 0.1867 -0.1937
vn -1.0000 0.0041 -0.0003
vn -1.0000 0.0073 -0.0002
vn -0.9999 0.0048 -0.0108
vn -0.9915 -0.0725 -0.1079
vn -1.0000 0.0035 0.0010
vn -0.9997 -0.0002 0.0233
vn -1.0000 0.0006 0.0013
vn -1.0000 0.0007 0.0007
vn -1.0000 0.0010 0.0010
vn -1.0000 0.0011 0.0001
vn -1.0000 0.0004 -0.0002
vn -1.0000 0.0031 0.0015
vn -1.0000 0.0008 -0.0008
vn -1.0000 0.0007 -0.0006
vn -1.0000 0.0010 -0.0000
vn -1.0000 0.0026 -0.0003
vn -0.9468 0.3186 0.0452
vn -0.9999 -0.0061 0.0159
vn -1.0000 -0.0000 -0.0005
vn -1.0000 0.0028 0.0032
vn -1.0000 -0.0018 -0.0020
vn -1.0000 0.0069 -0.0004
vn -1.0000 -0.0020 -0.0051
vn -0.9951 -0.0621 -0.0767
vn -1.0000 -0.0033 -0.0027
vn -1.0000 0.0007 -0.0020
vn -1.0000 0.0020 0.0007
vn -1.0000 0.0066 0.0026
vn -0.9999 0.0137 0.0011
vn -0.9852 0.1716 0.0021
vn -0.9777 0.1064 0.1808
vn -0.9882 0.0041 0.1531
vn -0.9800 0.1771 0.0911
vn -0.9658 -0.1391 -0.2187
vn -0.9939 -0.0846 -0.0713
vn -0.9854 -0.1688 -0.0221
vn -0.9871 -0.1221 0.1040
vn -0.9973 0.0287 0.0678
vn -0.9864 0.0156 -0.1633
vn -0.9981 -0.0033 -0.0614
vn -0.9933 -0.0095 -0.1147
vn -0.9999 0.0076 -0.0128
vn -0.9963 -0.0276 -0.0809
vn -0.9829 0.1662 0.0797
vn -0.9603 0.2103 0.1831
vn -0.9998 0.0099 -0.0196
vn -0.9953 0.0498 -0.0827
vn -0.9927 0.0996 -0.0682
vn -0.9994 0.0230 -0.0260
vn -0.9166 0.2211 -0.3332
vn -0.9771 0.2007 0.0707
vn -0.9758 0.1802 -0.1238
vn -0.9166 -0.0778 -0.3922
vn -0.9538 0.0039 -0.3003
vn -0.6402 0.0040 -0.7682
vn -0.9181 0.3950 0.0341
vn -0.7589 -0.5111 0.4036
vn -0.8728 -0.4402 0.2106
vn -0.9199 -0.3831 0.0843
vn -0.9951 0.0837 0.0531
vn -0.9835 0.1165 0.1383
vn -0.9345 0.3418 0.0991
vn -0.9868 -0.1160 -0.1135
vn -0.9825 0.1799 -0.0490
vn -0.7024 -0.5558 -0.4447
vn -0.5174 -0.8508 0.0922
vn -0.9878 -0.0617 -0.1430
vn -0.9965 0.0823 -0.0152
vn -0.9960 -0.0095 0.0891
vn -0.9992 -0.0337 0.0231
vn -0.9927 -0.0083 -0.1205
vn -1.0000 0.0031 -0.0010
vn -1.0000 0.0011 0.0039
vn -1.0000 -0.0065 0.0043
vn -1.0000 -0.0069 0.0029
vn -0.9993 -0.0220 0.0306
vn -0.9999 -0.0144 0.0062
vn -0.7485 -0.2697 -0.6058
vn -0.9793 0.0308 -0.1999
vn -0.9891 -0.0514 -0.1377
vn -0.9996 -0.0171 0.0216
vn -0.9999 -0.0071 0.0151
vn -0.6994 0.7093 -0.0881
vn -0.9792 0.1615 0.1226
vn -0.9871 0.1528 -0.0479
vn -0.9419 0.0876 -0.3242
vn -0.9913 -0.1171 -0.0595
vn -0.9645 -0.2395 -0.1110
vn -1.0000 -0.0083 0.0022
vn -0.9999 0.0126 0.0026
vn -1.0000 0.0055 -0.0072
vn -0.9996 0.0295 0.0053
vn -1.0000 0.0017 -0.0027
vn -1.0000 -0.0000 0.0035
vn -1.0000 0.0033 0.0041
vn -1.0000 -0.0016 0.0003
vn -1.0000 -0.0008 -0.0015
vn -1.0000 0.0026 0.0030
vn -1.0000 0.0043 0.0056
vn -1.0000 -0.0005 0.0051
vn -0.9999 -0.0109 -0.0049
vn -0.9998 0.0001 0.0202
vn -0.9998 -0.0000 0.0199
vn -0.9998 0.0005 0.0221
vn -0.9996 0.0264 0.0058
vn -0.9993 0.0363 0.0061
vn -1.0000 0.0061 0.0036
vn -0.9998 0.0115 0.0134
vn -1.0000 -0.0013 0.0046
vn -0.9976 -0.0500 0.0488
vn -0.9866 -0.0528 0.1544
vn -0.9809 0.0653 0.1834
vn -0.9991 0.0266 0.0328
vn -0.9860 -0.1656 -0.0213
vn -0.9939 0.0653 0.0892
vn -0.9851 0.0935 0.1443
vn -0.9192 -0.3630 -0.1528
vn -0.9460 -0.3222 -0.0362
vn -0.9876 -0.1516 0.0402
vn -0.9991 -0.0421 0.0060
vn -0.9991 -0.0333 0.0277
vn -1.0000 0.0001 0.0004
vn -0.9999 0.0132 0.0024
vn -0.9999 -0.0135 -0.0103
vn -0.9999 0.0095 0.0140
vn -1.0000 0.0031 -0.0075
vn -0.9995 -0.0303 -0.0082
vn -0.9202 0.3308 0.2094
vn -0.9123 0.3362 0.2337
vn -0.9876 0.1053 0.1165
vn -0.9592 0.0394 0.2801
vn -0.9983 0.0005 -0.0582
vn -0.9924 -0.0897 0.0842
vn -0.9986 -0.0511 -0.0117
vn -0.9942 -0.1050 0.0243
vn -1.0000 0.0029 -0.0037
vn -0.9998 0.0060 -0.0172
vn -0.9999 -0.0009 0.0112
vn -0.9998 0.0146 -0.0112
vn -1.0000 0.0053 -0.0053
vn -1.0000 0.0028 -0.0049
vn -1.0000 -0.0009 -0.0059
vn -1.0000 -0.0007 0.0019
vn -1.0000 0.0003 -0.0003
vn -1.0000 0.0017 -0.0030
vn -0.9996 -0.0233 0.0167
vn -1.0000 0.0059 -0.0004
vn -1.0000 -0.0027 0.0014
vn -1.0000 0.0057 -0.0016
vn -1.0000 -0.0017 -0.0043
vn -0.9993 -0.0258 -0.0288
vn -1.0000 0.0013 -0.0002
vn -0.9980 -0.0575 -0.0252
vn -0.9951 -0.0909 -0.0396
vn -0.9999 -0.0078 -0.0067
vn -0.9999 -0.0111 0.0059
vn -1.0000 0.0078 0.0002
vn -1.0000 -0.0009 0.0053
vn -0.9999 0.0080 0.0071
vn -0.9998 -0.0177 0.0007
vn -0.9997 -0.0238 0.0008
vn -0.9972 -0.0552 -0.0504
vn -0.9973 -0.0543 -0.0489
vn -0.9973 -0.0541 -0.0501
vn -0.9985 0.0228 0.0489
vn -0.9985 0.0232 0.0489
vn -0.9986 0.0228 0.0483
vn -0.9991 -0.0109 0.0410
vn -0.9987 -0.0311 -0.0415
vn -0.9993 -0.0196 0.0324
vn -0.8765 -0.1068 -0.4695
vn -0.8010 -0.1254 -0.5855
vn -0.9929 -0.0135 -0.1182
vn -0.9868 0.1114 -0.1172
vn -0.9999 -0.0027 -0.0167
vn -0.9955 0.0660 -0.0675
vn -0.9496 0.3120 0.0304
vn -0.9791 0.2021 0.0245
vn -0.9980 0.0610 0.0159
vn -1.0000 0.0017 0.0029
vn -1.0000 0.0002 -0.0003
vn -0.9998 0.0074 0.0161
vn -0.9877 0.1186 -0.1014
vn -0.9900 0.0998 0.0996
vn -0.9729 -0.2018 -0.1130
vn -0.9925 -0.1215 -0.0124
vn -1.0000 -0.0062 -0.0054
vn -1.0000 0.0022 0.0083
vn -0.9996 0.0076 0.0276
vn -0.9998 -0.0017 0.0204
vn -0.9996 -0.0108 0.0264
vn -0.9994 -0.0310 0.0183
vn -0.9998 0.0129 -0.0157
vn -0.9996 0.0054 0.0259
vn -0.9995 -0.0105 0.0285
vn -0.9998 -0.0040 0.0187
vn -0.9975 0.0276 -0.0644
vn -0.9744 0.1695 -0.1476
vn -0.9534 0.0534 0.2970
vn -0.9562 0.0301 0.2913
vn -0.9999 -0.0129 -0.0106
vn -0.9953 0.0574 0.0776
vn -0.9939 0.0297 0.1060
vn -0.9911 0.0309 0.1296
vn -0.9994 -0.0253 0.0244
vn -0.9976 -0.0687 0.0040
vn -0.9969 -0.0718 0.0333
vn -0.9996 -0.0126 0.0246
vn -0.9935 -0.1059 -0.0419
vn -0.9999 -0.0036 -0.0144
vn -1.0000 -0.0012 -0.0006
vn -1.0000 -0.0012 0.0020
vn -1.0000 -0.0044 0.0044
vn -1.0000 -0.0007 -0.0000
vn -1.0000 -0.0045 -0.0023
vn -1.0000 0.0098 -0.0008
vn -1.0000 0.0008 0.0035
vn -1.0000 0.0017 0.0059
vn -1.0000 0.0022 0.0063
vn -1.0000 -0.0018 0.0033
vn -1.0000 0.0012 0.0007
vn -0.9995 0.0249 -0.0196
vn -0.9995 -0.0097 0.0295
vn -0.9976 0.0366 -0.0595
vn -0.9999 -0.0083 0.0074
vn -1.0000 -0.0011 0.0054
vn -0.9998 -0.0131 -0.0135
vn -0.9999 -0.0035 -0.0094
vn -1.0000 -0.0050 -0.0070
vn -1.0000 0.0057 -0.0038
vn -1.0000 -0.0011 -0.0033
vn -0.9990 -0.0442 0.0090
vn -0.9999 0.0021 -0.0120
vn -0.9992 -0.0410 0.0035
vn -0.9999 -0.0088 -0.0069
vn -0.9990 0.0376 -0.0254
vn -0.9990 0.0067 -0.0452
vn -0.9779 -0.1994 -0.0633
vn -1.0000 -0.0061 0.0004
vn -0.9997 0.0033 0.0249
vn -0.9999 -0.0053 0.0141
vn -1.0000 0.0001 0.0030
vn -0.9803 0.1840 -0.0713
vn -0.9932 0.0751 -0.0886
vn -0.9594 0.2418 -0.1449
vn -0.9606 0.2128 0.1787
vn -0.8416 0.4684 0.2690
vn -0.7996 0.3370 0.4970
vn -0.8909 -0.3945 -0.2250
vn -0.9593 -0.2464 -0.1381
vn -0.9878 -0.0311 0.1524
vn -0.9977 -0.0202 -0.0643
vn -0.9999 -0.0125 -0.0082
vn -0.9876 0.0733 -0.1386
vn -0.9992 0.0342 0.0185
vn -0.9992 -0.0396 -0.0070
vn -1.0000 -0.0057 -0.0032
vn -0.9997 -0.0238 0.0083
vn -0.9987 -0.0414 -0.0280
vn -0.9648 -0.1863 -0.1855
vn -0.9984 -0.0252 -0.0504
vn -1.0000 -0.0040 0.0010
vn -0.9995 -0.0106 -0.0285
vn -0.9760 -0.1863 -0.1129
vn -0.9999 -0.0056 -0.0158
vn -0.9989 -0.0427 0.0168
vn -0.9914 -0.0181 0.1298
vn -0.9813 -0.1837 -0.0574
vn -0.9999 0.0116 -0.0068
vn -1.0000 -0.0006 0.0050
vn -1.0000 -0.0005 0.0048
vn -0.9804 -0.0697 0.1842
vn -0.9945 0.0088 -0.1042
vn -0.9981 0.0597 -0.0163
vn -0.9999 -0.0008 -0.0120
vn -1.0000 -0.0014 -0.0010
vn -1.0000 -0.0008 -0.0011
vn -1.0000 -0.0023 0.0023
vn -0.9999 -0.0052 0.0124
vn -0.9691 -0.1070 -0.2222
vn -0.9993 0.0235 -0.0300
vn -0.9999 -0.0051 0.0095
vn -1.0000 0.0009 -0.0023
vn -0.9998 -0.0020 -0.0188
vn -0.9849 0.1497 -0.0874
vn -0.9984 0.0460 -0.0336
vn -1.0000 -0.0005 0.0036
vn -0.9914 0.0491 -0.1211
vn -0.9867 0.0107 -0.1621
vn -0.9575 0.2536 -0.1377
vn -0.9742 -0.0649 0.2160
vn -0.9737 -0.0769 0.2143
vn -0.9733 -0.1399 0.1818
vn -0.9608 0.0595 0.2709
vn -0.9828 -0.1780 -0.0496
vn -0.9825 -0.1787 -0.0522
vn -0.9827 -0.1788 -0.0494
vn -0.9960 0.0777 0.0431
vn -0.9988 0.0444 0.0221
vn -0.9981 0.0573 -0.0228
vn -0.9892 0.1250 -0.0760
vn -1.0000 0.0016 -0.0036
vn -0.9980 0.0160 -0.0616
vn -0.9983 0.0459 0.0364
vn -0.9998 0.0180 0.0062
vn -0.9949 0.0877 0.0504
vn -0.9904 0.1064 -0.0881
vn -0.9874 0.1024 0.1209
vn -0.9741 0.1879 0.1258
vn -0.8415 0.1213 0.5265
vn -0.8708 0.0978 0.4817
vn -0.5964 -0.0374 0.8018
vn -0.9990 -0.0181 -0.0403
vn -0.9990 -0.0183 -0.0408
vn -0.9990 -0.0185 -0.0400
vn -0.9817 0.0865 0.1698
vn -0.9986 -0.0525 0.0086
vn -1.0000 0.0042 0.0075
vn -0.9985 -0.0424 -0.0333
vn -0.9982 -0.0531 0.0296
vn -0.9888 -0.1023 0.1085
vn -0.9992 -0.0096 0.0396
vn -0.3484 -0.0487 -0.9361
vn -0.9789 0.0551 0.1970
vn -0.6371 -0.0598 -0.7684
vn -0.9382 0.0076 0.3460
vn -0.9834 0.1422 0.1129
vn -0.9996 0.0258 -0.0088
vn -0.9747 0.0360 0.2204
vn -0.9925 -0.0634 0.1044
vn -0.9856 0.0750 0.1518
vn -0.9600 0.1166 0.2546
vn -0.9999 -0.0049 0.0088
vn -0.8399 -0.0169 -0.5424
vn -0.8395 -0.0172 -0.5430
vn -0.8410 -0.0196 -0.5407
vn -0.9998 0.0176 0.0041
vn -0.9995 0.0270 0.0171
vn -0.9997 0.0086 -0.0207
vn -0.9984 -0.0219 -0.0515
vn -1.0000 0.0023 -0.0003
vn -0.9901 0.0023 -0.1401
vn -0.9999 -0.0107 0.0102
vn -1.0000 0.0066 0.0025
vn -0.9653 0.0369 0.2585
vn -1.0000 -0.0016 0.0059
vn -0.9082 0.1258 -0.3993
vn -0.9564 0.1650 -0.2412
vn -0.9893 -0.1124 -0.0930
vn -0.9551 -0.2520 0.1558
vn -0.9899 -0.1401 -0.0233
vn -0.8530 0.1149 0.5092
vn -0.9181 0.1423 0.3700
vn -0.6434 -0.4433 0.6242
vn -0.4302 -0.4253 0.7963
vn -0.5494 -0.4405 0.7100
vn -0.7304 -0.4390 0.5232
vn 0.0587 0.9246 0.3765
vn 0.0577 0.9242 0.3776
vn 0.0579 0.9241 0.3778
vn -0.1923 0.0748 -0.9785
vn -0.9672 0.0145 -0.2535
vn -0.4292 -0.1173 -0.8956
vn -0.9337 0.1740 0.3130
vn -0.5976 0.0681 -0.7989
vn -0.8064 0.1235 0.5783
vn -0.4960 -0.4021 -0.7696
vn -0.9977 -0.0088 0.0672
vn -0.7280 0.1244 -0.6743
vn -0.1704 -0.1422 -0.9751
vn -0.1613 -0.3059 -0.9383
vn -0.9947 -0.1008 -0.0193
vn -0.9727 -0.1361 -0.1881
vn -0.9871 -0.1382 -0.0808
vn -0.1995 0.1772 -0.9637
vn -0.9955 -0.0686 0.0654
vn -0.9289 -0.0677 -0.3640
vn -0.4563 0.0323 0.8893
vn -0.2789 0.0349 -0.9597
vn -0.9907 0.0664 0.1190
vn -0.8759 -0.1864 -0.4451
vn -0.8661 -0.0686 -0.4951
vn 0.0744 -0.1614 -0.9841
vn -0.3724 -0.8989 -0.2308
vn -0.1385 -0.9884 -0.0615
vn -0.2063 -0.9781 0.0273
vn 0.0420 -0.9953 0.0877
vn -0.0128 -0.9999 0.0018
vn 0.0108 -0.9999 -0.0058
vn 0.0075 -1.0000 0.0018
vn -0.0061 -1.0000 -0.0044
vn -0.0056 -1.0000 -0.0000
vn -0.8691 -0.3348 -0.3641
vn -0.9060 -0.4233 0.0019
vn -0.9238 -0.3748 -0.0781
vn 0.9330 -0.3546 0.0607
vn -0.6353 -0.7707 0.0485
vn 0.9996 0.0267 -0.0086
vn -0.7609 -0.5378 -0.3630
vn -0.2400 -0.9656 -0.1003
vn -0.3145 -0.9353 -0.1623
vn -0.8721 -0.4103 -0.2666
vn -0.1905 -0.9815 0.0184
vn -0.8226 -0.0808 -0.5628
vn -0.9000 -0.4217 -0.1105
vn 0.0706 -0.9950 0.0706
vn -0.7212 -0.6914 0.0419
vn -0.9022 -0.4240 0.0787
vn 0.1377 -0.9863 0.0909
vn -0.2013 -0.9739 0.1045
vn -0.0657 -0.9977 0.0150
vn 0.9252 0.0712 0.3728
vn 0.0687 -0.9972 -0.0301
vn -0.5143 -0.8378 0.1833
vn -0.4503 -0.7625 0.4646
vn -0.6140 -0.6779 0.4043
vn -0.5486 -0.7076 0.4454
vn 0.2316 -0.9527 -0.1969
vn 0.1110 -0.9856 -0.1278
vn -0.0164 -0.9982 -0.0585
vn 0.1481 -0.9879 -0.0457
vn 0.7457 -0.6216 0.2398
vn 0.3560 -0.9344 0.0131
vn -0.0082 -0.9970 -0.0768
vn 0.4025 -0.8959 0.1881
vn 0.4017 -0.9127 0.0756
vn 0.1596 -0.9759 -0.1486
vn -0.8900 -0.1644 -0.4254
vn -0.8810 -0.3610 -0.3058
vn -0.3156 -0.9417 -0.1164
vn 0.5376 -0.7965 0.2766
vn 0.5852 -0.8079 -0.0694
vn -0.0031 -1.0000 0.0001
vn -0.1175 -0.9931 0.0065
vn -0.1651 -0.9862 0.0124
vn -0.1175 -0.9928 0.0252
vn -0.2622 -0.9617 0.0794
vn -0.0730 -0.9968 0.0327
vn -0.3572 -0.9332 0.0391
vn -0.0193 -0.9998 -0.0011
vn -0.2384 -0.9661 0.0992
vn -0.0795 -0.9885 0.1287
vn -0.2921 -0.9266 -0.2367
vn -0.1511 -0.9117 -0.3820
vn 0.1529 -0.7437 -0.6508
vn -0.2865 -0.8880 -0.3596
vn -0.2446 -0.9332 -0.2633
vn -0.1174 -0.9922 -0.0424
vn -0.0520 -0.9937 -0.0990
vn 0.1331 -0.9883 0.0747
vn 0.0960 -0.9951 0.0248
vn 0.1027 -0.9771 0.1863
vn -0.0343 -0.9354 0.3520
vn 0.0480 -0.9930 0.1081
vn 0.0332 -0.9962 0.0806
vn -0.0330 -0.9609 0.2750
vn -0.3386 0.4781 0.8104
vn 0.0071 -0.9999 -0.0098
vn -0.0150 -0.9991 0.0395
vn -0.0032 -1.0000 0.0090
vn 0.0105 -0.9999 -0.0027
vn -0.0131 -0.9999 0.0070
vn -0.0030 -0.9999 -0.0102
vn 0.0035 -0.9999 -0.0121
vn -0.0033 -0.9999 -0.0143
vn -0.1476 -0.9622 0.2290
vn -0.0000 -1.0000 -0.0001
vn -0.0003 -1.0000 -0.0000
vn 0.0427 -0.9882 0.1468
vn 0.0624 -0.9741 0.2172
vn 0.3273 -0.9401 -0.0958
vn 0.2233 -0.9725 -0.0665
vn 0.2718 -0.9596 -0.0727
vn 0.0017 -1.0000 -0.0006
vn 0.1409 -0.9870 -0.0773
vn 0.1236 -0.9897 -0.0724
vn 0.0010 -1.0000 0.0002
vn -0.0008 -1.0000 -0.0052
vn -0.0010 -1.0000 0.0007
vn -0.0022 -0.9982 -0.0595
vn 0.0002 -1.0000 0.0001
vn -0.0004 -1.0000 0.0007
vn 0.0012 -1.0000 0.0002
vn 0.0020 -1.0000 -0.0053
vn 0.0007 -1.0000 -0.0012
vn 0.0003 -1.0000 -0.0001
vn 0.0006 -1.0000 -0.0005
vn 0.0005 -1.0000 -0.0000
vn 0.0003 -1.0000 -0.0000
vn 0.0015 -1.0000 -0.0003
vn 0.0005 -1.0000 0.0003
vn 0.0009 -1.0000 0.0001
vn -0.1369 -0.9879 -0.0730
vn 0.0001 -1.0000 0.0002
vn -0.0005 -1.0000 -0.0000
vn -0.0455 -0.9990 0.0014
vn -0.1824 -0.9832 -0.0078
vn -0.0717 -0.9974 -0.0048
vn 0.0414 -0.9797 0.1961
vn -0.0084 -0.9993 -0.0354
vn -0.4534 -0.8740 0.1749
vn -0.9090 -0.4139 0.0483
vn -0.7474 -0.6532 0.1210
vn -0.2125 -0.9734 0.0858
vn -0.8145 -0.5269 -0.2428
vn -0.3438 -0.7996 0.4924
vn -0.0303 -0.9987 -0.0413
vn -0.0194 -0.9995 -0.0249
vn 0.1879 -0.9799 0.0668
vn 0.0140 -0.9990 -0.0420
vn -0.0088 -1.0000 -0.0022
vn -0.0113 -0.9999 0.0059
vn -0.0036 -1.0000 0.0026
vn 0.5654 -0.8104 0.1537
vn -0.0017 -1.0000 0.0075
vn 0.0001 -1.0000 0.0044
vn 0.0008 -1.0000 -0.0005
vn 0.0031 -1.0000 -0.0001
vn -0.0002 -1.0000 -0.0005
vn -0.0001 -1.0000 -0.0005
vn 0.0003 -1.0000 0.0015
vn -0.0007 -1.0000 0.0023
vn 0.0012 -1.0000 -0.0004
vn 0.0011 -1.0000 0.0013
vn 0.0013 -1.0000 0.0017
vn -0.0003 -1.0000 -0.0009
vn -0.0002 -1.0000 -0.0007
vn 0.0259 -0.9991 -0.0329
vn 0.0021 -1.0000 0.0009
vn -0.0866 -0.9725 -0.2161
vn 0.6357 -0.7665 0.0913
vn 0.1742 -0.9659 -0.1914
vn -0.0018 -1.0000 0.0023
vn 0.3187 -0.9475 -0.0256
vn 0.2480 -0.9687 0.0046
vn 0.0025 -1.0000 0.0062
vn 0.4162 -0.9092 0.0099
vn -0.0019 -1.0000 0.0044
vn -0.0041 -1.0000 0.0037
vn 0.1545 -0.9815 0.1127
vn -0.0207 -0.9998 -0.0035
vn -0.9781 -0.1880 0.0893
vn 0.3956 -0.9135 0.0950
vn 0.1492 -0.9599 0.2373
vn 0.3517 -0.9341 -0.0615
vn 0.5217 -0.8350 0.1751
vn -0.4249 -0.7600 -0.4918
vn -0.8631 -0.3757 -0.3374
vn -0.8871 -0.3044 -0.3470
vn 0.0901 -0.9769 -0.1940
vn -0.9687 0.0417 0.2447
vn 0.2180 -0.9759 -0.0097
vn 0.6119 -0.5459 -0.5723
vn 0.6195 -0.4018 -0.6744
vn 0.6635 -0.1408 -0.7348
vn -0.0424 -0.9909 0.1274
vn -0.1352 -0.9048 0.4038
vn -0.0053 -0.9997 0.0245
vn -0.0045 -0.9994 -0.0342
vn -0.0067 -0.9999 -0.0113
vn -0.0023 -1.0000 -0.0017
vn -0.0003 -1.0000 -0.0001
vn -0.0006 -1.0000 0.0001
vn -0.0011 -1.0000 0.0001
vn 0.1058 -0.9930 0.0526
vn 0.0853 -0.9937 -0.0726
vn 0.0258 -0.9995 -0.0174
vn -0.0651 -0.9454 -0.3193
vn -0.0001 -1.0000 -0.0002
vn -0.0011 -1.0000 -0.0004
vn -0.0015 -1.0000 0.0001
vn 0.0014 -1.0000 -0.0006
vn -0.0003 -1.0000 -0.0002
vn -0.0010 -1.0000 0.0005
vn 0.0001 -1.0000 0.0004
vn 0.0004 -1.0000 0.0001
vn -0.0062 -1.0000 0.0003
vn 0.0011 -1.0000 0.0009
vn -0.0004 -1.0000 -0.0001
vn 0.0003 -1.0000 0.0006
vn 0.0003 -1.0000 0.0030
vn 0.0013 -1.0000 -0.0023
vn 0.0020 -1.0000 -0.0018
vn 0.0017 -1.0000 -0.0022
vn 0.0012 -1.0000 -0.0021
vn 0.0028 -1.0000 -0.0011
vn -0.0140 -0.9999 -0.0005
vn -0.0018 -1.0000 0.0060
vn -0.0013 -1.0000 0.0018
vn 0.0002 -1.0000 0.0015
vn 0.0002 -1.0000 0.0017
vn 0.0013 -1.0000 0.0001
vn -0.0571 -0.9981 0.0251
vn -0.0033 -1.0000 -0.0033
vn 0.0041 -0.9996 -0.0282
vn -0.0858 -0.9945 0.0608
vn -0.0203 -0.9996 0.0186
vn -0.0122 -0.9999 0.0119
vn -0.0183 -0.9998 -0.0019
vn -0.0007 -1.0000 -0.0001
vn -0.0002 -1.0000 0.0003
vn -0.0018 -0.9995 0.0331
vn 0.0004 -1.0000 -0.0001
vn 0.0003 -1.0000 0.0008
vn 0.0005 -1.0000 -0.0001
vn 0.0008 -1.0000 -0.0006
vn 0.0199 -0.9998 0.0082
vn 0.0164 -0.9999 -0.0032
vn 0.0293 -0.9996 0.0011
vn 0.0220 -0.9996 -0.0180
vn 0.0048 -1.0000 -0.0001
vn 0.0001 -1.0000 0.0001
vn -0.0000 -1.0000 -0.0000
vn 0.2759 -0.9612 0.0023
vn -0.0266 -0.9996 -0.0097
vn -0.0004 -1.0000 -0.0000
vn 0.0001 -1.0000 -0.0001
vn -0.0001 -1.0000 -0.0000
vn -0.0000 -1.0000 -0.0003
vn -0.0002 -1.0000 0.0013
vn -0.0694 -0.9885 -0.1345
vn -0.0335 -0.9985 0.0432
vn -0.1329 -0.9657 -0.2230
vn -0.3072 -0.6185 -0.7232
vn -0.0682 -0.9221 0.3810
vn 0.0749 -0.9041 0.4208
vn 0.2850 -0.8931 0.3480
vn -0.0291 -0.9888 0.1463
vn -0.0477 -0.9948 0.0897
vn 0.0044 -0.9848 0.1734
vn 0.0005 -1.0000 0.0008
vn 0.0044 -1.0000 0.0020
vn 0.0136 -0.9999 0.0089
vn 0.0011 -1.0000 0.0002
vn 0.0004 -1.0000 0.0004
vn -0.0006 -1.0000 -0.0004
vn 0.0002 -1.0000 0.0002
vn -0.0000 -1.0000 0.0002
vn -0.0004 -1.0000 -0.0005
vn -0.0002 -1.0000 -0.0002
vn -0.0002 -1.0000 -0.0001
vn 0.0001 -1.0000 -0.0003
vn 0.0002 -1.0000 -0.0007
vn -0.0002 -1.0000 -0.0003
vn -0.0003 -1.0000 -0.0004
vn -0.0007 -1.0000 0.0006
vn -0.0002 -1.0000 0.0020
vn 0.0003 -1.0000 0.0018
vn -0.0001 -1.0000 0.0008
vn -0.0043 -1.0000 0.0005
vn -0.0089 -1.0000 -0.0003
vn -0.0037 -1.0000 -0.0008
vn -0.0012 -1.0000 -0.0020
vn 0.0004 -1.0000 -0.0005
vn -0.0001 -1.0000 0.0003
vn -0.0074 -1.0000 -0.0022
vn -0.0013 -1.0000 0.0027
vn -0.0021 -1.0000 0.0011
vn -0.0006 -1.0000 0.0019
vn 0.0001 -1.0000 -0.0004
vn -0.0000 -1.0000 0.0001
vn -0.0006 -1.0000 0.0004
vn 0.0018 -1.0000 -0.0018
vn 0.0005 -1.0000 -0.0006
vn 0.0010 -1.0000 -0.0008
vn -0.0006 -1.0000 -0.0008
vn -0.0013 -1.0000 -0.0005
vn -0.0007 -1.0000 -0.0008
vn 0.0006 -1.0000 -0.0000
vn 0.0004 -1.0000 -0.0002
vn 0.0002 -1.0000 0.0003
vn 0.0002 -1.0000 0.0005
vn -0.0000 -1.0000 0.0007
vn 0.0002 -1.0000 -0.0006
vn 0.0010 -1.0000 -0.0012
vn -0.0011 -1.0000 -0.0003
vn 0.0006 -1.0000 0.0002
vn -0.0059 -0.9998 0.0214
vn 0.2181 -0.9759 -0.0072
vn 0.0038 -1.0000 0.0079
vn -0.0617 -0.9978 0.0233
vn 0.0154 -0.9907 0.1353
vn 0.0340 -0.9963 0.0791
vn -0.0124 -0.9901 0.1398
vn 0.0004 -1.0000 0.0014
vn 0.0009 -1.0000 0.0012
vn -0.0002 -1.0000 0.0005
vn -0.0009 -1.0000 0.0005
vn -0.0000 -1.0000 0.0005
vn -0.0054 -1.0000 0.0041
vn -0.0045 -1.0000 0.0033
vn -0.0014 -1.0000 0.0007
vn 0.0003 -1.0000 -0.0003
vn 0.0007 -1.0000 -0.0006
vn -0.0002 -1.0000 -0.0000
vn 0.0005 -1.0000 0.0007
vn 0.0009 -1.0000 0.0016
vn 0.0039 -1.0000 0.0013
vn 0.0003 -1.0000 -0.0002
vn -0.0005 -1.0000 -0.0005
vn -0.0024 -1.0000 -0.0006
vn -0.0000 -1.0000 0.0003
vn 0.0003 -1.0000 0.0004
vn -0.0002 -1.0000 0.0002
vn 0.0008 -1.0000 -0.0001
vn 0.0002 -1.0000 -0.0000
vn 0.0009 -1.0000 -0.0010
vn 0.0003 -1.0000 0.0002
vn 0.0001 -1.0000 -0.0010
vn 0.0003 -1.0000 0.0007
vn -0.0007 -1.0000 -0.0005
vn 0.0004 -1.0000 0.0011
vn 0.0006 -1.0000 0.0004
vn 0.0012 -1.0000 -0.0000
vn 0.0003 -1.0000 0.0003
vn -0.0001 -1.0000 0.0005
vn 0.0013 -1.0000 -0.0003
vn 0.0001 -1.0000 0.0005
vn 0.0003 -1.0000 0.0001
vn 0.0005 -1.0000 0.0006
vn 0.0043 -1.0000 0.0006
vn -0.0002 -1.0000 -0.0017
vn -0.0004 -1.0000 -0.0002
vn -0.0035 -1.0000 0.0002
vn 0.0189 -0.9997 0.0168
vn -0.0677 -0.9898 -0.1252
vn -0.0573 -0.7540 0.6544
vn 0.5613 -0.6066 -0.5630
vn -0.1421 -0.9478 0.2856
vn -0.0282 -0.9989 0.0363
vn -0.0047 -0.9745 0.2242
vn -0.3739 -0.8993 0.2269
vn 0.0010 -1.0000 -0.0002
vn 0.0002 -1.0000 -0.0003
vn -0.0010 -1.0000 -0.0006
vn -0.0006 -1.0000 -0.0001
vn -0.0002 -1.0000 -0.0018
vn -0.0019 -1.0000 0.0014
vn -0.0035 -1.0000 0.0020
vn 0.0003 -1.0000 -0.0008
vn 0.0002 -1.0000 -0.0004
vn -0.0002 -1.0000 -0.0004
vn -0.0001 -1.0000 -0.0003
vn -0.0000 -1.0000 -0.0002
vn 0.0007 -1.0000 0.0015
vn 0.0004 -1.0000 -0.0000
vn 0.0013 -1.0000 0.0004
vn 0.0004 -1.0000 -0.0006
vn 0.0003 -1.0000 0.0005
vn 0.0012 -1.0000 -0.0019
vn 0.0007 -1.0000 -0.0008
vn 0.0012 -1.0000 -0.0015
vn -0.0002 -1.0000 0.0009
vn -0.0003 -1.0000 0.0003
vn 0.0001 -1.0000 0.0006
vn -0.0017 -1.0000 -0.0005
vn -0.0003 -1.0000 0.0007
vn 0.0008 -1.0000 -0.0009
vn -0.0008 -1.0000 -0.0005
vn 0.0038 -1.0000 0.0022
vn 0.0013 -1.0000 0.0013
vn -0.0001 -1.0000 -0.0013
vn 0.0003 -1.0000 0.0010
vn 0.0018 -1.0000 -0.0016
vn 0.0004 -1.0000 0.0013
vn 0.0010 -1.0000 0.0003
vn -0.0002 -1.0000 0.0079
vn 0.0007 -1.0000 -0.0010
vn 0.0016 -1.0000 -0.0007
vn -0.4091 -0.9106 -0.0581
vn -0.3690 -0.8525 0.3703
vn -0.3056 -0.9143 0.2658
vn 0.4878 -0.8129 0.3180
vn 0.0043 -0.9992 0.0393
vn -0.0009 -0.9982 0.0599
vn -0.0204 -0.9994 0.0281
vn -0.0038 -1.0000 -0.0003
vn -0.0011 -1.0000 -0.0008
vn -0.0009 -1.0000 0.0009
vn -0.0004 -1.0000 0.0010
vn -0.0024 -1.0000 -0.0001
vn 0.0014 -1.0000 0.0022
vn -0.0012 -1.0000 -0.0003
vn -0.0010 -1.0000 -0.0007
vn -0.0001 -1.0000 0.0004
vn 0.0008 -1.0000 -0.0004
vn -0.0002 -1.0000 0.0004
vn 0.0005 -1.0000 -0.0002
vn 0.0002 -1.0000 -0.0001
vn 0.0004 -1.0000 -0.0003
vn 0.0004 -1.0000 0.0002
vn 0.0013 -1.0000 0.0024
vn 0.0010 -1.0000 0.0010
vn 0.0014 -1.0000 0.0007
vn 0.0021 -1.0000 0.0010
vn -0.0001 -1.0000 -0.0001
vn -0.0009 -1.0000 -0.0012
vn -0.0031 -1.0000 -0.0034
vn 0.0001 -1.0000 -0.0000
vn 0.0006 -1.0000 -0.0001
vn -0.0001 -1.0000 0.0001
vn 0.0017 -1.0000 0.0003
vn -0.0005 -1.0000 -0.0004
vn -0.0002 -1.0000 -0.0006
vn 0.0015 -1.0000 0.0016
vn 0.0007 -1.0000 0.0003
vn 0.0001 -1.0000 -0.0002
vn 0.0019 -1.0000 0.0026
vn 0.0002 -1.0000 -0.0016
vn 0.0002 -1.0000 -0.0013
vn 0.0004 -1.0000 -0.0004
vn -0.0051 -1.0000 -0.0014
vn -0.0001 -0.9999 0.0153
vn 0.0003 -1.0000 0.0071
vn -0.0012 -1.0000 -0.0009
vn 0.0001 -1.0000 0.0015
vn -0.0013 -0.9998 0.0189
vn -0.0001 -1.0000 0.0006
vn 0.0005 -0.9996 -0.0272
vn 0.0146 -0.9950 -0.0987
vn 0.0230 -0.8801 -0.4742
vn -0.0028 -0.9990 -0.0449
vn -0.0310 -0.9991 -0.0296
vn -0.0032 -0.9989 0.0467
vn -0.0093 -0.9337 0.3579
vn -0.0457 -0.9989 -0.0059
vn -0.0011 -1.0000 -0.0000
vn -0.0001 -1.0000 -0.0006
vn 0.0007 -1.0000 0.0001
vn -0.0010 -1.0000 -0.0009
vn 0.0009 -1.0000 -0.0015
vn 0.0002 -1.0000 0.0027
vn -0.0002 -1.0000 0.0010
vn -0.0008 -1.0000 -0.0025
vn -0.0001 -1.0000 0.0014
vn 0.0005 -1.0000 0.0018
vn 0.0005 -1.0000 -0.0021
vn 0.0003 -1.0000 -0.0034
vn 0.0011 -1.0000 -0.0025
vn -0.0015 -1.0000 0.0002
vn 0.0032 -1.0000 0.0008
vn -0.0003 -1.0000 -0.0003
vn -0.0010 -1.0000 -0.0010
vn -0.0005 -1.0000 -0.0007
vn 0.0023 -1.0000 -0.0044
vn 0.0020 -1.0000 -0.0009
vn -0.0038 -1.0000 -0.0004
vn -0.0020 -1.0000 0.0017
vn -0.0004 -1.0000 -0.0004
vn -0.0000 -1.0000 0.0019
vn -0.0061 -0.9999 -0.0099
vn 0.0145 -0.9983 -0.0563
vn 0.0001 -1.0000 -0.0024
vn -0.0196 -0.8582 -0.5130
vn 0.0185 -0.2703 -0.9626
vn 0.1265 0.2331 -0.9642
vn 0.0452 -0.9988 0.0209
vn 0.0196 -0.9994 0.0276
vn 0.0003 -1.0000 0.0058
vn -0.0032 -1.0000 0.0060
vn 0.0006 -1.0000 0.0058
vn 0.0019 -1.0000 0.0013
vn -0.0099 -0.9999 0.0029
vn -0.0027 -0.9998 -0.0210
vn -0.0002 -1.0000 -0.0011
vn 0.0010 -0.9998 -0.0183
vn -0.0004 -1.0000 0.0004
vn 0.0012 -1.0000 -0.0007
vn 0.0012 -1.0000 -0.0008
vn 0.0010 -1.0000 -0.0007
vn -0.0004 -1.0000 -0.0007
vn -0.0000 -1.0000 -0.0007
vn 0.0001 -1.0000 0.0007
vn 0.0001 -1.0000 0.0003
vn 0.0002 -1.0000 0.0014
vn -0.0000 -1.0000 0.0004
vn 0.0006 -1.0000 -0.0004
vn 0.0006 -1.0000 -0.0018
vn 0.0003 -1.0000 -0.0022
vn -0.0004 -1.0000 0.0002
vn -0.0004 -1.0000 0.0001
vn -0.0005 -1.0000 0.0001
vn -0.0014 -1.0000 0.0011
vn -0.0007 -1.0000 0.0003
vn -0.0038 -1.0000 0.0001
vn -0.0019 -1.0000 -0.0019
vn -0.0008 -1.0000 0.0001
vn 0.0003 -1.0000 0.0017
vn -0.0013 -1.0000 -0.0021
vn -0.0006 -1.0000 -0.0007
vn -0.0003 -1.0000 0.0010
vn -0.0017 -1.0000 -0.0009
vn -0.0016 -1.0000 -0.0006
vn -0.0037 -1.0000 -0.0018
vn 0.0016 -1.0000 -0.0013
vn 0.0009 -1.0000 -0.0009
vn 0.0001 -1.0000 0.0013
vn 0.0023 -1.0000 -0.0025
vn 0.0020 -1.0000 -0.0003
vn 0.0013 -1.0000 0.0012
vn -0.0005 -1.0000 0.0023
vn -0.0546 -0.9887 -0.1395
vn -0.0335 -0.9959 0.0835
vn -0.0662 -0.6330 -0.7713
vn -0.0651 -0.1213 -0.9905
vn -0.1541 -0.9517 -0.2656
vn -0.2366 -0.9501 -0.2033
vn -0.0634 -0.9855 -0.1573
vn -0.0021 -1.0000 0.0008
vn 0.0066 -0.9985 0.0535
vn -0.0014 -1.0000 0.0018
vn -0.0002 -1.0000 0.0042
vn 0.0046 -1.0000 0.0056
vn -0.0017 -1.0000 -0.0037
vn -0.0005 -1.0000 -0.0002
vn -0.0004 -1.0000 -0.0009
vn 0.0007 -1.0000 -0.0007
vn 0.0001 -1.0000 -0.0009
vn 0.0005 -1.0000 -0.0003
vn 0.0001 -1.0000 0.0008
vn 0.0003 -1.0000 0.0012
vn -0.0000 -1.0000 -0.0006
vn 0.0004 -1.0000 -0.0007
vn 0.0021 -1.0000 0.0019
vn -0.0004 -1.0000 -0.0047
vn 0.0031 -1.0000 0.0019
vn -0.0001 -1.0000 -0.0016
vn 0.0121 -0.9999 0.0095
vn 0.0016 -1.0000 0.0012
vn -0.0024 -1.0000 -0.0039
vn -0.0017 -1.0000 0.0030
vn -0.0017 -1.0000 -0.0036
vn 0.0004 -1.0000 0.0012
vn 0.0014 -1.0000 0.0014
vn 0.0012 -1.0000 -0.0003
vn -0.0015 -1.0000 -0.0000
vn -0.0007 -1.0000 0.0005
vn 0.0002 -1.0000 -0.0002
vn -0.0007 -1.0000 -0.0010
vn 0.0005 -1.0000 -0.0017
vn 0.0008 -1.0000 -0.0033
vn -0.0098 -0.9995 0.0314
vn 0.0014 -1.0000 0.0003
vn 0.0003 -1.0000 0.0009
vn -0.0340 -0.9951 0.0929
vn -0.1090 -0.9307 0.3493
vn 0.4116 -0.5648 0.7153
vn 0.1026 -0.9215 -0.3747
vn 0.3623 -0.9299 0.0641
vn 0.0127 -0.9955 0.0939
vn 0.0033 -0.9996 0.0265
vn 0.0030 -1.0000 -0.0055
vn 0.0009 -1.0000 -0.0005
vn 0.0018 -1.0000 -0.0021
vn 0.0009 -1.0000 0.0009
vn 0.0013 -1.0000 0.0008
vn -0.0010 -1.0000 -0.0000
vn -0.0001 -1.0000 -0.0014
vn -0.0009 -1.0000 0.0011
vn 0.0028 -1.0000 0.0026
vn 0.0010 -1.0000 0.0007
vn -0.0003 -1.0000 -0.0005
vn -0.0076 -1.0000 -0.0059
vn -0.0120 -0.9999 -0.0093
vn 0.0005 -1.0000 0.0013
vn 0.0017 -1.0000 0.0006
vn 0.0014 -1.0000 -0.0027
vn -0.0000 -1.0000 -0.0010
vn 0.0003 -1.0000 0.0013
vn -0.0006 -1.0000 0.0010
vn 0.0005 -1.0000 0.0004
vn -0.0079 -1.0000 0.0013
vn -0.0003 -1.0000 0.0002
vn -0.0003 -1.0000 0.0001
vn 0.0005 -1.0000 0.0001
vn -0.0016 -1.0000 -0.0003
vn -0.0031 -1.0000 -0.0011
vn -0.0006 -1.0000 0.0003
vn -0.1171 -0.9931 0.0090
vn -0.0020 -0.9936 0.1125
vn 0.1689 -0.9099 0.3789
vn -0.0888 -0.9933 0.0734
vn 0.0430 -0.9989 -0.0172
vn 0.0388 -0.9937 -0.1056
vn 0.1450 -0.9853 -0.0902
vn 0.1400 -0.9863 -0.0870
vn 0.0008 -1.0000 -0.0026
vn 0.0004 -1.0000 -0.0026
vn 0.0005 -1.0000 -0.0026
vn 0.0033 -1.0000 0.0012
vn 0.0027 -1.0000 0.0006
vn 0.0035 -1.0000 0.0015
vn -0.0003 -1.0000 -0.0013
vn -0.0003 -1.0000 -0.0014
vn -0.0005 -1.0000 -0.0022
vn -0.0047 -0.9999 -0.0122
vn -0.0060 -1.0000 -0.0006
vn -0.0006 -1.0000 -0.0002
vn 0.0006 -1.0000 0.0011
vn 0.0010 -1.0000 0.0018
vn 0.0007 -1.0000 -0.0003
vn -0.0004 -1.0000 -0.0003
vn -0.0005 -1.0000 -0.0003
vn 0.0016 -1.0000 0.0006
vn -0.0005 -1.0000 0.0002
vn -0.0002 -1.0000 -0.0014
vn 0.0004 -1.0000 0.0007
vn 0.0002 -1.0000 -0.0008
vn 0.0014 -1.0000 0.0040
vn 0.0006 -1.0000 0.0019
vn 0.0632 -0.9825 0.1750
vn -0.0193 -0.9691 0.2459
vn 0.0558 -0.9828 0.1761
vn 0.1075 -0.9859 0.1284
vn 0.0029 -1.0000 0.0083
vn 0.1155 -0.9916 0.0575
vn -0.0881 -0.9955 0.0344
vn -0.0427 -0.9975 0.0565
vn -0.0313 -0.9992 -0.0266
vn -0.0002 -1.0000 0.0001
vn 0.0005 -1.0000 0.0024
vn 0.0055 -0.9998 0.0191
vn -0.0321 -0.9966 0.0762
vn -0.0349 -0.9967 0.0732
vn -0.0389 -0.9968 0.0694
vn -0.0290 -0.9964 0.0792
vn -0.0000 -1.0000 -0.0027
vn -0.0009 -1.0000 0.0003
vn -0.0008 -1.0000 -0.0006
vn -0.0007 -1.0000 -0.0003
vn 0.0006 -1.0000 0.0006
vn -0.0006 -1.0000 0.0008
vn -0.0005 -1.0000 0.0008
vn 0.0006 -1.0000 -0.0006
vn -0.0005 -1.0000 -0.0015
vn 0.0004 -1.0000 0.0008
vn 0.0010 -1.0000 -0.0000
vn -0.0001 -1.0000 0.0002
vn -0.0098 -0.9999 0.0031
vn -0.0003 -1.0000 -0.0007
vn 0.0010 -1.0000 -0.0052
vn -0.0000 -1.0000 -0.0004
vn -0.0490 -0.9801 -0.1924
vn 0.0879 -0.9939 -0.0663
vn -0.0005 -0.9905 -0.1376
vn -0.0031 -0.9998 0.0205
vn -0.1442 -0.9266 -0.3473
vn 0.0026 -1.0000 0.0079
vn 0.0009 -1.0000 -0.0002
vn 0.0043 -1.0000 0.0012
vn 0.0019 -1.0000 0.0011
vn 0.0003 -1.0000 -0.0005
vn 0.0001 -1.0000 -0.0006
vn 0.0005 -1.0000 -0.0004
vn 0.0005 -1.0000 -0.0018
vn 0.0028 -1.0000 -0.0014
vn -0.0012 -1.0000 0.0002
vn -0.0003 -1.0000 0.0005
vn -0.0006 -1.0000 0.0006
vn 0.0004 -1.0000 0.0003
vn -0.0012 -1.0000 0.0021
vn -0.0018 -0.9859 0.1674
vn -0.1677 -0.9313 -0.3234
vn -0.0402 -0.9768 0.2102
vn -0.2668 -0.9384 -0.2196
vn 0.0006 -0.9887 -0.1497
vn -0.1322 -0.9736 -0.1861
vn -0.1024 -0.9507 0.2927
vn 0.0960 -0.8481 0.5210
vn -0.0004 -1.0000 0.0033
vn 0.0175 -0.9998 0.0009
vn -0.0008 -1.0000 0.0013
vn 0.0084 -1.0000 -0.0000
vn 0.0081 -1.0000 0.0031
vn -0.0002 -1.0000 -0.0008
vn -0.0013 -1.0000 -0.0012
vn -0.0006 -1.0000 -0.0006
vn -0.0043 -1.0000 0.0025
vn -0.0042 -1.0000 -0.0010
vn -0.0036 -1.0000 -0.0031
vn -0.0004 -1.0000 0.0003
vn 0.0044 -1.0000 -0.0079
vn -0.0000 -1.0000 -0.0016
vn -0.0006 -1.0000 -0.0026
vn 0.0001 -1.0000 -0.0016
vn -0.0011 -1.0000 0.0019
vn 0.0002 -1.0000 0.0009
vn -0.0040 -1.0000 0.0023
vn -0.0002 -1.0000 -0.0022
vn 0.0007 -1.0000 -0.0000
vn -0.0068 -1.0000 -0.0008
vn -0.0003 -1.0000 0.0004
vn -0.0037 -0.9998 -0.0187
vn 0.0093 -0.9979 -0.0633
vn -0.0007 -1.0000 -0.0002
vn 0.2118 -0.9728 -0.0936
vn -0.0001 -0.9960 -0.0894
vn 0.2205 -0.9739 0.0546
vn 0.0360 -0.9868 0.1580
vn 0.4709 -0.4114 0.7803
vn 0.5619 -0.6624 0.4955
vn 0.2034 -0.9766 0.0694
vn 0.1076 -0.9937 -0.0318
vn -0.0040 -1.0000 0.0046
vn -0.0029 -1.0000 0.0068
vn -0.0057 -1.0000 -0.0023
vn -0.0007 -1.0000 0.0015
vn 0.0002 -1.0000 -0.0005
vn 0.0011 -1.0000 -0.0022
vn -0.0016 -1.0000 -0.0014
vn 0.0010 -1.0000 0.0012
vn 0.0028 -1.0000 0.0040
vn 0.0051 -1.0000 0.0076
vn -0.0004 -1.0000 -0.0006
vn 0.0007 -1.0000 0.0005
vn -0.0024 -1.0000 0.0001
vn 0.0028 -1.0000 0.0072
vn 0.0191 -0.9997 -0.0130
vn 0.0011 -1.0000 0.0048
vn 0.0009 -1.0000 -0.0029
vn -0.0010 -1.0000 -0.0004
vn -0.0013 -1.0000 0.0003
vn 0.0010 -1.0000 0.0001
vn 0.0007 -1.0000 -0.0002
vn 0.0005 -1.0000 -0.0005
vn -0.0005 -1.0000 0.0004
vn 0.0008 -1.0000 0.0009
vn 0.0002 -1.0000 0.0010
vn -0.0002 -1.0000 0.0006
vn 0.0271 -0.9904 -0.1355
vn -0.0013 -0.9981 0.0620
vn -0.0115 -0.9989 0.0445
vn -0.0014 -1.0000 -0.0001
vn -0.0022 -1.0000 0.0006
vn -0.0022 -1.0000 0.0014
vn -0.0029 -1.0000 0.0018
vn -0.0011 -1.0000 -0.0018
vn 0.0002 -1.0000 -0.0011
vn -0.0006 -1.0000 -0.0017
vn 0.0008 -1.0000 0.0005
vn -0.0005 -1.0000 0.0003
vn 0.0014 -1.0000 -0.0005
vn 0.0077 -0.9999 0.0111
vn 0.0115 -0.9999 0.0079
vn 0.0067 -1.0000 0.0014
vn 0.0028 -0.9999 0.0121
vn 0.0047 -0.9999 0.0108
vn 0.0045 -0.9998 0.0196
vn 0.0008 -0.9997 -0.0261
vn 0.0004 -0.9999 -0.0142
vn 0.0002 -1.0000 0.0004
vn 0.0004 -1.0000 0.0005
vn 0.0019 -1.0000 0.0012
vn 0.0003 -1.0000 -0.0023
vn 0.0019 -1.0000 0.0004
vn -0.0009 -1.0000 -0.0005
vn 0.2098 -0.9621 -0.1741
vn 0.0940 -0.9925 -0.0778
vn 0.6403 -0.5551 -0.5309
vn 0.4220 -0.8950 0.1447
vn -0.0991 -0.9624 0.2529
vn -0.2211 -0.9218 0.3183
vn -0.7622 -0.6104 0.2155
vn -0.3511 -0.9085 0.2268
vn 0.0610 -0.8911 0.4497
vn -0.0027 -0.9999 0.0134
vn 0.1308 -0.1623 0.9780
vn -0.0215 -0.9996 0.0194
vn 0.0026 -1.0000 0.0021
vn 0.0071 -1.0000 0.0049
vn 0.0024 -1.0000 0.0034
vn -0.0003 -1.0000 -0.0006
vn 0.0004 -1.0000 -0.0016
vn 0.0016 -1.0000 0.0007
vn 0.0005 -1.0000 -0.0015
vn -0.0008 -1.0000 0.0002
vn -0.0006 -1.0000 -0.0005
vn -0.0008 -1.0000 -0.0003
vn -0.0010 -1.0000 -0.0001
vn 0.0018 -1.0000 -0.0010
vn 0.0011 -1.0000 -0.0006
vn 0.0011 -1.0000 0.0005
vn -0.0003 -1.0000 -0.0008
vn -0.0013 -1.0000 0.0012
vn 0.0001 -1.0000 0.0019
vn -0.0034 -1.0000 0.0033
vn -0.0006 -1.0000 0.0009
vn -0.0022 -1.0000 0.0016
vn -0.0039 -1.0000 0.0025
vn -0.0059 -1.0000 0.0034
vn -0.0008 -1.0000 -0.0002
vn -0.0009 -1.0000 -0.0003
vn 0.0321 -0.9646 -0.2618
vn 0.0428 -0.9361 -0.3491
vn 0.0182 -0.9888 -0.1482
vn -0.3740 -0.9213 0.1064
vn 0.0828 -0.9948 0.0590
vn -0.1457 -0.9893 -0.0101
vn -0.3388 -0.9159 0.2155
vn -0.0418 -0.9989 -0.0199
vn 0.2217 -0.9044 -0.3645
vn -0.0325 -0.9928 -0.1156
vn -0.1032 -0.9855 -0.1344
vn -0.1050 -0.9608 -0.2565
vn 0.3672 0.1892 0.9107
vn 0.0412 -0.9951 0.0901
vn -0.0353 -0.9721 0.2319
vn -0.1558 -0.9363 0.3149
vn -0.0738 -0.9786 0.1922
vn -0.0019 -1.0000 0.0030
vn 0.0009 -1.0000 0.0020
vn 0.0042 -1.0000 0.0034
vn 0.0010 -1.0000 0.0027
vn -0.0022 -1.0000 0.0001
vn -0.0006 -1.0000 0.0007
vn 0.0002 -1.0000 -0.0023
vn 0.0014 -1.0000 -0.0029
vn 0.0001 -1.0000 -0.0008
vn -0.0007 -1.0000 0.0002
vn -0.0006 -1.0000 0.0002
vn -0.0065 -0.9999 0.0109
vn -0.0009 -1.0000 0.0020
vn 0.0012 -1.0000 0.0021
vn 0.0034 -1.0000 -0.0036
vn 0.0030 -1.0000 -0.0053
vn -0.0005 -1.0000 0.0021
vn -0.0008 -1.0000 0.0020
vn 0.0002 -1.0000 0.0007
vn 0.0162 -0.9998 0.0071
vn -0.0017 -1.0000 0.0002
vn -0.0331 -0.9994 0.0026
vn 0.0013 -1.0000 0.0011
vn -0.0011 -1.0000 0.0008
vn 0.0002 -1.0000 -0.0009
vn 0.0008 -1.0000 -0.0000
vn -0.0010 -1.0000 -0.0003
vn 0.0027 -1.0000 0.0088
vn -0.0004 -1.0000 0.0005
vn -0.0061 -1.0000 -0.0058
vn -0.0116 -0.9998 0.0174
vn 0.0325 -0.9994 -0.0141
vn -0.0579 -0.9983 0.0005
vn 0.0037 -0.9999 0.0140
vn -0.1681 -0.9810 0.0966
vn -0.0069 -0.9996 0.0261
vn -0.0664 -0.9955 0.0673
vn 0.5656 -0.5375 0.6254
vn -0.0019 -1.0000 -0.0000
vn -0.0007 -1.0000 0.0001
vn -0.0003 -1.0000 0.0015
vn -0.0036 -1.0000 0.0005
vn -0.0011 -1.0000 -0.0041
vn -0.0021 -1.0000 -0.0036
vn -0.0081 -1.0000 -0.0006
vn -0.0055 -1.0000 0.0010
vn -0.0031 -1.0000 -0.0025
vn -0.0011 -1.0000 -0.0011
vn -0.0029 -1.0000 -0.0031
vn -0.0036 -1.0000 -0.0021
vn -0.0844 -0.9960 0.0300
vn -0.0009 -1.0000 0.0004
vn -0.1073 -0.9140 0.3912
vn -0.0008 -1.0000 0.0009
vn -0.1137 -0.9929 -0.0341
vn -0.2350 -0.9497 0.2070
vn -0.0015 -1.0000 -0.0038
vn 0.0048 -1.0000 -0.0010
vn 0.0040 -0.9999 -0.0103
vn -0.1568 -0.9869 0.0386
vn -0.0448 -0.9964 0.0720
vn -0.0993 -0.9890 -0.1099
vn -0.0802 -0.9968 -0.0019
vn 0.0031 -1.0000 0.0028
vn -0.0012 -1.0000 0.0010
vn 0.3734 -0.9242 -0.0801
vn 0.1659 -0.9769 0.1346
vn 0.0006 -1.0000 0.0001
vn -0.0029 -1.0000 0.0013
vn -0.0001 -1.0000 0.0010
vn -0.0030 -1.0000 -0.0002
vn -0.0031 -1.0000 -0.0014
vn -0.0035 -1.0000 -0.0019
vn 0.0207 -0.9998 -0.0043
vn 0.0115 -0.9999 0.0018
vn 0.0018 -1.0000 0.0014
vn 0.0015 -1.0000 0.0081
vn 0.0291 -0.9996 -0.0066
vn 0.0007 -1.0000 -0.0025
vn 0.0148 -0.9998 -0.0093
vn 0.0391 -0.9981 0.0477
vn 0.0020 -0.9983 0.0577
vn 0.0024 -1.0000 0.0033
vn 0.0012 -1.0000 0.0029
vn 0.0016 -1.0000 0.0030
vn 0.0213 -0.9998 0.0054
vn -0.3517 -0.9346 0.0538
vn -0.3889 -0.9194 0.0595
vn -0.3592 -0.9333 -0.0000
vn -0.1888 -0.9778 0.0909
vn 0.2306 -0.8920 -0.3888
vn 0.2782 -0.7476 -0.6030
vn 0.5611 -0.8193 0.1181
vn 0.2171 -0.9621 0.1650
vn 0.1956 -0.9682 0.1561
vn 0.5476 -0.7254 0.4171
vn 0.0020 -0.9998 0.0175
vn -0.0065 -0.9999 0.0092
vn 0.7478 -0.6481 0.1440
vn 0.0686 -0.9956 -0.0640
vn 0.0952 -0.9874 0.1263
vn 0.0052 -1.0000 -0.0072
vn -0.0071 -0.9999 0.0111
vn 0.1249 -0.9921 -0.0089
vn 0.7348 -0.3342 0.5902
vn -0.0114 -0.9997 -0.0218
vn -0.1408 -0.9884 -0.0571
vn -0.5289 -0.8158 -0.2338
vn -0.8438 -0.3898 -0.3689
vn -0.0213 -0.9860 -0.1653
vn 0.3638 -0.8641 -0.3479
vn 0.4158 -0.7451 -0.5214
vn 0.7185 -0.4918 -0.4917
vn -0.0028 -0.9999 -0.0162
vn 0.0313 -0.9994 0.0113
vn 0.7387 -0.6585 0.1438
vn 0.5275 -0.7773 0.3429
vn 0.2501 -0.8830 0.3971
vn -0.1816 -0.9505 0.2520
vn 0.0912 -0.9167 0.3891
vn -0.5809 -0.7913 0.1906
vn -0.2393 -0.9582 -0.1567
vn -0.2229 -0.9546 -0.1976
vn 0.4103 -0.8637 -0.2927
vn -0.0040 -1.0000 0.0044
vn 0.5129 -0.7706 -0.3783
vn 0.5572 -0.8267 -0.0780
vn 0.5471 -0.7946 0.2631
vn 0.0897 -0.9960 0.0046
vn 0.1587 -0.9868 -0.0331
vn 0.1894 -0.9817 -0.0171
vn 0.5337 -0.8442 -0.0499
vn 0.9038 -0.4195 -0.0851
vn 0.4193 -0.8878 0.1899
vn 0.4341 -0.8656 0.2497
vn 0.8239 -0.0804 0.5610
vn -0.0933 -0.9291 0.3579
vn -0.0014 -0.9995 0.0325
vn -0.0549 -0.9846 -0.1662
vn -0.0023 -1.0000 0.0081
vn -0.1850 -0.7347 -0.6526
vn -0.2344 -0.5061 -0.8300
vn 0.0002 -1.0000 0.0026
vn 0.5166 -0.7648 0.3849
vn 0.7739 -0.6301 -0.0635
vn 0.6772 -0.6880 0.2607
vn 0.6217 -0.7822 -0.0422
vn -0.5971 -0.7970 0.0916
vn -0.1408 -0.6142 0.7765
vn -0.4946 -0.7642 0.4139
vn -0.6168 -0.7860 0.0426
vn 0.6164 -0.5215 -0.5900
vn -0.0982 -0.7914 -0.6034
vn 0.0827 -0.9044 -0.4187
vn -0.7981 -0.6025 -0.0064
vn -0.6390 -0.7665 -0.0642
vn -0.0240 -0.9975 -0.0671
vn 0.0020 -1.0000 0.0026
vn 0.4930 -0.8558 0.1567
vn 0.1379 -0.9894 0.0453
vn 0.6093 -0.7691 0.1931
vn 0.1271 -0.9913 -0.0351
vn 0.4454 -0.8951 0.0218
vn 0.6807 -0.7320 0.0290
vn 0.2561 -0.9653 0.0520
vn 0.6063 -0.7940 0.0455
vn 0.4067 -0.9131 -0.0272
vn -0.6494 -0.7589 0.0493
vn 0.5815 -0.8130 0.0301
vn 0.3236 -0.6916 -0.6458
vn -0.7124 -0.6894 -0.1312
vn -0.2000 -0.9188 0.3402
vn -0.3164 -0.9183 0.2381
vn -0.2091 -0.9579 -0.1969
vn 0.7758 -0.3001 -0.5550
vn 0.0113 -0.9780 0.2082
vn 0.9314 0.3419 -0.1248
vn -0.4119 -0.8125 -0.4125
vn 0.7357 -0.6656 -0.1254
vn 0.1730 -0.7821 -0.5987
vn 0.2604 -0.9080 0.3281
vn 0.5439 -0.8234 0.1619
vn 0.4506 -0.8111 0.3728
vn 0.4228 -0.8955 -0.1389
vn 0.5043 -0.3855 -0.7727
vn 0.9779 -0.2062 -0.0343
vn -0.9589 -0.1939 0.2069
vn 0.9271 -0.3695 -0.0622
vn -0.0005 -1.0000 0.0005
vn 0.0092 -1.0000 -0.0017
vn 0.0597 -0.9527 0.2981
vn -0.1611 -0.9397 0.3016
vn 0.4648 -0.7923 0.3952
vn -0.2552 -0.9574 0.1354
vn 0.9664 0.1469 -0.2109
vn 0.1588 -0.9849 0.0687
vn 0.9145 0.4001 0.0610
vn -0.6867 -0.7266 0.0211
vn -0.9445 -0.3114 -0.1048
vn -0.9215 -0.1150 0.3709
vn -0.9960 0.0577 -0.0688
vn -0.9344 -0.1698 -0.3132
vn -0.9922 0.0774 -0.0982
vn 0.0695 0.0346 0.9970
vn 0.0541 0.0100 0.9985
vn 0.0572 -0.0298 0.9979
vn 0.3175 0.3705 0.8729
vn 0.1510 0.3540 0.9230
vn -0.0365 0.3341 0.9418
vn -0.2334 -0.1096 0.9662
vn -0.4505 -0.0868 0.8886
vn -0.4161 0.0151 0.9092
vn -0.3158 -0.0245 0.9485
vn -0.0027 -0.0322 0.9995
vn -0.0029 -0.0318 0.9995
vn -0.4444 -0.1862 0.8763
vn -0.1702 0.0127 0.9853
vn -0.2121 -0.1274 0.9689
vn 0.0521 0.0569 0.9970
vn 0.0051 0.0677 0.9977
vn 0.2864 0.0217 0.9579
vn -0.0436 0.0384 0.9983
vn 0.3416 0.0500 0.9385
vn 0.6588 0.3671 0.6567
vn 0.1075 -0.1762 0.9785
vn 0.1422 -0.0851 0.9862
vn 0.1426 -0.0819 0.9864
vn 0.2091 0.0473 0.9768
vn 0.1701 0.0404 0.9846
vn -0.0338 0.1647 0.9858
vn 0.1424 -0.0864 0.9860
vn 0.1596 -0.7524 0.6391
vn 0.0058 -0.0336 0.9994
vn 0.1211 -0.3285 0.9367
vn 0.6794 -0.0078 0.7337
vn 0.1487 -0.3120 0.9384
vn 0.7513 -0.0491 0.6581
vn 0.1288 0.1968 0.9720
vn 0.3427 -0.1454 0.9281
vn -0.4828 0.4472 0.7529
vn -0.2222 0.1866 0.9570
vn -0.0545 0.2178 0.9745
vn 0.8837 -0.0026 0.4680
vn 0.4552 0.1168 0.8827
vn -0.0401 -0.1070 0.9934
vn -0.0106 0.0198 0.9997
vn 0.0262 0.0150 0.9995
vn -0.0536 0.0372 0.9979
vn -0.1143 0.0423 0.9925
vn 0.4978 0.3648 0.7868
vn -0.0707 -0.0585 0.9958
vn -0.0202 -0.0177 0.9996
vn -0.1649 0.1203 0.9789
vn -0.0664 0.0578 0.9961
vn -0.3539 0.3084 0.8830
vn -0.0376 -0.2034 0.9784
vn -0.1128 -0.1502 0.9822
vn -0.0687 -0.1331 0.9887
vn -0.0281 -0.0616 0.9977
vn -0.0158 -0.1094 0.9939
vn -0.0260 -0.0297 0.9992
vn 0.0005 0.0003 1.0000
vn -0.0000 -0.0004 1.0000
vn -0.0245 0.2810 0.9594
vn -0.1184 0.1455 0.9822
vn -0.0625 -0.0221 0.9978
vn -0.0058 -0.0024 1.0000
vn 0.0022 -0.0014 1.0000
vn -0.1214 -0.0417 0.9917
vn 0.3190 0.1394 0.9374
vn 0.0158 0.0177 0.9997
vn 0.0361 0.0631 0.9974
vn -0.0752 0.0063 0.9971
vn -0.0426 0.0035 0.9991
vn -0.0881 -0.0531 0.9947
vn -0.0269 -0.0163 0.9995
vn -0.0370 -0.0218 0.9991
vn -0.0722 -0.0488 0.9962
vn 0.0128 -0.0164 0.9998
vn 0.0091 0.0129 0.9999
vn 0.0015 -0.0033 1.0000
vn 0.0048 -0.0023 1.0000
vn 0.0080 -0.0051 1.0000
vn 0.0101 -0.0082 0.9999
vn -0.0000 -0.0001 1.0000
vn 0.0015 -0.0000 1.0000
vn 0.0004 0.0004 1.0000
vn -0.0005 0.0003 1.0000
vn 0.0001 0.0004 1.0000
vn 0.0012 -0.0022 1.0000
vn 0.1945 0.0024 0.9809
vn 0.6290 -0.1582 0.7611
vn 0.0079 -0.0093 0.9999
vn 0.0009 -0.0001 1.0000
vn 0.0047 0.0024 1.0000
vn -0.0003 -0.0001 1.0000
vn -0.3841 0.0567 0.9215
vn 0.0007 0.0006 1.0000
vn 0.0004 -0.0000 1.0000
vn -0.0002 0.0004 1.0000
vn 0.1781 -0.2878 0.9410
vn 0.1068 -0.1730 0.9791
vn 0.3481 -0.5640 0.7489
vn -0.1199 0.4182 0.9004
vn -0.0018 -0.0009 1.0000
vn -0.0058 -0.0016 1.0000
vn -0.0061 -0.0030 1.0000
vn -0.2012 0.2020 0.9585
vn 0.0010 -0.0024 1.0000
vn 0.0737 -0.0136 0.9972
vn 0.0033 -0.0007 1.0000
vn 0.0020 0.0016 1.0000
vn 0.0010 0.0033 1.0000
vn -0.0020 0.0083 1.0000
vn 0.0021 -0.0020 1.0000
vn 0.0033 0.0002 1.0000
vn 0.0016 -0.0012 1.0000
vn -0.8627 0.2162 0.4571
vn 0.0015 -0.0003 1.0000
vn -0.0708 -0.0741 0.9947
vn -0.1126 -0.1661 0.9797
vn 0.0014 0.0005 1.0000
vn 0.0003 0.0008 1.0000
vn 0.0015 0.0025 1.0000
vn -0.0001 -0.0001 1.0000
vn -0.0000 0.0001 1.0000
vn 0.0361 0.0123 0.9993
vn 0.0661 0.0165 0.9977
vn 0.1307 0.0548 0.9899
vn 0.0013 0.0014 1.0000
vn 0.0003 -0.0001 1.0000
vn 0.0105 -0.0010 0.9999
vn -0.0004 0.0042 1.0000
vn -0.2056 0.3474 0.9149
vn -0.4921 0.2296 0.8397
vn 0.0773 0.8530 0.5161
vn 0.0422 -0.0552 0.9976
vn 0.0426 -0.0555 0.9976
vn 0.0425 -0.0554 0.9976
vn -0.3673 0.2311 0.9009
vn -0.3921 0.2320 0.8902
vn -0.4034 0.2052 0.8917
vn -0.1477 -0.1000 0.9840
vn -0.1082 -0.1762 0.9784
vn -0.0890 0.1617 0.9828
vn -0.0512 0.2321 0.9713
vn 0.1051 0.4853 0.8680
vn -0.0686 0.0720 0.9950
vn 0.0493 -0.0137 0.9987
vn -0.0070 0.1840 0.9829
vn 0.0014 0.0023 1.0000
vn -0.0011 -0.0012 1.0000
vn -0.0001 -0.0003 1.0000
vn -0.0004 -0.0005 1.0000
vn 0.0003 -0.0006 1.0000
vn -0.0000 -0.0000 1.0000
vn -0.0001 -0.0005 1.0000
vn -0.0001 -0.0000 1.0000
vn -0.0001 -0.0011 1.0000
vn -0.0002 -0.0019 1.0000
vn 0.0012 0.0019 1.0000
vn -0.0095 -0.0028 1.0000
vn -0.0022 -0.0029 1.0000
vn -0.0013 0.0008 1.0000
vn -0.0014 0.0015 1.0000
vn -0.0012 0.0002 1.0000
vn -0.0020 -0.0030 1.0000
vn -0.0079 -0.0038 1.0000
vn 0.0001 0.0001 1.0000
vn 0.0005 0.0010 1.0000
vn 0.0007 0.0019 1.0000
vn -0.0007 -0.0025 1.0000
vn -0.0003 -0.0000 1.0000
vn -0.0001 -0.0007 1.0000
vn -0.0010 0.0014 1.0000
vn -0.0009 0.0011 1.0000
vn -0.0002 -0.0007 1.0000
vn 0.0002 -0.0011 1.0000
vn -0.0005 -0.0006 1.0000
vn -0.0182 -0.0046 0.9998
vn 0.0034 0.0018 1.0000
vn 0.0044 0.0043 1.0000
vn 0.0057 -0.0012 1.0000
vn 0.0030 0.0014 1.0000
vn 0.0369 -0.0085 0.9993
vn 0.0232 -0.0039 0.9997
vn 0.0018 0.0035 1.0000
vn -0.0009 0.0036 1.0000
vn 0.0044 0.0005 1.0000
vn 0.0046 0.0011 1.0000
vn -0.0063 -0.0010 1.0000
vn 0.0026 -0.0023 1.0000
vn -0.0012 -0.0011 1.0000
vn -0.0108 0.0011 0.9999
vn -0.0002 -0.0021 1.0000
vn 0.0105 -0.0053 0.9999
vn 0.0004 -0.0013 1.0000
vn -0.0011 0.0016 1.0000
vn -0.0203 0.0316 0.9993
vn 0.0469 0.1413 0.9888
vn -0.0219 0.0909 0.9956
vn -0.0108 -0.0354 0.9993
vn 0.1063 -0.0670 0.9921
vn -0.0205 0.0996 0.9948
vn -0.0516 0.1219 0.9912
vn 0.6827 -0.1327 0.7186
vn 0.0230 -0.0190 0.9996
vn 0.0229 -0.0191 0.9996
vn 0.0228 -0.0192 0.9996
vn 0.0005 -0.0007 1.0000
vn 0.0022 -0.0007 1.0000
vn 0.0002 -0.0005 1.0000
vn 0.0044 -0.0032 1.0000
vn -0.0011 0.0004 1.0000
vn -0.0001 0.0001 1.0000
vn 0.0014 -0.0010 1.0000
vn 0.0001 -0.0004 1.0000
vn -0.0011 0.0003 1.0000
vn -0.0012 0.0006 1.0000
vn -0.0007 -0.0011 1.0000
vn 0.0013 -0.0002 1.0000
vn -0.0003 -0.0002 1.0000
vn -0.0009 -0.0010 1.0000
vn -0.0005 -0.0000 1.0000
vn 0.0011 0.0008 1.0000
vn 0.0009 -0.0015 1.0000
vn -0.0003 0.0010 1.0000
vn 0.0013 -0.0025 1.0000
vn 0.0008 0.0018 1.0000
vn 0.0008 -0.0012 1.0000
vn 0.0008 -0.0002 1.0000
vn 0.0006 -0.0004 1.0000
vn 0.0005 -0.0009 1.0000
vn -0.0004 0.0069 1.0000
vn 0.0077 0.0016 1.0000
vn 0.0031 -0.0020 1.0000
vn -0.0001 0.0004 1.0000
vn 0.0001 0.0007 1.0000
vn -0.0003 0.0012 1.0000
vn -0.0024 0.0040 1.0000
vn -0.0115 0.0020 0.9999
vn 0.0009 -0.0007 1.0000
vn -0.0007 -0.0017 1.0000
vn 0.0203 0.0358 0.9992
vn -0.0024 -0.0014 1.0000
vn 0.0057 0.0176 0.9998
vn -0.0015 0.0018 1.0000
vn -0.0013 0.0024 1.0000
vn 0.0724 -0.0252 0.9971
vn 0.0326 -0.0394 0.9987
vn 0.0126 -0.0518 0.9986
vn 0.0012 -0.0010 1.0000
vn -0.0360 0.1331 0.9905
vn -0.0855 0.3059 0.9482
vn 0.1818 0.8457 0.5018
vn 0.0331 0.8125 0.5821
vn 0.1702 0.9849 -0.0315
vn 0.7851 -0.5395 0.3042
vn 0.5997 -0.4041 0.6907
vn 0.0859 0.0616 0.9944
vn -0.0459 0.2110 0.9764
vn 0.0695 0.1010 0.9925
vn 0.4802 0.3383 0.8093
vn 0.0934 0.2818 0.9549
vn 0.0890 0.0089 0.9960
vn -0.0006 0.0025 1.0000
vn -0.0017 0.0025 1.0000
vn -0.0024 0.0028 1.0000
vn -0.0009 -0.0007 1.0000
vn -0.0003 -0.0006 1.0000
vn -0.0005 -0.0021 1.0000
vn -0.0002 -0.0003 1.0000
vn -0.0000 0.0002 1.0000
vn -0.0000 0.0005 1.0000
vn 0.0007 -0.0005 1.0000
vn 0.0001 -0.0000 1.0000
vn -0.0005 0.0006 1.0000
vn -0.0000 -0.0005 1.0000
vn 0.0003 -0.0005 1.0000
vn 0.0011 -0.0016 1.0000
vn 0.0001 0.0006 1.0000
vn 0.0009 -0.0027 1.0000
vn 0.0001 -0.0006 1.0000
vn 0.0006 -0.0034 1.0000
vn 0.0006 0.0007 1.0000
vn 0.0007 0.0003 1.0000
vn 0.0002 -0.0000 1.0000
vn -0.0000 0.0006 1.0000
vn 0.0003 0.0006 1.0000
vn 0.0005 -0.0000 1.0000
vn 0.0023 0.0010 1.0000
vn 0.0008 -0.0003 1.0000
vn -0.0002 0.0003 1.0000
vn 0.0003 -0.0000 1.0000
vn -0.0003 0.0003 1.0000
vn -0.0000 0.0003 1.0000
vn -0.0005 0.0015 1.0000
vn 0.0023 -0.0011 1.0000
vn -0.0037 0.0031 1.0000
vn 0.0013 -0.0006 1.0000
vn -0.0022 0.0020 1.0000
vn -0.0012 0.0001 1.0000
vn -0.0009 -0.0014 1.0000
vn -0.0010 -0.0003 1.0000
vn -0.0034 0.0071 1.0000
vn -0.0063 0.0030 1.0000
vn -0.0006 0.0001 1.0000
vn -0.0042 0.0023 1.0000
vn -0.0027 -0.0021 1.0000
vn 0.0035 -0.0110 0.9999
vn -0.0089 -0.0017 1.0000
vn 0.0122 -0.0213 0.9997
vn 0.1740 -0.0558 0.9832
vn 0.0050 -0.0086 1.0000
vn -0.0021 -0.0051 1.0000
vn -0.0044 -0.0031 1.0000
vn 0.0019 0.0075 1.0000
vn -0.0183 0.0107 0.9998
vn 0.0553 0.1153 0.9918
vn -0.0245 -0.0702 0.9972
vn -0.1365 0.2075 0.9687
vn -0.0092 0.0144 0.9999
vn 0.1538 -0.0279 0.9877
vn 0.0250 -0.0356 0.9991
vn 0.0268 -0.0375 0.9989
vn 0.0053 -0.0495 0.9988
vn 0.0077 -0.0466 0.9989
vn -0.0040 0.0060 1.0000
vn -0.0014 0.0024 1.0000
vn 0.0003 0.0001 1.0000
vn 0.0012 0.0004 1.0000
vn 0.0002 0.0004 1.0000
vn 0.0018 0.0001 1.0000
vn 0.0032 -0.0003 1.0000
vn -0.0016 -0.0012 1.0000
vn -0.0004 0.0004 1.0000
vn -0.0023 0.0034 1.0000
vn 0.0004 0.0012 1.0000
vn 0.0005 -0.0004 1.0000
vn 0.0004 -0.0014 1.0000
vn 0.0016 -0.0025 1.0000
vn 0.0020 -0.0031 1.0000
vn 0.0006 -0.0017 1.0000
vn 0.0038 -0.0003 1.0000
vn 0.0001 -0.0005 1.0000
vn -0.0008 -0.0009 1.0000
vn 0.0010 0.0002 1.0000
vn 0.0008 -0.0010 1.0000
vn 0.0001 0.0003 1.0000
vn -0.0005 -0.0018 1.0000
vn -0.0012 0.0028 1.0000
vn -0.0007 -0.0002 1.0000
vn -0.0008 0.0002 1.0000
vn -0.0054 -0.0029 1.0000
vn 0.0028 -0.0007 1.0000
vn 0.0028 -0.0030 1.0000
vn 0.0043 0.0049 1.0000
vn 0.0036 0.0012 1.0000
vn 0.0057 0.0124 0.9999
vn -0.0113 0.0117 0.9999
vn -0.0165 0.0029 0.9999
vn 0.0038 -0.0040 1.0000
vn 0.0042 0.0004 1.0000
vn 0.0040 -0.0019 1.0000
vn 0.0049 0.0080 1.0000
vn 0.0194 0.0294 0.9994
vn 0.0046 0.0064 1.0000
vn 0.0072 0.0106 0.9999
vn -0.0640 0.0450 0.9969
vn 0.0077 0.0242 0.9997
vn -0.1622 0.1880 0.9687
vn -0.0584 0.1992 0.9782
vn -0.2278 0.3402 0.9124
vn -0.1515 0.6910 0.7068
vn -0.0440 0.9163 0.3982
vn 0.0006 -0.0583 0.9983
vn 0.0069 0.0046 1.0000
vn 0.0034 0.0027 1.0000
vn 0.0063 0.0050 1.0000
vn 0.0019 0.0019 1.0000
vn -0.0124 0.0057 0.9999
vn -0.0002 0.0010 1.0000
vn -0.0006 -0.0025 1.0000
vn -0.0013 -0.0002 1.0000
vn 0.0026 -0.0036 1.0000
vn 0.0059 -0.0113 0.9999
vn -0.0197 0.0339 0.9992
vn -0.0034 0.0038 1.0000
vn -0.0002 -0.0005 1.0000
vn 0.0004 0.0010 1.0000
vn 0.0001 0.0002 1.0000
vn -0.0017 -0.0010 1.0000
vn -0.0009 0.0023 1.0000
vn -0.0016 0.0019 1.0000
vn -0.0008 0.0024 1.0000
vn -0.0002 -0.0012 1.0000
vn 0.0002 -0.0007 1.0000
vn -0.0002 -0.0009 1.0000
vn -0.0002 0.0007 1.0000
vn -0.0000 -0.0002 1.0000
vn -0.0002 0.0001 1.0000
vn -0.0002 -0.0000 1.0000
vn -0.0001 0.0003 1.0000
vn -0.0004 -0.0001 1.0000
vn -0.0017 0.0005 1.0000
vn -0.0017 0.0027 1.0000
vn 0.0004 0.0005 1.0000
vn -0.0017 0.0028 1.0000
vn 0.0029 -0.0014 1.0000
vn -0.0014 0.0026 1.0000
vn 0.0029 0.0004 1.0000
vn 0.0048 -0.0005 1.0000
vn 0.0026 0.0006 1.0000
vn -0.0024 -0.0042 1.0000
vn 0.0006 0.0017 1.0000
vn 0.0020 -0.0015 1.0000
vn 0.0002 -0.0015 1.0000
vn 0.0001 -0.0002 1.0000
vn -0.0004 0.0003 1.0000
vn -0.0000 0.0004 1.0000
vn 0.0001 -0.0001 1.0000
vn 0.0011 -0.0003 1.0000
vn 0.0003 -0.0034 1.0000
vn -0.0009 -0.0001 1.0000
vn -0.0016 0.0053 1.0000
vn -0.0001 0.0058 1.0000
vn -0.0005 0.0029 1.0000
vn -0.0017 0.0035 1.0000
vn 0.0044 -0.0129 0.9999
vn -0.0017 -0.0007 1.0000
vn -0.0013 -0.0009 1.0000
vn -0.0043 0.0090 1.0000
vn -0.0010 0.0005 1.0000
vn -0.0009 0.0005 1.0000
vn -0.0015 0.0008 1.0000
vn -0.0008 0.0001 1.0000
vn -0.0004 -0.0000 1.0000
vn -0.0011 -0.0013 1.0000
vn -0.0000 -0.0136 0.9999
vn -0.0010 -0.0014 1.0000
vn 0.0228 0.0028 0.9997
vn 0.0001 -0.0009 1.0000
vn 0.0004 -0.0003 1.0000
vn -0.2418 0.2887 0.9264
vn -0.1837 0.4128 0.8921
vn 0.2426 0.8539 0.4604
vn 0.0704 -0.0850 0.9939
vn -0.0366 0.2142 0.9761
vn -0.0337 -0.1082 0.9936
vn 0.0050 0.0031 1.0000
vn -0.0493 -0.0294 0.9984
vn 0.0084 0.0684 0.9976
vn 0.0050 0.0574 0.9983
vn 0.0638 0.0856 0.9943
vn -0.0009 0.0004 1.0000
vn -0.0027 0.0002 1.0000
vn -0.0002 0.0002 1.0000
vn -0.0015 0.0001 1.0000
vn 0.0067 -0.0025 1.0000
vn -0.0005 0.0009 1.0000
vn -0.0002 0.0005 1.0000
vn -0.0003 0.0029 1.0000
vn 0.0004 -0.0004 1.0000
vn -0.0035 0.0035 1.0000
vn -0.0046 -0.0005 1.0000
vn -0.0018 -0.0044 1.0000
vn 0.0012 -0.0038 1.0000
vn 0.0020 -0.0044 1.0000
vn -0.0030 0.0001 1.0000
vn 0.0026 -0.0081 1.0000
vn -0.0042 0.0009 1.0000
vn -0.0006 0.0017 1.0000
vn 0.0002 0.0001 1.0000
vn 0.0002 -0.0001 1.0000
vn 0.2093 -0.1306 0.9691
vn -0.4177 -0.0708 0.9058
vn -0.0189 0.1922 0.9812
vn 0.1805 0.0596 0.9818
vn 0.5050 0.7335 0.4549
vn 0.0372 0.4220 0.9058
vn -0.1445 0.6449 0.7505
vn 0.2880 0.2678 0.9194
vn 0.0701 0.2086 0.9755
vn 0.0586 0.0590 0.9965
vn 0.0187 0.1361 0.9905
vn 0.0823 0.0809 0.9933
vn -0.0004 0.0001 1.0000
vn -0.0012 -0.0012 1.0000
vn -0.0006 0.0012 1.0000
vn -0.0011 0.0008 1.0000
vn -0.0029 -0.0001 1.0000
vn 0.0009 -0.0005 1.0000
vn -0.0003 -0.0004 1.0000
vn 0.0033 -0.0021 1.0000
vn -0.0016 0.0002 1.0000
vn 0.0014 0.0013 1.0000
vn 0.0006 -0.0001 1.0000
vn 0.0023 0.0015 1.0000
vn 0.0019 -0.0033 1.0000
vn 0.0041 -0.0020 1.0000
vn 0.0077 -0.0514 0.9986
vn 0.0077 -0.0234 0.9997
vn -0.0019 0.0218 0.9998
vn -0.0003 0.0025 1.0000
vn 0.0006 0.0004 1.0000
vn 0.0012 0.0001 1.0000
vn 0.0001 0.0014 1.0000
vn 0.0006 0.0022 1.0000
vn -0.0004 0.0009 1.0000
vn 0.0005 -0.0001 1.0000
vn -0.0011 -0.0024 1.0000
vn -0.0009 -0.0022 1.0000
vn 0.0007 0.0002 1.0000
vn 0.0004 -0.0006 1.0000
vn 0.0013 0.0005 1.0000
vn 0.0007 0.0001 1.0000
vn 0.0011 -0.0000 1.0000
vn -0.0036 0.0049 1.0000
vn -0.0011 0.0019 1.0000
vn 0.0039 0.0001 1.0000
vn 0.0025 -0.0002 1.0000
vn 0.0073 0.0019 1.0000
vn 0.0006 -0.0010 1.0000
vn -0.0003 0.0001 1.0000
vn -0.0011 0.0002 1.0000
vn -0.0095 0.0735 0.9973
vn 0.2188 0.1769 0.9596
vn -0.0196 0.1842 0.9827
vn -0.0054 0.0241 0.9997
vn -0.0020 0.0015 1.0000
vn -0.0020 0.0017 1.0000
vn -0.0006 0.0007 1.0000
vn -0.0001 0.0011 1.0000
vn 0.0003 0.0012 1.0000
vn -0.0002 0.0006 1.0000
vn 0.0162 -0.0042 0.9999
vn -0.0011 -0.0028 1.0000
vn 0.6177 -0.1451 0.7729
vn -0.0063 0.0138 0.9999
vn -0.0402 -0.1141 0.9927
vn -0.0006 -0.0001 1.0000
vn -0.0085 -0.0078 0.9999
vn -0.0004 0.0002 1.0000
vn -0.0064 -0.0042 1.0000
vn -0.0794 0.0246 0.9965
vn -0.0015 -0.0011 1.0000
vn 0.0003 0.0002 1.0000
vn 0.0046 0.0016 1.0000
vn -0.0006 0.0024 1.0000
vn 0.0046 0.0079 1.0000
vn -0.0021 0.0082 1.0000
vn -0.0048 0.0043 1.0000
vn 0.0048 -0.0161 0.9999
vn -0.0015 0.0007 1.0000
vn -0.0002 -0.0002 1.0000
vn 0.0876 0.2754 0.9573
vn 0.0143 0.2100 0.9776
vn 0.0129 -0.7040 0.7101
vn 0.2724 -0.5702 0.7750
vn 0.1154 -0.7666 0.6317
vn 0.0836 0.0474 0.9954
vn 0.1863 0.0239 0.9822
vn 0.0014 -0.0021 1.0000
vn 0.0002 0.0024 1.0000
vn 0.0098 -0.0018 1.0000
vn -0.0003 -0.0007 1.0000
vn 0.0001 0.0012 1.0000
vn 0.0005 0.0002 1.0000
vn 0.0012 -0.0014 1.0000
vn 0.0009 -0.0026 1.0000
vn 0.0008 0.0002 1.0000
vn 0.0003 0.0004 1.0000
vn 0.0008 -0.0000 1.0000
vn -0.0004 -0.0003 1.0000
vn 0.0024 -0.0016 1.0000
vn 0.0085 -0.0044 1.0000
vn 0.0006 0.0070 1.0000
vn -0.0006 -0.0000 1.0000
vn 0.0004 0.0002 1.0000
vn 0.0013 0.0003 1.0000
vn 0.0006 0.0001 1.0000
vn 0.0004 -0.0002 1.0000
vn 0.0002 -0.0002 1.0000
vn 0.0002 -0.0003 1.0000
vn -0.0003 -0.0003 1.0000
vn -0.0080 0.0082 0.9999
vn -0.0763 0.4089 0.9094
vn 0.0249 0.1911 0.9812
vn -0.1788 0.0766 0.9809
vn -0.0567 0.0667 0.9962
vn -0.2413 -0.3652 0.8991
vn -0.0646 0.0585 0.9962
vn 0.0394 0.0961 0.9946
vn -0.0121 0.0036 0.9999
vn -0.2075 0.0361 0.9776
vn 0.0115 0.0089 0.9999
vn 0.0025 0.0028 1.0000
vn 0.0001 0.0022 1.0000
vn 0.0002 0.0007 1.0000
vn 0.0003 0.0016 1.0000
vn 0.0005 0.0001 1.0000
vn 0.0022 -0.0013 1.0000
vn -0.0005 0.0017 1.0000
vn 0.0002 0.0008 1.0000
vn -0.0012 0.0018 1.0000
vn 0.0005 0.0030 1.0000
vn 0.0002 0.0010 1.0000
vn -0.0010 -0.0005 1.0000
vn -0.0006 -0.0003 1.0000
vn 0.0001 -0.0003 1.0000
vn -0.0001 -0.0002 1.0000
vn 0.0002 0.0002 1.0000
vn 0.0006 -0.0002 1.0000
vn 0.0014 -0.0005 1.0000
vn -0.0005 -0.0008 1.0000
vn -0.0023 -0.0010 1.0000
vn -0.0008 0.0006 1.0000
vn 0.0004 -0.0007 1.0000
vn 0.0012 -0.0013 1.0000
vn 0.0013 -0.0013 1.0000
vn -0.0001 -0.0017 1.0000
vn 0.0008 0.0009 1.0000
vn -0.0011 -0.0010 1.0000
vn -0.0922 -0.1232 0.9881
vn -0.0811 -0.1084 0.9908
vn 0.0002 0.0003 1.0000
vn -0.1133 0.1083 0.9876
vn -0.0133 0.3916 0.9201
vn 0.0147 0.4637 0.8859
vn 0.1289 0.7248 0.6768
vn -0.0587 -0.3313 0.9417
vn 0.0746 0.2619 0.9622
vn 0.0450 0.2428 0.9690
vn -0.0217 -0.0840 0.9962
vn -0.0964 0.0903 0.9912
vn 0.0089 0.0569 0.9983
vn 0.0057 -0.0036 1.0000
vn 0.0043 -0.0133 0.9999
vn -0.0008 0.0005 1.0000
vn 0.0003 -0.0036 1.0000
vn -0.0002 -0.0035 1.0000
vn 0.0015 -0.0047 1.0000
vn -0.0006 -0.0007 1.0000
vn 0.0005 0.0017 1.0000
vn -0.0001 0.0002 1.0000
vn -0.0000 0.0009 1.0000
vn 0.0003 -0.0002 1.0000
vn -0.0045 0.0033 1.0000
vn -0.0083 0.0063 0.9999
vn -0.0023 -0.0006 1.0000
vn 0.0015 0.0039 1.0000
vn 0.0009 0.0022 1.0000
vn 0.0005 0.0005 1.0000
vn 0.0007 0.0008 1.0000
vn 0.0010 -0.0004 1.0000
vn 0.0007 -0.0011 1.0000
vn -0.0009 0.0001 1.0000
vn -0.0017 0.0013 1.0000
vn 0.0640 -0.0128 0.9979
vn 0.0018 0.0031 1.0000
vn 0.0043 0.0073 1.0000
vn -0.0022 0.0009 1.0000
vn 0.0132 0.0010 0.9999
vn 0.0112 -0.0002 0.9999
vn -0.0067 -0.0454 0.9989
vn -0.0000 -0.0003 1.0000
vn 0.0200 -0.0549 0.9983
vn 0.0858 -0.1338 0.9873
vn -0.1020 -0.1363 0.9854
vn 0.4731 0.2874 0.8328
vn 0.1010 0.0537 0.9934
vn 0.2412 -0.1931 0.9511
vn -0.4790 -0.1323 0.8678
vn -0.2051 0.3090 0.9287
vn -0.2229 0.3094 0.9244
vn -0.2020 0.3095 0.9292
vn 0.0123 0.0143 0.9998
vn -0.0015 -0.0107 0.9999
vn 0.0194 -0.0369 0.9991
vn -0.0000 0.0011 1.0000
vn -0.0002 0.0017 1.0000
vn 0.0018 -0.0031 1.0000
vn -0.0020 0.0007 1.0000
vn 0.0008 -0.0008 1.0000
vn 0.0029 -0.0032 1.0000
vn 0.0024 -0.0009 1.0000
vn -0.0131 0.0101 0.9999
vn -0.0005 0.0002 1.0000
vn -0.0239 0.0185 0.9995
vn -0.0009 0.0009 1.0000
vn -0.0005 0.0008 1.0000
vn -0.0003 0.0006 1.0000
vn -0.0009 0.0007 1.0000
vn -0.0015 0.0014 1.0000
vn -0.0012 -0.0010 1.0000
vn -0.0029 0.0007 1.0000
vn -0.0028 0.0007 1.0000
vn -0.0042 -0.0037 1.0000
vn -0.0037 -0.0033 1.0000
vn -0.0036 -0.0032 1.0000
vn -0.0033 -0.0029 1.0000
vn 0.0024 -0.0003 1.0000
vn 0.0006 0.0009 1.0000
vn 0.0003 0.0025 1.0000
vn 0.0013 -0.0008 1.0000
vn 0.1102 -0.0220 0.9937
vn -0.0002 0.0008 1.0000
vn 0.0045 0.0001 1.0000
vn -0.0018 0.0042 1.0000
vn 0.0009 -0.0018 1.0000
vn 0.0016 -0.0010 1.0000
vn 0.0006 -0.0015 1.0000
vn 0.0001 -0.0025 1.0000
vn 0.1246 -0.0909 0.9880
vn 0.0011 -0.0021 1.0000
vn -0.0017 0.0003 1.0000
vn 0.0389 0.0285 0.9988
vn 0.1938 -0.0174 0.9809
vn 0.4825 -0.5226 0.7029
vn 0.2077 0.0570 0.9765
vn 0.4710 0.3926 0.7900
vn -0.0339 0.8573 0.5137
vn 0.0310 0.4825 0.8753
vn 0.0947 -0.8254 0.5566
vn 0.4040 -0.6975 0.5918
vn 0.1005 -0.7876 0.6079
vn 0.1007 -0.1015 0.9897
vn 0.0127 -0.1147 0.9933
vn 0.0670 -0.0502 0.9965
vn -0.0019 0.0007 1.0000
vn 0.0024 -0.0004 1.0000
vn -0.0022 0.0007 1.0000
vn -0.0009 0.0014 1.0000
vn -0.0008 0.0009 1.0000
vn -0.0034 0.0004 1.0000
vn 0.0005 -0.0005 1.0000
vn -0.0007 0.0034 1.0000
vn -0.0006 0.0036 1.0000
vn -0.0008 0.0004 1.0000
vn 0.0009 -0.0019 1.0000
vn -0.0008 -0.0000 1.0000
vn -0.0004 0.0005 1.0000
vn 0.0004 0.0018 1.0000
vn -0.0003 -0.0016 1.0000
vn -0.0124 0.0080 0.9999
vn -0.0040 0.0045 1.0000
vn 0.0077 0.0179 0.9998
vn 0.0100 -0.0318 0.9994
vn 0.0084 -0.0056 0.9999
vn 0.0001 -0.0020 1.0000
vn -0.0021 -0.0006 1.0000
vn -0.0070 0.0009 1.0000
vn -0.0070 0.0096 0.9999
vn -0.0053 0.0031 1.0000
vn -0.0035 0.0001 1.0000
vn -0.0028 -0.0116 0.9999
vn -0.0094 0.0077 0.9999
vn -0.0501 0.0335 0.9982
vn 0.4889 -0.1543 0.8586
vn 0.2547 -0.4834 0.8376
vn -0.0545 -0.1697 0.9840
vn -0.0041 0.0018 1.0000
vn 0.0021 -0.0011 1.0000
vn 0.0009 0.0009 1.0000
vn 0.0012 -0.0008 1.0000
vn -0.0000 -0.0045 1.0000
vn 0.0025 0.0006 1.0000
vn 0.0028 0.0019 1.0000
vn -0.0026 0.0055 1.0000
vn -0.0006 0.0013 1.0000
vn -0.0009 -0.0009 1.0000
vn -0.0013 -0.0039 1.0000
vn -0.0013 -0.0024 1.0000
vn -0.0001 -0.0006 1.0000
vn 0.0003 -0.0003 1.0000
vn -0.0024 -0.0004 1.0000
vn -0.0031 0.0001 1.0000
vn -0.0009 -0.0015 1.0000
vn -0.0027 -0.0005 1.0000
vn -0.0025 0.0001 1.0000
vn -0.0012 0.0013 1.0000
vn -0.0046 -0.0028 1.0000
vn -0.0014 0.0027 1.0000
vn 0.0026 0.0016 1.0000
vn -0.0002 -0.0001 1.0000
vn 0.0110 -0.0344 0.9993
vn -0.0052 -0.0084 1.0000
vn 0.0071 -0.0059 1.0000
vn -0.0001 0.0043 1.0000
vn 0.0186 -0.0237 0.9995
vn -0.0113 0.0292 0.9995
vn -0.0273 0.0584 0.9979
vn 0.0100 -0.0399 0.9992
vn -0.0054 0.0010 1.0000
vn -0.0103 -0.0312 0.9995
vn 0.0288 0.3233 0.9459
vn 0.0065 0.6336 0.7736
vn 0.0307 0.1629 0.9862
vn -0.1615 -0.0286 0.9865
vn 0.0667 0.4249 0.9028
vn -0.1303 0.4061 0.9045
vn 0.0720 0.5403 0.8384
vn -0.0341 -0.8480 0.5290
vn -0.0276 -0.8972 0.4408
vn -0.2465 -0.5155 0.8207
vn -0.1315 -0.1484 0.9801
vn -0.2498 0.1090 0.9621
vn -0.1458 -0.1085 0.9833
vn -0.0931 -0.2502 0.9637
vn -0.0117 0.0161 0.9998
vn 0.0004 -0.0057 1.0000
vn -0.0063 0.0331 0.9994
vn 0.0003 0.0029 1.0000
vn 0.0042 0.0018 1.0000
vn 0.0034 -0.0086 1.0000
vn 0.0009 -0.0010 1.0000
vn 0.0028 -0.0042 1.0000
vn 0.0007 -0.0000 1.0000
vn -0.0004 -0.0004 1.0000
vn -0.0002 0.0011 1.0000
vn 0.0014 0.0008 1.0000
vn 0.0001 -0.0015 1.0000
vn -0.0011 0.0005 1.0000
vn -0.0007 0.0003 1.0000
vn -0.0001 -0.0009 1.0000
vn -0.0013 0.0004 1.0000
vn -0.0005 0.0010 1.0000
vn -0.0015 0.0002 1.0000
vn -0.0021 0.0006 1.0000
vn 0.0003 -0.0012 1.0000
vn 0.0007 -0.0009 1.0000
vn 0.0017 -0.0035 1.0000
vn 0.0305 0.0174 0.9994
vn 0.0040 0.0009 1.0000
vn 0.0014 -0.0001 1.0000
vn 0.0094 0.0366 0.9993
vn -0.0019 0.0046 1.0000
vn 0.0010 0.0015 1.0000
vn 0.0014 -0.0017 1.0000
vn 0.0452 0.0679 0.9967
vn -0.0196 0.0934 0.9954
vn 0.0066 -0.0077 0.9999
vn 0.0311 -0.0364 0.9989
vn -0.1693 0.0963 0.9808
vn -0.0272 -0.0052 0.9996
vn -0.0210 -0.0658 0.9976
vn -0.0022 -0.0052 1.0000
vn -0.0082 -0.0265 0.9996
vn -0.0013 -0.0135 0.9999
vn 0.0012 0.0099 1.0000
vn 0.0068 -0.0026 1.0000
vn 0.0047 -0.0069 1.0000
vn 0.0092 -0.0095 0.9999
vn -0.0030 0.0004 1.0000
vn -0.0005 -0.0007 1.0000
vn 0.0110 -0.0057 0.9999
vn 0.0005 -0.0006 1.0000
vn 0.2073 -0.3909 0.8968
vn -0.3938 -0.2274 0.8906
vn 0.2725 -0.9543 -0.1226
vn 0.0464 -0.2816 0.9584
vn 0.0058 -0.0520 0.9986
vn 0.0173 -0.0615 0.9980
vn -0.0132 0.0278 0.9995
vn 0.0029 0.0021 1.0000
vn -0.0086 -0.0039 1.0000
vn 0.0017 -0.0005 1.0000
vn -0.0010 -0.0001 1.0000
vn 0.0038 -0.0012 1.0000
vn 0.0013 0.0009 1.0000
vn -0.0005 0.0004 1.0000
vn 0.0006 0.0003 1.0000
vn -0.0010 0.0010 1.0000
vn 0.0008 0.0010 1.0000
vn 0.0013 0.0017 1.0000
vn 0.0018 0.0017 1.0000
vn 0.0004 -0.0023 1.0000
vn -0.0000 -0.0008 1.0000
vn 0.0004 -0.0010 1.0000
vn -0.0012 0.0003 1.0000
vn -0.0008 0.0020 1.0000
vn -0.0009 0.0020 1.0000
vn -0.0009 -0.0008 1.0000
vn -0.0001 0.0010 1.0000
vn 0.0018 -0.0013 1.0000
vn -0.0001 0.0008 1.0000
vn -0.0001 0.0020 1.0000
vn -0.0039 -0.0001 1.0000
vn 0.0004 -0.0011 1.0000
vn 0.0002 -0.0004 1.0000
vn 0.0006 -0.0016 1.0000
vn 0.0024 0.0023 1.0000
vn 0.0008 -0.0001 1.0000
vn 0.0018 -0.0006 1.0000
vn -0.0099 -0.0048 0.9999
vn -0.0222 -0.0396 0.9990
vn -0.0112 -0.0003 0.9999
vn -0.0190 0.0186 0.9996
vn -0.0320 -0.0217 0.9993
vn -0.0257 -0.0194 0.9995
vn -0.0104 -0.0046 0.9999
vn -0.0074 0.0044 1.0000
vn -0.0026 -0.0028 1.0000
vn 0.0017 -0.0172 0.9998
vn 0.0019 -0.0175 0.9998
vn 0.0015 -0.0172 0.9999
vn -0.0026 -0.0034 1.0000
vn 0.0015 0.0015 1.0000
vn -0.0014 -0.0035 1.0000
vn -0.0090 0.0034 1.0000
vn 0.0077 0.0029 1.0000
vn 0.0063 0.0097 0.9999
vn 0.0017 0.0028 1.0000
vn 0.5770 -0.3527 0.7367
vn 0.1543 -0.3701 0.9161
vn 0.2436 -0.0266 0.9695
vn 0.3483 0.5508 0.7585
vn 0.6965 0.5664 0.4406
vn 0.2805 0.7346 0.6178
vn -0.0221 0.7644 0.6444
vn 0.5258 0.8506 -0.0031
vn 0.0102 -0.0103 0.9999
vn -0.0028 -0.1995 0.9799
vn 0.0704 -0.6358 0.7687
vn 0.0070 0.0215 0.9997
vn -0.0032 -0.0000 1.0000
vn 0.0025 -0.0037 1.0000
vn -0.0026 -0.0000 1.0000
vn 0.3051 0.1357 0.9426
vn 0.0739 0.0061 0.9972
vn 0.0012 -0.0026 1.0000
vn 0.0002 0.0014 1.0000
vn 0.2314 -0.0449 0.9718
vn -0.0010 -0.0004 1.0000
vn -0.0008 0.0015 1.0000
vn 0.0045 -0.0028 1.0000
vn -0.0014 0.0008 1.0000
vn -0.0016 0.0017 1.0000
vn 0.0005 -0.0020 1.0000
vn 0.0003 -0.0013 1.0000
vn -0.0022 0.0004 1.0000
vn 0.0072 -0.0190 0.9998
vn -0.0014 0.0007 1.0000
vn -0.0016 -0.0001 1.0000
vn -0.0000 0.0007 1.0000
vn -0.0000 0.0012 1.0000
vn -0.0014 0.0022 1.0000
vn -0.0002 0.0013 1.0000
vn -0.0007 0.0001 1.0000
vn 0.0023 -0.0038 1.0000
vn -0.0013 0.0001 1.0000
vn 0.0010 -0.0164 0.9999
vn 0.0003 -0.0072 1.0000
vn 0.0012 -0.0222 0.9998
vn -0.0084 -0.0210 0.9997
vn -0.0135 0.0041 0.9999
vn -0.0053 0.0066 1.0000
vn -0.0150 0.0045 0.9999
vn -0.0059 -0.0034 1.0000
vn 0.0033 0.0044 1.0000
vn 0.0012 -0.0035 1.0000
vn -0.0007 -0.0016 1.0000
vn 0.0060 -0.0024 1.0000
vn -0.0002 -0.0083 1.0000
vn 0.0014 0.0039 1.0000
vn -0.0067 0.0088 0.9999
vn 0.0087 0.0185 0.9998
vn 0.2843 0.3392 0.8967
vn 0.1093 -0.9490 0.2958
vn 0.0005 0.0087 1.0000
vn 0.2025 0.1719 0.9641
vn 0.2707 0.3178 0.9087
vn 0.0092 0.0229 0.9997
vn 0.4354 0.2998 0.8488
vn 0.1214 0.2064 0.9709
vn -0.1322 -0.4097 0.9026
vn -0.0885 -0.4147 0.9056
vn 0.1791 -0.4268 0.8865
vn 0.4241 0.1052 0.8995
vn 0.0307 0.6950 0.7184
vn 0.7807 -0.1509 0.6065
vn 0.2748 -0.0530 0.9600
vn 0.0110 -0.0002 0.9999
vn -0.0044 -0.0006 1.0000
vn 0.1928 -0.3240 0.9262
vn -0.0030 -0.0001 1.0000
vn -0.0038 0.0010 1.0000
vn 0.0163 0.0133 0.9998
vn -0.0018 0.0014 1.0000
vn -0.0011 0.0012 1.0000
vn 0.1541 -0.0217 0.9878
vn 0.1252 -0.0541 0.9907
vn -0.0572 0.0576 0.9967
vn 0.0638 0.0022 0.9980
vn -0.0001 0.0018 1.0000
vn -0.0002 0.0009 1.0000
vn -0.0000 -0.0006 1.0000
vn 0.0005 -0.0008 1.0000
vn 0.0006 -0.0008 1.0000
vn 0.0076 -0.0107 0.9999
vn 0.0198 -0.0278 0.9994
vn 0.0040 0.0086 1.0000
vn 0.0162 0.0113 0.9998
vn 0.0158 0.0107 0.9998
vn 0.0094 -0.0022 1.0000
vn 0.0007 -0.0063 1.0000
vn 0.1148 0.0059 0.9934
vn 0.0023 -0.0032 1.0000
vn 0.0121 0.0006 0.9999
vn 0.0063 0.0370 0.9993
vn 0.0094 0.0188 0.9998
vn 0.0108 -0.0048 0.9999
vn -0.0335 0.0187 0.9993
vn -0.0370 0.0142 0.9992
vn -0.0300 -0.1613 0.9864
vn 0.0043 0.0025 1.0000
vn 0.0006 0.0005 1.0000
vn 0.0032 0.0015 1.0000
vn 0.0049 0.0380 0.9993
vn -0.0339 -0.0019 0.9994
vn -0.0114 -0.0947 0.9954
vn -0.0155 -0.3740 0.9273
vn -0.0526 -0.7878 0.6136
vn -0.0070 -0.3297 0.9441
vn 0.0395 -0.3801 0.9241
vn -0.1000 0.3642 0.9260
vn 0.0128 -0.0025 0.9999
vn -0.0745 0.2241 0.9717
vn -0.3224 0.2875 0.9019
vn -0.3173 0.4399 0.8401
vn -0.4377 -0.3573 0.8251
vn -0.0375 0.3985 0.9164
vn -0.1945 0.6672 0.7191
vn 0.8654 0.0529 0.4983
vn 0.0775 -0.7176 0.6921
vn -0.8813 0.0816 0.4655
vn -0.0006 -0.1943 0.9809
vn 0.0166 0.0263 0.9995
vn -0.0010 -0.0147 0.9999
vn 0.3073 -0.1870 0.9331
vn 0.1410 0.0191 0.9898
vn 0.2993 0.1487 0.9425
vn 0.1200 0.2180 0.9686
vn 0.1452 0.0156 0.9893
vn 0.1304 -0.1642 0.9778
vn -0.1327 -0.0526 0.9898
vn -0.2187 -0.2574 0.9413
vn -0.1383 -0.4449 0.8849
vn -0.1611 -0.3197 0.9337
vn -0.0797 0.0651 0.9947
vn -0.1614 0.0358 0.9862
vn -0.0957 0.0052 0.9954
vn -0.2351 0.1274 0.9636
vn -0.0141 -0.0173 0.9998
vn -0.0053 -0.0180 0.9998
vn -0.1303 0.1714 0.9765
vn -0.0180 -0.0142 0.9997
vn 0.1394 0.2321 0.9626
vn 0.3064 -0.3787 0.8733
vn -0.2716 0.3648 0.8906
vn 0.3906 0.2923 0.8729
vn 0.1346 0.4027 0.9054
vn 0.0634 -0.1915 0.9794
vn 0.1747 -0.5206 0.8357
vn -0.0240 0.0122 0.9996
vn 0.2567 -0.7246 0.6396
vn 0.0085 0.0273 0.9996
vn -0.0150 -0.0085 0.9999
vn -0.2745 0.0370 0.9609
vn -0.0186 -0.0170 0.9997
vn -0.1724 0.0642 0.9829
vn -0.0006 -0.0066 1.0000
vn 0.6118 0.0402 0.7900
vn 0.2324 0.0178 0.9725
vn -0.2273 -0.0952 0.9692
vn -0.2047 0.1724 0.9635
vn -0.1046 0.0392 0.9937
vn 0.1253 -0.0346 0.9915
vn 0.5604 0.6385 0.5276
vn 0.3726 0.3529 0.8583
vn -0.0112 -0.1714 0.9851
vn -0.0699 -0.4096 0.9096
vn -0.1626 0.1199 0.9794
vn 0.4275 -0.5144 0.7434
vn 0.2296 -0.1104 0.9670
vn 0.4161 -0.3592 0.8354
vn 0.4288 -0.1629 0.8886
vn -0.5346 0.1727 0.8273
vn -0.5662 0.1950 0.8009
vn -0.7485 0.2415 0.6175
vn -0.3746 -0.3854 0.8433
vn -0.3772 -0.3860 0.8419
vn -0.4882 0.0224 0.8724
vn -0.5482 0.1673 0.8194
vn -0.0024 -0.0051 1.0000
vn -0.2954 0.2894 0.9105
vn -0.2959 0.2907 0.9099
vn -0.2957 0.2898 0.9103
vn -0.3685 0.5826 0.7244
vn -0.0348 0.2774 0.9601
vn 0.1833 0.0521 0.9817
vn 0.2631 0.3561 0.8967
vn 0.2592 0.3565 0.8976
vn 0.2740 0.3524 0.8948
vn -0.0038 0.0069 -1.0000
vn -0.0034 -0.0067 -1.0000
vn -0.0018 -0.0120 -0.9999
vn -0.0015 -0.0009 -1.0000
vn -0.0024 -0.0117 -0.9999
vn -0.0002 -0.0000 -1.0000
vn 0.0003 -0.0004 -1.0000
vn -0.0004 0.0006 -1.0000
vn -0.0038 0.0011 -1.0000
vn -0.0012 0.0022 -1.0000
vn -0.0001 -0.0000 -1.0000
vn -0.0003 0.0159 -0.9999
vn 0.0110 0.0163 -0.9998
vn 0.0026 0.0156 -0.9999
vn 0.0164 0.0257 -0.9995
vn -0.0000 -0.0000 -1.0000
vn 0.0008 0.0019 -1.0000
vn 0.0007 -0.0001 -1.0000
vn 0.0005 -0.0006 -1.0000
vn 0.0021 0.0178 -0.9998
vn -0.0112 -0.0042 -0.9999
vn -0.0038 0.0076 -1.0000
vn -0.0118 0.0103 -0.9999
vn 0.0001 0.0008 -1.0000
vn -0.0069 0.0138 -0.9999
vn 0.0010 -0.0003 -1.0000
vn 0.1414 0.0063 -0.9899
vn -0.0022 0.0027 -1.0000
vn -0.0010 0.0110 -0.9999
vn 0.1765 0.0585 -0.9826
vn 0.0110 -0.0052 -0.9999
vn -0.0101 -0.0518 -0.9986
vn 0.0213 0.0092 -0.9997
vn 0.0229 0.0229 -0.9995
vn -0.0037 0.0224 -0.9997
vn 0.0004 0.0045 -1.0000
vn -0.0035 0.0035 -1.0000
vn -0.0227 -0.0444 -0.9988
vn -0.2192 -0.0094 -0.9756
vn -0.0040 0.0015 -1.0000
vn -0.3285 0.1292 -0.9356
vn 0.6418 -0.0138 -0.7667
vn 0.8445 -0.0973 -0.5266
vn -0.0208 -0.0601 -0.9980
vn 0.0050 -0.0069 -1.0000
vn 0.0274 0.0797 -0.9964
vn -0.0201 0.0103 -0.9997
vn 0.3119 0.0123 -0.9501
vn 0.9780 -0.1786 -0.1079
vn 0.9875 -0.0432 -0.1513
vn 0.9770 0.2038 -0.0623
vn 0.9840 -0.1708 0.0503
vn 0.9995 0.0312 0.0069
vn 0.9879 0.1416 0.0634
vn 0.6743 -0.5116 0.5326
vn 0.8387 0.0066 0.5446
vn 0.7722 0.3030 0.5584
vn 0.9364 -0.1345 -0.3240
vn 0.9998 -0.0027 -0.0206
vn 0.9995 -0.0251 0.0170
vn 0.9899 -0.1417 0.0040
vn 0.9982 -0.0506 0.0316
vn 0.9543 -0.1762 -0.2416
vn 0.9989 -0.0417 0.0208
vn 0.9711 -0.1667 0.1709
vn 0.9998 -0.0024 0.0207
vn 0.9998 0.0167 0.0087
vn 1.0000 -0.0017 0.0063
vn 0.9166 -0.1533 -0.3693
vn 0.9849 0.1722 -0.0174
vn 0.9988 -0.0234 0.0425
vn 0.9998 -0.0090 0.0156
vn 0.9998 -0.0143 -0.0157
vn 0.9992 -0.0328 -0.0243
vn 0.9359 -0.2355 -0.2620
vn 0.9505 -0.3072 -0.0460
vn 0.9637 -0.2639 -0.0405
vn 0.9997 0.0083 -0.0240
vn 0.1297 -0.8506 0.5095
vn 0.2423 -0.9267 -0.2874
vn 0.3396 -0.9311 0.1329
vn 0.9991 -0.0259 -0.0322
vn 0.9983 -0.0543 -0.0192
vn 0.9467 -0.3195 0.0414
vn 0.9159 0.4008 -0.0206
vn 0.9999 -0.0036 -0.0116
vn 1.0000 0.0075 0.0055
vn 0.9813 0.1789 0.0709
vn 1.0000 0.0033 -0.0038
vn 0.9968 0.0794 -0.0028
vn 0.9999 0.0105 0.0059
vn 0.9998 0.0119 0.0138
vn 0.9997 -0.0013 -0.0242
vn 0.9989 0.0318 0.0347
vn 0.9981 0.0392 0.0468
vn 0.9990 -0.0009 0.0441
vn 0.7241 -0.0252 -0.6892
vn 0.8740 0.4337 -0.2191
vn 0.7650 -0.6149 -0.1916
vn 0.9993 -0.0324 0.0186
vn 0.9999 -0.0141 0.0042
vn 0.9999 -0.0035 0.0115
vn 0.9981 0.0135 0.0603
vn -0.4504 -0.0344 -0.8922
vn 0.8662 0.0389 -0.4982
vn -0.4614 -0.4134 0.7850
vn 0.3097 -0.9209 -0.2369
vn -0.1323 -0.9848 -0.1127
vn 0.3743 -0.7342 -0.5665
vn -0.1802 -0.9833 -0.0261
vn 0.1783 -0.5293 -0.8295
vn 0.2020 -0.6610 -0.7227
vn -0.1493 -0.9593 0.2398
vn 0.1710 -0.9655 0.1962
vn -0.1947 -0.9770 0.0873
vn 0.3204 -0.8990 0.2984
vn -0.8897 -0.3893 -0.2384
vn -0.1210 -0.9871 0.1044
vn -0.0157 -0.9989 0.0449
vn -0.0584 -0.9974 0.0420
vn 0.1598 -0.8967 0.4128
vn 0.1033 -0.9522 0.2876
vn 0.2786 -0.6754 0.6828
vn 0.5501 -0.7191 -0.4246
vn 0.3353 -0.9065 -0.2564
vn 0.4969 -0.7786 -0.3833
vn 0.2362 -0.9539 -0.1850
vn -0.1404 -0.9702 0.1973
vn -0.0386 -0.9919 0.1209
vn -0.0779 -0.9883 0.1311
vn 0.0286 -0.9366 -0.3491
vn -0.0748 -0.8830 0.4634
vn 0.0083 -1.0000 0.0016
vn 0.0408 -0.9990 -0.0156
vn -0.4902 -0.5076 0.7085
vn 0.2909 -0.8826 -0.3694
vn 0.0353 -0.9993 -0.0149
vn 0.0553 -0.9984 -0.0088
vn -0.0351 -0.9993 -0.0132
vn -0.0029 -1.0000 -0.0069
vn 0.0025 -0.9998 -0.0185
vn 0.0089 -0.9999 -0.0141
vn -0.0013 -1.0000 0.0011
vn -0.0012 -1.0000 0.0001
vn -0.1430 -0.9895 0.0234
vn -0.0026 -1.0000 -0.0010
vn -0.0157 -0.9998 0.0151
vn 0.4817 -0.8056 -0.3449
vn 0.1386 -0.9788 -0.1508
vn 0.1734 -0.9770 -0.1240
vn -0.0581 -0.9970 -0.0518
vn -0.0612 -0.9978 0.0271
vn -0.0813 -0.9940 -0.0726
vn -0.0152 -0.9986 0.0500
vn -0.0327 -0.9988 0.0354
vn -0.0345 -0.9986 0.0405
vn -0.0008 -1.0000 0.0008
vn -0.0131 -0.9992 -0.0366
vn 0.0069 -0.9997 -0.0230
vn 0.0023 -0.9996 -0.0299
vn 0.0017 -1.0000 0.0004
vn 0.0007 -1.0000 0.0009
vn 0.0012 -1.0000 0.0011
vn 0.0463 -0.9989 -0.0035
vn 0.0445 -0.9990 -0.0002
vn 0.0447 -0.9990 -0.0005
vn 0.0421 -0.9991 0.0045
vn 0.0007 -1.0000 0.0008
vn 0.0006 -1.0000 0.0009
vn 0.0002 -1.0000 0.0008
vn 0.0556 -0.9984 0.0102
vn 0.0017 -1.0000 0.0018
vn 0.0053 -1.0000 0.0031
vn 0.0098 -0.9999 -0.0116
vn 0.1331 -0.9829 -0.1275
vn 0.1023 -0.9889 -0.1079
vn 0.1431 -0.9817 -0.1257
vn -0.1921 -0.9795 0.0612
vn -0.1787 -0.9788 -0.1004
vn -0.2006 -0.9392 0.2787
vn -0.1979 -0.8320 0.5184
vn 0.0106 -0.9999 -0.0099
vn -0.0007 -1.0000 -0.0014
vn 0.0006 -1.0000 0.0013
vn 0.0016 -1.0000 0.0029
vn -0.0033 -1.0000 0.0001
vn -0.0013 -1.0000 -0.0002
vn -0.0025 -1.0000 0.0008
vn -0.0019 -1.0000 -0.0009
vn 0.0096 -0.9999 0.0059
vn 0.0033 -1.0000 0.0019
vn -0.0030 -0.9999 -0.0148
vn -0.0247 -0.9968 -0.0763
vn -0.0366 -0.9989 -0.0279
vn 0.1624 -0.9867 -0.0046
vn 0.0857 -0.9960 0.0243
vn 0.0878 -0.9915 0.0957
vn 0.1379 -0.9863 -0.0909
vn -0.0058 -0.9985 0.0551
vn -0.0089 -0.9999 0.0076
vn -0.0005 -1.0000 0.0009
vn -0.0003 -1.0000 0.0009
vn -0.0014 -1.0000 0.0012
vn -0.0002 -1.0000 -0.0012
vn -0.0001 -1.0000 -0.0004
vn 0.0594 -0.9980 -0.0195
vn 0.0006 -1.0000 0.0007
vn 0.0011 -1.0000 -0.0004
vn 0.0064 -1.0000 0.0001
vn 0.1006 -0.9944 -0.0322
vn -0.0012 -0.9997 -0.0235
vn 0.2208 -0.9752 -0.0156
vn 0.0660 -0.9978 -0.0071
vn -0.0043 -0.9955 0.0944
vn -0.0047 -0.9955 0.0948
vn -0.0030 -0.9952 0.0976
vn -0.0056 -0.9954 0.0953
vn -0.0185 -0.9997 0.0159
vn -0.0276 -0.9986 -0.0456
vn 0.0061 -1.0000 0.0007
vn -0.0766 -0.9837 -0.1626
vn -0.0852 -0.9727 -0.2161
vn -0.0529 -0.9749 -0.2162
vn 0.2455 -0.9690 -0.0264
vn -0.1979 -0.9623 0.1867
vn -0.1129 -0.9511 0.2874
vn 0.0093 -0.9104 0.4136
vn -0.3232 -0.9459 0.0276
vn -0.0113 -0.9607 0.2774
vn 0.0061 0.9718 0.2359
vn -0.0473 0.4286 0.9023
vn -0.0548 -0.9977 -0.0387
vn -0.0110 -0.9990 -0.0433
vn -0.0182 -0.9983 -0.0555
vn -0.0033 -1.0000 0.0002
vn -0.0006 -1.0000 -0.0000
vn -0.0014 -1.0000 -0.0006
vn -0.0011 -1.0000 -0.0006
vn -0.3101 -0.9496 0.0464
vn 0.7339 -0.6574 0.1710
vn 0.0114 -0.7231 0.6907
vn 0.1066 -0.7401 0.6640
vn 0.0034 -0.8600 0.5103
vn 0.0382 -0.9951 0.0915
vn 0.0629 -0.9868 0.1491
vn 0.0189 -0.9993 -0.0329
vn 0.0177 -0.9997 -0.0166
vn -0.0089 -0.9999 0.0058
vn 0.0003 -1.0000 -0.0010
vn 0.0016 -1.0000 0.0001
vn -0.0196 -0.9993 0.0329
vn -0.0134 -0.9995 0.0291
vn -0.0001 -1.0000 -0.0007
vn 0.0009 -1.0000 -0.0018
vn -0.0207 -0.9982 0.0558
vn -0.0101 -0.9990 0.0443
vn -0.0294 -0.9982 0.0519
vn -0.0067 -0.9997 -0.0218
vn 0.0310 -0.9987 0.0416
vn -0.0213 -0.9976 -0.0654
vn -0.0146 -0.9970 -0.0764
vn 0.0234 -0.9526 0.3034
vn 0.0383 -0.9993 -0.0028
vn 0.0771 -0.9186 0.3877
vn -0.0007 -1.0000 -0.0000
vn -0.0019 -1.0000 -0.0002
vn 0.0538 -0.9980 0.0319
vn -0.0021 -1.0000 -0.0006
vn 0.0044 -1.0000 -0.0014
vn 0.0107 -0.9999 0.0108
vn -0.0008 -1.0000 -0.0001
vn 0.0786 -0.8035 0.5901
vn 0.0447 -0.9937 0.1025
vn 0.0175 -0.9905 0.1366
vn -0.0003 -1.0000 0.0020
vn -0.0013 -1.0000 -0.0025
vn -0.0006 -1.0000 -0.0012
vn -0.0224 -0.9989 0.0401
vn -0.0195 -0.9996 0.0209
vn -0.0113 -0.9998 0.0147
vn -0.0186 -0.9996 -0.0199
vn -0.0172 -0.9997 -0.0200
vn -0.0073 -0.9998 -0.0179
vn 0.0056 -0.9997 0.0231
vn 0.0407 -0.9989 0.0226
vn -0.0607 0.4510 0.8905
vn 0.0341 0.0941 0.9950
vn -0.0341 -0.5783 0.8151
vn -0.3009 -0.9466 0.1158
vn -0.4928 -0.8491 0.1903
vn -0.5395 -0.8158 0.2085
vn -0.0003 -1.0000 0.0046
vn -0.0022 -1.0000 0.0019
vn -0.0291 -0.9902 -0.1365
vn -0.0296 -0.9860 -0.1641
vn -0.0052 -0.9999 0.0091
vn -0.0028 -1.0000 -0.0019
vn -0.0003 -1.0000 0.0018
vn -0.0010 -1.0000 -0.0017
vn 0.0003 -1.0000 0.0027
vn 0.0004 -1.0000 0.0009
vn -0.0126 -0.9999 0.0010
vn -0.0082 -0.9999 -0.0059
vn -0.0031 -1.0000 -0.0051
vn 0.0119 -0.9999 0.0012
vn -0.0369 -0.9988 0.0322
vn -0.0368 -0.9981 0.0500
vn 0.0217 -0.9995 -0.0236
vn 0.0279 -0.9990 -0.0349
vn -0.1435 -0.9731 -0.1802
vn 0.0018 -0.9987 -0.0519
vn 0.0440 -0.9816 0.1860
vn -0.0383 -0.8692 0.4929
vn 0.1357 -0.6118 0.7793
vn -0.7081 -0.6508 0.2741
vn 0.5934 -0.6671 -0.4504
vn 0.0058 -0.9999 0.0123
vn -0.1037 -0.8266 -0.5531
vn 0.0010 -1.0000 -0.0026
vn -0.0016 -1.0000 0.0046
vn -0.0045 -1.0000 -0.0028
vn 0.1291 -0.9849 0.1156
vn 0.0007 -1.0000 0.0011
vn -0.0012 -1.0000 -0.0005
vn -0.0007 -1.0000 -0.0027
vn -0.0095 -0.9998 -0.0167
vn 0.0170 -0.9998 0.0063
vn 0.1941 -0.8147 0.5464
vn -0.0655 -0.9978 0.0095
vn -0.6331 0.6301 -0.4497
vn -0.0082 -0.7154 0.6987
vn -0.2111 -0.9509 0.2264
vn 0.0591 -0.9972 -0.0466
vn 0.0336 -0.9990 -0.0286
vn 0.0518 -0.9975 -0.0489
vn -0.0233 -0.9926 -0.1189
vn -0.0529 -0.9887 -0.1400
vn -0.1790 -0.8634 -0.4718
vn -0.0003 -1.0000 0.0008
vn 0.0011 -1.0000 -0.0029
vn 0.0001 -1.0000 0.0023
vn 0.0110 -0.9999 -0.0056
vn 0.0036 -1.0000 -0.0024
vn 0.0042 -1.0000 -0.0026
vn -0.0002 -1.0000 0.0033
vn -0.0031 -1.0000 0.0006
vn 0.0011 -1.0000 -0.0027
vn 0.0008 -1.0000 0.0006
vn -0.0000 -1.0000 -0.0005
vn -0.0526 -0.9962 0.0690
vn 0.0916 -0.9815 0.1683
vn 0.2891 -0.9563 -0.0442
vn 0.0027 -0.9988 -0.0491
vn 0.0130 -0.9985 -0.0534
vn 0.0828 -0.9391 -0.3336
vn 0.0579 -0.9758 -0.2109
vn 0.5300 0.7215 -0.4455
vn 0.2437 -0.9695 -0.0273
vn 0.2447 -0.9696 0.0027
vn 0.2463 -0.9525 0.1792
vn 0.2385 -0.9599 -0.1472
vn -0.0019 -1.0000 0.0008
vn 0.0008 -1.0000 0.0022
vn -0.0011 -1.0000 0.0011
vn -0.0007 -1.0000 0.0008
vn 0.0008 -1.0000 0.0002
vn -0.0002 -1.0000 -0.0009
vn -0.0000 -1.0000 -0.0009
vn 0.0009 -1.0000 -0.0012
vn 0.0001 -1.0000 -0.0011
vn -0.0511 -0.9973 -0.0528
vn -0.0490 -0.9988 -0.0025
vn -0.0830 -0.9952 0.0514
vn -0.0733 -0.9971 -0.0195
vn -0.0763 -0.9158 0.3943
vn -0.0294 -0.9783 0.2052
vn -0.0896 -0.9899 0.1096
vn 0.0063 -0.9998 0.0175
vn 0.0015 -1.0000 0.0010
vn 0.0030 -1.0000 0.0019
vn -0.0018 -1.0000 0.0017
vn -0.0005 -1.0000 0.0011
vn 0.0002 -1.0000 -0.0012
vn 0.0038 -1.0000 -0.0024
vn 0.0065 -1.0000 -0.0050
vn -0.0171 -0.9999 0.0005
vn -0.0027 -1.0000 0.0002
vn 0.0004 -0.9999 0.0116
vn -0.0000 -1.0000 0.0060
vn -0.0438 -0.9909 0.1271
vn -0.0947 -0.9594 0.2657
vn 0.0119 -0.9838 0.1790
vn -0.0845 -0.9960 0.0288
vn -0.1033 -0.9935 0.0485
vn -0.4891 -0.8671 0.0944
vn -0.0313 -0.9981 -0.0537
vn -0.1110 -0.9925 -0.0513
vn 0.0018 -1.0000 -0.0011
vn 0.0001 -1.0000 -0.0020
vn 0.0139 -0.9999 -0.0071
vn 0.0275 -0.9996 -0.0100
vn 0.0667 -0.9975 -0.0217
vn 0.0305 -0.9956 -0.0890
vn 0.3133 -0.9452 0.0917
vn -0.0351 -0.9958 0.0848
vn 0.4786 -0.8366 0.2664
vn 0.0419 -0.9959 -0.0798
vn 0.1494 -0.9537 0.2611
vn 0.0832 -0.9962 -0.0271
vn 0.0103 -0.9754 0.2204
vn -0.0627 -0.9955 -0.0705
vn 0.0017 -1.0000 0.0012
vn -0.0327 -0.9987 -0.0385
vn -0.1594 -0.9709 -0.1785
vn 0.0073 -0.9997 0.0235
vn -0.0016 -1.0000 -0.0022
vn 0.0023 -1.0000 -0.0014
vn 0.0017 -1.0000 0.0005
vn -0.0010 -1.0000 0.0011
vn 0.0011 -1.0000 0.0016
vn -0.2360 -0.9693 -0.0692
vn -0.7163 -0.5712 0.4008
vn 0.5335 -0.8051 -0.2590
vn 0.6483 -0.7585 -0.0669
vn 0.6820 -0.7301 0.0425
vn 0.7054 -0.6934 0.1470
vn 0.3905 -0.8740 0.2890
vn 0.0025 -1.0000 -0.0006
vn -0.0514 -0.9943 -0.0935
vn -0.1659 -0.9764 0.1380
vn -0.2596 -0.9303 0.2593
vn -0.0241 -0.9996 0.0163
vn -0.1184 -0.8910 0.4383
vn 0.0246 -0.7955 0.6055
vn 0.6694 -0.6329 0.3890
vn 0.5956 -0.6659 0.4492
vn 0.3949 -0.8373 0.3781
vn -0.0089 -0.9996 -0.0272
vn -0.1242 -0.9900 0.0667
vn -0.2813 -0.9487 0.1444
vn 0.0052 -1.0000 -0.0009
vn -0.5919 -0.7581 0.2738
vn -0.3650 -0.8310 0.4197
vn -0.3592 -0.8138 0.4567
vn -0.0004 0.5909 0.8068
vn -0.4709 0.8217 0.3210
vn -0.5181 0.8016 0.2984
vn -0.5300 0.8480 -0.0031
vn -0.7289 0.6832 0.0441
vn -0.7200 0.6846 -0.1136
vn -0.1003 0.8732 0.4770
vn -0.1249 0.9912 0.0432
vn -0.1026 0.9921 0.0725
vn -0.0058 -0.9994 -0.0338
vn -0.2542 -0.9591 -0.1244
vn 0.0018 -1.0000 0.0021
vn -0.1443 -0.9890 -0.0335
vn -0.0701 -0.9855 -0.1546
vn 0.0008 -1.0000 -0.0002
vn 0.0046 -1.0000 0.0016
vn 0.0213 -0.9998 0.0050
vn 0.0024 -1.0000 -0.0011
vn -0.0103 -0.9999 -0.0072
vn -0.0219 -0.9998 -0.0007
vn -0.0100 -0.9999 0.0039
vn -0.0019 -1.0000 -0.0045
vn 0.0041 -0.8945 0.4471
vn -0.0003 -0.9999 -0.0109
vn 0.0032 -1.0000 -0.0021
vn -0.0008 -1.0000 -0.0000
vn 0.0017 -1.0000 -0.0012
vn 0.0373 -0.9837 0.1758
vn 0.0771 -0.9687 0.2359
vn 0.0131 -0.9800 0.1985
vn 0.0086 -0.9999 -0.0057
vn 0.0055 -0.9999 -0.0113
vn 0.0054 -1.0000 -0.0039
vn -0.0007 -1.0000 0.0028
vn -0.0000 -1.0000 0.0042
vn 0.0402 -0.9992 -0.0004
vn 0.0038 -1.0000 -0.0061
vn 0.0029 -1.0000 -0.0015
vn -0.0717 -0.9957 -0.0580
vn -0.0002 -1.0000 0.0022
vn -0.0002 -1.0000 0.0021
vn -0.0001 -1.0000 0.0023
vn -0.0189 -0.9997 0.0169
vn -0.2282 -0.9483 -0.2204
vn -0.0546 -0.9880 -0.1447
vn -0.0137 -0.9999 -0.0046
vn -0.0001 -1.0000 0.0024
vn -0.0684 -0.9975 -0.0152
vn -0.0002 -1.0000 -0.0010
vn -0.2170 -0.9753 0.0404
vn 0.0037 -0.6501 0.7598
vn -0.0869 -0.6462 0.7582
vn 0.0119 -0.2559 0.9666
vn 0.0152 -0.4963 0.8680
vn 0.5253 -0.4701 0.7092
vn -0.0019 -0.0576 0.9983
vn 0.2977 -0.0251 0.9543
vn 0.5687 0.1891 0.8005
vn -0.2539 0.2692 0.9290
vn -0.6274 -0.2103 0.7497
vn -0.1714 0.0664 0.9830
vn -0.1879 -0.0980 0.9773
vn -0.0149 0.5418 0.8404
vn 0.3098 0.9031 -0.2973
vn -0.1564 -0.8467 0.5085
vn -0.4384 -0.8944 -0.0886
vn -0.3695 -0.6784 -0.6350
vn 0.0007 1.0000 -0.0007
vn 0.0100 0.9987 -0.0504
vn 0.0129 0.9991 -0.0403
vn 0.0357 0.9874 -0.1541
vn 0.0212 0.9924 -0.1214
vn 0.0007 1.0000 0.0026
vn 0.0006 1.0000 -0.0000
vn -0.0212 0.9993 0.0309
vn -0.0116 0.9961 -0.0871
vn -0.0496 0.9988 -0.0036
vn 0.0023 1.0000 -0.0056
vn 0.0174 0.9993 -0.0333
vn -0.0038 1.0000 -0.0059
vn 0.0309 0.9934 -0.1102
vn 0.0027 1.0000 0.0038
vn -0.0001 1.0000 0.0002
vn 0.0012 1.0000 -0.0009
vn -0.0009 0.9999 -0.0144
vn -0.0000 1.0000 -0.0000
vn -0.0063 1.0000 0.0059
vn -0.1097 0.9453 -0.3073
vn 0.0856 0.9936 -0.0743
vn -0.0081 0.9997 -0.0218
vn -0.0224 0.9982 -0.0550
vn 0.0097 1.0000 0.0013
vn -0.0398 0.9990 0.0204
vn 0.0356 0.9993 -0.0101
vn 0.0021 0.9999 0.0108
vn -0.7900 0.3872 -0.4753
vn -0.9073 0.4103 -0.0922
vn -0.8029 0.5939 0.0519
vn -0.6872 0.7261 -0.0221
vn -0.7676 0.6348 -0.0882
vn -0.6495 0.7601 -0.0201
vn -0.5101 0.8535 0.1066
vn 0.3223 0.8624 0.3903
vn -0.1346 0.9658 0.2216
vn 0.0200 0.9840 0.1769
vn -0.2814 0.9571 -0.0694
vn -0.4614 0.8815 -0.1003
vn -0.0276 0.9980 -0.0569
vn -0.0268 0.9981 -0.0562
vn -0.0262 0.9981 -0.0564
vn -0.0021 1.0000 0.0003
vn -0.0016 1.0000 0.0002
vn -0.0030 1.0000 -0.0000
vn 0.0911 0.9957 -0.0177
vn 0.4736 0.8735 -0.1132
vn 0.3354 0.9386 -0.0808
vn -0.0040 1.0000 -0.0021
vn -0.0901 0.9947 -0.0494
vn -0.0646 0.9972 -0.0377
vn -0.1979 0.9729 -0.1199
vn 0.0116 0.9950 0.0996
vn 0.0186 0.9952 0.0958
vn 0.0283 0.9946 0.1003
vn 0.0004 0.9996 0.0299
vn -0.2925 0.9541 0.0651
vn -0.6214 0.7835 -0.0010
vn 0.2066 0.9782 -0.0226
vn 0.0257 0.9992 -0.0313
vn 0.1092 0.9801 -0.1658
vn 0.1936 0.9529 -0.2333
vn 0.1069 0.9670 -0.2314
vn 0.9217 0.3821 -0.0665
vn 0.8553 0.4800 0.1953
vn -0.8900 0.4522 -0.0576
vn 0.2314 0.9055 -0.3558
vn 0.4751 0.8643 -0.1650
vn 0.3570 0.9261 0.1216
vn 0.3400 0.9265 0.1612
vn 0.3421 0.9222 0.1803
vn -0.0970 0.9910 0.0918
vn 0.8268 0.5612 -0.0376
vn -0.6745 0.7270 0.1286
vn -0.7881 0.6155 0.0140
vn -0.6025 0.1300 0.7874
vn -0.7247 0.6853 0.0720
vn -0.1548 0.9732 -0.1701
vn -0.5792 0.8151 -0.0123
vn -0.2302 -0.9684 0.0963
vn 0.3607 0.9315 -0.0460
vn 0.2469 0.9419 -0.2277
vn 0.2476 0.9266 -0.2828
vn 0.2870 0.9192 -0.2698
vn 0.1180 0.9304 -0.3472
vn 0.1742 0.8783 -0.4452
vn 0.2349 0.9197 -0.3145
vn 0.2222 0.9371 -0.2692
vn 0.7361 0.6696 0.0991
vn 0.4234 0.8817 0.2082
vn 0.6206 0.7633 0.1795
vn 0.8971 0.4418 0.0030
vn 0.2530 0.9627 0.0960
vn 0.5863 0.8036 0.1028
vn 0.4883 0.8727 -0.0068
vn 0.0151 0.0063 0.9999
vn 0.1565 0.4771 0.8648
vn 0.0156 0.2431 0.9699
vn 0.5423 0.8364 -0.0798
vn -0.0020 1.0000 0.0030
vn 0.7609 0.5404 0.3592
vn -0.3806 0.9160 -0.1266
vn -0.1519 0.9807 0.1234
vn -0.1640 0.9864 -0.0056
vn -0.0280 0.9991 0.0311
vn 0.3225 0.5480 0.7718
vn -0.0010 1.0000 0.0004
vn 0.1739 0.8883 0.4250
vn 0.0154 0.9985 0.0533
vn -0.0030 1.0000 0.0040
vn -0.3241 0.9459 -0.0132
vn -0.2965 0.9540 -0.0439
vn -0.0743 0.9956 0.0576
vn 0.0067 0.9999 0.0092
vn -0.0002 1.0000 -0.0025
vn -0.0002 1.0000 -0.0000
vn -0.0010 1.0000 -0.0004
vn -0.1196 0.9807 0.1546
vn 0.0035 1.0000 0.0038
vn 0.0034 1.0000 -0.0004
vn 0.0003 1.0000 0.0003
vn 0.2950 0.9461 0.1337
vn 0.1933 0.9554 0.2234
vn 0.2840 0.9480 0.1439
vn 0.4503 0.8927 -0.0189
vn -0.0003 1.0000 0.0003
vn -0.0001 1.0000 0.0005
vn -0.0009 1.0000 -0.0002
vn -0.0011 1.0000 -0.0003
vn -0.0014 1.0000 -0.0007
vn -0.0358 0.9987 0.0369
vn -0.0048 0.9986 0.0523
vn -0.0268 0.9992 0.0307
vn -0.0208 0.9997 0.0116
vn 0.0036 1.0000 0.0029
vn -0.0017 1.0000 0.0017
vn -0.0001 1.0000 0.0010
vn 0.0017 1.0000 0.0004
vn 0.3554 0.9340 -0.0356
vn -0.0053 1.0000 0.0017
vn 0.0419 0.9977 -0.0528
vn 0.3291 0.9412 -0.0763
vn 0.0067 0.9688 -0.2479
vn 0.0010 1.0000 -0.0002
vn -0.0051 1.0000 0.0011
vn 0.0017 1.0000 -0.0003
vn 0.0001 1.0000 -0.0004
vn -0.0056 1.0000 -0.0001
vn -0.0089 0.9999 0.0047
vn -0.0004 1.0000 0.0001
vn 0.0010 1.0000 0.0035
vn -0.0052 1.0000 0.0006
vn -0.0002 1.0000 -0.0002
vn -0.0001 1.0000 -0.0001
vn 0.0001 1.0000 -0.0002
vn -0.0000 1.0000 0.0001
vn 0.0005 1.0000 -0.0006
vn -0.1937 0.9624 -0.1905
vn -0.2080 0.9235 -0.3222
vn -0.1557 0.9799 -0.1246
vn -0.0557 0.9978 -0.0362
vn 0.7626 0.0342 0.6460
vn 0.5041 0.6945 0.5134
vn -0.0192 0.9971 0.0735
vn -0.0031 1.0000 -0.0032
vn -0.0042 1.0000 -0.0010
vn 0.0086 0.9999 -0.0068
vn -0.0061 0.9999 -0.0134
vn -0.0573 0.9918 -0.1140
vn -0.0148 0.9990 -0.0420
vn 0.0176 0.9998 0.0054
vn -0.2318 0.9676 -0.1006
vn 0.0156 0.9991 -0.0382
vn -0.0091 0.9999 -0.0058
vn 0.1184 0.9855 0.1217
vn -0.0081 1.0000 0.0002
vn -0.0053 1.0000 0.0056
vn 0.1253 0.9734 0.1918
vn -0.0191 0.9998 0.0056
vn -0.0041 1.0000 -0.0069
vn 0.0035 1.0000 -0.0078
vn 0.1845 0.9827 0.0162
vn -0.2988 0.9541 -0.0214
vn -0.2389 0.9709 -0.0149
vn -0.7593 0.6485 -0.0541
vn 0.0030 1.0000 0.0017
vn 0.0043 1.0000 0.0053
vn 0.2406 0.9030 0.3559
vn 0.0026 1.0000 -0.0034
vn -0.0070 1.0000 -0.0067
vn -0.0051 1.0000 -0.0070
vn -0.0102 0.9999 -0.0069
vn -0.0479 0.9986 0.0221
vn 0.0634 0.8944 -0.4428
vn 0.6071 0.7926 -0.0570
vn 0.6116 0.7824 -0.1171
vn 0.4751 0.8623 -0.1750
vn -0.1663 0.9467 -0.2758
vn -0.0648 0.9932 0.0965
vn -0.0677 0.9896 0.1270
vn -0.1192 0.9929 -0.0053
vn -0.1515 0.9878 -0.0355
vn 0.3430 0.9311 0.1243
vn 0.0898 0.9943 0.0566
vn 0.7392 0.6219 0.2583
vn -0.0240 0.9984 0.0509
vn 0.2262 0.9410 0.2517
vn 0.0361 0.9981 0.0493
vn 0.0978 0.9952 0.0014
vn 0.0641 0.9941 -0.0878
vn 0.1460 0.9838 -0.1043
vn 0.0865 0.9947 -0.0563
vn 0.4337 0.6596 -0.6139
vn -0.0006 1.0000 0.0030
vn 0.3743 0.9081 0.1879
vn -0.0014 1.0000 0.0012
vn 0.0027 1.0000 0.0057
vn -0.0007 1.0000 0.0001
vn 0.0346 0.9481 0.3160
vn -0.0015 0.9987 0.0517
vn 0.0061 1.0000 0.0021
vn -0.0008 1.0000 0.0015
vn -0.0007 1.0000 0.0006
vn 0.0002 1.0000 -0.0061
vn -0.0013 1.0000 -0.0010
vn -0.0009 1.0000 -0.0003
vn -0.0031 1.0000 -0.0011
vn 0.0001 1.0000 -0.0010
vn 0.0025 1.0000 0.0002
vn 0.0005 1.0000 0.0008
vn 0.0004 1.0000 -0.0003
vn 0.0003 1.0000 0.0004
vn -0.0000 1.0000 0.0009
vn 0.0001 1.0000 0.0015
vn 0.0004 1.0000 0.0006
vn 0.0004 1.0000 -0.0000
vn 0.0006 1.0000 0.0004
vn 0.0004 1.0000 -0.0001
vn -0.0003 1.0000 -0.0005
vn 0.0016 1.0000 0.0008
vn 0.0002 1.0000 -0.0002
vn 0.0001 1.0000 -0.0000
vn 0.0014 1.0000 -0.0001
vn 0.0017 1.0000 -0.0005
vn -0.0006 1.0000 -0.0000
vn 0.0027 1.0000 -0.0002
vn 0.0003 1.0000 -0.0000
vn -0.0008 1.0000 0.0002
vn 0.0019 1.0000 -0.0008
vn 0.0005 1.0000 -0.0010
vn -0.0003 1.0000 -0.0000
vn -0.0006 1.0000 -0.0005
vn -0.0007 1.0000 -0.0007
vn -0.0024 1.0000 0.0018
vn -0.0013 1.0000 0.0017
vn 0.0014 1.0000 0.0020
vn 0.0018 1.0000 0.0016
vn 0.0009 1.0000 0.0009
vn 0.0012 1.0000 0.0002
vn 0.0011 1.0000 0.0014
vn 0.0012 1.0000 -0.0002
vn 0.0017 0.9996 -0.0288
vn 0.0012 1.0000 0.0023
vn 0.0031 1.0000 0.0056
vn 0.0056 1.0000 0.0053
vn 0.0017 1.0000 0.0001
vn 0.0015 1.0000 -0.0003
vn 0.0019 1.0000 0.0004
vn 0.0022 1.0000 0.0009
vn -0.0000 1.0000 -0.0002
vn -0.0008 1.0000 -0.0002
vn -0.0005 1.0000 -0.0005
vn -0.0008 1.0000 -0.0003
vn -0.0004 1.0000 -0.0006
vn -0.0001 1.0000 -0.0008
vn -0.0002 1.0000 -0.0003
vn 0.0063 1.0000 -0.0001
vn -0.0040 1.0000 0.0004
vn -0.0033 1.0000 -0.0004
vn -0.0022 1.0000 -0.0009
vn -0.0289 0.9984 0.0482
vn -0.0355 0.9975 0.0611
vn -0.0744 0.9888 0.1296
vn 0.0011 0.8185 -0.5745
vn -0.2412 0.9317 -0.2715
vn 0.2267 0.9719 0.0631
vn -0.0270 0.6334 0.7733
vn -0.0438 0.9979 0.0470
vn 0.3996 0.2756 0.8743
vn -0.1599 0.3714 0.9146
vn -0.1360 0.9879 0.0743
vn 0.0004 1.0000 -0.0004
vn 0.0004 1.0000 -0.0002
vn -0.0011 1.0000 0.0008
vn -0.0001 1.0000 -0.0024
vn 0.0009 1.0000 -0.0007
vn 0.0010 1.0000 -0.0001
vn 0.0001 1.0000 0.0003
vn -0.0001 1.0000 -0.0005
vn 0.0023 1.0000 0.0030
vn 0.0005 1.0000 -0.0005
vn 0.0027 1.0000 0.0024
vn 0.0019 1.0000 -0.0013
vn -0.0010 1.0000 -0.0023
vn 0.0009 1.0000 -0.0011
vn 0.0006 1.0000 -0.0004
vn 0.0011 1.0000 0.0008
vn -0.0001 1.0000 -0.0000
vn 0.0006 1.0000 0.0002
vn 0.0002 1.0000 -0.0001
vn 0.0002 1.0000 0.0001
vn 0.0061 1.0000 0.0048
vn -0.0003 1.0000 -0.0002
vn -0.0001 1.0000 0.0001
vn 0.0002 1.0000 0.0003
vn -0.0001 1.0000 0.0004
vn 0.0005 1.0000 0.0007
vn 0.0004 1.0000 0.0005
vn 0.0019 1.0000 -0.0003
vn 0.0020 1.0000 -0.0004
vn 0.0021 1.0000 -0.0004
vn -0.0023 1.0000 0.0003
vn 0.0022 1.0000 -0.0005
vn -0.0019 1.0000 -0.0008
vn -0.0010 1.0000 -0.0012
vn 0.0016 1.0000 -0.0008
vn -0.0039 1.0000 -0.0010
vn -0.0019 1.0000 -0.0023
vn 0.0006 1.0000 -0.0001
vn -0.0002 1.0000 -0.0001
vn -0.0006 1.0000 -0.0004
vn 0.0001 1.0000 0.0001
vn -0.0003 1.0000 0.0011
vn -0.0003 1.0000 -0.0001
vn -0.0008 1.0000 -0.0004
vn 0.0010 1.0000 0.0002
vn 0.0004 1.0000 0.0001
vn 0.0011 1.0000 0.0002
vn 0.0008 1.0000 0.0005
vn 0.0001 1.0000 0.0004
vn -0.0013 1.0000 -0.0000
vn -0.0024 1.0000 0.0004
vn 0.0024 1.0000 0.0001
vn 0.0015 1.0000 -0.0002
vn -0.0008 1.0000 -0.0005
vn -0.0007 1.0000 -0.0009
vn -0.0006 1.0000 -0.0006
vn -0.0011 1.0000 -0.0000
vn -0.0002 1.0000 0.0012
vn -0.0001 1.0000 -0.0012
vn 0.0006 1.0000 0.0009
vn 0.0003 1.0000 -0.0011
vn -0.0004 1.0000 -0.0002
vn -0.0002 1.0000 0.0004
vn -0.0002 1.0000 0.0002
vn 0.0022 1.0000 0.0051
vn 0.0021 1.0000 0.0048
vn -0.0004 1.0000 0.0003
vn 0.0109 0.9997 0.0230
vn 0.0007 1.0000 -0.0026
vn 0.0004 1.0000 -0.0017
vn 0.0106 0.9951 0.0981
vn 0.0391 0.9976 0.0567
vn 0.0419 0.9839 0.1738
vn 0.1010 0.9919 0.0769
vn -0.0494 0.0705 0.9963
vn 0.0007 1.0000 0.0045
vn 0.0008 1.0000 -0.0001
vn 0.0009 1.0000 -0.0000
vn 0.0013 1.0000 -0.0001
vn 0.0009 1.0000 -0.0001
vn -0.0114 0.9999 0.0031
vn -0.0088 1.0000 0.0023
vn -0.0010 1.0000 -0.0002
vn 0.0006 1.0000 -0.0015
vn -0.0007 1.0000 -0.0015
vn -0.0004 1.0000 -0.0008
vn 0.0042 1.0000 -0.0008
vn -0.0003 1.0000 0.0010
vn 0.0008 1.0000 -0.0002
vn 0.0013 1.0000 -0.0006
vn 0.0028 1.0000 0.0012
vn 0.0006 1.0000 0.0001
vn 0.0012 1.0000 0.0011
vn 0.0019 1.0000 0.0025
vn 0.0013 1.0000 0.0024
vn -0.0001 1.0000 -0.0004
vn 0.0007 1.0000 0.0013
vn -0.0001 1.0000 0.0003
vn -0.0002 1.0000 0.0005
vn 0.0003 1.0000 0.0007
vn 0.0002 1.0000 0.0005
vn -0.0004 1.0000 -0.0000
vn 0.0007 1.0000 0.0003
vn -0.0017 0.9996 -0.0269
vn 0.0097 0.9999 0.0121
vn 0.0035 0.9998 0.0172
vn 0.0008 0.9996 0.0291
vn 0.0045 1.0000 0.0033
vn -0.0005 1.0000 -0.0004
vn 0.0001 1.0000 0.0007
vn 0.0012 1.0000 0.0005
vn -0.0018 1.0000 -0.0003
vn 0.0008 1.0000 0.0009
vn -0.0013 1.0000 0.0008
vn -0.0007 1.0000 0.0005
vn -0.0008 1.0000 -0.0006
vn -0.0000 1.0000 -0.0008
vn 0.0003 1.0000 0.0001
vn 0.0002 1.0000 -0.0000
vn -0.0011 1.0000 0.0012
vn 0.0030 1.0000 0.0009
vn 0.0009 1.0000 0.0004
vn 0.0009 1.0000 -0.0005
vn 0.0009 1.0000 -0.0009
vn -0.0002 1.0000 -0.0006
vn -0.0000 1.0000 -0.0001
vn -0.0003 1.0000 0.0006
vn -0.0008 1.0000 -0.0000
vn -0.0006 1.0000 -0.0011
vn 0.0001 1.0000 0.0002
vn -0.0397 0.9986 0.0337
vn 0.0002 1.0000 -0.0006
vn -0.3601 0.9106 -0.2029
vn -0.2858 0.7835 0.5518
vn -0.0000 0.9997 0.0232
vn -0.0005 1.0000 0.0007
vn -0.0491 0.9981 0.0370
vn -0.0238 0.8525 0.5222
vn 0.0420 0.9429 0.3305
vn -0.0075 1.0000 -0.0056
vn -0.0012 1.0000 0.0058
vn -0.0003 1.0000 -0.0004
vn -0.0014 1.0000 -0.0012
vn -0.0012 1.0000 -0.0001
vn -0.0016 1.0000 0.0001
vn -0.0043 1.0000 -0.0005
vn -0.0006 1.0000 -0.0002
vn 0.0018 1.0000 -0.0014
vn -0.0017 1.0000 0.0008
vn -0.0002 1.0000 0.0001
vn 0.0002 1.0000 0.0002
vn -0.0058 0.9996 -0.0265
vn 0.0001 1.0000 0.0024
vn 0.0001 1.0000 0.0011
vn 0.0038 1.0000 0.0022
vn 0.0062 1.0000 0.0042
vn 0.0012 1.0000 -0.0000
vn 0.0021 1.0000 0.0010
vn -0.0008 1.0000 -0.0010
vn -0.0000 1.0000 0.0002
vn -0.0003 1.0000 -0.0014
vn -0.0094 1.0000 0.0005
vn -0.0000 1.0000 0.0003
vn 0.0002 1.0000 0.0015
vn 0.0001 1.0000 0.0009
vn -0.0001 1.0000 -0.0002
vn -0.0002 1.0000 0.0007
vn -0.0017 1.0000 -0.0003
vn -0.0005 1.0000 0.0005
vn 0.0004 1.0000 0.0007
vn -0.0019 1.0000 0.0012
vn 0.0018 1.0000 0.0013
vn -0.0004 1.0000 -0.0011
vn 0.0001 1.0000 -0.0001
vn 0.0004 1.0000 0.0003
vn -0.0008 1.0000 0.0005
vn -0.0007 1.0000 -0.0002
vn 0.0018 1.0000 0.0011
vn -0.0000 1.0000 -0.0003
vn 0.0003 1.0000 -0.0001
vn 0.0007 1.0000 -0.0002
vn -0.0100 0.9384 0.3453
vn -0.1680 0.8912 0.4214
vn -0.0895 0.9691 -0.2297
vn 0.0973 0.8518 -0.5148
vn -0.0837 0.9965 -0.0061
vn 0.0972 0.9163 -0.3886
vn -0.0397 0.9977 0.0547
vn -0.0101 0.9999 -0.0113
vn -0.0177 0.9994 -0.0295
vn -0.0084 0.9995 -0.0288
vn -0.0026 1.0000 -0.0004
vn 0.0003 1.0000 0.0006
vn 0.0004 1.0000 0.0013
vn -0.0027 1.0000 -0.0008
vn -0.0015 1.0000 -0.0016
vn -0.0007 1.0000 -0.0004
vn -0.0006 1.0000 -0.0008
vn -0.0002 1.0000 -0.0005
vn 0.0009 1.0000 0.0021
vn -0.0003 1.0000 0.0001
vn -0.0007 1.0000 0.0004
vn -0.0004 1.0000 0.0002
vn -0.0004 1.0000 -0.0007
vn 0.0014 1.0000 -0.0036
vn -0.0007 1.0000 -0.0001
vn 0.0022 1.0000 0.0010
vn -0.0043 1.0000 -0.0002
vn -0.0006 1.0000 0.0001
vn -0.0001 1.0000 0.0009
vn -0.0000 1.0000 0.0005
vn -0.0004 1.0000 0.0006
vn 0.0002 1.0000 0.0006
vn -0.0006 1.0000 -0.0003
vn 0.0003 1.0000 -0.0015
vn -0.0003 1.0000 -0.0006
vn 0.0024 1.0000 0.0014
vn 0.0069 1.0000 -0.0034
vn 0.0027 1.0000 0.0029
vn -0.0487 0.9811 0.1874
vn 0.2613 0.7086 -0.6555
vn 0.1539 0.9588 -0.2388
vn 0.1812 0.9831 -0.0256
vn -0.0942 0.9910 0.0952
vn -0.0104 0.9985 0.0538
vn -0.0796 0.9963 0.0315
vn -0.0451 0.9987 -0.0243
vn -0.0513 0.9952 -0.0830
vn 0.0661 0.9975 -0.0240
vn -0.0008 1.0000 -0.0012
vn -0.0261 0.9993 -0.0259
vn 0.0029 1.0000 0.0003
vn 0.0135 0.9999 -0.0081
vn 0.0122 0.9999 -0.0107
vn 0.0017 1.0000 -0.0015
vn 0.0017 1.0000 -0.0010
vn -0.0008 1.0000 -0.0019
vn -0.0005 1.0000 -0.0010
vn -0.0042 1.0000 0.0017
vn -0.0003 1.0000 0.0002
vn -0.0014 1.0000 0.0032
vn -0.0020 1.0000 -0.0019
vn -0.0017 1.0000 0.0001
vn -0.0080 0.9998 -0.0182
vn -0.0009 1.0000 0.0002
vn -0.0021 1.0000 -0.0012
vn 0.0010 1.0000 -0.0003
vn 0.0009 1.0000 -0.0002
vn -0.0003 1.0000 0.0004
vn 0.0003 1.0000 -0.0002
vn 0.0005 1.0000 -0.0003
vn 0.0005 1.0000 0.0002
vn 0.0008 1.0000 -0.0005
vn -0.0058 1.0000 -0.0015
vn 0.0015 1.0000 -0.0000
vn -0.0008 1.0000 -0.0001
vn 0.0843 0.9901 -0.1119
vn -0.0234 0.9996 0.0175
vn 0.0038 1.0000 0.0006
vn 0.0265 0.9996 -0.0117
vn 0.0044 1.0000 0.0047
vn 0.0272 0.9994 0.0218
vn -0.0172 0.9997 -0.0170
vn 0.0595 0.9980 0.0191
vn 0.0802 0.9871 0.1383
vn 0.0855 0.9868 0.1375
vn 0.0761 0.9874 0.1388
vn 0.0083 0.9869 -0.1612
vn -0.0119 0.9999 0.0010
vn -0.0638 0.9962 0.0587
vn 0.1175 0.9824 -0.1455
vn 0.0729 0.9943 -0.0774
vn -0.0090 0.9998 -0.0195
vn 0.0002 1.0000 0.0033
vn 0.0001 1.0000 -0.0020
vn -0.0002 1.0000 0.0016
vn 0.0005 1.0000 0.0012
vn -0.0010 1.0000 0.0012
vn 0.0004 1.0000 -0.0019
vn 0.0003 1.0000 -0.0018
vn -0.0005 1.0000 -0.0008
vn -0.0005 1.0000 -0.0003
vn -0.0002 1.0000 -0.0010
vn 0.0005 1.0000 0.0009
vn 0.0007 1.0000 0.0004
vn 0.0004 1.0000 0.0008
vn 0.0003 1.0000 0.0002
vn 0.0032 1.0000 0.0053
vn 0.0012 1.0000 -0.0006
vn 0.0041 0.9996 -0.0270
vn 0.0011 1.0000 -0.0007
vn -0.0114 0.9999 -0.0014
vn -0.0025 1.0000 -0.0035
vn -0.0046 1.0000 -0.0063
vn -0.0000 1.0000 0.0004
vn 0.0008 1.0000 -0.0006
vn 0.0002 1.0000 0.0008
vn -0.0015 1.0000 0.0012
vn 0.0002 1.0000 0.0017
vn -0.0002 1.0000 0.0003
vn 0.0010 1.0000 0.0010
vn -0.0000 1.0000 -0.0004
vn -0.0018 1.0000 -0.0009
vn 0.0001 1.0000 -0.0007
vn -0.0005 1.0000 -0.0000
vn -0.0010 1.0000 -0.0005
vn -0.0008 1.0000 0.0009
vn -0.0009 1.0000 0.0019
vn -0.0001 1.0000 0.0006
vn -0.0035 1.0000 -0.0032
vn -0.0010 1.0000 0.0001
vn -0.0012 1.0000 0.0001
vn 0.0159 0.9983 -0.0568
vn 0.0028 0.9996 -0.0292
vn -0.0037 0.9881 -0.1539
vn 0.1802 0.9805 0.0787
vn 0.1425 0.9628 -0.2295
vn 0.0014 1.0000 -0.0014
vn 0.0169 0.9998 -0.0042
vn 0.0015 1.0000 0.0012
vn -0.0029 1.0000 0.0012
vn 0.0030 1.0000 -0.0001
vn 0.0153 0.9999 0.0028
vn 0.0010 1.0000 -0.0006
vn -0.0003 1.0000 0.0007
vn 0.0023 1.0000 0.0007
vn 0.0063 1.0000 0.0015
vn 0.0124 0.9999 0.0027
vn -0.0001 1.0000 -0.0018
vn -0.0010 1.0000 -0.0000
vn -0.0037 1.0000 0.0014
vn -0.0073 1.0000 0.0027
vn 0.0052 1.0000 -0.0041
vn 0.0010 1.0000 -0.0009
vn 0.0005 1.0000 -0.0001
vn -0.0052 1.0000 -0.0039
vn -0.0013 1.0000 0.0004
vn -0.0000 1.0000 -0.0007
vn -0.0001 1.0000 -0.0013
vn 0.0003 1.0000 0.0005
vn -0.0008 1.0000 0.0003
vn 0.0010 1.0000 0.0011
vn -0.0005 1.0000 0.0003
vn -0.0003 1.0000 0.0012
vn -0.0001 1.0000 0.0016
vn -0.0026 1.0000 -0.0017
vn 0.0005 1.0000 -0.0035
vn 0.0002 1.0000 -0.0008
vn 0.0003 1.0000 -0.0007
vn -0.0014 1.0000 0.0007
vn 0.0046 1.0000 -0.0009
vn 0.0022 1.0000 -0.0033
vn 0.0023 1.0000 -0.0012
vn 0.0056 1.0000 -0.0075
vn -0.0177 0.9984 0.0535
vn -0.0111 0.9996 0.0246
vn 0.0088 0.9998 0.0191
vn -0.0007 1.0000 -0.0000
vn -0.0006 1.0000 0.0007
vn -0.0009 1.0000 0.0004
vn 0.0010 1.0000 -0.0004
vn 0.0004 1.0000 0.0002
vn 0.0003 1.0000 0.0012
vn 0.0002 1.0000 0.0004
vn 0.0006 1.0000 -0.0007
vn -0.0004 1.0000 -0.0004
vn 0.0016 1.0000 -0.0005
vn -0.0026 1.0000 -0.0007
vn 0.0002 1.0000 -0.0003
vn 0.0056 1.0000 -0.0015
vn -0.0023 1.0000 0.0006
vn -0.0007 1.0000 0.0023
vn -0.0039 1.0000 0.0001
vn 0.0003 1.0000 0.0011
vn -0.0022 1.0000 -0.0006
vn -0.0013 1.0000 -0.0007
vn 0.0045 1.0000 0.0048
vn -0.0025 1.0000 -0.0023
vn -0.0007 1.0000 0.0002
vn -0.0015 1.0000 -0.0009
vn 0.0005 1.0000 -0.0000
vn -0.0000 1.0000 0.0012
vn 0.0009 1.0000 0.0007
vn 0.0005 1.0000 0.0005
vn 0.0007 1.0000 0.0007
vn -0.0000 1.0000 0.0011
vn 0.0011 1.0000 -0.0000
vn 0.0008 1.0000 -0.0003
vn 0.0014 1.0000 -0.0002
vn 0.0008 1.0000 -0.0010
vn -0.0006 1.0000 0.0005
vn 0.0006 1.0000 0.0003
vn -0.0003 1.0000 -0.0007
vn 0.0029 1.0000 0.0018
vn 0.0034 1.0000 -0.0056
vn 0.0059 1.0000 0.0045
vn 0.0046 1.0000 -0.0046
vn 0.0055 1.0000 -0.0011
vn 0.0026 0.9999 0.0114
vn -0.0041 0.9841 0.1778
vn -0.0131 0.9342 0.3565
vn -0.0508 0.9981 -0.0350
vn 0.6785 0.7115 -0.1830
vn -0.1752 0.9843 0.0200
vn -0.0562 0.9983 -0.0170
vn -0.0262 0.9994 -0.0241
vn 0.0002 0.9999 -0.0147
vn -0.0020 1.0000 -0.0064
vn -0.0003 1.0000 0.0009
vn -0.0028 1.0000 -0.0027
vn -0.0008 1.0000 0.0001
vn -0.0009 1.0000 -0.0005
vn 0.0009 1.0000 0.0010
vn 0.0011 1.0000 0.0005
vn 0.0006 1.0000 -0.0003
vn 0.0007 1.0000 -0.0001
vn -0.0004 1.0000 0.0009
vn 0.0021 1.0000 -0.0003
vn 0.0015 1.0000 0.0026
vn -0.0011 1.0000 -0.0001
vn 0.0016 1.0000 -0.0010
vn 0.0021 1.0000 -0.0028
vn 0.0026 1.0000 -0.0021
vn 0.0021 1.0000 0.0020
vn 0.0025 1.0000 0.0027
vn 0.0008 1.0000 0.0008
vn -0.0007 1.0000 -0.0003
vn -0.0010 1.0000 0.0005
vn 0.0001 1.0000 0.0036
vn -0.0014 1.0000 0.0004
vn 0.0009 1.0000 -0.0006
vn -0.0004 1.0000 -0.0015
vn 0.0013 1.0000 -0.0024
vn 0.0055 0.9999 -0.0088
vn -0.0009 0.9997 0.0232
vn 0.0214 0.9968 0.0764
vn 0.0055 0.9998 0.0202
vn -0.0118 0.9999 0.0041
vn -0.0035 0.9999 0.0163
vn -0.1953 0.9085 0.3694
vn -0.0042 0.3366 0.9416
vn -0.1716 0.9738 0.1493
vn 0.0505 0.9562 -0.2883
vn 0.0080 1.0000 -0.0044
vn 0.0003 1.0000 0.0016
vn -0.0004 1.0000 -0.0009
vn -0.0023 1.0000 -0.0052
vn -0.0007 1.0000 0.0021
vn -0.0007 1.0000 0.0036
vn -0.0000 1.0000 0.0015
vn -0.0039 1.0000 -0.0042
vn 0.0007 1.0000 -0.0035
vn 0.0013 1.0000 0.0010
vn 0.0009 1.0000 0.0012
vn 0.0001 1.0000 0.0006
vn 0.0009 1.0000 0.0005
vn -0.0000 1.0000 0.0006
vn 0.0035 1.0000 0.0025
vn 0.0127 0.9999 0.0032
vn 0.0004 1.0000 0.0055
vn -0.0024 1.0000 0.0028
vn -0.0043 1.0000 0.0008
vn -0.0036 1.0000 0.0021
vn 0.0209 0.9998 0.0010
vn -0.0005 1.0000 -0.0012
vn -0.0003 1.0000 -0.0010
vn 0.0004 1.0000 -0.0018
vn -0.0001 1.0000 -0.0003
vn 0.0013 1.0000 -0.0018
vn 0.0008 1.0000 0.0013
vn -0.0015 1.0000 0.0001
vn 0.0002 1.0000 -0.0005
vn 0.0011 1.0000 0.0001
vn 0.0046 1.0000 0.0034
vn 0.0061 1.0000 0.0034
vn 0.0120 0.9999 0.0106
vn 0.0012 1.0000 -0.0053
vn 0.0018 0.9999 -0.0127
vn 0.0051 1.0000 -0.0069
vn -0.0222 0.9998 0.0011
vn -0.0333 0.9994 0.0020
vn 0.0132 0.9999 -0.0051
vn 0.0351 0.9919 -0.1224
vn 0.0325 0.9986 -0.0419
vn 0.0157 0.9997 0.0202
vn 0.5331 0.7226 -0.4401
vn 0.0033 0.8946 0.4468
vn 0.3386 0.9227 -0.1844
vn -0.0109 0.9999 -0.0012
vn -0.0003 1.0000 -0.0043
vn 0.0014 1.0000 -0.0011
vn -0.0003 1.0000 -0.0016
vn -0.0005 1.0000 -0.0001
vn -0.0004 1.0000 -0.0005
vn 0.0014 1.0000 -0.0000
vn -0.0036 1.0000 -0.0008
vn 0.0022 1.0000 0.0006
vn 0.0009 1.0000 0.0008
vn -0.0005 1.0000 -0.0019
vn 0.0001 1.0000 0.0005
vn -0.0011 1.0000 -0.0002
vn 0.0028 1.0000 0.0051
vn -0.0034 1.0000 -0.0016
vn -0.0048 1.0000 -0.0056
vn 0.0116 0.9998 -0.0182
vn 0.0015 1.0000 -0.0081
vn 0.0109 0.9999 -0.0123
vn 0.0005 1.0000 -0.0058
vn -0.0033 1.0000 0.0014
vn -0.0194 0.9996 0.0207
vn -0.0338 0.9992 0.0204
vn -0.0025 1.0000 0.0004
vn -0.0023 1.0000 -0.0005
vn -0.0024 1.0000 -0.0005
vn -0.0013 1.0000 -0.0003
vn -0.0005 1.0000 0.0001
vn 0.0143 0.9994 -0.0319
vn 0.0128 0.9993 -0.0348
vn 0.0089 0.9994 -0.0344
vn 0.0217 0.9977 -0.0645
vn -0.0082 0.9993 0.0359
vn -0.0549 0.8937 0.4453
vn 0.0413 0.9917 0.1220
vn -0.1024 0.9623 0.2519
vn -0.2712 0.4050 0.8732
vn -0.0169 0.9832 0.1818
vn -0.1260 0.6718 0.7300
vn -0.0610 0.9826 0.1752
vn -0.0739 0.9917 -0.1048
vn -0.1177 0.9506 -0.2872
vn -0.1001 0.9614 -0.2562
vn -0.0007 1.0000 0.0008
vn 0.0001 1.0000 0.0016
vn -0.0009 1.0000 0.0012
vn -0.0008 1.0000 0.0007
vn 0.0001 1.0000 -0.0006
vn -0.0001 1.0000 -0.0014
vn -0.0012 1.0000 -0.0009
vn 0.0004 1.0000 -0.0009
vn -0.0014 1.0000 -0.0017
vn -0.0028 1.0000 -0.0024
vn -0.0026 1.0000 -0.0036
vn -0.0007 1.0000 0.0003
vn 0.0022 1.0000 -0.0015
vn 0.0114 0.9998 0.0190
vn 0.0287 0.9985 0.0466
vn 0.0028 1.0000 -0.0077
vn -0.0017 1.0000 -0.0012
vn 0.0063 0.9998 0.0188
vn -0.0000 1.0000 0.0052
vn 0.0398 0.9992 -0.0088
vn 0.0563 0.9977 -0.0375
vn 0.0391 0.9987 0.0332
vn 0.0298 0.9992 0.0252
vn 0.0807 0.9944 0.0686
vn 0.0002 1.0000 0.0009
vn -0.0006 1.0000 0.0004
vn -0.0017 1.0000 0.0009
vn -0.0027 1.0000 -0.0003
vn -0.0498 0.9981 -0.0350
vn 0.0636 0.9964 0.0558
vn 0.1819 0.9703 -0.1596
vn 0.0433 0.9969 -0.0654
vn 0.0403 0.9970 -0.0668
vn 0.0162 0.9969 -0.0773
vn 0.0010 1.0000 0.0007
vn 0.0039 1.0000 0.0003
vn -0.0009 1.0000 0.0006
vn 0.0008 1.0000 -0.0000
vn -0.0002 1.0000 -0.0017
vn -0.0008 1.0000 0.0006
vn -0.0004 1.0000 -0.0001
vn -0.0509 0.9985 -0.0224
vn -0.0530 0.9984 -0.0202
vn -0.0540 0.9984 -0.0192
vn -0.0569 0.9982 -0.0162
vn 0.0576 0.9758 0.2112
vn 0.0031 0.9999 0.0113
vn 0.0321 0.9925 0.1179
vn 0.0005 1.0000 0.0003
vn 0.0004 1.0000 -0.0005
vn -0.0009 1.0000 -0.0010
vn -0.0016 1.0000 -0.0018
vn 0.0016 1.0000 0.0003
vn 0.0004 1.0000 -0.0007
vn -0.0027 1.0000 -0.0007
vn -0.0053 1.0000 -0.0033
vn 0.0010 1.0000 0.0009
vn -0.0001 1.0000 -0.0015
vn -0.0005 1.0000 -0.0042
vn 0.0081 0.9997 -0.0251
vn -0.0006 1.0000 -0.0039
vn 0.0046 0.9999 -0.0144
vn 0.0043 0.9999 -0.0137
vn 0.0185 0.9981 -0.0584
vn -0.0669 0.9739 0.2170
vn -0.0513 0.9829 0.1770
vn 0.0069 0.9999 -0.0087
vn 0.0705 0.9961 -0.0535
vn -0.0035 1.0000 0.0022
vn -0.0021 1.0000 0.0011
vn -0.0019 1.0000 -0.0009
vn -0.0005 1.0000 0.0002
vn -0.0012 1.0000 0.0017
vn -0.0084 0.9999 0.0066
vn -0.0109 0.9999 0.0120
vn -0.0105 0.9999 0.0067
vn 0.0009 1.0000 -0.0025
vn 0.0027 0.9999 -0.0096
vn 0.0013 1.0000 -0.0046
vn -0.0008 1.0000 0.0010
vn 0.0004 1.0000 0.0004
vn -0.0014 1.0000 -0.0000
vn 0.0029 1.0000 -0.0041
vn 0.0003 1.0000 -0.0014
vn -0.0012 1.0000 -0.0010
vn -0.0009 1.0000 0.0001
vn -0.0004 1.0000 0.0005
vn 0.0013 1.0000 0.0014
vn -0.0019 1.0000 -0.0002
vn -0.0000 1.0000 -0.0006
vn 0.0006 1.0000 -0.0005
vn 0.0003 1.0000 -0.0003
vn 0.0012 1.0000 -0.0010
vn 0.0007 1.0000 0.0002
vn 0.0014 1.0000 0.0006
vn -0.0005 1.0000 0.0004
vn -0.0264 0.9991 -0.0326
vn -0.0001 1.0000 -0.0062
vn -0.0089 1.0000 0.0023
vn -0.0450 0.9974 -0.0572
vn -0.0140 0.9887 0.1490
vn -0.0158 0.9966 0.0807
vn -0.0276 0.8410 0.5404
vn 0.0132 0.9840 0.1776
vn -0.0159 0.9849 -0.1725
vn -0.0131 0.8892 0.4573
vn 0.1686 0.2920 0.9415
vn -0.0020 1.0000 -0.0002
vn 0.0630 0.9980 0.0109
vn 0.0249 0.9997 0.0044
vn 0.0973 0.9951 0.0167
vn -0.0010 1.0000 -0.0009
vn -0.0006 1.0000 0.0011
vn -0.0010 1.0000 0.0015
vn -0.0003 1.0000 -0.0008
vn -0.0003 1.0000 -0.0003
vn -0.0033 1.0000 -0.0072
vn 0.0002 1.0000 -0.0004
vn -0.0003 1.0000 0.0014
vn 0.0037 1.0000 -0.0040
vn -0.0000 1.0000 -0.0013
vn 0.0005 1.0000 0.0004
vn 0.0003 1.0000 -0.0017
vn -0.0003 1.0000 -0.0011
vn 0.0026 1.0000 0.0036
vn 0.0043 1.0000 0.0011
vn 0.0013 0.9995 0.0322
vn -0.0014 1.0000 0.0013
vn -0.0043 1.0000 -0.0031
vn -0.0000 1.0000 -0.0012
vn -0.0025 1.0000 0.0075
vn -0.0014 1.0000 -0.0001
vn 0.0058 1.0000 0.0054
vn -0.0093 0.9999 0.0131
vn -0.0281 0.9995 0.0131
vn -0.0370 0.9993 0.0075
vn 0.0077 0.9817 0.1903
vn -0.0055 0.9873 0.1587
vn 0.0178 0.9763 0.2156
vn -0.0226 0.9932 0.1139
vn 0.2375 0.0818 0.9679
vn 0.2359 0.0004 0.9718
vn -0.0504 0.9986 0.0156
vn -0.0261 0.9996 -0.0079
vn -0.0088 0.9984 0.0553
vn -0.0220 0.9991 0.0372
vn -0.0094 0.9999 0.0067
vn -0.0001 1.0000 -0.0010
vn 0.0001 1.0000 -0.0003
vn -0.0000 1.0000 0.0010
vn -0.0002 1.0000 0.0006
vn -0.0004 1.0000 0.0014
vn 0.0008 1.0000 0.0006
vn 0.0011 1.0000 -0.0014
vn 0.0025 1.0000 -0.0028
vn 0.0180 0.9998 0.0065
vn 0.0045 1.0000 -0.0009
vn 0.0009 1.0000 -0.0013
vn 0.0015 1.0000 0.0008
vn 0.1160 0.9932 0.0048
vn 0.0054 1.0000 0.0035
vn -0.0021 1.0000 -0.0007
vn -0.0004 1.0000 -0.0034
vn 0.0004 1.0000 -0.0016
vn -0.0000 1.0000 -0.0005
vn 0.0006 1.0000 -0.0039
vn -0.0007 1.0000 0.0015
vn 0.0006 1.0000 0.0031
vn -0.0006 1.0000 0.0039
vn -0.0030 1.0000 0.0028
vn -0.0041 1.0000 -0.0033
vn 0.0034 1.0000 0.0031
vn 0.0007 1.0000 -0.0021
vn 0.0051 1.0000 0.0008
vn 0.0003 1.0000 -0.0032
vn 0.0003 1.0000 -0.0030
vn 0.0004 1.0000 -0.0056
vn -0.0304 0.9989 0.0368
vn -0.0006 1.0000 0.0009
vn -0.0185 0.9996 0.0224
vn 0.0084 0.9994 0.0331
vn 0.0476 0.9915 0.1214
vn 0.0670 0.9841 0.1643
vn 0.4664 0.7149 0.5210
vn 0.0446 0.9981 -0.0430
vn 0.1691 0.9741 0.1503
vn -0.0008 1.0000 0.0004
vn -0.0026 1.0000 0.0010
vn 0.0108 0.9998 -0.0146
vn 0.0006 1.0000 -0.0002
vn -0.0078 1.0000 0.0009
vn 0.0225 0.9977 -0.0636
vn 0.0268 0.9993 -0.0257
vn 0.0262 0.9984 -0.0511
vn 0.0179 0.9998 0.0005
vn -0.0260 0.9981 0.0566
vn 0.0149 0.9997 0.0179
vn 0.0026 1.0000 -0.0022
vn -0.0439 0.9990 0.0118
vn -0.0078 0.9996 0.0286
vn -0.0731 0.9973 -0.0092
vn -0.0741 0.9969 -0.0271
vn -0.0134 0.9999 -0.0028
vn 0.0010 1.0000 0.0001
vn 0.0018 1.0000 -0.0034
vn 0.0475 0.9987 -0.0165
vn -0.0052 1.0000 0.0046
vn -0.0039 1.0000 0.0035
vn 0.0005 1.0000 -0.0002
vn 0.0328 0.9992 -0.0234
vn 0.0526 0.9983 -0.0233
vn 0.0374 0.9992 0.0136
vn 0.0173 0.9998 0.0063
vn -0.0039 1.0000 0.0045
vn 0.0051 1.0000 -0.0061
vn 0.0070 1.0000 -0.0014
vn 0.0122 0.9999 -0.0006
vn -0.0026 0.9999 0.0136
vn 0.0245 0.9991 -0.0342
vn 0.0048 1.0000 0.0088
vn -0.0570 0.9885 -0.1399
vn 0.1420 0.9872 -0.0731
vn 0.2079 0.9685 -0.1374
vn 0.2135 0.9208 -0.3265
vn 0.0011 0.9999 0.0105
vn 0.0037 0.9999 0.0105
vn -0.0006 1.0000 -0.0014
vn 0.0057 0.9996 -0.0268
vn -0.0006 1.0000 -0.0017
vn 0.0620 0.9981 0.0022
vn -0.0001 1.0000 -0.0021
vn 0.0014 1.0000 -0.0010
vn 0.0039 1.0000 -0.0023
vn 0.0077 1.0000 -0.0050
vn 0.0012 1.0000 -0.0008
vn 0.0006 1.0000 -0.0030
vn 0.0098 1.0000 0.0009
vn 0.0980 0.9928 0.0684
vn -0.0109 0.9999 0.0036
vn -0.0129 0.9997 0.0188
vn -0.0130 0.9997 0.0189
vn -0.0127 0.9997 0.0186
vn 0.0859 0.9849 0.1506
vn 0.7001 0.6562 0.2814
vn 0.6924 0.6619 0.2872
vn 0.6921 0.6624 0.2869
vn -0.3483 0.1620 0.9233
vn 0.0025 1.0000 -0.0055
vn 0.2144 0.9035 0.3710
vn 0.7392 0.3337 0.5850
vn -0.0379 0.8288 0.5582
vn 0.0015 1.0000 0.0015
vn 0.0027 1.0000 0.0055
vn 0.0032 1.0000 -0.0084
vn 0.0072 0.9988 -0.0491
vn 0.0076 0.9988 -0.0492
vn -0.0298 0.9995 0.0119
vn -0.0180 0.9998 0.0041
vn 0.0371 0.9989 -0.0301
vn -0.0109 0.9999 0.0047
vn 0.0595 0.9981 0.0180
vn 0.0480 0.9986 0.0240
vn 0.0356 0.9990 0.0275
vn 0.1222 0.9925 -0.0104
vn 0.0008 1.0000 -0.0019
vn 0.0110 0.9994 0.0334
vn 0.1458 0.9892 0.0165
vn -0.1886 0.9700 -0.1534
vn -0.1524 0.9788 -0.1371
vn -0.0021 1.0000 -0.0085
vn -0.1220 0.9918 -0.0372
vn 0.0002 1.0000 -0.0010
vn -0.0253 0.9996 -0.0158
vn 0.0033 1.0000 -0.0014
vn -0.3780 0.9258 -0.0042
vn -0.2485 0.9686 -0.0023
vn -0.0440 0.9990 0.0003
vn -0.0752 0.9955 0.0584
vn 0.0036 1.0000 0.0020
vn -0.0835 0.9959 -0.0338
vn -0.0009 1.0000 -0.0052
vn -0.0611 0.9976 -0.0324
vn 0.0216 0.9997 0.0065
vn -0.0060 0.9999 0.0125
vn -0.0154 0.9997 -0.0196
vn -0.0132 0.9999 -0.0068
vn -0.0110 0.9962 -0.0858
vn 0.1700 0.9854 0.0047
vn 0.0572 0.9849 -0.1634
vn 0.0461 0.9987 0.0231
vn -0.0190 0.9856 -0.1680
vn 0.0849 0.9900 -0.1125
vn 0.0833 0.9252 -0.3701
vn -0.0188 0.9558 0.2936
vn -0.0190 0.9560 0.2929
vn -0.1598 0.9673 0.1969
vn 0.0610 0.9903 -0.1245
vn -0.1402 0.9841 0.1090
vn 0.2387 0.9610 -0.1399
vn -0.1317 0.9908 -0.0297
vn 0.5618 0.8270 -0.0198
vn 0.3151 0.9396 0.1334
vn -0.0440 0.9384 -0.3427
vn 0.4457 0.8548 -0.2657
vn 0.3998 0.9164 -0.0183
vn 0.4672 0.8613 -0.1997
vn 0.2149 0.2081 0.9542
vn -0.0005 1.0000 -0.0013
vn 0.0011 1.0000 0.0027
vn 0.0016 1.0000 0.0016
vn 0.4920 0.8615 -0.1256
vn 0.2159 0.9591 -0.1830
vn 0.0844 0.9946 -0.0603
vn 0.1329 0.9648 -0.2270
vn 0.0642 0.9978 -0.0133
vn 0.1597 0.9818 -0.1024
vn 0.2119 0.9273 -0.3085
vn 0.3373 0.9031 -0.2658
vn 0.0677 0.9406 0.3327
vn 0.2533 0.9545 0.1573
vn 0.0180 0.9445 0.3279
vn -0.0030 1.0000 0.0075
vn -0.0542 0.8539 0.5176
vn -0.0543 0.8538 0.5177
vn 0.0896 0.8935 0.4400
vn -0.1999 0.7883 0.5819
vn -0.2301 0.9564 0.1799
vn -0.2503 0.9681 -0.0133
vn -0.2437 0.9680 0.0603
vn -0.2549 0.9638 -0.0778
vn 0.6225 0.1201 0.7733
vn 0.9666 -0.2265 0.1196
vn 0.5370 0.8431 0.0296
vn 0.1563 -0.9779 0.1388
vn -0.0090 1.0000 0.0042
vn -0.0099 0.9999 0.0126
vn 0.0053 1.0000 0.0023
vn 0.2504 0.9675 -0.0357
vn 0.0800 0.9667 0.2431
vn -0.4227 0.6915 0.5858
vn 0.4598 0.8630 0.2094
vn 0.4026 0.8545 0.3282
vn 0.4697 0.7576 0.4532
vn -0.3648 0.8865 -0.2848
vn -0.3716 0.9280 -0.0256
vn -0.2446 0.9672 -0.0688
vn 0.0006 1.0000 0.0076
vn -0.0963 0.9917 -0.0854
vn -0.0718 0.9936 -0.0873
vn 0.0030 0.9918 -0.1278
vn 0.7364 0.6524 -0.1789
vn 0.8764 0.4737 0.0874
vn -0.6621 0.6756 0.3242
vn 0.7574 0.2774 -0.5911
vn 0.4130 0.8407 -0.3502
vn 0.0294 0.9982 -0.0526
vn -0.3529 0.9045 0.2396
vn 0.2838 -0.9322 0.2248
vn 0.3744 -0.8912 -0.2561
vn 0.4837 -0.8712 0.0843
vn 0.2469 0.8839 0.3973
vn 0.4417 0.8972 0.0023
vn -0.2566 0.9541 0.1546
vn -0.8702 -0.4545 0.1901
vn -0.6773 -0.6379 -0.3665
vn -0.5665 -0.8059 0.1722
vn 0.1022 -0.9178 0.3835
vn 0.1313 -0.8199 -0.5572
vn 0.0135 -0.9988 0.0481
vn -0.9472 -0.1900 0.2581
vn -0.9915 0.0377 -0.1242
vn -0.7880 -0.1172 -0.6044
vn 0.0213 0.7279 0.6853
vn -0.0157 0.9993 -0.0345
vn 0.1519 0.9648 -0.2147
vn 0.0252 0.9877 -0.1545
vn 0.0611 0.9955 0.0718
vn -0.0246 0.9973 0.0696
vn 0.0260 0.9950 0.0961
vn -0.0105 0.9961 0.0876
vn -0.0608 0.9981 -0.0046
vn 0.1396 0.9816 0.1305
vn -0.0287 0.9991 0.0297
vn 0.1501 0.9800 0.1310
vn 0.3308 0.9298 0.1612
vn 0.3630 0.9141 0.1808
vn -0.2638 -0.9622 0.0678
vn -0.2256 -0.7265 0.6490
vn -0.0284 -0.9993 -0.0256
vn -0.0861 -0.9754 0.2028
vn -0.1184 -0.9920 0.0447
vn 0.9959 0.0162 -0.0889
vn -0.0531 -0.9986 -0.0025
vn 0.0642 -0.1705 0.9833
vn 0.0548 -0.1688 0.9841
vn 0.0146 -0.0234 0.9996
vn -0.0675 -0.4246 0.9029
vn -0.0699 -0.4233 0.9033
vn -0.0705 -0.4241 0.9029
vn 0.0266 -0.9978 -0.0600
vn 0.0131 -0.9999 0.0071
vn 0.2334 -0.9507 0.2044
vn 0.3586 -0.8869 0.2913
vn 0.0558 -0.9968 0.0567
vn -0.0014 -1.0000 0.0029
vn -0.5020 0.0571 0.8630
vn 0.0501 -0.9728 0.2261
vn 0.0224 -0.9983 0.0542
vn -0.0016 -1.0000 -0.0042
vn 0.0116 -0.9999 -0.0098
vn -0.0263 -0.9992 -0.0307
vn 0.0023 -0.9996 0.0265
vn 0.0831 -0.9956 0.0427
vn 0.0389 -0.9992 0.0050
vn 0.3458 -0.9306 0.1198
vn -0.0576 -0.3307 0.9420
vn -0.0714 -0.9899 -0.1221
vn 0.4974 0.4374 -0.7491
vn 0.0048 0.9960 -0.0889
vn 0.2704 0.8674 -0.4177
vn -0.0343 0.9994 0.0025
vn -0.0355 0.9994 -0.0062
vn -0.0295 0.9990 -0.0348
vn -0.0247 0.9981 -0.0559
vn 0.0081 -0.2936 -0.9559
vn 0.1074 -0.1067 -0.9885
vn 0.0650 0.1014 -0.9927
vn 0.8148 -0.3482 -0.4635
vn 0.6059 0.0012 -0.7955
vn 0.9221 -0.2623 -0.2845
vn -0.9708 -0.1188 -0.2083
vn 0.5787 0.1930 -0.7923
vn -0.2973 0.3672 -0.8813
vn -0.8063 0.0529 -0.5891
vn -0.0805 -0.0687 -0.9944
vn -0.8865 0.0441 -0.4606
vn 0.0236 0.1542 -0.9878
vn 0.4009 -0.1382 -0.9056
vn 0.2675 -0.0481 -0.9624
vn -0.0009 -0.0018 1.0000
vn -0.0004 -0.0033 1.0000
vn -0.0006 -0.0027 1.0000
vn -0.0819 0.0773 0.9936
vn -0.0267 0.0203 0.9994
vn -0.0432 0.0438 0.9981
vn -0.0663 0.0911 0.9936
vn -0.0662 0.0912 0.9936
vn -0.0360 -0.0417 0.9985
vn -0.3083 -0.4042 0.8612
vn -0.3788 -0.4973 0.7805
vn -0.0001 -0.0004 1.0000
vn 0.0878 0.0589 0.9944
vn 0.0024 -0.0240 0.9997
vn 0.0485 0.0051 0.9988
vn 0.0001 0.0133 0.9999
vn -0.0007 -0.0005 1.0000
vn -0.0022 -0.0229 0.9997
vn -0.0413 0.0160 0.9990
vn -0.0005 -0.0039 1.0000
vn 0.0002 -0.0008 1.0000
vn 0.0003 -0.0011 1.0000
vn -0.0068 -0.0432 0.9990
vn -0.0007 -0.0000 1.0000
vn 0.0004 -0.0026 1.0000
vn -0.0169 0.0022 0.9999
vn 0.0159 -0.0013 0.9999
vn 0.0090 -0.0043 1.0000
vn 0.0161 -0.0005 0.9999
vn 0.0275 0.0284 0.9992
vn 0.0186 0.0309 0.9993
vn -0.0066 0.0099 0.9999
vn 0.0045 -0.0074 1.0000
vn 0.0020 -0.0001 1.0000
vn 0.0057 -0.0152 0.9999
vn -0.0950 -0.1637 0.9819
vn -0.0846 -0.1808 0.9799
vn -0.0773 -0.1747 0.9816
vn 0.0575 -0.0272 0.9980
vn 0.0699 -0.0420 0.9967
vn -0.0080 -0.1882 0.9821
vn 0.0192 -0.0408 0.9990
vn -0.0104 0.0122 0.9999
vn -0.0001 0.0008 -1.0000
vn 0.0126 0.0152 -0.9998
vn 0.0141 -0.0028 -0.9999
vn 0.0002 -0.0009 -1.0000
vn -0.0002 -0.0002 -1.0000
vn -0.0002 -0.0006 -1.0000
vn -0.0002 -0.0001 -1.0000
vn -0.0003 -0.0000 -1.0000
vn -0.0000 -0.0003 -1.0000
vn -0.0005 -0.0000 -1.0000
vn 0.0114 0.0398 -0.9991
vn 0.0061 0.0300 -0.9995
vn 0.0134 0.0414 -0.9991
vn -0.0005 -0.0001 -1.0000
vn -0.0061 0.0048 -1.0000
vn -0.0002 -0.0010 -1.0000
vn -0.0001 -0.0006 -1.0000
vn -0.0002 -0.0009 -1.0000
vn -0.0001 -0.0004 -1.0000
vn 0.0001 -0.0005 -1.0000
vn 0.0001 -0.0000 -1.0000
vn -0.0000 -0.0001 -1.0000
vn -0.0080 0.0037 -1.0000
vn 0.1866 -0.2451 -0.9514
vn -0.4734 0.6681 -0.5741
vn -0.0118 -0.0580 -0.9982
vn 0.1818 -0.3447 -0.9210
vn -0.1372 -0.1480 -0.9794
vn -0.1306 -0.1529 -0.9796
vn -0.2078 0.2941 -0.9329
vn -0.1130 -0.0823 -0.9902
vn -0.0002 0.0001 -1.0000
vn -0.0522 -0.0102 -0.9986
vn -0.0397 0.0091 -0.9992
vn 0.0023 -0.0787 -0.9969
vn -0.1319 -0.0952 -0.9867
vn -0.1517 -0.1026 -0.9831
vn -0.1574 -0.1591 -0.9746
vn -0.0497 0.0041 -0.9988
vn -0.0237 0.0297 -0.9993
vn 0.0149 0.0219 -0.9997
vn 0.0667 0.9962 -0.0568
vn 0.3387 0.4634 0.8189
vn 0.0184 0.3054 -0.9520
vn 0.2154 0.4065 -0.8879
vn -0.3202 0.0713 -0.9447
vn -0.5674 0.7825 0.2563
vn -0.3476 0.9338 0.0849
vn 0.0069 0.9503 0.3114
vn 0.7642 -0.6150 0.1943
vn 0.7946 -0.5450 -0.2676
vn 0.9635 -0.2298 0.1370
vn -0.1719 -0.5828 0.7942
vn -0.0257 -0.9388 0.3436
vn 0.4660 -0.7118 0.5255
vn -0.7184 0.6576 0.2268
vn -0.5140 0.6313 0.5807
vn -0.5562 0.8151 -0.1620
vn -0.2528 -0.1104 0.9612
vn 0.4181 0.1551 0.8951
vn -0.2731 0.4209 0.8651
vn 0.3303 -0.4524 -0.8284
vn 0.3524 -0.4335 -0.8294
vn 0.0213 -0.7514 -0.6595
vn 0.0079 -0.8542 0.5199
vn -0.3981 -0.9131 -0.0883
vn 0.5149 -0.8567 -0.0319
vn 0.0490 -0.9965 0.0671
vn -0.3284 -0.8488 -0.4143
vn 0.5893 -0.7071 -0.3907
vn 0.0278 0.3946 -0.9184
vn -0.4599 0.5350 -0.7087
vn 0.4642 0.6129 -0.6395
vn -0.1893 -0.8799 0.4357
vn -0.0735 -0.8718 0.4842
vn -0.0544 -0.8310 0.5535
vn 0.0398 0.9631 0.2661
vn 0.0747 0.9459 0.3158
vn -0.1728 0.9848 0.0184
vn -0.1104 0.0671 -0.9916
vn -0.5095 0.1781 -0.8418
vn 0.3333 0.3665 -0.8687
vn -0.4325 -0.2220 -0.8739
vn 0.3602 -0.0630 -0.9307
vn 0.0679 -0.5172 -0.8532
vn -0.6432 -0.3204 0.6954
vn -0.9580 -0.2841 -0.0398
vn -0.8530 -0.5105 0.1083
vn -0.9974 -0.0145 0.0704
vn -0.8676 -0.2780 -0.4123
vn -0.8754 -0.3785 0.3006
vn 0.1695 0.9081 -0.3830
vn 0.4576 0.4649 -0.7579
vn -0.4029 0.5884 -0.7011
vn 0.0174 0.4021 -0.9154
vn 0.3275 -0.0261 -0.9445
vn -0.4337 -0.0343 -0.9004
vn 0.1506 -0.0769 0.9856
vn -0.1364 -0.3932 0.9093
vn 0.4204 -0.1386 0.8967
vn -0.7876 0.5288 0.3163
vn 0.4276 0.7764 0.4630
vn -0.0003 0.9997 -0.0226
vn -0.3523 0.5992 0.7190
vn 0.4692 0.4374 0.7672
vn 0.0879 0.9544 0.2854
vn 0.2830 0.3719 0.8841
vn 0.7827 0.6106 0.1207
vn 0.6208 0.7378 0.2649
vn 0.6461 -0.4053 0.6468
vn 0.3576 -0.6274 0.6917
vn 0.8021 -0.5474 0.2386
vn -0.3617 -0.9078 0.2124
vn 0.2686 -0.9560 -0.1177
vn 0.0132 -0.9148 0.4038
vn 0.1928 -0.9789 0.0678
vn -0.8394 -0.5342 -0.0997
vn -0.3620 -0.8700 -0.3348
vn 0.5418 -0.7011 0.4636
vn 0.6546 -0.7419 0.1451
vn 0.0157 -0.9960 -0.0878
vn 0.4067 -0.7499 -0.5218
vn 0.2330 0.9101 0.3427
vn 0.6970 0.7076 0.1164
vn 0.5371 0.7982 -0.2729
vn 0.6872 0.1098 -0.7181
vn -0.1603 0.6965 -0.6994
vn 0.7837 0.2920 -0.5482
vn -0.7595 0.4227 0.4945
vn -0.0656 0.5500 0.8326
vn -0.3686 0.6499 0.6647
vn 0.5652 -0.8100 0.1564
vn 0.7675 -0.4927 -0.4101
vn 0.8395 -0.2689 0.4722
vn -0.9455 -0.1941 0.2614
vn -0.9655 -0.1666 -0.1999
vn -0.9974 -0.0714 0.0030
vn -0.7826 -0.4764 0.4008
vn -0.8402 0.3834 0.3836
vn -0.9779 0.0085 0.2088
vn -0.9978 -0.0180 -0.0641
vn -0.9916 0.0476 0.1203
vn -0.9972 -0.0710 -0.0233
vn -0.3857 -0.1298 0.9135
vn -0.9925 0.0847 0.0885
vn -0.9453 0.0168 -0.3258
vn -0.9748 0.0087 -0.2228
vn -0.9573 -0.0021 -0.2893
vn -0.9946 -0.0672 0.0786
vn -0.9680 0.0202 -0.2500
vn -1.0000 0.0003 -0.0046
vn -0.9998 -0.0213 0.0022
vn -0.9998 -0.0094 0.0191
vn -0.9999 -0.0047 0.0089
vn -1.0000 0.0011 0.0022
vn -0.9998 -0.0064 0.0172
vn -0.9974 0.0249 0.0675
vn -0.9932 -0.0544 0.1028
vn -0.9976 0.0072 0.0693
vn -0.9993 0.0072 -0.0353
vn -0.9793 -0.0985 0.1766
vn -0.9925 -0.1081 -0.0578
vn -0.9925 -0.1050 0.0620
vn -0.9921 -0.0920 -0.0854
vn -0.9836 0.0188 -0.1793
vn -0.9951 -0.0186 -0.0972
vn -0.9824 0.0214 -0.1858
vn -0.9970 -0.0091 -0.0764
vn 0.5034 0.8259 0.2538
vn 0.5013 0.8625 0.0690
vn 0.4661 0.8216 0.3283
vn -0.2188 -0.2665 0.9387
vn -0.1472 -0.2312 0.9617
vn -0.1475 -0.1990 0.9688
vn -0.9463 0.3170 0.0630
vn -0.9723 0.0067 0.2338
vn -0.9969 0.0750 0.0237
vn -0.9412 -0.2851 0.1814
vn -0.9901 0.1126 -0.0842
vn -0.9756 -0.1013 0.1950
vn -1.0000 -0.0037 0.0086
vn -0.9998 -0.0004 0.0179
vn -0.9955 0.0023 0.0951
vn -0.9967 0.0069 0.0810
vn -0.9962 0.0354 0.0791
vn -0.9735 0.1014 0.2051
vn -0.9999 -0.0074 -0.0081
vn -0.9998 0.0075 0.0193
vn -0.9999 -0.0041 0.0148
vn -1.0000 0.0013 -0.0086
vn -0.9998 -0.0203 -0.0092
vn -0.9999 -0.0042 -0.0160
vn -0.9949 0.0196 -0.0988
vn -0.9974 -0.0057 -0.0718
vn -0.9934 0.1106 -0.0302
vn -0.9996 0.0260 0.0115
vn -0.9999 -0.0088 0.0101
vn -0.9624 0.2375 -0.1322
vn -0.9996 0.0237 0.0173
vn -0.9991 -0.0414 -0.0034
vn -0.9999 0.0113 -0.0088
vn -0.9998 0.0097 0.0179
vn -0.9968 0.0249 0.0758
vn -0.9972 0.0097 -0.0744
vn -0.9985 -0.0176 0.0523
vn -0.9993 0.0070 -0.0357
vn -0.9866 -0.0833 0.1403
vn -0.9967 -0.0306 -0.0757
vn -1.0000 -0.0032 0.0022
vn -0.9651 0.2279 0.1289
vn -0.9886 0.0626 -0.1369
vn -0.9964 0.0426 -0.0732
vn -0.9994 0.0301 0.0182
vn -0.9595 -0.0144 -0.2813
vn -0.9996 -0.0231 -0.0146
vn -0.9911 -0.0087 -0.1325
vn -0.9946 -0.0916 0.0492
vn -0.9958 0.0679 0.0613
vn -0.8781 -0.4299 -0.2101
vn -0.8715 0.4381 0.2205
vn -0.9877 -0.1060 -0.1153
vn -0.5867 0.8083 0.0490
vn -0.8183 0.5564 0.1438
vn -0.7031 0.7067 -0.0791
vn -0.9808 0.1503 -0.1247
vn -0.9973 -0.0427 0.0601
vn -0.9809 -0.1113 0.1596
vn -0.9973 0.0730 -0.0112
vn -0.9881 0.1517 -0.0239
vn -0.8924 0.3715 -0.2563
vn -0.8102 0.2791 -0.5154
vn -0.8913 0.2607 -0.3710
vn -0.9897 0.0053 0.1433
vn -0.9988 -0.0027 0.0497
vn -0.9540 -0.2892 -0.0786
vn -0.9789 -0.1775 0.1009
vn -0.9134 -0.3140 0.2593
vn -0.9994 0.0191 0.0278
vn -0.9999 0.0063 0.0104
vn -1.0000 -0.0025 -0.0026
vn -0.9960 0.0478 0.0759
vn -0.9994 0.0056 0.0328
vn -0.9997 -0.0247 0.0071
vn -0.9998 0.0134 0.0138
vn -0.9998 0.0112 0.0147
vn -0.9975 0.0046 0.0707
vn -0.9998 0.0018 0.0207
vn -0.9996 -0.0051 -0.0287
vn -0.9999 0.0090 0.0073
vn -1.0000 -0.0029 -0.0030
vn -1.0000 0.0016 0.0008
vn -1.0000 -0.0001 0.0003
vn -0.9957 0.0283 -0.0880
vn -0.9995 0.0063 -0.0299
vn -0.9983 0.0458 -0.0368
vn -1.0000 -0.0000 -0.0004
vn -1.0000 -0.0007 0.0009
vn -1.0000 -0.0005 0.0064
vn -0.9994 0.0344 0.0080
vn -1.0000 0.0035 0.0019
vn -0.9993 -0.0224 -0.0311
vn -0.9990 0.0152 -0.0411
vn -0.9949 -0.0635 -0.0779
vn -0.9635 -0.2673 0.0172
vn -1.0000 -0.0006 0.0008
vn -0.9117 -0.3418 0.2281
vn -0.9979 -0.0609 -0.0216
vn -0.9258 -0.3717 -0.0681
vn -0.9381 -0.3379 -0.0757
vn -0.7936 0.2343 0.5616
vn -0.6009 -0.3107 -0.7364
vn -0.4518 -0.2903 -0.8435
vn -0.8954 -0.2292 -0.3817
vn -0.9577 -0.0967 -0.2710
vn -0.9167 0.0148 -0.3994
vn -0.8699 0.4552 0.1899
vn -0.9990 -0.0320 -0.0322
vn -0.9596 0.2726 0.0702
vn -0.9990 0.0452 -0.0023
vn -0.9993 -0.0145 0.0349
vn -0.9895 -0.1411 -0.0309
vn -0.9010 0.4134 -0.1317
vn -0.4825 0.8758 -0.0156
vn -0.6971 -0.6015 0.3902
vn -0.6938 -0.6069 0.3876
vn -0.6968 -0.5994 0.3939
vn -0.9746 -0.2027 -0.0951
vn -0.9523 -0.2456 -0.1809
vn -0.9399 -0.2795 -0.1963
vn -0.9770 0.1498 0.1515
vn -0.9518 0.2481 0.1801
vn -0.9762 0.0783 0.2020
vn -0.2379 -0.7132 0.6593
vn -0.0963 -0.2572 -0.9616
vn -0.1009 -0.2578 -0.9609
vn -0.1084 -0.2479 -0.9627
vn -0.9847 -0.0458 0.1679
vn -1.0000 0.0056 -0.0066
vn -1.0000 -0.0010 -0.0005
vn -1.0000 -0.0024 -0.0006
vn -1.0000 -0.0029 -0.0005
vn -0.9936 0.0994 -0.0541
vn -1.0000 -0.0029 -0.0039
vn -0.9985 0.0254 -0.0477
vn -0.9999 0.0024 0.0157
vn -0.9996 0.0135 0.0233
vn -0.9994 0.0173 0.0285
vn -0.1373 -0.8558 -0.4987
vn -0.9774 -0.2110 0.0155
vn -0.9803 -0.0608 -0.1877
vn -0.9849 0.1164 -0.1284
vn -0.9968 0.0027 0.0794
vn -0.9936 0.0976 0.0577
vn -0.9817 0.1826 -0.0543
vn -0.9986 0.0510 0.0162
vn -0.9979 0.0632 -0.0109
vn -0.9796 0.1329 -0.1505
vn -1.0000 -0.0006 -0.0015
vn -1.0000 0.0014 0.0003
vn -1.0000 0.0017 0.0006
vn -1.0000 -0.0009 0.0010
vn -1.0000 -0.0000 0.0013
vn -1.0000 -0.0018 0.0009
vn -0.9999 0.0118 0.0110
vn -0.9248 -0.0327 0.3791
vn -1.0000 -0.0007 0.0055
vn -0.9922 -0.1165 0.0447
vn -0.9896 -0.1440 0.0072
vn -0.9948 -0.0934 0.0394
vn -0.9972 -0.0645 0.0377
vn -0.9999 0.0114 0.0083
vn -0.9999 0.0139 0.0041
vn -1.0000 0.0069 -0.0044
vn -0.9876 0.0484 -0.1494
vn -1.0000 -0.0034 0.0018
vn -1.0000 0.0077 0.0005
vn -0.9974 -0.0726 0.0010
vn -1.0000 -0.0023 -0.0014
vn -0.9879 -0.1508 -0.0372
vn -0.9996 -0.0095 -0.0273
vn -0.9369 0.3480 0.0323
vn -0.9791 -0.0563 0.1954
vn -0.9967 -0.0364 -0.0720
vn -0.9804 0.1670 0.1049
vn -0.9935 -0.0851 -0.0762
vn -0.9986 -0.0498 -0.0158
vn -0.6458 0.7489 -0.1484
vn -0.1715 0.9807 -0.0942
vn -0.2207 0.9490 -0.2253
vn -0.1947 0.9803 -0.0333
vn -0.6884 0.7226 0.0631
vn -0.7343 0.5628 0.3794
vn -0.5864 0.8100 0.0085
vn -0.6553 0.5365 -0.5317
vn -0.8844 -0.4573 -0.0936
vn -0.9357 0.1386 -0.3244
vn -0.9979 0.0632 0.0122
vn -0.8163 -0.4407 -0.3734
vn -0.7763 -0.4767 -0.4125
vn -0.9996 0.0293 -0.0050
vn -0.9968 0.0691 -0.0408
vn -0.9960 0.0613 0.0648
vn -0.9998 0.0085 0.0173
vn -1.0000 0.0030 0.0045
vn -0.9998 0.0081 -0.0194
vn -0.9915 0.1047 -0.0774
vn -0.8997 -0.4365 0.0049
vn -0.8965 -0.4430 0.0064
vn -0.8959 -0.4442 0.0097
vn -0.9787 0.1124 -0.1720
vn -0.9679 0.1546 -0.1983
vn -0.9833 0.1126 -0.1426
vn -1.0000 0.0006 -0.0007
vn -1.0000 0.0006 0.0002
vn -1.0000 -0.0014 -0.0005
vn -1.0000 -0.0017 -0.0009
vn -0.9999 0.0086 -0.0139
vn -0.9983 0.0343 -0.0479
vn -0.9537 0.3005 -0.0096
vn -0.9991 0.0373 -0.0177
vn -1.0000 -0.0065 0.0050
vn -0.9978 0.0395 0.0528
vn -0.9980 0.0325 0.0539
vn -0.9977 0.0346 0.0587
vn -0.9999 -0.0114 -0.0025
vn -0.9999 0.0147 -0.0059
vn -0.9999 0.0159 0.0042
vn -0.9999 0.0105 0.0037
vn -0.9986 0.0342 0.0414
vn -0.9997 -0.0076 -0.0217
vn -0.9221 -0.1677 0.3486
vn -0.9480 0.3175 -0.0236
vn -0.9196 0.3543 0.1700
vn -0.8330 0.4877 -0.2615
vn -0.9316 0.3633 -0.0097
vn -0.9617 0.0421 -0.2708
vn -0.9928 0.0260 -0.1172
vn -0.6891 0.1218 -0.7143
vn -0.7097 0.7039 0.0283
vn -0.9307 0.2659 0.2513
vn -0.8816 0.0015 0.4720
vn -0.8292 -0.3434 -0.4410
vn -0.8443 0.5250 0.1071
vn -0.4224 -0.5861 -0.6914
vn -0.9356 0.3490 -0.0531
vn -0.9837 -0.1102 -0.1418
vn -0.8691 -0.4945 -0.0066
vn -0.4423 0.7387 0.5086
vn -0.5951 0.7388 0.3162
vn -0.7649 0.6377 0.0908
vn -0.9975 -0.0316 -0.0633
vn -0.9087 0.4129 0.0615
vn -0.9986 0.0171 -0.0492
vn -0.2727 -0.9241 0.2677
vn -0.6082 -0.7921 0.0507
vn -0.7059 -0.6008 0.3752
vn -0.9969 0.0742 0.0268
vn -0.9999 0.0042 -0.0123
vn -0.9994 0.0346 0.0067
vn -0.9921 -0.1041 -0.0699
vn -0.9729 0.0663 -0.2214
vn -0.9909 0.0748 -0.1121
vn -0.9911 0.0234 -0.1311
vn -1.0000 -0.0011 -0.0014
vn -1.0000 -0.0011 -0.0013
vn -0.9923 0.0745 -0.0987
vn -0.9999 -0.0124 0.0113
vn -0.9923 -0.0250 -0.1215
vn -0.9990 -0.0333 -0.0311
vn -0.9999 0.0009 -0.0115
vn -0.9998 -0.0133 -0.0147
vn -0.9930 -0.1148 0.0269
vn -0.9918 -0.0953 0.0854
vn -0.9974 -0.0726 0.0019
vn -0.9997 -0.0255 -0.0004
vn -0.9958 0.0909 0.0072
vn -0.9992 0.0266 0.0314
vn -0.9639 0.2500 -0.0913
vn -0.9773 0.2045 0.0557
vn -0.8569 -0.3798 -0.3485
vn -0.9064 -0.3103 -0.2867
vn -0.8898 -0.3388 -0.3059
vn -0.9258 -0.2779 -0.2563
vn -0.6186 -0.4084 -0.6713
vn -0.5222 -0.5005 -0.6905
vn -0.5333 -0.4859 -0.6924
vn -0.9807 -0.0096 0.1952
vn -0.9766 -0.1192 0.1791
vn -0.9772 -0.1162 0.1779
vn -0.9090 0.4139 0.0493
vn -0.8600 -0.2609 0.4386
vn -0.9809 -0.1885 -0.0475
vn -0.9973 -0.0672 -0.0288
vn -0.9690 -0.2408 -0.0547
vn -0.9726 -0.1580 -0.1708
vn -0.9895 0.1333 -0.0561
vn -0.9050 -0.1347 -0.4035
vn -0.9704 -0.1251 -0.2066
vn -0.9928 -0.0888 -0.0801
vn -0.8820 -0.0572 -0.4678
vn -0.8454 0.5176 -0.1316
vn -0.5991 -0.0278 0.8002
vn -0.9906 0.0394 -0.1311
vn -0.7300 0.0581 -0.6810
vn 0.3826 0.7589 0.5270
vn -0.9622 0.2551 -0.0954
vn -0.7575 0.6374 -0.1414
vn -0.9804 0.1970 0.0065
vn -0.9731 0.2193 -0.0700
vn -0.9793 0.1577 0.1270
vn -0.9971 0.0759 0.0013
vn -0.9850 0.1443 0.0950
vn -0.8491 0.4492 0.2781
vn -0.9809 -0.1853 -0.0588
vn -0.9998 -0.0205 -0.0052
vn -0.9998 0.0174 -0.0098
vn -0.9942 0.1001 -0.0404
vn -0.9942 0.0993 -0.0414
vn -0.9942 0.0999 -0.0406
vn -0.9508 -0.2946 -0.0960
vn -0.9542 -0.2942 -0.0543
vn -0.9385 -0.2938 -0.1816
vn -0.9217 -0.2913 -0.2563
vn -1.0000 0.0009 0.0004
vn -1.0000 0.0001 0.0013
vn -1.0000 -0.0022 0.0019
vn -1.0000 0.0006 -0.0003
vn -1.0000 0.0007 -0.0001
vn -1.0000 0.0021 -0.0012
vn -0.9998 0.0058 0.0173
vn -0.8702 0.3837 0.3090
vn -0.9553 0.2319 0.1832
vn -0.9998 -0.0173 -0.0140
vn -0.9377 -0.2969 -0.1805
vn -0.9978 -0.0653 -0.0072
vn -0.9997 -0.0046 -0.0233
vn -0.9996 0.0018 -0.0286
vn -0.9996 0.0091 -0.0281
vn -0.9900 0.0638 0.1261
vn -0.9972 0.0611 -0.0440
vn -0.9942 0.0549 0.0922
vn -0.9336 -0.2011 0.2965
vn -0.9057 0.3590 0.2256
vn -0.9521 0.1160 0.2829
vn -0.9312 -0.1014 -0.3500
vn -0.9989 -0.0353 -0.0316
vn -0.9992 -0.0099 0.0381
vn -0.9891 -0.1462 0.0168
vn -1.0000 -0.0029 0.0061
vn -0.9996 0.0059 -0.0292
vn -0.9999 -0.0104 0.0045
vn -1.0000 0.0004 -0.0008
vn -1.0000 0.0077 0.0029
vn -0.9968 -0.0392 -0.0694
vn -0.9989 -0.0212 -0.0423
vn -0.9986 -0.0247 -0.0474
vn -1.0000 0.0035 -0.0060
vn -0.9990 0.0187 -0.0417
vn -0.9990 -0.0402 0.0190
vn -0.9995 -0.0294 -0.0074
vn -0.9997 -0.0227 -0.0010
vn -0.9975 0.0042 -0.0711
vn -0.9995 -0.0181 0.0259
vn -0.9954 -0.0561 0.0779
vn -0.9997 0.0238 0.0036
vn -0.9843 -0.0397 -0.1720
vn -0.9985 -0.0064 -0.0535
vn -0.9958 -0.0426 0.0816
vn -0.9958 0.0834 -0.0368
vn -0.9955 0.0048 0.0945
vn -0.9764 -0.1599 0.1451
vn -0.9997 0.0120 0.0235
vn -0.9860 0.1652 0.0228
vn -1.0000 -0.0008 0.0005
vn -0.9996 0.0116 -0.0251
vn -1.0000 0.0018 -0.0058
vn -1.0000 -0.0011 0.0025
vn -1.0000 0.0025 -0.0019
vn -1.0000 0.0014 -0.0009
vn -1.0000 -0.0041 0.0040
vn -1.0000 -0.0006 0.0030
vn -1.0000 -0.0003 -0.0001
vn -1.0000 -0.0011 0.0003
vn -1.0000 -0.0004 0.0007
vn -1.0000 -0.0016 -0.0006
vn -0.9991 0.0333 0.0272
vn -0.9973 -0.0716 0.0182
vn -0.9983 -0.0585 0.0051
vn -0.9981 0.0391 -0.0486
vn -0.9853 0.0577 -0.1606
vn -0.9981 0.0371 -0.0492
vn -0.9953 -0.0228 -0.0939
vn -0.9994 0.0145 -0.0325
vn -0.9994 -0.0011 -0.0335
vn -0.9993 0.0313 -0.0207
vn -0.9958 -0.0091 -0.0908
vn -0.9923 0.1102 -0.0570
vn -0.9995 0.0029 -0.0328
vn -1.0000 0.0026 -0.0017
vn -0.9902 -0.0032 -0.1395
vn -0.9688 -0.2306 -0.0910
vn -0.9908 -0.0722 -0.1148
vn -0.9655 -0.2496 0.0744
vn -0.9421 0.1510 0.2993
vn -0.9898 0.1423 -0.0098
vn -0.8873 0.3873 0.2502
vn 0.1310 -0.9910 -0.0258
vn 0.0380 -0.9310 -0.3632
vn 0.0859 -0.9575 -0.2753
vn -0.2278 0.9232 -0.3097
vn -0.5226 0.8013 -0.2913
vn -0.9992 -0.0373 0.0173
vn -0.9972 -0.0685 0.0293
vn -0.9995 0.0256 0.0190
vn -0.9968 0.0642 0.0476
vn -0.9947 0.0826 0.0616
vn -1.0000 0.0068 0.0050
vn -0.9999 0.0134 0.0080
vn -0.9999 0.0117 0.0102
vn -0.9999 0.0113 0.0103
vn -0.9997 -0.0162 -0.0169
vn -1.0000 -0.0010 -0.0063
vn -1.0000 -0.0064 0.0055
vn -1.0000 -0.0002 -0.0005
vn -1.0000 0.0051 0.0043
vn -0.9999 0.0093 -0.0055
vn -1.0000 0.0006 0.0051
vn -1.0000 -0.0014 0.0058
vn -1.0000 -0.0031 -0.0048
vn -1.0000 0.0009 0.0003
vn -1.0000 -0.0007 0.0002
vn -1.0000 0.0005 0.0026
vn -1.0000 0.0011 -0.0003
vn -1.0000 0.0006 -0.0001
vn -1.0000 0.0007 -0.0004
vn -0.9999 -0.0129 0.0094
vn -0.9976 -0.0546 0.0435
vn -0.9997 0.0026 0.0226
vn -0.9999 0.0075 0.0134
vn -1.0000 -0.0003 -0.0030
vn -1.0000 -0.0003 -0.0042
vn -1.0000 -0.0015 0.0009
vn -1.0000 0.0003 -0.0016
vn -0.9999 -0.0123 -0.0052
vn -1.0000 -0.0009 0.0014
vn -0.9977 -0.0663 -0.0155
vn -0.9923 -0.1136 -0.0484
vn -0.9465 -0.1384 0.2914
vn -0.9496 -0.1262 0.2870
vn -0.9470 -0.1360 0.2910
vn -0.9906 0.0986 0.0946
vn -0.9865 0.1053 0.1253
vn -0.9723 -0.2267 0.0568
vn -0.9999 0.0102 -0.0071
vn -1.0000 -0.0006 0.0003
vn -1.0000 0.0008 0.0010
vn -0.9975 0.0603 -0.0364
vn -0.9993 0.0297 -0.0223
vn -1.0000 0.0013 -0.0037
vn -0.9999 0.0097 0.0128
vn -1.0000 0.0010 0.0003
vn -0.9999 -0.0160 0.0022
vn -1.0000 -0.0061 0.0005
vn -1.0000 0.0002 -0.0050
vn -1.0000 -0.0016 0.0002
vn -1.0000 -0.0022 -0.0006
vn -1.0000 0.0004 -0.0013
vn -1.0000 -0.0009 -0.0009
vn -1.0000 0.0004 0.0013
vn -1.0000 -0.0004 -0.0001
vn -1.0000 -0.0014 0.0002
vn -1.0000 -0.0034 0.0008
vn -1.0000 0.0011 -0.0004
vn -1.0000 0.0007 -0.0005
vn -1.0000 0.0016 -0.0003
vn -1.0000 0.0003 0.0012
vn -1.0000 0.0010 0.0006
vn -1.0000 -0.0010 -0.0000
vn -1.0000 -0.0005 0.0003
vn -1.0000 -0.0070 0.0010
vn -1.0000 -0.0010 0.0020
vn -1.0000 -0.0043 -0.0013
vn -0.9999 0.0103 0.0037
vn -1.0000 0.0011 0.0012
vn -1.0000 -0.0021 0.0001
vn -1.0000 -0.0025 0.0011
vn -0.9999 -0.0134 0.0075
vn -1.0000 -0.0015 -0.0035
vn -1.0000 0.0017 -0.0024
vn -1.0000 0.0012 -0.0023
vn -1.0000 0.0003 -0.0007
vn -1.0000 -0.0027 0.0023
vn -0.9992 0.0385 -0.0133
vn -0.9997 -0.0199 -0.0158
vn -0.9304 -0.3179 0.1824
vn -0.9530 -0.2683 0.1411
vn -0.9963 -0.0739 -0.0434
vn -0.9837 0.0631 0.1685
vn -0.9841 -0.1737 -0.0361
vn -0.9847 -0.1007 -0.1422
vn -1.0000 -0.0024 -0.0016
vn -1.0000 -0.0010 0.0011
vn -1.0000 0.0027 -0.0015
vn -1.0000 -0.0015 -0.0003
vn -1.0000 -0.0035 -0.0016
vn -1.0000 -0.0000 -0.0003
vn -1.0000 -0.0000 -0.0026
vn -1.0000 0.0020 -0.0009
vn -1.0000 -0.0012 0.0011
vn -1.0000 0.0010 -0.0064
vn -1.0000 -0.0009 -0.0027
vn -1.0000 -0.0012 0.0009
vn -0.9999 0.0030 0.0107
vn -1.0000 0.0012 -0.0026
vn -1.0000 0.0022 -0.0010
vn -1.0000 0.0009 0.0031
vn -1.0000 -0.0030 0.0040
vn -1.0000 0.0002 -0.0016
vn -0.9911 -0.1328 0.0026
vn -0.9125 -0.4078 0.0327
vn -0.9997 -0.0165 -0.0197
vn -0.9999 0.0121 -0.0063
vn -0.9730 0.2300 0.0213
vn -0.9767 0.2039 -0.0663
vn -0.9850 -0.1351 -0.1074
vn -0.9586 -0.2026 -0.1999
vn -0.7962 0.0173 0.6048
vn -0.9820 0.1885 -0.0115
vn -0.7657 -0.1981 0.6119
vn -0.9512 0.1493 -0.2699
vn -0.7202 0.3859 0.5766
vn -0.9457 0.1564 -0.2850
vn -0.9445 0.1609 -0.2864
vn -0.9626 -0.0155 -0.2706
vn -0.9782 -0.1447 -0.1492
vn -0.6136 0.6818 0.3984
vn -0.9706 -0.2406 0.0111
vn -1.0000 0.0005 -0.0020
vn -1.0000 0.0003 -0.0011
vn -1.0000 0.0002 -0.0008
vn -1.0000 0.0013 0.0003
vn -1.0000 -0.0002 0.0005
vn -1.0000 0.0028 0.0006
vn -1.0000 -0.0011 -0.0000
vn -1.0000 0.0025 0.0003
vn -1.0000 -0.0009 -0.0002
vn -0.9998 -0.0169 0.0049
vn -1.0000 -0.0002 -0.0000
vn -0.9330 0.0105 0.3597
vn -0.9999 -0.0123 0.0055
vn -0.9997 -0.0081 -0.0250
vn -1.0000 0.0038 0.0029
vn -1.0000 0.0043 0.0020
vn -0.9926 -0.0043 -0.1212
vn -1.0000 0.0005 0.0093
vn -1.0000 -0.0045 0.0025
vn -0.9995 -0.0173 0.0248
vn -1.0000 -0.0006 0.0024
vn -0.9999 0.0069 0.0077
vn -1.0000 0.0035 0.0022
vn -1.0000 0.0026 0.0095
vn -1.0000 -0.0021 -0.0009
vn -1.0000 0.0050 0.0019
vn -1.0000 -0.0013 0.0014
vn -1.0000 -0.0004 0.0017
vn -1.0000 -0.0039 -0.0003
vn -1.0000 0.0001 -0.0015
vn -1.0000 0.0050 0.0038
vn -1.0000 -0.0037 -0.0006
vn -1.0000 -0.0012 -0.0002
vn -1.0000 -0.0002 0.0004
vn -1.0000 -0.0002 0.0003
vn -1.0000 0.0002 0.0004
vn -1.0000 -0.0000 0.0005
vn -1.0000 0.0026 0.0055
vn -0.9798 0.1987 0.0239
vn -0.9938 0.0881 0.0685
vn -0.7409 0.6620 0.1128
vn -0.9999 -0.0051 -0.0098
vn -0.9918 -0.1161 0.0531
vn -0.9920 -0.1153 0.0513
vn -0.9456 -0.2992 0.1279
vn -0.9999 -0.0097 -0.0131
vn -0.9530 -0.1968 -0.2305
vn -1.0000 0.0022 0.0008
vn -0.9860 -0.1182 0.1174
vn -0.8708 -0.3964 -0.2909
vn -0.9863 -0.1306 0.1007
vn -0.8182 0.2223 0.5303
vn -0.9982 -0.0397 -0.0440
vn -1.0000 0.0005 0.0032
vn -1.0000 0.0039 -0.0002
vn -1.0000 -0.0005 0.0018
vn -1.0000 0.0044 0.0033
vn -1.0000 -0.0037 0.0025
vn -1.0000 -0.0042 -0.0012
vn -1.0000 -0.0021 0.0010
vn -1.0000 -0.0008 -0.0001
vn -0.8122 0.1201 0.5709
vn -0.9938 -0.0931 -0.0613
vn -0.9570 -0.0245 -0.2892
vn -0.5983 0.2716 0.7539
vn -0.9971 -0.0613 -0.0443
vn -0.9695 0.0644 0.2363
vn -0.9872 0.0531 0.1504
vn -0.9974 0.0239 0.0675
vn -0.9391 0.1136 0.3245
vn -1.0000 -0.0001 -0.0049
vn -0.9998 -0.0009 0.0216
vn -1.0000 -0.0045 -0.0016
vn -1.0000 0.0023 0.0095
vn -0.9999 0.0055 0.0101
vn -1.0000 0.0003 -0.0006
vn -0.9997 0.0117 0.0192
vn -1.0000 -0.0025 0.0006
vn -1.0000 0.0017 -0.0001
vn -1.0000 0.0001 -0.0006
vn -1.0000 -0.0019 -0.0008
vn -1.0000 0.0008 -0.0004
vn -1.0000 -0.0001 -0.0008
vn -0.9841 -0.1676 0.0589
vn -1.0000 -0.0016 -0.0004
vn -0.9753 -0.1996 -0.0949
vn -0.9607 -0.2252 0.1623
vn -0.7122 0.7017 0.0207
vn -0.9882 0.0948 0.1205
vn -0.9749 -0.0198 -0.2220
vn -0.5317 -0.8402 0.1069
vn -0.9016 -0.4238 0.0871
vn -1.0000 -0.0008 0.0006
vn -1.0000 -0.0005 -0.0023
vn -1.0000 -0.0003 0.0006
vn -1.0000 0.0013 0.0011
vn -1.0000 0.0010 0.0048
vn -1.0000 -0.0027 -0.0013
vn -1.0000 0.0039 0.0069
vn -1.0000 -0.0008 0.0009
vn -1.0000 -0.0004 0.0003
vn -1.0000 -0.0004 0.0002
vn -1.0000 0.0008 0.0020
vn -0.9999 0.0098 0.0067
vn -0.9986 -0.0011 0.0536
vn -1.0000 -0.0012 0.0010
vn -0.9999 0.0013 0.0104
vn -0.9995 0.0264 0.0192
vn -0.9954 -0.0721 -0.0626
vn -0.9998 0.0162 0.0071
vn -0.9929 -0.0878 -0.0801
vn -0.9988 -0.0226 -0.0435
vn -0.9942 0.0169 -0.1060
vn -0.9312 -0.1590 -0.3280
vn -0.9999 -0.0102 0.0100
vn -0.9945 0.0624 0.0837
vn -0.9276 0.0474 -0.3705
vn -0.9991 0.0156 0.0403
vn -1.0000 0.0047 -0.0057
vn -1.0000 0.0017 -0.0010
vn -1.0000 0.0007 -0.0018
vn -1.0000 -0.0014 0.0018
vn -1.0000 0.0003 -0.0014
vn -1.0000 -0.0010 -0.0018
vn -1.0000 0.0023 -0.0009
vn -0.9971 0.0736 -0.0183
vn -0.9971 0.0289 -0.0703
vn -0.9994 0.0337 -0.0052
vn -0.8120 0.4411 -0.3822
vn -0.9777 -0.1787 0.1100
vn -0.4503 0.8836 -0.1282
vn -0.6391 0.7658 -0.0712
vn -0.4904 0.8495 -0.1945
vn -0.9400 -0.0919 0.3285
vn -0.9656 -0.1170 0.2323
vn -1.0000 0.0027 -0.0018
vn -1.0000 0.0036 0.0031
vn -1.0000 0.0018 0.0019
vn -1.0000 -0.0033 -0.0011
vn -1.0000 -0.0025 0.0020
vn -1.0000 0.0067 -0.0028
vn -1.0000 -0.0092 -0.0032
vn -0.9998 0.0174 0.0039
vn -0.9951 0.0330 0.0931
vn -0.9953 0.0778 -0.0571
vn -0.9954 0.0822 0.0486
vn -0.9992 -0.0169 0.0361
vn -0.9993 -0.0290 0.0229
vn -0.9995 0.0018 0.0314
vn -0.9999 0.0013 0.0139
vn -0.9914 -0.0145 0.1303
vn -0.9880 -0.1318 -0.0808
vn -0.9991 -0.0330 -0.0274
vn -1.0000 0.0009 -0.0019
vn -0.9954 0.0957 0.0014
vn -1.0000 0.0014 0.0017
vn -1.0000 0.0026 0.0004
vn -1.0000 0.0011 0.0007
vn -1.0000 -0.0011 -0.0017
vn -1.0000 -0.0026 -0.0003
vn -0.9990 -0.0437 -0.0009
vn -0.9999 -0.0099 -0.0099
vn -0.9998 -0.0197 -0.0084
vn -0.9997 -0.0046 -0.0240
vn -0.9960 0.0732 0.0515
vn -0.9984 0.0477 0.0288
vn -0.9763 0.2051 0.0688
vn -0.9988 0.0456 0.0157
vn -0.9162 0.2603 -0.3048
vn -1.0000 -0.0014 -0.0044
vn -0.9771 0.2024 0.0658
vn -0.9095 0.4153 0.0202
vn -0.6587 0.1966 -0.7263
vn -1.0000 0.0005 -0.0011
vn -1.0000 -0.0039 -0.0021
vn -1.0000 -0.0032 -0.0005
vn -1.0000 -0.0037 -0.0020
vn -1.0000 -0.0024 -0.0009
vn -1.0000 -0.0023 -0.0065
vn -0.9925 -0.1204 -0.0216
vn -0.9965 -0.0739 -0.0398
vn -0.9980 -0.0235 -0.0590
vn -0.9959 0.0366 -0.0823
vn -0.9823 0.1412 0.1231
vn -0.9975 0.0305 -0.0644
vn -0.9981 0.0295 -0.0535
vn -0.9977 0.0268 -0.0619
vn -0.9997 0.0099 0.0202
vn -0.9997 -0.0247 0.0029
vn -0.9939 -0.0865 0.0689
vn -0.9992 -0.0254 -0.0295
vn -0.9987 -0.0357 0.0362
vn -0.9668 -0.0298 0.2539
vn -0.9973 -0.0684 0.0265
vn -1.0000 -0.0075 0.0029
vn -0.9893 0.0687 0.1291
vn -0.9518 -0.2354 0.1967
vn -1.0000 0.0016 -0.0005
vn -1.0000 0.0005 0.0065
vn -0.9999 0.0006 0.0120
vn -1.0000 0.0032 0.0008
vn -1.0000 0.0001 0.0032
vn -1.0000 0.0004 0.0029
vn -1.0000 -0.0038 0.0010
vn -1.0000 -0.0017 0.0004
vn -1.0000 -0.0044 0.0014
vn -1.0000 -0.0009 0.0005
vn -1.0000 0.0007 -0.0028
vn -0.9995 -0.0242 -0.0212
vn -1.0000 0.0014 -0.0024
vn -1.0000 0.0054 -0.0050
vn -0.9967 0.0414 0.0696
vn -0.8646 0.3988 -0.3057
vn -0.9104 0.1759 -0.3745
vn 0.4136 -0.8841 0.2176
vn 0.3140 -0.9289 -0.1965
vn 0.3212 -0.8818 -0.3454
vn -0.9995 -0.0007 0.0329
vn -1.0000 0.0002 0.0052
vn -0.9797 0.2005 -0.0018
vn -0.9999 -0.0122 -0.0082
vn -1.0000 -0.0013 -0.0018
vn -1.0000 -0.0018 0.0007
vn -1.0000 -0.0059 -0.0029
vn -0.9989 -0.0460 -0.0088
vn -0.9999 -0.0155 0.0013
vn -0.9987 -0.0246 -0.0449
vn -0.9995 -0.0240 -0.0229
vn -0.9968 -0.0797 -0.0036
vn -0.9980 0.0550 -0.0323
vn -0.9996 0.0223 -0.0153
vn -0.9789 0.1997 -0.0444
vn -0.9995 -0.0208 0.0245
vn -0.9998 -0.0185 0.0098
vn -0.9997 -0.0216 0.0073
vn -0.9997 -0.0154 0.0191
vn -1.0000 0.0031 0.0024
vn -0.9888 -0.1252 0.0810
vn -0.9986 -0.0357 -0.0402
vn -0.8290 -0.2654 0.4923
vn -0.9821 -0.1669 0.0870
vn -0.9343 -0.2952 0.2001
vn -0.9985 0.0381 0.0381
vn -0.9983 0.0032 -0.0579
vn -0.9199 0.3890 0.0502
vn -0.9217 0.3855 0.0432
vn -0.9191 0.3908 0.0508
vn -0.9267 -0.3422 -0.1554
vn -0.9796 -0.1085 -0.1690
vn -0.9825 -0.0790 -0.1686
vn -0.9931 0.0972 -0.0656
vn -0.9824 0.0758 -0.1708
vn -1.0000 0.0005 0.0002
vn -1.0000 0.0017 0.0024
vn -1.0000 0.0004 -0.0007
vn -1.0000 0.0011 0.0006
vn -0.9999 0.0078 0.0065
vn -1.0000 -0.0006 -0.0012
vn -1.0000 0.0008 -0.0011
vn -1.0000 0.0008 -0.0019
vn -1.0000 0.0008 -0.0013
vn -1.0000 0.0009 -0.0004
vn -1.0000 0.0027 -0.0014
vn -0.9982 -0.0043 -0.0601
vn -0.9960 -0.0621 -0.0646
vn -0.9812 0.1844 0.0568
vn -0.9895 -0.0934 -0.1107
vn -0.6097 0.6854 0.3982
vn -0.9326 0.2401 0.2693
vn -0.9102 0.4140 -0.0113
vn -0.9898 -0.1389 -0.0327
vn -1.0000 0.0014 0.0019
vn -1.0000 0.0001 -0.0040
vn -1.0000 0.0001 0.0005
vn -1.0000 -0.0006 -0.0022
vn -1.0000 -0.0005 -0.0025
vn -0.9939 -0.0074 -0.1102
vn -0.9829 -0.0004 -0.1842
vn -0.9181 0.0029 -0.3963
vn -0.9987 -0.0168 -0.0489
vn -0.9915 -0.0963 -0.0874
vn -0.9844 -0.1303 0.1184
vn -0.9333 0.0548 0.3548
vn -0.9982 0.0386 -0.0460
vn -0.8969 0.4402 -0.0410
vn -0.9923 0.1156 -0.0453
vn -0.9991 -0.0237 -0.0362
vn -0.9996 0.0248 -0.0116
vn -0.9967 0.0636 -0.0511
vn -0.9998 0.0171 -0.0068
vn -0.9940 0.0014 -0.1097
vn -0.9994 0.0348 -0.0026
vn -0.9970 0.0725 0.0269
vn -0.9937 0.0956 0.0582
vn -0.9971 0.0580 0.0491
vn -0.9940 -0.0502 -0.0967
vn -0.9741 0.1594 0.1604
vn -1.0000 0.0088 0.0012
vn -0.9938 0.0660 0.0891
vn -0.9950 -0.0973 0.0212
vn -0.9997 -0.0223 0.0042
vn -0.9968 -0.0785 0.0160
vn -0.9999 0.0053 0.0094
vn -1.0000 -0.0005 -0.0017
vn -1.0000 0.0019 -0.0008
vn -1.0000 0.0031 0.0013
vn -1.0000 0.0034 0.0019
vn -1.0000 -0.0006 -0.0002
vn -1.0000 0.0001 -0.0018
vn -1.0000 0.0021 -0.0033
vn -1.0000 -0.0003 0.0019
vn -1.0000 0.0020 0.0015
vn -1.0000 0.0045 0.0036
vn -0.9998 -0.0121 -0.0175
vn -1.0000 0.0034 0.0034
vn -0.9998 -0.0013 0.0176
vn -0.8299 0.3090 0.4644
vn -0.9761 -0.1013 0.1925
vn -0.9385 -0.2523 -0.2359
vn -0.9360 -0.3378 -0.0989
vn -0.9842 -0.1760 0.0192
vn -0.9842 -0.1664 0.0601
vn -0.9631 -0.2480 0.1045
vn -0.9999 -0.0098 0.0070
vn -0.9886 -0.0091 -0.1504
vn -0.9996 -0.0123 -0.0246
vn -0.9892 0.0137 -0.1461
vn -1.0000 0.0002 -0.0007
vn -1.0000 -0.0001 -0.0013
vn -1.0000 -0.0026 0.0005
vn -1.0000 -0.0016 -0.0010
vn -0.9998 -0.0171 -0.0092
vn -0.9994 -0.0114 -0.0315
vn -0.9985 0.0542 -0.0074
vn -0.9957 -0.0779 0.0512
vn -0.9195 -0.2637 -0.2915
vn -0.9714 -0.2007 0.1268
vn -0.9548 -0.1493 0.2570
vn -0.9612 -0.1785 0.2105
vn -0.9631 -0.0059 0.2689
vn -0.9632 -0.0093 0.2684
vn -0.9606 -0.0047 0.2778
vn -0.9952 0.0968 -0.0156
vn -0.9989 0.0452 0.0106
vn -0.9989 -0.0140 0.0439
vn -0.9997 -0.0260 0.0045
vn -0.9986 -0.0496 -0.0173
vn -0.9816 -0.0938 -0.1663
vn -0.9023 -0.3422 0.2621
vn -1.0000 -0.0000 0.0004
vn -1.0000 -0.0001 0.0008
vn -1.0000 -0.0002 0.0012
vn -1.0000 -0.0001 -0.0015
vn -0.9999 0.0041 -0.0115
vn -0.9994 -0.0335 -0.0000
vn -0.9711 0.0950 0.2191
vn -0.9909 -0.1346 0.0033
vn -0.9923 -0.1236 0.0121
vn -0.9776 -0.0796 -0.1949
vn -0.9995 -0.0247 0.0180
vn -0.9994 -0.0335 0.0025
vn -0.9990 -0.0424 0.0153
vn -1.0000 -0.0016 -0.0008
vn -1.0000 -0.0041 -0.0035
vn -1.0000 -0.0012 -0.0016
vn -1.0000 -0.0041 0.0001
vn -0.9999 -0.0107 0.0019
vn -1.0000 0.0010 -0.0068
vn -1.0000 0.0004 -0.0023
vn -1.0000 0.0004 -0.0024
vn -1.0000 -0.0005 -0.0010
vn -0.9489 -0.2915 -0.1206
vn -0.9489 -0.2918 -0.1204
vn -0.3829 0.8796 0.2821
vn -0.7792 0.5954 0.1957
vn -0.9846 0.1671 0.0523
vn -0.9992 0.0286 0.0270
vn -1.0000 -0.0004 -0.0015
vn -1.0000 0.0086 0.0033
vn -1.0000 -0.0005 -0.0014
vn -1.0000 -0.0026 -0.0024
vn -1.0000 -0.0062 0.0028
vn -0.9999 0.0043 -0.0103
vn -1.0000 0.0018 -0.0047
vn -1.0000 0.0022 -0.0005
vn -1.0000 0.0012 -0.0041
vn -1.0000 0.0024 0.0002
vn -1.0000 -0.0004 0.0005
vn -1.0000 0.0013 -0.0031
vn -1.0000 0.0009 -0.0010
vn -1.0000 0.0007 -0.0009
vn -1.0000 -0.0027 -0.0014
vn -1.0000 -0.0011 0.0004
vn -1.0000 0.0048 -0.0058
vn -0.9999 0.0099 -0.0049
vn -0.9999 0.0018 0.0170
vn -1.0000 0.0084 0.0037
vn -0.9998 0.0108 -0.0140
vn -1.0000 0.0015 -0.0057
vn -0.9933 -0.1009 -0.0564
vn -0.9553 -0.2933 0.0374
vn -0.9994 0.0119 0.0336
vn -0.9991 -0.0400 0.0109
vn -1.0000 -0.0003 -0.0003
vn -1.0000 0.0007 -0.0036
vn -1.0000 -0.0092 0.0009
vn -1.0000 -0.0086 -0.0001
vn -1.0000 -0.0034 0.0028
vn -1.0000 -0.0029 0.0001
vn -1.0000 0.0070 0.0002
vn -0.9996 -0.0144 -0.0229
vn -0.9995 -0.0101 -0.0315
vn -0.9996 -0.0128 -0.0264
vn -1.0000 -0.0001 0.0022
vn -1.0000 0.0002 0.0010
vn -1.0000 -0.0000 0.0025
vn -0.9997 -0.0076 -0.0234
vn -1.0000 -0.0001 0.0056
vn -1.0000 -0.0008 -0.0031
vn -0.9996 0.0220 0.0183
vn -1.0000 0.0005 0.0038
vn -0.9999 0.0137 0.0058
vn -0.9991 0.0379 0.0184
vn -1.0000 -0.0051 0.0058
vn -0.9916 0.0089 0.1289
vn -1.0000 -0.0005 0.0001
vn -1.0000 -0.0024 0.0034
vn -1.0000 0.0011 -0.0009
vn -1.0000 0.0020 -0.0004
vn -1.0000 0.0008 0.0001
vn -1.0000 0.0006 0.0004
vn -1.0000 0.0006 0.0005
vn -1.0000 -0.0010 -0.0003
vn -1.0000 0.0018 0.0007
vn -1.0000 0.0037 0.0013
vn -1.0000 -0.0025 -0.0010
vn -0.9999 -0.0135 -0.0048
vn -1.0000 -0.0040 0.0019
vn -0.9999 0.0067 0.0125
vn -1.0000 0.0009 0.0008
vn -0.9973 -0.0699 -0.0225
vn -0.9644 0.0469 0.2603
vn -0.9925 0.1223 0.0011
vn -0.6121 0.7136 -0.3408
vn -0.9800 0.0984 -0.1729
vn -0.9895 0.1444 0.0031
vn -0.8617 -0.4791 -0.1672
vn -0.9998 -0.0199 0.0032
vn -0.4720 -0.3824 0.7943
vn -1.0000 0.0007 0.0049
vn -1.0000 0.0016 0.0016
vn -1.0000 -0.0000 0.0009
vn -1.0000 0.0013 0.0012
vn -1.0000 0.0036 0.0025
vn -1.0000 -0.0043 -0.0060
vn -1.0000 -0.0013 -0.0021
vn -0.9999 -0.0034 -0.0137
vn -0.9996 -0.0070 -0.0261
vn -1.0000 0.0002 0.0006
vn -1.0000 0.0017 0.0020
vn -1.0000 -0.0009 0.0002
vn -1.0000 0.0003 0.0001
vn -1.0000 -0.0013 0.0019
vn -1.0000 -0.0014 0.0007
vn -1.0000 0.0005 -0.0014
vn -1.0000 0.0001 -0.0011
vn -1.0000 0.0005 -0.0007
vn -1.0000 -0.0007 0.0018
vn -1.0000 0.0009 0.0009
vn -1.0000 0.0012 -0.0012
vn -0.9998 -0.0159 -0.0105
vn -1.0000 0.0011 -0.0077
vn -0.9996 0.0270 0.0103
vn -0.9999 -0.0027 0.0152
vn -0.9991 -0.0390 0.0143
vn -0.9883 -0.1053 0.1104
vn -0.9962 -0.0810 0.0322
vn -0.9984 -0.0546 -0.0125
vn -0.8268 0.4906 0.2752
vn -0.9610 0.2413 0.1353
vn -0.6349 0.7637 0.1169
vn -0.2764 0.8973 -0.3442
vn -0.5227 -0.7435 0.4171
vn -0.7052 -0.6492 0.2851
vn -0.7751 -0.4727 0.4192
vn -0.9584 -0.2830 -0.0384
vn -0.9964 -0.0791 0.0289
vn -0.9922 0.1094 -0.0605
vn -0.9993 0.0092 0.0371
vn -0.9686 0.1164 0.2199
vn -1.0000 0.0008 -0.0005
vn -1.0000 0.0034 0.0005
vn -1.0000 -0.0067 0.0054
vn -0.9996 -0.0041 0.0280
vn -0.9999 0.0134 0.0056
vn -1.0000 -0.0005 -0.0000
vn -0.9998 0.0165 0.0082
vn -1.0000 -0.0037 -0.0009
vn -1.0000 0.0004 -0.0009
vn -1.0000 0.0001 0.0012
vn -1.0000 0.0016 0.0009
vn -1.0000 0.0022 0.0009
vn -1.0000 0.0010 0.0012
vn -1.0000 0.0018 0.0030
vn -1.0000 0.0022 0.0041
vn -1.0000 -0.0001 0.0026
vn -1.0000 -0.0032 -0.0029
vn -1.0000 0.0006 0.0009
vn -1.0000 -0.0024 0.0037
vn -1.0000 -0.0016 -0.0003
vn -1.0000 0.0010 0.0011
vn -1.0000 0.0004 -0.0006
vn -0.9999 0.0033 -0.0099
vn -1.0000 -0.0002 0.0010
vn -1.0000 0.0024 0.0060
vn -0.9972 0.0592 0.0449
vn -0.9996 0.0065 -0.0265
vn -0.9995 -0.0277 -0.0150
vn -0.9982 -0.0589 -0.0142
vn -0.8636 -0.4872 -0.1297
vn -0.9193 -0.3097 -0.2430
vn -0.9505 -0.2804 -0.1337
vn -0.7925 -0.5620 -0.2368
vn -0.9125 0.0695 -0.4031
vn -0.9952 -0.0621 0.0752
vn -0.9728 -0.1056 -0.2060
vn -0.9989 -0.0386 -0.0263
vn -0.9940 -0.0763 -0.0783
vn -0.9992 0.0364 0.0151
vn -1.0000 -0.0014 0.0016
vn -1.0000 -0.0049 0.0040
vn -1.0000 -0.0025 0.0024
vn -1.0000 -0.0070 0.0054
vn -1.0000 0.0007 0.0005
vn -0.9999 0.0163 -0.0014
vn -1.0000 -0.0055 -0.0070
vn -0.9997 -0.0100 0.0220
vn -0.9916 0.0021 -0.1295
vn -0.9952 0.0898 0.0400
vn -1.0000 -0.0021 -0.0047
vn -1.0000 0.0011 0.0026
vn -1.0000 0.0008 -0.0016
vn -1.0000 -0.0014 -0.0020
vn -1.0000 -0.0004 0.0004
vn -1.0000 -0.0048 -0.0069
vn -1.0000 0.0022 -0.0056
vn -0.9999 0.0069 -0.0081
vn -0.9991 0.0260 0.0327
vn -1.0000 0.0047 0.0015
vn -1.0000 -0.0019 0.0002
vn -0.9992 -0.0076 -0.0397
vn -0.9998 -0.0053 -0.0203
vn -0.9979 -0.0152 0.0630
vn -1.0000 0.0016 0.0051
vn -0.9883 -0.0206 0.1510
vn -0.9559 -0.0296 0.2923
vn -0.9993 0.0251 0.0268
vn -0.9998 -0.0180 -0.0005
vn -0.9990 -0.0352 0.0270
vn -0.9999 -0.0067 0.0117
vn -0.8931 -0.2722 -0.3582
vn -0.9998 -0.0186 -0.0120
vn -0.9989 0.0432 -0.0159
vn -0.9986 0.0475 -0.0224
vn -0.7814 -0.4770 -0.4024
vn -0.5674 -0.7575 -0.3229
vn -0.9475 -0.2888 -0.1368
vn -0.8587 0.4964 0.1278
vn -0.9124 0.3820 -0.1468
vn -0.9970 0.0721 -0.0276
vn -0.9997 -0.0149 0.0190
vn -1.0000 0.0001 -0.0012
vn -1.0000 -0.0001 0.0029
vn -1.0000 -0.0033 0.0045
vn -0.9998 0.0192 -0.0011
vn -0.9731 0.2180 -0.0742
vn -0.9953 0.0776 0.0571
vn -0.9231 -0.0653 -0.3790
vn -0.8365 -0.3542 -0.4180
vn -0.9995 -0.0099 -0.0306
vn -0.9999 0.0095 0.0059
vn -0.9990 0.0414 -0.0163
vn -0.9979 0.0625 0.0144
vn -0.9948 0.0604 -0.0820
vn -0.9964 0.0365 -0.0770
vn -0.9981 0.0399 -0.0475
vn -0.9932 0.1160 -0.0128
vn -0.9970 -0.0251 -0.0736
vn -1.0000 0.0032 0.0013
vn -0.9999 -0.0042 -0.0097
vn -1.0000 0.0029 -0.0014
vn -1.0000 0.0046 -0.0021
vn -1.0000 0.0005 0.0004
vn -1.0000 0.0007 0.0002
vn -1.0000 0.0003 0.0004
vn -1.0000 -0.0016 0.0011
vn -1.0000 -0.0029 0.0037
vn -1.0000 0.0008 -0.0003
vn -1.0000 0.0028 -0.0015
vn -0.9948 -0.0675 0.0764
vn -1.0000 -0.0008 0.0018
vn -0.9579 -0.2760 0.0791
vn -0.9957 0.0312 0.0875
vn -0.9863 0.1464 0.0756
vn -0.9915 0.1078 0.0730
vn -0.8889 -0.4077 -0.2091
vn -0.8877 -0.4098 -0.2097
vn -0.8877 -0.4105 -0.2085
vn -0.9595 0.2035 0.1950
vn -0.9805 -0.0017 0.1966
vn -0.9983 -0.0576 -0.0065
vn -0.9969 0.0096 -0.0783
vn -0.9891 -0.0795 0.1239
vn -0.9958 -0.0857 -0.0327
vn -0.9963 -0.0802 -0.0310
vn -0.9968 -0.0747 -0.0290
vn -0.9981 -0.0578 -0.0219
vn -0.9913 0.1170 -0.0606
vn -0.9169 -0.3928 -0.0712
vn -0.8580 -0.5134 -0.0171
vn -0.9645 -0.0651 0.2560
vn -0.8759 0.4755 -0.0817
vn -1.0000 -0.0063 0.0014
vn -0.9961 -0.0877 0.0098
vn -0.9945 -0.0967 -0.0414
vn -0.9948 -0.0998 0.0199
vn -0.9948 -0.1017 -0.0047
vn -0.9998 0.0087 -0.0185
vn -0.9999 0.0113 -0.0105
vn -0.9987 -0.0518 -0.0014
vn -0.9999 0.0013 0.0109
vn -0.9999 0.0124 0.0039
vn -0.9799 0.1742 0.0973
vn -0.9999 -0.0071 0.0126
vn -0.9194 0.0215 0.3927
vn -0.9190 0.0181 0.3939
vn -0.9150 0.0372 0.4017
vn -0.9991 -0.0411 0.0069
vn -0.9566 -0.0376 0.2889
vn -0.9767 -0.0423 0.2103
vn -0.9900 -0.0461 0.1332
vn -0.9973 -0.0501 0.0529
vn -0.9921 -0.0666 -0.1059
vn -0.9991 -0.0321 0.0262
vn -0.9972 -0.0748 -0.0003
vn -0.9953 -0.0063 0.0965
vn -0.9943 0.0944 0.0492
vn -1.0000 0.0003 0.0049
vn -0.9999 0.0083 0.0109
vn -0.9997 0.0157 0.0164
vn -1.0000 -0.0060 -0.0009
vn -1.0000 -0.0052 0.0016
vn -1.0000 0.0054 0.0017
vn -1.0000 0.0059 0.0019
vn -1.0000 0.0032 0.0010
vn -1.0000 0.0041 0.0013
vn -1.0000 0.0045 0.0012
vn -1.0000 -0.0010 -0.0001
vn -1.0000 -0.0019 0.0024
vn -1.0000 -0.0041 0.0047
vn -1.0000 -0.0001 -0.0038
vn -1.0000 -0.0047 0.0060
vn -0.9924 -0.1154 -0.0417
vn -0.9999 0.0147 0.0040
vn -0.9640 0.2254 -0.1412
vn -0.9888 0.1416 -0.0481
vn -0.9929 0.1140 -0.0351
vn -0.9745 0.2214 0.0369
vn -0.9858 -0.0570 0.1582
vn -0.9861 -0.0594 0.1549
vn -0.9860 -0.0611 0.1553
vn -0.9843 0.1351 -0.1133
vn -0.9846 0.1346 -0.1116
vn -0.9843 0.1368 -0.1112
vn -0.9880 -0.1213 -0.0955
vn -1.0000 0.0078 -0.0016
vn -0.9998 0.0186 -0.0101
vn -0.9987 -0.0306 -0.0404
vn -0.9999 -0.0049 -0.0111
vn -0.9998 -0.0155 0.0101
vn -0.9996 -0.0235 0.0161
vn -1.0000 -0.0024 -0.0079
vn -0.9964 -0.0749 -0.0408
vn -0.9997 0.0203 0.0166
vn -0.9988 -0.0364 0.0341
vn -0.9987 -0.0345 0.0368
vn -0.9981 0.0607 0.0140
vn -0.9865 -0.1374 0.0885
vn -0.9736 -0.0601 0.2204
vn -0.9549 -0.2460 0.1662
vn -0.9201 -0.3790 -0.0995
vn -0.9989 0.0187 0.0421
vn -0.9486 -0.3104 0.0615
vn -0.9689 0.2132 -0.1254
vn -0.9820 0.1512 -0.1134
vn -0.9955 0.0663 0.0683
vn -0.9998 -0.0217 0.0038
vn -0.9997 0.0227 -0.0069
vn -0.9990 -0.0105 -0.0439
vn -0.9976 -0.0029 -0.0698
vn -0.9992 -0.0198 -0.0356
vn -0.9651 0.2348 0.1161
vn -0.9998 0.0142 0.0167
vn -1.0000 0.0031 0.0010
vn -1.0000 0.0013 0.0004
vn -1.0000 -0.0006 -0.0006
vn -0.9999 -0.0025 -0.0160
vn -1.0000 0.0007 -0.0043
vn -1.0000 0.0022 -0.0030
vn -0.9999 -0.0092 -0.0046
vn -1.0000 -0.0023 -0.0022
vn -1.0000 -0.0026 0.0010
vn -1.0000 -0.0024 0.0014
vn -1.0000 -0.0031 0.0004
vn -1.0000 -0.0018 -0.0017
vn -0.9914 -0.1217 -0.0491
vn -0.9999 0.0137 -0.0094
vn -0.9598 -0.2623 -0.0996
vn -0.9985 0.0532 -0.0145
vn -0.9998 0.0191 -0.0027
vn -0.9994 0.0349 -0.0044
vn -0.9995 0.0277 -0.0136
vn -0.9953 0.0860 -0.0446
vn -0.9994 -0.0262 -0.0232
vn -0.9998 -0.0186 0.0004
vn -0.9967 -0.0770 -0.0247
vn -0.8994 0.2609 -0.3507
vn -0.9982 0.0594 -0.0002
vn -0.9816 -0.1194 0.1492
vn -0.9856 -0.0633 0.1568
vn -0.9601 -0.2783 -0.0266
vn -0.7544 0.5211 -0.3991
vn -0.7659 0.5440 -0.3429
vn -0.8855 0.4218 -0.1950
vn -0.9273 -0.3545 0.1203
vn -0.9978 0.0109 0.0647
vn -0.8770 -0.4587 0.1431
vn -0.9882 0.1494 0.0326
vn -0.9952 -0.0374 -0.0907
vn -0.9988 0.0435 -0.0231
vn -0.9965 0.0260 -0.0799
vn -0.9406 0.3385 -0.0247
vn -0.9996 0.0100 -0.0273
vn -0.9998 -0.0147 0.0133
vn -0.9986 -0.0514 0.0082
vn -1.0000 0.0008 -0.0074
vn -0.9999 0.0016 -0.0153
vn -0.9998 -0.0089 0.0163
vn -0.9990 -0.0381 -0.0215
vn -0.9923 0.1207 -0.0266
vn -0.9992 0.0394 0.0065
vn -0.9986 0.0511 0.0118
vn -1.0000 0.0062 -0.0078
vn -0.9787 -0.0205 0.2041
vn -0.9187 0.0709 0.3885
vn -0.9996 0.0215 -0.0204
vn -0.9995 0.0199 -0.0246
vn -0.9998 0.0111 -0.0182
vn -0.9992 0.0366 0.0153
vn -1.0000 -0.0028 -0.0019
vn -1.0000 -0.0026 -0.0089
vn -1.0000 0.0088 -0.0042
vn -1.0000 -0.0010 -0.0032
vn -1.0000 -0.0092 -0.0013
vn -1.0000 -0.0052 0.0004
vn -0.9983 0.0457 -0.0374
vn -0.9919 -0.1247 0.0228
vn -0.9975 -0.0700 0.0098
vn -0.9492 -0.3054 0.0756
vn -0.9918 0.1275 -0.0029
vn -0.9980 0.0619 -0.0106
vn -1.0000 0.0014 0.0027
vn -1.0000 0.0021 0.0047
vn -0.9998 0.0208 0.0023
vn -0.9981 0.0587 -0.0202
vn -0.9997 0.0212 0.0153
vn -0.9973 0.0705 0.0198
vn -0.9999 0.0031 0.0149
vn -1.0000 -0.0002 0.0036
vn -0.9324 0.2329 -0.2765
vn -0.9979 0.0645 -0.0014
vn -0.8368 0.1532 -0.5256
vn -0.7920 0.0192 -0.6102
vn -0.8525 0.1299 -0.5064
vn -0.7234 0.6334 -0.2750
vn -0.5983 0.7319 -0.3260
vn -0.9412 0.1381 -0.3084
vn -0.9974 -0.0719 0.0005
vn -0.8740 -0.4849 -0.0321
vn -0.9962 -0.0867 -0.0029
vn -0.7634 0.1434 -0.6298
vn -0.7619 0.1403 -0.6323
vn -0.7618 0.1387 -0.6328
vn -0.9918 0.0734 0.1045
vn -0.9991 0.0418 0.0029
vn -0.9719 0.1605 0.1722
vn -0.9991 -0.0221 -0.0355
vn -0.9963 0.0701 -0.0500
vn -0.9995 -0.0304 -0.0000
vn -0.9983 -0.0112 0.0576
vn -1.0000 -0.0003 -0.0067
vn -0.9997 -0.0092 0.0223
vn -0.9940 -0.1078 -0.0160
vn -0.9976 0.0191 -0.0670
vn -0.9996 -0.0057 -0.0287
vn -0.9994 0.0146 -0.0312
vn -0.9952 0.0820 -0.0543
vn -1.0000 0.0016 -0.0009
vn -0.9997 0.0237 0.0033
vn -1.0000 0.0051 -0.0011
vn -0.9999 -0.0040 0.0151
vn -0.9671 0.2363 0.0944
vn -0.9785 0.1926 0.0735
vn -0.9999 0.0149 -0.0055
vn -0.9999 -0.0014 -0.0171
vn -1.0000 0.0047 -0.0065
vn -1.0000 -0.0076 0.0015
vn -1.0000 -0.0006 -0.0008
vn -0.9999 0.0008 0.0130
vn -0.9983 0.0436 -0.0392
vn -0.9996 -0.0192 0.0197
vn -0.9995 -0.0321 0.0066
vn -0.9997 -0.0192 0.0136
vn -0.9989 0.0467 0.0003
vn -0.9956 0.0043 0.0932
vn -0.9868 0.0114 0.1613
vn -0.9894 0.0032 0.1451
vn -1.0000 -0.0050 0.0080
vn -0.9994 0.0152 0.0300
vn -0.9942 0.0627 -0.0878
vn -0.9916 -0.0436 -0.1222
vn -0.9982 -0.0073 -0.0587
vn -0.7082 0.5017 -0.4967
vn -0.6743 -0.5858 0.4497
vn -0.9981 0.0492 -0.0367
vn -0.9987 0.0361 -0.0362
vn -0.9991 0.0035 -0.0432
vn -0.5581 0.4963 0.6650
vn -0.9975 0.0427 0.0557
vn -0.9996 0.0040 0.0296
vn -0.9998 0.0177 0.0028
vn -1.0000 -0.0011 -0.0008
vn -0.9994 0.0235 -0.0262
vn -0.9997 0.0108 -0.0214
vn -0.9999 -0.0055 -0.0093
vn -0.9731 0.0672 -0.2205
vn -0.9999 0.0099 -0.0119
vn -1.0000 0.0004 -0.0027
vn -0.9993 0.0196 -0.0330
vn -0.9742 -0.0296 -0.2238
vn -1.0000 0.0013 -0.0010
vn -0.9973 -0.0095 -0.0721
vn -0.9998 -0.0164 0.0107
vn -0.9997 -0.0239 0.0057
vn -1.0000 -0.0023 0.0018
vn -0.9813 -0.0094 -0.1924
vn -0.9992 0.0391 -0.0007
vn -0.9990 0.0416 0.0162
vn -0.9988 0.0369 0.0319
vn -0.9993 -0.0108 0.0365
vn -0.9987 0.0062 -0.0515
vn -0.9965 -0.0446 -0.0704
vn -0.9994 -0.0355 -0.0021
vn -0.9999 -0.0086 -0.0112
vn -0.9928 -0.0927 -0.0763
vn -0.9640 -0.2073 -0.1664
vn -0.9172 0.3863 -0.0977
vn -0.8760 -0.1108 0.4695
vn -0.9239 0.3790 -0.0518
vn -0.9335 0.3578 0.0226
vn -0.9966 0.0825 0.0064
vn -0.2671 -0.6382 -0.7221
vn -0.2554 -0.6615 -0.7051
vn -0.2712 -0.6399 -0.7190
vn -0.9159 0.2737 0.2936
vn -0.9621 0.2719 -0.0220
vn -0.9524 0.2763 0.1285
vn -0.9810 -0.0736 0.1797
vn -0.9620 -0.0269 0.2716
vn -0.9957 -0.0445 0.0808
vn -0.9991 0.0226 0.0363
vn -0.9882 -0.1363 0.0699
vn -0.6324 0.7588 0.1563
vn -0.8280 0.4566 0.3255
vn -0.6260 0.7671 0.1404
vn -0.4362 0.8998 0.0130
vn -0.9949 0.0548 -0.0847
vn -0.9951 -0.0030 -0.0986
vn -0.9855 -0.1644 0.0428
vn -0.9344 0.0944 0.3434
vn -0.9843 -0.1052 -0.1415
vn -0.5096 0.2327 0.8283
vn -0.9926 -0.0975 -0.0726
vn -0.9940 -0.0789 -0.0764
vn -0.9948 -0.0656 -0.0785
vn -0.9958 -0.0307 -0.0857
vn -0.9958 -0.0314 -0.0858
vn -0.9940 -0.1076 0.0206
vn -0.9999 0.0047 -0.0165
vn -0.7861 0.0392 -0.6168
vn -0.9999 -0.0068 -0.0097
vn -0.4339 -0.2560 -0.8638
vn -0.6009 -0.1120 -0.7914
vn -0.9823 -0.0489 -0.1807
vn -0.8692 0.1980 -0.4530
vn -0.8977 0.0447 -0.4383
vn -0.8971 0.0522 -0.4387
vn -0.9832 -0.0114 -0.1821
vn -0.9238 -0.0055 -0.3827
vn -0.9985 -0.0540 0.0109
vn -0.9998 -0.0215 0.0020
vn -0.9998 -0.0100 0.0171
vn -0.9989 0.0252 -0.0403
vn -0.9996 0.0114 -0.0253
vn -0.9508 -0.0502 -0.3056
vn -0.9985 0.0368 -0.0412
vn -0.9996 -0.0018 -0.0270
vn -0.9965 -0.0061 -0.0837
vn -0.9849 0.1729 -0.0058
vn -0.9996 -0.0037 -0.0289
vn -0.9946 0.0626 0.0826
vn -0.9998 -0.0050 -0.0186
vn -0.8359 -0.4215 0.3516
vn -0.9711 -0.2388 -0.0041
vn -0.9925 0.1222 0.0056
vn -0.8879 -0.3223 -0.3281
vn -0.9997 -0.0015 -0.0225
vn -0.9557 -0.1439 -0.2569
vn -0.8464 -0.0655 0.5285
vn -0.8308 0.5515 -0.0753
vn -0.3589 0.9192 0.1620
vn -0.9661 0.0070 -0.2579
vn -0.9691 -0.0540 -0.2407
vn -0.8513 -0.1015 -0.5147
vn -0.9957 -0.0493 -0.0783
vn -0.9971 0.0385 -0.0660
vn 0.9713 -0.0018 -0.2378
vn 0.9990 0.0343 -0.0295
vn 0.9943 0.1021 0.0297
vn 0.9574 -0.0169 -0.2883
vn 0.9916 -0.0463 -0.1205
vn 0.9750 -0.0161 0.2216
vn 0.7297 -0.1394 0.6694
vn 0.9984 -0.0376 0.0417
vn 0.9980 -0.0489 0.0412
vn 0.8647 0.5021 0.0124
vn 0.9966 0.0825 -0.0071
vn 1.0000 -0.0042 -0.0012
vn 1.0000 0.0048 -0.0039
vn 0.9853 0.0707 -0.1552
vn 0.8400 0.4047 0.3615
vn 0.9993 -0.0102 -0.0355
vn 0.7127 0.6425 0.2813
vn 0.5159 0.6437 -0.5653
vn 0.1682 0.9724 0.1617
vn 0.9813 -0.1917 0.0156
vn 0.9501 0.2626 -0.1681
vn 0.9942 0.1021 -0.0351
vn 0.9792 -0.1249 -0.1596
vn 0.9860 -0.1318 0.1023
vn 0.9991 -0.0411 -0.0059
vn 0.9974 0.0600 -0.0410
vn 0.9773 -0.2119 -0.0050
vn 0.9860 0.1623 0.0387
vn 0.9810 -0.1788 0.0752
vn 0.9965 -0.0638 0.0539
vn 0.9509 -0.2667 0.1568
vn 0.8384 -0.4169 -0.3512
vn 0.9761 -0.0382 0.2139
vn 0.8394 -0.2202 0.4969
vn 0.9975 0.0640 0.0307
vn 0.8971 0.1787 0.4040
vn 0.6973 0.3254 0.6387
vn -0.0259 0.3976 0.9172
vn 0.9808 0.0034 0.1950
vn 1.0000 0.0012 0.0006
vn -0.0655 0.2556 0.9646
vn 0.8506 0.5249 -0.0305
vn 0.9462 -0.1131 -0.3032
vn 0.3812 -0.9242 -0.0241
vn 0.9993 -0.0090 0.0376
vn 0.9681 0.1824 0.1717
vn 0.9528 0.0207 0.3029
vn 0.4509 0.2719 0.8502
vn 0.8958 -0.2828 0.3429
vn 0.8504 -0.2007 0.4863
vn 0.9965 -0.0166 0.0816
vn 0.9760 -0.2175 -0.0124
vn 0.9652 -0.2614 0.0061
vn -0.9661 0.2571 0.0229
vn 0.9862 0.0375 -0.1615
vn 0.8680 0.4965 -0.0134
vn 1.0000 -0.0013 0.0084
vn 1.0000 0.0028 0.0001
vn 0.9928 -0.1031 -0.0615
vn 0.9501 0.1899 0.2475
vn 1.0000 -0.0005 -0.0001
vn 1.0000 0.0004 0.0004
vn 1.0000 -0.0000 0.0002
vn 1.0000 -0.0012 -0.0007
vn 1.0000 -0.0003 -0.0024
vn 0.9998 -0.0132 0.0126
vn 1.0000 -0.0004 -0.0001
vn 0.9999 0.0015 0.0172
vn 0.9878 -0.1545 0.0171
vn 0.9950 0.0520 0.0858
vn 0.9842 0.0339 0.1738
vn 0.9999 -0.0082 0.0133
vn 0.6622 0.7459 0.0718
vn 0.9985 -0.0367 0.0406
vn 0.9993 0.0367 -0.0067
vn 0.9976 -0.0384 0.0575
vn -0.8708 -0.4913 -0.0190
vn 1.0000 0.0009 0.0017
vn 0.9941 -0.0568 0.0921
vn 1.0000 -0.0004 0.0002
vn 1.0000 -0.0055 0.0010
vn 1.0000 -0.0005 -0.0068
vn 0.9711 0.2334 -0.0501
vn 0.9340 -0.1380 0.3295
vn 0.5267 0.7128 -0.4632
vn 0.5450 0.7344 -0.4046
vn 0.5677 0.7425 -0.3555
vn 0.9943 0.0074 0.1064
vn 0.9969 -0.0341 0.0711
vn 0.9964 0.0578 -0.0615
vn 0.5314 0.8454 0.0538
vn 0.9889 0.0846 0.1219
vn 0.9994 -0.0298 -0.0187
vn 0.9935 0.0637 0.0948
vn 0.7808 0.2928 0.5518
vn 0.9926 0.1204 -0.0151
vn 0.0641 -0.0333 0.9974
vn 0.0316 -0.5016 0.8645
vn 0.3169 0.4127 0.8540
vn 0.9137 0.1023 0.3934
vn 0.8614 -0.3146 0.3988
vn 0.8828 -0.0456 0.4675
vn 0.1252 0.9917 0.0279
vn 0.0994 0.9755 -0.1962
vn 0.1014 0.9941 0.0376
vn 0.9243 -0.2809 0.2583
vn 0.6961 -0.7118 0.0940
vn 0.7645 -0.4223 -0.4870
vn 0.4440 0.8707 0.2115
vn 0.3700 0.7301 -0.5746
vn 0.1177 0.9914 -0.0578
vn -0.9635 0.1874 -0.1912
vn -0.9982 0.0588 0.0115
vn -0.8915 0.0883 0.4442
vn -0.1835 0.9757 0.1198
vn -0.0240 0.9814 -0.1906
vn -0.5258 0.8503 -0.0205
vn 0.9021 -0.3309 -0.2770
vn 0.7421 0.3494 -0.5720
vn 0.8478 0.0995 0.5209
vn -0.9369 -0.3491 -0.0166
vn -0.8937 -0.4387 -0.0939
vn 0.8968 0.4398 0.0486
vn -0.9388 0.3292 -0.1016
vn -0.2508 -0.9639 0.0890
vn -0.0623 -0.9921 0.1090
vn 0.9889 0.0121 -0.1484
vn 0.6590 -0.6551 -0.3695
vn 0.6542 -0.1467 -0.7420
vn 0.9977 -0.0080 -0.0677
vn 0.5056 -0.7380 -0.4469
vn 0.8327 0.3451 -0.4331
vn 0.3652 0.9292 0.0559
vn 0.6113 0.6206 -0.4911
vn 0.2353 0.8626 -0.4479
vn -0.5101 0.5609 0.6521
vn -0.1043 0.6312 0.7686
vn -0.1065 0.9364 0.3345
vn 0.9853 0.1574 0.0667
vn 0.7082 0.3568 -0.6093
vn 0.7630 0.6421 -0.0750
vn -0.3746 0.9185 -0.1269
vn -0.3480 0.8947 -0.2800
vn -0.4065 0.9132 -0.0289
vt 0.030918 0.681967
vt 0.036717 0.682984
vt 0.039863 0.682238
vt 0.223338 0.707177
vt 0.226908 0.709363
vt 0.238074 0.708571
vt 0.218996 0.707936
vt 0.201371 0.710090
vt 0.203557 0.715616
vt 0.196919 0.710649
vt 0.168205 0.706675
vt 0.188847 0.707513
vt 0.183045 0.707900
vt 0.184020 0.710142
vt 0.176138 0.712054
vt 0.159262 0.707201
vt 0.167267 0.713340
vt 0.152807 0.706073
vt 0.153507 0.709541
vt 0.148188 0.705415
vt 0.124668 0.705231
vt 0.139041 0.706230
vt 0.130606 0.710013
vt 0.125826 0.711912
vt 0.118611 0.708049
vt 0.115725 0.710675
vt 0.098150 0.713042
vt 0.095802 0.709058
vt 0.082496 0.711325
vt 0.078892 0.707331
vt 0.052928 0.708198
vt 0.059954 0.714419
vt 0.009196 0.705484
vt 0.024088 0.705792
vt 0.044330 0.709426
vt 0.035782 0.711704
vt 0.008953 0.707585
vt 0.017966 0.711116
vt 0.242494 0.727363
vt 0.238773 0.710838
vt 0.241403 0.727300
vt 0.223500 0.717109
vt 0.227623 0.728915
vt 0.222604 0.709786
vt 0.212537 0.716231
vt 0.200309 0.713553
vt 0.216768 0.719183
vt 0.193718 0.721757
vt 0.188637 0.716988
vt 0.178191 0.718035
vt 0.187402 0.719322
vt 0.178218 0.718266
vt 0.183142 0.724469
vt 0.173238 0.717700
vt 0.169821 0.715659
vt 0.171025 0.720071
vt 0.155184 0.712449
vt 0.167304 0.716371
vt 0.155702 0.718003
vt 0.170033 0.720401
vt 0.147122 0.716880
vt 0.150483 0.724811
vt 0.155983 0.718209
vt 0.142111 0.722621
vt 0.138741 0.718358
vt 0.145735 0.709797
vt 0.136264 0.716380
vt 0.151698 0.711619
vt 0.138262 0.711550
vt 0.133436 0.714751
vt 0.132733 0.716179
vt 0.127173 0.714202
vt 0.134974 0.717530
vt 0.124493 0.718847
vt 0.121721 0.714638
vt 0.114540 0.713717
vt 0.119965 0.717586
vt 0.122652 0.718306
vt 0.111131 0.713771
vt 0.099881 0.713376
vt 0.098361 0.718646
vt 0.103635 0.716381
vt 0.081268 0.712242
vt 0.092888 0.719248
vt 0.085967 0.719407
vt 0.083318 0.719026
vt 0.065002 0.718869
vt 0.083403 0.723786
vt 0.077097 0.713190
vt 0.053391 0.712252
vt 0.053498 0.715320
vt 0.054546 0.710247
vt 0.051794 0.712633
vt 0.050336 0.719400
vt 0.051312 0.713281
vt 0.051391 0.709712
vt 0.044307 0.709395
vt 0.036685 0.712954
vt 0.041702 0.721997
vt 0.032576 0.714182
vt 0.033127 0.718991
vt 0.024212 0.708114
vt 0.025466 0.722431
vt 0.023174 0.717469
vt 0.015620 0.719652
vt 0.017771 0.711263
vt 0.014772 0.711450
vt 0.011460 0.717731
vt 0.237826 0.727567
vt 0.214071 0.726889
vt 0.205570 0.730842
vt 0.192591 0.724855
vt 0.191361 0.723968
vt 0.184091 0.729039
vt 0.181333 0.726217
vt 0.177251 0.724855
vt 0.182726 0.729521
vt 0.169368 0.721564
vt 0.151815 0.729336
vt 0.156065 0.732197
vt 0.158399 0.719189
vt 0.145959 0.727782
vt 0.139331 0.725443
vt 0.139847 0.732314
vt 0.135786 0.721138
vt 0.129627 0.731551
vt 0.121365 0.725616
vt 0.128225 0.723855
vt 0.116758 0.720579
vt 0.114732 0.724273
vt 0.120739 0.729479
vt 0.116104 0.720973
vt 0.103872 0.720834
vt 0.111145 0.724563
vt 0.110710 0.716903
vt 0.106713 0.724962
vt 0.102347 0.722842
vt 0.104591 0.727533
vt 0.096868 0.719605
vt 0.099036 0.728716
vt 0.090448 0.724585
vt 0.092195 0.729974
vt 0.084107 0.724005
vt 0.087829 0.732550
vt 0.079146 0.726115
vt 0.074551 0.721513
vt 0.071907 0.726252
vt 0.070268 0.723890
vt 0.072577 0.726429
vt 0.067373 0.727904
vt 0.075679 0.729996
vt 0.060837 0.723331
vt 0.073580 0.734011
vt 0.054087 0.720992
vt 0.052933 0.726763
vt 0.056871 0.729464
vt 0.051558 0.724763
vt 0.049180 0.729360
vt 0.048837 0.719079
vt 0.042712 0.723043
vt 0.035713 0.730078
vt 0.038181 0.732306
vt 0.035773 0.727628
vt 0.037602 0.723036
vt 0.020538 0.723307
vt 0.019385 0.729931
vt 0.020574 0.723208
vt 0.017602 0.727920
vt 0.015321 0.729666
vt 0.009271 0.722309
vt 0.006031 0.705353
vt 0.005940 0.754265
vt 0.008287 0.730106
vt 0.242494 0.727364
vt 0.239692 0.738470
vt 0.242225 0.746122
vt 0.229255 0.744688
vt 0.228985 0.729330
vt 0.226532 0.738435
vt 0.218583 0.735897
vt 0.215028 0.734017
vt 0.212853 0.729426
vt 0.207642 0.731431
vt 0.205706 0.736521
vt 0.207908 0.742673
vt 0.198582 0.737045
vt 0.202228 0.740116
vt 0.191508 0.734502
vt 0.198769 0.735589
vt 0.188033 0.730015
vt 0.183383 0.735043
vt 0.180637 0.742221
vt 0.010283 0.433957
vt 0.013436 0.431143
vt 0.006875 0.430723
vt 0.171642 0.734496
vt 0.165980 0.740725
vt 0.171342 0.737446
vt 0.162839 0.737156
vt 0.159963 0.734579
vt 0.715148 0.961681
vt 0.715642 0.966230
vt 0.717788 0.960833
vt 0.160671 0.731737
vt 0.150189 0.739062
vt 0.151530 0.733495
vt 0.146916 0.732765
vt 0.132340 0.743177
vt 0.134017 0.735194
vt 0.131434 0.739384
vt 0.128751 0.738847
vt 0.131999 0.735032
vt 0.118714 0.738197
vt 0.116700 0.730238
vt 0.115130 0.729437
vt 0.113464 0.733940
vt 0.115872 0.735999
vt 0.105924 0.736200
vt 0.093668 0.730435
vt 0.091795 0.733922
vt 0.095055 0.732875
vt 0.076323 0.730241
vt 0.078215 0.738105
vt 0.088732 0.741919
vt 0.060324 0.737506
vt 0.062704 0.740497
vt 0.051411 0.733223
vt 0.057110 0.735724
vt 0.050297 0.733333
vt 0.048000 0.739352
vt 0.040965 0.738428
vt 0.027605 0.733587
vt 0.015896 0.735723
vt 0.020586 0.747382
vt 0.018507 0.730306
vt 0.008013 0.734451
vt 0.240871 0.747407
vt 0.239224 0.740868
vt 0.239168 0.755137
vt 0.228010 0.744364
vt 0.225268 0.751123
vt 0.220126 0.753971
vt 0.214114 0.746840
vt 0.216138 0.759182
vt 0.205702 0.742406
vt 0.202436 0.746407
vt 0.193369 0.748158
vt 0.189953 0.744979
vt 0.195022 0.737961
vt 0.182880 0.743699
vt 0.181099 0.742538
vt 0.180604 0.747293
vt 0.176999 0.744204
vt 0.175997 0.744164
vt 0.178013 0.742690
vt 0.171774 0.746635
vt 0.166394 0.745997
vt 0.164353 0.742536
vt 0.150889 0.749128
vt 0.146973 0.743261
vt 0.143036 0.749815
vt 0.142947 0.735729
vt 0.140757 0.744521
vt 0.137870 0.749744
vt 0.124459 0.741782
vt 0.115786 0.736152
vt 0.106886 0.737473
vt 0.111761 0.745670
vt 0.101493 0.748067
vt 0.106262 0.750974
vt 0.097617 0.733844
vt 0.095895 0.747115
vt 0.103117 0.742926
vt 0.092035 0.738681
vt 0.091334 0.733705
vt 0.080437 0.757789
vt 0.088574 0.748733
vt 0.074907 0.739609
vt 0.068465 0.745784
vt 0.076310 0.741558
vt 0.074805 0.739366
vt 0.057277 0.741935
vt 0.068470 0.745791
vt 0.058345 0.748684
vt 0.040902 0.738446
vt 0.036228 0.740167
vt 0.041375 0.745540
vt 0.028583 0.733904
vt 0.021447 0.750859
vt 0.015663 0.742040
vt 0.012223 0.744647
vt 0.012957 0.745479
vt 0.018071 0.750775
vt 0.239396 0.755229
vt 0.242262 0.767439
vt 0.229255 0.744689
vt 0.222560 0.757161
vt 0.210330 0.747586
vt 0.203608 0.747658
vt 0.205435 0.754409
vt 0.205582 0.754948
vt 0.200181 0.756155
vt 0.194482 0.751584
vt 0.176221 0.752503
vt 0.186462 0.756823
vt 0.174360 0.754716
vt 0.174356 0.755929
vt 0.180046 0.758250
vt 0.171502 0.746552
vt 0.168050 0.751536
vt 0.170842 0.753525
vt 0.168218 0.753253
vt 0.172849 0.756628
vt 0.167144 0.758694
vt 0.163636 0.751259
vt 0.160798 0.750388
vt 0.168101 0.753322
vt 0.163069 0.752783
vt 0.159104 0.758078
vt 0.151772 0.751725
vt 0.144901 0.758814
vt 0.148232 0.752330
vt 0.145388 0.754030
vt 0.147017 0.754999
vt 0.143074 0.750007
vt 0.139856 0.761328
vt 0.143606 0.756448
vt 0.127852 0.749239
vt 0.134590 0.758099
vt 0.125834 0.756350
vt 0.126906 0.744073
vt 0.112993 0.757765
vt 0.124272 0.741819
vt 0.111051 0.746656
vt 0.110897 0.753065
vt 0.111041 0.753739
vt 0.104985 0.758023
vt 0.107662 0.756507
vt 0.095212 0.764409
vt 0.098263 0.755838
vt 0.091947 0.750943
vt 0.096281 0.756066
vt 0.097509 0.751501
vt 0.071908 0.751378
vt 0.068005 0.751792
vt 0.067426 0.753939
vt 0.060015 0.751272
vt 0.051784 0.747917
vt 0.055171 0.752737
vt 0.053512 0.759897
vt 0.046961 0.751480
vt 0.037490 0.758680
vt 0.040978 0.747543
vt 0.037141 0.750369
vt 0.035432 0.742476
vt 0.031253 0.734606
vt 0.032458 0.751786
vt 0.032458 0.751786
vt 0.024411 0.752811
vt 0.016530 0.754949
vt 0.012969 0.755864
vt 0.245638 0.764930
vt 0.222809 0.763524
vt 0.224940 0.767309
vt 0.228393 0.770962
vt 0.219924 0.764235
vt 0.204663 0.767385
vt 0.199925 0.757427
vt 0.197394 0.769585
vt 0.195515 0.755707
vt 0.189570 0.758897
vt 0.188844 0.764157
vt 0.187460 0.767002
vt 0.186490 0.757359
vt 0.178345 0.760553
vt 0.187461 0.766980
vt 0.180250 0.758407
vt 0.169052 0.762878
vt 0.173180 0.768487
vt 0.165862 0.766166
vt 0.164826 0.762907
vt 0.162341 0.763788
vt 0.165664 0.765546
vt 0.158333 0.762337
vt 0.166121 0.761064
vt 0.160635 0.763793
vt 0.159356 0.764803
vt 0.143222 0.761587
vt 0.153595 0.771771
vt 0.144323 0.770299
vt 0.135450 0.768218
vt 0.126881 0.760901
vt 0.125123 0.764948
vt 0.130402 0.768780
vt 0.118988 0.760110
vt 0.120956 0.761916
vt 0.120290 0.767238
vt 0.115834 0.764949
vt 0.108918 0.764437
vt 0.107222 0.758187
vt 0.102500 0.768275
vt 0.103843 0.764407
vt 0.012140 0.108242
vt 0.018687 0.108595
vt 0.012668 0.104718
vt 0.016315 0.103157
vt 0.007191 0.104770
vt 0.094204 0.762235
vt 0.088500 0.767455
vt 0.093750 0.766511
vt 0.080114 0.759549
vt 0.087673 0.766567
vt 0.091559 0.756786
vt 0.074359 0.765729
vt 0.057426 0.767586
vt 0.071911 0.763721
vt 0.069132 0.769190
vt 0.049676 0.761396
vt 0.046885 0.763637
vt 0.052381 0.762834
vt 0.051385 0.769032
vt 0.044596 0.760669
vt 0.043534 0.767881
vt 0.037412 0.762936
vt 0.030529 0.762206
vt 0.033834 0.760864
vt 0.034781 0.765334
vt 0.023065 0.762909
vt 0.019735 0.758373
vt 0.025958 0.766858
vt 0.019146 0.762807
vt 0.017329 0.773879
vt 0.014668 0.771949
vt 0.016750 0.762760
vt 0.011996 0.763413
vt 0.006779 0.757576
vt 0.011666 0.765575
vt 0.245741 0.768080
vt 0.247675 0.800272
vt 0.228420 0.792344
vt 0.225167 0.774035
vt 0.220381 0.772891
vt 0.224744 0.771840
vt 0.220085 0.765880
vt 0.212912 0.770787
vt 0.218579 0.773386
vt 0.212682 0.771272
vt 0.212700 0.773686
vt 0.202668 0.780882
vt 0.209396 0.773025
vt 0.206166 0.768559
vt 0.209222 0.772964
vt 0.204004 0.776244
vt 0.198548 0.772963
vt 0.195574 0.777250
vt 0.186275 0.771022
vt 0.186164 0.777871
vt 0.182529 0.770715
vt 0.182917 0.776435
vt 0.172363 0.778449
vt 0.166953 0.770856
vt 0.160888 0.780165
vt 0.164236 0.768456
vt 0.160700 0.776030
vt 0.160408 0.769606
vt 0.148905 0.773763
vt 0.136141 0.769292
vt 0.141401 0.773755
vt 0.134804 0.773138
vt 0.107274 0.777171
vt 0.115100 0.765807
vt 0.106116 0.771097
vt 0.106877 0.767419
vt 0.116432 0.773836
vt 0.111520 0.779454
vt 0.106079 0.771154
vt 0.102013 0.770648
vt 0.101468 0.776874
vt 0.097191 0.770540
vt 0.099682 0.775621
vt 0.088553 0.780638
vt 0.085499 0.775087
vt 0.085233 0.771508
vt 0.085360 0.774653
vt 0.078064 0.768813
vt 0.084577 0.771509
vt 0.079754 0.774524
vt 0.072378 0.770996
vt 0.072201 0.773604
vt 0.062550 0.772568
vt 0.060757 0.775679
vt 0.062124 0.779292
vt 0.056026 0.775162
vt 0.060457 0.775501
vt 0.059258 0.777002
vt 0.052283 0.774965
vt 0.037727 0.773195
vt 0.046366 0.770880
vt 0.044127 0.775902
vt 0.037677 0.779640
vt 0.036590 0.770419
vt 0.032572 0.775616
vt 0.033007 0.771054
vt 0.034537 0.765190
vt 0.026444 0.776278
vt 0.019595 0.778020
vt 0.012307 0.772516
vt 0.011613 0.765644
vt 0.006118 0.774429
vt 0.014014 0.773340
vt 0.007660 0.779123
vt 0.222124 0.784702
vt 0.224568 0.790563
vt 0.222330 0.776897
vt 0.213458 0.793407
vt 0.222123 0.784878
vt 0.182464 0.778115
vt 0.176676 0.782870
vt 0.180528 0.784437
vt 0.173695 0.780191
vt 0.167183 0.785699
vt 0.168907 0.782170
vt 0.170374 0.782925
vt 0.163592 0.784881
vt 0.166192 0.785595
vt 0.159377 0.781304
vt 0.156076 0.781090
vt 0.152320 0.787801
vt 0.150138 0.782643
vt 0.159754 0.778319
vt 0.154527 0.773942
vt 0.140720 0.774994
vt 0.143142 0.777629
vt 0.146798 0.783776
vt 0.139547 0.780830
vt 0.138705 0.792919
vt 0.132834 0.784523
vt 0.131534 0.769463
vt 0.126196 0.781711
vt 0.131514 0.780786
vt 0.124820 0.778982
vt 0.122734 0.784799
vt 0.121356 0.777861
vt 0.115113 0.779350
vt 0.115092 0.779411
vt 0.111643 0.784325
vt 0.109184 0.781345
vt 0.107339 0.778571
vt 0.104919 0.782958
vt 0.089117 0.785367
vt 0.089172 0.785611
vt 0.081737 0.789242
vt 0.082358 0.785236
vt 0.086849 0.780038
vt 0.084484 0.775462
vt 0.082767 0.784399
vt 0.078067 0.779283
vt 0.075368 0.783965
vt 0.080487 0.788271
vt 0.061323 0.785121
vt 0.053183 0.778301
vt 0.061550 0.779457
vt 0.058792 0.783944
vt 0.048261 0.790958
vt 0.051848 0.775833
vt 0.046862 0.778208
vt 0.042848 0.779018
vt 0.033612 0.784450
vt 0.035629 0.779096
vt 0.031268 0.782284
vt 0.018425 0.786663
vt 0.032335 0.791385
vt 0.019272 0.781181
vt 0.017443 0.781046
vt 0.011992 0.778638
vt 0.010071 0.783538
vt 0.018248 0.786408
vt 0.275861 0.994290
vt 0.280082 0.998324
vt 0.282784 0.994400
vt 0.006295 0.781223
vt 0.005085 0.800553
vt 0.005032 0.779850
vt 0.242367 0.768933
vt 0.246803 0.803424
vt 0.227929 0.791161
vt 0.222937 0.789664
vt 0.224626 0.792057
vt 0.217591 0.794307
vt 0.222639 0.800960
vt 0.200562 0.788598
vt 0.205969 0.791645
vt 0.200676 0.793747
vt 0.207030 0.797908
vt 0.189704 0.796719
vt 0.194511 0.788378
vt 0.198241 0.782975
vt 0.187788 0.788083
vt 0.186501 0.788363
vt 0.182703 0.796087
vt 0.178419 0.786891
vt 0.173434 0.794418
vt 0.169830 0.790065
vt 0.163402 0.794672
vt 0.172407 0.793579
vt 0.157318 0.788873
vt 0.167755 0.789098
vt 0.155491 0.792604
vt 0.146414 0.797087
vt 0.147300 0.787633
vt 0.135221 0.796000
vt 0.142181 0.795075
vt 0.127869 0.784272
vt 0.126535 0.794290
vt 0.122615 0.791418
vt 0.112377 0.790224
vt 0.117319 0.793680
vt 0.105027 0.792166
vt 0.091207 0.788567
vt 0.091391 0.792930
vt 0.092909 0.800767
vt 0.091261 0.788775
vt 0.087571 0.789933
vt 0.088897 0.793205
vt 0.083549 0.796383
vt 0.079502 0.793362
vt 0.074122 0.791928
vt 0.079722 0.792893
vt 0.072597 0.796157
vt 0.075792 0.795848
vt 0.058606 0.796528
vt 0.070249 0.794052
vt 0.056555 0.789599
vt 0.055710 0.788664
vt 0.044195 0.793848
vt 0.055294 0.801053
vt 0.055685 0.788828
vt 0.055114 0.793264
vt 0.036704 0.791674
vt 0.042143 0.794755
vt 0.020451 0.797192
vt 0.015645 0.800896
vt 0.012212 0.791433
vt 0.012886 0.796542
vt 0.249178 0.803229
vt 0.251347 0.806099
vt 0.251408 0.817311
vt 0.228045 0.793160
vt 0.224987 0.801071
vt 0.227429 0.809652
vt 0.226118 0.806674
vt 0.219042 0.798972
vt 0.214397 0.804686
vt 0.211452 0.797512
vt 0.211060 0.804643
vt 0.211949 0.800588
vt 0.200786 0.812399
vt 0.429688 0.732301
vt 0.427470 0.736542
vt 0.422270 0.732970
vt 0.180702 0.800205
vt 0.179162 0.804667
vt 0.168678 0.799333
vt 0.169209 0.803606
vt 0.168035 0.802952
vt 0.153419 0.804899
vt 0.150451 0.800772
vt 0.142174 0.795059
vt 0.149782 0.800900
vt 0.143874 0.799671
vt 0.149139 0.803595
vt 0.138555 0.803530
vt 0.127326 0.807828
vt 0.133115 0.806528
vt 0.118943 0.795353
vt 0.114298 0.797416
vt 0.119948 0.805488
vt 0.115816 0.796079
vt 0.274128 0.876497
vt 0.280128 0.874406
vt 0.269650 0.873919
vt 0.089874 0.796265
vt 0.088893 0.793203
vt 0.087054 0.799860
vt 0.082045 0.799317
vt 0.083100 0.806281
vt 0.077735 0.800002
vt 0.077277 0.803758
vt 0.076861 0.800504
vt 0.067916 0.806088
vt 0.051951 0.802179
vt 0.040099 0.799366
vt 0.041049 0.795376
vt 0.037317 0.794558
vt 0.036472 0.798841
vt 0.036357 0.791821
vt 0.031943 0.804975
vt 0.035011 0.803047
vt 0.024459 0.798473
vt 0.018666 0.804100
vt 0.020245 0.809623
vt 0.017557 0.802924
vt 0.009103 0.799571
vt 0.014249 0.806708
vt 0.008003 0.808251
vt 0.255888 0.830197
vt 0.247237 0.815835
vt 0.246972 0.806204
vt 0.223566 0.807658
vt 0.212938 0.809692
vt 0.221750 0.817465
vt 0.204562 0.810338
vt 0.209693 0.819334
vt 0.205094 0.818257
vt 0.197125 0.815990
vt 0.202880 0.815166
vt 0.194777 0.797725
vt 0.194730 0.814606
vt 0.183054 0.803363
vt 0.189953 0.817778
vt 0.185699 0.811373
vt 0.179280 0.810465
vt 0.183484 0.814962
vt 0.177061 0.819934
vt 0.172400 0.814179
vt 0.175904 0.805854
vt 0.169522 0.810647
vt 0.172118 0.813338
vt 0.164592 0.808592
vt 0.152469 0.807915
vt 0.155253 0.810108
vt 0.151674 0.804696
vt 0.148828 0.809022
vt 0.142949 0.808955
vt 0.144468 0.814232
vt 0.141467 0.809380
vt 0.136244 0.807139
vt 0.142522 0.814698
vt 0.126954 0.817628
vt 0.127403 0.808840
vt 0.123289 0.810134
vt 0.125641 0.811615
vt 0.112717 0.813923
vt 0.121415 0.808481
vt 0.118437 0.812683
vt 0.094076 0.811019
vt 0.096163 0.802231
vt 0.106556 0.812491
vt 0.092289 0.806284
vt 0.091986 0.801680
vt 0.087922 0.810354
vt 0.080090 0.812692
vt 0.069225 0.807764
vt 0.075911 0.809446
vt 0.065719 0.812767
vt 0.060664 0.806442
vt 0.064360 0.807671
vt 0.063685 0.812636
vt 0.061527 0.808540
vt 0.059912 0.815443
vt 0.056588 0.803798
vt 0.048491 0.812711
vt 0.048496 0.805961
vt 0.046710 0.811850
vt 0.044362 0.809754
vt 0.042013 0.813797
vt 0.048124 0.805910
vt 0.033401 0.810954
vt 0.035079 0.803924
vt 0.033385 0.811986
vt 0.034418 0.821949
vt 0.032141 0.815540
vt 0.030063 0.813014
vt 0.021833 0.816975
vt 0.014818 0.806932
vt 0.007559 0.818308
vt 0.016284 0.819916
vt 0.224859 0.816124
vt 0.224882 0.819344
vt 0.225707 0.823065
vt 0.226988 0.831069
vt 0.225516 0.822667
vt 0.220792 0.820661
vt 0.222927 0.824918
vt 0.225482 0.832866
vt 0.218636 0.821884
vt 0.219417 0.822837
vt 0.212208 0.821489
vt 0.207617 0.822243
vt 0.208894 0.828300
vt 0.216570 0.821858
vt 0.196933 0.820625
vt 0.199948 0.824123
vt 0.190000 0.817744
vt 0.179281 0.825699
vt 0.167968 0.814338
vt 0.164483 0.819196
vt 0.181076 0.827709
vt 0.162827 0.826058
vt 0.163084 0.814803
vt 0.159399 0.816715
vt 0.151584 0.811905
vt 0.148359 0.821151
vt 0.157605 0.817125
vt 0.144030 0.814615
vt 0.140801 0.820533
vt 0.140028 0.825049
vt 0.137303 0.820321
vt 0.133433 0.821845
vt 0.136887 0.820017
vt 0.119844 0.823789
vt 0.114389 0.820288
vt 0.109560 0.814796
vt 0.111188 0.819723
vt 0.107996 0.819649
vt 0.111418 0.820438
vt 0.109581 0.821541
vt 0.104319 0.816629
vt 0.104264 0.821681
vt 0.104264 0.814284
vt 0.098045 0.814221
vt 0.094255 0.830043
vt 0.090276 0.816096
vt 0.082498 0.818096
vt 0.083411 0.824608
vt 0.074479 0.814188
vt 0.077481 0.822340
vt 0.082108 0.817364
vt 0.066365 0.817250
vt 0.056137 0.820220
vt 0.058721 0.824999
vt 0.061397 0.821569
vt 0.044847 0.816700
vt 0.051433 0.815971
vt 0.053753 0.819952
vt 0.041753 0.825208
vt 0.027518 0.818315
vt 0.031596 0.820461
vt 0.027634 0.822230
vt 0.022081 0.825550
vt 0.021495 0.820702
vt 0.012728 0.826990
vt 0.009056 0.823521
vt 0.255544 0.831712
vt 0.254123 0.829998
vt 0.253177 0.833387
vt 0.249893 0.831002
vt 0.250101 0.820259
vt 0.247359 0.816819
vt 0.222170 0.834022
vt 0.215855 0.826650
vt 0.220581 0.840329
vt 0.213760 0.838869
vt 0.204274 0.828653
vt 0.202230 0.841873
vt 0.202671 0.829197
vt 0.196053 0.838889
vt 0.196110 0.826230
vt 0.199208 0.827845
vt 0.192742 0.825485
vt 0.193128 0.819044
vt 0.189642 0.827085
vt 0.190262 0.833930
vt 0.176276 0.834272
vt 0.173882 0.834907
vt 0.165639 0.829635
vt 0.170079 0.835217
vt 0.167632 0.834836
vt 0.160435 0.834091
vt 0.160348 0.821308
vt 0.159623 0.833345
vt 0.159619 0.833340
vt 0.133902 0.833242
vt 0.147020 0.836770
vt 0.131587 0.827589
vt 0.122756 0.826789
vt 0.128798 0.820014
vt 0.121685 0.832597
vt 0.118114 0.828387
vt 0.116081 0.832019
vt 0.101783 0.825581
vt 0.088260 0.826699
vt 0.081493 0.830229
vt 0.079639 0.822691
vt 0.077980 0.825707
vt 0.082997 0.825145
vt 0.082137 0.829729
vt 0.074083 0.823973
vt 0.068248 0.838075
vt 0.065300 0.830781
vt 0.061999 0.821469
vt 0.062687 0.833139
vt 0.052608 0.831657
vt 0.050691 0.823271
vt 0.040152 0.828812
vt 0.044444 0.835406
vt 0.034414 0.823783
vt 0.034578 0.833221
vt 0.037993 0.830636
vt 0.029757 0.830479
vt 0.027803 0.822662
vt 0.020635 0.831716
vt 0.027118 0.833874
vt 0.013312 0.829096
vt 0.007617 0.826798
vt 0.008333 0.833085
vt 0.004659 0.825009
vt 0.255430 0.861934
vt 0.256433 0.832835
vt 0.258488 0.869669
vt 0.226293 0.832936
vt 0.224750 0.839265
vt 0.226591 0.858744
vt 0.222905 0.841735
vt 0.209412 0.828783
vt 0.206751 0.830791
vt 0.208610 0.838680
vt 0.198965 0.841666
vt 0.192876 0.836197
vt 0.191347 0.844681
vt 0.189265 0.840204
vt 0.183560 0.838759
vt 0.177977 0.836485
vt 0.176706 0.836148
vt 0.175199 0.840987
vt 0.168380 0.836822
vt 0.167089 0.840740
vt 0.158878 0.839195
vt 0.166074 0.844610
vt 0.145622 0.841023
vt 0.135780 0.837276
vt 0.133164 0.849730
vt 0.131027 0.836352
vt 0.129108 0.832724
vt 0.123515 0.832440
vt 0.130102 0.842618
vt 0.125263 0.842044
vt 0.123305 0.838629
vt 0.119988 0.833131
vt 0.116070 0.840118
vt 0.120329 0.835087
vt 0.121574 0.838842
vt 0.101198 0.841868
vt 0.097619 0.831355
vt 0.097622 0.837698
vt 0.096681 0.833755
vt 0.092478 0.833567
vt 0.097587 0.837807
vt 0.093519 0.840630
vt 0.089045 0.836880
vt 0.082091 0.844649
vt 0.076315 0.835119
vt 0.080491 0.842188
vt 0.076524 0.836642
vt 0.076172 0.848348
vt 0.066257 0.834637
vt 0.062403 0.835284
vt 0.063561 0.838970
vt 0.057223 0.844940
vt 0.049695 0.837613
vt 0.053367 0.836735
vt 0.049383 0.847408
vt 0.039660 0.846069
vt 0.040479 0.841220
vt 0.040439 0.841716
vt 0.037498 0.844462
vt 0.034623 0.833629
vt 0.029607 0.843167
vt 0.032068 0.854435
vt 0.029263 0.836886
vt 0.027027 0.842343
vt 0.015181 0.846450
vt 0.013786 0.841344
vt 0.005488 0.837405
vt 0.005225 0.851549
vt 0.222768 0.846275
vt 0.219812 0.854216
vt 0.219750 0.846678
vt 0.219370 0.847415
vt 0.213606 0.842857
vt 0.208963 0.847641
vt 0.204595 0.846486
vt 0.201275 0.852672
vt 0.187450 0.842751
vt 0.186509 0.847122
vt 0.184662 0.841383
vt 0.182963 0.839409
vt 0.185427 0.852022
vt 0.175901 0.849168
vt 0.171559 0.850854
vt 0.168308 0.844631
vt 0.166449 0.849355
vt 0.163513 0.850734
vt 0.159319 0.851032
vt 0.155372 0.852287
vt 0.159599 0.854908
vt 0.152768 0.849435
vt 0.148643 0.846466
vt 0.147314 0.848260
vt 0.146203 0.853357
vt 0.150526 0.850323
vt 0.144307 0.846239
vt 0.134182 0.853972
vt 0.141974 0.852836
vt 0.122960 0.844630
vt 0.128513 0.854223
vt 0.120200 0.849215
vt 0.123965 0.854616
vt 0.115474 0.844918
vt 0.115807 0.848979
vt 0.117817 0.849831
vt 0.114754 0.853753
vt 0.111993 0.848954
vt 0.104806 0.846135
vt 0.110431 0.860548
vt 0.094219 0.843054
vt 0.098004 0.852697
vt 0.093190 0.853401
vt 0.087657 0.852143
vt 0.081855 0.850261
vt 0.072039 0.848046
vt 0.069173 0.839519
vt 0.067381 0.854432
vt 0.070153 0.855273
vt 0.067958 0.849891
vt 0.059461 0.854839
vt 0.054482 0.852086
vt 0.409601 0.905541
vt 0.403853 0.902155
vt 0.405055 0.906477
vt 0.046152 0.852125
vt 0.036633 0.847934
vt 0.041348 0.852499
vt 0.035294 0.850995
vt 0.026419 0.845854
vt 0.027722 0.854330
vt 0.018488 0.850014
vt 0.026430 0.845551
vt 0.018822 0.853741
vt 0.027209 0.855624
vt 0.012715 0.846004
vt 0.210781 0.859582
vt 0.202367 0.854226
vt 0.197418 0.855592
vt 0.198632 0.864359
vt 0.192760 0.859151
vt 0.194310 0.851734
vt 0.184699 0.855636
vt 0.176370 0.851417
vt 0.169981 0.852387
vt 0.170812 0.859668
vt 0.183103 0.856376
vt 0.163554 0.860196
vt 0.164233 0.852981
vt 0.162649 0.859915
vt 0.156606 0.864109
vt 0.146926 0.854586
vt 0.154112 0.858187
vt 0.142882 0.861396
vt 0.145252 0.862340
vt 0.128772 0.855965
vt 0.140537 0.864400
vt 0.130507 0.853552
vt 0.121771 0.863402
vt 0.120343 0.859753
vt 0.101786 0.855611
vt 0.100556 0.851216
vt 0.107170 0.860472
vt 0.098813 0.858221
vt 0.098481 0.867008
vt 0.095582 0.855701
vt 0.093048 0.861657
vt 0.092133 0.854909
vt 0.088878 0.852227
vt 0.088064 0.857668
vt 0.077832 0.854052
vt 0.077944 0.857518
vt 0.075550 0.854977
vt 0.070565 0.856649
vt 0.067366 0.854449
vt 0.063066 0.863224
vt 0.073841 0.858719
vt 0.057396 0.860916
vt 0.047406 0.863004
vt 0.037858 0.860983
vt 0.039761 0.863103
vt 0.036308 0.854006
vt 0.032043 0.854478
vt 0.029064 0.857183
vt 0.026660 0.862491
vt 0.017657 0.857076
vt 0.024077 0.862996
vt 0.016278 0.850919
vt 0.010604 0.851440
vt 0.015698 0.856001
vt 0.012825 0.855388
vt 0.007303 0.852878
vt 0.012627 0.861024
vt 0.010485 0.870558
vt 0.004448 0.879296
vt 0.221279 0.870302
vt 0.221606 0.866033
vt 0.212741 0.873781
vt 0.217293 0.855713
vt 0.207076 0.862921
vt 0.210238 0.870418
vt 0.204315 0.867758
vt 0.201697 0.865360
vt 0.199284 0.865775
vt 0.196272 0.864883
vt 0.193238 0.864420
vt 0.194499 0.874627
vt 0.188422 0.872043
vt 0.183905 0.871483
vt 0.180949 0.869425
vt 0.174228 0.869816
vt 0.168388 0.873614
vt 0.176191 0.874838
vt 0.169320 0.863449
vt 0.168453 0.863615
vt 0.159011 0.866463
vt 0.159550 0.873911
vt 0.153320 0.869244
vt 0.146041 0.869717
vt 0.145478 0.872087
vt 0.147142 0.861241
vt 0.141424 0.864854
vt 0.156998 0.865578
vt 0.135652 0.863897
vt 0.124751 0.865884
vt 0.138695 0.867379
vt 0.128528 0.873893
vt 0.108380 0.865550
vt 0.112719 0.869937
vt 0.119855 0.866294
vt 0.109020 0.869318
vt 0.107915 0.865885
vt 0.104526 0.866872
vt 0.103122 0.865415
vt 0.101207 0.870119
vt 0.100690 0.880123
vt 0.095049 0.864313
vt 0.097516 0.870765
vt 0.092808 0.867058
vt 0.087343 0.860026
vt 0.085328 0.868147
vt 0.090116 0.870888
vt 0.075181 0.875194
vt 0.072927 0.871272
vt 0.067051 0.866721
vt 0.060655 0.865903
vt 0.053345 0.869491
vt 0.066489 0.866960
vt 0.057233 0.871934
vt 0.049586 0.866508
vt 0.041841 0.863065
vt 0.024914 0.865055
vt 0.051685 0.869731
vt 0.041928 0.876395
vt 0.034254 0.873830
vt 0.023983 0.864037
vt 0.015400 0.863825
vt 0.017719 0.871183
vt 0.255859 0.882450
vt 0.262768 0.888959
vt 0.255582 0.862510
vt 0.253073 0.859243
vt 0.256298 0.883334
vt 0.223787 0.867603
vt 0.221409 0.872932
vt 0.226236 0.877802
vt 0.223142 0.883340
vt 0.224701 0.878586
vt 0.221477 0.874318
vt 0.215720 0.876935
vt 0.213797 0.884724
vt 0.210477 0.873436
vt 0.208891 0.880014
vt 0.205790 0.869784
vt 0.199454 0.871274
vt 0.195087 0.885314
vt 0.187513 0.875972
vt 0.189177 0.882053
vt 0.178304 0.878352
vt 0.185202 0.878757
vt 0.178258 0.874310
vt 0.170529 0.880434
vt 0.162569 0.872680
vt 0.157773 0.877670
vt 0.154431 0.881556
vt 0.149925 0.874140
vt 0.156956 0.877164
vt 0.154079 0.878340
vt 0.141958 0.880203
vt 0.141602 0.876239
vt 0.141227 0.869093
vt 0.134829 0.878537
vt 0.133405 0.875084
vt 0.118249 0.877945
vt 0.130142 0.880515
vt 0.119457 0.873869
vt 0.114946 0.875124
vt 0.117261 0.878165
vt 0.119084 0.883820
vt 0.120161 0.885784
vt 0.113579 0.872609
vt 0.108817 0.871327
vt 0.112780 0.878947
vt 0.099237 0.877295
vt 0.097446 0.871836
vt 0.090183 0.876238
vt 0.093461 0.882137
vt 0.086508 0.883520
vt 0.081167 0.883126
vt 0.076917 0.881122
vt 0.068436 0.876302
vt 0.071237 0.873294
vt 0.074383 0.874963
vt 0.222565 0.665773
vt 0.229704 0.664481
vt 0.214878 0.661469
vt 0.053854 0.877482
vt 0.060129 0.880895
vt 0.064700 0.874662
vt 0.057252 0.873392
vt 0.056319 0.881083
vt 0.054074 0.880188
vt 0.051422 0.877894
vt 0.046177 0.880533
vt 0.027781 0.873664
vt 0.022571 0.877042
vt 0.031158 0.882362
vt 0.020043 0.871405
vt 0.019060 0.876510
vt 0.009020 0.883062
vt 0.016897 0.875538
vt 0.019591 0.877586
vt 0.012907 0.882587
vt 0.224302 0.899191
vt 0.215364 0.889399
vt 0.208915 0.885447
vt 0.204792 0.888881
vt 0.199292 0.891654
vt 0.193239 0.885650
vt 0.190154 0.883915
vt 0.191162 0.888810
vt 0.176977 0.885420
vt 0.180824 0.888330
vt 0.172200 0.884562
vt 0.171577 0.880810
vt 0.156631 0.886602
vt 0.168565 0.883998
vt 0.163507 0.889181
vt 0.162291 0.886589
vt 0.157635 0.889583
vt 0.141652 0.884350
vt 0.147569 0.891256
vt 0.143879 0.881093
vt 0.140155 0.880185
vt 0.130252 0.895250
vt 0.135255 0.879281
vt 0.131294 0.881274
vt 0.120880 0.889297
vt 0.106760 0.884197
vt 0.112701 0.888164
vt 0.116487 0.890280
vt 0.110185 0.879612
vt 0.099726 0.881431
vt 0.103472 0.884322
vt 0.098370 0.888525
vt 0.103495 0.889949
vt 0.101275 0.884626
vt 0.087100 0.884583
vt 0.088750 0.890329
vt 0.079795 0.890627
vt 0.077836 0.888098
vt 0.076709 0.884858
vt 0.076809 0.881109
vt 0.072917 0.886205
vt 0.063565 0.882789
vt 0.065673 0.887586
vt 0.065046 0.887421
vt 0.060853 0.886655
vt 0.059816 0.892900
vt 0.061749 0.883054
vt 0.057090 0.884030
vt 0.058404 0.888076
vt 0.046822 0.885299
vt 0.053991 0.880569
vt 0.042404 0.881886
vt 0.040274 0.877778
vt 0.034377 0.874494
vt 0.030539 0.893495
vt 0.035714 0.885718
vt 0.022713 0.891786
vt 0.028865 0.884752
vt 0.020485 0.886506
vt 0.017382 0.884877
vt 0.015439 0.884229
vt 0.007121 0.882756
vt 0.015076 0.886462
vt 0.216820 0.894438
vt 0.214261 0.895669
vt 0.218546 0.904624
vt 0.213110 0.892524
vt 0.208471 0.899411
vt 0.205853 0.889776
vt 0.207853 0.895862
vt 0.204014 0.894194
vt 0.200875 0.891303
vt 0.196167 0.898054
vt 0.207228 0.900654
vt 0.202780 0.902241
vt 0.189710 0.889637
vt 0.191561 0.896213
vt 0.187975 0.906836
vt 0.153115 0.900631
vt 0.159811 0.901515
vt 0.152349 0.890644
vt 0.146501 0.893698
vt 0.141900 0.900566
vt 0.130221 0.895245
vt 0.139648 0.901308
vt 0.126796 0.897258
vt 0.114140 0.892236
vt 0.125010 0.901977
vt 0.111233 0.890888
vt 0.105047 0.895174
vt 0.108900 0.895715
vt 0.102605 0.899722
vt 0.116943 0.902113
vt 0.105789 0.896583
vt 0.101342 0.892089
vt 0.099208 0.897868
vt 0.095262 0.890343
vt 0.081725 0.900362
vt 0.097080 0.904217
vt 0.091258 0.892686
vt 0.088502 0.890544
vt 0.080981 0.894037
vt 0.080621 0.898149
vt 0.080191 0.890898
vt 0.074963 0.887719
vt 0.067214 0.896459
vt 0.078143 0.900831
vt 0.056999 0.888318
vt 0.043833 0.887452
vt 0.039980 0.891463
vt 0.056155 0.893743
vt 0.042845 0.897722
vt 0.036980 0.890762
vt 0.032517 0.894592
vt 0.038339 0.895430
vt 0.034736 0.902509
vt 0.022312 0.893883
vt 0.022716 0.901040
vt 0.027504 0.895273
vt 0.017694 0.886042
vt 0.014158 0.895032
vt 0.021244 0.889825
vt 0.300528 0.287629
vt 0.306261 0.286227
vt 0.304058 0.290679
vt 0.004738 0.902753
vt 0.266757 0.911795
vt 0.270076 0.913930
vt 0.224261 0.914129
vt 0.214817 0.916980
vt 0.210216 0.906854
vt 0.190148 0.906750
vt 0.189849 0.911250
vt 0.189359 0.901988
vt 0.173403 0.906834
vt 0.157808 0.904097
vt 0.165790 0.912922
vt 0.143360 0.916057
vt 0.140624 0.905232
vt 0.137411 0.912872
vt 0.130102 0.901593
vt 0.132127 0.904177
vt 0.132799 0.907203
vt 0.125464 0.902666
vt 0.131261 0.903836
vt 0.125987 0.903498
vt 0.129401 0.907297
vt 0.126221 0.911111
vt 0.116294 0.899420
vt 0.108449 0.915821
vt 0.097061 0.904364
vt 0.098140 0.909181
vt 0.083435 0.904728
vt 0.095923 0.910222
vt 0.001823 0.462682
vt 0.005708 0.459783
vt 0.002484 0.467261
vt 0.063176 0.909791
vt 0.061069 0.898160
vt 0.057312 0.894199
vt 0.062658 0.904376
vt 0.052146 0.898110
vt 0.048909 0.907642
vt 0.050633 0.898963
vt 0.049492 0.901180
vt 0.049489 0.901240
vt 0.043615 0.904376
vt 0.042595 0.907390
vt 0.040391 0.903423
vt 0.030503 0.893492
vt 0.023542 0.906927
vt 0.025999 0.907862
vt 0.033577 0.909169
vt 0.014467 0.896547
vt 0.012400 0.906759
vt 0.020068 0.901373
vt 0.021572 0.908411
vt 0.009122 0.900376
vt 0.006610 0.900516
vt 0.226572 0.912496
vt 0.226384 0.900819
vt 0.226259 0.915705
vt 0.224969 0.924664
vt 0.215994 0.920316
vt 0.212962 0.911433
vt 0.212962 0.911433
vt 0.209543 0.907434
vt 0.210805 0.914221
vt 0.214428 0.917492
vt 0.212762 0.919397
vt 0.207267 0.920854
vt 0.204026 0.916798
vt 0.209621 0.907467
vt 0.193466 0.912881
vt 0.201402 0.916916
vt 0.203829 0.924408
vt 0.187455 0.919806
vt 0.175376 0.916612
vt 0.174525 0.912316
vt 0.174491 0.908206
vt 0.170733 0.915078
vt 0.167040 0.917724
vt 0.175148 0.917697
vt 0.173167 0.918003
vt 0.167110 0.918206
vt 0.169647 0.921780
vt 0.638461 0.659447
vt 0.632066 0.657109
vt 0.640406 0.662393
vt 0.165882 0.912734
vt 0.166836 0.916320
vt 0.151470 0.917787
vt 0.164714 0.918681
vt 0.142900 0.919665
vt 0.134820 0.913293
vt 0.132282 0.907868
vt 0.132789 0.914900
vt 0.137874 0.914204
vt 0.133605 0.915056
vt 0.140595 0.919074
vt 0.123437 0.915702
vt 0.126039 0.917953
vt 0.117204 0.920966
vt 0.122059 0.917729
vt 0.099813 0.914976
vt 0.103059 0.919194
vt 0.089618 0.917078
vt 0.088966 0.910838
vt 0.293932 0.891848
vt 0.303595 0.896629
vt 0.299751 0.892152
vt 0.084174 0.914985
vt 0.072116 0.919226
vt 0.057868 0.906527
vt 0.049462 0.912829
vt 0.059830 0.915810
vt 0.052385 0.906875
vt 0.048909 0.907642
vt 0.037347 0.911147
vt 0.049103 0.913443
vt 0.040693 0.906263
vt 0.034721 0.913568
vt 0.027915 0.909992
vt 0.028184 0.917895
vt 0.025630 0.907969
vt 0.021472 0.909921
vt 0.022689 0.919998
vt 0.016265 0.931174
vt 0.012385 0.915394
vt 0.012475 0.906784
vt 0.010549 0.920077
vt 0.003294 0.902267
vt 0.274264 0.924493
vt 0.272518 0.920476
vt 0.274211 0.923036
vt 0.220030 0.930740
vt 0.213681 0.920224
vt 0.211886 0.930033
vt 0.209202 0.929906
vt 0.188315 0.921143
vt 0.900322 0.121276
vt 0.904344 0.117700
vt 0.906747 0.121363
vt 0.175648 0.922588
vt 0.193309 0.927569
vt 0.188617 0.935208
vt 0.169676 0.928340
vt 0.574462 0.095993
vt 0.581493 0.100117
vt 0.581358 0.098201
vt 0.166150 0.919784
vt 0.170494 0.922590
vt 0.163017 0.923784
vt 0.166015 0.919720
vt 0.158458 0.929614
vt 0.152299 0.923227
vt 0.155220 0.927423
vt 0.149213 0.921445
vt 0.151044 0.926254
vt 0.148329 0.921585
vt 0.146035 0.922049
vt 0.143101 0.924216
vt 0.146203 0.927229
vt 0.142585 0.922130
vt 0.138057 0.923311
vt 0.130559 0.932105
vt 0.137767 0.922920
vt 0.133610 0.920830
vt 0.128881 0.918524
vt 0.134155 0.923801
vt 0.129470 0.925960
vt 0.119089 0.927022
vt 0.117377 0.926451
vt 0.115229 0.922437
vt 0.108844 0.922856
vt 0.108827 0.918855
vt 0.111750 0.919821
vt 0.108518 0.918471
vt 0.105665 0.921561
vt 0.103766 0.924620
vt 0.092324 0.926552
vt 0.316254 0.905585
vt 0.320889 0.895393
vt 0.085090 0.917797
vt 0.080545 0.919310
vt 0.086795 0.922490
vt 0.310183 0.916579
vt 0.062960 0.919230
vt 0.061243 0.921302
vt 0.052525 0.921898
vt 0.044794 0.924042
vt 0.037047 0.918863
vt 0.028408 0.917861
vt 0.035264 0.925087
vt 0.032569 0.926213
vt 0.016928 0.931814
vt 0.012738 0.915697
vt 0.013268 0.920676
vt 0.010800 0.923687
vt 0.011006 0.927838
vt 0.006758 0.925980
vt 0.010604 0.923742
vt 0.223800 0.928306
vt 0.219660 0.941063
vt 0.225263 0.947725
vt 0.214814 0.936879
vt 0.202357 0.929468
vt 0.194147 0.932675
vt 0.203207 0.936940
vt 0.190001 0.937881
vt 0.197663 0.939939
vt 0.181217 0.934914
vt 0.184814 0.939491
vt 0.176439 0.938926
vt 0.171411 0.941019
vt 0.149861 0.928520
vt 0.155265 0.936739
vt 0.146798 0.936925
vt 0.148431 0.931155
vt 0.143801 0.930776
vt 0.142317 0.935692
vt 0.136720 0.935359
vt 0.120500 0.931896
vt 0.105815 0.925597
vt 0.111724 0.936108
vt 0.120264 0.931625
vt 0.125793 0.936500
vt 0.103432 0.926909
vt 0.104990 0.931683
vt 0.105234 0.936850
vt 0.100707 0.926170
vt 0.099780 0.933421
vt 0.094732 0.928176
vt 0.094338 0.932801
vt 0.094359 0.932946
vt 0.089982 0.930635
vt 0.090022 0.941508
vt 0.085329 0.932511
vt 0.079115 0.925327
vt 0.068133 0.927158
vt 0.067607 0.923570
vt 0.065206 0.922127
vt 0.053611 0.925382
vt 0.063377 0.925274
vt 0.059441 0.927435
vt 0.063150 0.925870
vt 0.058087 0.932935
vt 0.043682 0.926238
vt 0.056031 0.931181
vt 0.035500 0.932939
vt 0.045118 0.933160
vt 0.039422 0.926697
vt 0.035556 0.926213
vt 0.033360 0.927077
vt 0.025805 0.921712
vt 0.027657 0.932317
vt 0.012448 0.932957
vt 0.010947 0.928101
vt 0.001309 0.930227
vt 0.006270 0.937005
vt 0.205706 0.943705
vt 0.211853 0.950207
vt 0.210865 0.943689
vt 0.197694 0.947564
vt 0.206430 0.939228
vt 0.189963 0.945296
vt 0.192343 0.948536
vt 0.186496 0.941729
vt 0.184849 0.946813
vt 0.176467 0.938919
vt 0.176159 0.941599
vt 0.183976 0.942842
vt 0.182263 0.947788
vt 0.171739 0.941923
vt 0.174084 0.950516
vt 0.164030 0.945119
vt 0.170560 0.958757
vt 0.158102 0.941290
vt 0.166056 0.942592
vt 0.163868 0.944924
vt 0.161961 0.948851
vt 0.154894 0.946797
vt 0.146207 0.939846
vt 0.156296 0.942505
vt 0.153559 0.947455
vt 0.149172 0.948033
vt 0.143456 0.941978
vt 0.134887 0.939125
vt 0.131298 0.943007
vt 0.131892 0.932928
vt 0.127260 0.937510
vt 0.136241 0.935602
vt 0.132153 0.939377
vt 0.130733 0.943222
vt 0.128092 0.951228
vt 0.109385 0.939915
vt 0.113131 0.949642
vt 0.104554 0.940941
vt 0.109925 0.938688
vt 0.105946 0.947861
vt 0.104516 0.943682
vt 0.100361 0.935659
vt 0.099051 0.940155
vt 0.102603 0.948405
vt 0.078217 0.935349
vt 0.073609 0.934814
vt 0.069983 0.942437
vt 0.068655 0.939019
vt 0.057712 0.937441
vt 0.060158 0.950312
vt 0.063668 0.940067
vt 0.045537 0.938616
vt 0.049941 0.941886
vt 0.046277 0.943738
vt 0.041273 0.935804
vt 0.027886 0.939780
vt 0.038805 0.940769
vt 0.034642 0.942839
vt 0.039188 0.945023
vt 0.032111 0.933886
vt 0.023057 0.934924
vt 0.020340 0.939351
vt 0.015407 0.933901
vt 0.024445 0.940834
vt 0.019881 0.941259
vt 0.023610 0.950118
vt 0.007879 0.946698
vt 0.015868 0.941606
vt 0.012091 0.943255
vt 0.004598 0.939851
vt 0.001869 0.940558
vt 0.220304 0.944608
vt 0.222499 0.952320
vt 0.226339 0.952152
vt 0.225554 0.954440
vt 0.226241 0.961403
vt 0.225734 0.959813
vt 0.219647 0.957412
vt 0.220412 0.952020
vt 0.212799 0.952553
vt 0.217386 0.955700
vt 0.207695 0.953684
vt 0.198448 0.952364
vt 0.199666 0.957698
vt 0.193948 0.948810
vt 0.192925 0.955502
vt 0.196539 0.956147
vt 0.184306 0.951355
vt 0.192036 0.953251
vt 0.187143 0.959383
vt 0.185129 0.955707
vt 0.178865 0.949085
vt 0.179033 0.949535
vt 0.153050 0.953507
vt 0.166494 0.959081
vt 0.149875 0.951608
vt 0.148456 0.951030
vt 0.142862 0.959013
vt 0.145366 0.958861
vt 0.130875 0.958992
vt 0.131548 0.953815
vt 0.132294 0.949962
vt 0.119241 0.948731
vt 0.112136 0.952379
vt 0.116137 0.959065
vt 0.118319 0.946787
vt 0.090559 0.950163
vt 0.097987 0.956633
vt 0.087156 0.950261
vt 0.080184 0.954936
vt 0.076727 0.946913
vt 0.084048 0.942246
vt 0.072337 0.952661
vt 0.071711 0.946857
vt 0.069095 0.954959
vt 0.049447 0.944259
vt 0.043219 0.954466
vt 0.035446 0.951870
vt 0.027797 0.947272
vt 0.029949 0.949572
vt 0.031195 0.953279
vt 0.005446 0.957360
vt 0.219661 0.962085
vt 0.211005 0.954893
vt 0.213315 0.970030
vt 0.210613 0.970262
vt 0.199542 0.975391
vt 0.202204 0.958937
vt 0.203346 0.975303
vt 0.194297 0.972491
vt 0.184963 0.959346
vt 0.176946 0.968677
vt 0.171099 0.968828
vt 0.165368 0.960823
vt 0.156106 0.961948
vt 0.162132 0.968207
vt 0.153018 0.960443
vt 0.145625 0.958859
vt 0.147814 0.961718
vt 0.145095 0.965406
vt 0.145282 0.958982
vt 0.142029 0.961168
vt 0.144694 0.965393
vt 0.137458 0.960740
vt 0.123750 0.964449
vt 0.133441 0.964473
vt 0.133806 0.959564
vt 0.122728 0.962980
vt 0.116276 0.960772
vt 0.111669 0.955619
vt 0.123332 0.970070
vt 0.100047 0.965508
vt 0.083756 0.964925
vt 0.095944 0.964462
vt 0.087189 0.950257
vt 0.083552 0.957051
vt 0.079978 0.955014
vt 0.076992 0.961820
vt 0.073063 0.961796
vt 0.077072 0.968287
vt 0.070733 0.958566
vt 0.776561 0.625721
vt 0.780729 0.627326
vt 0.775521 0.629646
vt 0.065205 0.962328
vt 0.306017 0.993966
vt 0.312894 0.990305
vt 0.303903 0.988617
vt 0.069040 0.962982
vt 0.313205 0.989129
vt 0.314488 0.995485
vt 0.320608 0.988502
vt 0.060949 0.963370
vt 0.060308 0.954844
vt 0.055285 0.959440
vt 0.050485 0.956894
vt 0.048550 0.953793
vt 0.039357 0.955316
vt 0.031870 0.955478
vt 0.045064 0.971399
vt 0.029456 0.961618
vt 0.023374 0.955857
vt 0.026784 0.959153
vt 0.018425 0.963394
vt 0.025828 0.964974
vt 0.018425 0.963394
vt 0.015547 0.960577
vt 0.012520 0.964442
vt 0.005895 0.958843
vt 0.220007 0.973333
vt 0.207435 0.983058
vt 0.209841 0.973744
vt 0.209556 0.973730
vt 0.203945 0.979292
vt 0.186999 0.974599
vt 0.191044 0.976528
vt 0.180541 0.970460
vt 0.182587 0.972593
vt 0.183773 0.972869
vt 0.176086 0.972731
vt 0.187121 0.976550
vt 0.169581 0.970824
vt 0.171047 0.972359
vt 0.164503 0.969838
vt 0.174078 0.972459
vt 0.169433 0.972881
vt 0.163822 0.976411
vt 0.166567 0.971274
vt 0.159661 0.976508
vt 0.156318 0.972232
vt 0.158087 0.969003
vt 0.154472 0.971955
vt 0.160532 0.970232
vt 0.154271 0.977935
vt 0.143292 0.970498
vt 0.132425 0.973669
vt 0.128419 0.971313
vt 0.124513 0.972356
vt 0.120858 0.974298
vt 0.113018 0.971984
vt 0.109279 0.969898
vt 0.112565 0.976141
vt 0.109196 0.971473
vt 0.104322 0.972524
vt 0.961384 0.940265
vt 0.959464 0.941474
vt 0.961733 0.946238
vt 0.099512 0.978892
vt 0.093680 0.976164
vt 0.095237 0.965987
vt 0.087122 0.968531
vt 0.093859 0.970276
vt 0.097358 0.967929
vt 0.072701 0.962286
vt 0.068687 0.968907
vt 0.069027 0.962996
vt 0.065606 0.966770
vt 0.065606 0.966770
vt 0.060981 0.966565
vt 0.065962 0.969691
vt 0.065515 0.980375
vt 0.059374 0.967936
vt 0.054405 0.960777
vt 0.048663 0.959775
vt 0.056068 0.963427
vt 0.049397 0.968900
vt 0.056160 0.968479
vt 0.027559 0.970051
vt 0.019774 0.972590
vt 0.015798 0.965211
vt 0.014269 0.977144
vt 0.226053 0.977295
vt 0.219917 0.991036
vt 0.225238 0.998326
vt 0.225465 0.973358
vt 0.222194 0.978480
vt 0.207210 0.987245
vt 0.193354 0.980895
vt 0.203001 0.983377
vt 0.204281 0.991870
vt 0.192037 0.985247
vt 0.595882 0.187888
vt 0.590701 0.183628
vt 0.590731 0.186342
vt 0.173164 0.987031
vt 0.189313 0.985460
vt 0.163482 0.980953
vt 0.162754 0.985524
vt 0.162002 0.977293
vt 0.154676 0.985067
vt 0.150991 0.978163
vt 0.155209 0.972408
vt 0.145682 0.985154
vt 0.153777 0.983921
vt 0.151505 0.980569
vt 0.139180 0.977470
vt 0.139176 0.977472
vt 0.134703 0.977174
vt 0.137757 0.982137
vt 0.129142 0.981770
vt 0.146436 0.986270
vt 0.135925 0.978086
vt 0.130846 0.973740
vt 0.125390 0.974398
vt 0.130038 0.978698
vt 0.118842 0.975804
vt 0.384191 0.281539
vt 0.381230 0.285176
vt 0.375281 0.282017
vt 0.112805 0.981624
vt 0.105631 0.980142
vt 0.097240 0.981799
vt 0.085065 0.980170
vt 0.093245 0.987305
vt 0.091812 0.976902
vt 0.081710 0.976074
vt 0.077387 0.969516
vt 0.085954 0.976976
vt 0.072287 0.978722
vt 0.069446 0.990942
vt 0.074039 0.974444
vt 0.069002 0.969657
vt 0.067587 0.976742
vt 0.381398 0.342296
vt 0.380431 0.346534
vt 0.360965 0.347262
vt 0.361207 0.330527
vt 0.053136 0.981175
vt 0.041690 0.978474
vt 0.043064 0.977473
vt 0.038494 0.977044
vt 0.032970 0.979712
vt 0.022489 0.974247
vt 0.031635 0.982676
vt 0.020748 0.984169
vt 0.214983 0.996590
vt 0.214663 0.991620
vt 0.202796 0.985439
vt 0.201083 0.989985
vt 0.200817 0.997338
vt 0.187480 0.995748
vt 0.189366 0.986467
vt 0.184525 0.989724
vt 0.184928 0.991431
vt 0.178244 0.990789
vt 0.154320 0.988088
vt 0.171494 0.989090
vt 0.158975 0.994968
vt 0.153448 0.991600
vt 0.144811 0.990658
vt 0.139215 0.991566
vt 0.133583 0.987044
vt 0.134298 0.996471
vt 0.134204 0.993703
vt 0.131872 0.996213
vt 0.108067 0.986211
vt 0.371841 0.286907
vt 0.371520 0.295140
vt 0.362179 0.300900
vt 0.106829 0.985691
vt 0.353604 0.335248
vt 0.068375 0.991376
vt 0.052144 0.983412
vt 0.050866 0.989239
vt 0.039023 0.983988
vt 0.047099 0.990509
vt 0.035062 0.988915
vt 0.032970 0.979714
vt 0.037714 0.978618
vt 0.032671 0.984259
vt 0.028425 0.991126
vt 0.030258 0.994087
vt 0.032024 0.984830
vt 0.026964 0.986099
vt 0.027402 0.985025
vt 0.023080 0.988366
vt 0.017857 0.985201
vt 0.004840 0.977795
vt 0.011037 0.983715
vt 0.021274 0.988771
vt 0.006131 0.989408
vt 0.009133 0.989483
vt 0.009991 0.993408
vt 0.213751 0.998119
vt 0.201307 0.998342
vt 0.219880 0.999204
vt 0.196421 0.997675
vt 0.194705 0.998235
vt 0.154099 0.997557
vt 0.150923 0.997220
vt 0.144835 0.995921
vt 0.124258 0.982372
vt 0.108331 0.989374
vt 0.130088 0.987568
vt 0.071646 0.991079
vt 0.105117 0.987969
vt 0.092474 0.990361
vt 0.087706 0.986480
vt 0.030610 0.993766
vt 0.037551 0.992131
vt 0.005969 0.993567
vt 0.041121 0.450662
vt 0.056122 0.449997
vt 0.048777 0.449944
vt 0.082016 0.448995
vt 0.048878 0.446821
vt 0.061204 0.448153
vt 0.053826 0.445961
vt 0.064115 0.444784
vt 0.073059 0.441213
vt 0.095067 0.451956
vt 0.121079 0.451259
vt 0.113536 0.448855
vt 0.046656 0.399785
vt 0.254085 0.455398
vt 0.050155 0.400395
vt 0.127156 0.445854
vt 0.118167 0.448763
vt 0.128128 0.451256
vt 0.139845 0.444671
vt 0.130517 0.449527
vt 0.152132 0.447489
vt 0.164602 0.446752
vt 0.166136 0.449536
vt 0.170874 0.452498
vt 0.169725 0.449751
vt 0.215124 0.451762
vt 0.180222 0.449870
vt 0.177698 0.450218
vt 0.195628 0.445646
vt 0.255116 0.456896
vt 0.221598 0.445065
vt 0.247660 0.451522
vt 0.231265 0.442132
vt 0.245777 0.448508
vt 0.239018 0.447141
vt 0.253681 0.455028
vt 0.256789 0.454759
vt 0.257288 0.451199
vt 0.258096 0.443405
vt 0.260857 0.452842
vt 0.264512 0.448830
vt 0.264209 0.453943
vt 0.261861 0.455662
vt 0.280322 0.451030
vt 0.271133 0.450210
vt 0.277062 0.449293
vt 0.286476 0.449653
vt 0.294234 0.457832
vt 0.290839 0.450538
vt 0.294753 0.453413
vt 0.298598 0.452293
vt 0.301151 0.457819
vt 0.304036 0.453743
vt 0.294267 0.457838
vt 0.304398 0.455029
vt 0.303640 0.457588
vt 0.305900 0.453687
vt 0.308340 0.450837
vt 0.308731 0.453451
vt 0.311665 0.446570
vt 0.310717 0.456475
vt 0.330254 0.456897
vt 0.320225 0.456094
vt 0.319072 0.445022
vt 0.045005 0.433185
vt 0.049651 0.445956
vt 0.047788 0.438793
vt 0.046554 0.435895
vt 0.053058 0.442163
vt 0.049417 0.435299
vt 0.054888 0.434946
vt 0.055275 0.442893
vt 0.058697 0.437797
vt 0.061758 0.437227
vt 0.061539 0.435032
vt 0.075931 0.444008
vt 0.073434 0.437512
vt 0.072873 0.431961
vt 0.077773 0.437786
vt 0.080892 0.440719
vt 0.082788 0.441935
vt 0.099872 0.442781
vt 0.088206 0.440069
vt 0.100536 0.440787
vt 0.112098 0.446524
vt 0.118763 0.443709
vt 0.102631 0.438083
vt 0.114284 0.448127
vt 0.129324 0.439655
vt 0.120988 0.437133
vt 0.126668 0.442327
vt 0.129562 0.444055
vt 0.136208 0.439170
vt 0.136131 0.437312
vt 0.140560 0.439051
vt 0.142860 0.442197
vt 0.149597 0.443931
vt 0.149948 0.444510
vt 0.153893 0.444447
vt 0.150711 0.438966
vt 0.159248 0.444642
vt 0.161248 0.442947
vt 0.167833 0.445410
vt 0.177580 0.440631
vt 0.176680 0.445252
vt 0.170507 0.448889
vt 0.179934 0.442202
vt 0.191188 0.442542
vt 0.608887 0.070727
vt 0.605364 0.041181
vt 0.607136 0.048904
vt 0.217231 0.444733
vt 0.212242 0.440184
vt 0.205907 0.437931
vt 0.215882 0.439396
vt 0.222061 0.438342
vt 0.251706 0.437390
vt 0.244839 0.438943
vt 0.258987 0.436557
vt 0.257865 0.441999
vt 0.266519 0.436050
vt 0.269501 0.447376
vt 0.268046 0.440591
vt 0.279835 0.444032
vt 0.277374 0.449168
vt 0.272536 0.437499
vt 0.274292 0.434978
vt 0.283024 0.444639
vt 0.289526 0.447971
vt 0.285448 0.438979
vt 0.914644 0.207743
vt 0.904752 0.206628
vt 0.904495 0.210384
vt 0.289412 0.442780
vt 0.295264 0.444596
vt 0.292559 0.436033
vt 0.296291 0.442491
vt 0.299087 0.439099
vt 0.301676 0.449753
vt 0.304318 0.444210
vt 0.295633 0.444442
vt 0.305103 0.446335
vt 0.300364 0.440714
vt 0.307471 0.445619
vt 0.308464 0.450430
vt 0.311644 0.444393
vt 0.319949 0.443071
vt 0.329708 0.441519
vt 0.329235 0.448872
vt 0.345748 0.437859
vt 0.332505 0.444085
vt 0.329991 0.450713
vt 0.341794 0.440974
vt 0.349135 0.446689
vt 0.346934 0.441240
vt 0.346896 0.440957
vt 0.349501 0.440753
vt 0.357010 0.445996
vt 0.046379 0.427147
vt 0.045667 0.430456
vt 0.053747 0.429775
vt 0.058837 0.436379
vt 0.060883 0.429205
vt 0.069414 0.429450
vt 0.083319 0.432555
vt 0.078301 0.429708
vt 0.081894 0.439193
vt 0.089686 0.430444
vt 0.088449 0.435660
vt 0.085334 0.429061
vt 0.095014 0.436287
vt 0.099290 0.432223
vt 0.092290 0.429366
vt 0.104239 0.429982
vt 0.105008 0.435015
vt 0.111331 0.433339
vt 0.122148 0.424200
vt 0.114949 0.435676
vt 0.130210 0.432678
vt 0.131530 0.434200
vt 0.149630 0.434532
vt 0.122150 0.423795
vt 0.146005 0.439110
vt 0.167025 0.437502
vt 0.151245 0.435682
vt 0.155606 0.427426
vt 0.172876 0.431397
vt 0.168896 0.427989
vt 0.170866 0.428238
vt 0.186724 0.436658
vt 0.172437 0.424670
vt 0.173311 0.432787
vt 0.185340 0.433377
vt 0.187566 0.436881
vt 0.201385 0.431849
vt 0.192282 0.431262
vt 0.200100 0.428327
vt 0.205189 0.414942
vt 0.203603 0.440671
vt 0.214033 0.425177
vt 0.203341 0.432018
vt 0.214963 0.425958
vt 0.221863 0.436283
vt 0.226701 0.432089
vt 0.220310 0.427884
vt 0.222073 0.432340
vt 0.225949 0.435452
vt 0.232558 0.429518
vt 0.236280 0.432191
vt 0.229156 0.439679
vt 0.239829 0.438472
vt 0.242182 0.436564
vt 0.250395 0.431234
vt 0.239463 0.428571
vt 0.248108 0.428111
vt 0.251698 0.437447
vt 0.255329 0.437556
vt 0.262017 0.431901
vt 0.270287 0.436418
vt 0.270259 0.430159
vt 0.286543 0.433436
vt 0.285598 0.428260
vt 0.271859 0.428070
vt 0.293424 0.435220
vt 0.290633 0.429657
vt 0.298978 0.420914
vt 0.297715 0.429309
vt 0.299491 0.424227
vt 0.045208 0.427709
vt 0.052687 0.423100
vt 0.050369 0.416262
vt 0.063674 0.424066
vt 0.054079 0.415113
vt 0.065309 0.424018
vt 0.075280 0.416142
vt 0.069690 0.417486
vt 0.084883 0.420988
vt 0.087800 0.423824
vt 0.087934 0.424252
vt 0.088325 0.429783
vt 0.094620 0.424509
vt 0.089884 0.417996
vt 0.086977 0.421306
vt 0.097987 0.416387
vt 0.604861 0.144281
vt 0.605127 0.134238
vt 0.606466 0.136517
vt 0.123493 0.420075
vt 0.136359 0.420069
vt 0.125890 0.416729
vt 0.603651 0.119845
vt 0.610613 0.120703
vt 0.605372 0.126681
vt 0.150360 0.425491
vt 0.149961 0.424361
vt 0.140733 0.420635
vt 0.144458 0.413285
vt 0.159408 0.414722
vt 0.159907 0.420821
vt 0.164220 0.419147
vt 0.168691 0.421546
vt 0.180627 0.422436
vt 0.182411 0.415612
vt 0.171206 0.412723
vt 0.182873 0.418812
vt 0.202346 0.428237
vt 0.208053 0.418602
vt 0.215107 0.418535
vt 0.211707 0.415652
vt 0.212042 0.422563
vt 0.214041 0.424912
vt 0.220420 0.420532
vt 0.232316 0.420991
vt 0.223636 0.422767
vt 0.240214 0.424035
vt 0.235953 0.423736
vt 0.240049 0.421547
vt 0.248184 0.427943
vt 0.253165 0.422476
vt 0.256476 0.425730
vt 0.249668 0.427391
vt 0.261534 0.428665
vt 0.255009 0.422538
vt 0.266191 0.417878
vt 0.260973 0.416824
vt 0.266023 0.423314
vt 0.270485 0.424865
vt 0.264293 0.427634
vt 0.271963 0.415930
vt 0.269940 0.418944
vt 0.278426 0.426356
vt 0.278540 0.426481
vt 0.298951 0.420923
vt 0.274191 0.411201
vt 0.043207 0.398213
vt 0.053406 0.414722
vt 0.054618 0.404958
vt 0.056947 0.412818
vt 0.063285 0.419994
vt 0.070924 0.409009
vt 0.078488 0.411364
vt 0.072812 0.407811
vt 0.082915 0.413576
vt 0.088231 0.413723
vt 0.603938 0.173949
vt 0.602193 0.167461
vt 0.611952 0.172770
vt 0.607320 0.158168
vt 0.602083 0.159208
vt 0.604446 0.154952
vt 0.095614 0.406307
vt 0.080622 0.402930
vt 0.103875 0.410675
vt 0.102134 0.414256
vt 0.121109 0.419059
vt 0.116323 0.409147
vt 0.108923 0.404774
vt 0.127397 0.411749
vt 0.136202 0.412394
vt 0.132101 0.410599
vt 0.147539 0.407944
vt 0.160210 0.413263
vt 0.165529 0.405218
vt 0.157338 0.407712
vt 0.170351 0.412036
vt 0.168149 0.416313
vt 0.159957 0.414083
vt 0.168182 0.416218
vt 0.177797 0.412068
vt 0.179408 0.404463
vt 0.192381 0.412084
vt 0.197627 0.412035
vt 0.204336 0.412403
vt 0.199549 0.405836
vt 0.205855 0.414792
vt 0.207923 0.407905
vt 0.213181 0.412180
vt 0.219224 0.417270
vt 0.214237 0.410231
vt 0.219381 0.417389
vt 0.222145 0.411124
vt 0.221852 0.421474
vt 0.229407 0.414381
vt 0.224594 0.413157
vt 0.225601 0.411306
vt 0.230829 0.407426
vt 0.222948 0.408697
vt 0.246357 0.415843
vt 0.239914 0.407863
vt 0.885567 0.188346
vt 0.881008 0.186547
vt 0.884728 0.176994
vt 0.888517 0.194662
vt 0.262800 0.414056
vt 0.261911 0.402502
vt 0.269845 0.418751
vt 0.266897 0.415632
vt 0.282767 0.408090
vt 0.277484 0.409330
vt 0.285021 0.404499
vt 0.297523 0.417735
vt 0.292445 0.415207
vt 0.297809 0.417873
vt 0.299026 0.417092
vt 0.297456 0.414851
vt 0.298385 0.406836
vt 0.083282 0.397978
vt 0.092814 0.402838
vt 0.103009 0.403430
vt 0.096117 0.401931
vt 0.105757 0.399545
vt 0.096233 0.401823
vt 0.100957 0.398799
vt 0.098612 0.397099
vt 0.108732 0.404061
vt 0.111673 0.402367
vt 0.108759 0.398910
vt 0.005265 0.416513
vt 0.003224 0.413881
vt 0.011795 0.415283
vt 0.120357 0.408892
vt 0.117979 0.397038
vt 0.129484 0.409398
vt 0.129307 0.405798
vt 0.133757 0.401460
vt 0.133802 0.409420
vt 0.138999 0.400996
vt 0.138260 0.411736
vt 0.147920 0.402650
vt 0.146317 0.400642
vt 0.142352 0.397073
vt 0.157521 0.398863
vt 0.150130 0.400297
vt 0.161717 0.400147
vt 0.171887 0.407862
vt 0.173739 0.400274
vt 0.169189 0.403823
vt 0.182009 0.400898
vt 0.185983 0.400466
vt 0.002066 0.571912
vt 0.006768 0.569521
vt 0.005554 0.578161
vt 0.188673 0.402726
vt 0.188804 0.402925
vt 0.195773 0.403771
vt 0.200502 0.401704
vt 0.190511 0.399947
vt 0.219362 0.400842
vt 0.208892 0.400323
vt 0.213976 0.407632
vt 0.225730 0.401532
vt 0.231345 0.397164
vt 0.240000 0.406543
vt 0.239701 0.402130
vt 0.237465 0.398856
vt 0.244313 0.403147
vt 0.261665 0.406137
vt 0.267186 0.404860
vt 0.270559 0.407226
vt 0.276223 0.407545
vt 0.271990 0.403992
vt 0.278258 0.400318
vt 0.266508 0.403415
vt 0.277025 0.407458
vt 0.281661 0.401527
vt 0.291917 0.403038
vt 0.296680 0.406851
vt 0.296203 0.403545
vt 0.056910 0.396302
vt 0.064658 0.392352
vt 0.046455 0.397265
vt 0.060988 0.385702
vt 0.064080 0.401859
vt 0.062719 0.396012
vt 0.056939 0.396302
vt 0.074010 0.384009
vt 0.080365 0.394998
vt 0.067039 0.392030
vt 0.078100 0.402848
vt 0.074061 0.391458
vt 0.074973 0.388840
vt 0.081991 0.394681
vt 0.085411 0.390076
vt 0.080373 0.396401
vt 0.096158 0.395996
vt 0.096311 0.390389
vt 0.087830 0.389869
vt 0.102500 0.392368
vt 0.099017 0.387179
vt 0.107497 0.391861
vt 0.102463 0.396308
vt 0.113815 0.396937
vt 0.120865 0.390178
vt 0.118236 0.396370
vt 0.127215 0.392813
vt 0.123550 0.389142
vt 0.133365 0.397290
vt 0.512031 0.617732
vt 0.515896 0.614931
vt 0.509315 0.613835
vt 0.135994 0.397646
vt 0.129572 0.390544
vt 0.145018 0.390238
vt 0.140869 0.390249
vt 0.146615 0.394261
vt 0.153809 0.396204
vt 0.153308 0.391603
vt 0.148766 0.391673
vt 0.145410 0.390224
vt 0.164125 0.391701
vt 0.161673 0.387407
vt 0.172056 0.391911
vt 0.185528 0.394048
vt 0.175993 0.392648
vt 0.184450 0.397007
vt 0.193984 0.388456
vt 0.191448 0.392751
vt 0.184444 0.396994
vt 0.195355 0.392197
vt 0.202434 0.393017
vt 0.207194 0.396262
vt 0.203580 0.394085
vt 0.210984 0.393560
vt 0.197682 0.388047
vt 0.209258 0.394041
vt 0.222967 0.398596
vt 0.220130 0.391440
vt 0.232460 0.394857
vt 0.233619 0.392459
vt 0.235993 0.392972
vt 0.236199 0.389731
vt 0.237661 0.398899
vt 0.242682 0.395779
vt 0.235762 0.395124
vt 0.238756 0.391623
vt 0.247766 0.390289
vt 0.243233 0.391272
vt 0.261522 0.391278
vt 0.257311 0.388904
vt 0.267460 0.396018
vt 0.264978 0.400526
vt 0.273415 0.386849
vt 0.281634 0.400306
vt 0.286985 0.390309
vt 0.283484 0.380237
vt 0.289369 0.397120
vt 0.291916 0.403038
vt 0.292020 0.392326
vt 0.292291 0.395598
vt 0.296120 0.403023
vt 0.293979 0.401209
vt 0.042096 0.365855
vt 0.049339 0.377348
vt 0.048987 0.382380
vt 0.050839 0.378124
vt 0.081899 0.384504
vt 0.089224 0.387626
vt 0.087172 0.382747
vt 0.094337 0.378510
vt 0.084615 0.381068
vt 0.093408 0.383027
vt 0.094322 0.384750
vt 0.084863 0.376931
vt 0.097053 0.384840
vt 0.098596 0.379223
vt 0.107299 0.379697
vt 0.101872 0.374990
vt 0.120176 0.379313
vt 0.123910 0.383608
vt 0.113892 0.376984
vt 0.129266 0.387750
vt 0.306273 0.430046
vt 0.313200 0.433092
vt 0.314202 0.429613
vt 0.131641 0.383091
vt 0.130543 0.387528
vt 0.128998 0.385522
vt 0.137560 0.377557
vt 0.132741 0.379543
vt 0.144793 0.382097
vt 0.142722 0.378816
vt 0.164112 0.379659
vt 0.160509 0.375575
vt 0.167248 0.389492
vt 0.164692 0.384627
vt 0.168522 0.378798
vt 0.165380 0.386583
vt 0.172276 0.381989
vt 0.167921 0.389499
vt 0.175882 0.384881
vt 0.173822 0.391123
vt 0.172403 0.383665
vt 0.182144 0.381912
vt 0.190378 0.383257
vt 0.188812 0.378948
vt 0.198025 0.381855
vt 0.214453 0.386794
vt 0.212119 0.378016
vt 0.219922 0.383198
vt 0.218014 0.387567
vt 0.218320 0.385186
vt 0.232751 0.387464
vt 0.230563 0.383466
vt 0.230124 0.378685
vt 0.236739 0.390021
vt 0.242934 0.390975
vt 0.244339 0.379849
vt 0.247367 0.388334
vt 0.252764 0.384939
vt 0.252129 0.385604
vt 0.261009 0.387641
vt 0.258229 0.378574
vt 0.260962 0.387829
vt 0.261890 0.390031
vt 0.268814 0.385242
vt 0.274698 0.379807
vt 0.287598 0.386649
vt 0.293095 0.387795
vt 0.288294 0.381310
vt 0.293024 0.387381
vt 0.295827 0.384704
vt 0.295226 0.379967
vt 0.052640 0.363765
vt 0.053885 0.376313
vt 0.059866 0.367194
vt 0.068751 0.368714
vt 0.445613 0.648296
vt 0.450440 0.646065
vt 0.448932 0.652248
vt 0.073355 0.376595
vt 0.078425 0.371413
vt 0.073140 0.378402
vt 0.079220 0.381595
vt 0.081298 0.375837
vt 0.082041 0.370030
vt 0.085143 0.369737
vt 0.097430 0.373503
vt 0.104884 0.370955
vt 0.100521 0.365293
vt 0.109914 0.378102
vt 0.112213 0.375225
vt 0.105124 0.375332
vt 0.111529 0.369786
vt 0.117050 0.374990
vt 0.115375 0.372517
vt 0.122797 0.381865
vt 0.123104 0.377729
vt 0.125838 0.378217
vt 0.122983 0.372955
vt 0.120400 0.370432
vt 0.121090 0.365231
vt 0.122605 0.376517
vt 0.125961 0.378109
vt 0.125494 0.374141
vt 0.126553 0.383171
vt 0.135678 0.372126
vt 0.132320 0.365853
vt 0.137817 0.375681
vt 0.144568 0.374192
vt 0.142124 0.368667
vt 0.144793 0.382096
vt 0.146998 0.377984
vt 0.154232 0.377144
vt 0.146729 0.376483
vt 0.160852 0.365019
vt 0.146280 0.366916
vt 0.154341 0.374433
vt 0.170895 0.374426
vt 0.167449 0.377578
vt 0.179327 0.371474
vt 0.168733 0.369877
vt 0.175959 0.384868
vt 0.180503 0.378219
vt 0.188147 0.370123
vt 0.199488 0.376347
vt 0.201543 0.375350
vt 0.209002 0.374896
vt 0.212284 0.366743
vt 0.218205 0.370693
vt 0.226662 0.370445
vt 0.234639 0.380020
vt 0.240214 0.375553
vt 0.231419 0.377862
vt 0.234920 0.372895
vt 0.228335 0.374388
vt 0.255600 0.374761
vt 0.246295 0.364687
vt 0.260772 0.371878
vt 0.258762 0.374316
vt 0.269223 0.384614
vt 0.269922 0.377507
vt 0.269453 0.374601
vt 0.267316 0.370474
vt 0.271663 0.382899
vt 0.269761 0.374620
vt 0.271829 0.376238
vt 0.276160 0.363377
vt 0.281477 0.374958
vt 0.290738 0.375388
vt 0.292499 0.372037
vt 0.293744 0.373803
vt 0.056636 0.356290
vt 0.051010 0.354457
vt 0.066055 0.364413
vt 0.059942 0.363158
vt 0.068939 0.362987
vt 0.067012 0.353121
vt 0.074969 0.364135
vt 0.084533 0.365584
vt 0.084370 0.367775
vt 0.090629 0.367010
vt 0.087383 0.364932
vt 0.094323 0.364096
vt 0.087642 0.356158
vt 0.093894 0.366811
vt 0.094305 0.364543
vt 0.105139 0.369670
vt 0.110930 0.369134
vt 0.105549 0.364474
vt 0.116562 0.368506
vt 0.129174 0.369155
vt 0.137218 0.366962
vt 0.137920 0.366632
vt 0.142657 0.360691
vt 0.148912 0.358318
vt 0.152643 0.357423
vt 0.165774 0.358798
vt 0.177951 0.357603
vt 0.164237 0.364362
vt 0.170368 0.359517
vt 0.176821 0.365241
vt 0.181827 0.368842
vt 0.183410 0.360134
vt 0.192307 0.362353
vt 0.202945 0.368622
vt 0.207100 0.366356
vt 0.203082 0.368623
vt 0.218091 0.359266
vt 0.281034 0.819309
vt 0.278090 0.822855
vt 0.289703 0.823690
vt 0.234667 0.372772
vt 0.229619 0.370321
vt 0.243456 0.361207
vt 0.253249 0.366910
vt 0.258090 0.369964
vt 0.263569 0.368764
vt 0.253970 0.366631
vt 0.263660 0.368712
vt 0.262375 0.364932
vt 0.265411 0.365854
vt 0.270844 0.364584
vt 0.270647 0.359693
vt 0.269647 0.357372
vt 0.285969 0.360881
vt 0.288190 0.362850
vt 0.295271 0.362685
vt 0.046020 0.350488
vt 0.041988 0.365581
vt 0.055364 0.361892
vt 0.061529 0.354701
vt 0.072465 0.358057
vt 0.075833 0.359983
vt 0.072665 0.353866
vt 0.078192 0.341914
vt 0.084643 0.363876
vt 0.096285 0.360666
vt 0.100362 0.359218
vt 0.122117 0.347699
vt 0.130045 0.359312
vt 0.131570 0.356454
vt 0.123827 0.364952
vt 0.131069 0.348934
vt 0.135985 0.362574
vt 0.141484 0.352711
vt 0.142159 0.360233
vt 0.145327 0.355664
vt 0.145211 0.357846
vt 0.163725 0.355841
vt 0.165899 0.357166
vt 0.172334 0.351070
vt 0.164594 0.353602
vt 0.181846 0.356837
vt 0.188136 0.352702
vt 0.179512 0.354668
vt 0.190157 0.347031
vt 0.198586 0.360146
vt 0.200612 0.362724
vt 0.212261 0.347084
vt 0.201399 0.362168
vt 0.213535 0.356994
vt 0.214055 0.356461
vt 0.219090 0.355932
vt 0.226101 0.358126
vt 0.220487 0.353253
vt 0.225394 0.355425
vt 0.223737 0.351234
vt 0.226394 0.358131
vt 0.227300 0.359878
vt 0.233445 0.354731
vt 0.230954 0.347416
vt 0.233122 0.357256
vt 0.238953 0.354102
vt 0.234756 0.347820
vt 0.245581 0.360196
vt 0.251469 0.356827
vt 0.243411 0.353830
vt 0.256938 0.353343
vt 0.252087 0.353133
vt 0.268844 0.355324
vt 0.274622 0.357077
vt 0.275928 0.341859
vt 0.276789 0.361830
vt 0.282695 0.353521
vt 0.043017 0.337998
vt 0.046826 0.341385
vt 0.048215 0.349036
vt 0.052116 0.352239
vt 0.051811 0.346244
vt 0.047587 0.346652
vt 0.051109 0.344527
vt 0.063280 0.347174
vt 0.054452 0.346605
vt 0.059034 0.343448
vt 0.072682 0.343684
vt 0.066378 0.341706
vt 0.087325 0.345007
vt 0.089280 0.340214
vt 0.083231 0.344434
vt 0.087450 0.352454
vt 0.100863 0.346098
vt 0.099035 0.340198
vt 0.108106 0.341718
vt 0.096498 0.354829
vt 0.107586 0.344383
vt 0.116991 0.344777
vt 0.133201 0.346286
vt 0.132635 0.342797
vt 0.126552 0.339288
vt 0.138435 0.347837
vt 0.137912 0.347967
vt 0.138927 0.338435
vt 0.142284 0.341299
vt 0.144975 0.351280
vt 0.146191 0.355371
vt 0.151746 0.347231
vt 0.145616 0.339090
vt 0.152816 0.337810
vt 0.156622 0.353671
vt 0.174420 0.346820
vt 0.156362 0.347999
vt 0.154790 0.344175
vt 0.160637 0.342766
vt 0.164617 0.344814
vt 0.171078 0.335592
vt 0.178480 0.354034
vt 0.185825 0.348753
vt 0.182366 0.345458
vt 0.207004 0.341828
vt 0.217721 0.343492
vt 0.210596 0.339123
vt 0.220210 0.349231
vt 0.227033 0.342951
vt 0.233718 0.345175
vt 0.244443 0.347588
vt 0.243705 0.353349
vt 0.250563 0.347587
vt 0.259350 0.348397
vt 0.258474 0.342808
vt 0.264860 0.337651
vt 0.261727 0.345417
vt 0.284563 0.342882
vt 0.287547 0.348047
vt 0.289063 0.343934
vt 0.285158 0.357797
vt 0.290474 0.347418
vt 0.292775 0.344434
vt 0.054269 0.338398
vt 0.046611 0.335358
vt 0.055574 0.340818
vt 0.582916 0.990497
vt 0.583348 0.985545
vt 0.585868 0.988826
vt 0.058892 0.331015
vt 0.064741 0.330349
vt 0.058493 0.342099
vt 0.066678 0.333940
vt 0.359374 0.380946
vt 0.362867 0.385155
vt 0.357231 0.381448
vt 0.070272 0.330881
vt 0.066673 0.333942
vt 0.080205 0.330015
vt 0.083346 0.336271
vt 0.097010 0.335800
vt 0.096912 0.331033
vt 0.084103 0.332651
vt 0.097297 0.339432
vt 0.100234 0.335805
vt 0.110876 0.334912
vt 0.103257 0.333498
vt 0.107246 0.324418
vt 0.115741 0.338114
vt 0.111503 0.334762
vt 0.118087 0.334175
vt 0.114214 0.331309
vt 0.122862 0.341967
vt 0.118640 0.334205
vt 0.128134 0.331080
vt 0.137487 0.334747
vt 0.138793 0.338273
vt 0.143103 0.336252
vt 0.147024 0.336348
vt 0.154943 0.333856
vt 0.158649 0.337934
vt 0.156734 0.336138
vt 0.154969 0.333871
vt 0.162530 0.337743
vt 0.176314 0.339093
vt 0.187649 0.337138
vt 0.180545 0.334922
vt 0.178587 0.333869
vt 0.181949 0.332316
vt 0.196122 0.342567
vt 0.188854 0.338936
vt 0.190685 0.337428
vt 0.205862 0.337383
vt 0.193410 0.334006
vt 0.197665 0.340181
vt 0.217758 0.338697
vt 0.214539 0.336188
vt 0.229170 0.340414
vt 0.236214 0.344291
vt 0.241135 0.327429
vt 0.259011 0.335662
vt 0.258935 0.342363
vt 0.262172 0.337269
vt 0.258228 0.336711
vt 0.272384 0.335685
vt 0.276071 0.331583
vt 0.284132 0.340117
vt 0.294190 0.329843
vt 0.289094 0.343766
vt 0.286848 0.337331
vt 0.061088 0.322795
vt 0.054517 0.313794
vt 0.063864 0.326998
vt 0.063864 0.326998
vt 0.064833 0.330264
vt 0.066202 0.322104
vt 0.075085 0.316673
vt 0.080228 0.324891
vt 0.082347 0.329034
vt 0.087759 0.325151
vt 0.083643 0.321687
vt 0.093676 0.323746
vt 0.099618 0.330372
vt 0.099756 0.323341
vt 0.120681 0.331134
vt 0.120788 0.327608
vt 0.118382 0.320747
vt 0.129810 0.322939
vt 0.122547 0.323727
vt 0.141823 0.327682
vt 0.144517 0.330156
vt 0.148034 0.330573
vt 0.154948 0.329473
vt 0.147455 0.326406
vt 0.155597 0.326171
vt 0.149751 0.321174
vt 0.159156 0.330821
vt 0.158612 0.327862
vt 0.162210 0.330651
vt 0.162604 0.330475
vt 0.166846 0.336096
vt 0.171520 0.325370
vt 0.159977 0.327090
vt 0.166667 0.324325
vt 0.178154 0.332494
vt 0.171786 0.325392
vt 0.177994 0.320587
vt 0.189036 0.326373
vt 0.182114 0.332122
vt 0.187185 0.322088
vt 0.178764 0.319048
vt 0.191085 0.331992
vt 0.189319 0.326387
vt 0.194717 0.325212
vt 0.219027 0.329938
vt 0.204997 0.320123
vt 0.221451 0.327270
vt 0.221718 0.324527
vt 0.226372 0.328787
vt 0.231879 0.330117
vt 0.238931 0.319437
vt 0.246409 0.321005
vt 0.266374 0.322005
vt 0.266113 0.332811
vt 0.261692 0.334137
vt 0.266113 0.332619
vt 0.269733 0.329262
vt 0.269579 0.323608
vt 0.266117 0.332621
vt 0.272279 0.335507
vt 0.270673 0.331496
vt 0.275776 0.327261
vt 0.270258 0.329127
vt 0.283790 0.332421
vt 0.279398 0.330201
vt 0.278800 0.324997
vt 0.015098 0.229952
vt 0.012618 0.226106
vt 0.012475 0.231585
vt 0.284364 0.332188
vt 0.287200 0.325856
vt 0.291549 0.330406
vt 0.289621 0.325006
vt 0.297818 0.322424
vt 0.290283 0.324397
vt 0.050231 0.309727
vt 0.043558 0.311425
vt 0.060416 0.318648
vt 0.064341 0.315608
vt 0.064295 0.322297
vt 0.081667 0.321482
vt 0.095584 0.311855
vt 0.089253 0.318718
vt 0.089291 0.319937
vt 0.105020 0.315521
vt 0.108047 0.314511
vt 0.970152 0.316039
vt 0.963140 0.313673
vt 0.963529 0.316666
vt 0.112887 0.318243
vt 0.115129 0.317598
vt 0.115253 0.307705
vt 0.128060 0.313281
vt 0.121720 0.317738
vt 0.124217 0.322076
vt 0.134171 0.314750
vt 0.129826 0.322838
vt 0.140872 0.324831
vt 0.135128 0.312862
vt 0.150252 0.318799
vt 0.147079 0.308512
vt 0.145531 0.322971
vt 0.155058 0.320830
vt 0.156981 0.320071
vt 0.158516 0.310135
vt 0.160289 0.313587
vt 0.174907 0.312868
vt 0.190284 0.320849
vt 0.187103 0.310837
vt 0.189558 0.322717
vt 0.194547 0.319350
vt 0.196245 0.326501
vt 0.200670 0.319429
vt 0.200640 0.316149
vt 0.204674 0.319955
vt 0.205641 0.313592
vt 0.213370 0.312017
vt 0.226151 0.309764
vt 0.225985 0.328046
vt 0.231865 0.314414
vt 0.240914 0.316867
vt 0.239729 0.317790
vt 0.245352 0.317258
vt 0.247294 0.315238
vt 0.245863 0.317769
vt 0.254932 0.319646
vt 0.248168 0.310069
vt 0.273249 0.325715
vt 0.271769 0.322278
vt 0.275627 0.316636
vt 0.282978 0.314564
vt 0.288148 0.320879
vt 0.289660 0.309490
vt 0.285095 0.312805
vt 0.294935 0.320029
vt 0.296740 0.319399
vt 0.044486 0.293459
vt 0.044801 0.306833
vt 0.046261 0.307530
vt 0.049677 0.308694
vt 0.048727 0.303703
vt 0.053155 0.304369
vt 0.060856 0.307794
vt 0.059642 0.303413
vt 0.065846 0.307214
vt 0.062931 0.306007
vt 0.066170 0.307172
vt 0.083440 0.307454
vt 0.084319 0.308642
vt 0.092897 0.306089
vt 0.079479 0.302889
vt 0.089155 0.303007
vt 0.095420 0.307513
vt 0.102118 0.300320
vt 0.098732 0.302655
vt 0.105444 0.310523
vt 0.111332 0.308561
vt 0.116415 0.298392
vt 0.113646 0.306655
vt 0.125475 0.309748
vt 0.119046 0.305086
vt 0.127820 0.311138
vt 0.131135 0.308119
vt 0.135936 0.306737
vt 0.143058 0.309052
vt 0.138712 0.303082
vt 0.157917 0.303528
vt 0.160947 0.308222
vt 0.171899 0.301573
vt 0.161862 0.301431
vt 0.180930 0.304911
vt 0.184042 0.311442
vt 0.192911 0.310749
vt 0.188774 0.308841
vt 0.193805 0.298921
vt 0.183088 0.299252
vt 0.193482 0.309849
vt 0.201457 0.305849
vt 0.202581 0.297331
vt 0.200537 0.314916
vt 0.212263 0.301785
vt 0.214010 0.311213
vt 0.225421 0.305030
vt 0.216932 0.306353
vt 0.230984 0.310176
vt 0.240410 0.301255
vt 0.231470 0.303675
vt 0.238021 0.313308
vt 0.252951 0.303283
vt 0.246879 0.302862
vt 0.253358 0.314764
vt 0.263124 0.315591
vt 0.258773 0.309506
vt 0.255951 0.306037
vt 0.259931 0.304616
vt 0.262685 0.311430
vt 0.265809 0.312553
vt 0.270907 0.316417
vt 0.282706 0.310469
vt 0.267361 0.311078
vt 0.295898 0.300277
vt 0.044772 0.295546
vt 0.045772 0.291841
vt 0.051091 0.294065
vt 0.057370 0.299218
vt 0.061573 0.290848
vt 0.064441 0.294978
vt 0.061737 0.302638
vt 0.066324 0.295294
vt 0.060324 0.300564
vt 0.067969 0.305319
vt 0.076600 0.295527
vt 0.081654 0.294721
vt 0.089384 0.298196
vt 0.092412 0.298988
vt 0.096894 0.295390
vt 0.102449 0.299468
vt 0.107136 0.292181
vt 0.106840 0.294991
vt 0.116036 0.291607
vt 0.116799 0.303949
vt 0.124701 0.293450
vt 0.123913 0.300524
vt 0.124771 0.301268
vt 0.129480 0.301944
vt 0.133960 0.299934
vt 0.132926 0.303000
vt 0.155529 0.300056
vt 0.144075 0.296793
vt 0.136437 0.295585
vt 0.144129 0.292564
vt 0.146654 0.284964
vt 0.158760 0.303164
vt 0.158623 0.298468
vt 0.162837 0.296304
vt 0.167319 0.300112
vt 0.169330 0.298221
vt 0.177155 0.294940
vt 0.172439 0.290508
vt 0.182360 0.301037
vt 0.188938 0.298948
vt 0.199037 0.291641
vt 0.206665 0.300878
vt 0.209860 0.301284
vt 0.207495 0.295338
vt 0.218222 0.294750
vt 0.211709 0.293919
vt 0.216377 0.306120
vt 0.220311 0.303159
vt 0.227464 0.296661
vt 0.231194 0.299674
vt 0.233948 0.298027
vt 0.246775 0.300887
vt 0.243220 0.295636
vt 0.262903 0.300113
vt 0.257775 0.296187
vt 0.262396 0.304718
vt 0.265626 0.302328
vt 0.276424 0.303803
vt 0.274173 0.298119
vt 0.282438 0.304279
vt 0.281045 0.296149
vt 0.287092 0.304151
vt 0.284714 0.299539
vt 0.290340 0.298419
vt 0.284474 0.295127
vt 0.044280 0.291171
vt 0.047548 0.281156
vt 0.045563 0.280007
vt 0.049494 0.288971
vt 0.054366 0.281016
vt 0.049541 0.288994
vt 0.059673 0.284043
vt 0.054407 0.292271
vt 0.066606 0.289397
vt 0.065462 0.282893
vt 0.076600 0.295527
vt 0.074649 0.285254
vt 0.073365 0.290458
vt 0.083209 0.291538
vt 0.082384 0.286326
vt 0.083457 0.291439
vt 0.084168 0.287614
vt 0.090324 0.282573
vt 0.096257 0.292880
vt 0.100922 0.284461
vt 0.096858 0.278516
vt 0.106066 0.286355
vt 0.110429 0.293283
vt 0.110137 0.284486
vt 0.118088 0.285107
vt 0.125318 0.286406
vt 0.122587 0.282187
vt 0.130217 0.285427
vt 0.129048 0.296681
vt 0.133586 0.293211
vt 0.125955 0.293379
vt 0.133443 0.290475
vt 0.135987 0.293999
vt 0.139822 0.290904
vt 0.135577 0.284545
vt 0.144208 0.282411
vt 0.141524 0.293611
vt 0.162920 0.289681
vt 0.150019 0.283725
vt 0.163914 0.292557
vt 0.167205 0.288880
vt 0.173394 0.288073
vt 0.165941 0.280911
vt 0.190087 0.294472
vt 0.183174 0.288237
vt 0.177403 0.295521
vt 0.178987 0.287191
vt 0.193318 0.294954
vt 0.199036 0.291642
vt 0.204916 0.289670
vt 0.192744 0.289104
vt 0.201786 0.286867
vt 0.204913 0.289671
vt 0.208154 0.285997
vt 0.204918 0.283699
vt 0.206031 0.294209
vt 0.212745 0.289185
vt 0.211670 0.293651
vt 0.214147 0.291808
vt 0.213096 0.289177
vt 0.218880 0.284157
vt 0.232974 0.293339
vt 0.226967 0.287390
vt 0.221262 0.291424
vt 0.232974 0.287908
vt 0.542431 0.665498
vt 0.543002 0.659411
vt 0.544927 0.660879
vt 0.236817 0.296219
vt 0.242865 0.292558
vt 0.236942 0.290846
vt 0.234251 0.286832
vt 0.251278 0.292968
vt 0.260917 0.292038
vt 0.263976 0.292978
vt 0.272994 0.288710
vt 0.263324 0.280562
vt 0.281820 0.286358
vt 0.275417 0.286408
vt 0.286967 0.289117
vt 0.287372 0.289248
vt 0.291423 0.295409
vt 0.298187 0.296984
vt 0.293903 0.287059
vt 0.298391 0.286616
vt 0.045901 0.269430
vt 0.055361 0.277437
vt 0.046445 0.272494
vt 0.054765 0.273988
vt 0.052353 0.269399
vt 0.058640 0.281682
vt 0.060970 0.277280
vt 0.055954 0.276970
vt 0.064297 0.278781
vt 0.069350 0.284127
vt 0.074067 0.277082
vt 0.064799 0.280642
vt 0.073620 0.270420
vt 0.088253 0.276528
vt 0.089354 0.278530
vt 0.093507 0.273083
vt 0.100961 0.284400
vt 0.108480 0.282520
vt 0.098433 0.278946
vt 0.102103 0.274556
vt 0.109811 0.276785
vt 0.108828 0.273170
vt 0.117958 0.282156
vt 0.113972 0.275928
vt 0.117402 0.285249
vt 0.126034 0.274692
vt 0.123807 0.279284
vt 0.124078 0.280028
vt 0.128600 0.279396
vt 0.136341 0.280311
vt 0.128680 0.274107
vt 0.140117 0.275026
vt 0.144231 0.281381
vt 0.147251 0.278405
vt 0.141542 0.278490
vt 0.148688 0.278913
vt 0.155980 0.279002
vt 0.158009 0.276903
vt 0.139036 0.270201
vt 0.158097 0.279670
vt 0.162739 0.280436
vt 0.170144 0.275882
vt 0.165053 0.280576
vt 0.172412 0.278227
vt 0.181803 0.283099
vt 0.181862 0.271682
vt 0.186088 0.274954
vt 0.191148 0.287631
vt 0.193680 0.282968
vt 0.182914 0.282180
vt 0.187684 0.274473
vt 0.195435 0.273201
vt 0.196208 0.282477
vt 0.198544 0.280440
vt 0.213672 0.280393
vt 0.211976 0.275722
vt 0.227906 0.282937
vt 0.220113 0.280274
vt 0.218836 0.275741
vt 0.231020 0.278992
vt 0.227276 0.272184
vt 0.229437 0.282673
vt 0.235828 0.282646
vt 0.231063 0.279021
vt 0.244287 0.282168
vt 0.254059 0.283970
vt 0.255705 0.277676
vt 0.243112 0.288662
vt 0.254490 0.284236
vt 0.266861 0.279940
vt 0.272243 0.279525
vt 0.276817 0.282429
vt 0.279847 0.280040
vt 0.283960 0.284331
vt 0.279972 0.282495
vt 0.278476 0.274843
vt 0.284724 0.282169
vt 0.294261 0.285637
vt 0.285925 0.285426
vt 0.051064 0.257850
vt 0.056284 0.265777
vt 0.058259 0.271376
vt 0.057858 0.266230
vt 0.071644 0.267218
vt 0.068305 0.266066
vt 0.082500 0.273868
vt 0.234827 0.993007
vt 0.243636 0.995809
vt 0.250534 0.991580
vt 0.083469 0.262591
vt 0.088719 0.271993
vt 0.092943 0.271950
vt 0.095734 0.270495
vt 0.096622 0.271469
vt 0.102298 0.274393
vt 0.097124 0.268367
vt 0.089866 0.268022
vt 0.101583 0.264096
vt 0.109150 0.270913
vt 0.106570 0.266984
vt 0.110017 0.267356
vt 0.113234 0.271640
vt 0.120692 0.272504
vt 0.115399 0.265481
vt 0.109316 0.270870
vt 0.119263 0.267499
vt 0.116842 0.261265
vt 0.125834 0.271689
vt 0.123610 0.262195
vt 0.132276 0.269292
vt 0.130343 0.264814
vt 0.637596 0.197118
vt 0.631726 0.202233
vt 0.633366 0.195325
vt 0.162819 0.267519
vt 0.146855 0.264225
vt 0.177572 0.268964
vt 0.172948 0.265844
vt 0.184584 0.273071
vt 0.183076 0.269916
vt 0.184546 0.272797
vt 0.189954 0.266644
vt 0.186728 0.267688
vt 0.196005 0.277812
vt 0.204047 0.268389
vt 0.200015 0.272494
vt 0.199935 0.273756
vt 0.203811 0.270881
vt 0.211626 0.272272
vt 0.211621 0.272235
vt 0.217929 0.270946
vt 0.217005 0.273448
vt 0.220662 0.275127
vt 0.228730 0.269848
vt 0.233033 0.267518
vt 0.219345 0.267111
vt 0.231197 0.274482
vt 0.235652 0.276723
vt 0.232141 0.274611
vt 0.243270 0.270029
vt 0.243387 0.275491
vt 0.245914 0.274975
vt 0.245488 0.278671
vt 0.253330 0.265012
vt 0.256657 0.264912
vt 0.258209 0.273208
vt 0.261292 0.268450
vt 0.266701 0.273858
vt 0.271002 0.273621
vt 0.277541 0.267247
vt 0.269941 0.267349
vt 0.283340 0.271202
vt 0.283154 0.271013
vt 0.284396 0.268463
vt 0.295446 0.269857
vt 0.288152 0.269832
vt 0.046335 0.263722
vt 0.049819 0.268525
vt 0.056253 0.265722
vt 0.064185 0.260922
vt 0.070478 0.256863
vt 0.058975 0.257117
vt 0.071343 0.260756
vt 0.074390 0.270031
vt 0.074152 0.259230
vt 0.071139 0.255135
vt 0.077344 0.257661
vt 0.096717 0.250248
vt 0.083085 0.260552
vt 0.085111 0.255909
vt 0.077339 0.257497
vt 0.097057 0.254629
vt 0.090338 0.257671
vt 0.107350 0.260919
vt 0.107677 0.264271
vt 0.107780 0.264353
vt 0.112901 0.259701
vt 0.115663 0.255113
vt 0.131515 0.259004
vt 0.118336 0.258288
vt 0.131417 0.255756
vt 0.136729 0.260723
vt 0.139574 0.264630
vt 0.139367 0.262532
vt 0.145654 0.261753
vt 0.133714 0.254761
vt 0.162457 0.259014
vt 0.151716 0.257450
vt 0.164432 0.264811
vt 0.172675 0.265017
vt 0.164342 0.261222
vt 0.177200 0.263756
vt 0.177491 0.268286
vt 0.186262 0.259503
vt 0.187179 0.264755
vt 0.190499 0.260865
vt 0.206395 0.260378
vt 0.205814 0.256298
vt 0.209257 0.261903
vt 0.216579 0.262501
vt 0.213055 0.260394
vt 0.218689 0.261628
vt 0.235036 0.253666
vt 0.219991 0.256927
vt 0.244088 0.254729
vt 0.260752 0.264040
vt 0.267554 0.266881
vt 0.265714 0.259642
vt 0.269497 0.258040
vt 0.272566 0.259928
vt 0.276977 0.261691
vt 0.276666 0.261324
vt 0.288951 0.262584
vt 0.276717 0.254856
vt 0.287604 0.255217
vt 0.283897 0.264053
vt 0.287089 0.264509
vt 0.297374 0.267131
vt 0.302190 0.262247
vt 0.300515 0.267993
vt 0.307344 0.268456
vt 0.056784 0.255668
vt 0.055642 0.251371
vt 0.055064 0.248624
vt 0.095870 0.252427
vt 0.085839 0.254884
vt 0.102456 0.253083
vt 0.102024 0.249195
vt 0.110695 0.250473
vt 0.106159 0.251243
vt 0.123634 0.250426
vt 0.141154 0.248876
vt 0.123134 0.254245
vt 0.144946 0.249918
vt 0.146997 0.249626
vt 0.175046 0.249424
vt 0.152037 0.250489
vt 0.158736 0.249628
vt 0.179028 0.254500
vt 0.175418 0.255443
vt 0.217737 0.258560
vt 0.245801 0.249599
vt 0.253422 0.261101
vt 0.258358 0.257891
vt 0.251513 0.252555
vt 0.247265 0.253865
vt 0.275150 0.254857
vt 0.257737 0.252022
vt 0.270138 0.256113
vt 0.259270 0.261913
vt 0.265889 0.259160
vt 0.280020 0.252338
vt 0.285777 0.250577
vt 0.282912 0.250574
vt 0.286890 0.250675
vt 0.300420 0.252387
vt 0.286075 0.248839
vt 0.301489 0.251395
vt 0.302916 0.252773
vt 0.300418 0.252386
vt 0.399653 0.920240
vt 0.400349 0.915047
vt 0.401401 0.916726
vt 0.400415 0.846644
vt 0.558693 0.001165
vt 0.551218 0.007819
vt 0.548065 0.001996
vt 0.548303 0.005082
vt 0.540052 0.006333
vt 0.547950 0.001374
vt 0.538335 0.007768
vt 0.528606 0.007655
vt 0.522661 0.008281
vt 0.512861 0.001917
vt 0.678606 0.866782
vt 0.680597 0.871774
vt 0.678955 0.871480
vt 0.491896 0.000910
vt 0.504635 0.004673
vt 0.497845 0.008978
vt 0.483230 0.000696
vt 0.482057 0.003093
vt 0.476821 0.000745
vt 0.477615 0.009926
vt 0.471727 0.002070
vt 0.467871 0.000825
vt 0.469194 0.002751
vt 0.465292 0.006563
vt 0.461650 0.001408
vt 0.458569 0.006727
vt 0.459397 0.001633
vt 0.420090 0.001659
vt 0.420851 0.000467
vt 0.419319 0.002021
vt 0.418541 0.005212
vt 0.419579 0.000938
vt 0.406840 0.001575
vt 0.384669 0.003368
vt 0.404048 0.002306
vt 0.405681 0.004857
vt 0.402055 0.006381
vt 0.367893 0.005471
vt 0.359738 0.007845
vt 0.372005 0.002977
vt 0.347748 0.000506
vt 0.345976 0.003063
vt 0.571925 0.003050
vt 0.561212 0.012966
vt 0.552268 0.016858
vt 0.550769 0.012527
vt 0.552326 0.008781
vt 0.551530 0.008729
vt 0.548666 0.013968
vt 0.541691 0.008894
vt 0.536492 0.012357
vt 0.525203 0.012521
vt 0.529142 0.017949
vt 0.522755 0.008815
vt 0.516717 0.011528
vt 0.515405 0.005916
vt 0.524001 0.018301
vt 0.514664 0.017088
vt 0.511660 0.014502
vt 0.513139 0.004928
vt 0.504514 0.016670
vt 0.492022 0.015216
vt 0.493600 0.010630
vt 0.484206 0.003208
vt 0.495589 0.007770
vt 0.487384 0.011286
vt 0.480632 0.008173
vt 0.481418 0.011697
vt 0.484739 0.015735
vt 0.481940 0.016847
vt 0.477660 0.014033
vt 0.464887 0.017217
vt 0.460974 0.010124
vt 0.459323 0.013912
vt 0.457526 0.005525
vt 0.451624 0.007932
vt 0.449506 0.006733
vt 0.452921 0.010834
vt 0.457272 0.011314
vt 0.448120 0.017781
vt 0.459050 0.013444
vt 0.458136 0.018054
vt 0.437130 0.006948
vt 0.449809 0.010030
vt 0.449049 0.010603
vt 0.445540 0.014805
vt 0.442960 0.008925
vt 0.437220 0.009679
vt 0.430417 0.007943
vt 0.438720 0.020141
vt 0.435082 0.008210
vt 0.429689 0.016436
vt 0.420980 0.004867
vt 0.423777 0.015675
vt 0.410290 0.007608
vt 0.414363 0.016628
vt 0.418459 0.016554
vt 0.405202 0.008609
vt 0.409471 0.007805
vt 0.402892 0.019470
vt 0.408931 0.016525
vt 0.403888 0.008586
vt 0.401322 0.016320
vt 0.401302 0.010598
vt 0.399503 0.009878
vt 0.397458 0.010277
vt 0.391969 0.012068
vt 0.385991 0.007324
vt 0.385551 0.013057
vt 0.381346 0.008310
vt 0.379376 0.013951
vt 0.376142 0.015192
vt 0.375057 0.010197
vt 0.375112 0.005052
vt 0.374487 0.014210
vt 0.374186 0.016065
vt 0.361534 0.011706
vt 0.359863 0.019574
vt 0.357941 0.009880
vt 0.361232 0.011819
vt 0.357969 0.013868
vt 0.345573 0.016054
vt 0.342684 0.013436
vt 0.344161 0.003603
vt 0.343923 0.011669
vt 0.338867 0.013734
vt 0.568957 0.012441
vt 0.572970 0.011797
vt 0.569427 0.026161
vt 0.560130 0.017191
vt 0.563290 0.020703
vt 0.558847 0.020000
vt 0.560131 0.017192
vt 0.557269 0.027297
vt 0.554610 0.020251
vt 0.553273 0.018804
vt 0.541770 0.019452
vt 0.551643 0.021937
vt 0.536549 0.022142
vt 0.538309 0.019247
vt 0.536198 0.020876
vt 0.531253 0.025806
vt 0.523712 0.026746
vt 0.280360 0.084698
vt 0.281602 0.089426
vt 0.287814 0.089248
vt 0.520313 0.018476
vt 0.521470 0.024536
vt 0.513985 0.019626
vt 0.517349 0.024222
vt 0.514217 0.025641
vt 0.503157 0.024568
vt 0.493554 0.023014
vt 0.499728 0.025612
vt 0.484345 0.020924
vt 0.479001 0.020090
vt 0.469888 0.016103
vt 0.461464 0.018780
vt 0.452589 0.022521
vt 0.459661 0.029331
vt 0.445699 0.025041
vt 0.440099 0.023028
vt 0.439252 0.023245
vt 0.428037 0.029954
vt 0.430753 0.018427
vt 0.424269 0.017556
vt 0.961033 0.486055
vt 0.965090 0.479884
vt 0.966254 0.485232
vt 0.421938 0.018108
vt 0.410941 0.025250
vt 0.415610 0.017862
vt 0.414439 0.017606
vt 0.410189 0.020476
vt 0.402795 0.021590
vt 0.412328 0.024046
vt 0.392243 0.019710
vt 0.853389 0.938651
vt 0.849398 0.934822
vt 0.854461 0.932394
vt 0.380096 0.014813
vt 0.375372 0.025565
vt 0.388699 0.029607
vt 0.374435 0.023194
vt 0.376249 0.015185
vt 0.371780 0.019714
vt 0.365888 0.026915
vt 0.349023 0.025801
vt 0.349315 0.025386
vt 0.343331 0.026833
vt 0.338499 0.020389
vt 0.339177 0.014123
vt 0.950227 0.878190
vt 0.940843 0.879228
vt 0.944488 0.874208
vt 0.949333 0.870861
vt 0.944177 0.868084
vt 0.948622 0.868313
vt 0.557539 0.029998
vt 0.538241 0.026918
vt 0.537618 0.031065
vt 0.534479 0.027759
vt 0.523248 0.029976
vt 0.513655 0.029538
vt 0.512645 0.025482
vt 0.512802 0.029346
vt 0.505098 0.027714
vt 0.408190 0.847077
vt 0.404687 0.841374
vt 0.408048 0.839791
vt 0.504205 0.030610
vt 0.497126 0.039394
vt 0.492966 0.037081
vt 0.495941 0.026764
vt 0.477287 0.028090
vt 0.479656 0.021616
vt 0.473988 0.022537
vt 0.477971 0.035601
vt 0.461151 0.030988
vt 0.449313 0.030053
vt 0.612129 0.657986
vt 0.616096 0.652609
vt 0.616369 0.657784
vt 0.445250 0.024701
vt 0.441360 0.026835
vt 0.439740 0.023286
vt 0.435172 0.028479
vt 0.442161 0.035778
vt 0.433553 0.034875
vt 0.303639 0.331003
vt 0.307686 0.333655
vt 0.314008 0.332351
vt 0.413675 0.032446
vt 0.402328 0.030201
vt 0.400885 0.028430
vt 0.396524 0.026729
vt 0.401070 0.031680
vt 0.395362 0.036042
vt 0.398831 0.035353
vt 0.395616 0.024195
vt 0.395061 0.037897
vt 0.378256 0.036711
vt 0.377953 0.028139
vt 0.373972 0.032052
vt 0.374871 0.025459
vt 0.371051 0.031303
vt 0.371401 0.031874
vt 0.371212 0.037302
vt 0.359259 0.036400
vt 0.357577 0.035086
vt 0.353667 0.036283
vt 0.342042 0.032679
vt 0.340691 0.030982
vt 0.338731 0.024963
vt 0.342310 0.032113
vt 0.341918 0.030331
vt 0.571768 0.031807
vt 0.565104 0.038376
vt 0.562786 0.030629
vt 0.573424 0.046473
vt 0.572149 0.044044
vt 0.562474 0.044540
vt 0.562448 0.037719
vt 0.562459 0.044542
vt 0.560279 0.045551
vt 0.553051 0.043253
vt 0.550725 0.033971
vt 0.543329 0.044416
vt 0.541866 0.046562
vt 0.530627 0.038587
vt 0.535721 0.046393
vt 0.521346 0.047555
vt 0.516038 0.042307
vt 0.516261 0.039220
vt 0.521847 0.032496
vt 0.512231 0.033802
vt 0.515092 0.040957
vt 0.513392 0.047441
vt 0.509887 0.041792
vt 0.506323 0.044604
vt 0.503835 0.041777
vt 0.500905 0.044131
vt 0.494163 0.037269
vt 0.496590 0.040025
vt 0.488916 0.041501
vt 0.928345 0.365682
vt 0.932340 0.362593
vt 0.930770 0.368575
vt 0.473911 0.043261
vt 0.466614 0.043256
vt 0.464944 0.038295
vt 0.450085 0.049883
vt 0.447793 0.040884
vt 0.612538 0.645113
vt 0.439325 0.037222
vt 0.428602 0.042283
vt 0.436427 0.037812
vt 0.432986 0.035988
vt 0.439391 0.045524
vt 0.428344 0.053780
vt 0.311540 0.336369
vt 0.412526 0.038546
vt 0.421787 0.046765
vt 0.412456 0.046728
vt 0.408485 0.043257
vt 0.406130 0.036272
vt 0.403678 0.032791
vt 0.401033 0.036818
vt 0.394838 0.039269
vt 0.393847 0.043154
vt 0.397196 0.046442
vt 0.389574 0.045835
vt 0.367400 0.046683
vt 0.373818 0.035170
vt 0.360983 0.042753
vt 0.343479 0.044697
vt 0.353175 0.044431
vt 0.569538 0.045947
vt 0.573296 0.046519
vt 0.566979 0.046716
vt 0.571197 0.064886
vt 0.564420 0.053786
vt 0.564191 0.049416
vt 0.556727 0.051233
vt 0.556933 0.046513
vt 0.547207 0.053118
vt 0.775525 0.964666
vt 0.786844 0.959748
vt 0.777756 0.960357
vt 0.537057 0.045368
vt 0.927445 0.626454
vt 0.926346 0.628811
vt 0.932189 0.627653
vt 0.527470 0.050504
vt 0.525789 0.052948
vt 0.520760 0.048366
vt 0.517743 0.053512
vt 0.509120 0.057641
vt 0.504025 0.051086
vt 0.506950 0.044560
vt 0.500981 0.044267
vt 0.500007 0.052297
vt 0.497526 0.045661
vt 0.489784 0.058388
vt 0.480451 0.051529
vt 0.479438 0.041913
vt 0.481800 0.036695
vt 0.478084 0.048099
vt 0.474154 0.045932
vt 0.464692 0.045779
vt 0.475324 0.051962
vt 0.469936 0.042967
vt 0.057530 0.680736
vt 0.061591 0.684855
vt 0.054438 0.684808
vt 0.455916 0.056110
vt 0.436797 0.049929
vt 0.425047 0.047269
vt 0.425123 0.047419
vt 0.418107 0.052562
vt 0.400918 0.047794
vt 0.411554 0.047024
vt 0.397809 0.055258
vt 0.396653 0.046999
vt 0.395225 0.048982
vt 0.389907 0.048171
vt 0.389462 0.052499
vt 0.384099 0.052484
vt 0.362659 0.056711
vt 0.687128 0.914972
vt 0.689225 0.919047
vt 0.683957 0.916046
vt 0.686901 0.919095
vt 0.357316 0.045553
vt 0.351614 0.050323
vt 0.349314 0.047412
vt 0.353631 0.055435
vt 0.344878 0.047247
vt 0.345834 0.060554
vt 0.339035 0.048050
vt 0.341658 0.055330
vt 0.340038 0.061534
vt 0.564893 0.063191
vt 0.560795 0.059183
vt 0.557727 0.057715
vt 0.552839 0.053799
vt 0.558742 0.061037
vt 0.550235 0.061588
vt 0.545599 0.058977
vt 0.544299 0.062964
vt 0.537637 0.060555
vt 0.538722 0.049447
vt 0.528472 0.050313
vt 0.526533 0.056596
vt 0.528570 0.051514
vt 0.535592 0.059587
vt 0.520015 0.063643
vt 0.519150 0.060239
vt 0.518644 0.060920
vt 0.516693 0.061682
vt 0.511953 0.065336
vt 0.501709 0.058002
vt 0.504195 0.065368
vt 0.498231 0.063895
vt 0.500202 0.058097
vt 0.493611 0.058550
vt 0.499502 0.052492
vt 0.497326 0.055797
vt 0.480156 0.051322
vt 0.481198 0.056863
vt 0.477894 0.060282
vt 0.472878 0.069786
vt 0.471315 0.064091
vt 0.465413 0.056267
vt 0.464411 0.063165
vt 0.461549 0.061571
vt 0.458841 0.058794
vt 0.458649 0.058895
vt 0.456343 0.058671
vt 0.456899 0.062460
vt 0.455286 0.066097
vt 0.455875 0.056169
vt 0.446631 0.054974
vt 0.447308 0.060782
vt 0.445274 0.056304
vt 0.439493 0.056954
vt 0.449488 0.051061
vt 0.426288 0.063953
vt 0.437939 0.063559
vt 0.442680 0.060858
vt 0.426502 0.053016
vt 0.424947 0.059672
vt 0.418849 0.057991
vt 0.651273 0.664820
vt 0.651441 0.668347
vt 0.645421 0.667501
vt 0.418926 0.053422
vt 0.418842 0.057989
vt 0.413724 0.061622
vt 0.415312 0.058178
vt 0.413532 0.050945
vt 0.411242 0.057604
vt 0.414925 0.057979
vt 0.423547 0.066935
vt 0.413442 0.058816
vt 0.405466 0.059079
vt 0.409791 0.064347
vt 0.399316 0.058918
vt 0.400561 0.063800
vt 0.395224 0.062068
vt 0.393379 0.053303
vt 0.390862 0.058677
vt 0.393673 0.060108
vt 0.390969 0.052673
vt 0.387045 0.063318
vt 0.387378 0.059101
vt 0.383004 0.060577
vt 0.385993 0.054552
vt 0.378317 0.062565
vt 0.370731 0.063804
vt 0.365302 0.059388
vt 0.367704 0.066082
vt 0.361733 0.059573
vt 0.357976 0.049905
vt 0.359889 0.056138
vt 0.353303 0.053996
vt 0.361805 0.058255
vt 0.348680 0.064736
vt 0.344378 0.062403
vt 0.341831 0.060187
vt 0.571552 0.064867
vt 0.572581 0.077807
vt 0.564662 0.072065
vt 0.564306 0.060634
vt 0.563861 0.063621
vt 0.562858 0.068862
vt 0.553043 0.069914
vt 0.556373 0.072978
vt 0.547521 0.067823
vt 0.540174 0.072548
vt 0.532117 0.065836
vt 0.532034 0.068546
vt 0.523575 0.074066
vt 0.528967 0.075362
vt 0.518080 0.068221
vt 0.516454 0.070475
vt 0.515039 0.068122
vt 0.489087 0.073713
vt 0.491750 0.069296
vt 0.495058 0.064282
vt 0.491176 0.065598
vt 0.488192 0.069215
vt 0.487926 0.067219
vt 0.488261 0.060867
vt 0.481088 0.059305
vt 0.465006 0.066491
vt 0.461181 0.062571
vt 0.464686 0.066815
vt 0.455841 0.073174
vt 0.439508 0.070369
vt 0.749479 0.945136
vt 0.753300 0.947134
vt 0.751982 0.940484
vt 0.437528 0.070346
vt 0.428422 0.072349
vt 0.422429 0.072255
vt 0.412161 0.066555
vt 0.408081 0.071542
vt 0.400549 0.070707
vt 0.395964 0.066707
vt 0.396918 0.071198
vt 0.392416 0.071715
vt 0.379960 0.064469
vt 0.381679 0.072412
vt 0.378707 0.070799
vt 0.374040 0.067473
vt 0.370540 0.070135
vt 0.367869 0.071174
vt 0.361552 0.075085
vt 0.355519 0.072128
vt 0.353928 0.068960
vt 0.352717 0.063916
vt 0.348740 0.065098
vt 0.349525 0.076072
vt 0.343503 0.062848
vt 0.340468 0.077385
vt 0.339961 0.065768
vt 0.573415 0.082317
vt 0.571554 0.094669
vt 0.561156 0.079620
vt 0.560520 0.078404
vt 0.561174 0.078705
vt 0.550752 0.071684
vt 0.542458 0.072499
vt 0.551984 0.084050
vt 0.544477 0.081499
vt 0.542287 0.076674
vt 0.539014 0.081157
vt 0.535947 0.080148
vt 0.538831 0.073638
vt 0.529007 0.079158
vt 0.529239 0.080697
vt 0.531764 0.079250
vt 0.531869 0.079045
vt 0.517667 0.083343
vt 0.502216 0.083752
vt 0.486463 0.080347
vt 0.484041 0.069162
vt 0.477582 0.070764
vt 0.477872 0.078764
vt 0.482767 0.083043
vt 0.472157 0.076042
vt 0.474121 0.079950
vt 0.463015 0.082392
vt 0.465425 0.074540
vt 0.464487 0.078197
vt 0.460284 0.079837
vt 0.459364 0.078140
vt 0.455186 0.081001
vt 0.447942 0.087386
vt 0.438938 0.083145
vt 0.427939 0.072935
vt 0.429227 0.074394
vt 0.435521 0.076086
vt 0.423187 0.081570
vt 0.422139 0.072455
vt 0.423328 0.074401
vt 0.411189 0.068873
vt 0.421732 0.080157
vt 0.413644 0.076924
vt 0.416535 0.083897
vt 0.411725 0.081612
vt 0.403665 0.076744
vt 0.407577 0.071923
vt 0.408236 0.083596
vt 0.400213 0.074530
vt 0.397653 0.079676
vt 0.389987 0.076412
vt 0.390103 0.082138
vt 0.384510 0.075442
vt 0.387340 0.072617
vt 0.375928 0.082649
vt 0.378018 0.074393
vt 0.378069 0.073740
vt 0.372448 0.078254
vt 0.371561 0.079405
vt 0.368782 0.084307
vt 0.356878 0.077400
vt 0.358812 0.079991
vt 0.349301 0.076613
vt 0.348601 0.083452
vt 0.343086 0.081844
vt 0.267603 0.953864
vt 0.283156 0.955907
vt 0.278073 0.951491
vt 0.541640 0.089153
vt 0.528576 0.091149
vt 0.533775 0.093554
vt 0.523618 0.083518
vt 0.521280 0.085608
vt 0.513714 0.094383
vt 0.511530 0.090516
vt 0.500912 0.092990
vt 0.506405 0.091946
vt 0.498960 0.086608
vt 0.496627 0.086783
vt 0.497401 0.088172
vt 0.497146 0.092893
vt 0.488064 0.084711
vt 0.496432 0.086296
vt 0.492191 0.089445
vt 0.481530 0.087376
vt 0.478075 0.091496
vt 0.476808 0.095371
vt 0.471044 0.091686
vt 0.466680 0.086109
vt 0.460105 0.087390
vt 0.459779 0.085177
vt 0.456922 0.086150
vt 0.455848 0.092122
vt 0.455000 0.089574
vt 0.449995 0.089513
vt 0.434060 0.093710
vt 0.425429 0.092556
vt 0.416599 0.089163
vt 0.411541 0.084882
vt 0.411454 0.088607
vt 0.403294 0.086407
vt 0.402739 0.088965
vt 0.407278 0.092552
vt 0.396731 0.084904
vt 0.295975 0.098382
vt 0.289062 0.097788
vt 0.290988 0.102295
vt 0.696812 0.926825
vt 0.693563 0.924947
vt 0.692054 0.927628
vt 0.396258 0.086455
vt 0.384501 0.095773
vt 0.371418 0.091429
vt 0.368047 0.088899
vt 0.368352 0.093764
vt 0.365487 0.086053
vt 0.358004 0.086228
vt 0.343476 0.087641
vt 0.338765 0.092491
vt 0.341118 0.082142
vt 0.559771 0.099055
vt 0.550306 0.087605
vt 0.567379 0.102489
vt 0.551087 0.095828
vt 0.555604 0.098299
vt 0.550088 0.103476
vt 0.544903 0.090792
vt 0.539778 0.096725
vt 0.538820 0.090642
vt 0.536100 0.100752
vt 0.528344 0.096344
vt 0.536289 0.098204
vt 0.533236 0.100833
vt 0.526223 0.093582
vt 0.520496 0.104936
vt 0.507772 0.103496
vt 0.509212 0.094054
vt 0.501451 0.102428
vt 0.500430 0.097016
vt 0.499075 0.093601
vt 0.495266 0.098034
vt 0.493677 0.096289
vt 0.492151 0.089651
vt 0.487525 0.087394
vt 0.484212 0.098637
vt 0.458360 0.102783
vt 0.453784 0.102805
vt 0.445510 0.100257
vt 0.430245 0.092385
vt 0.425487 0.098993
vt 0.415117 0.098779
vt 0.411090 0.095687
vt 0.405995 0.095241
vt 0.401422 0.098706
vt 0.401193 0.101055
vt 0.396503 0.098372
vt 0.395070 0.104835
vt 0.381512 0.095271
vt 0.370186 0.102026
vt 0.369227 0.097939
vt 0.363233 0.101296
vt 0.359392 0.092365
vt 0.355500 0.095589
vt 0.359226 0.100599
vt 0.355729 0.100704
vt 0.348000 0.101892
vt 0.342646 0.101183
vt 0.339678 0.093994
vt 0.569108 0.103394
vt 0.572601 0.103669
vt 0.568769 0.107975
vt 0.883324 0.159476
vt 0.886676 0.163033
vt 0.891095 0.160433
vt 0.560426 0.115567
vt 0.565089 0.105203
vt 0.555491 0.098554
vt 0.551056 0.110740
vt 0.537259 0.105928
vt 0.544366 0.107363
vt 0.536111 0.103802
vt 0.530858 0.107770
vt 0.536650 0.106220
vt 0.536515 0.117571
vt 0.528629 0.110572
vt 0.951453 0.933818
vt 0.955945 0.931564
vt 0.958430 0.937733
vt 0.964072 0.938229
vt 0.497932 0.104305
vt 0.490993 0.105685
vt 0.500400 0.103557
vt 0.493656 0.112239
vt 0.489406 0.108593
vt 0.486379 0.098501
vt 0.485014 0.102593
vt 0.471540 0.104849
vt 0.472774 0.107745
vt 0.479772 0.110530
vt 0.471739 0.104791
vt 0.470942 0.108677
vt 0.460733 0.104426
vt 0.469859 0.116129
vt 0.455287 0.111017
vt 0.453363 0.105988
vt 0.454272 0.104379
vt 0.451466 0.106451
vt 0.445132 0.105104
vt 0.444393 0.112834
vt 0.443201 0.101663
vt 0.438103 0.108703
vt 0.428740 0.101834
vt 0.434561 0.106889
vt 0.433952 0.112367
vt 0.431827 0.107812
vt 0.424300 0.106901
vt 0.419182 0.105348
vt 0.420051 0.110206
vt 0.416785 0.098015
vt 0.414872 0.107092
vt 0.412753 0.103925
vt 0.411940 0.104003
vt 0.401180 0.111221
vt 0.395404 0.109481
vt 0.395451 0.105432
vt 0.383229 0.104168
vt 0.392341 0.106474
vt 0.395424 0.109577
vt 0.381347 0.111430
vt 0.385912 0.108808
vt 0.376625 0.105216
vt 0.373560 0.110012
vt 0.371807 0.104090
vt 0.365674 0.101873
vt 0.369732 0.102286
vt 0.365905 0.104984
vt 0.364761 0.111435
vt 0.365577 0.101808
vt 0.362992 0.103830
vt 0.364878 0.107893
vt 0.359350 0.102108
vt 0.358615 0.099792
vt 0.356254 0.100481
vt 0.359067 0.114896
vt 0.351399 0.104135
vt 0.346496 0.102915
vt 0.342242 0.110319
vt 0.343381 0.103990
vt 0.343017 0.104062
vt 0.339387 0.105499
vt 0.572279 0.118990
vt 0.572666 0.126808
vt 0.568686 0.118029
vt 0.566044 0.121366
vt 0.556723 0.119247
vt 0.556474 0.117718
vt 0.548543 0.112976
vt 0.548261 0.109450
vt 0.553481 0.118536
vt 0.545701 0.115373
vt 0.531372 0.119132
vt 0.513867 0.121973
vt 0.517603 0.112728
vt 0.512318 0.111593
vt 0.498444 0.118334
vt 0.505085 0.106066
vt 0.497295 0.117911
vt 0.494209 0.119670
vt 0.492630 0.113057
vt 0.486522 0.123312
vt 0.485552 0.112497
vt 0.481184 0.116286
vt 0.485994 0.121234
vt 0.479540 0.119730
vt 0.473876 0.120405
vt 0.467070 0.121151
vt 0.450287 0.122499
vt 0.451902 0.113834
vt 0.451674 0.109501
vt 0.386209 0.823840
vt 0.386490 0.827946
vt 0.388174 0.826016
vt 0.430636 0.109396
vt 0.435941 0.118539
vt 0.429415 0.123149
vt 0.425244 0.113310
vt 0.420698 0.110274
vt 0.418257 0.126371
vt 0.417880 0.116931
vt 0.417642 0.111169
vt 0.406969 0.117379
vt 0.411481 0.107674
vt 0.403663 0.115061
vt 0.400146 0.117244
vt 0.397852 0.115636
vt 0.375485 0.116944
vt 0.390733 0.117062
vt 0.379493 0.107057
vt 0.383262 0.117095
vt 0.370230 0.114072
vt 0.377654 0.125012
vt 0.373458 0.119364
vt 0.371342 0.118900
vt 0.362470 0.117183
vt 0.362414 0.115700
vt 0.357630 0.120385
vt 0.350703 0.116020
vt 0.347669 0.112316
vt 0.343099 0.115170
vt 0.341707 0.110923
vt 0.339701 0.117978
vt 0.338804 0.106338
vt 0.556951 0.123314
vt 0.555470 0.133333
vt 0.550994 0.122517
vt 0.544975 0.126346
vt 0.541907 0.123739
vt 0.540005 0.129671
vt 0.535165 0.127946
vt 0.535460 0.119879
vt 0.529746 0.128732
vt 0.530683 0.120963
vt 0.524905 0.124907
vt 0.532465 0.121340
vt 0.513590 0.125834
vt 0.505253 0.131184
vt 0.501742 0.128963
vt 0.498890 0.123199
vt 0.495464 0.120699
vt 0.493348 0.120943
vt 0.497891 0.131781
vt 0.498194 0.124007
vt 0.482577 0.127402
vt 0.477293 0.123677
vt 0.484311 0.121861
vt 0.477059 0.122071
vt 0.473896 0.136274
vt 0.467566 0.131464
vt 0.464207 0.126247
vt 0.454605 0.129785
vt 0.759655 0.975763
vt 0.758273 0.971858
vt 0.761866 0.972377
vt 0.444998 0.123568
vt 0.440292 0.120182
vt 0.449152 0.129929
vt 0.440115 0.128204
vt 0.435199 0.125233
vt 0.428268 0.131100
vt 0.428197 0.128269
vt 0.407656 0.126330
vt 0.401300 0.118963
vt 0.398782 0.124064
vt 0.407116 0.125520
vt 0.405353 0.132739
vt 0.388039 0.129484
vt 0.386540 0.118890
vt 0.377251 0.126159
vt 0.374650 0.122053
vt 0.375213 0.128608
vt 0.362353 0.122867
vt 0.366943 0.128627
vt 0.279453 0.731020
vt 0.282651 0.729064
vt 0.275971 0.728884
vt 0.362476 0.123335
vt 0.362015 0.131068
vt 0.342606 0.128268
vt 0.342940 0.116133
vt 0.343619 0.122963
vt 0.340858 0.122415
vt 0.340507 0.126645
vt 0.340966 0.123740
vt 0.340311 0.122267
vt 0.338902 0.130603
vt 0.338419 0.119489
vt 0.573437 0.127769
vt 0.568571 0.141559
vt 0.568795 0.129953
vt 0.542647 0.138264
vt 0.540829 0.129851
vt 0.548977 0.140288
vt 0.537838 0.131944
vt 0.525042 0.137713
vt 0.533796 0.129557
vt 0.524647 0.131757
vt 0.529745 0.128815
vt 0.518327 0.135115
vt 0.525160 0.127915
vt 0.513930 0.127579
vt 0.509554 0.133103
vt 0.513298 0.137539
vt 0.509591 0.138635
vt 0.503650 0.131944
vt 0.503287 0.136862
vt 0.500311 0.137594
vt 0.488582 0.136466
vt 0.485021 0.131315
vt 0.479327 0.141050
vt 0.461660 0.126885
vt 0.464263 0.137166
vt 0.458010 0.129289
vt 0.453166 0.144121
vt 0.452984 0.131590
vt 0.444365 0.136461
vt 0.439180 0.134768
vt 0.432792 0.136381
vt 0.436424 0.139877
vt 0.424726 0.136439
vt 0.419124 0.129921
vt 0.413604 0.138173
vt 0.406276 0.132866
vt 0.395242 0.135067
vt 0.391920 0.134901
vt 0.392237 0.135702
vt 0.386892 0.143579
vt 0.377811 0.129315
vt 0.376026 0.134623
vt 0.969784 0.218657
vt 0.968404 0.223527
vt 0.964000 0.220353
vt 0.377804 0.136717
vt 0.376026 0.134622
vt 0.373051 0.136523
vt 0.365798 0.135557
vt 0.365782 0.132581
vt 0.361854 0.134882
vt 0.347297 0.135118
vt 0.339732 0.131671
vt 0.561430 0.142866
vt 0.562970 0.148517
vt 0.544605 0.151948
vt 0.554245 0.144117
vt 0.553233 0.143391
vt 0.548196 0.143440
vt 0.541783 0.139282
vt 0.547828 0.143300
vt 0.545730 0.147968
vt 0.540020 0.149432
vt 0.831887 0.930817
vt 0.835338 0.934537
vt 0.838606 0.933286
vt 0.536439 0.143973
vt 0.154915 0.029003
vt 0.159912 0.031966
vt 0.156367 0.031918
vt 0.526835 0.147897
vt 0.522577 0.139124
vt 0.520434 0.145282
vt 0.512985 0.141193
vt 0.503863 0.140882
vt 0.479191 0.144021
vt 0.465823 0.139706
vt 0.478459 0.142626
vt 0.470994 0.149368
vt 0.466911 0.145140
vt 0.456997 0.149860
vt 0.461622 0.142035
vt 0.441395 0.142545
vt 0.439970 0.147161
vt 0.428799 0.150252
vt 0.435837 0.140286
vt 0.419298 0.141104
vt 0.425447 0.150984
vt 0.420708 0.136405
vt 0.414979 0.145095
vt 0.413180 0.141081
vt 0.409406 0.145983
vt 0.407074 0.143970
vt 0.412753 0.138041
vt 0.406543 0.143946
vt 0.408558 0.138201
vt 0.396373 0.146616
vt 0.405497 0.146134
vt 0.400309 0.148429
vt 0.390349 0.140713
vt 0.383381 0.143518
vt 0.377012 0.137566
vt 0.370549 0.146618
vt 0.376647 0.149434
vt 0.360886 0.138539
vt 0.358760 0.143875
vt 0.358405 0.141687
vt 0.356331 0.149349
vt 0.355764 0.142579
vt 0.343238 0.142150
vt 0.342950 0.146612
vt 0.340370 0.154530
vt 0.340154 0.141530
vt 0.570532 0.147022
vt 0.572268 0.154760
vt 0.565924 0.159310
vt 0.564186 0.152980
vt 0.560510 0.154956
vt 0.553936 0.156586
vt 0.553936 0.165607
vt 0.542595 0.158362
vt 0.539290 0.148671
vt 0.535548 0.153037
vt 0.540660 0.153921
vt 0.539741 0.158493
vt 0.534010 0.158805
vt 0.529096 0.154296
vt 0.162409 0.030677
vt 0.518835 0.147861
vt 0.517850 0.149775
vt 0.525780 0.153026
vt 0.529102 0.154295
vt 0.512208 0.143847
vt 0.507795 0.155939
vt 0.505578 0.146983
vt 0.503175 0.157090
vt 0.494365 0.151411
vt 0.492491 0.149720
vt 0.491673 0.157759
vt 0.479898 0.152228
vt 0.472370 0.154205
vt 0.467126 0.149904
vt 0.464280 0.157987
vt 0.455967 0.156638
vt 0.446534 0.155485
vt 0.452536 0.146954
vt 0.446383 0.159948
vt 0.447889 0.145583
vt 0.440064 0.155396
vt 0.435517 0.149914
vt 0.435342 0.155207
vt 0.431169 0.154602
vt 0.420317 0.155136
vt 0.421007 0.152423
vt 0.434953 0.157657
vt 0.422351 0.163028
vt 0.421426 0.151743
vt 0.419129 0.153611
vt 0.419250 0.149874
vt 0.415504 0.157715
vt 0.407764 0.154158
vt 0.416117 0.153314
vt 0.396301 0.148547
vt 0.390835 0.157146
vt 0.384941 0.145115
vt 0.386372 0.158123
vt 0.381820 0.145180
vt 0.372809 0.151840
vt 0.367912 0.153389
vt 0.369029 0.149095
vt 0.364373 0.147295
vt 0.369425 0.155592
vt 0.361374 0.160832
vt 0.362757 0.154399
vt 0.362234 0.154170
vt 0.362495 0.154279
vt 0.358466 0.160873
vt 0.346295 0.160034
vt 0.573123 0.155481
vt 0.570703 0.169046
vt 0.565157 0.161207
vt 0.548834 0.164063
vt 0.541718 0.169794
vt 0.539118 0.163163
vt 0.532610 0.161779
vt 0.536051 0.169000
vt 0.531417 0.166786
vt 0.532169 0.162240
vt 0.526623 0.165684
vt 0.526416 0.169346
vt 0.519539 0.166912
vt 0.507521 0.160604
vt 0.502971 0.164837
vt 0.516812 0.169964
vt 0.511821 0.157444
vt 0.507203 0.167946
vt 0.499859 0.161072
vt 0.501031 0.165165
vt 0.493405 0.157455
vt 0.487997 0.165211
vt 0.482704 0.161138
vt 0.480423 0.163429
vt 0.483345 0.163447
vt 0.485418 0.164749
vt 0.479173 0.166785
vt 0.474751 0.168334
vt 0.470323 0.167236
vt 0.465084 0.161411
vt 0.463797 0.165655
vt 0.465233 0.170938
vt 0.460869 0.160557
vt 0.453159 0.163393
vt 0.461240 0.167854
vt 0.450817 0.167437
vt 0.906639 0.108033
vt 0.897999 0.104476
vt 0.903136 0.107792
vt 0.897356 0.107342
vt 0.447147 0.166457
vt 0.442765 0.166943
vt 0.446061 0.160182
vt 0.440729 0.158331
vt 0.432545 0.167600
vt 0.423499 0.170516
vt 0.415233 0.170918
vt 0.412407 0.166919
vt 0.410322 0.159312
vt 0.405303 0.162057
vt 0.414456 0.163357
vt 0.411145 0.166797
vt 0.404113 0.164947
vt 0.400102 0.162789
vt 0.397060 0.165564
vt 0.319951 0.317662
vt 0.319488 0.314317
vt 0.324530 0.312705
vt 0.390482 0.161837
vt 0.394654 0.167637
vt 0.377544 0.166202
vt 0.379271 0.160774
vt 0.374604 0.161471
vt 0.375997 0.164893
vt 0.357336 0.164748
vt 0.349392 0.168133
vt 0.349049 0.174305
vt 0.341211 0.155606
vt 0.341053 0.159330
vt 0.341627 0.162492
vt 0.568103 0.166021
vt 0.568464 0.176326
vt 0.566763 0.167110
vt 0.570558 0.176589
vt 0.552753 0.173977
vt 0.548214 0.172465
vt 0.555487 0.177958
vt 0.551267 0.176678
vt 0.540933 0.170707
vt 0.542090 0.176288
vt 0.534585 0.174718
vt 0.535656 0.168975
vt 0.531826 0.172663
vt 0.531518 0.167906
vt 0.531360 0.171441
vt 0.528242 0.169128
vt 0.526607 0.179170
vt 0.528185 0.172419
vt 0.513402 0.178116
vt 0.524997 0.169514
vt 0.503555 0.167842
vt 0.504097 0.172565
vt 0.503568 0.173450
vt 0.498248 0.177630
vt 0.493599 0.173285
vt 0.477921 0.173504
vt 0.477522 0.176457
vt 0.476942 0.172904
vt 0.470909 0.176487
vt 0.465226 0.174280
vt 0.466940 0.170819
vt 0.451113 0.174197
vt 0.463595 0.171299
vt 0.437804 0.176879
vt 0.441566 0.179112
vt 0.444443 0.179602
vt 0.435453 0.168583
vt 0.431159 0.170828
vt 0.432098 0.177661
vt 0.423891 0.176962
vt 0.428543 0.171686
vt 0.708409 0.612573
vt 0.714067 0.612919
vt 0.713612 0.608788
vt 0.426481 0.172363
vt 0.423523 0.174282
vt 0.419476 0.174553
vt 0.409754 0.170760
vt 0.415351 0.171347
vt 0.415466 0.180211
vt 0.411011 0.172374
vt 0.409335 0.170021
vt 0.396786 0.176000
vt 0.383508 0.174972
vt 0.391035 0.172248
vt 0.382500 0.172043
vt 0.393788 0.174641
vt 0.379091 0.172307
vt 0.371540 0.168195
vt 0.368748 0.172459
vt 0.366520 0.173583
vt 0.339596 0.172726
vt 0.572215 0.189181
vt 0.555723 0.178025
vt 0.560489 0.185213
vt 0.554397 0.180638
vt 0.566594 0.180248
vt 0.553015 0.187675
vt 0.541462 0.181169
vt 0.536293 0.181638
vt 0.536119 0.189440
vt 0.541659 0.181384
vt 0.532126 0.179320
vt 0.531433 0.180591
vt 0.521312 0.188955
vt 0.527127 0.183330
vt 0.522179 0.181325
vt 0.518399 0.181913
vt 0.517805 0.183284
vt 0.517669 0.187146
vt 0.512008 0.185705
vt 0.507998 0.184870
vt 0.501652 0.178171
vt 0.497717 0.177781
vt 0.496532 0.183230
vt 0.495007 0.186457
vt 0.492128 0.184752
vt 0.489102 0.179799
vt 0.491538 0.187070
vt 0.475589 0.183103
vt 0.476385 0.188562
vt 0.475011 0.186174
vt 0.470699 0.185639
vt 0.469089 0.184163
vt 0.458433 0.184699
vt 0.457755 0.178464
vt 0.455491 0.181295
vt 0.452275 0.186936
vt 0.430006 0.181060
vt 0.282410 0.840164
vt 0.280053 0.831689
vt 0.285882 0.835944
vt 0.284135 0.830350
vt 0.424212 0.186706
vt 0.416306 0.186840
vt 0.397716 0.177237
vt 0.405847 0.182541
vt 0.399737 0.181369
vt 0.387486 0.192818
vt 0.378355 0.174762
vt 0.374354 0.173803
vt 0.374555 0.180753
vt 0.373901 0.178029
vt 0.368730 0.179701
vt 0.424479 0.804867
vt 0.421966 0.809460
vt 0.416829 0.807750
vt 0.374555 0.180753
vt 0.373997 0.185435
vt 0.369740 0.180638
vt 0.358786 0.184963
vt 0.357795 0.184539
vt 0.356890 0.185906
vt 0.346692 0.189625
vt 0.342614 0.180381
vt 0.572250 0.194029
vt 0.565828 0.196312
vt 0.565280 0.192880
vt 0.564337 0.187314
vt 0.566388 0.191282
vt 0.562317 0.191655
vt 0.554776 0.195149
vt 0.554695 0.188292
vt 0.545042 0.195275
vt 0.537070 0.186404
vt 0.529688 0.191284
vt 0.520450 0.186592
vt 0.520981 0.183526
vt 0.524698 0.190864
vt 0.518681 0.194586
vt 0.511638 0.195792
vt 0.510095 0.190772
vt 0.330696 0.882021
vt 0.327184 0.877004
vt 0.327357 0.881441
vt 0.318218 0.876596
vt 0.485937 0.194974
vt 0.480724 0.192580
vt 0.475599 0.194526
vt 0.473794 0.190855
vt 0.471453 0.195402
vt 0.466993 0.188908
vt 0.461797 0.188287
vt 0.464419 0.190810
vt 0.466161 0.194995
vt 0.461931 0.200589
vt 0.452635 0.187494
vt 0.451831 0.193181
vt 0.446335 0.189970
vt 0.895382 0.130705
vt 0.889120 0.132141
vt 0.888087 0.135502
vt 0.450660 0.197893
vt 0.439673 0.180046
vt 0.431703 0.192208
vt 0.438500 0.197680
vt 0.436418 0.179761
vt 0.281512 0.829217
vt 0.430562 0.191357
vt 0.425912 0.197231
vt 0.427937 0.193548
vt 0.423964 0.186990
vt 0.423188 0.192216
vt 0.414151 0.189159
vt 0.411912 0.194213
vt 0.410394 0.190439
vt 0.417089 0.195246
vt 0.411879 0.184949
vt 0.404372 0.185482
vt 0.406052 0.193774
vt 0.398076 0.183171
vt 0.392577 0.197696
vt 0.374350 0.199009
vt 0.372034 0.192617
vt 0.364243 0.199410
vt 0.362059 0.188735
vt 0.349983 0.193198
vt 0.485154 0.198287
vt 0.482407 0.199371
vt 0.467823 0.199742
vt 0.429253 0.199467
vt 0.424293 0.198069
vt 0.425834 0.200008
vt 0.423670 0.200483
vt 0.415434 0.199311
vt 0.413315 0.197274
vt 0.412258 0.200454
vt 0.405281 0.200553
vt 0.398909 0.200971
vt 0.389490 0.196465
vt 0.389313 0.196505
vt 0.388828 0.201565
vt 0.351788 0.202682
vt 0.349308 0.203734
vt 0.342150 0.200237
vt 0.343298 0.194587
vt 0.339994 0.185125
vt 0.644176 0.211765
vt 0.656672 0.161929
vt 0.722003 0.243247
vt 0.656424 0.161369
vt 0.663700 0.115326
vt 0.740627 0.117458
vt 0.650091 0.106212
vt 0.647515 0.057507
vt 0.753468 0.064806
vt 0.719610 0.177173
vt 0.748108 0.073644
vt 0.647655 0.012087
vt 0.749301 0.012519
vt 0.765601 0.063306
vt 0.771048 0.112712
vt 0.748317 0.115673
vt 0.781312 0.157554
vt 0.825481 0.085339
vt 0.748108 0.073644
vt 0.780467 0.066836
vt 0.721844 0.243240
vt 0.719610 0.177173
vt 0.780017 0.160716
vt 0.815505 0.132934
vt 0.830366 0.010454
vt 0.815698 0.069062
vt 0.830970 0.046009
vt 0.873531 0.191037
vt 0.812176 0.135232
vt 0.826937 0.123473
vt 0.828810 0.129854
vt 0.869598 0.161254
vt 0.838943 0.107738
vt 0.877252 0.137598
vt 0.841391 0.142866
vt 0.828286 0.006349
vt 0.855906 0.092115
vt 0.868271 0.211944
vt 0.865590 0.209635
vt 0.878084 0.085445
vt 0.869896 0.211409
vt 0.873847 0.205153
vt 0.873166 0.188087
vt 0.878604 0.132143
vt 0.877773 0.086408
vt 0.882014 0.014908
vt 0.880761 0.036005
vt 0.873208 0.159260
vt 0.449646 0.664732
vt 0.449304 0.661193
vt 0.446498 0.658291
vt 0.441612 0.646171
vt 0.441411 0.640283
vt 0.438522 0.639659
vt 0.437193 0.633668
vt 0.434475 0.628738
vt 0.430700 0.621551
vt 0.704873 0.569286
vt 0.684007 0.515870
vt 0.705612 0.426963
vt 0.692036 0.420446
vt 0.704786 0.420633
vt 0.898166 0.087731
vt 0.893975 0.087418
vt 0.888018 0.089414
vt 0.696297 0.607307
vt 0.594898 0.605678
vt 0.704551 0.609194
vt 0.681695 0.421403
vt 0.572937 0.425732
vt 0.681137 0.420540
vt 0.639570 0.464840
vt 0.504477 0.447266
vt 0.572483 0.425762
vt 0.758825 0.956455
vt 0.762607 0.958457
vt 0.777315 0.956567
vt 0.543524 0.607735
vt 0.495498 0.440029
vt 0.739825 0.956584
vt 0.727639 0.956700
vt 0.732223 0.957114
vt 0.501048 0.422839
vt 0.510568 0.607323
vt 0.509477 0.608524
vt 0.490184 0.608223
vt 0.497436 0.422468
vt 0.441999 0.417691
vt 0.485232 0.608473
vt 0.440964 0.606939
vt 0.363432 0.447137
vt 0.361521 0.415801
vt 0.373744 0.603105
vt 0.363290 0.534834
vt 0.362238 0.514014
vt 0.037802 0.016412
vt 0.032563 0.017873
vt 0.041638 0.017724
vt 0.361730 0.533673
vt 0.361272 0.513855
vt 0.363336 0.476611
vt 0.361304 0.447309
vt 0.363229 0.442115
vt 0.361474 0.442156
vt 0.266104 0.791649
vt 0.258929 0.788585
vt 0.263242 0.786758
vt 0.259186 0.785228
vt 0.286594 0.764887
vt 0.263805 0.785847
vt 0.264658 0.780835
vt 0.278943 0.763391
vt 0.341146 0.797778
vt 0.329522 0.782280
vt 0.339874 0.787564
vt 0.323508 0.779947
vt 0.308266 0.778245
vt 0.308283 0.776173
vt 0.316664 0.774940
vt 0.305342 0.776529
vt 0.314522 0.766299
vt 0.301414 0.773976
vt 0.291045 0.767776
vt 0.296562 0.767924
vt 0.292463 0.765681
vt 0.284034 0.762785
vt 0.280636 0.761889
vt 0.286155 0.760286
vt 0.357449 0.778260
vt 0.346204 0.788188
vt 0.347222 0.779009
vt 0.337649 0.782481
vt 0.345977 0.794653
vt 0.358481 0.778022
vt 0.338222 0.779488
vt 0.334310 0.778216
vt 0.329289 0.781923
vt 0.326707 0.778461
vt 0.334216 0.781801
vt 0.332355 0.776530
vt 0.325986 0.773912
vt 0.328855 0.767242
vt 0.332964 0.774171
vt 0.319540 0.775949
vt 0.323729 0.772608
vt 0.318831 0.769214
vt 0.303306 0.769850
vt 0.299292 0.765609
vt 0.310651 0.765109
vt 0.295918 0.754720
vt 0.309635 0.762449
vt 0.288747 0.764082
vt 0.355174 0.774072
vt 0.348622 0.774622
vt 0.342174 0.774129
vt 0.345663 0.774354
vt 0.342209 0.766999
vt 0.348836 0.771740
vt 0.337597 0.774571
vt 0.339229 0.765857
vt 0.321989 0.761139
vt 0.326913 0.768802
vt 0.327206 0.763885
vt 0.327077 0.761431
vt 0.316564 0.758114
vt 0.325039 0.760247
vt 0.322198 0.758554
vt 0.322908 0.749120
vt 0.315216 0.755814
vt 0.307663 0.753912
vt 0.313363 0.752691
vt 0.307274 0.754113
vt 0.302186 0.756582
vt 0.301294 0.749671
vt 0.307513 0.749845
vt 0.300410 0.749355
vt 0.299673 0.743250
vt 0.358515 0.777603
vt 0.362170 0.770866
vt 0.356893 0.766161
vt 0.354819 0.773725
vt 0.352835 0.770469
vt 0.349091 0.768315
vt 0.354525 0.759942
vt 0.332997 0.754494
vt 0.326779 0.756524
vt 0.316362 0.755834
vt 0.330504 0.752613
vt 0.326672 0.753592
vt 0.327509 0.746978
vt 0.332054 0.746511
vt 0.316138 0.748627
vt 0.310045 0.744611
vt 0.313063 0.747127
vt 0.312875 0.742911
vt 0.304589 0.743565
vt 0.306362 0.739054
vt 0.307877 0.731860
vt 0.307005 0.728345
vt 0.358972 0.759913
vt 0.366709 0.760881
vt 0.361914 0.755761
vt 0.353483 0.755613
vt 0.354951 0.756296
vt 0.346718 0.750373
vt 0.354947 0.750912
vt 0.339937 0.760994
vt 0.335855 0.751559
vt 0.343679 0.750241
vt 0.336101 0.748378
vt 0.340063 0.746651
vt 0.338019 0.743996
vt 0.331274 0.743985
vt 0.333905 0.739974
vt 0.323487 0.735596
vt 0.326815 0.744907
vt 0.332025 0.737608
vt 0.318712 0.737548
vt 0.320030 0.735418
vt 0.318731 0.737307
vt 0.311645 0.730938
vt 0.368319 0.756852
vt 0.362453 0.749381
vt 0.372261 0.753772
vt 0.366299 0.745150
vt 0.361465 0.749691
vt 0.359555 0.747147
vt 0.353444 0.738829
vt 0.361013 0.738191
vt 0.349791 0.746085
vt 0.343703 0.733514
vt 0.357059 0.748793
vt 0.341680 0.744930
vt 0.338657 0.743507
vt 0.332274 0.729239
vt 0.335253 0.729774
vt 0.325254 0.723116
vt 0.332988 0.725322
vt 0.323090 0.724699
vt 0.311007 0.730356
vt 0.313714 0.721862
vt 0.316357 0.724092
vt 0.307638 0.727532
vt 0.399965 0.715887
vt 0.382212 0.745911
vt 0.384166 0.743772
vt 0.373857 0.736157
vt 0.373445 0.745123
vt 0.361136 0.729511
vt 0.363948 0.736308
vt 0.433962 0.962283
vt 0.437693 0.959618
vt 0.440992 0.965246
vt 0.352258 0.736584
vt 0.351465 0.731923
vt 0.354737 0.725175
vt 0.343675 0.730531
vt 0.347581 0.732582
vt 0.351317 0.724966
vt 0.342208 0.726812
vt 0.338032 0.729523
vt 0.335481 0.722167
vt 0.341923 0.726783
vt 0.344333 0.718817
vt 0.319360 0.719003
vt 0.324333 0.713945
vt 0.331384 0.716952
vt 0.316631 0.723318
vt 0.314360 0.721102
vt 0.317950 0.716850
vt 0.313087 0.720001
vt 0.321650 0.712559
vt 0.384677 0.737171
vt 0.370330 0.731675
vt 0.384286 0.729706
vt 0.368664 0.728755
vt 0.367801 0.731512
vt 0.364431 0.728664
vt 0.375907 0.723696
vt 0.365501 0.723880
vt 0.356545 0.724717
vt 0.355712 0.720655
vt 0.361900 0.715417
vt 0.355346 0.720807
vt 0.348739 0.723561
vt 0.344571 0.711950
vt 0.355525 0.712263
vt 0.346456 0.717745
vt 0.337848 0.719170
vt 0.333619 0.716052
vt 0.339452 0.714210
vt 0.343741 0.716875
vt 0.344364 0.712067
vt 0.334592 0.708863
vt 0.341668 0.707901
vt 0.325747 0.706957
vt 0.333538 0.705548
vt 0.326493 0.705687
vt 0.325914 0.704166
vt 0.328114 0.700042
vt 0.389713 0.728962
vt 0.386467 0.730638
vt 0.380047 0.724781
vt 0.380350 0.724963
vt 0.376431 0.721272
vt 0.384055 0.727227
vt 0.372348 0.717750
vt 0.365967 0.713011
vt 0.356848 0.709596
vt 0.364253 0.708009
vt 0.276529 0.903012
vt 0.275595 0.909374
vt 0.272268 0.908636
vt 0.345702 0.705581
vt 0.342799 0.694011
vt 0.349099 0.699863
vt 0.337012 0.704520
vt 0.885938 0.203097
vt 0.889823 0.206503
vt 0.891719 0.204092
vt 0.393059 0.711462
vt 0.384337 0.711655
vt 0.377773 0.716349
vt 0.373953 0.704584
vt 0.368545 0.707091
vt 0.365003 0.710081
vt 0.353826 0.708954
vt 0.361493 0.698750
vt 0.368080 0.704868
vt 0.374312 0.702587
vt 0.353041 0.698468
vt 0.358572 0.691791
vt 0.352682 0.694664
vt 0.349455 0.695316
vt 0.344258 0.695114
vt 0.342565 0.689457
vt 0.348585 0.692605
vt 0.336365 0.690239
vt 0.340146 0.689641
vt 0.401209 0.716987
vt 0.408762 0.710857
vt 0.422129 0.694797
vt 0.399350 0.713620
vt 0.398677 0.708926
vt 0.407108 0.710472
vt 0.398562 0.705988
vt 0.400728 0.700717
vt 0.389967 0.708118
vt 0.387853 0.708715
vt 0.385740 0.702662
vt 0.382828 0.708497
vt 0.380643 0.702661
vt 0.376518 0.693307
vt 0.372175 0.696301
vt 0.370260 0.690765
vt 0.363503 0.694358
vt 0.363480 0.694374
vt 0.362036 0.690237
vt 0.359650 0.685509
vt 0.351895 0.686624
vt 0.340144 0.685623
vt 0.346859 0.685605
vt 0.354412 0.666771
vt 0.357944 0.682954
vt 0.411674 0.704785
vt 0.413594 0.703000
vt 0.409040 0.707518
vt 0.406047 0.706492
vt 0.404405 0.702992
vt 0.408147 0.703372
vt 0.404772 0.698454
vt 0.404261 0.702561
vt 0.402180 0.705357
vt 0.394257 0.697082
vt 0.385661 0.694994
vt 0.380952 0.696548
vt 0.382572 0.689280
vt 0.385190 0.692439
vt 0.373503 0.685004
vt 0.379238 0.687453
vt 0.372212 0.673787
vt 0.366151 0.684340
vt 0.365171 0.687767
vt 0.360063 0.676937
vt 0.360046 0.670646
vt 0.354394 0.671883
vt 0.417358 0.695791
vt 0.412431 0.700574
vt 0.405587 0.699264
vt 0.407139 0.698885
vt 0.410108 0.702074
vt 0.411018 0.697740
vt 0.413478 0.689147
vt 0.416871 0.694792
vt 0.400648 0.693485
vt 0.394718 0.691971
vt 0.399737 0.693454
vt 0.397309 0.690387
vt 0.405149 0.685493
vt 0.390186 0.693183
vt 0.389030 0.691123
vt 0.395497 0.690779
vt 0.383397 0.687381
vt 0.390694 0.685271
vt 0.387700 0.681213
vt 0.396929 0.677675
vt 0.382266 0.683091
vt 0.385829 0.678382
vt 0.386830 0.681331
vt 0.381749 0.672327
vt 0.380082 0.682003
vt 0.377028 0.678981
vt 0.379043 0.677568
vt 0.375730 0.673526
vt 0.375265 0.674222
vt 0.366593 0.677914
vt 0.366664 0.672164
vt 0.366810 0.672177
vt 0.364213 0.668849
vt 0.372178 0.673572
vt 0.354770 0.666213
vt 0.361188 0.665508
vt 0.422716 0.687209
vt 0.423721 0.690458
vt 0.417505 0.689768
vt 0.415357 0.687061
vt 0.415745 0.679657
vt 0.419069 0.685941
vt 0.404136 0.680141
vt 0.410726 0.685453
vt 0.408482 0.676629
vt 0.412376 0.683305
vt 0.404110 0.680120
vt 0.398432 0.677378
vt 0.388040 0.677619
vt 0.396116 0.672838
vt 0.385340 0.675020
vt 0.384679 0.670722
vt 0.389649 0.668435
vt 0.381474 0.667802
vt 0.376803 0.668716
vt 0.378622 0.662338
vt 0.371967 0.663254
vt 0.369356 0.661920
vt 0.362404 0.660216
vt 0.368516 0.657290
vt 0.361405 0.657581
vt 0.423686 0.691658
vt 0.422885 0.686819
vt 0.436248 0.677119
vt 0.419480 0.677518
vt 0.418432 0.673981
vt 0.412730 0.675254
vt 0.415102 0.666831
vt 0.400429 0.672251
vt 0.397723 0.669087
vt 0.401132 0.663267
vt 0.397141 0.661236
vt 0.391343 0.661592
vt 0.386516 0.657783
vt 0.387468 0.656839
vt 0.383564 0.654020
vt 0.396445 0.660249
vt 0.379012 0.659485
vt 0.381553 0.655988
vt 0.373798 0.660218
vt 0.377769 0.653754
vt 0.375241 0.643695
vt 0.380814 0.648914
vt 0.363284 0.656146
vt 0.427905 0.672567
vt 0.430922 0.671798
vt 0.426239 0.669700
vt 0.421356 0.663207
vt 0.414483 0.664219
vt 0.417984 0.662757
vt 0.412033 0.666156
vt 0.409642 0.671938
vt 0.404016 0.671763
vt 0.412028 0.665997
vt 0.407552 0.656148
vt 0.413436 0.662361
vt 0.412441 0.659744
vt 0.401254 0.663288
vt 0.400163 0.661407
vt 0.901699 0.176163
vt 0.894725 0.174849
vt 0.896673 0.179183
vt 0.388274 0.648602
vt 0.408318 0.653864
vt 0.392123 0.643102
vt 0.385316 0.648016
vt 0.388847 0.642632
vt 0.382338 0.646198
vt 0.379738 0.634187
vt 0.377903 0.645713
vt 0.429370 0.659415
vt 0.434314 0.670197
vt 0.423680 0.656649
vt 0.417935 0.662136
vt 0.414302 0.639551
vt 0.421964 0.658260
vt 0.409153 0.648592
vt 0.406793 0.646553
vt 0.404605 0.643309
vt 0.397423 0.642322
vt 0.403803 0.645389
vt 0.392051 0.641948
vt 0.391390 0.634375
vt 0.399062 0.641947
vt 0.389597 0.635146
vt 0.384313 0.633402
vt 0.428909 0.653975
vt 0.424832 0.638886
vt 0.418852 0.646887
vt 0.407095 0.639458
vt 0.406996 0.637518
vt 0.412140 0.635901
vt 0.402936 0.634993
vt 0.397025 0.630866
vt 0.391142 0.624283
vt 0.396395 0.623759
vt 0.385110 0.628994
vt 0.388999 0.624241
vt 0.388530 0.622918
vt 0.414137 0.638171
vt 0.408867 0.624933
vt 0.408365 0.628171
vt 0.405687 0.623398
vt 0.399710 0.621953
vt 0.397372 0.618968
vt 0.394165 0.615705
vt 0.388324 0.620456
vt 0.971542 0.215197
vt 0.998620 0.209656
vt 0.966455 0.214676
vt 0.011738 0.313443
vt 0.007724 0.263362
vt 0.012165 0.324942
vt 0.007123 0.242802
vt 0.010687 0.191971
vt 0.013631 0.173299
vt 0.667913 0.417264
vt 0.720766 0.416441
vt 0.720131 0.413971
vt 0.720767 0.416441
vt 0.779538 0.417718
vt 0.778192 0.416354
vt 0.779186 0.417342
vt 0.779538 0.417718
vt 0.797811 0.410993
vt 0.867217 0.415998
vt 0.770738 0.338431
vt 0.867222 0.415997
vt 0.910097 0.414003
vt 0.916607 0.396728
vt 0.890245 0.383622
vt 0.916737 0.403253
vt 0.869273 0.386702
vt 0.880309 0.379331
vt 0.903249 0.373116
vt 0.885341 0.360400
vt 0.843044 0.360598
vt 0.891658 0.363356
vt 0.721572 0.305379
vt 0.859355 0.351779
vt 0.843573 0.359771
vt 0.915670 0.375076
vt 0.916358 0.374559
vt 0.899467 0.339015
vt 0.898583 0.331044
vt 0.808792 0.314670
vt 0.872117 0.345335
vt 0.690444 0.299158
vt 0.668742 0.286655
vt 0.916760 0.311225
vt 0.898652 0.330857
vt 0.718534 0.261557
vt 0.923483 0.247450
vt 0.668726 0.286477
vt 0.710561 0.237499
vt 0.815742 0.243687
vt 0.866362 0.217802
vt 0.892296 0.252417
vt 0.893881 0.251110
vt 0.809827 0.235652
vt 0.667312 0.221582
vt 0.815639 0.241031
vt 0.929638 0.216130
vt 0.019992 0.350958
vt 0.019854 0.330439
vt 0.019959 0.337992
vt 0.018778 0.322028
vt 0.018808 0.306198
vt 0.019073 0.313793
vt 0.017969 0.298565
vt 0.017951 0.272220
vt 0.018853 0.295572
vt 0.018170 0.224895
vt 0.019339 0.186877
vt 0.019360 0.206839
vt 0.019745 0.187258
vt 0.020053 0.187225
vt 0.251164 0.699448
vt 0.250605 0.698848
vt 0.237134 0.699100
vt 0.904690 0.698752
vt 0.838631 0.654228
vt 0.908758 0.632865
vt 0.883813 0.630919
vt 0.813976 0.634030
vt 0.907164 0.844117
vt 0.829471 0.736666
vt 0.728233 0.749592
vt 0.798017 0.633034
vt 0.810680 0.633063
vt 0.783690 0.632688
vt 0.677219 0.810604
vt 0.730456 0.760315
vt 0.726256 0.639969
vt 0.735272 0.633449
vt 0.735897 0.632851
vt 0.714892 0.765152
vt 0.725303 0.758331
vt 0.723891 0.756849
vt 0.721167 0.843701
vt 0.694860 0.755860
vt 0.687038 0.739014
vt 0.707228 0.626793
vt 0.677025 0.842999
vt 0.671082 0.620727
vt 0.694180 0.741929
vt 0.677830 0.721843
vt 0.676310 0.676903
vt 0.670550 0.631630
vt 0.411539 0.749059
vt 0.411631 0.864182
vt 0.410908 0.896635
vt 0.411392 0.896296
vt 0.637005 0.404588
vt 0.630292 0.403311
vt 0.635487 0.409886
vt 0.621917 0.411147
vt 0.622791 0.405710
vt 0.618881 0.411063
vt 0.606512 0.407759
vt 0.604868 0.411122
vt 0.606490 0.407782
vt 0.603301 0.402542
vt 0.602089 0.405965
vt 0.588971 0.406660
vt 0.576971 0.403236
vt 0.582583 0.409155
vt 0.524816 0.408118
vt 0.543681 0.409686
vt 0.536322 0.407204
vt 0.533335 0.403217
vt 0.511904 0.403613
vt 0.510579 0.408448
vt 0.506912 0.409468
vt 0.482823 0.401538
vt 0.488347 0.409401
vt 0.477877 0.409621
vt 0.459286 0.405532
vt 0.457763 0.409289
vt 0.457601 0.405265
vt 0.433484 0.400103
vt 0.432749 0.407009
vt 0.431104 0.409567
vt 0.431069 0.411328
vt 0.424679 0.411494
vt 0.417427 0.412052
vt 0.426981 0.411487
vt 0.425171 0.405872
vt 0.424016 0.409385
vt 0.421759 0.403251
vt 0.412111 0.414240
vt 0.415437 0.411915
vt 0.410919 0.412852
vt 0.406382 0.411857
vt 0.408172 0.408725
vt 0.411750 0.406158
vt 0.410673 0.403342
vt 0.405295 0.413005
vt 0.404978 0.407046
vt 0.401230 0.412659
vt 0.393993 0.410903
vt 0.394243 0.412364
vt 0.392411 0.411764
vt 0.400239 0.402307
vt 0.389378 0.406146
vt 0.385252 0.410817
vt 0.380266 0.412965
vt 0.381372 0.413581
vt 0.377800 0.404645
vt 0.379839 0.412690
vt 0.375909 0.410707
vt 0.374115 0.413062
vt 0.379279 0.413835
vt 0.364097 0.413571
vt 0.364427 0.412158
vt 0.355040 0.413586
vt 0.638722 0.410614
vt 0.640130 0.400318
vt 0.639813 0.409230
vt 0.643650 0.390585
vt 0.637427 0.404762
vt 0.633563 0.398654
vt 0.629952 0.400443
vt 0.626076 0.402300
vt 0.623997 0.397882
vt 0.616180 0.396826
vt 0.617757 0.400317
vt 0.621694 0.395589
vt 0.620681 0.406269
vt 0.614913 0.400484
vt 0.606247 0.399847
vt 0.598999 0.411040
vt 0.591645 0.403848
vt 0.589012 0.396975
vt 0.602854 0.402033
vt 0.586254 0.392055
vt 0.587285 0.399248
vt 0.585601 0.399446
vt 0.579227 0.400299
vt 0.561757 0.409730
vt 0.572134 0.402416
vt 0.564330 0.401717
vt 0.572299 0.401993
vt 0.576261 0.396915
vt 0.561197 0.395005
vt 0.566168 0.400743
vt 0.559471 0.397186
vt 0.562660 0.401127
vt 0.559224 0.399162
vt 0.552368 0.401503
vt 0.555856 0.397557
vt 0.556329 0.397162
vt 0.558792 0.393850
vt 0.544146 0.397757
vt 0.543469 0.400199
vt 0.537875 0.402369
vt 0.557074 0.408440
vt 0.537770 0.405011
vt 0.385317 0.246138
vt 0.389062 0.244690
vt 0.388361 0.249088
vt 0.542063 0.397951
vt 0.537521 0.392424
vt 0.524373 0.393952
vt 0.527666 0.402010
vt 0.523812 0.403871
vt 0.522402 0.402387
vt 0.525877 0.397342
vt 0.522093 0.402738
vt 0.525285 0.397612
vt 0.523003 0.395653
vt 0.506889 0.400218
vt 0.515278 0.393546
vt 0.507996 0.391326
vt 0.508936 0.407582
vt 0.509133 0.403413
vt 0.497195 0.394446
vt 0.492531 0.396192
vt 0.493064 0.398996
vt 0.485664 0.398944
vt 0.484998 0.392511
vt 0.482533 0.395953
vt 0.481534 0.408493
vt 0.478217 0.402777
vt 0.468866 0.399820
vt 0.477314 0.401523
vt 0.481770 0.398572
vt 0.465339 0.401291
vt 0.468415 0.389584
vt 0.462532 0.397830
vt 0.462225 0.397988
vt 0.451249 0.392838
vt 0.436916 0.389729
vt 0.439546 0.393903
vt 0.456659 0.400674
vt 0.435000 0.397812
vt 0.422486 0.399237
vt 0.420040 0.392677
vt 0.417747 0.396931
vt 0.405805 0.393677
vt 0.402277 0.396465
vt 0.412343 0.400331
vt 0.395357 0.400588
vt 0.397815 0.394369
vt 0.391907 0.396778
vt 0.387289 0.397676
vt 0.386747 0.403277
vt 0.394769 0.387447
vt 0.371149 0.402003
vt 0.376984 0.402658
vt 0.379019 0.398874
vt 0.367677 0.395141
vt 0.368088 0.400858
vt 0.371358 0.398831
vt 0.351914 0.406273
vt 0.352476 0.394654
vt 0.347447 0.397042
vt 0.327608 0.399422
vt 0.634425 0.397795
vt 0.629270 0.400057
vt 0.633062 0.394965
vt 0.624431 0.397099
vt 0.625958 0.401388
vt 0.623723 0.394290
vt 0.633500 0.388874
vt 0.621119 0.389818
vt 0.612670 0.387568
vt 0.607430 0.389277
vt 0.607146 0.394179
vt 0.603732 0.394167
vt 0.594787 0.390830
vt 0.604474 0.387955
vt 0.592137 0.386850
vt 0.588136 0.384100
vt 0.584899 0.394575
vt 0.577238 0.395071
vt 0.583684 0.377215
vt 0.579522 0.390622
vt 0.573540 0.393904
vt 0.574975 0.389357
vt 0.560196 0.393561
vt 0.567072 0.384582
vt 0.560302 0.383753
vt 0.553433 0.389920
vt 0.553285 0.389605
vt 0.548957 0.385858
vt 0.550395 0.389431
vt 0.545403 0.390853
vt 0.538446 0.387700
vt 0.539548 0.391631
vt 0.532370 0.385517
vt 0.517474 0.388438
vt 0.402068 0.931381
vt 0.401468 0.926573
vt 0.395101 0.927737
vt 0.512413 0.389307
vt 0.504100 0.395177
vt 0.500020 0.388279
vt 0.507921 0.389708
vt 0.500233 0.384063
vt 0.494806 0.395149
vt 0.494277 0.392515
vt 0.489057 0.390000
vt 0.496135 0.387019
vt 0.490789 0.390129
vt 0.810968 0.945167
vt 0.811515 0.943326
vt 0.804986 0.943127
vt 0.466039 0.380506
vt 0.467223 0.386406
vt 0.463030 0.390025
vt 0.452035 0.390971
vt 0.456367 0.382874
vt 0.447583 0.391911
vt 0.450517 0.386222
vt 0.438616 0.384104
vt 0.434830 0.393441
vt 0.435664 0.393511
vt 0.433874 0.386839
vt 0.431183 0.391868
vt 0.426962 0.390700
vt 0.426998 0.386770
vt 0.430384 0.393603
vt 0.427082 0.391203
vt 0.415842 0.393253
vt 0.412226 0.385410
vt 0.400845 0.389469
vt 0.398694 0.392981
vt 0.396422 0.389344
vt 0.387949 0.397295
vt 0.388549 0.382124
vt 0.351142 0.394645
vt 0.632908 0.376581
vt 0.637278 0.385254
vt 0.643689 0.377048
vt 0.633816 0.384368
vt 0.626035 0.374127
vt 0.618882 0.381121
vt 0.616421 0.384091
vt 0.615413 0.384152
vt 0.611546 0.380257
vt 0.611882 0.384670
vt 0.621089 0.369951
vt 0.613126 0.380444
vt 0.610582 0.380144
vt 0.604178 0.371333
vt 0.608316 0.385592
vt 0.599434 0.374183
vt 0.598701 0.385567
vt 0.597859 0.377423
vt 0.587634 0.376554
vt 0.576230 0.382935
vt 0.572527 0.384529
vt 0.565431 0.384182
vt 0.573452 0.377944
vt 0.559878 0.382019
vt 0.548814 0.373516
vt 0.548329 0.378743
vt 0.551363 0.376633
vt 0.554955 0.382152
vt 0.544093 0.383784
vt 0.543532 0.382073
vt 0.531735 0.378425
vt 0.541531 0.381280
vt 0.543187 0.373242
vt 0.531778 0.382186
vt 0.522491 0.376839
vt 0.515557 0.382428
vt 0.516267 0.384239
vt 0.515947 0.375959
vt 0.512395 0.388787
vt 0.511099 0.382620
vt 0.504503 0.381186
vt 0.501785 0.379722
vt 0.504758 0.381055
vt 0.508442 0.378337
vt 0.492911 0.386313
vt 0.495019 0.381704
vt 0.486780 0.381966
vt 0.499439 0.383849
vt 0.497857 0.376854
vt 0.492879 0.374177
vt 0.480401 0.390293
vt 0.482810 0.378112
vt 0.469897 0.378165
vt 0.473665 0.374890
vt 0.466396 0.380720
vt 0.461404 0.373616
vt 0.459853 0.380879
vt 0.464589 0.388785
vt 0.463708 0.385007
vt 0.450893 0.381509
vt 0.457745 0.373120
vt 0.450484 0.372310
vt 0.440461 0.377722
vt 0.444591 0.383879
vt 0.436663 0.381703
vt 0.438434 0.377702
vt 0.437390 0.372569
vt 0.429536 0.373198
vt 0.432577 0.384636
vt 0.426716 0.383243
vt 0.424561 0.385447
vt 0.418099 0.372064
vt 0.417807 0.378346
vt 0.351912 0.925128
vt 0.343969 0.925311
vt 0.352924 0.927952
vt 0.412219 0.380492
vt 0.348201 0.930371
vt 0.410437 0.382993
vt 0.402759 0.377651
vt 0.399735 0.387814
vt 0.398653 0.381263
vt 0.395238 0.380877
vt 0.643239 0.367776
vt 0.643260 0.371218
vt 0.640156 0.372514
vt 0.638976 0.368743
vt 0.633541 0.370271
vt 0.631194 0.371330
vt 0.626002 0.372394
vt 0.622164 0.366581
vt 0.609426 0.365367
vt 0.602589 0.368835
vt 0.598687 0.373993
vt 0.598960 0.367255
vt 0.583505 0.371177
vt 0.587962 0.373983
vt 0.580639 0.373849
vt 0.575366 0.377020
vt 0.571190 0.369178
vt 0.565948 0.371520
vt 0.562865 0.373665
vt 0.560872 0.370114
vt 0.569087 0.367712
vt 0.553368 0.370284
vt 0.557837 0.367758
vt 0.554931 0.366071
vt 0.547831 0.361051
vt 0.546242 0.372651
vt 0.546224 0.377737
vt 0.542148 0.369315
vt 0.540425 0.368190
vt 0.528603 0.369892
vt 0.525609 0.370665
vt 0.522902 0.373375
vt 0.518367 0.370413
vt 0.517905 0.374790
vt 0.510130 0.367714
vt 0.497089 0.376417
vt 0.499187 0.367274
vt 0.492024 0.370689
vt 0.493321 0.373658
vt 0.487808 0.374434
vt 0.483617 0.372484
vt 0.487842 0.378281
vt 0.477977 0.363134
vt 0.476352 0.373023
vt 0.479525 0.368026
vt 0.257051 0.683903
vt 0.257924 0.688334
vt 0.262824 0.693302
vt 0.469100 0.363592
vt 0.470097 0.371783
vt 0.467476 0.375885
vt 0.261726 0.683498
vt 0.455507 0.368535
vt 0.451026 0.366234
vt 0.445818 0.370547
vt 0.438388 0.372923
vt 0.445244 0.370919
vt 0.439487 0.366041
vt 0.437701 0.372251
vt 0.446157 0.364220
vt 0.431005 0.367037
vt 0.431125 0.367758
vt 0.424462 0.368408
vt 0.605100 0.618978
vt 0.608856 0.622706
vt 0.610762 0.620424
vt 0.413164 0.375884
vt 0.409438 0.369525
vt 0.421194 0.366882
vt 0.410630 0.364855
vt 0.402785 0.366455
vt 0.402773 0.377659
vt 0.396051 0.367292
vt 0.396086 0.379887
vt 0.399432 0.380737
vt 0.388549 0.381882
vt 0.645889 0.356066
vt 0.633717 0.363897
vt 0.638115 0.358757
vt 0.632311 0.363188
vt 0.614217 0.362136
vt 0.616656 0.358241
vt 0.598208 0.360302
vt 0.596884 0.364344
vt 0.596799 0.364333
vt 0.591665 0.361756
vt 0.597112 0.359066
vt 0.589658 0.356715
vt 0.578610 0.362178
vt 0.577736 0.365965
vt 0.581275 0.356922
vt 0.571636 0.364858
vt 0.576413 0.359955
vt 0.571704 0.357152
vt 0.568152 0.356591
vt 0.008416 0.057646
vt 0.016407 0.056718
vt 0.008817 0.054319
vt 0.561744 0.358499
vt 0.558745 0.359112
vt 0.549195 0.356967
vt 0.544644 0.354009
vt 0.536732 0.356621
vt 0.529214 0.364094
vt 0.528554 0.369807
vt 0.530946 0.352838
vt 0.396581 0.794820
vt 0.402338 0.788117
vt 0.402591 0.798140
vt 0.521709 0.359567
vt 0.516959 0.362658
vt 0.512552 0.368605
vt 0.506479 0.360984
vt 0.517032 0.359225
vt 0.497551 0.354391
vt 0.494915 0.361157
vt 0.491796 0.365838
vt 0.492083 0.359834
vt 0.490447 0.365933
vt 0.484832 0.361613
vt 0.491942 0.359244
vt 0.482349 0.358587
vt 0.473647 0.362985
vt 0.461397 0.359460
vt 0.454315 0.360530
vt 0.448338 0.363095
vt 0.431760 0.353374
vt 0.444293 0.358900
vt 0.425178 0.364215
vt 0.430638 0.354545
vt 0.423154 0.357407
vt 0.420985 0.361064
vt 0.419813 0.360870
vt 0.411298 0.363079
vt 0.415092 0.364079
vt 0.418868 0.357046
vt 0.406996 0.360628
vt 0.404728 0.357177
vt 0.400069 0.364815
vt 0.395079 0.363275
vt 0.390480 0.360013
vt 0.390081 0.359014
vt 0.394673 0.359619
vt 0.392130 0.349983
vt 0.621997 0.356404
vt 0.631565 0.351879
vt 0.620370 0.346870
vt 0.619060 0.357800
vt 0.608527 0.364855
vt 0.614954 0.358062
vt 0.610562 0.354898
vt 0.604416 0.358865
vt 0.611192 0.353129
vt 0.613791 0.350767
vt 0.607127 0.351938
vt 0.600183 0.347211
vt 0.604417 0.347991
vt 0.596507 0.357344
vt 0.590044 0.353027
vt 0.589928 0.339540
vt 0.579927 0.348277
vt 0.582351 0.356240
vt 0.580530 0.353353
vt 0.576009 0.354442
vt 0.576907 0.353829
vt 0.573345 0.353072
vt 0.570085 0.348121
vt 0.565728 0.351671
vt 0.562487 0.348916
vt 0.558786 0.355037
vt 0.552146 0.356863
vt 0.549541 0.353338
vt 0.562766 0.353693
vt 0.549915 0.346336
vt 0.546152 0.349525
vt 0.545305 0.351508
vt 0.547484 0.345265
vt 0.540056 0.344268
vt 0.537069 0.352287
vt 0.536108 0.354708
vt 0.535916 0.346092
vt 0.531051 0.350790
vt 0.526951 0.352174
vt 0.522165 0.351041
vt 0.518894 0.353849
vt 0.516804 0.354187
vt 0.492627 0.354737
vt 0.497126 0.353000
vt 0.496397 0.346273
vt 0.493361 0.350574
vt 0.489837 0.342667
vt 0.488241 0.354240
vt 0.492728 0.354601
vt 0.488526 0.350962
vt 0.486035 0.350372
vt 0.471570 0.354463
vt 0.472543 0.358557
vt 0.464490 0.354929
vt 0.469020 0.360741
vt 0.461023 0.359067
vt 0.454549 0.357167
vt 0.456984 0.351177
vt 0.463912 0.350142
vt 0.450730 0.354481
vt 0.449670 0.356607
vt 0.449205 0.346813
vt 0.443324 0.353146
vt 0.426435 0.347645
vt 0.422648 0.349654
vt 0.418859 0.357041
vt 0.418250 0.351444
vt 0.409583 0.351033
vt 0.399650 0.360696
vt 0.398400 0.349717
vt 0.630512 0.351650
vt 0.644845 0.349389
vt 0.634935 0.345111
vt 0.641605 0.342135
vt 0.637123 0.340230
vt 0.633851 0.332591
vt 0.629953 0.346773
vt 0.634763 0.341368
vt 0.632176 0.337621
vt 0.625847 0.344814
vt 0.623266 0.341904
vt 0.620017 0.345063
vt 0.620733 0.342010
vt 0.614172 0.346387
vt 0.606044 0.343409
vt 0.579563 0.340413
vt 0.573392 0.342747
vt 0.571347 0.345902
vt 0.569294 0.341463
vt 0.567898 0.343994
vt 0.574213 0.337300
vt 0.562549 0.333934
vt 0.561842 0.344057
vt 0.561345 0.341888
vt 0.556655 0.343821
vt 0.551724 0.340986
vt 0.544192 0.342933
vt 0.533807 0.341422
vt 0.534476 0.336821
vt 0.522400 0.339632
vt 0.530023 0.336172
vt 0.519601 0.348836
vt 0.518141 0.352696
vt 0.508238 0.345576
vt 0.512285 0.341987
vt 0.506932 0.343753
vt 0.498352 0.343568
vt 0.496867 0.337030
vt 0.492718 0.342854
vt 0.477696 0.345558
vt 0.486449 0.339325
vt 0.481283 0.338274
vt 0.476941 0.340476
vt 0.468554 0.353323
vt 0.467199 0.340218
vt 0.472702 0.338570
vt 0.454991 0.341079
vt 0.464972 0.335728
vt 0.452355 0.347108
vt 0.447703 0.343295
vt 0.447519 0.346331
vt 0.453057 0.340262
vt 0.448272 0.336973
vt 0.444508 0.343719
vt 0.444255 0.347014
vt 0.436325 0.341885
vt 0.444669 0.344081
vt 0.442583 0.341872
vt 0.440207 0.335919
vt 0.435419 0.337462
vt 0.405352 0.342760
vt 0.410243 0.350683
vt 0.405179 0.342758
vt 0.400203 0.341673
vt 0.409366 0.338820
vt 0.400134 0.337870
vt 0.402722 0.340256
vt 0.393578 0.344922
vt 0.392118 0.349447
vt 0.392344 0.340969
vt 0.646217 0.319379
vt 0.641198 0.322669
vt 0.634525 0.328642
vt 0.626746 0.327854
vt 0.621750 0.332594
vt 0.615445 0.335884
vt 0.610314 0.342766
vt 0.615047 0.332046
vt 0.609380 0.332654
vt 0.607680 0.342890
vt 0.608545 0.332955
vt 0.604032 0.338457
vt 0.603960 0.336043
vt 0.597652 0.333747
vt 0.603915 0.338383
vt 0.597350 0.333932
vt 0.599386 0.326767
vt 0.595199 0.333388
vt 0.596698 0.326101
vt 0.588124 0.336576
vt 0.587984 0.334775
vt 0.586488 0.323860
vt 0.580908 0.332216
vt 0.008644 0.071893
vt 0.008789 0.068295
vt 0.016174 0.065010
vt 0.571224 0.332829
vt 0.578119 0.330742
vt 0.558248 0.335538
vt 0.554428 0.342397
vt 0.556312 0.336079
vt 0.549511 0.335986
vt 0.555020 0.338667
vt 0.556545 0.330804
vt 0.544445 0.335471
vt 0.538101 0.338546
vt 0.534934 0.333671
vt 0.542239 0.328659
vt 0.537188 0.322368
vt 0.525204 0.329449
vt 0.520887 0.334828
vt 0.519693 0.334174
vt 0.509110 0.331173
vt 0.947613 0.412063
vt 0.938943 0.410677
vt 0.938049 0.417107
vt 0.509929 0.340147
vt 0.488512 0.331881
vt 0.490073 0.339992
vt 0.498401 0.331087
vt 0.490004 0.330202
vt 0.481267 0.328707
vt 0.482655 0.321601
vt 0.473835 0.328163
vt 0.473635 0.338315
vt 0.475355 0.333889
vt 0.466348 0.331294
vt 0.450708 0.331524
vt 0.463001 0.331867
vt 0.447851 0.333275
vt 0.441336 0.327681
vt 0.441616 0.333097
vt 0.435149 0.337901
vt 0.440724 0.333484
vt 0.437954 0.327398
vt 0.422274 0.324353
vt 0.426375 0.346576
vt 0.410542 0.329982
vt 0.414328 0.326887
vt 0.408009 0.335458
vt 0.406942 0.332219
vt 0.400204 0.327303
vt 0.407703 0.335582
vt 0.400835 0.336374
vt 0.412452 0.319832
vt 0.396526 0.334346
vt 0.392423 0.339934
vt 0.392133 0.329530
vt 0.391084 0.308509
vt 0.644668 0.319863
vt 0.626946 0.325122
vt 0.340225 0.859426
vt 0.332748 0.857002
vt 0.339683 0.863157
vt 0.624401 0.325264
vt 0.618652 0.320098
vt 0.619554 0.327076
vt 0.603021 0.324087
vt 0.252520 0.758535
vt 0.256664 0.759921
vt 0.250938 0.763916
vt 0.570172 0.319941
vt 0.568195 0.327502
vt 0.567450 0.324721
vt 0.562276 0.317852
vt 0.556331 0.325551
vt 0.564947 0.328888
vt 0.558920 0.320656
vt 0.559698 0.332450
vt 0.553457 0.324602
vt 0.549422 0.325866
vt 0.547193 0.320926
vt 0.543572 0.327910
vt 0.542348 0.324174
vt 0.542921 0.323590
vt 0.542170 0.319079
vt 0.529713 0.325815
vt 0.529667 0.321920
vt 0.525938 0.323332
vt 0.514959 0.328561
vt 0.515721 0.317528
vt 0.507447 0.319400
vt 0.505342 0.325423
vt 0.503510 0.320000
vt 0.491168 0.324679
vt 0.502145 0.329407
vt 0.486163 0.324805
vt 0.499118 0.322215
vt 0.485474 0.317600
vt 0.491727 0.324343
vt 0.475781 0.321517
vt 0.476669 0.324297
vt 0.472647 0.322358
vt 0.461017 0.324132
vt 0.461554 0.328294
vt 0.453648 0.325831
vt 0.449877 0.317486
vt 0.443763 0.323275
vt 0.441845 0.322519
vt 0.439312 0.316304
vt 0.430479 0.315624
vt 0.935501 0.857187
vt 0.941024 0.857859
vt 0.934951 0.860753
vt 0.625084 0.087424
vt 0.629566 0.082865
vt 0.630711 0.089728
vt 0.398646 0.323523
vt 0.397242 0.326260
vt 0.404990 0.323229
vt 0.400624 0.320470
vt 0.646332 0.308616
vt 0.636709 0.307124
vt 0.643780 0.319788
vt 0.627137 0.322507
vt 0.627005 0.309694
vt 0.623345 0.315380
vt 0.632256 0.309353
vt 0.621372 0.316793
vt 0.621099 0.312083
vt 0.616214 0.324780
vt 0.616103 0.318735
vt 0.609564 0.326612
vt 0.620990 0.316127
vt 0.616331 0.306302
vt 0.604530 0.323030
vt 0.608106 0.306611
vt 0.604381 0.311297
vt 0.596744 0.321456
vt 0.600344 0.310055
vt 0.593726 0.317493
vt 0.600461 0.325154
vt 0.593729 0.320908
vt 0.594420 0.312334
vt 0.592887 0.313298
vt 0.588140 0.314856
vt 0.587887 0.310199
vt 0.573886 0.312163
vt 0.583227 0.311219
vt 0.561452 0.310357
vt 0.554790 0.312361
vt 0.556363 0.317041
vt 0.540581 0.310598
vt 0.532076 0.316762
vt 0.528884 0.317206
vt 0.535380 0.308941
vt 0.517695 0.311029
vt 0.509930 0.317568
vt 0.503805 0.317614
vt 0.509587 0.317415
vt 0.500209 0.314841
vt 0.504989 0.303864
vt 0.500979 0.319113
vt 0.495498 0.316181
vt 0.498325 0.313251
vt 0.486216 0.313137
vt 0.494647 0.308002
vt 0.481951 0.298202
vt 0.482909 0.318392
vt 0.470946 0.310207
vt 0.480164 0.319461
vt 0.478387 0.312048
vt 0.484068 0.314739
vt 0.482102 0.302637
vt 0.474053 0.317746
vt 0.466072 0.314944
vt 0.462439 0.318192
vt 0.459774 0.316026
vt 0.455465 0.317742
vt 0.465759 0.315006
vt 0.456501 0.308632
vt 0.454245 0.312320
vt 0.447609 0.313785
vt 0.450940 0.314484
vt 0.436948 0.308267
vt 0.443485 0.313446
vt 0.447656 0.317384
vt 0.440252 0.316552
vt 0.436728 0.308392
vt 0.429285 0.310659
vt 0.425551 0.318796
vt 0.421207 0.312160
vt 0.428734 0.311607
vt 0.420152 0.319633
vt 0.413295 0.316668
vt 0.414882 0.318835
vt 0.413513 0.309918
vt 0.411882 0.318081
vt 0.407852 0.316465
vt 0.408805 0.315678
vt 0.404006 0.306586
vt 0.395326 0.309472
vt 0.391834 0.310228
vt 0.645621 0.305658
vt 0.636488 0.304758
vt 0.642937 0.306345
vt 0.642933 0.306347
vt 0.632544 0.308800
vt 0.628628 0.308472
vt 0.626970 0.305455
vt 0.624941 0.306414
vt 0.622466 0.300589
vt 0.616666 0.302171
vt 0.611801 0.304879
vt 0.612163 0.302176
vt 0.609716 0.298748
vt 0.595989 0.298894
vt 0.604895 0.306017
vt 0.592460 0.304301
vt 0.599780 0.305070
vt 0.582340 0.309261
vt 0.576563 0.298168
vt 0.571489 0.301676
vt 0.568161 0.302198
vt 0.561825 0.305661
vt 0.571243 0.312188
vt 0.561861 0.310119
vt 0.561192 0.298436
vt 0.558790 0.307431
vt 0.558790 0.307431
vt 0.552143 0.307907
vt 0.543332 0.306050
vt 0.543375 0.300784
vt 0.543077 0.307367
vt 0.538090 0.307594
vt 0.540773 0.301402
vt 0.534979 0.298474
vt 0.523932 0.298229
vt 0.523677 0.303605
vt 0.522840 0.305991
vt 0.522722 0.305915
vt 0.517957 0.302219
vt 0.505193 0.299172
vt 0.502200 0.302668
vt 0.493701 0.305811
vt 0.478500 0.302778
vt 0.473780 0.305131
vt 0.472934 0.305786
vt 0.469332 0.304165
vt 0.470226 0.302321
vt 0.468147 0.310318
vt 0.464220 0.305459
vt 0.464311 0.305349
vt 0.467569 0.303462
vt 0.459855 0.298836
vt 0.456889 0.302740
vt 0.454408 0.303222
vt 0.449919 0.302899
vt 0.440320 0.301321
vt 0.433177 0.302060
vt 0.426446 0.301213
vt 0.422246 0.311110
vt 0.424089 0.309199
vt 0.421868 0.305431
vt 0.415629 0.304222
vt 0.400465 0.307455
vt 0.398540 0.301520
vt 0.393879 0.299570
vt 0.646566 0.308835
vt 0.646922 0.300002
vt 0.643618 0.296010
vt 0.636149 0.297624
vt 0.638228 0.293490
vt 0.633708 0.295484
vt 0.636335 0.296842
vt 0.631950 0.297668
vt 0.631246 0.290638
vt 0.624968 0.292689
vt 0.630193 0.293518
vt 0.622209 0.296449
vt 0.613580 0.291909
vt 0.609723 0.288917
vt 0.603032 0.294496
vt 0.595153 0.300722
vt 0.600635 0.292400
vt 0.592575 0.293805
vt 0.592772 0.296768
vt 0.589255 0.297614
vt 0.578203 0.294828
vt 0.577781 0.294244
vt 0.572805 0.288268
vt 0.568900 0.287210
vt 0.565542 0.294380
vt 0.559028 0.293963
vt 0.565712 0.283241
vt 0.553941 0.289476
vt 0.381405 0.971962
vt 0.384336 0.965830
vt 0.377604 0.965044
vt 0.552124 0.291100
vt 0.542131 0.290676
vt 0.536304 0.294187
vt 0.532254 0.294438
vt 0.519960 0.299355
vt 0.519215 0.302213
vt 0.523676 0.291837
vt 0.520290 0.297648
vt 0.514379 0.292079
vt 0.519458 0.287417
vt 0.516309 0.300727
vt 0.506093 0.288824
vt 0.503690 0.301928
vt 0.499916 0.297315
vt 0.498076 0.297941
vt 0.481197 0.294984
vt 0.501050 0.288022
vt 0.486249 0.292744
vt 0.481417 0.300829
vt 0.479516 0.297236
vt 0.474909 0.300310
vt 0.481523 0.290030
vt 0.461848 0.296480
vt 0.469713 0.289581
vt 0.463454 0.292670
vt 0.454757 0.298273
vt 0.450245 0.299226
vt 0.462281 0.292741
vt 0.448672 0.282071
vt 0.442325 0.287108
vt 0.435681 0.296980
vt 0.434970 0.288623
vt 0.432860 0.301808
vt 0.428593 0.296102
vt 0.417997 0.289135
vt 0.421051 0.295760
vt 0.427290 0.300502
vt 0.419399 0.296029
vt 0.418028 0.297906
vt 0.416347 0.289868
vt 0.414168 0.294461
vt 0.403593 0.299321
vt 0.406798 0.303765
vt 0.409493 0.292395
vt 0.406312 0.291684
vt 0.403014 0.289270
vt 0.399659 0.295147
vt 0.642454 0.293241
vt 0.646556 0.284224
vt 0.637951 0.290552
vt 0.639790 0.282333
vt 0.635633 0.285582
vt 0.634708 0.287733
vt 0.633996 0.281908
vt 0.628489 0.290078
vt 0.624505 0.281255
vt 0.612242 0.285093
vt 0.604516 0.284799
vt 0.612454 0.288166
vt 0.607767 0.284388
vt 0.599924 0.287051
vt 0.602052 0.285110
vt 0.594658 0.286424
vt 0.583087 0.293967
vt 0.593837 0.274835
vt 0.584723 0.284999
vt 0.578288 0.282081
vt 0.548251 0.287314
vt 0.550079 0.281931
vt 0.542262 0.286112
vt 0.545876 0.279230
vt 0.537872 0.289574
vt 0.531951 0.291465
vt 0.526941 0.281922
vt 0.523296 0.286242
vt 0.513325 0.284427
vt 0.507914 0.285369
vt 0.485990 0.282445
vt 0.477661 0.285598
vt 0.480355 0.281144
vt 0.472587 0.286067
vt 0.476199 0.280392
vt 0.465311 0.282974
vt 0.466239 0.288132
vt 0.462642 0.283332
vt 0.944069 0.393154
vt 0.941605 0.396402
vt 0.950974 0.392276
vt 0.444333 0.283084
vt 0.444335 0.278032
vt 0.435414 0.278532
vt 0.428323 0.282140
vt 0.436436 0.284436
vt 0.424300 0.282228
vt 0.418793 0.284330
vt 0.415288 0.288883
vt 0.414294 0.283096
vt 0.411309 0.287356
vt 0.413653 0.290986
vt 0.403432 0.286657
vt 0.394739 0.273302
vt 0.394039 0.295623
vt 0.393166 0.262489
vt 0.647353 0.282534
vt 0.647292 0.249493
vt 0.645319 0.278289
vt 0.643843 0.278319
vt 0.633681 0.266717
vt 0.636173 0.277419
vt 0.634482 0.272555
vt 0.631779 0.276168
vt 0.626567 0.278876
vt 0.623401 0.272723
vt 0.608466 0.279419
vt 0.616497 0.278321
vt 0.614022 0.278030
vt 0.617287 0.275538
vt 0.611839 0.272294
vt 0.605172 0.271629
vt 0.577273 0.274818
vt 0.578467 0.281305
vt 0.569743 0.279830
vt 0.570174 0.282225
vt 0.568604 0.271474
vt 0.564877 0.276860
vt 0.562229 0.272891
vt 0.568799 0.281756
vt 0.561148 0.277471
vt 0.557802 0.272430
vt 0.548759 0.274139
vt 0.547989 0.278146
vt 0.540206 0.278551
vt 0.531202 0.278373
vt 0.528628 0.278249
vt 0.515795 0.279594
vt 0.522345 0.274577
vt 0.510052 0.271892
vt 0.504492 0.281647
vt 0.499910 0.273265
vt 0.505561 0.273452
vt 0.497093 0.278581
vt 0.495002 0.271936
vt 0.497491 0.275915
vt 0.487393 0.278648
vt 0.482961 0.278730
vt 0.465138 0.277256
vt 0.481361 0.278143
vt 0.468654 0.271583
vt 0.464009 0.277415
vt 0.463635 0.270621
vt 0.456486 0.272876
vt 0.458657 0.268581
vt 0.938525 0.392014
vt 0.448196 0.269856
vt 0.447062 0.281903
vt 0.452462 0.270599
vt 0.444013 0.268490
vt 0.436814 0.269114
vt 0.434246 0.278619
vt 0.429646 0.275738
vt 0.425987 0.279562
vt 0.401020 0.277338
vt 0.634503 0.263286
vt 0.633717 0.265944
vt 0.625459 0.263289
vt 0.627639 0.268783
vt 0.622434 0.265125
vt 0.616732 0.264286
vt 0.615495 0.268366
vt 0.610806 0.263898
vt 0.611586 0.269657
vt 0.604113 0.268390
vt 0.604475 0.269937
vt 0.594113 0.267655
vt 0.595478 0.271887
vt 0.816259 0.625322
vt 0.823005 0.628379
vt 0.827695 0.623967
vt 0.587859 0.269022
vt 0.579922 0.259300
vt 0.569925 0.269624
vt 0.561521 0.269083
vt 0.561540 0.263916
vt 0.556685 0.259717
vt 0.548587 0.263312
vt 0.552738 0.269931
vt 0.545679 0.264469
vt 0.535571 0.272832
vt 0.533740 0.273077
vt 0.527430 0.267903
vt 0.522943 0.275479
vt 0.526945 0.266106
vt 0.523366 0.256258
vt 0.518245 0.262979
vt 0.517669 0.265494
vt 0.514617 0.269798
vt 0.512133 0.265852
vt 0.504803 0.263223
vt 0.504624 0.269554
vt 0.499933 0.270777
vt 0.505897 0.258492
vt 0.494438 0.258226
vt 0.495660 0.269095
vt 0.487215 0.275755
vt 0.489110 0.268937
vt 0.488641 0.266113
vt 0.486865 0.277947
vt 0.474500 0.267445
vt 0.469414 0.268424
vt 0.475422 0.262901
vt 0.470777 0.265904
vt 0.467535 0.262591
vt 0.465895 0.266089
vt 0.462249 0.263669
vt 0.456369 0.264848
vt 0.453152 0.270297
vt 0.448587 0.265542
vt 0.445645 0.257567
vt 0.431082 0.264900
vt 0.439269 0.264540
vt 0.429246 0.271863
vt 0.431205 0.260415
vt 0.423764 0.268142
vt 0.425605 0.264598
vt 0.423473 0.267835
vt 0.424913 0.259128
vt 0.418832 0.265412
vt 0.949076 0.322070
vt 0.949663 0.317781
vt 0.953674 0.324178
vt 0.406946 0.280683
vt 0.421319 0.269456
vt 0.406675 0.266391
vt 0.401001 0.277372
vt 0.399273 0.271134
vt 0.398314 0.266980
vt 0.640389 0.251526
vt 0.632840 0.258235
vt 0.630471 0.261459
vt 0.631922 0.252573
vt 0.623216 0.257988
vt 0.623771 0.263271
vt 0.615206 0.251225
vt 0.608153 0.254015
vt 0.596264 0.266719
vt 0.597288 0.258407
vt 0.593549 0.256673
vt 0.597172 0.252623
vt 0.592474 0.253830
vt 0.587345 0.264018
vt 0.587912 0.259240
vt 0.584191 0.259845
vt 0.593196 0.260099
vt 0.589931 0.253942
vt 0.582495 0.254688
vt 0.997293 0.945036
vt 0.991595 0.947712
vt 0.998135 0.952655
vt 0.568264 0.265644
vt 0.572462 0.255094
vt 0.559999 0.262265
vt 0.561997 0.252589
vt 0.556936 0.257724
vt 0.555098 0.253688
vt 0.540488 0.256473
vt 0.553716 0.254200
vt 0.542272 0.253731
vt 0.533009 0.262033
vt 0.543505 0.260158
vt 0.532095 0.254324
vt 0.538601 0.267285
vt 0.528596 0.266948
vt 0.526724 0.252245
vt 0.511196 0.261794
vt 0.240725 0.875324
vt 0.243314 0.874066
vt 0.240634 0.881007
vt 0.508698 0.253205
vt 0.494333 0.249133
vt 0.486166 0.258479
vt 0.484374 0.263885
vt 0.493288 0.256844
vt 0.487065 0.253490
vt 0.493708 0.249261
vt 0.481633 0.258571
vt 0.475786 0.263008
vt 0.479229 0.255778
vt 0.466178 0.259901
vt 0.468354 0.251594
vt 0.457301 0.258336
vt 0.436790 0.257225
vt 0.444036 0.255582
vt 0.434384 0.252656
vt 0.440471 0.251547
vt 0.431987 0.256810
vt 0.426301 0.257063
vt 0.420186 0.256055
vt 0.413719 0.258368
vt 0.418755 0.253250
vt 0.406606 0.259870
vt 0.413892 0.256017
vt 0.417220 0.249791
vt 0.406533 0.256815
vt 0.403553 0.265213
vt 0.403152 0.251571
vt 0.397005 0.257708
vt 0.397339 0.252531
vt 0.394731 0.256243
vt 0.642883 0.247952
vt 0.642876 0.245858
vt 0.646183 0.246677
vt 0.646258 0.233335
vt 0.636209 0.250843
vt 0.639068 0.249781
vt 0.633428 0.249491
vt 0.641604 0.245829
vt 0.628060 0.251331
vt 0.623845 0.240184
vt 0.619028 0.250147
vt 0.616644 0.243530
vt 0.611896 0.241245
vt 0.612412 0.249785
vt 0.606985 0.244007
vt 0.608057 0.252169
vt 0.604244 0.248519
vt 0.594718 0.247851
vt 0.583042 0.243165
vt 0.585416 0.249452
vt 0.573523 0.249105
vt 0.574744 0.253245
vt 0.570084 0.249880
vt 0.565960 0.250042
vt 0.562022 0.252570
vt 0.568162 0.248176
vt 0.558848 0.247476
vt 0.550298 0.247985
vt 0.542134 0.249907
vt 0.550747 0.244231
vt 0.537134 0.241142
vt 0.542465 0.253103
vt 0.539488 0.252888
vt 0.532493 0.251085
vt 0.537039 0.254999
vt 0.532649 0.246064
vt 0.530574 0.245979
vt 0.252057 0.747418
vt 0.252073 0.752515
vt 0.257608 0.753196
vt 0.528807 0.248902
vt 0.524475 0.243593
vt 0.519654 0.245533
vt 0.513643 0.247892
vt 0.507948 0.249095
vt 0.493514 0.239354
vt 0.489131 0.242925
vt 0.490443 0.249855
vt 0.488321 0.242700
vt 0.481543 0.253263
vt 0.475971 0.242793
vt 0.478029 0.249136
vt 0.471114 0.247669
vt 0.473903 0.251373
vt 0.463170 0.246642
vt 0.453198 0.252383
vt 0.457251 0.242182
vt 0.453269 0.246307
vt 0.451937 0.255978
vt 0.453165 0.252394
vt 0.446585 0.246105
vt 0.453037 0.247412
vt 0.450906 0.243308
vt 0.442236 0.250836
vt 0.441151 0.249150
vt 0.440638 0.249308
vt 0.441066 0.249124
vt 0.435508 0.239009
vt 0.430386 0.243737
vt 0.433078 0.250404
vt 0.428035 0.244605
vt 0.421351 0.249686
vt 0.412196 0.247314
vt 0.414670 0.244417
vt 0.408931 0.243911
vt 0.399069 0.247842
vt 0.405975 0.250733
vt 0.397940 0.249090
vt 0.394442 0.237469
vt 0.401586 0.241687
vt 0.647883 0.248833
vt 0.647661 0.220041
vt 0.643987 0.237453
vt 0.639206 0.237356
vt 0.634639 0.244331
vt 0.635391 0.236595
vt 0.633995 0.243598
vt 0.632083 0.238156
vt 0.618635 0.236548
vt 0.614724 0.237283
vt 0.617307 0.241389
vt 0.592945 0.235868
vt 0.592917 0.241295
vt 0.583883 0.237440
vt 0.579756 0.235048
vt 0.569196 0.239846
vt 0.563528 0.240613
vt 0.554793 0.239854
vt 0.564924 0.236706
vt 0.558309 0.231511
vt 0.552650 0.234088
vt 0.542985 0.233252
vt 0.544876 0.243008
vt 0.552136 0.238673
vt 0.552575 0.233497
vt 0.536732 0.242486
vt 0.532999 0.243621
vt 0.529212 0.242103
vt 0.531468 0.235231
vt 0.524235 0.240123
vt 0.519530 0.237827
vt 0.515402 0.236552
vt 0.517498 0.244643
vt 0.505854 0.237888
vt 0.512456 0.246182
vt 0.508152 0.233948
vt 0.502411 0.233501
vt 0.498257 0.235471
vt 0.498013 0.235080
vt 0.484975 0.235129
vt 0.485487 0.232218
vt 0.477668 0.237551
vt 0.477489 0.226358
vt 0.474395 0.236233
vt 0.470398 0.242596
vt 0.471510 0.235126
vt 0.466238 0.236652
vt 0.464927 0.244818
vt 0.461784 0.238199
vt 0.459888 0.231089
vt 0.450127 0.234023
vt 0.454624 0.238561
vt 0.443757 0.231990
vt 0.439336 0.233269
vt 0.434258 0.234397
vt 0.428264 0.243820
vt 0.428791 0.234724
vt 0.423236 0.238830
vt 0.432409 0.236683
vt 0.420349 0.242435
vt 0.417765 0.245236
vt 0.420369 0.242310
vt 0.415861 0.234745
vt 0.421357 0.231543
vt 0.414470 0.237919
vt 0.403246 0.239268
vt 0.408246 0.234405
vt 0.400391 0.229562
vt 0.392340 0.231336
vt 0.644292 0.230356
vt 0.644263 0.233000
vt 0.638206 0.229962
vt 0.622659 0.234163
vt 0.629265 0.225676
vt 0.622254 0.226973
vt 0.618811 0.236381
vt 0.625043 0.223611
vt 0.616669 0.231275
vt 0.615376 0.225368
vt 0.609481 0.224503
vt 0.607915 0.227768
vt 0.601455 0.230905
vt 0.593675 0.234684
vt 0.600151 0.231138
vt 0.596640 0.230967
vt 0.607912 0.227758
vt 0.590184 0.225733
vt 0.595662 0.229052
vt 0.586231 0.227508
vt 0.588205 0.233387
vt 0.581833 0.233389
vt 0.581971 0.229487
vt 0.580411 0.224863
vt 0.574607 0.231971
vt 0.578385 0.225083
vt 0.564666 0.228915
vt 0.572046 0.231268
vt 0.558523 0.225453
vt 0.558055 0.230706
vt 0.555269 0.230341
vt 0.542527 0.228441
vt 0.548128 0.225768
vt 0.534113 0.223082
vt 0.536270 0.233531
vt 0.522867 0.234717
vt 0.528915 0.229413
vt 0.522864 0.234724
vt 0.519488 0.233774
vt 0.520383 0.232628
vt 0.523426 0.227523
vt 0.518371 0.228178
vt 0.504242 0.223337
vt 0.500104 0.231600
vt 0.502514 0.233399
vt 0.490767 0.223230
vt 0.475397 0.234106
vt 0.476912 0.228397
vt 0.472075 0.233275
vt 0.473714 0.224672
vt 0.466336 0.223293
vt 0.456821 0.224261
vt 0.453299 0.225327
vt 0.437447 0.230205
vt 0.434103 0.226501
vt 0.434287 0.234318
vt 0.444715 0.227340
vt 0.440932 0.230300
vt 0.441667 0.222790
vt 0.429769 0.229562
vt 0.432720 0.226701
vt 0.431424 0.224515
vt 0.428698 0.234634
vt 0.431010 0.221520
vt 0.420191 0.222241
vt 0.417062 0.231417
vt 0.417636 0.228546
vt 0.413984 0.225175
vt 0.404353 0.227707
vt 0.410509 0.234330
vt 0.402410 0.227021
vt 0.399645 0.223627
vt 0.400463 0.229608
vt 0.388065 0.223120
vt 0.384492 0.227704
vt 0.388586 0.226816
vt 0.384473 0.224230
vt 0.641141 0.223772
vt 0.634478 0.224327
vt 0.639804 0.213440
vt 0.629025 0.215949
vt 0.627497 0.222702
vt 0.629405 0.225107
vt 0.624523 0.217988
vt 0.623934 0.223012
vt 0.623029 0.217811
vt 0.619958 0.223236
vt 0.618109 0.223278
vt 0.615061 0.217285
vt 0.609820 0.217997
vt 0.602677 0.220120
vt 0.931678 0.995298
vt 0.937743 0.993145
vt 0.945695 0.997177
vt 0.605972 0.215685
vt 0.602314 0.217466
vt 0.605781 0.224002
vt 0.602643 0.220108
vt 0.599164 0.216492
vt 0.592487 0.217570
vt 0.591339 0.223703
vt 0.581052 0.217618
vt 0.578250 0.222369
vt 0.585436 0.224442
vt 0.579898 0.229379
vt 0.567349 0.220633
vt 0.576393 0.216566
vt 0.556811 0.216614
vt 0.562682 0.219082
vt 0.556124 0.220332
vt 0.547242 0.222302
vt 0.546622 0.216243
vt 0.541358 0.214928
vt 0.534595 0.219766
vt 0.529327 0.217353
vt 0.525233 0.227352
vt 0.532377 0.222619
vt 0.524675 0.219773
vt 0.529311 0.217484
vt 0.509552 0.211010
vt 0.515217 0.223435
vt 0.509019 0.219794
vt 0.506648 0.220713
vt 0.495681 0.224309
vt 0.500911 0.222185
vt 0.490749 0.223185
vt 0.492191 0.219683
vt 0.487955 0.215416
vt 0.487064 0.219589
vt 0.482379 0.220360
vt 0.486934 0.221307
vt 0.476823 0.214474
vt 0.467562 0.220576
vt 0.466628 0.213759
vt 0.459004 0.207905
vt 0.461876 0.217908
vt 0.458121 0.216093
vt 0.456030 0.220438
vt 0.454122 0.217888
vt 0.448407 0.220481
vt 0.451382 0.226561
vt 0.446821 0.223579
vt 0.451112 0.215393
vt 0.444839 0.219518
vt 0.446841 0.221985
vt 0.444820 0.219491
vt 0.435995 0.210501
vt 0.443006 0.220626
vt 0.436992 0.221687
vt 0.435983 0.218200
vt 0.419759 0.216851
vt 0.431242 0.221525
vt 0.417464 0.216345
vt 0.406458 0.220797
vt 0.405994 0.214499
vt 0.403636 0.222732
vt 0.403646 0.214485
vt 0.398477 0.217834
vt 0.394414 0.215454
vt 0.397414 0.224664
vt 0.396409 0.226350
vt 0.388351 0.221922
vt 0.633286 0.212664
vt 0.628201 0.213238
vt 0.607690 0.211958
vt 0.625759 0.210433
vt 0.623702 0.213423
vt 0.621148 0.211477
vt 0.606804 0.212647
vt 0.602586 0.212325
vt 0.596633 0.209636
vt 0.593865 0.213375
vt 0.583040 0.211279
vt 0.580037 0.210668
vt 0.541496 0.213561
vt 0.536451 0.214478
vt 0.537514 0.212917
vt 0.531378 0.209729
vt 0.530582 0.211172
vt 0.444439 0.209586
vt 0.453951 0.210100
vt 0.408852 0.210922
vt 0.392063 0.213529
vt 0.396516 0.211623
vt 0.381072 0.219633
vt 0.379211 0.208690
vt 0.052554 0.996754
vt 0.052475 0.998560
vt 0.051567 0.997702
vt 0.208250 0.691720
vt 0.210285 0.692486
vt 0.211558 0.690359
vt 0.861518 0.952847
vt 0.856914 0.953697
vt 0.862222 0.954054
vt 0.854817 0.952318
vt 0.850382 0.952058
vt 0.852498 0.953265
vt 0.138427 0.012726
vt 0.132493 0.010860
vt 0.126767 0.010618
vt 0.920237 0.170560
vt 0.919859 0.143191
vt 0.927761 0.194208
vt 0.987680 0.203473
vt 0.922788 0.104593
vt 0.915925 0.073909
vt 0.937580 0.086661
vt 1.000487 0.009629
vt 0.919063 0.054375
vt 0.923934 0.022531
vt 0.936064 0.005974
vt 0.974320 0.002614
vt 0.915437 0.926114
vt 0.916513 0.921246
vt 0.876098 0.924384
vt 0.921565 0.916728
vt 0.929542 0.887081
vt 0.927493 0.883293
vt 0.929886 0.860087
vt 0.891248 0.925913
vt 0.883679 0.925665
vt 0.883320 0.924971
vt 0.875650 0.924430
vt 0.872236 0.926681
vt 0.799433 0.879367
vt 0.856190 0.855179
vt 0.859157 0.926680
vt 0.875532 0.924355
vt 0.830749 0.897145
vt 0.776833 0.925811
vt 0.779621 0.924746
vt 0.763284 0.929361
vt 0.744944 0.885433
vt 0.730000 0.858516
vt 0.759042 0.906671
vt 0.716942 0.921477
vt 0.695921 0.858802
vt 0.697517 0.910646
vt 0.990043 0.866231
vt 0.990063 0.855311
vt 0.990530 0.876201
vt 0.971505 0.846290
vt 0.996521 0.870186
vt 0.920218 0.845995
vt 0.920571 0.691695
vt 0.945550 0.672545
vt 0.996099 0.675094
vt 0.024042 0.398693
vt 0.024534 0.389522
vt 0.027496 0.394262
vt 0.023768 0.381042
vt 0.024121 0.342955
vt 0.026472 0.360718
vt 0.024833 0.349254
vt 0.027407 0.344355
vt 0.024133 0.330710
vt 0.024328 0.322608
vt 0.027230 0.326244
vt 0.025623 0.286744
vt 0.024995 0.282657
vt 0.023653 0.250027
vt 0.027382 0.252043
vt 0.275433 0.042103
vt 0.277892 0.079800
vt 0.264046 0.076626
vt 0.227570 0.055232
vt 0.040166 0.047968
vt 0.227586 0.055235
vt 0.122937 0.113671
vt 0.122284 0.120513
vt 0.099006 0.119399
vt 0.059980 0.090880
vt 0.039502 0.067356
vt 0.038735 0.063618
vt 0.277888 0.079825
vt 0.273298 0.136032
vt 0.187495 0.128230
vt 0.187670 0.130067
vt 0.115866 0.162069
vt 0.270260 0.183263
vt 0.273108 0.138239
vt 0.077187 0.167437
vt 0.264348 0.176600
vt 0.187670 0.132075
vt 0.099321 0.156524
vt 0.088070 0.181474
vt 0.048614 0.191125
vt 0.215345 0.213327
vt 0.068247 0.175257
vt 0.048966 0.193445
vt 0.270484 0.203646
vt 0.265539 0.180070
vt 0.138921 0.205878
vt 0.132796 0.206792
vt 0.043178 0.210193
vt 0.138339 0.216657
vt 0.132190 0.207584
vt 0.131385 0.208910
vt 0.105220 0.221483
vt 0.090091 0.216563
vt 0.273918 0.236866
vt 0.257761 0.206939
vt 0.115071 0.237436
vt 0.131385 0.208910
vt 0.130184 0.210405
vt 0.215195 0.212856
vt 0.134071 0.240414
vt 0.234815 0.236285
vt 0.235373 0.238097
vt 0.218087 0.242557
vt 0.061132 0.240728
vt 0.040806 0.216716
vt 0.042149 0.241006
vt 0.213574 0.244962
vt 0.891018 0.468365
vt 0.952882 0.529036
vt 0.949996 0.453313
vt 0.951445 0.589741
vt 0.916368 0.574006
vt 0.953494 0.619723
vt 0.951451 0.589654
vt 0.932026 0.532108
vt 0.880260 0.551711
vt 0.952879 0.529112
vt 0.832514 0.477121
vt 0.953629 0.420165
vt 0.927628 0.448739
vt 0.903444 0.597782
vt 0.881751 0.573782
vt 0.936192 0.611812
vt 0.852996 0.618871
vt 0.843747 0.608017
vt 0.859952 0.556348
vt 0.796267 0.524151
vt 0.847935 0.452049
vt 0.859127 0.557710
vt 0.794026 0.419604
vt 0.811069 0.598321
vt 0.797741 0.610015
vt 0.810014 0.599275
vt 0.805898 0.599939
vt 0.805891 0.599902
vt 0.785601 0.552766
vt 0.793526 0.420806
vt 0.785192 0.553597
vt 0.744441 0.567365
vt 0.766265 0.541491
vt 0.796265 0.524152
vt 0.782727 0.479565
vt 0.751353 0.487652
vt 0.765956 0.541582
vt 0.770335 0.534042
vt 0.784456 0.608773
vt 0.724373 0.617131
vt 0.716955 0.571563
vt 0.743722 0.568400
vt 0.735593 0.450748
vt 0.723409 0.482518
vt 0.735558 0.450683
vt 0.717884 0.438078
vt 0.721353 0.422310
vt 0.726525 0.419687
vt 0.727887 0.419299
vt 0.777035 0.004183
vt 0.701034 0.005010
vt 0.806926 0.003783
vt 0.984854 0.481171
vt 0.984192 0.355879
vt 0.985564 0.457144
vt 0.855187 0.853764
vt 0.897169 0.854514
vt 0.856604 0.852674
vt 0.016723 0.422042
vt 0.017927 0.422149
vt 0.017620 0.429461
vt 0.505999 0.678247
vt 0.506502 0.679374
vt 0.506947 0.677928
vt 0.525097 0.677659
vt 0.533111 0.677966
vt 0.525062 0.676802
vt 0.030360 0.083593
vt 0.027717 0.220842
vt 0.027107 0.213302
vt 0.978306 0.360610
vt 0.978105 0.366274
vt 0.975387 0.347355
vt 0.974643 0.324689
vt 0.974026 0.337064
vt 0.974204 0.320964
vt 0.977742 0.298400
vt 0.974532 0.318551
vt 0.977251 0.293628
vt 0.062584 0.664592
vt 0.056357 0.666510
vt 0.060152 0.664261
vt 0.777953 0.948182
vt 0.776887 0.946564
vt 0.776230 0.949591
vt 0.738213 0.933437
vt 0.735266 0.934696
vt 0.741616 0.934338
vt 0.747143 0.933789
vt 0.774148 0.935282
vt 0.773958 0.934435
vt 0.891699 0.936414
vt 0.892924 0.938534
vt 0.894189 0.938792
vt 0.895203 0.940690
vt 0.900009 0.943802
vt 0.895208 0.939696
vt 0.929272 0.962388
vt 0.928101 0.963286
vt 0.955105 0.963418
vt 0.886165 0.962834
vt 0.840754 0.962869
vt 0.921710 0.963870
vt 0.669929 0.985801
vt 0.669768 0.983958
vt 0.670391 0.983902
vt 0.434905 0.748149
vt 0.434908 0.764282
vt 0.434054 0.750795
vt 0.594542 0.052139
vt 0.594370 0.045293
vt 0.595018 0.049529
vt 0.316914 0.957460
vt 0.321577 0.958855
vt 0.319376 0.957983
vt 0.330222 0.959529
vt 0.328194 0.960158
vt 0.333306 0.960565
vt 0.340640 0.959188
vt 0.345027 0.958447
vt 0.342027 0.958350
vt 0.347730 0.956356
vt 0.366794 0.961928
vt 0.368553 0.961316
vt 0.346131 0.955141
vt 0.031954 0.033211
vt 0.034860 0.028647
vt 0.032858 0.033587
vt 0.368528 0.806314
vt 0.369225 0.807386
vt 0.368690 0.809947
vt 0.237728 0.885784
vt 0.238578 0.884559
vt 0.236810 0.886857
vt 0.611953 0.107908
vt 0.618152 0.108723
vt 0.614211 0.108209
vt 0.921719 0.672299
vt 0.917727 0.658104
vt 0.922820 0.672440
vt 0.654310 0.973904
vt 0.626664 0.978756
vt 0.626014 0.975786
vt 0.969699 0.289015
vt 0.970632 0.247330
vt 0.969495 0.278217
vt 0.592216 0.981405
vt 0.557682 0.978532
vt 0.582416 0.973803
vt 0.555909 0.980340
vt 0.547955 0.980322
vt 0.547568 0.980584
vt 0.527828 0.977991
vt 0.541016 0.976383
vt 0.535222 0.974962
vt 0.521623 0.980933
vt 0.526612 0.975451
vt 0.528561 0.972521
vt 0.526597 0.975425
vt 0.518307 0.978261
vt 0.525204 0.973462
vt 0.518740 0.979979
vt 0.516248 0.979183
vt 0.517882 0.974150
vt 0.516054 0.980733
vt 0.498799 0.977127
vt 0.516138 0.979134
vt 0.502508 0.973180
vt 0.465463 0.976760
vt 0.480685 0.973699
vt 0.497958 0.980749
vt 0.472241 0.972279
vt 0.467309 0.978373
vt 0.464719 0.980874
vt 0.464340 0.979621
vt 0.458242 0.979206
vt 0.451974 0.979681
vt 0.460639 0.976053
vt 0.668031 0.978683
vt 0.655568 0.974059
vt 0.666592 0.954540
vt 0.654491 0.968818
vt 0.656172 0.964735
vt 0.635696 0.969693
vt 0.626454 0.969410
vt 0.633115 0.969236
vt 0.628848 0.965910
vt 0.633052 0.966321
vt 0.608435 0.968434
vt 0.614033 0.975791
vt 0.616501 0.966487
vt 0.625059 0.965662
vt 0.614717 0.962145
vt 0.584760 0.963857
vt 0.582365 0.969006
vt 0.573339 0.964734
vt 0.559896 0.968030
vt 0.574791 0.966729
vt 0.548228 0.971628
vt 0.548167 0.966669
vt 0.533549 0.966446
vt 0.537631 0.962458
vt 0.546036 0.974755
vt 0.541781 0.975844
vt 0.533895 0.973215
vt 0.532538 0.960572
vt 0.514322 0.967448
vt 0.532443 0.960587
vt 0.513926 0.971424
vt 0.513787 0.962337
vt 0.509824 0.972055
vt 0.496084 0.971433
vt 0.505821 0.968108
vt 0.474159 0.956701
vt 0.474672 0.970810
vt 0.475524 0.965684
vt 0.461850 0.971046
vt 0.475499 0.965701
vt 0.471049 0.961651
vt 0.451917 0.971995
vt 0.459121 0.972291
vt 0.461545 0.971194
vt 0.449607 0.958346
vt 0.456039 0.963598
vt 0.444730 0.961525
vt 0.448133 0.978792
vt 0.969221 0.457535
vt 0.966249 0.451220
vt 0.971846 0.439284
vt 0.660143 0.953286
vt 0.649532 0.968637
vt 0.648236 0.959469
vt 0.645536 0.960454
vt 0.634141 0.966365
vt 0.644051 0.956621
vt 0.632512 0.955443
vt 0.633336 0.960191
vt 0.627252 0.962086
vt 0.619554 0.963513
vt 0.620120 0.961062
vt 0.620261 0.954099
vt 0.626347 0.959013
vt 0.619014 0.962649
vt 0.609854 0.957092
vt 0.619591 0.954037
vt 0.614737 0.962125
vt 0.608453 0.968154
vt 0.597438 0.960000
vt 0.608954 0.957423
vt 0.598503 0.955422
vt 0.598374 0.971511
vt 0.587369 0.967067
vt 0.584877 0.963801
vt 0.586596 0.960221
vt 0.576675 0.958982
vt 0.579937 0.954375
vt 0.576648 0.958969
vt 0.573320 0.951979
vt 0.570918 0.956328
vt 0.560249 0.959923
vt 0.560435 0.956342
vt 0.554429 0.966539
vt 0.551731 0.957570
vt 0.546823 0.959427
vt 0.536127 0.954826
vt 0.531657 0.955991
vt 0.535568 0.955687
vt 0.511535 0.956618
vt 0.509513 0.964400
vt 0.508732 0.962166
vt 0.508362 0.958714
vt 0.508012 0.958877
vt 0.500271 0.958930
vt 0.505593 0.953502
vt 0.497316 0.956656
vt 0.508471 0.962119
vt 0.491022 0.958257
vt 0.497447 0.957996
vt 0.496705 0.948961
vt 0.478634 0.957950
vt 0.476644 0.953794
vt 0.463496 0.955880
vt 0.473575 0.958370
vt 0.469415 0.955381
vt 0.459094 0.962806
vt 0.451316 0.941455
vt 0.969061 0.464050
vt 0.662026 0.950550
vt 0.662658 0.941831
vt 0.665290 0.948363
vt 0.649919 0.958771
vt 0.648504 0.948603
vt 0.648027 0.948399
vt 0.645393 0.952343
vt 0.642592 0.943217
vt 0.638803 0.955382
vt 0.631497 0.959358
vt 0.627758 0.959238
vt 0.627595 0.956106
vt 0.626412 0.949950
vt 0.624594 0.949518
vt 0.625087 0.942412
vt 0.614586 0.943991
vt 0.610183 0.954153
vt 0.612580 0.944780
vt 0.608184 0.943883
vt 0.604107 0.952058
vt 0.598513 0.955415
vt 0.599143 0.951558
vt 0.595532 0.957376
vt 0.595278 0.949219
vt 0.595887 0.949041
vt 0.595593 0.940035
vt 0.583763 0.942342
vt 0.576392 0.950947
vt 0.577776 0.944412
vt 0.569103 0.943418
vt 0.574755 0.939149
vt 0.560532 0.952214
vt 0.559285 0.956912
vt 0.553427 0.955202
vt 0.547426 0.954982
vt 0.553464 0.946142
vt 0.546601 0.947092
vt 0.530804 0.953536
vt 0.535547 0.942010
vt 0.519262 0.953937
vt 0.518452 0.946950
vt 0.509926 0.955951
vt 0.504975 0.947796
vt 0.515684 0.937666
vt 0.504059 0.948156
vt 0.502532 0.949227
vt 0.503816 0.940002
vt 0.483255 0.952670
vt 0.480612 0.952607
vt 0.479419 0.950034
vt 0.478947 0.952339
vt 0.476362 0.943938
vt 0.479306 0.949919
vt 0.476605 0.953792
vt 0.474442 0.954545
vt 0.470819 0.953388
vt 0.470807 0.941998
vt 0.467744 0.951751
vt 0.466107 0.945866
vt 0.462208 0.952058
vt 0.446479 0.936717
vt 0.446238 0.956510
vt 0.444758 0.960996
vt 0.445306 0.950235
vt 0.978563 0.570656
vt 0.667114 0.954424
vt 0.665296 0.948374
vt 0.666407 0.936514
vt 0.664710 0.929691
vt 0.647614 0.939607
vt 0.656046 0.940654
vt 0.615815 0.937558
vt 0.624468 0.939167
vt 0.624988 0.941373
vt 0.618190 0.936747
vt 0.611471 0.943693
vt 0.611503 0.929376
vt 0.591057 0.942123
vt 0.591169 0.937734
vt 0.582360 0.931950
vt 0.581526 0.941506
vt 0.576800 0.936381
vt 0.570612 0.938982
vt 0.558666 0.940737
vt 0.564233 0.935042
vt 0.554257 0.945272
vt 0.546039 0.943085
vt 0.551580 0.940168
vt 0.545128 0.938811
vt 0.542039 0.938558
vt 0.536483 0.934858
vt 0.533733 0.936861
vt 0.531625 0.938365
vt 0.530259 0.934459
vt 0.523255 0.940023
vt 0.520023 0.940672
vt 0.519633 0.937583
vt 0.508949 0.940765
vt 0.497497 0.933139
vt 0.480317 0.938046
vt 0.493015 0.933701
vt 0.476951 0.943518
vt 0.465141 0.938839
vt 0.466290 0.936440
vt 0.460324 0.939870
vt 0.457825 0.934274
vt 0.461285 0.921608
vt 0.453860 0.940670
vt 0.459764 0.939912
vt 0.452540 0.934442
vt 0.969396 0.496519
vt 0.651862 0.935360
vt 0.654819 0.924463
vt 0.646723 0.934916
vt 0.642158 0.931659
vt 0.647781 0.933666
vt 0.643827 0.936576
vt 0.636537 0.928463
vt 0.637564 0.930466
vt 0.640058 0.926619
vt 0.644198 0.929157
vt 0.627487 0.924180
vt 0.623172 0.928554
vt 0.618982 0.933631
vt 0.600607 0.936903
vt 0.596214 0.932514
vt 0.604746 0.922457
vt 0.593655 0.938251
vt 0.590685 0.931367
vt 0.591355 0.937428
vt 0.588322 0.930359
vt 0.570933 0.923446
vt 0.567443 0.933848
vt 0.552089 0.939407
vt 0.549111 0.924547
vt 0.545105 0.938402
vt 0.546605 0.925325
vt 0.535472 0.928879
vt 0.530976 0.933972
vt 0.519680 0.937338
vt 0.517869 0.934602
vt 0.502134 0.932030
vt 0.508029 0.934563
vt 0.512923 0.929398
vt 0.501781 0.929554
vt 0.507758 0.923536
vt 0.493790 0.927376
vt 0.483441 0.932227
vt 0.484749 0.927026
vt 0.482541 0.926304
vt 0.476866 0.927107
vt 0.478421 0.932325
vt 0.478446 0.938097
vt 0.472016 0.930317
vt 0.473365 0.929507
vt 0.471961 0.924946
vt 0.471091 0.929478
vt 0.469217 0.924088
vt 0.471673 0.928331
vt 0.446786 0.934251
vt 0.666887 0.931357
vt 0.665377 0.927304
vt 0.665948 0.913192
vt 0.661677 0.923845
vt 0.661824 0.923836
vt 0.661532 0.920083
vt 0.646306 0.923366
vt 0.651924 0.916078
vt 0.644764 0.915572
vt 0.638066 0.924037
vt 0.640823 0.922659
vt 0.639313 0.917390
vt 0.626707 0.919881
vt 0.625252 0.918127
vt 0.627260 0.924008
vt 0.623516 0.924035
vt 0.624504 0.920718
vt 0.609517 0.918517
vt 0.622762 0.928559
vt 0.591562 0.927930
vt 0.587046 0.919756
vt 0.602035 0.905633
vt 0.591036 0.928157
vt 0.572152 0.921887
vt 0.561613 0.929873
vt 0.563544 0.923941
vt 0.563749 0.919977
vt 0.560530 0.919735
vt 0.550658 0.916733
vt 0.541088 0.926387
vt 0.546351 0.920398
vt 0.535850 0.925802
vt 0.547477 0.915610
vt 0.512528 0.908334
vt 0.523278 0.912851
vt 0.519788 0.922331
vt 0.505646 0.919642
vt 0.503442 0.915839
vt 0.499378 0.920168
vt 0.492409 0.922725
vt 0.488129 0.921013
vt 0.487257 0.920003
vt 0.478602 0.918226
vt 0.473997 0.919626
vt 0.456857 0.920300
vt 0.453557 0.914019
vt 0.667646 0.909722
vt 0.660884 0.914255
vt 0.665556 0.902944
vt 0.649458 0.911446
vt 0.659831 0.904866
vt 0.649292 0.907032
vt 0.647297 0.907795
vt 0.644656 0.911570
vt 0.631345 0.910720
vt 0.644501 0.915131
vt 0.643143 0.911531
vt 0.626866 0.913428
vt 0.627528 0.912983
vt 0.622860 0.910349
vt 0.630191 0.908146
vt 0.624692 0.918234
vt 0.623362 0.911441
vt 0.609982 0.913299
vt 0.615152 0.908267
vt 0.603422 0.905569
vt 0.607757 0.913926
vt 0.602966 0.911880
vt 0.569106 0.919730
vt 0.567518 0.916137
vt 0.581225 0.903572
vt 0.567426 0.908646
vt 0.572508 0.906882
vt 0.557154 0.912935
vt 0.559974 0.909452
vt 0.566916 0.916172
vt 0.556041 0.912759
vt 0.549921 0.914940
vt 0.554440 0.908527
vt 0.555289 0.905451
vt 0.535783 0.912788
vt 0.543713 0.908946
vt 0.532548 0.914603
vt 0.536211 0.916242
vt 0.527818 0.912377
vt 0.533985 0.912533
vt 0.531063 0.909614
vt 0.525848 0.909626
vt 0.521753 0.902454
vt 0.514294 0.903426
vt 0.506153 0.908558
vt 0.505874 0.908334
vt 0.500672 0.913198
vt 0.500008 0.909020
vt 0.496140 0.917631
vt 0.480917 0.908757
vt 0.497107 0.909492
vt 0.476449 0.914511
vt 0.465528 0.914667
vt 0.475596 0.914852
vt 0.479975 0.904505
vt 0.457712 0.908255
vt 0.454716 0.908470
vt 0.450530 0.914914
vt 0.445168 0.912725
vt 0.445168 0.912681
vt 0.665686 0.891994
vt 0.667589 0.909741
vt 0.663236 0.894545
vt 0.663091 0.895697
vt 0.654834 0.901209
vt 0.650310 0.902479
vt 0.640078 0.899588
vt 0.645423 0.898396
vt 0.643964 0.910546
vt 0.640802 0.906490
vt 0.634158 0.903271
vt 0.638335 0.900398
vt 0.621863 0.905111
vt 0.620063 0.902255
vt 0.625534 0.901399
vt 0.617121 0.897012
vt 0.606698 0.902158
vt 0.601325 0.902167
vt 0.595465 0.897693
vt 0.584186 0.903469
vt 0.588062 0.897338
vt 0.583003 0.896721
vt 0.571639 0.903028
vt 0.576867 0.901412
vt 0.577757 0.897218
vt 0.566779 0.907234
vt 0.559797 0.899976
vt 0.568323 0.892214
vt 0.559387 0.909484
vt 0.552319 0.904978
vt 0.548788 0.897827
vt 0.535398 0.898311
vt 0.525549 0.899070
vt 0.524026 0.902572
vt 0.510921 0.900765
vt 0.512218 0.905525
vt 0.504864 0.906904
vt 0.502134 0.897289
vt 0.496198 0.903575
vt 0.495934 0.903022
vt 0.485569 0.899977
vt 0.497157 0.891825
vt 0.470898 0.896872
vt 0.461519 0.906822
vt 0.464847 0.896141
vt 0.458043 0.899391
vt 0.453608 0.900823
vt 0.455813 0.907300
vt 0.448813 0.904405
vt 0.453386 0.902856
vt 0.445463 0.895709
vt 0.649685 0.897166
vt 0.641500 0.891161
vt 0.648519 0.886261
vt 0.639159 0.881054
vt 0.641026 0.893546
vt 0.637420 0.895959
vt 0.630663 0.894239
vt 0.628215 0.882824
vt 0.632623 0.901964
vt 0.627021 0.894749
vt 0.623403 0.891003
vt 0.629732 0.893693
vt 0.621252 0.892261
vt 0.616413 0.896822
vt 0.613282 0.888264
vt 0.611233 0.889969
vt 0.603709 0.890843
vt 0.578004 0.885426
vt 0.572657 0.901915
vt 0.571429 0.897642
vt 0.573096 0.892769
vt 0.578786 0.888014
vt 0.561580 0.887069
vt 0.551660 0.895196
vt 0.549339 0.897737
vt 0.554264 0.886243
vt 0.541428 0.884918
vt 0.532351 0.896343
vt 0.521063 0.881341
vt 0.508073 0.884772
vt 0.515469 0.879557
vt 0.503894 0.890545
vt 0.502953 0.890634
vt 0.497866 0.886082
vt 0.482966 0.897390
vt 0.489904 0.887074
vt 0.485194 0.887793
vt 0.482879 0.897362
vt 0.476417 0.893457
vt 0.474571 0.889787
vt 0.471372 0.893624
vt 0.463439 0.883054
vt 0.471234 0.884605
vt 0.664661 0.891209
vt 0.653706 0.884953
vt 0.659545 0.882186
vt 0.668025 0.878256
vt 0.641864 0.877665
vt 0.645561 0.883582
vt 0.622645 0.879485
vt 0.615328 0.882812
vt 0.609309 0.884435
vt 0.609106 0.884533
vt 0.603662 0.878842
vt 0.607930 0.874138
vt 0.593929 0.879542
vt 0.575096 0.887958
vt 0.569403 0.887556
vt 0.568760 0.882155
vt 0.564570 0.882857
vt 0.558915 0.884272
vt 0.566943 0.879814
vt 0.554382 0.877860
vt 0.557060 0.875116
vt 0.549055 0.884154
vt 0.547818 0.879959
vt 0.541773 0.880474
vt 0.530987 0.884080
vt 0.506761 0.884273
vt 0.499599 0.874820
vt 0.489406 0.876418
vt 0.483904 0.872795
vt 0.466708 0.870066
vt 0.460481 0.883103
vt 0.452653 0.885026
vt 0.446923 0.891893
vt 0.445811 0.870287
vt 0.453879 0.898339
vt 0.445214 0.891921
vt 0.455271 0.880595
vt 0.668001 0.878233
vt 0.666844 0.874104
vt 0.667214 0.838446
vt 0.657621 0.879759
vt 0.663747 0.875483
vt 0.663882 0.875207
vt 0.659616 0.875603
vt 0.663074 0.869212
vt 0.653353 0.883876
vt 0.653418 0.876395
vt 0.659477 0.875847
vt 0.656539 0.871632
vt 0.641938 0.873975
vt 0.637982 0.879070
vt 0.633373 0.877023
vt 0.640238 0.875764
vt 0.635506 0.875214
vt 0.638781 0.870694
vt 0.632744 0.872146
vt 0.628111 0.878458
vt 0.632784 0.876392
vt 0.622840 0.875160
vt 0.623030 0.872342
vt 0.617605 0.869399
vt 0.621497 0.874680
vt 0.611515 0.874105
vt 0.599903 0.876415
vt 0.602647 0.874251
vt 0.597978 0.867434
vt 0.592325 0.875466
vt 0.590613 0.867158
vt 0.588514 0.875453
vt 0.585096 0.869270
vt 0.581179 0.866553
vt 0.569389 0.878680
vt 0.567055 0.872751
vt 0.565841 0.866732
vt 0.561811 0.868713
vt 0.567028 0.872151
vt 0.555126 0.872994
vt 0.550048 0.874867
vt 0.553872 0.869955
vt 0.546021 0.876635
vt 0.546499 0.873643
vt 0.552123 0.876586
vt 0.548603 0.870780
vt 0.546490 0.873643
vt 0.541995 0.867477
vt 0.546797 0.878059
vt 0.538741 0.873682
vt 0.539416 0.879362
vt 0.535832 0.881502
vt 0.537888 0.872726
vt 0.530229 0.883495
vt 0.526141 0.874461
vt 0.534303 0.867866
vt 0.519664 0.869224
vt 0.513699 0.869072
vt 0.508914 0.878034
vt 0.506205 0.870774
vt 0.500287 0.870416
vt 0.499074 0.862454
vt 0.494874 0.874090
vt 0.489439 0.874333
vt 0.498380 0.869572
vt 0.494025 0.858471
vt 0.470362 0.867737
vt 0.460554 0.882110
vt 0.458797 0.871872
vt 0.664390 0.868430
vt 0.664943 0.864988
vt 0.656458 0.871581
vt 0.659988 0.864833
vt 0.662462 0.865079
vt 0.661219 0.861933
vt 0.648140 0.867833
vt 0.647634 0.871912
vt 0.644927 0.870691
vt 0.640348 0.865466
vt 0.652227 0.862210
vt 0.641426 0.862707
vt 0.639229 0.865057
vt 0.628322 0.862850
vt 0.619550 0.867782
vt 0.610581 0.865080
vt 0.609625 0.864606
vt 0.610940 0.856088
vt 0.613315 0.862823
vt 0.602879 0.865708
vt 0.594185 0.859811
vt 0.587618 0.867697
vt 0.581319 0.865198
vt 0.586169 0.865089
vt 0.571883 0.865427
vt 0.563978 0.857697
vt 0.572824 0.857311
vt 0.558442 0.862461
vt 0.567566 0.863426
vt 0.547377 0.862670
vt 0.542247 0.860490
vt 0.536595 0.861383
vt 0.531159 0.861857
vt 0.525290 0.858660
vt 0.533408 0.861606
vt 0.530456 0.870224
vt 0.518005 0.866656
vt 0.508357 0.857765
vt 0.497564 0.864031
vt 0.471954 0.866730
vt 0.469933 0.864515
vt 0.478055 0.855235
vt 0.470260 0.867491
vt 0.463117 0.867734
vt 0.467908 0.854595
vt 0.450949 0.858908
vt 0.970750 0.560201
vt 0.657932 0.850722
vt 0.658868 0.862520
vt 0.655203 0.850135
vt 0.641059 0.854585
vt 0.642803 0.847311
vt 0.638279 0.861707
vt 0.633442 0.855939
vt 0.641128 0.857087
vt 0.636144 0.859212
vt 0.638410 0.851377
vt 0.636014 0.859320
vt 0.628349 0.862399
vt 0.633035 0.858729
vt 0.624100 0.860153
vt 0.621935 0.854538
vt 0.618021 0.864619
vt 0.616180 0.842822
vt 0.608777 0.847426
vt 0.599473 0.860530
vt 0.595759 0.856688
vt 0.593718 0.848579
vt 0.588791 0.859096
vt 0.588100 0.848530
vt 0.581769 0.853804
vt 0.577081 0.847525
vt 0.569347 0.852009
vt 0.564807 0.853524
vt 0.560655 0.858081
vt 0.558211 0.853679
vt 0.561173 0.854628
vt 0.534996 0.846686
vt 0.524991 0.855321
vt 0.533649 0.853758
vt 0.526236 0.846566
vt 0.516560 0.856097
vt 0.508622 0.855598
vt 0.505032 0.854296
vt 0.497816 0.849394
vt 0.488854 0.850347
vt 0.489200 0.854021
vt 0.472314 0.853234
vt 0.464385 0.853691
vt 0.461183 0.840814
vt 0.471327 0.852576
vt 0.451100 0.851845
vt 0.452517 0.849202
vt 0.448368 0.849967
vt 0.445811 0.870292
vt 0.660005 0.842647
vt 0.652956 0.845769
vt 0.648199 0.845965
vt 0.638820 0.845916
vt 0.634901 0.846176
vt 0.636095 0.844907
vt 0.632072 0.838481
vt 0.352867 0.818254
vt 0.354729 0.820820
vt 0.351390 0.823677
vt 0.360217 0.819022
vt 0.623812 0.849197
vt 0.608969 0.843572
vt 0.607715 0.841832
vt 0.596608 0.843023
vt 0.596231 0.837476
vt 0.596667 0.843481
vt 0.591102 0.845420
vt 0.590352 0.839804
vt 0.563521 0.839459
vt 0.571658 0.838716
vt 0.562140 0.844287
vt 0.560408 0.840518
vt 0.528606 0.845665
vt 0.531358 0.837148
vt 0.518874 0.852137
vt 0.520193 0.846843
vt 0.515965 0.852318
vt 0.516366 0.835515
vt 0.505212 0.853462
vt 0.498796 0.843123
vt 0.498582 0.846270
vt 0.489480 0.843309
vt 0.487537 0.852285
vt 0.477336 0.847906
vt 0.486545 0.842628
vt 0.476775 0.833394
vt 0.466121 0.838583
vt 0.465855 0.835149
vt 0.465544 0.843072
vt 0.454005 0.845248
vt 0.452517 0.849202
vt 0.666633 0.832324
vt 0.653715 0.829838
vt 0.663968 0.829305
vt 0.652902 0.838620
vt 0.648002 0.845688
vt 0.644572 0.829029
vt 0.640504 0.843100
vt 0.633547 0.836571
vt 0.620212 0.836424
vt 0.627010 0.833206
vt 0.614397 0.838515
vt 0.609593 0.837624
vt 0.615448 0.832426
vt 0.608652 0.833938
vt 0.602000 0.835640
vt 0.590300 0.838941
vt 0.594647 0.831725
vt 0.596335 0.837073
vt 0.585064 0.837268
vt 0.587313 0.847718
vt 0.578680 0.830114
vt 0.574235 0.837201
vt 0.569223 0.836975
vt 0.548798 0.828783
vt 0.561974 0.834452
vt 0.540619 0.830657
vt 0.528896 0.837682
vt 0.527209 0.835987
vt 0.530859 0.834313
vt 0.516482 0.833957
vt 0.515042 0.829259
vt 0.515179 0.834027
vt 0.508169 0.832310
vt 0.507614 0.834270
vt 0.499755 0.833845
vt 0.492142 0.840326
vt 0.496048 0.833908
vt 0.491116 0.829423
vt 0.495843 0.830314
vt 0.470566 0.833628
vt 0.467053 0.833779
vt 0.477595 0.830982
vt 0.472339 0.822085
vt 0.459754 0.834270
vt 0.451829 0.829682
vt 0.457901 0.841181
vt 0.668473 0.837743
vt 0.667123 0.828332
vt 0.653046 0.828649
vt 0.647326 0.826248
vt 0.658994 0.827315
vt 0.627231 0.824530
vt 0.633803 0.820608
vt 0.633515 0.808913
vt 0.616076 0.831603
vt 0.611702 0.825067
vt 0.614503 0.823007
vt 0.602558 0.821691
vt 0.611463 0.818586
vt 0.608317 0.833658
vt 0.605446 0.824949
vt 0.600289 0.827448
vt 0.593301 0.824462
vt 0.599667 0.822169
vt 0.587057 0.826631
vt 0.583703 0.828210
vt 0.584351 0.825019
vt 0.586530 0.819846
vt 0.578721 0.827675
vt 0.573959 0.828207
vt 0.574227 0.829651
vt 0.571060 0.834734
vt 0.552675 0.824251
vt 0.548798 0.828783
vt 0.545398 0.825237
vt 0.548082 0.823881
vt 0.542013 0.817608
vt 0.534516 0.828303
vt 0.533242 0.823991
vt 0.528207 0.824644
vt 0.532469 0.822674
vt 0.520180 0.827591
vt 0.515863 0.826633
vt 0.498625 0.816231
vt 0.501042 0.830251
vt 0.499841 0.826576
vt 0.497072 0.821401
vt 0.499903 0.833642
vt 0.499780 0.826812
vt 0.495918 0.827010
vt 0.492219 0.827616
vt 0.495485 0.822014
vt 0.491439 0.821662
vt 0.484713 0.832479
vt 0.482715 0.828603
vt 0.484097 0.825323
vt 0.479209 0.823695
vt 0.478255 0.824097
vt 0.482703 0.828644
vt 0.462760 0.823311
vt 0.459898 0.825980
vt 0.454272 0.827892
vt 0.456255 0.823390
vt 0.458078 0.822176
vt 0.445991 0.826081
vt 0.449140 0.817268
vt 0.664058 0.829622
vt 0.659436 0.818521
vt 0.645471 0.813697
vt 0.650343 0.813025
vt 0.615034 0.816577
vt 0.630317 0.819242
vt 0.603801 0.807665
vt 0.602628 0.814380
vt 0.595919 0.818506
vt 0.594200 0.812684
vt 0.587707 0.815645
vt 0.577151 0.814336
vt 0.571900 0.813302
vt 0.573361 0.813080
vt 0.570412 0.812033
vt 0.572703 0.832731
vt 0.557203 0.815181
vt 0.554001 0.822583
vt 0.552065 0.821618
vt 0.543187 0.816837
vt 0.553288 0.821257
vt 0.554688 0.816048
vt 0.547432 0.811263
vt 0.553160 0.812995
vt 0.551860 0.823600
vt 0.548179 0.823769
vt 0.542191 0.816565
vt 0.537342 0.805160
vt 0.542354 0.814332
vt 0.536128 0.821639
vt 0.536039 0.819171
vt 0.536303 0.818518
vt 0.527881 0.810075
vt 0.533590 0.810083
vt 0.531939 0.820626
vt 0.524723 0.822547
vt 0.522951 0.817776
vt 0.522903 0.811587
vt 0.523420 0.822340
vt 0.519941 0.821243
vt 0.517311 0.812852
vt 0.508533 0.808727
vt 0.491571 0.818430
vt 0.483485 0.805445
vt 0.495562 0.807100
vt 0.485625 0.817141
vt 0.482461 0.820014
vt 0.482451 0.820012
vt 0.477300 0.821472
vt 0.471059 0.814840
vt 0.458419 0.820431
vt 0.469309 0.810761
vt 0.458152 0.809389
vt 0.445963 0.817396
vt 0.450453 0.809589
vt 0.449261 0.816415
vt 0.446411 0.813037
vt 0.666955 0.827872
vt 0.665257 0.805968
vt 0.668437 0.804191
vt 0.662398 0.806140
vt 0.667423 0.801072
vt 0.664878 0.805952
vt 0.662294 0.800585
vt 0.657089 0.806613
vt 0.661257 0.803556
vt 0.647204 0.809090
vt 0.652513 0.806390
vt 0.632025 0.805323
vt 0.628867 0.812206
vt 0.633071 0.808361
vt 0.629840 0.807093
vt 0.627124 0.807710
vt 0.611607 0.816970
vt 0.606554 0.815081
vt 0.601586 0.812544
vt 0.597761 0.809186
vt 0.594664 0.806846
vt 0.587803 0.807521
vt 0.589601 0.812849
vt 0.584657 0.814454
vt 0.582346 0.808171
vt 0.574826 0.812389
vt 0.578905 0.805640
vt 0.568188 0.792967
vt 0.550585 0.806704
vt 0.552794 0.811546
vt 0.556321 0.809313
vt 0.528299 0.807883
vt 0.525060 0.806976
vt 0.531395 0.805835
vt 0.527640 0.802838
vt 0.521039 0.806898
vt 0.496310 0.807939
vt 0.473499 0.802978
vt 0.469552 0.807999
vt 0.447285 0.794827
vt 0.460603 0.803057
vt 0.658417 0.800235
vt 0.655223 0.803628
vt 0.650587 0.802106
vt 0.648446 0.798247
vt 0.648560 0.790392
vt 0.650516 0.802111
vt 0.636081 0.797284
vt 0.639809 0.794350
vt 0.625884 0.793972
vt 0.633402 0.794969
vt 0.628157 0.803274
vt 0.622807 0.796644
vt 0.607594 0.796362
vt 0.617009 0.792536
vt 0.590216 0.797086
vt 0.602934 0.795580
vt 0.608673 0.795015
vt 0.604800 0.793612
vt 0.594843 0.804769
vt 0.590337 0.803842
vt 0.583300 0.802831
vt 0.580778 0.795762
vt 0.577302 0.797734
vt 0.573505 0.794471
vt 0.577963 0.792605
vt 0.545100 0.792650
vt 0.547622 0.790741
vt 0.531285 0.797634
vt 0.537454 0.793900
vt 0.524835 0.801333
vt 0.526471 0.797371
vt 0.525570 0.793407
vt 0.518875 0.807382
vt 0.508881 0.808367
vt 0.520299 0.798648
vt 0.500443 0.800935
vt 0.504108 0.797371
vt 0.507209 0.794744
vt 0.502409 0.794305
vt 0.491069 0.798385
vt 0.497434 0.799525
vt 0.491355 0.798485
vt 0.498227 0.793732
vt 0.494361 0.789170
vt 0.483629 0.798733
vt 0.487208 0.790401
vt 0.470026 0.788113
vt 0.480007 0.802269
vt 0.472155 0.802513
vt 0.458857 0.798034
vt 0.667508 0.796603
vt 0.665347 0.775697
vt 0.652364 0.784070
vt 0.643283 0.791239
vt 0.642671 0.784495
vt 0.629561 0.772173
vt 0.638676 0.792024
vt 0.628830 0.792428
vt 0.626025 0.778446
vt 0.625511 0.792799
vt 0.622722 0.786665
vt 0.612391 0.786290
vt 0.602576 0.789409
vt 0.604823 0.788463
vt 0.602319 0.787468
vt 0.608113 0.784105
vt 0.600397 0.780265
vt 0.598892 0.792531
vt 0.602920 0.793023
vt 0.601494 0.795568
vt 0.585546 0.793707
vt 0.598307 0.793097
vt 0.600964 0.789635
vt 0.595922 0.788192
vt 0.600176 0.787549
vt 0.596006 0.791226
vt 0.592374 0.786762
vt 0.579242 0.788431
vt 0.580866 0.795716
vt 0.584859 0.793185
vt 0.592454 0.781536
vt 0.568318 0.788252
vt 0.578463 0.788210
vt 0.564329 0.787219
vt 0.558094 0.786792
vt 0.568059 0.787744
vt 0.556817 0.791166
vt 0.552493 0.782668
vt 0.554922 0.788434
vt 0.545170 0.788187
vt 0.548387 0.783439
vt 0.535730 0.789829
vt 0.529381 0.781381
vt 0.529389 0.787183
vt 0.530017 0.792628
vt 0.525507 0.790920
vt 0.514636 0.794383
vt 0.524969 0.790402
vt 0.508549 0.786151
vt 0.525734 0.780558
vt 0.501250 0.779788
vt 0.501702 0.791094
vt 0.496284 0.789655
vt 0.500113 0.785416
vt 0.498806 0.781598
vt 0.489063 0.779095
vt 0.478851 0.786933
vt 0.474389 0.783459
vt 0.451619 0.786895
vt 0.457762 0.784862
vt 0.451742 0.784057
vt 0.448733 0.782373
vt 0.445081 0.788447
vt 0.668777 0.779541
vt 0.668613 0.799826
vt 0.653197 0.778557
vt 0.649842 0.783312
vt 0.644099 0.784606
vt 0.641453 0.778266
vt 0.621247 0.784603
vt 0.614077 0.780404
vt 0.611247 0.772492
vt 0.598221 0.782785
vt 0.596838 0.777786
vt 0.593510 0.777337
vt 0.588004 0.778118
vt 0.589793 0.772793
vt 0.585739 0.780225
vt 0.578921 0.776721
vt 0.584333 0.772920
vt 0.574943 0.783134
vt 0.576091 0.780709
vt 0.574030 0.774273
vt 0.569834 0.775946
vt 0.559239 0.779885
vt 0.560593 0.777056
vt 0.556358 0.779046
vt 0.558589 0.775715
vt 0.552644 0.773514
vt 0.545726 0.779344
vt 0.553625 0.781703
vt 0.549453 0.780729
vt 0.545551 0.783010
vt 0.543606 0.777842
vt 0.545726 0.779337
vt 0.513516 0.774688
vt 0.509204 0.774627
vt 0.501293 0.768437
vt 0.486888 0.773190
vt 0.480938 0.779748
vt 0.477700 0.778848
vt 0.471676 0.771051
vt 0.473046 0.778172
vt 0.473997 0.783446
vt 0.472980 0.778321
vt 0.465235 0.783651
vt 0.456684 0.783115
vt 0.461190 0.769977
vt 0.449441 0.773314
vt 0.456895 0.768419
vt 0.446436 0.781291
vt 0.446574 0.781087
vt 0.444549 0.780916
vt 0.669136 0.778552
vt 0.668697 0.776396
vt 0.668620 0.767828
vt 0.650716 0.766593
vt 0.658388 0.768041
vt 0.642362 0.766229
vt 0.639146 0.769435
vt 0.631327 0.766668
vt 0.620570 0.771540
vt 0.629721 0.766592
vt 0.623949 0.776232
vt 0.611075 0.769112
vt 0.606644 0.768419
vt 0.593976 0.772173
vt 0.593510 0.768064
vt 0.602417 0.760812
vt 0.589754 0.772471
vt 0.581298 0.769464
vt 0.581244 0.761351
vt 0.578162 0.772478
vt 0.573407 0.764203
vt 0.578170 0.772480
vt 0.564977 0.779671
vt 0.559354 0.773118
vt 0.557169 0.768594
vt 0.544666 0.765272
vt 0.553988 0.768033
vt 0.536730 0.765082
vt 0.536875 0.772426
vt 0.533598 0.771112
vt 0.528761 0.773219
vt 0.526324 0.770922
vt 0.521982 0.774586
vt 0.512077 0.768545
vt 0.516860 0.764508
vt 0.513240 0.764928
vt 0.505059 0.766406
vt 0.500524 0.762282
vt 0.481293 0.765113
vt 0.469850 0.764287
vt 0.461581 0.768900
vt 0.461916 0.766608
vt 0.450323 0.764043
vt 0.460719 0.763478
vt 0.445754 0.765063
vt 0.446090 0.763080
vt 0.442945 0.765219
vt 0.659553 0.766756
vt 0.649140 0.758631
vt 0.667105 0.764735
vt 0.659161 0.755628
vt 0.651506 0.766165
vt 0.646712 0.762965
vt 0.641958 0.764622
vt 0.647904 0.757587
vt 0.641276 0.760596
vt 0.642917 0.756963
vt 0.640375 0.766634
vt 0.641262 0.760689
vt 0.639353 0.755669
vt 0.634521 0.754422
vt 0.608396 0.761939
vt 0.624836 0.754978
vt 0.606017 0.764901
vt 0.600033 0.752250
vt 0.582931 0.755091
vt 0.561609 0.763520
vt 0.572746 0.755782
vt 0.557227 0.758789
vt 0.557911 0.768206
vt 0.541411 0.762129
vt 0.542465 0.752749
vt 0.547725 0.751082
vt 0.538799 0.760725
vt 0.539009 0.764279
vt 0.536899 0.759887
vt 0.515032 0.756361
vt 0.539976 0.749665
vt 0.513570 0.762952
vt 0.505153 0.764730
vt 0.499132 0.759133
vt 0.502736 0.755343
vt 0.485152 0.750079
vt 0.471501 0.752818
vt 0.462537 0.757636
vt 0.458407 0.759959
vt 0.463732 0.762341
vt 0.455166 0.756036
vt 0.462611 0.745961
vt 0.452956 0.757192
vt 0.447130 0.749247
vt 0.442638 0.745743
vt 0.442112 0.758441
vt 0.665278 0.752245
vt 0.664154 0.745390
vt 0.649397 0.747950
vt 0.642965 0.755677
vt 0.635938 0.753373
vt 0.628241 0.749713
vt 0.631130 0.746622
vt 0.623378 0.748280
vt 0.614976 0.748724
vt 0.620131 0.754294
vt 0.615640 0.752574
vt 0.611084 0.757820
vt 0.609801 0.756217
vt 0.609476 0.750674
vt 0.603941 0.760493
vt 0.605269 0.756024
vt 0.605271 0.754803
vt 0.604756 0.754305
vt 0.594879 0.745203
vt 0.576107 0.751286
vt 0.580025 0.750481
vt 0.569936 0.752101
vt 0.567514 0.750055
vt 0.568363 0.746603
vt 0.555008 0.751408
vt 0.567214 0.749889
vt 0.562083 0.744752
vt 0.552613 0.734970
vt 0.553933 0.749542
vt 0.551596 0.748385
vt 0.550533 0.736520
vt 0.551472 0.751193
vt 0.547802 0.751091
vt 0.543561 0.748256
vt 0.542367 0.752537
vt 0.523558 0.752044
vt 0.527844 0.750614
vt 0.524878 0.746377
vt 0.518810 0.739199
vt 0.509906 0.748429
vt 0.504685 0.747026
vt 0.504096 0.749475
vt 0.499908 0.746212
vt 0.498323 0.754413
vt 0.476646 0.747217
vt 0.485947 0.746862
vt 0.474237 0.751068
vt 0.304582 0.244753
vt 0.303725 0.242646
vt 0.299195 0.244650
vt 0.299606 0.242062
vt 0.453292 0.747636
vt 0.666668 0.754347
vt 0.669814 0.730677
vt 0.667820 0.737778
vt 0.662083 0.743761
vt 0.662343 0.741661
vt 0.663649 0.745445
vt 0.650857 0.731007
vt 0.661441 0.728804
vt 0.641162 0.740410
vt 0.630838 0.743747
vt 0.639765 0.736715
vt 0.632287 0.739116
vt 0.626770 0.743112
vt 0.628337 0.744871
vt 0.624781 0.734922
vt 0.620289 0.743313
vt 0.625552 0.741653
vt 0.621275 0.739444
vt 0.614022 0.744874
vt 0.610894 0.738676
vt 0.619806 0.740113
vt 0.618003 0.734976
vt 0.609344 0.750588
vt 0.596574 0.743241
vt 0.609396 0.746026
vt 0.605199 0.740677
vt 0.597787 0.727181
vt 0.583919 0.734168
vt 0.593134 0.732812
vt 0.582417 0.740818
vt 0.584632 0.748776
vt 0.576866 0.748376
vt 0.575270 0.750383
vt 0.574172 0.741577
vt 0.578287 0.736244
vt 0.581132 0.740885
vt 0.569955 0.743079
vt 0.564089 0.730979
vt 0.548416 0.744596
vt 0.534105 0.743284
vt 0.533321 0.738218
vt 0.543865 0.732397
vt 0.525873 0.743655
vt 0.529225 0.740689
vt 0.529223 0.734999
vt 0.509410 0.739350
vt 0.519081 0.730791
vt 0.507290 0.743621
vt 0.506755 0.743061
vt 0.499857 0.742395
vt 0.509040 0.739799
vt 0.491652 0.747753
vt 0.485787 0.742744
vt 0.499599 0.744253
vt 0.480704 0.737461
vt 0.490140 0.735815
vt 0.480558 0.737408
vt 0.472704 0.738943
vt 0.470071 0.739755
vt 0.474495 0.750011
vt 0.471902 0.742377
vt 0.462191 0.735465
vt 0.467440 0.735713
vt 0.458529 0.742821
vt 0.451216 0.742580
vt 0.457846 0.735897
vt 0.448724 0.745685
vt 0.443056 0.740590
vt 0.447501 0.735943
vt 0.658571 0.727234
vt 0.643675 0.733708
vt 0.640080 0.732990
vt 0.629057 0.732265
vt 0.630789 0.723992
vt 0.621211 0.732004
vt 0.604413 0.734076
vt 0.610516 0.725500
vt 0.602896 0.733629
vt 0.587443 0.726090
vt 0.571967 0.735186
vt 0.571294 0.740656
vt 0.569470 0.736477
vt 0.569926 0.732760
vt 0.574902 0.719458
vt 0.545400 0.727227
vt 0.537578 0.732286
vt 0.535665 0.733709
vt 0.530074 0.731716
vt 0.535928 0.730250
vt 0.523688 0.731460
vt 0.530010 0.731777
vt 0.522335 0.736350
vt 0.506712 0.723866
vt 0.501765 0.724882
vt 0.504877 0.727342
vt 0.492126 0.732705
vt 0.485874 0.732412
vt 0.483628 0.729919
vt 0.469541 0.734068
vt 0.466150 0.733943
vt 0.465272 0.721468
vt 0.463488 0.730032
vt 0.450276 0.727150
vt 0.463416 0.730025
vt 0.444040 0.735523
vt 0.441763 0.734275
vt 0.662117 0.722388
vt 0.660097 0.727180
vt 0.659813 0.720346
vt 0.658294 0.720417
vt 0.652465 0.726889
vt 0.644934 0.730066
vt 0.643939 0.720863
vt 0.650671 0.720297
vt 0.634770 0.719891
vt 0.623860 0.712857
vt 0.627065 0.728282
vt 0.625070 0.722567
vt 0.609406 0.720173
vt 0.606993 0.723712
vt 0.605067 0.727942
vt 0.607451 0.723979
vt 0.603636 0.711963
vt 0.600040 0.721873
vt 0.598503 0.725713
vt 0.593402 0.731687
vt 0.591721 0.725936
vt 0.579551 0.725345
vt 0.558477 0.725495
vt 0.552413 0.715741
vt 0.550053 0.726343
vt 0.550171 0.720430
vt 0.536930 0.723098
vt 0.529600 0.726645
vt 0.524875 0.728218
vt 0.529475 0.714577
vt 0.522970 0.722012
vt 0.514081 0.714427
vt 0.503419 0.722755
vt 0.496468 0.719090
vt 0.503347 0.720049
vt 0.490569 0.730017
vt 0.495318 0.723019
vt 0.486041 0.732339
vt 0.487657 0.716917
vt 0.492041 0.718870
vt 0.472323 0.718346
vt 0.463280 0.724429
vt 0.460895 0.724137
vt 0.453328 0.726266
vt 0.448710 0.714328
vt 0.448741 0.722890
vt 0.442300 0.714866
vt 0.667367 0.726261
vt 0.662631 0.720982
vt 0.668013 0.702653
vt 0.658665 0.714592
vt 0.655527 0.716865
vt 0.660324 0.715449
vt 0.650722 0.717914
vt 0.646017 0.713662
vt 0.649888 0.714392
vt 0.641371 0.718923
vt 0.638550 0.712123
vt 0.626855 0.709581
vt 0.611081 0.713972
vt 0.620387 0.710844
vt 0.603166 0.711771
vt 0.594199 0.719891
vt 0.603567 0.706715
vt 0.591584 0.705186
vt 0.586221 0.711708
vt 0.581006 0.713210
vt 0.582752 0.707107
vt 0.560335 0.705458
vt 0.585112 0.716997
vt 0.585395 0.724885
vt 0.580962 0.713225
vt 0.577859 0.717929
vt 0.555993 0.710736
vt 0.550218 0.713862
vt 0.543724 0.713780
vt 0.540138 0.703928
vt 0.536623 0.721166
vt 0.520311 0.711963
vt 0.522239 0.706915
vt 0.507948 0.720296
vt 0.504112 0.712374
vt 0.503146 0.701480
vt 0.509993 0.713437
vt 0.492534 0.714765
vt 0.494281 0.710892
vt 0.482306 0.706301
vt 0.488069 0.705617
vt 0.481080 0.719232
vt 0.472246 0.709314
vt 0.669259 0.689008
vt 0.664712 0.702202
vt 0.645575 0.694808
vt 0.637545 0.704158
vt 0.647325 0.710509
vt 0.640185 0.709539
vt 0.630200 0.701751
vt 0.623071 0.706486
vt 0.624126 0.710252
vt 0.620716 0.700969
vt 0.609690 0.703905
vt 0.606659 0.706668
vt 0.611365 0.695597
vt 0.598108 0.701897
vt 0.602884 0.696523
vt 0.595289 0.699548
vt 0.586052 0.707716
vt 0.586126 0.697832
vt 0.590135 0.699351
vt 0.560054 0.696581
vt 0.553655 0.703069
vt 0.551693 0.705408
vt 0.539205 0.697435
vt 0.546231 0.702049
vt 0.538770 0.713253
vt 0.531020 0.715001
vt 0.540470 0.717081
vt 0.534819 0.696330
vt 0.518761 0.704315
vt 0.506756 0.691681
vt 0.524581 0.703086
vt 0.518481 0.704484
vt 0.512753 0.708587
vt 0.500399 0.698883
vt 0.494025 0.706635
vt 0.487509 0.702508
vt 0.499930 0.699779
vt 0.495428 0.698850
vt 0.492735 0.706691
vt 0.485243 0.703408
vt 0.483434 0.703995
vt 0.480553 0.702631
vt 0.475703 0.708575
vt 0.472490 0.704011
vt 0.468440 0.693783
vt 0.459419 0.704837
vt 0.450315 0.699832
vt 0.457099 0.706339
vt 0.444845 0.711329
vt 0.443389 0.697635
vt 0.653694 0.692087
vt 0.636645 0.691732
vt 0.648731 0.687510
vt 0.637410 0.695721
vt 0.631903 0.693575
vt 0.629989 0.696168
vt 0.626050 0.695260
vt 0.629422 0.692057
vt 0.628692 0.689441
vt 0.609093 0.696864
vt 0.601977 0.691221
vt 0.599293 0.689778
vt 0.604613 0.695439
vt 0.596253 0.698377
vt 0.595598 0.690253
vt 0.565237 0.693291
vt 0.546696 0.688233
vt 0.527404 0.697011
vt 0.530687 0.695711
vt 0.534467 0.696162
vt 0.530247 0.694966
vt 0.536006 0.692166
vt 0.506219 0.687161
vt 0.526227 0.694652
vt 0.493907 0.685824
vt 0.494883 0.692989
vt 0.487348 0.686252
vt 0.494943 0.696107
vt 0.459956 0.689020
vt 0.462945 0.696946
vt 0.450518 0.693184
vt 0.460488 0.693267
vt 0.457006 0.689626
vt 0.454222 0.701378
vt 0.448246 0.685600
vt 0.442938 0.690941
vt 0.649190 0.688655
vt 0.632066 0.690194
vt 0.544549 0.687097
vt 0.497510 0.686160
vt 0.353615 0.538806
vt 0.354682 0.513407
vt 0.321068 0.547213
vt 0.354759 0.539430
vt 0.320920 0.547454
vt 0.355303 0.540668
vt 0.357160 0.533914
vt 0.356305 0.637882
vt 0.334877 0.460392
vt 0.334730 0.462088
vt 0.352978 0.464179
vt 0.354577 0.468146
vt 0.307443 0.473039
vt 0.330122 0.503177
vt 0.334125 0.658042
vt 0.356761 0.657985
vt 0.330974 0.459953
vt 0.322013 0.460421
vt 0.329417 0.461201
vt 0.330269 0.462067
vt 0.303384 0.488795
vt 0.331467 0.503878
vt 0.329693 0.504906
vt 0.330667 0.611320
vt 0.327798 0.612792
vt 0.330989 0.613156
vt 0.296737 0.634784
vt 0.321379 0.462066
vt 0.286343 0.503049
vt 0.297834 0.527155
vt 0.295597 0.654750
vt 0.281665 0.460402
vt 0.285085 0.460621
vt 0.320833 0.460370
vt 0.286178 0.462282
vt 0.305533 0.473195
vt 0.291891 0.493270
vt 0.294865 0.543560
vt 0.208999 0.487361
vt 0.295364 0.634418
vt 0.283992 0.462139
vt 0.282047 0.461475
vt 0.281393 0.462217
vt 0.174218 0.464226
vt 0.288808 0.492972
vt 0.280834 0.501819
vt 0.287147 0.502338
vt 0.283603 0.505280
vt 0.285283 0.506297
vt 0.242377 0.593991
vt 0.281675 0.460401
vt 0.276289 0.462101
vt 0.275889 0.459902
vt 0.275150 0.462220
vt 0.275810 0.459902
vt 0.247125 0.498169
vt 0.205938 0.657128
vt 0.265527 0.597228
vt 0.215153 0.471015
vt 0.208673 0.487148
vt 0.211202 0.558966
vt 0.199932 0.585601
vt 0.209444 0.613916
vt 0.158939 0.550581
vt 0.170542 0.568230
vt 0.112988 0.656429
vt 0.165402 0.470383
vt 0.155389 0.550361
vt 0.137304 0.659162
vt 0.155052 0.552110
vt 0.169206 0.568377
vt 0.157438 0.567990
vt 0.169525 0.567103
vt 0.127543 0.493129
vt 0.080766 0.514412
vt 0.165414 0.470384
vt 0.082829 0.469804
vt 0.101590 0.660211
vt 0.118213 0.661204
vt 0.104935 0.660035
vt 0.102584 0.662522
vt 0.116964 0.661279
vt 0.079259 0.511883
vt 0.076983 0.513320
vt 0.008935 0.662978
vt 0.098230 0.662761
vt 0.033153 0.628333
vt 0.009600 0.469167
vt 0.032313 0.620338
vt 0.031625 0.611666
vt 0.028976 0.618624
vt 0.148128 0.458339
vt 0.123438 0.457463
vt 0.148761 0.459402
vt 0.157244 0.457821
vt 0.149727 0.458970
vt 0.167694 0.457953
vt 0.284595 0.018889
vt 0.327866 0.017720
vt 0.236381 0.018426
vt 0.959161 0.315170
vt 0.958875 0.379440
vt 0.958929 0.309752
vt 0.958638 0.300954
vt 0.958946 0.277039
vt 0.959527 0.287292
vt 0.933443 0.281000
vt 0.933257 0.278914
vt 0.934747 0.275540
vt 0.945195 0.303152
vt 0.945519 0.304917
vt 0.944135 0.301932
vt 0.948962 0.311140
vt 0.947991 0.311429
vt 0.949007 0.305700
vt 0.570181 0.996683
vt 0.571183 0.995027
vt 0.556172 0.995844
vt 0.554582 0.996232
vt 0.532683 0.996547
vt 0.530665 0.995605
vt 0.279672 0.189656
vt 0.279915 0.190732
vt 0.279256 0.191577
vt 0.278074 0.199508
vt 0.278204 0.200916
vt 0.277338 0.201407
vt 0.277547 0.206044
vt 0.278678 0.208382
vt 0.277712 0.208838
vt 0.278690 0.212040
vt 0.279334 0.212617
vt 0.279091 0.214141
vt 0.626089 0.646865
vt 0.625972 0.650844
vt 0.626034 0.648922
vt 0.544128 0.202546
vt 0.561609 0.203619
vt 0.523093 0.203618
s 1
f 1/1/1 2/2/2 3/3/3
f 30/4/4 31/5/5 27/6/6
f 34/7/7 36/8/8 35/9/9
f 36/8/8 34/7/7 38/10/10
f 34/7/7 46/11/11 37/12/12
f 34/7/7 37/12/12 38/10/10
f 46/11/11 48/13/13 37/12/12
f 37/12/12 39/14/14 38/10/10
f 46/11/11 47/15/15 48/13/13
f 47/15/16 44/16/17 40/17/18
f 46/11/19 45/18/20 44/16/21
f 45/18/20 979/19/22 44/16/21
f 45/20/23 974/21/24 985/22/25
f 1150/23/26 985/22/27 975/24/28
f 975/24/29 974/25/30 1151/26/31
f 968/27/32 974/25/33 1160/28/34
f 974/25/33 964/29/35 1160/28/34
f 974/25/33 970/30/36 964/29/35
f 970/30/37 962/31/38 961/32/39
f 970/30/37 1104/33/40 962/31/38
f 1104/33/40 1106/34/41 962/31/38
f 962/31/38 1106/34/41 1163/35/42
f 1106/34/41 1019/36/43 1163/35/42
f 1106/34/41 1103/37/44 1108/38/45
f 1106/34/41 1104/33/40 1103/37/44
f 28/39/46 27/40/47 26/41/48
f 31/5/49 1138/42/50 1420/43/51
f 31/44/52 34/7/7 35/9/9
f 31/44/52 35/9/9 33/45/53
f 36/8/8 1134/46/54 35/9/9
f 33/47/55 1134/46/56 1167/48/57
f 1134/46/56 38/10/10 1137/49/58
f 1134/46/56 1137/49/58 1167/48/57
f 38/10/10 39/14/14 1137/49/58
f 39/14/14 58/50/59 1137/49/58
f 60/51/60 58/52/61 57/53/62
f 47/15/16 40/17/18 39/14/14
f 39/14/14 41/54/63 58/50/59
f 40/17/18 42/55/64 39/14/14
f 39/14/14 42/55/64 41/54/63
f 41/54/63 42/55/64 51/56/65
f 40/17/18 44/16/17 43/57/66
f 40/17/18 43/57/66 50/58/67
f 43/57/66 49/59/68 50/58/67
f 49/59/68 51/60/69 50/58/67
f 979/61/70 981/62/71 49/63/72
f 979/61/70 980/64/73 981/62/71
f 979/61/70 86/65/74 980/64/73
f 977/66/75 87/67/76 979/68/75
f 985/22/27 1150/23/26 977/69/77
f 977/69/77 1150/23/26 978/70/78
f 88/71/79 975/72/80 87/73/81
f 87/73/81 975/72/80 89/74/82
f 975/24/29 1151/26/31 976/75/83
f 1151/26/31 969/76/84 976/75/83
f 976/75/85 971/77/86 89/78/87
f 974/25/33 968/27/32 969/79/88
f 968/80/89 989/81/89 971/82/89
f 968/27/90 964/83/91 967/84/92
f 967/84/92 964/83/91 1166/85/93
f 964/83/91 965/86/94 1166/85/93
f 964/83/91 963/87/95 966/88/96
f 970/30/37 961/32/39 1161/89/97
f 1161/89/97 961/32/39 963/87/98
f 1109/90/99 1162/91/100 961/32/101
f 962/92/102 1079/93/103 1109/90/104
f 1162/91/100 959/94/105 961/32/101
f 1162/91/100 1079/95/106 959/94/105
f 1079/95/107 1081/96/108 1163/97/109
f 1163/97/109 1078/98/110 1079/95/107
f 1079/95/107 1078/98/110 1080/99/111
f 1078/98/110 1082/100/112 1164/101/113
f 1078/98/110 1164/101/113 1080/99/111
f 1019/36/43 1106/34/41 1082/100/112
f 1106/34/41 1020/102/114 1082/100/112
f 1082/100/112 1076/103/115 1164/101/113
f 1082/100/112 1159/104/116 1076/103/115
f 1159/104/116 1082/100/112 1158/105/117
f 1020/102/114 1158/105/117 1082/100/112
f 1020/102/114 1108/38/118 1158/105/117
f 1108/106/119 1105/107/120 1102/108/121
f 1105/107/120 1103/37/122 1102/108/121
f 27/40/47 25/109/123 26/41/48
f 1420/43/124 33/47/55 1214/110/125
f 33/47/55 63/111/126 1214/110/125
f 33/47/55 1167/48/57 63/111/126
f 63/111/126 1167/48/57 1133/112/127
f 60/51/60 57/53/62 1133/113/128
f 1133/113/128 57/53/62 55/114/129
f 59/115/130 56/116/131 55/117/132
f 58/52/61 56/116/131 57/53/62
f 58/52/61 51/118/133 56/116/131
f 83/119/134 982/120/135 51/118/136
f 51/118/136 981/62/137 83/119/134
f 51/118/136 983/121/138 981/62/137
f 981/62/71 980/64/73 84/122/139
f 84/122/140 85/123/141 1173/124/142
f 86/125/143 828/126/144 85/123/141
f 89/74/145 90/127/146 86/128/147
f 973/129/148 90/127/146 89/74/145
f 90/127/149 92/130/149 91/131/149
f 973/132/150 972/133/151 92/134/152
f 971/135/153 972/133/151 973/132/150
f 92/136/154 988/137/155 1165/138/156
f 988/137/155 989/139/157 1165/138/156
f 1165/138/156 989/139/157 990/140/158
f 989/139/157 991/141/159 990/140/158
f 990/140/158 991/141/159 998/142/160
f 967/84/92 1166/85/93 991/141/159
f 1166/85/93 966/143/161 991/141/159
f 998/142/160 991/141/159 992/144/162
f 991/141/159 966/143/161 992/144/162
f 965/86/94 964/83/91 966/88/96
f 966/143/161 1148/145/163 992/144/162
f 966/88/96 963/87/95 1149/146/164
f 966/88/96 1149/146/164 953/147/165
f 1149/146/164 963/87/95 1018/148/166
f 953/149/167 1152/150/168 1168/151/169
f 963/87/95 1111/152/170 1018/148/166
f 1152/150/168 1111/152/171 952/153/172
f 961/32/101 1110/154/173 1111/152/171
f 1110/154/173 1153/155/174 1111/152/171
f 1153/155/174 1169/156/175 1111/152/171
f 961/32/101 959/94/105 1110/154/173
f 1110/154/173 960/157/176 1153/155/174
f 1153/155/174 1417/158/177 1169/156/175
f 959/159/178 1080/160/179 1154/161/180
f 959/159/178 1154/161/180 960/157/181
f 960/157/181 1154/161/180 1417/162/182
f 1080/160/179 1155/163/183 1154/161/180
f 1077/164/184 1076/103/115 1155/163/183
f 1164/101/113 1076/103/115 1077/164/184
f 1076/103/185 1157/165/186 1074/166/187
f 1159/104/116 1158/105/117 1157/167/188
f 1074/168/189 1158/105/190 1023/169/191
f 1158/105/190 1021/170/192 1023/169/191
f 1103/37/122 3549/171/193 1024/172/194
f 1021/170/192 1102/108/121 1103/37/122
f 1021/170/192 1103/37/122 1022/173/195
f 1103/37/122 1024/172/194 1022/173/195
f 28/174/196 25/175/197 23/176/198
f 729/177/199 1420/178/200 1215/179/201
f 1420/43/124 1214/110/125 64/180/202
f 1214/110/125 1213/181/203 64/180/202
f 1214/110/125 32/182/204 1213/181/203
f 64/180/205 63/183/206 65/184/207
f 64/180/205 65/184/207 66/185/208
f 65/184/209 1209/186/210 74/187/211
f 63/111/212 62/188/213 1209/189/214
f 63/111/212 61/190/215 62/188/213
f 61/190/215 1190/191/216 62/188/213
f 1190/191/216 1212/192/217 62/188/213
f 1210/193/218 1211/194/219 1212/195/220
f 1190/191/216 1191/196/221 1212/192/217
f 1190/191/216 55/117/132 1191/196/221
f 55/117/132 56/116/131 1191/196/221
f 1191/196/221 56/116/131 53/197/222
f 1191/196/221 53/197/222 54/198/223
f 56/116/131 51/118/133 81/199/224
f 56/116/131 81/199/224 53/197/222
f 81/199/224 51/118/133 52/200/225
f 53/201/222 1193/202/226 1192/203/227
f 51/118/136 982/120/135 984/204/228
f 984/204/228 982/120/135 52/200/225
f 982/120/135 80/205/229 52/200/225
f 52/200/225 80/205/229 81/199/224
f 982/120/135 82/206/230 80/205/229
f 82/206/230 83/207/231 80/205/229
f 84/122/140 1173/124/142 83/207/232
f 1173/124/142 85/123/141 828/126/144
f 825/208/233 828/209/234 829/210/235
f 94/211/236 828/212/237 91/131/238
f 94/211/236 91/131/238 93/213/239
f 91/131/238 986/214/240 93/213/239
f 986/215/241 1016/216/242 1017/217/243
f 986/215/241 1165/138/156 1016/216/242
f 1016/216/242 1165/138/156 987/218/244
f 1165/138/156 990/140/158 987/218/244
f 998/219/245 994/220/246 996/221/245
f 1148/145/163 1168/222/247 993/223/248
f 1148/145/163 993/223/248 992/144/162
f 992/144/162 993/223/248 995/224/249
f 1168/151/169 1152/150/168 952/153/172
f 951/225/250 950/226/251 952/153/252
f 1111/152/171 1169/156/175 952/153/172
f 1169/156/175 958/227/253 952/153/172
f 958/227/253 954/228/254 952/153/172
f 958/229/255 1417/162/256 955/230/257
f 955/230/257 1417/162/256 1170/231/258
f 1155/163/183 1076/103/115 1154/161/180
f 1154/161/180 1075/232/259 1417/162/182
f 1076/103/185 1074/166/187 1075/232/260
f 1074/166/187 1100/233/261 1171/234/262
f 1021/170/192 1022/173/195 1023/169/191
f 1156/235/263 1023/169/264 1100/233/265
f 1100/233/265 1023/169/264 1024/172/194
f 1022/173/195 1024/172/194 1101/236/266
f 1101/236/266 1024/172/194 1023/169/264
f 29/237/267 25/238/268 24/239/269
f 729/177/199 1215/179/201 734/240/270
f 734/240/270 1215/179/201 732/241/271
f 1215/179/201 1233/242/272 732/241/271
f 1215/179/201 733/243/273 1233/242/272
f 1215/179/201 66/185/208 733/243/273
f 1233/242/272 733/243/273 1234/244/274
f 64/180/205 66/185/208 1215/179/201
f 66/245/275 74/187/211 75/246/276
f 74/187/211 71/247/277 75/246/276
f 1209/186/210 71/247/277 74/187/211
f 1209/186/210 1406/248/278 71/247/277
f 1209/186/210 1210/249/218 1406/248/278
f 1406/248/278 1210/249/218 73/250/279
f 1212/251/220 73/250/279 1210/249/218
f 1406/248/278 73/250/279 72/252/280
f 73/250/279 1407/253/281 72/252/280
f 1407/254/282 1212/255/283 1132/256/284
f 54/198/223 53/197/222 1212/255/285
f 53/197/222 78/257/286 1212/255/285
f 53/197/222 1192/258/227 78/257/286
f 1192/258/227 80/205/229 78/257/286
f 1192/258/227 81/199/224 80/205/229
f 1194/259/287 830/260/288 1195/261/289
f 830/260/288 83/262/290 827/263/291
f 830/260/288 827/263/291 1195/261/289
f 83/262/290 828/209/234 827/263/291
f 828/209/234 825/208/233 827/263/291
f 827/263/291 825/208/233 826/264/292
f 94/211/236 93/213/239 855/265/293
f 1017/266/294 987/267/295 93/213/296
f 93/213/296 987/267/295 95/268/297
f 987/267/295 96/269/298 95/268/297
f 95/268/297 96/269/298 1174/270/299
f 996/271/300 999/272/301 96/273/302
f 996/271/300 995/224/249 999/272/301
f 996/271/300 997/274/303 995/224/249
f 994/275/304 995/224/249 997/274/303
f 994/275/304 992/144/162 995/224/249
f 995/224/305 1176/276/306 1413/277/307
f 1002/278/308 1415/279/309 993/280/310
f 1002/281/311 952/153/252 950/226/251
f 950/226/312 954/282/313 1415/283/314
f 1415/283/314 954/282/313 1419/284/315
f 1170/285/316 957/286/316 956/287/316
f 1075/232/260 1074/166/187 1171/234/262
f 1417/288/317 1171/234/318 1063/289/319
f 1171/234/262 1100/233/261 1073/290/320
f 1100/233/265 1024/172/194 1025/291/321
f 1171/234/262 1073/290/320 1025/292/322
f 1025/291/321 1024/172/194 1063/293/323
f 23/176/198 24/294/324 22/295/325
f 729/296/326 732/241/327 902/297/328
f 902/297/329 1233/242/272 1234/244/274
f 67/298/330 68/299/331 69/300/332
f 733/243/273 69/301/333 1234/244/274
f 69/300/332 68/299/331 70/302/334
f 71/303/335 70/302/334 68/299/331
f 71/303/336 72/304/337 846/305/337
f 72/306/338 77/307/339 852/308/340
f 1132/309/341 76/310/342 72/304/343
f 1132/309/341 78/257/286 76/310/342
f 72/311/344 854/312/345 847/313/346
f 847/313/346 854/312/345 833/314/347
f 78/257/286 79/315/348 76/310/342
f 79/315/348 78/257/286 1147/316/349
f 854/317/350 853/318/351 832/319/352
f 80/205/229 1147/316/349 78/257/286
f 1147/316/353 1194/259/354 853/318/351
f 853/318/351 1194/259/354 832/319/352
f 1194/259/354 831/320/355 832/319/352
f 831/320/355 834/321/356 832/319/352
f 1194/322/357 856/323/357 834/324/357
f 1195/325/358 812/326/359 814/327/360
f 856/323/361 1195/325/358 814/327/360
f 1195/325/358 826/264/292 812/326/359
f 825/208/233 824/328/362 826/264/292
f 826/264/292 813/329/363 812/326/359
f 826/264/292 824/328/362 813/329/363
f 824/328/362 822/330/364 813/329/363
f 824/328/362 815/331/365 822/330/364
f 815/331/365 816/332/366 822/330/364
f 855/333/367 95/334/368 815/331/369
f 815/331/369 95/334/368 1175/335/370
f 1174/270/299 96/269/298 1175/336/371
f 1175/336/371 1131/337/372 816/338/373
f 1131/337/372 1175/336/371 96/269/298
f 96/269/298 97/339/374 1131/337/372
f 96/269/298 1001/340/375 97/339/374
f 999/341/376 1001/342/377 1000/343/377
f 999/341/378 1413/277/307 1176/276/306
f 1176/276/379 993/280/380 1112/344/381
f 1415/283/314 949/345/382 1112/344/383
f 1112/344/381 946/346/384 1176/276/379
f 1415/283/314 948/347/385 949/345/382
f 1419/284/315 948/347/385 1415/283/314
f 1419/284/386 955/348/387 1172/349/388
f 946/346/384 948/347/389 947/350/390
f 955/348/387 1061/351/391 1172/349/388
f 1172/349/388 1061/351/391 947/350/390
f 1172/349/388 947/350/390 948/347/389
f 947/350/390 1061/351/391 1057/352/392
f 956/353/393 1060/354/394 1061/351/391
f 1061/351/391 1060/354/394 1057/352/392
f 957/355/395 1417/356/396 1418/357/397
f 1418/358/398 1063/359/399 1060/354/400
f 1026/360/401 1063/293/402 1027/361/403
f 28/174/196 23/176/198 16/362/404
f 23/176/198 22/295/325 16/362/404
f 729/296/326 730/363/405 726/364/406
f 729/296/326 726/364/406 731/365/407
f 902/297/328 727/366/408 729/296/326
f 729/296/326 727/366/408 730/363/405
f 1234/244/274 69/301/333 1235/367/409
f 1235/367/409 69/301/333 735/368/410
f 1235/367/409 735/368/410 771/369/411
f 71/370/412 1216/371/413 735/368/410
f 735/368/410 1216/371/413 736/372/414
f 736/372/414 1222/373/415 735/368/410
f 1216/371/413 846/374/416 736/372/414
f 846/374/417 1217/375/418 1222/376/419
f 852/377/420 1217/375/418 846/374/417
f 839/378/421 1221/379/422 1217/375/418
f 847/313/346 833/314/347 839/378/421
f 847/313/346 839/378/421 1217/375/418
f 839/378/421 838/380/423 1221/379/422
f 833/381/424 837/382/425 838/383/426
f 832/319/352 1208/384/427 833/385/428
f 833/385/428 1208/384/427 836/386/429
f 837/382/425 836/387/430 838/383/426
f 832/319/352 834/321/356 1208/384/427
f 834/388/431 835/389/432 836/387/430
f 835/389/432 834/388/431 850/390/433
f 812/326/359 811/391/434 834/388/435
f 812/326/359 813/329/363 811/391/434
f 813/329/363 822/330/364 821/392/436
f 821/392/437 1411/393/438 811/394/439
f 821/392/437 816/395/440 823/396/441
f 821/392/437 823/396/441 1411/393/438
f 1411/393/438 823/396/441 820/397/442
f 817/398/443 820/397/442 823/396/441
f 817/398/444 816/332/445 819/399/446
f 816/332/445 818/400/447 819/399/446
f 1131/337/372 97/339/374 98/401/448
f 819/399/446 818/400/447 98/402/449
f 1178/403/450 1177/404/451 1015/405/452
f 1177/404/451 1179/406/453 1015/405/452
f 1015/405/452 1179/406/453 1180/407/454
f 1014/408/455 1011/409/456 97/410/456
f 1176/411/457 1011/412/458 1001/413/459
f 1176/411/457 1003/414/460 1011/412/458
f 1176/276/379 1412/415/461 945/416/462
f 945/416/462 1412/415/461 1012/417/463
f 946/346/384 1412/415/461 1176/276/379
f 1412/415/461 946/346/384 947/350/390
f 947/350/390 1057/352/392 1083/418/464
f 1083/418/464 1084/419/465 1085/420/466
f 1085/420/466 1084/419/465 1412/421/467
f 1057/352/392 1414/422/468 1083/418/464
f 1083/418/464 1414/422/468 1084/419/465
f 1414/422/468 1057/352/392 1056/423/469
f 1057/352/392 1058/424/470 1056/423/469
f 1060/354/400 1063/359/399 1062/425/471
f 1057/352/392 1062/426/472 1058/424/470
f 1056/423/469 1058/424/470 1059/427/473
f 1062/425/471 1063/359/399 1067/428/474
f 1063/359/399 1064/429/475 1067/428/474
f 1065/430/476 1067/431/477 1072/432/478
f 1067/431/477 1068/433/479 1072/432/478
f 1026/360/401 1027/361/403 1067/434/480
f 1067/434/480 1027/361/403 1028/435/481
f 1028/435/481 1027/361/403 1024/436/482
f 1028/435/481 1024/436/482 1416/437/483
f 16/362/484 21/438/485 18/439/486
f 722/440/487 729/296/326 731/365/407
f 722/440/487 731/365/407 725/441/488
f 726/364/489 1236/442/490 725/443/491
f 727/444/492 1236/442/490 726/364/489
f 727/444/492 728/445/493 1236/442/490
f 765/446/494 728/447/495 773/448/496
f 773/448/496 766/449/497 765/446/494
f 728/445/493 727/444/492 772/450/498
f 727/444/492 1235/451/499 772/450/498
f 772/452/500 768/453/501 773/448/496
f 772/452/500 771/369/502 768/453/501
f 771/369/502 770/454/503 768/453/501
f 770/454/503 767/455/504 768/453/501
f 735/368/410 1222/373/415 771/369/411
f 737/456/505 767/457/506 771/369/411
f 1222/376/419 1217/375/418 840/458/507
f 1222/373/415 737/456/505 771/369/411
f 1217/375/418 1221/379/422 840/458/507
f 840/458/507 1221/379/422 767/459/508
f 1221/379/422 841/460/509 767/459/508
f 1221/379/422 838/380/423 848/461/510
f 1221/379/422 842/462/511 841/460/509
f 848/461/512 845/463/513 842/464/514
f 838/383/426 836/387/430 842/465/515
f 842/465/515 836/387/430 835/389/432
f 835/389/432 850/390/433 788/466/516
f 850/390/517 811/467/518 851/468/519
f 851/468/519 811/467/518 787/469/520
f 808/470/521 817/471/522 100/472/523
f 817/471/522 99/473/524 100/472/523
f 810/474/525 817/471/522 809/475/526
f 817/471/522 808/470/521 809/475/526
f 100/476/527 98/477/527 857/478/527
f 98/477/528 1189/479/529 101/480/530
f 1189/479/529 97/410/531 102/481/532
f 97/410/531 1007/482/533 102/481/532
f 1011/409/534 1010/483/534 1007/484/534
f 1011/412/458 1003/414/460 1181/485/535
f 1010/486/536 1181/485/535 1005/487/537
f 1004/488/538 944/489/539 1181/485/535
f 1181/485/535 1003/414/460 1004/488/538
f 1181/485/535 944/489/539 1005/487/537
f 1003/414/460 1012/417/463 1004/488/538
f 1012/417/463 943/490/540 1004/488/538
f 943/490/541 942/491/542 944/489/543
f 944/489/543 942/491/542 1092/492/544
f 1012/417/463 1412/415/461 943/490/540
f 1412/421/545 1184/493/546 942/494/547
f 942/494/547 1184/493/546 1093/495/548
f 1412/421/545 1086/496/549 1184/493/546
f 1056/423/469 1055/497/550 1412/498/551
f 1096/499/552 1412/498/551 1055/497/550
f 1055/497/550 1094/500/553 1096/499/552
f 1059/427/473 1107/501/554 1056/423/469
f 1056/423/469 1107/501/554 1055/497/550
f 1055/497/550 1069/502/555 1094/500/553
f 1055/497/550 1066/503/556 1069/502/555
f 1059/504/329 1065/430/476 1066/503/556
f 1059/504/329 1062/425/557 1065/430/476
f 1066/503/556 1065/430/476 1069/502/555
f 1065/430/476 1070/505/558 1069/502/555
f 1065/430/476 1072/432/478 1070/505/558
f 1072/432/478 1071/506/559 1070/505/558
f 1067/431/477 1031/507/560 1068/433/479
f 1067/431/477 1416/508/561 1031/507/560
f 1416/508/561 1029/509/562 1031/507/560
f 1032/510/563 1031/507/560 1030/511/564
f 1029/509/562 1030/511/564 1031/507/560
f 725/441/488 1403/512/565 723/513/566
f 774/514/567 763/515/568 1403/516/569
f 774/514/567 765/446/494 763/515/568
f 773/448/496 768/453/501 766/449/497
f 765/446/494 766/449/497 763/515/568
f 767/517/570 1223/518/570 901/519/570
f 1223/518/571 739/520/572 738/521/573
f 841/460/509 842/462/511 843/522/574
f 739/520/572 900/523/575 738/521/573
f 843/522/574 844/524/576 738/525/577
f 843/522/574 842/462/511 844/524/576
f 842/526/578 786/527/579 784/528/580
f 784/528/580 786/527/579 785/529/581
f 1220/530/582 849/531/583 788/532/584
f 1220/530/582 788/532/584 787/533/585
f 1220/530/582 787/533/585 786/527/579
f 787/533/585 785/529/581 786/527/579
f 1218/534/586 787/535/587 875/536/588
f 787/535/587 876/537/589 875/536/588
f 787/533/590 1196/538/591 789/539/592
f 1196/538/591 811/394/593 789/539/592
f 787/533/590 789/539/592 1219/540/594
f 811/394/593 790/541/595 789/539/592
f 790/541/595 1408/542/596 789/539/592
f 790/541/595 820/543/597 1408/542/596
f 810/474/525 809/475/526 791/544/598
f 820/543/597 791/545/599 1408/542/596
f 1408/542/596 791/545/599 858/546/600
f 858/547/601 808/548/602 1200/549/603
f 857/478/604 101/480/530 1197/550/605
f 1200/549/603 808/548/602 1197/551/239
f 101/480/530 1189/479/529 1197/550/605
f 1197/550/605 1189/479/529 102/481/532
f 102/481/532 104/552/606 1197/550/605
f 102/481/532 1008/553/607 104/552/606
f 103/554/608 1007/555/609 1008/556/610
f 1007/555/609 1006/557/611 941/558/612
f 1007/555/609 941/558/612 1008/556/610
f 1009/559/613 1008/556/610 941/558/612
f 1005/487/537 944/489/539 1006/557/614
f 944/489/543 1183/560/615 941/558/612
f 944/489/543 1092/492/544 1183/560/615
f 1093/495/548 1091/561/616 1092/562/617
f 1093/495/548 1184/493/546 1091/561/616
f 1092/562/617 1091/561/616 1182/563/618
f 1182/563/618 1091/561/616 1090/564/619
f 1086/565/620 1185/566/621 1090/564/622
f 1095/567/623 1094/500/624 1185/566/621
f 1185/566/621 1094/500/624 1053/568/625
f 1094/500/553 1069/502/555 1054/569/626
f 1054/569/626 1069/502/555 1053/570/627
f 1053/570/628 1049/571/629 1188/572/630
f 1053/570/628 1070/505/558 1071/506/559
f 1053/570/628 1071/506/559 1097/573/631
f 1053/570/628 1097/573/631 1049/571/629
f 1072/432/478 1034/574/632 1071/506/559
f 1072/432/478 1032/510/563 1033/575/633
f 1072/432/478 1033/575/633 1187/576/634
f 1032/510/563 1030/511/564 1033/575/633
f 1072/432/478 1187/576/634 1034/574/632
f 1034/574/632 1187/576/634 1049/577/635
f 1033/578/633 1186/579/636 1187/580/634
f 1099/581/637 1036/582/638 1187/576/634
f 1099/581/637 1098/583/639 1036/582/638
f 18/439/640 22/584/641 20/585/642
f 722/440/487 725/441/488 903/586/643
f 725/441/488 723/513/566 903/586/643
f 1403/516/569 763/515/568 764/587/644
f 723/588/645 763/589/646 724/590/647
f 766/449/497 752/591/648 763/515/568
f 763/592/649 753/593/650 754/594/651
f 752/591/652 1238/595/653 753/593/654
f 752/591/652 769/596/655 1238/595/653
f 766/597/656 767/457/657 751/598/93
f 769/596/655 751/599/658 1238/595/653
f 751/599/658 1404/600/659 1238/595/653
f 901/519/660 778/601/661 751/599/658
f 750/602/662 751/599/658 778/601/661
f 751/599/658 750/602/662 1404/600/659
f 778/601/663 738/521/573 740/603/664
f 1223/518/571 738/521/573 778/601/663
f 740/603/665 741/604/665 750/605/665
f 844/524/666 784/606/666 740/607/666
f 1232/608/667 784/528/668 783/609/669
f 1218/534/586 875/536/588 784/610/670
f 875/536/671 873/611/672 1224/612/671
f 876/537/589 879/613/673 877/614/652
f 876/537/589 877/614/652 875/536/588
f 879/613/673 878/615/674 877/614/652
f 879/613/673 1408/542/596 878/615/674
f 1408/542/596 1199/616/671 878/615/674
f 878/615/674 1199/616/671 792/617/596
f 1408/542/596 858/546/600 1199/616/671
f 1199/616/671 1201/618/675 792/617/596
f 1200/549/603 1197/551/239 1201/618/675
f 1200/549/603 1201/618/675 1199/616/671
f 1197/551/239 807/619/676 1201/618/675
f 807/619/676 806/620/671 1201/618/675
f 1201/618/675 806/620/671 805/621/677
f 807/622/678 105/623/678 1409/624/678
f 1197/550/605 104/552/606 105/623/679
f 105/623/679 104/552/606 106/625/680
f 104/552/606 107/626/681 106/625/680
f 1009/559/613 1013/627/682 107/628/681
f 1013/627/683 1125/629/684 1126/630/606
f 941/558/612 1183/560/615 1009/559/613
f 1183/560/615 1089/631/685 1009/559/613
f 1009/559/613 1089/631/685 1013/627/682
f 1013/627/682 1089/631/685 940/632/686
f 1183/560/615 939/633/687 1089/631/685
f 1183/560/615 1087/634/676 939/633/687
f 1089/631/688 938/635/689 1410/636/690
f 1090/564/619 1087/637/691 1182/563/618
f 1087/637/691 1090/564/619 1089/638/692
f 1090/564/622 1185/566/621 1088/639/693
f 1185/566/621 1053/568/625 1088/639/693
f 1090/564/622 1088/639/693 938/640/694
f 1050/641/695 1049/571/696 1051/642/697
f 1049/577/635 1187/576/634 1035/643/698
f 1187/576/634 1036/582/638 1035/643/698
f 1049/571/696 1052/644/699 1051/642/697
f 16/362/484 18/439/486 19/645/700
f 16/362/484 19/645/700 15/646/701
f 16/362/484 15/646/701 14/647/702
f 722/648/703 723/588/645 1402/649/704
f 722/648/703 1402/649/704 721/650/705
f 1402/649/704 758/651/706 721/650/705
f 723/588/645 724/590/647 1402/649/704
f 760/652/707 759/653/708 724/590/709
f 760/652/707 763/515/710 759/653/708
f 763/515/710 762/654/711 759/653/708
f 754/594/651 755/655/712 759/656/713
f 754/594/651 753/593/650 1237/657/714
f 754/594/651 1237/657/714 755/655/712
f 1237/658/714 753/659/650 777/660/715
f 1238/595/653 1404/600/659 747/661/716
f 747/662/442 750/602/717 749/663/718
f 749/663/718 779/664/719 747/662/442
f 744/665/720 749/663/721 743/666/722
f 749/663/721 741/604/723 743/666/722
f 1232/608/667 782/667/724 741/604/723
f 1232/608/667 783/609/669 782/667/724
f 741/604/723 782/667/724 743/666/722
f 783/609/669 784/528/668 1224/668/725
f 782/669/367 883/670/671 882/671/726
f 882/671/726 883/670/671 874/672/727
f 1224/612/671 873/611/672 874/672/727
f 883/670/671 1224/612/671 874/672/727
f 874/672/727 873/611/672 872/673/728
f 872/673/728 1231/674/729 874/672/727
f 877/614/730 872/673/728 873/611/672
f 878/615/674 885/675/731 872/673/732
f 878/615/674 792/617/596 885/675/731
f 885/675/731 884/676/733 872/673/732
f 872/673/732 884/676/733 1225/677/734
f 792/617/596 1201/618/675 884/678/735
f 1201/679/736 860/680/736 1202/681/736
f 806/682/596 1409/683/596 108/684/719
f 1409/683/596 106/625/737 108/684/719
f 106/625/737 109/685/738 108/684/719
f 108/684/719 109/685/738 803/686/739
f 106/625/680 107/626/681 1124/687/740
f 109/685/604 1124/687/741 110/688/742
f 1125/629/684 1124/689/743 1126/630/606
f 1125/629/684 1113/690/744 1124/689/743
f 940/632/686 1089/631/685 1125/629/684
f 1125/629/684 1089/631/685 1113/690/744
f 1410/636/690 938/635/689 1114/691/745
f 938/635/689 936/692/746 1114/691/745
f 938/693/747 1048/694/748 1198/695/749
f 1048/694/748 1088/696/750 1198/695/749
f 1088/696/750 1188/572/630 1039/697/751
f 1088/696/750 1039/697/751 1198/695/749
f 1198/695/749 1039/697/751 937/698/752
f 1188/572/630 1038/699/753 1039/697/751
f 1188/572/630 1049/571/629 1038/699/753
f 1038/699/753 1051/700/754 1203/701/755
f 1051/702/756 1037/703/757 1043/704/758
f 1037/703/757 1036/582/638 1043/704/758
f 1043/704/758 1036/582/638 1047/705/759
f 1052/644/760 1035/643/698 1037/703/757
f 1035/643/698 1036/582/638 1037/703/757
f 16/362/484 14/647/702 12/706/761
f 15/646/701 13/707/762 14/647/702
f 20/708/763 13/707/762 15/646/701
f 724/590/709 759/653/708 758/709/764
f 758/709/765 757/710/766 761/711/767
f 755/655/712 1237/657/714 1400/712/768
f 757/710/766 755/655/712 756/713/769
f 755/655/712 1400/712/768 756/713/769
f 756/713/769 1400/712/768 1395/714/770
f 1237/657/714 1401/715/771 906/716/772
f 777/717/715 1401/715/771 1237/657/714
f 1401/715/771 777/717/715 775/718/773
f 777/717/715 747/719/774 775/718/773
f 775/718/773 747/719/774 265/720/775
f 265/720/775 747/719/774 776/721/776
f 776/721/777 263/722/778 1239/723/771
f 1239/723/771 263/722/778 264/724/716
f 264/724/716 263/722/778 262/725/683
f 747/726/779 746/727/542 262/728/653
f 747/726/779 744/665/720 746/727/542
f 744/665/720 745/729/780 746/727/542
f 744/665/720 743/666/722 745/729/780
f 743/666/781 742/730/781 780/731/781
f 743/732/782 882/671/726 881/733/783
f 881/733/783 882/671/726 880/734/784
f 882/671/726 874/672/727 880/734/784
f 881/733/783 880/734/784 870/735/785
f 886/736/786 871/737/787 870/738/788
f 870/738/788 871/737/787 867/739/789
f 871/737/787 872/673/728 867/739/789
f 871/737/787 1231/674/729 872/673/728
f 872/740/790 868/741/791 869/742/792
f 869/742/792 868/741/791 867/739/793
f 884/676/733 793/743/794 1225/677/734
f 1225/677/734 793/743/794 795/744/795
f 795/744/795 793/743/794 887/745/796
f 884/676/733 859/746/797 793/743/794
f 860/747/798 859/746/797 884/676/733
f 793/743/794 859/746/797 794/748/799
f 859/746/797 860/747/798 804/749/800
f 805/750/801 108/684/719 803/686/739
f 805/750/801 803/686/739 804/749/800
f 804/749/800 1226/751/802 859/746/797
f 804/749/800 803/686/739 1226/751/802
f 1226/751/802 803/686/739 1206/752/803
f 110/688/742 1113/753/804 1206/754/805
f 110/688/742 1206/754/805 109/685/604
f 1113/753/804 111/755/370 1206/754/805
f 1113/690/806 1114/756/806 1121/757/806
f 111/758/807 1122/759/808 1123/760/809
f 1114/761/810 1116/762/674 1122/759/808
f 1122/759/808 1116/762/674 1123/760/809
f 1114/761/810 1115/763/811 1116/762/674
f 1116/764/812 935/765/812 934/766/812
f 1115/767/813 936/692/814 935/765/815
f 936/692/814 1042/768/816 935/765/815
f 936/692/814 937/769/817 1042/768/816
f 934/766/818 1042/770/819 933/771/820
f 933/771/820 1042/770/819 1040/772/821
f 1039/697/751 1204/773/822 1042/768/823
f 1039/697/751 1038/699/753 1203/701/755
f 1039/697/751 1203/701/755 1204/773/822
f 1204/773/822 1203/701/755 1205/774/824
f 1043/775/825 1046/776/826 1044/777/827
f 721/650/828 761/778/829 904/779/830
f 721/650/828 720/780/831 271/781/832
f 721/650/828 904/779/830 720/780/831
f 720/782/833 272/783/834 273/784/835
f 272/783/834 271/785/836 273/784/835
f 272/783/834 270/786/837 905/787/838
f 272/783/834 905/787/838 271/785/836
f 761/711/767 757/710/766 270/788/839
f 757/710/766 756/713/769 270/788/839
f 1394/789/840 268/790/841 270/791/842
f 1394/789/840 1395/714/770 268/790/841
f 1400/712/768 906/716/367 1395/714/770
f 906/716/367 265/792/749 1395/714/770
f 1395/714/770 267/793/843 268/790/841
f 265/792/749 267/793/843 1395/714/770
f 265/794/844 1239/723/771 264/724/716
f 264/724/716 908/795/770 265/794/844
f 262/725/683 748/796/845 264/724/716
f 264/724/716 748/796/845 261/797/846
f 264/724/716 261/797/846 1399/798/847
f 1399/798/847 261/797/846 259/799/747
f 261/797/848 745/800/848 781/801/848
f 780/802/849 1240/803/850 781/804/851
f 780/802/849 870/805/852 1240/803/850
f 870/805/852 235/806/853 1240/803/850
f 235/806/853 232/807/854 1240/803/850
f 910/808/855 231/809/856 232/807/854
f 870/738/788 867/739/789 910/810/857
f 867/739/793 793/743/794 865/811/858
f 868/741/791 887/745/796 867/739/793
f 887/745/796 793/743/794 867/739/793
f 865/811/858 793/743/794 866/812/859
f 793/743/860 796/813/861 797/814/862
f 796/813/861 798/815/863 797/814/862
f 797/816/864 888/817/865 866/812/859
f 796/813/861 1405/818/866 798/815/863
f 798/815/863 1405/818/866 1241/819/867
f 794/820/868 799/821/869 1405/818/866
f 1405/818/866 799/821/869 1242/822/870
f 1405/818/866 1242/822/870 1241/819/867
f 799/821/869 802/823/871 1242/822/870
f 802/823/871 801/824/872 1242/822/870
f 802/823/871 1226/751/802 1206/752/803
f 802/823/871 1206/752/803 801/824/872
f 1242/822/870 801/824/872 800/825/873
f 1207/826/874 112/827/875 801/828/876
f 1207/826/874 111/829/877 112/827/875
f 1123/760/809 1116/762/674 1119/830/878
f 1119/830/879 118/831/879 111/832/879
f 1116/762/880 1118/833/881 1117/834/882
f 1117/834/882 1118/833/881 1119/835/883
f 1119/835/883 1118/833/881 1127/836/884
f 1118/833/881 933/771/820 1127/836/884
f 934/766/818 933/771/820 1118/833/881
f 1204/773/822 1205/774/824 1040/837/885
f 1041/838/886 1040/837/886 930/839/886
f 1203/701/755 1043/775/825 1205/774/824
f 1205/774/824 1043/775/825 1044/777/827
f 1227/840/887 1040/841/888 1044/842/889
f 1044/777/827 1046/776/826 1045/843/890
f 11/844/891 12/845/892 10/846/893
f 10/846/893 12/845/892 9/847/894
f 17/848/895 13/849/896 12/845/897
f 271/850/898 270/791/842 274/851/899
f 271/850/898 274/851/899 276/852/900
f 270/791/842 268/790/841 274/851/899
f 274/851/899 275/853/901 276/852/900
f 268/790/841 267/793/843 269/854/902
f 252/855/903 253/856/904 1389/857/905
f 267/793/843 254/858/906 253/859/907
f 267/793/843 265/792/749 254/858/906
f 266/860/908 265/861/909 907/862/910
f 253/859/907 254/858/906 907/862/910
f 253/859/907 907/862/910 1393/863/911
f 907/862/910 1399/798/847 1393/863/911
f 907/862/910 265/861/909 1399/798/847
f 258/864/912 1399/798/847 243/865/913
f 1399/798/847 1396/866/914 243/865/913
f 1399/798/847 259/799/747 1396/866/914
f 1396/866/914 260/867/915 243/865/913
f 1392/868/916 1396/866/914 1397/869/917
f 236/870/918 781/804/919 259/799/920
f 781/804/919 1397/871/921 259/799/920
f 1240/803/850 232/807/854 1397/872/922
f 1397/872/922 233/873/923 237/874/924
f 232/807/854 233/873/923 1397/872/922
f 232/807/854 230/875/925 233/873/923
f 232/807/854 231/809/856 230/875/925
f 231/809/856 229/876/926 230/875/925
f 231/809/856 867/877/927 229/876/926
f 230/875/925 229/876/926 228/878/928
f 229/876/926 911/879/929 228/878/928
f 911/879/930 865/811/858 1398/880/931
f 866/812/859 1241/881/932 865/811/858
f 866/812/859 888/817/865 1241/881/932
f 865/811/858 1241/881/932 1398/880/931
f 1242/822/870 800/825/873 1243/882/933
f 1242/822/870 1243/882/933 895/883/934
f 112/884/935 113/885/936 800/886/937
f 800/886/937 113/885/936 895/887/771
f 114/888/938 172/889/939 113/885/936
f 113/885/936 172/889/939 895/887/771
f 172/889/939 114/888/938 115/890/940
f 114/888/938 111/891/941 115/890/940
f 115/890/942 118/831/800 117/892/943
f 118/831/800 119/893/944 117/892/943
f 1120/894/945 1127/895/946 118/831/800
f 119/893/944 118/831/800 120/896/947
f 118/831/800 1127/895/946 120/896/947
f 933/897/948 932/898/949 1130/899/950
f 933/897/948 931/900/951 932/898/949
f 933/897/948 930/901/952 931/900/951
f 930/901/952 131/902/953 931/900/951
f 1227/840/887 131/902/953 930/901/952
f 931/900/951 131/902/953 132/903/954
f 1227/840/887 1044/842/889 131/902/953
f 1044/904/955 929/905/956 1228/906/957
f 929/905/956 1046/907/958 1228/906/957
f 9/847/894 5/908/959 10/846/893
f 6/909/960 10/846/893 5/908/959
f 6/909/960 5/908/959 4/910/961
f 271/911/962 719/912/963 718/913/964
f 719/912/963 276/914/965 718/913/964
f 268/915/966 253/916/967 251/917/968
f 268/915/966 251/917/968 275/853/969
f 252/855/903 1389/857/905 1388/918/970
f 253/856/904 256/919/971 1389/857/905
f 1389/857/905 249/920/972 1388/918/970
f 256/919/973 1393/863/911 249/921/974
f 1393/863/911 1399/798/847 255/922/975
f 249/921/974 1393/863/911 255/922/975
f 258/864/912 257/923/976 1399/798/847
f 1399/798/847 257/923/976 255/922/975
f 257/924/768 243/865/913 245/925/977
f 243/865/913 242/926/978 245/925/977
f 243/865/913 260/867/915 242/926/978
f 260/867/915 1396/866/914 1392/868/916
f 245/925/977 242/926/978 241/927/979
f 241/927/979 1391/928/980 240/929/981
f 242/926/978 1397/869/982 241/927/979
f 1397/869/982 1391/928/980 241/927/979
f 237/930/983 234/931/984 224/932/985
f 234/931/984 227/933/986 224/932/985
f 227/933/986 233/934/987 228/935/988
f 224/932/985 227/933/986 226/936/989
f 227/933/986 225/937/990 226/936/989
f 227/933/986 228/935/988 894/938/991
f 227/933/986 894/938/991 225/937/990
f 228/939/992 1398/880/931 891/940/993
f 890/941/994 891/940/995 894/942/996
f 891/940/993 1398/880/931 864/943/997
f 1241/881/932 864/943/997 1398/880/931
f 1241/881/932 893/944/998 1251/945/999
f 1241/881/932 1251/945/999 864/943/997
f 897/946/1000 1242/947/1001 1251/948/1002
f 1251/948/1002 1242/947/1001 861/949/1003
f 1242/822/870 895/883/934 1250/950/1004
f 895/883/934 896/951/1005 1250/950/1004
f 895/887/771 172/889/939 116/952/771
f 896/953/1006 192/954/1007 922/955/802
f 115/956/1008 191/957/1009 1244/958/1010
f 1244/958/1010 191/957/1009 1387/959/1011
f 191/957/1009 190/960/736 1387/959/1011
f 117/892/943 119/893/944 190/961/1012
f 1387/959/1011 190/960/736 173/962/714
f 190/960/736 174/963/778 173/962/714
f 1127/895/946 121/964/1013 120/896/947
f 190/960/736 121/965/770 174/963/778
f 121/964/1013 1127/895/946 122/966/1014
f 932/967/1015 124/968/1016 1127/895/946
f 124/968/1016 123/969/1017 1127/895/946
f 932/967/1018 132/903/954 1230/970/1019
f 1230/970/1019 132/903/954 130/971/1020
f 132/903/954 131/902/953 130/971/1020
f 131/902/953 129/972/1021 130/971/1020
f 131/902/953 928/973/1022 129/972/1021
f 131/902/953 133/974/1023 928/973/1022
f 1228/906/957 1046/907/958 133/974/1023
f 133/974/1023 1046/907/958 134/975/1024
f 718/913/964 276/914/965 1269/976/1025
f 718/913/964 1269/976/1025 717/977/1026
f 276/914/965 277/978/1027 1269/976/1025
f 277/979/1028 275/980/1029 278/981/1030
f 251/982/1031 249/920/972 279/983/1032
f 251/982/1031 1388/918/970 249/920/972
f 249/920/1033 250/984/1033 246/985/1033
f 247/986/1034 255/987/1035 246/985/1036
f 255/987/1035 245/925/977 1265/988/1037
f 255/987/1035 1265/988/1037 246/985/1036
f 245/925/977 1390/989/1038 1265/988/1037
f 1390/989/1038 245/925/977 638/990/1039
f 245/925/977 241/927/979 244/991/1040
f 245/925/977 244/991/1040 638/990/1039
f 244/991/1040 239/992/437 638/990/1039
f 240/929/981 1391/928/980 239/993/1041
f 237/930/1042 239/993/1041 1391/928/980
f 1258/994/1043 214/995/1044 213/996/1045
f 239/993/1041 215/997/1046 214/995/1047
f 237/930/1042 215/997/1046 239/993/1041
f 237/930/1042 238/998/1048 215/997/1046
f 238/999/1049 216/1000/1050 909/1001/1051
f 237/1002/1052 1257/1003/1053 218/1004/1054
f 226/936/989 898/1005/1055 224/932/985
f 912/1006/1056 224/932/985 898/1005/1055
f 898/1005/1055 223/1007/1057 222/1008/1058
f 898/1005/1055 894/942/996 891/940/995
f 898/1005/1055 891/940/995 223/1007/1057
f 891/1009/1059 899/1010/1060 1144/1011/1061
f 1144/1011/1062 221/1012/1063 223/1007/1057
f 889/1013/1064 891/940/993 864/943/997
f 889/1013/1064 1256/1014/1065 205/1015/1066
f 889/1013/1064 864/943/997 1256/1014/1065
f 864/943/1067 861/1016/1068 862/1017/1069
f 862/1017/1069 861/1016/1068 863/1018/1070
f 861/949/1071 896/951/1005 199/1019/1072
f 861/949/1071 1250/950/1004 896/951/1005
f 196/1020/1073 922/955/802 193/1021/1074
f 922/955/802 192/954/1007 193/1021/1074
f 192/954/1007 172/1022/736 193/1021/1074
f 193/1021/1074 195/1023/652 194/1024/139
f 193/1021/1074 172/1022/736 171/1025/736
f 172/1022/736 1387/959/1011 171/1025/736
f 1387/959/1011 1255/1026/1075 171/1025/736
f 1387/959/1011 180/1027/1076 1255/1026/1075
f 1387/959/1011 173/962/714 180/1027/1076
f 1247/1028/1077 1248/1029/714 180/1030/844
f 173/962/714 174/963/778 1248/1031/714
f 174/963/778 175/1032/1078 1248/1031/714
f 1248/1031/714 175/1032/1078 1249/1033/736
f 175/1032/1078 1129/1034/600 1249/1033/736
f 122/966/1014 1127/895/946 175/1032/1078
f 1127/895/946 123/969/1017 175/1032/1078
f 1129/1034/600 175/1032/1078 123/969/1017
f 123/969/1017 124/968/1016 1128/1035/1079
f 123/969/1017 1128/1035/1079 125/1036/1080
f 130/971/1020 126/1037/1081 1128/1038/1082
f 126/1037/1083 1229/1039/1084 125/1040/1085
f 130/971/1020 129/972/1021 126/1037/1081
f 928/973/1022 133/974/1023 927/1041/1086
f 927/1041/1086 133/974/1023 134/975/1024
f 277/979/1028 278/981/1030 717/1042/1087
f 278/981/1030 279/1043/1088 717/1042/1087
f 279/1043/1089 248/1044/1090 635/1045/1091
f 248/1046/1092 249/1047/1092 1265/1048/1092
f 637/1049/1093 638/1050/1094 639/1051/1095
f 1265/1052/1096 637/1049/1093 639/1051/1095
f 639/1051/1095 638/1050/1094 640/1053/1097
f 239/1054/1098 213/996/1099 640/1055/1100
f 640/1055/1100 213/996/1099 211/1056/1101
f 214/995/1047 216/1057/1102 211/1058/1103
f 215/997/1046 216/1057/1102 214/995/1047
f 218/1004/1054 217/1059/1104 216/1057/1105
f 216/1057/1105 217/1059/1104 212/1060/1106
f 218/1004/1054 1257/1003/1053 217/1059/1104
f 217/1059/1104 1260/1061/1107 210/1062/1108
f 217/1059/1104 1257/1003/1053 1260/1061/1107
f 1257/1003/1053 224/1063/1109 1260/1061/1107
f 912/1006/1056 222/1008/1058 1260/1061/1107
f 912/1006/1056 898/1005/1055 222/1008/1058
f 1260/1061/1107 222/1008/1058 219/1064/1110
f 223/1007/1057 221/1012/1063 222/1008/1058
f 222/1008/1058 221/1012/1063 220/1065/1111
f 220/1065/1111 221/1012/1063 205/1015/1066
f 221/1012/1063 889/1013/1064 205/1015/1066
f 1256/1014/1065 892/1066/1112 205/1015/1066
f 1256/1014/1065 862/1067/1113 892/1066/1112
f 205/1068/1114 201/1069/1115 204/1070/1116
f 201/1069/1115 202/1071/1117 198/1072/1118
f 863/1018/1070 861/1016/1068 198/1073/1119
f 199/1074/1120 196/1020/1073 198/1075/1121
f 196/1020/1073 197/1076/1122 198/1075/1121
f 198/1075/1121 197/1076/1122 169/1077/1123
f 196/1020/1073 193/1021/1074 197/1076/1122
f 197/1076/1122 193/1021/1074 170/1078/1124
f 193/1021/1074 194/1024/139 170/1078/1124
f 194/1024/139 168/1079/1125 170/1078/1124
f 195/1080/1126 171/1025/736 1255/1026/1075
f 195/1080/1126 167/1081/1127 168/1082/1128
f 195/1080/1126 1255/1026/1075 167/1081/1127
f 1255/1026/1075 181/1083/1129 167/1081/1127
f 180/1027/844 1254/1084/1130 181/1083/1131
f 180/1027/844 1248/1031/714 1254/1084/1130
f 1248/1031/714 1249/1033/736 176/1085/1132
f 1248/1031/714 176/1085/1132 1254/1084/1130
f 1254/1084/1130 176/1085/1132 177/1086/774
f 176/1085/1132 1249/1033/736 178/1087/1133
f 178/1087/1133 123/1088/1134 179/1089/1135
f 178/1087/1133 150/1090/1136 176/1085/1132
f 178/1087/1133 179/1089/1135 150/1090/1136
f 125/1040/1085 1229/1039/1084 127/1091/1137
f 125/1040/1085 127/1091/1137 150/1092/1138
f 126/1093/1139 128/1094/1140 127/1095/1139
f 127/1096/1141 134/1097/1142 1245/1098/1143
f 1245/1098/1143 134/1097/1142 136/1099/1144
f 134/1097/1142 135/1100/1145 136/1099/1144
f 283/1101/1146 282/1102/1147 1268/1103/1148
f 282/1102/1147 717/1104/1149 1268/1103/1148
f 717/1104/1149 1386/1105/1150 281/1106/1151
f 1386/1105/1150 1267/1107/1152 281/1106/1151
f 1386/1105/1150 279/1043/1089 280/1108/749
f 279/1043/1089 635/1045/1091 280/1108/749
f 1386/1105/1150 280/1108/749 1267/1107/1152
f 280/1108/749 636/1109/1153 1267/1107/1152
f 635/1110/1154 1266/1111/1155 626/1112/1156
f 626/1112/1156 1266/1111/1155 613/1113/1157
f 613/1113/1157 1266/1111/1155 612/1114/1158
f 1266/1111/1155 1265/1052/1096 612/1114/1158
f 612/1114/1158 1265/1052/1096 633/1115/1159
f 1265/1052/1096 611/1116/1160 633/1115/1159
f 1265/1052/1096 639/1051/1095 611/1116/1160
f 639/1051/1095 610/1117/1161 611/1116/1160
f 611/1116/1160 610/1117/1161 631/1118/1162
f 639/1051/1095 644/1119/1163 610/1117/1161
f 644/1120/1164 211/1121/1165 1270/1122/1166
f 211/1121/1165 1271/1123/1167 1270/1122/1166
f 1271/1123/1167 913/1124/1168 642/1125/1169
f 212/1126/1170 210/1127/1171 211/1128/1172
f 211/1128/1172 210/1127/1171 913/1124/1173
f 210/1062/1108 1260/1061/1107 914/1129/1174
f 914/1129/1174 1259/1130/1175 209/1131/1176
f 209/1131/1176 1259/1130/1175 208/1132/1177
f 914/1129/1174 1260/1061/1107 1259/1130/1175
f 1260/1061/1107 219/1064/1110 1259/1130/1175
f 205/1015/1178 919/1133/1179 206/1134/1180
f 205/1015/1178 206/1134/1180 219/1135/1181
f 920/1136/1182 919/1137/1183 917/1138/1184
f 205/1068/1114 204/1070/1116 917/1139/1185
f 917/1138/1186 918/1140/1187 1272/1141/1188
f 201/1069/1115 203/1142/1189 204/1070/1116
f 201/1069/1115 198/1072/1118 203/1142/1189
f 204/1070/1116 203/1142/1189 163/1143/1190
f 200/1144/1191 198/1145/1192 1261/1146/1193
f 200/1144/1191 1261/1146/1193 921/1147/1194
f 198/1145/1192 168/1082/1128 1261/1146/1193
f 1261/1146/1193 168/1082/1128 165/1148/1132
f 168/1082/1128 166/1149/1195 165/1148/1132
f 168/1082/1128 167/1081/1127 188/1150/1196
f 168/1082/1128 188/1150/1196 166/1149/1195
f 182/1151/1197 183/1152/1198 188/1153/1199
f 188/1153/1199 183/1152/1198 184/1154/1200
f 1254/1084/1130 152/1155/1201 181/1083/1131
f 181/1083/1131 152/1155/1201 182/1151/1197
f 182/1151/1197 152/1155/1201 183/1152/1198
f 177/1156/1202 150/1157/1203 152/1158/1204
f 152/1158/1204 150/1157/1203 924/1159/1205
f 150/1157/1203 151/1160/1206 924/1159/1205
f 150/1161/1207 137/1162/1208 1246/1163/1209
f 1246/1163/1209 137/1162/1208 136/1099/1144
f 137/1162/1208 1245/1098/1143 136/1099/1144
f 4/910/1210 8/1164/1211 2207/1165/1212
f 5/1166/1213 7/1167/1214 8/1168/1215
f 718/1169/1216 283/1170/1217 284/1171/1218
f 718/1169/1216 284/1171/1218 628/1172/1219
f 629/1173/1220 283/1174/1221 627/1175/1222
f 629/1173/1220 627/1175/1222 628/1176/1223
f 717/1104/1149 281/1106/1151 1268/1103/1148
f 627/1175/1222 1268/1177/1224 624/1178/1225
f 1267/1179/1226 626/1180/1227 1268/1177/1224
f 626/1180/1227 623/1181/1228 1268/1177/1224
f 1268/1177/1224 623/1181/1228 624/1178/1225
f 626/1112/1156 613/1113/1157 632/1182/1229
f 626/1112/1156 632/1182/1229 614/1183/1230
f 632/1182/1231 1294/1184/1232 634/1185/1233
f 612/1114/808 631/1186/1234 632/1182/1231
f 632/1182/1231 631/1186/1234 1294/1184/1232
f 610/1117/1161 609/1187/1235 631/1118/1162
f 644/1120/1164 1270/1122/1166 643/1188/1236
f 609/1187/1237 641/1189/1238 522/1190/1239
f 1270/1122/1166 1271/1123/1167 1288/1191/1240
f 1270/1122/1166 1288/1191/1240 641/1192/1241
f 1271/1123/1167 642/1125/1169 1288/1191/1240
f 522/1190/1242 520/1193/1243 518/1194/1244
f 642/1125/1169 519/1195/1245 1288/1191/1240
f 642/1125/1169 677/1196/1246 519/1195/1245
f 1288/1191/1240 519/1195/1245 520/1193/1243
f 520/1193/1243 519/1195/1245 518/1194/1244
f 519/1195/1245 677/1196/1246 521/1197/1247
f 677/1196/1246 208/1198/1248 521/1197/1247
f 208/1132/1249 207/1199/1250 1384/1200/1251
f 208/1201/1252 219/1135/1253 915/1202/1254
f 207/1203/1255 1287/1204/1256 1385/1205/1257
f 206/1206/1258 917/1207/1259 915/1208/1260
f 207/1203/1255 915/1208/1261 1287/1204/1256
f 918/1140/1187 916/1209/1262 1272/1141/1188
f 163/1210/718 200/1144/1191 1262/1211/1263
f 163/1210/718 1262/1211/1263 916/1209/1262
f 916/1209/1262 1262/1211/1263 1272/1141/1188
f 1272/1141/1188 1262/1211/1263 162/1212/1264
f 200/1144/1191 921/1147/1194 1262/1211/1263
f 1262/1211/1263 164/1213/1265 162/1212/1264
f 1261/1146/1193 165/1148/1132 1262/1211/1263
f 1262/1211/1263 165/1148/1132 164/1213/1265
f 164/1213/1265 165/1148/1132 923/1214/1132
f 165/1148/1132 1264/1215/1266 923/1214/1132
f 188/1153/1267 186/1216/1268 187/1217/1269
f 165/1218/1270 187/1217/1269 186/1216/1268
f 186/1219/1271 1263/1220/1271 1264/1221/1271
f 185/1222/1272 157/1223/1273 186/1224/1274
f 184/1225/1275 185/1222/1272 186/1224/1274
f 157/1223/1273 185/1222/1272 189/1226/1276
f 189/1226/1276 185/1222/1272 154/1227/674
f 152/1158/1204 924/1159/1205 153/1228/1277
f 153/1228/1277 924/1159/1205 145/1229/1278
f 1253/1230/726 148/1231/613 146/1232/1279
f 1253/1230/726 150/1157/1280 148/1231/613
f 150/1157/1280 149/1233/1281 148/1231/613
f 148/1231/613 149/1233/1281 140/1234/1282
f 1246/1163/1209 138/1235/1283 1252/1236/1284
f 140/1237/1285 1252/1236/1284 139/1238/1286
f 1246/1163/1209 136/1099/1144 138/1235/1283
f 138/1235/1283 139/1238/1286 1252/1236/1284
f 718/1169/1216 628/1172/1219 715/1239/1287
f 628/1172/1219 1381/1240/1288 715/1239/1287
f 627/1175/1222 624/1178/1225 628/1176/1223
f 628/1241/1289 623/1181/1290 622/1242/1291
f 623/1181/1290 621/1243/1292 622/1242/1291
f 623/1244/1293 614/1245/1293 625/1246/1293
f 634/1185/1233 1294/1184/1232 614/1183/1294
f 614/1183/1294 616/1247/1295 615/1248/1296
f 1294/1184/1232 616/1247/1295 614/1183/1294
f 616/1247/1295 1294/1184/1232 630/1249/1297
f 1294/1184/1232 609/1250/1298 630/1249/1297
f 609/1187/1237 523/1251/1299 608/1252/1300
f 630/1249/1297 607/1253/1301 616/1247/1295
f 523/1251/1299 630/1249/1297 608/1252/1300
f 523/1251/1299 1382/1254/1302 630/1249/1297
f 630/1249/1297 1382/1254/1302 607/1253/1301
f 609/1187/1237 522/1190/1239 523/1251/1299
f 523/1251/1299 645/1255/1303 1382/1254/1302
f 522/1190/1239 524/1256/1304 523/1251/1299
f 524/1256/1304 526/1257/1305 523/1251/1299
f 522/1190/1239 525/1258/1306 524/1256/1304
f 518/1259/1307 1289/1260/1308 524/1256/1304
f 521/1261/1309 1384/1262/1310 518/1259/1307
f 1384/1262/1310 1290/1263/1311 518/1259/1307
f 518/1259/1307 1290/1263/1311 1289/1260/1308
f 1287/1204/1256 513/1264/1312 1385/1205/1257
f 513/1264/1312 515/1265/1313 1385/1205/1257
f 1385/1205/1257 515/1265/1313 516/1266/1314
f 915/1267/1315 1272/1268/1316 513/1264/1315
f 513/1269/1317 514/1270/1318 512/1271/1319
f 513/1272/1320 162/1212/1321 160/1273/1322
f 513/1272/1320 160/1273/1322 161/1274/1323
f 161/1274/1323 160/1273/1322 507/1275/1324
f 160/1273/1322 923/1214/735 159/1276/596
f 160/1273/1322 159/1276/596 507/1275/1324
f 923/1214/735 158/1277/1302 159/1276/596
f 1264/1278/1325 389/1279/1326 158/1277/1327
f 1264/1278/1325 157/1280/1328 389/1279/1326
f 157/1280/1328 390/1281/1329 389/1279/1326
f 390/1282/1330 1145/1283/1331 1273/1284/1332
f 157/1285/1333 156/1286/443 1145/1283/1334
f 1145/1283/1334 156/1286/443 391/1287/1074
f 156/1286/443 155/1288/1335 391/1287/1074
f 156/1286/443 154/1289/1336 155/1288/1335
f 153/1228/1277 145/1229/1278 154/1289/1336
f 154/1289/1336 145/1229/1278 155/1288/1335
f 145/1290/1337 147/1291/1338 146/1232/1279
f 147/1291/1338 151/1292/1339 146/1232/1279
f 1253/1230/726 146/1232/1279 151/1292/1339
f 144/1293/1340 145/1294/1341 143/1295/1342
f 925/1296/521 143/1295/1342 145/1294/1341
f 925/1296/521 140/1237/1285 143/1295/1342
f 140/1237/1285 141/1297/1343 143/1295/1342
f 140/1237/1285 142/1298/1344 141/1297/1343
f 140/1237/1285 139/1238/1286 142/1298/1344
f 926/1299/1345 135/1300/1346 1383/1301/1347
f 715/1239/1287 1381/1240/1288 285/1302/1348
f 715/1239/1349 714/1303/1350 709/1304/1351
f 1381/1240/1288 714/1305/1352 285/1302/1348
f 714/1303/1350 710/1306/1353 709/1304/1351
f 714/1305/1354 622/1307/1355 713/1308/1356
f 713/1308/1356 622/1307/1355 286/1309/1357
f 286/1309/1358 621/1310/1359 287/1311/1360
f 286/1309/1358 287/1311/1360 710/1312/1361
f 710/1312/1361 287/1311/1360 1298/1313/1362
f 621/1243/1363 625/1314/1364 620/1315/1365
f 620/1315/1365 625/1314/1364 619/1316/1366
f 625/1314/1364 615/1248/1367 619/1316/1366
f 615/1248/1367 607/1253/1368 646/1317/774
f 607/1253/1368 645/1255/1369 646/1317/774
f 615/1248/1367 646/1317/774 606/1318/1370
f 523/1251/1299 526/1257/1305 676/1319/1371
f 676/1319/1372 647/1320/1373 645/1255/1369
f 645/1255/1369 647/1320/1373 646/1317/774
f 526/1257/1305 1289/1260/1308 647/1320/909
f 526/1257/1305 524/1256/1304 1289/1260/1308
f 647/1320/1373 648/1321/610 646/1317/774
f 647/1320/909 1289/1322/1308 527/1323/800
f 1289/1260/1308 1290/1263/1311 517/1324/1374
f 517/1324/1374 1290/1263/1311 516/1325/1375
f 517/1324/1374 516/1325/1375 543/1326/1376
f 511/1327/1377 513/1269/1317 512/1271/1319
f 512/1271/1319 510/1328/652 511/1327/1377
f 516/1329/1378 541/1330/674 1293/1331/1379
f 516/1329/1378 679/1332/1380 541/1330/674
f 512/1271/1319 509/1333/653 510/1328/652
f 510/1328/652 509/1333/653 508/1334/1302
f 514/1335/671 508/1334/1302 509/1333/653
f 508/1334/1302 514/1335/671 384/1336/1381
f 508/1334/1302 384/1336/1381 1292/1337/1382
f 514/1338/1383 161/1339/1384 1278/1340/530
f 514/1338/1383 1278/1340/530 387/1341/1385
f 507/1342/1386 389/1343/1387 1278/1340/530
f 1278/1340/530 389/1343/1387 387/1341/1385
f 387/1341/1385 388/1344/1388 1279/1345/1389
f 389/1343/1387 388/1344/1388 387/1341/1385
f 390/1282/1330 1273/1284/1332 388/1344/1390
f 391/1346/1391 1275/1347/1392 392/1348/1393
f 391/1346/1391 392/1348/1393 1273/1349/944
f 392/1348/1393 393/1350/1394 1273/1349/944
f 392/1351/1395 145/1294/1341 144/1293/1340
f 392/1348/1396 505/1352/738 506/1353/1397
f 505/1352/738 1274/1354/1398 506/1353/1397
f 402/1355/1399 400/1356/1400 401/1357/1401
f 142/1358/1402 483/1359/1403 143/1360/1404
f 143/1360/1404 483/1359/1403 402/1355/1399
f 142/1358/1402 1383/1301/1347 483/1359/1403
f 1383/1301/1347 135/1300/1346 483/1359/1403
f 483/1361/1405 1276/1362/1406 1277/1363/1407
f 483/1359/1403 135/1300/1346 403/1364/1408
f 2207/1165/1409 1140/1365/1410 1141/1366/1411
f 1139/1367/1412 709/1304/1413 706/1368/1414
f 710/1306/1353 1299/1369/1415 709/1304/1351
f 287/1311/1360 288/1370/1416 1298/1313/1362
f 1298/1313/1362 288/1370/1416 289/1371/1417
f 287/1311/1360 618/1372/1418 288/1370/1416
f 620/1315/1365 619/1316/1366 618/1372/1418
f 288/1370/1416 618/1372/1418 619/1316/1366
f 619/1316/1366 615/1248/1367 617/1373/1419
f 617/1373/1419 615/1248/1367 649/1374/716
f 617/1373/1419 649/1374/716 651/1375/737
f 615/1248/1367 606/1318/1370 649/1374/716
f 646/1317/774 648/1321/610 533/1376/714
f 648/1321/610 531/1377/912 533/1376/714
f 527/1323/800 530/1378/1420 531/1377/912
f 1289/1322/1308 529/1379/944 527/1323/800
f 527/1323/800 528/1380/367 530/1378/1420
f 528/1380/367 544/1381/1421 530/1378/1420
f 527/1323/800 529/1379/944 528/1380/367
f 1289/1322/1308 543/1382/1422 529/1379/944
f 528/1383/681 543/1384/1423 542/1385/652
f 542/1385/652 543/1384/1423 1293/1331/1379
f 542/1385/652 1293/1331/1379 539/1386/1424
f 516/1325/1375 678/1387/1425 543/1326/1376
f 1293/1331/1379 541/1330/674 1313/1388/771
f 541/1330/674 1292/1389/738 1313/1388/771
f 1313/1388/771 1292/1389/738 540/1390/738
f 1292/1337/1382 384/1336/1381 383/1391/1426
f 1292/1337/1382 383/1391/1426 381/1392/1427
f 383/1393/1428 1279/1394/1389 386/1395/1429
f 1279/1345/1389 388/1344/1388 386/1396/1429
f 466/1397/1430 1273/1398/778 386/1399/1431
f 1273/1398/778 468/1400/1432 467/1401/1433
f 1146/1402/1434 1273/1349/944 393/1350/1394
f 468/1400/1432 395/1403/770 467/1401/1433
f 1146/1402/1434 393/1350/1394 395/1404/770
f 393/1350/1394 394/1405/1435 395/1404/770
f 395/1404/770 394/1405/1435 396/1406/1133
f 393/1350/1394 398/1407/1436 394/1405/1435
f 505/1352/738 144/1408/1437 1274/1354/1398
f 144/1408/1437 478/1409/1368 1274/1354/1398
f 401/1357/1401 478/1409/1368 144/1408/1437
f 1274/1354/1398 399/1410/1438 1286/1411/1439
f 1274/1354/1398 478/1409/1368 399/1410/1438
f 478/1409/1368 401/1357/1401 400/1356/1400
f 402/1355/1399 483/1359/1403 400/1356/1400
f 483/1412/1440 404/1413/1441 482/1414/1442
f 482/1414/1442 404/1413/1441 478/1415/1443
f 404/1413/1441 483/1412/1440 484/1416/1444
f 483/1359/1403 403/1364/1408 504/1417/1445
f 708/1418/1446 715/1419/1447 1139/1367/1448
f 705/1420/1449 1139/1367/1412 716/1421/1450
f 1139/1367/1412 706/1368/1414 707/1422/1451
f 706/1368/1414 709/1304/1413 1300/1423/1452
f 1300/1424/1453 1299/1425/1454 1301/1426/1455
f 706/1427/1456 1301/1426/1455 712/1428/1457
f 1299/1425/1454 292/1429/1458 1301/1426/1455
f 1299/1425/1454 711/1430/1459 292/1429/1458
f 1299/1431/1460 290/1432/1461 291/1433/1462
f 289/1371/1417 290/1432/1463 1298/1313/1362
f 291/1433/1462 290/1432/1461 292/1434/1464
f 289/1371/1465 619/1316/1466 601/1435/1467
f 619/1316/1466 600/1436/1468 601/1435/1467
f 619/1316/1466 1315/1437/1469 600/1436/1468
f 1296/1438/605 1315/1437/1469 619/1316/1466
f 602/1439/1470 650/1440/1470 1305/1441/1470
f 653/1442/1471 650/1443/1034 603/1444/1471
f 1315/1437/1469 1296/1438/605 602/1439/1472
f 1295/1445/772 1297/1446/772 1296/1447/772
f 1296/1438/605 651/1448/1473 602/1439/1472
f 651/1375/737 649/1374/716 650/1449/1074
f 649/1374/716 532/1450/1474 650/1449/1074
f 650/1449/1074 532/1450/1474 605/1451/1132
f 649/1374/716 533/1452/1075 532/1450/1474
f 533/1376/714 531/1377/912 530/1378/1420
f 674/1453/1078 544/1454/1475 545/1455/1476
f 530/1456/1477 545/1457/1478 534/1458/1479
f 544/1454/1475 539/1386/1424 1312/1459/1480
f 544/1454/1475 1312/1459/1480 545/1455/1476
f 545/1455/1476 1312/1459/1480 546/1460/736
f 539/1386/1424 1293/1331/1379 1312/1459/1480
f 1293/1331/1379 537/1461/677 538/1462/671
f 1293/1331/1379 538/1462/671 1312/1459/1480
f 1293/1331/1379 1313/1388/771 537/1461/677
f 1291/1463/1481 380/1464/1482 1313/1388/771
f 1313/1388/771 540/1390/738 1291/1463/1481
f 1291/1463/1481 381/1392/1427 1283/1465/1483
f 381/1392/1427 383/1391/1426 382/1466/1484
f 382/1466/1484 1283/1465/1483 381/1392/1427
f 1285/1467/1485 1283/1468/1483 382/1469/1484
f 383/1391/1428 386/1396/1429 1283/1470/1486
f 1283/1470/1486 386/1396/1429 385/1471/1366
f 1273/1398/778 1280/1472/1487 386/1399/1431
f 1273/1398/778 467/1401/1433 1280/1472/1487
f 1280/1472/1487 464/1473/1488 1281/1474/1489
f 467/1401/1433 465/1475/1490 1280/1472/1487
f 1280/1472/1487 465/1475/1490 464/1473/1488
f 395/1404/770 396/1406/1133 467/1476/1433
f 467/1476/1433 396/1406/1133 397/1477/1491
f 467/1476/1433 397/1477/1491 464/1478/1492
f 396/1406/1133 398/1479/1493 397/1477/1491
f 1274/1354/1398 1286/1411/1439 398/1479/1494
f 1286/1480/1495 480/1481/1496 481/1482/1497
f 399/1483/947 479/1484/1498 476/1485/1499
f 479/1484/1498 1379/1486/1500 476/1485/1499
f 479/1484/1498 478/1415/1501 1379/1486/1500
f 477/1487/1502 404/1488/1503 405/1489/1504
f 404/1488/1503 403/1490/1505 405/1489/1504
f 1141/1491/1506 1142/1492/1507 1143/1493/1508
f 716/1421/1450 1139/1367/1412 293/1494/1509
f 293/1494/1509 1139/1367/1412 707/1422/1451
f 707/1422/1451 1314/1495/739 1302/1496/1510
f 712/1428/1457 1301/1426/1455 292/1429/1458
f 1314/1495/739 292/1434/1511 1302/1496/1510
f 292/1434/1511 325/1497/1512 1302/1496/1510
f 292/1434/1464 290/1432/1461 601/1498/1513
f 292/1499/1278 1303/1500/1514 598/1501/714
f 601/1435/1467 600/1436/1468 599/1502/1515
f 598/1503/714 599/1502/1516 597/1504/1517
f 599/1502/1516 604/1505/1518 597/1504/1517
f 1305/1506/1519 604/1507/1518 599/1508/1516
f 650/1443/1034 654/1509/1034 603/1444/1471
f 603/1510/1520 1308/1511/1521 604/1505/1518
f 654/1512/1522 605/1451/1132 1308/1511/1521
f 605/1451/1132 532/1450/1474 1308/1511/1521
f 1308/1511/1521 1306/1513/1523 604/1505/1518
f 532/1450/1474 652/1514/1524 1308/1511/1521
f 1308/1511/1521 551/1515/1525 1306/1513/1523
f 1308/1511/1521 652/1514/1524 551/1515/1525
f 652/1514/1526 1309/1516/1526 672/1517/1526
f 532/1450/1474 533/1452/1075 1309/1518/1527
f 1309/1519/1076 1311/1520/714 550/1521/714
f 1311/1520/714 533/1522/673 535/1523/653
f 1311/1520/714 549/1524/1302 550/1521/714
f 1311/1520/714 535/1523/653 549/1524/1302
f 534/1458/1479 545/1457/1478 535/1525/1528
f 545/1457/1478 675/1526/714 535/1525/1528
f 545/1457/1478 536/1527/714 675/1526/714
f 535/1523/653 673/1528/737 549/1524/1302
f 536/1527/714 1310/1529/596 675/1526/714
f 546/1460/671 1310/1529/596 536/1527/714
f 549/1524/1302 673/1528/737 1310/1529/596
f 538/1462/671 537/1461/677 546/1460/671
f 1310/1529/596 546/1460/671 537/1461/677
f 1310/1529/596 537/1461/677 548/1530/683
f 548/1531/1484 687/1532/1484 682/1533/1484
f 537/1461/677 1313/1388/771 547/1534/1529
f 537/1461/677 547/1534/1529 682/1535/1530
f 547/1536/1531 380/1464/1531 379/1537/1531
f 682/1538/1532 380/1464/1482 680/1539/1533
f 1291/1463/1481 1283/1465/1483 380/1464/1482
f 380/1464/1482 1283/1465/1483 680/1539/1533
f 1283/1468/1483 1282/1540/1534 680/1541/1533
f 452/1542/1535 1282/1543/1535 451/1544/1535
f 1283/1468/1483 1281/1545/1536 1282/1540/1534
f 386/1396/1429 1281/1546/1537 385/1471/1366
f 463/1547/1538 1281/1474/1489 1317/1548/1539
f 1281/1474/1489 464/1473/1488 1317/1548/1539
f 1317/1548/1539 464/1473/1488 469/1549/1540
f 464/1550/1541 481/1551/1542 1316/1552/1543
f 1316/1552/1543 481/1551/1542 471/1553/1544
f 480/1481/1496 399/1483/947 481/1482/1497
f 481/1482/1497 399/1483/947 476/1485/1499
f 476/1485/1499 1379/1486/1500 472/1554/1545
f 478/1415/1501 477/1555/1546 1379/1486/1500
f 1379/1486/1500 477/1555/1546 503/1556/1547
f 503/1556/1547 474/1557/1548 1379/1486/1500
f 1379/1486/1500 474/1557/1548 473/1558/1549
f 405/1489/1504 406/1559/1550 474/1560/1551
f 403/1490/1505 406/1559/1550 405/1489/1504
f 704/1561/1552 294/1562/1553 295/1563/1554
f 704/1561/1552 293/1494/1509 294/1562/1553
f 293/1494/1509 329/1564/1555 294/1562/1553
f 293/1494/1509 707/1422/1451 329/1564/1555
f 707/1422/1451 1302/1496/1510 329/1564/1555
f 292/1565/1278 598/1503/714 1373/1566/1556
f 292/1565/1278 1373/1566/1556 300/1567/1557
f 1373/1566/1556 301/1568/1127 300/1567/1557
f 300/1567/1557 301/1568/1127 1354/1569/1558
f 598/1503/714 597/1504/1517 1373/1566/1556
f 597/1504/1517 604/1505/1518 596/1570/1559
f 597/1504/1517 596/1570/1559 655/1571/679
f 596/1570/1559 604/1505/1518 595/1572/1036
f 595/1572/1036 604/1505/1518 656/1573/1560
f 604/1505/1518 1306/1513/1523 656/1573/1560
f 551/1515/1373 672/1574/1561 1307/1575/599
f 1307/1575/599 672/1574/1561 552/1576/1562
f 672/1577/1471 671/1578/1034 556/1579/596
f 550/1521/714 549/1524/1302 671/1578/1034
f 671/1578/1034 549/1524/1302 566/1580/1563
f 556/1579/596 671/1578/1034 566/1580/1563
f 1310/1529/596 548/1530/683 549/1524/1302
f 548/1530/683 570/1581/1564 549/1524/1302
f 682/1582/1565 569/1583/1566 570/1584/1567
f 570/1584/1567 569/1583/1566 565/1585/658
f 682/1582/1565 378/1586/1568 1377/1587/1569
f 682/1582/1565 1377/1587/1569 569/1583/1566
f 1377/1587/1569 571/1588/496 569/1583/1566
f 378/1586/1568 680/1589/1570 1377/1587/1569
f 1377/1587/1569 680/1589/1570 377/1590/1571
f 377/1590/1572 681/1591/1572 376/1592/1572
f 376/1593/1573 680/1594/1574 1284/1595/1575
f 450/1596/1576 451/1544/1577 449/1597/1578
f 449/1597/1578 448/1598/1579 450/1596/1576
f 449/1597/1578 1282/1543/1580 448/1598/1579
f 1282/1543/1580 463/1599/1581 448/1598/1579
f 463/1600/1582 461/1601/1583 453/1602/1584
f 453/1602/1584 461/1601/1583 462/1603/1585
f 453/1604/1586 454/1605/1587 448/1598/1588
f 1317/1548/1539 460/1606/1589 461/1601/1590
f 1317/1548/1539 469/1549/1540 460/1606/1589
f 461/1601/1583 454/1607/1591 462/1603/1585
f 460/1606/1589 458/1608/1592 461/1601/1590
f 461/1601/1590 458/1608/1592 457/1609/1593
f 464/1473/1488 458/1610/1594 469/1549/1540
f 458/1608/1595 1316/1611/1596 459/1612/1595
f 481/1551/1542 470/1613/1597 458/1614/1598
f 481/1551/1542 458/1614/1598 471/1553/1544
f 470/1613/1597 472/1554/1599 458/1614/1598
f 473/1558/1549 475/1615/1600 1379/1486/1500
f 473/1616/1601 406/1559/1602 425/1617/1603
f 473/1616/1601 425/1617/1603 407/1618/1604
f 328/1619/1605 299/1620/1606 329/1621/1607
f 1354/1569/1558 326/1622/1608 325/1623/1609
f 325/1623/1609 326/1622/1608 328/1619/1605
f 1354/1569/1558 1355/1624/1610 326/1622/1608
f 1355/1624/1610 327/1625/1611 326/1622/1608
f 1354/1569/1558 655/1626/1612 1355/1624/1610
f 1354/1569/1558 301/1568/1127 655/1626/1612
f 1355/1624/1610 655/1626/1612 658/1627/1613
f 595/1628/1614 1304/1629/1615 655/1571/1427
f 655/1571/1427 1304/1629/1615 657/1630/1616
f 657/1630/1616 1304/1629/1615 658/1631/1617
f 1304/1629/1615 656/1632/1618 1338/1633/1619
f 656/1632/1618 659/1634/1620 590/1635/1621
f 656/1573/1560 594/1636/1622 1339/1637/1623
f 1306/1513/1523 594/1636/1622 656/1573/1560
f 1339/1637/1623 594/1636/1622 659/1638/1624
f 659/1638/1624 594/1636/1622 1357/1639/1625
f 1306/1513/1523 1307/1575/1626 594/1636/1622
f 594/1636/1622 592/1640/1627 1357/1639/1625
f 1307/1575/599 553/1641/1557 554/1642/1628
f 592/1643/1629 554/1642/1628 670/1644/1630
f 554/1642/1628 555/1645/1631 670/1644/1630
f 1307/1575/599 552/1576/1562 553/1641/1557
f 552/1576/1562 556/1579/1632 553/1641/1557
f 554/1642/1628 553/1641/1557 555/1645/1631
f 556/1579/596 566/1580/1563 558/1646/1324
f 556/1579/596 558/1646/1324 557/1647/726
f 556/1579/596 557/1647/726 555/1645/1633
f 567/1648/1634 565/1649/1635 566/1650/1636
f 566/1650/1636 565/1649/1635 564/1651/1637
f 557/1652/1638 564/1651/1637 1372/1653/1639
f 564/1651/1637 565/1649/1635 1372/1653/1639
f 565/1585/658 569/1583/1566 568/1654/1640
f 565/1585/658 568/1654/1640 1374/1655/1641
f 571/1588/1642 572/1656/1643 568/1657/613
f 1374/1655/1641 568/1654/1640 573/1658/1644
f 568/1654/1640 689/1659/1645 573/1658/1644
f 377/1660/1646 573/1661/1647 571/1588/1642
f 571/1588/1642 573/1661/1647 572/1656/1643
f 376/1593/1573 1284/1595/1575 573/1662/1648
f 450/1596/1576 448/1598/1579 1319/1663/1649
f 448/1598/1579 447/1664/1368 1319/1663/1649
f 447/1664/1368 445/1665/1650 1319/1663/1649
f 448/1598/1588 454/1605/1587 445/1666/1651
f 454/1667/1652 1324/1668/1653 442/1669/1654
f 457/1609/1655 455/1670/1656 454/1667/1657
f 454/1667/1657 455/1670/1656 456/1671/1658
f 455/1670/1656 1320/1672/1659 456/1671/1658
f 457/1673/1660 409/1674/1661 502/1675/1662
f 502/1675/1662 409/1674/1661 410/1676/1663
f 502/1675/1662 410/1676/1663 485/1677/1664
f 458/1678/1665 1380/1679/1666 408/1680/1667
f 458/1678/1665 408/1680/1667 409/1674/1668
f 1380/1679/1666 472/1681/1669 408/1680/1667
f 409/1682/1670 420/1683/1671 418/1684/1672
f 420/1683/1671 421/1685/1673 418/1684/1672
f 408/1680/1667 472/1681/1669 1318/1686/1674
f 420/1683/1671 1318/1686/1674 421/1685/1673
f 1318/1686/1674 472/1681/1669 424/1687/1675
f 472/1681/1669 475/1615/1676 407/1618/1677
f 424/1687/1675 472/1681/1669 407/1618/1677
f 407/1688/1678 423/1689/1679 421/1685/1680
f 1366/1690/1681 296/1691/1682 295/1563/1683
f 295/1692/1684 317/1693/1685 701/1694/1686
f 701/1694/1686 317/1693/1685 318/1695/1687
f 317/1693/1685 296/1691/1688 316/1696/1689
f 296/1691/1682 1366/1690/1681 297/1697/1690
f 1366/1690/1681 298/1698/1691 297/1697/1690
f 1366/1690/1681 299/1620/1606 298/1698/1691
f 298/1698/1691 316/1699/1692 297/1697/1690
f 299/1620/1606 321/1700/1630 298/1698/1691
f 321/1700/1630 299/1620/1606 323/1701/1693
f 328/1619/1605 326/1622/1608 299/1620/1606
f 326/1622/1608 323/1701/1693 299/1620/1606
f 321/1700/1630 323/1701/1693 703/1702/1694
f 323/1701/1695 327/1703/1696 324/1704/1697
f 323/1701/1695 324/1704/1697 304/1705/1698
f 658/1627/1699 1353/1706/1700 327/1703/1701
f 327/1703/1701 1353/1706/1700 302/1707/1702
f 302/1707/1702 1353/1706/1700 303/1708/1703
f 324/1704/1697 303/1708/1703 304/1705/1698
f 302/1707/1702 303/1708/1703 324/1704/1697
f 1353/1706/1700 587/1709/1704 303/1708/1703
f 1353/1706/1700 590/1635/1705 587/1709/1704
f 658/1631/1617 1304/1629/1615 589/1710/1706
f 1304/1629/1615 1338/1633/1619 589/1710/1706
f 1353/1706/1700 589/1711/1707 590/1635/1705
f 656/1632/1618 590/1635/1621 1338/1633/1619
f 1357/1639/1625 591/1712/1708 590/1713/1709
f 592/1640/1627 575/1714/1710 1357/1639/1625
f 1357/1639/1625 575/1714/1710 591/1712/1708
f 575/1715/1711 576/1716/1712 577/1717/1713
f 575/1715/1711 555/1645/1633 561/1718/1714
f 575/1715/1711 561/1718/1714 576/1716/1712
f 561/1718/1714 555/1645/1633 560/1719/1715
f 555/1645/1633 557/1647/726 559/1720/1716
f 555/1645/1633 559/1720/1716 560/1719/1715
f 1372/1653/1639 563/1721/1717 560/1719/1715
f 1372/1653/1639 565/1649/1635 563/1721/1717
f 563/1721/1717 373/1722/1090 562/1723/1718
f 565/1585/658 1374/1655/1641 574/1724/1719
f 574/1724/1719 1374/1655/1641 373/1722/1720
f 1284/1595/1575 1337/1725/1721 573/1662/1648
f 573/1662/1648 1337/1725/1721 1371/1726/1722
f 375/1727/1723 1284/1595/1724 688/1728/1725
f 1319/1663/1649 1376/1729/1726 446/1730/1727
f 1319/1663/1649 445/1665/1650 1376/1729/1726
f 359/1731/1728 445/1732/1729 1323/1733/1730
f 445/1665/1731 442/1669/1654 1324/1668/1653
f 454/1667/1652 440/1734/1732 1324/1668/1653
f 440/1734/1732 1320/1672/1659 1324/1668/1653
f 1324/1668/1653 1320/1672/1659 438/1735/1733
f 455/1670/1656 485/1677/1734 1320/1672/1659
f 1320/1672/1659 485/1677/1734 439/1736/1735
f 1320/1672/1659 439/1736/1735 438/1735/1733
f 409/1674/1661 419/1737/1736 410/1676/1663
f 419/1737/1736 411/1738/1737 410/1676/1663
f 485/1677/1734 411/1739/1738 439/1736/1735
f 1318/1686/1674 424/1687/1675 421/1685/1673
f 421/1685/1680 423/1689/1679 422/1740/1739
f 317/1693/1685 316/1696/1689 318/1695/1687
f 316/1741/1740 1369/1742/1741 1361/1743/1742
f 1361/1743/1742 1369/1742/1741 319/1744/1743
f 1369/1742/1741 321/1700/1630 1362/1745/1744
f 321/1700/1630 322/1746/1745 1362/1745/1744
f 1369/1742/1741 1363/1747/1746 319/1744/1743
f 1369/1742/1741 1362/1745/1744 1363/1747/1746
f 321/1700/1630 703/1702/1694 322/1746/1745
f 703/1702/1747 304/1705/1698 1362/1748/1748
f 304/1705/1698 303/1708/1703 1362/1748/1748
f 303/1708/1749 588/1749/1750 586/1750/1751
f 587/1709/1704 586/1750/1751 588/1749/1750
f 587/1709/1704 590/1635/1705 586/1750/1751
f 590/1635/1705 585/1751/1752 586/1750/1751
f 661/1752/1753 1356/1753/1754 583/1754/1755
f 590/1713/1709 1352/1755/1756 1356/1753/1754
f 590/1713/1709 591/1712/1708 1352/1755/1756
f 591/1712/1708 577/1756/1757 1352/1755/1756
f 1352/1755/1756 577/1756/1757 593/1757/1758
f 1356/1753/1754 1352/1755/1756 664/1758/1759
f 577/1759/1760 1370/1760/1761 664/1761/1762
f 576/1716/1712 561/1718/1714 578/1762/1763
f 576/1716/1712 578/1762/1763 1370/1760/1761
f 1370/1760/1761 578/1762/1763 664/1761/1762
f 1344/1763/1764 666/1764/1765 667/1765/1424
f 560/1719/1715 562/1723/1718 561/1718/1714
f 561/1718/1714 562/1723/1718 1344/1766/1766
f 560/1719/1715 563/1721/1717 562/1723/1718
f 372/1767/1767 373/1768/1768 1345/1769/1769
f 373/1768/1768 573/1662/1648 364/1770/1770
f 573/1662/1648 1371/1726/1722 364/1770/1770
f 1371/1726/1722 362/1771/1771 363/1772/1772
f 1337/1725/1721 375/1773/1773 1371/1726/1722
f 1371/1726/1722 375/1773/1773 362/1771/1771
f 375/1773/1773 1340/1774/1774 362/1771/1771
f 1340/1774/1774 688/1775/1775 361/1776/1776
f 688/1775/1775 359/1731/1728 361/1776/1776
f 359/1731/1728 360/1777/1777 361/1776/1776
f 1340/1774/1774 361/1776/1776 362/1771/1771
f 361/1776/1776 367/1778/1778 362/1771/1771
f 359/1731/1728 1342/1779/1779 360/1777/1777
f 359/1731/1728 1323/1733/1730 1342/1779/1779
f 1341/1780/1780 1342/1781/1779 369/1782/1781
f 1342/1779/1779 1323/1733/1730 1326/1783/1782
f 1324/1784/1783 1325/1785/1784 1323/1786/1785
f 1342/1779/1779 1326/1783/1782 369/1787/1781
f 1325/1788/1786 441/1789/1787 1326/1790/1788
f 1329/1791/1789 441/1792/1790 444/1793/1791
f 441/1792/1790 443/1794/1792 444/1793/1791
f 441/1792/1790 438/1795/1793 443/1794/1792
f 438/1796/1794 411/1797/1795 434/1798/1796
f 434/1798/1796 411/1797/1795 436/1799/1797
f 411/1739/1798 418/1800/1799 412/1801/1800
f 412/1801/1800 1321/1802/1801 437/1803/1802
f 412/1801/1800 418/1800/1799 1321/1802/1801
f 1321/1804/559 417/1805/1803 1378/1806/1804
f 421/1685/1673 416/1807/1805 418/1684/1672
f 418/1684/1672 416/1807/1805 417/1805/1803
f 417/1805/1803 416/1807/1805 1378/1806/1804
f 315/1808/1806 316/1741/1740 1361/1743/1742
f 1361/1743/1742 314/1809/1807 315/1808/1806
f 1361/1743/1742 320/1810/1808 314/1809/1807
f 319/1744/1743 1363/1747/1746 320/1811/1809
f 320/1811/1809 1363/1747/1746 307/1812/1810
f 1362/1748/1811 305/1813/1812 306/1814/1813
f 303/1708/1749 660/1815/1814 698/1816/1815
f 1362/1748/1811 698/1817/1816 305/1813/1812
f 303/1708/1749 586/1750/1751 660/1815/1814
f 660/1815/1814 343/1818/1817 698/1816/1815
f 698/1816/1815 343/1818/1817 339/1819/1818
f 585/1751/1819 662/1820/1819 343/1821/1819
f 590/1635/1705 583/1754/1820 584/1822/1821
f 585/1751/1752 590/1635/1705 584/1822/1821
f 343/1823/1822 341/1824/1823 342/1825/1824
f 341/1824/1823 662/1826/1825 342/1825/1824
f 662/1826/1825 1359/1827/1826 342/1825/1824
f 662/1826/1825 581/1828/1827 1359/1827/1826
f 583/1754/1755 1356/1753/1754 663/1829/1828
f 663/1829/1828 1356/1753/1754 581/1830/1829
f 583/1831/1830 581/1828/1827 662/1826/1825
f 1359/1827/1826 581/1828/1827 344/1832/1831
f 1356/1753/1754 664/1758/1759 581/1830/1829
f 578/1762/1763 666/1764/1765 664/1761/1762
f 664/1761/1762 666/1764/1765 579/1833/1832
f 579/1833/1832 666/1764/1765 580/1834/1833
f 666/1764/1765 1344/1763/1764 580/1834/1833
f 1344/1763/1764 665/1835/1834 580/1834/1833
f 1344/1763/1764 1345/1769/1769 665/1835/1834
f 668/1836/1835 1345/1769/1769 691/1837/1836
f 1345/1769/1769 353/1838/1133 691/1837/1836
f 1344/1763/1764 372/1767/1767 1345/1769/1769
f 373/1768/1768 353/1838/1133 1345/1769/1769
f 373/1768/1768 374/1839/1837 353/1838/1133
f 373/1768/1768 364/1770/1770 374/1839/1837
f 353/1840/1838 690/1841/1839 1346/1842/1840
f 1349/1843/1841 1348/1844/1841 1347/1845/1841
f 370/1846/1842 1346/1842/1840 365/1847/1843
f 363/1848/1844 1343/1849/1845 366/1850/1846
f 366/1850/1846 365/1847/1843 364/1851/1847
f 365/1847/1843 366/1850/1846 1343/1849/1845
f 367/1778/1848 360/1852/1849 368/1853/1850
f 360/1852/1849 369/1854/1851 368/1853/1850
f 369/1854/1851 358/1855/1852 368/1853/1850
f 358/1856/1853 1326/1857/1854 357/1858/1855
f 1326/1857/1854 356/1859/1856 357/1858/1855
f 1326/1857/1854 1329/1860/1857 356/1859/1856
f 486/1861/1858 433/1862/1859 1327/1863/1860
f 1327/1863/1860 433/1862/1859 434/1798/1796
f 1327/1863/1860 1336/1864/1861 432/1865/1862
f 1327/1863/1860 434/1798/1796 1336/1864/1861
f 438/1796/1794 434/1798/1796 433/1862/1859
f 436/1799/1797 437/1803/1802 434/1798/1796
f 434/1798/1796 437/1803/1802 1322/1866/1863
f 437/1803/1802 1321/1802/1801 1322/1866/1863
f 1322/1866/1863 1321/1802/1801 414/1867/1864
f 1321/1802/1801 413/1868/1865 414/1867/1864
f 413/1868/1865 415/1869/1866 414/1867/1864
f 413/1868/1865 1378/1806/1804 415/1869/1866
f 1378/1806/1804 416/1807/1805 415/1869/1866
f 701/1870/1867 330/1871/1868 331/1872/1869
f 701/1873/1870 315/1808/1806 1367/1874/1871
f 330/1871/1872 1367/1874/1871 313/1875/1873
f 1367/1874/1871 315/1808/1806 314/1809/1807
f 1367/1874/1871 314/1809/1807 313/1875/1873
f 1362/1748/1811 1365/1876/1874 307/1877/1875
f 1362/1748/1811 306/1814/1813 1365/1876/1874
f 307/1877/1875 1365/1876/1874 309/1878/1876
f 1365/1876/1874 308/1879/1877 309/1878/1876
f 1365/1876/1874 306/1814/1813 339/1819/1818
f 1365/1880/1874 1364/1881/1878 308/1882/1877
f 1365/1876/1874 338/1883/1879 340/1884/1880
f 339/1819/1818 343/1818/1817 1365/1876/1874
f 1365/1876/1874 343/1818/1817 338/1883/1879
f 342/1825/1824 1360/1885/1881 343/1823/1822
f 343/1823/1822 1360/1885/1881 694/1886/1882
f 697/1887/1883 1359/1827/1826 1360/1885/1881
f 344/1832/1831 345/1888/1884 1359/1827/1826
f 1359/1827/1826 345/1888/1884 1360/1885/1881
f 1360/1885/1881 345/1888/1884 694/1886/1882
f 1136/1889/1885 581/1890/1886 582/1891/1887
f 345/1892/1888 1135/1893/1889 582/1891/1887
f 1135/1893/1889 1136/1889/1885 582/1891/1887
f 581/1890/1886 1358/1894/1890 582/1891/1887
f 579/1833/1832 580/1834/1833 1358/1895/1891
f 580/1834/1833 669/1896/1892 1358/1895/1891
f 350/1897/1893 348/1898/1894 582/1899/1895
f 669/1900/1896 348/1898/1894 350/1897/1893
f 580/1901/1897 351/1902/1898 348/1903/1899
f 351/1902/1898 352/1904/1900 348/1903/1899
f 348/1905/1894 1335/1906/1901 686/1907/1902
f 348/1903/1899 352/1904/1900 353/1908/1903
f 1346/1842/1840 370/1846/1842 353/1840/1838
f 353/1840/1838 370/1846/1842 371/1909/1904
f 1346/1842/1840 364/1851/1847 365/1847/1843
f 354/1910/1905 1350/1911/1906 683/1912/1907
f 365/1913/1908 1350/1911/1906 354/1910/1905
f 365/1847/1843 1343/1849/1845 1351/1914/1909
f 1343/1849/1845 367/1915/1910 1351/1914/1909
f 1351/1916/1911 683/1912/1907 1350/1911/1906
f 355/1917/1912 1331/1918/1913 683/1912/1914
f 355/1917/1912 356/1859/1915 1331/1918/1913
f 1351/1919/1916 368/1920/1917 356/1921/1918
f 1329/1922/1919 1328/1923/1920 1330/1924/1921
f 1329/1922/1919 1330/1924/1921 1331/1925/1922
f 432/1865/1862 1336/1864/1861 1330/1926/1923
f 1330/1926/1923 1336/1864/1861 431/1927/1924
f 431/1928/1925 434/1798/1796 435/1929/1926
f 434/1798/1796 429/1930/1927 435/1929/1926
f 434/1798/1796 1322/1866/1863 429/1930/1927
f 1322/1866/1863 428/1931/1928 429/1930/1927
f 429/1930/1927 428/1931/1928 501/1932/1929
f 501/1932/1929 428/1931/1928 415/1869/1930
f 501/1932/1929 415/1869/1930 426/1933/1931
f 330/1871/1868 332/1934/1932 331/1872/1869
f 330/1871/1872 309/1878/1876 312/1935/1933
f 330/1871/1872 313/1875/1873 309/1878/1876
f 313/1875/1934 307/1936/1935 702/1937/1936
f 309/1878/1876 311/1938/1937 312/1935/1933
f 308/1879/1877 336/1939/1938 309/1878/1876
f 308/1879/1877 340/1940/1939 336/1939/1938
f 340/1884/1880 338/1883/1879 699/1941/1940
f 700/1942/1941 338/1943/1942 336/1939/1943
f 338/1883/1944 694/1944/1945 1368/1945/1946
f 694/1944/1945 337/1946/1947 1368/1945/1946
f 694/1944/1945 692/1947/1948 337/1946/1947
f 694/1944/1945 346/1948/1949 692/1947/1948
f 346/1948/1949 347/1949/1950 692/1947/1948
f 346/1948/1949 686/1950/1902 347/1949/1950
f 346/1948/1949 582/1899/1895 686/1950/1902
f 347/1949/1950 696/1951/1951 692/1947/1948
f 348/1898/1894 686/1950/1902 582/1899/1895
f 686/1950/1902 349/1952/1952 347/1949/1950
f 686/1950/1902 696/1953/1953 349/1952/1952
f 353/1908/1903 1334/1954/1954 348/1903/1899
f 686/1955/1955 1334/1956/1956 1333/1957/1957
f 371/1909/1958 683/1912/1907 1334/1958/1959
f 371/1909/1958 354/1910/1905 683/1912/1907
f 1331/1925/1922 1330/1924/1921 491/1959/1960
f 491/1960/1960 1330/1961/1921 490/1962/1961
f 1330/1926/1923 430/1963/1962 487/1964/1963
f 430/1963/1962 488/1965/1964 487/1964/1963
f 431/1927/1924 429/1966/1965 1330/1926/1923
f 431/1927/1924 500/1967/1966 429/1966/1965
f 1330/1926/1923 429/1966/1965 430/1963/1962
f 429/1966/1965 493/1968/1967 430/1963/1962
f 492/1969/1968 494/1970/1969 488/1965/1970
f 493/1971/1971 427/1972/1972 488/1965/1970
f 488/1965/1970 427/1972/1972 492/1969/1968
f 501/1932/1929 426/1933/1931 427/1973/1973
f 427/1973/1973 426/1933/1931 496/1974/1974
f 1375/1975/1975 415/1976/1976 499/1977/1977
f 1375/1975/1975 499/1977/1977 496/1978/1978
f 499/1977/1979 495/1979/1980 498/1980/1981
f 496/1978/1982 498/1980/1983 497/1981/1984
f 312/1935/1933 311/1938/1937 332/1934/1985
f 332/1982/1986 333/1983/1987 334/1984/1988
f 311/1938/1937 309/1878/1876 310/1985/1989
f 333/1983/1987 335/1986/1990 334/1984/1988
f 309/1878/1876 336/1939/1938 310/1985/1989
f 338/1943/1942 337/1946/1991 336/1939/1943
f 335/1986/1990 695/1987/1992 334/1984/1988
f 336/1939/1943 695/1987/1992 335/1986/1990
f 336/1939/1943 337/1946/1991 695/1987/1992
f 695/1988/1993 692/1947/1948 693/1989/1994
f 692/1947/1948 696/1951/1951 693/1989/1994
f 686/1990/1995 1332/1991/1996 685/1992/1997
f 1332/1991/1996 491/1993/1998 685/1992/1997
f 1333/1994/1999 684/1995/2000 1332/1991/1996
f 1332/1991/1996 684/1995/2000 491/1993/1998
f 683/1996/2001 491/1993/1998 684/1995/2000
f 490/1962/1961 487/1964/1963 491/1960/1960
f 487/1964/1963 494/1997/2002 491/1960/1960
f 488/1965/1964 489/1998/2003 487/1964/1963
f 487/1964/1963 489/1998/2003 494/1997/2002
f 496/1978/1982 495/1999/2004 492/1969/1968
f 492/1969/1968 495/1999/2004 494/1970/1969
f 495/1999/2004 496/1978/1982 497/1981/1984
f 2252/2000/2005 2502/2001/2006 2254/2002/2007
f 2252/2000/2005 2255/2003/2008 2502/2001/2006
f 2502/2001/2006 2318/2004/2009 2254/2002/2007
f 2502/2001/2006 2316/2005/2010 2315/2006/2011
f 2502/2001/2006 2255/2003/2008 2316/2005/2010
f 2255/2003/2008 2257/2007/2012 2316/2005/2010
f 2257/2007/2012 2255/2003/2008 2256/2008/2013
f 2255/2009/2014 2282/2010/2015 2310/2011/2016
f 1421/2012/2017 1423/2013/2018 3528/2014/2019
f 2282/2010/2020 2265/2015/2021 2504/2016/2022
f 2282/2017/2023 2477/2018/2024 2285/2019/2025
f 2282/2017/2023 2284/2020/2026 2477/2018/2024
f 2282/2017/2023 2279/2021/2027 2284/2020/2026
f 2282/2017/2023 2283/2022/2028 2279/2021/2027
f 2282/2017/2023 2281/2023/2029 2291/2024/2030
f 2283/2022/2028 2282/2017/2023 2291/2024/2030
f 2282/2017/2023 2292/2025/2031 2281/2023/2029
f 2281/2023/2029 2292/2025/2031 2293/2026/2032
f 2281/2023/2029 2293/2026/2032 2280/2027/2033
f 2292/2025/2031 2325/2028/2034 2293/2026/2032
f 1421/2012/2017 2207/2029/2035 1423/2013/2018
f 1425/2030/2036 1423/2031/2037 1424/2032/2038
f 1423/2031/2039 2321/2033/2040 2505/2034/2041
f 1423/2035/2042 2212/2036/2043 2323/2037/2044
f 1423/2035/2042 2323/2037/2044 1422/2038/2045
f 2212/2039/2046 2213/2040/2047 1422/2038/2048
f 2211/2041/2049 2207/2042/2050 2208/2043/2051
f 2211/2041/2052 2213/2040/2047 2212/2039/2046
f 2208/2043/2051 2210/2044/2053 2211/2041/2049
f 2210/2044/2053 2208/2043/2051 2209/2045/2054
f 2207/2042/2050 2485/2046/2055 2208/2043/2051
f 2207/2042/2050 2206/2047/2056 2485/2046/2055
f 2485/2046/2055 2206/2047/2056 2486/2048/2057
f 2206/2047/2056 2214/2049/2058 2486/2048/2057
f 2214/2049/2058 2216/2050/2059 2486/2048/2057
f 2215/2051/2060 2217/2052/2061 2206/2053/2062
f 2206/2053/2062 2217/2052/2061 2216/2050/2063
f 2234/2054/2064 2215/2055/2065 2235/2056/2066
f 2217/2052/2061 2225/2057/2067 2216/2050/2063
f 2217/2052/2061 2235/2058/2068 2225/2057/2067
f 2235/2058/2068 2219/2059/2069 2225/2057/2067
f 2218/2060/2070 2242/2061/2071 2241/2062/2072
f 2219/2059/2069 2235/2058/2068 2487/2063/2073
f 2253/2064/2074 2252/2000/2075 2318/2065/2076
f 2253/2064/2074 2318/2065/2076 2474/2066/2077
f 2474/2066/2077 2319/2067/2078 2253/2064/2074
f 2318/2065/2076 2314/2068/2079 2474/2066/2077
f 2474/2066/2077 2314/2068/2079 2251/2069/2080
f 2314/2068/2079 2250/2070/2081 2251/2069/2080
f 2316/2005/2010 2314/2071/2082 2315/2006/2011
f 2314/2071/2083 2257/2007/2012 2248/2072/2084
f 2248/2072/2084 2257/2007/2012 2317/2073/2085
f 2257/2007/2012 2256/2008/2013 2475/2074/2086
f 2257/2007/2012 2475/2074/2086 2317/2073/2085
f 2255/2003/2008 2338/2075/2087 2256/2008/2013
f 2256/2008/2013 2313/2076/2088 2475/2074/2086
f 2475/2074/2086 2313/2076/2088 2258/2077/2089
f 2338/2075/2087 2312/2078/2090 2256/2008/2013
f 2338/2075/2087 2503/2079/2091 2312/2078/2090
f 2503/2080/2092 2263/2081/2093 2262/2082/2094
f 2263/2081/2093 2271/2083/2095 2262/2082/2094
f 2503/2080/2092 2264/2084/2096 2263/2081/2093
f 2503/2080/2092 2310/2011/2097 2264/2084/2096
f 2264/2084/2098 2266/2085/2099 2271/2086/2100
f 2310/2087/2101 2504/2016/2022 2266/2085/2099
f 2265/2015/2021 2266/2085/2099 2504/2016/2022
f 2266/2085/2099 2288/2088/2102 2271/2086/2100
f 2271/2086/2100 2288/2088/2102 2476/2089/2103
f 2266/2085/2099 2265/2015/2021 2267/2090/2104
f 2265/2015/2105 2285/2019/2025 2286/2091/2106
f 2267/2090/2104 2288/2088/2102 2266/2085/2099
f 2267/2090/2104 2286/2091/2106 2288/2088/2102
f 2285/2019/2025 2477/2018/2024 2286/2091/2106
f 2286/2091/2106 2287/2092/2107 2288/2088/2102
f 2288/2088/2102 2287/2092/2107 2275/2093/2107
f 2286/2091/2106 2477/2018/2024 2287/2092/2107
f 2477/2018/2024 2276/2094/2108 2287/2092/2107
f 2289/2095/2109 2477/2018/2024 2290/2096/2110
f 2477/2018/2024 2284/2020/2026 2290/2096/2110
f 2290/2097/2111 2278/2098/2112 2276/2099/2113
f 2284/2020/2026 2279/2021/2027 2294/2100/2114
f 2278/2098/2112 2277/2101/2115 2276/2099/2113
f 2278/2098/2112 2294/2100/2116 2277/2101/2115
f 2277/2101/2117 2279/2102/2118 2327/2103/2119
f 2280/2027/2120 2327/2104/2120 2291/2105/2120
f 2327/2106/2121 2325/2028/2121 2324/2107/2121
f 2325/2108/2034 2292/2109/2031 2326/2110/2122
f 1425/2111/2123 2048/2112/2124 2046/2113/2125
f 1425/2111/2123 2043/2114/2126 2048/2112/2124
f 1425/2030/2036 1424/2032/2038 2044/2115/2127
f 2321/2033/2040 2322/2116/2128 2505/2034/2041
f 1424/2032/2129 2505/2034/2041 2322/2116/2128
f 1424/2032/2129 2322/2116/2128 2320/2117/2130
f 1423/2035/2042 1422/2038/2045 2322/2116/2131
f 2483/2118/2132 1422/2119/2133 1442/2120/2134
f 2213/2040/2047 2211/2041/2052 1445/2121/2135
f 1422/2119/2133 2490/2122/2136 1442/2120/2134
f 1445/2121/2137 2490/2122/2136 1422/2119/2133
f 1445/2121/2137 1444/2123/2138 2490/2122/2136
f 1445/2121/2137 2209/2124/2139 1444/2123/2138
f 2490/2122/2136 1444/2123/2138 1443/2125/2140
f 1443/2125/2140 1444/2123/2138 2484/2126/2141
f 1444/2123/2142 2208/2043/2051 2485/2046/2055
f 1444/2123/2142 2485/2046/2055 2237/2127/2143
f 2237/2127/2144 2205/2128/2145 2204/2129/2146
f 1444/2130/2138 2204/2131/2147 1446/2132/2148
f 2205/2128/2145 2489/2133/2149 2204/2129/2146
f 2205/2128/2145 2222/2134/2150 2489/2133/2149
f 2204/2129/2146 2489/2133/2149 1448/2135/2151
f 2205/2128/2145 2486/2048/2057 2216/2050/2059
f 2205/2128/2145 2216/2050/2059 2222/2134/2150
f 2203/2136/2152 2202/2137/2153 2489/2133/2149
f 2489/2133/2149 2202/2137/2153 1448/2135/2151
f 2223/2138/2154 2221/2139/2155 2222/2140/2156
f 2223/2138/2154 2224/2141/2157 2221/2139/2155
f 2222/2140/2156 2221/2139/2155 2202/2142/2158
f 2223/2138/2154 2220/2143/2159 2224/2141/2157
f 2225/2144/2160 2220/2143/2159 2223/2138/2154
f 2221/2139/2155 2220/2145/2161 2202/2142/2158
f 2219/2059/2069 2487/2063/2073 2220/2145/2162
f 2220/2145/2161 2228/2146/2163 2226/2147/2164
f 2220/2145/2161 2226/2147/2164 2202/2142/2158
f 2235/2058/2068 2233/2148/2165 2487/2063/2073
f 2487/2063/2073 2226/2147/2164 2228/2146/2163
f 2487/2063/2073 2233/2148/2165 2226/2147/2164
f 2226/2147/2164 2227/2149/2166 2202/2142/2158
f 2232/2150/2167 2233/2151/2168 2229/2152/2169
f 2233/2151/2168 2231/2153/2170 2229/2152/2169
f 2229/2152/2171 2227/2149/2166 2226/2147/2164
f 2231/2153/2170 2230/2154/2172 2229/2152/2169
f 2230/2155/2173 2488/2156/2174 2227/2149/2175
f 2488/2156/2174 2231/2157/2176 2227/2149/2175
f 2251/2069/2080 2456/2158/2177 2253/2159/2178
f 2251/2069/2080 2249/2160/2150 2456/2158/2177
f 2251/2069/2080 2250/2070/2081 2249/2160/2150
f 2250/2070/2081 2248/2161/2179 2249/2160/2150
f 2248/2161/2180 2475/2074/2086 2247/2162/2181
f 2247/2162/2181 2475/2074/2086 2302/2163/2182
f 2475/2074/2086 2258/2077/2089 2302/2163/2182
f 2313/2076/2088 2312/2078/2183 2258/2077/2089
f 2312/2078/2183 2259/2164/2184 2258/2077/2089
f 2258/2077/2089 2259/2164/2184 2301/2165/2185
f 2259/2164/2186 2503/2166/2187 2260/2167/2188
f 2311/2168/2189 2260/2167/2188 2503/2166/2187
f 2259/2164/2186 2260/2167/2188 2309/2169/2190
f 2311/2168/2189 2261/2170/2191 2260/2167/2188
f 2260/2167/2188 2261/2170/2191 2473/2171/2192
f 2262/2082/2094 2271/2083/2095 2261/2170/2193
f 2295/2172/2194 2473/2171/2088 2269/2173/2089
f 2271/2174/2195 2270/2175/2196 2269/2173/2089
f 2269/2173/2089 2270/2175/2196 2273/2176/2197
f 2271/2086/2100 2476/2089/2103 2268/2177/2198
f 2270/2175/2196 2268/2177/2199 2273/2176/2197
f 2273/2176/2200 2476/2089/2103 2272/2178/2201
f 2476/2089/2103 2288/2088/2102 2272/2178/2201
f 2288/2088/2102 2274/2179/2202 2272/2178/2201
f 2274/2179/2203 1911/2180/2204 2273/2181/2205
f 2275/2093/2206 2276/2182/2207 1911/2180/2204
f 2275/2093/2206 1911/2180/2204 2274/2179/2203
f 2277/2101/2117 2328/2183/2208 1911/2184/2209
f 2277/2101/2117 2327/2103/2119 2328/2183/2208
f 1911/2185/2210 1920/2186/2211 1918/2187/2212
f 1920/2186/2211 1919/2188/2213 1918/2187/2212
f 2325/2189/2214 1921/2190/2215 1920/2191/2216
f 2325/2189/2214 2040/2192/2217 1921/2190/2215
f 2325/2193/2218 2041/2194/2219 2039/2195/2220
f 2039/2195/2220 2041/2194/2219 2057/2196/2221
f 2039/2195/2220 2057/2196/2221 2047/2197/2222
f 2325/2193/2218 2042/2198/2223 2041/2194/2219
f 2046/2113/2125 2048/2112/2124 2045/2199/2224
f 2046/2113/2125 2045/2199/2224 2041/2200/2224
f 2045/2201/2225 2043/2114/2225 2044/2202/2225
f 1426/2203/2110 1427/2204/2226 2044/2205/2227
f 1426/2203/2110 2239/2206/2228 2480/2207/2110
f 1426/2203/2110 2480/2207/2110 1427/2204/2226
f 2239/2206/2228 1432/2208/2229 2480/2207/2110
f 2239/2206/2228 1424/2209/2230 1432/2208/2229
f 1434/2210/2231 1432/2208/2229 1424/2209/2230
f 1434/2211/2232 2481/2212/2233 1431/2213/2102
f 1431/2213/2102 2481/2212/2233 1430/2214/2234
f 2322/2215/2235 2483/2118/2132 1434/2211/2232
f 1422/2119/2133 2483/2118/2132 1435/2216/2236
f 1434/2211/2232 2483/2118/2132 2481/2212/2233
f 1435/2216/2236 2483/2118/2132 2322/2215/2235
f 2483/2118/2132 1442/2120/2134 1440/2217/2237
f 2490/2122/2136 1441/2218/2238 1442/2120/2134
f 1442/2120/2134 1441/2218/2238 1447/2219/2239
f 1444/2123/2138 1446/2220/2148 2484/2126/2141
f 2484/2126/2141 2236/2221/2140 1447/2222/2240
f 2484/2126/2141 1446/2220/2148 2236/2221/2140
f 1446/2220/2241 1448/2223/2242 1449/2224/2243
f 1449/2224/2243 1448/2223/2242 1451/2225/2244
f 1448/2223/2242 1450/2226/2245 1451/2225/2244
f 1450/2226/2246 2202/2137/2247 1464/2227/2248
f 2253/2228/2249 2244/2229/2250 2243/2230/2251
f 2456/2158/2177 2249/2160/2150 2244/2229/2252
f 2249/2160/2150 2245/2231/2253 2244/2229/2252
f 2247/2162/2254 2245/2231/2253 2249/2160/2150
f 2244/2229/2252 2245/2231/2253 2303/2232/2255
f 2245/2233/2233 2302/2163/2256 2300/2234/2089
f 2245/2233/2233 2300/2234/2089 2455/2235/2257
f 2302/2163/2256 2301/2165/2258 2300/2234/2089
f 2301/2165/2258 2298/2236/2259 2300/2234/2089
f 2301/2165/2258 2309/2169/2260 2298/2236/2259
f 2309/2169/2260 2297/2237/2260 2298/2236/2259
f 2297/2238/2261 2260/2239/2262 2296/2240/2263
f 2297/2238/2261 2296/2240/2263 2454/2241/2264
f 2297/2238/2261 2454/2241/2264 2299/2242/2265
f 2295/2172/2194 2273/2176/2197 2296/2240/2263
f 2296/2240/2263 2335/2243/2266 2454/2241/2264
f 2296/2240/2263 2273/2176/2197 2335/2243/2266
f 2295/2172/2194 2269/2173/2089 2273/2176/2197
f 2273/2244/2267 2331/2245/2267 2332/2246/2267
f 1910/2247/2268 1909/2248/2269 1907/2249/2270
f 2329/2250/2271 1909/2251/2271 2330/2252/2271
f 1911/2253/2272 2472/2254/2273 1909/2255/2274
f 1909/2255/2274 2472/2254/2273 1914/2256/2275
f 2472/2254/2273 1912/2257/2276 1914/2256/2275
f 1911/2185/2210 2463/2258/2277 1912/2257/2278
f 2463/2258/2277 1911/2185/2210 1917/2259/2279
f 1911/2185/2210 1921/2260/2280 1917/2259/2279
f 1911/2185/2210 1918/2187/2212 1921/2260/2280
f 2471/2261/2108 1922/2262/2265 1921/2190/2215
f 1921/2190/2215 1922/2262/2265 1923/2263/2281
f 1921/2190/2215 2040/2192/2217 2471/2261/2108
f 2471/2261/2108 2040/2192/2217 2079/2264/2282
f 2039/2195/2220 2047/2197/2222 2040/2192/2217
f 2049/2265/2283 2041/2200/2283 2047/2266/2283
f 2047/2266/2284 2037/2267/2285 2036/2268/2286
f 2047/2269/2287 2045/2270/2288 2032/2271/2289
f 1427/2204/2226 1433/2272/2290 2032/2273/2291
f 1427/2204/2226 2480/2207/2110 1433/2272/2290
f 1431/2213/2102 1429/2274/2292 1433/2275/2293
f 1431/2213/2102 1430/2214/2234 1429/2274/2292
f 1428/2276/2110 1430/2277/2263 1438/2278/2263
f 2481/2212/2233 2482/2279/2275 1436/2280/2294
f 2481/2212/2233 2483/2118/2132 2482/2279/2275
f 2483/2118/2132 1437/2281/2295 2482/2279/2275
f 2482/2279/2275 1437/2281/2295 1438/2282/2296
f 1438/2282/2115 1439/2283/2234 2025/2284/2297
f 1438/2282/2115 1440/2285/2298 1439/2283/2234
f 1447/2219/2275 1454/2286/2275 1440/2287/2275
f 1454/2286/2234 1455/2288/2262 1456/2289/2196
f 1454/2286/2234 1453/2290/2299 1455/2288/2262
f 1447/2222/2240 2236/2221/2140 1453/2291/2240
f 1453/2290/2299 1451/2292/2300 2026/2293/2301
f 2236/2221/2302 1449/2224/2243 1451/2225/2244
f 2253/2228/2249 2243/2230/2251 1842/2294/2303
f 2243/2230/2251 2303/2295/2304 1842/2294/2303
f 1842/2294/2303 2303/2295/2304 2305/2296/2305
f 2303/2297/2306 2246/2298/2307 2455/2235/2257
f 2303/2297/2306 2455/2235/2257 2304/2299/2308
f 2455/2235/2257 2300/2234/2089 2304/2299/2308
f 2300/2234/2089 2306/2300/2309 2304/2299/2308
f 2304/2299/2308 2306/2300/2309 2308/2301/2115
f 2298/2236/2259 2307/2302/2310 2300/2234/2089
f 2298/2236/2259 2336/2303/2221 2307/2302/2310
f 2298/2236/2259 2454/2241/2264 2336/2303/2221
f 2337/2304/2311 2336/2305/2221 1770/2306/2312
f 2336/2305/2221 2334/2307/2192 1770/2306/2312
f 2336/2303/2221 2454/2241/2264 2335/2243/2266
f 2336/2305/2221 2335/2308/2266 2334/2307/2192
f 2335/2308/2266 2333/2309/2313 2334/2307/2192
f 2431/2310/2314 1770/2311/2315 1906/2312/2316
f 2333/2313/2316 2273/2314/2200 1906/2312/2316
f 2273/2314/2200 1977/2315/2089 1906/2312/2316
f 1906/2312/2316 1977/2315/2089 1905/2316/2234
f 2273/2314/2200 1907/2249/2270 1977/2315/2089
f 1977/2315/2089 1907/2249/2270 1908/2317/2317
f 1907/2249/2270 1974/2318/2318 1908/2317/2317
f 1907/2249/2270 1909/2248/2269 1974/2318/2318
f 1908/2317/2317 1974/2318/2318 2080/2319/2319
f 1913/2320/2292 1914/2256/2275 1912/2257/2276
f 1912/2321/2320 1916/2322/2224 1915/2323/2234
f 1916/2322/2224 1912/2321/2320 1923/2324/2263
f 1917/2259/2321 1924/2325/2321 1912/2326/2321
f 1924/2327/2256 1921/2190/2215 1923/2263/2281
f 1923/2263/2281 1922/2262/2265 2462/2328/2322
f 2462/2328/2322 1922/2262/2265 2457/2329/2190
f 2079/2264/2282 2040/2192/2217 2038/2330/2323
f 2040/2192/2217 2047/2197/2222 2038/2330/2323
f 2038/2331/2238 2055/2332/2324 2054/2333/2325
f 2055/2332/2324 2047/2334/2326 2469/2335/2327
f 2047/2334/2326 2470/2336/2328 2469/2335/2327
f 2036/2268/2286 2037/2267/2285 2033/2337/2329
f 2036/2268/2286 2033/2337/2329 2035/2338/2102
f 2047/2269/2287 2032/2271/2289 2033/2339/2330
f 2035/2338/2102 2033/2337/2329 2034/2340/2331
f 2032/2341/2332 2029/2342/2332 2031/2343/2332
f 2033/2337/2329 2031/2343/2333 2034/2340/2331
f 2031/2344/2334 2015/2345/2335 2014/2346/2336
f 2029/2342/2337 2023/2347/2338 2024/2348/2339
f 1428/2349/2110 2478/2350/2340 2029/2351/2341
f 2478/2350/2340 1428/2349/2110 1438/2352/2263
f 2025/2353/2342 2019/2354/2343 2023/2347/2338
f 1439/2283/2234 1440/2285/2298 1456/2355/2226
f 2025/2353/2344 2238/2356/2345 1455/2288/2262
f 2025/2353/2344 1455/2288/2262 2026/2293/2301
f 1453/2290/2299 2026/2293/2301 1455/2288/2262
f 2026/2293/2301 1457/2357/2346 1458/2358/2340
f 2026/2293/2301 1451/2292/2300 1457/2357/2346
f 1457/2357/2346 1451/2292/2300 1459/2359/2347
f 1451/2292/2300 1452/2360/2348 1460/2361/2349
f 1452/2362/2350 1464/2363/2351 1463/2364/2352
f 1463/2364/2352 1464/2363/2351 1462/2365/2353
f 1463/2364/2352 1462/2365/2353 1460/2361/2349
f 1772/2366/2354 1770/2311/2315 1771/2367/2355
f 2431/2310/2314 1771/2367/2355 1770/2311/2315
f 2431/2310/2314 1906/2312/2316 1904/2368/2356
f 1903/2369/2331 2431/2310/2314 1768/2370/2357
f 2431/2310/2314 1904/2368/2356 1768/2370/2357
f 1903/2371/2358 1769/2372/2358 1902/2373/2358
f 1906/2312/2316 1905/2316/2234 1904/2368/2356
f 1905/2374/2359 1978/2375/2359 1768/2376/2359
f 2451/2377/2360 2452/2378/2360 1977/2379/2360
f 1978/2375/2361 1977/2380/2281 1979/2381/2362
f 1977/2380/2281 1987/2382/2363 2453/2383/2364
f 1977/2380/2281 1976/2384/2365 1979/2381/2362
f 2453/2383/2364 1976/2384/2365 1977/2380/2281
f 1975/2385/2366 2436/2386/2367 2453/2383/2364
f 1975/2385/2366 1974/2387/2368 2436/2386/2367
f 2453/2383/2364 2436/2386/2367 1976/2384/2365
f 1974/2387/2368 1913/2320/2369 2436/2386/2367
f 2436/2386/2367 1913/2320/2369 2450/2388/2239
f 2436/2386/2367 1972/2389/2088 2437/2390/2238
f 2450/2388/2239 1972/2389/2088 2436/2386/2367
f 1913/2320/2369 1915/2323/2234 2450/2388/2239
f 2450/2388/2239 1915/2323/2234 2448/2391/2336
f 2450/2388/2239 2448/2391/2336 1973/2392/2370
f 1915/2323/2234 1965/2393/2329 2448/2391/2336
f 1915/2323/2234 1916/2322/2224 1965/2393/2329
f 1916/2322/2224 1923/2324/2263 2081/2394/2088
f 2081/2394/2371 1967/2395/2372 1966/2396/2373
f 2081/2394/2088 2462/2328/2322 2457/2329/2190
f 2457/2329/2190 1968/2397/2258 1967/2395/2259
f 1922/2262/2265 1925/2398/2237 2457/2329/2190
f 2457/2329/2190 1925/2398/2237 1968/2397/2258
f 1922/2399/2265 2038/2400/2374 2050/2401/2375
f 1922/2262/2265 2050/2402/2375 1925/2398/2237
f 2050/2403/2375 2038/2330/2374 2051/2404/2234
f 2050/2403/2375 2464/2405/2376 1927/2406/2237
f 2050/2403/2375 2051/2404/2234 2464/2405/2376
f 2054/2333/2325 2055/2332/2324 2469/2335/2327
f 2054/2333/2325 2469/2335/2327 2053/2407/2377
f 2054/2333/2325 2053/2407/2377 2461/2408/2378
f 2464/2405/2376 2054/2333/2325 2461/2408/2378
f 2470/2336/2328 2035/2338/2328 2469/2335/2327
f 2035/2409/2237 2014/2346/2336 2491/2410/2379
f 2035/2409/2237 2491/2410/2379 2053/2407/2380
f 2015/2345/2335 2491/2410/2379 2014/2346/2336
f 2491/2410/2379 2015/2345/2335 2016/2411/2381
f 2029/2342/2337 2024/2348/2339 2015/2345/2089
f 2015/2345/2335 2018/2412/2365 2017/2413/2190
f 2015/2345/2335 2017/2413/2190 2465/2414/2382
f 2023/2347/2338 2468/2415/2383 2024/2348/2339
f 2018/2412/2365 2468/2415/2263 2017/2413/2190
f 2023/2347/2338 2019/2354/2343 2468/2415/2383
f 2030/2416/2384 2025/2353/2344 2027/2417/2102
f 2025/2353/2344 2026/2293/2301 2027/2417/2102
f 2026/2293/2301 2028/2418/2385 2027/2417/2102
f 2026/2293/2301 1466/2419/2386 2028/2418/2385
f 1467/2420/2293 1468/2421/2387 2027/2422/2388
f 2028/2418/2385 1466/2419/2386 1467/2420/2293
f 1467/2420/2293 1466/2419/2386 1468/2421/2387
f 1466/2423/2389 1459/2359/2347 2189/2424/2390
f 1466/2423/2389 1457/2357/2346 1459/2359/2347
f 1451/2292/2300 1460/2361/2349 1459/2359/2347
f 1459/2359/2347 1460/2361/2349 1465/2425/2391
f 1460/2361/2349 1461/2426/2392 2191/2427/2393
f 1460/2361/2349 2191/2427/2393 1465/2425/2391
f 1460/2361/2349 1462/2365/2353 1461/2426/2392
f 2495/2428/2394 1780/2429/2395 1842/2430/2396
f 1780/2429/2395 1781/2431/2397 1842/2430/2396
f 2339/2432/2398 1900/2433/2398 2495/2434/2398
f 1780/2429/2395 1892/2435/2399 1781/2431/2397
f 2339/2432/2400 1898/2436/2401 1780/2437/2402
f 2339/2432/2400 1770/2438/2403 1898/2436/2401
f 1898/2436/2401 1899/2439/2404 1780/2437/2402
f 1779/2440/2405 1898/2441/2406 1777/2442/2325
f 1770/2311/2315 1772/2366/2354 1901/2443/2407
f 1772/2366/2354 1902/2444/2408 1898/2441/2406
f 1772/2366/2354 1771/2367/2355 1902/2444/2408
f 1898/2441/2406 1902/2444/2408 1777/2442/2325
f 1902/2444/2409 2430/2445/2320 1773/2446/2410
f 2430/2445/2320 1902/2444/2409 2082/2447/2411
f 1879/2448/2410 2082/2447/2234 2432/2449/2412
f 1769/2450/2413 1768/2370/2414 2432/2449/2412
f 1768/2370/2414 1979/2451/2224 2432/2449/2412
f 2432/2449/2412 1979/2451/2224 1981/2452/2336
f 2433/2453/2415 1980/2454/2197 1981/2455/2340
f 2433/2453/2415 1979/2381/2416 1980/2454/2197
f 1979/2381/2362 1976/2384/2365 1983/2456/2089
f 1976/2457/2365 2436/2458/2367 2435/2459/2276
f 1980/2454/2411 1983/2460/2417 1985/2461/2258
f 1983/2460/2417 1982/2462/2418 2434/2463/2419
f 1983/2460/2417 2437/2390/2238 1982/2462/2418
f 2437/2390/2238 1971/2464/2420 1982/2462/2418
f 2437/2390/2238 1972/2389/2088 1971/2464/2420
f 1973/2392/2088 1971/2464/2420 1972/2389/2088
f 1973/2392/2088 2449/2465/2088 1971/2464/2420
f 1971/2464/2420 2449/2465/2088 2438/2466/2420
f 1989/2467/2421 2438/2466/2420 1982/2468/2362
f 2448/2391/2336 2441/2469/2364 2449/2465/2088
f 2448/2391/2336 1965/2393/2329 2441/2469/2364
f 2441/2469/2364 1962/2470/2238 2449/2465/2088
f 1966/2396/2373 1967/2395/2372 1965/2393/2329
f 1965/2393/2329 1967/2395/2372 2441/2469/2364
f 2441/2469/2364 1967/2395/2372 1930/2471/2194
f 1967/2395/2259 2458/2472/2109 1969/2473/2316
f 1967/2395/2259 1968/2397/2258 2458/2472/2109
f 1968/2397/2258 1970/2474/2282 2458/2472/2109
f 1969/2473/2316 2458/2472/2109 2012/2475/2213
f 1925/2398/2239 1926/2476/2422 1970/2477/2282
f 1926/2476/2422 1925/2398/2239 1927/2406/2239
f 2458/2472/2109 1926/2476/2423 2012/2475/2213
f 1927/2406/2237 2464/2405/2376 2056/2478/2424
f 2464/2405/2376 2052/2479/2425 2056/2478/2424
f 2464/2405/2376 2461/2408/2378 2459/2480/2426
f 2464/2405/2376 2459/2480/2426 2052/2479/2425
f 2052/2481/2427 2013/2482/2298 2012/2483/2428
f 2459/2480/2426 2461/2408/2378 2013/2484/2429
f 2053/2485/2430 2059/2486/2431 2013/2482/2432
f 2053/2485/2430 2016/2487/2433 2059/2486/2431
f 2016/2411/2381 2015/2345/2335 2465/2414/2382
f 2016/2488/2434 2078/2489/2434 2060/2490/2434
f 2465/2491/2365 2468/2492/2417 2022/2493/2239
f 2022/2493/2239 2058/2494/2276 2078/2489/2435
f 2022/2493/2239 2468/2492/2417 2058/2494/2276
f 2468/2415/2383 2021/2495/2239 1482/2496/2276
f 2019/2354/2343 2020/2497/2436 2468/2415/2383
f 2468/2415/2383 2020/2497/2436 2466/2498/2417
f 2027/2422/2388 2467/2499/2437 2019/2500/2438
f 2027/2422/2388 2479/2501/2314 2467/2499/2437
f 2027/2422/2388 1468/2421/2387 2479/2501/2314
f 2189/2502/2439 2186/2503/2412 2182/2504/2116
f 2189/2502/2439 2187/2505/2422 2186/2503/2412
f 2189/2502/2439 1465/2506/2308 2187/2505/2422
f 2187/2505/2422 2188/2507/2440 2186/2503/2412
f 2195/2508/2441 2191/2509/2442 2188/2507/2440
f 2194/2510/2443 2191/2509/2442 2195/2508/2441
f 1839/2511/2444 1842/2430/2396 1840/2512/2445
f 1842/2430/2396 1841/2513/2446 1840/2512/2445
f 1842/2430/2396 1843/2514/2447 1841/2513/2446
f 1842/2430/2396 1781/2431/2397 1843/2514/2447
f 1779/2440/2405 1892/2435/2399 1780/2429/2395
f 1892/2435/2399 1779/2440/2405 1778/2515/2364
f 1779/2440/2405 1777/2442/2325 1778/2515/2364
f 1777/2442/2325 1775/2516/2314 1776/2517/2410
f 1777/2442/2325 1776/2517/2410 1778/2515/2364
f 1776/2517/2238 1865/2518/2448 2423/2519/2449
f 1775/2516/2314 1866/2520/2107 1776/2517/2410
f 1775/2516/2314 1774/2521/2450 1866/2520/2107
f 2423/2519/2449 1865/2518/2448 2421/2522/2451
f 1775/2516/2314 1773/2446/2410 1774/2521/2450
f 1773/2446/2410 2430/2445/2320 1774/2521/2450
f 1877/2523/2452 1879/2448/2410 1866/2524/2261
f 2432/2449/2412 1878/2525/2262 1879/2448/2410
f 1879/2448/2410 1878/2525/2262 1866/2524/2261
f 1866/2524/2261 1878/2525/2262 1876/2526/2297
f 1878/2525/2262 2432/2449/2412 1880/2527/2259
f 2432/2449/2412 1981/2452/2336 1880/2527/2259
f 1880/2527/2259 1981/2452/2336 1767/2528/2453
f 1878/2525/2262 1880/2527/2259 2422/2529/2261
f 1981/2455/2340 1980/2454/2197 1984/2530/2367
f 1981/2531/2102 2429/2532/2102 2427/2533/2102
f 1985/2461/2258 2428/2534/2454 2429/2535/2455
f 1985/2461/2258 1983/2460/2417 2428/2534/2454
f 1986/2536/2428 2429/2535/2455 2428/2534/2454
f 1983/2460/2417 1957/2537/2456 2428/2534/2454
f 2428/2534/2454 1957/2537/2456 2426/2538/2457
f 1957/2537/2456 1983/2460/2417 2434/2463/2419
f 1957/2537/2458 1959/2539/2459 1964/2540/2460
f 1957/2537/2458 1982/2468/2362 1959/2539/2459
f 2438/2466/2420 1962/2470/2238 1982/2468/2362
f 2438/2466/2420 2449/2465/2088 1962/2470/2238
f 1962/2470/2238 2439/2541/2428 1961/2542/2327
f 2441/2469/2364 1931/2543/2088 1962/2470/2238
f 1962/2470/2238 1935/2544/2088 2439/2541/2428
f 1935/2544/2088 1936/2545/2088 2439/2541/2428
f 1932/2546/2088 1934/2547/2088 1935/2544/2088
f 1935/2544/2088 1934/2547/2088 1936/2545/2088
f 1932/2546/2088 1931/2548/2088 2445/2549/2234
f 1931/2548/2088 1930/2550/2417 2445/2549/2234
f 1932/2546/2088 2445/2549/2234 1933/2551/2410
f 1932/2546/2088 1933/2551/2410 1934/2547/2088
f 1930/2550/2417 1929/2552/2262 2445/2549/2234
f 1930/2550/2417 2012/2475/2194 1929/2552/2262
f 1929/2552/2262 2492/2553/2316 2009/2554/2461
f 1929/2552/2262 2012/2475/2194 2492/2553/2316
f 2492/2553/2316 2062/2555/2340 2009/2554/2461
f 2013/2482/2298 2460/2556/2462 2012/2483/2428
f 2062/2555/2463 2012/2483/2428 2494/2557/2464
f 2460/2556/2462 1490/2558/2465 2012/2483/2428
f 2012/2483/2428 1490/2558/2465 2494/2557/2464
f 2013/2482/2298 2061/2559/2411 2460/2556/2462
f 2061/2559/2466 2059/2486/2431 1490/2560/2467
f 2059/2486/2431 2058/2561/2468 1490/2560/2467
f 2059/2486/2431 2016/2487/2433 2058/2561/2468
f 1490/2558/2469 1483/2562/2469 1485/2563/2469
f 2058/2564/2410 1482/2565/2410 1480/2566/2239
f 1482/2565/2410 1481/2567/2329 1480/2566/2239
f 2058/2564/2410 1480/2566/2239 1483/2562/2238
f 1481/2567/2329 1479/2568/2258 1480/2566/2239
f 2468/2415/2383 2466/2498/2417 2021/2495/2239
f 2021/2495/2239 2466/2498/2417 1479/2569/2327
f 1478/2570/2420 1476/2571/2234 1479/2568/2258
f 2466/2498/2417 2020/2497/2436 1478/2572/2365
f 2020/2573/2470 2467/2499/2437 1477/2574/2260
f 2467/2499/2437 2479/2501/2314 1477/2574/2260
f 2189/2502/2439 2182/2504/2116 2479/2501/2471
f 2479/2501/2471 2182/2504/2116 1469/2575/2380
f 2186/2503/2412 2185/2576/2408 2182/2504/2116
f 2188/2507/2440 2190/2577/2472 2186/2503/2412
f 2188/2507/2440 2191/2509/2442 2190/2577/2472
f 2183/2578/2473 2185/2576/2474 2190/2579/2475
f 2190/2577/2472 2191/2509/2442 2193/2580/2476
f 2191/2509/2442 2192/2581/2477 2193/2580/2476
f 1840/2512/2445 1838/2582/2478 1839/2511/2444
f 1897/2583/2088 1782/2584/2479 1840/2512/2445
f 1781/2431/2233 1782/2584/2479 1897/2583/2088
f 1782/2584/2479 1781/2431/2233 1783/2585/2309
f 1781/2586/2233 1784/2587/2102 1783/2588/2309
f 1783/2585/2480 1891/2589/2481 2402/2590/2482
f 1891/2591/2483 1892/2592/2483 1894/2593/2483
f 1894/2593/2484 2421/2522/2451 2402/2590/2485
f 2423/2519/2449 2421/2522/2451 1892/2592/2486
f 2402/2590/2485 2421/2522/2451 2420/2594/2487
f 2420/2594/2487 2421/2522/2451 1864/2595/2365
f 2421/2522/2451 1865/2518/2448 1876/2596/2488
f 1876/2596/2489 1887/2597/2490 1867/2598/2491
f 1878/2525/2262 2422/2529/2261 1885/2599/2417
f 1885/2599/2492 1875/2600/2449 1876/2601/2493
f 1876/2601/2493 1875/2600/2449 1886/2602/2281
f 2422/2529/2261 1880/2527/2259 1883/2603/2190
f 1886/2602/2281 1875/2600/2449 1874/2604/2365
f 1881/2605/2494 1882/2606/2495 1880/2527/2496
f 1881/2605/2494 2424/2607/2238 1882/2606/2495
f 1883/2603/2190 1880/2527/2259 1884/2608/2239
f 1883/2603/2190 1884/2608/2239 1872/2609/2325
f 1884/2608/2239 1870/2610/2316 1872/2609/2325
f 1880/2611/2497 2424/2612/2340 1766/2613/2282
f 1767/2614/2498 2426/2538/2457 2424/2612/2340
f 1767/2614/2498 2428/2534/2454 2426/2538/2457
f 2424/2612/2340 1765/2615/2234 1766/2613/2282
f 1766/2613/2282 1765/2615/2234 1764/2616/2234
f 2424/2612/2340 2426/2538/2457 1765/2615/2234
f 1957/2617/2499 1963/2618/2500 2425/2619/2285
f 1959/2620/2459 1982/2468/2362 1963/2621/2412
f 1982/2468/2362 1960/2622/2233 1963/2621/2412
f 1963/2623/2501 1953/2624/2502 1955/2625/2503
f 1982/2468/2362 1962/2470/2238 1960/2622/2233
f 1963/2623/2501 1954/2626/2222 1953/2624/2502
f 1962/2470/2238 1961/2542/2327 1960/2622/2233
f 1954/2626/2222 1961/2542/2327 1988/2627/2420
f 1961/2542/2327 2439/2541/2428 1988/2627/2420
f 2439/2541/2428 2440/2628/2112 1988/2627/2420
f 1936/2545/2088 1934/2547/2088 1988/2627/2325
f 1988/2627/2325 2442/2629/2504 2419/2630/2505
f 1934/2547/2088 2445/2631/2234 1928/2632/2184
f 1934/2547/2088 1928/2632/2184 1988/2627/2325
f 1988/2627/2325 1928/2632/2184 2442/2629/2504
f 1928/2632/2184 2009/2554/2461 2442/2629/2504
f 2442/2629/2504 2009/2554/2461 2008/2633/2506
f 2062/2555/2340 2011/2634/2507 2009/2554/2461
f 2009/2554/2461 2011/2634/2507 2008/2633/2506
f 2062/2555/2463 2494/2557/2464 2493/2635/2089
f 2493/2635/2089 2494/2557/2464 1486/2636/2508
f 1486/2636/2508 1488/2637/2509 2493/2635/2089
f 2494/2557/2464 1490/2558/2465 1488/2637/2510
f 1488/2637/2510 1490/2558/2465 1489/2638/2511
f 1490/2558/2465 1491/2639/2512 1489/2638/2511
f 1483/2562/2238 1480/2566/2239 1484/2640/2513
f 1484/2640/2513 2171/2641/2514 1485/2642/2515
f 1485/2642/2516 2173/2643/2516 1491/2644/2516
f 1480/2566/2239 2171/2641/2514 1484/2640/2513
f 2171/2641/2410 2174/2645/2410 2446/2646/2327
f 1480/2566/2239 1479/2568/2258 1476/2571/2234
f 1476/2571/2234 1475/2647/2263 2174/2648/2190
f 1478/2570/2420 1477/2649/2323 1476/2571/2234
f 1476/2571/2234 1477/2649/2323 1475/2647/2263
f 1477/2649/2323 2201/2650/2323 1472/2651/2409
f 1477/2649/2323 1472/2651/2409 1475/2647/2263
f 1475/2647/2263 1472/2651/2409 1474/2652/2517
f 1477/2649/2323 1469/2653/2518 2201/2650/2323
f 1472/2654/2519 1470/2655/2520 1471/2656/2521
f 2182/2504/2365 2183/2578/2473 2180/2657/2522
f 2180/2657/2522 2183/2578/2473 2196/2658/2523
f 2180/2657/2522 2196/2658/2523 2181/2659/2524
f 2183/2578/2473 2190/2579/2475 2184/2660/2525
f 2190/2579/2475 2192/2581/2526 2184/2660/2525
f 2183/2578/2473 2184/2660/2525 2196/2658/2523
f 1838/2582/2527 1844/2661/2528 1837/2662/2529
f 1782/2584/2479 1838/2582/2478 1840/2512/2445
f 1782/2584/2479 1783/2585/2309 1785/2663/2530
f 1786/2664/2531 1785/2665/2532 1896/2666/2533
f 1783/2585/2480 2402/2590/2482 2401/2667/2534
f 2420/2594/2487 1893/2668/2535 2402/2590/2485
f 2420/2594/2487 1895/2669/2265 1893/2668/2535
f 1864/2595/2365 2421/2522/2451 1863/2670/2365
f 1864/2595/2365 1863/2670/2365 1895/2669/2265
f 1895/2669/2265 1863/2670/2365 2496/2671/2536
f 1895/2669/2265 2496/2671/2536 1893/2668/2535
f 2421/2522/2451 1876/2596/2488 1863/2670/2365
f 1863/2670/2365 1862/2672/2537 2496/2671/2536
f 2496/2671/2536 1862/2672/2537 1860/2673/2465
f 1868/2674/2538 1867/2598/2491 1862/2675/2539
f 1876/2596/2489 1867/2598/2491 1868/2674/2538
f 1887/2676/2234 1886/2677/2234 1869/2678/2222
f 1869/2678/2222 1886/2677/2234 1870/2610/2420
f 1886/2602/2281 1874/2604/2365 1873/2679/2417
f 1874/2604/2365 1872/2609/2325 1873/2679/2417
f 1873/2679/2417 1872/2609/2325 1870/2610/2316
f 1884/2608/2239 1764/2680/2262 1870/2610/2316
f 1765/2615/2234 1956/2681/2088 1764/2616/2234
f 1957/2617/2499 2425/2619/2285 1956/2682/2540
f 1956/2682/2540 2425/2619/2285 1763/2683/2541
f 2425/2619/2285 1955/2625/2310 1763/2683/2541
f 1763/2683/2541 1955/2625/2310 1942/2684/2542
f 1942/2685/2264 1953/2624/2543 1940/2686/2544
f 1954/2626/2222 1988/2627/2420 1953/2624/2502
f 2442/2629/2504 1937/2687/2496 2419/2630/2505
f 2419/2630/2505 1937/2687/2496 1953/2688/2488
f 1953/2688/2488 1937/2687/2496 1938/2689/2545
f 1937/2690/2546 2443/2691/2547 2007/2692/2548
f 2008/2633/2549 2006/2693/2550 2443/2691/2547
f 2443/2691/2547 2006/2693/2550 2007/2692/2548
f 2008/2633/2506 2011/2634/2507 2444/2694/2551
f 2493/2635/2089 1487/2695/2552 2444/2696/2553
f 2493/2635/2089 1488/2637/2509 1487/2695/2552
f 1493/2697/2554 1489/2638/2511 1491/2639/2512
f 1491/2698/2555 2169/2699/2556 2417/2700/2557
f 2173/2701/2558 2171/2641/2410 2172/2702/2115
f 2172/2702/2115 2171/2641/2410 2169/2703/2102
f 2171/2641/2410 2446/2646/2327 2169/2703/2102
f 2174/2645/2410 2168/2704/2559 2446/2646/2327
f 2168/2704/2559 2174/2645/2410 2175/2705/2495
f 2175/2705/2234 1475/2647/2263 2178/2706/2560
f 2168/2707/2422 2178/2708/2561 2176/2709/2275
f 1475/2647/2263 1474/2652/2517 2178/2706/2560
f 2178/2708/2561 1471/2710/2562 2176/2709/2275
f 1471/2711/2563 1473/2712/2563 2167/2713/2563
f 1470/2655/2520 2180/2657/2522 1471/2656/2521
f 1470/2655/2520 1469/2575/2564 2180/2657/2522
f 2180/2657/2522 2179/2714/2565 1471/2656/2521
f 2180/2657/2522 2447/2715/2566 2179/2714/2565
f 2447/2715/2566 2180/2657/2522 2181/2659/2524
f 2181/2659/2524 2156/2716/2567 2447/2715/2566
f 1837/2662/2568 1834/2717/2569 1839/2718/2570
f 1838/2719/2571 1786/2664/2531 1787/2720/2572
f 1896/2666/2533 1787/2720/2572 1786/2664/2531
f 1896/2721/2573 2401/2722/2574 1859/2723/2575
f 2401/2722/2574 1860/2673/2576 1859/2723/2575
f 1859/2723/2575 1860/2673/2576 1855/2724/2577
f 1861/2725/2578 2496/2671/2536 1860/2673/2465
f 1862/2672/2537 1890/2726/2579 1860/2673/2465
f 1867/2598/2580 1869/2678/2222 1890/2727/2422
f 1869/2678/2222 1870/2610/2420 1890/2727/2422
f 1890/2727/2422 1870/2610/2420 1759/2728/2088
f 1871/2729/2428 2083/2730/2197 1870/2731/2412
f 2083/2730/2197 1761/2732/2112 1870/2731/2412
f 1764/2733/2420 1762/2734/2340 2083/2730/2197
f 2083/2730/2197 1762/2734/2340 1761/2732/2112
f 1763/2735/2420 1762/2734/2340 1764/2733/2420
f 1950/2736/2420 1762/2734/2340 1763/2735/2420
f 1763/2683/2541 1942/2684/2542 1958/2737/2581
f 1940/2686/2544 1990/2738/2286 1942/2685/2264
f 1940/2739/2428 1939/2740/2582 1941/2741/2583
f 1937/2687/2496 1939/2740/2582 1938/2689/2545
f 1940/2739/2428 1938/2689/2545 1939/2740/2582
f 2063/2742/2584 2007/2692/2548 2005/2743/2183
f 2063/2742/2584 2005/2743/2183 1937/2744/2585
f 2007/2692/2548 2006/2693/2550 2005/2743/2183
f 2006/2693/2550 2002/2745/2088 2005/2743/2183
f 2006/2693/2550 2004/2746/2365 2002/2745/2088
f 2444/2694/2113 2010/2747/2113 2006/2693/2113
f 2002/2745/2088 2004/2746/2365 1495/2748/2417
f 2010/2749/2363 1495/2748/2417 2004/2746/2365
f 1487/2695/2552 1488/2637/2509 2010/2749/2586
f 1488/2637/2509 1494/2750/2587 2010/2749/2586
f 1494/2751/2588 1493/2752/2589 1495/2748/2470
f 1491/2639/2512 1492/2753/2590 1493/2697/2554
f 1493/2754/2591 2418/2755/2337 1496/2756/2502
f 1492/2757/2592 2417/2758/2592 2418/2755/2337
f 2417/2758/2592 1497/2759/2282 2418/2755/2337
f 2418/2755/2337 1497/2759/2282 2404/2760/2088
f 2417/2758/2557 2169/2703/2556 2170/2761/2593
f 2169/2703/2556 1499/2762/2194 2170/2761/2593
f 1497/2759/2282 1499/2762/2234 1498/2763/2107
f 2169/2764/2594 2416/2765/2282 1501/2766/2595
f 2169/2764/2594 2168/2707/2422 2416/2765/2282
f 2416/2765/2282 2415/2767/2367 2177/2768/2596
f 2168/2707/2422 2167/2769/2420 2416/2765/2282
f 2168/2707/2422 2176/2709/2275 2167/2769/2420
f 2416/2765/2282 2167/2769/2420 2415/2767/2367
f 2167/2769/2234 2160/2770/2597 2414/2771/2259
f 2160/2770/2597 1471/2772/2598 2158/2773/2599
f 1839/2718/2570 1834/2717/2569 1831/2774/2600
f 1831/2774/2600 1834/2717/2569 1833/2775/2601
f 1835/2776/2602 1837/2777/2602 1836/2778/2602
f 1835/2779/2603 1832/2780/2604 1833/2775/2601
f 1837/2662/2529 1844/2661/2528 1896/2781/2605
f 1837/2662/2529 1896/2781/2605 1845/2782/2606
f 1845/2782/2606 1896/2781/2605 1846/2783/2607
f 1896/2666/2608 1855/2784/2609 1788/2785/2610
f 2378/2786/2611 1858/2787/2612 1855/2788/2613
f 1860/2789/2614 1889/2790/2589 2378/2786/2615
f 2378/2786/2615 1889/2790/2589 1732/2791/2363
f 1889/2790/2589 1733/2792/2190 1732/2791/2363
f 1860/2789/2614 1888/2793/2616 1889/2790/2589
f 1888/2793/2616 1890/2794/2617 1889/2790/2589
f 1759/2728/2088 1758/2795/2262 1890/2794/2422
f 1761/2732/2618 2077/2796/2619 1759/2728/2266
f 1759/2728/2266 1760/2797/2327 2400/2798/2226
f 2077/2796/2619 1760/2797/2327 1759/2728/2266
f 2077/2796/2619 1951/2799/2417 1760/2797/2327
f 1761/2732/2112 1762/2734/2340 1951/2800/2324
f 1951/2799/2417 2076/2801/2239 1760/2797/2327
f 1951/2799/2417 1952/2802/2194 2076/2801/2239
f 2084/2803/2233 1950/2804/2620 1948/2805/2292
f 2084/2803/2233 1948/2805/2292 1951/2799/2417
f 1951/2799/2417 1949/2806/2239 1952/2802/2194
f 1951/2799/2417 1948/2805/2292 1949/2806/2239
f 1950/2804/2620 1942/2685/2621 1948/2805/2292
f 1948/2805/2292 1946/2807/2234 1949/2806/2239
f 1942/2808/2622 2000/2809/2409 1944/2810/2409
f 1948/2805/2292 1947/2811/2234 1946/2807/2234
f 1944/2810/2409 1943/2812/2417 1947/2811/2234
f 1942/2808/2622 1941/2741/2583 2000/2809/2409
f 2000/2809/2409 1943/2812/2417 1944/2810/2409
f 1941/2741/2583 1939/2740/2582 2000/2809/2409
f 2073/2813/2623 2000/2809/2624 1991/2814/2344
f 1937/2815/2625 2002/2816/2625 2000/2817/2625
f 2002/2745/2088 1495/2748/2417 2003/2818/2262
f 1495/2748/2417 2064/2819/2238 2069/2820/2088
f 1495/2748/2470 1493/2752/2589 2407/2821/2626
f 1495/2748/2470 2407/2821/2626 2066/2822/2200
f 2407/2821/2626 1496/2756/2502 2066/2822/2200
f 1496/2756/2502 2418/2755/2337 2404/2760/2088
f 1496/2756/2502 2404/2760/2088 2066/2822/2200
f 1497/2759/2282 1498/2763/2107 2404/2760/2088
f 2404/2760/2088 1498/2763/2107 2406/2823/2354
f 1498/2763/2107 1499/2762/2234 1500/2824/2141
f 1499/2762/2234 1501/2825/2240 1500/2824/2141
f 1501/2825/2240 2177/2826/2627 1500/2824/2141
f 2177/2826/2259 1503/2827/2339 1502/2828/2628
f 2167/2769/2234 2161/2829/2282 1503/2830/2629
f 2167/2769/2234 2414/2771/2259 2161/2829/2282
f 2160/2770/2597 2158/2773/2599 2414/2771/2259
f 2162/2831/2234 2159/2832/2630 2154/2833/2631
f 2158/2834/2632 2179/2714/2633 2156/2716/2634
f 2158/2834/2632 2156/2716/2634 2157/2835/2635
f 2159/2832/2630 2157/2835/2636 2154/2833/2631
f 2157/2835/2635 2156/2716/2634 2155/2836/2637
f 1833/2775/2601 1832/2780/2604 1831/2774/2600
f 1831/2774/2600 1830/2837/2638 1829/2838/2639
f 1832/2780/2604 1846/2839/2640 1831/2774/2600
f 1846/2839/2640 1830/2837/2638 1831/2774/2600
f 2376/2840/2641 1847/2841/2642 1830/2842/2638
f 1830/2837/2638 2374/2843/2643 1829/2838/2639
f 1830/2837/2638 1847/2844/2642 2374/2843/2643
f 1846/2845/2644 1789/2846/2645 1847/2844/2646
f 1846/2845/2644 1788/2785/2647 1789/2846/2645
f 1788/2847/2610 1855/2848/2609 2377/2849/2648
f 1855/2724/2649 2375/2850/2260 1789/2851/2650
f 1855/2724/2649 1856/2852/2503 2375/2850/2260
f 1855/2724/2649 1857/2853/2580 1856/2852/2503
f 1731/2854/2367 1730/2855/2410 1857/2856/2410
f 2378/2786/2611 2085/2857/2428 1858/2787/2612
f 1858/2787/2612 2085/2857/2428 1731/2854/2651
f 1732/2791/2363 1733/2792/2190 1731/2858/2417
f 1733/2792/2190 1755/2859/2365 1731/2858/2417
f 1731/2858/2417 1755/2859/2365 1734/2860/2107
f 1755/2859/2365 1736/2861/2420 1734/2860/2107
f 1733/2792/2652 1890/2794/2422 1757/2862/2239
f 1890/2794/2422 1758/2795/2262 1757/2862/2239
f 1755/2863/2653 1757/2862/2654 2379/2864/2653
f 2379/2864/2653 1754/2865/2653 1755/2863/2653
f 1758/2795/2262 2380/2866/2641 1757/2862/2239
f 2379/2867/2561 2400/2798/2409 1566/2868/2655
f 2380/2866/2656 1759/2728/2266 2400/2798/2226
f 2400/2798/2409 1564/2869/2657 1566/2868/2655
f 2076/2870/2201 1564/2869/2657 2400/2798/2409
f 2076/2801/2239 1952/2802/2194 2117/2871/2234
f 2117/2871/2658 1563/2872/2234 1564/2869/2276
f 1946/2807/2234 1563/2872/2234 1949/2806/2239
f 1563/2872/2234 1946/2807/2234 1561/2873/2234
f 1947/2811/2234 1943/2812/2417 1946/2807/2234
f 1946/2807/2234 1943/2812/2417 1945/2874/2282
f 1946/2807/2234 1945/2874/2282 1562/2875/2428
f 1562/2875/2428 1945/2874/2282 1561/2876/2234
f 1943/2812/2417 1991/2877/2659 1945/2874/2282
f 2000/2809/2624 2399/2878/2344 1991/2814/2344
f 2399/2878/2344 2000/2809/2624 1998/2879/2194
f 2399/2878/2344 1998/2879/2194 1999/2880/2190
f 1991/2814/2344 2399/2878/2344 2074/2881/2190
f 1999/2880/2190 1998/2879/2194 1995/2882/2190
f 2002/2745/2238 2001/2883/2238 1998/2884/2238
f 1998/2885/2422 2068/2886/2239 2072/2887/2595
f 2071/2888/2258 2068/2886/2239 1998/2885/2422
f 2003/2818/2262 2068/2886/2239 2002/2745/2088
f 2071/2888/2258 2002/2745/2088 2068/2886/2239
f 1495/2748/2417 2069/2820/2088 2003/2818/2262
f 2069/2820/2088 2064/2819/2238 2065/2889/2540
f 2068/2890/2641 2065/2889/2660 2066/2891/2325
f 2066/2891/2661 2406/2892/2463 2403/2893/2662
f 2406/2892/2463 2177/2826/2259 2403/2893/2662
f 2177/2826/2259 1502/2828/2628 1504/2894/2088
f 1502/2895/2663 2161/2896/2663 1505/2897/2663
f 2161/2829/2282 2414/2771/2259 2165/2898/2422
f 2414/2771/2259 2409/2899/2234 2165/2898/2422
f 2414/2771/2259 2162/2900/2234 2409/2899/2234
f 2155/2836/2637 2153/2901/2664 2154/2902/2665
f 2154/2902/2665 2153/2901/2664 2152/2903/2666
f 2155/2836/2637 2156/2716/2634 2153/2901/2664
f 1829/2838/2639 2374/2843/2643 1848/2904/2667
f 1829/2838/2639 1848/2904/2667 2373/2905/2668
f 2374/2843/2643 1849/2906/2239 1848/2904/2667
f 1849/2907/2669 1847/2908/2670 2372/2909/2671
f 1847/2908/2670 2375/2850/2260 2372/2909/2671
f 2372/2909/2671 2375/2850/2260 1723/2910/2672
f 1723/2910/2672 2375/2850/2260 1854/2911/2583
f 2375/2850/2260 1856/2852/2503 1854/2911/2583
f 1729/2912/2238 1728/2913/2364 1854/2911/2536
f 1729/2912/2238 1857/2856/2410 1728/2913/2364
f 1854/2911/2536 1728/2913/2364 1727/2914/2424
f 1857/2856/2410 1730/2855/2410 1728/2913/2364
f 1728/2913/2364 1730/2855/2410 1738/2915/2428
f 1734/2860/2107 1736/2861/2420 1735/2916/2234
f 1735/2916/2234 1736/2861/2420 1737/2917/2234
f 1754/2865/2673 1756/2918/2362 1736/2861/2674
f 1736/2861/2674 1756/2918/2362 1567/2919/2675
f 2379/2867/2561 1566/2868/2655 1756/2918/2676
f 1736/2861/2674 1567/2919/2675 1753/2920/2677
f 1566/2868/2678 1587/2921/2678 1567/2922/2678
f 1586/2923/2375 1564/2869/2276 1565/2924/2325
f 1564/2869/2276 1563/2872/2234 1565/2924/2325
f 1563/2872/2234 2118/2925/2088 1565/2924/2325
f 1563/2872/2234 1561/2873/2234 2118/2925/2088
f 2118/2925/2239 1559/2926/2110 2110/2927/2088
f 2110/2927/2088 2109/2928/2367 2108/2929/2641
f 1561/2876/2234 1560/2930/2417 1559/2931/2261
f 1559/2926/2110 2109/2928/2367 2110/2927/2088
f 1561/2876/2234 1945/2874/2282 1560/2930/2417
f 1945/2874/2282 1992/2932/2234 1560/2930/2417
f 1992/2933/2115 1991/2934/2420 1993/2935/2234
f 1559/2936/2190 1992/2933/2365 2398/2937/2261
f 1991/2934/2420 1994/2938/2088 1993/2935/2234
f 2398/2937/2261 1993/2939/2197 1558/2940/2234
f 1993/2935/2234 1994/2938/2088 1996/2941/2234
f 1994/2938/2088 1995/2942/2340 1996/2941/2234
f 1996/2941/2422 2075/2943/2234 1558/2944/2234
f 1998/2879/2659 1997/2945/2282 1996/2946/2234
f 1996/2946/2234 1997/2945/2282 1555/2947/2238
f 2068/2890/2641 2067/2948/2088 1554/2949/2679
f 2068/2890/2641 2066/2891/2325 2067/2948/2088
f 2067/2948/2088 2070/2950/2364 1554/2949/2679
f 1554/2949/2679 2070/2950/2364 2395/2951/2240
f 2067/2948/2088 2066/2891/2325 1547/2952/2327
f 2066/2891/2661 2403/2893/2662 1546/2953/2263
f 2403/2893/2662 2177/2826/2259 1548/2954/2310
f 2177/2826/2259 1544/2955/2408 1548/2954/2310
f 2177/2826/2259 1504/2894/2088 1544/2955/2408
f 1504/2894/2088 1506/2956/2261 1544/2955/2408
f 2161/2829/2680 2413/2957/2680 1504/2958/2680
f 2413/2959/2256 2408/2960/2681 1506/2961/2681
f 2413/2962/2239 2165/2963/2239 2164/2964/2239
f 2409/2899/2234 2163/2965/2233 2164/2964/2238
f 2408/2966/2238 2164/2964/2238 2163/2965/2233
f 2409/2899/2234 2166/2967/2239 2410/2968/2239
f 2162/2900/2234 2166/2967/2239 2409/2899/2234
f 2409/2899/2234 2151/2969/2282 2163/2965/2233
f 2409/2899/2234 2410/2968/2239 2151/2969/2282
f 2410/2970/2239 2411/2971/2240 2151/2972/2282
f 2166/2973/2682 2152/2903/2666 2151/2969/2316
f 2152/2903/2666 2405/2974/2683 2151/2969/2316
f 2152/2903/2666 2153/2901/2664 2412/2975/2684
f 2152/2903/2666 2412/2975/2684 2197/2976/2685
f 2152/2903/2666 2197/2976/2685 2405/2974/2683
f 2153/2901/2686 2506/2977/2687 2197/2978/2688
f 1829/2838/2639 2373/2905/2668 1828/2979/2689
f 1829/2838/2639 1828/2979/2689 1852/2980/2690
f 2373/2905/2691 1850/2981/2692 1790/2982/2693
f 1848/2983/2694 2372/2909/2671 1790/2982/2695
f 2372/2909/2671 1723/2910/2672 1790/2982/2695
f 1854/2911/2583 1853/2984/2696 1723/2910/2672
f 1723/2910/2559 1727/2914/2424 1740/2985/2266
f 1727/2914/2424 1726/2986/2697 1740/2985/2266
f 1727/2914/2424 1728/2913/2364 1726/2986/2697
f 1738/2915/2417 1737/2917/2234 1726/2987/2088
f 1726/2987/2088 1737/2917/2234 2371/2988/2088
f 1737/2917/2234 1570/2989/2420 2371/2988/2088
f 1737/2990/2234 1736/2991/2420 1570/2992/2420
f 1736/2861/2674 1753/2920/2677 1752/2993/2698
f 1570/2989/2234 1752/2994/2420 1569/2995/2115
f 1752/2994/2420 1568/2996/2116 1569/2995/2115
f 1752/2994/2420 2115/2997/2261 1568/2996/2116
f 1567/2998/2470 2370/2999/2470 2115/2997/2261
f 2115/2997/2261 2370/2999/2470 1568/2996/2116
f 1587/3000/2420 1586/3001/2259 2370/3002/2699
f 1586/3001/2259 1582/3003/2700 2370/3002/2699
f 1582/3003/2700 1581/3004/2701 2370/3002/2699
f 2110/2927/2088 2108/2929/2641 1586/3005/2088
f 2109/2928/2367 1583/3006/2702 2108/2929/2641
f 1582/3003/2700 1583/3007/2411 1580/3008/2703
f 1583/3007/2411 1584/3009/2224 1580/3008/2703
f 1559/2936/2190 2398/2937/2261 1583/3007/2194
f 1584/3009/2224 1583/3007/2411 1588/3010/2641
f 2398/2937/2261 1558/2940/2234 1583/3007/2194
f 1558/2944/2234 2497/3011/2704 1591/3012/2265
f 2075/2943/2234 2497/3011/2704 1558/2944/2234
f 1556/3013/2705 2397/3014/2706 2497/3011/2704
f 1591/3012/2265 2497/3011/2704 2397/3014/2706
f 2397/3014/2707 1555/3015/2708 1554/2949/2679
f 1555/3015/2708 2068/2886/2641 1554/2949/2679
f 1554/2949/2679 1630/3016/2709 2397/3014/2707
f 1630/3017/2710 1632/3018/2710 1631/3019/2710
f 1631/3019/2450 1554/2949/2679 1553/3020/2290
f 1554/2949/2679 1552/3021/2238 1553/3020/2290
f 1554/2949/2679 2395/2951/2240 1552/3021/2238
f 2395/2951/2240 1547/3022/2320 1552/3021/2238
f 1547/3022/2320 1549/3023/2365 1552/3021/2238
f 1547/3022/2320 1548/2954/2543 1549/3023/2365
f 1547/3022/2320 1546/2953/2711 1548/2954/2543
f 2120/3024/2712 1548/3025/2712 2121/3026/2712
f 1544/2955/2408 2396/3027/2316 2121/3028/2679
f 1544/2955/2408 1545/3029/2619 2396/3027/2316
f 1544/2955/2408 1506/2956/2261 1545/3029/2619
f 1545/3029/2619 1542/3030/2431 2396/3027/2316
f 2408/2960/2681 1507/3031/2681 1506/2961/2681
f 1506/3032/2713 2151/2969/2316 1509/3033/2233
f 2151/2969/2316 2150/3034/2107 1509/3033/2233
f 2151/2969/2316 2405/2974/2683 2150/3034/2107
f 2150/3034/2107 2405/2974/2683 2198/3035/2714
f 2150/3034/2107 2198/3035/2714 2393/3036/2715
f 2150/3034/2107 2393/3036/2715 2149/3037/2716
f 2197/2978/2688 2506/2977/2687 1510/3038/2717
f 2198/3035/2714 1510/3039/2718 2393/3036/2715
f 1829/2838/2639 1852/2980/2690 1818/3040/2719
f 1818/3040/2719 1852/2980/2690 1825/3041/2720
f 2116/3042/2721 1828/3043/2722 1792/3044/2723
f 1828/3043/2722 2354/3045/2724 1792/3044/2723
f 2499/3046/2725 1791/3047/2726 2373/2905/2691
f 2373/2905/2691 1790/2982/2693 2499/3046/2725
f 1790/2982/2693 1724/3048/2727 2499/3046/2725
f 2499/3046/2725 1851/3049/2728 1791/3047/2726
f 1724/3050/2729 1723/2910/2559 1725/3051/2291
f 1723/2910/2559 1740/2985/2266 1725/3051/2291
f 1725/3052/2730 1702/3053/2513 1703/3054/2148
f 1702/3053/2513 1701/3055/2731 1703/3054/2148
f 1740/2985/2732 1742/3056/2733 1702/3053/2734
f 1742/3056/2733 1741/3057/2420 2094/3058/2088
f 1742/3056/2733 1740/2985/2732 1741/3057/2420
f 1741/3057/2420 1740/2985/2732 1739/3059/2240
f 2371/2988/2735 1739/3059/2240 1740/2985/2732
f 1739/3059/2240 1570/2989/2234 1571/3060/2234
f 1570/2989/2234 1569/2995/2115 1571/3060/2234
f 1571/3060/2234 1743/3061/2088 1739/3059/2240
f 1571/3060/2234 1744/3062/2233 1743/3061/2088
f 1569/2995/2115 1577/3063/2679 1572/3064/2736
f 1568/2996/2116 1577/3063/2679 1569/2995/2115
f 1578/3065/2737 2370/3002/2737 1577/3066/2737
f 1577/3067/2738 1581/3068/2738 1573/3069/2738
f 1582/3003/2700 1580/3008/2703 1581/3004/2701
f 1581/3004/2701 1580/3008/2703 1579/3070/2739
f 1584/3009/2224 1588/3010/2641 1589/3071/2740
f 1589/3071/2740 2369/3072/2233 2107/3073/2741
f 1589/3071/2740 1588/3010/2641 2369/3072/2233
f 1588/3010/2641 1592/3074/2641 2369/3072/2233
f 1591/3075/2742 1592/3074/2641 1588/3010/2641
f 1591/3012/2265 2397/3014/2706 1557/3076/2743
f 1591/3077/2234 1635/3078/2495 1636/3079/2259
f 1591/3077/2234 1633/3080/2592 1635/3078/2495
f 1633/3080/2592 1634/3081/2281 1637/3082/2196
f 1633/3080/2592 1630/3083/2744 1634/3081/2281
f 1630/3083/2744 1628/3084/2745 1634/3081/2281
f 1628/3084/2745 1630/3083/2744 1553/3085/2746
f 1552/3021/2185 1550/3086/2089 1551/3087/2222
f 1552/3088/2747 2388/3089/2196 2385/3090/2748
f 1548/3091/2267 2388/3089/2196 1552/3088/2747
f 1548/3091/2267 2396/3027/2316 2388/3089/2196
f 2388/3089/2196 2396/3027/2316 1542/3030/2431
f 1543/3092/2749 1540/3093/2749 1542/3030/2749
f 1542/3094/2375 1506/2956/2501 2394/3095/2116
f 1542/3094/2375 2122/3096/2276 2124/3097/2222
f 2124/3097/2222 2122/3096/2276 2389/3098/2679
f 1542/3094/2375 2394/3095/2116 2122/3096/2276
f 2394/3095/2116 2123/3099/2422 2122/3096/2276
f 1506/2956/2501 1508/3100/2089 2394/3095/2116
f 1506/2956/2501 2200/3101/2750 1508/3100/2089
f 1509/3033/2233 2498/3102/2420 1508/3103/2239
f 1509/3033/2233 2150/3034/2107 2498/3102/2420
f 2149/3037/2716 2393/3036/2715 2498/3102/2420
f 2393/3036/2715 1510/3039/2718 1511/3104/2751
f 1818/3040/2719 1825/3041/2720 1824/3105/2752
f 1825/3041/2720 1792/3044/2723 1824/3105/2752
f 1824/3105/2752 1792/3044/2723 2340/3106/2753
f 1792/3044/2723 1793/3107/2540 2340/3106/2753
f 1792/3044/2723 2354/3045/2724 1793/3107/2540
f 2354/3045/2724 2373/2905/2691 2353/3108/2754
f 2373/2905/2691 1791/3047/2726 2353/3108/2754
f 2354/3045/2724 2353/3108/2754 1793/3107/2540
f 2353/3108/2754 1794/3109/2314 1793/3107/2540
f 1794/3109/2314 2353/3108/2754 1795/3110/2425
f 1722/3111/2320 1795/3112/2224 1721/3113/2729
f 1722/3111/2320 1724/3114/2367 1795/3112/2224
f 1795/3112/2224 1724/3114/2367 2087/3115/2224
f 1703/3054/2148 1705/3116/2559 2087/3115/2291
f 1703/3054/2148 1701/3055/2731 1704/3117/2412
f 1703/3054/2148 1704/3117/2412 1705/3116/2559
f 1701/3055/2731 1702/3053/2513 1700/3118/2755
f 1702/3053/2513 2094/3058/2756 1700/3118/2755
f 1700/3118/2755 2094/3058/2756 1699/3119/2757
f 1741/3120/2758 1698/3121/2759 1699/3119/2760
f 1739/3059/2240 2368/3122/2420 1741/3057/2420
f 1739/3059/2240 1743/3061/2088 2368/3122/2420
f 2368/3122/2420 1743/3061/2088 2367/3123/2239
f 1744/3062/2233 2114/3124/2088 1743/3061/2088
f 1745/3125/2320 1743/3061/2320 1746/3126/2320
f 1577/3063/2679 1746/3127/2761 1572/3064/2736
f 2113/3128/2422 1573/3129/2626 1746/3127/2762
f 2113/3128/2422 1577/3066/2763 1574/3130/2224
f 1574/3130/2224 1573/3129/2626 2113/3128/2422
f 1585/3131/2764 1576/3132/2765 1573/3129/2766
f 1573/3129/2766 1576/3132/2765 1575/3133/2409
f 1585/3131/2764 1597/3134/2767 1576/3132/2765
f 1597/3134/2767 1585/3131/2764 1596/3135/2768
f 1589/3071/2740 2107/3073/2741 1579/3136/2769
f 1585/3137/2770 2107/3073/2741 1595/3138/2771
f 2107/3073/2741 1590/3139/2417 1595/3138/2771
f 2107/3073/2741 2369/3072/2233 1590/3139/2417
f 1593/3140/2240 1615/3141/2428 1594/3142/2364
f 1593/3140/2240 2369/3072/2233 1615/3141/2428
f 1592/3074/2641 1636/3143/2298 2369/3072/2233
f 1636/3143/2298 1615/3141/2428 2369/3072/2233
f 1636/3079/2259 1635/3078/2495 1617/3144/2290
f 1633/3080/2592 1637/3082/2196 1635/3078/2495
f 1635/3078/2495 1637/3082/2196 1638/3145/2772
f 1629/3146/2486 1628/3147/2486 1637/3148/2486
f 1628/3084/2713 2364/3149/2659 1639/3150/2595
f 1553/3085/2746 1551/3151/2773 1628/3084/2745
f 1628/3084/2713 2119/3152/2339 2364/3149/2659
f 1551/3087/2222 1550/3086/2089 2119/3152/2339
f 2119/3152/2339 1550/3086/2089 2364/3149/2659
f 2364/3149/2659 1550/3086/2089 1641/3153/2263
f 1550/3086/2089 1541/3154/2431 1641/3153/2263
f 2385/3090/2748 2388/3089/2196 1541/3155/2774
f 2388/3089/2775 1540/3156/2775 1535/3157/2775
f 1540/3156/2234 2389/3158/2776 2386/3159/2596
f 2389/3160/2623 2123/3099/2623 1508/3103/2623
f 2389/3161/2559 2390/3162/2777 2387/3163/2778
f 2390/3162/2777 1516/3164/2779 2387/3163/2778
f 1508/3103/2239 2498/3102/2420 1516/3164/2779
f 1508/3103/2239 1516/3164/2779 2390/3162/2777
f 2387/3163/2778 1516/3164/2779 1515/3165/2780
f 2498/3102/2420 2199/3166/2234 1516/3164/2779
f 2498/3102/2420 2393/3036/2715 2199/3166/2234
f 2199/3166/2781 1511/3104/2782 1515/3167/2783
f 1511/3104/2782 2392/3168/2784 1515/3167/2783
f 1515/3167/2783 2392/3168/2784 2391/3169/2785
f 1818/3170/2786 1797/3171/2787 1823/3172/2788
f 2340/3106/2753 1793/3107/2540 1826/3173/2263
f 1818/3170/2786 2341/3174/2789 1797/3171/2787
f 1826/3175/2790 2352/3176/2333 2341/3174/2791
f 1793/3107/2540 1794/3109/2314 1827/3177/2410
f 1827/3177/2410 1794/3109/2314 2352/3176/2333
f 1827/3177/2410 2352/3176/2333 1826/3175/2790
f 1794/3109/2314 1720/3178/2428 2352/3176/2333
f 1720/3178/2428 1796/3179/2599 2352/3176/2333
f 2087/3180/2238 1718/3181/2088 1720/3182/2282
f 1718/3181/2088 2087/3180/2238 2086/3183/2088
f 1718/3181/2088 2086/3183/2088 1719/3184/2325
f 2086/3185/2365 1704/3117/2412 1706/3186/2190
f 1705/3116/2559 1704/3117/2412 2086/3185/2365
f 1704/3117/2412 1707/3187/2463 1706/3186/2190
f 1704/3117/2412 1699/3188/2792 2093/3189/2336
f 1704/3117/2412 2093/3189/2336 1707/3187/2463
f 1707/3187/2463 2093/3189/2336 1708/3190/2793
f 1698/3121/2759 1697/3191/2794 1699/3119/2760
f 2368/3122/2420 2367/3123/2239 1751/3192/2795
f 1751/3192/2108 1694/3193/2796 1698/3121/2759
f 1698/3121/2759 1694/3193/2796 1697/3191/2794
f 1751/3192/2795 2367/3123/2239 1749/3194/2239
f 2367/3123/2239 1748/3195/2265 1749/3194/2239
f 1749/3194/2239 1748/3195/2265 1750/3196/2316
f 2367/3123/2239 1745/3125/2463 1748/3195/2265
f 1745/3125/2463 1598/3197/2363 1748/3195/2265
f 1573/3198/2256 1747/3199/2222 1745/3200/2375
f 1745/3200/2375 1747/3199/2222 1602/3201/2797
f 2112/3202/2798 1599/3203/2799 1602/3204/2799
f 1599/3203/2799 1596/3205/2800 1602/3204/2799
f 1575/3133/2409 1576/3132/2765 2111/3206/2239
f 1596/3135/2801 1595/3207/2320 2356/3208/2802
f 1593/3140/2240 1594/3142/2364 1595/3209/2190
f 1595/3210/2365 1680/3211/2659 1679/3212/2417
f 1617/3213/2502 1616/3214/2716 1615/3215/2357
f 1615/3215/2357 1616/3214/2716 1614/3216/2380
f 1635/3078/2495 1638/3145/2772 1618/3217/2417
f 1638/3218/2803 1619/3219/2239 1617/3220/2239
f 1617/3220/2239 1619/3219/2239 2366/3221/2316
f 1619/3222/2239 2365/3223/2417 1622/3224/2262
f 1637/3225/2320 1640/3226/2355 1619/3222/2596
f 1637/3225/2320 1639/3227/2804 1640/3226/2355
f 1639/3150/2595 2364/3149/2659 1627/3228/2641
f 1627/3228/2641 2364/3149/2659 1640/3229/2417
f 1640/3229/2417 2364/3149/2659 1626/3230/2239
f 2364/3149/2659 1641/3153/2263 1642/3231/2805
f 2364/3149/2659 1642/3231/2805 2363/3232/2806
f 2364/3149/2659 2363/3232/2806 1643/3233/2327
f 2363/3232/2806 1642/3231/2805 1645/3234/2807
f 2384/3235/2233 2383/3236/2233 2382/3237/2233
f 1541/3238/2808 1535/3239/2809 1534/3240/2810
f 1534/3240/2810 1535/3239/2809 1645/3241/2811
f 1536/3242/2812 1537/3243/2536 1535/3239/2813
f 1540/3156/2234 2386/3159/2596 1536/3242/2812
f 2386/3159/2596 1537/3243/2536 1536/3242/2812
f 2389/3161/2559 2387/3163/2778 1537/3244/2224
f 1537/3243/2814 1515/3245/2815 1539/3246/2816
f 1515/3165/2817 1518/3247/2818 1517/3248/2819
f 1515/3165/2817 1513/3249/2820 1518/3247/2818
f 2391/3169/2785 2392/3168/2784 1513/3250/2821
f 2392/3168/2784 1514/3251/2822 1513/3250/2821
f 1513/3250/2821 1514/3251/2822 1511/3252/2823
f 1513/3250/2821 1511/3252/2823 1523/3253/2824
f 1523/3253/2824 1511/3252/2823 1512/3254/2825
f 1818/3170/2786 1823/3172/2788 2342/3255/2826
f 1797/3171/2787 1820/3256/2827 2342/3257/2828
f 2342/3257/2828 1820/3256/2827 1798/3258/2829
f 2342/3257/2828 1798/3258/2829 1799/3259/2830
f 2341/3174/2791 2352/3176/2333 1821/3260/2831
f 1797/3171/2787 2341/3174/2789 1820/3256/2827
f 1821/3260/2832 1819/3261/2833 1820/3262/2834
f 1821/3260/2832 1796/3263/2258 1819/3261/2833
f 1717/3264/2663 1716/3265/2194 1796/3266/2141
f 1796/3266/2141 1716/3265/2194 1715/3267/2835
f 1717/3264/2663 1718/3181/2088 1716/3265/2194
f 1718/3181/2088 1719/3184/2325 1716/3265/2194
f 1719/3184/2325 2088/3268/2836 1716/3265/2194
f 1719/3184/2265 1706/3186/2190 1707/3187/2463
f 1707/3187/2463 1708/3190/2793 2088/3269/2837
f 2088/3269/2837 1708/3190/2793 1709/3270/2838
f 2093/3271/2839 1694/3272/2623 1695/3273/2425
f 1695/3273/2425 1694/3272/2623 1711/3274/2536
f 1694/3272/2623 1692/3275/2184 1711/3274/2536
f 1711/3274/2536 1692/3275/2184 1693/3276/2183
f 1694/3193/2713 1696/3277/2408 2096/3278/2840
f 1694/3193/2713 1749/3279/2582 1696/3277/2408
f 1696/3277/2408 2095/3280/2841 2096/3278/2840
f 1696/3277/2408 1600/3281/2747 2095/3280/2841
f 1748/3195/2265 1598/3197/2363 1600/3282/2194
f 1600/3282/2194 1598/3197/2363 1601/3283/2237
f 1601/3283/2842 1602/3284/2843 2095/3285/2844
f 1602/3284/2843 1607/3286/2845 2095/3285/2844
f 1596/3287/2846 1605/3288/2846 1607/3289/2846
f 1605/3290/2847 1606/3291/2848 1681/3292/2849
f 1605/3290/2847 1681/3292/2849 1603/3293/2850
f 2356/3208/2802 1595/3207/2320 2106/3294/2282
f 2106/3294/2851 1682/3295/2716 1681/3292/2849
f 1681/3292/2849 1682/3295/2716 1608/3296/2852
f 1679/3297/2262 1608/3296/2852 1682/3295/2716
f 1680/3211/2659 2357/3298/2201 1679/3212/2417
f 1680/3211/2659 1614/3299/2497 2357/3298/2201
f 1611/3300/2853 1614/3299/2497 1613/3301/2281
f 1617/3302/2583 1667/3303/2261 1614/3304/2141
f 1614/3304/2141 1667/3303/2261 1658/3305/2262
f 1658/3305/2262 1667/3303/2261 1656/3306/2262
f 1617/3220/2239 2366/3221/2316 1620/3307/2558
f 1620/3307/2558 2366/3221/2316 1621/3308/2854
f 1622/3224/2262 2365/3223/2417 1625/3309/2417
f 1622/3224/2262 1625/3309/2417 2358/3310/2357
f 2365/3223/2417 1640/3229/2417 1625/3309/2417
f 1640/3229/2417 1626/3230/2239 1625/3309/2417
f 1626/3230/2855 1643/3233/2327 1644/3311/2856
f 1625/3309/2417 1674/3312/2200 2358/3310/2357
f 1674/3312/2200 1675/3313/2754 2358/3310/2357
f 1643/3233/2327 2363/3232/2806 1644/3311/2856
f 1674/3312/2200 1672/3314/2594 1671/3315/2857
f 1644/3316/2858 1645/3317/2858 1672/3318/2858
f 1678/3319/2463 1538/3320/2463 1532/3321/2463
f 1535/3322/2363 1538/3320/2463 1678/3319/2463
f 1538/3323/2263 1537/3243/2814 1539/3246/2816
f 1539/3324/2859 1517/3248/2819 2125/3325/2649
f 1517/3248/2819 1519/3326/2860 2125/3325/2649
f 1519/3326/2860 2381/3327/2861 2125/3325/2649
f 1517/3248/2819 1522/3328/2862 1519/3326/2860
f 1519/3326/2860 1522/3328/2862 2148/3329/2863
f 1517/3248/2819 1518/3247/2818 1522/3328/2862
f 2125/3325/2649 2381/3327/2861 1520/3330/2864
f 1521/3331/2865 2381/3327/2861 2148/3329/2417
f 2381/3327/2861 1521/3331/2865 1523/3332/2866
f 1521/3331/2865 1522/3333/2867 1523/3332/2866
f 1802/3334/2868 1818/3170/2786 2342/3255/2826
f 1799/3259/2830 1798/3258/2829 1800/3335/2256
f 1820/3262/2834 1715/3267/2103 1822/3336/2869
f 1820/3262/2834 1819/3261/2833 1715/3267/2103
f 1715/3267/2103 1800/3337/2870 1822/3336/2869
f 1800/3337/2370 1816/3338/2439 2349/3339/2871
f 1716/3265/2194 2089/3340/2872 1715/3267/2835
f 2347/3341/2873 1815/3342/2874 2348/3343/2875
f 2089/3340/2872 2347/3344/2876 1715/3267/2835
f 2088/3345/2877 2091/3346/2877 2090/3347/2877
f 1708/3190/2793 1710/3348/2595 1709/3270/2838
f 1708/3190/2793 1711/3349/2262 1710/3348/2595
f 1711/3349/2262 1714/3350/2878 1710/3348/2595
f 2088/3351/2879 1714/3350/2878 2350/3352/2880
f 1711/3349/2262 1712/3353/2183 1714/3350/2878
f 1714/3350/2878 1712/3353/2183 1713/3354/2262
f 1714/3350/2878 1713/3354/2262 2350/3352/2880
f 1712/3353/2183 2092/3355/2089 1713/3354/2262
f 1692/3275/2184 2096/3278/2262 1691/3356/2237
f 1692/3275/2184 1691/3356/2237 1693/3276/2183
f 1691/3356/2237 2096/3278/2262 2501/3357/2881
f 1691/3356/2237 1814/3358/2882 1712/3359/2626
f 2501/3357/2881 1814/3358/2882 1691/3356/2237
f 2501/3357/2881 1690/3360/2883 1688/3361/2089
f 2501/3357/2881 2095/3280/2884 2100/3362/2885
f 2501/3357/2881 2100/3362/2885 1689/3363/2886
f 2501/3357/2881 1689/3363/2886 1690/3360/2883
f 2100/3362/2887 1603/3364/2887 2097/3365/2887
f 2095/3285/2844 1607/3286/2845 1603/3293/2888
f 2355/3366/2889 1603/3367/2888 1607/3368/2845
f 1609/3369/2890 1604/3370/2891 1603/3293/2850
f 1681/3292/2849 1608/3296/2852 1603/3293/2850
f 1603/3293/2850 1608/3296/2852 1609/3369/2890
f 1608/3296/2852 1661/3371/2892 1610/3372/2893
f 1608/3296/2852 1610/3372/2893 1609/3369/2890
f 2357/3298/2201 1611/3300/2853 1661/3371/2894
f 2357/3298/2201 1614/3299/2497 1611/3300/2853
f 1611/3300/2853 1613/3301/2281 1612/3373/2309
f 1660/3374/2895 1612/3375/2595 1655/3376/2896
f 1612/3375/2595 1658/3305/2262 1655/3376/2896
f 1655/3376/2896 1659/3377/2716 1660/3374/2895
f 1658/3305/2262 1656/3306/2262 1655/3376/2896
f 1667/3303/2261 1621/3378/2408 1656/3306/2262
f 1655/3376/2896 1656/3306/2262 1653/3379/2897
f 1656/3306/2262 1657/3380/2898 1653/3379/2897
f 1657/3381/2262 1621/3308/2261 1622/3224/2262
f 1657/3381/2262 1622/3224/2262 1623/3382/2089
f 1622/3224/2262 2358/3310/2357 1623/3382/2089
f 1623/3382/2089 2358/3310/2357 1624/3383/2089
f 1653/3379/2897 1624/3384/2899 1670/3385/2900
f 2358/3310/2357 1675/3313/2754 1670/3386/2901
f 1675/3313/2754 1674/3312/2200 1673/3387/2288
f 1674/3312/2200 1671/3315/2857 1673/3387/2288
f 1673/3387/2288 1671/3315/2857 1670/3385/2902
f 1650/3388/2903 1647/3389/2904 1670/3390/2905
f 1672/3314/2594 1646/3391/2316 1671/3315/2857
f 1645/3392/2906 1647/3389/2904 1646/3393/2907
f 1647/3389/2904 1645/3392/2906 2359/3394/2908
f 1678/3395/2909 1531/3396/2539 2359/3394/2908
f 1533/3397/2325 1532/3321/2910 1531/3396/2539
f 1531/3396/2539 1532/3321/2910 2359/3394/2908
f 2359/3394/2908 1532/3321/2910 1530/3398/2911
f 1530/3399/2912 1539/3400/2912 1528/3401/2912
f 1539/3324/2859 2125/3325/2649 2126/3402/2702
f 2125/3325/2649 2127/3403/2316 2126/3402/2702
f 1520/3330/2913 2128/3404/2914 2127/3403/2913
f 2127/3403/2913 2128/3404/2914 1529/3405/2915
f 2381/3327/2861 1523/3332/2866 1520/3330/2864
f 1520/3330/2864 1523/3332/2866 2147/3406/2916
f 2147/3407/2265 2146/3408/2917 2128/3404/2918
f 1523/3332/2866 1524/3409/2919 2147/3406/2916
f 2147/3406/2916 1524/3409/2919 1525/3410/2920
f 2342/3255/2826 2343/3411/2921 1802/3334/2868
f 2343/3411/2921 1817/3412/2922 1802/3334/2868
f 1817/3412/2922 1800/3413/2923 1802/3334/2868
f 1800/3337/2370 2349/3339/2871 2344/3414/2924
f 2344/3414/2924 1801/3415/2925 1802/3416/2926
f 2349/3339/2871 1815/3417/2927 1801/3415/2925
f 2344/3414/2924 2349/3339/2871 1801/3415/2925
f 1715/3418/2928 1815/3419/2928 1816/3338/2928
f 1805/3420/2929 1815/3421/2930 1806/3422/2931
f 2347/3423/2873 1808/3424/2932 1815/3425/2874
f 2088/3351/2879 2350/3352/2880 2347/3344/2933
f 2347/3344/2933 1812/3426/2934 1809/3427/2935
f 2350/3352/2880 1811/3428/2936 2347/3344/2933
f 2347/3344/2933 1811/3428/2936 1812/3426/2934
f 2350/3352/2880 1713/3354/2262 1813/3429/2536
f 2092/3355/2840 1814/3358/2882 1813/3430/2797
f 1813/3430/2797 1688/3361/2089 1811/3428/2937
f 1814/3358/2882 1688/3361/2089 1813/3430/2797
f 1811/3428/2937 1688/3361/2089 2351/3431/2938
f 2351/3431/2938 1689/3432/2939 1811/3428/2937
f 1814/3358/2882 2501/3357/2881 1688/3361/2089
f 2097/3365/2940 2098/3433/2941 1689/3434/2942
f 1689/3434/2942 2098/3433/2941 1685/3435/2943
f 2097/3365/2940 2099/3436/2944 2098/3433/2941
f 1603/3293/2850 1604/3370/2891 2099/3437/2945
f 2099/3438/2946 1686/3439/2947 1685/3440/2948
f 1604/3370/2891 1664/3441/2949 1683/3442/2950
f 1604/3370/2891 1609/3369/2890 1664/3441/2949
f 1666/3443/2951 1610/3444/2952 1664/3445/2953
f 1610/3444/2952 1662/3446/2954 1664/3445/2953
f 1661/3447/2955 1660/3374/2895 1662/3446/2954
f 1662/3446/2954 1654/3448/2956 1664/3445/2953
f 1660/3374/2895 1663/3449/2957 1662/3446/2954
f 1662/3446/2954 1663/3449/2957 1654/3448/2956
f 1660/3374/2895 1659/3377/2716 1663/3449/2957
f 1653/3379/2897 1654/3450/2958 1655/3376/2896
f 1653/3379/2897 2500/3451/2959 1652/3452/2960
f 1653/3379/2897 1668/3453/2961 2500/3451/2959
f 1653/3379/2897 1670/3385/2900 1669/3454/2962
f 1668/3453/2961 1653/3379/2897 1669/3454/2962
f 1668/3453/2961 1669/3454/2962 1651/3455/2963
f 1647/3389/2904 1649/3456/2964 1670/3390/2905
f 1649/3456/2964 1648/3457/2965 1651/3458/2966
f 1647/3389/2904 1530/3398/2911 1649/3456/2964
f 1649/3456/2964 1530/3398/2911 1648/3457/2965
f 1648/3457/2965 1530/3398/2911 1677/3459/2967
f 1647/3389/2904 2359/3394/2908 1530/3398/2911
f 1530/3460/2968 1529/3461/2969 2134/3462/2970
f 2134/3462/2970 1529/3461/2969 1527/3463/2971
f 1529/3461/2969 2145/3464/2972 1527/3463/2971
f 1529/3405/2915 2128/3404/2914 2129/3465/2973
f 2129/3466/2974 2130/3467/2975 2145/3468/2976
f 2130/3467/2975 2360/3469/2977 2145/3468/2976
f 2128/3404/2918 2146/3408/2917 2130/3470/2978
f 2146/3408/2237 1525/3410/2920 1526/3471/2979
f 1526/3471/2979 1525/3410/2920 2130/3467/2980
f 1525/3410/2920 1524/3409/2919 2130/3467/2980
f 2130/3467/2980 1524/3409/2919 2362/3472/2981
f 2130/3467/2975 2361/3473/2982 2360/3469/2977
f 2362/3474/2983 2138/3475/2984 2361/3473/2982
f 1802/3476/2985 1806/3422/2931 1803/3477/2986
f 1803/3477/2986 1806/3422/2931 1804/3478/2987
f 1802/3476/2985 1805/3420/2929 1806/3422/2931
f 1809/3427/2988 1807/3479/2989 1808/3480/2990
f 1808/3480/2990 1807/3479/2989 1806/3422/2991
f 1812/3426/2934 2345/3481/2992 1806/3482/2993
f 1812/3426/2934 1811/3428/2936 2345/3481/2992
f 1811/3428/2936 2346/3483/2994 2345/3481/2992
f 2345/3481/2992 2346/3483/2994 1810/3484/2995
f 1806/3482/2996 1687/3485/2997 2102/3486/2998
f 1806/3482/2996 1810/3484/2995 2346/3483/2994
f 1806/3482/2996 2346/3483/2994 1687/3485/2997
f 2346/3483/2994 1689/3432/2999 1687/3485/2997
f 1689/3434/2942 1685/3435/2943 2101/3487/3000
f 1687/3485/2997 1685/3440/3001 2102/3486/2998
f 1685/3440/2948 1686/3439/2947 1683/3442/2950
f 1685/3440/2948 1683/3442/2950 2104/3488/3002
f 2102/3486/3003 2104/3489/3004 2103/3490/3005
f 1683/3442/2950 1664/3441/2949 1684/3491/3006
f 1683/3442/2950 1684/3491/3006 2104/3488/3002
f 2104/3489/3004 2105/3492/3007 2103/3490/3005
f 1664/3445/2953 2240/3493/3008 1665/3494/3009
f 1664/3445/2953 1654/3448/2956 2240/3493/3008
f 1653/3379/2897 1652/3452/2960 1654/3450/2958
f 2500/3451/2959 1651/3495/3010 1652/3452/2960
f 1677/3459/2967 1676/3496/3011 1648/3457/2965
f 1530/3497/3012 2131/3498/3013 2132/3499/3014
f 1530/3497/3012 2132/3499/3014 2137/3500/3015
f 2132/3499/3014 2145/3501/3016 2135/3502/3017
f 2132/3499/3014 2131/3498/3013 2136/3503/3018
f 2132/3499/3014 2136/3503/3018 2145/3501/3016
f 2133/3504/3019 2134/3505/3020 2131/3498/3013
f 2131/3498/3013 2134/3505/3020 2136/3503/3018
f 2145/3506/3021 2143/3507/3022 2144/3508/3023
f 2360/3469/2977 2361/3473/2982 2138/3475/2984
f 2143/3509/3024 2141/3510/3025 2142/3511/3026
f 2142/3511/3026 2141/3510/3025 2139/3512/3027
f 2360/3469/2977 2138/3475/2984 2140/3513/3028
f 2360/3469/2977 2140/3513/3028 2141/3514/3029
f 2509/3515/3030 2507/3516/3031 2508/3517/3032
f 2507/3516/3031 3124/3518/3033 2508/3517/3032
f 3419/3519/3034 3217/3520/3035 3486/3521/3036
f 3063/3522/3037 3064/3523/3038 3486/3524/3039
f 3064/3525/3040 3411/3526/3041 3228/3527/3042
f 3064/3525/3040 3228/3527/3042 3176/3528/3043
f 3262/3529/3044 3211/3530/3044 3261/3531/3045
f 3176/3532/3046 3174/3533/3047 3060/3534/3048
f 2518/3535/3049 2515/3536/3050 2514/3537/3051
f 2515/3536/3050 3194/3538/3052 2514/3537/3051
f 2514/3537/3051 3194/3538/3052 3227/3539/3053
f 2514/3537/3051 3227/3539/3053 3014/3540/3054
f 3250/3541/3055 2519/3542/3056 3014/3543/3057
f 2519/3542/3056 2521/3544/3058 3014/3543/3057
f 3014/3545/3059 3004/3546/3060 3225/3547/3061
f 3004/3548/3062 3009/3549/3063 3010/3550/3064
f 3010/3550/3064 3263/3551/3065 3124/3552/3066
f 3124/3552/3066 3263/3551/3065 3126/3553/3067
f 3263/3551/3065 3010/3550/3064 3123/3554/3068
f 3126/3553/3067 3123/3555/3069 3124/3552/3066
f 3027/3556/3070 3028/3557/3071 3030/3558/3072
f 3031/3559/3073 3030/3558/3072 3145/3560/3074
f 3030/3558/3072 3028/3557/3071 3145/3560/3074
f 3419/3519/3075 3196/3561/3075 3188/3562/3075
f 3188/3562/3076 2938/3563/3077 3189/3564/3078
f 3188/3562/3076 3189/3564/3078 3217/3565/3079
f 3063/3522/3037 3217/3520/3080 3064/3523/3038
f 3217/3566/3081 2939/3567/3082 3477/3568/3083
f 3477/3568/3083 2939/3567/3082 3062/3569/3084
f 3477/3568/3083 3062/3569/3084 3064/3525/3085
f 3064/3525/3040 3065/3570/3086 3411/3526/3041
f 3064/3525/3040 3080/3571/3087 3065/3570/3086
f 3228/3572/3088 3403/3573/3089 3187/3574/3090
f 3091/3575/3091 3086/3576/3092 3403/3573/3089
f 3228/3572/3088 3091/3575/3091 3403/3573/3089
f 3187/3574/3090 3403/3573/3089 3175/3577/3093
f 3211/3578/3094 3175/3577/3095 3174/3533/3047
f 3174/3533/3047 3175/3577/3095 3389/3579/3096
f 3174/3533/3047 3389/3579/3096 3060/3534/3048
f 3389/3579/3096 3059/3580/3097 3060/3534/3048
f 3060/3534/3048 3059/3580/3097 3386/3581/3098
f 3060/3534/3048 3177/3582/3099 3176/3532/3046
f 3060/3534/3048 3178/3583/3100 3177/3582/3099
f 3178/3583/3100 3386/3581/3098 3177/3582/3099
f 3177/3582/3099 3386/3581/3098 3193/3584/3101
f 3386/3581/3098 3059/3580/3097 3193/3584/3101
f 3177/3582/3099 3193/3584/3101 3194/3585/3102
f 3194/3586/3103 3059/3580/3097 3142/3587/3104
f 3194/3585/3105 2517/3588/3106 2513/3589/3107
f 3194/3538/3052 2519/3542/3108 3227/3539/3053
f 3194/3538/3052 2512/3590/3109 2519/3542/3108
f 2519/3542/3108 2512/3590/3109 2520/3591/3110
f 2520/3591/3110 2512/3590/3109 3244/3592/3111
f 3016/3593/3112 3326/3594/3113 3013/3595/3114
f 3016/3593/3112 3260/3596/3115 3326/3594/3113
f 3260/3596/3116 3245/3597/3117 3002/3598/3118
f 3244/3599/3119 3002/3598/3118 3245/3597/3117
f 3244/3599/3119 3327/3600/3120 3002/3598/3118
f 3013/3595/3121 3005/3601/3122 3014/3545/3059
f 3326/3594/3113 3012/3602/3123 3013/3595/3114
f 3012/3603/3124 3002/3604/3124 3011/3605/3124
f 3005/3601/3122 3013/3595/3121 3011/3605/3125
f 3011/3605/3125 3019/3606/3126 3005/3601/3122
f 3005/3601/3122 3003/3607/3127 3014/3545/3059
f 3019/3606/3128 3002/3604/3129 3073/3608/3130
f 3014/3545/3059 3003/3607/3127 3004/3546/3060
f 3019/3606/3128 3073/3608/3130 3015/3609/3131
f 3073/3608/3130 3000/3610/3132 3015/3609/3131
f 3015/3609/3131 3000/3610/3132 3003/3607/3133
f 3004/3546/3060 3003/3607/3127 3008/3611/3134
f 3008/3611/3135 3000/3610/3136 3001/3612/3137
f 3009/3549/3063 3008/3611/3135 3018/3613/3138
f 3008/3611/3135 3007/3614/3139 3018/3613/3138
f 3001/3612/3137 3006/3615/3140 3007/3614/3139
f 3001/3612/3137 3007/3614/3139 3008/3611/3135
f 3009/3549/3063 3018/3613/3138 3010/3550/3064
f 3010/3550/3064 3018/3613/3138 3123/3554/3068
f 3125/3616/3141 3018/3617/3142 3017/3618/3143
f 3018/3617/3142 3079/3619/3144 3017/3618/3143
f 3125/3620/3145 3121/3621/3146 3282/3622/3147
f 3125/3620/3148 3122/3623/3148 3123/3555/3148
f 3282/3622/3147 3121/3621/3146 3122/3624/3149
f 3121/3621/3146 3281/3625/3150 3122/3624/3149
f 3124/3552/3066 3123/3555/3069 3278/3626/3151
f 3123/3555/3069 3281/3625/3150 3278/3626/3151
f 3281/3625/3150 3120/3627/3152 3278/3626/3151
f 3278/3626/3151 3120/3627/3152 3215/3628/3153
f 3215/3628/3153 3120/3627/3152 3025/3629/3154
f 3215/3628/3155 3026/3630/3156 3271/3631/3157
f 3271/3631/3157 3027/3556/3158 3124/3632/3159
f 3271/3631/3157 3026/3630/3156 3022/3633/3160
f 3271/3631/3157 3022/3633/3160 3020/3634/3161
f 3271/3631/3157 3029/3635/3162 3027/3556/3158
f 3271/3631/3157 3020/3634/3161 3029/3635/3162
f 3020/3634/3161 3129/3636/3163 3029/3635/3162
f 3028/3637/3164 3029/3638/3165 3130/3639/3166
f 3028/3637/3167 3143/3640/3168 3144/3641/3169
f 3145/3642/3170 3144/3643/3171 3247/3644/3172
f 3035/3645/3173 3223/3646/3174 2941/3647/3175
f 2941/3647/3175 3036/3648/3176 3035/3645/3173
f 2941/3647/3175 3420/3649/3177 3036/3648/3176
f 3420/3649/3177 2941/3647/3175 2940/3650/3178
f 3188/3562/3076 3036/3651/3179 2938/3563/3077
f 2940/3650/3178 2934/3652/3180 2938/3653/3181
f 2939/3567/3082 2938/3654/3182 2944/3655/3183
f 2938/3654/3182 2937/3656/3184 2944/3655/3183
f 2939/3567/3082 2944/3655/3183 3062/3569/3084
f 2937/3656/3184 3417/3657/3185 2944/3655/3183
f 3062/3569/3084 2944/3655/3183 3066/3658/3186
f 3066/3658/3186 3080/3571/3187 3062/3569/3084
f 3066/3658/3186 3417/3659/3188 3080/3571/3187
f 3417/3659/3188 3412/3660/3189 3080/3571/3187
f 3080/3571/3187 3412/3660/3189 3085/3661/3190
f 3409/3662/3191 3091/3663/3191 3410/3664/3191
f 3091/3575/3091 3402/3665/3192 3086/3576/3092
f 3402/3665/3192 3091/3575/3091 3085/3666/3193
f 3086/3667/3194 3085/3668/3195 3139/3669/3194
f 3086/3667/3194 3139/3669/3194 3057/3670/3196
f 3059/3580/3097 3389/3579/3096 3388/3671/3197
f 3389/3579/3096 3057/3672/3198 3388/3671/3197
f 3059/3580/3097 3388/3671/3197 3387/3673/3199
f 3059/3580/3097 3387/3673/3199 3142/3587/3104
f 2517/3588/3106 2516/3674/3200 2513/3589/3107
f 2513/3589/3107 2516/3674/3200 2512/3675/3201
f 2512/3676/3202 2525/3677/3203 3327/3600/3120
f 2525/3677/3203 2512/3676/3202 3381/3678/3204
f 3327/3600/3120 2525/3677/3203 3002/3598/3118
f 2525/3677/3203 3108/3679/3205 3002/3598/3118
f 3002/3604/3129 2901/3680/3206 3073/3608/3130
f 2901/3681/3207 2902/3682/3208 3000/3683/3209
f 3000/3610/3136 2997/3684/3210 3001/3612/3137
f 2997/3685/3211 2902/3686/3212 3283/3687/3213
f 2997/3688/3211 3283/3689/3213 3007/3690/3214
f 3007/3691/3215 3304/3692/3216 3017/3693/3217
f 3304/3692/3216 3283/3694/3218 3017/3693/3217
f 3121/3621/3146 3280/3695/3219 3281/3625/3150
f 3281/3625/3150 3280/3695/3219 3120/3627/3152
f 3279/3696/3220 3280/3697/3221 3025/3698/3222
f 3025/3699/3222 3280/3695/3221 3119/3700/3223
f 3280/3695/3221 3229/3701/3224 3119/3700/3223
f 3025/3699/3222 3119/3700/3223 3021/3702/3225
f 3026/3703/3226 3025/3699/3222 3020/3634/3161
f 3025/3699/3222 3021/3702/3225 3020/3634/3161
f 3020/3634/3161 3021/3702/3225 3277/3704/3227
f 3020/3634/3161 3277/3704/3227 3270/3705/3228
f 3020/3634/3161 3270/3705/3228 3129/3636/3163
f 3129/3636/3229 3028/3637/3164 3130/3639/3166
f 3028/3637/3164 3129/3636/3229 3152/3706/3230
f 3143/3640/3231 3152/3707/3232 3265/3708/3233
f 3143/3640/3231 3265/3708/3233 3881/3709/3234
f 3247/3710/3235 3143/3640/3231 3881/3709/3234
f 2941/3711/3236 3451/3712/3236 3450/3713/3236
f 2941/3647/3175 2934/3652/3180 2940/3650/3178
f 3449/3714/3237 2934/3715/3238 3448/3716/3239
f 2937/3656/3184 2934/3717/3240 3417/3657/3185
f 3418/3718/3241 3417/3657/3185 2934/3719/3240
f 3418/3718/3241 2934/3719/3240 3097/3720/3242
f 3085/3661/3243 3135/3721/3243 3053/3722/3243
f 3139/3723/3244 3053/3724/3244 3390/3725/3244
f 3405/3726/3245 3390/3727/3245 3404/3728/3245
f 3406/3729/3118 3054/3730/3246 3056/3731/3247
f 3406/3729/3118 3056/3731/3247 3057/3732/3248
f 3057/3732/3248 3056/3731/3247 3058/3733/3249
f 3387/3673/3199 3388/3671/3197 3058/3733/3250
f 3094/3734/3251 3387/3673/3199 3380/3735/3252
f 3387/3673/3199 3058/3733/3250 3380/3735/3252
f 3058/3733/3250 2522/3736/3253 3380/3735/3252
f 3380/3735/3252 2522/3736/3253 3381/3737/3254
f 2525/3677/3203 3381/3678/3204 2523/3738/3255
f 2523/3739/3256 2787/3740/3257 3324/3741/3258
f 3108/3742/3259 2897/3743/3259 2901/3744/3259
f 2900/3745/3260 2897/3743/3261 2787/3746/3262
f 2900/3745/3260 2787/3746/3262 2896/3747/3263
f 2900/3745/3260 2896/3747/3263 2902/3682/3208
f 2901/3681/3207 2900/3745/3260 2902/3682/3208
f 2902/3748/3212 3306/3749/3264 3305/3750/3265
f 3283/3689/3213 2902/3682/3212 3305/3751/3265
f 3283/3689/3213 3305/3751/3265 2998/3752/3266
f 3283/3689/3213 2998/3752/3266 2999/3753/3267
f 2999/3754/3117 2816/3755/3268 2773/3756/3269
f 2816/3755/3268 2774/3757/3270 2773/3756/3269
f 2999/3758/3271 3229/3701/3224 3280/3695/3221
f 3229/3701/3272 2773/3759/3273 3276/3760/3274
f 3229/3701/3272 3276/3760/3274 3024/3761/3275
f 3024/3761/3275 3276/3760/3274 3023/3762/3276
f 3119/3763/3277 3024/3761/3275 3023/3762/3276
f 3119/3763/3277 3023/3762/3276 3485/3764/3278
f 3277/3704/3227 3119/3763/3277 3485/3764/3278
f 3277/3704/3227 3485/3764/3278 3270/3705/3228
f 3485/3765/3279 3052/3766/3280 2772/3767/3281
f 3129/3636/3229 2772/3768/3282 3152/3706/3230
f 3152/3706/3230 3153/3769/3283 3154/3770/3284
f 3881/3709/3234 3265/3708/3233 3155/3771/3285
f 3881/3709/3234 3155/3771/3285 3157/3772/3286
f 3155/3771/3285 3154/3770/3287 3157/3772/3286
f 3265/3708/3233 3154/3773/3288 3156/3774/3289
f 3265/3708/3233 3156/3774/3289 3155/3771/3285
f 3179/3775/3290 2942/3776/3291 2934/3777/3292
f 3104/3778/3293 3186/3779/3294 3179/3775/3290
f 2942/3776/3291 3179/3775/3290 3032/3780/3295
f 2935/3781/3296 3032/3782/3297 3195/3783/3298
f 2935/3781/3296 3195/3783/3298 2934/3717/3299
f 3195/3783/3298 2933/3784/3300 2934/3717/3299
f 2934/3717/3299 2933/3784/3300 3421/3785/3301
f 3421/3785/3301 2933/3784/3300 2932/3786/3186
f 2934/3719/3240 2932/3787/3302 3097/3720/3242
f 2932/3787/3302 2724/3788/3303 3097/3720/3242
f 2814/3789/3304 3401/3790/3305 2724/3788/3306
f 2724/3788/3306 3401/3790/3305 3408/3791/3307
f 2724/3788/3306 3408/3791/3307 2729/3792/3308
f 2724/3788/3306 2729/3792/3308 2808/3793/3309
f 2808/3793/3309 2729/3792/3308 3053/3794/3310
f 3406/3729/3118 3053/3794/3311 3054/3730/3246
f 2725/3795/3312 3407/3796/3313 3053/3797/3314
f 3053/3794/3311 2728/3798/3315 3394/3799/3316
f 3053/3794/3311 3394/3799/3316 3054/3730/3246
f 3394/3799/3316 3055/3800/3317 3054/3730/3246
f 3096/3801/3318 3054/3802/3319 2543/3803/3320
f 3056/3804/3321 2543/3805/3321 2522/3806/3321
f 2524/3807/3322 3383/3808/3323 2522/3736/3324
f 2522/3736/3324 3383/3808/3323 3385/3809/3325
f 3381/3737/3199 3385/3809/3325 3325/3810/3326
f 3385/3809/3325 3383/3808/3323 3325/3810/3326
f 3381/3678/3204 2526/3811/3268 2523/3738/3255
f 2523/3739/3256 3325/3812/3327 2787/3740/3257
f 2787/3813/3328 2781/3814/3329 2784/3815/3330
f 2784/3815/3330 2781/3814/3329 2896/3816/3331
f 2781/3814/3332 2785/3817/3333 2782/3818/3334
f 3306/3749/3264 3307/3819/3335 3305/3750/3265
f 2896/3816/3331 2781/3814/3329 3305/3820/3336
f 2781/3814/3329 2779/3821/3337 2668/3822/3338
f 2781/3814/3329 2668/3822/3338 3305/3820/3336
f 2778/3823/3339 2791/3824/3340 3305/3820/3341
f 3170/3825/3342 2791/3824/3340 2800/3826/3343
f 2800/3826/3343 2791/3824/3340 2773/3827/3344
f 2773/3827/3344 2791/3824/3340 2792/3828/3345
f 2791/3824/3340 2789/3829/3346 2792/3828/3345
f 2773/3759/3273 2759/3830/3347 3276/3760/3274
f 2759/3830/3347 2764/3831/3348 3276/3760/3274
f 3023/3762/3276 3276/3760/3274 3052/3832/3349
f 2772/3767/3281 3052/3766/3280 3151/3833/3350
f 3152/3706/3230 2772/3768/3282 3153/3769/3283
f 3153/3769/3283 3264/3834/3351 3154/3770/3284
f 3153/3769/3283 3151/3835/3352 3264/3834/3351
f 3179/3775/3290 3186/3779/3294 3032/3780/3295
f 3106/3836/3353 3104/3837/3354 3105/3838/3355
f 3105/3838/3355 3103/3839/3356 3102/3840/3357
f 3104/3837/3354 3103/3839/3356 3105/3838/3355
f 3032/3782/3297 3102/3841/3358 3195/3783/3298
f 3195/3783/3298 3102/3841/3358 2943/3842/3359
f 3195/3783/3298 2943/3842/3359 2936/3843/3188
f 2933/3784/3300 2936/3843/3188 2943/3842/3359
f 2933/3784/3300 2943/3842/3359 2932/3786/3186
f 2943/3842/3359 2974/3844/3360 2932/3786/3186
f 2932/3845/3186 2974/3846/3360 2814/3847/3361
f 2724/3788/3303 2932/3787/3302 2813/3848/3362
f 2814/3849/3361 2722/3850/3363 3413/3851/3364
f 2722/3852/3365 2721/3853/3366 3401/3854/3193
f 3408/3791/3307 3401/3790/3305 3407/3796/3313
f 2725/3795/3312 3408/3791/3307 3407/3796/3313
f 3401/3790/3305 3400/3855/3367 3407/3796/3313
f 3407/3796/3313 3400/3855/3367 3395/3856/3305
f 3395/3856/3305 2727/3857/3303 3407/3796/3313
f 3407/3796/3313 2727/3857/3303 2728/3858/3156
f 2728/3858/3156 2727/3857/3303 3055/3859/3186
f 2727/3857/3303 3391/3860/3186 3055/3859/3186
f 3055/3859/3186 3391/3860/3186 2810/3861/3186
f 3054/3802/3319 2810/3861/3368 2539/3862/3369
f 2543/3803/3320 3054/3802/3319 2539/3862/3369
f 2542/3863/3370 2543/3803/3320 2539/3862/3369
f 2702/3864/3371 2522/3865/3372 2700/3866/3373
f 2702/3864/3371 2700/3866/3373 2701/3867/3374
f 2701/3867/3374 2700/3866/3373 3384/3868/3375
f 2700/3866/3373 2535/3869/3376 3384/3868/3375
f 3383/3870/3377 2701/3867/3374 3384/3868/3375
f 3382/3871/3378 3384/3872/3375 2527/3873/3245
f 3383/3808/3323 2527/3874/3379 3325/3810/3326
f 2785/3817/3333 2786/3875/3380 2782/3818/3334
f 2782/3818/3334 2783/3876/3381 2781/3814/3332
f 2783/3877/3382 2780/3878/3383 2779/3821/3337
f 2779/3821/3337 2780/3878/3383 2668/3822/3338
f 2778/3823/3339 2789/3829/3346 2791/3824/3340
f 2778/3823/3339 2790/3879/3384 2789/3829/3346
f 2790/3879/3385 2668/3880/3311 2666/3881/3153
f 2789/3882/3386 2666/3883/3387 2759/3884/3388
f 2666/3883/3387 2760/3885/3389 2759/3884/3388
f 2759/3830/3347 2752/3886/3390 2764/3831/3348
f 2764/3831/3348 2752/3886/3390 2761/3887/3391
f 3267/3888/3392 3268/3889/3393 3266/3890/3394
f 3266/3890/3394 3268/3889/3393 3269/3891/3395
f 3151/3892/3396 3272/3893/3397 3149/3894/3398
f 3272/3893/3397 2768/3895/3399 3149/3894/3398
f 3151/3835/3352 3148/3896/3400 3264/3834/3351
f 3149/3894/3398 2771/3897/3401 3148/3896/3402
f 3264/3834/3351 3246/3898/3403 3154/3770/3284
f 3148/3896/3402 3147/3899/3404 3251/3900/3405
f 3102/3840/3357 3103/3839/3356 3107/3901/3406
f 3099/3902/3407 3452/3903/3408 3102/3840/3409
f 3102/3840/3409 3452/3903/3408 3101/3904/3410
f 3051/3905/3411 3447/3906/3267 3452/3903/3408
f 3101/3904/3410 3452/3903/3408 3447/3906/3267
f 3101/3904/3410 3447/3906/3267 3216/3907/3412
f 3216/3908/3185 3084/3909/3188 2974/3844/3360
f 2814/3910/3361 2974/3844/3360 2722/3911/3363
f 2974/3844/3360 3084/3909/3188 2722/3911/3363
f 3414/3912/3413 2722/3913/3414 2718/3914/3302
f 2721/3853/3366 3414/3912/3413 3401/3854/3193
f 3414/3912/3413 2867/3915/3415 2720/3916/3416
f 3414/3912/3413 2720/3916/3416 3401/3854/3193
f 2720/3917/3417 2868/3918/3418 3400/3855/3367
f 3400/3855/3367 2868/3918/3418 2865/3919/3419
f 3400/3855/3367 2865/3919/3419 3395/3856/3305
f 2727/3857/3303 3395/3856/3305 3087/3920/3420
f 2865/3921/3249 3392/3922/3421 3087/3923/3422
f 3087/3923/3422 3392/3922/3421 3393/3924/3423
f 3391/3925/3424 3393/3924/3423 2539/3862/3425
f 3391/3925/3424 2815/3926/3186 3393/3924/3423
f 2542/3927/3426 2536/3928/3427 2535/3869/3376
f 2535/3869/3376 2536/3928/3427 3379/3929/3263
f 3379/3929/3263 2541/3930/3428 2535/3869/3376
f 2535/3869/3376 2541/3930/3428 2534/3931/3308
f 2535/3869/3376 2534/3931/3308 3355/3932/3267
f 2535/3869/3376 3355/3932/3267 3384/3868/3375
f 3384/3868/3375 3355/3932/3267 2527/3874/3245
f 3355/3932/3267 2534/3931/3308 2533/3933/3429
f 2533/3933/3429 2530/3934/3430 3355/3932/3267
f 3355/3932/3267 2532/3935/3431 2527/3874/3245
f 2532/3936/3432 2530/3934/3188 2528/3937/3126
f 2530/3934/3188 2531/3938/3433 2528/3937/3126
f 2528/3937/3126 2531/3938/3433 2544/3939/3183
f 2527/3940/3434 2528/3937/3126 2529/3941/3188
f 2529/3941/3188 2528/3937/3126 2537/3942/3435
f 2973/3943/3432 3332/3944/3436 3325/3945/3437
f 3325/3945/3437 3332/3944/3436 2659/3946/3438
f 3325/3945/3437 2659/3946/3438 2786/3875/3439
f 2659/3946/3438 3332/3944/3436 3328/3947/3440
f 3332/3944/3436 2695/3948/3186 3328/3947/3440
f 2782/3949/3441 3256/3950/3442 2788/3951/3443
f 3256/3952/3444 3322/3953/3444 3323/3954/3444
f 2780/3955/3445 2782/3949/3441 2788/3951/3443
f 2788/3956/3446 2662/3957/3447 2895/3958/3448
f 2667/3959/3449 2780/3878/3450 3303/3960/3451
f 2780/3878/3450 2895/3961/3452 3303/3960/3451
f 2788/3956/3446 2659/3962/3453 2662/3957/3447
f 2895/3958/3448 2662/3957/3447 2663/3963/3247
f 3303/3960/3451 2663/3963/3247 2662/3957/3447
f 2667/3959/3449 3303/3960/3451 2665/3964/3454
f 2667/3959/3449 2665/3964/3454 2668/3880/3311
f 2662/3957/3447 2661/3965/3227 3303/3960/3451
f 3303/3960/3451 2661/3965/3227 2665/3964/3454
f 2668/3880/3311 2665/3964/3454 2666/3881/3153
f 2666/3966/3455 2664/3967/3456 3289/3968/3457
f 2775/3969/3458 2666/3881/3459 2762/3970/3460
f 2666/3881/3459 2763/3971/3461 2762/3970/3460
f 2775/3969/3458 2762/3970/3460 2760/3972/3462
f 2763/3971/3461 3289/3968/3457 2762/3970/3460
f 2762/3970/3460 3289/3968/3457 3288/3973/3463
f 2751/3974/3464 3288/3973/3463 2750/3975/3366
f 2751/3974/3464 2750/3975/3366 2752/3976/3465
f 2752/3886/3390 2753/3977/3466 3159/3978/3467
f 2752/3886/3390 3159/3978/3467 2761/3887/3391
f 2761/3979/3468 2766/3980/3469 2767/3981/3470
f 3151/3982/3471 2761/3983/3471 2768/3984/3471
f 2769/3985/3472 2767/3981/3470 2768/3895/3473
f 2768/3895/3399 2771/3897/3401 3149/3894/3398
f 3148/3896/3402 2771/3897/3401 3147/3899/3404
f 2771/3897/3401 2798/3986/3474 3191/3987/3475
f 3147/3899/3404 3150/3988/3476 3251/3900/3405
f 3103/3989/3477 3171/3990/3478 3050/3991/3479
f 3102/3992/3480 3098/3993/3481 3051/3905/3411
f 3098/3993/3481 3050/3994/3482 3051/3905/3411
f 3051/3905/3411 3050/3994/3482 3100/3995/3483
f 3051/3905/3411 3100/3995/3483 3447/3906/3267
f 3049/3996/3484 3100/3995/3483 3050/3994/3482
f 3100/3995/3483 3133/3997/3199 3447/3906/3267
f 3216/3908/3185 3134/3998/3093 3084/3909/3188
f 3084/3909/3188 3134/3998/3093 2719/3999/3161
f 2719/3999/3161 3134/3998/3093 2723/4000/3451
f 3084/3909/3188 2719/3999/3161 2718/3914/3302
f 2719/3999/3161 3415/4001/3156 2718/3914/3302
f 2718/3914/3302 2867/3915/3415 3414/3912/3413
f 2718/3914/3302 3415/4001/3156 2867/3915/3415
f 2723/4000/3485 3416/4002/3485 3415/4001/3485
f 2867/3915/3415 3415/4001/3156 2653/4003/3323
f 2653/4003/3323 3415/4001/3156 2652/4004/3245
f 2868/3918/3418 2867/3915/3115 2865/3919/3419
f 2865/3919/3419 2867/3915/3115 2866/4005/3317
f 2865/3921/3306 2628/4006/3156 2678/4007/3186
f 3392/3922/3421 2539/3862/3425 3393/3924/3423
f 3392/3922/3421 3259/4008/3486 2539/3862/3425
f 3259/4008/3487 2865/3921/3306 2540/4009/3245
f 2865/3921/3306 2678/4007/3186 2540/4009/3245
f 2678/4007/3186 2628/4006/3156 2817/4010/3199
f 2540/4011/3488 2541/3930/3428 2539/4012/3204
f 2539/4012/3204 3379/3929/3263 2538/4013/3489
f 2539/4012/3204 2541/3930/3428 3379/3929/3263
f 2533/3933/3429 2534/3931/3308 2634/4014/3490
f 2530/4015/3366 2634/4016/3491 2544/3939/3183
f 2634/4016/3491 3353/4017/3492 2544/3939/3183
f 2528/3937/3126 2545/4018/3493 2537/3942/3435
f 2544/3939/3183 2545/4018/3493 2528/3937/3126
f 2544/3939/3183 3353/4017/3492 2545/4018/3493
f 3330/4019/3199 3329/4020/3199 3331/4021/3199
f 3328/3947/3440 2545/4022/3494 2659/3946/3438
f 2659/3962/3495 2649/4023/3495 2660/4024/3495
f 2662/3957/3447 2659/3962/3453 2654/4025/3496
f 2665/3964/3454 2661/3965/3227 2664/3967/3497
f 2657/4026/3303 2806/4027/3498 2661/3965/3227
f 2664/3967/3456 3290/4028/3499 3289/3968/3457
f 2661/3965/3227 2806/4027/3498 2664/3967/3497
f 2664/3967/3497 2806/4027/3498 3291/4029/3500
f 3289/3968/3457 3290/4028/3499 3288/3973/3463
f 3290/4028/3499 3291/4030/3501 3288/3973/3463
f 2750/3975/3366 3288/3973/3463 2749/4031/3303
f 3288/3973/3463 3291/4030/3501 2747/4032/3502
f 2749/4031/3303 3288/3973/3463 2748/4033/3503
f 2750/3975/3366 2749/4031/3303 2753/3977/3130
f 3288/3973/3463 2747/4032/3502 2748/4033/3503
f 2753/3977/3466 2754/4034/3306 3159/3978/3467
f 2749/4031/3303 2748/4033/3503 2754/4035/3317
f 2766/3980/3469 2754/4036/3421 2765/4037/3504
f 2767/3981/3470 2766/3980/3469 2768/3895/3473
f 2766/3980/3469 2765/4037/3504 3248/4038/3504
f 2799/4039/3505 2766/3980/3469 3248/4038/3504
f 2768/3895/3473 2766/3980/3469 2770/4040/3506
f 2770/4040/3506 2766/3980/3469 2798/4041/3507
f 2766/3980/3469 2799/4039/3505 2798/4041/3507
f 2799/4039/3505 3037/4042/3508 2798/4041/3507
f 2768/3895/3399 2798/3986/3474 2771/3897/3401
f 3150/3988/3476 3191/4043/3509 3251/3900/3405
f 2798/4041/3507 2918/4044/3510 3251/4045/3511
f 3103/3989/3477 3128/4046/3512 3171/3990/3478
f 3050/3991/3513 3128/4047/3514 3455/4048/3515
f 3050/3994/3482 2510/4049/3516 3049/3996/3484
f 3049/3996/3245 3090/4050/3156 3455/4048/3156
f 3453/4051/3517 3049/3996/3245 3134/4052/3252
f 3453/4051/3517 3134/4052/3252 3133/3997/3161
f 3049/3996/3245 3048/4053/3252 3134/4052/3252
f 3134/4052/3252 3048/4053/3252 2647/4054/3518
f 3134/4055/3519 3442/4056/3520 2807/4057/3521
f 3416/4002/3522 3134/4058/3369 2726/4059/3369
f 2807/4057/3521 2712/4060/3523 2745/4061/3524
f 3134/4058/3369 2745/4062/3517 2726/4059/3369
f 3415/4001/3156 3422/4063/3156 2652/4004/3245
f 2652/4004/3245 3422/4063/3156 3396/4064/3525
f 2652/4004/3245 3396/4064/3525 2865/3921/3306
f 2865/3921/3306 2630/4065/3115 2628/4006/3156
f 3396/4064/3525 2630/4065/3115 2865/3921/3306
f 2540/4066/3186 2628/4006/3156 2629/4067/3503
f 2629/4067/3503 2628/4006/3156 2627/4068/3319
f 2628/4006/3156 2630/4065/3115 2627/4068/3319
f 2630/4065/3115 2626/4069/3186 2627/4068/3319
f 2629/4067/3503 2627/4068/3319 3356/4070/3526
f 2629/4067/3503 3356/4070/3526 2541/3930/3527
f 2627/4068/3319 3376/4071/3528 3356/4070/3526
f 3376/4071/3528 2547/4072/3529 3356/4070/3526
f 3356/4070/3526 2547/4072/3529 2634/4073/3530
f 2634/4073/3530 2547/4072/3529 2619/4074/3531
f 2619/4074/3531 2547/4072/3529 2550/4075/3532
f 2550/4076/3533 2546/4077/3534 3353/4017/3492
f 3353/4017/3492 2546/4077/3534 2545/4018/3493
f 2546/4077/3534 3354/4078/3535 3351/4079/3536
f 2546/4077/3534 3351/4079/3536 2545/4018/3493
f 2649/4080/3537 2545/4022/3538 3352/4081/3539
f 2585/4082/3540 2586/4083/3430 3352/4081/3539
f 2649/4080/3537 3352/4081/3539 2586/4083/3430
f 2660/4084/3541 2655/4085/3542 2654/4086/3543
f 2655/4085/3542 2586/4087/3544 2654/4086/3543
f 2654/4086/3543 2586/4087/3544 3308/4088/3545
f 2586/4087/3092 2587/4089/3546 2656/4090/3547
f 2654/4086/3543 3302/4091/3503 2657/4092/3548
f 2654/4086/3543 3308/4088/3545 3302/4091/3503
f 3308/4088/3545 2656/4093/3430 3302/4091/3503
f 2657/4092/3548 3302/4091/3503 2776/4094/3503
f 2776/4094/3549 2658/4095/3549 2777/4096/3549
f 3302/4091/3503 2656/4093/3430 2658/4095/3448
f 2777/4097/3550 3292/4098/3551 3291/4099/3552
f 3292/4098/3551 2777/4097/3550 2757/4100/3553
f 2747/4032/3431 3292/4098/3551 2756/4101/3245
f 3292/4098/3551 2757/4100/3553 2756/4101/3245
f 2748/4033/3503 2756/4102/3421 2755/4103/3199
f 2748/4033/3503 2755/4103/3199 2754/4035/3317
f 2765/4037/3252 2755/4104/3432 2758/4105/3554
f 2765/4037/3252 2758/4105/3554 2992/4106/3555
f 2992/4106/3555 2758/4105/3554 3275/4107/3282
f 2798/4041/3507 3037/4042/3508 2918/4044/3510
f 3037/4108/3556 3273/4109/3557 3082/4110/3558
f 3128/4111/3514 3454/4112/3559 3455/4113/3515
f 3049/3996/3245 3455/4048/3156 3048/4053/3252
f 2647/4054/3560 3454/4114/3561 2646/4115/3562
f 2647/4054/3560 2646/4115/3562 3442/4056/3520
f 3454/4114/3561 2644/4116/3563 2646/4115/3562
f 2807/4057/3521 3442/4056/3520 2712/4060/3523
f 2712/4060/3523 2646/4115/3562 3415/4001/3156
f 3442/4056/3520 2646/4115/3562 2712/4060/3523
f 3415/4001/3156 2646/4115/3562 2945/4117/3564
f 2945/4117/3564 3422/4063/3156 3415/4001/3156
f 2650/4118/3203 2646/4115/3527 3423/4119/3565
f 3422/4063/3156 2650/4118/3203 2651/4120/3566
f 3422/4063/3156 2651/4120/3566 3396/4064/3525
f 2650/4118/3203 3423/4119/3565 2651/4120/3566
f 3396/4064/3525 2651/4120/3566 2590/4121/3567
f 2651/4120/3566 3399/4122/3568 2590/4121/3567
f 3396/4064/3525 2590/4121/3567 2797/4123/3569
f 2632/4124/3570 2612/4125/3570 2590/4126/3570
f 2630/4127/3186 2632/4128/3186 2631/4129/3186
f 2626/4069/3186 2595/4130/3421 2627/4068/3319
f 2627/4068/3319 2595/4130/3421 2568/4131/3379
f 3376/4071/3528 2568/4132/3571 2547/4072/3529
f 2547/4072/3529 2568/4132/3571 3357/4133/3572
f 2570/4134/3573 3357/4133/3572 2569/4135/3303
f 2547/4072/3574 2549/4136/3575 3358/4137/3576
f 2569/4135/3303 2553/4138/3487 3358/4137/3576
f 3358/4137/3576 2553/4138/3487 2548/4139/3577
f 2547/4072/3574 3358/4137/3576 2546/4077/3534
f 2546/4077/3534 3358/4137/3576 3354/4078/3535
f 3358/4137/3576 2548/4139/3577 3354/4078/3535
f 3354/4078/3535 2548/4139/3577 2551/4140/3578
f 3351/4079/3309 2586/4083/3430 2585/4082/3540
f 3351/4079/3309 2577/4141/3317 2586/4083/3430
f 2586/4087/3092 2582/4142/3306 2587/4089/3546
f 2587/4089/3546 2582/4142/3306 3309/4143/3303
f 2588/4144/3092 3309/4143/3303 2583/4145/3579
f 2656/4146/3580 2583/4145/3579 3301/4147/3581
f 2583/4145/3579 2620/4148/3582 3301/4147/3581
f 2658/4095/3448 2656/4093/3430 2593/4149/3451
f 2658/4150/3448 2593/4151/3451 3299/4152/3306
f 3301/4153/3583 3300/4154/3583 2593/4155/3583
f 2593/4156/3118 2621/4157/3431 2777/4097/3584
f 2757/4100/3553 2777/4097/3550 2703/4158/3585
f 3081/4159/3421 3287/4160/3156 2707/4161/3156
f 3275/4107/3282 3273/4109/3557 2992/4106/3555
f 3275/4107/3282 3274/4162/3586 3273/4109/3557
f 3273/4109/3557 3274/4162/3586 3083/4163/3587
f 2992/4106/3555 3273/4109/3557 3037/4108/3556
f 3083/4163/3588 3173/4164/3589 3082/4165/3590
f 3128/4047/3514 3088/4166/3591 3454/4167/3559
f 3128/4047/3514 3089/4168/3592 3088/4166/3591
f 2822/4169/3546 3454/4167/3559 3088/4166/3591
f 3131/4170/3593 3138/4171/3593 2822/4169/3593
f 3454/4167/3559 2822/4169/3546 3473/4172/3594
f 3473/4172/3594 2822/4169/3546 2821/4173/3595
f 3473/4172/3594 2821/4173/3595 2644/4174/3596
f 2821/4173/3595 2822/4169/3546 2819/4175/3597
f 2644/4176/3598 2819/4177/3599 2645/4178/3600
f 2646/4115/3527 2642/4179/3601 3423/4119/3565
f 2644/4176/3598 2641/4180/3602 2642/4179/3601
f 2642/4179/3601 2641/4180/3602 3423/4119/3565
f 3423/4119/3565 2641/4180/3602 2640/4181/3186
f 3423/4119/3565 2640/4181/3186 2639/4182/3603
f 2639/4182/3603 2610/4183/3604 3398/4184/3605
f 2590/4185/3606 2639/4182/3603 3398/4184/3605
f 3398/4184/3605 2610/4183/3604 2589/4186/3554
f 2590/4126/3607 2589/4187/3607 2631/4188/3607
f 2589/4187/3156 2568/4132/3156 2630/4189/3199
f 2589/4187/3156 2580/4190/3431 2568/4132/3156
f 2568/4132/3571 2566/4191/3186 3357/4133/3572
f 3357/4133/3572 2566/4191/3186 2569/4135/3303
f 2569/4135/3303 2566/4191/3186 2553/4138/3487
f 2566/4191/3186 2555/4192/3156 2553/4138/3487
f 2553/4138/3487 2552/4193/3432 2551/4140/3608
f 2551/4140/3608 2552/4193/3432 3351/4079/3309
f 3351/4079/3309 2552/4193/3432 2577/4141/3317
f 2586/4083/3430 2577/4141/3317 2576/4194/3609
f 2582/4142/3306 2577/4141/3317 2552/4193/3432
f 2582/4142/3306 2552/4193/3432 2563/4195/3503
f 2582/4142/3306 2563/4195/3503 3309/4143/3303
f 2563/4195/3503 2584/4196/3610 3480/4197/3611
f 2563/4195/3503 3480/4197/3611 2583/4145/3579
f 2563/4195/3503 2583/4145/3579 3309/4143/3303
f 2583/4145/3579 3480/4197/3611 2620/4148/3582
f 3480/4197/3611 2584/4196/3610 2674/4198/3612
f 2674/4198/3612 2584/4196/3610 2648/4199/3613
f 2593/4156/3118 2674/4198/3612 2648/4199/3613
f 2648/4199/3613 2584/4196/3610 2592/4200/3614
f 2593/4156/3118 2648/4199/3613 2617/4201/3451
f 2621/4157/3431 2593/4156/3118 2617/4201/3451
f 2617/4201/3451 2709/4202/3306 2621/4157/3431
f 2777/4097/3550 2704/4203/3615 2703/4158/3585
f 2704/4203/3615 2706/4204/3245 2703/4158/3585
f 2703/4158/3585 2706/4204/3245 2705/4205/3303
f 2703/4158/3585 2705/4205/3303 3287/4160/3156
f 3287/4160/3156 2705/4205/3303 2707/4161/3156
f 2707/4161/3156 2705/4205/3303 2946/4206/3186
f 2911/4207/3616 3284/4208/3617 3274/4162/3586
f 2707/4161/3156 2859/4209/3186 2911/4207/3433
f 3284/4208/3617 3083/4163/3587 3274/4162/3586
f 3284/4208/3617 3237/4210/3618 2993/4211/3619
f 3284/4208/3617 2993/4211/3619 3083/4163/3587
f 3083/4163/3587 2993/4211/3619 2994/4212/3620
f 2994/4212/3620 2995/4213/3621 3083/4163/3587
f 3089/4214/3622 3185/4215/3623 3457/4216/3624
f 3456/4217/3625 3046/4218/3625 3089/4219/3625
f 3457/4216/3624 3044/4220/3626 3046/4221/3627
f 3088/4166/3628 3044/4220/3626 3131/4222/3629
f 3088/4166/3628 3046/4221/3627 3044/4220/3626
f 3131/4222/3629 3044/4220/3626 3172/4223/3630
f 2822/4169/3546 2820/4224/3631 2819/4175/3597
f 2820/4224/3631 2822/4169/3546 3172/4225/3632
f 2820/4226/3633 2643/4227/3634 2645/4178/3600
f 2820/4228/3635 2833/4229/3636 2714/4230/3637
f 2644/4176/3598 2645/4178/3600 2643/4227/3634
f 2644/4176/3598 2643/4227/3634 2641/4180/3602
f 2643/4227/3634 2714/4230/3637 2641/4180/3602
f 3434/4231/3638 2713/4232/3639 2640/4233/3585
f 2713/4232/3639 3433/4234/3640 2640/4233/3585
f 2639/4182/3603 2640/4181/3186 2610/4183/3604
f 2589/4186/3421 3397/4235/3421 2609/4236/3421
f 2610/4237/3129 2607/4238/3421 2609/4239/3362
f 2580/4240/3302 2609/4236/3641 3377/4241/3641
f 2581/4242/3186 2580/4190/3115 2574/4243/3115
f 2580/4190/3115 3378/4244/3451 2574/4243/3115
f 2568/4132/3571 2581/4245/3503 2566/4191/3186
f 2581/4245/3503 2567/4246/3115 2566/4191/3186
f 2567/4246/3115 2565/4247/3252 2566/4191/3186
f 2567/4246/3115 2571/4248/3155 2565/4247/3252
f 2565/4247/3252 2571/4248/3155 3350/4249/3573
f 2566/4191/3612 2572/4250/3612 2573/4251/3612
f 2565/4247/3252 3350/4249/3573 2572/4250/3642
f 2553/4138/3487 2555/4192/3156 2552/4193/3432
f 2555/4192/3156 2572/4252/3546 2552/4193/3432
f 2552/4193/3432 2572/4252/3546 2556/4253/3643
f 2572/4252/3546 2557/4254/3644 2556/4253/3643
f 2554/4255/3186 2556/4253/3643 3345/4256/3645
f 3345/4256/3645 2556/4253/3643 2557/4254/3644
f 2554/4255/3186 3345/4256/3645 2563/4257/3188
f 3345/4256/3645 2558/4258/3334 2563/4257/3188
f 3345/4256/3645 2578/4259/3646 2558/4258/3334
f 2563/4257/3517 2559/4260/3647 2564/4261/3648
f 2563/4257/3517 2564/4261/3648 2613/4262/3649
f 2564/4261/3648 2579/4263/3650 2613/4262/3649
f 2584/4264/3651 2693/4265/3651 2603/4266/3651
f 2603/4267/3320 2604/4268/3652 2711/4269/3503
f 2603/4267/3320 2711/4269/3503 2709/4270/3156
f 2621/4157/3431 2709/4202/3306 2743/4271/3306
f 2709/4202/3306 2710/4272/3188 2743/4271/3306
f 2710/4272/3188 2711/4273/3155 3310/4274/3188
f 2743/4271/3306 2710/4272/3188 3298/4275/3432
f 2710/4272/3188 3310/4274/3188 3298/4275/3432
f 2743/4276/3186 3297/4277/3115 2803/4278/3641
f 3484/4279/3573 2706/4280/3573 2858/4281/3573
f 2803/4278/3641 3297/4277/3115 2858/4282/3093
f 2705/4205/3303 3484/4283/3186 2946/4206/3186
f 2707/4161/3156 2946/4206/3186 2859/4209/3186
f 3071/4284/3653 2858/4285/3654 2859/4286/3655
f 2859/4287/3656 3237/4210/3618 3284/4208/3617
f 3237/4288/3657 3140/4289/3658 3076/4290/3659
f 3076/4290/3659 3140/4289/3658 2993/4291/3660
f 2993/4291/3661 3224/4292/3661 2996/4293/3661
f 2994/4212/3620 2996/4294/3662 2995/4213/3621
f 2996/4294/3662 3169/4295/3663 2995/4213/3621
f 3185/4215/3623 3167/4296/3664 3457/4216/3624
f 3457/4216/3624 3167/4296/3664 3044/4220/3626
f 3185/4215/3623 3240/4297/3665 3167/4296/3664
f 3044/4220/3626 3167/4296/3664 3045/4298/3666
f 3045/4298/3666 3043/4299/3667 3044/4220/3626
f 3044/4220/3626 3043/4299/3667 3042/4300/3668
f 3044/4220/3626 3047/4301/3669 3172/4223/3630
f 3458/4302/3670 2833/4229/3671 3172/4303/3672
f 3458/4302/3670 3093/4304/3673 2847/4305/3518
f 3458/4302/3670 2847/4305/3518 2833/4229/3671
f 2714/4230/3637 2833/4229/3636 2736/4306/3674
f 2736/4306/3674 2641/4180/3602 2714/4230/3637
f 2736/4306/3674 2715/4307/3254 2641/4180/3602
f 2713/4308/3639 2715/4307/3245 3433/4309/3640
f 3433/4309/3640 2715/4307/3245 2633/4310/3675
f 3433/4309/3640 2633/4310/3675 2608/4311/3309
f 2608/4311/3309 2633/4310/3675 2607/4238/3421
f 2608/4311/3309 2607/4238/3421 2610/4237/3129
f 2611/4312/3676 2618/4313/3431 2607/4314/3421
f 2607/4314/3421 2618/4313/3431 2594/4315/3155
f 2609/4236/3641 3475/4316/3451 3377/4241/3641
f 3475/4316/3451 2607/4314/3677 3430/4317/3186
f 3377/4241/3641 3475/4316/3451 3378/4244/3245
f 3475/4316/3451 3430/4317/3186 3378/4244/3245
f 2594/4318/3115 3424/4319/3115 3430/4317/3186
f 3378/4244/3245 3430/4317/3186 2567/4246/3115
f 3430/4317/3186 3424/4319/3115 2575/4320/3186
f 3430/4317/3186 2575/4320/3186 2571/4248/3155
f 2567/4246/3115 3430/4317/3186 2571/4248/3155
f 2571/4248/3155 2622/4321/3430 2562/4322/3431
f 3350/4249/3573 2571/4248/3155 2562/4322/3431
f 2562/4322/3431 3349/4323/3678 3350/4249/3573
f 3350/4249/3573 3349/4323/3678 2557/4324/3679
f 3346/4325/3155 3343/4326/3155 3344/4327/3155
f 2558/4258/3334 2578/4259/3646 2559/4328/3680
f 2578/4329/3681 2560/4330/3682 2561/4331/3683
f 2579/4332/3571 2559/4328/3684 2561/4331/3683
f 2561/4331/3683 2560/4330/3682 2597/4333/3685
f 2561/4331/3683 2597/4333/3685 2596/4334/3686
f 2561/4331/3683 2596/4334/3686 2579/4332/3571
f 2693/4335/3687 2596/4334/3688 2598/4336/3689
f 2693/4335/3687 2598/4336/3689 3321/4337/3473
f 3321/4337/3473 2598/4336/3689 2600/4338/3690
f 3321/4337/3473 2604/4268/3652 2603/4267/3320
f 3321/4337/3473 2600/4338/3690 2604/4268/3652
f 2600/4338/3690 2599/4339/3691 2604/4268/3652
f 2711/4273/3692 3319/4340/3693 2732/4341/3156
f 2732/4341/3156 3319/4340/3693 2730/4342/3694
f 3298/4275/3432 3310/4274/3188 2741/4343/3188
f 2732/4341/3156 2730/4342/3694 2737/4344/3517
f 3310/4274/3188 2732/4341/3451 3297/4277/3115
f 3310/4274/3188 3297/4277/3115 2741/4343/3188
f 3297/4277/3115 2732/4341/3451 3293/4345/3695
f 2737/4344/3517 2738/4346/3696 2732/4341/3156
f 2738/4346/3696 2740/4347/3183 2732/4341/3156
f 3293/4345/3695 2732/4341/3451 3311/4348/3697
f 3297/4277/3115 3293/4345/3695 2858/4282/3093
f 3293/4345/3695 3311/4348/3697 3140/4349/3698
f 2859/4286/3655 2858/4285/3654 3140/4350/3699
f 3140/4289/3700 2860/4351/3701 3285/4352/3702
f 3224/4292/3703 3140/4353/3703 2862/4354/3703
f 3224/4355/3704 3168/4356/3705 3169/4357/3706
f 3240/4297/3665 3043/4299/3707 3167/4296/3664
f 3043/4299/3667 2960/4358/3708 3042/4300/3668
f 3043/4299/3667 2956/4359/3709 2960/4358/3708
f 3093/4304/3673 2960/4358/3708 3459/4360/3431
f 2960/4358/3708 2956/4359/3709 3459/4360/3431
f 3459/4360/3431 2959/4361/3710 3093/4304/3673
f 3093/4304/3673 2959/4361/3710 2847/4305/3518
f 2847/4305/3518 2959/4361/3710 2834/4362/3711
f 2834/4362/3712 2839/4363/3713 2835/4364/3714
f 2834/4362/3712 2835/4364/3714 2833/4365/3715
f 2833/4365/3715 2835/4364/3714 2836/4366/3716
f 2736/4306/3674 2805/4367/3717 2804/4368/3718
f 2736/4306/3674 2804/4368/3718 2715/4307/3254
f 2805/4367/3717 2833/4369/3719 2804/4368/3718
f 2715/4307/3254 2804/4368/3718 2863/4370/3720
f 2863/4370/3720 2856/4371/3721 2715/4307/3254
f 2715/4307/3254 2856/4371/3721 2698/4372/3722
f 2633/4310/3675 2715/4307/3245 2746/4373/3156
f 2746/4373/3156 2802/4374/3723 2633/4310/3675
f 2633/4310/3675 2802/4374/3723 2618/4375/3724
f 2698/4372/3641 3432/4376/3432 2594/4315/3155
f 2618/4313/3431 2746/4377/3199 2594/4315/3155
f 2746/4377/3199 2698/4372/3641 2594/4315/3155
f 3429/4378/3725 2591/4379/3245 2594/4380/3641
f 3424/4319/3115 2606/4381/3306 2575/4320/3186
f 2575/4320/3487 2591/4379/3245 2622/4321/3245
f 2591/4379/3245 2623/4382/3199 2622/4321/3245
f 2622/4321/3245 2616/4383/3641 2638/4384/3188
f 2622/4321/3430 2708/4385/3491 2562/4322/3431
f 3347/4386/3726 3348/4387/3727 2562/4388/3726
f 2557/4254/3728 2562/4389/3729 3342/4390/3730
f 2562/4322/3431 3359/4391/3119 3479/4392/3261
f 2562/4389/3729 2578/4329/3731 3342/4390/3730
f 2578/4393/3732 3336/4394/3733 2602/4395/3734
f 2596/4334/3686 2597/4333/3685 2605/4396/3735
f 2596/4334/3688 2599/4397/3736 2598/4336/3689
f 2601/4398/3737 2599/4397/3738 2605/4399/3739
f 2605/4399/3739 2716/4400/3228 2601/4398/3737
f 2599/4397/3738 2730/4342/3694 3319/4340/3693
f 2599/4397/3738 2601/4398/3737 2730/4342/3694
f 2730/4342/3694 2601/4398/3737 2809/4401/3740
f 2730/4342/3694 2809/4401/3740 2731/4402/3741
f 2809/4401/3740 2738/4403/3742 2731/4402/3741
f 2738/4346/3696 2739/4404/3428 2740/4347/3183
f 2739/4404/3428 2738/4346/3696 2744/4405/3743
f 3311/4348/3697 2740/4347/3183 2742/4406/3744
f 2740/4347/3183 2739/4404/3428 2742/4406/3744
f 3311/4348/3697 2742/4406/3744 3140/4349/3698
f 2739/4404/3428 2744/4405/3743 2824/4407/3745
f 3295/4408/3640 3296/4409/3640 2742/4410/3640
f 2742/4411/3746 3294/4412/3747 2860/4351/3701
f 2860/4351/3701 3294/4412/3747 3285/4352/3702
f 3285/4352/3702 3294/4412/3747 2910/4413/3748
f 2862/4414/3749 3285/4352/3702 2861/4415/3750
f 3285/4352/3702 2910/4413/3748 2861/4415/3750
f 2862/4414/3749 2861/4415/3750 3218/4416/3751
f 2861/4415/3750 3092/4417/3752 3286/4418/3753
f 2861/4415/3750 2910/4413/3748 3092/4417/3752
f 3286/4418/3753 3092/4417/3752 3218/4419/3754
f 3218/4419/3754 3092/4417/3752 3137/4420/3755
f 3218/4419/3754 3137/4420/3755 3168/4421/3756
f 2962/4422/3757 2961/4423/3758 3466/4424/3759
f 3043/4299/3667 3466/4424/3759 2956/4359/3709
f 3466/4424/3759 2961/4423/3758 2956/4359/3709
f 2956/4359/3609 2955/4425/3369 2839/4426/3760
f 2956/4359/3609 2957/4427/3761 2955/4425/3369
f 2956/4359/3609 2839/4426/3760 2959/4361/3762
f 2839/4428/3763 2838/4429/3117 2837/4430/3764
f 2837/4430/3764 2844/4431/3722 2836/4432/3765
f 2837/4430/3764 2838/4429/3117 2844/4431/3722
f 2844/4431/3722 2838/4429/3117 2842/4433/3609
f 2844/4431/3722 2842/4433/3609 2845/4434/3449
f 2845/4434/3449 2842/4433/3609 2863/4435/3766
f 2864/4436/3767 2863/4435/3768 2671/4437/3769
f 2671/4437/3769 3441/4438/3253 2864/4436/3767
f 2856/4439/3337 2671/4440/3130 3432/4376/3432
f 3432/4376/3432 2671/4440/3130 2670/4441/3379
f 2670/4441/3379 2669/4442/3115 3432/4376/3432
f 3432/4376/3432 2669/4442/3115 2594/4315/3155
f 2624/4443/3245 2591/4379/3245 3429/4378/3725
f 2591/4379/3245 2624/4443/3245 2623/4382/3199
f 2624/4443/3245 2625/4444/3421 2623/4382/3199
f 2623/4382/3199 2616/4383/3641 2622/4321/3245
f 2679/4445/3450 2616/4446/3487 3375/4447/3614
f 2616/4446/3487 3374/4448/3614 3375/4447/3614
f 2562/4322/3431 2708/4385/3491 3359/4391/3119
f 3375/4447/3614 3374/4448/3614 2708/4449/3770
f 2708/4449/3770 3374/4448/3614 2614/4450/3612
f 3359/4391/3119 2614/4450/3337 3341/4451/3554
f 3479/4392/3261 3359/4391/3119 3341/4451/3554
f 3341/4451/3554 2635/4452/3573 3479/4392/3261
f 3341/4451/3554 2614/4450/3337 2675/4453/3771
f 3479/4392/3261 3336/4394/3733 2578/4393/3732
f 3479/4392/3261 2635/4452/3573 3336/4394/3733
f 3336/4394/3733 2635/4452/3573 2615/4454/3772
f 2602/4395/3734 3336/4394/3733 2597/4455/3773
f 2597/4455/3774 2717/4456/3774 2716/4457/3774
f 2716/4400/3228 3320/4458/3775 2601/4398/3737
f 2601/4398/3737 3320/4458/3775 2735/4459/3776
f 2735/4460/3777 2812/4461/3778 2809/4401/3779
f 2733/4462/3780 2738/4403/3742 2809/4401/3740
f 2809/4401/3740 2823/4463/3781 2733/4462/3780
f 3318/4464/3782 2734/4465/3783 2966/4466/3784
f 2809/4401/3740 2966/4467/3785 2823/4463/3781
f 2744/4405/3743 2823/4468/3430 3481/4469/3598
f 2744/4405/3743 3481/4469/3598 2824/4407/3745
f 3481/4469/3598 2968/4470/3786 2824/4407/3745
f 2742/4411/3746 2824/4471/3787 3294/4412/3747
f 2824/4471/3787 2970/4472/3788 3294/4412/3747
f 3294/4412/3747 3117/4473/3789 2910/4413/3748
f 2910/4413/3748 3117/4473/3789 3137/4474/3790
f 2961/4423/3758 2950/4475/3791 2956/4359/3709
f 2950/4476/3615 2948/4477/3792 3180/4478/3793
f 2956/4359/3609 2958/4479/3794 2957/4427/3761
f 2958/4479/3794 2979/4480/3186 2957/4427/3761
f 2955/4481/3795 2979/4482/3796 3464/4483/3797
f 2955/4481/3795 3464/4483/3797 2840/4484/3798
f 3460/4485/3799 2955/4486/3799 3461/4487/3799
f 2839/4428/3763 3461/4488/3800 2838/4429/3117
f 2838/4489/3801 3445/4490/3802 2843/4491/3803
f 2838/4429/3801 2843/4492/3803 2841/4493/3467
f 2841/4493/3467 3443/4494/3565 2842/4433/3804
f 2842/4433/3804 3443/4494/3565 2671/4495/3428
f 2841/4493/3467 2843/4492/3803 3443/4494/3565
f 2670/4441/3379 2691/4496/3115 2669/4442/3115
f 2669/4442/3115 3476/4497/3487 2625/4444/3156
f 2625/4444/3421 2677/4498/3156 2623/4382/3199
f 2625/4444/3421 2680/4499/3303 2677/4498/3156
f 2680/4499/3303 3476/4497/3487 2677/4498/3156
f 2677/4498/3156 3476/4497/3487 2683/4500/3431
f 2677/4498/3156 2683/4500/3431 2681/4501/3675
f 2681/4501/3613 2682/4502/3186 2616/4503/3805
f 2676/4504/3806 3374/4505/3807 2796/4506/3422
f 2675/4507/3808 2676/4504/3806 2796/4506/3422
f 2615/4454/3772 2635/4452/3573 3335/4508/3809
f 2635/4452/3573 2796/4509/3810 3335/4508/3809
f 2615/4454/3772 3335/4508/3809 2597/4510/3811
f 2796/4509/3810 2828/4511/3812 3335/4508/3809
f 2832/4512/3813 3334/4513/3814 2831/4514/3598
f 2717/4515/3815 2831/4516/3816 3333/4517/3817
f 2828/4511/3818 3334/4513/3814 2832/4512/3813
f 3333/4517/3817 2831/4516/3816 2811/4518/3819
f 2716/4400/3228 3333/4517/3817 3320/4458/3775
f 2831/4516/3816 2826/4519/3820 2811/4518/3819
f 2811/4518/3819 2826/4519/3820 2825/4520/3821
f 3320/4458/3775 3333/4517/3817 2811/4518/3819
f 3320/4458/3775 2811/4518/3819 2812/4521/3822
f 2809/4401/3779 2812/4461/3778 2734/4522/3823
f 3481/4469/3598 2966/4523/3784 2967/4524/3824
f 2966/4523/3784 2734/4525/3783 2967/4524/3824
f 3481/4469/3598 2967/4524/3824 2968/4470/3786
f 2967/4524/3824 2970/4526/3825 2968/4470/3786
f 2970/4526/3826 2969/4527/3827 3132/4528/3828
f 2969/4527/3827 2970/4526/3826 3113/4529/3829
f 3114/4530/3830 2969/4527/3827 3113/4529/3829
f 3114/4530/3830 3113/4529/3829 3115/4531/3831
f 3117/4473/3832 3114/4530/3830 3115/4531/3831
f 3116/4532/3833 3136/4533/3834 3137/4534/3835
f 3111/4535/3836 2952/4536/3837 2953/4537/3838
f 3111/4535/3836 2953/4537/3838 2950/4538/3839
f 2950/4476/3615 2922/4539/3840 2948/4477/3792
f 2948/4477/3792 2922/4539/3840 2947/4540/3841
f 2922/4539/3840 2920/4541/3842 2947/4540/3841
f 2947/4540/3841 2949/4542/3843 2948/4477/3792
f 3464/4483/3797 2948/4477/3844 2840/4484/3798
f 2840/4543/3845 2928/4544/3846 3461/4488/3847
f 2948/4545/3673 2954/4546/3641 2928/4544/3846
f 2954/4546/3641 3462/4547/3245 2928/4544/3846
f 3461/4488/3847 2928/4544/3846 3444/4548/3848
f 2838/4489/3801 3446/4549/3849 3445/4490/3802
f 3443/4494/3565 2843/4492/3803 2846/4550/3850
f 2846/4551/3851 3127/4552/3851 3444/4553/3851
f 2671/4554/3852 2846/4551/3852 2697/4555/3852
f 2511/4556/3573 2697/4557/3853 2692/4558/3854
f 2511/4556/3573 2692/4558/3854 2691/4496/3186
f 2691/4496/3115 2690/4559/3855 2669/4442/3115
f 2669/4442/3115 2690/4559/3855 2857/4560/3186
f 2690/4559/3855 2692/4558/3585 2857/4560/3186
f 2669/4442/3115 2694/4561/3326 3476/4497/3487
f 2669/4442/3115 2857/4560/3186 2694/4561/3326
f 3476/4497/3487 2694/4561/3326 2683/4500/3431
f 2683/4500/3856 3431/4562/3857 3428/4563/3366
f 2681/4501/3613 3428/4563/3366 2682/4502/3186
f 3428/4563/3366 2684/4564/3858 2682/4502/3186
f 3428/4563/3366 3431/4562/3857 2684/4564/3858
f 2684/4564/3858 2672/4565/3859 2682/4502/3186
f 2672/4565/3859 3373/4566/3860 2636/4567/3602
f 3373/4566/3860 2672/4565/3859 2673/4568/3692
f 2636/4567/3602 3373/4566/3860 3374/4569/3861
f 3373/4566/3860 2637/4570/3862 3374/4569/3861
f 2796/4571/3863 2637/4570/3863 2869/4572/3863
f 2796/4506/3864 2870/4573/3865 2871/4574/3866
f 2796/4506/3864 2871/4574/3866 2898/4575/3867
f 2870/4573/3865 2872/4576/3868 2871/4574/3866
f 2872/4576/3868 2873/4577/3848 2871/4574/3866
f 2898/4578/3869 2899/4579/3869 2828/4580/3869
f 2899/4579/3870 2871/4574/3866 2875/4581/3871
f 2828/4511/3818 2829/4582/3872 3334/4513/3814
f 2828/4511/3818 2875/4583/3873 2829/4582/3872
f 3334/4513/3814 2829/4582/3872 2826/4519/3820
f 2826/4519/3820 2829/4582/3872 2825/4520/3821
f 2827/4584/3874 2825/4520/3821 3316/4585/3875
f 2829/4582/3872 3316/4585/3875 2825/4520/3821
f 2827/4584/3874 3316/4585/3875 2812/4586/3876
f 2812/4586/3876 3316/4585/3875 3314/4587/3877
f 2812/4586/3876 3314/4587/3877 3317/4588/3878
f 3314/4587/3877 2734/4525/3879 3317/4588/3878
f 3077/4589/3880 2972/4590/3881 2971/4591/3882
f 2971/4591/3882 2972/4590/3881 2970/4592/3883
f 3226/4593/3884 3203/4594/3683 3199/4595/3885
f 2970/4592/3883 2972/4590/3881 3199/4596/3886
f 3113/4529/3829 3199/4597/3887 3118/4598/3888
f 3113/4529/3829 3118/4598/3888 3200/4599/3889
f 3113/4529/3829 3200/4599/3889 3115/4531/3831
f 3116/4532/3833 3115/4531/3890 3136/4533/3834
f 3254/4600/3891 3039/4601/3892 2953/4602/3893
f 2922/4539/3840 2953/4602/3894 2920/4541/3842
f 2947/4540/3841 2951/4603/3895 2949/4542/3843
f 2951/4603/3895 2963/4604/3643 2949/4542/3843
f 2949/4542/3843 2963/4604/3643 2965/4605/3603
f 2954/4546/3641 2965/4605/3603 3462/4547/3245
f 3462/4547/3245 2965/4605/3603 2903/4606/3430
f 2963/4604/3643 3465/4607/3896 2964/4608/3428
f 2963/4604/3643 2903/4606/3430 2965/4605/3603
f 2903/4606/3430 2963/4604/3643 2964/4608/3428
f 2928/4544/3846 3462/4547/3245 3444/4548/3848
f 3444/4553/3504 2903/4609/3188 2848/4610/3186
f 2848/4610/3186 2853/4611/3186 2850/4612/3186
f 2848/4610/3186 2850/4612/3186 3444/4553/3504
f 3444/4553/3504 2850/4612/3186 2852/4613/3897
f 2850/4612/3186 2851/4614/3186 2852/4613/3897
f 2850/4612/3186 2849/4615/3898 2851/4614/3186
f 2697/4616/3899 3444/4553/3504 2852/4613/3897
f 2851/4614/3186 2849/4615/3898 3033/4617/3517
f 2697/4618/3900 3112/4619/3901 2857/4620/3902
f 2857/4620/3902 3112/4619/3901 2801/4621/3903
f 2857/4560/3186 2699/4622/3904 2694/4561/3326
f 2699/4622/3904 2794/4623/3905 2694/4561/3326
f 2931/4624/3906 2795/4625/3906 2794/4626/3906
f 2794/4626/3907 2793/4627/3908 3431/4562/3909
f 2793/4627/3908 3427/4628/3910 3431/4562/3909
f 3431/4562/3857 2685/4629/3676 2684/4564/3858
f 3431/4562/3857 2686/4630/3911 2685/4629/3676
f 3431/4562/3857 2687/4631/3912 2686/4630/3911
f 2684/4564/3858 2688/4632/3913 2672/4565/3859
f 2672/4565/3859 2688/4632/3913 2696/4633/3914
f 2688/4632/3913 2689/4634/3915 2893/4635/3916
f 2672/4565/3859 2696/4633/3914 2673/4568/3692
f 2688/4632/3913 2893/4635/3916 2696/4633/3914
f 2696/4636/3914 2893/4637/3916 2894/4638/3917
f 2893/4637/3916 3371/4639/3918 2894/4638/3917
f 2894/4640/3919 3372/4641/3920 2673/4642/3921
f 2673/4642/3921 3372/4641/3920 2637/4643/3922
f 2637/4643/3922 3372/4641/3920 2872/4576/3868
f 3372/4641/3920 2874/4644/3923 2872/4576/3868
f 2872/4576/3868 2874/4644/3923 2873/4577/3848
f 2877/4645/3924 2887/4646/3925 2873/4577/3848
f 2871/4574/3866 2873/4577/3848 2887/4646/3925
f 2871/4574/3866 2887/4646/3925 2875/4581/3871
f 2875/4581/3871 2887/4646/3925 3339/4647/3926
f 2829/4582/3872 2876/4648/3927 2883/4649/3928
f 2875/4650/3929 2889/4651/3930 2883/4652/3931
f 2883/4649/3928 3337/4653/3932 2829/4582/3872
f 2829/4582/3872 3337/4653/3932 3316/4585/3875
f 3337/4653/3932 2830/4654/3933 3316/4585/3875
f 3315/4655/3934 3316/4656/3935 2890/4657/3936
f 2890/4658/3937 2888/4659/3938 3209/4660/3939
f 2890/4658/3937 3209/4660/3939 3314/4587/3877
f 3314/4587/3877 3209/4660/3939 3061/4661/3940
f 3061/4661/3940 3210/4662/3941 3314/4587/3877
f 3314/4587/3877 3210/4662/3941 2734/4525/3879
f 2734/4525/3879 3210/4662/3941 3226/4593/3942
f 3209/4663/3943 3203/4594/3683 3226/4593/3884
f 3118/4598/3888 3197/4664/3944 3200/4599/3889
f 3202/4665/3945 3201/4666/3946 3200/4599/3947
f 3136/4667/3948 3200/4599/3947 3243/4668/3949
f 3200/4599/3947 3242/4669/3950 3243/4668/3949
f 2953/4602/3893 3039/4601/3892 3253/4670/3951
f 3039/4601/3892 2917/4671/3952 3038/4672/3953
f 3039/4601/3892 3254/4600/3891 3040/4673/3954
f 3039/4601/3892 3040/4673/3954 2917/4671/3952
f 3038/4672/3953 2917/4671/3952 2953/4602/3894
f 2953/4602/3894 3095/4674/3955 2920/4541/3842
f 2953/4602/3894 2917/4671/3952 3095/4674/3955
f 3095/4674/3955 2921/4675/3956 2920/4541/3842
f 3095/4674/3957 3467/4676/3957 2913/4677/3957
f 2920/4541/3842 2921/4675/3956 2963/4678/3958
f 2913/4677/3959 3468/4679/3960 2921/4675/3956
f 2963/4678/3958 2921/4675/3956 3468/4679/3960
f 2963/4678/3958 3468/4679/3960 2912/4680/3608
f 3465/4681/3961 2912/4680/3961 2904/4682/3961
f 2964/4683/3647 2904/4684/3647 2853/4685/3647
f 2904/4682/3962 2855/4686/3963 3463/4687/3432
f 3463/4687/3432 2855/4686/3963 2919/4688/3261
f 3463/4687/3432 2919/4688/3261 2853/4689/3964
f 2849/4615/3898 2853/4689/3964 2919/4688/3261
f 2849/4615/3898 2919/4688/3261 3033/4617/3517
f 3033/4617/3517 3141/4690/3188 2851/4614/3186
f 3033/4617/3517 2919/4688/3261 3075/4691/3965
f 3075/4692/3966 2982/4693/3966 3074/4694/3966
f 3112/4619/3901 3074/4694/3967 2801/4621/3903
f 2801/4621/3903 3074/4694/3967 2794/4695/3968
f 3074/4694/3967 3438/4696/3565 2794/4695/3968
f 2794/4697/3969 3435/4698/3970 2687/4699/3373
f 2793/4627/3908 2687/4700/3971 3427/4628/3910
f 2688/4632/3913 2686/4630/3972 2689/4634/3915
f 2893/4635/3916 2689/4634/3915 2909/4701/3973
f 2687/4702/3974 2909/4701/3973 2689/4634/3915
f 2893/4635/3916 2909/4701/3973 2880/4703/3975
f 2909/4701/3973 3368/4704/3976 2880/4703/3975
f 2909/4701/3973 3367/4705/3977 3368/4704/3976
f 2893/4635/3916 2880/4703/3975 3372/4641/3920
f 3372/4641/3920 3478/4706/3565 2874/4644/3923
f 3372/4641/3920 2880/4703/3975 3478/4706/3565
f 3478/4706/3565 2880/4703/3975 2882/4707/3978
f 2881/4708/3979 3184/4709/3980 2882/4710/3981
f 3340/4711/3161 2874/4712/3161 2877/4713/3161
f 2882/4714/3780 2878/4715/3982 2877/4645/3983
f 2877/4645/3983 2878/4715/3982 2886/4716/3984
f 3339/4647/3926 2887/4646/3925 2879/4717/3985
f 2887/4718/3986 2886/4719/3987 2885/4720/3988
f 2889/4651/3930 2879/4721/3989 2883/4652/3931
f 2879/4721/3989 2884/4722/3990 2883/4652/3931
f 2883/4652/3931 2884/4722/3990 2888/4659/3938
f 3338/4723/3727 2888/4659/3938 2926/4724/3991
f 2888/4659/3938 2884/4722/3990 2926/4724/3991
f 2888/4659/3938 2891/4725/3992 3209/4660/3939
f 2926/4724/3991 2892/4726/3993 3338/4723/3727
f 3338/4723/3727 2891/4725/3992 2888/4659/3938
f 3209/4660/3939 2891/4725/3992 3158/4727/3994
f 3209/4663/3943 3258/4728/3995 3203/4594/3683
f 3158/4729/3996 3198/4730/3997 3258/4728/3995
f 3203/4594/3683 3258/4728/3995 3197/4664/3598
f 3258/4728/3995 3198/4730/3997 3197/4664/3598
f 3197/4664/3598 3198/4730/3997 3202/4665/3945
f 3198/4730/3997 3201/4666/3946 3202/4665/3945
f 3201/4666/3946 3206/4731/3998 3200/4599/3947
f 3242/4669/3950 3200/4599/3947 3206/4731/3998
f 3040/4673/3954 3254/4600/3891 3041/4732/3999
f 3467/4733/4000 3472/4734/4001 3471/4735/4002
f 3467/4733/4000 2917/4736/4003 3472/4734/4001
f 2913/4677/3959 3471/4735/4002 3470/4737/4004
f 3472/4734/4001 3470/4737/4004 3471/4735/4002
f 2913/4677/3959 3470/4737/4004 3468/4679/3960
f 3468/4679/3960 2916/4738/3430 3469/4739/4005
f 3470/4737/4006 2914/4740/4007 2916/4741/4008
f 3468/4679/3960 3469/4739/4005 2912/4680/3608
f 2904/4682/3962 2927/4742/3535 2855/4686/3963
f 2912/4680/3608 3469/4739/4005 2927/4743/4009
f 2927/4743/4009 3469/4739/4005 2929/4744/4010
f 2855/4686/3963 2929/4745/4011 2854/4746/4012
f 2919/4688/3261 2855/4686/3963 2854/4746/4012
f 2854/4746/4012 3213/4747/4013 2919/4688/3261
f 3213/4748/4014 3212/4749/4015 3070/4750/4016
f 2919/4688/4017 2980/4751/4018 3474/4752/4019
f 2982/4753/3434 3474/4752/4019 2981/4754/4020
f 3474/4752/4019 2980/4751/4018 2981/4754/4020
f 2980/4751/4018 3078/4755/4021 2981/4754/4020
f 2981/4754/4020 2983/4756/3613 2982/4753/3434
f 2984/4757/3611 2982/4753/3434 2983/4756/3613
f 3074/4694/3967 2984/4757/3611 3438/4696/3565
f 2983/4756/3613 3437/4758/4022 2984/4757/3611
f 3437/4758/4022 2978/4759/3421 2984/4757/3611
f 3438/4696/3565 2984/4757/3611 2978/4759/3421
f 3435/4698/3970 3438/4696/3565 2978/4759/3421
f 2978/4759/3421 2986/4760/4023 2990/4761/3491
f 2978/4759/3421 2990/4761/3491 2989/4762/4024
f 3435/4698/3970 2978/4759/3421 2818/4763/3544
f 3435/4698/3970 2818/4763/3544 2687/4699/3373
f 2687/4699/4025 2905/4764/4026 3369/4765/3916
f 3369/4765/3916 2905/4764/4026 3370/4766/4027
f 3369/4765/3916 3370/4766/4027 3367/4705/4028
f 3367/4705/4028 3370/4766/4027 2908/4767/4029
f 2881/4708/3979 3230/4768/3203 3184/4709/3980
f 2880/4769/3303 3362/4770/3303 3230/4771/3303
f 3362/4770/3303 3364/4772/3303 3230/4771/3303
f 3230/4768/3203 3192/4773/3325 3184/4709/3980
f 3192/4773/3325 3241/4774/4030 3184/4709/3980
f 3184/4709/3980 3241/4774/4030 2886/4719/4031
f 2885/4720/3988 2886/4719/3987 2884/4775/4032
f 2886/4719/3987 3160/4776/4033 2884/4775/4032
f 2884/4775/4032 3160/4776/4033 3034/4777/4034
f 2892/4726/3993 2884/4722/4035 3338/4723/3727
f 3338/4723/4036 3255/4778/4037 3158/4779/4038
f 3158/4780/4039 3072/4781/4040 3232/4782/4041
f 3158/4780/4039 3232/4782/4041 3252/4783/4042
f 3313/4784/4043 3182/4785/4044 3201/4786/4045
f 3072/4787/3503 3482/4788/4046 3252/4789/4047
f 3252/4789/4047 3482/4788/4046 3182/4790/4048
f 3198/4730/3997 3252/4783/4049 3201/4666/3946
f 3182/4791/4044 3312/4792/4050 3201/4666/4045
f 3201/4666/4045 3204/4793/4051 3208/4794/4052
f 3041/4795/4053 2925/4796/4054 3231/4797/4055
f 2917/4798/4056 3110/4799/4057 3109/4800/4058
f 3109/4800/4058 3231/4797/4055 2924/4801/4059
f 3231/4797/4055 2925/4796/4054 2924/4801/4059
f 2917/4798/4056 3109/4800/4058 3470/4802/4060
f 3109/4800/4058 2924/4801/4059 3470/4802/4060
f 3470/4737/4006 2915/4803/4061 2914/4740/4007
f 2914/4804/4062 2930/4805/4063 3469/4739/4005
f 3469/4739/4005 2930/4805/4063 2929/4744/4010
f 2929/4744/4064 3213/4806/4064 3069/4807/4064
f 2929/4808/4065 3067/4809/4066 3068/4810/4067
f 3212/4749/4015 3439/4811/4068 3070/4750/4016
f 2929/4808/4065 3068/4810/4067 3212/4749/4015
f 3212/4749/4015 3068/4810/4067 3439/4811/4068
f 3440/4812/4069 3439/4813/4068 2980/4814/4018
f 2980/4814/4018 3439/4813/4068 2985/4815/4070
f 2980/4751/4018 2985/4816/4070 3078/4755/4021
f 3439/4811/4068 3068/4810/4067 2985/4816/4070
f 2985/4816/4070 3437/4758/4022 3078/4755/4021
f 3437/4758/4022 2985/4816/4070 2987/4817/4071
f 2978/4759/3421 3437/4758/4022 2986/4760/4023
f 3437/4758/4022 2987/4817/4071 2986/4760/4023
f 2986/4760/4023 2987/4817/4071 3436/4818/4072
f 2986/4760/4023 3436/4818/4072 2988/4819/3464
f 2990/4761/3491 2988/4819/4073 2989/4762/4024
f 2988/4819/4073 2991/4820/4074 2989/4762/4024
f 2989/4762/4024 2991/4820/4074 2906/4821/4075
f 2818/4763/3544 3425/4822/4076 2687/4699/3373
f 2818/4763/3544 2906/4823/4077 3425/4822/4076
f 2906/4823/4077 3426/4824/4078 2907/4825/4079
f 2905/4764/3156 3425/4822/4076 2908/4826/4080
f 2906/4823/4077 2907/4825/4079 3425/4822/4076
f 3425/4822/4076 2907/4825/4079 2908/4826/4080
f 2907/4825/4079 2975/4827/4081 2908/4826/4080
f 2908/4826/4080 2975/4827/4081 2976/4828/4082
f 2908/4829/4029 3366/4830/3522 3367/4831/4028
f 2975/4827/4081 2977/4832/4083 2976/4828/4082
f 3367/4833/4084 2976/4828/4082 2923/4834/4085
f 2976/4828/4082 3365/4835/4086 2923/4834/4085
f 3367/4833/4084 2923/4834/4085 2880/4836/4087
f 3362/4770/3303 3363/4837/3675 3364/4772/3303
f 2923/4838/4088 3233/4839/4089 3361/4840/4090
f 3192/4841/4091 2923/4838/4088 3234/4842/4092
f 2923/4838/4088 3361/4840/4090 3234/4842/4092
f 3165/4843/4093 3162/4844/4094 3164/4845/4095
f 3165/4843/4093 3234/4846/4096 3162/4844/4094
f 2886/4847/4097 3165/4843/4093 3161/4848/4098
f 3165/4843/4093 3164/4845/4095 3161/4848/4098
f 3164/4845/4095 3360/4849/4099 3161/4848/4098
f 3161/4848/4098 3360/4849/4099 3034/4850/4100
f 3360/4849/4099 3166/4851/4101 3034/4850/4100
f 3338/4723/4036 3034/4850/4102 3255/4778/4037
f 3158/4779/4038 3255/4778/4037 3482/4788/4046
f 3181/4852/4103 3222/4853/4104 3255/4778/4037
f 3255/4778/4037 3222/4853/4104 3482/4788/4046
f 3482/4788/4046 3222/4853/4104 3182/4790/4048
f 3222/4853/4105 3257/4854/4106 3205/4855/4107
f 3312/4792/4050 3205/4855/4107 3204/4793/4051
f 3312/4792/4050 3204/4793/4051 3201/4666/4045
f 3204/4793/4051 3205/4855/4107 3483/4856/4108
f 3146/4857/4109 3190/4858/4110 2987/4817/4071
f 2987/4817/4071 3190/4858/4110 3436/4818/4072
f 3436/4818/4072 3190/4858/4110 2991/4820/4111
f 2991/4820/4111 3190/4858/4110 3214/4859/4112
f 2991/4820/4111 3214/4859/4112 3426/4824/4078
f 3426/4824/4078 3214/4859/4112 2907/4825/4079
f 2976/4828/4082 2977/4832/4083 3365/4835/4086
f 3365/4835/4086 2977/4832/4083 3219/4860/4113
f 2923/4838/4088 3219/4860/4114 3233/4839/4089
f 3220/4861/4115 3219/4862/4116 3236/4863/4117
f 3220/4861/4115 3235/4864/4118 3233/4839/4119
f 3220/4861/4115 3236/4863/4117 3235/4864/4118
f 3234/4846/4120 3233/4839/4119 3235/4864/4118
f 3234/4865/4121 3163/4866/4122 3249/4867/4121
f 3162/4844/4123 3249/4868/4124 3360/4849/4099
f 3360/4849/4099 3249/4868/4124 3166/4851/4101
f 3034/4850/4100 3166/4851/4101 3183/4869/4125
f 3183/4870/4126 3249/4871/4127 3181/4852/4128
f 3257/4854/4106 3221/4872/4129 3205/4855/4107
f 3205/4855/4107 3221/4872/4129 3238/4873/4130
f 3205/4855/4107 3238/4873/4130 3483/4856/4108
f 3483/4856/4108 3238/4873/4130 3239/4874/4131
f 3207/4875/4132 3239/4874/4133 3208/4876/4134
f 3514/4877/4135 3518/4878/4135 3515/4879/4135
f 3518/4880/4136 3519/4881/4137 3510/4882/4138
f 3518/4880/4136 3517/4883/4139 3519/4881/4137
f 3517/4883/4140 3521/4884/4141 3512/4885/4142
f 3518/4880/4136 3510/4882/4138 3511/4886/4143
f 3508/4887/4144 3510/4882/4145 3517/4883/4140
f 3517/4883/4140 3512/4885/4142 3508/4887/4144
f 3512/4885/4146 3520/4888/4147 3516/4889/4148
f 3512/4885/4146 3516/4889/4148 3513/4890/4149
f 3510/4882/4145 3508/4887/4144 3506/4891/4150
f 3510/4882/4138 3509/4892/4150 3511/4886/4143
f 3511/4886/4143 3509/4892/4150 3522/4893/4150
f 3501/4894/4151 3508/4895/4152 3513/4890/4153
f 3513/4890/4149 3516/4889/4148 3507/4896/4154
f 3515/4897/4155 3511/4898/4156 3523/4899/4157
f 3509/4892/4150 3523/4899/4150 3522/4893/4150
f 3508/4895/4152 3501/4894/4151 3499/4900/4158
f 3507/4896/4154 3516/4889/4148 3503/4901/4159
f 3509/4892/4150 3506/4891/4150 3523/4899/4150
f 3501/4902/4160 3507/4896/4160 3504/4903/4160
f 3515/4897/4155 3523/4899/4157 3490/4904/4161
f 3523/4899/4150 3506/4891/4150 3505/4905/4150
f 3506/4891/4150 3499/4900/4150 3505/4905/4150
f 3499/4900/4158 3501/4894/4151 3500/4906/4162
f 3490/4904/4161 3523/4899/4157 3498/4907/4163
f 3523/4899/4157 3499/4900/4158 3498/4907/4163
f 3499/4900/4158 3500/4906/4162 3498/4907/4163
f 3490/4904/4161 3498/4907/4163 3492/4908/4164
f 3501/4909/4165 3493/4910/4166 3498/4907/4167
f 3498/4907/4167 3493/4910/4166 3497/4911/4168
f 3503/4912/4169 3496/4913/4170 3501/4894/4171
f 3524/4914/4172 3515/4897/4155 3487/4915/4173
f 3492/4908/4164 3497/4911/4168 3493/4910/4166
f 3496/4913/4170 3503/4912/4169 3494/4916/4174
f 3487/4915/4173 3515/4897/4155 3490/4904/4161
f 3487/4915/4173 3490/4904/4161 3488/4917/4175
f 3488/4917/4175 3490/4904/4161 3489/4918/4176
f 3490/4904/4161 3492/4908/4164 3491/4919/4177
f 3493/4910/4166 3501/4909/4165 3526/4920/4178
f 3501/4909/4165 3494/4921/4179 3526/4920/4178
f 3503/4912/4169 3502/4922/4180 3495/4923/4181
f 3492/4908/4164 3525/4924/4182 3491/4919/4177
f 3492/4908/4164 3493/4910/4166 3525/4924/4182
f 3494/4916/4174 3503/4912/4169 3495/4923/4181
f 3529/4925/4183 3530/4926/4184 3531/4927/4185
f 3532/4928/4186 3533/4929/4187 3534/4930/4188
f 3534/4931/4189 3563/4932/4190 3535/4933/4191
f 3563/4934/4192 3550/4935/4193 3527/4936/4194
f 3527/4936/4194 3548/4937/4195 3549/4938/4196
f 3575/4939/4197 3576/4940/4198 3577/4941/4199
f 3556/4942/4200 3561/4943/4201 3550/4935/4202
f 3563/4934/4192 3553/4944/4203 3550/4935/4193
f 3548/4937/4195 3527/4936/4194 3547/4945/4204
f 3527/4936/4194 3539/4946/4205 3547/4947/4204
f 3550/4935/4193 3551/4948/4206 3527/4936/4194
f 3550/4935/4202 3561/4943/4201 3554/4949/4207
f 3554/4949/4207 3539/4950/4208 3550/4935/4202
f 3551/4948/4206 3539/4946/4205 3527/4936/4194
f 3567/4951/4209 3566/4952/4210 3568/4953/4211
f 3561/4943/4201 3560/4954/4212 3554/4955/4207
f 3569/4956/4213 3571/4957/4214 3570/4958/4215
f 3539/4950/4208 3554/4949/4207 3543/4959/4216
f 3560/4954/4212 3536/4960/4217 3554/4955/4207
f 3565/4961/4218 3562/4962/4219 3536/4960/4217
f 3544/4963/4220 3542/4964/4221 3543/4959/4222
f 3554/4955/4223 3542/4964/4221 3544/4963/4220
f 3564/4965/4224 3536/4960/4217 3562/4962/4219
f 3564/4965/4224 3559/4966/4225 3536/4960/4217
f 3559/4966/4225 3554/4955/4207 3536/4960/4217
f 3554/4955/4223 3552/4967/4226 3542/4964/4221
f 3552/4967/4226 3545/4968/4227 3542/4964/4221
f 3558/4969/4228 3572/4970/4229 3559/4966/4225
f 3559/4966/4225 3572/4970/4229 3555/4971/4230
f 3555/4971/4230 3554/4955/4207 3559/4966/4225
f 3572/4972/4231 3573/4973/4232 3574/4974/4233
f 3557/4975/4234 3555/4971/4230 3572/4970/4229
f 3554/4955/4223 3546/4976/4235 3540/4977/4236
f 3554/4955/4223 3540/4977/4236 3552/4967/4226
f 3552/4967/4226 3540/4977/4236 3541/4978/4237
f 3552/4967/4226 3538/4979/4238 3545/4968/4227
f 3538/4979/4238 3537/4980/4239 3545/4968/4227
f 3578/4981/4240 3580/4982/4241 3579/4983/4242
f 3579/4983/4242 3580/4982/4241 3581/4984/4243
f 3583/4985/4244 3579/4986/4245 3582/4987/4246
f 3583/4985/4244 3582/4987/4246 3584/4988/4247
f 3602/4989/4248 3601/4990/4249 3603/4991/4250
f 3602/4989/4248 3592/4992/4251 3601/4990/4249
f 3602/4989/4248 3600/4993/4252 3594/4994/4253
f 3602/4989/4248 3594/4994/4253 3851/4995/4254
f 3595/4996/4255 3823/4997/4256 3594/4994/4253
f 3595/4996/4255 3597/4998/4257 3823/4997/4256
f 3597/4998/4258 3598/4999/4259 3596/5000/4260
f 3596/5000/4260 3598/4999/4259 3583/5001/4261
f 3583/5002/4262 3819/5003/4263 3822/5004/4264
f 3604/5005/4265 3625/5006/4266 3624/5007/4267
f 3621/5008/4268 3624/5007/4267 3625/5006/4266
f 3602/5009/4269 3625/5006/4266 3649/5010/4270
f 3621/5008/4268 3622/5011/4271 3624/5007/4267
f 3621/5008/4268 3627/5012/4272 3622/5011/4271
f 3601/5013/4273 3623/5014/4274 3621/5015/4275
f 3621/5015/4275 3623/5014/4274 3626/5016/4276
f 3623/5014/4274 3591/5017/4277 3626/5016/4276
f 3591/5017/2708 3619/5018/2387 3620/5019/4278
f 3602/4989/4248 3593/5020/4279 3592/4992/4251
f 3592/4992/4251 3593/5020/4279 3591/5021/4280
f 3602/4989/4248 3851/4995/4254 3593/5020/4279
f 3851/4995/4254 3823/4997/4256 3591/5022/4281
f 3851/4995/4254 3594/4994/4253 3823/4997/4256
f 3597/5023/4282 3599/5024/4283 3852/5025/4284
f 3599/5024/4283 3821/5026/4285 3823/5027/4286
f 3599/5024/4283 3823/5027/4286 3852/5025/4284
f 3599/5024/4283 3583/5028/4287 3821/5026/4285
f 3822/5004/4264 3819/5003/4263 3821/5026/4288
f 3604/5005/4265 3624/5007/4267 3605/5029/4289
f 3649/5010/4270 3625/5006/4266 3604/5005/4265
f 3624/5007/4267 3606/5030/4290 3605/5029/4289
f 3622/5011/4271 3626/5031/4291 3624/5007/4267
f 3626/5032/4292 3607/5033/4293 3606/5034/4294
f 3620/5019/4278 3619/5018/2387 3626/5035/2450
f 3626/5035/2450 3619/5018/2387 3870/5036/4295
f 3591/5021/2521 3589/5037/4296 3590/5038/4297
f 3590/5038/4297 3589/5037/4296 3872/5039/2560
f 3872/5039/2560 3618/5040/2256 3619/5018/2387
f 3619/5018/2387 3618/5040/2256 3870/5036/4295
f 3872/5039/2560 3589/5037/4296 3618/5040/2256
f 3589/5037/4298 3823/5027/4299 3588/5041/4300
f 3628/5042/2749 3589/5043/2089 3615/5044/2362
f 3588/5041/4300 3823/5027/4299 3878/5045/4301
f 3878/5045/4302 3587/5046/4303 3873/5047/4304
f 3587/5048/4305 3823/5049/4305 3585/5050/4305
f 3873/5047/4304 3587/5046/4303 3877/5051/4306
f 3821/5026/4288 3819/5003/4263 3585/5052/4307
f 3585/5052/4307 3819/5003/4263 3818/5053/4308
f 3649/5054/4309 3605/5029/4310 3648/5055/4311
f 3650/5056/4312 3605/5057/4313 3651/5058/4314
f 3651/5058/4314 3606/5059/4315 3650/5056/4312
f 3606/5034/4294 3607/5033/4293 3652/5060/4316
f 3870/5036/4295 3618/5040/2256 3617/5061/2565
f 3618/5040/2256 3615/5062/2384 3617/5061/2565
f 3589/5043/2089 3878/5063/4317 3615/5044/2362
f 3617/5064/2659 3871/5065/2252 3616/5066/4318
f 3617/5064/2659 3616/5066/4318 3868/5067/2501
f 3871/5065/2252 3615/5044/4319 3616/5066/4318
f 3878/5063/4317 3874/5068/4320 3615/5044/2362
f 3873/5047/4304 3877/5051/4306 3629/5069/4321
f 3629/5070/4322 3615/5044/2362 3874/5068/4320
f 3615/5044/2362 3629/5070/4322 3875/5071/4323
f 3877/5051/4306 3585/5050/4324 3586/5072/4325
f 3877/5051/4306 3586/5072/4325 3629/5069/4321
f 3875/5071/4323 3876/5073/4326 3630/5074/4327
f 3818/5053/4308 3819/5003/4263 3817/5075/4328
f 3818/5053/4308 3817/5075/4328 3876/5073/4326
f 3817/5075/4328 3630/5074/4327 3876/5073/4326
f 3650/5056/4329 3865/5076/4330 3648/5077/4331
f 3650/5056/4329 3652/5060/4332 3865/5076/4330
f 3865/5076/4330 3850/5078/4333 3648/5077/4331
f 3652/5060/4316 3607/5033/4293 3653/5079/2287
f 3865/5076/4330 3653/5080/4334 3850/5078/4333
f 3653/5079/2261 3608/5081/2261 3658/5082/2261
f 3607/5083/4335 3869/5084/2276 3608/5085/4336
f 3869/5084/2276 3609/5086/2840 3608/5085/4336
f 3609/5086/2840 3610/5087/2591 3608/5085/4336
f 3617/5064/2659 3868/5067/2501 3609/5086/2840
f 3609/5086/2840 3868/5067/2501 3611/5088/4337
f 3610/5087/2591 3609/5086/2840 3611/5088/4337
f 3611/5088/4338 3612/5089/4339 3866/5090/2355
f 3612/5089/4339 3867/5091/4340 3866/5090/2355
f 3612/5089/4339 3613/5092/4341 3867/5091/4340
f 3866/5090/2355 3867/5091/4340 3655/5093/4342
f 3613/5092/4341 3615/5044/2362 3875/5071/4323
f 3613/5092/4341 3875/5071/4323 3614/5094/4343
f 3613/5092/4341 3614/5094/4343 3867/5091/4340
f 3867/5091/4340 3614/5094/4343 3879/5095/4344
f 3875/5071/4323 3630/5074/4327 3614/5094/4343
f 3820/5096/4345 3782/5097/4346 3879/5095/4344
f 3614/5094/4343 3630/5074/4327 3782/5097/4347
f 3648/5098/4348 3646/5099/4349 3645/5100/4350
f 3646/5099/4349 3647/5101/4351 3645/5100/4350
f 3653/5080/4334 3646/5102/4352 3850/5078/4333
f 3658/5103/2088 3643/5104/2417 3642/5105/2412
f 3659/5106/2327 3657/5107/2340 3658/5108/2226
f 3608/5081/2762 3654/5109/2856 3659/5106/2327
f 3659/5106/2327 3654/5109/2856 3657/5107/2340
f 3654/5109/2856 3655/5093/4353 3657/5107/2340
f 3654/5109/2856 3611/5110/4354 3655/5093/4353
f 3655/5093/4353 3656/5111/4355 3657/5112/2340
f 3655/5093/4353 3631/5113/4356 3656/5111/4355
f 3631/5113/4356 3637/5114/4357 3656/5111/4355
f 3879/5095/4344 3631/5115/4358 3867/5091/4340
f 3879/5095/4344 3782/5097/4346 3631/5115/4358
f 3782/5116/4359 3781/5117/4360 3632/5118/4361
f 3782/5116/4359 3817/5119/4362 3781/5117/4360
f 3831/5120/4363 3645/5121/4364 3661/5122/4365
f 3647/5101/4366 3644/5123/4367 3815/5124/4368
f 3647/5101/4366 3658/5103/2088 3642/5105/2412
f 3647/5101/4366 3642/5105/2412 3644/5123/4367
f 3642/5105/2412 3641/5125/2641 3660/5126/2641
f 3642/5105/2412 3643/5104/2417 3641/5125/2641
f 3657/5127/4369 3862/5128/4369 3863/5129/4369
f 3643/5130/2375 3864/5131/2417 3640/5132/2735
f 3657/5107/2557 3639/5133/4370 3638/5134/2262
f 3864/5131/2417 3789/5135/4339 3640/5132/2735
f 3638/5134/2262 3789/5135/4339 3864/5131/2417
f 3638/5134/2262 3639/5133/4370 3816/5136/2340
f 3638/5134/2262 3816/5136/2340 3789/5135/4339
f 3657/5137/4371 3637/5138/2332 3816/5139/4372
f 3816/5139/4372 3637/5138/2332 3636/5140/2260
f 3631/5141/4373 3779/5142/4373 3634/5143/4373
f 3632/5144/4374 3633/5145/4374 3631/5141/4374
f 3631/5146/4375 3781/5147/4376 3861/5148/4377
f 3661/5122/4365 3815/5124/4378 3662/5149/4379
f 3644/5123/4367 3827/5150/4380 3815/5124/4368
f 3815/5124/4368 3827/5150/4380 3814/5151/4381
f 3827/5150/4380 3667/5152/2276 3814/5151/4381
f 3660/5126/2641 3641/5125/2641 3827/5153/2659
f 3667/5152/2276 3641/5154/2233 3858/5155/2659
f 3641/5154/2233 3666/5156/4382 3858/5155/2659
f 3640/5157/2362 3860/5158/4383 3776/5159/2410
f 3860/5160/2102 3789/5161/2089 3788/5162/4384
f 3860/5160/2102 3788/5162/4384 3787/5163/2625
f 3789/5161/2089 3790/5164/2252 3788/5162/4384
f 3637/5165/2679 3880/5166/4385 3824/5167/4386
f 3636/5168/4387 3824/5167/4386 3788/5169/4388
f 3880/5166/4385 3635/5170/4389 3824/5167/4386
f 3824/5167/4386 3771/5171/4390 3788/5169/4388
f 3824/5167/4386 3635/5170/4389 3771/5171/4390
f 3880/5166/4385 3634/5143/4391 3635/5170/4389
f 3779/5142/4392 3861/5148/4377 3780/5172/4393
f 3861/5148/4377 3781/5147/4376 3780/5172/4393
f 3779/5142/4392 3780/5172/4393 3635/5173/4394
f 3635/5173/4394 3780/5172/4393 3826/5174/4395
f 3780/5172/4393 3781/5147/4376 3783/5175/4396
f 3781/5147/4376 3784/5176/4397 3783/5175/4396
f 3661/5122/4365 3662/5149/4379 3831/5120/4363
f 3662/5149/4379 3663/5177/4398 3831/5120/4363
f 3662/5149/4379 3814/5178/2543 3663/5177/4398
f 3814/5151/4381 3858/5155/2659 3830/5179/2762
f 3830/5180/4399 3665/5181/4400 3664/5182/4401
f 3814/5151/4381 3667/5152/2276 3858/5155/2659
f 3858/5155/2659 3857/5183/2363 3665/5181/2417
f 3666/5156/4382 3640/5157/2362 3858/5155/2659
f 3858/5155/2659 3640/5157/2362 3776/5159/2410
f 3858/5155/2659 3776/5159/2410 3857/5183/2363
f 3776/5159/2410 3668/5184/2234 3857/5183/2363
f 3776/5159/2221 3787/5163/4402 3777/5185/2297
f 3776/5159/2221 3777/5185/2297 3772/5186/2115
f 3788/5187/4384 3828/5188/4403 3787/5189/2625
f 3771/5190/2222 3786/5191/4404 3778/5192/4405
f 3825/5193/4406 3786/5191/4404 3771/5190/2222
f 3825/5193/4406 3635/5173/4407 3786/5191/4404
f 3635/5173/4407 3783/5175/4396 3784/5176/4397
f 3635/5194/4407 3784/5195/4397 3786/5196/4404
f 3663/5177/4398 3664/5182/4401 3831/5120/4363
f 3831/5120/4363 3664/5182/4401 3855/5197/4408
f 3665/5181/4400 3671/5198/4409 3664/5182/4401
f 3671/5199/4410 3857/5183/2363 3775/5200/4411
f 3668/5184/2234 3669/5201/2234 3857/5183/2363
f 3857/5183/2363 3669/5201/2234 3775/5200/4411
f 3668/5184/2234 3772/5202/2190 3669/5201/2234
f 3787/5203/2116 3769/5204/2595 3772/5186/2623
f 3772/5186/2623 3769/5204/2595 3813/5205/2234
f 3813/5205/2234 3769/5204/2595 3775/5206/2234
f 3787/5203/2116 3771/5190/2762 3769/5204/2595
f 3769/5204/2595 3771/5190/2762 3768/5207/2501
f 3769/5204/2595 3768/5207/2501 3770/5208/4412
f 3768/5207/2501 3767/5209/4413 3770/5208/4412
f 3778/5192/4414 3765/5210/4414 3768/5207/4414
f 3786/5211/4415 3764/5212/4416 3765/5213/4417
f 3784/5176/4397 3785/5214/4418 3786/5191/4404
f 3786/5191/4404 3785/5214/4418 3859/5215/4419
f 3831/5216/4420 3672/5217/4421 3704/5218/4422
f 3831/5219/4423 3796/5220/4424 3797/5221/4425
f 3664/5182/4401 3671/5198/4409 3855/5197/4408
f 3796/5220/4426 3855/5197/4427 3751/5222/4428
f 3855/5197/4427 3838/5223/4429 3751/5222/4428
f 3855/5197/4427 3795/5224/4430 3838/5223/4429
f 3795/5224/4430 3671/5225/2840 3838/5223/4429
f 3671/5225/2840 3754/5226/2909 3838/5223/4429
f 3670/5227/2238 3856/5228/2698 3754/5226/2238
f 3775/5200/2355 3856/5228/2698 3670/5227/2238
f 3775/5200/2355 3758/5229/4431 3856/5228/2698
f 3775/5206/2234 3769/5204/2595 3774/5230/4432
f 3774/5230/4432 3832/5231/4433 3758/5229/4434
f 3774/5230/4432 3769/5204/2595 3773/5232/4435
f 3774/5230/4432 3773/5232/4435 3832/5231/4433
f 3773/5233/4436 3770/5208/4437 3833/5234/4438
f 3833/5234/4438 3770/5208/4437 3834/5235/4439
f 3765/5213/4440 3766/5236/4441 3767/5209/4413
f 3767/5209/4413 3766/5236/4441 3770/5208/4412
f 3765/5213/4417 3763/5237/4442 3829/5238/4443
f 3765/5213/4417 3764/5212/4416 3763/5237/4442
f 3829/5238/4443 3791/5239/4444 3766/5240/4445
f 3829/5238/4443 3763/5237/4442 3791/5239/4444
f 3672/5217/4421 3800/5241/4446 3673/5242/4447
f 3798/5243/4448 3800/5241/4446 3672/5217/4421
f 3796/5220/4424 3798/5244/4449 3797/5221/4425
f 3798/5244/4450 3753/5245/4450 3799/5246/4450
f 3838/5223/4451 3752/5247/4451 3753/5248/4451
f 3798/5249/4452 3751/5222/4428 3838/5223/4429
f 3838/5223/4429 3754/5226/2909 3757/5250/4453
f 3757/5250/4453 3754/5226/2909 3755/5251/4454
f 3856/5228/2698 3758/5229/4431 3755/5252/4455
f 3755/5251/4456 3806/5253/4456 3756/5254/4456
f 3758/5229/4434 3832/5231/4433 3836/5255/4457
f 3758/5229/4434 3836/5255/4457 3806/5256/4458
f 3836/5255/4457 3832/5231/4433 3744/5257/4459
f 3759/5258/4460 3744/5257/4459 3832/5231/4433
f 3759/5259/4461 3833/5234/4438 3834/5235/4439
f 3835/5260/4462 3766/5240/4445 3761/5261/4463
f 3766/5240/4445 3791/5239/4444 3762/5262/4464
f 3766/5240/4445 3762/5262/4464 3761/5261/4463
f 3672/5217/4421 3673/5242/4447 3704/5218/4422
f 3673/5242/4447 3674/5263/4465 3704/5218/4422
f 3673/5242/4447 3799/5264/4466 3674/5263/4465
f 3752/5265/4467 3837/5266/4468 3799/5267/4469
f 3799/5267/4469 3837/5266/4468 3801/5268/4470
f 3801/5268/4470 3837/5266/4468 3677/5269/4471
f 3801/5268/4470 3677/5269/4471 3674/5270/4472
f 3837/5266/4468 3802/5271/2224 3677/5269/4471
f 3757/5250/4453 3750/5272/4473 3802/5273/4474
f 3838/5223/4429 3757/5250/4453 3802/5273/4474
f 3802/5271/2224 3804/5274/4475 3803/5275/2108
f 3755/5276/4476 3749/5277/4477 3750/5272/4478
f 3804/5274/4475 3750/5278/4479 3803/5275/2108
f 3749/5277/4477 3806/5279/4480 3750/5272/4478
f 3806/5280/2746 3807/5281/4481 3805/5282/2599
f 3747/5283/2298 3748/5284/2334 3807/5285/4482
f 3748/5284/2334 3747/5283/2298 3746/5286/2233
f 3747/5287/4387 3836/5255/4457 3760/5288/2240
f 3747/5283/2298 3811/5289/4483 3746/5286/2233
f 3811/5289/4483 3745/5290/2234 3746/5286/2233
f 3836/5255/4457 3744/5257/4459 3760/5288/2240
f 3760/5288/2240 3744/5257/4459 3745/5291/2417
f 3759/5292/4484 3835/5260/4462 3761/5261/4463
f 3759/5292/4484 3761/5261/4463 3741/5293/4485
f 3741/5294/4486 3794/5295/4487 3744/5296/4488
f 3761/5261/4489 3791/5297/4490 3792/5298/4491
f 3674/5270/4492 3675/5299/4493 3812/5300/4494
f 3674/5270/4492 3676/5301/4495 3675/5299/4493
f 3677/5269/4471 3802/5271/2224 3803/5275/2108
f 3676/5302/4496 3695/5303/4497 3846/5304/3019
f 3803/5275/2401 3805/5282/2599 3680/5305/2884
f 3803/5306/4370 3697/5307/4370 3676/5308/4370
f 3680/5309/2327 3679/5310/4498 3697/5307/4499
f 3803/5275/2401 3806/5280/2746 3805/5282/2599
f 3805/5282/2599 3807/5281/4481 3808/5311/2321
f 3805/5282/2599 3808/5311/2321 3678/5312/2380
f 3808/5311/2321 3810/5313/4500 3809/5314/4501
f 3748/5284/2334 3746/5286/2233 3810/5313/2200
f 3808/5311/2321 3809/5314/4501 3678/5312/2380
f 3678/5312/2380 3809/5314/4501 3839/5315/4502
f 3809/5314/2201 3746/5286/2233 3840/5316/2115
f 3745/5290/2234 3742/5317/2141 3746/5286/2233
f 3746/5286/2233 3742/5317/2141 3840/5316/2115
f 3840/5316/2115 3742/5317/2141 3743/5318/4503
f 3744/5296/4504 3685/5319/2614 3742/5317/2141
f 3742/5317/2141 3685/5319/2614 3743/5318/4503
f 3744/5296/4488 3794/5295/4487 3740/5320/4505
f 3792/5298/4491 3791/5297/4490 3794/5295/4487
f 3794/5295/4487 3791/5297/4490 3739/5321/4506
f 3740/5320/4505 3794/5295/4487 3843/5322/4507
f 3794/5295/4487 3739/5321/4506 3843/5322/4507
f 3739/5321/4506 3791/5297/4490 3793/5323/4508
f 3704/5324/4509 3675/5325/4510 3735/5326/4511
f 3846/5304/3019 3695/5303/4497 3703/5327/4512
f 3675/5325/4510 3703/5327/4512 3735/5326/4511
f 3675/5325/4510 3846/5304/3019 3703/5327/4512
f 3696/5328/4513 3695/5329/4514 3699/5330/2772
f 3679/5310/4498 3678/5331/4515 3697/5307/4499
f 3681/5332/4516 3839/5315/4502 3682/5333/2276
f 3682/5333/2276 3839/5315/4502 3693/5334/2729
f 3839/5315/4502 3683/5335/4517 3693/5334/2729
f 3809/5314/4501 3683/5335/4517 3839/5315/4502
f 3683/5335/4518 3840/5316/2115 3743/5318/4503
f 3683/5335/4518 3743/5318/4503 3841/5336/4519
f 3841/5337/4520 3688/5338/4521 3693/5339/2543
f 3841/5336/4522 3842/5340/2292 3684/5341/4523
f 3842/5340/2292 3685/5342/2649 3684/5341/4523
f 3684/5341/4523 3685/5342/2649 3844/5343/4524
f 3685/5342/2649 3843/5322/4507 3844/5343/4524
f 3844/5343/4524 3718/5344/4525 3687/5345/4526
f 3739/5321/4506 3686/5346/4527 3843/5322/4507
f 3844/5343/4524 3843/5322/4507 3718/5344/4525
f 3843/5322/4507 3686/5346/4527 3718/5344/4525
f 3735/5326/4511 3703/5327/4512 3702/5347/4528
f 3735/5326/4511 3702/5347/4528 3701/5348/4529
f 3702/5347/4528 3703/5327/4512 3736/5349/2239
f 3696/5328/4513 3699/5330/2772 3736/5349/4530
f 3699/5330/2772 3698/5350/4531 3736/5349/4530
f 3699/5330/2772 3700/5351/2375 3698/5350/4531
f 3698/5350/4531 3700/5351/2375 3731/5352/2422
f 3699/5330/2772 3694/5353/2747 3700/5351/2375
f 3695/5354/4532 3678/5355/2489 3694/5356/2744
f 3694/5356/2744 3678/5355/2489 3853/5357/2276
f 3734/5358/2325 3694/5356/2744 3737/5359/2502
f 3694/5356/2744 3853/5357/2276 3737/5359/2502
f 3678/5355/2489 3682/5360/4533 3853/5357/2276
f 3682/5360/4533 3692/5361/2088 3853/5357/2276
f 3692/5361/2088 3693/5339/2543 3853/5357/2276
f 3845/5362/4534 3841/5363/4520 3693/5364/2543
f 3693/5339/2543 3689/5365/4535 3691/5366/2276
f 3689/5365/4535 3738/5367/2238 3691/5366/2276
f 3688/5338/4521 3687/5345/4526 3693/5339/2543
f 3688/5338/4521 3844/5343/4524 3687/5345/4526
f 3693/5339/2543 3687/5345/4526 3689/5365/4535
f 3687/5345/4526 3716/5368/4536 3689/5365/4535
f 3689/5365/4535 3716/5368/4536 3719/5369/4537
f 3717/5370/4538 3715/5371/4539 3716/5368/4536
f 3718/5372/4540 3715/5371/4539 3717/5370/4538
f 3701/5348/4541 3733/5373/4542 3705/5374/4543
f 3701/5348/4541 3736/5349/4530 3733/5373/4542
f 3736/5349/4530 3706/5375/4544 3733/5373/4542
f 3736/5349/4530 3698/5350/4531 3706/5375/4544
f 3734/5358/2325 3737/5359/2502 3731/5376/4545
f 3737/5359/2502 3691/5366/4546 3731/5376/4545
f 3731/5376/4545 3691/5366/4546 3728/5377/4547
f 3731/5376/4545 3728/5377/4547 3706/5378/4548
f 3853/5357/2276 3693/5339/2543 3691/5366/2276
f 3691/5366/4546 3730/5379/4549 3728/5377/4547
f 3730/5379/4549 3727/5380/4550 3723/5381/4551
f 3738/5367/2238 3690/5382/2450 3691/5366/2276
f 3691/5366/2276 3690/5382/2450 3723/5383/4552
f 3738/5384/4553 3847/5385/4554 3714/5386/2590
f 3716/5368/4536 3715/5371/4539 3719/5369/4537
f 3719/5369/4537 3715/5371/4539 3847/5387/4555
f 3715/5371/4539 3722/5388/4556 3847/5387/4555
f 3732/5389/4557 3706/5375/4558 3707/5390/4559
f 3706/5375/4558 3729/5391/4560 3707/5390/4559
f 3728/5377/4547 3730/5379/4549 3723/5381/4551
f 3723/5392/2728 3725/5393/4473 3724/5394/4561
f 3723/5381/2457 3714/5386/2590 3848/5395/4562
f 3725/5393/4473 3848/5395/4562 3724/5394/4561
f 3714/5386/2590 3712/5396/2761 3848/5395/4562
f 3712/5396/2761 3714/5386/2590 3847/5385/4554
f 3847/5385/4563 3854/5397/4564 3713/5398/4565
f 3721/5399/4566 3854/5397/4564 3847/5385/4563
f 3721/5399/4566 3720/5400/4567 3854/5397/4564
f 3720/5400/4567 3721/5399/4566 3726/5401/4568
f 3728/5402/4569 3724/5394/4561 3707/5390/4570
f 3724/5394/4561 3708/5403/4571 3707/5390/4570
f 3724/5394/4561 3711/5404/4572 3708/5403/4571
f 3724/5394/4561 3848/5395/4562 3711/5404/4572
f 3711/5404/4572 3848/5395/4562 3709/5405/4573
f 3848/5395/4562 3849/5406/4574 3709/5405/4573
f 3848/5395/4562 3712/5396/2761 3713/5398/4575
f 3848/5395/4562 3713/5398/4575 3849/5406/4574
f 3849/5406/4574 3710/5407/4576 3709/5405/4573
f 3713/5398/4565 3854/5397/4564 3710/5408/4577
f 3854/5397/4564 3726/5409/4578 3710/5408/4577
f 3882/5410/4579 5252/5411/4580 3881/5412/4581
f 3888/5413/4582 3885/5414/4583 3884/5415/4584
f 3886/5416/4585 3887/5417/4586 3883/5418/4587
f 3895/5419/4588 3925/5420/4589 3923/5421/4590
f 3925/5422/4591 3924/5423/4592 3922/5424/4593
f 3889/5425/4594 3924/5426/4595 3911/5427/2659
f 3889/5425/4594 3911/5427/2659 3922/5424/4593
f 3911/5427/2659 3924/5426/4595 3928/5428/2197
f 3923/5421/4590 3908/5429/4596 3895/5419/4588
f 3925/5422/4591 3922/5424/4593 3908/5429/2259
f 3928/5430/4597 3927/5431/4598 3921/5432/4599
f 3922/5424/4593 3911/5427/2659 3908/5429/2259
f 3928/5430/4597 3921/5432/4599 3917/5433/4600
f 3927/5431/4598 3926/5434/4601 3921/5432/4599
f 3928/5428/2197 3918/5435/2234 3911/5427/2659
f 3928/5430/4597 3917/5433/4600 3916/5436/2420
f 3917/5433/4600 3921/5432/4599 3915/5437/4602
f 3911/5427/2659 3913/5438/4603 3912/5439/2321
f 3911/5427/2659 3918/5435/2234 3913/5438/4603
f 3918/5435/2234 3916/5436/2420 3913/5438/4603
f 3916/5436/2420 3917/5433/4600 3913/5438/4603
f 3917/5433/4600 3914/5440/2238 3913/5438/4603
f 3895/5419/4588 3908/5429/4596 3905/5441/2502
f 3911/5427/2659 3912/5439/2321 3910/5442/2410
f 3912/5439/2321 3913/5438/4603 3890/5443/4604
f 3910/5442/4605 3890/5443/4604 3913/5438/4603
f 3919/5444/4606 3920/5445/4607 3915/5446/4608
f 3913/5438/4603 3915/5447/4609 3910/5442/4605
f 3909/5448/4610 3911/5427/2659 3910/5442/2410
f 3910/5442/2410 3891/5449/4611 3909/5448/4610
f 3895/5419/4588 3905/5441/2502 3906/5450/4612
f 3895/5419/4588 3906/5450/4612 3894/5451/4613
f 3891/5449/4611 3907/5452/4614 3909/5448/4610
f 3891/5449/4611 3915/5453/4615 3907/5452/4614
f 3905/5441/2502 3908/5429/4596 3904/5454/2327
f 3904/5454/2327 3908/5429/4596 3909/5448/4616
f 3907/5452/4614 3902/5455/4617 3909/5448/4610
f 3894/5456/4618 3905/5441/4619 3892/5457/4620
f 3904/5454/2327 3909/5448/4616 3903/5458/2281
f 3903/5458/2281 3909/5448/4616 3896/5459/4621
f 3909/5448/4610 3902/5455/4617 3901/5460/4622
f 3901/5460/4622 3902/5455/4617 3900/5461/4623
f 3904/5454/2327 3903/5458/2281 3897/5462/4624
f 3900/5461/4623 3896/5459/4621 3909/5448/4616
f 3900/5461/4623 3902/5455/4617 3896/5459/4621
f 3892/5457/4620 3893/5463/4625 3894/5456/4618
f 3904/5454/2327 3897/5462/4624 3892/5457/4626
f 3898/5464/4627 3903/5458/2281 3896/5459/4621
f 3898/5464/4627 3896/5459/4621 3897/5462/4624
f 3896/5459/4621 3902/5455/4617 3899/5465/4628
f 3897/5462/4624 3896/5459/4621 3892/5457/4626
f 3938/5466/4629 3936/5467/4630 3937/5468/4631
f 3931/5469/4632 3935/5470/4633 3932/5471/4634
f 3929/5472/4635 3933/5473/4636 3930/5474/4637
f 3934/5475/4638 3940/5476/4639 3939/5477/4640
f 3940/5476/4639 3942/5478/4641 3939/5477/4640
f 3942/5478/4641 3941/5479/4642 3939/5477/4640
f 3943/5480/4643 3944/5481/4644 3945/5482/4645
f 3967/5483/4646 3949/5484/4647 3947/5485/4648
f 3947/5485/4648 3949/5484/4647 3948/5486/4649
f 3948/5486/4649 3949/5484/4647 3946/5487/4650
f 3967/5488/4646 3960/5489/4651 3949/5484/4647
f 3960/5489/4651 3959/5490/4652 3949/5484/4647
f 3949/5484/4647 3950/5491/4653 5307/5492/4654
f 3949/5484/4647 3959/5490/4652 3951/5493/4655
f 3949/5484/4647 3951/5493/4655 3950/5491/4653
f 3967/5488/4646 6550/5494/4656 3960/5495/4651
f 3959/5490/4652 3953/5496/4657 3951/5493/4655
f 3951/5493/4655 3953/5496/4657 3952/5497/4658
f 3952/5497/4658 3954/5498/4659 3951/5493/4655
f 3960/5495/4651 6550/5494/4656 3966/5499/4660
f 3965/5500/4661 3966/5499/4660 3964/5501/4662
f 3964/5501/4662 3959/5490/4652 3960/5495/4651
f 3967/5488/4646 3969/5502/4663 6550/5494/4656
f 3960/5495/4651 3966/5499/4660 3965/5500/4661
f 3964/5501/4662 3966/5499/4660 3959/5490/4652
f 3966/5499/4660 3963/5503/4664 3959/5490/4652
f 3962/5504/4665 3953/5496/4657 3959/5490/4652
f 3953/5496/4657 3955/5505/4666 3954/5498/4667
f 3969/5502/4663 3968/5506/4668 6550/5494/4656
f 3953/5496/4657 3956/5507/4669 3955/5505/4666
f 6550/5494/4656 3962/5508/4670 3966/5499/4660
f 3953/5496/4657 3962/5504/4665 3961/5509/4671
f 3961/5509/4671 3958/5510/4672 3953/5496/4657
f 3953/5496/4657 3957/5511/4673 3956/5507/4669
f 3953/5496/4657 3958/5510/4672 3957/5511/4673
f 3973/5512/4674 3971/5513/4675 3970/5514/4676
f 3970/5514/4676 3971/5513/4675 3972/5515/4677
f 4809/5516/4678 4714/5517/4679 4710/5518/4680
f 4713/5519/4681 4710/5518/4680 4716/5520/4682
f 4710/5518/4680 4714/5517/4679 4716/5520/4682
f 4722/5521/4683 4723/5522/4684 4729/5523/4685
f 4723/5524/4686 4730/5525/4687 4728/5526/4688
f 4035/5527/4689 4044/5528/4690 4034/5529/4691
f 4021/5530/4692 4029/5531/4693 4840/5532/4694
f 4840/5532/4694 4024/5533/4695 4021/5530/4692
f 4021/5530/4696 4019/5534/4697 4014/5535/4698
f 4014/5536/4699 4012/5537/4700 4016/5538/4701
f 4842/5539/4702 3998/5540/4703 4007/5541/4704
f 3998/5542/4705 4003/5543/4706 4000/5544/4707
f 3998/5542/4705 4000/5544/4707 3999/5545/4708
f 3999/5546/4709 4868/5547/4710 3979/5548/4711
f 3999/5546/4709 4869/5549/4712 4868/5547/4710
f 4000/5544/4707 3981/5550/4713 3999/5545/4708
f 3980/5551/4714 3981/5552/4715 3979/5548/4716
f 3975/5553/4717 3979/5554/4718 3974/5555/4719
f 3974/5555/4719 3979/5554/4718 3976/5556/4720
f 3979/5554/4718 3977/5557/4721 3976/5556/4720
f 3978/5558/4722 4005/5559/4722 3977/5557/4722
f 4852/5560/4723 3977/5561/4724 4850/5562/4725
f 4850/5562/4725 4851/5563/4726 4853/5564/4727
f 4850/5562/4725 3977/5561/4724 4849/5565/4728
f 3977/5561/4724 5012/5566/4729 4848/5567/4730
f 4851/5563/4726 4850/5562/4725 4849/5565/4728
f 4849/5565/4728 3977/5561/4724 4848/5567/4730
f 4847/5568/4731 4870/5569/4732 4871/5570/4733
f 4870/5569/4732 4847/5568/4731 4861/5571/4734
f 4870/5572/4735 4854/5573/4736 4863/5574/4737
f 4867/5575/4738 4870/5572/4735 4863/5574/4737
f 4864/5576/4739 4865/5577/4740 4866/5578/4741
f 4710/5579/4742 4711/5580/4743 4712/5581/4744
f 4710/5579/4742 4702/5582/4745 4711/5580/4743
f 4711/5580/4743 4809/5583/4746 4712/5581/4744
f 4809/5516/4747 4709/5584/4747 4708/5585/4747
f 4716/5520/4682 4714/5517/4679 4715/5586/4748
f 4716/5520/4749 4707/5587/4750 5042/5588/4751
f 4716/5520/4749 5042/5588/4751 4717/5589/4752
f 4707/5587/4750 4718/5590/4753 5042/5588/4751
f 4716/5591/4754 4721/5592/4755 4722/5521/4683
f 4722/5521/4683 4724/5593/4756 4723/5522/4684
f 4722/5521/4683 4721/5592/4755 4724/5593/4756
f 4721/5592/4755 5042/5588/4751 4724/5593/4756
f 4729/5594/4757 4728/5526/4758 4727/5595/4759
f 4728/5526/4758 4725/5596/4760 4727/5595/4759
f 4730/5597/4761 4901/5598/4762 4725/5596/4763
f 4729/5594/4757 4727/5595/4759 4035/5527/4764
f 4727/5595/4759 4725/5596/4760 4726/5599/4765
f 4035/5527/4689 4037/5600/4766 4044/5528/4690
f 4037/5600/4766 4036/5601/4767 4044/5528/4690
f 4029/5602/4768 4034/5529/4769 4033/5603/4770
f 4033/5603/4770 4032/5604/4771 4029/5602/4768
f 4033/5605/4772 4038/5606/4773 4041/5607/4774
f 4033/5605/4772 4041/5607/4774 4043/5608/4775
f 4043/5608/4775 4041/5607/4774 4838/5609/4776
f 4032/5610/4777 4838/5609/4778 4031/5611/4779
f 4030/5612/4780 4032/5610/4777 4031/5611/4779
f 4031/5611/4779 4835/5613/4781 4030/5612/4780
f 4835/5614/4782 4833/5615/4783 4832/5616/4784
f 4030/5612/4785 4026/5617/4786 4027/5618/4787
f 4029/5619/4788 4030/5612/4785 4027/5618/4787
f 4029/5619/4788 4027/5618/4787 4028/5620/4789
f 4941/5621/4790 4027/5622/4787 4024/5623/4695
f 4027/5618/4787 4026/5617/4786 4024/5533/4695
f 4026/5617/4786 4832/5624/4791 4024/5533/4695
f 4832/5624/4791 4023/5625/4792 4025/5626/4793
f 4832/5624/4791 4025/5626/4793 4024/5533/4695
f 4024/5533/4695 4025/5626/4793 4944/5627/4794
f 4021/5530/4692 4024/5533/4695 4944/5627/4794
f 4021/5530/4692 4944/5627/4794 4839/5628/4795
f 4839/5628/4795 4944/5627/4794 4020/5629/4796
f 4944/5627/4794 4025/5626/4793 4841/5630/4797
f 4021/5530/4696 4020/5631/4798 4019/5534/4697
f 4841/5632/4799 4022/5633/4800 4020/5631/4798
f 4020/5631/4798 4018/5634/4801 4019/5534/4697
f 4020/5631/4798 4022/5633/4800 4945/5635/4802
f 4020/5631/4798 4945/5635/4802 4018/5634/4801
f 4018/5634/4801 4945/5635/4802 4141/5636/4803
f 4014/5637/4804 4017/5638/4805 4018/5634/4806
f 4014/5637/4804 4018/5634/4806 4977/5639/4807
f 4014/5536/4699 4015/5640/4808 4978/5641/4809
f 4014/5536/4699 4978/5641/4809 4013/5642/4810
f 4012/5537/4700 4014/5536/4699 4013/5642/4810
f 4013/5642/4811 4015/5643/4812 4117/5644/4813
f 4011/5645/4814 4012/5537/4815 4010/5646/4816
f 4011/5645/4814 4010/5646/4816 4842/5539/4702
f 4842/5539/4702 4010/5646/4816 4009/5647/4817
f 4181/5648/4818 4012/5649/4819 4009/5647/4820
f 4012/5649/4819 4117/5644/4813 4009/5647/4820
f 4842/5539/4702 4009/5647/4817 4008/5650/4821
f 4009/5647/4820 4982/5651/4822 4174/5652/4823
f 4842/5539/4702 4008/5650/4821 3998/5540/4703
f 4008/5650/4821 4174/5653/4824 3998/5540/4703
f 4176/5654/4825 4103/5655/4826 4006/5656/4827
f 3998/5542/4705 3997/5657/4828 4003/5543/4706
f 3997/5657/4828 4176/5654/4825 4003/5543/4706
f 4176/5654/4825 4006/5656/4827 4003/5543/4706
f 4003/5658/4829 4004/5659/4830 3981/5552/4831
f 4004/5659/4830 3992/5660/4832 4005/5661/4833
f 3978/5558/4834 3979/5548/4716 3981/5552/4715
f 3990/5662/4835 3982/5663/4836 4005/5664/4837
f 4005/5664/4837 3982/5663/4836 5012/5665/4838
f 5012/5665/4838 3983/5666/4839 3984/5667/4840
f 3982/5663/4836 3983/5666/4839 5012/5665/4838
f 5012/5665/4841 3985/5668/4842 4846/5669/4843
f 3983/5666/4839 3986/5670/4844 3984/5667/4840
f 4847/5568/4731 4846/5669/4843 4861/5571/4734
f 4846/5669/4843 3985/5668/4842 4861/5571/4734
f 4854/5573/4845 4861/5571/4846 4855/5671/4847
f 4861/5672/4848 5014/5673/4849 4859/5674/4850
f 5014/5673/4849 3985/5668/4851 4859/5674/4850
f 4854/5573/4845 4855/5671/4847 4860/5675/4852
f 4861/5672/4848 4859/5674/4850 4862/5676/4853
f 4862/5676/4853 4859/5674/4850 4860/5675/4852
f 4860/5675/4852 4856/5677/4854 4854/5573/4845
f 4860/5675/4852 4859/5674/4850 4856/5677/4854
f 4859/5674/4850 4858/5678/4855 4856/5677/4854
f 4856/5677/4856 5013/5679/4857 4857/5680/4858
f 4711/5580/4743 4702/5582/4745 4709/5681/4859
f 4708/5682/4860 4705/5683/4861 4707/5684/4862
f 4708/5682/4860 4707/5684/4862 4715/5685/4863
f 4707/5684/4862 4705/5683/4861 4706/5686/4864
f 4702/5687/4865 5043/5688/4866 4705/5683/4861
f 4705/5683/4861 5043/5688/4866 4706/5686/4864
f 4718/5590/4753 5043/5688/4866 5042/5588/4751
f 5043/5688/4866 4719/5689/4867 4733/5690/4868
f 5042/5588/4751 4720/5691/4869 4724/5593/4756
f 5043/5688/4866 4720/5691/4869 5042/5588/4751
f 5043/5688/4866 4733/5690/4868 4720/5691/4869
f 4730/5597/4761 4724/5593/4870 4731/5692/4871
f 4730/5597/4761 4731/5692/4871 4901/5598/4762
f 4731/5692/4871 4900/5693/4872 4901/5598/4762
f 4731/5692/4871 4733/5694/4873 4900/5693/4872
f 4732/5695/4767 4735/5696/4874 4900/5693/4872
f 4900/5693/4872 4735/5696/4874 4901/5598/4762
f 4037/5600/4766 4725/5697/4875 4036/5601/4767
f 4036/5601/4767 4725/5697/4875 4038/5698/4876
f 4901/5598/4762 4734/5699/4877 4808/5700/4878
f 4911/5701/4879 4038/5698/4880 4039/5702/4881
f 4039/5702/4881 4041/5703/4882 4911/5701/4879
f 4041/5703/4882 4039/5702/4881 4040/5704/4883
f 4041/5703/4882 4040/5704/4883 4042/5705/4884
f 4838/5609/4885 4833/5615/4783 4835/5614/4782
f 4833/5615/4783 4834/5706/4886 4832/5616/4784
f 4041/5703/4882 4042/5705/4884 4834/5707/4887
f 4834/5707/4887 4042/5705/4884 4045/5708/4888
f 4834/5706/4886 4831/5709/4889 4832/5616/4784
f 4831/5709/4889 4942/5710/4890 4832/5616/4784
f 4942/5710/4890 4831/5709/4889 4045/5708/4888
f 4942/5710/4890 4045/5708/4888 4048/5711/4891
f 4942/5710/4890 4837/5712/4892 4832/5616/4784
f 4023/5625/4792 4048/5713/4893 4943/5714/4894
f 4025/5715/4793 4023/5716/4792 4943/5717/4894
f 4022/5633/4800 4025/5626/4793 4943/5714/4894
f 4943/5714/4894 4945/5635/4802 4022/5633/4800
f 4945/5635/4802 4943/5714/4894 4139/5718/4881
f 4141/5636/4895 4977/5639/4807 4946/5719/4896
f 4946/5719/4896 4977/5639/4807 4018/5634/4806
f 4140/5720/4897 4141/5721/4898 4947/5722/4899
f 4977/5723/4900 4173/5724/4901 4015/5643/4902
f 4173/5724/4901 4118/5725/4903 4015/5643/4902
f 4173/5724/4904 4140/5726/4904 4172/5727/4904
f 4015/5643/4812 4982/5651/4822 4117/5644/4813
f 4009/5647/4820 4117/5644/4813 4982/5651/4822
f 4982/5728/4905 4983/5729/4906 4178/5730/4907
f 4982/5651/4905 4178/5731/4907 4116/5732/4908
f 4174/5652/4823 4982/5651/4822 4175/5733/4909
f 4174/5652/4823 4175/5733/4909 4176/5734/4910
f 4175/5733/4909 4177/5735/4911 4176/5734/4910
f 3996/5736/4912 4177/5737/4913 3995/5738/4914
f 3996/5736/4912 3995/5738/4914 4103/5655/4915
f 4003/5543/4706 4006/5656/4827 4843/5739/4916
f 4843/5740/4917 4103/5741/4918 3994/5742/4919
f 4103/5741/4918 4002/5743/4920 3994/5742/4919
f 4103/5741/4918 3993/5744/4921 4002/5743/4920
f 4001/5745/4922 4002/5746/4800 4003/5658/4829
f 4003/5658/4829 4002/5746/4800 3992/5660/4832
f 4003/5658/4829 3992/5660/4832 4004/5659/4830
f 4005/5661/4833 3992/5660/4832 3991/5747/4923
f 3991/5747/4924 3989/5748/4925 3990/5662/4926
f 3989/5748/4925 4844/5749/4927 3990/5662/4926
f 3990/5662/4926 4844/5749/4927 4845/5750/4928
f 4844/5749/4927 3986/5751/4929 4845/5750/4928
f 3984/5667/4840 3986/5670/4844 3985/5752/4930
f 3985/5752/4930 3986/5670/4844 4186/5753/4931
f 5013/5679/4857 4858/5754/4932 4857/5680/4858
f 4702/5582/4933 5086/5755/4934 4703/5756/4935
f 4702/5582/4933 5050/5757/4936 5086/5755/4934
f 4703/5756/4935 5086/5755/4934 4704/5758/4937
f 4702/5687/4865 4704/5758/4937 5043/5688/4866
f 5043/5688/4866 4704/5758/4937 5049/5759/4938
f 5043/5688/4866 5041/5760/4939 4758/5761/4940
f 5043/5688/4866 4758/5761/4940 4719/5689/4867
f 4758/5762/4941 4756/5763/4941 4757/5764/4941
f 5041/5760/4939 5040/5765/4942 4756/5766/4943
f 4756/5767/4944 4746/5768/4945 4748/5769/4946
f 4748/5769/4946 4747/5770/4947 4733/5771/4948
f 4733/5771/4948 4747/5770/4947 4872/5772/4949
f 4732/5695/4950 4733/5771/4948 4734/5773/4951
f 4733/5771/4948 4872/5772/4949 4734/5773/4951
f 4901/5598/4762 4735/5696/4874 4734/5699/4877
f 4734/5699/4877 4780/5774/4952 4808/5700/4878
f 4039/5702/4881 4780/5775/4953 4040/5704/4883
f 4040/5776/4954 4777/5777/4955 4776/5778/4956
f 4776/5778/4956 4777/5777/4955 4773/5779/4802
f 4042/5705/4884 4046/5780/4957 4045/5708/4888
f 4776/5778/4956 4781/5781/4958 4046/5782/4959
f 4048/5711/4891 4045/5708/4888 4047/5783/4960
f 4045/5708/4888 4046/5780/4957 4047/5783/4960
f 4047/5783/4960 4046/5780/4957 4836/5784/4961
f 4047/5783/4960 4050/5785/4962 4048/5711/4891
f 4047/5783/4960 4049/5786/4963 4050/5785/4962
f 4049/5786/4963 5029/5787/4964 4050/5785/4962
f 4050/5788/4965 4143/5789/4966 4138/5790/4967
f 4943/5714/4894 4048/5713/4893 4138/5791/4968
f 4138/5790/4967 4143/5789/4966 4137/5792/4969
f 4139/5793/4970 4138/5794/4970 4141/5721/4970
f 4141/5721/4898 4142/5795/4971 4947/5722/4899
f 4138/5794/4972 4948/5796/4973 4142/5797/4974
f 4138/5794/4972 4134/5798/4975 4948/5796/4973
f 4140/5799/4976 4119/5800/4977 4949/5801/4978
f 4947/5802/4979 4120/5803/4980 4119/5800/4977
f 4120/5803/4980 4949/5801/4978 4119/5800/4977
f 4120/5803/4980 4121/5804/4981 4949/5801/4978
f 4140/5799/4976 4949/5801/4978 4118/5725/4903
f 4015/5643/4902 4118/5725/4903 4949/5801/4978
f 4015/5805/4982 4114/5806/4983 4178/5731/4984
f 4114/5806/4983 4115/5807/4985 4178/5731/4984
f 4114/5806/4983 4979/5808/4986 4115/5807/4985
f 4178/5809/4987 4180/5810/4988 4177/5811/4897
f 4982/5812/4989 4179/5813/4990 4177/5811/4897
f 4179/5813/4990 4178/5809/4987 4177/5811/4897
f 4107/5814/4991 4180/5815/4992 4108/5816/4993
f 4107/5814/4991 4106/5817/4899 3995/5818/4994
f 4107/5814/4991 4108/5816/4993 4106/5817/4899
f 3995/5818/4994 4106/5817/4899 5002/5819/4995
f 5002/5819/4995 4106/5817/4899 4105/5820/4996
f 4105/5820/4996 4183/5821/4661 5002/5819/4995
f 5002/5819/4995 4183/5821/4661 4999/5822/4661
f 4103/5823/4997 4999/5822/4661 4104/5824/4998
f 4103/5823/4997 5002/5819/4995 4999/5822/4661
f 4104/5824/4998 4999/5822/4661 3993/5825/4800
f 4999/5822/4661 4101/5826/4999 3993/5825/4800
f 3993/5825/4800 4101/5826/4999 5018/5827/5000
f 5007/5828/5001 5006/5829/5002 3992/5830/5003
f 3993/5825/4800 5018/5827/5000 5006/5831/5004
f 3989/5832/5005 3992/5830/5003 5006/5829/5002
f 3989/5833/5006 5008/5834/5007 3987/5835/5008
f 5008/5834/5007 3988/5836/5009 3987/5835/5008
f 3987/5835/5008 3988/5836/5009 3986/5670/5010
f 3988/5836/5009 4187/5837/5011 3986/5670/5010
f 4702/5582/4933 4701/5838/5012 5050/5757/4936
f 5050/5757/4936 4701/5838/5012 5065/5839/5013
f 5050/5757/4936 4752/5840/4961 5086/5755/4934
f 4752/5840/4961 5065/5839/4961 4754/5841/5014
f 4752/5840/4961 4754/5841/5014 4753/5842/5015
f 5086/5755/4934 4752/5840/4961 4753/5842/5015
f 5086/5755/4934 5049/5759/4938 4704/5758/4937
f 5049/5759/4938 5086/5755/4934 4750/5843/5016
f 4750/5843/5016 4751/5844/5017 5049/5759/4938
f 4751/5844/5017 4750/5843/5016 5040/5845/4888
f 5043/5688/4866 5049/5759/4938 5041/5760/4939
f 5041/5760/4939 5049/5759/4938 5040/5765/4942
f 5040/5765/5018 5048/5846/5019 4746/5847/5020
f 4748/5769/4946 4746/5768/4945 4747/5770/4947
f 4747/5848/5021 4805/5849/5022 4806/5850/5023
f 4747/5848/5021 4806/5850/5023 4734/5851/5024
f 4734/5699/5025 4737/5852/5026 4777/5853/5027
f 4737/5852/5026 4736/5854/4949 4777/5853/5027
f 4777/5777/4955 4779/5855/5028 4778/5856/5029
f 4777/5777/4955 4778/5856/5029 4773/5779/4802
f 4778/5856/5029 4775/5857/5030 4773/5779/4802
f 4779/5855/5031 4736/5858/5032 4775/5857/5030
f 4773/5779/4802 4775/5857/5030 4774/5859/5033
f 4775/5857/5030 4782/5860/5034 4774/5859/5033
f 4776/5778/4956 4773/5779/4802 4781/5781/4958
f 4774/5859/5033 4772/5861/5035 4773/5779/4802
f 4773/5779/4802 4772/5861/5035 4910/5862/5036
f 4773/5863/5037 5029/5787/4964 4046/5864/5038
f 4049/5786/4963 4046/5864/5038 5029/5787/4964
f 4773/5779/4802 4910/5862/5036 4788/5865/5039
f 5029/5787/4964 4788/5866/5040 4050/5785/4962
f 4050/5785/5041 4789/5867/5041 4051/5868/5041
f 4051/5868/5042 4052/5869/5043 4143/5789/5044
f 4052/5869/5043 4051/5868/5042 4053/5870/5045
f 4137/5871/5046 4052/5869/5043 4053/5870/5045
f 4134/5798/4975 4137/5792/5047 4133/5872/5048
f 4948/5796/4973 4134/5798/4975 4120/5873/5049
f 4134/5798/4975 4133/5872/5048 4131/5874/5050
f 4134/5798/4975 4131/5874/5050 4120/5873/5049
f 4131/5874/5051 4950/5875/5052 4121/5876/4802
f 4122/5877/5053 4113/5878/4978 4949/5879/4763
f 4122/5877/5053 4123/5880/5054 4113/5878/4978
f 4114/5806/4983 4113/5878/4976 4112/5881/5055
f 4113/5878/4976 4111/5882/4664 4112/5881/5055
f 4112/5883/5055 4979/5884/4986 4114/5885/4983
f 4111/5882/4664 4976/5886/5056 4112/5887/5055
f 4115/5807/4985 4979/5808/4986 4180/5888/5057
f 4112/5883/5055 4980/5889/5056 4979/5884/4986
f 4180/5810/5058 4112/5887/5055 4984/5890/5059
f 4984/5890/5059 4998/5891/4664 4108/5816/5060
f 4108/5816/5060 4998/5891/4664 4182/5892/5061
f 4108/5816/4993 4183/5893/5062 4106/5817/4899
f 4182/5894/4954 5000/5895/4664 4183/5896/5063
f 4091/5897/4954 5000/5895/4664 4182/5894/4954
f 4183/5896/5063 5000/5895/4664 4102/5898/4664
f 4999/5822/4661 4102/5899/5064 4100/5900/5065
f 4999/5822/4661 4100/5900/5065 4101/5826/4999
f 4101/5901/4999 4100/5902/5065 5003/5903/5066
f 5018/5827/5000 4101/5826/4999 4184/5904/5067
f 4184/5904/5067 4101/5826/4999 5004/5905/5068
f 4184/5904/5067 5004/5905/5068 5006/5831/4664
f 4100/5906/5069 4099/5907/4801 5004/5905/5068
f 5006/5831/4664 4185/5908/5070 5008/5909/5004
f 5008/5909/5004 4185/5908/5070 5011/5910/5071
f 5006/5831/4664 5004/5905/5068 4185/5908/5070
f 5008/5909/5004 4187/5911/5072 4188/5912/5073
f 4187/5911/5072 5008/5909/5004 5011/5910/5071
f 4187/5911/5072 5011/5910/5071 4186/5913/5074
f 4702/5582/4933 4699/5914/5075 4701/5838/5012
f 4754/5841/5014 4755/5915/4967 4753/5842/5015
f 4701/5838/5012 4699/5914/5075 4700/5916/5076
f 4750/5843/5016 4755/5917/5077 5040/5845/4888
f 4749/5918/5078 5040/5845/5078 4803/5919/5078
f 4746/5847/5020 5048/5846/5019 4744/5920/5079
f 4746/5847/5020 4744/5920/5079 4807/5921/4922
f 4806/5850/5023 4805/5849/5022 4807/5922/5080
f 4745/5923/5081 4744/5924/4762 4743/5925/5035
f 4807/5922/5080 4745/5923/5081 4806/5850/5023
f 4806/5850/5023 4745/5923/5081 4873/5926/5082
f 4806/5850/5023 4873/5926/5082 4738/5927/5083
f 4745/5923/5081 4743/5925/5035 4742/5928/5084
f 4745/5923/5081 4742/5928/5084 4873/5926/5082
f 4737/5852/5026 4738/5927/5085 4736/5854/4949
f 4738/5927/5083 4873/5926/5082 4739/5929/5086
f 4873/5926/5082 4740/5930/5087 4739/5929/5086
f 4740/5930/5087 4791/5931/5088 4768/5932/5087
f 4740/5930/5087 4768/5932/5087 4739/5929/5086
f 4899/5933/5089 4898/5934/5089 4736/5935/5089
f 4736/5858/5032 4771/5936/5090 4782/5860/5034
f 4736/5858/5032 4782/5860/5034 4775/5857/5030
f 4772/5861/5035 4771/5937/5091 4910/5862/5036
f 4910/5862/5092 4785/5938/5093 4783/5939/5094
f 4910/5862/5092 4783/5939/5094 4784/5940/5095
f 4788/5866/4872 4784/5940/5096 4787/5941/4918
f 4788/5866/4872 4787/5941/4918 4789/5942/5097
f 4787/5941/4918 4784/5940/5096 4786/5943/5098
f 4051/5944/5099 4913/5945/5099 4912/5946/5099
f 4053/5870/5100 4912/5947/5101 4054/5948/5102
f 4053/5870/5100 4054/5948/5102 4133/5949/5103
f 4133/5872/5048 4940/5950/5104 4131/5874/5050
f 4912/5951/5105 4130/5952/5106 4940/5950/5104
f 4940/5950/5104 4130/5952/5106 4131/5874/5050
f 4131/5874/5050 4130/5952/5106 4132/5953/5107
f 4950/5875/5052 4131/5874/5051 4135/5954/5108
f 4135/5954/5109 4132/5953/5109 4136/5955/5109
f 4122/5877/5053 4135/5956/5110 4123/5880/5054
f 4135/5956/5110 4124/5957/4952 4123/5880/5054
f 4124/5957/4952 4136/5958/5100 4128/5959/5111
f 4124/5957/4952 4128/5959/5111 4123/5880/5054
f 4111/5882/4664 4126/5960/5112 4976/5886/5056
f 4112/5887/5055 4976/5886/5056 4110/5961/4661
f 4984/5890/5059 4112/5887/5055 4998/5891/4664
f 4112/5887/5055 4110/5961/4661 4998/5891/4664
f 4998/5891/4664 4110/5961/4661 4109/5962/5113
f 4998/5891/4664 4109/5962/5113 4091/5963/5114
f 5000/5895/4664 4090/5964/5115 4102/5898/4664
f 5000/5895/4664 4089/5965/5116 4090/5964/5115
f 4102/5898/4664 4090/5964/5115 4093/5966/5097
f 4094/5967/4664 5005/5968/5087 4093/5966/4888
f 4093/5966/4888 5005/5968/5087 4092/5969/4888
f 4092/5970/5117 4096/5971/4956 4100/5972/5118
f 4092/5970/5117 4095/5973/4954 4096/5971/4956
f 5004/5905/5068 4099/5907/4801 4097/5974/5119
f 4096/5971/4956 4095/5973/4954 4097/5974/5119
f 5004/5905/5068 4189/5975/5120 4185/5908/5070
f 5004/5905/5068 4097/5974/5119 4189/5975/5120
f 4185/5908/5070 4191/5976/4983 5011/5910/5071
f 5011/5910/5071 4189/5977/5121 4186/5913/5074
f 4189/5977/5121 4190/5978/5122 4186/5913/5074
f 4190/5979/5123 5015/5980/5124 4098/5981/5125
f 5040/5845/4888 4755/5917/5077 5051/5982/5126
f 4755/5917/5077 4698/5983/5127 5051/5982/5126
f 5051/5982/5126 4698/5983/5127 4759/5984/5128
f 5051/5982/5126 4759/5984/5128 4803/5985/5129
f 5048/5986/5130 4803/5987/5131 4761/5988/5038
f 5048/5986/5130 4761/5988/5038 5038/5989/4957
f 4804/5990/5132 4759/5991/5133 5039/5992/5134
f 4761/5988/5038 5039/5992/5134 5038/5989/4957
f 5038/5989/4957 5039/5992/5134 4800/5993/5103
f 5039/5992/5134 4760/5994/5135 4800/5993/5103
f 4744/5995/4980 5038/5989/4957 4762/5996/4978
f 5038/5989/4957 4800/5993/5103 4762/5996/4978
f 4762/5996/4978 4800/5993/5103 4317/5997/4801
f 4762/5996/4978 4317/5997/4801 4874/5998/4978
f 4742/5999/4882 4762/5996/4978 4763/6000/4664
f 4762/5996/4978 4874/5998/4978 4763/6000/4664
f 4742/5928/5136 4741/6001/5103 4740/5930/5087
f 4740/5930/5087 4741/6001/5103 4791/5931/5088
f 4741/6002/4800 4763/6000/4664 4874/5998/4978
f 4791/5931/5088 4810/6003/5087 4768/5932/5087
f 4810/6003/4762 4874/5998/4978 4766/6004/4954
f 4810/6003/4762 4766/6004/4954 4767/6005/4762
f 4767/6005/4762 4766/6004/4954 4897/6006/5137
f 4902/6007/5138 4770/6008/5001 4771/5937/5139
f 4770/6008/5001 4902/6007/5138 4769/6009/4960
f 4902/6007/5138 4768/6010/5140 4790/6011/5141
f 4769/6009/4960 4902/6007/5138 4790/6011/5141
f 4769/6009/4960 4783/5939/5094 4785/5938/5093
f 4769/6009/4960 4790/6011/5141 4783/5939/5094
f 4790/6011/5141 4056/6012/5142 4783/5939/5094
f 4056/6013/5047 4059/6014/5143 4057/6015/5004
f 4056/6013/5047 4057/6015/5004 4055/6016/4997
f 4056/6013/5047 4055/6016/4997 4784/6017/5144
f 4055/6016/4997 4058/6018/5035 4786/6019/5047
f 4914/6020/5145 5027/6021/5146 4912/5947/4869
f 4912/5947/4869 5027/6021/5146 4162/6022/4869
f 4912/5951/5105 4144/6023/4774 4130/5952/5106
f 4130/5952/5147 4171/6024/5148 4136/5958/5100
f 4130/6025/5149 4166/6026/4661 4951/6027/4661
f 4951/6027/4661 4166/6026/4661 4164/6028/4664
f 4136/5958/5100 4171/6024/5148 4129/6029/4802
f 4136/5958/5100 4129/6029/4802 4128/5959/5111
f 4171/6030/4664 4164/6028/4664 4127/6031/4954
f 4171/6030/4664 4951/6027/4661 4164/6028/4664
f 4129/6029/4802 4127/6032/5111 4128/5959/5111
f 4128/5959/5111 4127/6032/5111 4126/6033/4887
f 4126/6034/5150 4079/6035/4954 4125/6036/4986
f 4125/6036/4986 4079/6035/4954 4110/6037/4802
f 4110/6037/4802 4079/6035/4954 4080/6038/5087
f 4079/6035/4954 4082/6039/4664 4080/6038/5087
f 4079/6035/4954 4170/6040/5151 4082/6039/4664
f 4080/6038/5087 4082/6039/4664 5022/6041/5039
f 4080/6038/5087 5022/6041/5039 4089/6042/4774
f 4082/6039/4664 4081/6043/5056 5022/6041/5039
f 4087/6044/5152 4986/6045/5153 4089/5965/5116
f 4089/5965/5116 4986/6045/5153 4090/5964/5115
f 4986/6045/5154 4207/6046/5155 4094/5967/5156
f 5005/5968/5087 4094/5967/4664 4095/6047/4802
f 4095/6047/4802 4094/5967/4664 4206/6048/4957
f 4095/5973/4954 4205/6049/5157 4097/5974/5119
f 4097/5974/5119 4205/6049/5157 4189/5975/5120
f 4189/6050/5158 5010/6051/5159 5015/5980/5124
f 5010/6051/5159 4098/5981/5125 5015/5980/5124
f 4698/6052/5160 4699/6053/5161 4697/6054/5162
f 4699/6053/5161 5066/6055/5163 4697/6054/5162
f 4697/6054/5162 5066/6055/5163 4693/6056/5164
f 5066/6055/5163 4692/6057/5165 4693/6056/5164
f 4698/6052/5160 4697/6054/5162 4696/6058/5166
f 4697/6054/5162 4811/6059/5167 4694/6060/5168
f 4696/6058/5166 4697/6054/5162 4694/6060/5168
f 4696/6058/5166 4694/6060/5168 4759/6061/5169
f 4759/6061/5169 4694/6060/5168 4695/6062/5170
f 4759/6063/5171 4323/6064/5172 4322/6065/5173
f 5039/5992/5134 4759/5991/5133 4760/5994/5135
f 4759/5991/5133 4321/6066/5174 4760/5994/5135
f 4321/6066/5175 4317/5997/4801 4800/5993/5103
f 4317/5997/4801 4796/6067/5112 4874/5998/4978
f 4874/5998/4978 4796/6067/5112 4764/6068/4767
f 4874/5998/4978 4765/6069/4954 4766/6004/4954
f 4765/6069/4954 4874/5998/4978 4764/6068/4767
f 4765/6069/4999 4794/6070/5176 4793/6071/5177
f 4794/6070/5176 4796/6072/5178 4875/6073/5179
f 4897/6006/5137 4766/6004/4954 4799/6074/5180
f 4766/6004/4954 4793/6071/5177 4799/6074/5180
f 4799/6074/5180 4793/6071/5177 4794/6070/5176
f 4794/6070/5176 4875/6073/5179 4799/6074/5180
f 4799/6074/5180 4875/6073/5179 4792/6075/5181
f 4799/6074/5180 4903/6076/5182 4897/6006/5137
f 4897/6006/5137 4903/6076/5182 4768/6010/5140
f 4792/6075/5181 4875/6073/5179 4903/6076/5183
f 4768/6010/5140 4903/6076/5182 4790/6011/5141
f 4060/6077/4801 4061/6078/4664 4059/6014/5143
f 4059/6014/5143 4061/6078/4664 4057/6015/5004
f 4055/6016/4997 4057/6015/5004 4058/6018/5035
f 4057/6015/5004 4159/6079/5177 4058/6018/5035
f 4914/6020/5145 4786/6019/4763 5027/6021/5146
f 4786/6019/4763 4159/6080/4952 5028/6081/5087
f 4159/6080/4952 4160/6082/5184 5028/6081/5087
f 4786/6019/4763 5028/6081/5087 5027/6021/5146
f 5027/6021/5146 5028/6081/5087 4157/6083/4802
f 4162/6084/4960 4157/6083/4802 4146/6085/4978
f 4157/6083/4802 5028/6081/5087 4146/6085/4978
f 4146/6085/4978 5028/6081/5087 4158/6086/5185
f 4144/6023/4774 4146/6087/4800 4130/5952/5106
f 4130/5952/5106 4146/6087/4800 4145/6088/5063
f 4145/6088/5063 4146/6087/4800 4147/6089/5117
f 4166/6026/4661 4165/6090/4978 4164/6028/4664
f 4127/6031/4954 4164/6028/4664 4163/6091/4802
f 4164/6028/4664 4150/6092/4664 4163/6091/4802
f 4150/6092/4664 4152/6093/4802 4163/6091/4802
f 4163/6091/4802 4152/6093/4802 4167/6094/4664
f 4126/6095/5186 4163/6091/4802 4170/6040/4802
f 4163/6091/4802 4168/6096/4978 4170/6040/4802
f 4167/6094/4664 4168/6096/4978 4163/6091/4802
f 4168/6096/4978 4167/6094/4664 4169/6097/4978
f 4170/6040/4802 4168/6096/4978 4078/6098/5187
f 4168/6096/4978 4077/6099/4916 4078/6098/5187
f 4081/6100/4801 4170/6040/4802 4078/6098/5187
f 4081/6043/4661 4084/6101/5067 4083/6102/5097
f 4081/6043/4661 4827/6103/5188 4084/6101/5067
f 4827/6103/5188 4299/6104/5189 4084/6101/5067
f 4083/6102/5097 4084/6101/5067 4088/6105/5103
f 4087/6044/5152 4081/6106/5190 4986/6045/5153
f 4986/6045/5153 4081/6106/5190 4985/6107/5191
f 4081/6106/5190 4088/6108/4762 4985/6107/5191
f 4084/6101/5067 4299/6104/5189 4085/6109/4986
f 4085/6109/4986 4299/6104/5189 4086/6110/4986
f 4085/6109/4986 4086/6110/4986 4985/6107/4954
f 4985/6107/4954 4086/6110/4986 4201/6111/4954
f 4207/6046/5155 4986/6045/5154 4206/6048/5192
f 4986/6045/5154 5001/6112/5102 4206/6048/5192
f 4206/6048/5192 5001/6112/5102 4205/6113/5193
f 4189/6050/5158 5001/6114/5194 5010/6051/5159
f 5001/6114/5194 4192/6115/5195 5010/6051/5159
f 4204/6116/5196 4193/6117/5197 5001/6112/5198
f 5001/6112/5198 4193/6117/5197 5017/6118/5199
f 5010/6051/5159 4192/6115/5195 4826/6119/5200
f 5017/6118/5199 4193/6117/5197 4192/6115/5201
f 4098/6120/5202 4826/6119/5203 4825/6121/5204
f 4330/6122/5205 4692/6057/5206 4699/6053/5207
f 4330/6122/5205 5062/6123/5208 4692/6057/5206
f 4692/6057/5206 5062/6123/5208 5064/6124/5209
f 4693/6056/5164 4692/6057/5165 4694/6060/5168
f 4694/6060/5168 4329/6125/5210 4695/6062/5170
f 4692/6057/5165 4329/6125/5210 4694/6060/5168
f 4695/6062/5170 4329/6125/5210 4325/6126/5211
f 4323/6064/5172 4325/6126/4885 4322/6065/5173
f 4325/6126/4885 4812/6127/5212 4322/6065/5173
f 4812/6127/5212 4321/6128/5213 4322/6065/5173
f 4812/6127/5214 4324/6129/4862 4319/6130/5215
f 4321/6131/5216 4319/6132/5062 4802/6133/5217
f 4802/6133/5217 4319/6132/5062 4320/6134/5218
f 4320/6134/5218 4319/6132/5062 4801/6135/5219
f 4317/5997/5151 4802/6136/5151 4801/6137/5151
f 4801/6135/5219 4319/6132/5062 4318/6138/4922
f 4316/6139/5220 4318/6140/5220 4317/6141/5220
f 4317/6142/5221 4402/6143/5222 4797/6144/5223
f 4878/6145/5224 4877/6146/5224 4797/6147/5224
f 4795/6148/5225 4796/6072/5178 4315/6149/5226
f 4797/6144/5223 4402/6143/5222 4315/6149/5226
f 4796/6072/5178 4795/6148/5225 4875/6073/5179
f 4875/6073/5179 4798/6150/5227 4903/6076/5183
f 4903/6076/5183 4798/6150/5227 4060/6151/5228
f 4311/6152/5229 4905/6153/5230 4312/6154/4960
f 4311/6152/5229 4875/6155/5231 4905/6153/5230
f 4060/6077/4801 4904/6156/4962 4061/6078/4664
f 4061/6078/4664 4904/6156/4962 4062/6157/4773
f 4062/6157/4773 4904/6156/4962 4159/6158/4962
f 4904/6156/4962 4063/6159/5232 4159/6158/4962
f 4159/6158/4962 4065/6160/5233 4908/6161/5234
f 4160/6082/5184 4161/6162/5235 5028/6081/5087
f 5028/6081/5087 4156/6163/5103 4939/6164/5111
f 4909/6165/5236 4908/6166/5234 4161/6167/5234
f 5028/6081/5087 4939/6164/5111 4158/6086/5185
f 4158/6086/5185 4939/6164/5111 4155/6168/4944
f 4939/6164/5111 4146/6087/4800 4155/6168/4944
f 4939/6164/5111 4147/6089/5117 4146/6087/4800
f 4147/6089/5237 4149/6169/5067 4148/6170/5097
f 4070/6171/5001 4149/6169/5067 4147/6089/5237
f 4070/6171/5001 4151/6172/5063 4149/6169/5067
f 4148/6170/5097 4149/6169/5067 4150/6092/4664
f 4150/6092/4664 4149/6169/5067 5024/6173/5112
f 4150/6092/4664 5024/6173/5112 4152/6093/4802
f 4149/6169/5067 4071/6174/5238 5024/6173/5112
f 4152/6093/4802 5024/6173/5112 4958/6175/4664
f 4169/6176/4954 4152/6093/4802 4153/6177/4978
f 4152/6093/4802 4958/6175/4664 4153/6177/4978
f 4077/6099/5097 4169/6097/4802 4076/6178/4978
f 4169/6097/4802 4958/6175/4978 4076/6178/4978
f 4078/6098/5187 4077/6099/4916 4299/6179/5239
f 4077/6099/4916 4828/6180/5033 4299/6179/5239
f 4299/6181/4894 4823/6182/5240 4824/6183/5091
f 4201/6184/5135 4824/6185/4793 4202/6186/5241
f 4201/6184/5135 4200/6187/5242 4986/6188/5243
f 4986/6188/5243 4203/6189/4869 4204/6116/5244
f 4986/6188/5243 4200/6187/5242 4203/6189/4869
f 4200/6187/5242 4996/6190/5139 4203/6189/4869
f 4203/6189/4869 4196/6191/5245 4204/6116/5244
f 4197/6192/5246 4822/6193/5247 4196/6194/4772
f 4196/6194/4772 4822/6193/5247 4195/6195/5106
f 4197/6192/5246 4203/6189/5248 4822/6193/5247
f 4203/6189/5248 4198/6196/5249 4822/6193/5247
f 4195/6195/5106 4822/6193/5247 4194/6197/5250
f 4192/6115/5201 4193/6117/5197 4825/6198/5251
f 4193/6117/5197 4194/6197/5250 4825/6198/5251
f 4194/6197/5250 4822/6193/5247 4825/6198/5251
f 4822/6193/5247 4223/6199/5252 4825/6198/5251
f 4232/6200/5253 4825/6198/5251 4223/6199/5252
f 4330/6122/5205 4331/6201/5254 5062/6123/5208
f 5064/6124/5209 5062/6123/5208 4329/6202/5255
f 5063/6203/5256 4329/6204/5255 5062/6205/5208
f 4326/6206/4953 4327/6207/4983 4325/6208/5257
f 4324/6129/4862 4325/6208/5258 4319/6130/5215
f 4319/6132/5062 4412/6209/5103 4318/6138/4922
f 4402/6210/5259 5044/6211/5260 4318/6212/5261
f 4315/6149/5226 4402/6143/5222 4795/6148/5225
f 4402/6143/5039 4876/6213/5107 4313/6214/5073
f 4314/6215/5262 4313/6214/5073 4876/6213/5107
f 4314/6215/5262 4876/6213/5107 4403/6216/4802
f 4896/6217/5263 4313/6218/5264 4403/6219/5177
f 4313/6218/5264 4896/6217/5263 4875/6220/5265
f 4896/6217/5263 4403/6219/5177 4308/6221/5087
f 4875/6155/5231 4308/6221/5266 4905/6153/5230
f 4308/6221/5266 4310/6222/5267 4905/6153/5230
f 4308/6221/5266 4309/6223/5063 4310/6222/5267
f 4905/6153/5230 4310/6222/5267 4813/6224/5268
f 4310/6222/5267 4814/6225/5269 4813/6224/5268
f 4063/6159/5232 4065/6160/5233 4159/6158/4962
f 4814/6226/5270 5031/6227/5271 4065/6160/5233
f 4908/6161/5234 4065/6160/5233 4066/6228/4954
f 4066/6228/4954 4065/6160/5233 4064/6229/4960
f 4066/6228/4954 4907/6230/5088 4908/6161/5234
f 4908/6161/5234 4907/6230/5088 4161/6231/5234
f 4907/6230/5088 4815/6232/5272 4067/6233/5117
f 4939/6164/5273 4161/6231/5234 4069/6234/4945
f 4161/6231/5234 4907/6230/5088 4067/6233/5117
f 4161/6231/5234 4067/6233/5117 4069/6234/4945
f 4067/6233/5117 4068/6235/5274 4069/6234/4945
f 4070/6171/5001 4830/6236/5275 4151/6172/5063
f 4070/6171/5001 4939/6237/5097 4830/6236/5275
f 4151/6172/5063 4830/6236/5275 4071/6238/5276
f 4274/6239/5148 4273/6240/5277 4830/6241/5278
f 4071/6174/5238 4072/6242/5279 5024/6173/5112
f 5024/6173/5112 4154/6243/4664 4958/6175/4664
f 4076/6178/4978 4958/6175/4978 4072/6244/4960
f 4076/6178/4978 4075/6245/4960 4829/6246/4664
f 4076/6178/4978 4072/6244/4960 4075/6245/4960
f 4829/6246/4664 4075/6245/4960 4981/6247/5280
f 4829/6246/4664 4981/6247/5280 4828/6180/5033
f 4075/6245/4960 4293/6248/5281 4981/6247/5280
f 4828/6180/5033 4981/6247/5280 4299/6179/5239
f 4981/6247/5280 4293/6248/5281 4298/6249/5282
f 4299/6181/4894 4298/6249/5283 4823/6182/5240
f 4202/6186/5241 4298/6250/5284 4209/6251/5285
f 4202/6186/5241 4200/6187/5242 4201/6184/5135
f 4202/6186/5241 4209/6251/5285 4208/6252/5237
f 4202/6186/5241 4208/6252/5237 4200/6187/5242
f 4200/6253/5242 4219/6254/5004 4994/6255/5286
f 4996/6256/5139 4200/6257/5242 4198/6258/5287
f 4822/6193/4944 5016/6259/5288 4821/6260/5289
f 5016/6259/5288 4198/6261/5290 4997/6262/5291
f 4821/6260/5289 5016/6259/5288 4223/6199/5252
f 4691/6263/5292 4346/6264/5293 4331/6265/5294
f 4329/6266/5295 4331/6265/5294 4332/6267/4980
f 4332/6267/4980 4689/6268/5296 4329/6266/5295
f 4331/6265/5294 4346/6264/5293 4690/6269/4800
f 4331/6265/5294 4690/6269/4800 4332/6267/4980
f 4329/6266/5295 4689/6268/5296 4328/6270/5297
f 4326/6206/4953 4328/6270/5116 4327/6207/4983
f 4332/6267/4980 4333/6271/4800 4689/6268/5296
f 4325/6272/5298 4413/6273/4882 4414/6274/4955
f 4328/6275/4916 4333/6271/4800 4413/6273/4882
f 4333/6271/4800 4416/6276/4887 4413/6273/4882
f 4414/6274/4955 4413/6273/4882 4412/6277/5299
f 4413/6273/4882 4418/6278/5277 4412/6277/5299
f 4412/6277/5299 4418/6278/5277 4415/6279/5300
f 4412/6277/5299 4415/6279/5300 4411/6280/5111
f 4415/6279/5300 4409/6281/5301 4405/6282/5087
f 4411/6280/5111 4415/6279/5300 4405/6282/5087
f 4318/6283/5261 4411/6280/5302 4402/6284/5259
f 4405/6282/5087 4409/6281/5301 4410/6285/5026
f 4405/6282/5087 4410/6285/5026 4406/6286/4882
f 4405/6282/5087 4406/6286/4882 4879/6287/5303
f 4405/6282/5087 4879/6287/5303 4402/6143/5039
f 4406/6286/4882 4407/6288/5304 4879/6287/5303
f 4879/6287/5303 4401/6289/5001 4402/6143/5039
f 4876/6213/5107 4402/6143/5039 4401/6289/5001
f 4401/6289/5001 4879/6287/5303 4442/6290/5305
f 4403/6216/4664 4447/6291/4802 4307/6292/4664
f 4403/6216/4664 4307/6292/4664 4404/6293/4954
f 4308/6221/5266 4307/6292/4664 4309/6223/5063
f 4308/6221/5266 4404/6293/4954 4307/6292/4664
f 4309/6223/5063 4307/6292/4664 5031/6227/5271
f 4307/6292/4664 4906/6294/4664 5031/6227/5271
f 5031/6227/5271 4906/6294/4664 4065/6160/5233
f 4065/6160/5233 4906/6294/4664 4305/6295/4960
f 4065/6160/5233 4305/6295/4960 4064/6229/4960
f 4064/6229/4800 4306/6296/5111 4907/6230/5088
f 4305/6295/5111 4399/6297/5306 4306/6296/5111
f 4306/6296/5111 4399/6297/5306 4269/6298/4939
f 4907/6230/5088 4306/6296/5111 4815/6232/5272
f 4306/6296/5111 4269/6298/4939 4815/6232/5272
f 4815/6232/5272 4270/6299/5307 4067/6233/5117
f 4067/6233/5117 4268/6300/5308 4068/6235/5274
f 4270/6301/5309 4269/6298/5310 4268/6302/5311
f 4269/6298/5310 4267/6303/4961 4268/6302/5311
f 4275/6304/4802 4272/6305/5312 4274/6239/5148
f 4274/6239/5148 4272/6305/5312 4273/6240/5277
f 4268/6306/5313 5026/6307/4945 4272/6305/5312
f 4271/6308/5314 4278/6309/5306 4268/6306/5313
f 4268/6306/5313 4278/6309/5306 5026/6307/4945
f 4272/6305/5312 5026/6307/4945 4273/6240/5277
f 4303/6310/5315 4297/6311/5316 4071/6312/5317
f 4297/6313/5318 4273/6314/4983 4276/6315/5088
f 4071/6312/5317 4297/6311/5316 4073/6316/5319
f 4072/6244/4960 4073/6316/5084 4296/6317/5087
f 4296/6317/5087 4074/6318/5097 4072/6244/4960
f 4072/6244/4960 4074/6318/5097 4075/6245/4960
f 4074/6318/5320 4294/6319/5321 4293/6320/5322
f 4294/6319/5321 4296/6321/5063 4960/6322/5323
f 4294/6319/5321 4960/6322/5323 4295/6323/4978
f 4294/6319/5321 4295/6323/4978 4293/6320/5322
f 5023/6324/5324 4292/6325/5177 4295/6323/4978
f 5023/6324/5324 4295/6323/4978 4290/6326/5063
f 5023/6324/5324 4987/6327/5325 4293/6328/5326
f 4293/6328/5326 4987/6327/5325 4209/6329/5327
f 5023/6324/5324 4290/6326/5063 4987/6327/5325
f 4209/6251/5277 4290/6330/5277 4210/6331/5277
f 4208/6252/5237 4219/6332/5004 4200/6187/5242
f 4208/6252/5237 4218/6333/5328 4219/6332/5004
f 4208/6252/5237 4210/6334/5106 4218/6333/5328
f 4217/6335/5329 4218/6333/5330 4216/6336/5029
f 4217/6335/5329 4216/6336/5029 4198/6337/5331
f 4218/6333/5330 4995/6338/5332 4216/6336/5029
f 4199/6339/5333 4215/6340/5333 4198/6196/5333
f 4216/6336/5029 4995/6338/5332 4215/6341/5334
f 4995/6338/5332 4214/6342/5335 4215/6341/5334
f 4215/6341/5334 4214/6342/5335 4997/6262/5291
f 4997/6262/5291 4214/6342/5335 5016/6259/5288
f 5016/6259/5288 4214/6342/5335 4221/6343/5336
f 5016/6259/5288 4221/6343/5336 4223/6199/5252
f 4223/6199/5252 4221/6343/5336 4222/6344/5337
f 4223/6199/5252 4222/6344/5337 4232/6200/5253
f 4349/6345/5338 4344/6346/5339 5083/6347/5340
f 4691/6263/5292 5083/6348/5341 4346/6264/5293
f 4690/6349/5342 4344/6346/5339 4345/6350/5343
f 4345/6350/5343 4344/6346/5339 4343/6351/5344
f 4333/6271/4800 4332/6267/4980 4416/6276/4887
f 4332/6267/4980 4334/6352/4800 4416/6276/4887
f 4334/6352/4800 5061/6353/5272 4416/6276/4887
f 4416/6276/4887 5061/6353/5272 4335/6354/5345
f 4416/6276/4887 5084/6355/5055 4413/6273/4882
f 4413/6273/4882 5084/6355/5055 4418/6278/5277
f 4416/6276/4887 4417/6356/5040 5084/6355/5055
f 4417/6357/5346 4419/6358/5347 4418/6359/5348
f 4410/6285/5026 4409/6281/5301 4407/6288/5218
f 4409/6281/5301 4408/6360/5349 4407/6288/5218
f 4409/6281/5301 4418/6361/5350 4408/6360/5349
f 4442/6362/5351 4445/6363/5352 4441/6364/5353
f 4441/6365/5186 5035/6366/5000 4401/6367/5354
f 4401/6367/5354 5035/6366/5000 4447/6368/4995
f 4441/6365/5186 4427/6369/4800 5035/6366/5000
f 5035/6366/5000 4427/6369/4800 4396/6370/5111
f 4307/6292/4664 4447/6291/4802 4396/6371/4960
f 4397/6372/4652 4396/6370/5111 4398/6373/5318
f 4396/6370/5111 4393/6374/4954 4398/6373/5318
f 4307/6292/4664 4398/6375/4893 4906/6294/4664
f 4399/6376/5237 4398/6373/5138 5030/6377/4762
f 4399/6376/5237 5030/6377/4762 4400/6378/5355
f 4399/6376/5237 4915/6379/5356 4448/6380/5187
f 4399/6376/5237 4448/6380/5187 4304/6381/5097
f 4269/6298/5310 4304/6382/5357 4267/6303/4961
f 4304/6382/5357 4449/6383/4888 4267/6303/4961
f 4449/6383/4888 4264/6384/4888 4267/6303/4961
f 4301/6385/4664 4280/6386/4884 4267/6303/4961
f 4268/6302/5311 4267/6303/4961 4280/6386/4884
f 5026/6307/4945 4278/6309/5306 4276/6315/5033
f 4276/6315/5088 4952/6387/4664 4277/6388/5358
f 4276/6315/5088 4277/6388/5358 4297/6313/5318
f 4302/6389/5359 4287/6390/5359 4297/6311/5359
f 4277/6388/5358 4952/6387/4664 4287/6391/5360
f 4297/6392/5033 4961/6393/5063 4296/6321/5063
f 4296/6321/5063 4961/6393/5063 4960/6322/5323
f 4961/6394/5361 4287/6395/5362 4957/6396/4904
f 4961/6394/5361 4957/6396/4904 4288/6397/5363
f 4960/6322/5323 4291/6398/5237 4295/6323/4978
f 4291/6398/5237 4959/6399/5364 4295/6323/4978
f 4295/6323/4978 4959/6399/5364 4290/6326/5063
f 4290/6326/5303 4289/6400/5303 4819/6401/5303
f 4210/6331/5365 4819/6401/5366 4211/6402/5367
f 4218/6403/5368 4212/6404/5150 4213/6405/5369
f 4210/6331/5365 4213/6405/5369 4212/6404/5150
f 4218/6403/5368 4213/6405/5369 4229/6406/5370
f 4210/6331/5365 4211/6402/5367 4213/6405/5369
f 4995/6338/5332 4229/6406/5371 4214/6342/5335
f 4220/6407/5372 4214/6342/5373 5009/6408/5374
f 4221/6343/5375 4220/6407/5372 4232/6409/5376
f 5009/6408/5374 4232/6409/5376 4220/6407/5372
f 4691/6410/5377 4350/6411/5378 4349/6345/5338
f 4349/6345/5338 4350/6411/5378 4348/6412/5379
f 4349/6345/5338 4348/6412/5379 4344/6346/5339
f 4348/6412/5379 4347/6413/5380 4344/6346/5339
f 4681/6414/5067 4682/6415/5063 4347/6416/5067
f 4344/6346/5339 4347/6413/5380 4687/6417/5381
f 4682/6415/5063 4681/6414/5067 4679/6418/5117
f 4344/6346/5339 4687/6417/5381 4343/6351/5344
f 4343/6351/5344 4341/6419/5382 5061/6353/5272
f 4343/6351/5344 4687/6417/5381 4341/6419/5382
f 4682/6415/5063 4679/6418/5117 4341/6420/5383
f 5061/6353/5272 4341/6419/5382 5060/6421/5384
f 5061/6353/5272 5060/6421/5384 4335/6354/5345
f 4417/6357/5385 4335/6422/5386 5059/6423/5387
f 4417/6357/5385 5059/6423/5387 4336/6424/5038
f 4418/6359/5348 4419/6358/5347 4443/6425/5388
f 4419/6358/5239 4336/6426/5239 4420/6427/5389
f 4419/6358/5239 4420/6427/5389 4446/6428/4945
f 4408/6360/4912 4443/6429/5390 4442/6362/5351
f 4442/6362/5351 4443/6429/5390 4444/6430/5320
f 4444/6430/5320 4445/6363/5352 4442/6362/5351
f 4441/6364/4882 4444/6431/4960 4422/6432/5069
f 4441/6364/4882 4424/6433/5302 4428/6434/5391
f 4441/6364/4882 4422/6432/5069 4424/6433/5302
f 4427/6435/5322 4424/6436/5392 4426/6437/5393
f 4396/6438/5111 4427/6439/4800 4393/6440/4954
f 4427/6369/4800 4395/6441/4799 4394/6442/5111
f 4427/6369/4800 4392/6443/4661 4393/6374/4954
f 4427/6369/4800 4394/6442/5111 4392/6443/4661
f 4393/6374/4954 4392/6443/4661 4400/6378/5394
f 4400/6378/5355 4915/6379/5356 4399/6376/5237
f 4400/6378/5355 4437/6444/5395 4915/6379/5356
f 4448/6380/5396 4262/6445/5396 4449/6446/5396
f 4437/6444/5395 4450/6447/5397 4915/6379/5356
f 4262/6448/5398 4450/6447/5399 4263/6449/5400
f 4263/6449/5400 4450/6447/5399 4259/6450/4975
f 4262/6448/5398 4264/6384/5131 4265/6451/5401
f 4262/6448/5398 4263/6449/5400 4264/6384/5131
f 4264/6384/5131 4263/6449/5400 4261/6452/4664
f 4267/6303/4961 4264/6384/4888 4816/6453/5111
f 4264/6384/5131 4261/6452/4664 4266/6454/4664
f 4301/6385/4664 4300/6455/4664 4280/6386/4884
f 4280/6386/4884 4300/6455/4664 4278/6456/4664
f 4300/6455/4664 4285/6457/4664 4279/6458/5063
f 4278/6456/4664 4300/6455/4664 4279/6458/5063
f 4276/6459/5402 5025/6460/5216 4287/6461/5403
f 4278/6456/5404 4938/6462/5405 4287/6461/5403
f 4278/6456/5404 4287/6461/5403 5025/6460/5216
f 4956/6463/5349 4249/6464/4872 4248/6465/5406
f 4957/6396/4904 4289/6466/5407 4288/6397/5363
f 4291/6398/5237 4289/6467/5408 4959/6399/5364
f 4957/6396/4904 4248/6468/5303 4236/6469/5039
f 4957/6396/4904 4236/6469/5039 4289/6466/5407
f 4962/6470/4793 4988/6471/4916 4289/6467/5409
f 4962/6470/4793 4963/6472/4888 4988/6471/4916
f 4819/6473/4954 4988/6471/4916 4993/6474/5410
f 4988/6471/4916 4963/6472/4888 4230/6475/4762
f 4988/6471/4916 4230/6475/4762 4993/6474/5410
f 4993/6474/5410 4230/6475/4762 5019/6476/5411
f 4211/6477/5412 5019/6476/5411 4226/6478/5413
f 4993/6474/5410 5019/6476/5411 4211/6477/5412
f 4226/6479/5414 4230/6480/5415 4227/6481/5416
f 4226/6479/5414 4225/6482/5417 4214/6483/5418
f 4226/6479/5414 4227/6481/5416 4225/6482/5417
f 4227/6481/5416 4228/6484/5095 4225/6482/5417
f 4225/6482/5419 4231/6485/5420 4233/6486/5421
f 4225/6482/5419 4224/6487/5422 5009/6408/5374
f 5009/6408/5374 4224/6487/5422 4232/6409/5376
f 4225/6482/5419 4233/6486/5421 4224/6487/5422
f 4348/6488/5423 4353/6489/5424 4681/6490/5425
f 4681/6490/5425 4351/6491/5426 4678/6492/5427
f 4681/6414/5067 4680/6493/5428 4679/6418/5117
f 4680/6493/5428 4678/6494/5311 4679/6418/5117
f 4342/6495/5429 4684/6496/5430 4341/6419/5431
f 4341/6419/5431 4684/6496/5430 4340/6497/5177
f 5059/6423/5387 4337/6498/5432 4336/6424/5038
f 4335/6499/5433 4340/6497/5433 4337/6500/5433
f 5085/6501/5434 4337/6502/5435 5052/6503/4664
f 4336/6426/5239 5052/6503/4664 4420/6427/5389
f 4420/6427/5389 5052/6503/4664 4443/6504/5436
f 5052/6503/4664 4364/6505/5437 5045/6506/5295
f 4443/6504/5436 5052/6503/4664 5045/6506/5295
f 4443/6504/5436 5045/6506/5295 4421/6507/5438
f 4444/6431/4960 4421/6507/5069 4422/6432/5069
f 4426/6437/5393 4424/6436/5392 4425/6508/5037
f 4424/6436/5392 5034/6509/5439 4425/6508/5037
f 4395/6441/4799 4425/6508/5440 4394/6442/5111
f 4425/6508/5440 4895/6510/5441 4394/6442/5111
f 4425/6508/5440 4438/6511/5442 4895/6510/5441
f 4392/6443/5443 4391/6512/5444 4437/6513/5445
f 4895/6510/5441 4437/6513/5445 4391/6512/5444
f 4437/6513/5446 4894/6514/5447 4259/6515/5448
f 4261/6452/5100 4259/6516/5100 4260/6517/5100
f 4285/6457/4664 4281/6518/4954 4279/6458/5063
f 4279/6458/5063 4281/6518/4954 4938/6462/5405
f 4281/6518/4954 4250/6519/4999 4938/6462/5405
f 4287/6461/5403 4938/6462/5405 4250/6519/4999
f 4281/6518/4954 4282/6520/4999 4250/6519/4999
f 4287/6391/5449 4249/6464/4872 4956/6463/5349
f 4250/6521/5087 4251/6522/5039 4252/6523/5087
f 4248/6468/5303 4250/6524/5039 4247/6525/4959
f 4236/6469/5039 4248/6468/5303 4247/6525/4959
f 4247/6526/4959 4953/6527/5450 4236/6528/5039
f 4236/6529/5451 4955/6530/5452 4547/6531/4977
f 4230/6475/4762 4963/6472/4888 4975/6532/4957
f 4236/6533/5232 4975/6532/4957 4963/6472/4888
f 4975/6532/4957 4237/6534/5039 4230/6475/4762
f 4237/6534/5039 4234/6535/5453 4230/6475/4762
f 4820/6536/4976 4234/6537/5454 5020/6538/5455
f 4230/6539/4773 5020/6538/5455 4228/6484/5456
f 4228/6484/5456 5020/6538/5455 4233/6540/5457
f 4233/6540/5457 5020/6538/5455 4234/6537/5454
f 4233/6540/5458 4522/6541/5459 4232/6542/5460
f 4232/6542/5460 4522/6541/5459 4526/6543/5461
f 4353/6544/5462 4355/6545/5463 4354/6546/5464
f 4353/6489/5424 4686/6547/5465 4681/6490/5425
f 4681/6490/5425 4686/6547/5465 4351/6491/5426
f 4686/6547/5465 4352/6548/5466 4351/6491/5426
f 4351/6491/5426 4352/6548/5466 4685/6549/5467
f 4352/6548/5466 5072/6550/5468 4685/6549/5467
f 4685/6549/5467 5072/6550/5468 5082/6551/5469
f 4679/6418/5117 4678/6494/5311 4684/6496/5470
f 4678/6494/5311 5082/6551/5469 4677/6552/5471
f 4678/6494/5311 4677/6552/5471 4684/6496/5470
f 5082/6551/5469 5072/6550/5468 4338/6553/5472
f 5082/6551/5469 4338/6553/5472 4677/6552/5471
f 4684/6496/5430 5058/6554/4945 4340/6497/5177
f 4684/6496/5430 5068/6555/4897 5058/6554/4945
f 5068/6555/4897 4688/6556/5237 5058/6554/4945
f 4684/6496/5430 4338/6557/4775 5068/6555/4897
f 4688/6556/5237 4338/6557/5153 4339/6558/5116
f 4688/6556/5237 4339/6558/5116 5058/6554/4945
f 4339/6558/5116 4362/6559/5473 5058/6554/4945
f 5058/6554/4945 4362/6559/5473 4337/6498/5474
f 4337/6502/5435 4364/6505/5437 5052/6503/4664
f 4364/6505/5437 4365/6560/4773 5045/6506/5295
f 4421/6561/5405 4365/6560/5405 4882/6562/5475
f 4421/6507/5069 4423/6563/5476 4422/6432/5069
f 4365/6560/5405 4611/6564/5063 4882/6562/5475
f 4882/6562/5475 4611/6564/5063 4366/6565/5477
f 4611/6564/5063 4367/6566/5431 4366/6565/5477
f 4882/6562/5475 4366/6565/5477 4423/6567/5478
f 4366/6565/5477 4367/6566/5431 4424/6568/5479
f 4424/6436/5392 4429/6569/5480 4440/6570/5481
f 4424/6436/5392 4430/6571/5482 5034/6509/5439
f 4424/6436/5392 4440/6570/5481 4430/6571/5482
f 5034/6509/5439 4430/6571/5482 4438/6511/5483
f 4438/6511/5442 5033/6572/5484 4895/6510/5441
f 4895/6510/5441 5033/6572/5484 4435/6573/5485
f 4895/6510/5441 4435/6573/5485 4437/6513/5445
f 4894/6514/5447 4435/6574/5486 4916/6575/5487
f 4894/6514/5447 4916/6575/5487 4259/6515/5448
f 4435/6574/5486 4390/6576/5488 4916/6575/5487
f 4916/6575/5487 4390/6576/5488 4917/6577/5489
f 4286/6578/5112 4259/6516/5490 4258/6579/5491
f 4259/6516/5490 4917/6580/5492 4258/6579/5491
f 4286/6578/5112 4258/6579/5491 4283/6581/5067
f 4286/6578/5112 4283/6581/5067 4285/6457/4664
f 4258/6579/5300 4257/6582/5493 4256/6583/5493
f 4285/6457/4664 4283/6581/5067 4281/6518/4954
f 4281/6518/4954 4283/6581/5067 4284/6584/5494
f 4254/6585/4919 4282/6520/4999 4281/6518/4954
f 4251/6522/5039 4253/6586/4664 4252/6523/5087
f 4251/6522/5039 4254/6587/4799 4253/6586/4664
f 4254/6587/4799 4255/6588/4877 4253/6586/4664
f 4253/6589/4800 4558/6590/5480 4246/6591/5088
f 4246/6591/5088 4558/6590/5480 4245/6592/5495
f 4247/6526/4959 4253/6593/4954 4953/6527/5450
f 4253/6589/4800 4246/6591/5088 4239/6594/4999
f 4236/6595/5219 4253/6589/4800 4239/6594/4999
f 4246/6591/5088 4818/6596/4976 4239/6594/4999
f 4955/6530/5452 4239/6597/4986 4238/6598/5496
f 4955/6530/5452 4238/6598/5496 4547/6531/4977
f 4236/6533/5232 4964/6599/5177 4975/6532/4957
f 4975/6532/4957 4964/6599/5177 4547/6600/4955
f 4975/6532/4957 4547/6600/4955 4973/6601/4912
f 4973/6601/4912 4547/6600/4955 4234/6537/4961
f 4992/6602/5497 4522/6541/5459 4233/6540/5458
f 4354/6546/5464 4355/6545/5463 4352/6548/5498
f 4355/6545/5463 5073/6603/5499 4352/6548/5498
f 4352/6604/5500 4683/6605/5501 4338/6606/5502
f 4676/6607/5503 4675/6608/5504 4338/6553/4652
f 4338/6553/4652 4675/6608/5504 5067/6609/4793
f 5067/6609/4793 4675/6608/5504 5057/6610/4962
f 5067/6609/4793 5057/6610/4962 4363/6611/4664
f 4363/6611/4664 5057/6610/4962 4362/6612/5079
f 4362/6613/5505 4361/6614/5505 4364/6615/5505
f 4881/6616/5506 4880/6617/5506 4365/6618/5506
f 4623/6619/5111 4608/6620/5111 4611/6621/5111
f 4367/6566/5087 4884/6622/4664 4429/6569/4954
f 4884/6622/4664 4612/6623/4978 4368/6624/4976
f 4429/6569/4954 4884/6622/4664 4432/6625/4954
f 4884/6622/4664 4368/6624/4976 4432/6625/4954
f 4429/6569/5480 4431/6626/4888 4440/6570/5481
f 4440/6570/5481 5033/6572/5484 4438/6511/5442
f 4440/6570/5481 4432/6627/4888 5033/6572/5484
f 4440/6570/5481 4431/6626/4888 4432/6627/4888
f 4436/6628/4888 5033/6572/5484 4432/6627/4888
f 4436/6629/5507 4434/6630/5507 4390/6631/5507
f 4434/6632/5508 4373/6633/5033 4374/6634/5509
f 4434/6630/5510 4439/6635/5511 4917/6636/5512
f 4917/6636/5512 4439/6635/5511 4451/6637/5513
f 4917/6577/5514 4893/6638/5515 4389/6639/5516
f 4389/6639/5516 4893/6638/5515 4258/6640/4762
f 4893/6638/5515 4892/6641/4951 4388/6642/4954
f 4893/6638/5515 4388/6642/4954 4258/6640/4762
f 4258/6640/4762 4388/6642/4954 4562/6643/5047
f 4257/6582/5493 4284/6644/5047 4256/6583/5493
f 4284/6645/5517 4562/6643/5047 4452/6646/4978
f 4562/6643/5047 4388/6642/4954 4452/6646/4978
f 4284/6647/5405 4817/6648/5518 4255/6588/4877
f 4254/6587/4799 4284/6647/5405 4255/6588/4877
f 4255/6588/4877 4817/6648/5518 4458/6649/5061
f 4817/6648/4960 4561/6650/4664 4560/6651/5303
f 4560/6651/5303 4559/6652/5519 4458/6653/5520
f 4245/6592/5521 4458/6654/5047 4935/6655/5237
f 4245/6592/5521 4935/6655/5237 4818/6656/5522
f 4818/6656/5522 4935/6655/5237 4244/6657/5523
f 4935/6655/5237 4243/6658/5524 4244/6657/5523
f 4238/6598/5496 4239/6597/4986 4240/6659/5391
f 4239/6597/4986 4954/6660/5525 4240/6659/5391
f 4547/6600/5526 4240/6659/5527 4965/6661/5528
f 4954/6660/5525 4241/6662/4983 4240/6659/5391
f 4965/6661/5528 4235/6663/4918 4547/6600/5526
f 4965/6661/5528 4240/6659/5527 4520/6664/5529
f 4235/6665/4944 4520/6666/4986 4519/6667/4978
f 4547/6668/4955 4974/6669/5036 4234/6670/4961
f 4234/6671/5111 4521/6672/4664 4991/6673/5530
f 4521/6672/4664 4519/6667/4978 4991/6673/5530
f 4234/6671/5111 4991/6673/5530 4992/6674/5531
f 4992/6674/5531 4991/6673/5530 4523/6675/5532
f 4522/6541/5459 4523/6676/5533 4526/6543/5461
f 4355/6545/5463 4356/6677/5534 5073/6603/5499
f 4356/6677/5534 4358/6678/5535 5073/6603/5499
f 4352/6604/5500 4358/6679/5536 4683/6605/5501
f 4358/6678/5537 4359/6680/5538 4360/6681/5539
f 4683/6682/5237 5057/6610/4962 4675/6608/5504
f 4683/6682/5237 4360/6681/5539 4636/6683/5540
f 4683/6682/5237 4636/6683/5540 5057/6610/4962
f 5057/6610/4962 4636/6683/5540 4634/6684/5541
f 5057/6610/4962 4634/6684/5541 4361/6685/5542
f 4361/6685/5542 4634/6684/5541 5056/6686/5543
f 4361/6685/5542 5056/6686/5543 4623/6619/5544
f 4632/6687/4960 4631/6688/4802 4630/6689/4802
f 4623/6690/4978 4624/6691/5545 4609/6692/4888
f 5056/6693/5546 4610/6694/5547 4624/6691/5545
f 4624/6691/5545 4610/6694/5547 4609/6692/4888
f 4610/6694/5547 4608/6695/4956 4609/6692/4888
f 5047/6696/4916 4607/6697/4664 4611/6698/4802
f 4611/6699/4802 4607/6700/4664 4612/6701/4802
f 4607/6700/4664 5046/6702/5237 4612/6701/4802
f 4612/6701/4802 5046/6702/5237 4613/6703/5186
f 5046/6702/5237 4614/6704/5548 4613/6703/5186
f 4368/6624/4976 4369/6705/4916 4432/6625/4954
f 4368/6624/4976 4614/6706/5084 4369/6705/4916
f 4369/6705/4916 4614/6706/5084 4370/6707/5188
f 4371/6708/4767 4433/6709/5067 4369/6705/5088
f 4371/6708/4767 4369/6705/5088 4372/6710/5549
f 4432/6711/5550 4371/6708/5550 4434/6712/5550
f 4371/6708/4767 4372/6710/5549 4373/6633/4881
f 4373/6633/4881 4372/6710/5549 4376/6713/4881
f 4373/6633/5033 4451/6714/5116 4374/6634/5509
f 4891/6715/5551 4892/6716/4951 4893/6717/5515
f 4892/6641/4951 4890/6718/4986 4918/6719/5067
f 4892/6641/4951 4918/6719/5067 4388/6642/4954
f 4452/6646/4978 4388/6642/4954 4923/6720/5100
f 4452/6646/4978 4923/6720/5100 4453/6721/4661
f 4469/6722/4954 4467/6723/4954 4923/6720/5100
f 4469/6722/4954 4918/6724/4793 4467/6723/4954
f 4453/6721/4661 4923/6720/5100 4454/6725/4664
f 4923/6720/5100 4467/6723/4954 4454/6725/4664
f 4453/6721/5055 4561/6726/5055 4284/6644/5055
f 4560/6651/5303 4561/6650/4664 4559/6652/5519
f 4561/6650/4762 4454/6727/4800 4455/6728/4999
f 4454/6727/4800 4924/6729/5552 4455/6728/4999
f 4455/6728/4999 4456/6730/5237 4458/6654/5047
f 4458/6654/5047 4456/6730/5237 4935/6655/5237
f 4954/6660/5525 4244/6657/5523 4242/6731/5553
f 4244/6657/5523 4243/6658/5524 4242/6731/5553
f 4954/6660/5525 4242/6731/5553 4241/6662/4983
f 4505/6732/5554 4504/6733/5555 4242/6731/5556
f 4505/6732/5554 4936/6734/5557 4504/6733/5555
f 4242/6731/5553 4967/6735/4916 4241/6662/4983
f 4241/6662/4983 4967/6735/4916 4520/6736/5558
f 4520/6666/4986 4966/6737/5559 4519/6667/4978
f 4519/6667/4978 4966/6737/5559 4518/6738/5560
f 4518/6738/5560 4966/6737/5559 4529/6739/5561
f 4519/6667/4978 4518/6738/5560 4991/6673/5530
f 4991/6673/5530 4518/6738/5560 4548/6740/5097
f 4989/6741/5562 4529/6742/5563 4990/6743/5237
f 4989/6741/5562 4990/6743/5237 4518/6738/5564
f 4546/6744/5565 4548/6740/5566 4990/6743/5237
f 4990/6743/5237 4529/6742/5563 4525/6745/5567
f 4523/6676/5568 4546/6744/5565 4524/6746/5569
f 4546/6744/5565 4990/6743/5237 4524/6746/5569
f 4990/6743/5237 4525/6745/5567 4524/6746/5569
f 4524/6746/5569 5021/6747/5570 4526/6748/5571
f 4524/6746/5569 4525/6745/5567 5021/6747/5570
f 4355/6545/5463 4357/6749/5572 4356/6677/5534
f 4357/6750/5573 4643/6751/5574 4642/6752/5575
f 4358/6753/5576 4644/6754/5577 4645/6755/5578
f 4645/6755/5578 4644/6754/5577 4357/6756/5579
f 4637/6757/4763 4645/6755/5580 5075/6758/5139
f 4637/6757/4763 5075/6758/5139 4636/6759/5581
f 4360/6681/5539 4359/6680/5538 4636/6683/5540
f 4636/6759/5581 5075/6758/5139 4635/6760/5582
f 4635/6760/5583 4590/6761/5584 4633/6762/4800
f 4633/6762/4800 4629/6763/4762 4634/6764/5097
f 4633/6762/4800 4590/6761/5584 4629/6763/4762
f 4631/6688/4802 4626/6765/4978 4625/6766/4802
f 4631/6688/4802 4625/6766/4802 4630/6689/4802
f 4625/6766/4802 4606/6767/4664 4608/6768/4954
f 4606/6767/5555 4605/6769/5239 4607/6770/5001
f 4607/6700/5585 4664/6771/5585 4603/6772/5585
f 5046/6773/4876 4603/6774/4956 4604/6775/5321
f 4614/6704/5272 4604/6775/5321 5036/6776/5272
f 4614/6704/5272 5036/6776/5272 4886/6777/4888
f 4604/6775/5321 4618/6778/5187 5036/6776/5272
f 5036/6776/5272 4617/6779/4916 4886/6777/4888
f 4370/6780/4802 4886/6777/4888 4616/6781/4978
f 4616/6781/4978 4886/6777/4888 4615/6782/5111
f 4369/6783/4978 4616/6781/4978 4615/6782/5111
f 4886/6777/4888 4622/6784/4957 4615/6782/5111
f 4376/6785/5586 4615/6782/5111 4622/6784/4957
f 4373/6786/5033 4889/6787/5246 4451/6788/5116
f 4376/6789/4799 4377/6790/4799 4889/6791/5584
f 4451/6714/5116 4889/6791/5246 4375/6792/5587
f 4451/6714/5116 4375/6792/5587 4890/6718/4986
f 4890/6718/4986 4375/6792/5587 4385/6793/5088
f 4385/6793/5088 4918/6719/5067 4890/6718/4986
f 4918/6719/5506 4387/6794/5506 4921/6795/5506
f 4918/6724/4793 4468/6796/5588 4467/6723/4954
f 4468/6796/5275 4921/6797/4664 4466/6798/4802
f 4466/6798/4802 4921/6797/4664 4463/6799/5063
f 4466/6798/4802 4463/6799/5063 4464/6800/5130
f 4464/6800/5130 4465/6801/5098 4454/6802/5589
f 4464/6800/5130 4463/6799/5063 4465/6801/5098
f 4455/6728/4999 4924/6729/5552 4459/6803/4952
f 4455/6728/4999 4457/6804/5590 4456/6730/5237
f 4455/6728/4999 4459/6803/4952 4457/6804/5590
f 4459/6803/5508 4460/6805/5508 4509/6806/5508
f 4549/6807/5591 4457/6808/5592 4505/6732/5554
f 4505/6732/5554 4457/6808/5592 4508/6809/5593
f 4457/6808/5592 4509/6810/5594 4508/6809/5593
f 4509/6810/5594 4510/6811/5595 4508/6809/5593
f 4505/6732/5554 4507/6812/5596 4936/6734/5557
f 4508/6809/5593 4507/6812/5596 4505/6732/5554
f 4508/6809/5593 4506/6813/4661 4507/6812/5596
f 4936/6734/5557 4506/6814/5220 4504/6733/5555
f 4506/6815/5597 4511/6816/5597 4513/6817/5597
f 4504/6818/4962 4503/6819/5558 4520/6736/4945
f 4520/6736/4945 4503/6819/5558 4529/6820/5598
f 4529/6821/5599 4530/6822/5600 4972/6823/5601
f 4529/6821/5599 4972/6823/5601 4527/6824/5602
f 4529/6821/5599 4527/6824/5602 4528/6825/5603
f 4525/6745/5567 4527/6826/5604 5021/6747/5570
f 4527/6824/5605 4533/6827/5606 4526/6748/5607
f 4527/6824/5605 4534/6828/5608 4533/6827/5606
f 4355/6829/5609 4642/6752/5575 4643/6751/5574
f 4355/6829/5609 4651/6830/5610 4642/6752/5575
f 4642/6752/5575 4661/6831/5611 4357/6750/5573
f 4642/6752/5575 4640/6832/5612 4661/6831/5611
f 4638/6833/5613 4357/6756/5614 5078/6834/5615
f 4357/6756/5614 4640/6832/5612 5078/6834/5615
f 4645/6755/5580 4638/6835/4960 5075/6758/5139
f 4638/6835/4960 4663/6836/5106 5075/6758/5139
f 4639/6837/4896 4589/6838/4896 4635/6839/4896
f 4626/6765/4978 4629/6763/4762 4625/6766/4802
f 4629/6763/4762 4590/6761/5584 4627/6840/4762
f 4629/6763/4762 4627/6840/4762 4625/6766/4802
f 4625/6766/4802 4627/6840/4762 5069/6841/5616
f 4625/6766/4802 5069/6841/5616 4606/6767/4664
f 4627/6840/5617 5055/6842/5618 4606/6767/5555
f 4605/6769/5239 4606/6767/5555 4595/6843/5619
f 4606/6767/5555 5055/6842/5618 4595/6843/5619
f 4605/6769/5239 4595/6843/5619 4603/6774/4956
f 4603/6774/4956 4595/6843/5619 5053/6844/4661
f 5053/6844/4661 4602/6845/5064 4603/6774/4956
f 4603/6774/4956 4602/6845/5064 4601/6846/4664
f 4603/6774/4956 4601/6846/4664 4604/6775/5321
f 5053/6844/4661 4598/6847/5620 4602/6845/5064
f 4602/6845/5064 4599/6848/5621 4600/6849/5517
f 4602/6845/5064 4600/6849/5517 4601/6846/4664
f 4604/6775/5321 4601/6846/4664 4618/6778/5187
f 4618/6778/4664 4619/6850/5622 4617/6851/5623
f 4618/6778/4664 5037/6852/4800 4619/6850/5622
f 5037/6852/4800 4600/6853/5624 4619/6850/5622
f 4886/6777/4888 4617/6779/4916 4885/6854/5111
f 4886/6777/4888 4885/6854/5111 4622/6784/4957
f 4622/6784/4957 4885/6854/5111 4565/6855/5067
f 4376/6789/4799 4565/6856/4800 4377/6790/4799
f 4617/6779/4893 4887/6857/5625 4565/6856/5626
f 4565/6858/4799 4563/6859/4983 4384/6860/4664
f 4889/6861/5067 4565/6858/4799 4384/6860/4664
f 4889/6861/5067 4384/6860/4664 4385/6862/4944
f 4564/6863/5627 4889/6861/5067 4385/6862/4944
f 4385/6862/4944 4384/6860/4664 4382/6864/5628
f 4385/6862/4961 4386/6865/4961 4483/6866/4961
f 4483/6867/5629 4922/6868/5001 4921/6797/4664
f 4483/6867/5629 4484/6869/5630 4922/6868/5001
f 4921/6797/4664 4922/6868/5001 4925/6870/4762
f 4922/6868/5001 4471/6871/5631 4925/6870/4762
f 4921/6797/4664 4925/6870/4762 4463/6799/5063
f 4463/6799/5063 4925/6870/4762 4462/6872/5232
f 4461/6873/5632 4463/6799/5063 4462/6872/5232
f 4462/6872/5232 4470/6874/5633 4461/6873/5632
f 4461/6873/5632 4470/6874/5633 4928/6875/5634
f 4461/6873/5632 4928/6875/5634 4459/6876/5136
f 4928/6875/5634 4550/6877/5635 4459/6876/5136
f 4928/6875/5634 4931/6878/5636 4550/6877/5635
f 4550/6877/5635 4514/6879/5637 4460/6880/5638
f 4510/6811/5595 4514/6881/5639 4508/6809/5593
f 4511/6816/5640 4508/6809/5593 4512/6882/5641
f 4508/6809/5593 4514/6881/5639 4512/6882/5641
f 4512/6882/5641 4493/6883/5642 4511/6816/5640
f 4503/6884/5643 4502/6885/5644 4501/6886/5617
f 4503/6884/5643 4511/6887/5645 4502/6885/5644
f 4529/6742/5646 4551/6888/5647 4970/6889/5648
f 4551/6890/5088 4501/6886/5067 4498/6891/4664
f 4501/6886/5067 4494/6892/4978 4498/6891/4664
f 4970/6889/5648 4551/6888/5647 4531/6893/5056
f 4970/6889/5648 4531/6893/5056 4530/6822/5600
f 4972/6823/5601 4530/6822/5600 4532/6894/5649
f 4531/6893/5056 4532/6894/5649 4530/6822/5600
f 4531/6893/5056 4497/6895/5549 4532/6894/5649
f 4532/6894/5649 4497/6895/5549 4971/6896/5650
f 4532/6894/5649 4971/6896/5650 4533/6897/5651
f 4651/6830/5610 5080/6898/5652 4642/6752/5575
f 4642/6752/5575 4641/6899/5653 4640/6832/5612
f 4641/6899/5653 5080/6898/5652 4640/6832/5612
f 4640/6832/5612 5080/6898/5652 4647/6900/5654
f 4640/6832/5612 4647/6900/5654 5078/6834/5615
f 5080/6898/5652 4651/6830/5610 4647/6900/5654
f 5078/6834/5615 4647/6900/5654 4639/6901/5655
f 5078/6834/5615 4639/6901/5655 4663/6836/5106
f 5075/6758/5139 4663/6836/5106 4639/6901/5655
f 4659/6902/5656 5077/6903/5657 4639/6904/5658
f 4659/6902/5656 4658/6905/5659 5077/6903/5657
f 4639/6904/5658 5077/6903/5657 4662/6906/5660
f 4662/6906/5660 5077/6903/5657 4588/6907/5661
f 4589/6838/5662 4662/6906/5660 4588/6907/5661
f 4590/6761/5663 4589/6838/5662 4588/6907/5661
f 4588/6907/5664 4587/6908/5664 5081/6909/5664
f 4590/6761/5663 4588/6907/5661 4591/6910/5665
f 4627/6911/5666 4591/6912/5666 4628/6913/5666
f 4591/6910/5667 5081/6914/5668 4667/6915/5669
f 4591/6910/5667 4667/6915/5669 4592/6916/5670
f 4592/6916/5670 4667/6915/5669 4593/6917/5671
f 4627/6918/5549 4592/6916/5670 4595/6919/5672
f 4595/6919/5672 4592/6916/5670 4594/6920/5014
f 4592/6916/5670 4593/6917/5671 4594/6920/5014
f 4594/6920/5014 4593/6917/5671 4665/6921/4943
f 4597/6922/5242 4579/6923/5673 4578/6924/5674
f 4597/6922/5675 4596/6925/5676 4598/6847/5056
f 4596/6925/5676 4599/6848/5677 4598/6847/5056
f 4578/6924/5674 4577/6926/5678 4599/6927/5679
f 4600/6853/5624 4577/6928/5680 4620/6929/5681
f 4600/6853/5624 4620/6929/5681 4619/6850/5622
f 4671/6930/5682 4567/6931/5682 4620/6929/5682
f 4619/6850/5622 4621/6932/5683 4617/6851/5623
f 4565/6856/5626 4887/6857/5625 4378/6933/5684
f 4887/6857/5625 4621/6934/5685 4378/6933/5684
f 4563/6859/5686 4378/6935/5686 4383/6936/5686
f 4383/6937/5687 4621/6938/5688 5032/6939/5689
f 4384/6860/4664 4383/6937/5687 4382/6864/5628
f 4382/6864/5628 4383/6937/5687 4381/6940/5690
f 4381/6940/5690 4919/6941/5691 4382/6864/5628
f 4382/6864/5628 4919/6941/5691 4386/6942/4893
f 4383/6937/5687 5032/6939/5689 4381/6940/5690
f 4919/6941/5691 4381/6940/5690 4483/6867/5692
f 4483/6867/5629 4471/6871/5693 4484/6869/5630
f 4483/6867/5629 4482/6943/5694 4471/6871/5693
f 4925/6870/4762 4471/6871/5631 4556/6944/5695
f 4556/6944/5695 4471/6871/5631 4926/6945/5696
f 4926/6945/5696 4470/6946/5618 4556/6944/5695
f 4471/6947/5697 4478/6948/5586 4470/6946/5616
f 4931/6878/4952 4470/6946/5616 4929/6949/5698
f 4550/6877/5635 4931/6878/5636 4514/6879/5637
f 4931/6878/4952 4929/6949/5698 4515/6950/5699
f 4491/6951/5700 4492/6952/4957 4493/6953/4888
f 4516/6954/5701 4491/6951/5700 4514/6955/5702
f 4491/6951/5700 4489/6956/5185 4492/6952/4957
f 4493/6953/4888 4492/6952/4957 4934/6957/5703
f 4934/6957/5703 4554/6958/4877 4553/6959/4986
f 4493/6953/4888 4934/6957/5703 4502/6960/5111
f 4934/6957/5703 4494/6892/5063 4502/6960/5111
f 4934/6957/5703 4553/6959/4986 4552/6961/5704
f 4934/6957/5703 4552/6961/5704 4495/6962/5705
f 4494/6892/4978 4500/6963/5323 4498/6891/4664
f 4500/6963/5323 4499/6964/4664 4498/6891/4664
f 4494/6892/5063 4934/6957/5703 4499/6964/4664
f 4934/6957/5703 4937/6965/5706 4499/6964/4664
f 4934/6957/5703 4495/6962/5705 4937/6965/5706
f 4499/6964/4664 4937/6965/5706 4496/6966/5707
f 4499/6964/4664 4497/6967/4800 4498/6891/4664
f 4499/6964/4664 4496/6966/5707 4497/6967/4800
f 4542/6968/5708 4541/6969/5709 4971/6970/5710
f 4971/6896/5650 4536/6971/5711 4533/6897/5651
f 4545/6972/5712 4533/6973/5713 4543/6974/5714
f 4651/6830/5610 4646/6975/5715 4647/6900/5654
f 4646/6975/5715 4648/6976/5716 4647/6900/5654
f 4648/6976/5717 4651/6977/5718 4650/6978/5719
f 4648/6976/5717 4649/6979/5720 4659/6980/5721
f 4650/6978/5719 4649/6979/5720 4648/6976/5717
f 4649/6979/5720 4650/6978/5719 4655/6981/5722
f 4658/6982/5723 4655/6983/5724 4588/6984/5724
f 4588/6985/5725 5076/6986/5726 4654/6987/5727
f 4588/6985/5725 4654/6987/5727 4586/6988/5728
f 5071/6989/5729 4586/6990/5730 4667/6991/5731
f 4586/6988/5728 4654/6987/5727 4585/6992/5732
f 4586/6988/5728 4585/6992/5732 4584/6993/5733
f 5081/6914/5668 4668/6994/5734 4667/6915/5669
f 4586/6995/5730 5074/6996/5735 4667/6997/5731
f 4667/6998/5736 4669/6999/5737 4580/7000/5738
f 4667/6998/5736 4580/7000/5738 4666/7001/5739
f 4593/6917/5671 4666/7001/5739 4665/6921/4943
f 4666/7001/5739 4580/7000/5738 4665/6921/4943
f 4581/7002/5740 4579/6923/5673 4597/6922/5242
f 4580/7000/5738 5054/7003/5741 4579/6923/5673
f 4580/7000/5738 4669/6999/5737 4575/7004/5742
f 5054/7003/5741 4580/7000/5738 4575/7004/5742
f 4578/6924/5674 4579/6923/5673 4577/6926/5678
f 4577/6926/5678 4579/6923/5673 5054/7003/5741
f 4575/7004/5743 4572/7005/5744 4577/7006/5745
f 4577/6926/5746 4576/7007/5746 4671/6930/5746
f 4883/7008/5747 4576/7007/5525 4571/7009/5748
f 4572/7005/5744 4571/7009/5748 4576/7007/5525
f 4571/7009/5748 4570/7010/5749 4883/7008/5747
f 4883/7008/5747 4568/7011/5750 4567/6931/5751
f 4883/7008/5747 4672/7012/5752 4568/7011/5750
f 4621/7013/5753 4567/7014/5754 5087/7015/5755
f 4672/7016/5756 5087/7015/5755 4567/7014/5754
f 4621/7013/5753 4379/7017/5757 4380/7018/5758
f 4621/7013/5753 5087/7015/5755 4379/7017/5757
f 5032/6939/5689 4380/7018/5759 4381/6940/5690
f 4380/7018/5758 4379/7017/5757 4888/7019/5760
f 4888/7019/5760 4379/7017/5757 4381/7020/5761
f 4920/7021/5762 4381/7022/5763 4482/7023/5762
f 4381/7024/5764 4480/7025/5765 4481/7026/5766
f 4482/6943/5694 4485/7027/5767 4471/6871/5693
f 4482/6943/5694 4566/7028/5768 4485/7027/5767
f 4481/7026/5766 4480/7025/5765 4485/7027/5767
f 4480/7025/5765 4479/7029/5769 4485/7027/5767
f 4479/7029/5769 4477/7030/5770 4485/7027/5767
f 4471/6871/5693 4485/7027/5767 4477/7030/5770
f 4470/6946/5616 4478/6948/5586 4929/6949/5698
f 4477/7030/5770 4479/7029/5769 4476/7031/5771
f 4476/7031/5771 4475/7032/5772 4477/7030/5770
f 4478/6948/5586 4927/7033/5773 4929/6949/5698
f 4477/7030/5770 4475/7032/5772 4927/7033/5773
f 4929/6949/5698 4555/7034/5774 4557/7035/5775
f 4929/6949/5698 4927/7033/5773 4555/7034/5774
f 4557/7035/5776 4930/7036/4956 4515/6950/5348
f 4515/6950/5348 4930/7036/4956 4932/7037/5237
f 4515/7038/5777 4517/7039/5778 4516/6954/5701
f 4930/7036/4956 4474/7040/5779 4472/7041/5780
f 4930/7036/4956 4472/7041/5780 4932/7037/5237
f 4517/7042/4897 4932/7037/5237 4472/7041/5780
f 4516/6954/5701 4517/7039/5778 4489/6956/5185
f 4472/7043/5781 4486/7044/5782 4487/7045/5783
f 4516/6954/5701 4489/6956/5185 4491/6951/5700
f 4490/7046/5055 4489/6956/5185 4933/7047/5784
f 4489/6956/5185 4487/7045/5783 4933/7047/5784
f 4487/7045/5783 4486/7044/5782 4933/7047/5784
f 4489/6956/5185 4490/7046/5055 4492/6952/4957
f 4492/6952/4957 4490/7046/5055 4552/6961/5704
f 4492/6952/4957 4552/6961/5704 4553/6959/4986
f 4933/7047/5784 4488/7048/5785 4552/7049/5786
f 4933/7047/5784 4486/7044/5782 4488/7048/5785
f 4937/6965/5706 4488/7050/5787 4968/7051/5788
f 4488/7050/5787 4538/7052/5789 4968/7051/5788
f 4496/6966/5707 4937/6965/5706 4541/7053/5790
f 4937/6965/5706 4968/7051/5788 4541/7053/5790
f 4538/7054/5791 4969/7055/5792 4541/6969/5793
f 4969/7055/5792 4538/7054/5791 4537/7056/5794
f 4541/7057/5795 4537/7056/5796 4535/7058/5797
f 4535/7058/5797 4537/7056/5796 4536/7059/5798
f 4651/6977/5718 5079/7060/5799 4650/6978/5719
f 5079/7060/5799 4651/6977/5718 4652/7061/5800
f 4651/6977/5718 4657/7062/5801 4652/7061/5800
f 4652/7061/5800 4657/7062/5801 4660/7063/5802
f 4655/6983/5803 4660/7063/5804 4656/7064/5805
f 4660/7063/5802 4657/7062/5801 4653/7065/5806
f 4656/7064/5805 4653/7065/5806 4654/6987/5727
f 4653/7065/5806 4657/7062/5801 4654/6987/5727
f 4655/6983/5803 4656/7064/5805 5076/6986/5726
f 4656/7064/5805 4654/6987/5727 5076/6986/5726
f 4585/6992/5732 5074/6996/5735 4584/6993/5733
f 4585/6992/5732 4657/7066/5807 5074/6996/5735
f 4657/7066/5807 4583/7067/5808 5074/6996/5735
f 5074/6996/5735 4583/7067/5808 4582/7068/5809
f 5074/6996/5735 4582/7068/5809 5070/7069/5810
f 5074/6996/5735 5070/7069/5810 4667/6997/5731
f 5070/7069/5810 4582/7068/5809 4574/7070/5811
f 4667/6998/5736 4574/7070/5812 4669/6999/5737
f 4575/7004/5743 4574/7071/5813 4572/7005/5744
f 4572/7005/5744 4574/7071/5813 4571/7009/5748
f 4571/7009/5748 4574/7071/5813 4573/7072/5814
f 4883/7008/5747 4570/7010/5749 4569/7073/5815
f 4883/7008/5747 4569/7073/5815 4672/7012/5752
f 4573/7072/5814 4574/7071/5813 4670/7074/5816
f 4670/7074/5816 4574/7071/5813 4673/7075/5817
f 4672/7012/5752 4569/7073/5815 4674/7076/5818
f 4475/7032/5772 4555/7034/5774 4927/7033/5773
f 4472/7041/5780 4474/7040/5779 4473/7077/5819
f 4474/7040/5779 4555/7078/5820 4473/7077/5819
f 4488/7050/5787 4540/7079/5821 4538/7052/5789
f 4537/7080/5822 4539/7081/5823 4543/7082/5824
f 4543/7082/5824 4539/7081/5823 4544/7083/5825
f 5088/7084/5826 5090/7085/5827 5089/7086/5828
f 5091/7087/5829 5137/7088/5830 5092/7089/5831
f 5097/7090/5832 5096/7091/5833 5098/7092/5834
f 5094/7093/5835 5095/7094/5836 5093/7095/5837
f 5101/7096/5838 5100/7097/5839 5099/7098/5840
f 5111/7099/5841 5110/7100/5842 5112/7101/5843
f 5112/7101/5843 5110/7100/5842 5113/7102/5844
f 5108/7103/5845 5103/7104/5846 5109/7105/5847
f 5110/7100/5842 5108/7103/5848 5104/7106/5849
f 5110/7100/5842 5104/7106/5849 5113/7102/5844
f 5103/7104/5846 5104/7106/5850 5109/7105/5847
f 5103/7104/5846 5107/7107/5851 5104/7106/5850
f 5107/7107/5851 5102/7108/5852 5104/7106/5850
f 5102/7108/5852 5105/7109/5853 5106/7110/5854
f 5102/7108/5852 5106/7110/5854 5104/7106/5850
f 5129/7111/5855 5130/7112/5856 5114/7113/5857
f 5130/7112/5856 5131/7114/5858 5114/7113/5857
f 5131/7114/5858 5132/7115/5859 5114/7113/5857
f 5132/7115/5859 5134/7116/5860 5133/7117/5861
f 5128/7118/5862 5114/7113/5863 5136/7119/5864
f 5127/7120/5865 5114/7121/5866 5126/7122/5867
f 5132/7115/5859 5133/7117/5861 5114/7113/5857
f 5133/7117/5861 5117/7123/5868 5114/7113/5857
f 5117/7123/5868 5133/7117/5861 5247/7124/5869
f 5116/7125/5870 5114/7126/5871 5115/7127/5872
f 5115/7127/5872 5117/7123/5873 5116/7125/5870
f 5135/7128/5874 5116/7125/5870 5119/7129/5875
f 5135/7128/5874 5119/7129/5875 5125/7130/5876
f 5116/7125/5870 5117/7123/5873 5119/7129/5875
f 5117/7123/5873 5118/7131/2282 5119/7129/5875
f 5118/7131/5877 5247/7124/5878 5120/7132/5879
f 5125/7130/5876 5119/7129/5875 5121/7133/5880
f 5121/7133/5880 5124/7134/5881 5125/7130/5876
f 5121/7133/5880 5118/7131/5877 5124/7134/5881
f 5118/7131/5877 5122/7135/5882 5124/7134/5881
f 5118/7131/5877 5120/7132/5879 5122/7135/5882
f 5124/7134/5881 5122/7135/5882 5123/7136/5883
f 5139/7137/5884 5138/7138/5885 5140/7139/5886
f 5140/7139/5886 5142/7140/5887 5141/7141/5888
f 5140/7139/5886 5138/7138/5885 5142/7140/5887
f 5143/7142/5889 5146/7143/5890 5142/7140/5887
f 5146/7143/5890 5141/7141/5888 5142/7140/5887
f 5141/7141/5888 5145/7144/5891 5144/7145/5892
f 5141/7141/5888 5146/7143/5890 5145/7144/5891
f 5160/7146/5893 5158/7147/5894 5159/7148/5895
f 5157/7149/5896 5153/7150/5897 5156/7151/5898
f 5156/7151/5898 5153/7150/5897 5155/7152/5899
f 5153/7150/5897 5154/7153/5900 5155/7152/5899
f 5148/7154/5901 5149/7155/5902 5152/7156/5903
f 5148/7154/5901 5147/7157/5904 5149/7155/5902
f 5147/7158/5905 5151/7159/5906 5150/7160/5907
f 5162/7161/5908 5199/7162/5909 5198/7163/5910
f 5162/7161/5908 5198/7163/5910 5163/7164/3470
f 5161/7165/5911 5163/7166/5912 5177/7167/5913
f 5161/7165/5911 5177/7167/5913 5168/7168/5914
f 5168/7168/5914 5178/7169/5915 5161/7165/5911
f 5165/7170/5916 5164/7171/5917 5161/7172/5918
f 5199/7173/3855 5197/7174/5919 5163/7166/5912
f 5178/7169/3902 5164/7171/5917 5165/7170/5916
f 5163/7166/5912 5197/7174/5919 5184/7175/3115
f 5177/7167/5913 5163/7166/5912 5178/7169/3902
f 5186/7176/3186 5175/7177/3317 5184/7175/3115
f 5163/7166/5912 5184/7175/3115 5178/7169/3902
f 5195/7178/5920 5196/7179/5921 5197/7174/5922
f 5175/7177/3317 5178/7169/3902 5184/7175/3115
f 5178/7169/3902 5171/7180/5923 5164/7171/5917
f 5197/7174/5919 5188/7181/3115 5184/7175/3115
f 5186/7176/3186 5187/7182/3186 5175/7177/3317
f 5178/7169/3902 5175/7177/3317 5171/7180/5923
f 5196/7179/5921 5195/7178/5920 5188/7181/4029
f 5171/7180/3433 5174/7183/3156 5170/7184/5924
f 5171/7180/5923 5311/7185/5925 5164/7171/5917
f 5184/7175/3115 5188/7181/3115 5187/7182/3186
f 5187/7182/3186 5192/7186/3527 5175/7177/3317
f 5174/7183/3156 5175/7177/3317 5170/7184/5924
f 5169/7187/3487 5167/7188/5926 5171/7180/5923
f 5195/7178/5927 5202/7189/5928 5194/7190/5929
f 5194/7190/5929 5202/7189/5928 5188/7181/3115
f 5175/7177/3317 5192/7186/3527 5183/7191/3613
f 5175/7177/3317 5183/7191/3613 5203/7192/3718
f 5175/7177/3317 5203/7192/3718 5170/7184/5924
f 5171/7180/5923 5167/7188/5926 5311/7185/5925
f 5164/7171/5917 5311/7185/5925 5166/7193/5930
f 5187/7182/3186 5188/7181/3115 5192/7186/3527
f 5169/7187/3487 5170/7184/5924 5167/7188/5926
f 5202/7189/5928 5192/7186/3527 5188/7181/3115
f 5192/7186/3527 5185/7194/3865 5183/7191/3613
f 5203/7192/3718 5183/7191/3613 5182/7195/5931
f 5182/7195/5931 5183/7191/3613 5179/7196/3187
f 5203/7192/3718 5181/7197/3245 5173/7198/5932
f 5203/7192/3718 5173/7198/5932 5170/7184/5924
f 5170/7184/5924 5173/7198/5932 5166/7193/5933
f 5170/7184/5924 5166/7193/5933 5167/7188/5926
f 5202/7189/5934 5201/7199/5935 5200/7200/5936
f 5179/7196/3187 5183/7191/3613 5181/7197/5937
f 5183/7191/3613 5176/7201/5938 5181/7197/5937
f 5179/7202/4019 5180/7203/5939 5203/7192/3718
f 5203/7192/3718 5180/7203/5939 5181/7197/3245
f 5201/7199/5935 5192/7204/5940 5200/7200/5936
f 5192/7186/3527 5176/7205/5941 5185/7194/3865
f 5192/7204/5940 5201/7199/5935 5193/7206/5942
f 5191/7207/5943 5189/7208/5944 5192/7186/5945
f 5181/7197/5937 5176/7201/5938 5172/7209/5946
f 5181/7197/5937 5172/7209/5946 5166/7210/5947
f 5166/7210/5947 5172/7209/5946 5204/7211/5948
f 5193/7206/5942 5201/7199/5935 5191/7207/5949
f 5192/7186/3527 5190/7212/5950 5176/7205/5941
f 5239/7213/5951 5241/7214/5952 5243/7215/5953
f 5237/7216/5954 5236/7217/5955 5211/7218/5956
f 5237/7219/5957 5238/7220/5958 5234/7221/5959
f 5237/7219/5957 5241/7222/5960 5238/7220/5958
f 5241/7214/5952 5239/7213/5951 5234/7221/4150
f 5239/7213/5951 5243/7215/5953 5235/7223/5957
f 5243/7215/5961 5240/7224/5962 5242/7225/5963
f 5211/7218/5956 5236/7217/5955 5232/7226/5964
f 5236/7217/5955 5233/7227/4150 5232/7226/5964
f 5235/7223/5965 5242/7225/5963 5240/7224/5962
f 5210/7228/5966 5232/7226/5967 5209/7229/5968
f 5232/7226/5967 5234/7221/4150 5231/7230/5969
f 5233/7227/5970 5237/7219/5957 5234/7221/5959
f 5231/7230/5969 5234/7221/4150 5205/7231/5971
f 5232/7226/5967 5231/7230/5969 5209/7229/5968
f 5205/7231/5971 5234/7221/4150 5223/7232/5972
f 5235/7223/5965 5240/7224/5962 5229/7233/5973
f 5231/7230/5974 5230/7234/4150 5223/7232/5972
f 5230/7234/4150 5205/7231/5971 5223/7232/5972
f 5234/7221/4150 5239/7213/5951 5223/7232/5972
f 5239/7213/5951 5235/7223/5957 5223/7232/5972
f 5240/7224/5962 5228/7235/5975 5229/7233/5973
f 5231/7230/5974 5219/7236/5976 5208/7237/5977
f 5231/7230/5974 5223/7232/5972 5219/7236/5976
f 5208/7237/5977 5219/7236/5976 5212/7238/5978
f 5208/7237/5977 5212/7238/5978 5222/7239/5979
f 5219/7236/5976 5223/7232/5972 5222/7240/4150
f 5222/7240/4150 5223/7232/5972 5220/7241/5971
f 5229/7233/5973 5228/7235/5975 5227/7242/5980
f 5222/7240/4150 5221/7243/4150 5218/7244/5981
f 5217/7245/5972 5220/7241/5971 5223/7232/5972
f 5223/7246/5982 5226/7247/4145 5224/7248/4145
f 5223/7246/5982 5229/7233/4150 5226/7247/4145
f 5218/7244/5981 5221/7243/4150 5217/7249/5983
f 5216/7250/4150 5223/7246/5982 5224/7248/4145
f 5224/7248/5984 5229/7233/5973 5227/7242/5980
f 5208/7251/5985 5218/7244/5985 5213/7252/5985
f 5217/7249/5983 5224/7248/5984 5214/7253/5986
f 5244/7254/5987 5214/7253/5986 5213/7252/5988
f 5244/7254/5987 5218/7244/5981 5214/7253/5986
f 5218/7244/5981 5217/7249/5983 5214/7253/5986
f 5224/7248/5984 5227/7242/5980 5206/7255/5989
f 5214/7253/5986 5224/7248/5984 5215/7256/5990
f 5224/7248/5984 5206/7257/5989 5215/7258/5990
f 5206/7257/5989 5227/7242/5980 5215/7258/5990
f 5227/7242/5980 5225/7259/5991 5215/7258/5990
f 5225/7259/5991 5227/7242/5980 5245/7260/5992
f 5227/7242/5980 5207/7261/5993 5245/7260/5992
f 5247/7262/5994 5246/7263/5995 5248/7264/5996
f 5251/7265/5997 5249/7266/5998 5250/7267/5999
f 5254/7268/6000 5253/7269/6001 5255/7270/6002
f 5258/7271/6003 5257/7272/6004 5259/7273/6005
f 5260/7274/6006 5256/7275/6007 5261/7276/6008
f 5262/7277/6009 5264/7278/6010 5263/7279/6011
f 5265/7280/6012 5266/7281/6013 5267/7282/6014
f 5275/7283/6015 5276/7284/6016 5274/7285/6017
f 5268/7286/6018 5270/7287/6019 5269/7288/6020
f 5272/7289/6021 5271/7290/6022 5273/7291/6023
f 5277/7292/6024 5278/7293/6025 5279/7294/6026
f 5282/7295/6027 5280/7296/6028 5281/7297/6029
f 5286/7298/6030 5287/7299/6031 5285/7300/6032
f 5284/7301/6033 5288/7302/6034 5283/7303/6035
f 5293/7304/6036 5294/7305/6037 5292/7306/6038
f 5290/7307/6039 5289/7308/6040 5291/7309/6041
f 5299/7310/6042 5298/7311/6043 5300/7312/6044
f 5295/7313/6045 5297/7314/6046 5296/7315/6047
f 5301/7316/6048 5303/7317/6049 5302/7318/6050
f 5304/7319/6051 5306/7320/6052 5305/7321/6053
f 5310/7322/6054 5308/7323/6055 5309/7324/6056
f 5312/7325/6057 5314/7326/6058 5313/7327/6059
f 5339/7328/6060 5315/7329/6061 5316/7330/6062
f 5321/7331/6063 5318/7332/6064 5320/7333/6065
f 5317/7334/6066 5323/7335/6067 5322/7336/6068
f 5317/7334/6066 5322/7336/6068 5319/7337/6069
f 5325/7338/6070 5326/7339/6071 5324/7340/6072
f 5329/7341/6073 5328/7342/6074 5327/7343/6075
f 5331/7344/6076 5332/7345/6077 5330/7346/6078
f 5335/7347/6079 5333/7348/6080 5334/7349/6081
f 5336/7350/6082 5338/7351/6083 5337/7352/6084
f 6176/7353/6085 6074/7354/6086 6072/7355/6087
f 5347/7356/6088 5349/7357/6089 5348/7358/6090
f 6068/7359/6091 6259/7360/6092 6452/7361/6093
f 6245/7362/6094 6007/7363/6095 6259/7360/6092
f 6007/7364/6096 6078/7365/6097 6038/7366/6098
f 6038/7366/6098 6078/7365/6097 6213/7367/6099
f 6007/7364/6096 6142/7368/6100 6078/7365/6097
f 6078/7365/6101 6225/7369/6102 6450/7370/6103
f 6225/7371/6104 6142/7372/6105 6141/7373/6106
f 6142/7372/6107 6266/7374/6108 6091/7375/6109
f 6142/7372/6105 6447/7376/6110 6141/7373/6106
f 6264/7377/6111 6092/7378/6112 6091/7379/6113
f 6091/7379/6113 6092/7378/6112 6089/7380/6114
f 6246/7381/6115 6448/7382/6116 6092/7383/6117
f 6246/7381/6115 5983/7384/6118 6448/7382/6116
f 6246/7385/6119 6247/7386/6120 6265/7387/6121
f 6248/7388/6122 6260/7389/6123 6246/7390/6124
f 6240/7391/6125 6176/7392/6126 6196/7393/6127
f 6196/7393/6127 6176/7392/6126 6187/7394/6128
f 6187/7394/6128 6416/7395/6129 6196/7393/6127
f 6176/7353/6085 6072/7355/6087 6415/7396/6130
f 6415/7396/6130 6072/7355/6087 6414/7397/6131
f 6415/7396/6130 6414/7397/6131 6085/7398/6132
f 6414/7397/6131 6086/7399/6133 6085/7398/6132
f 6085/7398/6132 6086/7399/6133 6178/7400/6134
f 6072/7355/6087 6065/7401/6135 6414/7397/6131
f 6072/7355/6087 6069/7402/6136 6065/7401/6135
f 6414/7397/6131 6413/7403/6137 6073/7404/6138
f 6065/7401/6135 6413/7403/6137 6414/7397/6131
f 6413/7403/6137 6065/7401/6135 6071/7405/6139
f 6436/7406/6140 6070/7407/6141 5867/7408/6142
f 6452/7361/6093 6451/7409/6143 6070/7407/6141
f 6451/7409/6143 6039/7410/6144 6070/7407/6141
f 6070/7407/6141 6039/7410/6144 5867/7408/6142
f 6259/7360/6092 6451/7409/6143 6452/7361/6093
f 6259/7360/6092 6007/7363/6095 6451/7409/6143
f 6007/7363/6095 6439/7411/6145 6451/7409/6143
f 6451/7409/6143 6439/7411/6145 5870/7412/6146
f 5870/7412/6146 5886/7413/6147 6236/7414/1611
f 5871/7415/6148 6038/7416/6149 6439/7411/6145
f 6439/7411/6145 6038/7416/6149 5870/7412/6146
f 6038/7416/6149 5887/7417/6150 5886/7413/6147
f 6038/7416/6149 5886/7413/6147 5870/7412/6146
f 5887/7417/6150 6450/7370/6103 5886/7413/6147
f 6078/7365/6101 6450/7370/6103 5887/7417/6150
f 6450/7370/6103 6141/7373/6106 5886/7413/6147
f 6141/7373/6106 5888/7418/6151 5886/7413/6147
f 6445/7419/6152 5888/7420/6151 6141/7373/6106
f 6141/7373/6106 6089/7421/6153 6445/7419/6152
f 6141/7373/6106 6447/7376/6110 6089/7421/6153
f 6445/7419/6152 6446/7422/6154 5888/7420/6151
f 6089/7423/6155 6090/7424/6156 5971/7425/6157
f 6092/7383/6117 6448/7382/6116 6090/7424/6156
f 6090/7424/6156 6448/7382/6116 5971/7425/6157
f 6448/7382/6116 5972/7426/6158 5971/7425/6157
f 5987/7427/6159 5980/7428/6160 6448/7382/6116
f 5972/7426/6158 6448/7382/6116 5980/7428/6160
f 5983/7384/6118 5979/7429/6161 5980/7430/6162
f 5977/7431/6163 5980/7430/6162 5979/7429/6161
f 6246/7381/6115 5979/7429/6161 5983/7384/6118
f 6246/7390/6164 6449/7432/6165 6227/7433/6166
f 6227/7433/6166 6449/7432/6165 5979/7434/6167
f 5979/7434/6167 6134/7435/6168 6135/7436/6169
f 6449/7432/6165 6134/7435/6168 5979/7434/6167
f 6449/7432/6165 6226/7437/6170 6134/7435/6168
f 6260/7438/6171 6226/7437/6170 6449/7432/6165
f 5343/7439/6172 5346/7440/6173 5345/7441/6174
f 6416/7395/6129 6183/7442/6175 6196/7393/6127
f 6187/7394/6128 6181/7443/6176 6416/7395/6129
f 6181/7443/6176 6177/7444/6177 6416/7395/6129
f 6176/7353/6085 6415/7396/6130 6177/7445/6178
f 6415/7396/6130 6178/7446/6179 6177/7445/6178
f 6002/7447/6180 6177/7445/6178 6180/7448/6181
f 6178/7446/6179 6179/7449/6182 6177/7445/6178
f 6177/7445/6178 6179/7449/6182 6180/7448/6181
f 6086/7399/6133 6108/7450/6183 6178/7400/6134
f 6413/7403/6137 6232/7451/6184 6073/7404/6138
f 6107/7452/6185 5908/7453/6186 5943/7454/6187
f 6232/7455/6188 6233/7456/6189 5908/7457/6190
f 6232/7455/6188 6071/7458/6191 6233/7456/6189
f 6065/7459/6192 6075/7460/6193 6233/7461/6194
f 6075/7460/6193 6137/7462/6195 6233/7461/6194
f 6068/7463/6196 6067/7464/6197 6065/7459/6192
f 6067/7464/6197 6436/7465/6198 6065/7459/6192
f 6065/7459/6192 6436/7465/6198 6066/7466/6199
f 6065/7459/6192 6066/7466/6199 6075/7460/6193
f 6436/7406/6140 5867/7408/6142 6429/7467/1324
f 6066/7468/6199 6429/7469/6200 5868/7470/6201
f 6429/7467/1324 5867/7408/6142 5853/7471/6202
f 5867/7408/6142 6451/7409/6203 6435/7472/6204
f 5867/7408/6142 6435/7472/6204 5853/7471/6202
f 6435/7472/6204 5932/7473/738 5853/7471/6202
f 6451/7409/6203 5869/7474/6205 6435/7472/6204
f 5869/7474/6205 5870/7412/6146 6435/7472/6204
f 5870/7412/6146 5929/7475/6206 6435/7472/6204
f 5870/7412/6146 5931/7476/6207 5929/7475/6206
f 5870/7412/6146 6236/7414/1611 5931/7476/6207
f 6236/7414/1611 6438/7477/6208 5931/7476/6207
f 5888/7420/6151 6139/7478/6209 6438/7479/6210
f 5888/7420/6151 6138/7480/6211 6139/7478/6209
f 5888/7420/6151 6446/7422/6154 6138/7480/6211
f 6446/7422/6154 6445/7419/6152 6140/7481/6212
f 6446/7422/6154 6088/7482/6213 6138/7480/6211
f 6088/7482/6213 6188/7483/6214 6138/7480/6211
f 6188/7484/6215 5976/7485/6216 5975/7486/6217
f 5976/7485/6216 5974/7487/6218 5975/7486/6217
f 6088/7488/6219 5971/7425/6157 5970/7489/6220
f 6088/7488/6219 5970/7489/6220 5976/7485/6221
f 5976/7485/6221 5970/7489/6220 6153/7490/6222
f 5974/7487/6218 5970/7489/6223 5969/7491/6224
f 5971/7425/6157 5972/7426/6158 5981/7492/6225
f 5971/7425/6157 5981/7492/6225 5970/7489/6220
f 5981/7492/6225 6217/7493/6226 5970/7489/6220
f 5977/7431/6163 5979/7429/6161 5978/7494/6227
f 5972/7495/6228 5977/7431/6163 6127/7496/6229
f 6127/7496/6229 5977/7431/6163 5978/7494/6227
f 6136/7497/6230 6135/7436/6169 5978/7494/6231
f 6135/7436/6169 6134/7435/6168 5978/7494/6231
f 5978/7494/6231 6134/7435/6168 6128/7498/6232
f 5343/7439/6172 5345/7441/6174 5341/7499/6233
f 6183/7500/6234 6192/7501/6235 6194/7502/6236
f 6177/7503/6237 6182/7504/6238 6183/7442/6239
f 6182/7505/6240 5913/7506/6241 5914/7507/6242
f 6180/7508/6243 5914/7507/6242 5913/7506/6241
f 6180/7508/6243 5943/7454/6187 5914/7507/6242
f 6179/7509/6244 5944/7510/6245 5943/7511/6246
f 5943/7454/6187 5909/7512/6247 5914/7507/6242
f 5943/7454/6187 5908/7453/6186 5909/7512/6247
f 6200/7513/6248 5908/7457/6249 5907/7514/6250
f 5908/7457/6249 5904/7515/1528 5907/7514/6250
f 5908/7457/6249 5906/7516/6251 5904/7515/1528
f 5906/7516/6251 5905/7517/1342 5904/7515/1528
f 5906/7516/6251 6410/7518/6252 5905/7517/1342
f 6233/7456/6253 6411/7519/6254 5906/7516/6251
f 5906/7516/6251 6411/7519/6254 6410/7518/6252
f 6137/7520/6255 6195/7521/6256 6411/7519/6254
f 6137/7462/6257 6064/7522/6258 6076/7523/6259
f 6195/7521/6256 6076/7524/6260 6411/7519/6254
f 6411/7519/6254 6076/7524/6260 5883/7525/6261
f 6064/7522/6258 6075/7460/6193 6063/7526/6262
f 6064/7522/6258 6063/7526/6262 6076/7523/6259
f 6075/7460/6193 6066/7466/6199 6063/7526/6262
f 6066/7468/6199 5868/7470/6201 6454/7527/6263
f 6066/7468/6199 6454/7527/6263 6063/7526/6262
f 6063/7528/6264 5868/7470/6265 6433/7529/6266
f 6063/7528/6264 6433/7529/6266 6430/7530/6267
f 5853/7471/6268 5852/7531/658 5868/7470/6265
f 5932/7532/6269 5929/7533/6269 5852/7531/6269
f 5929/7533/6270 5930/7534/6271 5928/7535/6272
f 5930/7534/6271 5926/7536/6273 5928/7535/6272
f 5926/7536/6273 5930/7534/6271 6438/7477/1011
f 6438/7477/1011 6437/7537/6274 6434/7538/909
f 6139/7478/6209 6138/7480/6211 6437/7537/6274
f 6437/7537/6274 6138/7480/6211 5925/7539/6275
f 5925/7539/6275 5985/7540/6276 6437/7537/6274
f 6138/7541/6277 5975/7486/6278 5984/7542/6279
f 6138/7541/6277 5984/7542/6279 5985/7543/6280
f 5975/7486/6217 5974/7487/6218 5969/7491/6224
f 5984/7544/6281 5969/7545/6282 5973/7546/6283
f 5970/7489/6223 6444/7547/6284 5969/7491/6224
f 6444/7547/6284 5986/7548/223 6443/7549/6285
f 6444/7547/6284 6443/7549/6285 5969/7491/6224
f 6132/7550/6286 6131/7551/6287 6443/7552/6288
f 6132/7550/6286 6217/7553/6289 6131/7551/6287
f 5972/7554/6290 6133/7555/6291 6218/7556/6292
f 5972/7554/6290 6218/7556/6292 6217/7553/6289
f 6131/7551/6287 6217/7553/6289 6218/7556/6292
f 6127/7496/6229 5978/7494/6227 6129/7557/6293
f 6133/7555/6291 6129/7558/6294 6218/7556/6292
f 5978/7494/6231 6128/7498/6232 6126/7559/6295
f 6126/7559/6295 6128/7498/6232 6129/7558/6296
f 6128/7498/6232 6134/7435/6168 6261/7560/6297
f 6197/7561/6298 6226/7562/6299 6261/7563/6300
f 5341/7499/6233 5345/7441/6174 5342/7564/6301
f 6196/7565/6302 6194/7566/6303 6193/7567/6304
f 6193/7567/6305 6192/7501/6306 6100/7568/6307
f 6183/7442/6239 6212/7569/6308 6104/7570/6309
f 6183/7442/6239 6182/7504/6238 6212/7569/6308
f 5914/7507/6242 5909/7512/6247 5907/7514/6310
f 5907/7514/6250 5904/7515/1528 5902/7571/6311
f 6409/7572/6312 5907/7573/6313 6408/7574/6314
f 5904/7515/1528 5903/7575/6315 5902/7571/6311
f 5902/7571/6311 5903/7575/6315 5901/7576/6316
f 5903/7575/6315 6410/7518/6252 5901/7576/6316
f 5901/7576/6316 6410/7518/6252 5883/7525/6261
f 6410/7518/6252 6411/7519/6254 5883/7525/6261
f 5883/7577/6317 6063/7526/6318 6219/7578/6319
f 5900/7579/6320 6063/7580/6321 5899/7581/6322
f 6430/7530/6267 6433/7529/6266 5821/7582/6323
f 5868/7470/6265 5852/7531/658 6433/7529/6266
f 6433/7529/6266 6432/7583/6324 5759/7584/1631
f 6433/7529/6266 5852/7531/658 6432/7583/6324
f 5852/7531/658 5928/7585/363 6432/7583/6324
f 5926/7536/6273 6453/7586/6325 5760/7587/6326
f 5760/7587/6326 6453/7586/6325 5793/7588/1531
f 5926/7536/6273 6438/7477/1011 6453/7586/6325
f 6453/7586/6325 6438/7477/1011 6434/7538/909
f 6453/7586/6325 6434/7538/909 5794/7589/1234
f 5794/7589/1234 6434/7538/909 5792/7590/6327
f 6434/7538/909 5927/7591/6328 5792/7590/6327
f 6434/7538/909 6437/7537/6274 5922/7592/6329
f 6437/7537/6274 6010/7593/6330 5922/7592/6329
f 6437/7537/6274 5985/7540/6276 5923/7594/6331
f 6437/7537/6274 5923/7594/6331 6010/7593/6330
f 5923/7594/6332 5924/7595/6333 5921/7596/6334
f 5985/7543/6280 5984/7542/6279 6011/7597/6335
f 5973/7546/6283 5969/7545/6282 5968/7598/6336
f 5969/7491/6337 5967/7599/6338 6440/7600/6339
f 5969/7491/6337 6131/7601/6340 5967/7599/6338
f 6218/7556/6292 6129/7558/6294 6059/7602/6341
f 6059/7603/6342 6220/7604/6343 6058/7605/6344
f 6059/7603/6342 6058/7605/6344 6055/7606/6345
f 6129/7558/6296 6128/7498/6232 6130/7607/6346
f 6129/7558/6296 6130/7607/6346 6220/7608/6347
f 6220/7608/6347 6130/7607/6346 6261/7609/6348
f 5340/7610/6349 5341/7499/6233 5342/7564/6301
f 6192/7501/6306 6104/7611/6350 6100/7568/6307
f 6104/7611/6350 5935/7612/6351 6100/7568/6307
f 6238/7613/6352 6239/7614/6353 6104/7615/6354
f 6238/7613/6352 6212/7616/6355 6239/7614/6353
f 6212/7616/6355 5914/7507/6356 5945/7617/6357
f 6239/7614/6353 6212/7616/6355 5945/7617/6357
f 5945/7618/6358 6004/7619/6359 6003/7620/6360
f 5914/7507/6356 5937/7621/6361 5945/7617/6357
f 6409/7572/6312 5937/7621/6361 5914/7507/6356
f 6409/7572/6312 5815/7622/6362 5937/7621/6361
f 6409/7572/6312 6408/7574/6314 5815/7622/6362
f 6408/7623/6363 5902/7571/6311 5901/7576/6316
f 5883/7624/6364 5812/7625/6365 5811/7626/6366
f 5812/7625/6367 5910/7627/6368 6114/7628/6369
f 5910/7627/6368 6219/7629/6370 6114/7628/6369
f 6063/7580/6321 5900/7579/6320 6114/7630/6371
f 5900/7579/6320 5899/7581/6322 5677/7631/6372
f 5899/7581/6322 5821/7632/6373 5677/7631/6372
f 6432/7583/6324 5760/7633/1330 5759/7584/1631
f 5759/7584/1631 5760/7633/1330 5684/7634/1631
f 5793/7635/6374 5792/7590/6327 5684/7636/6375
f 5794/7589/1234 5792/7590/6327 5793/7635/6374
f 5792/7590/6327 5846/7637/6375 5684/7636/6375
f 5792/7590/6327 5927/7591/6328 6010/7638/6376
f 6010/7593/6377 5921/7639/6378 5985/7640/6379
f 5973/7546/6283 5968/7598/6336 5982/7641/6380
f 5973/7546/6283 5982/7641/6380 5985/7642/6381
f 5879/7643/6382 5880/7644/6383 6457/7645/6384
f 5880/7644/6383 6440/7646/6385 6457/7645/6384
f 6440/7600/6339 5967/7599/6338 6441/7647/6386
f 6440/7600/6339 6441/7647/6386 5965/7648/6387
f 5965/7648/6387 6441/7647/6386 5966/7649/6388
f 6441/7647/6386 6061/7650/6389 5966/7649/6388
f 6061/7651/6390 5967/7652/6391 6060/7653/6392
f 5967/7652/6391 6059/7603/6393 6060/7653/6392
f 6097/7654/6394 6055/7655/6395 6061/7650/6396
f 6060/7656/6397 6055/7657/6398 6057/7658/6399
f 6058/7605/6344 6261/7659/6400 6055/7606/6345
f 6193/7660/6401 6168/7661/6402 6169/7662/6403
f 6100/7568/6307 5935/7612/6351 6101/7663/6404
f 6101/7664/6405 6098/7665/6406 6168/7661/6402
f 5935/7666/6407 6417/7667/6408 6098/7665/6409
f 6417/7667/6408 5935/7666/6407 6016/7668/6410
f 6003/7620/6360 6004/7619/6359 5935/7666/6411
f 5936/7669/6412 5937/7621/6361 5935/7670/6413
f 5935/7670/6413 5937/7621/6361 5934/7671/6414
f 5936/7669/6412 5945/7617/6357 5937/7621/6361
f 5937/7621/6361 5939/7672/6415 5938/7673/6416
f 5937/7674/6417 6407/7675/6418 5847/7676/6419
f 6407/7675/6418 6405/7677/6420 5847/7676/6419
f 6407/7675/6418 5815/7678/6421 5901/7576/6422
f 6407/7675/6418 5901/7576/6422 6405/7677/6420
f 5901/7576/6422 5811/7626/6423 6405/7677/6420
f 5811/7626/6366 5812/7625/6365 5810/7679/6424
f 5810/7679/6424 5671/7680/6425 6396/7681/6426
f 5810/7682/6427 6114/7630/6428 5677/7683/6429
f 5677/7631/6430 5759/7684/6431 5685/7685/6432
f 5685/7685/6432 5675/7686/6433 5677/7631/6430
f 5759/7584/1631 5684/7634/1631 5675/7687/6434
f 5675/7687/6434 5684/7634/1631 5800/7688/6435
f 5684/7636/6436 5801/7689/6437 6431/7690/6438
f 5801/7689/6437 5846/7691/6439 6431/7690/6438
f 6431/7690/6438 5846/7691/6439 5800/7692/1195
f 5846/7691/6440 5683/7693/6441 6455/7694/6442
f 6010/7593/6377 5985/7640/6379 5882/7695/6443
f 6010/7593/6377 5882/7695/6443 5846/7691/6440
f 5846/7691/6440 5882/7695/6443 5683/7693/6441
f 6457/7645/6384 5878/7696/6444 5879/7643/6382
f 5879/7643/6382 5878/7696/6444 5881/7697/6445
f 6457/7645/6384 6440/7646/6385 6241/7698/6446
f 5878/7696/6444 6241/7698/6447 5881/7697/6445
f 6440/7646/6385 6096/7699/6448 6241/7698/6446
f 6440/7600/6339 5965/7648/6387 5858/7700/6449
f 5966/7649/6388 6061/7650/6389 5858/7701/6450
f 5858/7701/6450 6061/7650/6389 6428/7702/6451
f 6061/7650/6389 6056/7703/6452 6428/7702/6451
f 6055/7606/6345 6261/7659/6400 6062/7704/6453
f 6062/7704/6453 6261/7659/6400 6166/7705/6454
f 6193/7660/6401 6169/7662/6403 6268/7706/6455
f 6168/7661/6402 6098/7665/6406 6169/7662/6403
f 6169/7662/6456 6099/7707/6457 6118/7708/6458
f 6098/7665/6409 6417/7667/6408 6385/7709/6459
f 6098/7665/6409 6385/7709/6459 6099/7707/6457
f 6385/7709/6459 6102/7710/6460 6099/7707/6457
f 6099/7707/6457 6102/7710/6460 6118/7708/6458
f 6385/7709/6459 6103/7711/6461 6102/7710/6460
f 6103/7711/6461 6385/7709/6459 6105/7712/6462
f 6417/7667/6408 5933/7713/6463 6385/7709/6459
f 5934/7671/6464 5746/7714/6465 6016/7715/6466
f 6016/7715/6466 5746/7714/6465 5933/7716/6467
f 5937/7621/6361 5938/7673/6416 5934/7671/6414
f 5938/7673/6416 5964/7717/6468 5934/7671/6414
f 5964/7718/6469 5742/7719/6470 5746/7720/6471
f 5938/7721/6472 6405/7677/6420 5742/7722/6473
f 6405/7677/6420 5813/7723/6474 5742/7722/6473
f 5847/7676/6419 6405/7677/6420 5938/7721/6472
f 6406/7724/6475 5813/7723/6476 6396/7725/6477
f 5811/7626/6366 5810/7679/6424 5813/7726/6478
f 5813/7726/6478 5810/7679/6424 6394/7727/6479
f 5810/7679/6424 6396/7681/6426 6394/7727/6479
f 5677/7728/6480 5670/7729/6481 5668/7730/6482
f 5671/7680/6483 5677/7728/6480 5668/7730/6482
f 5670/7729/6481 5669/7731/6484 5668/7730/6482
f 5669/7731/6484 6412/7732/6485 5668/7730/6482
f 5674/7733/6486 5673/7734/6486 5669/7731/6486
f 5670/7735/6487 5675/7687/6487 5674/7733/6487
f 5674/7736/6488 5800/7737/6489 5834/7738/6490
f 5834/7738/6490 5800/7737/6489 5680/7739/6491
f 5800/7692/6492 5656/7740/735 6418/7741/737
f 5846/7691/6440 5802/7742/6493 5656/7743/6494
f 5846/7691/6440 5804/7744/845 5802/7742/6493
f 5846/7691/6440 6455/7694/6442 5804/7744/845
f 5803/7745/1631 5802/7742/6493 5658/7746/6495
f 5802/7742/6493 5804/7744/845 5658/7746/6495
f 5659/7747/798 6455/7694/6442 5616/7748/674
f 5683/7693/6441 5682/7749/6496 6455/7694/6442
f 5683/7693/6497 5879/7643/6382 5881/7697/6445
f 5683/7693/6497 5881/7697/6445 6458/7750/6498
f 6458/7751/6499 6049/7752/6500 5890/7753/6501
f 5859/7754/6502 5858/7701/6450 5857/7755/6503
f 5859/7754/6502 5857/7755/6503 6456/7756/6504
f 5858/7701/6450 6428/7702/6451 5857/7755/6503
f 6428/7702/6451 5860/7757/6505 5857/7755/6503
f 6056/7703/6506 5840/7758/6507 5860/7759/6508
f 5860/7759/6508 5840/7758/6507 6189/7760/6509
f 6056/7703/6506 6055/7657/6510 5840/7758/6507
f 5840/7758/6507 6055/7657/6510 5842/7761/6511
f 6055/7657/6510 6166/7705/6512 5842/7761/6511
f 5842/7761/6511 6166/7705/6512 6442/7762/6513
f 6166/7705/6454 6261/7659/6400 6167/7763/6514
f 6166/7705/6512 6185/7764/6515 6442/7762/6513
f 6261/7659/6400 6185/7765/6516 6167/7763/6514
f 5893/7766/6517 6268/7767/6518 6118/7708/6519
f 6102/7710/6460 5893/7768/6520 6378/7769/6521
f 6102/7710/6460 6103/7711/6461 5988/7770/6522
f 6103/7711/6461 6005/7771/6523 5988/7770/6522
f 6105/7712/6524 6006/7772/6525 6005/7773/6526
f 6105/7712/6524 5933/7774/6527 6006/7772/6525
f 5933/7775/6528 6386/7776/6529 6008/7777/6530
f 5746/7720/6471 5742/7719/6470 5745/7778/6531
f 5744/7779/6532 6387/7780/6533 5746/7720/6471
f 5746/7720/6471 5745/7778/6531 5744/7779/6532
f 6387/7780/6533 5744/7779/6532 5635/7781/6534
f 6406/7724/6475 5743/7782/6535 5742/7719/6536
f 6406/7724/6475 6396/7725/6477 5743/7782/6535
f 5742/7719/6536 5743/7782/6535 5744/7779/6532
f 5744/7779/6532 5743/7782/6535 5635/7781/6534
f 5752/7783/6537 6395/7784/6538 5743/7782/6535
f 6396/7681/6426 5676/7785/6539 6395/7784/6538
f 5676/7785/6539 5679/7786/6540 6395/7784/6538
f 6396/7681/6426 5671/7680/6425 5676/7785/6539
f 5676/7785/6539 5678/7787/1011 5679/7786/6540
f 5668/7730/6482 5667/7788/1076 6404/7789/1133
f 5668/7730/6482 6412/7732/6485 5667/7788/1076
f 5668/7730/6482 6404/7789/1133 6393/7790/1133
f 5667/7788/6541 5669/7791/559 5665/7792/1302
f 5667/7788/6541 5665/7792/1302 5666/7793/1773
f 5669/7791/559 5680/7739/1076 5665/7792/1302
f 5673/7794/6542 5834/7738/6490 5680/7739/6491
f 5680/7795/6543 6418/7741/737 5654/7796/6544
f 6418/7741/737 5656/7740/735 5657/7797/6545
f 5656/7740/735 5661/7798/674 5657/7797/6545
f 5656/7740/735 5658/7746/6324 5661/7798/674
f 5658/7746/6324 5659/7747/798 5661/7798/674
f 5661/7798/674 5659/7747/798 5660/7799/1802
f 5659/7747/798 5616/7748/674 5660/7799/1802
f 5616/7748/674 6455/7694/6442 5682/7749/6496
f 5616/7748/674 5682/7749/6496 6419/7800/6546
f 5683/7801/6547 5889/7802/6548 6419/7800/6546
f 6458/7751/6499 5890/7753/6501 5889/7802/6548
f 6419/7800/6546 5889/7802/6548 5618/7803/680
f 5890/7753/6501 6420/7804/6549 5889/7802/6548
f 5889/7802/6548 6420/7804/6549 5618/7803/680
f 6456/7756/6504 5857/7755/6503 6420/7805/6550
f 6420/7805/6550 5856/7806/6551 5855/7807/768
f 5857/7755/6503 6189/7760/6552 6420/7805/6550
f 6420/7805/6550 6189/7760/6552 5856/7806/6551
f 6189/7760/6509 5840/7758/6507 6426/7808/6553
f 5840/7758/6507 5839/7809/6554 6426/7808/6553
f 6426/7808/6553 5839/7809/6554 5838/7810/6555
f 5838/7810/6555 5839/7809/6554 6427/7811/6556
f 5839/7809/6554 5841/7812/6557 6427/7811/6556
f 5842/7813/6558 6204/7814/6559 5841/7815/6560
f 6442/7762/6513 6185/7764/6515 6204/7814/6561
f 6185/7764/6515 6258/7816/6562 6204/7814/6561
f 6118/7708/6458 6102/7710/6460 6378/7769/6521
f 5737/7817/6563 6384/7818/6564 5736/7819/6565
f 5736/7819/6565 6384/7818/6564 5627/7820/6566
f 6005/7821/6567 5848/7822/6568 6384/7818/6564
f 5848/7822/6568 6009/7823/6569 6384/7818/6564
f 6008/7777/6530 6386/7776/6529 6009/7823/6570
f 6009/7823/6569 5626/7824/6571 6384/7818/6564
f 6386/7825/6572 6387/7780/6533 5946/7826/6573
f 5946/7826/6573 6387/7780/6533 5635/7781/6534
f 5946/7826/6574 6383/7827/6574 6009/7828/6574
f 6383/7829/6575 5635/7830/6576 5532/7831/1492
f 5743/7782/6535 5589/7832/6577 5635/7781/6534
f 5589/7832/6577 6395/7784/6538 6388/7833/6578
f 5743/7782/6535 6395/7784/6538 5589/7832/6577
f 6395/7784/6538 5679/7786/6540 6389/7834/6579
f 5667/7835/1133 5672/7836/244 6393/7790/6580
f 6393/7790/6580 5672/7836/244 6392/7837/6581
f 6393/7790/6580 6392/7837/6581 6389/7838/659
f 5672/7836/244 5666/7793/6582 6392/7837/6581
f 5665/7792/1302 5664/7839/6583 5666/7793/1773
f 5665/7792/1302 5681/7840/801 5664/7839/6583
f 5665/7792/1302 5654/7841/6584 5681/7840/801
f 5655/7842/6585 5654/7796/6544 5653/7843/6586
f 5654/7796/6544 5657/7797/6545 5653/7843/6586
f 6418/7741/737 5657/7797/6545 5654/7796/6544
f 5657/7797/6545 5652/7844/6587 5653/7843/6586
f 5661/7798/6588 5372/7845/6589 5652/7844/6590
f 5616/7748/674 6419/7800/6546 5661/7798/6588
f 5661/7798/6588 5642/7846/6495 5372/7845/6589
f 5661/7798/6588 6419/7800/6546 5642/7846/6495
f 5372/7845/6589 5642/7846/6495 5617/7847/6591
f 5642/7846/6495 6419/7800/6546 6403/7848/6592
f 6419/7800/6546 5618/7803/680 6403/7848/6592
f 6403/7849/6593 5855/7807/768 5788/7850/6594
f 5855/7807/768 5856/7806/6551 6425/7851/6595
f 6425/7851/6595 5854/7852/6596 5855/7807/768
f 6425/7851/6595 5362/7853/6597 5854/7852/6596
f 6425/7854/6598 6189/7760/6509 6426/7808/6553
f 6426/7855/6599 6424/7856/6600 5362/7853/6601
f 5836/7857/6602 6421/7858/6603 6423/7859/6604
f 5836/7857/6602 5838/7810/6555 6421/7858/6603
f 5838/7810/6555 6427/7811/6556 6421/7858/6603
f 5893/7860/6605 5894/7861/6606 6379/7862/6607
f 5893/7860/6605 6379/7862/6607 5961/7863/6608
f 5737/7817/6563 5894/7861/6606 5893/7860/6605
f 5737/7817/6563 5736/7819/6565 5894/7861/6606
f 5770/7864/6609 5769/7865/6610 5627/7820/6611
f 6384/7818/6564 5626/7824/6571 5627/7820/6566
f 5626/7824/6612 6383/7829/6575 6381/7866/1743
f 6383/7829/6575 5532/7831/1492 6382/7867/681
f 6383/7829/6575 6382/7867/681 6381/7866/1743
f 5532/7831/1492 6388/7868/6613 6382/7867/681
f 6388/7869/6578 5531/7870/6614 5533/7871/6615
f 6388/7869/6578 6391/7872/6616 5531/7870/6614
f 6388/7869/6578 6395/7784/6538 6391/7872/6616
f 6395/7784/6538 6389/7834/6579 6391/7872/6616
f 6389/7873/6617 5666/7874/6617 5471/7875/6617
f 5666/7793/1773 5664/7839/6583 5825/7876/6618
f 5664/7839/6583 5681/7840/801 5655/7842/6619
f 5825/7876/6620 5655/7877/6621 5471/7878/6622
f 5471/7878/6622 5473/7879/1835 5472/7880/6623
f 5655/7877/6621 5473/7879/1835 5471/7878/6622
f 5655/7842/6585 5653/7843/6586 5662/7881/6624
f 5662/7881/6624 5721/7882/6625 5655/7842/6585
f 5662/7881/6624 5653/7843/6586 5663/7883/6626
f 5652/7844/6587 6398/7884/6627 5653/7843/6586
f 5642/7885/6566 5788/7850/1428 5364/7886/1428
f 5855/7807/768 5854/7852/6596 5788/7850/6594
f 5788/7850/1428 5361/7887/662 5364/7886/1428
f 5788/7850/1428 5362/7853/6601 5361/7887/662
f 5361/7887/662 5362/7853/6601 5358/7888/912
f 6424/7856/6600 5358/7888/912 5362/7853/6601
f 6424/7856/6600 5816/7889/6628 5358/7888/912
f 6424/7856/6600 6423/7859/6604 5816/7889/6628
f 6423/7859/6604 6421/7858/6603 5816/7889/6628
f 6421/7858/6603 6427/7811/6556 5837/7890/6629
f 6427/7811/6556 5843/7891/6630 5837/7890/6629
f 5844/7892/6631 5845/7893/6632 5841/7894/6633
f 5841/7894/6633 5845/7893/6632 5843/7891/6634
f 5844/7892/6631 6258/7895/6635 5845/7893/6632
f 5843/7891/6634 5845/7893/6632 6422/7896/6636
f 5961/7897/6637 6054/7898/6638 5824/7899/6639
f 5961/7863/6608 5728/7900/6640 5962/7901/6641
f 6379/7862/6607 5728/7900/6640 5961/7863/6608
f 5962/7902/6642 6331/7903/6643 6053/7904/6643
f 5894/7905/6644 5769/7865/6610 5728/7906/6645
f 6331/7907/6646 5728/7906/6646 6052/7908/6646
f 5769/7865/6610 5770/7864/6609 5728/7906/6645
f 5728/7906/6645 5770/7864/6609 5771/7909/6647
f 5627/7910/6648 5734/7911/6649 6460/7912/6650
f 6460/7912/6650 5734/7911/6649 5733/7913/716
f 6460/7912/6650 5733/7913/716 5632/7914/736
f 5733/7913/716 6380/7915/771 5632/7914/736
f 5626/7916/139 6380/7915/771 5734/7917/6651
f 6380/7915/771 5626/7916/139 5628/7918/6652
f 6380/7915/771 5628/7918/6652 5629/7919/1011
f 6381/7866/1743 5441/7920/6653 5628/7921/6654
f 6381/7866/1743 6382/7867/681 5533/7922/6655
f 6381/7866/1743 5533/7922/6655 5441/7920/6653
f 5531/7870/6614 6391/7872/6616 5529/7923/6656
f 5533/7924/6251 5529/7923/6656 6363/7925/6657
f 6391/7872/6616 5443/7926/6658 5529/7923/6656
f 5529/7923/6656 5443/7926/6658 6363/7925/6657
f 6363/7925/6657 5443/7926/6658 5439/7927/6659
f 6391/7872/6616 6389/7834/6579 5496/7928/367
f 5496/7928/367 6389/7834/6579 5495/7929/6660
f 6389/7834/6579 5442/7930/6661 5495/7929/6660
f 6389/7834/6579 6390/7931/6662 5442/7930/6661
f 5442/7930/6661 6390/7931/6662 5455/7932/6663
f 5455/7932/6663 5470/7933/6664 5442/7930/6661
f 5471/7878/6622 5467/7934/6665 5455/7935/6666
f 5471/7878/6622 5472/7880/6623 5467/7934/6665
f 5474/7936/6667 5473/7937/6667 5467/7938/6667
f 5721/7939/6668 5534/7940/6668 5473/7941/6668
f 5467/7942/6669 5534/7943/6670 5466/7944/6671
f 5721/7945/6672 5663/7883/6672 5826/7946/6672
f 5534/7943/6670 5826/7946/596 5466/7944/6671
f 5663/7947/6673 6397/7948/6674 5468/7949/6675
f 6397/7948/6674 6398/7950/6676 5468/7949/6675
f 5468/7949/6675 6398/7950/6676 5372/7951/6677
f 5372/7951/6677 6362/7952/6678 5468/7949/6675
f 5367/7953/6679 5617/7847/6680 6459/7954/1203
f 5617/7847/6680 5366/7955/736 6459/7954/1203
f 6459/7954/1203 5366/7955/736 5814/7956/716
f 5366/7955/772 5642/7885/6566 5365/7957/6681
f 5642/7885/6566 5364/7886/1428 5365/7957/6681
f 5814/7956/716 5365/7957/6682 5368/7958/596
f 5364/7886/1428 5361/7887/662 5738/7959/6683
f 5738/7959/6684 5363/7960/770 5365/7961/1302
f 5365/7961/1302 5363/7960/770 6400/7962/658
f 5363/7960/770 5358/7888/912 6400/7962/658
f 5358/7888/912 5816/7889/6628 5359/7963/6685
f 5837/7964/6686 6422/7896/6636 5816/7965/6687
f 6422/7896/6636 5845/7893/6632 5816/7965/6687
f 6054/7898/6638 6053/7966/6688 5727/7967/6689
f 6054/7898/6638 5727/7967/6689 5824/7899/6639
f 6052/7968/6690 6051/7969/6691 6053/7904/6692
f 5727/7967/6689 6051/7970/6693 5726/7971/6694
f 6051/7969/6691 6052/7968/6690 5725/7972/6695
f 5728/7973/6696 5772/7974/6697 5631/7975/6698
f 5728/7973/6696 5631/7975/6698 5725/7972/6699
f 6051/7969/6691 5725/7972/6695 6377/7976/6700
f 5725/7972/6695 5690/7977/6701 6377/7976/6700
f 5632/7914/736 6380/7915/771 5631/7978/736
f 6380/7915/771 5630/7979/1011 5631/7978/736
f 6380/7915/771 5629/7919/1011 5630/7979/1011
f 5629/7919/1011 5441/7980/750 5630/7979/1011
f 5533/7922/6655 5482/7981/6702 5441/7920/6653
f 5482/7982/6703 5437/7983/6704 6364/7984/6705
f 5623/7985/6706 6363/7925/6657 5440/7986/6707
f 5443/7926/6658 5866/7987/6708 5439/7927/6659
f 5866/7987/6709 5442/7988/6709 6356/7989/6709
f 5439/7927/6659 6356/7989/6710 6363/7925/6657
f 5442/7930/6661 5470/7933/6664 5434/7990/6711
f 5434/7990/6712 5435/7991/6713 6356/7992/6714
f 5470/7933/6715 5396/7993/6716 5435/7994/6717
f 5467/7938/6718 5396/7993/6716 5470/7933/6715
f 5396/7993/6716 5467/7938/6718 5464/7995/6719
f 5464/7995/6719 5465/7996/6720 5396/7993/6716
f 5467/7942/6669 5466/7944/6671 5465/7997/6721
f 5468/7949/6675 5465/7997/6721 5466/7944/6671
f 5468/7949/6675 6362/7952/6678 5465/7997/6721
f 5373/7998/6722 5376/7999/6723 5465/8000/6724
f 5372/8001/6725 5370/8002/6726 5373/7998/6722
f 5373/7998/6722 5370/8002/6726 5376/7999/6723
f 6459/7954/1203 6399/8003/6727 5370/8002/6726
f 6459/7954/1203 5814/7956/716 5368/7958/596
f 6459/7954/1203 5368/7958/596 6399/8003/6727
f 5365/7961/1302 6400/7962/658 6401/8004/6728
f 5359/7963/6685 5357/8005/652 5358/7888/912
f 5358/7888/912 5357/8005/652 6400/7962/658
f 6400/7962/658 5357/8005/652 6402/8006/6729
f 6400/7962/658 6402/8006/6729 5805/8007/363
f 5359/8008/6730 5356/8009/6731 6402/8006/607
f 6402/8006/607 5356/8009/6731 5785/8010/6732
f 6228/8011/6733 5356/8009/6731 5816/7965/6734
f 5344/8012/6735 5340/7610/6349 5342/7564/6301
f 5727/7967/6689 5724/8013/6736 5824/7899/6639
f 5727/7967/6689 5726/7971/6694 5724/8013/6736
f 6165/8014/6737 6377/7976/6700 5724/8013/6738
f 5724/8013/6738 6377/7976/6700 6373/8015/6739
f 6377/7976/6700 5498/8016/6740 6373/8015/6739
f 6373/8015/6739 5498/8016/6740 5748/8017/6741
f 6377/7976/6700 5690/7977/6701 5498/8016/6740
f 5690/8018/6742 6376/8019/6743 5722/8020/6744
f 5690/8018/6742 5688/8021/6745 6376/8019/6743
f 5722/8020/6744 6376/8019/6743 5498/8022/6746
f 5688/8023/771 5630/8024/6747 5528/8025/6748
f 5528/8025/6748 6365/8026/6749 6376/8019/6743
f 5630/8024/6747 6365/8026/6749 5528/8025/6748
f 6376/8019/6743 6365/8026/6749 6371/8027/6750
f 6365/8026/6749 5441/8028/737 6371/8027/6750
f 6371/8027/6750 5441/8028/737 5437/7983/6704
f 6371/8027/6750 5437/7983/6704 5438/8029/6751
f 5437/7983/6704 5482/7982/6703 5436/8030/6752
f 5482/7982/6703 5623/8031/6753 5436/8030/6752
f 5623/8031/6753 5433/8032/6754 5436/8030/6752
f 5436/8030/6752 5433/8032/6754 5622/8033/6755
f 6363/7925/6657 5432/8034/6756 5440/7986/6707
f 6363/7925/6657 6356/7989/6710 5432/8034/6756
f 5433/8032/6754 5432/8034/6756 5431/8035/6757
f 5431/8035/6757 5432/8034/6756 6368/8036/6758
f 5432/8034/6756 6356/7989/6710 6368/8036/6758
f 6356/7989/6710 5405/8037/6759 6368/8036/6758
f 6356/7989/6710 6357/8038/6760 5405/8037/6759
f 6356/7992/6714 5435/7991/6713 5408/8039/6761
f 5481/8040/6762 5396/7993/6716 5397/8041/6763
f 5435/8042/6764 5397/8041/6763 6357/8038/6760
f 5396/7993/6716 6276/8043/6765 5397/8041/6763
f 5396/7993/6716 5465/7996/6720 6276/8043/6765
f 5465/7997/6766 5469/8044/6767 6275/8045/6768
f 5469/8044/6767 5446/8046/6769 6275/8045/6768
f 5376/7999/6723 5370/8002/6726 5375/8047/669
f 5370/8002/6726 6399/8003/6727 5375/8047/669
f 6399/8003/6727 5374/8048/1717 5375/8047/669
f 5368/7958/596 5369/8049/610 6399/8003/6727
f 5368/7958/596 6400/7962/6544 5371/8050/6770
f 5368/7958/596 5371/8050/6770 5369/8049/610
f 5371/8050/6770 6400/7962/6544 6359/8051/239
f 6400/7962/658 5805/8007/363 5360/8052/6771
f 5805/8007/363 6402/8006/6729 5784/8053/6772
f 5785/8010/6732 5356/8009/6731 5355/8054/6773
f 5355/8054/6773 5354/8055/6774 5784/8056/6775
f 5356/8009/6731 5354/8055/6774 5355/8054/6773
f 5354/8055/6774 5356/8009/6731 6228/8011/6733
f 6228/8011/6733 5892/8057/6776 5354/8055/6774
f 5892/8057/6776 5351/8058/6777 5354/8055/6774
f 5350/8059/6778 6228/8011/6779 5845/8060/6780
f 5824/7899/6639 5724/8013/6736 5781/8061/6781
f 5724/8013/6736 5780/8062/6782 5781/8061/6781
f 6373/8015/6739 5748/8017/6741 5723/8063/737
f 6373/8015/6739 5723/8063/737 5780/8062/737
f 6375/8064/6783 5498/8022/6746 5497/8065/672
f 6375/8064/6784 5509/8066/6785 6372/8067/6786
f 5498/8022/6746 6376/8019/6743 5497/8065/672
f 6376/8019/6743 6371/8027/6750 6372/8067/6786
f 5497/8065/672 6372/8067/6786 5509/8066/6785
f 6376/8019/6743 6372/8067/6786 5497/8065/672
f 6371/8068/6750 5693/8069/6787 6372/8070/6786
f 6371/8068/6750 6370/8071/6788 5693/8069/6787
f 5693/8072/6787 5438/8029/6789 6372/8067/6786
f 5438/8029/6751 5437/7983/6704 5436/8030/6752
f 5436/8030/6752 5426/8073/6790 5438/8029/6751
f 5436/8030/6752 5622/8033/6755 5423/8074/6791
f 5423/8074/6791 5622/8033/6755 5425/8075/6792
f 5423/8074/6791 5425/8075/6792 5424/8076/6793
f 5622/8033/6755 5433/8032/6754 5431/8035/6757
f 5425/8077/6794 6369/8078/6795 5413/8079/6796
f 6357/8038/6760 5403/8080/6797 5405/8037/6759
f 5405/8037/6759 5403/8080/6797 5402/8081/6798
f 5403/8080/6797 6357/8038/6760 5419/8082/6799
f 5419/8082/6799 6357/8038/6760 5398/8083/6800
f 6357/8038/6760 5397/8041/6763 6276/8043/6765
f 6276/8043/6765 5446/8084/6801 5388/8085/6802
f 5446/8046/6769 5469/8044/6767 5375/8086/6803
f 5387/8087/6804 5375/8088/773 5377/8089/6540
f 5375/8088/773 5369/8090/1765 5377/8089/6540
f 5369/8090/1765 6274/8091/6805 5377/8089/6540
f 5371/8050/6770 6359/8051/239 6274/8092/6806
f 6359/8051/239 5385/8093/6807 6274/8092/6806
f 5360/8094/6808 6360/8095/6809 5385/8096/6810
f 5385/8096/6810 6360/8095/6809 5386/8097/6811
f 6360/8095/6809 5354/8098/6812 5783/8099/6813
f 6361/8100/6814 5784/8056/6775 5354/8055/6774
f 5784/8056/6775 6361/8100/6814 6360/8095/6815
f 5352/8101/6816 5351/8102/6817 5350/8059/6778
f 5824/7899/6639 5781/8061/6781 5809/8103/6818
f 5781/8061/6781 5590/8104/6819 5809/8103/6818
f 5809/8103/6818 5590/8104/6819 5789/8105/6820
f 5780/8062/6782 5591/8106/6821 5781/8061/6781
f 5591/8106/6822 5723/8107/6823 5551/8108/6824
f 5723/8107/6823 6375/8109/6825 5551/8108/6824
f 6375/8109/6825 5500/8110/815 5551/8108/6824
f 6372/8067/6786 5438/8029/6789 5499/8111/6826
f 6374/8112/1892 6372/8067/6786 5499/8111/6826
f 5438/8113/6827 5423/8114/6828 5506/8115/6829
f 5423/8114/6828 5422/8116/6830 5506/8115/6829
f 5423/8074/6791 5424/8076/6793 5420/8117/6831
f 5413/8118/6832 5411/8119/6833 5424/8120/6834
f 5413/8079/6796 6369/8078/6795 6367/8121/6835
f 6369/8078/6795 5431/8122/6836 6367/8121/6835
f 6367/8121/6835 5431/8122/6836 5410/8123/6837
f 5431/8122/6836 5405/8037/6838 5409/8124/6839
f 5431/8122/6836 5409/8124/6839 5410/8123/6837
f 5402/8081/6798 5403/8080/6797 5401/8125/6840
f 6357/8038/6760 5399/8126/6841 5398/8083/6800
f 5403/8080/6842 5398/8083/6800 5400/8127/6843
f 5398/8083/6800 5399/8126/6841 5400/8127/6843
f 5399/8126/6841 6357/8038/6760 6276/8043/6765
f 5399/8126/6841 6276/8043/6765 5393/8128/6844
f 5393/8128/6844 6276/8043/6765 5388/8085/6802
f 5446/8046/6845 5387/8087/6804 5377/8089/6540
f 5446/8046/6845 5377/8089/6540 5391/8129/6649
f 5391/8129/6649 5377/8089/6540 5390/8130/6846
f 5377/8089/6540 5388/8131/6847 5390/8130/6846
f 5388/8085/6802 6564/8132/6848 5389/8133/770
f 6564/8132/6848 5377/8134/6805 5389/8133/770
f 5377/8134/6805 5444/8135/1564 5389/8133/770
f 5377/8089/6540 6274/8091/6805 5378/8136/6849
f 6274/8091/6805 5381/8137/6850 5378/8136/6849
f 5379/8138/6851 5380/8139/6852 6274/8091/6853
f 5380/8139/6852 5382/8140/6852 5383/8141/6854
f 5379/8138/6851 5382/8140/6852 5380/8139/6852
f 5385/8096/6810 5386/8097/6811 5379/8138/1486
f 6360/8095/6809 5783/8099/6813 5386/8097/6811
f 5386/8142/6855 5774/8143/6856 5776/8144/6857
f 5776/8144/6857 5774/8143/6856 6277/8145/6858
f 5354/8098/6812 5864/8146/6859 5783/8099/6813
f 5352/8101/6816 5353/8147/6860 5354/8148/6861
f 5352/8101/6816 5350/8059/6778 5353/8147/6860
f 5350/8059/6778 5845/8060/6780 5353/8147/6860
f 6186/8149/6862 5809/8103/6863 5790/8150/6864
f 5590/8151/6865 5554/8152/6866 5553/8153/6867
f 5591/8106/6822 5551/8108/6824 5590/8104/6868
f 5551/8108/6824 5501/8154/6674 5549/8155/6869
f 5551/8108/6824 5549/8155/6869 5550/8156/6870
f 5551/8108/6824 5500/8110/815 5501/8154/6674
f 5501/8154/6674 5500/8110/815 6374/8112/1892
f 5501/8154/6674 6374/8112/1892 5499/8111/6826
f 5499/8111/6826 5506/8157/6871 5501/8154/6674
f 5501/8154/6674 5506/8157/6871 5505/8158/6872
f 5504/8159/6873 5421/8160/6874 5503/8161/6875
f 5504/8159/6873 5505/8158/6872 5421/8160/6874
f 5505/8158/6872 5506/8157/6871 5421/8160/6874
f 5422/8162/6876 5420/8117/6877 5421/8163/6878
f 5421/8163/6878 5420/8117/6877 5411/8164/6879
f 5411/8119/6880 5416/8165/6881 5417/8166/6882
f 5411/8119/6880 5412/8167/6883 5416/8165/6881
f 5411/8119/6880 6367/8121/6835 5412/8167/6883
f 6367/8121/6835 6366/8168/6884 5412/8167/6883
f 5416/8165/6881 5407/8169/6885 5414/8170/6886
f 6367/8121/6835 5410/8123/6837 6366/8168/6884
f 6366/8168/6884 5410/8123/6837 5454/8171/6887
f 6366/8168/6884 5454/8171/6887 5407/8169/6885
f 5407/8169/6885 5454/8171/6887 5406/8172/6888
f 5409/8124/6839 5406/8173/6889 5410/8123/6837
f 5400/8127/6843 5399/8126/6841 5401/8174/6890
f 5399/8126/6841 5404/8175/6891 5401/8174/6890
f 5399/8176/6892 5394/8177/6893 5395/8178/6894
f 5394/8177/6895 5393/8128/6896 5451/8179/6897
f 5393/8128/6844 5388/8085/6802 5392/8180/6898
f 5393/8128/6896 5460/8181/6899 5451/8179/6897
f 5388/8085/6802 5452/8182/6900 5392/8180/6898
f 5392/8180/6898 5452/8182/6900 5460/8183/6901
f 5388/8085/6802 5477/8184/6902 5452/8182/6900
f 5388/8085/6802 5389/8133/770 5477/8184/6902
f 5389/8133/770 5444/8135/1564 6284/8185/773
f 6284/8185/773 5444/8135/1564 5548/8186/6903
f 5444/8135/1564 5445/8187/596 5384/8188/1337
f 5444/8135/1564 5476/8189/6904 5548/8186/6903
f 5444/8135/1564 5381/8190/714 5445/8187/596
f 5381/8190/738 5380/8139/6852 5384/8191/777
f 5380/8139/6852 5383/8141/6854 5384/8191/777
f 5384/8191/777 5383/8141/6854 5568/8192/1076
f 5384/8188/1337 5476/8189/6904 5444/8135/1564
f 5568/8192/1898 5382/8193/6905 5476/8194/6905
f 5476/8194/6905 5382/8193/6905 6282/8195/1517
f 5382/8140/6906 5386/8196/6907 5740/8197/6908
f 5382/8140/6906 5740/8197/6908 5806/8198/6909
f 6282/8195/1336 5806/8198/878 5777/8199/673
f 5776/8144/6857 5777/8200/6910 5740/8201/6906
f 5776/8144/6857 6277/8145/6858 5777/8200/6910
f 6277/8145/6858 5774/8143/6856 6278/8202/6911
f 5774/8143/6856 6358/8203/6912 6278/8202/6911
f 6358/8203/6912 5774/8143/6856 6271/8204/6913
f 6271/8204/6913 5775/8205/6914 6358/8203/6912
f 6278/8202/6911 6358/8203/6912 5786/8206/6805
f 6271/8204/6913 5353/8207/6915 5779/8208/6916
f 5789/8209/6917 5553/8153/6867 5749/8210/6918
f 5749/8210/6918 5553/8153/6867 5554/8152/6866
f 5749/8210/6918 5552/8211/1471 5571/8212/1379
f 5749/8210/6918 5554/8152/6866 5552/8211/1471
f 5554/8152/6866 5550/8156/6919 5552/8211/1471
f 5501/8154/6920 5502/8213/6921 5510/8214/6922
f 5510/8214/6922 5502/8213/6921 6289/8215/6923
f 5501/8154/6920 5504/8159/6873 5502/8213/6921
f 5504/8159/6873 5503/8161/6875 5502/8213/6921
f 5421/8160/6874 5507/8216/6924 5503/8161/6875
f 5421/8160/6874 5418/8217/6925 5507/8216/6924
f 5507/8216/6924 5418/8217/6925 5508/8218/6926
f 5417/8166/6882 5414/8170/6886 5418/8219/6927
f 5417/8166/6882 5416/8165/6881 5414/8170/6886
f 5407/8169/6885 5406/8172/6888 5414/8170/6886
f 5414/8170/6886 5406/8172/6888 5427/8220/6928
f 5427/8220/6928 5406/8172/6888 5565/8221/6929
f 5427/8220/6928 5565/8221/6929 6263/8222/6930
f 5493/8223/6931 5406/8172/6932 5401/8224/6933
f 5401/8224/6933 6012/8225/6934 5493/8223/6931
f 5401/8224/6933 5429/8226/6935 6012/8225/6934
f 5415/8227/6936 5451/8228/6937 5429/8229/6938
f 6012/8225/6934 5429/8226/6935 5480/8230/6939
f 5480/8230/6939 5429/8226/6935 5479/8231/6940
f 5480/8230/6939 5479/8231/6940 5453/8232/6941
f 5415/8227/6936 5404/8233/6942 5451/8228/6937
f 5404/8233/6942 5395/8234/6943 5451/8228/6937
f 5451/8235/6944 5449/8236/6945 6285/8237/6946
f 5451/8179/6947 5461/8238/6948 5494/8239/6949
f 5494/8240/6950 5456/8241/6950 5449/8242/6950
f 5461/8238/6948 5460/8183/6951 5494/8239/6949
f 5460/8243/364 5462/8244/6952 5458/8245/6953
f 5460/8243/364 5458/8245/6953 5456/8246/6954
f 5462/8247/6955 5477/8184/735 5478/8248/750
f 5478/8248/750 5477/8184/735 6284/8185/773
f 5478/8248/750 6284/8185/773 5456/8249/944
f 6284/8185/773 5548/8186/6903 5456/8249/944
f 5456/8249/944 5548/8186/6903 5537/8250/6956
f 6282/8251/604 6283/8252/6957 5716/8253/6682
f 6282/8251/604 5715/8254/743 6283/8252/6957
f 6282/8195/1336 5777/8199/673 6281/8255/6958
f 6281/8256/655 5718/8257/6959 5715/8254/743
f 5718/8257/6959 5717/8258/1392 5715/8254/743
f 5718/8257/6959 6277/8145/6960 5717/8258/1392
f 6278/8202/6911 5778/8259/6961 6277/8145/6858
f 6277/8145/6858 5778/8259/6961 6279/8260/6962
f 6279/8260/6962 5778/8259/6961 5876/8261/6963
f 5778/8259/6961 5779/8208/6916 5876/8261/6963
f 5775/8205/6914 5779/8208/6916 5778/8259/6961
f 5775/8205/6914 6271/8204/6913 5779/8208/6916
f 5779/8208/6916 5353/8207/6915 6262/8262/6964
f 6280/8263/6965 5779/8264/6966 5877/8265/6967
f 5790/8266/6968 5751/8267/6969 6205/8268/6970
f 5790/8266/6968 5750/8269/6971 5751/8267/6969
f 5828/8270/6972 5751/8271/6972 5576/8272/6972
f 5790/8266/6968 5570/8273/6973 5750/8269/6971
f 5790/8266/6968 5749/8210/6918 5570/8273/6973
f 5750/8269/6971 5570/8273/6973 5576/8274/6974
f 5749/8210/6918 5571/8212/1379 5570/8273/6973
f 5570/8273/6973 5571/8212/1379 5567/8275/6975
f 5570/8273/6973 5567/8275/6975 5569/8276/6658
f 5569/8276/6658 5567/8275/6975 5575/8277/1132
f 5567/8275/6975 5552/8211/6976 5575/8277/1132
f 5549/8155/6869 5517/8278/6977 5550/8156/6870
f 5550/8279/1265 6288/8280/1265 5575/8277/1265
f 5510/8214/6922 6289/8215/6923 5517/8281/6978
f 5502/8213/6921 5522/8282/6979 6289/8215/6923
f 5522/8282/6979 5523/8283/6980 6289/8215/6923
f 5523/8283/6980 5507/8284/6981 6289/8215/6923
f 5507/8284/6981 5524/8285/6982 6289/8215/6923
f 5524/8285/6982 5525/8286/6983 6289/8215/6923
f 5524/8285/6982 5428/8287/6984 5525/8286/6983
f 5524/8285/6982 5508/8218/6985 5428/8287/6984
f 5508/8218/6985 5687/8288/6986 5428/8287/6984
f 5418/8289/6987 5427/8220/6988 5428/8290/6989
f 5427/8291/6990 5493/8223/6931 5488/8292/6991
f 5488/8292/6991 5493/8223/6931 5485/8293/6992
f 5493/8223/6931 5447/8294/6993 5485/8293/6992
f 6012/8225/6934 5453/8295/6994 5493/8223/6931
f 5493/8223/6931 5453/8295/6994 5430/8296/6995
f 5430/8296/6995 5447/8294/6993 5493/8223/6931
f 5479/8231/6996 6285/8237/6946 5447/8294/6993
f 6285/8237/6946 5449/8236/6945 5447/8294/6993
f 5456/8297/1382 5475/8298/6997 5450/8299/6998
f 5450/8299/6998 5475/8298/6997 6287/8300/6999
f 5475/8298/6997 5459/8301/6999 6287/8300/6999
f 5537/8250/6956 5548/8186/6903 5716/8302/7000
f 5717/8258/1392 6279/8260/6962 5715/8254/743
f 5715/8254/743 6279/8260/6962 6283/8252/6957
f 6283/8252/6957 6279/8260/6962 5720/8303/7001
f 6279/8260/6962 5876/8261/6963 5875/8304/7002
f 6279/8260/6962 5875/8304/7002 5720/8303/7001
f 5876/8261/7003 5873/8305/7004 5874/8306/7005
f 5876/8261/7003 6280/8263/6965 5873/8305/7004
f 6280/8263/6965 5877/8265/6967 5873/8305/7004
f 5576/8307/7006 6211/8308/7006 5577/8309/7006
f 5576/8307/7007 6347/8310/7008 6348/8311/7009
f 5577/8312/7010 5569/8276/6658 6347/8310/7008
f 5569/8276/6658 5575/8277/1132 6347/8310/7008
f 5575/8277/1132 6349/8313/714 6347/8310/7008
f 5730/8314/771 6347/8310/7008 6349/8313/714
f 5575/8277/1132 5573/8315/736 6349/8313/714
f 5573/8315/736 5574/8316/798 6349/8313/714
f 5575/8317/7011 5517/8281/6978 5516/8318/7012
f 5517/8281/6978 5512/8319/7013 5516/8318/7012
f 5517/8281/6978 6289/8215/6923 5512/8319/7013
f 5512/8319/7013 5518/8320/6249 5516/8318/7012
f 6289/8215/6923 5511/8321/7014 5512/8319/7013
f 5512/8319/7015 5515/8322/7016 6290/8323/7017
f 5515/8322/7016 6251/8324/7018 6290/8323/7017
f 5514/8325/7019 5428/8326/7020 5511/8321/7020
f 5428/8326/7021 6583/8327/7022 5492/8328/7023
f 5488/8292/6991 5485/8293/6992 6583/8327/7022
f 6583/8327/7022 5485/8293/6992 5486/8329/7024
f 6583/8327/7022 5486/8329/7024 5492/8328/7023
f 5486/8329/7025 6346/8330/7026 5487/8331/7027
f 5447/8294/6993 5448/8332/7028 5483/8333/7029
f 5447/8294/6993 5449/8236/6945 5448/8332/7028
f 5449/8236/6945 6287/8334/7030 5448/8332/7028
f 6287/8334/7030 5613/8335/7031 5448/8332/7028
f 6287/8334/7032 5556/8336/7033 5457/8337/6599
f 6287/8334/7032 5457/8337/6599 5559/8338/7034
f 5459/8339/6545 5537/8340/7035 5556/8341/6658
f 5537/8340/7035 5463/8342/817 5556/8341/6658
f 5463/8342/817 5535/8343/220 5556/8341/6658
f 5556/8341/6658 5535/8343/220 5561/8344/6658
f 5535/8343/220 5463/8342/817 5536/8345/7036
f 6283/8252/6957 5587/8346/7037 5716/8253/6682
f 5463/8347/7038 5587/8348/655 6286/8349/7039
f 6286/8349/7039 5587/8348/655 6292/8350/7040
f 6283/8252/6957 5585/8351/7041 5587/8346/7037
f 5587/8348/655 5563/8352/6492 6292/8350/7040
f 5585/8351/7042 5586/8353/7043 5563/8352/7044
f 5719/8354/7045 5720/8355/7046 5585/8351/7042
f 5585/8351/7042 5720/8355/7046 5586/8353/7043
f 5720/8355/7046 6355/8356/7047 5586/8353/7043
f 5874/8306/7005 5873/8305/7004 6355/8356/7047
f 5865/8357/7048 5576/8307/7007 5761/8358/7049
f 6348/8311/7009 5761/8358/7049 5576/8307/7007
f 6348/8311/7009 5765/8359/7050 5761/8358/7049
f 6347/8310/7008 5730/8314/771 5572/8360/735
f 6347/8310/7008 5572/8360/735 6348/8311/7009
f 6348/8311/7009 5572/8360/735 5729/8361/7051
f 5572/8360/735 6313/8362/683 5729/8361/7051
f 5572/8360/735 5639/8363/714 6313/8362/683
f 5574/8316/6684 5520/8364/596 5639/8363/714
f 5520/8364/596 5593/8365/738 5639/8363/714
f 5639/8363/714 5593/8365/738 6313/8362/683
f 5520/8364/596 5573/8366/1074 5593/8365/738
f 5573/8366/1074 5519/8367/6616 5593/8365/738
f 5518/8320/1205 5519/8367/6616 5573/8366/1074
f 5519/8367/6616 5518/8320/1205 5521/8368/7052
f 5518/8320/1205 5634/8369/6628 5521/8368/7052
f 5518/8320/1205 6290/8323/7017 5634/8369/6628
f 6290/8323/7017 6251/8324/7018 5634/8369/6628
f 5634/8370/7053 5791/8371/7054 5691/8372/7055
f 5791/8371/7054 5692/8373/7056 5691/8372/7055
f 5515/8322/7057 5513/8374/7057 6587/8375/7057
f 5515/8376/7058 5511/8377/7059 6588/8378/7060
f 5634/8379/7061 5689/8380/7062 5621/8381/7063
f 6588/8378/7060 5511/8377/7059 5513/8382/7064
f 5689/8380/7062 6353/8383/7065 5621/8381/7063
f 5513/8382/7064 5526/8384/7066 6353/8383/7065
f 5513/8382/7064 5511/8377/7059 5526/8384/7066
f 5492/8385/7067 5487/8331/7067 5511/8386/7067
f 6353/8383/7065 5526/8384/7066 5527/8387/7068
f 5487/8331/7027 5543/8388/7069 5526/8389/6976
f 5487/8331/7027 6346/8330/7026 5543/8388/7069
f 6346/8330/7026 5485/8293/7070 5543/8388/7069
f 6352/8390/7071 5489/8391/1379 5543/8392/1338
f 5485/8293/6992 5484/8393/7072 6352/8390/7071
f 6352/8390/7071 5484/8393/7072 5489/8391/1379
f 5543/8392/1338 5489/8391/1379 5555/8394/7073
f 5485/8293/6992 5483/8333/7029 5484/8393/7072
f 5447/8294/6993 5483/8333/7029 5485/8293/6992
f 5489/8391/1379 5490/8395/736 5555/8394/7073
f 5490/8395/736 5483/8333/596 6354/8396/6658
f 5490/8395/736 5566/8397/736 5555/8394/7073
f 5490/8395/736 6354/8396/6658 5566/8397/736
f 5483/8333/596 5613/8335/7074 6354/8396/6658
f 5613/8335/7074 6291/8398/6484 6354/8396/6658
f 6354/8396/6658 6291/8398/6484 5615/8399/6206
f 6291/8398/6484 5638/8400/608 5615/8399/6206
f 6291/8398/6484 6287/8401/679 5638/8400/608
f 5558/8402/7075 5638/8400/608 6287/8401/679
f 5559/8338/7076 5556/8403/7077 5558/8404/7078
f 5556/8403/7077 5557/8405/1324 5558/8404/7078
f 5558/8404/7078 5557/8405/1324 5615/8406/7079
f 5557/8405/7080 5561/8344/7081 5564/8407/608
f 5561/8344/7081 5536/8408/7082 5564/8407/608
f 6292/8350/7040 5562/8409/7083 6286/8349/7039
f 6286/8349/7039 5562/8409/7083 5536/8408/7084
f 5536/8410/7085 6292/8350/7040 5579/8411/1433
f 5579/8411/1433 6292/8350/7040 5578/8412/1077
f 5563/8352/7044 5586/8353/7043 5584/8413/7086
f 5563/8352/7044 5584/8413/7086 5583/8414/7087
f 6355/8356/7047 5872/8415/7088 5586/8353/7043
f 5872/8415/7088 5620/8416/7089 5586/8353/7043
f 6355/8356/7047 5873/8305/7004 5872/8415/7088
f 5620/8416/7089 5872/8415/7088 5942/8417/7090
f 5872/8415/7088 5873/8305/7004 6145/8418/7091
f 5873/8305/7004 5912/8419/7092 6145/8418/7091
f 6154/8420/7093 5828/8421/7094 5865/8357/7048
f 5865/8357/7048 5761/8358/7049 6154/8420/7093
f 5765/8359/7050 5766/8422/7095 5761/8358/7049
f 5830/8423/7096 5729/8424/7097 5766/8422/7095
f 5766/8422/7095 5729/8424/7097 6312/8425/7098
f 5519/8367/6616 5592/8426/7099 5593/8365/738
f 5593/8365/738 5592/8426/7099 6350/8427/7100
f 5521/8368/1431 6350/8427/7100 5592/8426/7099
f 6350/8427/7101 5691/8372/7055 6303/8428/1632
f 5691/8372/7055 5692/8373/7056 6303/8428/1632
f 5692/8373/7056 5527/8429/7102 5646/8430/7103
f 5621/8381/7063 6353/8383/7065 5527/8387/7068
f 5739/8431/770 5538/8432/7104 5643/8433/771
f 5538/8432/7104 5527/8434/7105 5530/8435/363
f 5538/8432/7104 5530/8435/363 5541/8436/7106
f 5527/8387/7068 5526/8384/7066 5539/8437/7107
f 5530/8435/7108 5539/8438/6202 5542/8439/7109
f 5539/8438/6202 5540/8440/1522 5542/8439/7109
f 5543/8392/1338 5555/8394/7073 5491/8441/7110
f 5543/8442/7111 5601/8443/800 5608/8444/1802
f 5608/8444/1802 5601/8443/800 5610/8445/7112
f 5601/8443/800 5602/8446/7113 5610/8445/7112
f 5555/8447/716 5603/8448/6616 5601/8443/800
f 5603/8448/6616 5602/8446/7113 5601/8443/800
f 5612/8449/726 5611/8450/908 5602/8451/1302
f 6354/8396/6658 5615/8399/6206 5612/8449/726
f 5612/8449/726 5615/8399/6206 5611/8450/908
f 5615/8406/7079 5557/8405/1324 5560/8452/6997
f 5560/8452/6997 5557/8405/1324 5633/8453/6740
f 5633/8453/7114 5564/8407/1126 5807/8454/7115
f 5564/8407/1126 5579/8411/1433 5807/8454/7115
f 6292/8350/7040 5563/8352/6492 5578/8412/1077
f 5579/8411/1433 5580/8455/1476 5807/8454/7115
f 5579/8411/1433 5578/8412/1077 5580/8455/1476
f 5563/8352/7044 5583/8414/7087 5588/8456/7116
f 5588/8457/7117 6293/8458/7118 5580/8455/7119
f 5588/8457/7117 5619/8459/7117 6293/8458/7118
f 5583/8460/7120 5586/8353/7121 5619/8461/7122
f 5586/8353/7121 5614/8462/7123 5619/8461/7122
f 5614/8462/7123 5620/8463/7124 5619/8461/7122
f 5619/8461/7122 5620/8463/7124 6017/8464/7125
f 5620/8463/7126 6272/8465/7127 6234/8466/7128
f 6145/8418/7091 5912/8419/7092 6042/8467/7129
f 6042/8468/7130 6041/8469/7131 6272/8465/7127
f 6154/8470/7132 6170/8471/7133 6036/8472/7134
f 6170/8471/7133 5761/8358/7135 6036/8472/7134
f 5766/8422/7095 5686/8473/7136 5761/8358/7049
f 5761/8358/7049 5686/8473/7136 5911/8474/7137
f 5686/8473/7136 5766/8422/7095 5641/8475/7138
f 6312/8425/7098 5641/8475/7138 5766/8422/7095
f 6312/8425/7098 5640/8476/7139 5641/8475/7138
f 6312/8425/7098 6313/8362/1074 5640/8476/7139
f 5640/8476/7139 6313/8362/1074 6311/8477/778
f 6313/8362/683 5593/8365/738 5595/8478/1563
f 6313/8362/683 5595/8478/1563 6310/8479/7140
f 5594/8480/604 6350/8427/7101 5595/8478/1563
f 5595/8478/1563 5799/8481/7141 6310/8479/7140
f 5595/8478/1563 6350/8427/7101 6303/8428/1632
f 5595/8478/1563 6303/8428/1632 5799/8481/7141
f 5645/8482/7142 6303/8428/1632 5646/8430/7103
f 6303/8428/1632 5692/8373/7056 5646/8430/7103
f 5646/8430/7103 5647/8483/726 5644/8484/7143
f 5645/8482/7142 5646/8430/7103 5644/8484/7143
f 5644/8484/7143 5546/8485/7144 5645/8482/7142
f 5646/8430/7103 5739/8431/6658 5647/8483/726
f 5643/8433/771 5538/8432/7104 5541/8436/7106
f 5643/8486/7145 5544/8487/6651 5545/8488/7146
f 5530/8435/363 6340/8489/7147 5541/8436/7106
f 5542/8439/7109 6306/8490/7148 6340/8491/7149
f 6306/8490/7148 5542/8439/7109 5540/8440/1522
f 5544/8487/6651 6340/8491/7149 6306/8490/7148
f 5540/8440/1475 5543/8492/7150 5610/8493/7151
f 5610/8493/7151 5599/8494/7152 5540/8440/1475
f 5610/8445/7153 5600/8495/7154 6302/8496/7155
f 5611/8450/908 5615/8399/6206 5610/8445/7153
f 5610/8445/7153 5609/8497/7156 5600/8495/7154
f 5610/8445/7153 5615/8399/6206 6351/8498/675
f 5610/8445/7153 6351/8498/675 5609/8497/7156
f 6351/8499/7157 5650/8500/7157 5648/8501/7157
f 5615/8502/655 5633/8453/7114 5648/8501/7158
f 5648/8501/7158 5713/8503/7159 5651/8504/7160
f 5648/8501/7158 5633/8453/7114 5713/8503/7159
f 5651/8504/7160 5713/8503/7159 5649/8505/7161
f 5633/8453/7114 5807/8454/7115 5713/8503/7159
f 5713/8503/7159 5807/8454/7115 5808/8506/7162
f 5580/8455/1476 5582/8507/7163 5807/8454/7115
f 5582/8507/7163 5580/8455/1476 5581/8508/7164
f 5580/8455/7119 6293/8458/7118 5891/8509/7165
f 6293/8458/7118 6017/8510/7166 5891/8509/7165
f 6017/8511/7167 6234/8512/7168 6172/8513/7169
f 6041/8469/7131 6255/8514/7170 6272/8465/7127
f 6234/8466/7128 6272/8465/7127 6040/8515/7171
f 6272/8465/7127 6255/8514/7170 6040/8515/7171
f 6255/8514/7170 6041/8469/7131 6254/8516/7172
f 5911/8517/7173 6035/8518/7174 6036/8519/7175
f 6036/8519/7175 6035/8518/7174 6267/8520/7176
f 5686/8521/7177 6314/8522/7178 6035/8518/7179
f 6314/8522/7178 5641/8523/7180 6035/8518/7179
f 6035/8524/7099 5636/8525/7099 6037/8526/7099
f 5637/8527/1643 6310/8479/7140 5636/8528/7181
f 5637/8527/1643 5636/8528/7181 5641/8475/7182
f 5636/8528/7181 6310/8479/7140 5698/8529/6271
f 5698/8529/6271 6310/8479/7140 6315/8530/7183
f 6315/8530/7183 6310/8479/7140 5700/8531/7184
f 6315/8530/7183 5700/8531/7184 5596/8532/7185
f 5799/8481/7141 5700/8531/7184 6310/8479/7140
f 5700/8533/7186 5645/8482/7142 5546/8485/7144
f 5546/8485/7144 5644/8484/7143 5884/8534/7187
f 5884/8534/7187 5644/8484/7143 5545/8535/775
f 5544/8487/6651 6306/8490/7148 5545/8488/7146
f 5540/8440/1522 5598/8536/1631 6306/8490/7148
f 6306/8490/7148 5598/8536/1631 5597/8537/7188
f 5597/8537/7188 5598/8536/1631 6304/8538/6909
f 5599/8539/7189 6302/8496/7155 5598/8536/1631
f 5598/8536/1631 6302/8496/7155 6304/8538/6909
f 6302/8496/7155 5600/8495/7154 6304/8538/6909
f 5600/8495/7154 5605/8540/7190 6304/8538/6909
f 5606/8541/7191 6304/8538/6909 5605/8540/7190
f 6304/8538/6909 5606/8541/7191 5607/8542/747
f 5605/8540/7190 5705/8543/6621 5606/8541/7191
f 5605/8540/7190 5609/8544/7192 5705/8543/6621
f 5609/8497/7193 5651/8504/7160 5702/8545/7194
f 5702/8545/7194 5651/8504/7160 6341/8546/7195
f 5703/8547/7196 5702/8545/7194 6341/8546/7195
f 5648/8501/7158 5651/8504/7160 5609/8497/7193
f 5649/8505/7197 5582/8507/7198 6242/8548/7199
f 6242/8548/7199 5582/8507/7198 6341/8546/7200
f 5713/8503/7159 5808/8506/7162 5582/8549/7201
f 5582/8507/7198 5850/8550/7202 6341/8546/7200
f 6341/8546/7200 5850/8550/7202 5849/8551/7203
f 5582/8507/7163 5581/8508/7164 5624/8552/7204
f 5581/8508/7164 5891/8509/7205 5624/8552/7204
f 5624/8552/7204 5891/8509/7205 6345/8553/7206
f 5891/8509/7205 5625/8554/7207 6345/8553/7206
f 6172/8513/7169 6171/8555/7208 5891/8556/7209
f 5625/8554/7207 6294/8557/7210 6155/8558/7211
f 6172/8513/7169 6234/8512/7168 6171/8555/7208
f 6171/8555/7208 6234/8512/7168 6173/8559/7212
f 6234/8512/7168 6202/8560/7213 6173/8559/7212
f 6234/8512/7168 6164/8561/7214 6202/8560/7213
f 6234/8512/7168 6201/8562/7215 6164/8561/7214
f 5963/8563/7216 6267/8520/7176 5768/8564/7217
f 6035/8518/7174 5714/8565/7218 6267/8520/7176
f 6037/8566/7219 5698/8529/7220 5714/8565/7221
f 6315/8530/7183 5596/8532/7185 5696/8567/7222
f 5596/8532/7185 6316/8568/7223 5696/8567/7222
f 5696/8567/7222 6316/8568/7223 5697/8569/7224
f 6316/8568/7223 5596/8532/7185 5898/8570/7225
f 5596/8532/7185 5897/8571/7226 5898/8570/7225
f 5596/8532/7185 5700/8531/7184 5896/8572/7227
f 5896/8572/7228 6317/8573/7229 5897/8571/7230
f 5700/8574/7231 6094/8575/7232 6317/8573/7229
f 6317/8573/7229 6094/8575/7232 6093/8576/7233
f 6317/8573/7229 6093/8576/7233 5897/8571/7230
f 5700/8531/7234 5701/8577/7234 6095/8578/7234
f 6094/8575/7232 6095/8579/7235 6093/8576/7233
f 6095/8580/7236 5546/8485/7144 5884/8534/7187
f 6095/8580/7236 5884/8534/7187 5694/8581/7237
f 5545/8535/7238 5833/8582/7238 5547/8583/7238
f 5597/8584/7239 5604/8585/7239 5863/8586/7239
f 6304/8538/7181 6307/8587/7240 5604/8588/7241
f 6307/8587/7240 5735/8589/7242 5604/8588/7241
f 6307/8587/7240 5707/8590/1743 5735/8589/7242
f 6244/8591/7056 6339/8592/7243 5707/8593/902
f 6307/8594/7244 5607/8595/672 6339/8592/7243
f 5607/8595/672 5703/8596/7245 6339/8592/7243
f 5606/8597/7246 5702/8545/7194 5703/8547/7196
f 5703/8547/7196 5704/8598/7247 5756/8599/7248
f 5703/8547/7196 6341/8546/7195 5704/8598/7247
f 5755/8600/7249 5704/8598/7247 5820/8601/7250
f 5704/8598/7247 6341/8546/7195 5820/8601/7250
f 6341/8546/7195 5754/8602/7251 5820/8601/7250
f 6341/8546/7195 5851/8603/7252 5754/8602/7251
f 5851/8604/7253 5849/8551/7254 6214/8605/7255
f 5582/8507/7163 5624/8552/7204 5849/8606/7256
f 5624/8552/7257 6156/8607/7258 6117/8608/7259
f 5624/8552/7204 6345/8553/7206 6297/8609/7260
f 5624/8610/7261 6296/8611/7262 6298/8612/7263
f 6296/8611/7262 6297/8613/7264 6298/8612/7263
f 6345/8553/7206 5625/8554/7207 6155/8558/7211
f 6155/8558/7211 6294/8557/7210 6203/8614/7265
f 6036/8519/7266 5963/8615/7267 6115/8616/7268
f 6115/8616/7268 5963/8615/7267 6184/8617/7269
f 6267/8520/7176 6175/8618/7270 5768/8564/7217
f 6267/8520/7176 5714/8565/7218 6325/8619/7271
f 6175/8618/7270 6267/8520/7176 6325/8619/7271
f 5768/8620/7272 6325/8619/7271 6184/8617/7269
f 6325/8619/7271 5795/8621/7273 5796/8622/7274
f 6325/8619/7271 5714/8565/7218 5795/8621/7273
f 5698/8529/7220 5696/8567/7222 5797/8623/7275
f 5698/8529/7220 5797/8623/7275 5714/8565/7221
f 5696/8567/7222 5697/8569/7224 5797/8623/7275
f 5797/8623/7275 5699/8624/7276 6333/8625/7277
f 5697/8569/7224 5699/8624/7276 5797/8623/7275
f 5699/8624/7276 5762/8626/7278 6333/8625/7277
f 5699/8624/7276 5731/8627/7279 5762/8626/7278
f 5697/8569/7224 6316/8568/7223 5731/8628/7280
f 5762/8626/7278 5731/8627/7279 5732/8629/7281
f 5898/8570/7282 6087/8630/7283 5731/8631/7284
f 5731/8627/7279 5827/8632/7285 5732/8629/7281
f 6087/8633/7286 5940/8634/7287 5827/8635/7288
f 5827/8635/7288 5940/8634/7287 5941/8636/7289
f 6093/8637/7290 5694/8638/7291 6087/8639/7292
f 6087/8639/7292 5694/8638/7291 5764/8640/7293
f 5694/8638/7291 5763/8641/7294 5764/8640/7293
f 5694/8581/7295 5695/8642/7296 6015/8643/7297
f 5694/8581/7295 6309/8644/7298 5695/8642/7296
f 5694/8581/7295 5545/8645/7299 6309/8644/7298
f 5832/8646/7300 5833/8647/7301 6337/8648/7302
f 5832/8646/7300 5831/8649/7303 6309/8650/7304
f 5832/8646/7300 6337/8648/7302 5831/8649/7303
f 5863/8651/6921 5735/8589/7242 6318/8652/7305
f 5735/8589/7242 5707/8590/1743 6318/8652/7305
f 5707/8593/902 6339/8592/7243 6338/8653/1556
f 6339/8592/7243 5703/8596/7245 6338/8653/1556
f 6338/8653/1556 5706/8654/7306 5707/8593/902
f 5706/8654/7306 6305/8655/7307 6308/8656/7308
f 5703/8547/606 5755/8657/617 5706/8654/7177
f 5706/8654/7177 5755/8657/617 5817/8658/7309
f 6305/8655/7307 5817/8658/7310 5753/8659/7311
f 5820/8601/7312 5885/8660/7313 5819/8661/7314
f 5754/8602/7251 6206/8662/7315 5820/8601/7250
f 6206/8663/7316 6214/8664/7317 5885/8665/7318
f 5624/8666/7319 5947/8667/7320 6214/8668/7321
f 6117/8608/7259 6156/8607/7258 5947/8667/7322
f 6214/8664/7323 6023/8669/449 6019/8670/7324
f 6156/8607/7258 6023/8671/7325 5947/8667/7322
f 6156/8607/7258 6022/8672/7326 6023/8671/7325
f 6155/8558/7327 6198/8673/7328 6297/8674/7329
f 6297/8674/7329 6198/8673/7328 6253/8675/7330
f 6156/8607/7258 6253/8675/7331 6022/8672/7326
f 6198/8673/7328 6155/8558/7327 6157/8676/7332
f 6198/8673/7328 6157/8676/7332 6158/8677/7333
f 6155/8678/7334 6295/8679/7335 6161/8680/7336
f 6203/8681/7337 6164/8682/7338 6295/8679/7335
f 6295/8679/7335 6164/8682/7338 6160/8683/7339
f 6184/8617/7269 5796/8622/7274 6115/8616/7268
f 6184/8617/7269 6325/8619/7271 5796/8622/7274
f 5796/8622/7274 5795/8621/7273 6144/8684/7340
f 5795/8621/7341 5797/8623/7275 5798/8685/7342
f 5797/8623/7275 6333/8625/7277 5798/8685/7342
f 6333/8625/7277 5762/8626/7278 5822/8686/7343
f 5822/8686/7343 5762/8626/7278 5823/8687/7344
f 5822/8686/7343 5823/8687/7344 6335/8688/7345
f 5941/8689/7346 5773/8690/7347 6324/8691/7348
f 5764/8640/7293 5763/8641/7294 5773/8692/7349
f 6015/8643/7297 5695/8642/7296 5915/8693/7350
f 5831/8649/7303 6337/8648/7302 6018/8694/7351
f 6337/8648/7302 5863/8695/7352 6018/8694/7351
f 5741/8696/1464 5709/8697/7353 6018/8694/1302
f 5831/8649/7354 5709/8697/7353 5695/8642/7355
f 5741/8696/1464 6318/8652/7305 5709/8697/7353
f 5863/8651/6921 6318/8652/7305 5741/8696/1464
f 5709/8697/7353 6318/8652/7305 5767/8698/7356
f 5706/8654/7306 6308/8656/7308 5707/8593/902
f 5710/8699/7357 6308/8656/7308 5708/8700/7358
f 6305/8655/7307 5835/8701/7359 5708/8700/7358
f 6308/8656/7308 6305/8655/7307 5708/8700/7358
f 6305/8655/7307 5753/8659/7311 5835/8701/7359
f 5835/8701/7360 5787/8702/7361 5747/8703/7362
f 5753/8659/7311 5817/8658/7310 5818/8704/7363
f 5753/8659/7311 5818/8704/7363 5787/8705/7364
f 5817/8658/7310 5820/8706/7365 5818/8704/7363
f 5885/8660/7313 6043/8707/7366 5819/8661/7314
f 6214/8664/7323 6033/8708/7367 6043/8709/7368
f 6214/8664/7323 6019/8670/7324 6344/8710/7369
f 6214/8664/7323 6344/8710/7369 6033/8708/7367
f 6019/8670/7324 6021/8711/7370 6344/8710/7369
f 6023/8671/7325 6022/8672/7326 6021/8712/7371
f 6299/8713/7372 6158/8714/7373 6024/8715/7374
f 6021/8712/7371 6022/8672/7326 6024/8715/7374
f 6022/8672/7326 6299/8713/7372 6024/8715/7374
f 6024/8715/7374 6158/8714/7373 6025/8716/7375
f 6157/8676/7376 6161/8680/7336 6159/8717/7377
f 6157/8676/7376 6159/8717/7377 6025/8718/7378
f 6161/8680/7336 6295/8679/7335 6159/8717/7377
f 6295/8679/7335 6160/8683/7339 6159/8717/7377
f 6164/8719/7379 6163/8720/7380 6159/8717/7381
f 6115/8616/7268 5796/8622/7274 6326/8721/7382
f 6326/8721/7382 5796/8622/7274 6116/8722/7383
f 6326/8721/7382 6116/8722/7383 6146/8723/7384
f 6144/8684/7340 5795/8621/7273 6146/8724/7385
f 5795/8725/7386 5948/8726/7387 5949/8727/7388
f 5795/8621/7273 6147/8728/7389 6146/8724/7385
f 5948/8726/7387 5822/8686/7343 6335/8688/7345
f 5948/8726/7387 6335/8688/7345 5949/8727/7388
f 5949/8727/7388 6335/8688/7345 5950/8729/7390
f 5950/8729/7390 6335/8688/7345 5951/8730/7391
f 5823/8687/7344 5941/8731/7392 6335/8688/7345
f 5952/8732/7393 5951/8730/7391 6335/8688/7345
f 5941/8689/7346 6324/8691/7348 5952/8732/7394
f 5952/8732/7394 6324/8691/7348 5959/8733/7395
f 6324/8691/7348 5773/8690/7347 6050/8734/7396
f 5773/8690/7347 5960/8735/7397 6050/8734/7396
f 5959/8733/7398 6050/8736/7399 5998/8737/7400
f 5960/8735/7397 5996/8738/7401 6050/8734/7396
f 5960/8735/7397 5763/8739/7402 5996/8738/7401
f 5763/8641/7403 6015/8740/7404 6113/8741/7405
f 5895/8742/7406 5695/8642/7355 5767/8698/7356
f 5695/8642/7355 5709/8697/7353 5767/8698/7356
f 6318/8652/7305 5711/8743/7407 5767/8698/7356
f 5767/8698/7356 5711/8743/7407 5712/8744/7408
f 5707/8590/7409 5710/8745/7409 5711/8743/7409
f 5712/8744/7408 5711/8743/7407 5829/8746/7410
f 5708/8700/7358 5747/8703/7362 5782/8747/7411
f 5708/8700/7358 5782/8747/7411 5710/8699/7357
f 5747/8703/7362 5787/8702/7361 5782/8747/7411
f 5787/8702/7361 6047/8748/7412 5782/8747/7411
f 6047/8748/7413 5818/8749/7414 6045/8750/7415
f 5818/8749/7414 6044/8751/7416 6045/8750/7415
f 6044/8751/7417 5819/8661/7314 6320/8752/7418
f 6320/8752/7418 5819/8661/7314 6043/8707/7366
f 6124/8753/7419 6120/8754/7420 6123/8755/7421
f 6344/8710/7369 6020/8756/7422 6033/8708/7367
f 6033/8708/7367 6020/8756/7422 6342/8757/7423
f 6342/8757/7423 6020/8756/7422 6021/8758/7424
f 6342/8757/7423 6021/8758/7424 6026/8759/7425
f 6342/8757/7423 6026/8759/7425 6231/8760/7426
f 6021/8712/7371 6024/8715/7374 6343/8761/7427
f 6024/8715/7374 6025/8716/7375 6250/8762/7428
f 6027/8763/7429 6159/8764/7430 6216/8765/7431
f 6162/8766/7432 6159/8717/7381 6163/8720/7380
f 6162/8766/7432 6163/8720/7380 6216/8767/7433
f 6210/8768/7434 6326/8769/7435 6209/8770/7436
f 6326/8769/7435 6327/8771/7437 6209/8770/7436
f 6146/8724/7438 6332/8772/7439 6327/8773/7440
f 6151/8774/7441 6148/8775/7442 6327/8776/7443
f 6151/8774/7441 5949/8777/7444 6148/8775/7442
f 6148/8775/7442 5949/8777/7444 5956/8778/7445
f 5956/8778/7446 5950/8729/7390 5951/8730/7391
f 5956/8778/7446 5951/8730/7391 5954/8779/7447
f 5951/8730/7391 5952/8732/7393 5953/8780/7448
f 5951/8730/7391 5953/8780/7448 6109/8781/7449
f 5953/8780/7448 5998/8737/7400 6109/8781/7449
f 5959/8733/7398 5998/8737/7400 5953/8780/7448
f 5998/8782/7450 5996/8783/7451 5997/8784/7452
f 5996/8783/7451 5991/8785/7453 5997/8784/7452
f 5996/8783/7451 5993/8786/7454 5991/8785/7453
f 5993/8786/7455 6013/8787/7456 6323/8788/7457
f 6013/8787/7456 6014/8789/7458 6323/8788/7457
f 5996/8790/7459 5915/8791/7460 6013/8792/7456
f 5915/8791/7460 6336/8793/7461 6013/8792/7456
f 6013/8792/7456 6336/8793/7461 6014/8789/7458
f 5712/8744/7408 5757/8794/7462 5767/8698/7356
f 5767/8698/7356 5757/8794/7462 6014/8789/7463
f 5758/8795/7464 5829/8796/7465 5861/8797/7466
f 6047/8748/7413 6045/8750/7415 6048/8798/7467
f 6045/8750/7468 6320/8799/7469 6046/8800/7470
f 6043/8801/7471 6123/8755/7421 6121/8802/7472
f 6121/8802/7472 6122/8803/7473 6320/8804/7474
f 6123/8755/7421 6120/8754/7420 6121/8802/7472
f 6120/8754/7420 6030/8805/7475 6031/8806/7476
f 6120/8754/7420 6031/8806/7476 6121/8802/7472
f 6121/8802/7472 6031/8806/7476 6122/8803/7473
f 6231/8760/7426 6026/8759/7425 6030/8805/7475
f 6030/8805/7475 6026/8759/7425 6029/8807/7477
f 6031/8806/7476 6030/8805/7475 6029/8807/7477
f 6031/8806/7476 6029/8807/7477 6106/8808/7478
f 6026/8759/7425 6343/8761/7427 6029/8807/7477
f 6034/8809/7479 6343/8761/7427 6026/8759/7425
f 6343/8761/7427 6028/8810/7480 6029/8807/7477
f 6024/8715/7374 6028/8810/7480 6343/8761/7427
f 6024/8715/7374 6027/8763/7429 6028/8810/7480
f 6027/8763/7429 6216/8765/7431 6028/8810/7480
f 6210/8768/7434 6209/8770/7436 6152/8811/7481
f 6209/8770/7436 6327/8771/7437 6208/8812/7482
f 6208/8812/7482 6327/8771/7437 6328/8813/7483
f 6327/8771/7437 6150/8814/7484 6328/8813/7483
f 6327/8771/7437 6149/8815/7485 6150/8814/7484
f 5956/8816/7486 6150/8814/7484 6149/8815/7485
f 5956/8778/7446 5954/8779/7447 5955/8817/7487
f 5954/8779/7447 6230/8818/7488 5955/8817/7487
f 6109/8781/7449 6230/8818/7488 6237/8819/7489
f 5955/8817/7487 6230/8818/7488 6110/8820/7490
f 6109/8781/7449 5998/8737/7400 6230/8818/7488
f 6230/8818/7488 5998/8737/7400 6110/8820/7490
f 6110/8820/7490 5998/8737/7400 6207/8821/7491
f 5998/8737/7400 6334/8822/7492 6207/8821/7491
f 6110/8820/7490 6207/8821/7491 6111/8823/7493
f 6334/8822/7492 5997/8784/7452 6207/8821/7491
f 6207/8821/7491 5999/8824/7494 6329/8825/7495
f 5997/8784/7452 5991/8785/7453 6207/8821/7491
f 6207/8821/7491 5991/8785/7453 5999/8824/7494
f 5991/8785/7453 6000/8826/7496 5999/8824/7494
f 5993/8786/7454 5990/8827/1438 5991/8785/7453
f 5991/8785/7453 6190/8828/7497 5992/8829/7498
f 5991/8785/7453 5990/8827/1438 6190/8828/7497
f 5990/8827/1438 6323/8788/7457 6190/8828/7497
f 6014/8789/7458 6190/8828/7497 6323/8788/7457
f 6014/8789/7458 5989/8830/7499 6190/8828/7497
f 6014/8789/7458 6322/8831/7500 5989/8830/7499
f 5757/8794/7501 5758/8795/7464 6322/8831/7500
f 5758/8795/7464 6321/8832/7502 6322/8831/7500
f 6322/8831/7500 6191/8833/7503 5989/8830/7499
f 6321/8832/7502 5758/8795/7464 5862/8834/6653
f 6321/8832/7502 6191/8833/7503 6322/8831/7500
f 5758/8795/7464 5861/8797/7466 5862/8834/6653
f 5829/8796/7465 6319/8835/7504 5861/8797/7466
f 6319/8835/7504 6045/8836/7505 5861/8797/7466
f 6319/8835/7504 5710/8837/7506 6045/8836/7505
f 5861/8797/7466 6045/8836/7505 6191/8838/7507
f 5918/8839/7508 6199/8840/7509 5916/8841/7510
f 6046/8800/7470 6320/8799/7469 5918/8842/7511
f 5920/8843/7512 6199/8840/7509 5918/8839/7508
f 6199/8840/7509 5920/8843/7512 6122/8844/7513
f 6174/8845/7514 6249/8846/7515 6122/8847/7516
f 6122/8847/7516 6249/8846/7515 6143/8848/7517
f 6031/8806/7476 6106/8808/7478 6174/8849/7518
f 6106/8808/7519 6032/8850/7520 6249/8846/7521
f 6032/8851/7522 6029/8807/7523 6081/8852/7524
f 6081/8852/7525 6028/8853/7526 6301/8854/7527
f 6301/8854/7527 6083/8855/7528 6081/8852/7525
f 6301/8854/7527 6300/8856/7529 6083/8855/7528
f 6215/8857/7530 6300/8858/7531 6216/8859/7532
f 6216/8859/7532 6229/8860/7533 6215/8857/7530
f 6208/8812/7482 6328/8813/7483 6235/8861/7534
f 6208/8812/7482 6235/8861/7534 6152/8811/7535
f 6328/8813/7536 6330/8862/7537 6257/8863/7538
f 6328/8813/7536 5957/8864/7539 6330/8862/7537
f 6150/8814/7540 5955/8817/7541 5957/8865/7542
f 5955/8817/7541 5958/8866/7543 5957/8865/7542
f 5958/8866/7543 5955/8817/7541 6112/8867/7544
f 5957/8868/7545 6112/8867/7546 6256/8869/7547
f 6112/8867/7546 6110/8820/7490 6111/8823/7493
f 6112/8867/7546 6111/8823/7493 6256/8869/7547
f 6001/8870/7548 6207/8821/7491 6329/8825/7495
f 6119/8871/7549 5995/8872/7550 6111/8823/7493
f 6111/8823/7493 6329/8873/7551 6119/8871/7549
f 6329/8825/7552 6000/8874/7553 5995/8875/7554
f 6000/8874/7553 6190/8828/7497 5995/8875/7554
f 5989/8830/7499 5994/8876/7555 6190/8828/7497
f 6190/8828/7497 5994/8876/7555 5995/8875/7554
f 5989/8830/7499 6191/8833/7503 6125/8877/7556
f 6045/8836/7557 5917/8878/7558 6222/8879/7559
f 6191/8880/7560 6222/8881/7561 6223/8882/7562
f 6223/8882/7562 6222/8881/7561 5919/8883/7563
f 5916/8841/7510 5917/8878/7558 6045/8836/7557
f 5917/8878/7558 5916/8841/7510 6221/8884/7564
f 6221/8884/7564 5919/8883/7563 6222/8881/7561
f 6221/8884/7564 5916/8841/7510 5919/8883/7563
f 5916/8841/7510 6199/8840/7509 5919/8883/7563
f 6122/8844/7513 6269/8885/7565 6199/8840/7509
f 6122/8844/7513 6079/8886/7566 6269/8885/7565
f 6079/8886/7566 6270/8887/7567 6269/8885/7565
f 6079/8886/7566 6080/8888/7568 6270/8887/7567
f 6143/8848/7517 6249/8846/7515 6080/8888/7568
f 6249/8846/7515 6081/8852/7525 6080/8888/7568
f 6080/8888/7568 6082/8889/7569 6270/8887/7567
f 6080/8888/7568 6081/8852/7525 6082/8889/7569
f 6081/8852/7525 6083/8855/7528 6082/8889/7569
f 6083/8855/7528 6300/8856/7529 6084/8890/7570
f 6084/8890/7571 6273/8891/7572 6243/8892/7573
f 6083/8855/7528 6243/8892/7574 6082/8889/7569
f 6243/8892/7573 6273/8891/7572 6224/8893/7575
f 6084/8890/7571 6215/8894/7576 6273/8891/7572
f 6224/8893/7575 6273/8891/7572 6593/8895/7577
f 6273/8891/7572 6229/8896/7578 6593/8895/7577
f 6152/8811/7535 6235/8861/7534 6257/8897/7579
f 6330/8862/7537 6252/8898/7580 6257/8863/7538
f 6252/8898/7580 6256/8869/7547 6257/8863/7538
f 6256/8869/7547 5995/8872/7550 6257/8863/7538
f 6111/8823/7493 5995/8872/7550 6256/8869/7547
f 6223/8882/7562 5919/8883/7563 6125/8899/7581
f 6199/8840/7509 6269/8885/7565 6077/8900/7582
f 6082/8889/7583 6224/8893/7575 6593/8895/7577
f 6494/8901/7584 6470/8902/7585 6491/8903/7586
f 6462/8904/7587 6491/8905/7588 6463/8906/7589
f 6466/8907/7590 6463/8906/7589 6492/8908/7591
f 6463/8906/7589 6491/8905/7588 6492/8908/7591
f 6525/8909/7592 6533/8910/7593 6534/8911/7594
f 6465/8912/7595 6506/8913/7596 6501/8914/7597
f 6465/8912/7595 6501/8914/7597 6470/8902/7585
f 6492/8908/7591 6496/8915/7598 6495/8916/7599
f 6535/8917/7600 6537/8918/7601 6536/8919/7602
f 6533/8910/7593 6526/8920/7603 6534/8911/7594
f 6501/8914/7597 6506/8913/7596 6502/8921/7604
f 6501/8914/7597 6519/8922/7605 6470/8902/7585
f 6519/8922/7605 6520/8923/7606 6470/8902/7585
f 6492/8908/7591 6491/8905/7588 6497/8924/7607
f 6491/8905/7588 6490/8925/7608 6497/8924/7607
f 6497/8924/7607 6489/8926/7609 6492/8908/7591
f 6492/8908/7591 6489/8926/7609 6488/8927/7610
f 6489/8926/7609 6490/8925/7608 6488/8927/7610
f 6526/8920/7603 6527/8928/7611 6534/8911/7594
f 6501/8914/7597 6505/8929/7612 6520/8923/7606
f 6470/8902/7585 6471/8930/7613 6491/8903/7586
f 6492/8908/7591 6487/8931/7614 6496/8915/7598
f 6467/8932/7615 6538/8933/7616 6537/8934/7617
f 6501/8914/7597 6502/8921/7604 6505/8929/7612
f 6470/8902/7585 6520/8923/7606 6471/8930/7613
f 6490/8925/7608 6491/8905/7588 6488/8927/7610
f 6488/8927/7610 6487/8931/7614 6492/8908/7591
f 6527/8928/7611 6528/8935/7618 6534/8911/7594
f 6506/8936/7619 6517/8937/7620 6505/8929/7621
f 6505/8929/7612 6471/8930/7613 6520/8923/7606
f 6461/8938/7622 6491/8903/7586 6471/8930/7613
f 6461/8938/7622 6471/8930/7613 6516/8939/7623
f 6498/8940/7624 6488/8927/7610 6491/8905/7588
f 6467/8932/7615 6529/8941/7625 6538/8933/7616
f 6529/8941/7625 6539/8942/7626 6530/8943/7627
f 6528/8935/7618 6531/8944/7628 6534/8911/7594
f 6528/8935/7618 6529/8941/7625 6531/8944/7628
f 6529/8941/7625 6530/8943/7627 6531/8944/7628
f 6506/8936/7619 6503/8945/7629 6517/8937/7620
f 6503/8945/7629 6506/8936/7619 6504/8946/7630
f 6505/8947/7631 6503/8945/7629 6504/8946/7630
f 6505/8947/7631 6504/8946/7630 6500/8948/7632
f 6505/8929/7612 6511/8949/7633 6471/8930/7613
f 6511/8949/7633 6500/8948/7632 6471/8930/7613
f 6516/8939/7634 6483/8950/7634 6491/8905/7634
f 6491/8905/7588 6487/8931/7635 6498/8940/7624
f 6529/8941/7625 6467/8932/7615 6539/8942/7626
f 6467/8951/7636 6531/8944/7628 6530/8943/7627
f 6467/8951/7636 6469/8952/7637 6531/8944/7628
f 6467/8951/7636 6468/8953/7638 6469/8952/7637
f 6469/8952/7637 6532/8954/7639 6531/8944/7628
f 6532/8954/7639 6468/8955/7640 6531/8944/7628
f 6506/8936/7619 6472/8956/7641 6504/8946/7630
f 6504/8946/7630 6471/8930/7613 6500/8948/7632
f 6516/8939/7623 6471/8930/7613 6472/8956/7641
f 6487/8931/7635 6491/8905/7588 6493/8957/7642
f 6504/8946/7630 6472/8956/7641 6471/8930/7613
f 6484/8958/7643 6493/8957/7642 6491/8905/7588
f 6484/8958/7643 6483/8950/7644 6493/8957/7642
f 6509/8959/7645 6516/8960/7646 6506/8936/7647
f 6513/8961/7648 6512/8962/7649 6483/8950/7644
f 6483/8950/7644 6512/8962/7649 6485/8963/7650
f 6485/8963/7650 6493/8957/7642 6483/8950/7644
f 6513/8961/7648 6516/8960/7646 6515/8964/7651
f 6513/8961/7648 6514/8965/7652 6512/8962/7649
f 6493/8957/7653 6512/8962/7649 6482/8966/7654
f 6516/8960/7646 6509/8967/7645 6499/8968/7655
f 6513/8961/7648 6515/8964/7651 6514/8965/7652
f 6493/8957/7653 6482/8966/7654 6486/8969/7656
f 6515/8964/7651 6475/8970/7657 6514/8965/7652
f 6514/8965/7652 6476/8971/7658 6512/8962/7649
f 6516/8960/7646 6499/8968/7655 6515/8964/7651
f 6514/8965/7652 6475/8970/7657 6473/8972/7659
f 6514/8965/7652 6473/8972/7659 6524/8973/7660
f 6524/8973/7660 6473/8972/7659 6476/8971/7658
f 6476/8971/7658 6473/8972/7659 6512/8962/7649
f 6512/8962/7649 6473/8972/7659 6482/8966/7654
f 6509/8967/7645 6510/8974/7661 6499/8968/7655
f 6510/8974/7661 6507/8975/7662 6499/8968/7655
f 6509/8976/7663 6464/8977/7664 6507/8975/7665
f 6499/8968/7655 6507/8975/7662 6475/8970/7657
f 6475/8970/7657 6522/8978/7666 6473/8972/7659
f 6486/8969/7656 6482/8966/7654 6521/8979/7667
f 6522/8980/7668 6523/8981/7669 6521/8982/7670
f 6507/8975/7665 6464/8977/7664 6508/8983/7671
f 6507/8975/7662 6522/8978/7666 6475/8970/7657
f 6507/8975/7662 6474/8984/7672 6522/8978/7666
f 6522/8978/7666 6480/8985/7673 6518/8986/7674
f 6474/8984/7672 6481/8987/7675 6522/8978/7666
f 6480/8985/7673 6522/8978/7666 6481/8987/7675
f 6464/8977/7664 6474/8984/7672 6508/8983/7671
f 6464/8977/7664 6592/8988/7676 6474/8984/7672
f 6481/8987/7675 6474/8984/7672 6477/8989/7677
f 6478/8990/7678 6474/8984/7672 6479/8991/7679
f 6474/8984/7672 6478/8990/7678 6477/8989/7677
f 6479/8991/7679 6480/8985/7673 6481/8987/7675
f 6474/8984/7672 6592/8988/7676 6479/8991/7679
f 6479/8991/7679 6592/8988/7676 6480/8985/7673
f 6540/8992/7680 6543/8993/7681 6545/8994/7682
f 6542/8995/7683 6541/8996/7684 6544/8997/7685
f 6548/8998/7686 6547/8999/7687 6546/9000/7688
f 6549/9001/7689 6550/9002/7690 6551/9003/7691
f 6552/9004/7692 6553/9005/7693 6554/9006/7694
f 6557/9007/7695 6556/9008/7696 6555/9009/7697
f 6559/9010/7698 6560/9011/7699 6558/9012/7700
f 6562/9013/7701 6563/9014/7702 6561/9015/7703
f 6570/9016/7704 6566/9017/7705 6569/9018/7706
f 6569/9018/7706 6566/9017/7705 6565/9019/7707
f 6565/9019/7707 6566/9017/7705 6567/9020/7708
f 6567/9020/7708 6566/9017/7705 6568/9021/7709
f 6573/9022/7710 6574/9023/7711 6572/9024/7712
f 6571/9025/7713 6575/9026/7714 6576/9027/7715
f 6577/9028/7716 6578/9029/7717 6579/9030/7718
f 6580/9031/7719 6581/9032/7720 6582/9033/7721
f 6586/9034/7722 6584/9035/7723 6585/9036/7724
f 6590/9037/7725 6589/9038/7726 6591/9039/7727
l 983 49
l 969 971
l 735 70
l 847 77
l 22 21
l 835 849
l 1066 1107
l 739 841
l 808 857
l 1030 1099
l 14 17
l 1120 1119
l 228 890
l 192 116
l 1228 131
l 215 909
l 122 174
l 221 899
l 169 170
l 134 128
l 629 284
l 1384 1385
l 139 926
l 710 713
l 541 508
l 705 708
l 530 674
l 470 476
l 550 672
l 549 567
l 329 325
l 575 670
l 456 440
l 418 419
l 562 372
l 316 701
l 343 586
l 344 1136
l 435 500
l 309 702
l 695 696
l 2315 2318
l 2222 2203
l 2260 2295
l 2042 2046
l 2014 2034
l 2054 2051
l 1899 1779
l 1971 1989
l 2187 2195
l 1962 1932
l 1840 1843
l 1782 1786
l 1555 2072
l 1727 1853
l 1554 1632
l 1589 1580
l 1704 1700
l 1575 2112
l 1697 2093
l 2091 1709
l 1650 1671
l 3010 3225
l 3005 3015
l 3094 2516
l 2512 3380
l 3017 3121
l 2814 2813
l 2815 3087
l 2536 2538
l 2659 2782
l 2806 2776
l 2549 2569
l 2995 3173
l 3456 3457
l 2633 2611
l 2682 2636
l 2920 2951
l 3141 3075
l 3161 3160
l 3110 3231
l 3204 3207
l 3235 3163
l 3644 3660
l 3747 3806
l 3805 3679
l 3681 3678
l 3714 3690
l 3721 3722
l 4032 4043
l 4832 4030
l 4855 4862
l 4731 4720
l 4023 4837
l 3996 4176
l 3994 4001
l 4844 3987
l 4748 4757
l 4179 4116
l 3988 4188
l 4746 4805
l 4123 4126
l 4904 4905
l 4193 4195
l 4413 4327
l 4401 4403
l 4226 4229
l 4231 4228
l 4364 4623
l 4257 4562
l 4432 4433
l 4636 4633
l 4531 4498
l 4594 4581
l 4578 4596
l 4517 4487
l 4495 4488
l 5189 5190
l 5216 5217
l 5270 5274
l 6089 6142
l 6445 5971
l 6108 5944
l 6236 5888
l 5903 5905
l 5973 6011
l 6100 6168
l 5737 6005
l 6008 6006
l 5496 5443
l 5495 5866
l 5369 5374
l 5350 5892
l 5824 6186
l 6372 5500
l 5401 5409
l 5554 5551
l 5428 5488
l 5447 5453
l 5639 5730
l 5912 6041
l 5593 5594
l 5702 5705
l 5651 6242
l 5732 5941
l 6120 6231
l 6000 5992
l 6191 5862
l 6252 5957
l 1138 33
l 1133 61
l 57 59
l 75 68
l 825 815
l 818 1131
l 1003 945
l 840 737
l 1007 1005
l 1068 1032
l 809 858
l 754 762
l 744 779
l 1198 936
l 1050 1038
l 759 757
l 746 748
l 865 229
l 1127 1130
l 238 218
l 178 1129
l 610 643
l 620 287
l 527 648
l 301 597
l 455 502
l 1372 559
l 357 368
l 699 700
l 335 310
l 2245 2246
l 1842 2339
l 1930 1969
l 1865 1866
l 2201 1470
l 2073 1943
l 2066 2064
l 2071 2001
l 1848 1850
l 1753 2115
l 1558 1588
l 1568 1578
l 1581 1585
l 1585 1579
l 1642 1534
l 1539 1532
l 1522 1513
l 1798 1822
l 1604 1686
l 1655 1663
l 2103 2240
l 1677 2137
l 3030 3124
l 2940 3036
l 2998 2816
l 3150 2771
l 3082 2918
l 2587 2588
l 2656 2588
l 2639 2651
l 2620 2674
l 3138 3172
l 2741 2743
l 2804 2845
l 2679 2638
l 2616 2677
l 2717 2832
l 2964 2848
l 2801 2795
l 2888 2830
l 3314 3315
l 3182 3205
l 2985 3146
l 3595 3600
l 3621 3603
l 3623 3592
l 3628 3618
l 3614 3820
l 3646 3658
l 3789 3636
l 3700 3734
l 3687 3717
l 3980 4868
l 4037 4726
l 4718 4706
l 4977 4140
l 4118 4172
l 4719 4757
l 4049 4836
l 4121 4122
l 4109 4080
l 4761 4804
l 4090 4094
l 4801 4316
l 4313 4795
l 4798 4311
l 4160 4908
l 4071 4273
l 4268 4275
l 4199 4216
l 4449 4265
l 4260 4286
l 4249 4250
l 4962 4236
l 4359 4645
l 4528 4525
l 4462 4556
l 4532 4534
l 4621 4620
l 4492 4554
l 4652 4650
l 4538 4539
l 6007 5871
l 6176 6181
l 6232 6107
l 5974 6153
l 5913 6002
l 5909 6200
l 5804 5659
l 5533 5623
l 5361 5363
l 5368 6401
l 5444 5378
l 5459 5456
l 5874 5875
l 5874 5720
l 5621 5791
l 5513 5689
l 5490 5484
l 5527 5739
l 5543 5539
l 5755 5756
l 5940 5764
l 6149 6148
l 5712 5758
l 6537 6527
l 6528 6538
l 6522 6482
l 1018 953
l 987 996
l 733 67
l 80 830
l 834 814
l 98 99
l 838 845
l 102 103
l 741 784
l 1046 1047
l 761 272
l 235 910
l 888 798
l 929 1045
l 250 247
l 898 225
l 677 209
l 153 185
l 628 714
l 146 925
l 510 679
l 387 384
l 482 400
l 1286 397
l 363 364
l 444 486
l 579 581
l 665 668
l 428 414
l 331 334
l 2235 2218
l 2042 1425
l 2044 2239
l 1441 1443
l 1428 1429
l 1771 1903
l 2194 1465
l 1780 1900
l 2056 1926
l 1928 1929
l 2058 2060
l 1957 1765
l 1963 1964
l 2174 1480
l 2442 2443
l 2181 2184
l 1871 1764
l 2170 1497
l 1504 1505
l 1825 2116
l 1572 2114
l 1599 2111
l 1600 1750
l 1644 1674
l 1678 1533
l 1653 1623
l 1530 2133
l 1812 1807
l 2139 2140
l 3135 2808
l 3170 2816
l 2729 2725
l 2800 2774
l 2764 3052
l 3186 3106
l 3413 3401
l 2726 2712
l 2755 2757
l 3093 3047
l 3240 2962
l 2856 2864
l 2958 3180
l 2688 2685
l 3203 3118
l 2874 2882
l 2879 2885
l 3567 3569
l 3582 3581
l 3619 3590
l 3873 3874
l 3616 3613
l 3645 3815
l 3862 3864
l 3637 3634
l 3640 3641
l 3636 3790
l 3672 3797
l 3756 3749
l 3799 3800
l 3705 3735
l 3719 3738
l 4863 4864
l 4721 4717
l 4845 3983
l 4701 4754
l 4698 4700
l 4768 4767
l 4062 4057
l 4060 4905
l 4161 4156
l 4824 4086
l 4813 4063
l 4217 4219
l 4344 4346
l 4280 4271
l 4354 4686
l 4458 4558
l 4605 4664
l 4372 4615
l 4639 4648
l 4592 4628
l 4514 4515
l 4481 4566
l 5157 5158
l 5148 5153
l 6264 6266
l 5887 6213
l 5759 5821
l 6060 6097
l 5858 6096
l 6049 5881
l 5676 5668
l 5632 5772
l 5474 5472
l 5631 5690
l 6364 5441
l 5469 5376
l 5388 5391
l 5407 5412
l 5418 5687
l 5525 5514
l 5450 5449
l 5645 5799
l 5773 5940
l 6043 6124
l 6027 6250
l 6477 6479
l 6560 6561
l 977 45
l 25 31
l 60 1137
l 55 61
l 988 972
l 996 990
l 954 955
l 955 956
l 805 860
l 745 780
l 881 742
l 868 795
l 1206 1207
l 236 261
l 252 251
l 889 899
l 635 636
l 626 636
l 209 210
l 206 920
l 484 504
l 711 291
l 598 601
l 673 675
l 405 503
l 459 471
l 564 558
l 572 689
l 333 311
l 2207 2212
l 2210 1445
l 2217 2234
l 2279 2291
l 1440 1437
l 1922 2079
l 2024 2018
l 1898 1901
l 1863 1868
l 1762 2084
l 1834 1835
l 1845 1836
l 1997 2072
l 2124 1543
l 1720 1795
l 1714 2090
l 1688 1689
l 2101 1687
l 3261 3174
l 3417 3097
l 2523 3108
l 3280 3283
l 2935 2942
l 2537 2973
l 3107 3098
l 2652 2866
l 3328 3329
l 2541 2634
l 2612 2797
l 3081 2703
l 2641 2713
l 2946 3071
l 2737 2731
l 2744 2733
l 3114 3132
l 2917 3041
l 2880 2881
l 3165 3241
l 3819 3584
l 3748 3808
l 3684 3688
l 3708 3709
l 3980 4869
l 4849 4853
l 4181 4010
l 4736 4739
l 4123 4111
l 4189 4191
l 4743 4762
l 4693 4811
l 4072 4154
l 4273 4303
l 4332 4345
l 4343 4334
l 4679 4342
l 4424 4423
l 4247 4252
l 4230 4820
l 4683 4676
l 4439 4374
l 4542 4496
l 4539 4540
l 5094 5096
l 5210 5211
l 5208 5209
l 5221 5220
l 5291 5292
l 6068 6070
l 5983 5987
l 6140 6088
l 6134 6197
l 6133 6127
l 5967 6218
l 6003 6239
l 5746 6386
l 6054 5962
l 5784 5785
l 5789 5790
l 5503 5522
l 5778 5786
l 5573 5516
l 5491 5601
l 5588 5578
l 5640 5637
l 6115 6210
l 5829 5710
l 39 48
l 979 43
l 92 986
l 957 1060
l 819 99
l 788 851
l 1086 1091
l 1095 1096
l 764 723
l 19 20
l 745 748
l 880 886
l 1121 1122
l 254 266
l 244 240
l 896 196
l 220 219
l 125 179
l 163 918
l 187 166
l 142 926
l 135 138
l 542 544
l 680 681
l 300 325
l 1366 329
l 423 425
l 578 667
l 443 433
l 412 436
l 493 501
l 2262 2311
l 2324 2328
l 1434 2320
l 2330 2331
l 2306 2307
l 1987 1908
l 1466 1458
l 2016 2022
l 1891 1784
l 2021 1481
l 1990 1941
l 2160 1473
l 2379 2380
l 1730 1735
l 2075 1556
l 1509 2200
l 1703 1724
l 2088 2089
l 2144 2142
l 3196 3035
l 2939 3189
l 3012 3260
l 3007 3079
l 3449 3450
l 2700 2542
l 3051 3099
l 2529 2973
l 2762 2751
l 3216 3133
l 2552 2554
l 2582 2576
l 2592 2617
l 2624 2669
l 2967 2971
l 3112 2851
l 3371 3372
l 3136 3242
l 3208 3206
l 2977 2907
l 3553 3556
l 3785 3763
l 3760 3811
l 3686 3793
l 3929 3935
l 4852 3976
l 4708 4714
l 4044 4033
l 4780 4777
l 4089 4091
l 4323 4695
l 4059 4790
l 4828 4076
l 4814 4309
l 4397 4307
l 4427 4428
l 4678 4685
l 4283 4256
l 4558 4255
l 4465 4461
l 4387 4483
l 4595 4597
l 4658 4649
l 4673 4674
l 5225 5207
l 5269 5271
l 6086 6073
l 6068 6069
l 6067 6070
l 5943 6108
l 5986 6132
l 5982 5880
l 5737 5988
l 6424 5836
l 6397 5653
l 5372 5367
l 5370 5367
l 5435 5481
l 6275 6276
l 5777 5718
l 5775 5786
l 5549 5510
l 5828 6205
l 5615 5650
l 5851 6206
l 6022 6198
l 5996 6113
l 6048 5782
l 6122 6080
l 5919 6077
l 6465 6534
l 829 94
l 23 29
l 76 854
l 96 1000
l 947 1085
l 1024 1029
l 820 811
l 725 774
l 789 879
l 874 871
l 1114 1089
l 933 1041
l 6 11
l 234 233
l 893 897
l 191 117
l 190 120
l 927 129
l 924 147
l 389 159
l 156 189
l 145 1275
l 468 1146
l 420 408
l 1324 441
l 307 314
l 370 354
l 2045 1427
l 1975 2080
l 1974 1914
l 2189 1468
l 1893 1861
l 1958 1950
l 1488 1493
l 1832 1836
l 1858 1857
l 1999 2074
l 2162 2152
l 1856 1729
l 2110 1565
l 1633 1557
l 1590 1593
l 1747 2112
l 1710 2090
l 1666 1609
l 1649 1669
l 1805 1801
l 2105 1684
l 3227 3250
l 3196 3223
l 3086 3175
l 2997 3006
l 3382 3383
l 2785 2787
l 2668 2778
l 2759 2792
l 3128 3185
l 2621 2704
l 2706 2803
l 3042 3047
l 3342 3343
l 3344 3345
l 2862 3168
l 2591 2606
l 2837 2835
l 2675 2635
l 3254 2952
l 2949 2954
l 3253 3038
l 3209 3210
l 2989 2818
l 2878 3184
l 3520 3521
l 3503 3504
l 3603 3625
l 3626 3627
l 3814 3664
l 3670 3671
l 3732 3733
l 3728 3729
l 3931 3936
l 4028 4840
l 4847 4848
l 4019 4017
l 4848 4846
l 4709 4705
l 4806 4737
l 4772 4782
l 4768 4771
l 4913 4914
l 4144 4162
l 4166 4145
l 4329 4326
l 4414 4319
l 4330 4691
l 4682 4687
l 4300 4266
l 4363 4339
l 4613 4368
l 4607 4608
l 4503 4513
l 4512 4491
l 4536 4543
l 4569 4670
l 6248 6265
l 5910 5883
l 5927 5922
l 6104 6003
l 6097 6057
l 6004 5936
l 5893 5988
l 5726 6165
l 5458 5478
l 6262 5877
l 5603 5566
l 5612 5566
l 5942 6145
l 5832 5547
l 5948 5798
l 5732 5823
l 6033 6124
l 6021 6034
l 5954 6237
l 5951 6237
l 6001 6111
l 6525 6535
l 6526 6536
l 6540 6541
l 6592 6593
l 1081 962
l 50 42
l 88 978
l 1019 1078
l 1102 1158
l 86 87
l 989 967
l 1077 1080
l 946 949
l 1014 1015
l 766 769
l 1182 1183
l 1034 1097
l 1009 104
l 1126 107
l 904 272
l 1242 893
l 114 112
l 251 278
l 718 282
l 248 1266
l 892 201
l 168 169
l 203 200
l 167 182
l 631 633
l 641 520
l 518 525
l 160 164
l 381 540
l 704 716
l 533 534
l 537 687
l 594 554
l 561 667
l 662 584
l 351 668
l 1327 1328
l 339 305
l 694 582
l 2223 2216
l 2218 2215
l 2276 2289
l 2226 2232
l 2298 2299
l 1921 1919
l 1433 1428
l 1431 1432
l 1767 1881
l 2427 2428
l 1843 1897
l 2401 1785
l 1474 1471
l 1944 1948
l 1949 2117
l 1586 1566
l 1994 2074
l 2070 1547
l 1744 1569
l 2340 2341
l 1597 2111
l 1594 1680
l 1708 1695
l 1674 1626
l 1660 1611
l 1529 1539
l 1529 2126
l 1664 2105
l 2138 2139
l 3211 3187
l 3177 2515
l 3410 3411
l 3124 3215
l 3091 3080
l 2772 3270
l 3056 3096
l 3105 3032
l 2701 2524
l 3325 2785
l 3151 2764
l 2540 2817
l 2766 3159
l 2555 2573
l 3115 3137
l 3374 2682
l 2870 2869
l 2875 2876
l 2827 2811
l 2699 2931
l 3369 2909
l 2983 3078
l 3255 3183
l 3488 3524
l 3818 3586
l 3781 3633
l 3669 3813
l 3766 3834
l 3837 3838
l 3704 3812
l 3676 3677
l 3740 3685
l 3885 3886
l 3940 3941
l 3962 3963
l 4041 4833
l 4048 4837
l 4776 4042
l 4947 4948
l 5003 5004
l 4099 4096
l 4764 4794
l 4164 4148
l 4078 4827
l 4085 4088
l 4796 4797
l 4274 4069
l 4068 4275
l 4293 4292
l 4301 4816
l 4277 4302
l 4443 4446
l 4956 4957
l 4391 4394
l 4285 4261
l 4435 4436
l 4282 4251
l 4244 4239
l 4388 4469
l 4505 4243
l 4626 4634
l 4375 4564
l 4466 4467
l 4510 4460
l 4477 4478
l 5928 5760
l 5847 5939
l 5879 5882
l 5842 5839
l 5532 5589
l 6360 5805
l 5423 5426
l 5404 5429
l 5493 5565
l 5463 5716
l 5765 5830
l 5798 5822
l 5818 5819
l 6151 6147
l 6046 5916
l 6551 6552
l 980 85
l 828 90
l 954 951
l 66 67
l 853 79
l 1056 1084
l 810 820
l 843 900
l 783 883
l 747 263
l 794 796
l 859 802
l 13 9
l 253 269
l 124 130
l 202 863
l 640 644
l 511 515
l 649 646
l 379 682
l 549 565
l 450 446
l 563 574
l 590 661
l 416 422
l 374 690
l 1346 1347
l 342 697
l 691 352
l 2278 2284
l 2251 2319
l 2049 2057
l 1451 1464
l 1439 2238
l 1916 1966
l 1777 1773
l 1769 2082
l 1892 1784
l 1877 1774
l 2012 2056
l 1883 1874
l 1766 1884
l 1954 1960
l 1491 2172
l 1732 2085
l 2069 2068
l 1582 2108
l 2197 2198
l 1791 1722
l 1720 1717
l 1602 1598
l 1617 1618
l 1606 2106
l 1620 1667
l 1645 1678
l 1799 1817
l 1693 1712
l 1658 1613
l 1528 1529
l 2103 1665
l 2136 1527
l 3016 2521
l 3142 2517
l 2943 3101
l 3331 3332
l 2550 2634
l 2655 2649
l 3454 3048
l 2650 2945
l 2758 2707
l 2640 2608
l 2567 2574
l 2693 2579
l 2594 2624
l 2560 2602
l 2691 2671
l 2872 2869
l 2972 3226
l 3257 3181
l 3596 3599
l 3654 3610
l 3794 3761
l 3695 3697
l 3914 3915
l 4722 4713
l 4729 4034
l 4867 4871
l 3981 4005
l 3992 3993
l 4750 4753
l 4100 4093
l 4741 4810
l 4785 4770
l 4202 4823
l 4407 4442
l 4291 4288
l 4395 4426
l 4454 4466
l 4644 4356
l 4630 4610
l 4385 4387
l 4668 4587
l 4665 4579
l 4573 4570
l 4473 4486
l 5127 5136
l 5284 5285
l 5930 5931
l 5985 5924
l 5656 5803
l 6396 5752
l 5841 6258
l 5855 5618
l 5769 5736
l 5468 5826
l 6051 6165
l 5409 5402
l 5783 5774
l 5462 5452
l 5421 5417
l 5570 6211
l 5691 5521
l 5546 5701
l 5897 6087
l 5597 5833
l 6202 6203
l 5833 5863
l 6144 6116
l 5915 6113
l 6028 6300
l 6125 5994
l 6494 6462
l 842 1220
l 876 1219
l 756 1394
l 239 1258
l 712 1314
l 1595 1682
l 3325 2526
l 2694 3431
l 2889 3339
l 3617 3869
l 3764 3859
l 5048 4749
l 5471 6390
l 6375 5748
l 6271 5864
l 6297 6156
l 727 1234
l 774 1236
l 1238 777
l 242 1392
l 1298 1299
l 1366 294
l 359 1376
l 683 1333
l 2332 1907
l 2470 2036
l 1983 2436
l 2384 1641
l 1818 2340
l 1605 2356
l 3086 3389
l 2543 2700
l 3295 2739
l 3340 2873
l 3207 3483
l 3743 3842
l 4949 4114
l 5360 6359
l 6587 6251
l 1351 355
l 426 1375
l 2271 2473
l 2429 1984
l 2415 1503
l 2120 2396
l 2510 3090
l 5022 4087
l 4611 4884
l 5248 5120
l 5767 6336
l 1210 62
l 1236 765
l 265 1401
l 172 1244
l 637 1390
l 149 1246
l 1385 1290
l 1343 362
l 2334 1906
l 1698 2368
l 3097 3412
l 3406 3390
l 3057 3390
l 3612 3868
l 3946 5307
l 5085 4336
l 4237 4973
l 5770 6460
l 5408 6357
l 1399 908
l 1293 678
l 600 1305
l 1433 2029
l 1608 2357
l 3266 3153
l 3100 3453
l 2610 3397
l 2604 3319
l 3783 3826
l 4899 4739
l 4906 4399
l 4504 4967
l 5968 6440
l 5890 6456
l 6426 5836
l 6362 5373
l 6369 5622
l 3549 1104
l 1218 785
l 617 1296
l 1286 464
l 1778 2423
l 2430 1879
l 1844 1787
l 2143 2360
l 4335 4341
l 4451 4893
l 4883 4671
l 5899 6430
l 5517 6288
l 964 1161
l 77 1217
l 653 1305
l 2011 2493
l 2385 1550
l 2654 2661
l 4125 4976
l 4393 5030
l 4262 4915
l 4601 5037
l 4930 4555
l 5625 6171
l 6307 6244
l 1074 1156
l 1275 155
l 298 1369
l 2503 2255
l 2327 2293
l 2205 2485
l 1875 2422
l 1936 2440
l 2406 1500
l 1622 2366
l 2342 1817
l 3617 3607
l 4974 4519
l 4546 4991
l 4971 4535
l 6283 5719
l 6310 6311
l 6173 6294
