# Blender 5.1.0
# www.blender.org
o geometry_0
v -0.083508 -0.024558 0.447593
v -0.086946 0.016393 0.454722
v -0.440389 -0.028594 0.453540
v -0.439929 0.022903 0.453557
v -0.024859 0.020404 0.456468
v 0.314071 0.020701 0.453403
v 0.314313 -0.027416 0.453727
v -0.288120 -0.028972 0.452868
v -0.081160 0.018594 0.451558
v -0.465888 -0.027295 0.454876
v -0.451875 0.023155 0.429295
v -0.463888 -0.029025 0.056367
v -0.460966 -0.029879 0.430629
v -0.462920 -0.027757 -0.470871
v -0.463241 -0.029568 0.272157
v -0.466094 0.020114 0.431060
v 0.310964 -0.032058 0.449239
v 0.269389 -0.028760 0.445632
v 0.274880 -0.030750 0.433443
v 0.254791 -0.033870 0.447535
v 0.289035 -0.026221 0.449512
v 0.303154 -0.027650 0.453428
v 0.208370 -0.028768 0.446027
v 0.222777 -0.028778 0.441450
v 0.139141 -0.029027 0.434981
v 0.214567 -0.028733 0.436605
v 0.067707 -0.036736 0.436254
v 0.116164 -0.040268 0.434483
v 0.089210 -0.027520 0.452902
v 0.083386 -0.028749 0.449880
v 0.055222 -0.027681 0.453498
v 0.040964 -0.028908 0.449419
v 0.028977 -0.028112 0.445997
v 0.003867 -0.032129 0.435297
v 0.017929 -0.026971 0.448692
v -0.007229 -0.028746 0.446989
v -0.027505 -0.025968 0.451559
v -0.041425 -0.028744 0.438947
v -0.043144 -0.028755 0.434281
v -0.053127 -0.032139 0.438266
v -0.005715 -0.029148 0.451740
v 0.025016 -0.026747 0.452419
v -0.070766 -0.029714 0.435058
v -0.054628 -0.026769 0.450629
v -0.066885 -0.027404 0.452815
v -0.089802 -0.028756 0.443367
v -0.133514 -0.028760 0.444841
v -0.073515 -0.029319 0.432646
v -0.144852 -0.028680 0.452618
v -0.137985 -0.028622 0.432683
v -0.208278 -0.028752 0.444141
v -0.242726 -0.031050 0.437783
v -0.248932 -0.028758 0.436737
v -0.281286 -0.028761 0.444718
v -0.247213 -0.028768 0.434281
v -0.368752 -0.031727 0.434314
v -0.284416 -0.028750 0.439712
v -0.379712 -0.028776 0.438689
v -0.440450 -0.029891 0.452694
v -0.374710 -0.029835 0.432744
v -0.432619 -0.028780 0.445332
v -0.441815 -0.029710 0.433294
v -0.436122 -0.028340 0.431491
v -0.456138 -0.028731 0.423741
v -0.446297 -0.040616 0.411715
v -0.438517 -0.031266 0.413819
v -0.444004 -0.036071 0.394528
v -0.461183 -0.023610 0.396753
v -0.463393 -0.034529 0.360423
v -0.452879 -0.028791 0.330650
v -0.452349 -0.028795 0.306375
v -0.442103 -0.030116 0.315992
v -0.439673 -0.029760 0.229463
v -0.462074 -0.024660 0.268261
v -0.462095 -0.022206 0.211958
v -0.447344 -0.033324 0.172496
v -0.443501 -0.033718 0.133072
v -0.439551 -0.030090 0.104369
v -0.440661 -0.029720 0.048941
v -0.442640 -0.032550 0.132564
v -0.449098 -0.028888 0.039488
v -0.430623 -0.017501 0.030778
v -0.442197 -0.028923 -0.000871
v -0.438285 -0.031065 -0.003569
v -0.463879 -0.028895 -0.012195
v -0.454354 -0.028872 -0.076178
v -0.440921 -0.031500 0.042772
v -0.464264 -0.028938 -0.082059
v -0.437552 -0.029904 -0.172391
v -0.438174 -0.029401 0.149540
v -0.460153 -0.028868 -0.087778
v -0.454537 -0.029022 -0.142443
v -0.450964 -0.029016 -0.123217
v -0.447573 -0.030317 -0.179200
v -0.464605 -0.028137 -0.218636
v -0.459632 -0.029052 -0.185663
v -0.453740 -0.029105 -0.218064
v -0.463992 -0.026374 -0.229423
v -0.455703 -0.029116 -0.263632
v -0.438010 -0.029972 -0.179921
v -0.464823 -0.028458 -0.260364
v -0.442688 -0.029135 -0.294635
v -0.438584 -0.030998 -0.293340
v -0.464097 -0.028627 -0.120426
v -0.461167 -0.029019 -0.125989
v -0.462208 -0.029103 -0.268358
v -0.464045 -0.028335 -0.179029
v -0.463912 -0.026637 -0.382631
v -0.441556 -0.030934 -0.323288
v -0.437671 -0.030263 -0.300879
v -0.443793 -0.029178 -0.335277
v -0.437615 -0.026765 -0.328668
v -0.448643 -0.029227 -0.383594
v -0.464042 -0.026501 -0.449238
v -0.449524 -0.029278 -0.445850
v -0.462533 -0.018203 -0.460584
v -0.453670 -0.037619 -0.477344
v -0.453131 -0.028838 -0.492023
v -0.442391 -0.033169 0.132955
v -0.437506 -0.029795 0.046279
v -0.461611 -0.028822 0.169950
v -0.462253 -0.034075 0.192264
v -0.457949 -0.027365 0.179276
v -0.439250 -0.028799 0.372397
v -0.453401 -0.028788 0.340411
v -0.444591 -0.028795 0.315302
v -0.463624 -0.026996 0.428997
v -0.402345 -0.019108 -0.487082
v -0.421889 -0.022351 -0.482733
v -0.395827 -0.028655 -0.492140
v -0.288794 -0.026731 -0.488175
v -0.278265 -0.029122 -0.487664
v -0.242822 -0.027679 -0.489469
v -0.267688 -0.029054 -0.485990
v -0.260842 -0.029102 -0.482190
v -0.218127 -0.034961 -0.473523
v -0.131504 -0.029125 -0.480916
v -0.163719 -0.029147 -0.473350
v -0.122156 -0.029116 -0.477924
v -0.097415 -0.029125 -0.476297
v -0.103553 -0.029150 -0.473350
v -0.124878 -0.043352 -0.478537
v -0.062346 -0.029560 -0.480434
v -0.023840 -0.029151 -0.477868
v -0.033564 -0.030821 -0.492923
v 0.013285 -0.029232 -0.492191
v 0.018118 -0.026368 -0.472772
v 0.019969 -0.028997 -0.491035
v 0.070495 -0.019715 -0.486472
v 0.091580 -0.029072 -0.492623
v 0.099104 -0.028972 -0.488099
v 0.110040 -0.029387 -0.485281
v 0.125240 -0.030037 -0.471577
v 0.131667 -0.029228 -0.477562
v 0.133872 -0.032594 -0.473314
v 0.210800 -0.016453 -0.474675
v 0.231971 -0.028848 -0.493203
v 0.241333 -0.027995 -0.499812
v 0.273168 -0.028687 -0.471489
v 0.193974 -0.025823 -0.496109
v 0.182343 -0.029161 -0.483156
v 0.159385 -0.017372 -0.490946
v 0.180879 -0.029195 -0.478139
v 0.095272 -0.032018 -0.487189
v 0.072801 -0.028862 -0.483125
v -0.077501 -0.029079 -0.479010
v -0.175777 -0.025969 -0.480158
v -0.201109 -0.029300 -0.484449
v -0.169978 -0.029572 -0.471344
v -0.201410 -0.029171 -0.477575
v -0.374188 -0.029249 -0.471547
v -0.265508 -0.029121 -0.477647
v -0.281225 -0.029101 -0.483173
v -0.436665 -0.029434 -0.471178
v -0.402285 -0.028935 -0.476535
v -0.411622 -0.029156 -0.479123
v -0.439121 -0.029248 -0.467848
v -0.412974 -0.029103 -0.487839
v -0.457694 -0.025536 0.429807
v -0.436487 -0.029157 -0.478323
v -0.203376 -0.028681 0.452823
v -0.209395 -0.028759 0.449015
v -0.083681 -0.028744 0.440781
v 0.033415 -0.029285 0.451905
v 0.176897 -0.027299 0.451218
v 0.238612 -0.032485 0.442006
v 0.239639 -0.029753 0.450584
v 0.278395 -0.034758 0.404313
v 0.304957 -0.028752 0.412084
v 0.312822 -0.028486 0.407805
v 0.305138 -0.028788 0.412639
v 0.312941 -0.028650 0.386319
v 0.314565 -0.027491 0.381727
v 0.313548 -0.027458 0.415141
v 0.311958 -0.024595 0.351453
v 0.278800 -0.028809 0.353611
v 0.275969 -0.028862 0.307113
v 0.283957 -0.028821 0.321073
v 0.302129 -0.028813 0.310759
v 0.312434 -0.028089 0.290254
v 0.296135 -0.028820 0.297806
v 0.306795 -0.028830 0.258514
v 0.311701 -0.028790 0.282395
v 0.289298 -0.028837 0.257593
v 0.278555 -0.028829 0.295902
v 0.291904 -0.028833 0.247979
v 0.312695 -0.028357 0.250666
v 0.314521 -0.028222 0.209629
v 0.318508 -0.027840 0.272725
v 0.297643 -0.028835 0.255746
v 0.292390 -0.028849 0.214850
v 0.307279 -0.030659 0.208375
v 0.302501 -0.028847 0.202128
v 0.297823 -0.018980 0.153235
v 0.288623 -0.028871 0.154944
v 0.296611 -0.030163 0.200670
v 0.275439 -0.030297 0.159606
v 0.309128 -0.028873 0.123020
v 0.309742 -0.028888 0.081764
v 0.314157 -0.027564 0.126024
v 0.311177 -0.028395 0.116515
v 0.276158 -0.029314 0.148520
v 0.298182 -0.028868 0.145091
v 0.285350 -0.028912 0.075287
v 0.291938 -0.028905 0.069853
v 0.310572 -0.028822 0.075642
v 0.313689 -0.028510 0.059530
v 0.311967 -0.028851 0.057084
v 0.296399 -0.029017 0.085131
v 0.289398 -0.028925 0.025403
v 0.275199 -0.029678 0.010454
v 0.289237 -0.028941 -0.000073
v 0.315123 -0.028824 -0.005608
v 0.292996 -0.028952 -0.034927
v 0.313221 -0.029768 -0.054999
v 0.305602 -0.027614 -0.065652
v 0.309251 -0.028982 -0.083567
v 0.313470 -0.028795 -0.092742
v 0.297901 -0.026432 -0.047900
v 0.310356 -0.028999 -0.053421
v 0.290995 -0.028970 -0.071288
v 0.290109 -0.028955 -0.037398
v 0.281678 -0.029052 -0.060875
v 0.282238 -0.028965 -0.055388
v 0.286551 -0.028951 -0.028896
v 0.278349 -0.028851 -0.052962
v 0.284203 -0.028972 -0.069324
v 0.301993 -0.028967 -0.077374
v 0.300648 -0.028987 -0.109041
v 0.305925 -0.028963 -0.091409
v 0.283092 -0.022271 -0.122268
v 0.274867 -0.030482 -0.141362
v 0.280728 -0.029260 -0.145736
v 0.291693 -0.029003 -0.131024
v 0.292458 -0.029005 -0.149326
v 0.300713 -0.028986 -0.121452
v 0.312970 -0.029842 -0.167280
v 0.310398 -0.027989 -0.136324
v 0.311223 -0.025666 -0.122866
v 0.304775 -0.021625 -0.112706
v 0.284328 -0.036048 -0.252073
v 0.306754 -0.029366 -0.188128
v 0.291379 -0.029023 -0.203052
v 0.275810 -0.029031 -0.232754
v 0.274513 -0.029994 -0.225440
v 0.280273 -0.029012 -0.225783
v 0.279721 -0.029002 -0.176853
v 0.295046 -0.029012 -0.184488
v 0.280034 -0.033822 -0.147709
v 0.274822 -0.028192 -0.179668
v 0.300523 -0.026465 -0.173485
v 0.299014 -0.029018 -0.195836
v 0.301270 -0.029005 -0.199845
v 0.275136 -0.030660 -0.098788
v 0.302108 -0.028918 0.025464
v 0.289114 -0.028728 0.009636
v 0.296538 -0.028925 0.033656
v 0.310008 -0.026702 0.049690
v 0.314583 -0.027738 0.164461
v 0.291685 -0.028262 0.215085
v 0.311994 -0.023681 0.173439
v 0.307924 -0.028825 0.310386
v 0.309128 -0.028828 0.251883
v 0.310172 -0.027713 0.333310
v 0.288387 -0.026641 0.299254
v 0.170581 -0.028067 0.453797
v 0.176520 -0.028779 0.450886
v 0.296170 -0.028792 0.404958
v 0.265724 -0.028760 0.438087
v 0.129370 -0.028750 0.445332
v 0.305098 -0.030497 0.356123
v 0.309964 -0.024724 0.351145
v 0.310322 -0.028547 0.333272
v 0.281766 -0.032575 0.331021
v 0.292494 -0.028843 0.289727
v 0.305511 -0.023217 0.035268
v 0.285521 -0.028941 0.006544
v 0.278389 -0.028948 -0.010249
v 0.286325 -0.028989 -0.096309
v 0.309570 -0.029164 -0.163270
v 0.285195 -0.029008 -0.154353
v 0.290367 -0.028819 0.317990
v 0.285662 -0.028805 0.356663
v -0.095151 -0.028752 0.437593
v -0.220761 -0.028755 0.445198
v -0.197370 -0.028746 0.449752
v 0.310297 -0.028836 0.224377
v 0.312877 -0.027883 0.169789
v -0.066472 -0.029719 0.432677
v -0.411752 -0.029188 0.433363
v -0.212921 -0.031661 -0.479915
v -0.216254 -0.029020 -0.487457
v 0.222498 -0.029218 -0.473806
v 0.222044 -0.029216 -0.483924
v 0.234331 -0.025745 -0.493362
v 0.200726 -0.028210 -0.481933
v 0.157884 -0.029557 -0.472528
v 0.181154 -0.029181 -0.480487
v 0.066972 -0.029122 -0.479280
v -0.029838 -0.024346 -0.488842
v -0.061684 -0.029102 -0.482190
v -0.061784 -0.029066 -0.482874
v -0.399339 -0.029080 -0.485861
v -0.444978 -0.028845 -0.116287
v -0.445626 -0.030578 -0.126459
v -0.453677 -0.029013 -0.122705
v -0.442111 -0.030020 0.425471
v -0.437635 -0.029943 0.222537
v -0.446684 -0.029225 -0.376124
v -0.456120 -0.028370 0.356587
v -0.460134 -0.027767 0.364402
v -0.444161 -0.028783 0.370433
v -0.449071 -0.028772 0.327517
v -0.455352 -0.028817 0.193360
v -0.460858 -0.028887 -0.006465
v -0.461353 -0.028910 -0.012555
v -0.438376 -0.029477 -0.468136
v -0.437495 -0.029965 -0.465983
v -0.462145 0.016728 0.010641
v -0.438922 0.015890 0.426414
v -0.462286 0.004268 -0.079341
v -0.462366 0.000218 -0.109111
v -0.461881 0.016106 -0.466705
v -0.462042 -0.025016 -0.466176
v -0.461989 -0.024751 0.427525
v -0.437270 -0.025003 0.428337
v -0.438624 0.016428 0.429076
v -0.436463 -0.024849 0.449366
v -0.436191 0.018528 0.449453
v 0.273912 -0.024902 -0.269416
v 0.312297 -0.025044 -0.218119
v 0.310531 -0.025161 -0.464645
v 0.254563 -0.023740 -0.466157
v -0.436764 -0.024831 0.427859
v -0.073379 -0.024825 0.449209
v 0.313574 -0.019344 -0.327965
v 0.277012 0.020542 -0.208917
v 0.277558 0.022675 -0.147355
v 0.274802 0.024009 -0.181998
v 0.314284 0.022422 -0.207997
v 0.179216 0.032738 -0.086861
v 0.170827 0.023686 -0.083904
v 0.172237 0.035427 -0.023952
v 0.184094 0.030170 -0.081047
v 0.185711 0.031771 -0.092474
v -0.298826 0.026040 -0.177331
v 0.046575 0.022834 -0.176940
v 0.017780 0.025791 -0.177637
v -0.045579 0.027123 -0.178956
v -0.092472 0.025288 -0.176752
v -0.015364 0.025948 -0.177397
v -0.043809 0.025125 -0.176988
v -0.327501 0.026141 -0.179180
v -0.401022 0.023679 -0.176186
v -0.399853 0.025795 -0.143815
v -0.341434 0.026749 -0.145995
v -0.279469 0.029894 -0.143993
v -0.205397 0.027192 -0.143995
v -0.203142 0.024640 -0.176973
v -0.141655 0.027042 -0.176871
v -0.109220 0.027266 -0.176901
v -0.217077 0.027023 -0.145262
v -0.267285 0.033584 -0.142401
v -0.236408 0.027065 -0.146740
v -0.237051 0.027023 -0.143186
v -0.268592 0.027110 -0.141008
v -0.344586 0.027284 -0.143242
v -0.217100 0.026773 -0.143201
v 0.065690 0.027416 -0.144288
v 0.193781 0.040607 -0.181540
v 0.159792 0.026837 -0.146728
v 0.155990 0.027657 -0.143644
v 0.067517 0.027066 -0.145141
v 0.178071 0.030688 -0.144827
v 0.067472 0.027225 -0.143446
v -0.023621 0.023241 -0.116611
v -0.235651 0.030406 -0.182660
v 0.172013 0.027852 -0.127968
v 0.180412 0.029241 -0.118083
v 0.162929 0.030690 -0.117181
v -0.398380 0.018912 -0.120058
v -0.384552 0.025378 -0.120722
v -0.360890 0.025408 -0.116208
v -0.384442 0.025842 -0.119888
v -0.117749 0.031451 0.286712
v -0.143441 0.038598 0.375950
v -0.094633 0.037230 0.322169
v -0.222991 0.035218 0.293104
v -0.327665 0.026439 0.163167
v -0.226185 0.030392 0.171265
v -0.340274 0.026297 0.173469
v -0.279230 0.031211 0.237264
v -0.273679 0.031502 0.242199
v -0.277755 0.030803 0.239365
v -0.172497 0.023302 -0.474950
v -0.221182 0.018101 -0.469949
v -0.222352 0.020288 -0.472638
v -0.200813 0.019804 -0.490128
v -0.189886 0.023840 -0.466259
v -0.255228 0.024007 -0.457227
v -0.202765 0.023995 -0.458616
v -0.204870 0.024018 -0.440792
v -0.230575 0.024007 -0.448141
v -0.196626 0.023997 -0.457633
v -0.237881 0.024013 -0.450757
v -0.156377 0.012826 -0.465645
v -0.154511 0.024019 -0.446444
v -0.143582 0.023998 -0.458431
v -0.156528 0.021936 -0.471060
v -0.167998 0.024023 -0.435341
v -0.175015 0.024017 -0.437988
v -0.242135 0.024051 -0.403700
v -0.168308 0.027507 -0.472592
v -0.258293 0.024011 -0.452076
v -0.257282 0.023981 -0.462790
v -0.293626 0.023962 -0.467458
v -0.243066 0.026774 -0.474196
v -0.247445 0.024024 -0.405098
v -0.241076 0.024037 -0.444638
v -0.144472 0.024021 -0.421672
v -0.208731 0.024026 -0.387246
v -0.179681 0.024027 -0.374139
v -0.213384 0.024023 -0.410159
v -0.163978 0.024025 -0.385029
v -0.156338 0.024026 -0.382078
v -0.159041 0.024024 -0.359894
v -0.177962 0.024027 -0.367509
v -0.164891 0.024027 -0.348992
v -0.196166 0.024028 -0.357930
v -0.204452 0.024032 -0.318417
v -0.241173 0.024034 -0.318551
v -0.243072 0.024027 -0.369888
v -0.211868 0.023993 -0.396624
v -0.222206 0.024031 -0.314573
v -0.246388 0.024028 -0.373119
v -0.229225 0.024025 -0.394094
v -0.133311 0.024023 -0.413264
v -0.132688 0.024025 -0.352087
v -0.094290 0.024029 -0.386648
v -0.146403 0.024026 -0.377724
v -0.081745 0.024025 -0.339584
v -0.045216 0.024020 -0.332899
v -0.074331 0.024031 -0.317167
v -0.076296 0.024032 -0.311273
v -0.047073 0.024031 -0.307958
v -0.081552 0.024031 -0.313119
v -0.095141 0.024030 -0.328643
v -0.025521 0.024035 -0.286583
v -0.015537 0.024037 -0.259052
v -0.004896 0.024032 -0.301573
v -0.032427 0.024036 -0.297518
v 0.015365 0.024035 -0.266364
v 0.013526 0.024039 -0.276707
v -0.135202 0.024023 -0.346186
v -0.101892 0.024013 -0.310728
v -0.019784 0.024031 -0.322366
v -0.068236 0.024024 -0.401934
v -0.069911 0.024023 -0.396241
v -0.047809 0.024021 -0.416377
v -0.009852 0.024022 -0.413310
v 0.002611 0.024011 -0.371677
v 0.012110 0.024023 -0.362720
v 0.015794 0.024026 -0.356826
v -0.009623 0.024031 -0.322876
v -0.010172 0.024034 -0.314984
v 0.000018 0.024031 -0.307681
v 0.019127 0.024033 -0.306517
v 0.010102 0.024048 -0.299363
v 0.044490 0.024041 -0.304437
v 0.054839 0.024031 -0.326007
v 0.060058 0.024029 -0.331901
v 0.057943 0.024034 -0.307129
v 0.019395 0.024033 -0.296044
v 0.036919 0.024011 -0.361645
v 0.016039 0.024033 -0.285734
v 0.036422 0.024037 -0.264860
v 0.060892 0.024035 -0.292266
v 0.057111 0.024028 -0.342583
v 0.039676 0.024025 -0.371617
v 0.058707 0.024022 -0.389365
v 0.096317 0.024025 -0.369536
v 0.097532 0.024020 -0.384374
v 0.071929 0.024023 -0.399949
v 0.026222 0.024024 -0.379518
v 0.012969 0.024023 -0.370087
v 0.005725 0.024021 -0.386909
v 0.032647 0.024021 -0.397734
v 0.043509 0.024017 -0.415343
v 0.073094 0.024020 -0.399502
v 0.037234 0.024043 -0.252170
v 0.044874 0.024056 -0.222395
v 0.010506 0.024038 -0.257032
v 0.030080 0.024037 -0.262295
v 0.026158 0.024038 -0.274059
v 0.079627 0.024043 -0.241014
v 0.008672 0.024053 -0.226551
v 0.014873 0.024056 -0.223205
v 0.073832 0.024040 -0.248062
v 0.011997 0.024061 -0.217188
v -0.012367 0.024040 -0.253980
v 0.002042 0.024053 -0.225323
v -0.023498 0.024045 -0.240548
v 0.009885 0.024372 -0.179371
v 0.047604 0.025778 -0.178699
v 0.079548 0.024063 -0.216635
v 0.079505 0.024063 -0.216288
v 0.084582 0.023988 -0.195344
v 0.090693 0.024038 -0.227934
v 0.119655 0.024072 -0.203758
v 0.156260 0.024050 -0.243986
v 0.147661 0.024044 -0.256770
v 0.138620 0.024053 -0.257937
v 0.121880 0.024039 -0.262773
v 0.129640 0.024038 -0.268340
v 0.158933 0.024032 -0.300084
v 0.113162 0.024032 -0.305441
v 0.206956 0.024043 -0.251461
v 0.227107 0.024036 -0.281620
v 0.100035 0.025844 -0.178426
v -0.022761 0.024067 -0.208624
v -0.054000 0.024047 -0.233456
v -0.031136 0.024047 -0.238442
v -0.053589 0.024061 -0.219318
v -0.038465 0.024059 -0.217159
v -0.052743 0.024043 -0.243210
v -0.042407 0.024064 -0.210834
v -0.035101 0.024079 -0.190759
v -0.049774 0.024064 -0.212246
v -0.015132 0.024073 -0.204687
v -0.034055 0.024001 -0.183573
v -0.050346 0.025242 -0.179475
v -0.015931 0.023201 -0.179274
v -0.058369 0.024052 -0.227410
v -0.145187 0.024044 -0.231382
v -0.098779 0.024041 -0.252083
v -0.097169 0.024044 -0.241193
v -0.082496 0.024045 -0.239597
v -0.111686 0.024060 -0.212046
v -0.151563 0.024046 -0.238216
v -0.162890 0.024043 -0.263229
v -0.117952 0.024057 -0.220057
v -0.138793 0.024055 -0.224341
v -0.115710 0.024071 -0.204695
v -0.125025 0.024036 -0.263320
v -0.004611 0.024063 -0.211433
v 0.099350 0.024089 -0.191246
v 0.081670 0.025713 -0.191160
v -0.106139 0.024420 -0.181200
v -0.106361 0.026184 -0.178281
v 0.157885 0.024051 -0.227740
v 0.096592 0.024052 -0.303836
v -0.069563 0.024021 -0.241748
v -0.110512 0.024062 -0.218389
v 0.001367 0.024025 -0.381011
v -0.022079 0.024032 -0.287796
v -0.027907 0.024045 -0.246424
v -0.098980 0.024039 -0.252715
v -0.076118 0.024045 -0.253566
v -0.069318 0.024036 -0.268404
v -0.080825 0.024041 -0.247818
v -0.125020 0.024037 -0.269859
v -0.120770 0.024033 -0.289638
v -0.180725 0.024043 -0.240180
v -0.186837 0.024035 -0.286937
v -0.179644 0.024034 -0.264651
v -0.174605 0.024034 -0.281394
v -0.089367 0.024043 -0.240850
v -0.002581 0.024061 -0.202827
v -0.064072 0.024023 -0.397036
v 0.013461 0.024033 -0.296907
v -0.002248 0.024021 -0.403194
v 0.107872 0.024031 -0.329455
v 0.164855 0.024028 -0.339022
v 0.153251 0.024020 -0.319636
v 0.173205 0.024029 -0.339882
v 0.191649 0.024031 -0.331982
v 0.149196 0.024028 -0.348723
v 0.120549 0.024030 -0.360398
v 0.115680 0.024025 -0.371806
v 0.101894 0.024042 -0.332890
v 0.127071 0.024026 -0.379475
v 0.107883 0.024024 -0.387646
v -0.066023 0.024044 -0.257034
v -0.225468 0.024023 -0.228088
v -0.212833 0.024055 -0.223358
v -0.148788 0.023577 -0.193328
v -0.148371 0.024102 -0.203106
v -0.140947 0.024064 -0.211190
v -0.156966 0.024061 -0.216544
v -0.141698 0.024055 -0.224315
v -0.221656 0.024057 -0.220631
v -0.183426 0.024080 -0.187259
v -0.172850 0.025380 -0.178597
v -0.200968 0.026199 -0.183496
v -0.177782 0.024059 -0.219514
v 0.168057 0.024034 -0.298406
v 0.192850 0.024032 -0.302432
v 0.062811 0.024019 -0.416218
v 0.160865 0.024046 -0.237111
v 0.154175 0.024052 -0.235990
v 0.194566 0.024055 -0.221700
v 0.183300 0.027534 -0.189917
v 0.172713 0.024080 -0.196100
v 0.236289 0.024171 -0.225459
v 0.235372 0.024070 -0.232993
v 0.129306 0.026272 -0.176691
v 0.180828 0.011261 -0.187674
v 0.127406 0.024091 -0.187996
v 0.114146 0.024138 -0.199419
v 0.150532 0.024080 -0.199001
v 0.105612 0.026614 -0.187307
v -0.113025 0.028347 -0.181315
v 0.171529 0.024029 -0.346329
v 0.150286 0.024028 -0.348849
v 0.150232 0.024034 -0.350468
v 0.172836 0.024025 -0.363702
v -0.032280 0.024079 -0.289860
v 0.103585 0.024022 -0.392311
v 0.119735 0.024029 -0.450726
v 0.114138 0.023997 -0.433265
v 0.108733 0.023988 -0.464032
v 0.041681 0.024282 -0.469089
v 0.083211 0.024015 -0.435580
v 0.064662 0.023946 -0.467453
v 0.076450 0.024017 -0.435041
v 0.065583 0.024014 -0.443636
v 0.021371 0.024007 -0.445554
v 0.046321 0.024034 -0.304326
v -0.047603 0.024025 -0.361596
v -0.043804 0.024051 -0.307629
v -0.091907 0.024034 -0.304852
v -0.112640 0.024033 -0.307835
v -0.038905 0.024022 -0.342284
v 0.054883 0.024014 -0.442049
v 0.061012 0.023109 -0.470660
v -0.132216 0.024034 -0.289806
v -0.049037 0.024037 -0.262036
v 0.033906 0.024023 -0.383803
v 0.037158 0.024022 -0.391759
v 0.050815 0.024010 -0.409623
v 0.080903 0.024036 -0.306792
v 0.089549 0.024027 -0.333975
v 0.064899 0.024028 -0.341852
v 0.077104 0.024007 -0.295402
v 0.105433 0.024224 -0.266496
v 0.085286 0.024077 -0.249073
v 0.061565 0.024022 -0.408957
v -0.056864 0.023991 -0.423955
v -0.068560 0.024018 -0.431603
v -0.040879 0.024002 -0.454836
v -0.057648 0.024026 -0.434069
v -0.007106 0.023986 -0.460457
v -0.051666 0.018428 -0.464211
v -0.008504 0.024008 -0.439802
v -0.003921 0.019436 -0.468641
v -0.074823 0.023956 -0.467456
v -0.091302 0.024011 -0.442296
v -0.002272 0.023921 -0.449457
v -0.125907 0.023240 -0.465316
v -0.127935 0.022110 -0.472824
v -0.124147 0.021061 -0.490550
v -0.108195 0.023069 -0.469473
v -0.097747 0.024004 -0.450541
v -0.102436 0.024940 -0.467113
v -0.163105 0.024036 -0.277752
v -0.149760 0.024032 -0.294115
v -0.129283 0.024036 -0.277212
v -0.167280 0.024035 -0.283523
v -0.153528 0.024032 -0.299731
v -0.182613 0.024038 -0.310500
v -0.178944 0.024034 -0.290154
v -0.143582 0.024034 -0.291136
v -0.177340 0.024032 -0.333628
v -0.184593 0.024034 -0.309308
v -0.192598 0.024033 -0.317035
v -0.148477 0.024033 -0.326628
v -0.139021 0.024038 -0.303770
v -0.120059 0.024040 -0.315660
v -0.124055 0.024028 -0.332450
v -0.194047 0.024034 -0.298012
v -0.195379 0.024032 -0.311652
v -0.157095 0.024028 -0.333392
v 0.163532 0.024030 -0.312844
v 0.089931 0.024031 -0.317291
v 0.251076 0.024037 -0.316799
v 0.256327 0.024012 -0.341570
v 0.223792 0.024031 -0.364132
v 0.244175 0.024046 -0.287698
v 0.237544 0.024032 -0.372850
v 0.230095 0.024031 -0.380410
v 0.198837 0.024007 -0.360078
v 0.218827 0.024039 -0.362496
v 0.260323 0.024032 -0.377844
v 0.269830 0.021881 -0.332828
v 0.232496 0.023967 -0.382169
v 0.172579 0.024025 -0.371772
v 0.195402 0.024026 -0.374005
v 0.204024 0.024044 -0.244969
v 0.234382 0.024032 -0.406897
v 0.112602 0.024031 -0.312306
v 0.192883 0.024026 -0.353959
v 0.207765 0.024030 -0.340393
v 0.080902 0.024026 -0.358106
v -0.226777 0.024046 -0.267271
v -0.211584 0.024039 -0.258240
v -0.227199 0.024036 -0.277630
v -0.234974 0.024036 -0.286825
v 0.060365 0.024017 -0.437251
v -0.028041 0.024033 -0.288926
v 0.244789 0.024033 -0.410827
v 0.248595 0.024033 -0.420798
v 0.267410 0.022834 -0.428921
v 0.233918 0.024004 -0.447124
v -0.086978 0.024023 -0.393539
v -0.096339 0.024024 -0.387387
v 0.128982 0.024020 -0.424194
v 0.119701 0.024017 -0.426507
v 0.136750 0.024523 -0.466821
v -0.170531 0.024049 -0.236585
v 0.090827 0.024025 -0.353372
v 0.115114 0.024024 -0.364839
v 0.108884 0.024024 -0.373763
v -0.229655 0.024058 -0.220412
v -0.221938 0.024042 -0.247988
v -0.235549 0.024042 -0.250371
v -0.231497 0.024076 -0.197082
v -0.246901 0.024079 -0.187544
v -0.235505 0.024047 -0.180574
v -0.278155 0.024037 -0.264492
v -0.229138 0.024040 -0.258101
v -0.289426 0.024085 -0.238298
v -0.257527 0.024038 -0.265106
v -0.265689 0.024035 -0.268821
v -0.286160 0.024051 -0.233833
v -0.252560 0.024064 -0.207344
v -0.295810 0.029495 -0.180344
v -0.265512 0.024477 -0.181178
v -0.255458 0.015549 -0.195770
v -0.259005 0.024041 -0.258796
v -0.337224 0.024071 -0.213722
v -0.292009 0.024061 -0.227126
v -0.295539 0.024064 -0.237775
v -0.300814 0.024042 -0.251454
v -0.333163 0.024040 -0.252827
v -0.333122 0.024049 -0.241592
v -0.349959 0.023641 -0.192305
v -0.370244 0.024059 -0.215500
v -0.388793 0.022848 -0.189105
v -0.390805 0.024396 -0.179568
v -0.333252 0.024041 -0.242194
v -0.338076 0.024040 -0.254603
v -0.344640 0.025424 -0.179912
v -0.362938 0.024038 -0.259221
v -0.342493 0.020754 -0.177768
v -0.326560 0.023909 -0.183980
v -0.284581 0.024036 -0.272514
v -0.367258 0.024042 -0.266398
v -0.348263 0.024033 -0.297556
v -0.389644 0.024039 -0.291750
v -0.406036 0.024034 -0.309400
v -0.402476 0.024039 -0.283892
v -0.412544 0.024037 -0.283914
v 0.116723 0.024025 -0.366281
v -0.261185 0.019966 -0.177874
v -0.254866 0.024413 -0.195622
v -0.258541 0.024025 -0.394516
v -0.272068 0.024028 -0.355148
v -0.265969 0.024024 -0.399308
v 0.013534 0.021849 -0.465123
v 0.005187 0.019290 -0.468590
v 0.035316 0.021207 -0.469076
v 0.027469 0.022919 -0.473501
v -0.221565 0.024018 -0.297535
v 0.002902 0.013670 -0.455169
v 0.007519 0.024013 -0.435115
v -0.350191 0.024034 -0.298698
v -0.360390 0.024027 -0.362055
v -0.248073 0.024034 -0.305717
v -0.247693 0.024035 -0.325691
v -0.292201 0.024026 -0.350696
v -0.305659 0.024030 -0.325393
v -0.304856 0.024027 -0.343878
v 0.135118 0.024021 -0.407060
v 0.137660 0.024014 -0.436441
v 0.133301 0.024018 -0.425538
v 0.176091 0.024078 -0.433672
v -0.294335 0.024008 -0.363043
v -0.328852 0.024028 -0.319630
v -0.311282 0.023992 -0.353263
v -0.315194 0.024037 -0.275979
v -0.303879 0.024031 -0.301479
v -0.294492 0.024035 -0.275580
v -0.311553 0.024038 -0.268298
v -0.326282 0.024034 -0.274071
v -0.310637 0.024019 -0.379032
v -0.314324 0.024028 -0.355849
v -0.296582 0.024027 -0.375101
v -0.305055 0.024028 -0.351302
v -0.332327 0.024027 -0.387854
v -0.327269 0.024025 -0.394767
v -0.337567 0.024013 -0.400813
v -0.187282 0.024019 -0.289228
v 0.182084 0.025979 -0.470006
v 0.163318 0.018390 -0.468952
v -0.302393 0.024026 -0.385165
v -0.298423 0.024025 -0.399349
v -0.295813 0.024025 -0.409802
v -0.225971 0.024039 -0.256940
v -0.134005 0.024027 -0.335339
v -0.150949 0.024027 -0.334848
v -0.134705 0.024022 -0.423078
v -0.302611 0.024030 -0.316308
v -0.228059 0.024034 -0.302678
v -0.293444 0.024020 -0.429179
v -0.298783 0.024020 -0.431112
v -0.335620 0.024018 -0.437649
v -0.307878 0.024022 -0.446184
v -0.289697 0.024022 -0.416869
v -0.326882 0.024021 -0.410708
v -0.370258 0.022743 -0.468033
v -0.341881 0.024016 -0.440198
v -0.045077 0.024021 -0.425105
v 0.099859 0.024036 -0.276202
v -0.293034 0.024025 -0.399110
v 0.228956 0.024039 -0.271539
v 0.235677 0.024041 -0.285177
v 0.246631 0.024046 -0.280822
v 0.260852 0.043242 -0.457951
v 0.271987 0.023172 -0.499961
v -0.390928 0.024018 -0.439312
v -0.360137 0.024015 -0.431050
v -0.358799 0.024022 -0.419056
v -0.377555 0.024026 -0.408045
v -0.371983 0.024027 -0.396732
v -0.408981 0.024027 -0.411083
v -0.408185 0.024021 -0.424972
v -0.409976 0.023959 -0.452690
v -0.139154 0.026191 -0.471580
v -0.155738 0.021354 -0.481945
v -0.131707 0.021844 -0.468649
v -0.131529 0.023987 -0.464282
v -0.129954 0.021357 -0.487410
v -0.280361 0.023920 -0.437393
v -0.401433 0.024104 -0.232900
v -0.412463 0.024049 -0.225455
v -0.416289 0.024039 -0.279103
v -0.452511 0.019726 -0.266527
v 0.199389 0.024029 -0.330961
v -0.255194 0.024025 -0.404467
v -0.263737 0.024025 -0.402255
v -0.094099 0.023334 -0.469753
v -0.072551 0.023120 -0.470065
v -0.089039 0.023011 -0.474130
v -0.085382 0.021407 -0.476481
v -0.050963 0.016567 -0.476046
v -0.318954 0.024032 -0.325740
v -0.164383 0.024049 -0.338187
v -0.141769 0.016613 -0.181407
v -0.132600 0.032200 -0.183660
v -0.413729 0.024023 -0.418146
v -0.423141 0.024026 -0.415822
v -0.433841 0.024030 -0.409715
v -0.448091 0.024015 -0.440934
v -0.360999 0.024030 -0.369658
v 0.219911 0.025250 -0.459085
v 0.188328 0.020453 -0.465035
v 0.195245 0.024015 -0.449407
v 0.189777 0.024014 -0.442917
v -0.275454 0.024011 -0.449284
v -0.396405 0.024041 -0.276554
v -0.379369 0.024035 -0.290731
v -0.404540 0.024037 -0.279437
v -0.368326 0.024041 -0.255035
v 0.256068 0.024029 -0.418082
v -0.093977 0.021863 -0.471686
v -0.083197 0.024020 -0.406761
v -0.391617 0.024024 -0.408807
v -0.291931 0.024041 -0.254372
v -0.417885 0.024052 -0.201994
v -0.419881 0.023725 -0.194930
v -0.444297 0.015506 -0.197228
v -0.452885 0.024001 -0.194818
v -0.452733 0.019199 -0.171500
v -0.432005 0.024056 -0.149933
v -0.447225 0.024920 -0.132585
v -0.403158 0.026589 -0.165358
v -0.451048 0.023939 -0.105096
v -0.418163 0.023997 -0.193400
v -0.396482 0.023988 -0.191900
v -0.415354 0.024051 -0.199587
v -0.383137 0.024061 -0.208747
v -0.397941 0.024049 -0.224061
v -0.394338 0.024055 -0.215463
v -0.405943 0.024045 -0.218224
v -0.374739 0.024049 -0.224570
v -0.416412 0.024020 -0.118991
v -0.420586 0.024042 -0.125867
v -0.422118 0.024048 -0.117329
v -0.402197 0.024994 -0.074500
v -0.400902 0.025849 -0.090603
v -0.435904 0.024059 -0.087633
v -0.438267 0.024052 -0.084488
v -0.422059 0.024091 -0.088233
v -0.427769 0.024054 -0.156072
v -0.406656 0.023963 -0.066930
v -0.416504 0.024356 -0.001742
v -0.432646 0.023826 0.007999
v -0.366013 0.024088 -0.000753
v -0.379445 0.023590 -0.028269
v -0.413747 0.024058 0.005859
v -0.373871 0.025516 0.018145
v -0.447967 0.024028 0.018652
v -0.453745 0.024439 0.018990
v -0.453104 0.021590 -0.002926
v -0.449217 0.022355 0.045638
v -0.439188 0.020127 0.041980
v -0.451926 0.022333 0.027894
v -0.426365 0.024052 0.025198
v -0.376390 0.023372 -0.028806
v -0.400188 0.025435 -0.068152
v -0.399456 0.022123 -0.143363
v -0.389847 0.024035 -0.333677
v -0.421282 0.024049 0.034772
v -0.412397 0.024049 0.006561
v -0.395385 0.026128 0.042922
v -0.397765 0.023159 0.054068
v -0.395661 0.024075 0.126489
v -0.436544 0.024053 0.111599
v -0.432865 0.024055 0.120809
v -0.441429 0.024038 0.133313
v -0.370778 0.024052 0.131821
v -0.412076 0.024051 0.145076
v -0.376384 0.024055 0.150646
v -0.359808 0.024039 0.177475
v -0.357995 0.024053 0.131241
v -0.348252 0.024128 0.171014
v -0.346056 0.023979 0.151813
v -0.318698 0.022533 0.140270
v -0.346431 0.022563 0.167964
v -0.377126 0.024056 0.119720
v -0.353300 0.024044 0.134684
v -0.368540 0.024096 0.124953
v -0.357212 0.024059 0.113879
v -0.344933 0.023973 0.104309
v -0.374867 0.024055 0.156922
v -0.410782 0.024048 0.173486
v -0.379946 0.024056 0.200359
v -0.318343 0.024114 0.197686
v -0.325017 0.023204 0.201784
v -0.361649 0.024058 0.203444
v -0.308606 0.023943 0.219345
v -0.323652 0.024215 0.202298
v -0.307133 0.023979 0.213575
v -0.337065 0.024048 0.236412
v -0.349942 0.024040 0.220572
v -0.378100 0.024057 0.205943
v -0.336112 0.024021 0.233478
v -0.308606 0.024054 0.297375
v -0.299603 0.024056 0.292169
v -0.339884 0.024042 0.284274
v -0.360067 0.022577 0.020589
v -0.354391 0.024196 0.042260
v -0.390997 0.022978 0.047099
v -0.375541 0.025911 0.054711
v -0.286996 0.024042 0.265942
v -0.250255 0.024014 0.296569
v -0.250077 0.024240 0.268634
v -0.407230 0.024045 0.217184
v -0.393485 0.024039 0.244734
v -0.407136 0.024045 0.228228
v -0.413106 0.024048 0.240226
v -0.425433 0.024047 0.257394
v -0.412467 0.024020 0.217711
v -0.415368 0.024044 0.227019
v -0.451455 0.021623 0.235172
v -0.433356 0.024051 0.265390
v -0.450216 0.022564 0.283934
v -0.435433 0.024053 0.300976
v -0.419998 0.024051 0.278543
v -0.430409 0.024053 0.299462
v -0.418308 0.024007 0.299890
v -0.414030 0.024042 0.284543
v -0.394192 0.024049 0.299305
v -0.423693 0.024051 0.262735
v -0.368280 0.024048 0.290868
v -0.374002 0.024036 0.275056
v -0.349862 0.024047 0.319538
v -0.343477 0.024051 0.269257
v -0.277900 0.024056 0.285463
v -0.362192 0.032380 0.053426
v -0.350404 0.024056 0.232599
v -0.437213 0.024048 0.120940
v -0.306120 0.024340 0.124443
v -0.328373 0.023970 0.115636
v -0.302467 0.024031 0.119950
v -0.287520 0.024088 0.118958
v -0.288734 0.024139 0.092551
v -0.283558 0.024079 0.106444
v -0.451038 0.023892 0.049963
v -0.298323 0.023967 0.229519
v -0.290188 0.024054 0.323283
v -0.301552 0.024055 0.301851
v -0.320271 0.024051 0.306584
v -0.330371 0.024045 0.335498
v -0.341516 0.024056 0.104211
v -0.356890 0.024048 0.102815
v -0.350310 0.024241 0.089409
v -0.339141 0.024051 0.262796
v -0.358868 0.024052 0.249929
v -0.348306 0.024077 0.239538
v -0.386329 0.024052 0.250348
v -0.367077 0.024051 0.240845
v -0.369377 0.024105 -0.011295
v -0.454679 0.021860 0.147207
v -0.235252 0.024033 -0.307999
v 0.246692 0.021836 -0.490294
v -0.452037 0.022646 -0.201126
v -0.262346 0.024039 -0.472429
v -0.361518 0.024028 -0.412157
v -0.344820 0.024021 -0.418882
v -0.356213 0.024022 -0.418138
v -0.354224 0.024020 0.152478
v -0.363444 0.023894 0.087779
v -0.367971 0.025468 0.074175
v -0.170315 0.024015 -0.444277
v -0.041053 0.006396 -0.476130
v -0.365913 0.024010 -0.028166
v -0.361281 0.024085 0.002076
v -0.316862 0.023880 -0.034739
v -0.341021 0.023880 -0.044093
v -0.336110 0.024131 -0.046259
v -0.312542 0.020931 -0.028929
v -0.300782 0.015477 -0.039114
v -0.288761 0.024306 -0.045741
v -0.314243 0.024063 0.020680
v 0.164776 0.024034 -0.291965
v -0.203011 0.021225 -0.491031
v -0.261786 0.020107 -0.492049
v -0.416374 0.024049 0.173683
v -0.417532 0.024043 0.313764
v -0.401817 0.024028 -0.391438
v -0.416707 0.024028 -0.355560
v -0.420907 0.023986 -0.368110
v -0.405852 0.024026 -0.395749
v -0.437531 0.024032 -0.383532
v -0.424270 0.024033 -0.354985
v -0.445282 0.019025 -0.337062
v -0.441705 0.024030 -0.364562
v -0.453527 0.023064 -0.389042
v -0.398853 0.024033 -0.330734
v -0.402561 0.024031 -0.340353
v -0.399811 0.024038 -0.313222
v -0.449063 0.026019 -0.342528
v -0.438452 0.024034 -0.369596
v -0.453153 0.022565 -0.379449
v -0.456477 0.023869 -0.386843
v -0.454397 0.023194 -0.296364
v -0.401814 0.024026 -0.397740
v -0.269437 0.024055 0.291174
v -0.253966 0.024047 0.301918
v 0.070249 0.024020 -0.405204
v -0.186189 0.024034 -0.293101
v -0.398518 0.027358 -0.046869
v -0.352678 0.025839 -0.032587
v -0.342489 0.023866 -0.045821
v -0.440409 0.024025 0.053880
v -0.298967 0.024038 -0.263018
v 0.209329 0.025058 -0.467572
v 0.241472 0.021871 -0.495944
v 0.195082 0.009802 -0.492182
v 0.167581 0.018584 -0.489087
v 0.164972 0.023004 -0.472818
v 0.188438 0.022284 -0.471149
v 0.246665 0.024019 -0.447321
v -0.297521 0.018888 0.125136
v -0.359798 0.024016 -0.442464
v 0.119706 0.023974 -0.463827
v -0.274450 0.024053 0.342162
v -0.287681 0.024052 0.332189
v -0.250488 0.024055 0.337586
v -0.171447 0.024032 0.369948
v -0.170788 0.024032 0.344405
v -0.178134 0.024069 0.327582
v -0.163878 0.024062 0.350333
v -0.266490 0.024053 0.356926
v -0.271142 0.024121 0.367995
v -0.264901 0.024053 0.345765
v -0.262055 0.024052 0.380335
v -0.239355 0.024056 0.387131
v -0.235917 0.024055 0.377309
v -0.243619 0.024054 0.381373
v -0.241722 0.024064 0.406463
v -0.266245 0.024052 0.386517
v -0.275063 0.024050 0.377356
v -0.271206 0.024150 0.356464
v -0.240417 0.022497 0.414381
v -0.286445 0.026420 0.435334
v -0.329720 0.024336 0.389616
v -0.297919 0.023619 0.430144
v -0.337574 0.024058 0.346958
v -0.320947 0.024046 0.345073
v -0.342836 0.024054 0.355434
v -0.333163 0.024049 0.383939
v -0.365650 0.024049 0.379929
v -0.347993 0.024062 0.401015
v -0.372646 0.024047 0.370275
v -0.352525 0.024044 0.362377
v -0.225070 0.023545 0.425864
v -0.245738 0.022534 0.439185
v -0.278361 0.023136 0.436941
v -0.256063 0.022066 0.452469
v -0.287787 0.018369 0.440866
v -0.201415 0.024001 0.332768
v -0.193250 0.024059 0.325865
v -0.183742 0.024041 0.313447
v -0.209892 0.024058 0.297019
v -0.176962 0.024026 0.289375
v -0.160230 0.024333 0.286750
v -0.164701 0.024080 0.345630
v -0.191322 0.026745 0.272375
v -0.220299 0.024069 0.287739
v -0.227306 0.022414 0.272462
v -0.230414 0.025169 0.274454
v -0.237064 0.028191 0.273847
v -0.229012 0.025568 0.270785
v -0.116192 0.024635 0.293412
v -0.113194 0.023559 0.289747
v -0.095990 0.024075 0.312387
v -0.094713 0.024052 0.295165
v -0.095598 0.024130 0.339026
v -0.114895 0.024053 0.343554
v -0.073820 0.024062 0.266899
v -0.131882 0.024107 0.283093
v -0.119604 0.024034 0.348488
v -0.079774 0.024055 0.235378
v -0.064030 0.024062 0.269163
v -0.070423 0.024059 0.259523
v -0.058272 0.024037 0.220648
v -0.099209 0.024045 0.225019
v -0.075927 0.024053 0.224079
v -0.072914 0.023998 0.206019
v -0.034966 0.024074 0.256085
v -0.028444 0.024084 0.234036
v -0.098010 0.024002 0.210752
v -0.099001 0.024047 0.197958
v -0.091002 0.024803 0.194611
v -0.081772 0.024531 0.180164
v -0.069461 0.021018 0.186026
v -0.120838 0.023749 0.232415
v -0.177225 0.024077 0.282027
v -0.166883 0.022917 0.281209
v -0.050806 0.024070 0.270266
v -0.033198 0.024077 0.265635
v -0.038228 0.024081 0.305354
v -0.024480 0.024080 0.282764
v -0.024236 0.024074 0.294773
v -0.015168 0.024085 0.260036
v -0.084420 0.024070 0.316127
v -0.008734 0.024081 0.269775
v 0.011128 0.024033 0.310513
v -0.011480 0.024051 0.309086
v -0.018832 0.024076 0.287921
v 0.012356 0.024023 0.268827
v -0.024542 0.024073 0.307689
v 0.026574 0.024190 0.265855
v 0.022636 0.023958 0.267535
v 0.014688 0.024069 0.315425
v 0.040719 0.024053 0.292832
v 0.049570 0.023971 0.263420
v 0.053187 0.024069 0.276232
v 0.045748 0.024072 0.299111
v 0.055303 0.024069 0.300909
v -0.018672 0.024027 0.316126
v 0.019998 0.024065 0.326172
v -0.001765 0.024072 0.334088
v 0.024252 0.024072 0.327890
v -0.004269 0.024058 0.382343
v 0.028291 0.023903 0.351677
v 0.020705 0.024063 0.317758
v 0.060733 0.024047 0.335561
v 0.029413 0.025294 0.349053
v 0.064846 0.024047 0.341455
v 0.052608 0.024080 0.379286
v 0.035145 0.024053 0.384970
v -0.000367 0.024074 0.411792
v 0.002899 0.013068 0.428100
v -0.016008 0.024016 0.402909
v 0.046666 0.024067 0.388548
v 0.044341 0.024062 0.392534
v 0.055144 0.024035 0.389543
v 0.078414 0.024055 0.379273
v 0.075467 0.024054 0.372888
v 0.031144 0.024059 0.251659
v 0.028376 0.023709 0.247085
v 0.081852 0.024063 0.300445
v 0.065731 0.024046 0.330571
v -0.012693 0.024016 0.385290
v 0.092519 0.024050 0.347727
v 0.090079 0.024049 0.331878
v 0.112654 0.024051 0.352472
v 0.149449 0.024057 0.330575
v 0.168784 0.024050 0.386395
v 0.164554 0.024030 0.397801
v 0.153497 0.024054 0.423599
v 0.147978 0.024065 0.370510
v 0.122617 0.024065 0.407821
v 0.182954 0.024076 0.361391
v 0.185644 0.024045 0.350976
v 0.188989 0.024055 0.329679
v 0.119671 0.023807 0.430357
v 0.154401 0.024045 0.330011
v 0.179650 0.024044 0.349279
v 0.154335 0.024048 0.274722
v 0.182251 0.024039 0.308703
v 0.185508 0.024032 0.282131
v 0.140821 0.024048 0.308860
v 0.148045 0.024051 0.276068
v 0.142263 0.024048 0.297314
v 0.134629 0.024048 0.300813
v 0.123599 0.024051 0.272327
v 0.089833 0.024062 0.300199
v 0.132761 0.024056 0.273594
v 0.154584 0.024027 0.248866
v 0.172752 0.024050 0.264625
v 0.177441 0.024047 0.254707
v 0.149792 0.024051 0.272300
v 0.169103 0.024055 0.397294
v 0.096231 0.024054 0.318291
v 0.109981 0.024049 0.346835
v 0.093506 0.024047 0.338362
v 0.123845 0.024048 0.330404
v 0.098162 0.024052 0.350465
v 0.121233 0.024050 0.337523
v 0.175046 0.024048 0.236903
v 0.164038 0.024038 0.227743
v 0.186035 0.024048 0.304186
v 0.252916 0.024045 0.346007
v 0.253129 0.024044 0.338175
v 0.227086 0.024047 0.259881
v 0.227414 0.024048 0.285526
v 0.264478 0.024045 0.279246
v 0.242528 0.024054 0.260550
v 0.238281 0.024049 0.240157
v 0.239874 0.024049 0.232572
v 0.269013 0.024018 0.169756
v 0.253875 0.024054 0.217687
v 0.230956 0.024047 0.260364
v 0.256392 0.024064 0.159487
v 0.252815 0.024067 0.209634
v 0.238895 0.024057 0.166854
v 0.217407 0.024050 0.223274
v 0.246620 0.024057 0.218774
v 0.227682 0.024057 0.179945
v 0.199147 0.016300 0.180505
v 0.198338 0.025075 0.170532
v 0.198883 0.024497 0.158770
v 0.240130 0.024146 0.154712
v 0.216529 0.023935 0.146405
v 0.233125 0.024062 0.170701
v 0.172094 0.026250 0.187465
v 0.189442 0.025433 0.168103
v 0.191225 0.022737 0.173906
v 0.168784 0.024011 0.200375
v 0.210228 0.024055 0.222373
v 0.256944 0.024064 0.397998
v 0.258331 0.023399 0.430525
v 0.256752 0.024091 0.417647
v -0.024942 0.024008 0.362550
v -0.027180 0.024073 0.320893
v -0.072919 0.024090 0.327246
v -0.073734 0.024280 0.353454
v -0.068936 0.024098 0.319670
v -0.055280 0.024084 0.356386
v -0.087715 0.024089 0.399656
v -0.088236 0.024086 0.394521
v -0.127190 0.024050 0.376449
v -0.077201 0.024088 0.359211
v -0.093293 0.024083 0.400038
v -0.062479 0.024056 0.294088
v -0.076094 0.024060 0.320223
v -0.074830 0.024104 0.293031
v -0.087837 0.024035 0.296516
v -0.107285 0.024098 0.413478
v -0.046120 0.024066 0.378512
v -0.062085 0.024108 0.403462
v 0.250377 0.024057 0.152525
v 0.269154 0.023983 0.156323
v 0.257374 0.024057 0.119827
v 0.236090 0.024068 0.122141
v 0.249511 0.024097 0.109313
v 0.259804 0.024044 0.094313
v 0.196933 0.024045 0.256405
v 0.190819 0.024047 0.254936
v 0.222013 0.024058 0.250561
v 0.260312 0.024044 0.062034
v 0.268131 0.023296 0.075310
v 0.268078 0.023512 0.100202
v 0.215354 0.024131 0.066687
v 0.205034 0.023017 0.062073
v 0.205208 0.022557 0.083694
v 0.212103 0.024371 0.096037
v 0.235180 0.024064 0.105726
v 0.185842 0.025606 0.074919
v 0.186115 0.024783 0.052110
v 0.177711 0.027101 0.070660
v 0.179726 0.032484 0.040979
v 0.192560 0.026263 0.043363
v 0.194091 0.032106 0.069486
v 0.200529 0.024204 0.045481
v 0.205685 0.016194 0.019379
v 0.196288 0.024094 0.020739
v 0.209169 0.024024 0.129824
v 0.204231 0.022978 0.103681
v 0.200435 0.024319 0.153153
v 0.196129 0.035208 0.094552
v 0.201377 0.025279 0.088317
v 0.206917 0.025669 0.094563
v 0.229497 0.026073 0.122932
v 0.212011 0.024462 0.140048
v 0.210777 0.024017 0.155067
v 0.188462 0.023456 0.035122
v 0.189324 0.024706 0.045054
v 0.207283 0.025761 0.035606
v 0.203453 0.020669 0.050853
v 0.246139 0.024061 0.030439
v 0.246580 0.024819 0.012338
v 0.265785 0.024011 0.058665
v 0.263760 0.024061 0.004329
v 0.249837 0.024332 0.036700
v 0.224002 0.018325 -0.003148
v 0.219618 0.024046 0.036087
v 0.261979 0.024063 -0.016588
v 0.257073 0.024044 -0.053045
v 0.270164 0.024488 -0.036234
v 0.269907 0.024025 -0.001394
v 0.255849 0.024072 -0.008334
v 0.260792 0.024116 0.000025
v 0.239457 0.024008 -0.052555
v 0.221620 0.023827 -0.042830
v 0.230334 0.023653 -0.053143
v 0.196478 0.023929 -0.017934
v 0.216053 0.024058 -0.006379
v 0.219843 0.024018 -0.019305
v 0.192329 0.028601 -0.004772
v 0.219082 0.021713 -0.035886
v 0.222014 0.024004 -0.007469
v 0.256227 0.024077 -0.062668
v 0.258127 0.023952 -0.068752
v 0.235797 0.025460 -0.061303
v 0.270470 0.022976 -0.115901
v 0.260210 0.024071 -0.063029
v 0.208341 0.025604 0.058329
v 0.185451 0.026346 0.144987
v 0.169460 0.026105 0.133807
v 0.192214 0.024456 0.165663
v 0.180341 0.024642 0.149816
v 0.183018 0.020948 0.162092
v 0.139019 0.024039 0.136664
v 0.137514 0.025344 0.137037
v 0.150913 0.024120 0.169420
v 0.152537 0.022634 0.087662
v 0.139885 0.021544 0.113856
v 0.143357 0.022941 0.101874
v 0.170063 0.023295 0.164511
v 0.165012 0.024262 0.158190
v 0.171227 0.025306 0.167303
v 0.147775 0.024283 0.175057
v 0.173661 0.024805 0.173216
v 0.168044 0.023482 0.183600
v 0.172864 0.018962 0.143855
v -0.011444 0.022438 0.431884
v -0.013453 0.024383 0.417234
v -0.021204 0.033876 0.435821
v 0.130417 0.023785 0.155440
v 0.032564 0.023676 0.339404
v 0.026721 0.023445 0.344838
v 0.105598 0.027508 0.428537
v 0.094622 0.024051 0.422248
v 0.116620 0.024064 0.406767
v 0.077063 0.023974 0.263608
v 0.094438 0.024021 0.243841
v 0.116337 0.024046 0.259194
v 0.069536 0.018345 0.260164
v 0.074568 0.023711 0.241155
v 0.050910 0.024061 0.252374
v 0.035167 0.022008 0.245429
v 0.041549 0.024305 0.193203
v 0.101816 0.024051 0.285706
v 0.089805 0.024051 0.294081
v 0.060395 0.024070 0.289456
v 0.057219 0.024029 0.274594
v 0.071457 0.024256 0.186004
v 0.043329 0.023977 0.185776
v 0.067530 0.020561 0.193845
v 0.148612 0.024051 0.249199
v 0.156950 0.024042 0.225376
v 0.105795 0.024060 0.240832
v 0.095483 0.023057 0.235905
v 0.100310 0.024459 0.196634
v 0.079888 0.024073 0.211671
v 0.082144 0.024012 0.233607
v 0.074598 0.029711 0.184210
v 0.087067 0.024061 0.209247
v 0.097030 0.024303 0.192538
v 0.074677 0.023012 0.187332
v 0.146893 0.024055 0.263699
v 0.077741 0.022188 0.243574
v 0.100628 0.024040 0.245244
v 0.034817 0.024424 0.207034
v 0.011780 0.023750 0.192594
v 0.009900 0.024039 0.206698
v -0.022775 0.024846 0.202945
v 0.001084 0.024138 0.209083
v -0.023823 0.027006 0.191430
v -0.036857 0.024415 0.192401
v -0.016057 0.025375 0.192896
v -0.056269 0.024048 0.209003
v -0.064293 0.023520 0.199353
v -0.068746 0.024748 0.192548
v -0.070984 0.025083 0.200446
v -0.043851 0.024061 0.216570
v -0.037478 0.024073 0.305803
v 0.217932 0.024048 0.360506
v 0.126814 0.024054 0.393583
v 0.195441 0.023231 0.430585
v 0.196981 0.024032 0.421262
v 0.171467 0.024281 0.164206
v 0.193068 0.024050 0.294535
v -0.030441 0.023627 0.367533
v -0.030018 0.024060 0.392263
v -0.040417 0.024080 0.373195
v -0.044184 0.024145 0.388561
v 0.269915 0.024021 0.067961
v -0.027295 0.024077 0.262838
v 0.115572 0.022987 0.431314
v 0.159807 0.027575 0.419579
v 0.182055 0.021125 0.088827
v 0.144719 0.023821 0.430352
v 0.070198 0.022142 0.429205
v 0.091335 0.023867 0.429914
v 0.077734 0.022503 0.433428
v -0.033041 0.024065 0.394745
v -0.082443 0.025538 0.435382
v -0.053212 0.024086 0.401006
v 0.150029 0.024361 0.187530
v 0.160226 0.021315 0.197541
v -0.092913 0.023757 0.358697
v -0.112336 0.024129 0.353197
v 0.271844 0.024134 0.343500
v 0.204341 0.025312 -0.037717
v 0.234278 0.023189 -0.075166
v 0.216998 0.024321 -0.096925
v 0.219249 0.024070 -0.102537
v 0.206526 0.024589 -0.101707
v 0.235426 0.024098 -0.126302
v 0.238772 0.024109 -0.158528
v 0.252770 0.024014 -0.127095
v 0.245916 0.024446 -0.090564
v 0.273144 0.026403 -0.166666
v 0.272439 0.019370 -0.183418
v 0.247613 0.024089 -0.121692
v 0.250926 0.024093 -0.174816
v 0.202273 0.025133 -0.076981
v 0.250314 0.024092 -0.212369
v 0.204158 0.026141 -0.112065
v 0.194973 0.019587 -0.123570
v 0.205159 0.024172 -0.160565
v 0.232719 0.022659 -0.159731
v 0.202684 0.024529 -0.179899
v 0.235893 0.024047 -0.190333
v 0.239129 0.024126 -0.214600
v 0.277126 0.021683 -0.211198
v 0.199034 0.031925 -0.128361
v 0.264804 0.024046 -0.218201
v 0.242723 0.024352 -0.222567
v -0.118573 0.024123 0.348312
v -0.086671 0.024080 0.355330
v -0.005987 0.024086 0.252956
v -0.231128 0.024054 0.372581
v -0.230242 0.024027 0.384729
v -0.194907 0.024060 0.394744
v -0.188122 0.024129 0.391755
v -0.168703 0.024054 0.379211
v -0.226640 0.024064 0.403235
v -0.219516 0.023964 0.423094
v -0.226155 0.024068 0.414482
v -0.218240 0.023949 0.430996
v -0.185987 0.024290 0.415053
v -0.189651 0.021485 0.426325
v 0.134386 0.025107 0.131900
v 0.075455 0.024073 0.107146
v 0.108151 0.024101 0.142825
v 0.106808 0.020463 0.168928
v 0.113053 0.023976 0.135834
v 0.119743 0.025752 0.146582
v 0.087512 0.021952 0.157764
v 0.045640 0.024654 0.177069
v 0.037434 0.015866 0.173273
v 0.057038 0.024082 0.150846
v 0.032191 0.024345 0.176943
v -0.006799 0.024072 0.150094
v -0.014602 0.024063 0.138743
v -0.010483 0.024069 0.109145
v 0.078670 0.024038 0.135835
v -0.013852 0.024083 0.154305
v 0.028425 0.024083 0.129647
v -0.001329 0.024373 0.170257
v -0.061592 0.024064 0.141441
v 0.068967 0.024077 0.089436
v -0.108376 0.024064 0.151752
v -0.064559 0.022913 0.182342
v -0.099431 0.024057 0.144753
v 0.086264 0.023486 0.130761
v -0.022700 0.024066 0.116758
v -0.039418 0.024067 0.124440
v -0.041001 0.024065 0.110480
v -0.078997 0.024065 0.118968
v -0.097783 0.024062 0.126580
v -0.088574 0.024064 0.121055
v -0.017792 0.024101 0.163333
v -0.003834 0.027696 0.182381
v -0.023791 0.023321 0.184006
v 0.076456 0.023975 0.151671
v -0.072596 0.024061 0.116716
v 0.022117 0.024080 0.156908
v -0.115621 0.024065 0.162160
v 0.016093 0.024208 0.182002
v -0.024480 0.024066 0.099199
v -0.033165 0.024067 0.107628
v -0.015981 0.024066 0.112776
v 0.085506 0.023978 0.153356
v -0.129138 0.024161 0.178783
v -0.107087 0.024188 0.195455
v -0.107856 0.023905 0.199757
v -0.108124 0.023525 0.214228
v -0.098018 0.032400 0.187651
v -0.123184 0.024014 0.221390
v -0.064101 0.024065 0.116905
v -0.084768 0.024065 0.105339
v -0.097284 0.024282 0.089208
v -0.141475 0.024062 0.101776
v -0.102512 0.024084 0.122244
v -0.161327 0.024894 0.090508
v -0.136211 0.024055 0.112467
v -0.133145 0.024062 0.109022
v -0.171104 0.024064 0.137643
v -0.153159 0.024064 0.138245
v -0.127006 0.024063 0.127256
v -0.146596 0.024063 0.132869
v -0.148450 0.024074 0.143996
v -0.135898 0.024069 0.153391
v -0.174863 0.024064 0.147551
v -0.178316 0.024069 0.157026
v -0.192055 0.024090 0.131665
v -0.211309 0.027535 0.090826
v -0.255172 0.024075 0.089634
v -0.225603 0.024057 0.104233
v -0.204198 0.024064 0.148953
v -0.195801 0.024067 0.143919
v -0.247700 0.024096 0.134679
v -0.199766 0.024066 0.155222
v -0.200555 0.024051 0.090482
v -0.162674 0.023959 0.150991
v -0.187354 0.024712 0.181890
v -0.175634 0.024384 0.179683
v -0.197177 0.030790 0.177066
v -0.217502 0.026229 0.178665
v -0.116049 0.024059 0.158844
v -0.190862 0.023940 0.208575
v -0.176566 0.024323 0.195957
v -0.129830 0.024960 0.182812
v -0.169918 0.022546 0.181746
v -0.233326 0.024049 0.101269
v 0.092205 0.021763 0.184322
v -0.136526 0.024212 0.161809
v -0.255658 0.024499 0.133993
v -0.244672 0.022518 0.148160
v -0.290027 0.027707 0.129047
v -0.300343 0.024566 0.127226
v -0.278228 0.037456 0.169482
v -0.278741 0.024125 0.122251
v -0.320794 0.026394 0.146128
v -0.274839 0.024104 0.116642
v -0.278765 0.023913 0.102808
v -0.318978 0.043671 0.173966
v -0.126638 0.024067 0.152672
v -0.148204 0.024758 0.179859
v 0.269960 0.024018 0.273678
v 0.261372 0.024053 0.109220
v 0.175376 0.024045 0.226902
v -0.157027 0.024071 0.399690
v -0.160400 0.023930 0.420320
v -0.169366 0.022663 0.438394
v -0.168015 0.022463 0.444872
v -0.150615 0.024028 0.421889
v -0.149869 0.024011 0.429300
v -0.142672 0.023050 0.436977
v 0.217278 0.024048 0.365349
v -0.312971 0.024077 -0.000720
v -0.111781 0.024035 0.219652
v -0.272753 0.024020 -0.426569
v -0.105561 0.029980 0.433918
v -0.111713 0.023281 0.445301
v -0.081941 0.025379 0.451414
v -0.087206 0.022298 0.443170
v -0.100071 0.024218 0.436273
v -0.128537 0.022298 0.452056
v -0.326436 0.024049 0.301082
v 0.132281 0.023378 -0.466978
v -0.177164 0.024030 -0.337856
v -0.314499 0.024855 0.089844
v -0.341021 0.024050 0.091955
v -0.231396 0.027493 -0.180813
v 0.214205 0.018792 0.157526
v -0.288469 0.023924 -0.029357
v -0.274843 0.024025 -0.409241
v -0.402656 0.025782 -0.099158
v -0.379246 0.021688 -0.468139
v -0.142293 0.024001 0.365153
v -0.118072 0.024840 0.350314
v 0.111587 0.024011 0.382038
v -0.153773 0.024133 0.196098
v -0.139923 0.029848 0.204372
v -0.380462 0.024028 -0.401495
v 0.240543 0.024251 -0.228102
v -0.313272 0.024052 0.304681
v -0.398117 0.024028 -0.403178
v 0.005241 0.023837 0.390788
v -0.271718 0.024073 0.003149
v -0.311023 0.024057 0.011999
v -0.307867 0.024309 0.020915
v -0.270420 0.024082 0.006251
v -0.227532 0.024033 -0.010428
v -0.201782 0.024063 -0.020026
v -0.169519 0.023931 -0.045429
v -0.164795 0.025578 -0.035778
v -0.183444 0.024076 -0.007870
v -0.228615 0.024100 -0.002762
v -0.200432 0.024087 -0.015605
v -0.247360 0.023182 0.020303
v -0.192346 0.024103 0.000381
v -0.262178 0.023908 0.007382
v -0.201207 0.024696 0.020663
v -0.155018 0.023431 -0.020662
v -0.162491 0.024044 0.018406
v -0.183273 0.024079 -0.001328
v -0.155037 0.024983 0.017957
v -0.117674 0.024092 -0.012413
v -0.156238 0.023851 -0.036167
v -0.086610 0.023924 -0.028498
v -0.128711 0.024079 -0.021799
v -0.115490 0.024094 -0.006685
v -0.082321 0.023782 -0.037224
v -0.063403 0.024095 -0.008975
v -0.064355 0.023898 -0.031629
v -0.090657 0.024069 0.007590
v -0.033177 0.024059 -0.026541
v -0.056742 0.023968 -0.025325
v -0.037539 0.023921 -0.038755
v -0.060485 0.026290 -0.039256
v 0.029847 0.024056 -0.021859
v -0.004466 0.023834 -0.035742
v -0.002230 0.024046 -0.040954
v -0.034943 0.024456 -0.046163
v 0.011803 0.024083 0.000971
v 0.009163 0.024077 0.011776
v -0.028778 0.023863 -0.034023
v 0.048337 0.025459 0.039207
v 0.033720 0.023932 -0.025182
v 0.011864 0.024080 0.008215
v 0.017380 0.024084 0.001338
v -0.045108 0.023849 -0.045074
v 0.034446 0.024081 0.008316
v 0.055330 0.024089 -0.006396
v 0.063741 0.024092 -0.010571
v -0.089261 0.024052 0.016133
v 0.070679 0.024087 -0.015482
v 0.106251 0.024116 -0.016560
v 0.088728 0.023982 -0.045075
v 0.088230 0.024061 -0.046291
v 0.072766 0.024094 0.017301
v 0.057017 0.024064 0.041782
v 0.112764 0.024190 0.025366
v 0.116356 0.026291 -0.022749
v 0.127352 0.028417 -0.006746
v 0.120075 0.023671 0.006468
v 0.099217 0.023905 -0.036642
v 0.117214 0.024019 -0.039426
v 0.123022 0.024566 -0.045984
v 0.141281 0.024089 -0.028376
v 0.117705 0.024045 -0.045070
v 0.103031 0.024019 -0.043784
v 0.093065 0.023245 -0.045804
v 0.114390 0.024046 0.032404
v 0.138078 0.024324 0.041880
v 0.133937 0.024153 0.026173
v 0.123575 0.024081 0.027971
v 0.128756 0.024064 0.020494
v 0.135576 0.027208 0.003758
v -0.106501 0.024075 0.010180
v -0.096187 0.024041 0.016442
v -0.106132 0.024340 0.020801
v 0.164401 -0.002568 -0.039402
v -0.162620 0.023894 -0.046261
v -0.094295 0.024095 0.009480
v -0.081327 0.026448 -0.043060
v -0.160771 0.024160 0.020897
v -0.067981 0.022375 -0.046799
v 0.145450 0.024365 -0.026395
v -0.210980 0.024124 -0.015900
v -0.194169 0.024015 0.019268
v -0.449409 0.022964 0.167600
v -0.447164 0.024156 0.196498
v -0.134742 0.024056 0.376940
v -0.161718 0.024053 0.388969
v -0.164210 0.024047 0.372305
v -0.152624 0.024181 0.359964
v 0.245393 0.024024 -0.190309
v -0.135616 0.024247 0.180124
v -0.152929 0.024114 0.178885
v -0.429090 0.024047 0.202307
v 0.267749 0.023689 -0.324645
v -0.005429 0.019801 0.023353
v -0.287241 0.024135 0.124370
v -0.366155 0.024079 0.008161
v -0.352072 0.024044 0.351646
v -0.364820 0.024040 0.331870
v -0.354096 0.024046 0.326882
v -0.327760 0.024046 0.336912
v -0.424270 0.024030 -0.409624
v -0.442460 0.010950 -0.093156
v -0.137566 0.024041 0.252988
v -0.130690 0.023681 0.268908
v -0.367543 0.024061 0.202953
v -0.374219 0.024050 0.273395
v -0.407029 0.024773 -0.455528
v -0.084895 0.023448 0.441343
v -0.399803 0.024049 0.260770
v -0.410869 0.024067 0.278661
v -0.399606 0.024050 0.280446
v -0.392563 0.024073 0.259694
v -0.372823 0.024048 0.286329
v -0.371551 0.024052 0.259732
v -0.394959 0.024047 0.286252
v -0.387777 0.024049 0.305840
v 0.213309 0.024059 0.401748
v -0.430012 0.024220 0.202163
v -0.451678 0.022900 0.197359
v -0.454257 0.022464 0.230863
v -0.314647 0.024689 0.090171
v -0.269437 0.024052 0.380501
v -0.398707 0.024652 -0.098054
v 0.183285 0.024049 0.259126
v 0.271085 0.023831 0.421169
v 0.260028 0.024055 0.386455
v -0.051332 0.020993 -0.492326
v -0.132064 0.021041 -0.491548
v -0.281655 0.023994 0.260539
v -0.301800 0.024046 0.262889
v -0.279751 0.023963 0.252313
v -0.286335 0.024441 0.231987
v -0.303756 0.021351 -0.478445
v -0.295817 0.021098 -0.486235
v -0.267940 0.021213 -0.489278
v -0.291726 0.024016 0.242500
v -0.345649 0.024022 -0.418983
v -0.393103 0.024051 0.343174
v -0.406936 0.024045 0.347988
v -0.381949 0.024044 0.331711
v 0.265151 0.024009 -0.387626
v -0.451038 0.023939 0.250589
v -0.454695 0.022039 0.252115
v -0.155741 0.024248 0.208096
v -0.133163 0.026634 0.211890
v -0.188668 0.023501 0.209925
v -0.453312 0.021771 -0.278838
v -0.375401 0.024048 0.301488
v 0.195621 0.024390 0.013379
v 0.074652 0.027582 -0.478827
v -0.455682 0.021914 -0.243770
v -0.431941 0.024042 -0.289152
v -0.189258 0.024054 0.329177
v -0.362509 0.024054 0.239052
v -0.315482 0.024050 0.014846
v 0.209797 0.025151 0.027739
v -0.375021 0.024063 0.321170
v -0.370264 0.024048 0.306326
v -0.383535 0.024008 0.311471
v -0.450989 0.022992 -0.076516
v 0.053918 0.024019 -0.415150
v 0.135670 0.024046 0.338116
v -0.292720 0.023995 -0.462989
v 0.209058 0.024089 -0.165404
v -0.451038 0.023884 -0.039916
v 0.129409 0.022927 -0.471631
v 0.133164 0.021709 -0.476482
v 0.085848 0.020718 -0.490317
v 0.137660 0.020337 -0.489463
v 0.210040 0.024059 0.399410
v 0.206418 0.024069 0.405181
v 0.270178 0.034439 -0.226954
v 0.290226 0.024550 -0.216668
v 0.278854 0.028471 -0.266730
v 0.283905 0.027296 -0.243631
v 0.287259 0.021254 -0.251330
v -0.145056 0.024031 0.359627
v 0.074424 0.018399 0.180982
v 0.084308 0.024025 0.143648
v -0.389718 0.024055 0.336387
v -0.417340 0.024045 0.341431
v -0.437678 0.024061 0.321171
v -0.450473 0.022960 0.328480
v -0.418835 0.024046 0.345542
v -0.433155 0.011219 0.302611
v -0.450271 0.016558 0.315054
v -0.452579 0.023066 0.347839
v -0.328774 0.024048 0.379279
v -0.450720 0.029061 -0.429124
v 0.231661 0.023803 0.430345
v 0.194939 0.021795 0.433732
v 0.208066 0.010231 0.414234
v 0.229316 0.021101 0.427600
v 0.214461 0.021254 0.437228
v 0.200773 0.024760 0.452785
v 0.202673 0.021266 0.449261
v 0.132054 0.019105 0.451774
v 0.163381 0.023809 0.219157
v 0.151597 0.024172 0.197864
v -0.382890 0.022045 -0.471425
v -0.353002 0.022089 -0.475599
v -0.397773 0.021836 -0.475923
v -0.127118 0.022735 0.438925
v -0.232936 0.022089 0.416736
v -0.134005 0.024034 -0.287698
v 0.148893 0.018467 -0.491218
v 0.151065 0.015599 -0.471937
v 0.136884 0.023766 -0.469944
v -0.414815 0.024045 0.351278
v -0.427759 0.024061 0.365252
v -0.087191 0.024383 0.327830
v -0.408062 0.024045 0.371722
v -0.394850 0.024053 0.394763
v -0.404102 0.024052 0.398182
v -0.412298 0.024046 0.377677
v -0.435566 0.024055 0.387623
v -0.423359 0.024070 0.369660
v -0.394955 0.024062 0.410768
v -0.393622 0.024054 0.400264
v -0.387897 0.024075 0.414505
v -0.412207 0.026103 0.424839
v -0.423102 0.023921 0.422391
v -0.439515 0.022679 0.433978
v -0.403529 0.022653 0.438516
v -0.410764 0.022795 0.435875
v -0.369126 0.023935 0.427749
v -0.413982 0.024047 0.368056
v -0.438673 0.024057 0.382619
v -0.448581 0.024038 0.390078
v 0.178699 0.024020 -0.434672
v 0.218144 0.021267 0.434281
v -0.108326 0.023938 0.419727
v -0.357462 0.024600 0.402675
v -0.365130 0.024194 0.420483
v -0.350647 0.024069 0.417254
v -0.351503 0.023111 0.431407
v -0.365578 0.024054 0.396954
v -0.362386 0.024050 0.388144
v -0.367543 0.024049 0.386149
v -0.386425 0.024057 0.391609
v -0.391164 0.024050 0.380581
v -0.387040 0.024069 0.393420
v -0.279692 0.024000 -0.454946
v -0.282521 0.024055 0.345367
v 0.120898 0.021441 -0.482190
v -0.297343 0.024019 -0.436611
v -0.447415 0.024019 -0.403853
v -0.016146 0.023179 0.432682
v -0.275678 0.023770 0.111314
v -0.223887 0.028155 0.436815
v -0.246134 0.022402 0.452908
v -0.246693 0.022385 0.445879
v 0.038204 0.024479 0.184645
v 0.189658 0.024068 0.416600
v 0.115425 0.022467 0.448155
v 0.113558 0.019645 0.445606
v 0.132850 0.020315 0.444981
v 0.129039 0.021136 0.449812
v 0.119119 0.021212 0.453384
v 0.109249 0.020292 0.444919
v -0.023559 0.024039 0.401497
v -0.293381 0.024058 0.291850
v -0.051862 0.024016 0.040875
v -0.433479 0.023987 -0.461041
v -0.452993 0.021867 -0.442168
v -0.454123 0.022334 -0.467358
v -0.456549 0.019329 -0.470039
v -0.465709 0.019975 -0.468819
v -0.203958 0.020805 0.436471
v -0.390807 0.031090 -0.088451
v -0.368370 0.027121 -0.080677
v -0.357461 0.028038 -0.088148
v -0.331348 0.026696 -0.075079
v -0.315423 0.026923 -0.058284
v -0.313272 0.026686 -0.068649
v -0.340296 0.027469 -0.087252
v -0.393267 0.026679 -0.053423
v -0.376666 0.027347 -0.079959
v -0.398267 0.024839 -0.073906
v -0.305046 0.027724 -0.103522
v -0.351090 0.027770 -0.097135
v -0.303438 0.026661 -0.082214
v -0.306464 0.026868 -0.070427
v -0.298730 0.027996 -0.109977
v -0.322595 0.027226 -0.108884
v -0.248227 0.028896 -0.097650
v -0.307869 0.027558 -0.107940
v 0.050250 0.024950 0.433377
v -0.422244 0.023621 0.430229
v -0.005234 0.024095 0.432177
v 0.282848 0.020763 0.425268
v 0.287347 0.019089 0.449019
v 0.263084 0.020982 0.434281
v -0.459378 0.026889 -0.426701
v -0.165192 0.024064 0.392043
v 0.122836 0.023970 0.167193
v 0.145223 0.018514 0.186225
v 0.226046 0.024776 0.436606
v 0.009895 0.021409 -0.473350
v 0.035743 0.016779 -0.490227
v 0.040537 0.023920 -0.472416
v 0.035619 0.016989 -0.488627
v -0.316464 0.024037 -0.268052
v -0.451036 0.023880 -0.008238
v -0.452417 0.022425 -0.056851
v -0.453634 0.022512 -0.077991
v -0.454960 0.021319 -0.010694
v -0.465240 0.020689 -0.022694
v -0.011745 0.023210 -0.470810
v -0.454966 0.021314 -0.110885
v -0.462650 0.020656 -0.119480
v -0.450294 0.021781 -0.104855
v 0.077270 0.031624 -0.471892
v -0.466785 0.020753 0.060170
v -0.463818 0.021171 0.054247
v -0.455879 0.022757 0.025502
v 0.098596 0.022934 0.432469
v -0.462646 0.029208 0.113377
v 0.255353 0.023533 -0.237453
v -0.451162 0.022650 -0.409763
v -0.325984 0.030079 0.198924
v -0.376513 0.024060 -0.215477
v -0.308115 0.023998 0.425440
v -0.411737 0.020237 -0.470767
v -0.454109 0.020655 -0.492251
v -0.430443 0.026646 -0.467699
v -0.425016 0.022469 -0.466264
v 0.248717 0.020382 -0.498380
v -0.295393 0.020231 -0.491887
v -0.452039 0.023332 0.397161
v -0.406447 0.022338 0.450034
v -0.439223 0.022368 0.452908
v -0.161992 0.022468 0.452805
v -0.183759 0.026164 0.442429
v -0.177184 0.033053 0.438828
v 0.258663 0.024037 -0.380401
v -0.454517 0.025116 -0.180609
v -0.458404 0.021275 -0.185663
v -0.452570 0.023051 -0.137409
v -0.452721 0.021576 -0.120426
v -0.450718 0.024601 -0.137653
v -0.428199 0.024053 0.035842
v 0.200683 0.019967 0.452872
v 0.290990 0.020723 0.409435
v 0.277410 0.021087 0.366119
v 0.314883 0.023210 0.342457
v 0.309005 0.020682 0.392043
v 0.301945 0.020703 0.395604
v 0.313700 0.020160 0.391106
v 0.307778 0.020696 0.360487
v 0.277946 0.021769 0.414471
v 0.278464 0.023057 0.348160
v 0.304217 0.020691 0.356926
v 0.278262 0.022458 0.348076
v 0.280206 0.020408 0.293858
v 0.273653 0.020634 0.365328
v 0.281010 0.020744 0.299708
v 0.301630 0.020647 0.282237
v 0.280212 0.020740 0.263118
v -0.461707 0.014015 -0.342048
v -0.303225 0.020447 -0.492173
v -0.308972 0.015158 -0.479594
v -0.344318 0.024908 -0.472670
v -0.349456 0.021300 -0.487763
v -0.457470 0.024349 -0.343257
v -0.462278 0.019079 -0.334358
v -0.454708 0.023851 -0.279525
v -0.463340 0.020051 -0.276770
v -0.465191 0.019882 -0.238555
v -0.465636 0.019644 -0.278331
v -0.464787 0.020900 -0.280330
v -0.372709 0.027632 0.045523
v -0.019691 0.024035 0.378137
v -0.303009 0.024038 0.089878
v 0.274324 0.020676 0.452593
v 0.274130 0.021388 0.265686
v -0.453248 0.023611 0.291025
v -0.465737 0.020234 0.286651
v -0.453565 0.017505 0.242438
v -0.451037 0.023898 0.342920
v -0.295822 0.028220 0.047464
v -0.316219 0.026240 0.052379
v -0.283298 0.020570 0.054580
v -0.259129 0.026598 0.047434
v -0.290953 0.018603 0.063150
v -0.326445 0.027029 0.053053
v -0.307450 0.034385 0.065974
v -0.312911 0.027739 0.055200
v -0.356182 0.029205 0.061883
v -0.330260 0.025159 0.064785
v -0.276932 0.026130 0.061031
v -0.357726 0.017900 0.066208
v -0.328743 0.025425 0.066628
v -0.305563 0.023886 0.087183
v 0.309213 0.019441 0.400255
v -0.451075 0.023954 0.191394
v -0.456450 0.022113 -0.189293
v -0.339958 0.022228 0.427131
v -0.330037 0.022843 0.432128
v -0.321839 0.024638 0.429673
v -0.303024 0.017902 0.450034
v -0.453559 0.021883 0.194107
v -0.452636 0.022060 -0.469957
v 0.126990 0.023356 0.432780
v 0.157865 0.021651 0.431545
v -0.374078 0.022967 0.434848
v -0.345165 0.026065 0.052593
v -0.348128 0.027097 0.064543
v -0.452620 0.023081 0.099322
v -0.457237 0.032961 0.382379
v -0.465998 0.019964 0.353070
v -0.462593 0.016303 0.375880
v 0.077604 0.025636 0.444386
v 0.092657 0.024785 0.434496
v 0.073492 0.012023 0.434918
v 0.050965 0.027551 0.433820
v -0.391118 0.024049 0.309531
v 0.250283 0.024027 -0.442776
v 0.256948 0.021574 0.434473
v 0.172655 0.026207 0.103120
v -0.458773 0.021276 0.320397
v -0.457983 0.021338 0.339051
v -0.458560 0.018069 0.111917
v -0.462825 0.021314 0.082869
v -0.011405 0.027577 0.442337
v 0.049177 0.016903 0.448047
v 0.027556 0.021834 0.440741
v -0.442355 0.024284 0.396252
v -0.173081 0.024854 0.273995
v -0.465515 0.020825 0.156337
v -0.229376 0.036641 0.168450
v -0.347172 0.025262 0.026911
v -0.169814 0.026804 0.269142
v -0.453598 0.021909 0.101287
v -0.345687 0.024013 0.172072
v -0.254462 0.022471 0.063228
v -0.284873 0.025163 0.072246
v -0.451076 0.024234 0.245225
v -0.294865 0.026157 0.086890
v -0.253598 0.026587 0.076238
v -0.297195 0.025448 0.068532
v -0.248641 0.027557 0.065685
v -0.247097 0.026903 0.059496
v -0.260353 0.026435 0.052347
v -0.231984 0.027073 0.048248
v -0.243962 0.018743 0.042250
v -0.210378 0.025822 0.055120
v -0.189805 0.025924 0.057537
v -0.210132 0.025817 0.058557
v -0.191758 0.026924 0.070871
v -0.182920 0.025865 0.054169
v -0.158820 0.031867 0.076400
v -0.082095 0.024911 0.044804
v -0.135522 0.025588 0.060967
v -0.124635 0.027921 0.060668
v -0.098022 0.026163 0.050619
v -0.101691 0.027792 0.071081
v -0.049776 0.022674 0.061770
v -0.090765 0.025370 0.062412
v -0.100987 0.026455 0.062078
v -0.247325 0.021021 0.046776
v -0.188891 0.026933 0.049696
v -0.305143 0.025639 0.075731
v -0.255317 0.025852 0.059539
v 0.183407 0.026211 0.028363
v -0.454013 0.021615 0.431197
v -0.463787 0.017503 0.387322
v -0.465003 0.020614 0.430474
v 0.175879 0.021992 0.040534
v -0.454651 0.023056 -0.010032
v -0.256054 0.025354 0.064942
v -0.461884 0.017778 0.201390
v -0.465324 0.019882 0.215609
v -0.192289 0.019882 -0.490703
v -0.174077 0.023539 -0.475146
v -0.365004 0.024702 0.067800
v -0.452976 0.004534 0.229120
v 0.069165 0.024046 0.422884
v 0.158225 0.024252 0.171080
v 0.271259 0.006795 0.248804
v 0.273808 0.021343 0.227228
v 0.287076 0.020739 0.199550
v 0.279046 0.020758 0.227203
v 0.290940 0.020697 0.193814
v 0.273961 0.022363 0.193037
v 0.277642 0.021671 0.166284
v 0.310652 0.020522 0.091961
v 0.313484 0.020006 0.181989
v 0.281014 0.020765 0.159120
v 0.273613 0.020134 0.103373
v 0.274355 0.022945 0.048835
v 0.278309 0.020757 0.052909
v 0.306518 0.013345 0.045827
v 0.299429 0.020684 0.067954
v 0.283351 0.020718 0.048152
v 0.313206 0.019966 0.016547
v 0.273922 0.022329 0.017662
v 0.273930 0.021825 0.160585
v 0.290096 0.020696 -0.007501
v 0.304415 0.020673 -0.013365
v 0.306291 0.020485 0.009432
v 0.312891 0.020553 -0.013854
v 0.283406 0.021775 0.002656
v 0.285922 0.020702 -0.015237
v 0.275392 0.019969 -0.128094
v 0.313114 0.017863 -0.019170
v 0.313638 0.020135 -0.082414
v 0.312181 0.019710 -0.182478
v 0.281629 0.020736 0.022682
v 0.304401 0.020676 0.072800
v 0.312866 0.020536 -0.075525
v 0.312839 0.020408 -0.049553
v 0.313546 0.024747 0.065593
v 0.277052 0.021125 0.003796
v 0.191584 0.025299 -0.083353
v 0.195553 0.024239 -0.071925
v 0.265785 0.020957 0.440298
v 0.078383 0.017200 0.450399
v -0.193057 0.020957 -0.492375
v 0.300410 0.020692 0.275888
v -0.351949 0.024018 -0.438233
v 0.274248 0.021032 0.009367
v -0.257304 0.028249 0.169575
v -0.297276 0.024691 0.219461
v -0.192205 0.022653 0.438210
v -0.050708 0.021744 0.182320
v -0.453312 0.019471 -0.418082
v -0.459274 0.017984 -0.390674
v -0.464599 0.018694 -0.379456
v 0.039646 0.022662 0.446673
v 0.066518 0.024017 0.447733
v 0.034752 0.020099 0.444055
v -0.139320 0.022097 0.450692
v 0.193269 0.034540 -0.021253
v 0.188161 0.028735 -0.032366
v -0.235083 0.023749 -0.107112
v -0.133637 0.024025 -0.347372
v -0.038445 0.025444 0.032095
v 0.084878 0.017800 -0.474178
v -0.062203 0.022410 0.034157
v -0.080259 0.017637 0.024340
v -0.091606 0.025176 0.034740
v -0.158244 0.025882 0.023911
v -0.134576 0.023962 0.030252
v -0.157946 0.024983 0.030516
v -0.097658 0.021493 0.042112
v -0.102592 0.024901 0.032679
v -0.114834 0.025901 0.032362
v -0.064665 0.025286 0.037502
v -0.189361 0.024604 0.032279
v -0.182809 0.023926 0.034859
v -0.189458 0.024486 0.042300
v -0.164701 0.025892 0.029580
v -0.188542 0.024249 0.029967
v -0.252255 0.015758 0.030267
v -0.191188 0.025001 0.035504
v -0.216271 0.023926 0.036456
v -0.197977 0.024012 0.040877
v -0.219955 0.023976 0.040385
v -0.212833 0.025081 0.031321
v -0.231497 0.023993 0.040630
v -0.244766 0.026479 0.032118
v -0.254755 0.023557 0.038324
v -0.277664 0.024021 0.041367
v -0.274845 0.023638 0.037198
v -0.293337 0.022573 0.043846
v -0.328855 0.024352 0.031588
v -0.202908 0.029218 0.029261
v -0.299152 0.023921 0.034736
v -0.303151 0.024398 0.042302
v -0.324692 0.023972 0.034983
v -0.330427 0.028016 0.035808
v -0.350229 0.026137 0.034509
v -0.348388 0.024036 0.040876
v -0.211323 0.027083 -0.074186
v -0.119025 0.024052 0.242736
v -0.206547 0.026821 -0.082747
v -0.198590 0.027733 -0.093329
v -0.237101 0.026489 -0.107982
v -0.189281 0.027902 -0.099390
v -0.148676 0.027534 -0.099619
v -0.170472 0.027516 -0.085960
v -0.092633 0.027807 -0.106624
v -0.090263 0.027806 -0.098854
v -0.100309 0.026198 -0.083023
v -0.096361 0.028211 -0.072512
v -0.037491 0.024454 -0.081786
v -0.016105 0.026595 -0.109198
v -0.051327 0.026619 -0.109259
v -0.085080 0.027843 -0.101093
v -0.057632 0.027635 -0.107945
v -0.126945 0.027735 -0.104625
v -0.166562 0.029672 -0.073414
v -0.132735 0.024231 -0.100292
v -0.137828 0.026654 -0.103547
v -0.302896 0.026896 -0.078594
v -0.452356 0.023292 0.431828
v 0.191925 0.025438 -0.161837
v -0.114038 0.029242 -0.075739
v -0.341881 0.027278 -0.083383
v -0.241995 0.024069 0.412302
v -0.038987 0.027003 0.031177
v -0.458491 0.019100 0.063043
v 0.094990 0.021430 -0.479428
v -0.050879 0.024255 0.180426
v -0.115096 0.025086 0.031328
v -0.023078 0.012183 0.440674
v -0.201445 0.019500 -0.492072
v 0.010636 0.027809 -0.094925
v 0.014136 0.027799 -0.099836
v -0.001727 0.024089 -0.107610
v 0.043004 0.027549 -0.103588
v 0.047145 0.026228 -0.108789
v -0.005036 0.027663 -0.103321
v 0.138579 0.021449 -0.487593
v 0.039131 0.023725 0.198120
v -0.462570 0.021627 0.239561
v 0.108648 0.026590 0.173253
v -0.113318 0.025914 0.061646
v 0.171232 0.026228 0.106198
v -0.142107 0.010717 0.268393
v 0.075296 0.023682 -0.096183
v 0.048945 0.027770 -0.105974
v 0.170767 0.028609 -0.109360
v 0.098055 0.027807 -0.092457
v 0.171322 0.028075 -0.093142
v -0.397508 0.024859 -0.061503
v 0.192137 0.025503 0.042752
v -0.296870 0.024028 -0.382376
v -0.247511 0.026744 0.075044
v -0.234091 0.025152 0.065303
v -0.243507 0.025765 0.067182
v -0.231832 0.022258 0.086213
v 0.090202 0.024082 -0.190452
v 0.005008 0.024788 0.189816
v -0.166732 0.026240 0.273988
v -0.380268 0.027246 -0.082315
v -0.253966 0.026583 0.070283
v -0.164532 0.021434 -0.478547
v -0.310623 0.024607 -0.471672
v -0.457668 0.021278 0.081395
v 0.278923 0.020750 0.007478
v -0.196994 0.024061 0.013127
v -0.158930 0.022467 0.450734
v -0.157580 0.024437 0.180651
v -0.122086 0.026448 0.062703
v -0.465939 0.020703 -0.422553
v -0.370735 0.026551 -0.078943
v -0.453944 0.022380 -0.427174
v 0.002283 0.028668 0.193086
v 0.099703 0.024323 0.189327
v -0.458404 0.021264 -0.234532
v -0.458650 0.021266 -0.417912
v 0.092657 0.023038 0.432054
v 0.090675 0.024875 0.186740
v -0.367348 0.025869 -0.115082
v -0.052914 0.023299 0.045925
v 0.005056 0.028583 0.059060
v 0.010886 0.024774 0.050855
v 0.034086 0.022256 0.050593
v 0.051494 0.025929 0.052311
v 0.084382 0.025640 0.045664
v -0.061343 0.026621 0.063774
v -0.041056 0.026668 0.052524
v 0.036179 0.026796 -0.112793
v 0.156163 0.027389 0.084795
v 0.143025 0.025326 -0.111554
v 0.145271 0.024050 -0.032795
v -0.068603 0.031915 -0.186798
v 0.135387 0.021339 0.446068
v -0.114114 0.025360 0.064934
v -0.363430 0.023681 0.429984
v 0.280274 0.023153 -0.246197
v -0.452570 0.023054 -0.172771
v -0.094672 0.024335 0.425540
v 0.154592 0.028586 -0.008542
v 0.161810 0.021458 -0.022858
v 0.160449 0.033555 0.046504
v 0.151708 0.025979 0.040764
v 0.156865 0.025158 0.050233
v 0.123833 0.026220 0.062977
v 0.160675 0.019760 0.055376
v 0.144876 0.030896 0.081730
v 0.112444 0.026213 0.085925
v 0.121512 0.026392 0.071818
v 0.117380 0.025987 0.064700
v 0.087401 0.028390 0.051164
v 0.113444 0.023461 0.051824
v 0.139619 0.018970 0.047656
v 0.126647 0.026094 0.060374
v 0.163087 0.022281 -0.024410
v 0.178646 0.024782 0.001499
v 0.171872 0.029583 0.001157
v 0.181572 0.025190 -0.007898
v 0.190209 0.030699 -0.004886
v 0.179206 0.024861 -0.005184
v 0.151310 0.026579 -0.004169
v 0.139876 0.023766 0.010265
v -0.061783 0.023237 0.437650
v -0.278953 0.024131 0.117126
v 0.234528 0.027326 -0.461909
v 0.179212 0.018506 -0.466178
v -0.342292 0.023595 -0.469824
v -0.153005 0.021380 -0.476630
v -0.091383 0.021358 -0.486283
v 0.049026 0.021646 -0.472075
v -0.366879 0.021052 -0.491762
v 0.013080 0.021172 -0.491529
v -0.453738 0.022157 -0.350558
v -0.463801 0.022804 -0.196597
v -0.453719 0.022021 0.178158
v -0.453089 0.022433 0.093490
v 0.012963 0.024073 0.016147
v -0.082299 0.024103 -0.002507
v -0.111944 0.022663 0.020233
v 0.104894 0.024106 -0.014385
v 0.074015 0.024089 0.010153
v 0.040978 0.024072 0.015443
v 0.033597 0.024080 0.013372
v 0.049510 0.023936 0.034489
v 0.067616 0.024081 0.016856
v 0.120076 0.024793 0.006473
v 0.042688 0.024568 -0.018553
v 0.067648 0.024027 -0.020981
v -0.109620 0.024039 0.015780
v -0.140035 0.023921 -0.017286
v -0.137747 0.022173 -0.022485
v -0.260373 0.024078 0.001814
v -0.236711 0.024079 -0.013107
v -0.310539 0.024099 0.000020
v -0.303482 0.024017 -0.020745
v 0.008931 0.022253 -0.036014
v 0.028259 0.024052 -0.022170
v -0.371578 0.024063 -0.008591
v -0.425802 0.024050 0.024548
v -0.351942 0.024057 -0.019829
v -0.323732 0.024011 -0.023641
v -0.446115 0.019648 -0.055059
v -0.439986 0.024053 -0.107817
v -0.403640 0.024217 -0.160876
v -0.380376 0.024064 -0.202275
v -0.117571 0.024032 -0.329311
v -0.207656 0.024034 -0.287567
v -0.220077 0.024030 -0.294753
v -0.313255 0.024038 -0.262504
v -0.377407 0.024063 -0.230977
v -0.416042 0.024041 -0.203579
v -0.390131 0.024044 -0.253751
v -0.383259 0.024059 -0.260877
v -0.378304 0.024043 -0.254397
v -0.356427 0.024041 -0.250053
v -0.286365 0.024005 -0.275514
v -0.343354 0.024038 -0.287207
v -0.440723 0.024042 -0.256019
v -0.366840 0.024042 -0.266928
v -0.380473 0.024036 -0.294298
v -0.400714 0.024068 -0.313755
v -0.431069 0.024091 -0.291149
v -0.336813 0.024035 -0.285089
v -0.287448 0.024032 -0.281864
v -0.210989 0.024035 -0.307555
v -0.179552 0.024027 -0.312287
v -0.177973 0.024030 -0.333971
v -0.186817 0.024019 -0.360092
v -0.319853 0.024030 -0.321115
v -0.315268 0.024028 -0.322971
v -0.045383 0.024027 -0.361907
v -0.009046 0.024018 -0.422190
v 0.053350 0.024025 -0.412384
v 0.050666 0.024022 -0.391261
v 0.056503 0.024023 -0.381572
v 0.070987 0.024022 -0.400715
v 0.074558 0.024017 -0.425498
v 0.073418 0.024023 -0.398752
v 0.118620 0.024023 -0.393847
v 0.180147 0.024014 -0.429831
v 0.117145 0.024018 -0.418208
v 0.083190 0.024022 -0.437348
v -0.084036 0.024021 -0.408623
v -0.088574 0.024021 -0.401643
v -0.314936 0.024027 -0.333669
v -0.321926 0.024037 -0.326135
v -0.293017 0.024085 -0.355159
v -0.297101 0.024026 -0.358668
v -0.201854 0.024027 -0.366302
v -0.187176 0.024055 -0.364273
v -0.242795 0.024027 -0.369651
v -0.360549 0.024029 -0.361168
v -0.353936 0.024030 -0.366789
v -0.294282 0.024027 -0.374270
v -0.279545 0.023979 -0.410694
v -0.243140 0.024024 -0.416171
v -0.226440 0.024025 -0.401464
v -0.198480 0.024007 -0.426316
v -0.212342 0.024027 -0.383225
v -0.201441 0.024026 -0.380445
v -0.095577 0.024008 -0.439667
v -0.084522 0.024015 -0.438970
v -0.003657 0.024008 -0.430771
v 0.013219 0.024025 -0.434074
v -0.445589 0.023997 -0.381037
v -0.416000 0.024043 -0.400988
v -0.347943 0.024026 -0.435465
v -0.191483 0.024020 -0.424214
v -0.204325 0.024015 -0.441233
v -0.190488 0.024015 -0.442027
v -0.159442 0.024025 -0.391446
v -0.189650 0.024020 -0.424306
v -0.121435 0.024019 -0.428949
v -0.280295 0.024027 -0.439346
v -0.389382 0.024019 -0.436695
v -0.384610 0.024023 -0.450500
v -0.307721 0.024043 -0.460672
v -0.250207 0.023989 -0.450981
v -0.155739 0.024008 -0.443229
v -0.129489 0.024681 -0.457504
v -0.088499 0.024178 -0.445214
v -0.037250 0.023982 -0.460826
v 0.123935 0.024040 -0.453060
v 0.118338 0.024006 -0.447602
v 0.138547 0.024015 -0.437454
v 0.250154 0.025469 -0.466052
v -0.408664 0.024188 -0.455074
v 0.231985 0.024016 -0.448889
v 0.030977 0.024206 -0.448280
v 0.015394 0.024008 -0.449223
v -0.013676 0.023971 -0.453054
v -0.106044 0.024049 -0.429010
v -0.127955 0.023771 -0.455600
v -0.293851 0.023965 -0.453620
v -0.371277 0.024012 -0.442481
v -0.347432 0.024010 -0.445706
v -0.390258 0.024029 -0.399372
v -0.366315 0.024024 -0.408028
v -0.325735 0.024025 -0.402257
v -0.324532 0.024022 -0.410200
v -0.431435 0.024032 -0.361880
v -0.253702 0.024026 -0.365066
v 0.017652 0.024027 -0.439092
v 0.202560 0.024013 -0.445769
v -0.113907 0.024027 -0.372606
v 0.001039 0.024021 -0.392161
v -0.007263 0.024024 -0.372300
v -0.133278 0.024031 -0.350458
v -0.150351 0.024034 -0.362182
v -0.123791 0.024025 -0.350504
v -0.165929 0.024030 -0.328893
v -0.389819 0.024035 -0.334927
v -0.369099 0.024036 -0.317219
v -0.300797 0.024035 -0.283068
v -0.388802 0.024051 -0.230358
v -0.234748 0.024040 -0.297734
v -0.210543 0.024000 -0.254026
v -0.227927 0.024009 -0.237841
v -0.246144 0.024066 -0.210588
v -0.251993 0.024072 -0.198365
v -0.097458 0.024029 -0.335640
v -0.117152 0.024033 -0.313292
v 0.040563 0.024027 -0.367601
v -0.039377 0.024038 -0.310416
v -0.038441 0.024019 -0.329276
v 0.090826 0.024022 -0.354914
v 0.086158 0.024031 -0.318623
v 0.059872 0.024031 -0.320910
v 0.148156 0.024027 -0.351028
v 0.265294 0.024008 -0.420276
v 0.227823 0.024026 -0.392039
v 0.267956 0.024003 -0.381373
v 0.260528 0.023816 -0.379198
v 0.253131 0.024019 -0.383035
v 0.219667 0.024031 -0.358252
v 0.185537 0.024004 -0.348938
v 0.189348 0.024015 -0.365382
v 0.190855 0.024025 -0.336796
v -0.034844 0.024031 -0.298425
v -0.079089 0.024032 -0.302661
v -0.133047 0.024037 -0.288435
v -0.052230 0.024035 -0.269649
v -0.134432 0.024038 -0.268833
v -0.099017 0.024023 -0.263772
v -0.033997 0.024040 -0.252315
v 0.031636 0.024014 -0.265700
v 0.076564 0.024032 -0.312972
v 0.147261 0.024032 -0.317009
v 0.068402 0.024017 -0.285720
v 0.062568 0.024038 -0.253525
v 0.074042 0.024039 -0.250089
v 0.100482 0.024031 -0.276854
v 0.149023 0.024031 -0.314760
v 0.211757 0.024027 -0.349345
v 0.218024 0.024045 -0.330988
v 0.254243 0.024038 -0.371438
v 0.256211 0.024145 -0.341752
v 0.202976 0.024032 -0.305881
v 0.207698 0.024035 -0.295548
v 0.165769 0.024006 -0.307916
v 0.199276 0.024029 -0.299537
v 0.204844 0.024023 -0.286032
v 0.198202 0.024035 -0.278354
v 0.113260 0.024040 -0.268412
v 0.112066 0.024034 -0.279641
v 0.107648 0.024036 -0.269694
v 0.138007 0.024100 -0.269195
v 0.107877 0.024045 -0.249648
v 0.080296 0.024041 -0.241086
v -0.048293 0.024036 -0.256342
v -0.068294 0.024045 -0.247675
v -0.079567 0.024086 -0.250449
v -0.185132 0.024038 -0.233182
v -0.165582 0.024051 -0.231152
v -0.163608 0.024060 -0.213387
v -0.059123 0.024048 -0.236689
v -0.107314 0.024064 -0.216939
v -0.022836 0.024068 -0.201377
v -0.105368 0.027594 -0.191101
v -0.182641 0.024075 -0.195769
v -0.111750 0.024080 -0.190329
v -0.062856 0.024548 -0.179144
v -0.041753 0.024062 -0.188044
v 0.039824 0.024057 -0.216811
v 0.045673 0.024061 -0.216854
v 0.077153 0.024055 -0.220908
v 0.054944 0.024057 -0.220877
v 0.110724 0.024043 -0.251901
v 0.196288 0.024043 -0.246626
v 0.150579 0.024089 -0.196706
v 0.193265 0.024057 -0.226862
v 0.271265 0.027265 -0.266971
v 0.137092 0.024155 -0.205579
v -0.059930 0.024036 -0.267293
v 0.011657 0.024064 -0.264787
v 0.164970 0.024020 -0.374398
v -0.033352 0.024037 -0.337315
v -0.430531 0.024052 -0.160668
v -0.438107 0.024042 -0.085375
v -0.431586 0.024014 -0.079304
v -0.286264 0.024003 -0.024390
v -0.230273 0.024101 -0.002774
v -0.317904 0.023999 0.009349
v -0.418734 0.023322 0.038714
v -0.441750 0.017582 0.055142
v -0.408949 0.024868 0.086946
v -0.441214 0.024049 0.053523
v -0.370603 0.024061 0.093887
v -0.397223 0.024057 0.123636
v -0.368701 0.022873 0.092265
v -0.407571 0.024052 0.123572
v -0.412669 0.024051 0.138303
v -0.283314 0.026083 0.088083
v -0.280120 0.024046 0.101778
v -0.385163 0.024054 0.151199
v -0.450682 0.021509 0.160575
v -0.359680 0.024163 0.176523
v -0.407080 0.024048 0.185763
v -0.368477 0.024055 0.196939
v -0.421506 0.024045 0.181062
v -0.435947 0.019270 0.211317
v -0.416657 0.024045 0.203690
v -0.356608 0.024058 0.226787
v -0.369043 0.024054 0.232019
v -0.411967 0.024016 0.255755
v -0.445755 0.023976 0.294483
v -0.379448 0.024051 0.257919
v -0.402702 0.024048 0.291872
v -0.390534 0.024051 0.272553
v -0.333200 0.024020 0.256728
v -0.273008 0.023893 0.251247
v -0.326930 0.024049 0.301443
v -0.296771 0.024054 0.291637
v -0.290986 0.024059 0.284483
v -0.393748 0.024042 0.319274
v -0.301609 0.024063 0.298751
v -0.293411 0.024057 0.300076
v -0.249380 0.027367 0.270759
v -0.234072 0.028806 0.287418
v -0.126686 0.024008 0.265097
v -0.100416 0.024014 0.254561
v -0.142989 0.024518 0.254978
v -0.129249 0.024343 0.197375
v -0.066312 0.023265 0.202193
v 0.049725 0.024082 0.211323
v 0.077628 0.023979 0.225065
v 0.096692 0.024002 0.152459
v 0.051173 0.024001 0.134865
v -0.008482 0.024067 0.115633
v -0.042102 0.024066 0.103364
v -0.216115 0.024085 0.121120
v -0.202581 0.024048 0.093674
v -0.086699 0.023919 0.109987
v -0.047468 0.024065 0.119756
v -0.106088 0.024062 0.132827
v -0.147110 0.024064 0.132218
v -0.194784 0.024054 0.170292
v -0.135272 0.024064 0.151120
v -0.112365 0.024060 0.142219
v -0.038575 0.024060 0.123977
v -0.036452 0.024065 0.132842
v -0.061648 0.024070 0.142381
v -0.059652 0.022675 0.166106
v -0.077196 0.024597 0.176096
v -0.086719 0.024503 0.177109
v -0.044944 0.025125 0.179126
v 0.029520 0.024093 0.140574
v 0.041590 0.024092 0.131939
v 0.053468 0.024036 0.160418
v 0.002181 0.026906 0.173517
v -0.125770 0.024063 0.112220
v -0.093384 0.024063 0.116012
v -0.026839 0.024065 0.091145
v 0.074536 0.024122 0.105348
v 0.125195 0.024097 0.115959
v 0.132120 0.023582 0.112229
v 0.074241 0.024011 0.115078
v 0.089012 0.024304 0.125143
v 0.170916 0.024226 0.105500
v 0.146160 0.028676 0.191826
v 0.155215 0.026913 0.194843
v 0.087486 0.023876 0.210239
v 0.003761 0.024074 0.217196
v -0.043528 0.023976 0.214995
v -0.079131 0.025782 0.212261
v -0.124962 0.023865 0.226044
v -0.123769 0.024005 0.211252
v -0.142760 0.024042 0.218369
v -0.075057 0.024047 0.225020
v -0.056780 0.023984 0.220878
v 0.018369 0.023900 0.238955
v 0.190116 0.024218 0.193378
v 0.202552 0.022898 0.191991
v 0.204176 0.025858 0.183283
v 0.212967 0.024044 0.138847
v 0.206012 0.022321 0.131185
v 0.269380 0.024061 -0.042939
v 0.252321 0.024045 0.016186
v 0.239321 0.024087 0.117831
v 0.226905 0.024266 0.130858
v 0.269960 0.024025 0.162188
v 0.235825 0.024058 0.180115
v 0.177216 0.022193 0.222669
v 0.163708 0.024046 0.230532
v 0.152006 0.024061 0.244602
v 0.181203 0.024046 0.238349
v 0.021488 0.024032 0.238786
v 0.007994 0.024385 0.246819
v -0.000534 0.024074 0.256812
v -0.014095 0.024054 0.252772
v -0.114046 0.024032 0.237799
v -0.102803 0.024061 0.253168
v -0.076787 0.024059 0.261890
v -0.071439 0.024052 0.257209
v -0.067840 0.024075 0.269832
v -0.017819 0.024084 0.270807
v 0.024880 0.023158 0.255874
v 0.064710 0.023707 0.259152
v 0.075603 0.023992 0.270435
v 0.251185 0.024065 0.209086
v 0.225857 0.024056 0.242514
v 0.215995 0.024049 0.230733
v 0.220559 0.024052 0.251254
v 0.209920 0.024047 0.264407
v 0.099067 0.024086 0.290186
v -0.059636 0.024071 0.288727
v 0.038727 0.024057 0.304084
v -0.021759 0.024047 0.320107
v -0.054909 0.024089 0.350055
v -0.096347 0.024222 0.310709
v -0.219406 0.024434 0.288405
v -0.227711 0.024006 0.296222
v -0.272752 0.024052 0.299584
v -0.326804 0.024060 0.334911
v -0.329111 0.024045 0.343420
v -0.344028 0.024044 0.348667
v -0.337193 0.024070 0.354568
v -0.346966 0.024039 0.337578
v -0.387512 0.024052 0.376612
v -0.314785 0.024053 0.339883
v -0.294163 0.024052 0.331427
v -0.181011 0.024068 0.318285
v -0.180389 0.023959 0.312458
v -0.187268 0.024010 0.332559
v -0.191404 0.024016 0.328051
v -0.308894 0.024048 0.341848
v -0.295075 0.024044 0.357959
v -0.287006 0.024047 0.355899
v -0.344427 0.024054 0.398465
v -0.346530 0.024061 0.406527
v -0.381612 0.024048 0.408766
v -0.290786 0.024022 0.414137
v -0.220924 0.025972 0.397972
v -0.233338 0.024061 0.398428
v -0.164897 0.023985 0.350740
v -0.104329 0.024032 0.313567
v -0.094502 0.024991 0.341302
v -0.104203 0.023753 0.317402
v -0.096808 0.023798 0.339449
v 0.014020 0.024046 0.305491
v -0.003441 0.023978 0.339560
v -0.063230 0.024088 0.351574
v -0.073498 0.024036 0.364151
v -0.183559 0.021467 0.424565
v 0.022128 0.023821 0.344852
v 0.192315 0.024048 0.294095
v 0.097029 0.024052 0.318059
v 0.087475 0.024055 0.318572
v 0.041745 0.024008 0.340388
v 0.030835 0.024021 0.363434
v -0.029951 0.023642 0.359844
v -0.057002 0.024133 0.395001
v -0.070156 0.024087 0.366258
v -0.147945 0.024430 0.402005
v -0.145627 0.024071 0.396863
v -0.158412 0.035679 0.428423
v -0.139811 0.024020 0.412644
v 0.011830 0.024055 0.383572
v 0.088211 0.024050 0.353916
v 0.136216 0.024046 0.325890
v 0.147972 0.024045 0.325493
v 0.218031 0.024046 0.286753
v 0.266092 0.024038 0.266310
v 0.154266 0.024046 0.330309
v 0.229318 0.024047 0.293814
v 0.201640 0.024048 0.363461
v 0.176765 0.024045 0.360610
v 0.120689 0.024047 0.346590
v -0.062709 0.023908 0.403737
v -0.043976 0.020057 0.436096
v -0.023526 0.023901 0.404361
v -0.014614 0.024001 0.395326
v 0.050821 0.024057 0.389585
v 0.079847 0.024053 0.368709
v 0.172276 0.024046 0.369438
v 0.258478 0.024052 0.387105
v 0.224448 0.024047 0.370142
v 0.128400 0.024050 0.379634
v 0.108220 0.024057 0.380508
v 0.215424 0.024047 0.393130
v 0.172963 0.024066 0.403158
v 0.102623 0.024175 0.400054
v 0.091552 0.024069 0.413469
v 0.003246 0.022283 0.427000
v -0.108600 0.024546 0.410603
v 0.119850 0.024467 0.422090
v 0.227187 0.023925 0.424421
v 0.237422 0.024047 0.426976
v 0.161531 0.024064 0.424611
v 0.213478 0.024048 0.366503
v -0.130625 0.024013 0.367863
v 0.033579 0.024067 0.317586
v 0.041001 0.023985 0.320531
v -0.247790 0.024022 0.303639
v -0.087714 0.024072 0.287354
v -0.023841 0.023865 0.234300
v 0.108575 0.024057 0.247122
v -0.296184 0.024342 0.244118
v -0.428284 0.024029 0.202593
v -0.385722 0.024054 0.209955
v -0.349036 0.024030 0.131014
v -0.112108 0.024066 -0.013336
v -0.171179 0.024094 -0.000394
v -0.180991 0.024130 -0.007299
v -0.190346 0.024075 0.010443
v -0.058211 0.024105 -0.022084
v -0.253302 0.025506 0.031500
v -0.246662 0.026351 0.032759
v 0.203064 0.023969 -0.076451
v 0.258335 0.023334 -0.238398
v 0.269416 0.023880 -0.215244
v 0.245200 0.024087 -0.191969
v 0.241995 0.024071 -0.173703
v 0.267519 0.024221 -0.120496
v 0.241302 0.024069 -0.127255
v 0.236856 0.024039 -0.126612
v -0.226834 0.024009 0.037577
v -0.229958 0.024294 0.158101
v -0.446479 0.027675 -0.283253
v 0.279128 0.023602 -0.238294
v 0.160237 0.024448 0.027563
v -0.283011 0.023721 0.139814
v -0.256854 0.023582 0.428795
v -0.105273 0.024487 0.181961
v -0.153909 0.022219 0.452478
v -0.307530 0.022478 0.445398
v -0.199010 0.023026 0.440721
v -0.080748 0.022537 0.444862
v 0.177131 0.026422 0.092354
v 0.166406 0.026703 0.083437
v -0.318819 0.023984 -0.045684
v 0.086308 0.022727 0.047657
v 0.084562 0.028187 0.051794
v 0.082629 0.021320 0.057309
v 0.065552 0.031866 0.051660
v 0.036065 0.026661 0.051302
v 0.024027 0.030908 0.057631
v -0.004977 0.033272 0.068022
v 0.005225 0.027484 0.057822
v -0.036428 0.026181 0.087458
v 0.017007 0.028957 0.066253
v 0.012124 0.026819 0.080628
v 0.023225 0.025136 0.085016
v 0.006808 0.025545 0.087000
v -0.038605 0.026804 0.061604
v -0.043539 0.026230 0.065576
v -0.102399 0.025580 0.070611
v -0.042036 0.026848 0.083616
v -0.089720 0.026254 0.087542
v -0.106805 0.026793 0.078280
v -0.143582 0.026849 0.083605
v -0.117542 0.026484 0.070177
v -0.111907 0.025806 0.069600
v -0.159404 0.035158 0.073186
v -0.163516 0.029486 0.089702
v -0.193436 0.015608 0.081805
v -0.041916 0.026644 0.086552
v -0.191804 0.026693 0.070937
v -0.156219 0.025956 0.087109
v -0.096310 0.025830 0.058066
v -0.216580 0.025661 0.060505
v -0.348272 0.026790 0.049355
v -0.391926 0.024966 0.055879
v 0.020832 0.020518 0.440852
v 0.030377 0.024293 0.443505
v 0.014424 0.023478 0.434319
v 0.139152 0.021680 0.441542
v 0.310725 0.020685 -0.078716
v 0.303159 0.020571 0.021121
v 0.312355 0.015850 0.049178
v 0.312831 0.020119 0.085408
v 0.299525 0.020686 0.197030
v 0.307789 0.020528 0.274162
v 0.288558 0.020723 0.297450
v 0.309392 0.022126 0.403887
v 0.295027 0.020716 0.415012
v 0.301716 0.020541 0.441417
v 0.274578 0.018635 0.452169
v 0.307164 0.020685 0.188035
v 0.311587 0.020452 0.181092
v 0.144922 0.025968 -0.005494
v 0.313254 0.020398 -0.121554
v -0.042596 0.023779 -0.111036
v 0.142739 0.022905 0.431944
v -0.353980 0.023861 0.029896
v -0.342003 0.025899 0.023686
v -0.373558 0.027012 -0.046771
v -0.324506 0.026871 -0.057348
v -0.238341 0.022694 -0.055089
v -0.244748 0.027244 -0.048141
v -0.238574 0.026487 -0.047775
v -0.166174 0.026948 -0.052056
v -0.173162 0.026556 -0.068338
v -0.092534 0.026694 -0.047730
v -0.157876 0.026721 -0.053929
v -0.151018 0.027925 -0.073715
v -0.124612 0.026694 -0.062878
v -0.126340 0.026627 -0.072759
v -0.166871 0.026802 -0.061776
v -0.027331 0.026554 -0.047842
v -0.073352 0.030230 -0.076662
v -0.094204 0.038908 -0.062637
v -0.015322 0.026733 -0.061995
v -0.026169 0.025234 -0.081999
v -0.007904 0.026693 -0.062509
v 0.020343 0.026825 -0.086645
v -0.007659 0.026748 -0.055142
v -0.009774 0.026620 -0.047916
v 0.021810 0.026753 -0.050231
v -0.021190 0.028034 -0.051618
v -0.093924 0.029308 -0.081918
v -0.207854 0.030859 -0.072220
v 0.041416 0.028116 -0.080038
v 0.052158 0.026729 -0.047615
v 0.072262 0.026998 -0.074049
v 0.110830 0.026860 -0.053546
v 0.094392 0.025519 -0.081293
v 0.104813 0.026862 -0.066254
v 0.093647 0.027826 -0.089334
v 0.107146 0.026866 -0.058335
v 0.087562 0.026872 -0.052441
v 0.085536 0.026860 -0.058335
v 0.055032 0.025593 -0.075330
v 0.050813 0.027389 -0.076849
v 0.024757 0.026735 -0.057844
v 0.160267 0.039408 -0.086203
v 0.170373 0.030809 -0.048391
v 0.169216 0.027983 -0.093705
v 0.145414 0.033040 -0.093486
v -0.118833 0.026737 -0.064760
v -0.094073 0.027803 -0.059274
v 0.055355 0.026899 -0.061276
v 0.110841 0.026917 -0.068846
v 0.115942 0.026683 -0.056769
v 0.017967 0.026624 -0.061291
v 0.077613 0.026794 -0.050820
v -0.031421 0.026750 -0.059171
v 0.068254 0.019650 -0.078606
v 0.153069 0.027351 -0.085084
v -0.057999 0.027857 -0.100770
v -0.248419 0.029171 -0.105487
v -0.230246 0.027384 -0.089719
v -0.082497 0.027781 -0.090635
v 0.017875 0.028013 -0.092689
v -0.177617 0.027403 -0.083477
v -0.312596 0.027096 -0.081199
v -0.339728 0.026258 -0.085378
v -0.357180 0.026754 -0.092362
v -0.360713 0.027449 -0.103624
v -0.198817 0.025803 -0.085800
v -0.175865 0.026239 -0.069240
v -0.148952 -0.001925 -0.050112
v 0.025371 0.010846 -0.129919
v 0.030820 0.019160 -0.129126
v -0.361434 0.016725 -0.166297
v 0.012804 0.009502 -0.055560
v -0.032696 0.011034 -0.049980
v 0.028729 0.022424 -0.142695
v -0.388468 0.014095 -0.145728
v -0.196484 0.014392 -0.048896
v -0.197474 0.015577 -0.052038
v -0.260745 0.016500 -0.046513
v -0.322176 0.016862 -0.048441
v 0.053951 0.013773 -0.120392
v 0.083531 0.016058 -0.118950
v -0.099561 0.016245 -0.100696
v -0.103797 0.016533 -0.099085
v -0.099382 0.016685 -0.097481
v 0.032859 0.030320 -0.101986
v 0.069721 0.017151 -0.107371
v -0.399149 0.022894 -0.128776
v -0.397881 0.015344 -0.156352
v -0.332141 0.017971 -0.063515
v -0.367131 0.016606 -0.102417
v -0.373606 0.017387 -0.100169
v -0.400680 0.017446 -0.059238
v -0.113124 0.019896 0.068150
v -0.130906 0.017080 0.073482
v -0.109565 0.020131 0.071732
v -0.102067 0.019148 0.071063
v -0.187472 0.016704 0.070321
v 0.080515 0.020335 0.253819
v -0.323048 0.014807 0.077991
v -0.343454 0.017451 0.069477
v -0.340712 0.014621 0.067875
v 0.310195 0.015997 -0.464842
v 0.273826 0.014512 -0.463773
v 0.311052 0.017503 -0.312130
v 0.273108 0.017016 -0.276045
v 0.282891 0.015252 -0.272576
v 0.273641 0.014093 -0.360937
v 0.269234 0.016535 -0.292616
v -0.033496 0.019027 0.028393
v -0.461514 0.016304 -0.295763
v -0.454953 0.017383 -0.160492
v -0.453311 0.016621 -0.191124
v -0.459660 0.017287 -0.108174
v -0.451874 0.016514 -0.144080
v -0.452860 0.016636 -0.215990
v -0.452348 0.016470 -0.110080
v -0.451300 0.014895 -0.186949
v -0.446034 0.015864 -0.104955
v -0.432030 -0.004537 -0.136167
v -0.434639 0.015545 -0.179614
v -0.445545 0.015645 -0.171154
v -0.450199 0.018320 -0.151366
v -0.453001 0.017011 -0.165596
v -0.416473 0.015749 -0.174490
v -0.404958 0.016447 -0.156430
v -0.411192 0.015742 -0.179457
v -0.388175 0.015712 -0.210204
v -0.422966 0.015724 -0.180293
v -0.417748 0.015713 -0.206171
v -0.366226 0.009915 -0.165495
v -0.356085 0.014260 -0.197354
v -0.393615 0.015716 -0.233578
v -0.450253 0.017398 -0.219397
v -0.439302 0.017968 -0.191561
v -0.368190 0.015710 -0.252204
v -0.385714 0.015922 -0.263112
v -0.393082 0.015720 -0.262404
v -0.418499 0.015716 -0.248775
v -0.400920 0.015717 -0.238593
v -0.337503 0.015693 -0.233986
v -0.338486 0.015704 -0.237117
v -0.342306 0.015671 -0.206542
v -0.429536 0.018887 -0.256329
v -0.376506 0.015715 -0.266579
v -0.390933 0.015720 -0.267320
v -0.375529 0.015704 -0.288853
v -0.450317 0.014762 -0.143329
v -0.400398 0.015723 -0.266850
v -0.344433 0.015713 -0.307055
v -0.360220 0.016556 -0.175084
v -0.394912 0.015721 -0.309479
v -0.363337 0.015714 -0.321414
v -0.366107 0.015303 -0.165011
v -0.423088 0.015801 -0.128491
v -0.429181 0.015762 -0.119482
v -0.427697 0.015768 -0.061965
v -0.452093 0.016197 -0.101495
v -0.437714 0.015771 -0.065417
v -0.442597 0.016477 -0.099517
v -0.427954 0.015749 -0.043600
v -0.438346 0.015733 -0.040663
v -0.452819 0.015445 -0.041006
v -0.414586 0.015686 -0.036024
v -0.405361 0.015780 -0.040162
v -0.435182 0.015736 -0.035818
v -0.435639 0.015728 -0.021431
v -0.445173 0.012800 -0.033993
v -0.452174 0.016532 -0.032354
v -0.454959 0.017340 -0.044088
v -0.451237 0.016130 0.005050
v -0.443466 0.015730 0.001390
v -0.441490 0.015787 -0.015570
v -0.410301 0.015711 -0.136845
v -0.454979 0.015919 -0.053038
v -0.414820 0.017595 -0.140318
v -0.318940 0.015705 -0.233900
v -0.317345 0.015706 -0.232882
v -0.313026 0.015695 -0.212922
v -0.286996 0.015696 -0.215991
v -0.333108 0.015706 -0.241166
v -0.310509 0.015713 -0.260440
v -0.334765 0.015722 -0.250403
v -0.332770 0.015697 -0.233780
v -0.288062 0.015702 -0.238611
v -0.295719 0.015713 -0.278507
v -0.288039 0.015712 -0.283032
v -0.287507 0.015705 -0.236355
v -0.277034 0.015705 -0.246066
v -0.296080 0.015713 -0.285782
v -0.248988 0.015718 -0.320042
v -0.245805 0.015714 -0.291206
v -0.226720 0.015715 -0.308896
v -0.244272 0.015718 -0.326075
v -0.247359 0.015707 -0.247076
v -0.286764 0.015719 -0.329496
v -0.249884 0.015717 -0.325930
v -0.303694 0.015723 -0.339950
v -0.324368 0.015716 -0.341003
v -0.357035 0.015696 -0.327135
v -0.233952 0.015717 -0.351547
v -0.217970 0.015669 -0.311570
v -0.209105 0.015716 -0.323526
v -0.229856 0.015710 -0.350742
v -0.265715 0.015774 -0.347202
v -0.261843 0.015720 -0.363791
v -0.238358 0.015718 -0.383936
v -0.190097 0.015713 -0.358869
v -0.227323 0.015716 -0.351365
v -0.231317 0.015710 -0.397387
v -0.198473 0.015712 -0.391008
v -0.144922 0.015738 -0.401447
v -0.166911 0.015716 -0.399679
v -0.198590 0.015713 -0.396486
v -0.185040 0.015720 -0.410398
v -0.187806 0.015716 -0.395986
v -0.173379 0.015716 -0.402639
v -0.203068 0.015731 -0.435837
v -0.134736 0.015719 -0.334187
v -0.155632 0.015715 -0.304156
v -0.178126 0.015704 -0.309534
v -0.214809 0.015727 -0.422815
v -0.224909 0.015732 -0.425117
v -0.206959 0.012628 -0.463879
v -0.245678 0.015738 -0.442838
v -0.243535 0.015996 -0.454004
v -0.219718 0.015851 -0.433269
v -0.170226 0.015016 -0.464691
v -0.261333 0.015720 -0.380278
v -0.278646 0.015721 -0.369228
v -0.286730 0.015719 -0.382016
v -0.283775 0.015723 -0.362147
v -0.279629 0.015717 -0.347126
v -0.265391 0.015727 -0.332156
v -0.268613 0.015718 -0.344578
v -0.289083 0.015717 -0.387646
v -0.304261 0.015717 -0.386994
v -0.265036 0.015715 -0.402736
v -0.308790 0.015716 -0.359159
v -0.126385 0.015718 -0.310711
v -0.126638 0.015712 -0.285611
v -0.128923 0.015713 -0.276778
v -0.140635 0.015712 -0.276770
v -0.112281 0.015713 -0.286402
v -0.135282 0.015710 -0.352240
v -0.130312 0.015726 -0.336740
v -0.138302 0.015718 -0.356519
v -0.146609 0.015718 -0.373022
v -0.102947 0.015721 -0.341293
v -0.148247 0.015727 -0.366212
v -0.124436 0.015714 -0.398364
v -0.138642 0.015764 -0.393220
v -0.098029 0.015720 -0.337303
v -0.072300 0.015719 -0.350147
v -0.102427 0.015718 -0.329739
v -0.272118 0.015686 -0.239113
v -0.313756 0.015732 -0.354116
v -0.192080 0.015696 -0.328524
v -0.199160 0.015714 -0.322518
v -0.265322 0.015714 -0.358339
v -0.153998 0.015712 -0.270384
v -0.192813 0.015712 -0.270261
v -0.163842 0.015711 -0.261612
v -0.183794 0.015716 -0.307178
v -0.171171 0.015716 -0.303374
v -0.227120 0.015713 -0.301894
v -0.196114 0.015715 -0.296364
v -0.193413 0.015710 -0.260313
v -0.163977 0.015708 -0.260027
v -0.201604 0.015710 -0.250795
v -0.193433 0.015716 -0.303844
v -0.208324 0.015728 -0.309773
v -0.235344 0.015730 -0.250646
v -0.215616 0.015710 -0.249793
v -0.203826 0.015711 -0.258135
v -0.198099 0.015711 -0.264123
v -0.154622 0.015701 -0.203852
v -0.189626 0.015859 -0.171789
v -0.220623 0.015709 -0.214933
v -0.218829 0.014964 -0.187528
v -0.226665 0.015707 -0.240056
v -0.245303 0.015701 -0.214023
v -0.148272 0.013047 -0.180943
v -0.152768 0.015714 -0.196914
v -0.167246 0.015751 -0.198914
v -0.226340 0.015699 -0.212062
v -0.164850 0.015612 -0.166611
v -0.191264 0.015419 -0.167407
v -0.161403 0.016850 -0.159474
v -0.270538 0.015682 -0.239593
v -0.280640 0.015697 -0.214704
v -0.245032 0.015704 -0.209875
v -0.107729 0.015696 -0.203590
v -0.095235 0.015728 -0.187259
v -0.107989 0.016340 -0.166075
v -0.073145 0.016067 -0.187098
v -0.092372 0.015774 -0.199219
v -0.113377 0.015696 -0.217465
v -0.128099 0.015701 -0.223904
v -0.118065 0.015704 -0.215637
v -0.075872 0.015713 -0.277595
v -0.060461 0.015691 -0.259925
v -0.047564 0.015699 -0.209361
v -0.057290 0.015713 -0.199599
v -0.077124 0.015714 -0.289724
v -0.041547 0.015714 -0.296539
v -0.123323 0.015719 -0.316430
v -0.046019 0.015712 -0.256274
v -0.134022 0.017826 -0.182393
v -0.050655 0.015722 -0.239538
v -0.091853 0.015699 -0.219028
v -0.049332 0.015716 -0.321488
v -0.021413 0.015715 -0.305839
v -0.080716 0.015719 -0.318394
v -0.101524 0.015707 -0.323717
v -0.042763 0.015709 -0.260667
v -0.011322 0.015692 -0.275102
v -0.022375 0.015715 -0.283790
v -0.042898 0.015713 -0.290645
v -0.021109 0.015713 -0.290762
v -0.032624 0.015716 -0.286575
v -0.013854 0.015711 -0.258270
v -0.132325 0.015687 -0.211910
v -0.038030 0.015711 -0.286141
v -0.141985 0.015710 -0.270287
v -0.152906 0.015711 -0.265316
v -0.149476 0.015699 -0.207151
v -0.248206 0.015714 -0.275051
v -0.226455 0.015624 -0.182157
v -0.241811 0.016190 -0.167852
v -0.241506 0.015541 -0.165124
v -0.201586 0.017337 -0.170471
v -0.011465 0.015697 -0.221885
v 0.019968 0.015717 -0.193890
v -0.001765 0.015723 -0.192171
v 0.035087 0.015792 -0.180157
v -0.006265 0.015843 -0.183625
v 0.026479 0.016507 -0.169546
v 0.034703 0.015934 -0.169333
v 0.016922 0.013044 -0.169350
v 0.025109 0.032998 -0.168525
v 0.009020 0.016647 -0.164366
v 0.005135 0.017687 -0.166518
v -0.040648 0.015694 -0.235785
v 0.026844 0.015698 -0.204081
v 0.032291 0.013113 -0.145911
v -0.000169 0.017070 -0.147232
v -0.032365 0.017171 -0.164649
v -0.030161 0.017213 -0.144632
v 0.041285 0.015694 -0.210986
v 0.081369 0.015705 -0.231901
v 0.075835 0.015639 -0.207867
v 0.071695 0.015706 -0.246149
v 0.056877 0.015571 -0.187655
v 0.042312 0.015707 -0.198012
v 0.082418 0.015775 -0.182745
v 0.067124 0.015918 -0.175989
v 0.073189 0.020087 -0.170281
v 0.103373 0.015709 -0.241018
v 0.131748 0.015701 -0.231059
v -0.042854 0.015699 -0.209417
v -0.011211 0.016430 -0.171414
v -0.009774 0.015728 -0.194799
v -0.023203 0.016601 -0.167158
v -0.009634 0.016278 -0.167431
v 0.038141 0.015863 -0.173262
v 0.115741 0.015709 -0.254300
v 0.123987 0.015711 -0.261718
v 0.101301 0.015715 -0.273719
v 0.109477 0.015714 -0.267475
v 0.089686 0.015711 -0.236013
v 0.090785 0.015715 -0.262165
v 0.080178 0.015724 -0.271528
v 0.100393 0.015715 -0.283523
v 0.068129 0.015718 -0.284311
v 0.090081 0.015714 -0.306604
v 0.160558 0.015708 -0.247179
v 0.104326 0.017124 -0.153671
v 0.146651 0.015517 -0.167527
v 0.116039 0.025312 -0.165524
v 0.178805 0.015710 -0.178638
v 0.185578 0.014807 -0.171465
v 0.084881 0.017191 -0.169120
v 0.070177 0.018822 -0.149823
v 0.076143 0.017143 -0.156931
v 0.084436 0.015702 -0.224181
v 0.093519 0.015680 -0.225711
v 0.001586 0.015711 -0.266373
v 0.054415 0.014682 -0.171779
v 0.162149 0.015754 -0.195165
v 0.170685 0.015461 -0.197455
v 0.139246 0.015698 -0.224856
v 0.159367 0.015694 -0.240029
v 0.035869 0.015699 -0.204204
v 0.036903 0.021579 -0.162284
v 0.071218 0.012779 -0.163436
v 0.099420 0.015968 -0.297228
v 0.122441 0.015714 -0.304130
v 0.116109 0.015714 -0.333129
v 0.145488 0.015716 -0.319980
v 0.057032 0.018423 -0.167393
v 0.052915 0.018666 -0.164659
v 0.059793 0.015712 -0.321529
v 0.060288 0.015719 -0.353711
v 0.077466 0.015709 -0.241078
v 0.057729 0.027243 -0.145450
v 0.039123 0.015715 -0.287698
v 0.045508 0.015716 -0.291873
v 0.056542 0.015720 -0.318050
v 0.042438 0.015712 -0.324534
v 0.147147 0.015717 -0.319136
v 0.023209 0.015698 -0.365300
v 0.027648 0.015715 -0.351005
v 0.012930 0.015716 -0.375928
v 0.051094 0.015714 -0.382366
v 0.018662 0.015719 -0.391927
v 0.055998 0.015717 -0.405370
v 0.066494 0.015720 -0.402747
v 0.159481 0.015706 -0.240222
v 0.071538 0.016498 -0.166903
v 0.100921 0.015718 -0.378956
v 0.073250 0.015719 -0.403349
v 0.068825 0.015718 -0.368281
v 0.109111 0.015719 -0.406677
v 0.145601 0.015714 -0.397894
v 0.149292 0.015716 -0.386701
v 0.120243 0.015719 -0.366695
v 0.092609 0.015725 -0.419002
v 0.067770 0.017087 -0.152401
v 0.015180 0.015716 -0.367386
v -0.016957 0.015719 -0.387439
v -0.011199 0.015766 -0.392071
v -0.010237 0.015718 -0.352038
v 0.001306 0.015714 -0.338251
v -0.002807 0.015714 -0.323386
v -0.061244 0.015723 -0.324291
v 0.012425 0.015717 -0.389381
v -0.022792 0.015730 -0.333638
v 0.003375 0.015714 -0.316272
v -0.014952 0.015715 -0.305141
v -0.052230 0.015716 -0.394399
v -0.000488 0.015723 -0.422516
v -0.067613 0.015698 -0.445637
v -0.058777 0.015716 -0.394983
v 0.122626 0.015742 -0.425270
v 0.147047 0.015731 -0.415725
v 0.066913 0.015729 -0.390448
v 0.129018 0.015715 -0.313006
v 0.129984 0.015714 -0.304397
v 0.144218 0.015711 -0.290277
v 0.134208 0.015725 -0.291133
v 0.156738 0.015713 -0.297015
v 0.099177 0.015712 -0.347718
v 0.000752 0.015745 -0.446920
v 0.116480 0.020150 -0.141938
v 0.231451 0.015554 -0.254282
v 0.204939 0.015711 -0.268835
v -0.009991 0.015709 -0.254300
v 0.220109 0.015708 -0.253871
v 0.250695 0.013598 -0.230435
v -0.080134 0.015709 -0.325633
v 0.219863 0.015665 -0.218447
v -0.205220 0.015710 -0.254546
v -0.257528 0.015904 -0.168842
v -0.107982 0.015719 -0.324059
v -0.057146 0.016667 -0.170354
v -0.066251 0.015717 -0.349476
v -0.056956 0.015717 -0.389436
v -0.111236 0.015695 -0.424678
v -0.069030 0.015731 -0.449526
v -0.073096 0.015892 -0.448728
v -0.049024 0.015800 -0.458466
v -0.104841 0.011966 -0.462977
v -0.110941 0.008006 -0.160211
v 0.153615 0.015713 -0.283441
v 0.141634 0.015716 -0.286038
v 0.132440 0.015712 -0.285488
v 0.123200 0.015709 -0.263000
v 0.009789 0.015972 -0.443565
v 0.199436 0.015742 -0.285699
v 0.223352 0.015709 -0.262182
v 0.223448 0.015714 -0.261108
v 0.229584 0.015724 -0.296953
v 0.271524 0.023781 -0.249555
v 0.190628 0.015716 -0.341073
v 0.234580 0.015714 -0.312179
v 0.164511 0.015712 -0.355386
v 0.197641 0.015719 -0.406766
v 0.180572 0.015718 -0.413431
v 0.175660 0.015718 -0.411098
v -0.001862 0.017712 -0.144557
v -0.016284 0.015714 -0.285762
v -0.080117 0.015765 -0.416775
v -0.076787 0.015715 -0.382980
v -0.073758 0.015715 -0.397854
v -0.103921 0.015694 -0.208602
v -0.248687 0.016486 -0.166874
v 0.064541 0.015788 -0.451780
v 0.055822 0.015717 -0.409256
v 0.036676 0.015773 -0.436024
v 0.012416 0.015720 -0.406260
v 0.018727 0.015734 -0.430187
v 0.004131 0.015721 -0.420407
v -0.018762 0.015696 -0.406143
v 0.006216 0.015714 -0.335584
v -0.036858 0.015777 -0.454811
v 0.168454 0.016370 -0.153559
v 0.126976 0.015720 -0.365053
v 0.143155 0.015723 -0.365478
v 0.174753 0.015708 -0.339501
v 0.194953 0.015722 -0.330366
v 0.181589 0.015716 -0.321290
v 0.011841 0.015762 -0.449182
v -0.014387 0.015789 -0.458987
v 0.021881 0.015741 -0.449289
v -0.017142 0.015911 -0.195686
v -0.078564 0.015726 -0.369252
v -0.075864 0.018235 -0.166688
v -0.244757 0.015733 -0.435041
v -0.261422 0.015721 -0.418285
v -0.238680 0.015719 -0.403516
v -0.240263 0.015722 -0.388844
v -0.260487 0.015721 -0.410080
v -0.259952 0.015716 -0.383921
v -0.252459 0.015719 -0.396058
v 0.160374 0.015712 -0.289601
v 0.196819 0.015849 -0.272264
v 0.182558 0.015719 -0.252198
v -0.126888 0.015719 -0.310842
v -0.076034 0.015730 -0.404664
v -0.105164 0.015742 -0.398672
v -0.208399 0.015717 -0.318871
v -0.287005 0.016813 -0.167922
v -0.262723 0.015736 -0.191919
v -0.308115 0.015755 -0.182594
v -0.332307 0.020207 -0.173859
v -0.326287 0.015779 -0.178910
v -0.308182 0.015707 -0.198005
v -0.343681 0.013165 -0.165313
v -0.321729 0.015682 -0.210355
v -0.310991 0.015693 -0.206296
v 0.025379 0.015712 -0.396866
v -0.258346 0.015741 -0.435884
v -0.338968 0.015713 -0.280866
v -0.302900 0.015707 -0.204286
v -0.140173 0.015701 -0.225157
v 0.069667 0.015608 -0.345527
v -0.115853 0.015915 -0.166005
v -0.130301 0.015529 -0.164256
v -0.093197 0.017821 -0.149188
v -0.142732 0.015490 -0.165457
v -0.155220 0.015494 -0.167353
v -0.160886 0.015784 -0.160411
v 0.076396 0.016010 -0.463343
v 0.115722 0.015740 -0.427095
v 0.146777 0.015719 -0.378674
v 0.042828 0.016269 -0.465531
v 0.269090 0.022559 -0.307389
v 0.249269 0.015736 -0.312819
v 0.237331 0.015726 -0.301034
v 0.075581 0.015716 -0.345657
v 0.071443 0.015724 -0.362696
v 0.090349 0.015728 -0.367927
v -0.056892 0.015921 -0.465506
v 0.122350 0.015545 -0.463605
v 0.145972 0.005672 -0.455543
v -0.106323 0.015719 -0.372565
v -0.086795 0.016469 -0.144062
v -0.290744 0.015586 -0.209306
v -0.304595 0.015636 -0.196190
v 0.165488 0.015711 -0.248189
v 0.170012 0.015720 -0.365379
v -0.047159 0.015712 -0.321625
v 0.150882 0.015719 -0.422469
v 0.159247 0.015733 -0.430860
v 0.146402 0.015744 -0.450145
v 0.174064 0.015746 -0.451740
v 0.154728 0.015720 -0.419286
v 0.196288 0.015727 -0.441917
v 0.204179 0.015745 -0.453147
v 0.208932 0.013430 -0.464115
v 0.019712 0.015580 -0.461285
v -0.333825 0.015711 -0.271872
v -0.206518 0.015762 -0.455376
v -0.093465 0.015713 -0.411377
v 0.152196 0.015723 -0.421523
v 0.038641 0.015727 -0.430307
v 0.149139 0.015775 -0.456651
v -0.190805 0.017412 -0.164295
v -0.255861 0.014889 -0.147970
v -0.130557 0.017462 -0.144222
v -0.224124 0.017054 -0.164913
v -0.201308 0.019313 -0.168781
v -0.210578 0.015600 -0.166824
v 0.229686 0.015728 -0.329200
v 0.263765 0.012341 -0.318330
v 0.254050 0.015739 -0.349636
v 0.267314 0.016082 -0.347729
v 0.236340 0.015733 -0.395841
v -0.409045 0.015886 -0.138882
v -0.412974 0.015731 -0.030708
v -0.403575 0.015739 -0.032841
v -0.398063 0.015954 -0.044609
v -0.374603 0.015768 -0.039548
v -0.354293 0.015824 -0.023849
v -0.386202 0.015697 0.006106
v -0.377142 0.015667 -0.030217
v -0.349217 0.015819 -0.014704
v -0.378226 0.015725 0.007478
v -0.376094 0.015714 0.011912
v -0.377272 0.020785 0.036047
v -0.388048 0.015759 0.027615
v -0.391322 0.015293 0.040705
v -0.422658 0.015763 0.023743
v -0.392322 0.013020 0.036707
v -0.396291 0.015748 0.028339
v -0.395314 0.019712 0.054680
v -0.345984 0.016807 0.025699
v -0.365393 0.013404 -0.038381
v -0.419139 0.015835 0.081785
v -0.440181 0.015726 0.057227
v -0.437349 0.015795 0.062295
v -0.429712 0.015727 0.089246
v -0.412324 0.017816 0.056331
v -0.418315 0.015714 0.102146
v -0.429371 0.015715 0.101273
v -0.403497 0.015724 0.094610
v -0.404369 0.015722 0.106975
v -0.440440 0.015731 0.064502
v -0.448023 0.018229 0.052853
v -0.356382 0.017395 0.052759
v -0.351947 0.017645 0.055441
v -0.374787 0.015761 0.074826
v -0.382680 0.015756 0.075219
v -0.344145 0.018706 0.074322
v -0.372165 0.015746 0.085952
v -0.398117 0.015729 0.101041
v -0.381626 0.015734 0.123068
v -0.415853 0.015742 0.118690
v -0.354262 0.015738 0.121513
v -0.379594 0.015728 0.112933
v -0.354010 0.019732 0.158515
v -0.413414 0.015708 0.136734
v -0.401273 0.015723 0.171452
v -0.434469 0.016825 0.174356
v -0.356861 0.015746 0.132413
v -0.339359 0.010600 0.139777
v -0.351826 0.015763 0.128177
v -0.380347 0.015891 0.111617
v -0.410424 0.015722 0.135090
v -0.377979 0.015737 0.167522
v -0.395906 0.015728 0.170292
v -0.372025 0.015751 0.166240
v -0.356145 0.015475 0.224811
v -0.387336 0.015717 0.209599
v -0.404124 0.015774 0.184865
v -0.432374 0.015725 0.208110
v -0.453968 0.017058 0.211199
v -0.407899 0.015660 0.212649
v -0.412919 0.015718 0.234856
v -0.389522 0.015716 0.214802
v -0.408676 0.015720 0.237251
v -0.384426 0.015716 0.221371
v -0.402214 0.015718 0.252440
v -0.409290 0.015716 0.254523
v -0.362907 0.015710 0.268567
v -0.365080 0.015707 0.232148
v -0.410747 0.015699 0.281651
v -0.412988 0.015749 0.264809
v -0.367098 0.015704 0.294112
v -0.415469 0.015711 0.280773
v -0.415238 0.015713 0.305140
v -0.405112 0.015720 0.306978
v -0.391977 0.015709 0.306707
v -0.358582 0.015715 0.301034
v -0.416133 0.015690 0.280225
v -0.440846 0.015733 0.290990
v -0.426235 0.015700 0.280062
v -0.342072 0.015932 0.217762
v -0.451628 0.015135 0.182475
v -0.351816 0.015705 0.276117
v -0.330261 0.015700 0.271530
v -0.354255 0.015700 0.282027
v -0.446330 0.015881 0.280927
v -0.448581 0.015764 0.255014
v -0.452465 0.016231 0.255444
v -0.423801 0.016595 0.240832
v -0.422928 0.015680 0.246380
v -0.438518 0.015752 0.213735
v -0.436898 0.015259 0.216419
v -0.349771 0.015782 0.211107
v -0.447844 0.015757 0.288044
v -0.390875 0.015726 0.189934
v -0.336478 0.015707 0.224134
v -0.318464 0.015550 0.272995
v -0.288653 0.015805 0.262596
v -0.311430 0.015710 0.279571
v -0.285818 0.015970 0.281806
v -0.315894 0.015739 0.296384
v -0.297555 0.015704 0.303760
v -0.279014 0.015732 0.282764
v -0.247469 0.015723 0.318679
v -0.318688 0.015704 0.313610
v -0.299575 0.015683 0.325263
v -0.301239 0.015702 0.310022
v -0.275368 0.015662 0.322349
v -0.278401 0.015704 0.346489
v -0.274226 0.015708 0.317389
v -0.280273 0.015708 0.356429
v -0.297261 0.015925 0.356728
v -0.314276 0.015702 0.325114
v -0.280454 0.014200 0.263015
v -0.251306 0.015676 0.319781
v -0.245218 0.015699 0.358485
v -0.452469 0.016757 0.306085
v -0.333347 0.015701 0.298235
v -0.366700 0.015706 0.324588
v -0.337276 0.015710 0.352260
v -0.313004 0.015707 0.354380
v -0.303860 0.015707 0.344362
v -0.299692 0.015708 0.340240
v -0.363328 0.015705 0.342402
v -0.387925 0.015712 0.345016
v -0.381049 0.015710 0.346551
v -0.385280 0.015709 0.319043
v -0.366251 0.015709 0.354421
v -0.374766 0.015718 0.373649
v -0.382400 0.015704 0.380747
v -0.401476 0.015713 0.363056
v -0.426653 0.015825 0.358024
v -0.436928 0.015074 0.370999
v -0.452739 0.016279 0.386401
v -0.454955 0.017432 0.387397
v -0.460856 0.017218 0.421512
v -0.450006 0.016057 0.312087
v -0.452333 0.016068 0.355372
v -0.452751 0.016485 0.369923
v -0.447722 0.021295 0.371220
v -0.432921 0.015759 0.357555
v -0.335239 0.015704 0.377748
v -0.337829 0.015689 0.414513
v -0.373755 0.019639 0.412035
v -0.307798 0.018265 0.240034
v -0.337093 0.015702 0.421814
v -0.320156 0.015695 0.354401
v -0.364075 0.015706 0.270508
v -0.295034 0.015714 0.367363
v -0.313349 0.015708 0.357606
v -0.316500 0.015703 0.389435
v -0.331916 0.019044 0.210478
v -0.421191 0.015717 0.326616
v -0.389955 0.015715 0.314719
v -0.335889 0.015812 0.109968
v -0.443303 0.018720 0.180670
v -0.234905 0.016500 0.315784
v -0.225554 0.001852 0.326915
v -0.207431 0.015698 0.380255
v -0.223266 0.015711 0.392306
v -0.253905 0.015695 0.367547
v -0.270027 0.015702 0.372222
v -0.257749 0.015683 0.412310
v -0.239294 0.015703 0.410051
v -0.199859 0.015721 0.378995
v -0.232717 0.015673 0.419400
v -0.277225 0.015700 0.375570
v -0.301536 0.015776 0.414498
v -0.226094 0.015696 0.425441
v -0.208946 0.016302 0.339537
v -0.305213 0.017213 0.412915
v -0.433542 0.015737 0.137957
v -0.288285 0.014797 0.253627
v -0.391732 0.015719 0.005268
v -0.220319 0.015991 0.429632
v -0.244468 0.015689 0.415575
v 0.200564 0.015719 -0.400149
v 0.233899 0.015730 -0.436234
v 0.233754 0.015683 -0.425403
v 0.235334 0.015726 -0.446337
v 0.211022 0.015727 -0.451816
v 0.213341 0.014424 -0.463881
v 0.271618 0.018036 -0.362551
v 0.205129 0.015725 -0.433199
v 0.259882 0.015751 -0.344886
v -0.332633 0.015715 -0.362421
v -0.351625 0.015722 -0.337933
v -0.315319 0.015716 -0.361585
v -0.326226 0.015716 -0.378191
v -0.398577 0.015724 -0.356826
v -0.386240 0.015726 -0.381903
v -0.359349 0.015728 -0.395712
v -0.329809 0.015718 -0.371361
v -0.331522 0.015716 -0.362613
v -0.361613 0.015715 -0.395648
v -0.398965 0.015726 -0.369070
v -0.374910 0.015719 -0.357809
v -0.405010 0.015693 -0.355207
v -0.408308 0.015718 -0.327235
v -0.415724 0.015714 -0.319552
v -0.431230 0.015733 -0.370238
v -0.408909 0.015725 -0.417913
v -0.227721 0.016855 -0.166644
v -0.201059 0.015344 0.381932
v -0.180512 0.018493 0.358089
v -0.204883 0.014222 0.347040
v -0.164365 0.020763 0.362706
v -0.140588 0.015686 0.405040
v -0.161785 0.015704 0.400592
v -0.144196 0.015662 0.421266
v -0.213536 0.015890 0.430201
v -0.157637 0.015710 0.392480
v -0.117048 0.015712 0.383442
v -0.157691 0.005725 0.366447
v -0.117927 0.015580 0.376136
v -0.141157 0.021727 0.361258
v -0.166491 0.015738 0.382023
v -0.115219 0.015695 0.394805
v -0.154495 0.015695 -0.421970
v -0.155007 0.015719 -0.407950
v -0.121420 0.015718 -0.403086
v -0.111365 0.015779 -0.454450
v -0.153651 0.015807 -0.460335
v -0.432139 0.015381 -0.368426
v -0.094523 0.015717 -0.374260
v -0.082655 0.015716 -0.384278
v -0.394455 0.015629 0.004232
v -0.435337 0.015720 -0.005602
v -0.430041 0.015713 0.110864
v -0.453549 0.017991 0.155878
v -0.440232 0.015743 0.143648
v -0.446918 0.016071 0.172983
v -0.434845 0.015711 0.162473
v -0.461961 0.016911 0.163388
v 0.096174 0.015714 -0.352642
v 0.132260 0.015722 -0.349657
v -0.316971 0.015713 -0.266177
v -0.279458 0.015700 0.372163
v -0.279609 0.015705 0.356866
v -0.286630 0.015759 0.275810
v -0.454904 0.016766 -0.106508
v -0.461222 0.014498 -0.099664
v -0.113006 0.016719 0.375366
v -0.406945 0.016192 -0.054119
v -0.334310 0.015713 -0.312678
v -0.173045 0.015814 -0.450688
v -0.167648 0.015766 -0.453704
v -0.436237 0.015733 0.151945
v -0.218640 0.015690 0.393437
v -0.416474 0.015722 -0.265027
v 0.235066 0.015907 -0.202388
v 0.227413 0.015737 -0.210054
v 0.194168 0.015841 -0.190515
v 0.228467 0.015886 -0.209910
v 0.212865 0.016012 -0.180722
v 0.224740 0.015845 -0.196688
v 0.210001 0.013634 -0.168836
v 0.206772 0.019522 -0.158800
v 0.194447 0.015777 -0.182348
v 0.216180 0.015924 -0.173262
v 0.237874 0.015734 -0.184101
v 0.190073 0.016471 -0.140977
v 0.167907 0.016463 -0.142327
v 0.241105 0.015898 -0.198556
v 0.219424 0.016016 -0.163326
v 0.227721 0.015934 -0.161966
v 0.232554 0.015913 -0.176865
v 0.241337 0.015940 -0.177171
v 0.246071 0.006304 -0.152245
v 0.258878 0.016983 -0.184916
v 0.218528 0.015962 -0.147520
v 0.216692 0.015941 -0.129525
v 0.212215 0.010926 -0.141837
v 0.243320 0.015777 -0.103801
v 0.225695 0.015727 -0.120946
v 0.232941 0.015854 -0.103981
v 0.217014 0.019886 -0.101830
v 0.227436 0.020779 -0.086681
v 0.215875 0.017293 -0.117829
v 0.208874 0.016678 -0.129887
v 0.219061 0.017515 -0.117146
v 0.215903 0.018418 -0.118430
v 0.160078 0.021177 -0.141031
v 0.149477 0.008967 -0.122080
v 0.191165 0.016477 -0.075099
v 0.195524 0.016536 -0.064829
v 0.163354 0.016462 -0.081517
v 0.171433 0.016578 -0.088171
v 0.164789 0.013573 -0.053776
v 0.175487 0.017260 -0.096131
v 0.166248 0.016525 -0.092415
v 0.139512 0.016519 -0.098068
v 0.127802 0.015665 -0.065685
v 0.116729 0.020862 -0.078725
v 0.135432 0.016397 -0.108515
v 0.121824 0.014968 -0.096543
v 0.119153 0.013267 -0.089358
v 0.117313 0.019958 -0.096395
v 0.096032 0.017437 -0.087668
v 0.107841 0.031889 -0.110193
v 0.110941 0.017934 -0.120507
v 0.138273 0.015869 -0.129550
v 0.140237 0.016544 -0.132508
v 0.095033 0.027298 -0.099474
v 0.210247 0.022192 -0.052796
v 0.224954 0.023431 -0.051456
v 0.232978 0.015909 -0.075805
v 0.168279 0.015781 -0.044122
v 0.234799 0.016951 -0.066594
v 0.252156 0.015815 -0.057843
v 0.242290 0.015756 -0.004507
v 0.238758 0.015824 -0.015251
v 0.260389 0.013634 -0.044041
v 0.263127 0.012113 -0.050180
v 0.229579 0.014078 -0.036275
v 0.245911 0.015589 -0.077402
v 0.258172 0.015768 0.000602
v 0.142362 0.016860 -0.106335
v 0.152544 0.016469 -0.109186
v 0.156137 0.016499 -0.113411
v 0.264347 0.022744 -0.024956
v 0.193511 0.016613 -0.014555
v 0.169513 0.016492 -0.003301
v 0.156524 0.016422 -0.028031
v 0.199419 0.016642 -0.016833
v 0.147297 0.016511 0.030562
v 0.186472 0.016605 0.019865
v 0.133035 0.016306 0.068022
v 0.112794 0.016550 0.049717
v 0.122557 0.017871 0.024797
v 0.139021 0.014492 0.084740
v 0.107489 0.016471 0.052237
v 0.074484 0.016520 0.052700
v 0.089559 0.016411 0.067720
v 0.070065 0.016428 0.057943
v 0.077569 0.016383 0.077772
v 0.127129 0.016393 0.084956
v 0.108915 0.016486 0.092894
v 0.121064 0.016505 0.098770
v 0.135566 0.016946 0.079583
v 0.122802 0.016524 0.109038
v 0.109588 0.016587 0.132939
v 0.103260 0.016461 0.096105
v 0.105795 0.016575 0.118415
v 0.089553 0.016758 0.103019
v 0.142037 0.016468 0.110364
v 0.087746 0.016516 0.167836
v 0.166820 0.016598 0.141560
v 0.177624 0.016618 0.141509
v 0.203331 0.007479 0.160161
v 0.186465 0.016633 0.152243
v 0.088829 0.015507 0.119989
v 0.095380 0.011584 0.143349
v 0.151112 0.016979 0.195028
v 0.190897 0.016378 0.190606
v 0.174179 0.016594 0.148061
v 0.102579 0.004057 0.044437
v 0.031729 0.015699 0.054230
v 0.045466 0.026627 0.056658
v 0.067442 0.016853 0.049611
v 0.025371 0.014621 0.075730
v 0.047390 0.013167 0.082704
v 0.028401 0.016681 0.088123
v 0.050845 0.013319 0.122653
v -0.009319 0.015770 0.127335
v 0.017193 0.015976 0.082626
v 0.061384 0.016196 0.157972
v 0.035685 0.015849 0.152734
v 0.056243 0.015917 0.120770
v 0.029416 0.015835 0.098748
v -0.009741 0.015725 0.130148
v -0.014891 0.015714 0.132806
v 0.008118 0.012194 0.107625
v 0.060145 0.018905 0.043071
v 0.036179 0.016845 0.045295
v 0.018035 0.016630 0.075429
v 0.016042 0.021466 0.169573
v -0.028164 0.015732 0.107058
v 0.075808 0.019480 0.152763
v -0.027304 0.015722 0.115039
v -0.031398 0.015721 0.144860
v -0.038355 0.015727 0.110864
v -0.059551 0.015737 0.105951
v -0.080041 0.015756 0.099752
v -0.081364 0.015795 0.092517
v -0.101400 0.016898 0.075182
v -0.085194 0.016018 0.172715
v -0.092808 0.015731 0.146289
v -0.047033 0.009953 0.081691
v -0.076849 0.015821 0.081903
v -0.069467 0.016788 0.075931
v -0.073712 0.014344 0.092273
v -0.061704 0.015731 0.113039
v -0.117429 0.015723 0.146840
v -0.124404 0.015734 0.114640
v -0.145696 0.015728 0.116060
v -0.140930 0.016460 0.159132
v -0.076296 0.015994 0.076730
v -0.041288 0.017670 0.076409
v -0.132286 0.015738 0.107610
v -0.143634 0.013640 0.073423
v -0.165429 0.015808 0.092463
v -0.145611 0.015501 0.106663
v -0.166745 0.015788 0.103368
v -0.201615 0.015734 0.121544
v -0.179408 0.015753 0.100150
v -0.153653 0.015743 0.105723
v -0.150704 0.015724 0.120809
v -0.133853 0.015736 0.111746
v 0.000799 0.020829 0.045697
v -0.001069 0.016664 0.069229
v -0.011199 0.017533 0.035957
v -0.010837 0.017386 0.039286
v -0.019585 0.013072 0.071339
v 0.030551 0.016792 0.045302
v -0.057857 0.016607 0.043656
v -0.198049 0.020508 0.080329
v -0.197238 0.016428 0.092052
v -0.115872 0.016241 0.173059
v 0.010216 0.015815 0.149578
v -0.041412 0.015739 0.103560
v -0.117481 0.015720 0.140344
v -0.063833 0.016780 0.050332
v -0.040595 0.019072 0.023581
v -0.092249 0.017265 0.068154
v -0.055824 0.021276 0.061712
v -0.124651 0.016595 0.023664
v -0.111141 0.019556 0.023070
v -0.061803 0.016313 0.020387
v -0.045599 0.015667 -0.010694
v -0.043133 0.015657 -0.016897
v -0.037577 0.015681 -0.007161
v -0.034489 0.015972 -0.045436
v -0.011549 0.015713 -0.037148
v -0.069420 0.015655 -0.016588
v -0.017222 0.015601 -0.042981
v -0.079067 -0.001090 0.019012
v 0.045614 0.015640 -0.026555
v 0.042566 0.009802 -0.031255
v 0.053243 0.015615 -0.034270
v 0.035769 0.017468 -0.050778
v 0.048716 0.017144 -0.049907
v 0.032383 0.007946 0.038990
v -0.001308 0.017161 0.027127
v -0.034167 0.015504 0.001935
v 0.064798 0.015738 -0.030798
v -0.035570 0.018117 0.024002
v 0.053796 0.015688 0.000664
v -0.004911 0.015650 -0.045203
v 0.063904 0.016015 0.018351
v 0.039005 0.020656 0.031412
v 0.042684 0.016003 0.038390
v 0.061178 0.016089 0.037726
v -0.081865 0.015658 -0.015287
v 0.029218 0.030160 -0.051742
v -0.037586 0.019714 0.016992
v 0.061995 0.015707 -0.004851
v -0.086480 0.015640 -0.020131
v -0.104257 0.015785 -0.042378
v 0.050488 0.022194 -0.029261
v 0.029559 0.013599 -0.047062
v -0.106602 0.015678 -0.015945
v -0.096517 0.015713 -0.017384
v -0.108032 0.015694 -0.017364
v -0.122212 0.013683 -0.044857
v -0.151679 0.012892 -0.048395
v -0.155861 0.015734 -0.038075
v 0.116655 0.017958 -0.006663
v 0.100355 0.015758 0.002531
v 0.073503 0.015694 -0.007256
v 0.058899 0.015693 0.001200
v -0.121322 0.015277 0.015583
v -0.124087 0.016362 0.020908
v 0.095286 0.015808 0.014092
v 0.086150 0.015740 0.009197
v -0.110184 0.015802 -0.042618
v 0.099779 0.015776 0.007970
v 0.109470 0.015880 0.005885
v 0.088237 0.015758 0.014846
v 0.111172 0.015117 0.031652
v 0.069760 0.016363 0.025524
v -0.135417 0.014872 0.017142
v -0.131100 0.022395 0.005574
v -0.153064 0.012513 0.017396
v -0.173843 0.015700 -0.017538
v -0.164335 0.015692 0.003619
v -0.174552 0.016016 0.017161
v -0.188521 0.015827 0.014845
v -0.203620 0.019519 0.016723
v -0.169372 0.013293 -0.045194
v -0.219935 0.016711 -0.010062
v -0.219029 0.015717 -0.028224
v -0.188122 0.011475 -0.048587
v 0.127679 0.018519 -0.054491
v 0.116475 0.010945 -0.038613
v -0.184841 0.016041 0.015822
v -0.173473 0.026431 0.014821
v -0.222495 0.015727 -0.015527
v -0.269806 0.015652 -0.025919
v -0.248318 0.015681 -0.007133
v 0.110963 0.016084 -0.081293
v -0.155738 0.015772 0.009750
v -0.130956 0.017093 0.020899
v 0.156381 0.017055 -0.055048
v 0.144290 0.016397 -0.075600
v 0.119560 0.017552 -0.002139
v -0.031260 0.015652 0.148350
v -0.001588 0.017260 0.171735
v -0.000119 0.016162 0.176422
v -0.003765 0.015670 0.151270
v -0.271733 0.015847 -0.046365
v 0.201962 0.023258 0.067336
v 0.205330 0.016043 0.029138
v 0.092437 0.016883 0.145959
v 0.091279 0.013709 0.139697
v 0.201158 0.019908 0.015987
v -0.190774 0.015732 0.148481
v -0.173061 0.015649 0.157765
v -0.150458 0.015752 0.158382
v -0.173173 0.015732 0.151874
v 0.142779 0.017387 0.205996
v 0.121510 0.014906 0.216050
v -0.184567 0.017481 0.044700
v -0.199034 0.019266 0.070381
v -0.246845 0.016540 0.060522
v -0.216771 0.021106 0.076201
v -0.243641 0.015783 0.081549
v -0.238951 0.017434 0.082395
v 0.082513 0.006930 0.124779
v 0.082437 0.018937 0.115241
v 0.074007 0.016917 0.110643
v 0.082098 0.016158 0.112583
v 0.083259 0.017035 0.109227
v 0.003943 0.015140 0.163737
v -0.205220 0.015752 0.112092
v -0.212811 0.015746 0.122111
v -0.248197 0.022241 0.097527
v -0.246502 0.015853 0.002191
v -0.218786 0.016312 0.017379
v -0.079395 0.017294 0.174343
v -0.035446 0.017139 0.172335
v -0.025249 0.012605 0.168838
v 0.050098 0.019946 -0.079190
v 0.067396 0.015677 -0.071398
v -0.243757 0.015902 0.095217
v 0.123629 0.016151 -0.006274
v 0.130366 0.018267 0.013873
v 0.124390 0.017629 0.011720
v -0.221976 0.010249 0.078690
v -0.225486 0.018005 0.083281
v -0.239021 0.015722 0.085535
v -0.205077 0.015269 0.079446
v -0.208917 0.015974 0.076031
v 0.145006 0.016371 0.024381
v 0.144257 0.016636 0.105704
v 0.067057 0.017312 0.096288
v 0.054697 0.018542 0.092322
v 0.061739 0.015378 0.086676
v 0.153068 0.016299 -0.030339
v 0.064630 0.018686 0.102716
v -0.203397 0.015145 0.022273
v -0.193548 0.017024 0.023713
v -0.212887 0.016759 0.027935
v -0.155791 0.013038 0.021706
v -0.241334 0.013765 0.122886
v -0.234920 0.019260 0.132770
v -0.229442 0.015718 0.120426
v 0.206456 0.016550 -0.039308
v -0.155617 0.016737 0.026633
v -0.274414 0.015686 -0.016821
v -0.258560 0.013664 0.003795
v -0.195593 0.019765 0.175211
v 0.144101 0.022270 0.208495
v -0.180602 0.016576 0.036824
v -0.188842 0.018627 0.021530
v -0.175496 0.017351 0.039795
v -0.163965 0.016224 0.026462
v 0.161906 0.016626 0.002822
v -0.226094 0.015771 0.124861
v -0.222012 0.015758 0.136066
v 0.101580 0.010916 -0.131890
v -0.231865 0.015846 0.093919
v 0.122863 0.016371 0.077712
v -0.202765 0.015705 0.000111
v 0.151472 0.016440 -0.020517
v -0.139079 0.021409 0.029424
v 0.148321 0.016527 -0.008127
v 0.129801 0.016927 -0.011310
v 0.124122 0.011995 -0.025110
v 0.075451 0.014820 -0.134817
v 0.083880 0.017103 -0.120874
v 0.079937 0.015443 -0.127636
v 0.104726 0.016506 -0.136757
v 0.082283 0.016789 -0.142694
v -0.220075 0.016147 0.077705
v 0.243547 0.015936 -0.097650
v -0.287461 0.016587 0.099466
v -0.297991 0.015531 0.103139
v 0.055926 0.013599 -0.065709
v 0.039191 0.019987 -0.061063
v 0.048254 0.015898 -0.052940
v 0.025312 0.016369 -0.058910
v 0.055392 0.016039 -0.069260
v 0.044432 0.009972 -0.088360
v 0.033958 0.008420 -0.086340
v 0.060360 0.015663 -0.097859
v 0.069170 0.013166 -0.108604
v 0.035194 0.018115 -0.106898
v 0.032011 0.018270 -0.097017
v 0.267424 0.017030 -0.065257
v -0.087138 0.017325 0.174019
v 0.080099 0.016572 0.169471
v 0.083478 0.015555 0.153768
v 0.071346 0.016597 0.163932
v 0.067685 0.016732 0.166825
v 0.081706 0.016534 0.217384
v 0.063796 0.017010 0.165023
v 0.022893 0.011805 0.209354
v 0.060114 0.016543 0.216526
v 0.047026 0.017694 0.280747
v 0.039383 0.016721 0.228207
v 0.021658 0.013367 0.258840
v 0.028432 0.024747 0.225345
v 0.059550 0.016657 0.276751
v 0.020869 0.016551 0.214581
v -0.223522 0.017659 0.023005
v -0.237036 0.017984 0.023938
v -0.209097 0.017112 0.018538
v 0.088464 0.009848 0.236503
v 0.207093 0.016783 -0.002714
v 0.125819 0.019046 0.016810
v -0.158384 0.014784 -0.049001
v 0.222015 0.017386 -0.020228
v 0.258933 0.015713 -0.116847
v 0.272564 0.016645 -0.002386
v 0.271755 0.016587 0.006517
v 0.274994 0.016882 -0.005844
v 0.273650 0.017314 -0.034453
v 0.279537 0.016804 -0.012658
v 0.285301 0.016831 -0.011844
v 0.304831 0.016743 -0.029480
v 0.307785 0.015038 -0.057398
v 0.309925 0.015962 -0.023678
v 0.272290 0.015172 -0.043833
v 0.264705 0.018277 -0.047265
v 0.271774 0.017042 -0.056269
v 0.275512 0.017201 -0.073332
v 0.275984 0.016573 -0.109924
v 0.268893 0.014374 -0.121106
v 0.266397 0.018051 -0.082785
v 0.270750 0.015231 -0.109196
v 0.255348 0.015918 -0.089891
v 0.244781 0.015942 -0.090644
v -0.014244 0.016973 0.191433
v 0.221606 0.023165 -0.034028
v 0.215595 0.017694 -0.019600
v 0.275502 0.009127 0.034071
v 0.282191 0.016927 0.042495
v 0.284203 0.016793 0.050822
v 0.270526 0.022931 0.073046
v 0.271244 0.018663 0.057061
v 0.268877 0.016760 0.068792
v 0.272530 0.014380 0.088537
v 0.304340 0.016732 0.091095
v 0.278312 0.017098 0.091940
v 0.278615 0.015838 0.131323
v 0.274403 0.016359 0.099830
v 0.273205 0.016845 0.096624
v 0.267762 0.016958 0.112944
v 0.268778 0.019493 0.146058
v 0.253632 0.016153 0.118718
v 0.254842 0.026816 0.111523
v 0.239509 0.015736 0.076361
v 0.234443 0.015730 0.085479
v 0.265037 0.015823 0.061865
v 0.233370 0.015735 0.079861
v 0.223383 0.015689 0.049418
v 0.240263 0.015726 0.032615
v 0.232633 0.015741 0.034982
v 0.231863 0.015847 0.044713
v 0.247385 0.015747 0.023787
v 0.255103 0.015761 0.005882
v 0.265936 0.015685 0.014844
v 0.272098 0.017679 0.038464
v 0.236260 0.015769 0.026132
v 0.216170 0.016543 0.025153
v 0.222841 0.015789 0.042779
v 0.216982 0.006660 -0.009799
v 0.215986 0.015536 0.009478
v 0.213423 0.016057 0.045126
v 0.265123 0.015790 -0.000333
v 0.269525 0.016843 0.012983
v 0.212659 0.017372 0.095211
v 0.214236 0.016957 0.104303
v 0.214205 0.014734 0.098627
v 0.211526 0.009659 0.054651
v 0.211693 0.018630 0.079945
v 0.251629 0.015749 0.112719
v 0.271119 0.016768 0.077658
v 0.269950 0.015800 0.177906
v 0.272732 0.016637 0.180758
v 0.236871 0.008062 0.160166
v 0.272437 0.018243 0.269749
v 0.251051 0.015735 0.234632
v 0.220582 0.016670 0.175581
v 0.208995 0.012978 0.189803
v 0.194171 0.015042 0.203306
v 0.160681 0.015765 0.225423
v 0.203627 0.015722 0.254370
v 0.160592 0.015731 0.232311
v 0.194322 0.015713 0.257124
v 0.155233 0.015701 0.270280
v 0.157803 0.016175 0.232271
v 0.192124 0.015725 0.242771
v 0.132621 0.015896 0.218902
v 0.204883 0.015712 0.260417
v 0.200891 0.015712 0.262063
v 0.214829 0.015706 0.291850
v 0.228918 0.015710 0.279227
v 0.185554 0.015706 0.295920
v 0.190600 0.015740 0.267521
v 0.208936 0.015708 0.298258
v 0.167430 0.015721 0.239098
v 0.109989 0.015712 0.269958
v 0.135878 0.015702 0.268418
v 0.114513 0.015736 0.237333
v 0.105665 0.016105 0.219265
v 0.090114 0.016043 0.257034
v 0.108892 0.016512 0.249480
v 0.219541 0.015714 0.295126
v 0.230352 0.015712 0.278736
v 0.232453 0.015750 0.293256
v 0.174739 0.015707 0.289885
v 0.153191 0.015701 0.274783
v 0.130786 0.015700 0.287494
v 0.143212 0.015655 0.272870
v 0.179899 0.015704 0.298238
v 0.182176 0.015728 0.311010
v 0.129783 0.015702 0.318725
v 0.149694 0.015682 0.314625
v 0.135581 0.015705 0.335736
v 0.103891 0.015702 0.342627
v 0.135866 0.015708 0.346367
v 0.108437 0.015668 0.348745
v 0.089449 0.015627 0.306902
v 0.102221 0.015707 0.303028
v 0.079609 0.015709 0.350102
v 0.110718 0.015802 0.388392
v 0.119718 0.015705 0.392831
v 0.142385 0.015705 0.340841
v 0.139404 0.015703 0.327161
v 0.133438 0.015704 0.324421
v 0.178239 0.015698 0.366135
v 0.158690 0.015699 0.372759
v 0.169807 0.015684 0.320261
v 0.160656 0.015695 0.393095
v 0.178735 0.015749 0.404153
v 0.193647 0.015743 0.383509
v 0.203625 0.015707 0.352629
v 0.198531 0.015709 0.332780
v 0.197617 0.015703 0.324651
v 0.117021 0.015751 0.276237
v 0.062824 0.015709 0.384248
v 0.091387 0.015734 0.410509
v 0.073231 0.015714 0.410070
v 0.049864 0.015809 0.380576
v 0.031666 0.015155 0.428094
v 0.056852 0.016111 0.434074
v 0.028068 0.021352 0.422107
v 0.010950 0.019423 0.422908
v 0.088237 0.015674 0.416232
v 0.216128 0.015737 0.348642
v 0.167572 0.015704 0.313550
v 0.012507 0.022810 0.396625
v 0.105918 0.015705 0.288657
v 0.098428 0.015314 0.290304
v 0.083842 0.015966 0.284030
v 0.077191 0.014076 0.283507
v 0.064001 0.019890 0.306919
v 0.080065 0.015647 0.267598
v 0.129370 0.015701 0.280247
v 0.135800 0.015701 0.273313
v 0.202919 0.015704 0.327212
v 0.221911 0.015718 0.355535
v 0.239149 0.015713 0.335342
v 0.249490 0.015751 0.329378
v 0.225082 0.015703 0.366657
v 0.254225 0.015737 0.341258
v 0.262732 0.015732 0.373345
v 0.078643 0.015693 0.364446
v 0.073810 0.015702 0.357601
v 0.077990 0.015821 0.338936
v 0.065139 0.015687 0.345166
v 0.046777 0.016422 0.344936
v 0.252824 0.015647 0.238667
v 0.223975 0.015713 0.255689
v 0.272373 0.017811 0.256937
v 0.263781 0.024887 0.392082
v 0.269662 0.015748 0.385291
v 0.244077 0.014790 0.420060
v 0.244162 0.017292 0.421629
v 0.204822 0.015695 0.404444
v 0.209341 0.015700 0.384543
v 0.194988 0.015722 0.407782
v 0.212362 0.015758 0.373197
v 0.028317 0.016807 0.372798
v 0.237060 0.015731 0.122386
v 0.214464 0.017148 0.152657
v 0.215463 0.014046 0.165604
v 0.242319 0.015735 0.235654
v 0.149016 0.015699 0.396218
v 0.127182 0.015289 0.415320
v 0.173450 0.015674 0.411566
v 0.186458 0.015740 0.370141
v 0.215468 0.015704 0.352467
v 0.113899 0.015700 0.387131
v 0.197752 0.015786 0.191554
v 0.062452 0.015733 0.426361
v 0.069244 0.015666 0.419960
v 0.100523 0.016757 0.432356
v 0.062692 0.017411 0.434281
v 0.136526 0.016878 0.434226
v 0.114167 0.017323 0.448758
v 0.127897 0.017503 0.445878
v 0.048227 0.016299 0.319516
v 0.064580 0.015748 0.339977
v 0.073949 0.010562 0.275687
v -0.247301 0.018723 0.151975
v 0.254450 0.015713 0.337335
v -0.074977 0.014198 0.177195
v -0.106989 0.018345 0.175729
v -0.118975 0.016434 0.191074
v -0.064805 0.017321 0.195333
v -0.061696 0.015523 0.204647
v -0.057387 0.015748 0.207373
v -0.019278 0.016911 0.202262
v -0.029684 0.013817 0.188000
v -0.008212 0.015218 0.206571
v -0.048319 0.015718 0.229957
v -0.075552 0.015701 0.254724
v 0.001815 0.012480 0.268993
v -0.045292 0.015718 0.281505
v -0.073539 0.015722 0.280203
v -0.076573 0.015717 0.236288
v -0.077734 0.015729 0.230663
v -0.102817 0.015760 0.225300
v -0.090744 0.021764 0.208103
v -0.081980 0.015716 0.237933
v -0.065643 0.015233 0.200724
v -0.108588 0.015740 0.228738
v -0.119572 0.019071 0.245687
v -0.101835 0.015748 0.257224
v -0.052883 0.015715 0.223047
v -0.037120 0.016640 0.300417
v 0.021460 0.014987 0.227322
v 0.007890 0.015931 0.227771
v 0.020958 0.015924 0.218616
v -0.007863 0.015779 0.205159
v -0.063183 0.015729 0.299039
v -0.105758 0.017882 0.274310
v -0.025299 0.015755 0.278595
v -0.051266 0.015736 0.286342
v -0.097500 0.016026 0.252310
v -0.092107 0.015724 0.256202
v -0.087450 0.014943 0.283180
v -0.098944 0.015797 0.261214
v -0.079456 0.015728 0.284857
v 0.013151 0.013990 0.215414
v -0.090416 0.015718 0.250348
v -0.063053 0.015661 0.300341
v -0.075313 0.015760 0.287921
v -0.084369 0.014088 0.293955
v -0.084016 0.014164 0.318406
v -0.079370 0.008852 0.323263
v -0.047318 0.015807 0.366258
v -0.023510 0.015308 0.354689
v -0.085782 0.015900 0.382665
v -0.038480 0.015760 0.309480
v -0.051105 0.015662 0.291341
v -0.091917 0.018759 0.342656
v -0.084937 0.015034 0.325871
v -0.049096 0.015802 0.369585
v -0.051186 0.015815 0.380132
v -0.005408 0.025053 0.317516
v -0.003735 0.016722 0.303035
v -0.035142 0.015758 0.309544
v -0.022508 0.023148 0.369182
v -0.074711 0.015773 0.398467
v -0.019389 0.017899 0.332125
v -0.032549 0.014509 0.401332
v -0.022167 0.016098 0.415498
v -0.021587 0.015209 0.412285
v -0.040693 0.009060 0.184596
v -0.030010 0.029402 0.175079
v -0.063956 0.015718 0.227019
v -0.021045 0.016340 0.349391
v -0.030145 0.017522 0.392422
v -0.006334 0.016482 0.401388
v -0.003426 0.017747 0.385815
v -0.028159 0.015571 0.401370
v -0.104227 0.015731 0.371693
v -0.094851 0.015753 0.420028
v -0.084267 0.015678 0.394716
v -0.041244 0.015902 0.373917
v -0.105741 0.027644 0.080626
v 0.075284 0.017930 -0.126285
v 0.263786 0.022854 -0.035225
v 0.271390 0.015668 0.374142
v 0.259767 0.015741 0.345826
v 0.271195 0.016315 0.347027
v 0.271601 0.016028 0.305607
v -0.076296 0.016863 0.191414
v -0.011461 0.017157 0.428507
v -0.011802 0.017535 0.413581
v -0.017893 0.017109 0.415782
v -0.034800 0.018553 0.429025
v 0.271783 0.015040 0.228082
v 0.201097 0.015208 -0.147897
v 0.293411 0.028755 -0.171878
v 0.208350 0.017267 -0.159177
v 0.214493 0.018772 -0.159515
v 0.209635 0.018748 -0.162115
v 0.066783 0.020685 0.287557
v 0.058663 0.017829 0.298092
v -0.001105 0.020075 0.298457
v 0.015587 0.016666 0.280208
v -0.012619 0.013825 0.328538
v -0.008849 0.023247 0.373626
v 0.046192 0.017467 0.330202
v -0.012915 0.017619 0.353085
v -0.017753 0.018250 0.337574
v -0.016437 0.016080 0.349845
v -0.019723 0.018382 0.347374
v -0.019863 0.012606 0.359500
v -0.019403 0.017286 0.340659
v -0.207927 0.016543 0.022219
v 0.270154 0.020524 0.394664
v -0.203158 0.009463 0.166367
v -0.408118 0.015670 0.347871
v -0.315110 0.015693 -0.001248
v -0.309461 0.017921 0.016829
v -0.315029 0.017397 0.019655
v 0.227149 0.015714 0.380690
v -0.134584 0.017035 0.258680
v -0.432293 0.015727 -0.010961
v 0.031019 0.015788 -0.457940
v 0.023283 0.012082 -0.464242
v 0.036491 0.014023 -0.465778
v 0.243269 0.015746 -0.293223
v -0.323893 0.015704 0.315916
v 0.294602 0.017385 0.167115
v 0.306576 0.017176 0.167014
v 0.273889 0.016899 0.203690
v 0.274034 0.024842 0.254281
v 0.309718 0.020852 0.087975
v 0.310342 0.016614 0.213956
v 0.273671 0.016371 0.175155
v -0.304315 0.015714 -0.011367
v -0.203830 0.015645 -0.188969
v -0.331567 0.015757 -0.182839
v -0.366918 0.015707 0.229398
v -0.342641 0.015650 -0.014471
v -0.312044 0.015667 -0.010694
v -0.303891 0.015714 -0.012104
v -0.272777 0.015642 -0.026491
v -0.357152 0.018119 -0.040048
v -0.298261 0.015814 -0.045539
v -0.331489 0.024408 -0.059473
v -0.293694 0.015758 -0.040425
v -0.281397 0.015826 -0.046812
v -0.323867 0.018078 0.015625
v -0.137333 0.015702 0.419453
v -0.111608 0.016148 0.428268
v -0.137896 0.015036 0.016850
v 0.266706 0.015746 0.277852
v 0.273900 0.015165 0.293924
v -0.248968 0.016547 0.070500
v 0.103735 0.017404 0.430891
v 0.098060 0.015838 0.430352
v -0.304206 0.015716 -0.412273
v -0.304530 0.015717 -0.412757
v -0.307624 0.015720 -0.418833
v -0.291400 0.016718 -0.447152
v -0.291418 0.015751 -0.420404
v -0.289149 0.015727 -0.427565
v 0.262593 0.015745 0.274169
v -0.393819 0.015721 -0.284260
v -0.417918 0.015724 -0.274103
v -0.414397 0.015721 -0.296632
v -0.424163 0.015738 -0.261853
v -0.451745 0.017026 -0.290048
v -0.418928 0.015715 -0.306562
v -0.429213 0.015718 -0.301209
v -0.456093 0.014987 0.421554
v -0.129922 0.015680 0.407391
v -0.415703 0.015727 0.109161
v -0.345519 0.019223 0.038351
v -0.153325 0.015753 -0.453184
v -0.152981 0.015736 -0.441456
v 0.280795 0.016767 -0.051643
v -0.187077 0.018168 0.174738
v 0.234843 0.015730 0.116021
v -0.447909 0.016070 0.408737
v -0.450234 0.017415 0.409003
v -0.448674 0.017097 0.041585
v -0.443831 0.015768 0.011471
v -0.454277 0.019116 0.049034
v -0.411507 0.016337 0.432201
v -0.301484 0.015714 -0.279840
v -0.455160 0.017686 0.110833
v -0.099942 0.015736 -0.198766
v 0.008663 0.019561 0.430823
v 0.023019 0.021359 0.443225
v 0.032986 0.017360 0.439981
v -0.265810 0.018134 -0.149175
v -0.255477 0.013477 -0.165411
v -0.283402 0.016978 -0.155204
v -0.281132 0.013922 -0.165796
v -0.299449 0.017869 -0.162700
v -0.263243 0.017009 -0.144001
v -0.243494 0.014799 0.126279
v -0.228430 0.015379 0.162448
v -0.210166 0.015742 0.133777
v -0.200712 0.022411 0.178037
v -0.219709 0.016772 0.194849
v -0.222032 0.026531 0.194698
v -0.180776 0.018608 0.176443
v -0.157708 0.018567 0.179614
v -0.146836 0.018731 0.172339
v -0.209396 0.016755 0.213827
v -0.196431 0.016668 0.247976
v -0.214429 0.016692 0.225300
v -0.216148 0.016721 0.217442
v -0.236956 0.016932 0.194096
v -0.152457 0.013411 0.195567
v -0.139440 0.017922 0.222992
v -0.217745 0.015753 0.138613
v -0.298389 0.017900 0.234240
v -0.294434 0.017067 0.197880
v -0.218111 0.018085 0.168572
v -0.245862 0.016973 0.192885
v -0.253666 0.017019 0.184807
v -0.244882 0.016605 0.175850
v -0.136777 0.017308 0.238022
v -0.131384 0.018748 0.240591
v -0.144084 0.016833 0.243743
v -0.146652 0.016753 0.258698
v -0.151672 0.016953 0.270057
v -0.125027 0.014021 0.262455
v -0.157702 0.016677 0.280860
v -0.180418 0.016635 0.274169
v -0.173953 0.016691 0.268619
v -0.117965 0.012724 0.261671
v -0.141648 0.016581 0.345876
v -0.175237 0.016759 0.345232
v -0.167364 0.015800 0.357024
v -0.166911 0.016631 0.338877
v -0.091145 0.030023 0.329566
v -0.093730 0.017497 0.300509
v -0.135815 0.016465 0.352940
v -0.107828 0.019638 0.345600
v -0.109270 0.010985 0.369047
v -0.118229 0.016936 0.352527
v -0.143192 0.016250 0.197699
v -0.113592 0.016866 0.195862
v -0.149961 0.007494 0.188617
v -0.153579 0.016389 0.175912
v -0.117520 0.016736 0.193260
v -0.112149 0.017078 0.176923
v -0.180909 0.016649 0.267661
v -0.211218 0.016626 0.263917
v -0.228477 0.019277 0.311383
v -0.208542 0.014053 0.319525
v -0.259238 0.014951 0.270348
v -0.276556 0.024840 0.250775
v -0.252313 0.016613 0.243324
v -0.250641 0.016742 0.255434
v -0.301706 0.014436 0.204339
v -0.313921 0.017696 0.222445
v -0.107436 0.016619 0.330893
v -0.328783 0.019683 0.205083
v -0.188422 0.016587 0.292575
v -0.181077 0.016491 0.344590
v -0.175660 0.016596 0.304028
v -0.190233 0.016611 0.300293
v -0.324138 0.016781 0.192793
v -0.335282 0.016894 0.196662
v -0.334160 0.016004 0.169099
v -0.342034 0.013098 0.194804
v -0.296402 0.017732 0.188453
v -0.247689 0.016548 0.241905
v -0.349862 0.015749 -0.450021
v -0.376477 0.015723 -0.428243
v -0.346019 0.016591 -0.463206
v -0.027489 0.015677 -0.462682
v 0.274456 0.014007 0.144006
v -0.123754 0.016262 0.192395
v -0.303386 0.018456 -0.166329
v -0.324307 0.017033 -0.452548
v -0.262104 0.016711 0.205462
v 0.199923 0.015737 -0.435031
v -0.367206 0.015757 0.087427
v -0.306773 0.015829 0.103538
v -0.330426 0.015703 0.089312
v -0.307432 0.017494 0.092673
v -0.319698 0.016454 0.083116
v -0.313454 0.016411 0.086333
v -0.314039 0.016623 0.084763
v 0.170994 0.015693 0.404321
v 0.139631 0.015601 0.421839
v 0.134958 0.019798 0.429328
v 0.179902 0.017421 0.424633
v 0.207998 0.015895 0.427823
v 0.245637 0.015739 -0.412000
v 0.260187 0.011443 -0.102294
v -0.357611 0.015708 -0.394221
v -0.030050 0.015735 0.173893
v -0.337956 0.014064 0.022454
v -0.400272 0.015721 -0.269606
v 0.147481 0.016688 -0.164468
v 0.049191 0.016666 0.300568
v 0.300165 0.016764 0.285219
v 0.286483 0.019094 0.273627
v 0.298867 0.016767 0.295755
v 0.288201 0.028567 0.318000
v 0.273879 0.015772 0.322865
v 0.305371 0.016520 0.320970
v 0.273073 0.014059 0.307851
v 0.305199 0.016759 0.313706
v 0.310362 0.016739 0.314242
v 0.304832 0.016843 0.291604
v 0.272696 0.016690 0.368933
v 0.265198 0.028363 0.344340
v 0.272139 0.019577 0.372173
v 0.308252 0.016596 0.386833
v 0.276151 0.016800 0.331267
v 0.276528 0.016830 0.394675
v 0.272231 0.017437 0.395734
v 0.273603 0.015910 0.275330
v 0.287947 0.017332 0.405361
v 0.310331 0.016589 0.389452
v 0.273937 0.016837 0.405185
v -0.234809 0.015711 -0.289388
v -0.245062 0.015349 0.328540
v -0.328887 0.015770 0.419102
v -0.341598 0.015786 -0.450529
v 0.012233 0.017271 -0.465544
v 0.202660 0.013043 0.176080
v 0.194740 0.016782 0.188625
v -0.363264 0.015711 -0.262971
v -0.451787 0.016732 -0.252999
v 0.224774 0.016722 0.431717
v 0.245449 0.016417 0.449102
v 0.189222 0.013667 0.431238
v 0.162133 0.015606 0.433006
v -0.358467 0.016439 -0.060644
v -0.080531 0.019640 0.199445
v -0.451060 0.015795 -0.313219
v -0.452377 0.017288 -0.341970
v 0.063005 0.015703 0.376418
v -0.456489 0.016665 0.378967
v 0.240056 0.015732 -0.442843
v 0.272131 0.013662 -0.463873
v 0.267874 0.016121 -0.436032
v 0.269469 0.015760 -0.442899
v 0.270927 0.010723 -0.403086
v 0.264178 0.017801 -0.380312
v 0.252645 0.015869 -0.382554
v 0.272555 0.015671 -0.440493
v 0.243833 0.015734 -0.430312
v -0.382004 0.015789 -0.423818
v -0.457556 0.019483 0.112491
v -0.458047 0.010822 0.066442
v 0.086518 0.015715 -0.335584
v -0.216394 0.016629 0.263732
v -0.021948 0.015806 0.286206
v -0.403028 0.015729 -0.425218
v -0.398869 0.015412 -0.460794
v -0.413225 0.016199 -0.463152
v -0.426150 0.015856 -0.460826
v -0.422503 0.014169 -0.463927
v -0.375647 0.016493 -0.437827
v -0.361743 0.013904 -0.462148
v -0.411344 0.015721 -0.466680
v -0.134915 0.016885 0.172386
v -0.094989 0.015692 0.431111
v -0.325748 0.012774 0.128138
v -0.308273 0.016406 0.117134
v -0.319932 0.015704 0.394513
v -0.316024 0.008275 -0.462392
v -0.452883 0.016554 -0.004984
v -0.011070 0.015493 0.325603
v -0.459276 0.016902 -0.009072
v -0.424046 0.015724 -0.423652
v -0.243775 0.015635 -0.465492
v -0.239082 0.019633 0.292723
v -0.052965 0.017053 -0.147227
v -0.321039 0.016790 0.186158
v -0.095312 0.015416 0.430985
v -0.219573 0.016886 0.200547
v -0.120689 0.019310 0.357394
v 0.057295 0.015710 0.423230
v -0.419694 0.015725 -0.431550
v 0.166302 0.020186 -0.467548
v -0.458813 0.017970 -0.047408
v 0.205484 0.014870 0.174286
v 0.271713 0.015649 0.418841
v 0.256101 0.016994 0.449459
v 0.269915 0.019510 0.426454
v -0.332873 0.015658 -0.456495
v 0.105427 0.016939 0.432626
v -0.019323 0.015779 -0.456160
v -0.327150 0.016572 0.165869
v -0.315241 0.019323 0.173736
v -0.338320 0.016664 0.162802
v -0.317791 0.022497 0.140875
v -0.306145 0.020024 0.171716
v -0.308512 0.014167 0.146110
v -0.299700 0.017402 0.134246
v -0.284082 0.016689 0.147897
v -0.310416 0.018965 0.133901
v -0.234888 0.016706 0.033991
v -0.251386 0.016683 0.053082
v -0.285149 0.019903 0.068980
v -0.277424 0.017586 0.092284
v -0.271921 0.015453 0.023166
v -0.313615 0.017160 0.022333
v -0.297854 0.016729 0.038635
v -0.254918 0.013834 0.072564
v -0.313982 0.017448 0.055071
v -0.314367 0.016620 0.072313
v -0.311058 0.015091 0.084697
v -0.306926 0.014821 0.044215
v -0.291846 0.016531 0.060399
v -0.344890 0.014878 0.061223
v -0.337103 0.011289 0.027573
v -0.320304 0.016416 0.062122
v -0.351178 0.015085 0.039026
v -0.322851 0.016593 0.075393
v -0.288219 0.015091 0.093021
v -0.345144 0.018714 0.040065
v -0.342986 0.017033 0.037438
v 0.182944 0.016594 0.446650
v -0.462078 0.016924 0.310601
v 0.066594 0.016872 0.432640
v 0.115429 0.015719 -0.345405
v 0.000862 0.015406 0.423834
v 0.069713 0.017907 -0.121851
v 0.075445 0.018795 -0.119261
v 0.059983 0.017441 -0.117334
v 0.068762 0.018838 -0.121386
v -0.446088 0.016634 -0.412429
v -0.419774 0.015743 -0.415250
v -0.430409 0.015766 -0.456897
v -0.449931 0.016750 -0.465369
v -0.454381 0.016852 -0.430677
v -0.449295 0.021262 -0.385586
v -0.452107 0.018161 -0.432959
v -0.451979 0.017678 -0.461597
v -0.457050 0.015983 -0.462291
v -0.396273 0.015713 0.427896
v -0.392369 0.016293 0.429156
v -0.377857 0.015699 0.414144
v -0.100615 0.013914 0.195047
v -0.040672 0.012603 -0.462528
v -0.453457 0.024100 0.229275
v -0.449838 0.018241 0.230860
v 0.063862 0.017592 -0.121980
v -0.223644 0.017262 0.166348
v -0.198344 0.015716 -0.319377
v -0.125098 0.014931 0.360037
v 0.034080 0.014089 0.431581
v 0.049703 0.017786 0.432009
v 0.038806 0.017225 0.434709
v -0.347621 0.017651 0.168544
v 0.258909 0.016696 -0.192908
v -0.398954 0.015837 -0.164152
v 0.006653 0.017628 0.419889
v 0.064445 0.024658 -0.129123
v 0.268913 0.014791 -0.051193
v 0.270249 0.019619 -0.030678
v 0.257200 0.016555 -0.222710
v 0.255671 0.019391 -0.205498
v 0.272813 0.015179 -0.212991
v 0.261600 0.017355 -0.239606
v 0.287448 0.017739 -0.219545
v 0.306586 0.016887 -0.262158
v 0.272394 0.018355 -0.267935
v 0.293127 0.018261 -0.276691
v 0.313129 0.016631 -0.215256
v 0.293689 0.014977 -0.213214
v 0.307027 0.015238 -0.289317
v -0.248720 0.015074 0.083058
v 0.059452 0.020862 0.302848
v 0.259404 0.024051 -0.162471
v -0.278574 0.014519 0.149505
v -0.028699 0.029497 0.023121
v 0.215495 0.018129 0.430559
v -0.204702 0.018661 0.327262
v -0.459392 0.017325 0.000114
v -0.456476 0.012384 0.040392
v -0.453516 0.013984 0.008699
v 0.031687 0.018805 0.432014
v -0.275208 0.016095 0.142788
v -0.055800 0.015071 -0.144452
v -0.049283 0.017431 -0.145267
v -0.373774 0.019918 0.428510
v 0.216147 0.011184 -0.085675
v 0.056994 0.016668 -0.122456
v 0.050100 0.019232 -0.128188
v -0.447170 0.020495 -0.385559
v -0.431514 0.015757 -0.124393
v -0.253182 0.021292 0.085541
v 0.209614 0.015577 0.099326
v -0.453160 0.011259 -0.320687
v 0.012542 0.020240 -0.138837
v -0.306241 0.019181 0.088210
v 0.012064 0.019776 0.204869
v 0.189828 0.016355 0.449138
v 0.298411 0.016608 -0.169365
v 0.292073 0.017345 -0.167556
v 0.068299 0.015974 -0.121930
v -0.001717 0.014304 0.318701
v -0.323928 0.016105 0.079222
v -0.005774 0.015648 0.319566
v 0.198207 0.013604 0.446247
v -0.089397 0.013148 0.295045
v -0.040567 0.014581 -0.167018
v -0.053212 0.017088 -0.164913
v -0.061070 0.017090 -0.164913
v -0.084851 0.019633 -0.148461
v -0.080247 0.017346 -0.145272
v 0.031198 0.018231 0.448428
v -0.114359 0.015891 0.259557
v 0.051605 0.018295 0.441734
v -0.088457 0.013501 0.298152
v -0.253414 0.016547 0.062118
v 0.165660 0.017376 0.439771
v 0.132723 0.013840 0.448645
v 0.150429 0.016171 0.433970
v 0.268224 0.018085 0.202008
v 0.254564 0.018065 -0.221795
v -0.457790 0.017339 -0.277567
v 0.302235 0.016749 0.174739
v -0.452853 0.016861 -0.275404
v -0.453112 0.015906 -0.280310
v 0.261485 0.016413 -0.185644
v 0.001788 0.016840 0.070814
v 0.018400 0.016867 0.074382
v -0.291166 0.016005 0.186659
v -0.271402 0.017388 0.181588
v -0.288755 0.012141 0.164152
v -0.281053 0.016407 0.156051
v -0.256625 0.017058 0.180496
v -0.262984 0.018243 0.184770
v -0.271281 0.021356 0.150037
v -0.068789 0.018426 0.430158
v 0.282399 0.016472 -0.162098
v 0.271364 0.017132 -0.155527
v -0.405465 0.017719 -0.136179
v -0.001137 0.016961 0.073971
v 0.006173 0.018604 0.432938
v -0.025055 0.010105 0.446143
v -0.305840 0.016997 0.120575
v -0.007547 0.014970 0.321229
v -0.320864 0.017439 0.431354
v -0.365041 0.015488 -0.051784
v 0.034039 0.017275 0.442555
v 0.271767 0.018133 0.308272
v -0.460634 0.015825 -0.378197
v -0.364422 0.017704 -0.169809
v -0.458688 0.015381 0.316068
v -0.448866 0.009259 -0.263652
v -0.455638 0.015942 0.164965
v -0.452730 0.016669 0.188011
v 0.096179 0.016390 -0.104292
v 0.097947 0.019415 -0.117164
v 0.090541 0.012518 -0.097583
v 0.062149 0.015957 -0.093427
v 0.309263 0.016095 -0.182075
v 0.302995 0.011270 -0.203645
v -0.293074 0.016379 0.155067
v -0.179424 0.019937 0.356826
v -0.449341 0.017507 -0.232900
v -0.005122 0.019591 0.390015
v -0.007992 0.013334 0.391835
v 0.003485 0.018249 0.411374
v -0.007129 0.018319 0.409781
v 0.011246 0.015245 0.396210
v 0.326903 0.017314 -0.232058
v 0.090230 0.016183 -0.167136
v -0.019454 0.016110 0.408107
v 0.212755 0.019279 0.027579
v 0.212976 0.022096 0.014514
v -0.103511 0.012217 0.016495
v -0.065982 0.017007 0.189447
v 0.296872 0.015955 -0.209494
v -0.253598 0.016464 0.168000
v -0.301484 0.015927 0.115039
v -0.439618 0.015741 0.007049
v 0.309570 0.015185 -0.176910
v -0.339687 0.016163 0.154757
v -0.336843 0.017007 0.142446
v 0.295745 0.016461 -0.225814
v -0.142980 0.016139 0.429529
v 0.302708 0.016607 -0.166056
v -0.400948 0.015742 -0.322567
v -0.316105 0.017016 0.130103
v -0.452489 0.018652 -0.206819
v -0.111903 0.017065 0.181343
v 0.265048 0.015754 -0.350073
v -0.453381 0.016895 -0.258230
v -0.302853 0.015699 0.098721
v 0.115068 0.015770 -0.023230
v -0.461502 0.017039 0.376449
v -0.453392 0.016897 0.306338
v -0.178639 0.012234 -0.057371
v 0.136179 0.016382 -0.134709
v -0.240433 0.017118 0.024739
v -0.452895 0.016513 -0.133726
v -0.116198 0.016354 0.355435
v -0.392835 0.013943 0.044902
v -0.226551 0.016578 0.081817
v -0.351198 0.018433 0.050692
v -0.252454 0.017143 0.090644
v -0.197356 0.018118 0.172312
v -0.183856 0.016424 0.016916
v 0.025494 0.018521 0.445946
v 0.293221 0.016496 -0.192908
v 0.120271 0.015379 -0.037947
v 0.178027 0.011151 0.209325
v 0.092780 0.015676 0.421389
v -0.454966 0.017341 -0.002099
v 0.014178 0.017278 0.202348
v -0.204852 0.015888 0.083605
v -0.090477 0.017078 -0.153094
v 0.305955 0.016315 -0.177724
v 0.192802 0.017506 0.202050
v 0.001550 0.016044 0.171835
v -0.064087 0.015447 0.204996
v 0.011220 0.016776 0.389000
v -0.007109 0.017672 0.036884
v -0.344895 0.017743 0.037322
v -0.162952 0.015726 -0.427121
v -0.009827 0.016981 0.033167
v 0.013951 0.009186 -0.057109
v -0.122547 0.018341 0.355154
v 0.263329 0.016513 -0.192355
v -0.054740 0.016188 0.436665
v 0.253261 0.017170 0.444841
v -0.215780 0.017366 0.078413
v -0.453366 0.016813 -0.320746
v -0.461328 0.015442 0.426934
v -0.455165 0.017287 -0.239577
v -0.453165 0.018816 0.115808
v -0.449950 0.016654 0.097201
v -0.451550 0.014630 -0.290136
v -0.442319 0.015744 -0.226796
v -0.391832 0.019785 0.053545
v 0.309467 0.016711 0.384409
v 0.125329 0.016065 -0.089735
v -0.129615 0.015515 -0.466014
v -0.299325 0.015464 -0.464045
v -0.283631 0.015194 -0.440282
v -0.291971 0.015632 -0.434720
v -0.250280 0.015073 -0.465163
v -0.218153 0.016457 0.020099
v -0.215107 0.017424 0.086054
v -0.005031 0.018333 0.322534
v 0.275596 0.019149 -0.255449
v 0.272159 0.016242 -0.257631
v 0.294239 0.016553 -0.267045
v 0.297094 0.010645 -0.275571
v 0.272248 0.015123 -0.200083
v 0.282853 0.016613 -0.153801
v 0.260758 0.016271 -0.243056
v 0.253749 0.016852 -0.235094
v 0.286664 0.016852 -0.210906
v 0.286413 0.016794 0.363311
v 0.287006 0.016704 0.336989
v 0.308395 0.016719 0.213661
v 0.299615 0.016752 0.202779
v 0.290588 0.016715 0.132781
v 0.300031 0.016743 -0.025242
v 0.275318 0.015251 0.039593
v 0.304340 0.016754 0.083606
v 0.293368 0.016493 -0.204563
v 0.279658 0.016963 0.290474
v 0.186732 0.017385 0.438418
v 0.267987 0.016934 -0.037108
v 0.273829 0.014872 0.403178
v 0.270028 0.010132 0.043144
v 0.267717 0.013319 0.308969
v 0.206915 0.015050 0.412511
v 0.171759 0.015714 -0.416718
v 0.158176 0.015719 -0.382003
v 0.169594 0.015722 -0.365865
v 0.158773 0.015700 -0.394178
v 0.149761 0.015715 -0.314074
v 0.148115 0.015717 -0.319276
v 0.144841 0.015711 -0.268298
v 0.131542 0.015708 -0.204170
v 0.081379 0.015649 -0.208774
v 0.122988 0.015709 -0.261844
v 0.110376 0.015718 -0.282930
v 0.118932 0.015713 -0.286823
v 0.145088 0.015716 -0.351535
v 0.134897 0.015718 -0.381183
v 0.170488 0.012348 -0.462915
v 0.110487 0.015714 -0.289072
v 0.122682 0.015710 -0.342391
v 0.110093 0.015713 -0.328463
v 0.100147 0.015715 -0.306361
v 0.055699 0.015710 -0.248100
v 0.073469 0.015720 -0.248144
v 0.088459 0.015710 -0.344294
v 0.062790 0.015716 -0.300050
v 0.069242 0.015699 -0.306173
v 0.037565 0.015982 -0.182648
v 0.040738 0.015693 -0.211158
v 0.031633 0.015697 -0.218815
v 0.017914 0.015702 -0.201648
v 0.061240 0.015717 -0.268012
v 0.037184 0.015715 -0.295810
v 0.099501 0.015722 -0.413612
v 0.115036 0.015700 -0.409095
v 0.101748 0.015717 -0.365102
v 0.097684 0.015722 -0.412432
v 0.030642 0.015718 -0.343208
v 0.055776 0.015712 -0.320823
v 0.003958 0.015711 -0.259864
v -0.010176 0.015713 -0.277078
v -0.014822 0.015714 -0.284464
v -0.000306 0.015718 -0.283443
v 0.007143 0.015717 -0.296284
v 0.024878 0.015718 -0.350542
v 0.052539 0.015781 -0.447949
v 0.063367 0.001191 -0.453719
v 0.038448 0.015723 -0.429675
v 0.062743 0.015697 -0.413156
v 0.046941 0.015717 -0.404586
v 0.053944 0.015715 -0.377582
v 0.048244 0.015713 -0.375138
v 0.003027 0.015713 -0.322271
v 0.010050 0.015713 -0.346248
v -0.013788 0.015711 -0.272300
v -0.008578 0.015706 -0.268201
v -0.016040 0.015698 -0.217570
v -0.025953 0.015689 -0.204966
v -0.011998 0.016015 -0.172778
v -0.024955 0.015655 -0.200996
v -0.040638 0.015693 -0.202611
v -0.013451 0.015697 -0.246928
v -0.039344 0.015709 -0.250677
v -0.058966 0.015763 -0.200163
v -0.053052 0.015692 -0.207837
v -0.074491 0.016499 -0.169015
v -0.096061 0.015695 -0.219063
v -0.112767 0.015692 -0.211704
v -0.082900 0.015705 -0.265009
v -0.084594 0.015715 -0.293108
v -0.024222 0.015713 -0.317925
v -0.014282 0.015710 -0.343711
v -0.018388 0.015717 -0.345436
v 0.019506 0.015717 -0.391544
v 0.000548 0.015731 -0.405332
v 0.003686 0.015715 -0.411478
v -0.011990 0.015719 -0.416752
v -0.032030 0.015724 -0.415949
v -0.064936 0.015726 -0.313936
v -0.012702 0.015756 -0.451772
v -0.075644 0.015708 -0.276712
v -0.083875 0.015719 -0.329904
v -0.071079 0.015717 -0.362919
v -0.130925 0.015737 -0.221841
v -0.139240 0.015703 -0.228397
v -0.152876 0.015699 -0.213348
v -0.134436 0.015734 -0.185934
v -0.110411 0.015719 -0.325449
v -0.102574 0.015719 -0.329195
v -0.100028 0.015717 -0.363476
v -0.061406 0.015735 -0.434031
v -0.081715 0.015717 -0.389871
v -0.088820 0.015715 -0.381199
v -0.131680 0.015720 -0.320138
v -0.140964 0.015712 -0.347456
v -0.168182 0.015714 -0.288238
v -0.171841 0.015718 -0.302413
v -0.202370 0.015710 -0.247719
v -0.195392 0.015706 -0.240016
v -0.130812 0.015718 -0.405204
v -0.148692 0.015716 -0.382016
v -0.150134 0.015668 -0.371700
v -0.226466 0.015729 -0.194058
v -0.202563 0.015714 -0.306640
v -0.186614 0.015714 -0.350230
v -0.182567 0.015713 -0.353837
v -0.154671 0.015716 -0.394862
v -0.108519 0.022035 -0.450427
v -0.162740 0.015722 -0.416227
v -0.186537 0.015712 -0.394890
v -0.170349 0.015715 -0.391943
v -0.173282 0.015649 -0.403786
v -0.154554 0.015731 -0.434145
v -0.151923 0.015836 -0.452788
v -0.208940 0.015718 -0.303722
v -0.221312 0.015708 -0.256119
v -0.211293 0.015711 -0.265567
v -0.230021 0.015754 -0.297246
v -0.249546 0.015713 -0.275911
v -0.246160 0.015742 -0.206704
v -0.183086 0.015738 -0.442641
v -0.180260 0.015760 -0.441251
v -0.201003 0.015615 -0.446329
v -0.236831 0.015724 -0.412600
v -0.251601 0.015716 -0.378409
v -0.299331 0.015711 -0.245432
v -0.294775 0.015711 -0.281415
v -0.272204 0.015719 -0.352307
v -0.266559 0.015719 -0.347883
v -0.268506 0.015711 -0.361138
v -0.297352 0.015717 -0.343004
v -0.308288 0.015710 -0.266873
v -0.325986 0.015693 -0.220018
v -0.359423 0.013535 -0.173298
v -0.337979 0.015695 -0.200030
v -0.326471 0.015710 -0.251722
v -0.326847 0.015711 -0.258406
v -0.337200 0.015717 -0.285215
v -0.349850 0.015710 -0.315101
v -0.269058 0.015715 -0.392745
v -0.237791 0.015746 -0.436083
v -0.307485 0.015714 -0.370389
v -0.304149 0.015718 -0.376428
v -0.300304 0.015705 -0.380482
v -0.265298 0.015715 -0.414133
v -0.288094 0.015721 -0.419566
v -0.332433 0.015718 -0.313375
v -0.331800 0.015713 -0.382385
v -0.349371 0.015741 -0.444864
v -0.369424 0.015715 -0.365167
v -0.335742 0.015715 -0.367754
v -0.341391 0.015710 -0.315533
v -0.343958 0.015713 -0.305694
v -0.368316 0.015697 -0.261844
v -0.341947 0.015712 -0.272637
v -0.349826 0.015701 -0.321576
v -0.369096 0.015719 -0.335441
v -0.365650 0.015708 -0.300056
v -0.393210 0.015723 -0.222248
v -0.397012 0.015717 -0.288680
v -0.375267 0.015721 -0.368793
v -0.397765 0.015751 -0.373442
v -0.381811 0.015700 -0.381689
v -0.408261 0.015724 -0.376383
v -0.378242 0.015772 -0.433864
v -0.395494 0.015726 -0.421366
v -0.399958 0.015720 -0.311027
v -0.402557 0.015716 -0.225818
v -0.415488 0.015761 -0.213944
v -0.415101 0.015722 -0.144452
v -0.423594 0.016022 -0.207571
v -0.421558 0.015716 -0.243300
v -0.401384 0.015723 -0.268511
v -0.430073 0.015525 -0.311100
v -0.450988 0.016789 -0.342200
v -0.451490 0.019350 -0.351619
v -0.423851 0.015869 -0.434995
v -0.449227 0.017396 -0.455308
v -0.387876 0.015721 -0.410963
v -0.370000 0.015713 -0.287965
v -0.313048 0.015719 -0.415745
v -0.265074 0.015732 -0.430875
v -0.018099 0.015717 -0.347277
v -0.018396 0.015701 -0.225644
v 0.027643 0.015710 -0.196735
v 0.090081 0.015708 -0.329063
v 0.110989 0.015712 -0.322253
v 0.188860 0.015720 -0.417912
v 0.202717 0.015724 -0.429701
v 0.135600 0.015703 -0.227273
v 0.158570 0.015710 -0.240225
v 0.184437 0.015764 -0.320332
v 0.181271 0.015715 -0.306978
v 0.186993 0.015715 -0.317259
v 0.162178 0.015709 -0.254241
v 0.181435 0.015709 -0.252199
v 0.180276 0.015714 -0.259480
v 0.245536 0.015116 -0.454447
v 0.228781 0.015727 -0.408643
v 0.184848 0.015717 -0.286373
v 0.194447 0.015673 -0.214518
v 0.200298 0.015670 -0.215020
v 0.188533 0.015478 -0.250125
v 0.262008 0.015835 -0.378183
v 0.229532 0.015727 -0.304391
v 0.232994 0.015657 -0.320933
v 0.262400 0.009147 -0.316395
v 0.245389 0.015861 -0.292962
v 0.224596 0.015698 -0.223282
v 0.222708 0.016147 -0.156116
v 0.252442 0.017104 -0.076840
v 0.187674 0.016035 -0.183335
v -0.436461 0.015675 -0.117780
v -0.431956 0.015576 0.017989
v -0.430706 0.015717 0.182771
v -0.427823 0.015581 0.025137
v -0.303748 0.015675 -0.034517
v -0.273202 0.015628 -0.033099
v -0.216578 0.015706 0.000480
v -0.204351 0.017281 0.005751
v -0.177717 0.015503 -0.022357
v -0.164911 0.015999 0.002366
v -0.151878 0.016762 0.009350
v -0.108865 0.015925 -0.028269
v -0.126181 0.015859 -0.046992
v -0.081343 0.015626 -0.012749
v -0.069637 0.015651 -0.021639
v -0.037081 0.015688 -0.007129
v -0.010006 0.018027 0.020063
v -0.022482 0.015627 -0.035606
v 0.076452 0.015680 -0.017183
v -0.172120 0.015633 0.004550
v -0.322031 0.008346 0.004803
v -0.349354 0.015947 0.020711
v -0.409049 0.015719 0.135392
v -0.396798 0.015699 0.148265
v -0.361897 0.015745 0.103823
v -0.395593 0.015725 0.180430
v -0.446917 0.015699 0.230965
v -0.416114 0.015713 0.273398
v -0.422950 0.015717 0.266154
v -0.415228 0.015722 0.257584
v -0.449546 0.026336 0.375550
v -0.435361 0.015086 0.402849
v -0.398430 0.015763 0.329787
v -0.400328 0.015710 0.301433
v -0.401254 0.015716 0.252216
v -0.331339 0.015970 0.124388
v -0.363666 0.015727 0.102600
v -0.371243 0.015807 0.166531
v -0.351229 0.012436 0.181008
v -0.391363 0.015720 0.190429
v -0.362883 0.015705 0.278094
v -0.399300 0.015719 0.353607
v -0.361089 0.015687 0.399786
v -0.376262 0.015748 0.408004
v -0.359896 0.015736 0.348942
v -0.378595 0.015705 0.372169
v -0.382690 0.015712 0.352257
v -0.374239 0.015699 0.241053
v -0.367366 0.015707 0.228908
v -0.353610 0.015707 0.282871
v -0.363198 0.015699 0.314258
v -0.325195 0.015725 0.268116
v -0.328856 0.015693 0.263946
v -0.336334 0.015705 0.376179
v -0.329994 0.015623 0.377594
v -0.299397 0.015706 0.361592
v -0.322304 0.015707 0.351599
v -0.312619 0.015714 0.335225
v -0.263631 0.016124 0.408164
v -0.285493 0.015714 0.379682
v -0.275229 0.015699 0.355184
v -0.243922 0.015696 0.359557
v -0.221999 0.015719 0.346561
v -0.155486 0.014062 0.387612
v -0.172144 0.015146 0.381313
v -0.166911 0.015715 0.393516
v -0.064603 0.015701 0.414449
v -0.086498 0.015257 0.383377
v -0.047703 0.015721 0.270555
v -0.047084 0.015694 0.230351
v -0.036976 0.015730 0.310032
v -0.030153 0.015789 0.315443
v -0.213401 0.012980 0.418284
v -0.230415 0.015762 0.418984
v -0.368034 0.015731 0.426177
v -0.058492 0.015941 0.420362
v -0.043389 0.015861 0.384185
v -0.049466 0.015762 0.368406
v -0.060243 0.015745 0.357500
v -0.117460 0.015725 0.383809
v -0.110085 0.015707 0.390530
v -0.040489 0.015762 0.336146
v -0.071857 0.016246 0.221946
v -0.077968 0.015572 0.243892
v -0.081349 0.015719 0.261985
v -0.111743 0.015827 0.222505
v -0.226624 0.015688 0.383555
v -0.248270 0.015691 0.408517
v -0.292037 0.015702 0.306822
v -0.328308 0.015682 0.308376
v -0.326036 0.015701 0.298211
v 0.050358 0.015761 0.112486
v 0.063206 0.015948 0.114684
v 0.026348 0.015855 0.156782
v -0.033682 0.015717 0.116779
v -0.041660 0.015732 0.143248
v -0.092977 0.016131 0.147392
v -0.100596 0.015741 0.100480
v -0.092617 0.015768 0.145215
v -0.105976 0.015875 0.129614
v -0.120926 0.015718 0.134943
v -0.153440 0.015740 0.105225
v -0.185374 0.015722 0.137768
v -0.179899 0.015847 0.151444
v -0.191531 0.015426 0.098575
v -0.178063 0.015845 0.095649
v -0.201042 0.015801 0.131176
v -0.277849 0.015996 0.131984
v -0.273888 0.016534 0.129928
v -0.280505 0.016070 0.126412
v -0.152524 0.015767 0.144967
v -0.044863 0.015800 0.090481
v -0.374118 0.015738 0.154742
v -0.432243 0.015704 0.348898
v -0.377382 0.015793 0.066026
v -0.025722 0.016605 0.017762
v 0.146420 0.016301 -0.024991
v 0.150168 0.015618 -0.012571
v 0.151828 0.016469 -0.010404
v 0.135483 -0.000508 -0.029275
v 0.182852 0.016638 0.030159
v 0.190549 0.016663 0.072770
v 0.181734 0.016626 0.160165
v 0.158465 0.016689 0.158057
v 0.140022 0.009398 0.077696
v 0.157847 0.016605 0.110139
v 0.143947 0.016569 0.105645
v 0.154180 0.016525 0.150423
v 0.126526 0.016527 0.119179
v 0.101879 0.017454 0.221391
v 0.041553 0.016171 0.325896
v 0.081343 0.016660 0.217815
v 0.003754 0.016676 0.389473
v 0.024665 0.017605 0.258837
v 0.037023 0.007314 0.221336
v -0.039074 0.017956 0.177175
v -0.119286 0.017417 0.190785
v -0.104298 0.019021 0.342015
v -0.099169 0.017576 0.346414
v -0.103976 0.016134 0.350493
v -0.121565 0.014740 0.290528
v -0.094693 0.016715 0.300769
v -0.175434 0.016515 0.304868
v -0.132732 0.016562 0.306751
v -0.163841 0.016678 0.275351
v -0.137099 0.016725 0.264948
v -0.168638 0.016732 0.250223
v -0.204203 0.016632 0.294569
v -0.209432 0.016619 0.273291
v -0.220763 0.016648 0.262126
v -0.246366 0.016587 0.257577
v -0.230259 0.016632 0.256814
v -0.266984 0.019979 0.203248
v -0.295221 0.017744 0.201817
v -0.166800 0.016754 0.249771
v 0.141188 0.016447 0.032523
v 0.131441 0.015755 -0.004210
v 0.087599 0.016378 0.058811
v 0.063915 0.014554 0.086673
v 0.033433 0.014318 0.052649
v 0.017491 0.017709 0.066992
v 0.026830 0.021448 0.073519
v -0.037988 0.017694 0.037436
v -0.029799 0.017012 0.038450
v -0.054543 0.018594 0.065230
v -0.067182 0.021019 0.024029
v -0.095694 0.015957 0.022722
v -0.140757 0.016472 0.040401
v -0.145326 0.016664 0.066688
v -0.148134 0.016672 0.039037
v -0.168940 0.016348 0.037915
v -0.212966 0.017588 0.029099
v -0.211439 0.017232 0.076728
v -0.302301 0.016538 0.048250
v -0.283999 0.016568 0.059112
v -0.347371 0.019220 0.055979
v 0.189482 0.016881 0.185491
v 0.201051 0.016642 -0.140689
v 0.165823 0.016530 -0.099741
v 0.158943 0.015901 -0.037265
v 0.190161 0.016478 -0.062706
v 0.177619 0.014421 -0.099244
v 0.186725 0.016613 -0.092077
v 0.187202 0.016530 -0.089031
v 0.174643 0.018816 -0.134255
v 0.195543 0.015938 -0.014831
v 0.176896 0.016431 -0.047170
v 0.187201 0.016441 -0.077070
v 0.148676 0.016937 -0.060678
v 0.146137 0.016470 -0.074352
v 0.138236 0.022573 -0.065658
v 0.172588 0.014840 -0.158195
v 0.153640 0.019491 -0.139707
v 0.158855 0.016707 -0.161870
v 0.082784 0.015981 -0.079529
v 0.062802 0.015833 -0.052302
v 0.062188 0.014879 -0.071473
v 0.041683 0.015667 -0.013525
v -0.154836 0.015645 -0.030215
v -0.434139 0.015727 0.162741
v -0.429453 0.015745 -0.089467
v -0.429727 0.015751 -0.055932
v 0.217159 0.015389 -0.144655
v 0.242360 0.015678 0.409189
v 0.252435 0.015688 0.332892
v 0.260883 0.015739 0.325804
v 0.257669 0.015893 0.273448
v 0.220985 0.015703 0.358571
v 0.204764 0.015756 0.372730
v 0.232328 0.015708 0.324807
v 0.222235 0.015701 0.304857
v 0.253457 0.015772 0.125934
v 0.237260 0.016123 0.157067
v 0.221889 0.015715 0.252558
v 0.194234 0.015719 0.243184
v 0.184675 0.015701 0.360070
v 0.185946 0.015709 0.322078
v 0.188268 0.015677 0.314279
v 0.199983 0.015743 0.269877
v 0.157524 0.015719 0.270162
v 0.160539 0.015641 0.316589
v 0.149517 0.015685 0.307831
v 0.193028 0.015855 0.241291
v 0.242708 0.015745 -0.004963
v 0.216299 0.009859 -0.008100
v 0.239783 0.015822 -0.040362
v 0.217545 0.020402 -0.066481
v 0.214867 0.015731 0.129261
v 0.233162 0.015724 0.124914
v 0.145768 0.015719 0.264665
v 0.162390 0.015693 0.387766
v 0.166855 0.015681 0.396723
v 0.159145 0.015686 0.393394
v 0.123434 0.015839 0.224491
v 0.109356 0.015630 0.266790
v 0.091617 0.015817 0.258052
v 0.116858 0.015704 0.347467
v 0.112339 0.015713 0.383450
v 0.102139 0.015741 0.279293
v 0.110559 0.015816 0.231683
v 0.091728 0.015710 0.347994
v 0.079422 0.015710 0.338090
v 0.070422 0.015798 0.419813
v 0.081284 0.015704 0.381887
v 0.048512 0.015695 0.372967
v 0.199547 0.015723 -0.287902
v 0.214700 0.015723 -0.321463
v 0.245709 0.015735 -0.410980
v 0.246630 0.015736 -0.412448
v 0.139622 0.015691 -0.219370
v 0.178844 0.015717 -0.343128
v -0.075978 0.016365 -0.158837
v -0.112272 0.017089 -0.155335
v -0.184536 0.018205 -0.162132
v -0.133013 0.015574 -0.161036
v -0.292986 0.016758 -0.165457
v -0.017490 0.016700 0.351965
v -0.155481 0.017694 0.174991
v 0.250673 0.012469 -0.147646
v 0.249332 0.016084 -0.136426
v 0.256157 0.012628 -0.123096
v -0.463355 -0.027199 -0.466995
v -0.461096 0.020470 -0.471262
v -0.455570 -0.029558 -0.472412
v -0.136702 0.014970 -0.466983
v -0.145521 -0.024816 -0.466541
v -0.080312 -0.010491 -0.467052
v -0.045327 0.015017 -0.466841
v 0.184262 -0.024828 -0.466768
v 0.180057 -0.024727 -0.466631
v 0.269438 0.015366 -0.464500
v 0.310087 -0.024075 -0.463517
v 0.098017 -0.024925 -0.466761
v 0.089499 -0.024928 -0.466795
v 0.102004 -0.014497 -0.466945
v -0.462245 -0.025158 -0.466785
v -0.145511 -0.024952 -0.466631
v 0.310377 0.016541 -0.464579
v -0.050717 0.011110 -0.467024
v -0.456355 -0.028579 -0.471501
v -0.455417 0.020244 -0.492005
v -0.454924 0.020948 -0.471392
v 0.196611 -0.025169 -0.488636
v -0.450463 -0.025063 -0.471852
v 0.269397 -0.025164 -0.471379
v 0.269366 -0.025081 -0.496370
v -0.390322 -0.025186 -0.488550
v -0.450316 0.017093 -0.471586
v -0.260672 -0.025011 -0.471777
v -0.259433 -0.025342 -0.471200
v 0.268670 0.017161 -0.471444
v 0.269151 -0.025171 -0.471008
v -0.271914 -0.022386 -0.470884
v -0.137665 0.020890 -0.492881
v -0.137813 -0.028927 -0.492597
v -0.137975 0.020799 -0.493423
v -0.454241 -0.028550 -0.492297
v -0.454368 0.020458 -0.492133
v 0.122164 0.020646 -0.493073
v 0.147474 -0.028864 -0.492848
v 0.144251 -0.022612 -0.493034
v 0.192921 -0.029058 -0.493000
v 0.192780 0.020769 -0.492988
v 0.013584 -0.025090 -0.488768
v -0.384064 0.017033 -0.489019
v 0.195561 0.017179 -0.489372
v 0.096283 0.015581 -0.489056
v 0.195767 -0.025175 -0.488982
v -0.384795 0.016777 -0.488645
v 0.098785 0.016964 -0.488506
v 0.269268 0.017483 -0.471414
v 0.195333 0.017331 -0.488722
v -0.071665 0.012874 0.449356
v -0.027335 0.013055 0.462455
v 0.100529 0.018288 0.449487
v 0.310449 -0.024861 0.449172
v -0.083914 0.017386 0.449193
v -0.440303 -0.025149 0.450773
v -0.434621 0.016082 0.450519
v -0.404070 0.015374 0.449484
v -0.077260 0.018830 0.433066
v -0.077331 0.011548 0.447025
v -0.429805 -0.049744 0.430359
v -0.440930 -0.031617 0.415505
v -0.436966 -0.049037 0.365819
v -0.436077 -0.040085 0.384872
v -0.439341 -0.031903 0.184674
v -0.436577 -0.050395 0.081192
v -0.439350 -0.044125 0.050156
v -0.444776 -0.035880 0.039129
v -0.416121 -0.051184 0.010040
v -0.436488 -0.037045 -0.015633
v -0.436720 -0.048927 -0.048904
v -0.438773 -0.048826 -0.028324
v -0.439022 -0.031642 -0.175718
v -0.430956 -0.038466 -0.016154
v -0.437030 -0.050014 0.067196
v -0.436264 -0.049722 -0.170929
v -0.448067 -0.044233 -0.194550
v -0.434761 -0.047741 -0.195203
v -0.439284 -0.030854 -0.227591
v -0.436747 -0.050226 -0.198699
v -0.435949 -0.049768 -0.287006
v -0.436733 -0.039039 -0.260846
v -0.436311 -0.036775 -0.274083
v -0.437612 -0.030111 -0.352615
v -0.437865 -0.030979 -0.353000
v -0.435226 -0.049213 -0.440691
v -0.434413 -0.035560 -0.439080
v -0.441615 -0.035220 -0.451381
v -0.420892 -0.043946 -0.464363
v -0.436736 -0.046844 0.076760
v -0.437214 -0.030506 0.120901
v -0.436017 -0.050226 0.209156
v -0.436782 -0.045402 0.191012
v -0.445891 -0.035240 -0.020262
v -0.436780 -0.043621 0.026387
v -0.436439 -0.047244 0.043884
v -0.437924 -0.031956 0.376789
v -0.437432 -0.029710 0.339229
v 0.274313 -0.029756 0.432697
v -0.435655 -0.050510 0.431708
v -0.436645 -0.029536 0.431450
v 0.273168 -0.050587 0.431781
v -0.436270 -0.052053 0.431683
v -0.430284 -0.050312 -0.468746
v -0.442312 -0.050354 0.170995
v -0.436661 -0.050091 -0.077594
v -0.436474 -0.050647 -0.257987
v -0.432683 -0.046689 0.054237
v -0.432651 -0.046669 0.054204
v -0.432944 -0.046731 0.427590
v -0.433003 -0.029836 0.066982
v -0.432652 -0.046673 -0.297991
v -0.432190 -0.046657 -0.465242
v -0.432338 -0.030548 -0.466423
v -0.432785 -0.047243 -0.465502
v 0.269597 -0.047269 -0.465475
v 0.269593 -0.047034 0.427928
v -0.106487 -0.046867 0.428186
v -0.432704 -0.047033 0.427964
v -0.432625 -0.029779 0.427670
v 0.268915 -0.029739 0.427930
v 0.270057 -0.028868 0.428375
v -0.433342 -0.028766 0.428380
v 0.269929 -0.029194 -0.465711
v -0.433134 -0.029476 -0.463630
v -0.085347 -0.032147 -0.466683
v -0.419702 -0.030838 -0.467351
v -0.061272 0.019943 0.431292
v -0.050778 0.020501 0.432330
v -0.436314 0.016532 0.433103
v -0.062452 0.023239 0.432446
v -0.230217 -0.029720 -0.470986
v 0.273416 -0.051066 -0.469433
v 0.274345 -0.029649 -0.471029
v -0.435721 -0.051001 -0.469681
v -0.435954 -0.030232 -0.471785
v -0.120743 -0.045933 -0.465311
v -0.036769 -0.032880 -0.471681
v -0.147402 -0.032085 -0.469117
v -0.034445 -0.045626 -0.466615
v -0.002884 -0.031190 -0.473444
v -0.004697 -0.042451 -0.463237
v 0.007075 -0.046625 -0.465277
v 0.084211 -0.035152 -0.465058
v 0.150847 -0.046674 -0.465229
v 0.092234 -0.030046 -0.465454
v -0.179203 -0.046881 -0.465015
v -0.177967 -0.042454 -0.466413
v -0.191630 -0.031511 -0.467882
v 0.090693 -0.036017 -0.466426
v 0.138197 -0.032448 -0.465556
v 0.159056 -0.030507 -0.459109
v 0.159465 -0.045181 -0.466372
v 0.269373 -0.029777 -0.465824
v 0.252996 -0.046204 -0.464146
v -0.041670 -0.040245 -0.466411
v -0.128034 -0.047286 -0.466117
v -0.367542 -0.046829 -0.465418
v -0.351556 -0.033991 -0.461155
v -0.370238 -0.045399 -0.466350
v -0.431103 -0.045156 -0.463806
v 0.157979 -0.042455 -0.466377
v -0.408390 -0.034153 -0.468594
v 0.147462 -0.036087 -0.466049
v -0.402118 0.024098 -0.070843
v -0.401761 0.014927 -0.137770
v -0.405905 0.019586 -0.132591
v -0.401624 0.025128 -0.109496
v 0.033474 0.016141 -0.142978
v 0.092705 0.018387 -0.144560
v 0.142394 0.017894 -0.145010
v 0.121452 0.018746 -0.142693
v 0.118134 0.019761 -0.144266
v -0.023981 0.017193 -0.143852
v -0.384784 0.017772 -0.142592
v -0.362860 0.025474 0.056726
v -0.359062 0.024631 0.024686
v -0.360186 0.024237 0.020919
v -0.005076 0.021343 0.023017
v 0.021515 0.026227 -0.117504
v 0.139746 0.021670 -0.117822
v -0.213203 0.034113 0.296107
v -0.273277 0.031726 0.243107
v -0.341162 0.025618 0.175074
v -0.214679 0.026590 0.300954
v -0.203046 0.034814 0.313446
v -0.208255 0.024765 0.309159
v -0.141095 0.035668 0.372604
v -0.201521 0.027283 0.311948
v -0.344027 0.030153 0.171579
v -0.308194 0.021825 0.138193
v -0.321862 0.024244 0.146410
v -0.341034 0.018878 0.141573
v -0.338082 0.019818 0.143218
v -0.342791 0.023888 0.150843
v -0.336224 0.018182 0.138711
v -0.340237 0.015481 0.140266
v -0.323110 0.014731 0.129416
v -0.331424 0.018335 0.135325
v -0.335001 0.018455 0.025472
v -0.334568 0.017400 0.028415
v -0.341102 0.028482 0.031790
v -0.327226 0.016295 -0.049058
v -0.189078 0.014641 0.344389
v -0.206121 0.014113 0.345970
v -0.227046 0.022942 0.315492
v -0.218183 0.007856 0.325626
v -0.239558 0.015331 0.314788
v -0.256517 0.019111 0.277444
v -0.209241 0.016448 0.329256
v -0.256568 0.012914 0.285852
v -0.269700 0.016147 0.272255
v -0.276348 0.013703 0.266835
v -0.275810 0.017094 0.257888
v -0.285615 0.018180 0.251501
v -0.299563 0.018408 0.097550
v -0.295309 0.009567 0.098352
v -0.304320 0.015808 0.088796
v -0.305047 0.017653 0.092977
v -0.221754 0.015995 0.021296
v -0.307757 0.018111 0.020446
v -0.222149 0.018373 0.018244
v 0.130921 0.025991 -0.158586
v -0.012752 0.024751 -0.161687
v -0.089321 0.021854 -0.161033
v -0.207750 0.026316 -0.156079
v -0.314999 0.021023 -0.161589
v -0.298868 0.026001 -0.156595
v 0.135769 0.028622 -0.159007
v 0.130396 0.025427 -0.152181
v -0.205992 0.020567 -0.159413
v -0.175943 0.022753 -0.156908
v -0.240308 0.021351 -0.156572
v -0.306761 0.019501 -0.158029
v -0.312655 0.022317 -0.154080
v -0.086363 0.019670 -0.161731
v -0.012962 0.022519 -0.162874
v -0.014108 0.021172 -0.159833
v 0.070357 0.023389 -0.162507
v 0.070988 0.021368 -0.161006
v 0.100125 0.020158 -0.161542
v -0.223033 0.025475 -0.178765
v -0.237873 0.017754 0.303723
v -0.233948 0.019622 0.308457
v -0.230469 0.016855 0.310882
v -0.182634 0.030506 0.268041
v -0.176370 0.023652 0.277319
v -0.132474 0.005715 0.271067
v -0.167662 0.024823 0.288680
v -0.111399 0.029790 0.336183
v -0.137420 0.025239 0.327223
v -0.112126 0.023750 0.291727
v -0.131852 0.030513 0.277165
v -0.139650 0.025000 0.295778
v -0.143079 0.025519 0.326219
v -0.182408 0.029674 0.333517
v -0.165994 0.025010 0.286905
v -0.208680 0.024751 0.289334
v -0.182210 0.029615 0.332804
v -0.166757 0.025210 0.326406
v -0.210144 0.028199 0.301935
v -0.218012 0.027861 0.296005
v -0.209539 0.025582 0.268412
v -0.218920 0.025034 0.262894
v -0.214399 0.029886 0.283440
v -0.137932 0.023844 0.290228
v -0.160601 0.021877 0.305247
v -0.199327 0.024842 0.295779
v -0.164314 0.034359 0.331518
v -0.087972 0.031823 0.321195
v -0.109450 0.026040 0.330842
v -0.126754 0.028954 0.341390
v -0.128523 0.028917 0.349916
v -0.143981 0.022833 0.333350
v -0.136594 0.027280 0.343273
v -0.235467 0.024873 0.281482
v -0.228092 0.026990 0.273032
v -0.227489 0.023360 0.269655
v -0.230457 0.027958 0.265396
v -0.246427 0.023980 0.262259
v -0.141381 0.041663 0.374595
v -0.235002 0.024851 0.278608
v -0.100191 0.028264 0.336110
v -0.166860 0.029279 0.351188
v -0.130106 0.029732 0.356448
v -0.219520 0.030405 0.302167
v -0.210044 0.033287 0.301191
v -0.200143 0.036657 0.317120
v -0.198770 0.039795 0.283354
v -0.228440 0.033571 0.274015
v -0.228984 0.024361 0.271286
v -0.199795 0.019580 0.280511
v -0.225344 0.019148 0.272073
v -0.212742 0.017357 0.164169
v -0.081976 0.034325 0.319244
v -0.215235 0.024258 0.182846
v -0.084712 0.026080 0.320461
v -0.237280 0.027187 0.156705
v -0.238893 0.024249 0.153167
v -0.216593 0.018361 0.320893
v -0.213651 0.008978 0.327980
v -0.218795 0.017863 0.319457
v -0.194543 0.031211 0.282203
v -0.146761 0.030297 0.293973
v -0.171205 0.029521 0.293194
v -0.141478 0.029174 0.290957
v -0.219135 0.030267 0.280207
v -0.113772 0.016392 0.071062
v -0.190364 0.018832 0.076649
v -0.148608 0.018681 0.359414
v -0.155977 0.005665 0.363756
v -0.150463 0.018688 0.363480
v -0.064064 0.011376 0.194479
v -0.092298 0.015685 0.204316
v -0.082287 0.019835 0.198503
v -0.102780 0.019317 0.208558
v -0.134910 0.013031 0.224892
v -0.128439 0.013504 0.217112
v -0.111571 0.016004 0.207180
v -0.041190 0.026762 -0.179478
v -0.074195 0.025832 -0.178761
v -0.048870 0.024121 -0.178643
v -0.079755 0.021724 0.454526
v -0.076106 0.003427 0.456490
v -0.068509 0.021987 0.500455
v -0.055744 -0.018470 0.484654
v -0.082544 0.024697 0.436923
v -0.085995 0.044558 0.429245
v -0.063308 0.002154 0.493727
v -0.061185 -0.003760 0.490544
v -0.059798 -0.001690 0.492485
v -0.065612 0.002005 0.492949
v -0.059508 -0.010401 0.491216
v -0.055363 -0.019854 0.484704
v -0.030693 0.000691 0.460131
v -0.014089 0.033182 0.447931
v -0.024940 0.023115 0.450717
v -0.032376 0.049538 0.470818
v -0.068231 0.020863 0.499404
v -0.059096 -0.010672 0.492109
v -0.067092 0.022336 0.493046
v -0.057020 -0.014973 0.482190
v -0.081142 0.042428 0.433451
v -0.066114 0.021933 0.490897
v -0.038001 0.048859 0.467834
v -0.081611 0.042038 0.433771
v -0.035315 0.045860 0.465303
v -0.066784 0.018627 0.496572
v -0.086692 0.045486 0.432624
v -0.032690 0.004036 0.454300
v -0.056140 -0.021551 0.480463
v -0.072560 0.002571 0.454365
v -0.082711 0.041743 0.434043
v -0.057156 -0.011562 0.481407
v -0.020213 0.031783 0.439272
v -0.061106 0.021918 0.440608
v -0.086464 0.042387 0.438446
v -0.056193 0.018535 0.441260
v -0.071530 0.004692 0.443565
v -0.055945 0.025340 0.440523
v -0.015989 0.026515 0.432047
v -0.023866 0.005801 0.437288
v -0.082066 0.040612 0.435429
v -0.021676 0.025187 0.444933
v 0.195233 0.036528 -0.000527
v 0.266286 0.030089 -0.261099
v 0.323284 0.016395 -0.214067
v 0.278167 0.029592 -0.131593
v 0.128705 0.047299 -0.079493
v 0.101283 0.038520 0.195170
v 0.013192 0.045354 0.188478
v -0.021447 0.035502 0.451905
v -0.074577 0.045964 0.390576
v 0.132922 0.045215 -0.057216
v -0.042169 0.047292 0.316625
v -0.087251 0.050150 0.427641
v 0.051728 0.048366 0.109327
v 0.185597 0.032009 -0.143601
v 0.353216 0.017544 -0.361854
v 0.388261 0.014271 -0.302385
v 0.433600 0.006771 -0.374890
v 0.312658 0.021006 -0.314773
v 0.314114 0.020593 -0.466530
v 0.277766 0.022130 -0.273244
v 0.463328 -0.011127 -0.432081
v 0.382520 0.010133 -0.405277
v -0.035183 0.052053 0.470091
v -0.064291 0.050803 0.445739
v 0.334510 0.020371 -0.229935
v 0.090866 0.045489 0.025638
v 0.072604 0.046647 0.056686
v 0.073228 0.045292 0.061801
v -0.025387 0.045725 0.285728
v -0.034409 0.045245 0.296551
v 0.013794 0.044601 0.195353
v -0.068443 0.044793 0.381179
v 0.045167 0.046428 0.120733
v 0.050255 0.044348 0.111668
v 0.162962 0.028808 -0.111574
v 0.158992 0.044619 -0.112824
v 0.175478 0.040895 -0.129841
v 0.181076 0.028543 -0.150457
v 0.191088 0.037432 -0.163339
v 0.266175 0.030325 -0.256034
v 0.151801 0.039181 -0.100216
v 0.177283 0.033742 -0.081803
v 0.168611 0.042663 -0.026076
v 0.168982 0.030111 -0.046917
v 0.170247 0.045065 -0.087450
v 0.184141 0.024191 -0.052407
v 0.181242 0.020947 -0.087520
v 0.169876 0.031893 -0.108638
v 0.138008 0.024752 0.069797
v 0.152057 0.034021 0.056522
v 0.142389 0.036392 0.033811
v 0.115740 0.039012 0.036455
v 0.139469 0.036614 0.033789
v 0.158838 0.034503 0.036762
v 0.110039 0.044847 0.032132
v 0.084300 0.042550 0.047116
v 0.099745 0.042297 0.017509
v 0.089304 0.043745 0.024791
v 0.080389 0.043236 0.046282
v 0.146824 0.047281 0.012441
v 0.159234 0.036208 0.060125
v 0.162019 0.031580 0.016435
v 0.127751 0.038263 0.024703
v 0.128212 0.040102 -0.003723
v 0.124160 0.033929 0.107519
v 0.138992 0.033114 0.084638
v 0.136987 0.034167 0.110779
v 0.061926 0.046067 0.084114
v 0.091176 0.040117 0.069114
v 0.095169 0.040060 0.063819
v 0.060173 0.041562 0.113636
v 0.059412 0.043393 0.089509
v 0.122724 0.028125 0.108543
v 0.111093 0.028282 0.137015
v 0.065728 0.038417 0.122993
v 0.091964 0.037292 0.113115
v 0.068585 0.040620 0.109654
v 0.060676 0.038638 0.169975
v 0.055544 0.039939 0.150262
v 0.062645 0.040235 0.130145
v 0.047052 0.045438 0.116951
v 0.067972 0.039995 0.125771
v 0.100380 0.032588 0.155774
v 0.083939 0.035293 0.169555
v 0.071661 0.036845 0.167959
v 0.029687 0.041969 0.172100
v 0.050450 0.039876 0.161232
v 0.025995 0.044667 0.176805
v 0.031510 0.041431 0.178396
v 0.057325 0.038413 0.171294
v 0.031038 0.040795 0.189592
v 0.056863 0.036450 0.205624
v 0.078409 0.035188 0.182323
v 0.081457 0.033862 0.194943
v 0.018279 0.041369 0.207740
v 0.072032 0.033342 0.225056
v 0.045551 0.034922 0.260436
v 0.019578 0.037308 0.267313
v 0.024665 0.038472 0.233377
v 0.036264 0.037694 0.231019
v 0.018507 0.038504 0.255646
v 0.014962 0.041576 0.213656
v -0.005450 0.039628 0.275184
v -0.010570 0.045375 0.249466
v 0.079590 0.030667 0.228878
v 0.064555 0.035468 0.206371
v 0.077480 0.032411 0.221066
v 0.015137 0.038292 0.265472
v 0.065707 0.028088 0.254987
v 0.069373 0.043960 0.065071
v 0.117723 0.029276 0.145999
v 0.055726 0.033586 0.255793
v 0.064758 0.031540 0.261647
v 0.116483 0.033835 0.131051
v 0.015180 0.035343 0.314900
v 0.016525 0.034524 0.323789
v 0.006285 0.032858 0.365929
v -0.006444 0.037466 0.326368
v -0.000171 0.033468 0.376446
v -0.007105 0.037131 0.332123
v -0.004962 0.037322 0.333016
v 0.012510 0.032891 0.369384
v 0.023586 0.033762 0.322179
v -0.019780 0.032210 0.261866
v 0.098142 0.029277 0.188855
v -0.016695 0.037942 0.408738
v -0.039998 0.039008 0.377886
v -0.036954 0.037669 0.386921
v -0.023957 0.037378 0.364689
v -0.048691 0.028931 0.428265
v -0.013927 0.028632 0.420758
v -0.022103 0.029795 0.429129
v -0.090951 0.036751 0.428664
v -0.046042 0.046524 0.351398
v -0.044563 0.041752 0.345689
v -0.047569 0.046534 0.332032
v 0.014448 0.042424 0.201531
v 0.104653 0.043294 -0.005486
v 0.126213 0.042246 -0.060614
v 0.142403 0.041928 -0.054552
v 0.092525 0.044054 0.016605
v 0.013899 0.043440 0.191731
v 0.074884 0.044438 0.060617
v 0.122145 0.029844 0.127152
v 0.135877 0.039331 -0.004678
v 0.153806 0.031303 0.003168
v 0.162983 0.039503 -0.029960
v 0.163849 0.040187 -0.031445
v 0.165854 0.039380 -0.032258
v 0.169615 0.032803 -0.031683
v -0.042359 0.041812 0.338254
v -0.018624 0.039737 0.314583
v -0.012828 0.038836 0.318555
v -0.034791 0.038501 0.373554
v -0.022910 0.037424 0.362798
v -0.013987 0.037206 0.348165
v -0.014070 0.037730 0.337028
v 0.054809 0.039120 0.164291
v 0.134617 0.041698 -0.023014
v 0.012352 0.044154 0.195487
v 0.085771 0.034695 0.176624
v 0.112306 0.040289 0.023313
v 0.061470 0.041211 0.117065
v 0.034948 0.037452 0.238438
v 0.012758 0.031382 0.360988
v 0.142740 0.033608 0.079118
v 0.154771 0.029795 0.069450
v 0.132351 0.040157 -0.010873
v 0.049611 0.030134 0.292888
v 0.022339 0.030845 0.346191
v 0.071072 0.044260 0.061174
v 0.145820 0.031485 0.085811
v 0.157500 0.041438 -0.055292
v 0.184351 0.033915 -0.034905
v 0.192719 0.044553 -0.057690
v 0.216519 0.031707 -0.050027
v 0.210555 0.020583 -0.020853
v 0.219273 0.032177 -0.077061
v 0.227529 0.030484 -0.067343
v 0.221028 0.031968 -0.129627
v 0.239149 0.031658 -0.152446
v 0.268849 0.026611 -0.129190
v 0.259351 0.028773 -0.187489
v 0.246829 0.028932 -0.196523
v 0.249742 0.023605 -0.220472
v 0.290363 0.026174 -0.209665
v 0.281576 0.023551 -0.267781
v 0.269204 0.025521 -0.185918
v 0.247133 0.030646 -0.227205
v 0.292041 0.024354 -0.176289
v 0.315747 0.018302 -0.210765
v 0.305042 0.018570 -0.186222
v 0.211184 0.023309 -0.185569
v 0.222196 0.035370 -0.144145
v 0.240441 0.029778 -0.152209
v 0.199031 0.031997 -0.158486
v 0.197688 0.033952 -0.129141
v 0.198181 0.028176 -0.157114
v 0.242824 0.029385 -0.190390
v 0.248472 0.028937 -0.186891
v 0.270377 0.025114 -0.176008
v 0.247142 0.030145 -0.122386
v 0.258371 0.020215 -0.113242
v 0.215809 0.033316 -0.066940
v 0.173964 0.038616 -0.055940
v 0.181858 0.035022 -0.061081
v 0.178469 0.037083 -0.077755
v 0.177554 0.032342 -0.103289
v 0.172944 0.045172 -0.075735
v 0.157414 0.041325 -0.103073
v 0.140172 0.043188 -0.089780
v 0.128473 0.048348 -0.075376
v 0.135664 0.042551 -0.086178
v 0.134220 0.042073 -0.068321
v 0.170382 0.039363 -0.059727
v 0.175165 0.038321 -0.067666
v 0.276037 0.024360 -0.144603
v -0.015731 0.038515 0.329036
v 0.176876 0.034403 0.007985
v 0.160654 0.031196 0.006567
v 0.184692 0.028226 -0.008042
v 0.176141 0.033469 -0.022593
v 0.167257 0.044381 0.003331
v 0.187872 0.029668 -0.010825
v 0.187778 0.036056 0.012383
v 0.178344 0.028119 0.040060
v 0.164629 0.033999 0.053260
v 0.130525 0.035619 0.070409
v 0.142651 0.037860 0.005940
v 0.141828 0.036952 0.021703
v 0.084313 0.039047 0.104501
v 0.115876 0.040346 0.015231
v 0.111087 0.039939 0.030492
v 0.095474 0.039981 0.064242
v 0.073981 0.041189 0.104013
v 0.079366 0.035665 0.172714
v 0.015292 0.035348 0.314164
v 0.007513 0.036497 0.311716
v 0.045686 0.040361 0.165581
v 0.026600 0.038681 0.228834
v -0.009877 0.042186 0.261840
v -0.014553 0.039381 0.313451
v -0.018236 0.036527 0.365882
v 0.070488 0.042690 0.065543
v 0.088709 0.041060 0.067341
v 0.072394 0.042602 0.059770
v 0.134552 0.041006 -0.023046
v 0.136016 0.036561 0.040917
v -0.047685 0.035751 0.428191
v -0.052183 0.037503 0.419858
v -0.019465 0.035267 0.363572
v 0.050071 0.034701 0.250601
v 0.101236 0.035818 0.156701
v 0.097702 0.029732 0.150260
v 0.104293 0.030801 0.140163
v 0.098276 0.038767 0.138555
v 0.145407 0.042714 -0.060521
v 0.164513 0.041481 -0.077075
v 0.213847 0.032820 -0.066930
v 0.216672 0.029897 -0.074200
v 0.220426 0.032005 -0.072955
v 0.222191 0.031916 -0.127489
v 0.247880 0.029266 -0.111580
v 0.240946 0.029835 -0.151930
v 0.246219 0.029117 -0.166577
v 0.248992 0.028825 -0.178436
v 0.204741 0.033767 -0.041594
v -0.022737 0.032089 0.439298
v -0.032505 0.044918 0.466772
v -0.057502 -0.012186 0.484572
v -0.067027 0.023453 0.489425
v 0.005418 0.033624 0.399876
v 0.020891 0.031313 0.363813
v 0.001025 0.033362 0.401066
v -0.010258 0.035308 0.428898
v -0.018140 0.035150 0.452876
v -0.023141 0.036046 0.452851
v 0.069796 0.035392 0.256806
v 0.077541 0.027164 0.256427
v 0.008323 0.027077 0.386732
v -0.008567 0.031883 0.425063
v 0.112412 0.028481 0.172816
v 0.171505 0.031079 0.053464
v 0.200553 0.029933 0.010981
v 0.184370 0.026117 0.017207
v 0.067838 0.026760 0.262603
v 0.110290 0.028822 0.165887
v 0.022650 0.026965 0.352016
v -0.021865 0.025590 0.428234
v 0.132767 0.027189 0.115963
v 0.164657 0.029252 0.041546
v 0.162304 0.028199 0.052737
v 0.160165 0.028181 0.066667
v 0.147043 0.024447 0.080217
v 0.151927 0.026996 0.082506
v 0.070865 0.020232 0.261462
v 0.027250 0.029218 0.346459
v -0.024251 0.015175 0.373462
v -0.025066 0.018518 0.365975
v -0.018576 0.017163 0.368856
v -0.001926 0.010298 0.372187
v -0.021281 0.017801 0.368171
v -0.023698 0.019025 0.356350
v 0.016578 0.013975 0.263797
v 0.022165 0.022290 0.234027
v 0.008212 0.008556 0.266964
v 0.005342 0.018263 0.293595
v 0.000691 0.015578 0.293642
v 0.020692 0.012164 0.044453
v 0.022288 0.018240 0.039113
v -0.002466 0.015977 0.040373
v 0.015738 0.016711 0.035659
v 0.106275 0.018674 0.040938
v 0.111535 0.015373 0.036950
v 0.038301 0.016416 0.171763
v 0.042619 0.017302 0.166285
v 0.062443 0.019043 0.168736
v 0.089819 0.026215 0.259554
v 0.081833 0.017157 0.275117
v 0.079735 0.020043 0.275723
v 0.105732 0.019473 0.214940
v 0.122032 0.017782 0.222901
v 0.144131 0.017967 0.214641
v 0.145828 0.016534 0.216242
v 0.145246 0.017515 0.213048
v 0.174220 0.018120 0.213086
v 0.154408 0.017026 0.209978
v 0.150585 0.017870 0.210489
v 0.382896 -0.039648 -0.317563
v 0.427487 -0.045065 -0.370947
v 0.423853 0.011349 -0.359988
v 0.336690 -0.034866 -0.240519
v 0.310513 0.020121 -0.200083
v 0.458136 -0.013514 -0.434352
v 0.315991 0.020233 -0.191451
v 0.293233 0.022038 -0.159317
v 0.267743 0.031911 -0.111516
v 0.276466 0.021388 -0.135376
v 0.224158 0.024180 -0.047193
v 0.191608 0.027082 -0.002087
v 0.190923 0.038375 0.008669
v 0.123702 0.035603 0.151954
v 0.104266 0.027181 0.188123
v 0.152221 0.030760 0.035990
v 0.157947 0.024174 -0.008364
v 0.145665 0.038928 -0.010487
v 0.139841 0.024042 0.040533
v 0.118730 0.017718 -0.143838
v 0.093039 0.013220 -0.489120
v 0.146406 0.025862 0.108073
v 0.160329 0.027200 0.053054
v 0.161168 0.028074 0.064151
v 0.157446 0.029252 0.065264
v 0.158790 0.026378 -0.005660
v 0.157546 0.030798 -0.019416
v 0.164050 0.034876 -0.027107
v 0.162337 0.031524 0.009533
v 0.152388 0.022378 -0.033280
v 0.167547 0.018781 -0.084443
v 0.168322 0.029917 -0.028130
v 0.161411 0.034546 -0.083793
v 0.136557 0.036508 -0.064301
v 0.151703 0.031991 -0.042649
v 0.145529 0.030116 -0.062423
v 0.134065 0.040300 -0.063362
v 0.141940 0.041150 -0.054014
v 0.166878 0.031921 -0.029954
v 0.159093 0.038859 -0.033408
v 0.156260 0.035625 -0.047898
v 0.155894 0.034920 -0.099916
v 0.178357 0.034833 -0.071842
v 0.181584 0.038631 -0.052205
v 0.172984 0.036398 -0.098515
v 0.182156 0.037180 -0.074644
v 0.179399 0.035235 -0.037676
v 0.200240 0.024543 -0.052729
v 0.181554 0.035305 -0.069140
v 0.188901 0.033962 -0.013128
v 0.161293 0.034753 -0.038545
v 0.162733 0.036344 -0.030015
v 0.169912 0.029297 -0.027178
v 0.159025 0.038097 -0.011143
v 0.170088 0.035786 -0.029647
v 0.148954 0.032589 -0.040315
v 0.149971 0.032222 -0.081891
v 0.156505 0.034525 -0.088828
v 0.158908 0.025818 -0.092188
v 0.172427 0.018944 -0.119775
v 0.175652 0.040517 -0.126889
v 0.179538 0.021521 -0.145988
v 0.179212 0.027723 -0.111240
v 0.176872 0.027355 0.042760
v 0.177566 0.029130 0.030111
v 0.170188 0.028524 0.054869
v 0.159722 0.027323 -0.006955
v 0.163939 0.033635 -0.003130
v 0.157555 0.025747 0.023657
v 0.182999 0.023360 0.017361
v 0.179652 0.024003 0.027388
v 0.182902 0.025720 0.024960
v 0.181108 0.025701 -0.007374
v 0.186994 0.026918 -0.009807
v 0.168793 0.041156 -0.012534
v 0.177285 0.044962 -0.110189
v 0.166066 0.028783 -0.119141
v 0.165627 0.022503 -0.130537
v 0.163278 0.039316 -0.110114
v 0.163961 0.035996 -0.107561
v 0.172702 0.036317 -0.120493
v 0.213664 0.013060 0.153381
v 0.208413 0.008867 0.164946
v 0.204356 0.016333 0.056138
v 0.206892 0.018782 0.053602
v 0.213643 0.016639 0.164175
v 0.210883 0.021334 0.097561
v 0.214886 0.021123 0.063896
v 0.213003 0.016115 0.031077
v 0.215051 0.017771 0.024721
v 0.216921 0.017716 0.003752
v 0.217279 0.016261 0.027633
v 0.193750 0.026813 -0.132086
v 0.188665 0.024676 -0.045856
v 0.186749 0.026172 -0.045778
v 0.202841 0.020138 -0.046569
v 0.198921 0.030557 -0.024217
v 0.194609 0.034346 -0.141485
v 0.193849 0.029911 -0.137084
v 0.193343 0.035195 -0.141503
v 0.193092 0.034413 -0.156818
v 0.232129 0.023096 -0.068470
v 0.217874 0.031648 -0.051905
v 0.211772 0.025952 -0.041054
v 0.255005 0.026411 -0.108285
v 0.250792 0.029035 -0.094675
v 0.228011 0.026824 -0.075901
v 0.217908 0.025864 -0.044481
v 0.190136 0.032428 -0.144746
v 0.193901 0.025003 -0.137515
v 0.251304 0.027928 -0.237451
v 0.270639 0.025138 -0.255412
v 0.191954 0.021214 -0.493820
v 0.192376 -0.029128 -0.493641
v 0.197796 0.017086 -0.494175
v 0.273166 -0.028928 -0.500455
v 0.273428 0.020929 -0.500350
v 0.210440 0.009177 -0.496922
v 0.219126 0.017111 -0.496432
v 0.269713 0.017321 -0.496670
v 0.215597 0.013962 -0.496922
v 0.272870 -0.050513 0.430920
v 0.273791 -0.031125 -0.269530
v 0.274191 -0.029746 0.431087
v 0.275672 -0.030136 -0.468966
v 0.271782 -0.050862 -0.468998
v 0.274450 0.020184 -0.466339
v 0.272922 -0.028736 -0.499899
v 0.269433 -0.046791 -0.465240
v 0.269776 -0.029923 -0.465491
v 0.249817 -0.034883 0.427959
v 0.313106 0.020189 -0.190829
v 0.315696 -0.027759 -0.211174
v 0.314752 -0.027466 0.453089
v 0.309607 0.020232 0.451355
v 0.273214 0.022487 0.109086
v 0.277100 0.023026 -0.130516
v 0.273459 0.021365 0.345627
v 0.267201 0.018573 0.430331
v 0.258320 0.016152 -0.124074
v 0.260144 0.018573 -0.123633
v 0.254366 0.018819 -0.133489
v 0.257055 0.018268 -0.126433
v 0.262750 0.008648 -0.125976
v 0.261769 0.018119 -0.121226
v 0.258630 0.017704 -0.130759
v 0.259289 0.016202 -0.145272
v 0.313978 0.022428 -0.209695
v 0.282398 0.023960 -0.211425
v 0.307624 -0.031090 -0.224384
v 0.294042 -0.032130 -0.239789
v 0.294638 -0.029569 -0.239810
v 0.369983 -0.040214 -0.285310
v 0.418073 -0.040764 -0.357804
v 0.415795 -0.045123 -0.376739
v 0.272382 -0.031426 -0.269427
v 0.313493 -0.034540 -0.212211
v 0.340645 0.017217 -0.347423
v 0.315975 -0.024908 -0.327692
v 0.282418 0.015128 -0.271881
v 0.309703 -0.025080 -0.319879
v 0.383230 0.008703 -0.407557
v 0.372133 -0.037670 -0.405530
v 0.314031 -0.033092 -0.327759
v 0.281216 0.023001 -0.278525
v 0.374326 -0.033662 -0.403430
v 0.325024 0.015110 -0.322423
v 0.280716 -0.028402 -0.269141
v 0.306408 0.017048 -0.296900
v 0.286215 0.016357 -0.270783
v 0.395804 0.004902 -0.407875
v 0.458593 -0.013415 -0.426943
v 0.314236 -0.029158 -0.216567
v 0.277318 -0.027640 -0.266516
v 0.335754 -0.033504 -0.347939
v 0.421071 -0.041261 -0.371146
v 0.373585 -0.037210 -0.403692
v 0.314161 -0.028244 -0.333346
v 0.274267 -0.029537 -0.467268
v 0.314257 -0.028704 -0.466727
v 0.269592 0.020302 -0.275363
v 0.274103 0.019784 -0.466129
v 0.269294 0.022102 -0.467805
v 0.274612 0.021709 -0.278116
v 0.269649 -0.025139 -0.470315
v 0.268782 0.016966 -0.470390
v 0.309771 0.016275 0.449183
v 0.310798 0.016629 -0.172838
v 0.313088 0.014855 -0.205963
v 0.312177 0.015343 -0.204123
v 0.310994 -0.025062 -0.212704
v 0.310980 0.013961 0.406274
v 0.310860 0.015824 0.399813
v 0.310430 0.016623 0.396842
v 0.425962 0.003481 -0.366429
v 0.374819 0.012425 -0.289560
v 0.326831 0.019904 -0.324043
v 0.321137 0.016130 -0.313998
v 0.323649 0.016474 -0.221031
v 0.359799 0.014497 -0.268928
v 0.374573 0.007682 -0.387445
v 0.458065 -0.011108 -0.426408
v 0.362108 -0.034765 -0.280220
v 0.419561 -0.042186 -0.367126
v 0.425519 0.004891 -0.369250
v 0.463181 -0.012941 -0.428090
v 0.295384 0.018722 -0.262112
v 0.282714 0.022287 -0.268602
v 0.292898 0.020333 -0.278426
v 0.313782 0.019874 -0.466711
v 0.311213 0.019393 -0.347979
v 0.316644 -0.031846 -0.338497
v 0.310671 -0.025030 -0.392965
v 0.310638 0.016717 -0.425213
v 0.316181 -0.023330 -0.346395
v 0.310887 0.016370 -0.347177
v 0.310642 0.015411 -0.424167
v 0.313431 -0.019411 -0.348656
v 0.412138 -0.027712 -0.419594
v 0.399074 0.007038 -0.410614
v 0.370880 -0.036505 -0.408646
v 0.466785 -0.012259 -0.432235
v 0.383381 0.009185 -0.405376
v 0.364148 0.011416 -0.374605
v 0.352117 0.014184 -0.360884
v 0.359388 0.015506 -0.368409
v 0.461370 -0.008755 -0.428400
v 0.394630 -0.041926 -0.390992
v 0.368113 -0.039579 -0.406100
v 0.425142 -0.048939 -0.371901
v 0.447402 -0.028292 -0.406894
vn 0.0419 0.3085 0.9503
vn -0.6364 0.0126 0.7713
vn 0.1390 0.1075 0.9844
vn -0.8124 0.4265 0.3976
vn 0.0384 0.0201 0.9991
vn -0.0087 -0.1382 0.9904
vn 0.0165 -0.0220 0.9996
vn 0.3812 0.5313 0.7566
vn 0.0148 0.5076 0.8615
vn -0.1539 0.7947 0.5871
vn -0.0007 -0.1962 0.9806
vn -0.0892 -0.1277 0.9878
vn -0.0138 -0.1657 0.9861
vn 0.0070 -0.0087 0.9999
vn 0.0090 0.0068 0.9999
vn -0.9947 -0.1022 0.0141
vn -0.9957 -0.0916 0.0113
vn -0.9989 -0.0454 0.0150
vn -0.9971 -0.0756 -0.0027
vn -0.9971 0.0379 -0.0664
vn -0.9960 0.0889 0.0031
vn -0.9993 0.0367 -0.0001
vn -0.4796 -0.8070 0.3446
vn -0.3521 -0.9107 0.2161
vn -0.1348 -0.9638 -0.2301
vn -0.0502 -0.9016 0.4296
vn -0.1124 -0.7363 -0.6672
vn -0.2744 -0.9580 -0.0829
vn -0.6573 -0.7534 -0.0186
vn -0.5785 -0.7600 0.2962
vn -0.4600 -0.8825 0.0976
vn 0.3833 -0.9228 0.0396
vn -0.4283 -0.9032 -0.0294
vn 0.8748 -0.4766 0.0868
vn 0.0017 -0.9994 -0.0341
vn -0.0484 -0.9987 0.0166
vn 0.3447 -0.9343 -0.0913
vn -0.2144 -0.9764 -0.0246
vn 0.3060 -0.9477 -0.0910
vn 0.1595 -0.9858 0.0523
vn -0.1365 -0.9905 0.0175
vn -0.2458 -0.9689 -0.0279
vn -0.4076 -0.9130 0.0159
vn -0.0608 -0.9973 -0.0422
vn -0.0029 -1.0000 0.0013
vn -0.0815 -0.9954 0.0503
vn -0.2340 -0.9717 0.0321
vn -0.3385 -0.9385 0.0685
vn 0.7820 -0.6160 0.0953
vn 0.7175 -0.6951 -0.0455
vn 0.6798 -0.7167 -0.1557
vn 0.8533 -0.3357 0.3991
vn 0.0561 -0.9983 0.0154
vn -0.4900 -0.8717 -0.0002
vn -0.0058 -0.9982 -0.0589
vn 0.1333 -0.9905 0.0341
vn 0.4694 -0.8822 0.0360
vn 0.0881 -0.9860 -0.1414
vn -0.0367 -0.9922 -0.1188
vn -0.1032 -0.9942 0.0303
vn 0.0614 -0.9977 0.0298
vn -0.3904 -0.8796 0.2718
vn -0.0098 -0.9999 -0.0079
vn 0.0045 -1.0000 0.0056
vn -0.0039 -1.0000 -0.0011
vn -0.0418 -0.9986 0.0323
vn 0.0045 -0.9998 -0.0195
vn 0.0145 -0.9997 -0.0193
vn 0.0107 -0.9998 0.0146
vn 0.0039 -1.0000 -0.0089
vn -0.0974 -0.9932 0.0641
vn -0.0237 -0.9964 0.0811
vn 0.0758 -0.9963 0.0411
vn -0.3110 -0.9504 0.0041
vn -0.0597 -0.9981 0.0135
vn -0.0714 -0.9974 -0.0118
vn -0.0161 -0.9979 0.0630
vn -0.1174 -0.9816 0.1508
vn 0.4611 -0.8861 0.0476
vn -0.0070 -0.9999 -0.0105
vn -0.1771 -0.9841 0.0150
vn -0.0847 -0.9919 0.0945
vn -0.0577 -0.9980 0.0242
vn -0.1124 -0.9931 0.0328
vn -0.0765 -0.9971 -0.0021
vn -0.1320 -0.9912 -0.0078
vn -0.0026 -0.9985 -0.0541
vn -0.0107 -0.9991 -0.0417
vn -0.1050 -0.9945 0.0064
vn -0.2764 -0.9571 0.0866
vn -0.1134 -0.9935 0.0116
vn -0.0278 -0.9996 -0.0024
vn -0.2486 -0.9554 -0.1594
vn -0.1000 -0.9949 0.0156
vn -0.1696 -0.9854 -0.0122
vn -0.1551 -0.9879 0.0023
vn -0.4159 -0.9093 0.0103
vn 0.1938 -0.9810 0.0080
vn 0.3435 -0.9321 -0.1147
vn 0.0519 -0.9986 0.0119
vn 0.2528 -0.9455 -0.2052
vn -0.0656 -0.9978 -0.0081
vn -0.2851 -0.9229 0.2589
vn -0.1581 -0.9874 -0.0123
vn -0.1875 -0.9823 -0.0016
vn -0.0668 -0.9977 -0.0076
vn -0.3629 -0.9090 0.2050
vn -0.0893 -0.6587 0.7471
vn -0.0077 -0.9981 -0.0618
vn -0.0097 -0.9971 0.0753
vn 0.0314 -0.9852 -0.1686
vn 0.0999 -0.9893 0.1066
vn -0.3073 -0.9360 0.1714
vn 0.7746 -0.6293 -0.0634
vn 0.7697 -0.6369 -0.0427
vn 0.5261 -0.7633 -0.3748
vn -0.9799 -0.1800 0.0858
vn -0.1133 -0.9916 -0.0620
vn 0.5082 -0.8602 -0.0415
vn 0.5724 -0.7111 -0.4084
vn -0.1932 -0.9229 0.3329
vn 0.1771 -0.9841 0.0127
vn -0.7844 0.5303 0.3218
vn 0.2655 -0.9078 -0.3246
vn -0.8593 0.5106 -0.0296
vn 0.5122 -0.8575 0.0485
vn -0.5361 -0.8367 -0.1116
vn -0.2842 -0.9521 -0.1132
vn 0.3789 -0.9062 -0.1875
vn -0.7103 -0.6863 0.1566
vn 0.4232 -0.8462 -0.3239
vn 0.3784 -0.9074 -0.1827
vn 0.4494 -0.8933 0.0046
vn 0.3307 -0.8617 -0.3849
vn 0.3006 -0.9084 -0.2906
vn 0.0533 -0.9153 -0.3993
vn 0.0368 -0.9604 -0.2760
vn -0.3551 -0.2740 -0.8938
vn -0.2588 0.3169 -0.9125
vn -0.0144 -0.9999 -0.0093
vn -0.1073 -0.9687 0.2237
vn 0.0280 -0.9806 -0.1939
vn 0.2202 -0.7217 -0.6562
vn -0.0504 -0.9984 -0.0251
vn -0.0067 -0.9999 -0.0098
vn 0.0071 -0.8816 0.4720
vn -0.0486 -0.8795 -0.4734
vn -0.0504 -0.8511 0.5225
vn -0.0459 -0.9435 -0.3282
vn 0.1805 -0.4196 0.8896
vn 0.0218 -0.9959 0.0880
vn -0.0764 -0.8721 0.4834
vn -0.0079 -0.9982 -0.0590
vn -0.0138 -0.7807 -0.6247
vn 0.0800 -0.3153 -0.9456
vn 0.0101 -0.9810 -0.1938
vn -0.0167 -0.9997 -0.0170
vn -0.0045 -0.9998 -0.0188
vn -0.1101 -0.9559 -0.2721
vn -0.1393 -0.9817 0.1302
vn -0.0446 -0.9079 -0.4167
vn -0.0254 -0.9071 -0.4201
vn 0.0216 -0.9938 -0.1093
vn 0.0933 -0.9949 0.0385
vn 0.0414 -0.9829 -0.1792
vn 0.0128 -0.9921 0.1250
vn -0.0108 -0.9314 -0.3639
vn 0.0035 -0.9999 0.0110
vn 0.0132 -0.9998 0.0135
vn 0.0258 -0.9874 0.1561
vn 0.0010 -1.0000 0.0062
vn 0.2688 -0.8701 -0.4131
vn 0.2554 -0.9287 -0.2688
vn 0.1301 -0.8138 -0.5664
vn 0.0675 -0.8787 -0.4726
vn 0.0711 -0.9060 -0.4172
vn -0.0089 -0.9999 0.0063
vn -0.0035 -0.9908 0.1350
vn -0.0344 -0.9150 0.4019
vn -0.3246 -0.9412 0.0933
vn -0.0538 -0.9930 0.1051
vn -0.1169 -0.9765 0.1812
vn 0.0179 -0.9993 0.0335
vn 0.0083 -0.9998 0.0188
vn 0.0805 -0.3985 -0.9136
vn -0.3672 -0.8236 -0.4323
vn -0.1456 -0.2901 -0.9459
vn -0.0579 -0.7153 -0.6964
vn 0.0084 -0.9956 0.0938
vn -0.0069 -0.9993 0.0367
vn 0.0483 -0.9986 0.0200
vn -0.0484 -0.9962 0.0729
vn -0.1056 -0.8421 -0.5289
vn -0.1185 -0.1019 -0.9877
vn 0.1089 -0.8902 0.4423
vn -0.0122 -0.9960 0.0882
vn -0.0800 -0.9192 -0.3856
vn -0.1065 -0.9888 -0.1044
vn -0.0140 -0.9985 0.0531
vn -0.0316 0.1186 -0.9924
vn -0.0097 -0.9998 -0.0183
vn -0.0243 -0.9972 0.0707
vn 0.1209 -0.8552 0.5039
vn 0.2319 -0.8816 0.4111
vn -0.0192 -0.9920 0.1252
vn 0.0990 -0.9441 0.3143
vn 0.0492 -0.9527 0.3001
vn -0.0338 -0.8419 0.5386
vn 0.0291 -0.9460 0.3229
vn 0.3232 0.4233 -0.8464
vn -0.0214 -0.9997 0.0108
vn -0.1715 -0.9335 -0.3149
vn 0.0003 -0.9886 0.1505
vn -0.0548 -0.9488 0.3111
vn -0.1337 -0.9581 0.2532
vn 0.0023 -0.0625 0.9980
vn -0.0448 -0.5697 0.8206
vn -0.0027 -0.9333 0.3591
vn -0.1777 -0.9770 0.1182
vn -0.0105 -0.8631 0.5050
vn 0.0067 -0.9910 0.1340
vn -0.0090 -0.5186 0.8550
vn 0.0409 -0.9828 0.1798
vn -0.3982 -0.9122 -0.0967
vn -0.2768 -0.9608 0.0168
vn -0.1888 -0.9817 0.0251
vn 0.0270 -0.8542 0.5192
vn 0.1920 -0.2135 0.9579
vn -0.1100 -0.9442 0.3103
vn -0.0704 -0.9708 0.2294
vn -0.0255 -0.8925 0.4503
vn -0.0082 -0.9926 0.1209
vn 0.0151 -0.9866 0.1625
vn 0.0382 -0.9856 -0.1645
vn 0.0611 -0.8932 0.4455
vn -0.7930 -0.6073 0.0486
vn -0.0702 -0.9932 -0.0931
vn -0.0086 -0.9346 0.3556
vn -0.0562 0.0090 -0.9984
vn 0.0391 -0.9976 -0.0567
vn -0.0168 -0.9995 -0.0269
vn -0.0451 -0.9764 0.2112
vn -0.4246 -0.8900 -0.1662
vn 0.1035 -0.8459 0.5232
vn 0.1023 -0.7417 0.6629
vn 0.0219 -0.9727 0.2309
vn -0.0441 -0.9837 0.1743
vn 0.1772 -0.9217 -0.3451
vn 0.1261 -0.9342 -0.3339
vn -0.1013 -0.9733 0.2061
vn -0.0091 -0.7767 -0.6298
vn 0.0292 -0.6141 0.7887
vn 0.1404 -0.8907 -0.4324
vn 0.1235 -0.8322 -0.5406
vn 0.0205 -0.8629 -0.5050
vn 0.0138 -0.8223 -0.5688
vn 0.0602 -0.9469 0.3157
vn -0.0810 -0.8747 0.4779
vn 0.2941 -0.9542 -0.0548
vn 0.1900 -0.6465 0.7389
vn 0.0004 -0.1680 -0.9858
vn -0.1725 -0.8117 -0.5581
vn -0.2485 -0.8522 -0.4605
vn 0.0391 -0.9880 -0.1493
vn -0.1683 -0.8946 -0.4140
vn 0.0040 -0.6749 0.7379
vn 0.0754 -0.9506 0.3012
vn -0.0201 -0.9995 0.0254
vn -0.5102 -0.8508 -0.1260
vn 0.5304 -0.8196 -0.2167
vn -0.0244 -0.9513 0.3074
vn 0.0672 -0.9847 -0.1611
vn -0.0031 -0.9930 0.1179
vn -0.0357 -0.9884 0.1475
vn 0.0554 -0.5533 0.8311
vn -0.0591 -0.9792 -0.1940
vn -0.0224 -0.9975 -0.0665
vn -0.2246 -0.9019 0.3690
vn -0.0386 -0.9399 -0.3391
vn 0.2402 -0.9071 0.3457
vn -0.1233 -0.9905 -0.0603
vn 0.2633 -0.9647 -0.0101
vn 0.0210 -0.9994 -0.0272
vn -0.3447 -0.9380 -0.0368
vn -0.1853 -0.9544 0.2339
vn -0.0803 -0.9955 0.0503
vn 0.1336 -0.9433 0.3038
vn 0.2156 -0.9353 -0.2807
vn 0.0405 -0.9789 -0.2001
vn 0.1511 -0.9829 0.1056
vn 0.6306 -0.7749 -0.0434
vn 0.6548 -0.7524 -0.0710
vn -0.0050 -0.9998 0.0179
vn 0.1372 -0.9839 -0.1144
vn -0.5326 -0.8464 -0.0021
vn 0.0617 -0.9960 -0.0639
vn 0.0990 -0.9893 -0.1068
vn 0.0531 -0.9973 0.0510
vn -0.1924 -0.9781 0.0792
vn 0.1063 -0.9896 -0.0969
vn 0.2511 -0.9678 -0.0160
vn 0.1035 -0.9946 0.0081
vn -0.0002 -1.0000 -0.0041
vn 0.2697 -0.9547 0.1255
vn 0.0199 -0.9989 0.0416
vn 0.7240 -0.6882 -0.0465
vn 0.5070 -0.8447 0.1717
vn 0.4636 -0.8794 0.1088
vn 0.0754 -0.9848 0.1568
vn -0.3065 -0.8001 -0.5157
vn 0.6595 -0.7381 -0.1426
vn -0.6334 -0.7733 -0.0304
vn 0.4302 -0.8806 0.1988
vn -0.1936 -0.9726 0.1288
vn -0.0817 -0.9935 -0.0790
vn 0.9337 0.3083 -0.1823
vn -0.2557 -0.9126 0.3191
vn 0.7639 -0.4216 0.4885
vn -0.0149 -0.9983 0.0568
vn -0.3179 -0.9344 -0.1609
vn 0.0345 -0.9958 0.0843
vn -0.0719 -0.9972 0.0225
vn 0.0049 -0.9998 -0.0198
vn -0.0096 -0.9980 -0.0624
vn 0.4664 -0.8844 0.0194
vn 0.1356 -0.9834 0.1209
vn 0.0606 -0.9978 0.0258
vn -0.4823 -0.8734 0.0670
vn 0.3232 -0.9423 0.0869
vn 0.2552 -0.9562 -0.1432
vn -0.1295 -0.9655 -0.2259
vn 0.0222 -0.9992 -0.0333
vn 0.0546 -0.9908 -0.1237
vn 0.1844 -0.9502 -0.2512
vn 0.0836 -0.9965 -0.0030
vn -0.1755 -0.9832 -0.0501
vn -0.1317 -0.9862 -0.1007
vn 0.1330 -0.9901 0.0442
vn 0.0307 -0.9995 -0.0085
vn 0.0179 -0.9991 0.0388
vn 0.1196 -0.9548 0.2722
vn 0.0400 -0.9992 0.0094
vn -0.4737 -0.8710 0.1303
vn 0.0004 -1.0000 -0.0001
vn -0.0396 -0.9992 -0.0110
vn -0.0533 -0.9984 -0.0195
vn -0.0508 -0.9969 0.0601
vn 0.0569 -0.9982 0.0177
vn 0.0004 -1.0000 -0.0006
vn 0.0108 -0.9999 -0.0023
vn 0.0422 -0.9815 -0.1865
vn 0.0597 -0.9968 -0.0527
vn 0.0684 -0.9975 0.0191
vn -0.0603 -0.9980 0.0167
vn 0.0880 -0.9360 -0.3407
vn -0.4721 -0.8655 0.1675
vn 0.0456 -0.9958 -0.0788
vn -0.1241 -0.9922 -0.0079
vn -0.1808 -0.9729 -0.1439
vn 0.2252 -0.9600 -0.1664
vn -0.0461 -0.9983 -0.0348
vn 0.9876 -0.0622 0.1439
vn 0.4005 -0.9014 -0.1643
vn 0.4507 -0.8866 -0.1040
vn 0.0084 -0.9999 -0.0100
vn 0.4664 -0.8533 0.2332
vn 0.0238 -0.9995 0.0228
vn -0.1191 -0.9813 0.1513
vn 0.0548 -0.9950 0.0835
vn -0.1193 -0.9490 0.2919
vn 0.0609 -0.9980 -0.0154
vn 0.0085 -0.9999 0.0059
vn 0.0427 -0.9991 0.0015
vn 0.0736 -0.9972 0.0088
vn 0.0533 -0.9982 0.0288
vn 0.0637 -0.9976 0.0267
vn -0.0059 -1.0000 0.0070
vn 0.0578 -0.9981 -0.0196
vn 0.0055 -1.0000 -0.0021
vn 0.1176 -0.9922 -0.0421
vn 0.5525 -0.7528 -0.3578
vn 0.4672 -0.7864 -0.4041
vn -0.3931 -0.9139 -0.1010
vn -0.1961 -0.9738 0.1154
vn 0.0083 -0.9924 0.1231
vn 0.4740 -0.8188 0.3239
vn 0.3658 -0.9155 0.1676
vn 0.0001 -0.9999 -0.0125
vn -0.0004 -1.0000 0.0018
vn 0.0524 -0.9985 -0.0132
vn 0.0674 -0.9977 -0.0101
vn 0.0042 -1.0000 0.0059
vn 0.1027 -0.9919 -0.0744
vn 0.0538 -0.9985 0.0082
vn 0.0684 -0.9977 0.0007
vn -0.0488 -0.9987 0.0113
vn 0.0849 -0.9954 0.0446
vn -0.2208 -0.9753 0.0050
vn 0.4745 -0.8802 0.0100
vn -0.0314 -0.9982 0.0514
vn 0.0038 -1.0000 0.0028
vn -0.1717 -0.9851 0.0009
vn 0.9639 -0.1702 -0.2049
vn 0.0758 -0.9929 0.0913
vn 0.2438 -0.9651 0.0957
vn 0.0323 -0.9995 0.0032
vn 0.0095 -0.9992 -0.0379
vn 0.0006 -1.0000 0.0007
vn 0.0009 -1.0000 0.0004
vn 0.1194 -0.9923 -0.0338
vn 0.1843 -0.9691 -0.1637
vn 0.0137 -0.9999 -0.0069
vn -0.2676 -0.9547 -0.1302
vn 0.7858 -0.5806 -0.2129
vn -0.3560 -0.9345 -0.0022
vn -0.3295 -0.9329 0.1457
vn 0.3202 -0.7928 0.5186
vn 0.0579 -0.9290 0.3655
vn -0.1013 -0.9908 0.0898
vn 0.1356 -0.9896 0.0486
vn 0.0425 -0.9979 -0.0485
vn 0.3195 -0.9469 0.0368
vn 0.2015 -0.9794 -0.0127
vn 0.8461 -0.3162 0.4291
vn 0.7700 -0.5477 0.3273
vn 0.6223 -0.7604 0.1859
vn -0.2639 -0.9638 0.0371
vn -0.1904 0.9793 -0.0689
vn 0.0491 -0.9988 -0.0039
vn -0.4252 -0.8845 0.1919
vn -0.0118 -0.9999 -0.0038
vn -0.0282 -0.9995 -0.0116
vn 0.0778 0.9884 -0.1304
vn -0.0388 -0.9973 0.0625
vn -0.5868 -0.7552 0.2919
vn 0.6206 -0.6835 -0.3844
vn 0.6751 -0.5305 0.5127
vn 0.3884 -0.9215 0.0087
vn 0.6089 -0.7825 -0.1299
vn 0.6881 -0.6824 -0.2468
vn 0.6145 -0.6546 0.4403
vn 0.1059 -0.9862 0.1274
vn 0.1783 -0.9576 0.2263
vn 0.1363 -0.9019 0.4099
vn 0.2530 -0.9492 -0.1873
vn -0.5894 -0.8060 -0.0546
vn 0.2037 -0.9776 0.0537
vn 0.2181 -0.9518 -0.2155
vn 0.5293 0.8439 -0.0874
vn 0.6866 -0.2783 -0.6717
vn 0.7976 -0.4737 -0.3735
vn -0.0107 -0.0296 -0.9995
vn 0.9997 -0.0248 -0.0007
vn 0.9999 -0.0106 -0.0012
vn 0.9999 0.0106 0.0012
vn 0.9999 -0.0005 0.0115
vn 0.9950 0.0156 0.0991
vn 0.8745 -0.0519 -0.4823
vn 0.9956 0.0497 -0.0792
vn 0.9950 -0.0967 -0.0244
vn 0.9910 -0.0767 -0.1096
vn 0.9918 0.1267 0.0140
vn 0.0040 1.0000 -0.0006
vn 0.0008 1.0000 0.0004
vn -0.0004 1.0000 0.0009
vn -0.0000 1.0000 0.0002
vn 0.0001 1.0000 -0.0002
vn -0.0003 1.0000 0.0007
vn 0.0022 1.0000 0.0015
vn 0.0001 0.9999 -0.0100
vn 0.0001 1.0000 -0.0003
vn -0.1991 0.9774 0.0709
vn -0.5809 0.8121 0.0557
vn 0.0312 0.9985 -0.0446
vn 0.0537 0.9985 0.0072
vn 0.0011 0.9993 0.0368
vn -0.0403 0.9991 0.0149
vn -0.0704 0.9974 0.0183
vn -0.2516 0.9487 0.1913
vn 0.3748 0.9264 0.0362
vn -0.9171 0.3981 -0.0226
vn -0.0265 0.9813 0.1905
vn -0.1008 0.9948 -0.0112
vn -0.0179 0.9996 -0.0220
vn -0.0109 0.9999 -0.0106
vn -0.6054 0.7958 0.0146
vn 0.5042 0.8635 -0.0122
vn -0.9535 0.2405 0.1818
vn -0.6365 0.7582 -0.1415
vn -0.9244 0.3812 -0.0095
vn -0.0358 0.9992 0.0185
vn -0.6527 0.7472 -0.1253
vn -0.2376 0.9414 -0.2396
vn -0.9761 0.1502 -0.1574
vn -0.1704 0.9838 -0.0551
vn -0.0026 0.9991 -0.0432
vn 0.1953 0.9804 0.0266
vn 0.0690 0.9889 -0.1314
vn -0.1100 0.9585 -0.2629
vn 0.1077 0.9640 -0.2431
vn 0.2109 0.9707 -0.1150
vn -0.2518 0.9521 0.1735
vn -0.9717 0.1577 0.1758
vn -0.1920 0.9722 0.1338
vn -0.1877 0.9819 -0.0234
vn -0.0927 0.9945 -0.0481
vn -0.1698 0.9823 0.0796
vn -0.2068 0.9783 0.0103
vn -0.0325 0.9994 -0.0102
vn 0.1351 0.9864 0.0936
vn -0.8223 0.4355 -0.3662
vn -0.8022 0.4732 -0.3640
vn -0.8374 0.4907 -0.2410
vn 0.1490 0.9888 0.0132
vn -0.2917 0.9131 -0.2850
vn 0.8529 0.4812 -0.2026
vn 0.8219 0.5505 -0.1465
vn 0.8430 0.5324 -0.0769
vn 0.3019 0.8827 0.3601
vn 0.1300 0.9407 0.3132
vn 0.0212 0.8567 0.5154
vn -0.1986 0.8766 0.4384
vn -0.8400 0.5310 0.1113
vn -0.2570 0.9599 0.1122
vn 0.5109 0.8597 -0.0038
vn -0.9645 -0.0833 0.2508
vn -0.6325 0.7725 0.0569
vn 0.0390 0.9790 0.2000
vn 0.0071 0.9917 0.1282
vn -0.0819 0.9769 0.1974
vn -0.4401 0.8970 0.0414
vn -0.3420 0.9336 -0.1066
vn -0.1307 0.9901 -0.0506
vn -0.1825 0.9825 -0.0383
vn -0.4474 0.8925 -0.0573
vn 0.5661 0.8235 -0.0376
vn 0.4879 0.8728 0.0074
vn -0.0027 0.9937 0.1118
vn -0.1246 0.9890 0.0792
vn 0.0842 0.9804 0.1779
vn 0.1796 0.9837 0.0132
vn 0.5509 0.8286 0.0994
vn -0.0912 0.9956 -0.0205
vn 0.0073 0.9996 0.0281
vn -0.2395 0.9708 -0.0170
vn -0.0706 0.9425 0.3268
vn -0.2540 0.9642 -0.0768
vn -0.1586 0.9873 0.0085
vn -0.3312 0.9429 -0.0344
vn 0.1697 0.9854 -0.0140
vn -0.4279 0.9017 0.0623
vn -0.6960 0.6810 0.2277
vn -0.7928 0.6048 -0.0750
vn -0.5953 0.8020 -0.0480
vn -0.8215 0.0235 -0.5698
vn -0.6609 -0.7375 -0.1387
vn 0.0341 0.9987 -0.0386
vn 0.1682 0.9828 -0.0763
vn -0.4863 0.8732 0.0323
vn -0.9070 0.4004 -0.1308
vn 0.1332 0.9884 -0.0728
vn 0.1025 0.9482 -0.3007
vn 0.1076 0.9942 0.0004
vn 0.0910 0.9957 -0.0180
vn -0.5080 0.8607 -0.0339
vn 0.2044 0.9789 0.0057
vn -0.0332 0.9993 0.0143
vn 0.1462 0.9893 0.0031
vn -0.0871 0.9957 0.0327
vn 0.0308 0.9994 0.0154
vn -0.5118 0.8533 -0.1000
vn -0.3045 0.9448 -0.1208
vn 0.1451 0.9893 -0.0162
vn -0.0760 0.9969 0.0190
vn -0.5813 0.8133 -0.0264
vn -0.1947 0.9796 0.0503
vn 0.1250 0.9881 -0.0893
vn 0.1017 0.9934 -0.0524
vn -0.1839 0.9809 0.0635
vn -0.1462 0.9764 -0.1589
vn 0.3641 0.9249 0.1099
vn 0.0875 0.9956 0.0332
vn 0.4055 0.8884 -0.2153
vn 0.3965 0.9145 -0.0806
vn -0.6827 0.7270 -0.0732
vn -0.1058 0.9944 0.0047
vn 0.3544 0.9306 -0.0910
vn -0.0110 0.9989 -0.0449
vn -0.1622 0.9848 0.0623
vn 0.8103 0.5669 0.1485
vn -0.6720 0.7311 -0.1177
vn -0.1236 0.9923 0.0089
vn 0.5602 0.8149 -0.1488
vn -0.9171 0.3961 0.0441
vn -0.5320 0.8297 -0.1689
vn -0.1355 0.9904 0.0278
vn 0.0426 0.9858 -0.1626
vn 0.1639 0.9847 -0.0594
vn -0.0764 0.9958 0.0511
vn 0.1469 0.9698 -0.1946
vn -0.0173 0.9982 -0.0572
vn 0.8511 -0.2589 -0.4568
vn 0.6589 0.7498 -0.0600
vn 0.7263 0.6667 0.1670
vn -0.1067 0.9933 0.0439
vn -0.4172 0.9025 -0.1070
vn 0.6162 0.7861 0.0473
vn 0.1948 0.9784 -0.0691
vn -0.0711 0.9629 0.2602
vn -0.3210 0.9352 0.1495
vn -0.2299 0.9732 -0.0073
vn 0.7397 0.6644 -0.1067
vn 0.0657 0.9891 0.1319
vn 0.2805 0.9540 0.1058
vn -0.4108 0.6489 -0.6404
vn -0.1896 0.9811 -0.0385
vn -0.1243 0.9921 0.0161
vn -0.2397 0.9708 -0.0052
vn -0.6424 0.7640 0.0595
vn -0.6881 0.7254 0.0168
vn 0.7907 0.6120 0.0126
vn 0.6588 0.7523 0.0028
vn 0.9969 0.0265 0.0737
vn -0.6681 -0.7434 -0.0313
vn -0.3702 0.9276 -0.0505
vn 0.2960 0.9397 0.1715
vn 0.0472 0.9983 0.0348
vn 0.0851 0.9366 -0.3399
vn -0.1694 0.9838 -0.0592
vn -0.7972 0.1851 0.5746
vn -0.3424 0.9334 0.1069
vn -0.2359 0.9683 0.0828
vn -0.8755 0.4576 0.1555
vn -0.7032 0.7106 0.0236
vn -0.5015 0.8613 0.0811
vn 0.3357 0.9008 0.2755
vn -0.4275 0.9017 0.0641
vn -0.5918 0.8048 -0.0461
vn -0.3381 0.9120 -0.2322
vn 0.0289 0.9975 -0.0641
vn -0.3133 0.9393 0.1397
vn -0.0183 0.9998 -0.0059
vn -0.1846 0.9776 0.1011
vn -0.1645 0.7135 -0.6811
vn 0.0122 0.9968 -0.0795
vn 0.0014 1.0000 0.0033
vn -0.1438 0.9894 -0.0218
vn -0.0085 0.9967 0.0802
vn 0.2133 0.9763 0.0365
vn -0.4738 0.8780 -0.0686
vn 0.0929 0.9925 0.0796
vn -0.0386 0.9971 0.0662
vn 0.6020 0.6942 0.3945
vn 0.6077 0.6944 0.3854
vn 0.6020 0.6835 0.4128
vn 0.9656 0.2335 0.1146
vn 0.1053 0.9931 0.0515
vn -0.0494 0.9981 -0.0373
vn -0.0346 0.9993 0.0153
vn -0.9829 0.1004 -0.1541
vn -0.5042 0.8593 -0.0857
vn 0.0373 0.9815 0.1878
vn 0.9952 0.0980 -0.0068
vn -0.8377 0.5458 0.0175
vn -0.9006 0.4324 0.0438
vn -0.9664 0.2569 0.0067
vn 0.0093 0.9822 -0.1877
vn -0.2670 0.9623 -0.0508
vn -0.5891 0.8063 0.0533
vn -0.0193 0.9876 0.1561
vn 0.0287 0.7788 -0.6266
vn -0.0460 0.9986 -0.0258
vn 0.0438 0.9785 -0.2014
vn 0.0012 0.9993 0.0371
vn -0.0602 0.9788 0.1959
vn 0.0289 0.9678 0.2499
vn -0.1376 0.9840 0.1136
vn -0.0347 0.9892 0.1426
vn 0.0135 0.9853 0.1705
vn -0.0252 0.9747 0.2219
vn 0.0028 1.0000 -0.0034
vn 0.0029 1.0000 -0.0091
vn -0.0127 0.9999 -0.0043
vn 0.0001 1.0000 0.0004
vn 0.0005 1.0000 -0.0000
vn 0.0024 1.0000 -0.0003
vn 0.0003 1.0000 -0.0002
vn 0.0013 1.0000 -0.0002
vn 0.0004 1.0000 0.0001
vn -0.0004 1.0000 -0.0002
vn -0.1093 0.9474 -0.3007
vn -0.0002 1.0000 0.0004
vn -0.0003 1.0000 -0.0000
vn -0.0333 0.2449 0.9690
vn -0.0106 0.9166 0.3997
vn -0.0127 0.9157 0.4016
vn -0.0008 1.0000 -0.0006
vn -0.0010 1.0000 -0.0001
vn -0.0018 1.0000 -0.0003
vn -0.0009 1.0000 0.0015
vn 0.0003 1.0000 -0.0001
vn -0.0000 1.0000 -0.0008
vn -0.0015 1.0000 -0.0009
vn -0.0006 1.0000 -0.0014
vn -0.0004 1.0000 -0.0056
vn -0.0708 0.9954 -0.0639
vn 0.0007 1.0000 0.0011
vn -0.0669 0.9975 -0.0239
vn -0.1732 0.9849 0.0062
vn 0.0001 1.0000 -0.0000
vn -0.1633 0.9863 0.0227
vn -0.0005 1.0000 -0.0000
vn -0.0015 1.0000 0.0001
vn -0.0047 1.0000 0.0001
vn -0.1881 0.9606 0.2046
vn -0.0000 1.0000 0.0018
vn 0.1021 0.9941 0.0372
vn 0.0380 0.9992 0.0100
vn 0.0095 0.9999 0.0046
vn -0.0005 1.0000 0.0003
vn -0.0291 0.9995 -0.0109
vn -0.0003 1.0000 -0.0010
vn 0.0006 1.0000 0.0055
vn -0.0107 0.9999 0.0085
vn 0.0317 0.9993 0.0211
vn -0.1071 0.9941 -0.0142
vn -0.7051 0.2245 0.6727
vn -0.0078 0.9998 -0.0186
vn -0.0798 0.9902 0.1151
vn 0.0200 0.9996 -0.0177
vn 0.0787 0.9959 0.0456
vn 0.0635 0.9970 0.0446
vn -0.0629 0.9968 0.0494
vn -0.0348 0.9993 -0.0165
vn -0.3670 0.9280 -0.0634
vn -0.2440 0.9689 0.0401
vn 0.0017 1.0000 -0.0007
vn -0.0023 1.0000 -0.0019
vn -0.0155 0.9998 -0.0124
vn -0.0014 1.0000 -0.0005
vn -0.0132 0.9999 -0.0081
vn -0.0414 0.9974 -0.0588
vn -0.1115 0.9936 0.0150
vn -0.0166 0.9982 0.0579
vn 0.1285 0.9702 0.2055
vn -0.0013 1.0000 0.0081
vn -0.0710 0.9882 -0.1356
vn -0.9077 0.3766 0.1851
vn -0.4369 0.8948 0.0919
vn -0.0170 0.9997 -0.0174
vn -0.0049 0.9980 -0.0632
vn 0.0508 0.9987 0.0031
vn -0.0023 1.0000 0.0090
vn -0.0062 1.0000 -0.0013
vn 0.6637 0.6755 0.3213
vn -0.0624 0.9980 0.0019
vn -0.2202 0.9744 -0.0460
vn -0.1105 0.9930 -0.0409
vn 0.0606 0.9960 0.0655
vn -0.2602 0.9633 -0.0654
vn -0.1021 0.9943 -0.0314
vn 0.0460 0.9952 -0.0861
vn -0.0228 0.9993 -0.0297
vn -0.3424 0.8898 -0.3019
vn -0.3136 0.9404 -0.1315
vn -0.3893 0.8777 -0.2793
vn -0.0360 0.9993 0.0098
vn -0.1183 0.9905 0.0696
vn 0.0184 0.9996 -0.0192
vn -0.0000 1.0000 -0.0002
vn -0.0042 0.9946 -0.1037
vn -0.0041 0.9946 -0.1036
vn -0.0041 0.9946 -0.1037
vn 0.1334 0.9730 0.1882
vn -0.0351 0.9982 -0.0483
vn -0.0722 0.9971 -0.0249
vn 0.0369 0.9982 0.0483
vn -0.0366 0.9983 0.0451
vn -0.0248 0.9825 0.1847
vn 0.0113 0.9991 0.0400
vn 0.0045 1.0000 -0.0035
vn -0.0075 1.0000 0.0003
vn -0.0003 1.0000 0.0003
vn 0.0004 1.0000 -0.0001
vn -0.0004 1.0000 0.0002
vn -0.0004 1.0000 -0.0011
vn 0.0002 1.0000 -0.0005
vn -0.0009 1.0000 -0.0007
vn 0.0003 1.0000 -0.0009
vn 0.0010 1.0000 -0.0014
vn -0.0123 0.9995 0.0297
vn -0.0015 1.0000 -0.0004
vn 0.4224 0.8665 0.2661
vn -0.1844 0.9711 -0.1518
vn 0.0470 0.9623 -0.2680
vn 0.0322 0.9762 -0.2144
vn 0.0053 0.4051 -0.9143
vn 0.0035 1.0000 -0.0062
vn -0.2811 0.8124 0.5108
vn 0.0201 0.9778 0.2084
vn 0.0180 0.9986 0.0506
vn -0.0305 0.9991 -0.0311
vn 0.0085 0.9997 -0.0243
vn -0.0003 1.0000 -0.0008
vn -0.0013 1.0000 -0.0010
vn 0.0001 1.0000 -0.0021
vn -0.0092 0.9999 -0.0046
vn -0.0139 0.9997 -0.0201
vn 0.0005 1.0000 -0.0007
vn -0.0001 1.0000 -0.0000
vn -0.0005 1.0000 -0.0003
vn -0.0009 1.0000 -0.0005
vn -0.0022 1.0000 -0.0008
vn -0.0004 1.0000 -0.0040
vn -0.0003 1.0000 -0.0001
vn -0.0008 1.0000 -0.0003
vn -0.0002 1.0000 -0.0003
vn 0.0006 1.0000 -0.0005
vn 0.0002 1.0000 -0.0001
vn -0.0005 1.0000 0.0004
vn 0.0006 1.0000 -0.0001
vn -0.0003 1.0000 -0.0005
vn 0.0004 1.0000 -0.0000
vn 0.0007 1.0000 -0.0003
vn 0.0019 1.0000 0.0007
vn -0.0013 1.0000 0.0010
vn -0.0007 1.0000 -0.0015
vn 0.0016 1.0000 -0.0031
vn 0.0002 1.0000 -0.0002
vn 0.0008 1.0000 0.0022
vn -0.0000 1.0000 0.0001
vn 0.0009 1.0000 0.0048
vn -0.0005 1.0000 0.0016
vn -0.0023 1.0000 0.0026
vn -0.0016 1.0000 0.0016
vn -0.0024 1.0000 0.0029
vn 0.0002 1.0000 0.0003
vn 0.0005 1.0000 0.0012
vn 0.0007 1.0000 0.0003
vn 0.0004 1.0000 0.0005
vn -0.0009 1.0000 0.0005
vn -0.0025 1.0000 -0.0021
vn -0.0006 1.0000 -0.0002
vn -0.0005 1.0000 -0.0004
vn -0.0002 1.0000 0.0002
vn -0.0004 1.0000 0.0001
vn -0.0002 1.0000 0.0001
vn 0.0094 1.0000 -0.0009
vn -0.0001 1.0000 0.0001
vn -0.0000 1.0000 0.0006
vn 0.0002 1.0000 -0.0000
vn 0.0001 1.0000 -0.0001
vn 0.0016 1.0000 -0.0028
vn 0.0030 0.9999 0.0101
vn 0.0031 1.0000 0.0044
vn -0.0074 0.9997 0.0225
vn 0.0130 0.9998 0.0117
vn 0.2918 0.9563 -0.0175
vn 0.6101 0.7473 0.2632
vn -0.1137 0.8144 0.5691
vn 0.0339 -0.2890 0.9567
vn -0.0873 0.9926 -0.0840
vn 0.3922 0.8844 0.2529
vn 0.0739 0.9969 0.0279
vn -0.0006 0.9997 -0.0240
vn 0.0118 0.9993 0.0348
vn 0.0127 0.9993 0.0357
vn 0.0535 0.9972 0.0530
vn -0.0029 0.9992 -0.0407
vn 0.0184 0.9998 -0.0091
vn -0.0785 0.9520 0.2958
vn -0.2023 0.9323 0.2999
vn 0.4593 0.8835 -0.0923
vn -0.0993 0.9949 0.0169
vn -0.0242 0.9973 -0.0695
vn -0.0257 0.9982 -0.0534
vn 0.0458 0.9820 -0.1831
vn -0.0600 0.9971 -0.0479
vn -0.1018 0.9946 0.0209
vn -0.0040 0.9999 -0.0115
vn -0.2655 0.9625 -0.0551
vn -0.2513 0.9543 -0.1617
vn -0.6447 0.7558 0.1149
vn 0.0911 -0.9918 0.0891
vn -0.5495 0.8111 0.2006
vn -0.0142 0.9990 -0.0413
vn -0.0369 0.9828 -0.1810
vn -0.0047 0.9979 0.0648
vn -0.1075 0.2786 0.9544
vn 0.0234 0.9935 0.1114
vn -0.2071 0.7660 0.6086
vn -0.3380 0.9064 0.2532
vn -0.2337 0.9667 -0.1046
vn -0.0589 0.9977 0.0334
vn -0.0466 0.9987 0.0203
vn -0.0241 0.9982 -0.0543
vn 0.0426 0.9951 -0.0887
vn 0.0283 0.9986 -0.0444
vn 0.0019 1.0000 -0.0000
vn -0.0004 1.0000 0.0007
vn -0.0039 1.0000 0.0012
vn -0.0018 1.0000 0.0010
vn -0.0001 1.0000 -0.0003
vn -0.0002 1.0000 -0.0009
vn -0.0004 1.0000 0.0041
vn -0.0046 1.0000 -0.0029
vn -0.0001 1.0000 -0.0009
vn 0.0013 1.0000 -0.0004
vn -0.0002 1.0000 -0.0006
vn 0.0002 1.0000 0.0004
vn -0.0007 1.0000 -0.0002
vn 0.0003 1.0000 -0.0005
vn 0.0011 1.0000 0.0035
vn -0.0001 1.0000 -0.0002
vn -0.0000 1.0000 -0.0001
vn 0.0003 1.0000 0.0004
vn 0.0009 1.0000 -0.0012
vn 0.0005 1.0000 -0.0004
vn 0.0022 1.0000 -0.0011
vn 0.0006 1.0000 -0.0006
vn -0.0002 1.0000 -0.0001
vn 0.0003 1.0000 0.0001
vn 0.0024 1.0000 -0.0014
vn 0.0011 1.0000 0.0003
vn -0.0002 1.0000 -0.0002
vn 0.0014 1.0000 -0.0007
vn 0.0002 1.0000 -0.0003
vn -0.0000 1.0000 -0.0004
vn -0.0008 1.0000 -0.0014
vn 0.0004 1.0000 0.0004
vn 0.0005 1.0000 0.0001
vn -0.0124 0.9962 -0.0857
vn -0.0973 0.9617 -0.2562
vn -0.0722 0.9938 -0.0841
vn -0.0674 0.9579 0.2790
vn -0.0187 0.9985 -0.0521
vn -0.0260 0.9949 -0.0970
vn -0.0601 0.9339 -0.3524
vn 0.0319 0.9987 -0.0403
vn 0.0289 0.9906 0.1340
vn 0.0340 0.9917 0.1236
vn 0.0068 0.9995 0.0302
vn 0.0375 0.9984 0.0424
vn -0.0101 0.9999 0.0016
vn 0.0071 1.0000 -0.0053
vn 0.0836 0.9840 0.1576
vn 0.0061 0.9997 -0.0247
vn 0.0003 1.0000 -0.0004
vn -0.0083 0.9999 -0.0112
vn -0.0021 1.0000 -0.0015
vn 0.0034 0.9996 -0.0275
vn -0.0002 1.0000 -0.0000
vn -0.0001 1.0000 0.0004
vn -0.0000 1.0000 -0.0000
vn -0.0002 1.0000 0.0009
vn 0.0007 1.0000 0.0004
vn 0.0003 1.0000 0.0002
vn -0.0021 1.0000 0.0023
vn -0.0001 1.0000 -0.0001
vn -0.0003 1.0000 -0.0002
vn 0.0006 1.0000 0.0005
vn 0.0006 1.0000 -0.0021
vn -0.0005 1.0000 0.0006
vn 0.0013 1.0000 0.0001
vn 0.0007 1.0000 0.0009
vn 0.0001 1.0000 0.0001
vn -0.0016 1.0000 0.0007
vn -0.0001 1.0000 0.0002
vn -0.0001 1.0000 0.0003
vn 0.0003 1.0000 -0.0003
vn 0.0132 0.9999 -0.0085
vn 0.0158 0.9998 -0.0145
vn -0.2446 0.9627 -0.1152
vn -0.0005 1.0000 -0.0008
vn 0.0123 0.9999 -0.0066
vn -0.4945 0.6611 -0.5642
vn 0.0676 0.9934 -0.0922
vn 0.2312 0.9506 -0.2072
vn 0.0061 0.9999 -0.0143
vn 0.0009 1.0000 -0.0002
vn -0.3303 0.7447 -0.5799
vn 0.0236 0.9926 -0.1192
vn 0.0222 0.9997 0.0046
vn 0.0009 1.0000 0.0005
vn 0.0019 1.0000 0.0016
vn 0.0528 0.9980 0.0361
vn 0.0270 0.9996 0.0007
vn 0.0020 1.0000 0.0034
vn 0.0030 0.9999 -0.0102
vn -0.0177 0.9997 -0.0137
vn 0.2501 0.9677 -0.0305
vn 0.0129 0.9998 0.0167
vn -0.0957 0.9954 -0.0037
vn -0.0183 0.9805 0.1954
vn -0.0034 0.9994 0.0343
vn -0.0022 0.9998 0.0186
vn -0.0017 0.9999 0.0135
vn 0.0181 0.9893 0.1446
vn 0.0163 0.9707 0.2397
vn 0.0482 0.9890 0.1401
vn 0.1906 0.9802 0.0533
vn 0.2049 0.9328 0.2964
vn 0.0254 0.9979 0.0603
vn -0.3596 -0.2059 0.9101
vn -0.2410 0.9641 0.1114
vn -0.1673 0.4105 0.8964
vn -0.6974 0.4249 0.5772
vn -0.7097 0.3302 0.6224
vn -0.6652 0.3072 0.6806
vn 0.0277 0.9965 -0.0786
vn 0.0675 0.9769 -0.2027
vn 0.2073 0.9714 -0.1155
vn 0.1621 0.7435 -0.6488
vn 0.0375 0.9871 0.1558
vn 0.1408 0.8522 -0.5038
vn -0.2119 0.9553 -0.2062
vn -0.0079 1.0000 -0.0052
vn -0.3815 0.9244 0.0023
vn 0.7602 0.2885 -0.5821
vn -0.1976 0.9798 -0.0315
vn 0.1880 0.9822 0.0039
vn 0.0391 0.9991 -0.0181
vn 0.0119 0.9974 0.0713
vn 0.0163 0.9965 0.0819
vn -0.0057 1.0000 0.0054
vn 0.0002 1.0000 0.0013
vn -0.0036 1.0000 -0.0000
vn 0.0144 0.9995 0.0278
vn -0.0718 0.9791 0.1902
vn 0.0333 0.9994 -0.0100
vn -0.0004 1.0000 -0.0064
vn 0.0385 0.9962 -0.0786
vn 0.1357 0.9907 -0.0138
vn 0.0080 0.9999 0.0142
vn -0.0158 0.9999 0.0057
vn -0.0293 0.9989 0.0359
vn -0.0524 0.9978 -0.0416
vn 0.1335 0.9806 0.1434
vn -0.1029 0.9911 0.0838
vn 0.0079 0.9992 0.0401
vn -0.0286 0.9981 -0.0550
vn 0.1359 0.9710 -0.1967
vn 0.2789 0.6921 0.6657
vn -0.0792 0.6682 0.7398
vn 0.0206 0.9975 -0.0673
vn -0.0275 0.9961 -0.0844
vn -0.0062 0.9988 0.0482
vn 0.0034 0.9999 0.0136
vn -0.0003 1.0000 -0.0007
vn -0.0000 1.0000 -0.0003
vn -0.0006 1.0000 -0.0009
vn 0.0003 1.0000 -0.0010
vn 0.0002 1.0000 -0.0007
vn 0.0002 1.0000 -0.0006
vn 0.0008 1.0000 0.0011
vn 0.0011 1.0000 0.0002
vn 0.0008 1.0000 -0.0007
vn -0.0002 1.0000 -0.0005
vn -0.0006 1.0000 -0.0010
vn -0.0002 1.0000 -0.0012
vn -0.0003 1.0000 0.0002
vn 0.0008 1.0000 -0.0003
vn 0.0005 1.0000 -0.0001
vn -0.0000 1.0000 -0.0006
vn -0.0001 1.0000 -0.0012
vn 0.0003 1.0000 0.0044
vn -0.0004 1.0000 -0.0005
vn -0.0004 1.0000 -0.0001
vn -0.0008 1.0000 -0.0016
vn -0.0003 1.0000 -0.0015
vn -0.0005 1.0000 0.0026
vn -0.0002 1.0000 -0.0020
vn -0.0508 0.9965 -0.0663
vn -0.0506 0.9966 -0.0651
vn -0.0106 0.9992 -0.0382
vn -0.0702 0.9574 0.2802
vn 0.0512 0.9945 -0.0909
vn -0.1404 0.9374 0.3186
vn -0.2317 0.8833 0.4076
vn -0.3294 0.6272 0.7058
vn 0.0573 0.9938 0.0950
vn -0.0352 0.9975 0.0619
vn -0.0207 0.9998 -0.0056
vn -0.0101 0.9999 0.0056
vn -0.0234 0.9997 -0.0063
vn -0.0072 0.9999 -0.0116
vn 0.0008 1.0000 -0.0031
vn 0.0003 1.0000 -0.0000
vn 0.0001 1.0000 -0.0004
vn 0.0002 1.0000 -0.0016
vn -0.0044 1.0000 0.0007
vn -0.0006 1.0000 -0.0015
vn 0.0086 0.9974 0.0720
vn -0.0037 1.0000 0.0031
vn -0.0054 1.0000 0.0045
vn -0.0003 1.0000 0.0005
vn 0.0006 1.0000 -0.0011
vn 0.0041 1.0000 -0.0003
vn 0.0028 1.0000 0.0009
vn 0.0054 1.0000 -0.0078
vn -0.0143 0.9998 -0.0123
vn -0.0201 0.9998 0.0059
vn 0.0010 1.0000 -0.0013
vn 0.0051 1.0000 -0.0046
vn -0.4209 0.8248 0.3777
vn -0.0734 0.9960 0.0503
vn -0.0197 0.9275 0.3732
vn -0.4158 -0.4210 -0.8062
vn 0.3451 0.8675 -0.3582
vn 0.0919 0.9921 0.0850
vn 0.0643 0.9949 0.0782
vn 0.1718 0.9686 0.1799
vn -0.0320 0.9979 0.0555
vn 0.0073 1.0000 0.0004
vn -0.0170 0.9998 0.0074
vn -0.0159 0.9975 0.0696
vn -0.1186 0.9912 0.0584
vn 0.3454 0.9214 0.1780
vn -0.0329 0.6541 0.7557
vn -0.2787 0.8551 0.4372
vn 0.0596 -0.0504 0.9970
vn 0.0110 0.2085 -0.9780
vn -0.2924 0.6721 0.6803
vn -0.0299 0.9699 -0.2417
vn -0.0797 0.1590 0.9841
vn -0.1102 0.9549 -0.2756
vn -0.0746 0.8819 -0.4654
vn 0.0284 0.9323 -0.3605
vn -0.0509 0.9879 0.1463
vn 0.0187 0.7074 -0.7066
vn 0.3709 0.9141 -0.1637
vn 0.0162 0.9969 -0.0764
vn -0.0068 0.9943 0.1062
vn 0.0381 0.9964 0.0763
vn -0.0799 0.9747 0.2089
vn 0.1415 0.9196 -0.3666
vn 0.0265 0.9221 -0.3861
vn 0.0947 0.9345 -0.3432
vn 0.0431 0.9991 0.0062
vn -0.0227 0.9968 -0.0769
vn -0.0304 0.9995 0.0056
vn -0.0347 0.9994 -0.0036
vn 0.3305 0.8071 -0.4892
vn 0.2481 0.9207 -0.3012
vn 0.0578 0.9969 0.0533
vn 0.0063 0.9983 -0.0583
vn 0.0788 0.9949 -0.0625
vn -0.0173 0.4835 0.8752
vn -0.0115 0.8540 0.5202
vn 0.0031 0.8380 -0.5457
vn -0.0046 0.9998 -0.0213
vn 0.0153 0.9996 -0.0237
vn 0.0212 0.9998 -0.0019
vn -0.0042 0.9997 -0.0244
vn 0.0089 0.9996 0.0263
vn -0.0009 0.9982 0.0597
vn 0.0463 0.9989 0.0089
vn 0.0358 0.9994 -0.0040
vn -0.0225 0.9858 0.1666
vn -0.0815 0.9029 0.4220
vn -0.0238 0.9996 -0.0151
vn -0.2217 0.9586 -0.1787
vn 0.0807 0.9025 0.4231
vn 0.1489 0.9879 0.0439
vn -0.1029 0.9852 -0.1368
vn -0.0176 0.9944 -0.1040
vn -0.0960 0.9659 0.2406
vn -0.0967 0.9656 0.2415
vn -0.1738 0.9549 0.2406
vn -0.0796 0.9950 -0.0599
vn 0.0144 0.9998 -0.0145
vn 0.0009 1.0000 0.0024
vn -0.0031 1.0000 -0.0034
vn -0.0080 0.9999 -0.0080
vn -0.0001 1.0000 -0.0005
vn 0.0002 1.0000 0.0001
vn -0.0143 0.9998 -0.0146
vn -0.0009 1.0000 -0.0012
vn -0.0002 1.0000 0.0003
vn 0.0014 1.0000 0.0001
vn 0.0005 1.0000 -0.0008
vn -0.0010 1.0000 -0.0003
vn -0.0003 1.0000 -0.0004
vn -0.0002 1.0000 0.0006
vn 0.0007 1.0000 0.0001
vn -0.0001 1.0000 -0.0010
vn -0.0005 1.0000 0.0057
vn -0.0229 0.9995 0.0207
vn 0.2302 0.9175 -0.3245
vn 0.0038 0.9994 -0.0339
vn -0.0458 0.5577 -0.8288
vn -0.0791 0.9929 -0.0893
vn 0.0198 0.9988 -0.0445
vn -0.1029 0.9910 0.0861
vn -0.0318 0.9988 0.0360
vn -0.2040 0.8547 0.4774
vn -0.0327 0.8547 0.5181
vn 0.0273 0.9995 0.0187
vn -0.0849 0.8601 0.5030
vn 0.0186 0.9994 0.0281
vn 0.0300 0.9988 -0.0385
vn -0.4567 0.5461 0.7022
vn 0.0013 1.0000 -0.0023
vn -0.0014 0.9996 0.0269
vn -0.0038 1.0000 0.0003
vn -0.0005 1.0000 0.0013
vn 0.0021 1.0000 -0.0037
vn 0.0001 1.0000 0.0002
vn 0.0012 1.0000 -0.0010
vn -0.0011 1.0000 -0.0001
vn -0.0014 1.0000 -0.0022
vn 0.0010 1.0000 -0.0020
vn -0.0041 0.9999 0.0128
vn 0.0031 0.9999 -0.0135
vn 0.0040 1.0000 -0.0010
vn 0.0198 0.9992 -0.0337
vn 0.0072 1.0000 -0.0034
vn -0.0362 0.9987 0.0365
vn 0.0330 0.9671 0.2524
vn 0.0074 0.9999 -0.0073
vn -0.0809 0.9930 0.0860
vn 0.0601 0.9976 -0.0341
vn -0.3284 0.9426 -0.0610
vn 0.0092 0.9986 -0.0518
vn -0.0216 0.9993 -0.0312
vn -0.0358 0.9988 -0.0349
vn 0.0796 0.8417 -0.5340
vn -0.0649 0.9213 -0.3834
vn -0.0275 0.9302 -0.3661
vn -0.1796 0.9649 -0.1915
vn 0.4738 0.7693 0.4286
vn -0.3664 0.6192 -0.6945
vn -0.1067 0.8636 -0.4927
vn -0.2453 0.6950 -0.6758
vn 0.0057 0.9906 0.1368
vn 0.0060 0.9927 0.1204
vn 0.0121 0.7265 0.6871
vn 0.0849 0.9326 -0.3507
vn -0.0697 0.9789 0.1920
vn 0.0002 0.9937 0.1125
vn 0.0086 0.9999 -0.0083
vn 0.1027 0.9913 0.0825
vn 0.0034 0.9971 0.0767
vn -0.2072 0.8926 0.4005
vn -0.0098 0.9993 -0.0373
vn 0.0055 0.9997 -0.0227
vn 0.0152 0.9991 -0.0405
vn -0.1517 0.8949 0.4198
vn -0.0557 0.9975 -0.0428
vn 0.6648 0.7250 -0.1799
vn 0.6856 0.7203 0.1055
vn 0.7168 0.6902 0.0990
vn -0.4788 0.8411 -0.2518
vn -0.5039 0.8159 -0.2835
vn -0.5084 0.8204 -0.2615
vn -0.1648 0.9357 -0.3119
vn 0.6929 0.6878 0.2162
vn 0.0246 0.9924 0.1204
vn 0.0438 0.9149 -0.4012
vn 0.0022 0.6236 0.7818
vn -0.0036 0.9999 -0.0110
vn -0.0052 1.0000 0.0045
vn -0.0101 0.9999 0.0032
vn 0.0086 0.9997 -0.0228
vn 0.0186 0.9992 0.0348
vn 0.0014 1.0000 0.0013
vn 0.0734 0.9327 -0.3531
vn -0.0826 0.9962 0.0280
vn 0.2034 0.9736 -0.1031
vn -0.3952 0.5741 -0.7171
vn -0.1505 0.9813 -0.1199
vn -0.1029 0.9944 0.0246
vn 0.0243 0.9989 0.0393
vn -0.0126 0.9992 0.0384
vn 0.0024 0.9916 0.1297
vn 0.0115 0.9989 -0.0456
vn 0.0993 0.8762 0.4716
vn -0.0292 0.9992 0.0271
vn -0.0250 0.9900 0.1386
vn -0.0338 0.9642 -0.2629
vn -0.0522 0.9984 0.0237
vn 0.1155 0.9916 -0.0584
vn 0.0561 0.9984 0.0012
vn 0.0922 0.9525 -0.2903
vn -0.0011 1.0000 0.0002
vn -0.0032 1.0000 0.0018
vn 0.0013 1.0000 -0.0018
vn -0.0008 1.0000 -0.0015
vn 0.0001 1.0000 -0.0008
vn 0.0018 1.0000 0.0004
vn 0.0037 1.0000 0.0010
vn -0.0059 1.0000 0.0004
vn 0.0010 1.0000 -0.0000
vn 0.0069 1.0000 0.0003
vn -0.0661 0.9978 0.0014
vn -0.0011 1.0000 -0.0029
vn -0.0007 1.0000 -0.0007
vn -0.0006 1.0000 0.0001
vn 0.0004 1.0000 -0.0008
vn -0.0019 1.0000 -0.0035
vn -0.0041 1.0000 -0.0087
vn 0.0027 1.0000 -0.0007
vn 0.0043 1.0000 -0.0019
vn 0.0032 1.0000 -0.0013
vn 0.0059 1.0000 -0.0025
vn 0.0057 1.0000 -0.0031
vn 0.8337 0.5513 0.0325
vn 0.0068 0.9997 0.0242
vn 0.0077 0.9999 -0.0086
vn 0.0018 1.0000 -0.0028
vn 0.0056 0.9998 0.0166
vn 0.0107 0.9988 0.0484
vn -0.2919 0.9219 0.2547
vn 0.0607 0.8939 -0.4441
vn -0.0338 0.9788 -0.2019
vn -0.0131 0.9435 -0.3312
vn -0.0372 0.9922 -0.1194
vn 0.0020 0.9525 -0.3044
vn 0.0097 0.9963 -0.0856
vn -0.1113 0.8554 0.5059
vn -0.0244 0.9994 0.0229
vn 0.0268 0.9996 0.0082
vn 0.0712 0.9893 -0.1276
vn -0.0073 0.9995 -0.0309
vn -0.1058 0.9859 0.1295
vn 0.0005 1.0000 -0.0009
vn 0.0002 1.0000 0.0030
vn -0.0042 1.0000 -0.0014
vn -0.0118 0.9999 0.0026
vn 0.0001 1.0000 0.0055
vn 0.0013 1.0000 -0.0001
vn -0.0044 1.0000 -0.0041
vn 0.0010 1.0000 -0.0024
vn -0.0002 1.0000 -0.0067
vn 0.0029 1.0000 -0.0074
vn 0.0004 1.0000 0.0008
vn 0.0019 1.0000 -0.0021
vn 0.0025 1.0000 -0.0033
vn -0.1438 0.9884 0.0499
vn -0.3852 0.9228 0.0099
vn -0.0044 0.9999 -0.0134
vn -0.6018 0.5277 0.5995
vn -0.1761 -0.9587 0.2235
vn -0.5020 0.6336 0.5886
vn -0.1028 -0.9776 0.1835
vn -0.0365 0.9990 -0.0271
vn -0.2669 0.9519 -0.1503
vn 0.3894 0.7931 -0.4683
vn 0.3069 0.8411 -0.4453
vn 0.3907 0.8021 -0.4516
vn -0.0238 0.9528 -0.3027
vn -0.0092 0.9767 -0.2143
vn 0.0871 0.9957 0.0311
vn 0.0202 0.9997 -0.0124
vn 0.0577 0.9979 -0.0292
vn 0.0579 0.9949 -0.0826
vn 0.0117 0.9999 -0.0113
vn 0.0420 0.9967 -0.0692
vn 0.0248 0.9996 -0.0109
vn -0.1531 0.9735 0.1700
vn -0.0028 0.9988 0.0490
vn 0.0317 0.9973 0.0669
vn 0.0828 0.9874 0.1352
vn 0.1675 0.9743 0.1506
vn 0.0103 0.9850 0.1723
vn 0.2934 0.9535 0.0690
vn 0.0300 0.8680 0.4956
vn 0.0770 0.9605 -0.2676
vn -0.1363 0.9777 -0.1597
vn -0.1546 0.8385 -0.5225
vn -0.0477 0.9934 0.1044
vn -0.0644 0.9979 0.0017
vn -0.0462 0.9083 -0.4157
vn 0.0733 0.7697 0.6342
vn -0.0972 0.6399 -0.7623
vn 0.4348 0.8967 0.0827
vn 0.0422 0.6569 -0.7528
vn 0.0373 0.7097 0.7035
vn 0.2888 0.4780 -0.8295
vn 0.3598 0.8453 0.3949
vn -0.0258 0.8414 0.5397
vn 0.0141 0.8590 0.5118
vn 0.0203 0.8867 -0.4620
vn 0.0156 0.9998 0.0157
vn -0.0012 1.0000 -0.0016
vn 0.0044 0.9998 0.0196
vn -0.0007 1.0000 0.0052
vn 0.0649 0.7446 -0.6644
vn 0.4698 0.3642 -0.8042
vn 0.0309 0.8805 0.4730
vn 0.0071 0.9936 0.1127
vn 0.0724 0.1906 0.9790
vn -0.1278 0.9740 -0.1872
vn -0.1236 0.9736 0.1919
vn -0.1808 0.9831 -0.0279
vn -0.1480 0.9658 0.2130
vn 0.2952 0.9319 -0.2107
vn 0.1609 0.9838 0.0795
vn -0.0815 0.9835 0.1617
vn -0.0102 0.9999 0.0116
vn -0.0008 1.0000 0.0005
vn -0.0007 1.0000 0.0012
vn -0.0000 1.0000 -0.0005
vn -0.0007 1.0000 -0.0001
vn 0.0005 1.0000 -0.0005
vn 0.0056 1.0000 -0.0024
vn 0.0012 1.0000 0.0031
vn -0.0015 1.0000 -0.0036
vn -0.0023 1.0000 -0.0006
vn -0.0011 1.0000 -0.0003
vn 0.9957 0.0844 0.0383
vn 0.0005 1.0000 0.0033
vn 0.0005 1.0000 -0.0057
vn -0.0148 0.9940 0.1087
vn 0.0057 0.9851 0.1716
vn -0.0040 1.0000 -0.0032
vn -0.0591 0.9747 0.2156
vn 0.0611 0.9650 0.2551
vn -0.1554 0.9677 -0.1984
vn 0.0054 0.9713 -0.2379
vn 0.0135 0.9944 -0.1047
vn 0.4404 0.7922 -0.4226
vn -0.1293 0.9826 0.1333
vn 0.0980 0.9286 0.3580
vn -0.2384 0.9710 0.0166
vn -0.0244 0.9689 -0.2463
vn -0.0957 0.9191 -0.3823
vn 0.2604 0.8724 -0.4135
vn 0.2091 0.9778 0.0099
vn -0.0431 0.9955 0.0848
vn 0.1076 0.9893 0.0982
vn 0.1377 0.9524 -0.2722
vn -0.1074 0.9942 0.0051
vn -0.1549 0.9837 0.0915
vn -0.0001 1.0000 -0.0004
vn 0.0015 1.0000 -0.0017
vn 0.0001 1.0000 0.0003
vn 0.0012 1.0000 0.0020
vn 0.0025 1.0000 -0.0024
vn 0.0013 1.0000 0.0027
vn -0.0019 1.0000 -0.0040
vn -0.0278 0.9981 0.0542
vn 0.0008 1.0000 0.0038
vn -0.0719 0.9682 0.2397
vn -0.9038 0.4205 0.0799
vn 0.0374 0.9939 0.1037
vn 0.3255 0.9386 -0.1143
vn 0.0110 0.9878 -0.1552
vn 0.3629 0.9165 -0.1681
vn 0.4508 0.8469 -0.2821
vn 0.1986 0.9174 0.3447
vn -0.0185 0.9619 0.2729
vn 0.1134 0.8848 -0.4520
vn -0.0355 0.9941 0.1028
vn 0.0804 0.9444 -0.3189
vn -0.2911 0.8666 -0.4054
vn -0.2141 0.9646 0.1540
vn -0.0167 0.9996 -0.0244
vn -0.0076 1.0000 0.0059
vn 0.0047 1.0000 -0.0031
vn -0.0046 0.9998 0.0194
vn -0.0713 0.9967 0.0383
vn -0.0361 0.9971 0.0677
vn -0.0830 0.9842 0.1562
vn 0.0491 0.9885 0.1431
vn 0.0459 0.9900 -0.1336
vn 0.0091 0.9933 -0.1156
vn 0.0582 0.9783 0.1987
vn -0.0036 0.9999 -0.0159
vn -0.0105 0.9102 -0.4141
vn -0.0184 0.9846 0.1737
vn 0.0683 0.9976 -0.0085
vn 0.0013 0.9287 -0.3708
vn -0.0523 0.9329 0.3563
vn -0.1537 0.9620 0.2256
vn -0.4498 0.8526 0.2659
vn -0.1682 0.9542 0.2474
vn -0.0141 0.9977 0.0668
vn 0.0039 0.9952 0.0976
vn -0.3987 0.8917 -0.2141
vn -0.0777 0.9969 0.0140
vn -0.0391 0.9975 0.0580
vn 0.0009 1.0000 0.0016
vn 0.0005 1.0000 0.0041
vn -0.0014 0.9986 0.0520
vn 0.0914 0.9916 -0.0918
vn 0.0597 0.9975 -0.0374
vn 0.2109 0.9731 -0.0928
vn -0.0035 0.9910 0.1339
vn 0.0129 0.9979 0.0642
vn 0.0776 0.9903 0.1149
vn -0.0084 0.9947 0.1021
vn 0.0769 0.9953 -0.0591
vn -0.0447 0.9965 0.0710
vn -0.1312 0.9911 0.0236
vn -0.3379 0.9387 -0.0681
vn -0.0767 0.9949 0.0661
vn 0.0309 0.9982 -0.0517
vn 0.0490 0.9964 -0.0690
vn -0.0009 1.0000 -0.0010
vn -0.0016 1.0000 -0.0035
vn -0.0154 0.9990 -0.0431
vn -0.0003 1.0000 -0.0024
vn 0.0015 1.0000 0.0008
vn -0.0005 1.0000 0.0030
vn 0.0001 1.0000 0.0007
vn 0.0002 1.0000 0.0005
vn 0.0017 1.0000 0.0012
vn 0.0016 1.0000 0.0011
vn -0.0005 1.0000 0.0001
vn -0.0006 1.0000 0.0003
vn -0.0010 1.0000 -0.0007
vn 0.0006 1.0000 -0.0008
vn 0.0018 1.0000 0.0012
vn -0.0041 1.0000 -0.0044
vn 0.0020 1.0000 0.0008
vn 0.0014 1.0000 0.0019
vn 0.0007 1.0000 -0.0014
vn 0.0010 1.0000 -0.0007
vn 0.0003 1.0000 -0.0029
vn 0.0009 1.0000 -0.0056
vn 0.0083 0.9995 -0.0314
vn 0.0117 0.9967 0.0798
vn 0.0599 0.9591 -0.2768
vn 0.0414 0.9972 0.0618
vn 0.1527 -0.1808 -0.9716
vn -0.2224 0.9675 0.1200
vn -0.0350 0.9980 0.0532
vn -0.0444 0.9066 -0.4197
vn 0.2385 0.7188 -0.6530
vn -0.0966 0.9271 0.3623
vn 0.2914 0.9354 0.2001
vn -0.1275 0.8862 -0.4455
vn -0.2504 0.4186 0.8730
vn -0.0966 0.9913 -0.0891
vn 0.0167 0.9992 0.0369
vn -0.0684 0.8554 -0.5134
vn 0.0495 0.9981 0.0370
vn -0.0971 0.9920 0.0801
vn -0.1126 0.9503 0.2901
vn -0.0673 0.9715 0.2271
vn 0.0387 0.9954 -0.0874
vn 0.0321 0.9989 -0.0345
vn 0.0134 0.9988 -0.0467
vn -0.0093 0.9999 -0.0062
vn -0.0022 1.0000 0.0028
vn -0.0006 1.0000 0.0020
vn -0.0024 1.0000 0.0014
vn 0.0023 0.9999 0.0114
vn 0.0078 1.0000 0.0014
vn -0.0011 1.0000 0.0008
vn 0.0192 0.9998 0.0101
vn -0.1266 0.9845 -0.1214
vn 0.0296 0.9993 0.0233
vn 0.0146 0.9998 -0.0115
vn 0.0304 0.9918 0.1244
vn 0.0189 0.9982 -0.0564
vn -0.2011 0.9491 0.2425
vn -0.0125 0.9882 -0.1528
vn 0.0196 0.9997 -0.0145
vn 0.0072 0.9999 0.0100
vn -0.0004 1.0000 0.0008
vn -0.0025 0.9999 0.0104
vn -0.0002 0.9986 0.0536
vn 0.1715 0.9754 0.1385
vn 0.0872 0.9954 0.0401
vn 0.0751 0.7372 0.6715
vn -0.1015 0.8801 0.4637
vn -0.0121 0.9991 -0.0414
vn -0.0540 0.9982 -0.0270
vn 0.0040 0.9306 -0.3661
vn -0.0240 0.9858 -0.1662
vn -0.0077 0.9458 0.3246
vn 0.0523 0.9765 0.2089
vn 0.0106 0.2869 -0.9579
vn -0.0072 0.9994 -0.0331
vn 0.0542 0.6210 -0.7819
vn 0.0048 0.9877 0.1560
vn 0.0544 0.9125 -0.4054
vn 0.0274 0.2231 -0.9744
vn 0.0093 0.8761 -0.4821
vn -0.0066 0.4681 0.8836
vn -0.0110 0.9999 0.0075
vn 0.0064 0.9990 -0.0433
vn -0.0145 0.9999 0.0022
vn 0.1015 0.8753 0.4728
vn -0.0108 0.9608 -0.2771
vn -0.0523 0.9872 0.1507
vn -0.0012 1.0000 0.0061
vn 0.0172 0.9993 -0.0318
vn 0.0013 1.0000 0.0030
vn -0.0000 1.0000 0.0004
vn 0.0031 1.0000 0.0022
vn 0.0065 1.0000 -0.0052
vn 0.0036 1.0000 0.0065
vn 0.0055 0.9997 -0.0244
vn 0.0019 0.9997 0.0237
vn -0.0010 0.9999 -0.0166
vn -0.0026 0.9993 0.0382
vn 0.0068 0.9997 0.0245
vn -0.2283 0.9364 -0.2666
vn -0.0133 0.9945 0.1044
vn -0.4848 0.7737 -0.4078
vn 0.0574 0.9931 -0.1027
vn 0.1661 0.9270 -0.3364
vn 0.1566 0.9285 -0.3368
vn 0.1604 0.9323 -0.3242
vn 0.0323 0.9853 0.1677
vn -0.0045 0.9977 0.0680
vn 0.0047 0.9991 -0.0431
vn -0.0062 -0.4891 -0.8722
vn 0.0954 0.9871 0.1288
vn 0.0017 0.9997 -0.0228
vn 0.0228 0.9996 -0.0160
vn 0.0015 1.0000 0.0067
vn 0.0001 1.0000 -0.0007
vn -0.0001 1.0000 -0.0016
vn -0.0006 1.0000 -0.0004
vn 0.0033 1.0000 0.0008
vn -0.0013 1.0000 -0.0009
vn 0.0076 0.9999 0.0074
vn -0.0000 1.0000 -0.0025
vn 0.0001 1.0000 -0.0016
vn -0.0016 1.0000 -0.0009
vn 0.0004 1.0000 -0.0042
vn -0.0027 1.0000 -0.0012
vn -0.0008 1.0000 0.0008
vn -0.0010 1.0000 -0.0002
vn 0.0006 1.0000 -0.0012
vn 0.0006 1.0000 0.0001
vn -0.0019 1.0000 0.0003
vn -0.0021 1.0000 0.0013
vn -0.0007 1.0000 -0.0008
vn -0.0002 1.0000 -0.0004
vn -0.0011 1.0000 -0.0007
vn -0.0028 1.0000 -0.0011
vn 0.0015 1.0000 0.0021
vn 0.0013 1.0000 0.0002
vn -0.0010 1.0000 0.0029
vn -0.0002 0.9999 -0.0105
vn 0.0009 1.0000 -0.0052
vn 0.0003 1.0000 0.0003
vn 0.1884 0.9680 0.1656
vn -0.0793 0.9752 -0.2064
vn -0.0731 0.9744 0.2127
vn 0.5731 0.1484 -0.8060
vn -0.0891 0.7418 0.6646
vn 0.7550 0.3305 -0.5663
vn -0.2205 0.8001 -0.5579
vn 0.0246 0.7631 0.6458
vn 0.2003 0.7540 0.6256
vn -0.0241 0.3685 -0.9293
vn 0.0780 0.9419 -0.3268
vn 0.0380 0.9850 -0.1684
vn 0.0002 0.9999 0.0108
vn -0.0144 0.9990 -0.0415
vn 0.0041 1.0000 -0.0056
vn 0.0035 1.0000 -0.0042
vn -0.0030 1.0000 0.0003
vn -0.0041 1.0000 -0.0001
vn -0.0075 1.0000 0.0052
vn 0.0039 1.0000 -0.0043
vn -0.0080 0.9996 0.0277
vn 0.0806 0.9964 0.0276
vn -0.0211 0.9960 0.0872
vn -0.0310 0.9947 0.0977
vn 0.0013 1.0000 0.0092
vn 0.0011 0.9999 0.0130
vn -0.0000 0.9999 0.0128
vn -0.0202 0.9997 0.0151
vn -0.0099 0.9999 -0.0020
vn 0.0030 1.0000 0.0021
vn 0.0467 0.9989 -0.0105
vn -0.0082 0.9994 -0.0329
vn 0.0017 0.9955 -0.0946
vn 0.0438 0.9260 0.3751
vn -0.0451 0.9835 -0.1753
vn -0.0690 0.9686 -0.2388
vn 0.1489 0.9883 0.0328
vn -0.0885 0.8126 0.5760
vn 0.1645 -0.3006 0.9395
vn 0.0651 0.9527 0.2970
vn 0.0872 0.9857 0.1440
vn 0.5473 0.8355 0.0489
vn 0.5632 0.7507 0.3452
vn 0.1569 0.8324 -0.5315
vn -0.4381 -0.5418 0.7173
vn 0.0208 0.9905 -0.1357
vn 0.0924 0.9920 0.0859
vn -0.0559 0.9948 0.0855
vn 0.0062 0.9890 -0.1478
vn -0.1467 0.9880 -0.0487
vn -0.0629 0.7753 0.6285
vn -0.0032 0.9996 -0.0289
vn 0.0385 0.9977 -0.0554
vn -0.0058 1.0000 0.0006
vn 0.0207 0.9971 -0.0737
vn 0.0013 0.9708 -0.2401
vn -0.0077 0.9999 -0.0092
vn 0.0003 1.0000 0.0028
vn -0.0020 1.0000 0.0026
vn 0.0049 1.0000 0.0073
vn 0.0003 1.0000 0.0011
vn 0.0163 0.9996 0.0251
vn -0.0012 0.5687 0.8225
vn 0.4332 -0.1508 0.8886
vn -0.4539 0.6675 0.5902
vn -0.2686 0.9332 0.2386
vn -0.3209 0.6098 0.7247
vn -0.0631 0.9882 -0.1393
vn -0.0377 0.9991 0.0217
vn 0.0060 0.9944 -0.1055
vn 0.1164 0.9931 -0.0117
vn 0.0430 0.9952 0.0875
vn 0.1326 0.9901 0.0452
vn -0.0488 0.9597 0.2768
vn -0.1626 0.9426 -0.2917
vn 0.0269 0.9995 0.0165
vn 0.0253 0.9958 -0.0880
vn 0.0648 0.8079 0.5858
vn -0.0531 0.8758 0.4798
vn 0.2357 0.8900 -0.3903
vn -0.2238 0.9587 -0.1753
vn 0.0861 0.9863 0.1408
vn -0.0137 0.9997 -0.0222
vn 0.0028 0.9988 -0.0494
vn 0.0002 0.9903 -0.1389
vn -0.2839 0.8741 0.3942
vn 0.0059 0.9980 0.0622
vn 0.1087 0.9916 -0.0705
vn -0.0251 0.9996 -0.0127
vn -0.2185 0.9709 0.0981
vn -0.3138 0.9433 0.1082
vn -0.1055 0.9944 0.0012
vn -0.0536 0.9962 0.0693
vn 0.0927 0.9944 0.0504
vn -0.0054 0.9965 -0.0838
vn -0.0118 0.9996 -0.0274
vn 0.2241 0.8734 -0.4325
vn 0.0766 0.9879 -0.1346
vn 0.0682 0.9710 -0.2290
vn 0.1222 0.9490 0.2907
vn 0.0466 0.9653 0.2570
vn -0.0208 0.9994 0.0267
vn -0.0004 1.0000 -0.0008
vn -0.0000 1.0000 -0.0012
vn -0.0030 1.0000 -0.0025
vn 0.0008 1.0000 -0.0009
vn -0.0020 1.0000 -0.0000
vn -0.0038 1.0000 0.0067
vn -0.0017 1.0000 0.0034
vn -0.0022 1.0000 -0.0019
vn 0.0001 1.0000 -0.0006
vn 0.0009 1.0000 -0.0020
vn -0.0011 1.0000 -0.0000
vn 0.0009 1.0000 -0.0048
vn -0.0469 0.9483 -0.3138
vn -0.0004 1.0000 -0.0009
vn 0.0823 0.9940 0.0722
vn -0.0674 0.9673 -0.2444
vn 0.1508 0.5192 0.8413
vn -0.3736 0.7582 -0.5344
vn 0.0624 0.9525 0.2982
vn -0.2020 0.9619 0.1843
vn 0.0158 0.9954 -0.0950
vn 0.2956 0.6696 -0.6814
vn 0.2343 0.2403 -0.9420
vn 0.0299 0.9529 -0.3020
vn 0.1072 0.9778 -0.1802
vn -0.1021 0.9817 -0.1609
vn -0.2023 0.8723 0.4451
vn -0.0033 0.9998 -0.0177
vn 0.0781 0.9898 -0.1187
vn 0.0091 1.0000 -0.0029
vn 0.0063 0.9997 0.0227
vn 0.0016 0.9992 0.0388
vn -0.0085 0.9998 0.0176
vn -0.1070 0.9338 0.3414
vn 0.0288 0.9839 0.1765
vn 0.7980 0.5978 -0.0760
vn 0.2892 0.9572 0.0089
vn 0.1816 0.9832 -0.0165
vn -0.0471 0.9979 -0.0442
vn -0.0004 1.0000 -0.0015
vn 0.0004 0.9998 -0.0216
vn -0.0015 1.0000 0.0008
vn 0.0119 0.9978 -0.0648
vn 0.0053 0.9999 -0.0155
vn -0.0005 1.0000 -0.0001
vn -0.0011 1.0000 -0.0074
vn -0.0000 1.0000 -0.0078
vn -0.0096 0.9999 -0.0041
vn -0.0040 1.0000 -0.0029
vn -0.0055 1.0000 0.0063
vn -0.0168 0.9996 0.0243
vn 0.4848 0.7096 -0.5113
vn -0.0163 0.9997 0.0199
vn 0.2366 0.9259 0.2945
vn -0.0848 0.7709 -0.6313
vn -0.0047 0.9999 -0.0123
vn 0.0516 0.9987 0.0018
vn 0.0843 0.9964 -0.0078
vn -0.0279 0.9996 0.0071
vn 0.0151 0.9998 -0.0086
vn 0.0248 0.9995 0.0218
vn 0.0033 0.9983 -0.0577
vn -0.0727 0.9914 0.1091
vn -0.0067 0.9995 0.0298
vn -0.2455 0.9119 0.3288
vn 0.0635 0.9866 0.1502
vn 0.1815 0.9695 0.1644
vn -0.0002 -0.7898 0.6134
vn -0.0344 0.9979 -0.0544
vn 0.0221 0.7999 -0.5997
vn 0.0251 0.9527 -0.3028
vn 0.0204 0.9690 -0.2462
vn -0.0010 1.0000 -0.0078
vn -0.0005 1.0000 -0.0013
vn -0.0008 1.0000 0.0016
vn -0.0007 1.0000 0.0033
vn 0.0011 1.0000 0.0001
vn 0.0031 0.9998 0.0186
vn 0.5404 0.7677 0.3445
vn 0.3363 0.7787 0.5296
vn 0.2374 0.8641 0.4438
vn 0.0642 0.9480 -0.3119
vn -0.0296 0.9989 -0.0359
vn 0.1606 0.9845 0.0701
vn -0.3388 -0.6656 -0.6649
vn -0.3639 -0.5437 -0.7563
vn 0.1060 0.9642 -0.2431
vn 0.1388 0.9288 0.3436
vn 0.1930 0.8492 0.4916
vn 0.0631 0.9839 -0.1670
vn -0.0593 0.8939 0.4443
vn -0.0593 -0.6641 0.7453
vn 0.0560 0.9938 0.0960
vn 0.3370 0.9141 0.2257
vn -0.0892 0.9959 -0.0177
vn 0.0483 0.9963 -0.0710
vn -0.0035 0.9931 -0.1175
vn -0.0141 0.9995 0.0289
vn 0.0317 0.9542 -0.2975
vn -0.0040 1.0000 0.0005
vn -0.0081 1.0000 0.0011
vn -0.0258 0.9992 0.0294
vn -0.0234 0.9993 0.0289
vn -0.0018 1.0000 -0.0007
vn -0.0214 0.9884 0.1503
vn 0.0275 0.9987 0.0419
vn -0.0031 0.9996 -0.0275
vn 0.0009 0.9993 0.0384
vn -0.0310 0.9981 0.0534
vn 0.0441 0.2389 0.9700
vn 0.0120 0.9937 -0.1119
vn 0.0035 0.9935 -0.1135
vn 0.1926 0.9002 -0.3907
vn 0.0476 0.9988 -0.0106
vn 0.0058 1.0000 0.0021
vn -0.0199 0.8642 0.5027
vn 0.0014 0.9626 0.2711
vn -0.0072 0.9999 -0.0079
vn 0.0002 1.0000 -0.0022
vn -0.0033 0.9999 0.0121
vn -0.0001 1.0000 -0.0008
vn 0.0002 1.0000 -0.0014
vn 0.0001 1.0000 -0.0010
vn 0.0003 1.0000 -0.0008
vn 0.0003 1.0000 -0.0016
vn 0.0001 1.0000 -0.0005
vn 0.0004 1.0000 -0.0012
vn -0.0000 1.0000 -0.0009
vn 0.0013 1.0000 0.0018
vn 0.0001 1.0000 0.0005
vn 0.0007 1.0000 0.0024
vn 0.0004 1.0000 -0.0011
vn -0.0015 1.0000 -0.0039
vn -0.0213 0.9998 0.0061
vn -0.0094 0.9995 0.0299
vn -0.0180 0.9997 0.0162
vn -0.0457 0.9982 -0.0393
vn -0.3440 0.8110 -0.4733
vn -0.3625 0.9267 0.0987
vn -0.0710 0.4435 0.8934
vn 0.0314 0.9936 -0.1081
vn -0.0161 0.9425 -0.3337
vn 0.1001 0.9939 -0.0467
vn -0.0099 0.9991 -0.0404
vn -0.0672 0.9967 -0.0454
vn -0.3937 0.9179 0.0499
vn -0.0285 0.9547 -0.2961
vn -0.0361 0.9992 -0.0164
vn -0.2073 0.8879 0.4106
vn -0.0209 0.9950 -0.0975
vn 0.0802 0.9593 -0.2708
vn 0.1539 0.8933 -0.4222
vn -0.0027 0.9966 0.0825
vn -0.0050 0.9876 0.1567
vn 0.0050 1.0000 -0.0005
vn 0.0330 0.9988 0.0368
vn 0.0733 0.7777 0.6244
vn 0.0110 0.9999 -0.0043
vn -0.0219 0.9996 -0.0203
vn -0.0957 0.9938 -0.0573
vn 0.0104 0.9999 -0.0035
vn 0.0039 0.9964 0.0852
vn -0.0264 0.9997 -0.0003
vn -0.0235 0.9997 -0.0087
vn -0.0585 0.9972 0.0460
vn -0.0222 0.9997 -0.0073
vn 0.0156 0.9962 0.0861
vn -0.0030 0.9998 0.0187
vn 0.0850 0.9963 0.0129
vn 0.1261 0.9877 0.0920
vn -0.0137 0.9999 0.0079
vn -0.0130 0.9999 -0.0071
vn -0.0799 0.9965 -0.0237
vn -0.0244 0.9997 -0.0068
vn -0.0064 0.9999 -0.0081
vn 0.0002 1.0000 0.0011
vn -0.0076 1.0000 0.0008
vn -0.0060 1.0000 0.0006
vn -0.0299 0.9994 0.0156
vn -0.0173 0.9998 -0.0080
vn -0.0089 0.9998 0.0157
vn -0.0033 1.0000 0.0023
vn 0.0288 0.9987 -0.0412
vn 0.0268 0.9996 -0.0088
vn 0.0142 0.9990 0.0413
vn -0.0829 0.9966 -0.0018
vn -0.0471 0.9988 -0.0095
vn -0.0053 0.9994 0.0329
vn -0.0272 0.8330 0.5525
vn -0.0157 0.9978 0.0645
vn -0.1029 0.9821 0.1579
vn -0.1996 0.8119 0.5486
vn -0.0578 0.9869 -0.1506
vn 0.0560 0.8893 -0.4539
vn 0.0024 0.9946 -0.1033
vn -0.0046 1.0000 -0.0065
vn 0.0070 1.0000 -0.0001
vn 0.0613 0.9977 0.0299
vn 0.0034 1.0000 -0.0070
vn -0.0002 1.0000 0.0005
vn 0.0001 1.0000 -0.0059
vn 0.0012 1.0000 0.0024
vn -0.0575 0.9945 -0.0875
vn -0.0082 1.0000 -0.0029
vn 0.0080 0.9992 -0.0402
vn -0.0645 -0.6833 -0.7273
vn 0.0984 0.6586 -0.7461
vn 0.0644 0.9859 0.1542
vn -0.1482 0.7382 0.6581
vn -0.0371 0.7462 -0.6647
vn -0.1275 0.8333 -0.5379
vn -0.1330 0.8531 -0.5045
vn 0.0090 0.9995 -0.0307
vn -0.0027 0.8067 -0.5910
vn 0.0127 0.7810 -0.6243
vn 0.0764 0.8229 -0.5631
vn 0.1148 0.9842 -0.1345
vn 0.0060 0.9996 -0.0268
vn 0.0016 0.9997 -0.0246
vn -0.3656 0.9256 0.0978
vn -0.0003 1.0000 0.0027
vn -0.0013 1.0000 0.0022
vn -0.0017 1.0000 -0.0000
vn 0.0162 0.9996 0.0247
vn -0.0036 0.9998 -0.0184
vn 0.0026 1.0000 -0.0056
vn -0.1983 0.9724 0.1227
vn -0.4240 0.7675 0.4807
vn -0.3467 0.9357 0.0654
vn -0.1769 0.9724 0.1524
vn -0.0363 0.9986 -0.0381
vn 0.4728 0.4385 0.7643
vn 0.0301 0.9891 0.1440
vn 0.0845 0.9695 -0.2303
vn 0.0119 0.9646 -0.2634
vn 0.0804 0.7478 -0.6590
vn 0.0158 0.7986 0.6016
vn -0.0085 0.9714 -0.2372
vn 0.2094 0.8924 -0.3997
vn -0.1012 0.9667 0.2351
vn -0.0365 0.9959 -0.0822
vn -0.1455 0.9876 -0.0592
vn -0.1197 0.9923 -0.0306
vn -0.1623 0.9863 -0.0299
vn -0.0001 1.0000 -0.0007
vn -0.0022 0.9986 -0.0520
vn 0.0015 1.0000 -0.0022
vn 0.0004 1.0000 -0.0010
vn 0.0005 1.0000 -0.0002
vn 0.0007 1.0000 -0.0006
vn 0.0005 1.0000 0.0003
vn 0.0006 1.0000 -0.0046
vn -0.0016 1.0000 0.0004
vn 0.0006 1.0000 0.0003
vn -0.0003 1.0000 0.0004
vn -0.0069 1.0000 -0.0047
vn 0.0265 0.9866 -0.1610
vn 0.1320 0.9913 0.0018
vn 0.4625 0.8852 0.0495
vn -0.0349 0.9827 -0.1816
vn -0.0384 0.8921 -0.4502
vn -0.0389 0.9930 -0.1117
vn 0.0044 0.9919 0.1269
vn -0.0678 0.9520 -0.2983
vn -0.0328 0.8931 -0.4486
vn -0.0193 0.9987 0.0481
vn -0.0237 0.9997 0.0113
vn 0.0292 0.9971 -0.0701
vn -0.1223 0.9643 0.2350
vn -0.5339 0.8083 -0.2482
vn 0.0323 0.9843 -0.1733
vn 0.0864 0.9884 0.1250
vn -0.4972 0.8669 0.0351
vn -0.5749 0.6049 -0.5509
vn -0.6292 0.7012 0.3354
vn 0.1200 0.9909 0.0608
vn -0.4171 0.8031 0.4255
vn 0.0427 0.9985 -0.0335
vn -0.0156 0.9997 -0.0186
vn -0.0121 0.9996 -0.0258
vn 0.1418 0.9899 -0.0052
vn 0.0048 1.0000 0.0066
vn 0.0035 0.9998 0.0212
vn 0.0828 0.9936 0.0764
vn -0.0055 1.0000 0.0040
vn -0.3856 0.8938 -0.2290
vn -0.0058 1.0000 -0.0002
vn -0.0004 1.0000 -0.0006
vn -0.0228 0.9983 0.0535
vn -0.5333 0.8431 0.0693
vn -0.0068 0.9983 0.0583
vn 0.0213 0.9997 0.0137
vn 0.0198 0.9998 0.0072
vn 0.0223 0.9995 0.0223
vn 0.0102 0.9999 0.0017
vn 0.0140 0.9999 -0.0089
vn 0.0076 0.9997 -0.0241
vn 0.0176 0.9994 -0.0304
vn 0.0200 0.9997 -0.0132
vn 0.0014 1.0000 -0.0000
vn 0.0011 1.0000 -0.0012
vn -0.0006 1.0000 0.0015
vn -0.0022 1.0000 -0.0001
vn -0.0037 1.0000 -0.0026
vn 0.0012 1.0000 -0.0003
vn -0.0056 1.0000 0.0018
vn -0.0011 1.0000 0.0062
vn 0.0006 1.0000 -0.0010
vn -0.0013 1.0000 -0.0014
vn 0.0014 1.0000 -0.0087
vn 0.0023 1.0000 0.0001
vn 0.0067 1.0000 -0.0032
vn 0.0010 1.0000 0.0017
vn -0.0012 1.0000 -0.0002
vn 0.0028 0.9971 0.0758
vn 0.0038 0.9999 -0.0100
vn 0.0009 1.0000 0.0002
vn 0.5593 0.7556 0.3408
vn 0.0385 0.9992 -0.0079
vn -0.0607 0.9981 0.0130
vn 0.1404 0.9812 0.1327
vn 0.2224 0.9712 0.0857
vn 0.5357 0.7796 0.3244
vn 0.1167 0.9804 -0.1586
vn 0.3995 0.8472 -0.3501
vn -0.0090 0.9990 -0.0433
vn 0.1700 0.9590 0.2267
vn 0.0225 0.9996 -0.0139
vn 0.0175 0.9998 -0.0081
vn 0.0047 0.9997 0.0224
vn -0.0005 1.0000 -0.0033
vn -0.0009 1.0000 -0.0042
vn 0.0001 0.9999 -0.0128
vn -0.0116 0.9998 0.0148
vn -0.0002 1.0000 0.0033
vn -0.0139 0.9996 0.0244
vn 0.0136 0.9995 0.0292
vn 0.0390 0.9992 -0.0052
vn 0.0709 0.9859 -0.1515
vn 0.0611 0.9978 0.0246
vn 0.0509 0.9982 0.0312
vn 0.0687 0.9096 0.4097
vn -0.0362 0.8680 0.4952
vn -0.0406 0.9029 0.4279
vn 0.0130 0.5251 0.8509
vn 0.2856 0.8267 0.4847
vn -0.0694 0.9891 -0.1297
vn 0.0271 0.9989 0.0388
vn -0.0633 0.9970 -0.0440
vn 0.0318 0.9994 0.0146
vn 0.0115 0.9999 0.0120
vn 0.0117 0.9988 0.0472
vn -0.0645 0.9805 0.1857
vn 0.0074 0.9993 -0.0367
vn -0.0275 0.9931 0.1143
vn -0.1059 0.9254 0.3640
vn -0.0450 0.9591 0.2795
vn 0.0188 0.9953 0.0950
vn 0.0438 0.9980 0.0459
vn 0.2838 0.8606 0.4229
vn 0.1121 0.9919 0.0601
vn 0.4950 0.8073 0.3213
vn -0.1701 0.8870 -0.4293
vn -0.3346 0.8389 -0.4292
vn 0.0353 0.7702 -0.6369
vn -0.0013 0.9900 0.1407
vn -0.0077 0.9994 0.0325
vn 0.0006 1.0000 0.0002
vn 0.3872 0.6855 -0.6166
vn -0.0015 0.8450 -0.5347
vn -0.0100 0.9975 -0.0693
vn -0.0518 -0.3171 -0.9470
vn -0.9970 0.0020 -0.0770
vn -0.5408 0.8398 0.0480
vn -0.1546 0.9880 -0.0062
vn 0.1187 0.9928 0.0162
vn 0.0361 0.9971 -0.0674
vn 0.0005 1.0000 -0.0022
vn -0.0002 1.0000 -0.0010
vn -0.0016 1.0000 -0.0010
vn 0.0026 1.0000 0.0045
vn 0.0018 1.0000 -0.0002
vn -0.0038 0.9999 0.0109
vn 0.0006 1.0000 -0.0007
vn 0.0011 1.0000 0.0054
vn -0.0083 0.9998 0.0166
vn -0.0002 1.0000 -0.0045
vn 0.0163 0.9963 -0.0848
vn -0.0330 0.9991 0.0253
vn 0.0073 0.9371 0.3489
vn 0.0139 0.9458 -0.3245
vn 0.2065 0.3441 -0.9159
vn 0.0882 0.9846 -0.1512
vn 0.2376 0.8765 -0.4186
vn 0.3323 0.9432 -0.0032
vn 0.1374 0.9538 -0.2673
vn 0.2360 0.9705 -0.0496
vn -0.1492 -0.9673 -0.2049
vn -0.3271 0.9450 0.0033
vn 0.1494 0.9818 -0.1169
vn -0.0740 0.9972 -0.0128
vn 0.2602 0.9340 -0.2448
vn 0.0597 0.9956 0.0726
vn 0.0316 0.9939 0.1055
vn 0.0130 0.9976 0.0679
vn 0.0017 1.0000 0.0062
vn 0.0067 1.0000 -0.0026
vn 0.0101 0.9999 -0.0111
vn 0.0260 0.9996 -0.0132
vn 0.0024 1.0000 -0.0002
vn 0.0080 1.0000 0.0029
vn 0.0004 1.0000 0.0003
vn 0.0012 0.9999 0.0111
vn 0.0008 1.0000 0.0013
vn 0.0008 1.0000 0.0002
vn 0.0030 1.0000 0.0052
vn 0.0021 1.0000 0.0030
vn -0.0018 1.0000 0.0018
vn 0.0011 1.0000 -0.0015
vn 0.0234 0.9997 0.0068
vn 0.0546 0.9906 -0.1252
vn -0.0014 0.9999 0.0126
vn -0.0007 0.9995 0.0312
vn -0.0078 0.9998 0.0193
vn -0.0779 0.9970 0.0013
vn -0.0792 0.9969 0.0017
vn -0.0688 0.9976 0.0119
vn -0.0145 0.9999 -0.0024
vn -0.0198 0.9998 0.0041
vn -0.0912 0.9957 0.0139
vn -0.0291 0.9991 0.0304
vn 0.0030 1.0000 -0.0030
vn -0.0180 0.9982 -0.0579
vn -0.0002 0.9955 0.0945
vn -0.0197 0.9998 0.0012
vn -0.0383 0.9729 -0.2282
vn -0.1830 0.9255 -0.3317
vn 0.0625 0.9819 0.1786
vn -0.0743 0.9943 0.0761
vn -0.0302 -0.6367 -0.7705
vn -0.0913 0.9914 -0.0937
vn -0.2261 0.9714 0.0725
vn -0.0500 0.9984 0.0249
vn -0.0287 0.9996 -0.0035
vn -0.0000 1.0000 -0.0097
vn 0.0134 0.9998 -0.0133
vn -0.0005 1.0000 0.0005
vn 0.0018 1.0000 0.0023
vn 0.0020 0.9990 0.0449
vn 0.1037 0.9911 -0.0834
vn -0.0539 0.9840 0.1698
vn 0.0232 0.9993 0.0288
vn -0.0011 0.9617 0.2740
vn 0.0086 0.6406 0.7678
vn -0.0772 0.9963 0.0387
vn -0.0315 0.9893 -0.1423
vn -0.0782 0.7696 -0.6338
vn -0.1646 0.8268 -0.5378
vn 0.0214 0.9830 0.1824
vn 0.0307 0.9982 -0.0511
vn 0.0353 0.9589 0.2816
vn 0.0313 0.6763 -0.7360
vn 0.0973 0.9203 -0.3789
vn -0.0515 0.7304 0.6811
vn -0.0263 0.9949 -0.0970
vn 0.0138 0.7361 -0.6767
vn -0.0427 0.6720 -0.7393
vn -0.0285 0.6701 -0.7417
vn 0.0089 0.9996 0.0272
vn 0.0305 0.9988 0.0393
vn 0.0501 0.9987 -0.0046
vn 0.0359 0.9765 -0.2124
vn -0.0275 0.9985 -0.0470
vn 0.2240 0.9230 -0.3128
vn -0.5203 0.8540 -0.0023
vn 0.0003 0.9985 0.0544
vn -0.0124 0.9970 0.0769
vn 0.1757 0.9684 0.1772
vn 0.0443 0.9984 0.0363
vn 0.0231 0.9808 -0.1937
vn -0.0031 0.9910 -0.1339
vn -0.0634 0.9898 -0.1276
vn 0.0731 0.7204 0.6897
vn 0.2286 0.9621 0.1486
vn 0.1272 0.9915 -0.0288
vn 0.0063 1.0000 0.0016
vn -0.2508 -0.8830 -0.3968
vn 0.0280 0.9991 -0.0331
vn 0.1307 0.9896 -0.0607
vn -0.0041 1.0000 0.0021
vn -0.0025 1.0000 -0.0045
vn -0.0000 1.0000 -0.0007
vn 0.0004 1.0000 -0.0004
vn -0.0001 1.0000 -0.0006
vn -0.0015 1.0000 -0.0023
vn 0.0002 1.0000 -0.0004
vn 0.0004 1.0000 -0.0002
vn 0.0024 1.0000 0.0002
vn -0.0017 1.0000 -0.0014
vn -0.0021 1.0000 -0.0013
vn -0.0007 1.0000 0.0006
vn -0.0000 1.0000 0.0010
vn 0.0005 1.0000 -0.0012
vn -0.0031 1.0000 0.0003
vn 0.0006 1.0000 0.0015
vn -0.0023 1.0000 0.0031
vn -0.0157 0.9960 -0.0877
vn -0.0002 1.0000 0.0007
vn 0.0083 0.7868 -0.6172
vn 0.0875 0.0340 0.9956
vn 0.0876 0.6187 0.7807
vn 0.1216 0.3071 0.9439
vn 0.8726 0.4623 0.1574
vn 0.4138 0.8583 -0.3034
vn -0.1860 0.9693 0.1610
vn 0.0119 0.9999 -0.0075
vn 0.0140 0.9997 -0.0200
vn -0.0398 0.9929 0.1118
vn -0.0321 0.9983 0.0485
vn -0.0346 0.9992 -0.0190
vn 0.0081 0.9996 -0.0271
vn 0.0042 1.0000 -0.0003
vn 0.0011 1.0000 -0.0063
vn 0.0151 0.9998 -0.0112
vn -0.0131 0.9999 0.0016
vn -0.6091 0.5217 0.5973
vn -0.0309 0.9994 -0.0166
vn 0.0075 0.9999 0.0082
vn 0.0018 1.0000 -0.0024
vn -0.0199 0.9998 0.0014
vn -0.0016 1.0000 0.0006
vn 0.0058 1.0000 -0.0001
vn 0.0067 1.0000 0.0007
vn 0.0006 1.0000 -0.0004
vn 0.0012 1.0000 0.0001
vn 0.0009 1.0000 0.0021
vn -0.0017 1.0000 0.0005
vn 0.0008 1.0000 0.0006
vn 0.0041 1.0000 0.0026
vn 0.0010 1.0000 0.0005
vn -0.0006 1.0000 -0.0005
vn -0.0035 1.0000 0.0069
vn 0.0033 1.0000 0.0034
vn 0.0008 1.0000 -0.0013
vn -0.0021 1.0000 -0.0079
vn 0.0110 0.9999 0.0001
vn -0.0144 0.9999 0.0019
vn -0.0172 0.9937 0.1111
vn 0.0445 0.9986 0.0292
vn 0.2810 0.8582 -0.4296
vn 0.2581 0.8645 -0.4314
vn 0.2736 0.8684 -0.4136
vn 0.0470 0.9069 0.4186
vn -0.0860 0.3048 0.9485
vn -0.1770 0.9841 0.0136
vn -0.1068 0.6243 0.7739
vn 0.0323 0.9892 -0.1427
vn 0.0857 0.9652 -0.2470
vn 0.0189 0.9972 -0.0721
vn 0.0350 0.9994 0.0011
vn -0.0519 0.9664 0.2519
vn 0.0795 0.9441 0.3201
vn -0.1495 0.8462 -0.5114
vn -0.0987 0.9906 0.0949
vn -0.0296 0.9993 0.0221
vn 0.0087 0.9993 -0.0355
vn 0.0111 0.9998 -0.0151
vn -0.0169 0.9973 0.0718
vn 0.3072 0.8596 0.4082
vn -0.0098 0.9265 0.3761
vn -0.0508 0.9101 0.4114
vn 0.0132 0.9917 -0.1278
vn 0.0301 0.9965 -0.0783
vn 0.0733 0.9937 -0.0848
vn 0.0020 0.9985 -0.0553
vn 0.0509 0.9947 -0.0898
vn 0.0511 0.9858 0.1600
vn -0.0098 0.9970 0.0762
vn -0.0123 0.9752 -0.2212
vn 0.2733 0.5312 0.8020
vn -0.2511 0.5292 0.8105
vn 0.0425 0.3885 0.9205
vn 0.0697 0.8805 0.4688
vn 0.0126 0.9787 0.2050
vn -0.0077 0.9996 0.0273
vn -0.0021 0.9999 -0.0103
vn 0.0031 0.9999 -0.0160
vn -0.0000 1.0000 -0.0015
vn -0.0095 0.9991 -0.0402
vn -0.0010 1.0000 -0.0037
vn 0.0147 0.9998 -0.0169
vn -0.0000 1.0000 0.0003
vn -0.0002 1.0000 -0.0029
vn -0.0005 1.0000 -0.0007
vn 0.0006 1.0000 0.0019
vn -0.0019 1.0000 0.0006
vn 0.0018 1.0000 -0.0026
vn 0.0011 1.0000 -0.0005
vn 0.0074 1.0000 -0.0035
vn 0.2395 0.9200 -0.3101
vn 0.0068 0.8260 -0.5636
vn 0.0097 0.6842 -0.7292
vn 0.2685 0.9618 -0.0535
vn 0.4346 0.8864 0.1592
vn -0.1090 0.4835 -0.8685
vn -0.1057 0.9921 -0.0681
vn -0.0976 0.9889 -0.1123
vn 0.1687 0.9792 -0.1128
vn -0.1313 0.8343 0.5354
vn 0.1986 0.6174 -0.7612
vn -0.5544 0.2222 0.8020
vn 0.0242 0.9504 0.3102
vn 0.2468 0.9674 0.0567
vn -0.0049 1.0000 -0.0049
vn -0.0011 1.0000 -0.0006
vn -0.0189 0.9994 0.0303
vn 0.0001 1.0000 0.0054
vn -0.1197 0.9881 0.0968
vn 0.0101 0.9999 0.0013
vn -0.3572 0.8789 0.3162
vn 0.0030 1.0000 0.0030
vn -0.0064 0.9999 0.0133
vn -0.0332 0.9993 0.0166
vn 0.0025 1.0000 0.0014
vn -0.0007 1.0000 0.0025
vn 0.0003 1.0000 -0.0017
vn 0.0021 1.0000 0.0021
vn -0.0022 1.0000 -0.0017
vn 0.0113 0.9997 -0.0225
vn -0.0476 0.9988 -0.0116
vn 0.0469 0.9982 -0.0369
vn 0.0235 0.9997 0.0107
vn 0.0639 0.9972 -0.0389
vn -0.1376 0.9905 0.0073
vn -0.0205 0.9991 0.0374
vn -0.0013 0.9993 -0.0382
vn -0.0040 0.9999 -0.0108
vn 0.0181 0.9998 0.0002
vn 0.0545 0.9778 0.2023
vn 0.0110 0.9929 0.1184
vn -0.0059 0.9998 0.0193
vn 0.0083 0.9999 0.0079
vn 0.0118 0.9999 0.0024
vn 0.0450 0.9990 -0.0060
vn 0.0019 1.0000 0.0043
vn -0.0017 0.9998 -0.0180
vn -0.0291 0.9244 0.3803
vn 0.1339 0.9723 0.1915
vn 0.1642 0.9826 0.0870
vn 0.2416 0.9676 -0.0732
vn 0.2203 0.8917 -0.3955
vn 0.1548 0.9877 0.0222
vn -0.0278 0.9989 0.0368
vn -0.1281 0.9502 -0.2842
vn -0.1175 0.9255 -0.3600
vn -0.2024 0.7900 -0.5787
vn 0.2266 0.9029 -0.3652
vn 0.0815 0.9963 0.0261
vn -0.0195 0.9633 0.2676
vn -0.0007 1.0000 -0.0003
vn 0.0004 1.0000 -0.0015
vn 0.0057 1.0000 -0.0012
vn 0.1360 0.9615 0.2389
vn 0.0027 0.9980 -0.0632
vn 0.0855 0.9689 0.2322
vn -0.1137 0.8682 -0.4830
vn -0.2106 0.7717 -0.6001
vn -0.1616 0.8509 -0.4998
vn -0.0077 0.9336 0.3582
vn 0.0003 0.9995 -0.0318
vn -0.4337 0.8741 -0.2186
vn -0.2722 0.9614 -0.0413
vn -0.7336 0.4052 -0.5455
vn 0.0003 1.0000 0.0007
vn 0.1135 0.9565 -0.2689
vn -0.0343 0.9967 -0.0736
vn -0.0114 0.9998 -0.0172
vn -0.4087 0.0873 0.9085
vn 0.0071 0.9999 0.0147
vn 0.0177 0.9998 0.0013
vn -0.0230 0.9997 0.0103
vn -0.0086 0.9999 -0.0072
vn 0.0086 0.9989 -0.0457
vn -0.0146 0.9995 0.0293
vn -0.0215 0.9994 0.0268
vn -0.0061 0.9925 0.1222
vn 0.0632 0.8550 -0.5148
vn 0.0217 0.9994 -0.0257
vn 0.0356 0.9993 0.0074
vn -0.0065 0.9980 -0.0624
vn -0.0035 0.9997 -0.0260
vn -0.0005 1.0000 -0.0046
vn -0.0021 1.0000 -0.0064
vn -0.0002 1.0000 -0.0008
vn 0.0001 1.0000 0.0006
vn 0.0015 1.0000 -0.0007
vn 0.0059 1.0000 -0.0020
vn 0.0068 1.0000 -0.0024
vn 0.0014 1.0000 -0.0004
vn 0.0032 1.0000 0.0020
vn 0.0011 1.0000 0.0007
vn -0.0015 1.0000 0.0017
vn 0.0005 1.0000 -0.0003
vn -0.0001 1.0000 0.0007
vn -0.0008 1.0000 0.0012
vn -0.0007 1.0000 0.0015
vn -0.0018 1.0000 -0.0028
vn -0.0020 1.0000 -0.0031
vn -0.0025 1.0000 -0.0042
vn 0.0016 0.9071 -0.4209
vn 0.0007 1.0000 -0.0000
vn -0.0016 1.0000 0.0060
vn 0.0274 0.7581 -0.6515
vn -0.0024 1.0000 -0.0015
vn -0.1729 0.8007 -0.5736
vn -0.0750 0.9971 -0.0150
vn -0.2244 0.9703 -0.0900
vn 0.0330 0.9467 0.3204
vn -0.0408 0.9963 -0.0762
vn -0.1076 0.9712 -0.2127
vn -0.0176 0.2728 -0.9619
vn 0.1009 0.9379 0.3320
vn -0.0854 0.8127 0.5763
vn -0.0733 0.9848 -0.1572
vn 0.2046 0.9052 -0.3725
vn 0.2795 0.8722 -0.4015
vn 0.1966 0.9016 -0.3853
vn 0.1548 0.3602 0.9200
vn 0.1238 0.9592 0.2543
vn 0.2285 0.7905 0.5683
vn 0.0240 0.8328 0.5530
vn 0.3397 0.9335 0.1151
vn -0.2832 -0.1605 0.9455
vn 0.3430 0.6554 0.6729
vn 0.1372 -0.5893 -0.7962
vn -0.1868 0.0182 0.9822
vn 0.0412 0.3044 -0.9517
vn -0.0272 0.9972 -0.0703
vn -0.2445 0.9290 0.2778
vn 0.3379 0.3737 -0.8638
vn -0.0138 0.9979 0.0632
vn 0.0015 1.0000 0.0011
vn 0.0042 1.0000 0.0087
vn 0.0034 1.0000 0.0035
vn -0.0006 1.0000 0.0013
vn -0.0013 1.0000 -0.0007
vn 0.0051 1.0000 0.0035
vn 0.0025 1.0000 0.0036
vn -0.0014 1.0000 -0.0013
vn 0.0041 1.0000 0.0072
vn 0.1534 0.9855 0.0720
vn -0.2622 0.9341 -0.2423
vn -0.2624 0.9342 -0.2417
vn -0.0127 0.9999 0.0103
vn 0.0048 0.9999 0.0094
vn -0.0025 1.0000 0.0021
vn 0.0005 1.0000 0.0011
vn 0.0154 0.9996 0.0232
vn 0.0004 1.0000 0.0030
vn 0.0009 1.0000 0.0038
vn -0.0023 1.0000 -0.0022
vn -0.0011 1.0000 -0.0013
vn -0.0062 1.0000 -0.0037
vn 0.0017 1.0000 0.0016
vn 0.0001 0.9992 -0.0389
vn 0.1325 0.9899 -0.0501
vn 0.6865 0.6947 0.2146
vn 0.0720 0.9859 -0.1513
vn 0.0278 0.9380 -0.3456
vn 0.2417 0.9554 -0.1698
vn 0.0199 0.9997 0.0105
vn 0.2776 0.9483 0.1541
vn -0.0282 0.9991 -0.0324
vn -0.0178 0.9996 -0.0226
vn 0.0727 0.9935 -0.0872
vn -0.0035 0.9988 0.0494
vn -0.0212 0.9987 -0.0457
vn -0.0886 0.9951 0.0436
vn 0.0816 0.9967 -0.0028
vn -0.0073 0.9909 0.1341
vn 0.0012 1.0000 0.0047
vn -0.0241 0.9997 -0.0012
vn -0.0258 0.9997 0.0009
vn -0.1742 0.5951 0.7845
vn -0.1704 0.9846 0.0383
vn -0.0220 0.5754 0.8176
vn -0.4215 0.9050 -0.0569
vn -0.2838 0.9438 -0.1693
vn -0.2943 0.9519 -0.0857
vn -0.0505 0.9895 0.1356
vn -0.1780 0.9780 0.1083
vn 0.0017 1.0000 -0.0013
vn 0.0039 1.0000 0.0044
vn -0.0143 0.9999 0.0048
vn -0.4160 0.8790 -0.2329
vn -0.0113 0.9995 -0.0285
vn 0.0674 0.9827 0.1724
vn -0.1270 0.6914 -0.7112
vn -0.0972 0.8144 -0.5721
vn -0.1599 0.9481 -0.2748
vn 0.0074 0.9993 -0.0365
vn -0.0126 0.9999 -0.0047
vn 0.0005 1.0000 -0.0088
vn -0.0072 1.0000 -0.0018
vn 0.0004 0.9999 -0.0166
vn -0.0005 1.0000 -0.0002
vn -0.0036 1.0000 0.0045
vn -0.0666 0.9912 0.1140
vn 0.0161 0.9952 -0.0967
vn 0.0199 0.9998 0.0073
vn 0.0072 0.9993 -0.0380
vn 0.0306 0.9995 -0.0082
vn -0.1602 0.9831 -0.0885
vn 0.2109 0.9726 -0.0977
vn 0.4318 0.8970 -0.0948
vn -0.0626 0.9971 -0.0425
vn 0.0083 0.9601 0.2796
vn 0.2608 0.7361 -0.6246
vn -0.2901 0.9561 0.0424
vn 0.3069 0.9492 -0.0691
vn 0.0500 0.9808 -0.1883
vn 0.0225 0.9984 -0.0511
vn 0.1934 0.9800 0.0479
vn -0.0208 0.9998 0.0026
vn -0.0435 0.9794 -0.1972
vn -0.0221 0.9977 -0.0643
vn -0.0003 1.0000 -0.0052
vn -0.0003 1.0000 -0.0077
vn 0.0028 1.0000 0.0012
vn 0.0021 1.0000 -0.0019
vn -0.0000 1.0000 -0.0016
vn -0.0020 1.0000 -0.0020
vn -0.0004 1.0000 -0.0000
vn -0.0029 1.0000 -0.0024
vn -0.0004 1.0000 0.0004
vn 0.0025 1.0000 0.0006
vn -0.0008 1.0000 -0.0002
vn -0.0013 1.0000 0.0027
vn -0.0019 1.0000 0.0037
vn 0.0027 1.0000 -0.0057
vn 0.0010 1.0000 -0.0017
vn -0.0002 1.0000 -0.0026
vn 0.0080 1.0000 -0.0024
vn -0.0030 0.9999 0.0097
vn 0.0586 0.6616 -0.7476
vn -0.0042 0.9887 0.1500
vn 0.3066 0.9217 -0.2375
vn -0.4530 0.8816 -0.1327
vn 0.1331 0.9841 -0.1178
vn 0.2920 0.9304 -0.2214
vn -0.4315 0.7416 -0.5137
vn -0.7037 0.5513 -0.4481
vn -0.2714 0.6869 -0.6742
vn -0.3559 0.8299 -0.4296
vn 0.2229 0.4876 0.8441
vn -0.0960 0.9792 0.1790
vn -0.0537 0.9508 0.3050
vn -0.0478 0.9675 0.2484
vn -0.6037 0.7794 -0.1676
vn 0.3524 0.7604 0.5455
vn -0.0033 0.8938 0.4485
vn 0.0001 0.9999 0.0126
vn -0.0016 1.0000 0.0027
vn -0.0025 1.0000 -0.0020
vn -0.0003 1.0000 0.0006
vn 0.0011 1.0000 0.0012
vn -0.0003 1.0000 -0.0017
vn 0.0009 1.0000 0.0009
vn 0.0008 1.0000 -0.0002
vn -0.0000 1.0000 0.0008
vn 0.0054 1.0000 0.0010
vn -0.0395 0.9922 -0.1179
vn -0.0015 1.0000 -0.0027
vn -0.0011 1.0000 -0.0005
vn 0.1184 0.9908 0.0650
vn 0.6459 0.6798 0.3473
vn -0.5507 0.8277 -0.1080
vn -0.1783 0.9828 -0.0471
vn -0.1691 0.9839 -0.0571
vn -0.0911 0.9928 -0.0781
vn -0.1211 0.9862 -0.1127
vn 0.0563 0.9984 -0.0022
vn 0.0554 0.9985 0.0004
vn -0.1133 0.9935 -0.0077
vn 0.0136 0.9994 0.0316
vn -0.0430 0.9915 0.1225
vn 0.0026 0.9990 0.0450
vn -0.1218 0.9922 0.0281
vn 0.0051 0.9920 -0.1262
vn -0.0327 0.9988 -0.0373
vn 0.0276 0.9062 -0.4220
vn -0.4604 0.7196 0.5199
vn 0.0427 0.9961 0.0771
vn 0.0071 0.9811 0.1933
vn 0.0774 0.9787 0.1900
vn 0.0058 1.0000 -0.0072
vn -0.0008 1.0000 -0.0001
vn 0.0145 0.9999 -0.0022
vn -0.0052 1.0000 0.0010
vn 0.0013 1.0000 0.0032
vn 0.0116 0.9937 0.1112
vn 0.0239 0.9994 -0.0243
vn -0.1289 0.9908 0.0404
vn 0.0114 0.9996 -0.0239
vn 0.0627 0.9979 -0.0139
vn -0.0233 0.9981 0.0566
vn 0.0114 0.9999 -0.0118
vn -0.1651 0.9800 0.1115
vn 0.0341 0.9994 0.0018
vn -0.0927 0.9955 0.0192
vn 0.1388 0.9886 -0.0582
vn 0.9303 0.0458 0.3638
vn 0.9268 0.0368 0.3737
vn 0.8879 0.0427 0.4580
vn -0.0013 1.0000 0.0021
vn -0.0012 1.0000 -0.0003
vn -0.0051 0.9999 0.0133
vn -0.0010 1.0000 0.0019
vn -0.0007 1.0000 -0.0016
vn -0.0004 1.0000 -0.0037
vn 0.0004 1.0000 -0.0049
vn 0.0064 0.9994 0.0342
vn -0.3058 0.9503 -0.0582
vn -0.0471 0.9902 -0.1318
vn 0.0037 1.0000 0.0035
vn -0.0026 0.9977 -0.0670
vn -0.0257 0.9659 -0.2578
vn -0.0131 0.9992 -0.0379
vn -0.0368 0.9993 -0.0067
vn -0.0967 0.9938 0.0549
vn -0.2893 0.9169 0.2751
vn 0.0720 0.9945 -0.0763
vn 0.0014 0.8919 -0.4523
vn -0.0910 0.9851 -0.1456
vn 0.0251 0.9897 -0.1409
vn 0.0672 0.9919 -0.1079
vn -0.0762 0.9516 -0.2978
vn 0.2026 0.9313 -0.3027
vn -0.0022 0.9999 -0.0162
vn -0.0052 1.0000 -0.0059
vn 0.0001 1.0000 -0.0049
vn -0.0001 1.0000 -0.0013
vn 0.0003 1.0000 -0.0012
vn 0.0010 1.0000 -0.0004
vn 0.0001 1.0000 0.0018
vn -0.0002 1.0000 0.0019
vn -0.0031 1.0000 0.0026
vn -0.0030 1.0000 -0.0005
vn -0.0035 1.0000 -0.0007
vn -0.0018 1.0000 -0.0011
vn -0.0063 1.0000 -0.0047
vn 0.0039 1.0000 0.0022
vn 0.0031 1.0000 -0.0007
vn 0.0005 1.0000 0.0006
vn -0.0008 1.0000 -0.0011
vn -0.0001 1.0000 -0.0015
vn -0.0002 1.0000 -0.0007
vn 0.0030 1.0000 -0.0042
vn -0.0013 1.0000 -0.0004
vn 0.0001 1.0000 -0.0014
vn -0.0014 1.0000 0.0028
vn 0.0001 1.0000 0.0040
vn 0.0271 0.9989 -0.0373
vn -0.0801 0.8294 -0.5529
vn 0.0080 0.5202 0.8540
vn -0.5654 0.7477 -0.3481
vn -0.2114 0.9772 -0.0221
vn 0.1316 0.9413 -0.3110
vn 0.6377 0.7504 0.1740
vn 0.1483 0.9787 0.1423
vn -0.0426 0.9681 0.2468
vn -0.1154 0.9884 0.0986
vn -0.1245 0.9921 0.0173
vn -0.0208 0.9997 0.0090
vn -0.3371 0.8973 0.2849
vn 0.1003 0.9938 -0.0482
vn -0.5005 0.8608 0.0927
vn 0.1325 0.9883 0.0756
vn 0.0580 0.9978 0.0323
vn 0.0633 0.9854 0.1583
vn -0.0351 0.4657 0.8843
vn -0.0297 0.9918 -0.1246
vn 0.0484 0.9985 -0.0252
vn -0.0052 0.9990 -0.0437
vn -0.2541 0.9633 -0.0862
vn 0.0129 0.9998 -0.0182
vn 0.0056 0.9998 -0.0166
vn -0.0608 0.9900 -0.1274
vn 0.0016 1.0000 -0.0019
vn 0.0010 1.0000 -0.0050
vn -0.0024 1.0000 -0.0005
vn 0.0002 1.0000 0.0002
vn 0.0021 1.0000 0.0040
vn -0.0051 1.0000 -0.0023
vn 0.0002 1.0000 -0.0017
vn -0.0013 1.0000 0.0014
vn 0.0015 0.9997 -0.0241
vn -0.0637 0.9955 -0.0695
vn -0.0473 0.9989 0.0041
vn -0.0805 0.9967 0.0122
vn 0.0371 0.9627 -0.2682
vn 0.0570 0.9952 0.0791
vn -0.0110 0.9980 0.0630
vn -0.1258 0.9673 -0.2201
vn -0.2023 0.9700 0.1346
vn -0.3843 0.9157 -0.1175
vn -0.3832 0.8127 -0.4390
vn -0.5311 -0.1007 -0.8413
vn -0.1697 0.9725 -0.1592
vn 0.0851 0.9902 0.1108
vn 0.3309 0.9298 0.1610
vn -0.1980 0.9736 0.1137
vn -0.1858 0.9749 0.1230
vn -0.0203 0.9992 -0.0344
vn -0.0650 0.9756 -0.2099
vn 0.2795 0.9320 -0.2309
vn 0.0431 0.9965 -0.0715
vn 0.3693 0.9287 0.0331
vn 0.0661 0.9976 0.0219
vn -0.1198 0.9913 -0.0550
vn 0.0719 0.9954 -0.0638
vn -0.0025 0.9698 -0.2438
vn 0.0560 0.9846 -0.1655
vn 0.1865 0.9521 -0.2423
vn -0.0044 1.0000 -0.0082
vn -0.0965 0.9952 -0.0188
vn -0.0072 0.9999 -0.0071
vn 0.0268 0.9995 0.0145
vn -0.0127 0.9996 0.0265
vn 0.8233 0.4168 0.3853
vn -0.2059 0.9741 0.0939
vn -0.0496 0.9910 -0.1243
vn -0.0917 0.9958 -0.0031
vn -0.1911 0.9812 0.0276
vn -0.0200 0.9359 -0.3516
vn -0.0131 0.9983 -0.0577
vn 0.0596 0.7789 0.6243
vn -0.0250 0.9958 -0.0886
vn -0.2970 0.8995 0.3205
vn 0.3476 0.9337 -0.0863
vn 0.0020 0.9944 -0.1055
vn -0.1177 0.9886 -0.0937
vn -0.0320 0.9976 -0.0620
vn 0.0130 0.9999 0.0017
vn 0.0049 1.0000 -0.0024
vn 0.0045 1.0000 -0.0014
vn -0.3236 0.9154 0.2395
vn -0.0304 0.9967 0.0750
vn -0.1221 0.9661 0.2275
vn 0.1105 0.9935 0.0276
vn 0.0368 0.9973 -0.0641
vn 0.0252 0.9994 -0.0240
vn 0.0795 0.9861 -0.1456
vn 0.0006 1.0000 -0.0072
vn 0.0015 1.0000 0.0015
vn 0.0026 0.9999 0.0114
vn -0.0089 1.0000 -0.0016
vn 0.0110 0.9986 -0.0508
vn -0.0009 1.0000 -0.0036
vn -0.0017 1.0000 -0.0053
vn -0.0052 1.0000 0.0077
vn -0.0004 1.0000 0.0010
vn 0.0022 0.9999 0.0102
vn -0.0001 1.0000 0.0006
vn 0.0009 1.0000 -0.0000
vn 0.0015 1.0000 -0.0016
vn -0.0005 1.0000 0.0002
vn 0.0006 1.0000 0.0006
vn 0.0003 1.0000 -0.0022
vn 0.0007 1.0000 0.0018
vn -0.0008 1.0000 -0.0009
vn 0.0006 1.0000 -0.0036
vn -0.0011 1.0000 -0.0026
vn -0.0042 1.0000 0.0020
vn -0.0025 1.0000 -0.0011
vn -0.0027 0.9904 -0.1385
vn -0.0564 0.4144 -0.9084
vn -0.0457 0.9342 -0.3539
vn -0.0255 0.9697 0.2431
vn -0.0469 0.1244 -0.9911
vn 0.0107 0.9953 -0.0961
vn 0.1192 0.9858 -0.1184
vn -0.0062 0.9980 -0.0622
vn 0.0647 0.7924 -0.6065
vn 0.6368 0.5041 -0.5835
vn 0.0285 0.9684 0.2476
vn 0.0129 0.9915 0.1295
vn 0.6197 0.4906 0.6127
vn 0.2880 0.9332 -0.2150
vn 0.0662 0.9943 0.0834
vn -0.0190 0.7515 0.6595
vn 0.0292 0.9983 0.0507
vn 0.0101 0.9981 0.0614
vn 0.0229 0.9559 0.2928
vn -0.0155 0.9104 0.4135
vn 0.0647 0.9407 0.3329
vn -0.0084 0.9986 -0.0524
vn -0.3739 0.8987 -0.2293
vn -0.0213 0.9991 -0.0377
vn -0.0000 1.0000 -0.0023
vn 0.0027 1.0000 -0.0005
vn 0.0008 1.0000 -0.0014
vn 0.1557 0.9877 -0.0166
vn 0.5866 0.7803 -0.2168
vn -0.0370 0.7975 0.6022
vn 0.5222 0.8006 -0.2937
vn 0.2193 0.9748 0.0416
vn 0.1555 0.7890 -0.5944
vn -0.0883 0.9677 0.2360
vn 0.0839 0.9965 -0.0022
vn -0.0004 0.9965 -0.0836
vn -0.1508 0.9883 -0.0224
vn 0.3471 0.8782 0.3289
vn 0.5734 0.8134 0.0974
vn -0.4508 0.8783 -0.1595
vn -0.0569 0.9964 -0.0631
vn 0.0020 1.0000 -0.0070
vn 0.2148 0.9619 0.1690
vn 0.1056 0.9927 0.0582
vn 0.0813 0.9361 -0.3423
vn 0.0984 0.9328 -0.3468
vn 0.7235 0.5573 0.4073
vn 0.0983 0.9064 -0.4107
vn -0.4057 0.8997 0.1610
vn -0.4437 0.8716 0.2083
vn -0.4164 0.8839 0.2129
vn -0.2433 0.9671 0.0743
vn 0.2598 0.9243 0.2795
vn -0.3072 0.9505 0.0456
vn -0.1319 0.9909 0.0273
vn -0.1270 0.9898 0.0647
vn -0.1247 0.9724 0.1973
vn -0.1743 0.9761 0.1300
vn -0.1149 0.9486 0.2949
vn -0.0385 0.8763 -0.4803
vn -0.1561 0.9581 -0.2400
vn 0.0334 0.9926 -0.1171
vn 0.1210 0.9536 -0.2755
vn 0.5308 0.7727 -0.3481
vn 0.5777 0.5624 -0.5915
vn 0.8101 0.5831 -0.0607
vn -0.0551 0.9969 0.0559
vn 0.1876 0.9819 0.0255
vn 0.7714 -0.0635 0.6332
vn -0.1206 0.9879 0.0980
vn 0.5110 0.5094 0.6924
vn 0.0003 1.0000 0.0038
vn -0.0395 0.9958 -0.0826
vn 0.0021 1.0000 0.0048
vn 0.0230 0.9997 0.0084
vn -0.0006 0.9987 -0.0517
vn -0.0431 0.9615 0.2715
vn 0.0049 1.0000 -0.0001
vn 0.0003 1.0000 -0.0013
vn -0.0019 1.0000 -0.0065
vn 0.0011 1.0000 -0.0001
vn 0.0008 1.0000 -0.0004
vn -0.0004 1.0000 0.0017
vn 0.0008 1.0000 -0.0000
vn 0.0004 1.0000 0.0022
vn -0.0006 1.0000 0.0002
vn -0.0009 0.9999 0.0117
vn 0.0233 0.9996 0.0157
vn -0.0464 0.9907 -0.1279
vn -0.0251 0.9997 0.0045
vn -0.0086 0.9986 -0.0524
vn 0.0325 0.9991 -0.0257
vn 0.1403 0.9892 -0.0430
vn -0.0129 0.9962 0.0863
vn 0.1186 0.7804 -0.6140
vn -0.0276 0.9213 -0.3879
vn 0.2434 0.8584 -0.4515
vn 0.2039 0.9627 -0.1778
vn 0.2200 0.9728 -0.0725
vn 0.1254 0.9855 0.1147
vn 0.3163 0.9406 0.1237
vn -0.2054 0.8601 -0.4670
vn -0.0041 0.9958 0.0910
vn 0.0465 0.9892 0.1392
vn -0.0361 0.8555 0.5165
vn 0.2922 0.9475 0.1301
vn 0.1917 0.9471 0.2576
vn 0.0260 0.9935 -0.1110
vn 0.0006 1.0000 -0.0000
vn 0.0010 1.0000 -0.0001
vn 0.0010 1.0000 -0.0015
vn -0.0001 1.0000 -0.0014
vn -0.0025 1.0000 -0.0003
vn 0.0059 1.0000 0.0037
vn 0.0048 1.0000 0.0033
vn -0.0016 0.9999 -0.0114
vn -0.0006 1.0000 -0.0000
vn 0.0047 0.9994 -0.0349
vn 0.0001 1.0000 -0.0009
vn -0.0014 1.0000 -0.0086
vn -0.0026 0.9996 -0.0278
vn 0.1761 0.9781 -0.1110
vn 0.2825 0.9333 -0.2217
vn -0.0713 0.9698 -0.2334
vn 0.1770 0.9463 0.2705
vn -0.0647 0.9975 0.0282
vn -0.0281 0.9937 0.1081
vn 0.0840 0.9820 0.1691
vn 0.0532 0.9969 -0.0576
vn 0.0057 0.9933 0.1153
vn -0.0466 0.9945 0.0942
vn 0.2645 0.9611 -0.0790
vn -0.1483 0.9883 -0.0350
vn -0.4380 0.8944 0.0910
vn -0.1551 0.9560 -0.2489
vn -0.0812 0.9814 -0.1737
vn -0.0438 0.9509 -0.3064
vn -0.2514 0.9189 -0.3041
vn -0.5724 0.7642 -0.2972
vn -0.9369 0.2505 -0.2438
vn -0.1732 0.9750 0.1392
vn 0.1945 0.9489 -0.2485
vn -0.0134 0.9929 -0.1185
vn -0.4363 0.6401 0.6324
vn 0.4808 -0.8515 0.2092
vn -0.0609 0.9657 0.2524
vn -0.3364 0.9130 -0.2307
vn -0.8762 0.4768 0.0700
vn -0.3032 0.8362 -0.4570
vn -0.1159 0.4880 -0.8651
vn -0.5682 0.8163 -0.1043
vn -0.1469 0.9890 -0.0189
vn -0.3615 0.9098 -0.2038
vn 0.2509 0.9476 0.1979
vn 0.2080 0.9359 0.2843
vn 0.1259 0.9385 0.3215
vn -0.8263 0.0504 -0.5610
vn 0.2138 0.9127 0.3481
vn 0.2059 0.9733 0.1016
vn 0.4456 0.8693 0.2140
vn -0.4003 0.9155 -0.0403
vn 0.3622 0.9227 0.1319
vn 0.0639 0.8527 -0.5185
vn -0.0430 0.9936 -0.1041
vn -0.4041 0.8199 -0.4056
vn 0.1311 0.9908 0.0320
vn 0.6733 0.7224 -0.1576
vn 0.2376 0.9558 -0.1733
vn 0.4435 0.8888 -0.1158
vn -0.1305 0.9914 0.0085
vn 0.0730 0.9690 0.2359
vn -0.3383 0.9354 -0.1029
vn -0.3139 0.9271 -0.2050
vn -0.0149 0.9992 0.0358
vn -0.1352 0.9835 -0.1206
vn 0.0179 0.9676 -0.2520
vn -0.1682 0.9857 0.0053
vn -0.7389 0.6320 -0.2338
vn -0.7719 0.6293 -0.0902
vn -0.0735 -0.9515 -0.2989
vn -0.8044 0.4726 0.3601
vn 0.1786 0.6154 -0.7677
vn 0.0757 0.3636 -0.9285
vn -0.0644 0.7374 -0.6724
vn 0.2478 0.9686 0.0175
vn 0.1354 0.8931 0.4291
vn 0.3190 0.9326 0.1685
vn -0.4183 0.9082 -0.0112
vn -0.2687 0.9604 0.0741
vn -0.2583 0.9575 0.1283
vn 0.3353 0.6565 0.6757
vn -0.0239 0.9991 -0.0341
vn -0.1018 0.9941 -0.0373
vn -0.0006 0.9970 -0.0777
vn 0.0004 1.0000 -0.0030
vn 0.0009 1.0000 0.0019
vn 0.0003 1.0000 -0.0011
vn -0.0012 1.0000 0.0001
vn 0.0006 1.0000 0.0008
vn 0.0011 1.0000 0.0008
vn -0.1483 0.9601 0.2370
vn 0.0110 0.9999 0.0094
vn 0.0222 0.9750 -0.2210
vn -0.1816 0.4758 0.8606
vn 0.0458 0.9405 -0.3368
vn -0.0241 0.8454 -0.5336
vn -0.2692 -0.1110 -0.9567
vn 0.0468 0.3374 -0.9402
vn -0.0770 -0.5415 0.8372
vn 0.2347 0.9719 0.0177
vn -0.0387 0.9608 0.2744
vn 0.5844 0.6154 -0.5289
vn 0.0325 0.9978 -0.0578
vn -0.1435 0.7630 0.6303
vn -0.0147 -0.1017 0.9947
vn -0.0702 0.9973 -0.0219
vn -0.2859 0.8802 -0.3787
vn -0.4209 0.8996 -0.1162
vn 0.0899 0.9909 0.0999
vn 0.4092 0.6535 -0.6368
vn 0.5754 0.6906 0.4382
vn -0.4086 0.8296 0.3805
vn -0.2323 0.9612 0.1490
vn 0.0009 1.0000 -0.0005
vn 0.0010 1.0000 0.0012
vn 0.0004 1.0000 -0.0006
vn -0.0015 1.0000 -0.0005
vn -0.0015 1.0000 0.0003
vn -0.0038 1.0000 0.0007
vn -0.0165 0.9995 -0.0288
vn 0.4091 0.8883 -0.2086
vn -0.0037 0.9998 -0.0182
vn 0.6289 0.7771 -0.0236
vn 0.7659 0.6414 0.0448
vn 0.1328 0.9911 0.0130
vn 0.2040 0.9783 -0.0355
vn 0.1467 0.9847 0.0942
vn 0.0459 0.9965 0.0693
vn 0.9915 0.1259 0.0339
vn 0.1229 0.9343 -0.3346
vn 0.5409 0.7882 0.2937
vn -0.3427 0.9220 0.1803
vn 0.0941 0.9842 0.1498
vn 0.0947 0.9942 0.0506
vn 0.7507 0.6591 -0.0444
vn -0.0022 0.9989 0.0468
vn -0.1152 0.9899 -0.0824
vn 0.0507 0.9986 -0.0121
vn 0.2015 0.9788 0.0369
vn -0.2521 0.9677 0.0089
vn -0.0391 0.9991 0.0152
vn 0.0096 0.9984 -0.0555
vn 0.7373 0.6753 -0.0182
vn -0.2646 0.9542 0.1394
vn -0.4856 0.8737 -0.0278
vn 0.3108 0.8941 -0.3224
vn 0.0392 0.9985 -0.0384
vn -0.0429 0.9991 0.0076
vn 0.6109 0.7830 -0.1170
vn 0.4229 0.9031 -0.0749
vn 0.2935 0.9437 -0.1525
vn -0.4497 0.8747 -0.1807
vn -0.5674 0.8016 -0.1885
vn -0.5239 0.7959 -0.3035
vn 0.2241 0.9627 -0.1515
vn 0.8972 0.3850 -0.2161
vn 0.0432 0.9990 0.0087
vn -0.0449 0.9987 0.0258
vn -0.8290 0.5452 0.1247
vn -0.3145 0.9442 -0.0979
vn 0.0565 0.9836 -0.1714
vn 0.4589 0.8865 0.0597
vn -0.7005 0.6329 -0.3297
vn 0.5458 0.8379 0.0059
vn -0.7748 0.5643 -0.2852
vn 0.7453 0.6660 0.0312
vn 0.4061 0.9012 0.1510
vn 0.2084 0.9725 0.1037
vn -0.0487 0.9034 0.4260
vn -0.4056 0.6058 0.6845
vn 0.4846 0.8694 -0.0962
vn 0.0097 1.0000 0.0025
vn 0.3798 0.8667 -0.3233
vn 0.0289 0.8794 -0.4752
vn 0.1102 0.9763 -0.1862
vn -0.0139 0.9909 0.1341
vn 0.2398 0.9640 0.1148
vn -0.1984 0.9794 0.0370
vn 0.1542 0.9878 -0.0213
vn 0.3843 0.8803 0.2784
vn -0.0675 0.9977 0.0096
vn -0.0636 0.9975 -0.0320
vn -0.0300 0.9990 -0.0332
vn -0.3885 0.9133 -0.1224
vn 0.5691 0.7532 0.3299
vn 0.3014 0.9391 0.1652
vn 0.0578 0.9983 0.0036
vn -0.4296 0.8897 -0.1547
vn 0.0645 0.9979 -0.0111
vn 0.1427 0.9870 -0.0739
vn 0.0619 0.9980 -0.0153
vn 0.7802 0.6188 -0.0917
vn 0.5443 0.8371 -0.0547
vn 0.0341 0.9994 0.0023
vn -0.3880 0.8837 -0.2616
vn 0.1212 0.9926 -0.0068
vn 0.0462 0.9986 0.0239
vn 0.0368 0.9992 0.0128
vn 0.0080 0.9972 0.0750
vn -0.0223 0.9997 -0.0078
vn -0.0003 1.0000 -0.0003
vn -0.0009 1.0000 -0.0001
vn -0.0012 1.0000 -0.0006
vn -0.0007 1.0000 -0.0005
vn -0.0032 1.0000 -0.0003
vn -0.0009 1.0000 -0.0004
vn 0.0005 0.9998 0.0203
vn -0.0246 0.9990 -0.0368
vn -0.0643 0.9956 0.0683
vn -0.1927 0.9366 0.2926
vn -0.0348 0.7377 0.6743
vn -0.1387 0.7866 -0.6016
vn 0.0219 0.9291 -0.3692
vn -0.0603 0.6948 0.7167
vn 0.1031 0.9945 -0.0167
vn -0.0232 0.9988 -0.0424
vn 0.0169 0.9984 0.0544
vn 0.0095 0.9999 0.0109
vn 0.0053 1.0000 0.0009
vn -0.0013 1.0000 -0.0002
vn 0.0010 1.0000 0.0002
vn -0.0007 1.0000 -0.0000
vn 0.0103 0.9999 0.0029
vn 0.0003 1.0000 0.0006
vn -0.0057 1.0000 -0.0017
vn -0.1004 0.9942 -0.0374
vn 0.1552 0.7639 -0.6264
vn 0.0021 1.0000 0.0014
vn 0.0009 1.0000 0.0001
vn -0.2928 0.9515 0.0946
vn -0.0061 1.0000 -0.0010
vn -0.0094 1.0000 0.0012
vn 0.0031 1.0000 0.0024
vn 0.0106 0.9999 0.0084
vn -0.0071 0.9998 0.0170
vn 0.0009 1.0000 0.0089
vn -0.0013 1.0000 0.0051
vn 0.1338 0.9563 0.2600
vn 0.1819 0.9444 0.2740
vn -0.1409 0.9829 -0.1185
vn 0.0116 0.9997 -0.0199
vn 0.0035 1.0000 -0.0005
vn -0.0014 0.9998 -0.0176
vn 0.1681 0.9840 -0.0599
vn 0.0012 1.0000 0.0045
vn 0.0014 1.0000 0.0028
vn 0.0007 1.0000 -0.0035
vn 0.0308 0.9995 -0.0029
vn -0.0039 0.9999 -0.0098
vn 0.0483 0.9981 -0.0371
vn -0.0002 1.0000 0.0010
vn 0.2043 0.9715 -0.1203
vn -0.0723 0.9968 -0.0341
vn -0.1207 0.9885 -0.0910
vn 0.1308 0.9914 0.0024
vn 0.0269 0.9996 -0.0011
vn 0.0495 0.9988 -0.0067
vn -0.0773 0.9970 -0.0035
vn -0.0902 0.9924 0.0839
vn -0.0055 1.0000 -0.0003
vn 0.0203 0.9993 0.0314
vn -0.0371 0.9992 -0.0151
vn -0.0337 0.9988 -0.0366
vn 0.0989 0.9922 0.0763
vn 0.0342 0.9994 -0.0038
vn -0.0145 0.9997 -0.0172
vn 0.0429 0.9869 -0.1555
vn 0.0077 0.9998 -0.0184
vn -0.0910 0.9958 0.0106
vn -0.0971 0.9951 0.0168
vn -0.0945 0.9955 0.0117
vn -0.0019 0.9998 -0.0188
vn 0.0070 0.9999 -0.0090
vn 0.0080 0.9999 -0.0092
vn -0.0589 0.9981 -0.0187
vn -0.0120 0.9998 -0.0176
vn -0.0943 0.9955 0.0077
vn -0.0074 1.0000 0.0027
vn -0.0268 0.9996 -0.0030
vn -0.0018 1.0000 -0.0013
vn 0.0012 0.9990 0.0444
vn 0.0254 0.9989 -0.0392
vn 0.0168 0.9999 -0.0042
vn -0.0713 0.9737 0.2165
vn 0.0253 0.9494 0.3130
vn 0.0076 0.9999 0.0090
vn -0.0300 0.9965 -0.0779
vn 0.0063 1.0000 -0.0001
vn 0.0021 1.0000 0.0038
vn -0.1972 0.9791 0.0490
vn -0.0498 0.9456 0.3214
vn -0.0594 0.9981 0.0137
vn -0.0962 0.9944 -0.0442
vn -0.0711 0.9974 -0.0096
vn 0.0080 0.9997 -0.0228
vn 0.0577 0.9983 0.0072
vn -0.0010 1.0000 -0.0019
vn 0.0006 1.0000 -0.0045
vn -0.0011 1.0000 -0.0002
vn 0.0001 1.0000 0.0008
vn 0.0043 1.0000 0.0044
vn -0.0005 1.0000 -0.0006
vn 0.0018 1.0000 0.0005
vn -0.0006 1.0000 -0.0006
vn 0.0192 0.9997 -0.0119
vn -0.1587 0.9576 0.2404
vn -0.0930 0.9692 0.2281
vn -0.0938 0.9691 0.2283
vn -0.0935 0.9691 0.2281
vn 0.0023 0.9756 0.2198
vn 0.0724 0.9840 0.1628
vn 0.0468 0.9817 -0.1846
vn -0.1983 0.9531 -0.2288
vn 0.0241 0.9697 -0.2433
vn -0.1460 0.9276 -0.3438
vn -0.2401 0.3941 -0.8871
vn -0.1313 0.9717 -0.1964
vn 0.6553 0.3813 -0.6521
vn 0.0682 0.9975 0.0194
vn 0.0945 0.9828 0.1586
vn -0.1461 0.9835 0.1068
vn -0.0403 0.9527 0.3011
vn 0.3306 0.8853 0.3269
vn 0.3212 0.7927 0.5182
vn -0.0479 0.9989 -0.0022
vn 0.0088 0.9995 -0.0302
vn 0.0062 1.0000 0.0039
vn 0.0074 1.0000 0.0056
vn 0.3248 0.9172 -0.2308
vn 0.2168 0.9752 -0.0439
vn 0.0123 0.9938 0.1105
vn -0.0906 0.9959 0.0012
vn -0.0837 0.9927 -0.0870
vn 0.0250 0.9974 0.0680
vn 0.0286 0.9824 0.1847
vn 0.0144 0.9937 0.1109
vn -0.0035 1.0000 -0.0009
vn -0.3955 0.8925 -0.2168
vn 0.0427 0.9991 -0.0039
vn 0.1981 0.9796 0.0352
vn -0.2620 0.9649 0.0152
vn 0.8189 0.5722 -0.0453
vn -0.0754 0.9962 -0.0429
vn -0.1214 0.9926 0.0087
vn -0.0204 0.9994 -0.0267
vn 0.0029 1.0000 -0.0002
vn 0.0029 1.0000 0.0003
vn 0.9445 -0.3266 0.0348
vn 0.9890 -0.1479 0.0100
vn 0.9643 -0.2325 0.1267
vn 0.0354 0.9927 0.1153
vn -0.8415 0.5398 0.0207
vn -0.0657 0.9977 0.0163
vn -0.0011 1.0000 0.0003
vn 0.0048 1.0000 0.0008
vn 0.1567 0.9874 0.0228
vn 0.0526 0.9985 0.0147
vn 0.1475 0.9872 0.0609
vn 0.0017 1.0000 0.0009
vn 0.1038 0.9886 0.1091
vn 0.1030 0.9946 -0.0152
vn 0.1141 0.9931 -0.0281
vn 0.0422 0.9991 -0.0089
vn 0.0034 1.0000 -0.0027
vn 0.0047 1.0000 -0.0074
vn 0.1733 0.9790 -0.1076
vn 0.0769 0.9969 -0.0165
vn 0.0291 0.9996 -0.0047
vn 0.0118 0.9999 0.0001
vn 0.0533 0.9985 -0.0089
vn 0.0054 1.0000 -0.0001
vn 0.0584 0.9983 0.0039
vn 0.0087 0.9999 0.0148
vn 0.0574 0.9982 0.0196
vn 0.0692 0.9973 -0.0248
vn -0.0502 0.9950 0.0860
vn 0.2283 0.9730 0.0333
vn 0.4422 0.8943 0.0681
vn 0.2899 0.9527 -0.0916
vn 0.1686 0.9857 -0.0070
vn 0.2421 0.9697 0.0316
vn -0.0963 0.9953 0.0083
vn 0.0178 0.9998 0.0003
vn 0.0055 1.0000 -0.0014
vn 0.0296 0.9993 -0.0232
vn 0.0550 0.9933 -0.1012
vn 0.0089 1.0000 -0.0018
vn 0.0011 1.0000 0.0019
vn -0.0106 0.9999 0.0052
vn -0.0041 0.9822 -0.1876
vn -0.0942 0.9924 -0.0791
vn 0.0036 0.9999 0.0165
vn -0.0680 0.9976 -0.0096
vn -0.0225 0.9997 -0.0062
vn 0.1447 0.9888 -0.0364
vn 0.0374 0.9982 -0.0475
vn 0.0194 0.9997 -0.0134
vn -0.1603 0.9859 -0.0481
vn 0.1736 0.9824 -0.0696
vn 0.7861 0.6159 0.0521
vn 0.0924 0.9894 -0.1123
vn 0.0508 0.9986 -0.0135
vn 0.0957 0.9216 0.3761
vn 0.0017 0.7741 0.6330
vn -0.2902 0.9182 0.2694
vn -0.3756 0.8642 -0.3348
vn 0.0560 0.7939 0.6054
vn 0.0735 0.9942 0.0790
vn -0.0073 0.7171 -0.6969
vn -0.2503 0.9671 -0.0460
vn 0.1741 0.9486 0.2643
vn 0.2200 0.9558 0.1951
vn -0.6141 0.7883 0.0370
vn 0.5224 0.8494 0.0751
vn 0.0398 0.9965 -0.0731
vn 0.0148 0.9999 -0.0013
vn 0.2509 0.9569 -0.1463
vn 0.2549 0.9544 -0.1556
vn 0.2547 0.9560 -0.1453
vn 0.1721 0.9767 0.1281
vn 0.0317 0.9990 0.0301
vn 0.5701 0.8214 0.0188
vn -0.0161 0.9996 0.0251
vn 0.0117 0.9999 -0.0074
vn 0.0042 0.9999 -0.0120
vn 0.4855 0.8619 -0.1466
vn 0.3523 0.9359 0.0038
vn 0.0306 0.9964 -0.0786
vn 0.1427 0.9665 0.2135
vn 0.4994 0.8652 0.0446
vn 0.1920 0.6869 -0.7009
vn 0.0264 0.9825 -0.1845
vn -0.0300 0.9994 0.0161
vn -0.0567 0.9981 0.0233
vn -0.0054 0.9990 0.0442
vn 0.1030 0.9945 0.0171
vn -0.0314 0.9995 0.0073
vn -0.0152 0.9998 0.0112
vn -0.0565 0.9981 0.0240
vn 0.0067 0.9999 0.0074
vn 0.0508 0.9987 0.0006
vn -0.0107 0.9960 -0.0885
vn -0.0987 0.9947 0.0290
vn 0.0579 0.9894 0.1333
vn -0.2228 0.9727 0.0654
vn -0.0918 0.9895 -0.1119
vn -0.0191 0.9996 -0.0197
vn 0.0050 1.0000 -0.0042
vn -0.0851 0.9957 -0.0371
vn 0.0014 1.0000 0.0014
vn 0.0390 0.9990 -0.0208
vn -0.0718 0.9954 -0.0628
vn 0.1055 0.9944 -0.0000
vn 0.0121 0.9999 -0.0018
vn 0.2240 0.9746 0.0002
vn -0.0247 0.9917 -0.1262
vn -0.0962 0.9922 0.0787
vn 0.0110 0.9994 0.0315
vn -0.2612 0.9338 0.2445
vn -0.0306 0.9993 0.0217
vn -0.3212 0.8640 -0.3878
vn -0.4955 0.8542 0.1576
vn 0.0597 0.9649 0.2556
vn 0.1123 0.9861 0.1226
vn 0.1041 0.9942 0.0256
vn 0.0254 0.9997 0.0049
vn -0.1863 0.9819 0.0325
vn 0.0328 0.9994 0.0050
vn 0.3670 0.9299 -0.0245
vn 0.8459 0.5329 -0.0209
vn 0.0227 0.9865 -0.1624
vn 0.0462 0.9950 -0.0881
vn -0.0302 0.9995 0.0060
vn -0.6907 0.7212 -0.0529
vn 0.3476 0.9372 0.0296
vn 0.0608 0.9964 -0.0583
vn -0.0094 1.0000 -0.0023
vn -0.0242 0.9995 0.0218
vn -0.2702 0.9623 0.0323
vn -0.4530 0.8785 0.1518
vn 0.3496 0.9111 0.2181
vn -0.7421 0.4829 -0.4648
vn -0.5735 0.7523 -0.3241
vn -0.7807 0.5235 -0.3414
vn 0.9555 0.0175 -0.2943
vn 0.4704 0.7997 -0.3731
vn 0.4593 -0.8864 -0.0574
vn 0.4314 0.8411 0.3264
vn -0.0944 -0.9659 0.2412
vn -0.0153 -0.9995 -0.0273
vn 0.6287 -0.7773 -0.0252
vn -0.0555 -0.9984 -0.0117
vn -0.4107 -0.9093 -0.0673
vn 0.1380 -0.9882 -0.0660
vn -0.4895 -0.8696 -0.0649
vn 0.9621 -0.2722 -0.0166
vn 0.3632 -0.9192 -0.1522
vn 0.0045 -0.9656 -0.2598
vn -0.3721 -0.8996 -0.2287
vn 0.5864 -0.0528 -0.8083
vn 0.0969 -0.9926 -0.0729
vn -0.0821 -0.9966 0.0103
vn -0.1502 -0.9886 0.0113
vn 0.2412 -0.6444 0.7257
vn 0.3014 -0.5452 0.7823
vn 0.2287 -0.5398 0.8101
vn -0.0648 -0.6815 0.7289
vn -0.1349 -0.9894 0.0541
vn -0.9432 -0.2851 0.1707
vn -0.0008 -0.9994 -0.0355
vn -0.0387 -0.9895 -0.1392
vn 0.0013 -1.0000 -0.0095
vn -0.8457 -0.5152 -0.1393
vn -0.1256 -0.9921 -0.0073
vn -0.2139 -0.9769 0.0028
vn -0.1070 -0.9942 0.0115
vn -0.0905 -0.9939 0.0633
vn 0.0197 -0.9997 -0.0133
vn -0.0823 -0.9963 -0.0232
vn 0.7166 -0.6955 0.0531
vn -0.8291 -0.5591 0.0002
vn -0.6144 -0.7879 -0.0414
vn -0.1303 -0.9867 0.0976
vn -0.0608 -0.9981 0.0093
vn -0.0507 -0.9951 -0.0849
vn -0.0552 -0.9909 -0.1230
vn 0.2980 -0.9544 0.0170
vn -0.9993 0.0358 -0.0106
vn -0.0391 -0.9992 -0.0128
vn -0.0930 -0.9949 0.0384
vn 0.0771 -0.9969 0.0136
vn 0.4126 -0.9059 0.0951
vn 0.0261 -0.9986 -0.0450
vn 0.5807 -0.8141 -0.0036
vn -0.0805 -0.9926 -0.0904
vn -0.0503 -0.9971 -0.0576
vn -0.0425 -0.9942 -0.0984
vn -0.0918 -0.9932 -0.0713
vn 0.2171 -0.9732 -0.0766
vn -0.1046 -0.9898 0.0971
vn -0.0142 -0.9990 -0.0417
vn -0.1299 -0.9915 -0.0013
vn 0.7570 -0.6515 0.0499
vn 0.6847 -0.7285 0.0207
vn -0.0673 -0.9977 0.0070
vn -0.1936 -0.9811 0.0075
vn -0.2891 -0.9477 -0.1349
vn -0.3015 -0.9504 0.0767
vn -0.1922 -0.9811 -0.0244
vn 0.2717 -0.9240 -0.2692
vn -0.1542 -0.9880 0.0068
vn 0.0516 -0.9060 -0.4200
vn -0.2179 -0.9760 -0.0042
vn -0.0178 -0.9995 0.0266
vn -0.0890 -0.9947 0.0507
vn -0.2593 -0.9654 -0.0295
vn 0.9545 0.1572 -0.2532
vn 0.9573 -0.2420 -0.1580
vn 0.8911 -0.4390 -0.1146
vn -0.6156 -0.7879 0.0133
vn -0.2141 -0.9751 0.0582
vn -0.2257 -0.9348 -0.2743
vn 0.8765 -0.4806 -0.0280
vn -0.0849 -0.9961 0.0250
vn -0.2420 -0.9702 -0.0082
vn -0.1208 -0.9923 -0.0273
vn -0.2591 -0.9655 -0.0269
vn -0.0450 -0.9981 0.0431
vn -0.3019 -0.9384 0.1683
vn -0.0895 -0.9958 0.0196
vn -0.0427 -0.9991 -0.0083
vn -0.2809 -0.9597 -0.0034
vn -0.4165 -0.8806 0.2261
vn -0.7636 -0.6316 0.1342
vn 0.5804 -0.8143 0.0015
vn 0.5109 -0.8596 -0.0007
vn -0.3148 -0.9488 0.0274
vn -0.1828 -0.9830 -0.0154
vn 0.0108 -0.9992 -0.0390
vn 0.5316 -0.7925 0.2989
vn 0.0106 -0.9998 -0.0148
vn 0.1237 -0.9923 -0.0045
vn -0.0817 -0.9966 0.0058
vn 0.0065 -0.9942 0.1073
vn 0.0045 -0.9999 0.0096
vn 0.5341 -0.8452 -0.0202
vn -0.3050 -0.9471 0.0994
vn -0.1004 -0.9939 -0.0451
vn -0.2848 -0.8978 0.3358
vn -0.0373 -0.9632 0.2662
vn 0.5141 -0.7658 0.3862
vn -0.8842 0.4671 -0.0057
vn -0.7079 -0.7062 0.0094
vn -0.7334 0.6798 -0.0012
vn 0.7565 -0.3181 -0.5714
vn 0.3192 -0.9455 0.0637
vn 0.0446 -0.9990 -0.0081
vn 0.1339 -0.9905 -0.0300
vn -0.6368 -0.7692 -0.0531
vn -0.2730 -0.9428 -0.1916
vn 0.6352 -0.7061 -0.3129
vn -0.1040 -0.9881 0.1135
vn -0.6345 -0.7710 0.0537
vn -0.0528 -0.9922 0.1129
vn -0.3492 -0.9369 -0.0159
vn 0.2339 -0.9715 -0.0382
vn 0.0826 -0.9927 -0.0877
vn 0.1824 -0.9832 0.0076
vn 0.0982 -0.9950 -0.0178
vn -0.0487 -0.9963 0.0706
vn -0.0330 -0.9994 0.0049
vn 0.0189 -0.9998 -0.0001
vn 0.6811 -0.7318 -0.0243
vn -0.9001 -0.4299 0.0711
vn 0.2405 -0.9686 0.0636
vn -0.7795 -0.6163 0.1119
vn -0.0879 -0.9939 0.0663
vn -0.0031 -0.9897 0.1434
vn -0.0097 -0.9983 0.0574
vn -0.4362 -0.8995 -0.0264
vn -0.1722 -0.9839 -0.0479
vn -0.3446 -0.8358 -0.4274
vn -0.9939 -0.0830 -0.0725
vn -0.2464 -0.9647 0.0926
vn -0.2168 -0.9745 0.0578
vn -0.2894 -0.9571 0.0119
vn -0.0699 -0.9976 0.0036
vn 0.4209 -0.9067 -0.0271
vn -0.3470 -0.9375 -0.0268
vn -0.3426 -0.9391 -0.0262
vn -0.1120 -0.9937 -0.0027
vn 0.1358 -0.9891 -0.0565
vn 0.7212 -0.6692 -0.1788
vn 0.4555 -0.8900 0.0183
vn 0.4804 -0.8477 0.2248
vn 0.3056 -0.9519 -0.0224
vn -0.3118 -0.9369 -0.1584
vn -0.3952 -0.9164 0.0642
vn -0.1636 -0.9861 -0.0298
vn -0.4306 -0.8896 0.1523
vn 0.0794 -0.9968 0.0112
vn 0.2262 -0.9722 0.0612
vn 0.1723 -0.9850 -0.0056
vn 0.3288 -0.9433 0.0455
vn 0.2294 -0.9729 0.0299
vn -0.1249 -0.9919 0.0219
vn -0.0789 -0.9960 0.0428
vn -0.0464 -0.9989 0.0009
vn -0.0546 -0.9972 0.0505
vn -0.6519 -0.6487 -0.3926
vn -0.0388 -0.9970 0.0674
vn -0.2524 -0.8575 0.4484
vn -0.0051 -0.9957 0.0926
vn -0.0089 -1.0000 0.0029
vn -0.2739 -0.9601 -0.0562
vn 0.0064 -1.0000 -0.0046
vn -0.3291 -0.9436 0.0375
vn 0.0012 -1.0000 -0.0036
vn -0.3966 -0.9161 -0.0595
vn -0.0294 -0.9990 0.0330
vn -0.0063 -1.0000 0.0037
vn -0.0069 -1.0000 -0.0015
vn -0.0059 -1.0000 0.0005
vn -0.0041 -1.0000 0.0061
vn 0.0085 -1.0000 0.0040
vn 0.0003 -1.0000 0.0021
vn -0.0005 -1.0000 0.0009
vn -0.0059 -1.0000 -0.0024
vn 0.0200 -0.9998 -0.0000
vn 0.0009 -1.0000 0.0007
vn -0.4951 -0.8675 -0.0480
vn -0.0669 -0.9960 -0.0593
vn 0.0001 -1.0000 -0.0006
vn 0.0006 -1.0000 0.0034
vn 0.0020 -1.0000 0.0010
vn 0.0010 -1.0000 0.0014
vn 0.0199 -0.9988 0.0454
vn 0.0219 -0.9986 0.0489
vn 0.0227 -0.9987 0.0460
vn 0.0134 -0.9999 0.0066
vn 0.0124 -0.9999 -0.0060
vn 0.0092 -0.9999 0.0047
vn -0.0810 -0.9958 -0.0431
vn 0.0021 -1.0000 -0.0010
vn 0.0012 -1.0000 -0.0028
vn 0.0225 -0.9484 0.3162
vn -0.0109 -0.9995 0.0292
vn 0.7139 -0.6992 0.0373
vn 0.0019 -0.9999 0.0104
vn -0.0228 -0.9996 0.0151
vn -0.0025 -1.0000 0.0026
vn 0.0048 -1.0000 0.0010
vn -0.1221 -0.9919 0.0348
vn -0.1277 -0.9915 0.0252
vn -0.0074 -1.0000 -0.0015
vn -0.0018 -1.0000 -0.0056
vn -0.0003 -1.0000 0.0013
vn 0.0001 -1.0000 -0.0001
vn -0.0016 -1.0000 -0.0004
vn -0.0453 -0.9990 -0.0018
vn -0.0255 -0.9997 0.0056
vn 0.0001 -1.0000 0.0019
vn -0.0000 -1.0000 0.0016
vn -0.0000 -1.0000 0.0019
vn -0.0004 -1.0000 -0.0032
vn 0.0005 -1.0000 0.0005
vn 0.0018 -0.9997 -0.0228
vn -0.0000 -1.0000 -0.0059
vn 0.0387 -0.9987 -0.0333
vn 0.0077 -1.0000 -0.0035
vn 0.0013 -1.0000 0.0055
vn 0.1564 -0.9851 -0.0709
vn -0.0255 -0.9770 0.2116
vn -0.0228 -0.9997 0.0132
vn -0.1058 -0.9934 0.0433
vn -0.0233 -0.9996 0.0157
vn -0.0161 -0.9999 -0.0038
vn -0.0051 -1.0000 -0.0054
vn -0.0004 -1.0000 0.0026
vn 0.0139 -0.9999 0.0050
vn 0.0257 -0.9894 -0.1426
vn -0.0041 -1.0000 -0.0038
vn -0.0040 -1.0000 0.0007
vn 0.1016 -0.9948 0.0026
vn 0.0055 -1.0000 -0.0032
vn -0.0074 -1.0000 0.0022
vn 0.0424 -0.9991 0.0016
vn 0.2834 -0.9590 0.0085
vn -0.0009 -1.0000 0.0030
vn 0.0001 -1.0000 -0.0025
vn 0.0041 -1.0000 0.0040
vn -0.0051 -1.0000 -0.0021
vn 0.0107 -0.9999 -0.0037
vn -0.0084 -1.0000 -0.0032
vn 0.0952 -0.9949 0.0347
vn 0.0021 -1.0000 -0.0029
vn 0.0005 -1.0000 -0.0005
vn 0.3154 -0.9466 -0.0666
vn 0.7491 -0.3454 0.5653
vn -0.0000 -1.0000 0.0007
vn 0.0384 -0.9991 -0.0181
vn -0.0268 -0.9697 -0.2430
vn -0.3262 -0.9452 -0.0150
vn -0.3508 -0.8443 0.4050
vn -0.0224 -0.9962 0.0837
vn 0.1909 -0.9767 0.0982
vn 0.0231 -0.9988 0.0440
vn 0.0098 -0.9998 -0.0160
vn -0.0422 -0.9991 -0.0026
vn 0.0212 -0.9998 0.0024
vn 0.0146 -0.9998 -0.0120
vn -0.0108 -0.9999 0.0046
vn -0.0533 -0.9985 -0.0099
vn -0.0107 -0.9998 -0.0147
vn -0.0455 -0.9985 0.0305
vn -0.0328 -0.9994 0.0054
vn -0.0153 -0.9999 -0.0019
vn -0.0030 -1.0000 -0.0008
vn -0.1740 -0.9847 -0.0052
vn -0.0004 -1.0000 0.0003
vn 0.2167 -0.9756 0.0361
vn -0.0496 -0.9986 0.0206
vn -0.3734 -0.9136 0.1610
vn -0.0670 -0.9977 -0.0060
vn 0.0013 -1.0000 0.0008
vn 0.0010 -1.0000 0.0013
vn -0.0001 -1.0000 -0.0005
vn -0.0006 -1.0000 -0.0005
vn 0.0394 -0.9992 0.0075
vn 0.0024 -0.9999 -0.0127
vn 0.0007 -1.0000 -0.0000
vn 0.0001 -1.0000 -0.0009
vn 0.0113 -0.9999 0.0021
vn 0.0020 -1.0000 0.0006
vn 0.0006 -1.0000 -0.0010
vn 0.0074 -1.0000 0.0028
vn 0.0010 -1.0000 0.0004
vn 0.0015 -1.0000 0.0003
vn -0.0001 -1.0000 -0.0024
vn -0.0039 -0.9999 -0.0136
vn -0.0000 -1.0000 -0.0013
vn -0.0050 -1.0000 -0.0056
vn -0.0210 -0.9954 0.0933
vn -0.0030 -1.0000 -0.0003
vn -0.0411 -0.9992 0.0003
vn -0.0298 -0.9995 0.0049
vn 0.0003 -0.9998 -0.0211
vn 0.0414 -0.9988 -0.0268
vn 0.0004 -1.0000 -0.0005
vn -0.0071 -1.0000 -0.0056
vn -0.0483 -0.9986 -0.0196
vn -0.0438 -0.9764 0.2117
vn -0.0192 -0.9995 0.0244
vn 0.0062 -0.9906 -0.1365
vn -0.0067 -0.9999 -0.0113
vn 0.1648 -0.8287 0.5349
vn 0.3499 -0.8597 0.3722
vn 0.4577 -0.8224 0.3378
vn -0.0013 -1.0000 0.0007
vn -0.0410 -0.9982 0.0443
vn 0.0002 -1.0000 -0.0014
vn 0.0010 -1.0000 0.0018
vn 0.0006 -1.0000 0.0004
vn -0.0004 -1.0000 -0.0002
vn -0.0000 -1.0000 -0.0006
vn 0.0007 -1.0000 0.0006
vn -0.0004 -1.0000 0.0001
vn 0.0039 -1.0000 0.0003
vn -0.0148 -0.9998 -0.0131
vn -0.0011 -1.0000 -0.0012
vn -0.0009 -1.0000 -0.0002
vn 0.0019 -1.0000 0.0013
vn 0.0001 -1.0000 0.0011
vn 0.0004 -1.0000 0.0021
vn -0.0011 -1.0000 0.0017
vn -0.0004 -1.0000 0.0002
vn -0.0003 -1.0000 0.0006
vn -0.0008 -1.0000 0.0004
vn 0.0003 -1.0000 0.0001
vn -0.0018 -1.0000 0.0005
vn -0.0003 -1.0000 -0.0017
vn -0.0012 -1.0000 -0.0010
vn -0.0002 -1.0000 -0.0017
vn -0.0055 -1.0000 -0.0022
vn 0.0010 -1.0000 0.0003
vn -0.0002 -1.0000 -0.0000
vn -0.0006 -1.0000 -0.0008
vn -0.0039 -1.0000 -0.0004
vn -0.0028 -1.0000 -0.0047
vn 0.0011 -1.0000 -0.0004
vn -0.0073 -0.9999 0.0075
vn -0.0002 -1.0000 0.0006
vn -0.0053 -1.0000 0.0013
vn -0.0047 -1.0000 0.0004
vn -0.0128 -0.9999 0.0112
vn -0.0648 -0.9962 0.0585
vn 0.0317 -0.9963 0.0797
vn 0.0174 -0.9975 0.0691
vn -0.0406 -0.9992 -0.0067
vn 0.0009 -1.0000 -0.0000
vn 0.0007 -1.0000 0.0001
vn 0.0137 -0.9741 -0.2258
vn -0.0771 -0.9963 0.0385
vn -0.0316 -0.9976 -0.0623
vn 0.0011 -1.0000 -0.0003
vn 0.0019 -1.0000 -0.0024
vn 0.0747 -0.9970 0.0189
vn 0.0022 -1.0000 -0.0040
vn -0.0005 -1.0000 -0.0012
vn 0.0001 -1.0000 0.0004
vn 0.0025 -1.0000 0.0004
vn 0.0085 -1.0000 -0.0026
vn -0.0096 -1.0000 -0.0021
vn -0.1449 -0.9875 0.0619
vn 0.0121 -0.9939 -0.1100
vn -0.0540 -0.9887 -0.1400
vn 0.0230 -0.9375 0.3471
vn -0.9294 -0.3585 -0.0878
vn 0.4444 -0.8258 0.3472
vn 0.4582 -0.8721 0.1718
vn 0.1591 -0.9834 0.0867
vn 0.2113 -0.9761 0.0509
vn 0.0219 -0.9975 0.0676
vn -0.0017 -1.0000 0.0015
vn 0.0139 -0.9999 0.0046
vn 0.0054 -1.0000 -0.0035
vn -0.0088 -0.9989 0.0454
vn -0.0119 -0.9982 0.0581
vn 0.0410 -0.9977 0.0534
vn 0.0120 -0.9999 -0.0073
vn -0.0101 -0.9998 -0.0159
vn -0.0540 -0.9981 -0.0284
vn -0.1115 -0.9926 -0.0487
vn -0.0614 -0.9973 -0.0392
vn -0.0967 -0.9951 -0.0199
vn 0.0114 -0.9998 -0.0172
vn -0.1234 -0.9891 -0.0802
vn -0.3660 -0.9095 0.1971
vn -0.0938 -0.9904 0.1011
vn -0.0442 -0.9975 0.0553
vn 0.3885 -0.9207 0.0358
vn -0.1809 -0.9833 0.0202
vn 0.0236 -0.9954 -0.0925
vn 0.2036 -0.9791 -0.0015
vn 0.0026 -0.9992 -0.0399
vn -0.0000 -1.0000 -0.0012
vn 0.0005 -1.0000 0.0006
vn -0.0026 -1.0000 0.0007
vn 0.0130 -0.9999 -0.0005
vn 0.0062 -1.0000 -0.0034
vn -0.0036 -1.0000 -0.0018
vn -0.0000 -1.0000 -0.0007
vn -0.0019 -1.0000 0.0075
vn -0.0028 -1.0000 0.0089
vn -0.0001 -1.0000 -0.0000
vn -0.0014 -1.0000 0.0051
vn -0.0030 -0.9987 0.0515
vn 0.0008 -1.0000 0.0013
vn -0.0003 -1.0000 0.0001
vn 0.0002 -1.0000 0.0004
vn -0.0005 -1.0000 -0.0003
vn -0.0001 -1.0000 -0.0009
vn -0.0003 -1.0000 -0.0003
vn -0.0021 -1.0000 -0.0000
vn -0.0002 -1.0000 -0.0027
vn -0.0002 -1.0000 0.0002
vn -0.0006 -1.0000 -0.0035
vn -0.0003 -1.0000 -0.0004
vn 0.0006 -1.0000 0.0072
vn 0.0006 -1.0000 0.0074
vn -0.0008 -1.0000 0.0020
vn -0.0000 -1.0000 -0.0005
vn 0.0023 -1.0000 -0.0042
vn 0.0003 -1.0000 -0.0010
vn 0.0002 -1.0000 -0.0004
vn -0.0001 -1.0000 -0.0041
vn 0.0008 -1.0000 -0.0002
vn 0.0090 -0.9996 0.0256
vn -0.0016 -1.0000 -0.0015
vn 0.1621 -0.9832 0.0834
vn 0.1069 -0.9771 0.1842
vn 0.0382 -0.9992 0.0106
vn -0.2833 -0.5029 0.8166
vn 0.0001 -0.9984 0.0571
vn -0.0711 -0.5311 0.8443
vn -0.0599 -0.9094 0.4116
vn 0.0358 -0.9911 0.1286
vn -0.0110 -0.9962 0.0865
vn -0.0974 -0.9946 -0.0356
vn -0.0038 -1.0000 0.0032
vn 0.0015 -1.0000 0.0011
vn -0.0006 -1.0000 -0.0001
vn -0.0003 -1.0000 -0.0028
vn -0.0000 -1.0000 -0.0026
vn -0.0004 -1.0000 0.0006
vn -0.0011 -1.0000 -0.0006
vn 0.0009 -1.0000 0.0028
vn 0.0003 -1.0000 0.0004
vn -0.0009 -1.0000 0.0006
vn -0.0001 -1.0000 -0.0006
vn -0.0014 -1.0000 0.0021
vn -0.0004 -1.0000 -0.0005
vn 0.0062 -1.0000 0.0001
vn -0.0006 -1.0000 -0.0087
vn -0.1671 -0.9708 -0.1721
vn 0.2180 -0.9744 0.0559
vn 0.1619 -0.9868 0.0022
vn 0.0019 -0.9747 -0.2235
vn 0.2133 -0.8474 -0.4861
vn 0.0679 -0.9399 -0.3346
vn 0.1995 -0.9792 -0.0367
vn 0.0133 -0.9936 0.1123
vn 0.1795 -0.9366 -0.3011
vn -0.0835 -0.9965 0.0098
vn -0.3068 -0.9483 -0.0812
vn -0.0920 -0.9811 -0.1705
vn 0.0065 -1.0000 -0.0016
vn -0.0007 -1.0000 -0.0002
vn 0.0031 -1.0000 0.0006
vn -0.0609 -0.9347 -0.3502
vn -0.0022 -1.0000 0.0041
vn -0.0073 -1.0000 0.0016
vn 0.0001 -0.9999 0.0112
vn 0.0038 -1.0000 -0.0029
vn 0.0415 -0.9976 -0.0555
vn -0.0098 -0.9986 -0.0517
vn 0.0006 -1.0000 -0.0006
vn 0.0487 -0.9987 -0.0151
vn 0.0267 -0.9955 -0.0912
vn 0.1261 -0.9916 -0.0278
vn -0.0538 -0.9854 0.1616
vn 0.3235 -0.9448 -0.0526
vn -0.9567 -0.2152 0.1961
vn 0.0887 -0.8323 0.5472
vn 0.2843 -0.9585 -0.0203
vn -0.2920 -0.9526 -0.0849
vn -0.1771 -0.9840 0.0184
vn -0.0390 -0.9843 0.1721
vn -0.0183 -0.9998 -0.0004
vn -0.0173 -0.9997 -0.0182
vn -0.0020 -0.9999 -0.0134
vn -0.0490 -0.9790 0.1981
vn -0.2288 -0.9605 -0.1584
vn -0.0098 -0.9997 0.0237
vn 0.1906 -0.9807 0.0442
vn -0.1546 -0.7546 -0.6377
vn -0.7649 -0.5124 -0.3904
vn -0.7812 -0.4494 -0.4334
vn -0.7044 -0.5003 -0.5036
vn 0.8813 -0.3523 0.3149
vn 0.7477 0.1360 0.6499
vn -0.0000 -1.0000 -0.0016
vn 0.0016 -1.0000 -0.0029
vn 0.0001 -1.0000 -0.0002
vn -0.0130 -0.9999 0.0014
vn 0.0005 -1.0000 0.0004
vn 0.0002 -1.0000 0.0002
vn -0.0008 -1.0000 -0.0003
vn 0.0007 -1.0000 0.0002
vn 0.0005 -1.0000 -0.0000
vn 0.0002 -1.0000 -0.0001
vn 0.0008 -1.0000 0.0007
vn 0.0003 -1.0000 -0.0004
vn -0.0012 -1.0000 0.0019
vn -0.0000 -1.0000 0.0015
vn 0.0057 -1.0000 -0.0064
vn 0.0005 -1.0000 0.0003
vn -0.0001 -1.0000 -0.0004
vn -0.0002 -1.0000 -0.0025
vn -0.0001 -1.0000 0.0003
vn 0.0003 -1.0000 -0.0001
vn -0.0001 -1.0000 -0.0014
vn -0.0000 -1.0000 -0.0002
vn 0.0008 -1.0000 0.0017
vn 0.0013 -0.9999 -0.0121
vn 0.1242 -0.9899 -0.0688
vn -0.0017 -1.0000 -0.0008
vn -0.0111 -0.9999 0.0113
vn -0.0392 -0.9977 -0.0561
vn 0.0435 -0.9986 0.0304
vn 0.0518 -0.9984 0.0239
vn 0.0067 -0.9997 -0.0220
vn 0.0110 -0.9999 -0.0018
vn 0.0333 -0.9991 0.0251
vn -0.0149 -0.9998 0.0136
vn -0.0008 -1.0000 -0.0002
vn 0.0063 -1.0000 -0.0004
vn 0.0028 -1.0000 -0.0006
vn 0.0109 -0.9997 0.0223
vn 0.0005 -1.0000 0.0002
vn 0.0017 -1.0000 -0.0059
vn 0.0005 -1.0000 -0.0022
vn 0.0036 -1.0000 0.0026
vn 0.0048 -1.0000 -0.0000
vn 0.0009 -1.0000 -0.0015
vn 0.0036 -1.0000 -0.0016
vn 0.0024 -1.0000 -0.0005
vn 0.0003 -1.0000 0.0013
vn -0.0025 -1.0000 0.0022
vn 0.0017 -1.0000 0.0038
vn -0.0139 -0.9999 0.0096
vn -0.0603 -0.9970 0.0490
vn 0.0080 -1.0000 -0.0017
vn 0.0426 -0.9964 -0.0739
vn -0.0862 -0.9962 0.0141
vn 0.0106 -0.9990 -0.0445
vn 0.1956 -0.9562 -0.2178
vn 0.0827 -0.9950 -0.0567
vn 0.0935 -0.9765 -0.1944
vn 0.1700 -0.9701 -0.1733
vn -0.1039 -0.9844 0.1419
vn 0.1340 -0.9875 0.0830
vn -0.1302 -0.9899 0.0560
vn -0.0461 -0.9951 0.0879
vn 0.2159 -0.9707 0.1055
vn 0.0790 -0.9969 -0.0039
vn 0.3182 -0.9417 -0.1092
vn -0.0133 -0.9994 -0.0330
vn -0.0595 -0.9881 -0.1421
vn 0.1293 -0.9859 -0.1065
vn 0.1871 -0.9790 0.0804
vn -0.1263 -0.9916 -0.0264
vn -0.0015 -0.9995 0.0327
vn 0.2822 -0.9594 0.0033
vn 0.0549 -0.9775 0.2039
vn 0.1587 -0.9810 -0.1117
vn -0.1041 -0.8973 -0.4290
vn 0.3114 -0.9430 0.1173
vn 0.3298 -0.8568 0.3963
vn 0.0315 -0.9940 -0.1048
vn 0.0065 -0.9975 -0.0703
vn -0.0076 -0.9985 -0.0541
vn 0.1325 -0.9902 -0.0435
vn 0.0621 -0.9970 0.0463
vn -0.1506 -0.9476 0.2818
vn 0.0457 -0.9921 -0.1168
vn -0.0541 -0.9952 -0.0813
vn -0.1026 -0.7611 0.6404
vn -0.3332 -0.8117 0.4797
vn -0.4748 -0.6387 0.6054
vn -0.2233 -0.9720 -0.0737
vn 0.0536 -0.9979 -0.0365
vn 0.0589 -0.9953 0.0771
vn 0.0075 -0.9999 0.0153
vn 0.1299 -0.9624 0.2384
vn 0.0976 -0.9807 0.1693
vn -0.2542 -0.9657 -0.0531
vn -0.3518 -0.6814 0.6419
vn -0.6902 -0.7236 -0.0031
vn 0.2260 -0.7148 0.6617
vn 0.2119 -0.8521 0.4785
vn -0.3197 -0.9470 0.0321
vn -0.0980 -0.9951 0.0145
vn 0.0245 -0.9995 0.0177
vn 0.1711 -0.8189 0.5478
vn -0.0758 -0.7933 -0.6040
vn -0.0104 -0.6426 -0.7661
vn -0.0784 -0.9120 -0.4026
vn -0.0373 -0.9629 -0.2672
vn 0.0028 -0.9999 -0.0159
vn -0.0195 -0.9958 -0.0897
vn 0.0766 -0.9921 -0.0992
vn -0.0182 -0.9996 -0.0204
vn -0.0532 -0.9829 0.1765
vn -0.0068 -1.0000 -0.0037
vn 0.2979 -0.9515 0.0768
vn -0.0525 -0.9389 -0.3400
vn 0.2750 -0.9567 0.0956
vn 0.0343 -0.9897 -0.1389
vn 0.0712 -0.9852 -0.1562
vn 0.2075 -0.8714 -0.4446
vn 0.1643 -0.9843 -0.0641
vn 0.2384 -0.9480 0.2111
vn 0.0646 -0.9850 0.1601
vn 0.0628 -0.9978 -0.0211
vn 0.0849 -0.9005 0.4265
vn -0.0244 -0.9936 0.1107
vn 0.0298 -0.8920 0.4510
vn 0.0312 -0.9983 -0.0487
vn 0.0002 -1.0000 0.0028
vn 0.0003 -1.0000 0.0016
vn 0.0010 -1.0000 0.0057
vn 0.0008 -1.0000 -0.0008
vn 0.0005 -1.0000 -0.0006
vn 0.0008 -1.0000 -0.0007
vn 0.0008 -1.0000 -0.0006
vn 0.0006 -1.0000 -0.0011
vn 0.0001 -1.0000 -0.0004
vn -0.0005 -1.0000 -0.0007
vn -0.0004 -1.0000 -0.0000
vn -0.0016 -1.0000 -0.0014
vn -0.0002 -1.0000 -0.0005
vn -0.0006 -1.0000 0.0005
vn -0.0002 -1.0000 0.0001
vn 0.0003 -1.0000 -0.0005
vn -0.0005 -1.0000 -0.0008
vn -0.0006 -1.0000 0.0004
vn 0.0006 -1.0000 -0.0009
vn 0.0002 -1.0000 0.0001
vn -0.0001 -1.0000 0.0002
vn -0.0001 -1.0000 -0.0001
vn 0.0001 -1.0000 0.0001
vn 0.0048 -1.0000 0.0065
vn 0.0003 -1.0000 0.0002
vn 0.0001 -1.0000 -0.0000
vn 0.0005 -1.0000 0.0001
vn 0.0006 -1.0000 0.0002
vn 0.0008 -1.0000 0.0001
vn 0.0003 -1.0000 -0.0003
vn 0.0006 -1.0000 -0.0004
vn 0.0013 -1.0000 -0.0009
vn -0.0002 -1.0000 0.0010
vn -0.0000 -1.0000 0.0002
vn -0.0002 -1.0000 -0.0001
vn -0.0000 -1.0000 0.0001
vn -0.0006 -1.0000 0.0011
vn -0.0008 -1.0000 0.0005
vn 0.0007 -1.0000 0.0009
vn 0.0071 -0.9997 -0.0216
vn 0.0005 -0.9980 -0.0636
vn 0.0847 -0.9899 0.1141
vn 0.0679 -0.9949 0.0750
vn 0.0884 -0.9847 0.1503
vn -0.2567 -0.8889 0.3794
vn -0.2395 -0.8918 0.3839
vn -0.2647 -0.8861 0.3804
vn -0.0274 -0.9757 -0.2174
vn -0.0273 -0.9994 -0.0190
vn 0.0028 -1.0000 0.0070
vn 0.0130 -0.9996 -0.0238
vn -0.0006 -1.0000 0.0017
vn -0.0084 -1.0000 -0.0049
vn -0.0099 -0.9999 0.0043
vn -0.0059 -1.0000 -0.0020
vn 0.0031 -1.0000 0.0028
vn 0.0122 -0.9999 0.0112
vn -0.0085 -1.0000 0.0021
vn -0.0003 -1.0000 -0.0006
vn -0.0014 -1.0000 0.0014
vn -0.0013 -1.0000 0.0008
vn -0.0007 -1.0000 0.0007
vn 0.0734 -0.9973 0.0023
vn -0.0022 -1.0000 0.0011
vn -0.0007 -1.0000 -0.0012
vn -0.0007 -1.0000 -0.0013
vn 0.0030 -1.0000 -0.0063
vn 0.0031 -1.0000 -0.0026
vn 0.0021 -1.0000 -0.0074
vn 0.0092 -0.9999 0.0105
vn -0.0069 -1.0000 0.0032
vn -0.6286 -0.7680 0.1224
vn -0.1257 -0.9902 0.0613
vn -0.2282 -0.9673 0.1111
vn 0.2097 -0.9775 0.0235
vn 0.2063 -0.9730 0.1034
vn 0.1142 -0.9796 -0.1656
vn 0.0583 -0.9833 -0.1722
vn 0.0849 -0.9827 -0.1648
vn 0.2365 -0.9644 -0.1184
vn 0.0396 -0.9848 -0.1688
vn 0.0498 -0.9958 -0.0774
vn -0.1199 -0.9774 0.1741
vn 0.0153 -0.9975 0.0688
vn -0.0608 -0.9700 0.2352
vn 0.0180 -0.9981 0.0594
vn -0.1535 -0.9881 -0.0015
vn -0.0366 -0.9992 -0.0135
vn 0.1048 -0.9505 -0.2925
vn 0.0374 -0.9011 -0.4320
vn 0.3933 -0.9168 -0.0692
vn -0.1374 -0.9368 0.3218
vn -0.0332 -0.9392 0.3417
vn -0.1515 -0.9355 0.3193
vn -0.0933 -0.9942 0.0541
vn -0.0377 -0.9977 0.0567
vn 0.0001 -0.9925 0.1225
vn -0.0642 -0.9970 0.0420
vn 0.0314 -0.9995 0.0038
vn 0.0465 -0.9989 -0.0104
vn 0.0363 -0.9993 0.0090
vn 0.0423 -0.9982 -0.0433
vn -0.1836 -0.9685 -0.1682
vn 0.0145 -0.8474 0.5307
vn 0.5694 -0.8150 -0.1075
vn -0.1299 -0.9880 -0.0830
vn 0.0525 -0.9942 -0.0940
vn 0.0101 -0.9893 -0.1454
vn 0.0671 -0.9795 -0.1901
vn 0.0370 -0.9993 -0.0092
vn 0.0239 -0.9987 0.0448
vn -0.0637 -0.9719 0.2267
vn -0.0346 -0.9989 0.0324
vn 0.0238 -0.9924 0.1207
vn 0.3603 -0.6603 0.6590
vn 0.1096 -0.9908 0.0797
vn -0.0223 -0.9978 0.0627
vn 0.0334 -0.9930 0.1131
vn 0.1651 -0.5450 0.8220
vn -0.0326 -0.9988 -0.0372
vn -0.0010 -1.0000 -0.0046
vn -0.0031 -1.0000 -0.0093
vn -0.0035 -1.0000 -0.0003
vn -0.0459 -0.9984 -0.0331
vn -0.0007 -1.0000 -0.0092
vn -0.0057 -1.0000 -0.0016
vn -0.0059 -0.9968 -0.0801
vn -0.0041 -0.9999 -0.0144
vn 0.0114 -0.9706 -0.2405
vn -0.1725 -0.8727 0.4568
vn -0.0600 -0.9856 0.1581
vn -0.0951 -0.9953 -0.0199
vn -0.0429 -0.9990 -0.0110
vn -0.2137 -0.9185 0.3327
vn -0.1338 -0.9583 0.2525
vn -0.0977 -0.8043 -0.5861
vn 0.0151 -0.9997 0.0185
vn -0.0136 -0.9998 -0.0112
vn -0.0139 -0.9998 -0.0117
vn -0.0140 -0.9998 -0.0120
vn -0.0174 -0.9994 0.0292
vn 0.0038 -1.0000 0.0008
vn -0.0011 -1.0000 -0.0041
vn -0.0015 -1.0000 0.0005
vn -0.0024 -0.9998 0.0181
vn -0.0079 -0.9998 -0.0175
vn -0.0013 -1.0000 -0.0005
vn -0.0002 -1.0000 -0.0003
vn -0.0002 -1.0000 -0.0002
vn -0.0001 -1.0000 -0.0002
vn -0.0018 -1.0000 0.0013
vn 0.0006 -1.0000 -0.0002
vn 0.0001 -1.0000 0.0002
vn -0.0001 -1.0000 0.0004
vn 0.0001 -1.0000 -0.0003
vn -0.0001 -1.0000 -0.0018
vn 0.0015 -1.0000 0.0046
vn -0.0003 -1.0000 -0.0005
vn -0.0035 -1.0000 0.0033
vn 0.0018 -1.0000 -0.0014
vn 0.0022 -1.0000 0.0031
vn -0.0054 -0.9999 -0.0126
vn -0.0733 -0.9973 0.0087
vn 0.0107 -0.9999 0.0028
vn -0.0046 -0.9999 -0.0096
vn 0.0169 -0.5817 0.8132
vn 0.3409 -0.3534 0.8712
vn -0.1137 -0.9894 -0.0907
vn -0.1143 -0.9892 -0.0914
vn -0.1144 -0.9892 -0.0916
vn 0.0313 -0.9979 0.0571
vn -0.0586 -0.9911 0.1194
vn -0.0729 -0.9862 0.1487
vn -0.0219 -0.9996 0.0155
vn 0.0003 -1.0000 -0.0012
vn 0.0002 -1.0000 0.0003
vn 0.0001 -1.0000 0.0008
vn -0.0181 -0.9990 -0.0403
vn 0.0292 -0.9976 0.0621
vn -0.0002 -1.0000 -0.0004
vn -0.0023 -1.0000 -0.0000
vn -0.0031 -1.0000 0.0025
vn 0.0014 -1.0000 0.0087
vn -0.0020 -1.0000 -0.0034
vn -0.1936 -0.9811 0.0068
vn -0.0039 -0.9995 -0.0325
vn 0.0024 -1.0000 -0.0077
vn 0.0058 -0.9999 -0.0135
vn -0.0211 -0.9985 0.0499
vn -0.0874 -0.9938 0.0690
vn 0.1507 -0.9300 -0.3352
vn -0.1289 -0.9912 -0.0287
vn -0.0495 -0.9986 0.0159
vn 0.7400 0.0049 -0.6726
vn -0.1465 -0.9886 0.0344
vn -0.3159 -0.8483 0.4250
vn -0.0484 -0.9923 0.1143
vn -0.0105 -0.9999 0.0116
vn -0.0693 -0.9973 0.0262
vn -0.0417 -0.9973 -0.0613
vn 0.0945 -0.8246 -0.5578
vn 0.0799 -0.9918 0.1002
vn 0.1090 -0.9796 0.1687
vn -0.0645 -0.9977 -0.0194
vn -0.0246 -0.9996 -0.0144
vn -0.0880 -0.9924 0.0863
vn -0.1958 -0.8678 0.4567
vn 0.0110 -0.9590 0.2831
vn 0.0386 -0.9906 0.1309
vn 0.1774 -0.9697 -0.1677
vn 0.0350 -0.9962 -0.0804
vn -0.0983 -0.9799 -0.1735
vn 0.5372 -0.5996 0.5932
vn -0.0611 -0.9979 0.0193
vn 0.1092 -0.9761 -0.1878
vn 0.1233 -0.9882 -0.0904
vn -0.0334 -0.9974 -0.0645
vn -0.0623 -0.9978 0.0212
vn -0.1855 -0.9813 0.0514
vn 0.0169 -0.9997 0.0168
vn 0.0554 -0.9849 -0.1642
vn -0.2155 -0.9723 -0.0909
vn -0.1411 -0.9898 -0.0176
vn 0.0887 -0.8319 0.5478
vn 0.3392 -0.7389 0.5822
vn -0.0689 -0.7480 -0.6602
vn -0.1269 -0.9896 -0.0683
vn -0.0904 -0.9933 0.0726
vn -0.1283 -0.9843 -0.1210
vn -0.0046 -0.9997 0.0230
vn 0.0429 -0.9952 -0.0874
vn 0.0249 -0.9988 -0.0429
vn 0.0173 -0.9974 0.0694
vn -0.0328 -0.9986 -0.0408
vn 0.0383 -0.9943 -0.0994
vn -0.0010 -0.9999 -0.0165
vn 0.0507 -0.9977 -0.0453
vn -0.0017 -0.9999 -0.0133
vn 0.0095 -0.9999 -0.0090
vn -0.0159 -0.9967 0.0793
vn -0.0099 -0.9999 0.0119
vn 0.0176 -0.9601 0.2791
vn 0.2150 -0.9596 0.1814
vn -0.0651 -0.8213 -0.5668
vn -0.0347 -0.9770 -0.2104
vn 0.1072 -0.9939 -0.0258
vn 0.0125 -0.9979 0.0638
vn 0.0029 -1.0000 -0.0025
vn 0.0003 -1.0000 0.0015
vn -0.0013 -1.0000 -0.0000
vn 0.0012 -1.0000 0.0013
vn -0.0005 -1.0000 -0.0041
vn -0.0000 -1.0000 -0.0027
vn -0.0378 -0.9920 -0.1204
vn 0.0003 -1.0000 0.0003
vn -0.0000 -1.0000 0.0005
vn -0.0001 -1.0000 0.0008
vn -0.0018 -1.0000 -0.0010
vn 0.0015 -1.0000 -0.0030
vn -0.0003 -1.0000 0.0003
vn -0.0000 -1.0000 0.0009
vn -0.0003 -1.0000 0.0007
vn 0.0108 -0.9999 0.0058
vn 0.0002 -1.0000 0.0009
vn -0.0010 -1.0000 -0.0000
vn 0.0006 -1.0000 -0.0019
vn 0.0003 -1.0000 -0.0000
vn -0.0000 -1.0000 -0.0004
vn 0.0002 -1.0000 -0.0000
vn 0.0091 -0.9999 0.0064
vn 0.0012 -1.0000 -0.0001
vn 0.0002 -1.0000 -0.0005
vn -0.0114 -0.9998 -0.0167
vn 0.0004 -1.0000 -0.0011
vn 0.0044 -0.9994 0.0344
vn -0.2919 -0.8147 0.5010
vn 0.0739 0.1074 0.9915
vn 0.0012 -1.0000 -0.0033
vn -0.0027 -1.0000 0.0043
vn -0.0366 -0.9993 -0.0031
vn -0.0006 -1.0000 -0.0004
vn -0.1165 -0.9809 0.1556
vn -0.1575 -0.9827 0.0971
vn -0.1321 -0.9870 0.0914
vn -0.0158 -0.9998 0.0139
vn -0.0031 -1.0000 0.0008
vn 0.0004 -1.0000 -0.0004
vn -0.0093 -0.9982 -0.0597
vn -0.1399 -0.9273 0.3473
vn -0.2303 -0.9418 0.2449
vn -0.5261 -0.7017 -0.4804
vn 0.4822 -0.8514 0.2064
vn -0.1304 -0.9907 -0.0393
vn -0.0658 -0.9978 -0.0031
vn -0.2034 -0.9637 0.1730
vn -0.0375 -0.9979 0.0521
vn -0.0017 -1.0000 0.0017
vn -0.0056 -1.0000 0.0048
vn 0.0033 -1.0000 0.0015
vn -0.0007 -1.0000 -0.0001
vn -0.0002 -1.0000 -0.0036
vn 0.0029 -1.0000 -0.0016
vn 0.0015 -1.0000 -0.0026
vn 0.2476 -0.9478 -0.2009
vn 0.0691 -0.9973 -0.0257
vn -0.0273 -0.9994 0.0228
vn 0.0579 -0.9832 -0.1734
vn 0.3782 -0.8080 -0.4518
vn 0.1448 -0.9865 0.0758
vn -0.0449 -0.9963 0.0734
vn -0.0235 -0.9988 0.0427
vn 0.0996 -0.9306 0.3523
vn -0.0011 -0.9038 0.4279
vn -0.0713 -0.9974 -0.0042
vn 0.0110 -0.9999 -0.0072
vn 0.0020 -1.0000 0.0003
vn -0.1859 -0.6161 -0.7654
vn 0.1081 -0.9785 0.1758
vn -0.6759 -0.7350 -0.0537
vn 0.0127 -0.9943 0.1057
vn 0.0808 -0.9862 0.1443
vn -0.2642 -0.9177 0.2968
vn -0.0570 -0.9150 0.3995
vn -0.3797 -0.9079 -0.1774
vn 0.0582 -0.9965 0.0594
vn -0.0168 -0.8434 0.5370
vn 0.0122 -0.9961 0.0873
vn -0.2456 -0.3792 -0.8921
vn -0.2555 0.3416 -0.9045
vn 0.0868 -0.7585 -0.6459
vn -0.0218 -0.6359 0.7715
vn 0.0013 -0.9996 -0.0290
vn -0.0430 -0.9991 -0.0014
vn -0.0015 -1.0000 -0.0014
vn 0.0133 -0.9999 -0.0026
vn 0.0770 -0.9867 -0.1429
vn 0.0020 -0.9941 -0.1086
vn 0.0049 -0.9840 0.1780
vn -0.0200 -0.9996 -0.0222
vn -0.1029 -0.9661 0.2369
vn 0.0880 -0.9956 -0.0317
vn 0.0405 -0.9984 0.0382
vn -0.0209 -0.9943 0.1044
vn 0.0535 -0.9799 0.1921
vn 0.0201 -0.9986 -0.0494
vn 0.0130 -0.9967 0.0802
vn 0.0189 -0.9969 0.0763
vn 0.0179 -0.9943 0.1046
vn -0.1329 -0.9868 -0.0925
vn -0.0782 -0.9950 -0.0627
vn 0.0704 -0.9932 0.0932
vn 0.0019 -0.9907 0.1360
vn -0.0050 -0.9925 0.1224
vn -0.0046 -1.0000 0.0008
vn -0.0020 -1.0000 0.0040
vn -0.0039 -1.0000 0.0034
vn 0.0001 -1.0000 0.0006
vn 0.0018 -1.0000 -0.0018
vn -0.0020 -1.0000 -0.0012
vn 0.0111 -0.9994 0.0325
vn -0.0003 -1.0000 0.0004
vn -0.0003 -1.0000 0.0005
vn 0.0004 -1.0000 0.0009
vn -0.0003 -1.0000 -0.0000
vn 0.0058 -0.9999 0.0097
vn 0.0006 -1.0000 -0.0048
vn -0.0002 -1.0000 0.0003
vn -0.0007 -1.0000 -0.0010
vn -0.0004 -1.0000 -0.0007
vn -0.0007 -1.0000 -0.0007
vn 0.0015 -1.0000 0.0025
vn -0.0020 -1.0000 0.0018
vn -0.0011 -1.0000 -0.0013
vn -0.0001 -1.0000 -0.0007
vn -0.0029 -1.0000 -0.0007
vn -0.0006 -1.0000 -0.0000
vn -0.0000 -1.0000 -0.0000
vn -0.0001 -1.0000 -0.0003
vn 0.0019 -1.0000 -0.0034
vn 0.0001 -1.0000 0.0018
vn -0.0005 -1.0000 -0.0009
vn 0.0048 -0.9999 0.0125
vn -0.0044 -0.9999 -0.0135
vn -0.0253 -0.9942 0.1050
vn -0.0394 -0.9989 0.0260
vn -0.0276 -0.0494 0.9984
vn -0.0128 -0.9999 0.0105
vn -0.0163 -0.9989 -0.0428
vn -0.0013 -1.0000 0.0016
vn 0.0033 -1.0000 -0.0037
vn 0.1094 -0.9928 0.0484
vn -0.0134 -0.9991 0.0401
vn 0.0482 -0.9984 -0.0293
vn 0.3156 -0.9296 -0.1902
vn 0.7719 -0.5171 -0.3699
vn 0.6684 -0.7432 -0.0293
vn -0.5050 -0.6073 0.6133
vn -0.0560 -0.9860 0.1571
vn -0.0055 -0.9991 0.0416
vn -0.1991 -0.9705 -0.1362
vn 0.0495 -0.9987 -0.0152
vn -0.0026 -1.0000 -0.0018
vn -0.0047 -1.0000 0.0016
vn 0.0006 -1.0000 -0.0021
vn 0.0008 -1.0000 -0.0003
vn 0.0011 -1.0000 -0.0020
vn -0.0020 -1.0000 -0.0047
vn 0.5721 -0.8150 0.0920
vn -0.0063 -1.0000 -0.0001
vn -0.5787 -0.7990 -0.1635
vn -0.8351 -0.4692 -0.2870
vn -0.0218 -0.9600 0.2793
vn -0.1222 -0.8276 0.5479
vn -0.0795 -0.8120 0.5782
vn -0.1572 -0.8164 0.5557
vn -0.3057 -0.7306 0.6105
vn -0.0576 -0.5989 0.7988
vn 0.0201 -0.9456 -0.3246
vn 0.0232 -0.9930 0.1159
vn 0.2823 -0.7764 0.5635
vn 0.0739 -0.9569 0.2808
vn -0.1296 0.1095 0.9855
vn 0.0040 -0.9999 -0.0103
vn 0.0064 -1.0000 0.0003
vn 0.0008 -1.0000 -0.0017
vn -0.0013 -1.0000 -0.0001
vn 0.0046 -1.0000 -0.0067
vn -0.0082 -0.9999 0.0075
vn -0.0035 -1.0000 0.0058
vn -0.0001 -1.0000 0.0007
vn -0.0011 -1.0000 -0.0001
vn 0.0043 -0.9997 0.0254
vn -0.0067 -0.9997 -0.0231
vn -0.0190 -0.9948 -0.0997
vn -0.0144 -0.9998 0.0106
vn -0.1052 -0.9831 0.1496
vn 0.0907 -0.0975 -0.9911
vn 0.1192 -0.5809 -0.8052
vn -0.1471 -0.7900 -0.5951
vn 0.0926 -0.4779 -0.8735
vn -0.0451 -0.5855 -0.8094
vn 0.1696 -0.9803 0.1008
vn -0.0766 -0.2516 -0.9648
vn -0.2286 -0.9537 0.1955
vn -0.3563 -0.5241 -0.7735
vn -0.1614 -0.9795 -0.1207
vn -0.1352 -0.9901 -0.0386
vn -0.0728 -0.9838 0.1640
vn 0.0572 -0.9948 0.0839
vn -0.0408 -0.9987 -0.0320
vn -0.0440 -0.9983 -0.0393
vn -0.0753 -0.9116 0.4042
vn -0.1023 -0.9947 -0.0053
vn 0.0866 -0.9956 -0.0347
vn -0.2076 0.9279 0.3097
vn 0.2034 -0.9785 0.0342
vn -0.1841 -0.9142 0.3610
vn -0.0954 -0.9886 0.1164
vn -0.1497 -0.9847 0.0890
vn 0.0967 -0.9883 0.1181
vn -0.0155 -0.9987 0.0495
vn 0.1959 -0.9680 -0.1569
vn 0.1932 -0.9679 -0.1605
vn 0.1883 -0.9699 -0.1546
vn -0.0046 -1.0000 -0.0004
vn 0.0330 -0.9934 0.1097
vn -0.0701 -0.9377 -0.3403
vn -0.0607 -0.9735 -0.2206
vn 0.0472 -0.9987 0.0183
vn 0.0487 -0.8807 0.4712
vn -0.0729 -0.9878 0.1376
vn -0.0126 -0.9977 -0.0663
vn -0.0975 -0.9723 0.2123
vn -0.0588 -0.9643 0.2581
vn 0.1255 0.1732 0.9769
vn -0.1657 -0.9758 0.1425
vn -0.2269 -0.9059 0.3575
vn -0.0256 -0.9997 0.0022
vn -0.0546 -0.9970 0.0556
vn 0.0367 -0.9875 -0.1533
vn 0.0064 -0.9993 -0.0365
vn -0.0002 -1.0000 -0.0006
vn -0.0000 -1.0000 -0.0001
vn -0.0003 -1.0000 -0.0002
vn 0.0201 -0.9998 0.0019
vn 0.0009 -1.0000 -0.0003
vn 0.0005 -1.0000 0.0018
vn 0.0008 -1.0000 0.0054
vn -0.0004 -1.0000 0.0007
vn -0.0004 -1.0000 0.0014
vn -0.0008 -1.0000 0.0018
vn -0.0001 -1.0000 0.0012
vn -0.0006 -1.0000 0.0006
vn -0.0010 -1.0000 0.0012
vn 0.0003 -1.0000 -0.0002
vn -0.0000 -1.0000 -0.0003
vn 0.0003 -1.0000 -0.0013
vn -0.0015 -1.0000 -0.0020
vn -0.0084 -0.9999 -0.0079
vn 0.0005 -1.0000 0.0007
vn -0.0003 -1.0000 -0.0047
vn 0.0066 -1.0000 -0.0032
vn -0.0030 -0.9994 0.0350
vn 0.0366 -0.9826 0.1823
vn 0.0041 -0.9725 0.2329
vn 0.0231 -0.9973 0.0700
vn 0.0299 -0.9993 0.0227
vn 0.0202 -0.9982 -0.0566
vn 0.0105 -0.9999 -0.0066
vn 0.0194 -0.9998 0.0075
vn 0.0057 -0.9985 0.0544
vn 0.1942 -0.9576 -0.2127
vn -0.8726 -0.4400 -0.2121
vn -0.0290 -0.9877 0.1539
vn -0.5868 -0.7902 0.1769
vn 0.0842 -0.9685 0.2343
vn -0.0139 -0.9831 0.1825
vn -0.0796 -0.9903 0.1135
vn -0.2352 -0.9575 0.1672
vn -0.0634 -0.9967 0.0504
vn 0.0329 -0.9976 0.0608
vn 0.0020 -0.9998 -0.0219
vn -0.0005 -1.0000 0.0037
vn 0.0260 -0.9943 -0.1032
vn -0.0302 -0.9993 0.0238
vn 0.0076 -1.0000 -0.0055
vn -0.0173 -0.9996 -0.0200
vn 0.0033 -1.0000 -0.0022
vn 0.0071 -0.9999 -0.0073
vn 0.0162 -0.9999 -0.0052
vn -0.0024 -0.9995 -0.0324
vn -0.1035 -0.9937 -0.0421
vn -0.0018 -0.9945 -0.1046
vn -0.0165 -0.9281 -0.3719
vn -0.7605 -0.6165 -0.2040
vn 0.0160 -0.9781 0.2074
vn 0.0171 -0.9900 0.1398
vn 0.0025 -1.0000 -0.0029
vn -0.0095 -0.9994 -0.0336
vn -0.0067 -0.9997 0.0238
vn 0.0514 -0.9802 -0.1912
vn -0.0104 -0.9997 -0.0229
vn -0.0279 -0.9889 -0.1456
vn -0.1070 -0.9930 -0.0506
vn 0.0311 -0.9438 -0.3291
vn -0.0317 -0.9736 -0.2262
vn -0.0926 -0.9957 -0.0018
vn 0.0598 -0.9178 -0.3925
vn 0.0839 -0.9963 0.0205
vn 0.0435 -0.9055 -0.4220
vn -0.0232 -0.9957 -0.0893
vn 0.0598 -0.9850 -0.1620
vn 0.0021 -0.9973 -0.0734
vn -0.2648 -0.8413 -0.4713
vn -0.0039 -0.9968 0.0797
vn -0.0106 -0.7464 0.6654
vn -0.0525 -0.9363 0.3473
vn 0.5311 -0.8438 0.0769
vn -0.0984 -0.9951 0.0091
vn 0.0600 -0.9976 0.0359
vn 0.1224 -0.9691 0.2144
vn -0.5033 -0.8415 -0.1965
vn 0.3399 -0.8043 0.4874
vn -0.5382 -0.8195 -0.1969
vn 0.0905 -0.9750 0.2028
vn -0.1603 -0.9563 -0.2444
vn 0.1173 -0.9461 -0.3018
vn 0.0126 -0.9867 0.1622
vn 0.0401 -0.9991 0.0144
vn 0.0552 -0.9983 0.0186
vn -0.0137 -0.9977 0.0666
vn 0.0617 -0.9933 0.0974
vn -0.1685 -0.8599 -0.4819
vn 0.0932 -0.9946 0.0462
vn -0.1578 -0.8073 -0.5686
vn -0.1625 -0.9039 0.3957
vn 0.1186 0.7726 -0.6237
vn 0.0388 -0.9948 0.0946
vn -0.0994 -0.9841 0.1472
vn -0.0207 -0.9264 0.3761
vn -0.1025 -0.9925 0.0662
vn 0.0284 -0.9962 -0.0824
vn 0.0102 -0.9966 -0.0820
vn 0.0018 -1.0000 -0.0023
vn -0.0042 -1.0000 -0.0006
vn -0.0000 -1.0000 -0.0008
vn 0.0003 -1.0000 0.0027
vn 0.0004 -1.0000 0.0010
vn -0.0007 -1.0000 -0.0022
vn 0.0014 -1.0000 0.0024
vn 0.0016 -1.0000 -0.0027
vn 0.0008 -1.0000 -0.0004
vn 0.0249 -0.9995 0.0192
vn 0.0462 -0.9983 0.0363
vn -0.0017 -1.0000 -0.0006
vn 0.0375 -0.9990 -0.0223
vn -0.0059 -1.0000 -0.0018
vn -0.0033 -1.0000 -0.0031
vn -0.0042 -0.9995 0.0305
vn -0.0015 -0.9999 0.0165
vn -0.0034 -0.9976 0.0688
vn -0.0119 -0.9928 0.1194
vn 0.3941 -0.7390 0.5464
vn 0.0226 -0.9997 -0.0125
vn 0.0016 -0.9995 0.0306
vn -0.0110 -0.9995 0.0288
vn 0.0059 -1.0000 -0.0002
vn 0.0223 -0.9942 0.1054
vn 0.0245 -0.9995 0.0186
vn -0.0919 -0.9943 0.0540
vn 0.1045 -0.9944 0.0128
vn -0.1405 -0.9534 -0.2670
vn 0.1469 -0.9440 0.2956
vn -0.0724 -0.9666 0.2458
vn 0.0326 -0.9633 0.2666
vn 0.3051 -0.9226 -0.2362
vn 0.0648 -0.9967 0.0479
vn -0.1043 -0.9924 -0.0656
vn -0.0870 -0.9935 -0.0728
vn -0.2428 -0.7119 -0.6590
vn -0.0050 -1.0000 0.0085
vn 0.0413 -0.9989 0.0212
vn 0.0234 -0.9958 -0.0889
vn 0.0477 -0.9928 0.1100
vn -0.0304 -0.9853 -0.1682
vn -0.0902 -0.9956 -0.0242
vn 0.1916 -0.9813 0.0177
vn 0.0087 -0.9996 -0.0278
vn 0.1727 -0.9842 0.0384
vn -0.1086 -0.9941 -0.0034
vn 0.0669 -0.9913 -0.1132
vn 0.0527 -0.9891 -0.1374
vn 0.1240 -0.9577 -0.2598
vn -0.0019 -0.8911 -0.4538
vn -0.6429 -0.7006 -0.3097
vn -0.3530 -0.8347 -0.4226
vn 0.2271 -0.7987 0.5572
vn 0.0580 -0.9795 0.1927
vn -0.0910 -0.7364 -0.6704
vn 0.0054 -0.9997 0.0219
vn -0.0034 -0.9999 0.0099
vn 0.0070 -0.9993 0.0364
vn -0.0207 -0.9997 0.0136
vn 0.0031 -1.0000 0.0088
vn -0.0004 -1.0000 -0.0012
vn 0.0024 -1.0000 0.0045
vn 0.0095 -0.9997 0.0242
vn -0.0389 -0.9978 0.0545
vn 0.1100 -0.9879 -0.1094
vn -0.0115 -0.9984 0.0545
vn 0.0093 -0.9989 0.0452
vn 0.0551 -0.9949 -0.0845
vn 0.0298 -0.9954 0.0905
vn 0.0286 -0.9994 -0.0186
vn 0.0976 -0.9671 -0.2347
vn 0.3058 -0.9520 0.0113
vn 0.0626 -0.8598 0.5069
vn -0.1737 -0.9637 -0.2028
vn -0.2016 -0.9290 0.3104
vn -0.0471 -0.8472 0.5292
vn -0.0368 -0.8375 0.5451
vn 0.2162 -0.9433 -0.2518
vn -0.1691 -0.9740 -0.1506
vn 0.0455 -0.9979 0.0457
vn 0.1913 -0.8183 -0.5421
vn 0.1836 -0.9169 -0.3545
vn 0.1148 -0.8257 -0.5523
vn 0.0168 -0.9996 0.0216
vn -0.3040 -0.9422 0.1411
vn -0.0214 -0.9969 0.0756
vn 0.0731 -0.9972 -0.0125
vn 0.0063 -0.9985 0.0550
vn 0.1122 -0.5846 -0.8035
vn -0.1074 -0.7164 -0.6894
vn -0.0007 -0.9964 0.0852
vn -0.0045 -0.9994 0.0350
vn 0.0233 -0.9944 0.1026
vn 0.0073 -0.9874 0.1580
vn -0.2335 -0.9667 0.1046
vn 0.1527 -0.9855 -0.0746
vn -0.0753 -0.9831 -0.1667
vn -0.0246 -0.9549 -0.2961
vn 0.3220 -0.9461 0.0347
vn 0.1574 -0.9857 -0.0598
vn 0.0276 -0.9920 0.1234
vn -0.0002 -1.0000 0.0015
vn -0.0008 -1.0000 -0.0004
vn 0.0011 -1.0000 -0.0017
vn 0.0028 -1.0000 0.0029
vn -0.0002 -1.0000 -0.0012
vn -0.0008 -1.0000 -0.0041
vn 0.0008 -1.0000 -0.0000
vn 0.0002 -1.0000 -0.0002
vn -0.0048 -1.0000 0.0021
vn 0.0040 -1.0000 -0.0007
vn -0.0007 -1.0000 -0.0006
vn 0.0018 -1.0000 -0.0008
vn -0.0001 -1.0000 0.0001
vn 0.0004 -0.9999 0.0108
vn -0.0028 -1.0000 0.0020
vn -0.0003 -1.0000 0.0021
vn -0.0005 -1.0000 0.0036
vn 0.0012 -1.0000 -0.0008
vn -0.0054 -0.9926 -0.1213
vn -0.0679 -0.9891 0.1306
vn 0.0817 -0.9939 0.0741
vn 0.0099 -0.9996 0.0270
vn 0.0157 -0.9618 0.2732
vn 0.0084 -0.9977 0.0678
vn 0.0418 -0.9917 0.1212
vn 0.0201 -0.9997 0.0117
vn -0.0598 -0.9973 -0.0415
vn 0.0115 -0.9997 -0.0207
vn 0.0291 -0.9986 0.0450
vn -0.0160 -0.9997 -0.0173
vn 0.0011 -1.0000 -0.0030
vn 0.0821 -0.9932 -0.0828
vn -0.0742 -0.9958 -0.0545
vn 0.2933 -0.9429 0.1576
vn 0.0994 -0.9862 0.1321
vn -0.3319 -0.9016 0.2775
vn 0.2557 -0.6345 0.7294
vn -0.1519 -0.9851 -0.0807
vn 0.3293 -0.9125 0.2427
vn -0.1608 -0.9677 -0.1943
vn -0.3953 -0.9106 -0.1206
vn -0.0101 -0.9881 -0.1533
vn 0.1173 -0.9851 0.1257
vn -0.7698 -0.2986 -0.5641
vn -0.0982 -0.9432 -0.3172
vn -0.0333 -0.9572 -0.2875
vn -0.0651 -0.9237 -0.3774
vn -0.0147 -0.9855 -0.1693
vn 0.1979 -0.9769 0.0810
vn 0.3363 -0.8786 0.3390
vn 0.0644 -0.9188 0.3894
vn 0.0420 -0.9882 0.1475
vn 0.0959 -0.9942 -0.0478
vn -0.0263 -0.9989 -0.0395
vn -0.1899 -0.9787 0.0787
vn -0.0214 -0.9981 -0.0582
vn 0.2008 -0.9796 0.0076
vn -0.1906 -0.9181 -0.3476
vn -0.2723 -0.9020 -0.3350
vn 0.7964 -0.4599 -0.3926
vn -0.1471 -0.9876 0.0546
vn -0.0921 -0.9952 0.0334
vn -0.0314 -0.9989 -0.0351
vn -0.0118 -0.9997 -0.0229
vn -0.0117 -0.9983 0.0563
vn 0.0196 -0.9998 -0.0064
vn -0.0103 -0.9999 0.0008
vn -0.0209 -0.9998 -0.0051
vn 0.0725 -0.9800 0.1851
vn 0.0933 -0.9744 -0.2046
vn -0.0461 -0.9940 -0.0987
vn 0.0388 -0.9859 -0.1628
vn -0.0719 -0.9789 -0.1914
vn -0.0879 -0.9961 -0.0009
vn -0.2819 -0.0774 -0.9563
vn -0.2548 -0.3324 -0.9081
vn -0.1657 -0.9301 0.3277
vn -0.0772 -0.9969 0.0182
vn -0.1142 -0.7400 -0.6628
vn 0.0535 -0.9619 0.2680
vn 0.1889 -0.9242 0.3319
vn 0.0594 -0.9773 -0.2032
vn -0.0455 -0.9984 0.0325
vn 0.0664 -0.9563 -0.2846
vn 0.6625 -0.6040 0.4430
vn 0.0136 -0.9529 0.3031
vn -0.0113 -0.1305 -0.9914
vn -0.1711 -0.9663 -0.1922
vn 0.0021 -0.9992 0.0403
vn 0.0267 -0.9888 0.1467
vn 0.0066 -1.0000 0.0037
vn 0.0340 -0.9921 0.1210
vn 0.0010 -0.9992 0.0400
vn 0.0018 -1.0000 -0.0047
vn 0.0080 -0.9996 -0.0265
vn 0.0043 -0.9999 -0.0098
vn -0.0072 -0.9999 0.0096
vn 0.1637 -0.8810 0.4438
vn 0.3793 -0.7493 -0.5428
vn -0.0864 -0.9874 -0.1325
vn -0.3787 -0.9146 0.1416
vn 0.1067 -0.9493 0.2956
vn -0.0238 -0.9973 -0.0692
vn 0.0267 -0.0814 -0.9963
vn -0.3633 -0.9232 -0.1256
vn 0.0796 -0.9290 -0.3614
vn -0.3718 -0.5323 0.7605
vn -0.3096 -0.8914 -0.3308
vn 0.0034 -0.9827 -0.1851
vn -0.0031 -1.0000 0.0028
vn 0.2015 -0.9793 -0.0211
vn 0.0527 -0.8504 0.5234
vn 0.0159 -0.9353 0.3536
vn 0.0941 -0.9856 -0.1404
vn -0.0098 -0.9945 -0.1045
vn 0.2733 -0.8349 0.4777
vn 0.0026 -0.9730 -0.2308
vn 0.0576 -0.8180 0.5724
vn 0.1392 -0.8919 -0.4303
vn 0.0893 -0.8661 -0.4919
vn 0.0064 -0.9349 0.3547
vn 0.0544 -0.9982 0.0249
vn 0.1532 -0.8283 -0.5390
vn -0.0072 -0.9964 0.0846
vn -0.0000 -1.0000 0.0012
vn -0.0028 -1.0000 -0.0055
vn 0.0049 -1.0000 -0.0018
vn 0.0049 -1.0000 0.0025
vn -0.0081 -1.0000 -0.0056
vn 0.0121 -0.9999 -0.0016
vn 0.0005 -1.0000 -0.0030
vn -0.0005 -1.0000 -0.0000
vn 0.0062 -1.0000 -0.0036
vn 0.0507 -0.9983 -0.0279
vn -0.0012 -1.0000 -0.0025
vn 0.0001 -1.0000 -0.0005
vn -0.0005 -1.0000 0.0001
vn -0.0005 -1.0000 -0.0006
vn 0.0003 -1.0000 0.0012
vn -0.0000 -1.0000 0.0023
vn 0.0011 -1.0000 0.0016
vn -0.4145 -0.6357 0.6512
vn -0.1446 -0.9769 -0.1575
vn -0.1857 -0.9434 0.2748
vn 0.1124 -0.9935 -0.0166
vn 0.0419 -0.9904 0.1318
vn 0.0831 -0.9965 -0.0038
vn -0.0242 -0.9997 -0.0054
vn 0.2090 -0.9665 -0.1489
vn 0.6572 -0.7507 -0.0665
vn 0.0145 -0.9999 0.0054
vn -0.0019 -1.0000 0.0055
vn 0.0038 -0.9998 0.0208
vn 0.1227 -0.9922 0.0197
vn 0.1340 -0.9833 0.1231
vn -0.7659 -0.6177 -0.1786
vn -0.9236 -0.3163 0.2168
vn 0.0842 -0.9895 -0.1176
vn -0.4877 -0.7444 0.4560
vn 0.1325 -0.9816 -0.1377
vn 0.0424 -0.9979 -0.0494
vn -0.8579 -0.4805 -0.1820
vn 0.1727 -0.9799 -0.1004
vn 0.0931 -0.9954 0.0234
vn 0.0150 -0.9999 0.0011
vn 0.0787 -0.9960 -0.0429
vn -0.0322 -0.9995 0.0039
vn -0.0081 -0.9999 0.0062
vn -0.0567 -0.9947 -0.0858
vn -0.0004 -1.0000 0.0004
vn -0.0006 -1.0000 -0.0012
vn -0.0100 -0.9999 -0.0116
vn -0.0012 -1.0000 -0.0018
vn -0.1432 -0.9895 -0.0186
vn 0.2576 -0.9608 0.1028
vn -0.0090 -0.9997 0.0225
vn 0.0075 -0.9973 -0.0736
vn 0.0131 -0.9964 0.0835
vn -0.1013 -0.7328 0.6729
vn -0.0273 -0.8761 -0.4813
vn -0.1340 -0.7581 -0.6383
vn -0.2369 -0.9637 0.1232
vn 0.0096 -0.9984 -0.0555
vn 0.1158 -0.9607 0.2524
vn -0.0071 -1.0000 0.0024
vn -0.0019 -1.0000 -0.0072
vn -0.0020 -1.0000 0.0002
vn -0.0180 -0.9996 -0.0216
vn -0.0238 -0.9993 0.0298
vn -0.0846 -0.9897 0.1158
vn 0.0895 -0.9956 -0.0267
vn -0.0362 -0.9990 -0.0279
vn -0.1480 -0.9883 0.0369
vn -0.1906 -0.9631 -0.1898
vn -0.0788 -0.9928 0.0902
vn -0.0507 -0.8614 -0.5055
vn 0.0264 -0.3972 -0.9174
vn -0.0380 -0.9992 0.0118
vn -0.0303 -0.9989 -0.0368
vn 0.6282 -0.6679 -0.3991
vn 0.0004 -0.9998 -0.0202
vn -0.0020 -0.9999 -0.0125
vn 0.0007 -0.9999 0.0171
vn -0.0028 -1.0000 -0.0017
vn 0.0382 -0.9968 0.0708
vn -0.0001 -1.0000 0.0016
vn -0.0094 -0.9999 -0.0077
vn -0.0021 -1.0000 -0.0026
vn -0.0027 -0.9998 -0.0204
vn -0.0019 -0.9999 -0.0113
vn 0.0011 -1.0000 0.0025
vn -0.0429 -0.9696 0.2409
vn 0.2070 -0.7700 -0.6035
vn -0.0569 -0.7989 -0.5987
vn -0.0597 -0.9935 -0.0965
vn -0.0304 -0.9919 -0.1234
vn 0.1859 -0.6648 -0.7235
vn -0.1474 -0.7034 -0.6954
vn 0.0355 -0.9993 -0.0112
vn 0.0783 -0.9901 -0.1167
vn 0.3144 -0.9129 0.2604
vn 0.0024 -0.9982 0.0602
vn -0.0033 -1.0000 0.0078
vn 0.0193 -0.9995 0.0245
vn -0.0183 -0.9998 0.0056
vn 0.0058 -1.0000 0.0054
vn -0.0065 -1.0000 0.0043
vn -0.0007 -1.0000 0.0015
vn 0.0020 -1.0000 0.0084
vn -0.0004 -1.0000 -0.0004
vn 0.0001 -1.0000 -0.0010
vn 0.0187 -0.9998 -0.0101
vn 0.0004 -1.0000 0.0004
vn 0.0002 -1.0000 0.0014
vn 0.0006 -1.0000 0.0001
vn 0.0004 -1.0000 0.0003
vn -0.1113 -0.9896 -0.0911
vn 0.0004 -1.0000 0.0006
vn 0.0009 -1.0000 -0.0008
vn -0.0009 -1.0000 -0.0007
vn -0.0000 -1.0000 0.0003
vn -0.0007 -1.0000 -0.0020
vn -0.0002 -1.0000 -0.0007
vn 0.0029 -1.0000 -0.0024
vn 0.0011 -1.0000 -0.0002
vn -0.0024 -1.0000 0.0002
vn -0.0488 -0.2665 0.9626
vn -0.0042 -1.0000 -0.0082
vn -0.0251 -0.9995 -0.0210
vn 0.0016 -1.0000 -0.0009
vn 0.1884 -0.5464 0.8160
vn -0.2351 0.6434 0.7285
vn 0.0671 -0.8451 -0.5304
vn 0.1906 -0.9703 -0.1492
vn 0.0424 -0.8394 -0.5419
vn -0.0093 -0.9692 0.2459
vn 0.0914 -0.9946 0.0485
vn -0.0765 -0.9899 0.1194
vn 0.0745 -0.9817 -0.1751
vn -0.0180 -0.9941 0.1072
vn 0.1060 -0.9903 0.0899
vn 0.0002 -1.0000 0.0086
vn 0.0065 -0.9999 0.0141
vn 0.0109 -0.9999 0.0029
vn 0.3435 -0.9361 -0.0755
vn 0.1322 -0.9903 -0.0433
vn 0.1911 -0.9813 -0.0248
vn -0.3135 -0.9058 0.2850
vn 0.0024 -1.0000 0.0068
vn 0.1435 -0.9853 0.0931
vn 0.0016 -1.0000 0.0009
vn 0.0231 -0.9997 -0.0125
vn 0.0342 -0.9992 -0.0207
vn -0.0040 -1.0000 0.0045
vn 0.0034 -1.0000 0.0018
vn 0.1199 -0.9897 -0.0781
vn 0.0270 -0.9990 0.0370
vn -0.0101 -0.9989 0.0461
vn -0.0663 -0.9975 -0.0229
vn 0.0425 -0.9420 0.3330
vn -0.0501 -0.9987 0.0062
vn -0.0239 -0.9994 -0.0252
vn -0.0241 -0.9975 -0.0660
vn 0.0145 -0.9997 -0.0218
vn -0.0061 -0.9979 -0.0645
vn -0.0012 -0.9998 -0.0220
vn 0.0456 -0.9980 -0.0427
vn 0.0250 -0.9996 -0.0161
vn 0.0624 -0.9967 -0.0523
vn 0.2381 -0.9362 -0.2586
vn -0.2702 -0.9625 0.0229
vn -0.0178 -0.8101 -0.5860
vn 0.1049 -0.9645 0.2425
vn 0.0829 -0.7394 0.6681
vn 0.0044 -0.5043 0.8635
vn 0.3358 -0.0527 0.9405
vn 0.2825 -0.2197 0.9338
vn -0.0007 -1.0000 0.0003
vn 0.0001 -1.0000 -0.0017
vn -0.0186 -0.9933 0.1139
vn 0.0145 -0.9939 0.1095
vn -0.0001 -1.0000 -0.0016
vn -0.0631 -0.9967 0.0515
vn -0.1032 -0.9900 0.0967
vn -0.0854 -0.9594 0.2689
vn -0.0543 -0.9985 0.0082
vn 0.3126 -0.7008 -0.6412
vn 0.2030 -0.8770 -0.4355
vn 0.0504 -0.9977 -0.0444
vn -0.1713 -0.9299 -0.3255
vn 0.0972 -0.9952 0.0121
vn -0.1114 -0.8414 -0.5288
vn -0.0040 -0.9854 -0.1700
vn -0.1008 -0.7373 -0.6681
vn 0.1524 -0.9515 0.2674
vn 0.0811 -0.9954 0.0511
vn 0.0847 -0.9735 -0.2126
vn 0.6526 -0.7137 0.2544
vn 0.8607 -0.1823 0.4753
vn -0.0179 -0.9942 0.1063
vn 0.0234 -0.9969 0.0757
vn -0.0623 -0.9195 0.3882
vn -0.1018 -0.9943 -0.0320
vn -0.0192 -0.9998 0.0056
vn 0.0007 -1.0000 0.0091
vn 0.2819 -0.3446 -0.8954
vn 0.0094 -0.9158 -0.4015
vn 0.0277 -0.9996 0.0111
vn 0.0817 -0.9547 -0.2860
vn 0.0288 -0.9939 0.1061
vn -0.0338 0.6697 0.7419
vn 0.0049 -0.9471 0.3209
vn -0.0330 -0.5816 0.8128
vn -0.0016 -0.9966 0.0827
vn 0.0628 -0.7169 -0.6943
vn -0.0833 -0.9950 0.0557
vn -0.0169 -0.9948 0.1003
vn 0.0015 -0.9995 0.0317
vn 0.0028 -0.9998 0.0220
vn -0.0119 -0.9998 0.0182
vn -0.0027 -1.0000 -0.0041
vn -0.0012 -1.0000 -0.0005
vn -0.0221 -0.9995 -0.0205
vn -0.0007 -1.0000 0.0058
vn -0.0023 -1.0000 -0.0011
vn 0.0012 -1.0000 0.0009
vn 0.0004 -1.0000 0.0007
vn 0.0003 -1.0000 0.0006
vn 0.0038 -1.0000 0.0047
vn 0.0024 -1.0000 0.0061
vn 0.0003 -1.0000 -0.0006
vn 0.0005 -1.0000 -0.0002
vn 0.0006 -1.0000 0.0013
vn -0.0004 -1.0000 0.0005
vn 0.0007 -1.0000 -0.0003
vn -0.0008 -1.0000 0.0068
vn 0.0001 -1.0000 -0.0013
vn 0.0005 -1.0000 0.0010
vn 0.0524 -0.9961 0.0704
vn -0.0227 -0.9691 0.2458
vn 0.0992 -0.9792 0.1768
vn -0.0052 -0.9898 0.1425
vn -0.0152 -0.9915 0.1294
vn 0.2477 -0.9680 -0.0403
vn 0.1183 -0.9790 0.1662
vn 0.0180 -0.9946 0.1026
vn -0.0806 -0.9832 -0.1636
vn -0.0832 -0.9922 -0.0923
vn 0.0584 -0.9669 -0.2486
vn 0.0397 -0.9651 -0.2588
vn 0.1365 -0.9877 0.0768
vn 0.3508 -0.9362 0.0209
vn 0.2129 -0.9763 -0.0382
vn -0.3827 -0.9183 0.1008
vn 0.0889 -0.8221 0.5624
vn 0.0297 -0.9446 0.3270
vn -0.1697 -0.8709 -0.4613
vn -0.2608 -0.9543 0.1463
vn -0.0158 -0.9328 -0.3599
vn -0.0835 -0.9151 -0.3945
vn 0.2520 -0.9668 -0.0431
vn -0.4436 -0.8958 0.0263
vn 0.0952 -0.9889 -0.1145
vn 0.3219 -0.9313 -0.1704
vn 0.5655 -0.8245 0.0174
vn 0.4582 -0.8888 0.0136
vn 0.0753 -0.9971 -0.0101
vn 0.2056 -0.8635 -0.4606
vn -0.0189 -0.9990 0.0409
vn -0.3132 -0.9476 0.0638
vn -0.1205 -0.9915 0.0493
vn -0.6913 -0.3232 -0.6463
vn -0.5712 -0.7510 -0.3313
vn 0.4955 -0.6714 0.5511
vn -0.8297 -0.1528 -0.5368
vn -0.1836 -0.5890 0.7870
vn -0.0726 0.9688 0.2371
vn -0.0112 -0.9997 -0.0209
vn 0.1511 -0.9534 0.2611
vn -0.0154 -0.9998 0.0128
vn 0.0487 -0.9660 0.2539
vn 0.0484 -0.9661 0.2536
vn -0.0685 -0.9956 -0.0638
vn -0.0791 -0.9863 -0.1449
vn 0.0334 -0.9106 -0.4120
vn -0.0513 -0.9749 0.2168
vn -0.0022 -0.7994 0.6008
vn 0.4915 -0.5345 -0.6876
vn 0.4529 -0.5773 -0.6794
vn 0.3906 -0.5570 -0.7330
vn 0.0857 -0.9736 0.2114
vn -0.1527 -0.9706 -0.1861
vn -0.1887 -0.9752 0.1155
vn -0.0446 -0.9971 0.0624
vn -0.2315 -0.9679 0.0975
vn 0.0006 -1.0000 -0.0033
vn 0.0007 -1.0000 -0.0009
vn 0.0066 -1.0000 -0.0070
vn 0.0024 -1.0000 -0.0018
vn -0.0306 -0.9990 0.0333
vn 0.0890 -0.9903 -0.1063
vn 0.0281 -0.9996 -0.0032
vn 0.1883 -0.9820 0.0127
vn 0.0196 -0.9978 -0.0641
vn -0.0173 -0.9142 -0.4048
vn -0.6269 -0.2385 0.7417
vn -0.5754 -0.8175 -0.0227
vn 0.2171 -0.9725 -0.0841
vn -0.4542 -0.8904 -0.0299
vn -0.3422 -0.9331 -0.1107
vn -0.1055 -0.9889 -0.1051
vn 0.0798 -0.6494 -0.7563
vn -0.0011 -0.9998 0.0216
vn -0.0773 -0.9634 0.2566
vn 0.0035 -0.9864 0.1640
vn 0.0464 -0.9989 0.0076
vn 0.0084 -1.0000 0.0055
vn 0.0414 -0.9266 0.3738
vn -0.0737 -0.7341 0.6750
vn 0.1469 -0.8834 0.4449
vn 0.4449 -0.7979 0.4068
vn 0.0390 -0.7733 -0.6328
vn 0.0701 -0.9975 0.0055
vn -0.0861 -0.9960 -0.0251
vn -0.0647 -0.9974 -0.0316
vn 0.0002 -0.9258 0.3781
vn 0.0276 -0.9776 0.2087
vn -0.3501 -0.9366 0.0156
vn -0.2071 -0.7413 -0.6384
vn 0.0407 -0.9913 0.1249
vn -0.0090 0.2250 0.9743
vn 0.0053 -0.9891 0.1473
vn 0.0074 -0.9991 0.0429
vn -0.0014 -0.9994 0.0339
vn -0.0415 -0.9935 -0.1064
vn -0.0260 -0.9996 0.0092
vn -0.0049 -1.0000 -0.0084
vn -0.0000 -1.0000 0.0026
vn -0.0013 -1.0000 0.0020
vn 0.0010 -1.0000 -0.0047
vn -0.0009 -1.0000 -0.0012
vn -0.0005 -1.0000 -0.0013
vn -0.0001 -1.0000 -0.0008
vn 0.0005 -1.0000 -0.0034
vn -0.0008 -1.0000 -0.0016
vn 0.0030 -1.0000 0.0009
vn 0.0005 -1.0000 -0.0001
vn 0.0016 -1.0000 0.0001
vn 0.0002 -1.0000 -0.0003
vn -0.0005 -1.0000 -0.0002
vn -0.0011 -1.0000 0.0009
vn -0.0007 -1.0000 0.0002
vn 0.0001 -1.0000 0.0003
vn -0.0018 -1.0000 0.0004
vn 0.0017 -1.0000 0.0028
vn 0.0004 -1.0000 -0.0020
vn 0.0010 -1.0000 -0.0022
vn -0.0069 -0.9999 -0.0152
vn 0.0025 -1.0000 -0.0021
vn 0.0001 -1.0000 -0.0029
vn 0.0007 -1.0000 0.0049
vn 0.0064 -1.0000 0.0002
vn -0.0165 -0.9988 -0.0465
vn 0.0314 -0.9974 -0.0650
vn 0.3274 -0.8595 0.3926
vn 0.0820 -0.7787 0.6220
vn -0.0500 -0.9973 -0.0529
vn 0.2202 -0.9701 -0.1023
vn -0.2680 -0.9624 -0.0453
vn -0.4599 -0.8832 -0.0915
vn -0.4551 -0.7905 -0.4100
vn 0.3489 -0.9306 0.1109
vn 0.1146 -0.9919 0.0544
vn -0.0571 -0.9832 0.1734
vn 0.3048 -0.8148 0.4931
vn -0.0684 -0.9096 0.4099
vn 0.3605 -0.9236 -0.1304
vn 0.3865 -0.9066 -0.1695
vn -0.4040 -0.9067 -0.1209
vn 0.1623 -0.9865 -0.0222
vn -0.0523 -0.9976 0.0460
vn -0.0072 -0.9971 -0.0758
vn -0.1993 -0.9777 0.0658
vn -0.2662 -0.9624 0.0549
vn -0.1356 -0.9907 0.0084
vn -0.1386 -0.9613 -0.2379
vn -0.0286 -0.9028 -0.4291
vn -0.1470 -0.9879 -0.0499
vn -0.0057 -0.9902 0.1393
vn 0.0290 -0.9948 0.0978
vn -0.5356 -0.7608 -0.3665
vn -0.0152 -0.9999 0.0082
vn -0.0262 -0.9948 0.0982
vn 0.0661 -0.9976 -0.0217
vn 0.0174 -0.9963 -0.0847
vn -0.0010 -0.9990 -0.0439
vn -0.0829 -0.9934 -0.0790
vn -0.4633 -0.8076 -0.3649
vn 0.0825 -0.9966 -0.0040
vn 0.5829 -0.7727 0.2514
vn 0.0511 -0.9853 -0.1632
vn -0.0142 -0.9897 -0.1425
vn 0.6728 -0.7303 -0.1188
vn 0.2831 -0.9514 -0.1213
vn 0.4623 -0.8785 -0.1204
vn 0.8117 -0.5778 -0.0855
vn 0.1694 -0.8812 -0.4413
vn 0.5058 -0.8512 0.1405
vn -0.2769 -0.9189 -0.2809
vn -0.0126 -0.9992 -0.0371
vn 0.0144 -0.5594 0.8288
vn 0.2855 -0.7609 0.5826
vn 0.2799 -0.6917 0.6657
vn 0.0051 -0.9974 -0.0714
vn -0.0979 -0.9694 -0.2253
vn 0.3834 -0.9004 0.2057
vn 0.3716 -0.9031 0.2150
vn 0.3258 -0.9229 0.2054
vn -0.0538 -0.9286 0.3671
vn -0.0238 -0.9562 0.2917
vn -0.0919 -0.9179 0.3860
vn 0.0203 -0.9990 -0.0394
vn 0.0071 -0.9999 -0.0107
vn -0.0134 -0.9991 0.0391
vn 0.0095 -0.9999 -0.0058
vn -0.0461 -0.9966 0.0686
vn 0.0651 -0.9970 -0.0419
vn 0.1083 -0.9892 -0.0989
vn 0.1320 -0.9878 -0.0831
vn 0.1038 -0.9906 -0.0895
vn -0.1243 -0.9735 0.1920
vn -0.3377 -0.9366 0.0932
vn 0.1313 -0.9026 -0.4100
vn 0.0337 -0.9991 -0.0245
vn 0.0983 -0.9951 0.0058
vn -0.0521 -0.9959 -0.0738
vn -0.2687 -0.9549 -0.1267
vn -0.2316 -0.9174 -0.3236
vn -0.6215 0.3424 0.7046
vn -0.5246 -0.8277 0.1992
vn 0.4691 -0.8669 0.1686
vn -0.1517 -0.9867 -0.0579
vn -0.1342 -0.9863 -0.0962
vn 0.0207 -0.9955 -0.0927
vn -0.0632 -0.9968 -0.0483
vn 0.0974 -0.8059 -0.5840
vn 0.0845 -0.9858 0.1453
vn -0.1521 -0.5342 0.8316
vn 0.4860 -0.8014 -0.3487
vn 0.4298 -0.8363 -0.3403
vn 0.3653 -0.8377 -0.4060
vn 0.2654 -0.9107 -0.3165
vn -0.0452 -0.8294 -0.5568
vn -0.0249 -0.8028 0.5957
vn 0.1933 -0.1151 0.9744
vn 0.2088 -0.0457 0.9769
vn 0.1617 -0.1460 0.9760
vn -0.2784 0.6152 -0.7376
vn -0.0571 -0.9958 -0.0710
vn -0.0140 -0.9997 0.0223
vn 0.0001 -1.0000 0.0041
vn -0.0005 -1.0000 0.0015
vn 0.0004 -1.0000 0.0041
vn -0.0000 -1.0000 0.0022
vn 0.0006 -1.0000 -0.0008
vn 0.0008 -1.0000 -0.0028
vn -0.0025 -1.0000 0.0005
vn -0.0029 -1.0000 0.0018
vn 0.0001 -1.0000 -0.0007
vn -0.0013 -1.0000 0.0001
vn -0.0017 -1.0000 0.0004
vn -0.0020 -1.0000 -0.0009
vn 0.0009 -1.0000 -0.0006
vn 0.0002 -1.0000 -0.0006
vn -0.0005 -1.0000 -0.0021
vn -0.0039 -0.9999 -0.0152
vn -0.0710 -0.9972 0.0235
vn -0.0016 -0.9999 0.0142
vn -0.1186 -0.9916 -0.0514
vn 0.0511 -0.9911 0.1231
vn 0.1487 -0.9430 0.2978
vn -0.0352 -0.9921 0.1205
vn -0.0149 -0.9985 -0.0525
vn -0.0077 -0.9871 0.1599
vn -0.0102 -0.9814 -0.1915
vn 0.0003 -0.9996 0.0297
vn -0.0202 -0.4632 0.8860
vn 0.0550 -0.9801 0.1908
vn -0.0144 -0.0980 0.9951
vn -0.0123 -0.9803 0.1970
vn 0.1649 -0.8537 -0.4939
vn -0.0940 -0.8260 -0.5558
vn -0.0097 -0.9908 0.1348
vn -0.2475 0.1444 0.9581
vn -0.0789 -0.9520 -0.2958
vn 0.0650 -0.9943 0.0840
vn -0.0873 -0.9958 -0.0261
vn -0.0023 -1.0000 -0.0002
vn 0.0032 -1.0000 -0.0027
vn -0.0472 -0.9986 -0.0231
vn -0.0203 -0.9998 0.0078
vn -0.0239 -0.9997 -0.0074
vn -0.0024 -0.9999 0.0149
vn -0.0011 -1.0000 0.0026
vn -0.0007 -1.0000 0.0004
vn -0.0362 -0.9993 0.0021
vn -0.0487 -0.9963 -0.0707
vn -0.0192 -0.9998 -0.0014
vn -0.0602 -0.9979 -0.0246
vn 0.0253 -0.9997 -0.0038
vn 0.1011 -0.9945 0.0268
vn 0.3953 -0.9185 -0.0117
vn 0.1276 -0.9873 -0.0947
vn 0.1748 -0.9780 -0.1136
vn 0.4059 -0.8837 0.2330
vn -0.0385 -0.9993 -0.0025
vn -0.1938 -0.9808 -0.0235
vn -0.0550 -0.9968 -0.0576
vn -0.0674 -0.9859 0.1529
vn 0.0013 -0.9994 0.0359
vn 0.2940 -0.9558 -0.0060
vn -0.0129 -0.9985 -0.0529
vn 0.9373 0.2389 0.2539
vn -0.1014 -0.9572 -0.2711
vn 0.0993 -0.9902 0.0979
vn 0.1860 -0.8990 0.3965
vn -0.1581 -0.9451 0.2860
vn -0.2592 -0.9124 0.3168
vn -0.2082 -0.9410 0.2668
vn 0.4231 -0.8907 -0.1659
vn 0.2614 -0.8563 -0.4454
vn -0.2000 -0.4680 0.8608
vn 0.0010 -0.9321 0.3623
vn -0.1495 -0.9814 0.1206
vn -0.0265 -0.9686 -0.2473
vn -0.0545 -0.9863 -0.1557
vn 0.0045 -0.8845 -0.4666
vn -0.1875 -0.9743 -0.1252
vn -0.0783 -0.9950 0.0625
vn -0.0372 -0.9987 0.0336
vn 0.0012 -1.0000 0.0019
vn 0.3192 -0.8352 -0.4479
vn 0.0804 -0.9828 -0.1663
vn -0.0421 -0.9972 -0.0621
vn -0.0503 -0.8022 -0.5949
vn 0.0071 -0.9966 -0.0820
vn -0.0439 -0.9988 -0.0219
vn 0.0362 -0.5051 0.8623
vn 0.2318 -0.9708 0.0623
vn -0.3575 -0.9309 -0.0748
vn 0.1879 0.0187 0.9820
vn 0.2461 -0.7616 0.5996
vn 0.2988 -0.9529 0.0518
vn 0.2428 -0.9698 0.0249
vn 0.2242 -0.9745 0.0100
vn 0.8941 -0.1435 -0.4243
vn 0.5114 -0.6369 -0.5769
vn 0.4836 -0.8729 -0.0649
vn 0.0129 -0.7426 -0.6696
vn -0.0920 -0.9287 -0.3592
vn -0.1128 -0.7620 -0.6377
vn 0.0266 -0.9994 -0.0236
vn 0.5474 -0.8201 0.1670
vn -0.1284 -0.9839 0.1242
vn -0.1412 -0.9878 -0.0655
vn -0.2171 -0.8870 0.4075
vn -0.0369 -0.9568 0.2885
vn 0.2269 -0.6496 -0.7256
vn 0.0929 -0.9921 0.0844
vn 0.0698 -0.9975 -0.0090
vn 0.1991 -0.7230 -0.6615
vn -0.6864 -0.7264 -0.0355
vn 0.1963 -0.0306 -0.9801
vn 0.0218 -0.2748 -0.9613
vn -0.1285 -0.9870 0.0961
vn 0.1997 -0.8966 0.3952
vn -0.2969 -0.8454 0.4440
vn -0.3349 -0.8758 0.3477
vn -0.6860 -0.7244 0.0685
vn -0.0913 -0.8564 0.5082
vn -0.0740 -0.9950 0.0673
vn -0.5329 -0.0904 0.8413
vn -0.0059 -0.9178 0.3970
vn -0.0724 -0.9974 -0.0007
vn 0.2857 0.8372 -0.4664
vn -0.0736 -0.9973 0.0071
vn -0.0541 -0.9979 -0.0369
vn -0.0105 -0.9999 -0.0095
vn -0.0417 -0.9950 -0.0908
vn 0.0001 -1.0000 0.0033
vn -0.0002 -1.0000 0.0007
vn -0.0082 -1.0000 0.0029
vn -0.0004 -1.0000 -0.0034
vn 0.0001 -1.0000 0.0009
vn 0.0004 -1.0000 -0.0002
vn 0.0019 -1.0000 -0.0014
vn -0.0028 -1.0000 -0.0005
vn -0.0034 -0.9999 -0.0096
vn 0.0002 -1.0000 0.0011
vn 0.0013 -1.0000 0.0009
vn 0.0003 -1.0000 0.0005
vn -0.0012 -1.0000 0.0008
vn -0.0024 -1.0000 0.0013
vn -0.0004 -1.0000 -0.0060
vn 0.0050 -0.9999 -0.0093
vn -0.0001 -1.0000 -0.0010
vn -0.0184 -0.9089 0.4167
vn 0.0044 -1.0000 -0.0058
vn 0.1558 -0.9711 0.1808
vn -0.1593 -0.9099 -0.3831
vn 0.2280 -0.9123 0.3401
vn -0.1094 -0.8788 -0.4644
vn 0.1503 -0.6027 0.7837
vn 0.1300 -0.9812 0.1427
vn 0.0078 -0.0036 1.0000
vn -0.0954 -0.6543 -0.7502
vn -0.0115 -0.9766 0.2147
vn 0.0581 -0.9943 0.0890
vn 0.0351 -0.9992 0.0186
vn -0.0045 -1.0000 0.0052
vn 0.0161 -0.9998 0.0086
vn 0.0017 -1.0000 0.0057
vn -0.0011 -1.0000 -0.0004
vn 0.0012 -1.0000 -0.0000
vn -0.0028 -1.0000 0.0005
vn -0.0058 -1.0000 -0.0062
vn -0.0022 -1.0000 0.0047
vn -0.0036 -1.0000 -0.0046
vn -0.0003 -1.0000 -0.0054
vn -0.0199 -0.9998 -0.0026
vn -0.0030 -1.0000 -0.0088
vn -0.1469 -0.9422 -0.3012
vn -0.0518 -0.9986 -0.0144
vn -0.1912 -0.9736 0.1247
vn -0.0882 -0.9897 0.1124
vn -0.0407 -0.9988 -0.0276
vn 0.0116 -0.5375 0.8432
vn -0.3027 -0.8082 0.5052
vn -0.1835 -0.9822 0.0392
vn -0.3999 -0.9013 -0.1664
vn 0.0193 -0.9997 -0.0123
vn -0.0261 -0.9985 -0.0489
vn 0.0207 -0.9997 0.0130
vn -0.0803 -0.9874 -0.1367
vn -0.5441 -0.8321 -0.1070
vn -0.4986 -0.8276 -0.2580
vn 0.0423 -0.9980 0.0472
vn 0.0360 -0.9979 0.0530
vn -0.0168 -0.9998 -0.0050
vn -0.0051 -0.9995 0.0327
vn -0.0390 -0.9976 0.0568
vn -0.0390 -0.9969 -0.0690
vn 0.1060 -0.9380 0.3301
vn -0.1868 -0.9732 0.1344
vn 0.2539 -0.9619 0.1018
vn 0.0018 -0.9998 0.0203
vn -0.3862 -0.9072 -0.1670
vn 0.0753 -0.9233 0.3766
vn 0.3521 -0.9047 0.2399
vn 0.0387 -0.8585 -0.5113
vn -0.2276 -0.9482 0.2214
vn -0.3231 -0.8612 0.3924
vn -0.7376 -0.4299 0.5207
vn -0.1601 -0.9356 -0.3146
vn 0.2433 -0.9485 -0.2027
vn -0.0811 -0.9932 -0.0833
vn -0.0486 -0.9984 -0.0296
vn -0.0215 -0.9988 -0.0438
vn -0.1585 -0.9857 0.0563
vn -0.0341 -0.9976 -0.0604
vn -0.1453 -0.9893 0.0140
vn -0.0027 -0.9999 -0.0142
vn -0.0035 -0.9995 -0.0326
vn -0.0135 -0.9741 0.2259
vn -0.0936 -0.5215 0.8481
vn -0.0962 -0.9954 0.0046
vn -0.0168 -0.9999 0.0026
vn 0.0201 -0.9995 -0.0263
vn -0.0023 -0.9996 0.0279
vn -0.0169 -0.9999 0.0016
vn -0.0056 -0.9998 -0.0185
vn 0.0004 -1.0000 0.0095
vn 0.0420 -0.9987 -0.0288
vn -0.0616 -0.9902 -0.1256
vn -0.0020 -1.0000 -0.0035
vn 0.0013 -1.0000 0.0018
vn 0.0022 -1.0000 -0.0026
vn -0.3870 -0.7562 -0.5277
vn -0.0534 -0.9911 -0.1217
vn -0.0778 -0.9360 -0.3432
vn 0.1404 -0.9844 -0.1060
vn -0.3456 -0.8891 0.3000
vn -0.0111 -0.9999 -0.0015
vn -0.0034 -0.9657 -0.2595
vn 0.1513 -0.9499 -0.2736
vn 0.0661 -0.9826 0.1736
vn 0.1584 -0.9805 -0.1165
vn 0.1360 -0.8769 0.4611
vn 0.0733 -0.9663 0.2468
vn 0.0434 -0.9765 -0.2110
vn -0.1061 -0.1264 0.9863
vn 0.2152 -0.7540 -0.6206
vn 0.2145 -0.9195 -0.3293
vn -0.2259 -0.9344 -0.2755
vn 0.4195 -0.7793 0.4655
vn -0.2285 -0.6919 -0.6849
vn 0.1068 -0.8531 0.5106
vn 0.1485 -0.9669 -0.2074
vn 0.0089 -0.9850 0.1721
vn 0.0936 -0.9870 0.1308
vn 0.1155 -0.7573 0.6427
vn 0.0194 -0.9976 -0.0663
vn -0.0638 -0.7438 0.6653
vn 0.0003 -0.9644 0.2645
vn -0.0484 -0.9092 0.4135
vn -0.0652 -0.8808 0.4690
vn 0.0113 -0.8916 0.4526
vn -0.0496 -0.9971 0.0582
vn 0.0215 -0.5602 -0.8281
vn 0.0068 -0.9965 0.0837
vn -0.0078 0.9126 0.4089
vn 0.0797 -0.4647 -0.8819
vn 0.1034 -0.9728 0.2073
vn 0.2136 -0.9536 -0.2122
vn -0.0757 -0.9749 -0.2092
vn 0.0850 -0.9358 0.3420
vn 0.2221 -0.8856 0.4079
vn -0.0219 -0.9942 0.1052
vn 0.0003 -0.9996 0.0280
vn -0.0010 -1.0000 -0.0017
vn 0.0009 -1.0000 -0.0024
vn 0.0010 -1.0000 -0.0011
vn -0.0019 -1.0000 -0.0037
vn -0.0034 -1.0000 -0.0057
vn -0.0007 -1.0000 -0.0028
vn 0.0012 -1.0000 -0.0009
vn 0.0012 -1.0000 -0.0023
vn -0.0004 -1.0000 0.0008
vn -0.0019 -1.0000 0.0004
vn 0.0032 -1.0000 -0.0011
vn 0.0500 -0.9985 -0.0220
vn 0.0004 -1.0000 0.0001
vn -0.0008 -1.0000 0.0022
vn 0.0100 -0.9999 -0.0058
vn 0.0004 -1.0000 0.0005
vn 0.0181 -0.9998 -0.0048
vn 0.0070 -1.0000 -0.0021
vn 0.0072 -1.0000 -0.0022
vn -0.0000 -1.0000 0.0011
vn 0.0001 -1.0000 0.0007
vn 0.0037 -1.0000 -0.0050
vn 0.0119 -0.5422 0.8402
vn -0.0384 -0.9991 0.0185
vn -0.5573 -0.4325 -0.7088
vn -0.0096 -0.9494 -0.3139
vn -0.0190 -0.9990 0.0411
vn 0.0473 -0.4357 -0.8988
vn -0.1513 0.9811 -0.1209
vn 0.0616 -0.5445 0.8365
vn 0.0322 -0.9033 -0.4278
vn -0.0220 -0.9920 0.1240
vn -0.0034 -1.0000 -0.0094
vn 0.0075 -0.9999 -0.0067
vn 0.0015 -1.0000 -0.0002
vn -0.0012 -0.9997 -0.0232
vn -0.0008 -1.0000 -0.0005
vn 0.0075 -1.0000 0.0022
vn 0.0578 -0.9981 0.0196
vn 0.0155 -0.9999 0.0032
vn -0.0081 -1.0000 -0.0009
vn 0.0038 -0.9999 -0.0156
vn 0.0142 -0.9998 0.0143
vn 0.0128 -0.9987 -0.0485
vn -0.0075 -1.0000 0.0046
vn 0.0115 -0.9999 0.0116
vn 0.0307 -0.9995 0.0121
vn -0.0651 -0.9979 0.0044
vn -0.1856 -0.9817 -0.0425
vn -0.0076 -1.0000 -0.0041
vn -0.0217 -0.9997 -0.0082
vn -0.0037 -1.0000 -0.0054
vn 0.0060 -0.9999 -0.0110
vn 0.0820 -0.9964 -0.0201
vn -0.4079 -0.9129 -0.0167
vn 0.0799 -0.9814 -0.1743
vn 0.0214 -0.9998 0.0012
vn -0.0019 -1.0000 0.0020
vn -0.0030 -1.0000 0.0032
vn 0.0024 -1.0000 -0.0064
vn 0.0007 -1.0000 -0.0021
vn -0.0002 -1.0000 0.0042
vn -0.0019 -0.9997 0.0225
vn 0.0517 -0.9983 0.0277
vn 0.0070 -1.0000 0.0063
vn -0.0010 -1.0000 0.0027
vn -0.1918 -0.9783 -0.0779
vn 0.0360 -0.9987 0.0364
vn 0.2263 -0.9728 0.0492
vn 0.7026 -0.6710 0.2369
vn 0.1492 -0.9876 0.0494
vn -0.0011 -1.0000 -0.0091
vn 0.0805 -0.9961 -0.0362
vn 0.3792 -0.9252 -0.0135
vn 0.0426 -0.9975 0.0560
vn 0.0608 -0.9898 -0.1291
vn -0.0096 -0.9974 -0.0719
vn -0.0549 -0.9843 0.1675
vn -0.3006 -0.9386 0.1692
vn -0.0276 -0.9757 0.2174
vn 0.1757 -0.9731 -0.1488
vn -0.2396 -0.7103 -0.6619
vn -0.1685 -0.7562 -0.6322
vn -0.1892 -0.7548 -0.6281
vn -0.1561 -0.7691 -0.6198
vn 0.5624 -0.8266 0.0224
vn -0.1042 -0.9014 -0.4203
vn 0.0755 -0.9940 0.0792
vn -0.4718 -0.7078 -0.5257
vn -0.3658 -0.9222 -0.1257
vn -0.1465 -0.9004 0.4097
vn 0.1465 -0.5830 0.7992
vn -0.2771 -0.9594 0.0531
vn -0.0080 -0.9986 0.0524
vn 0.0547 -0.8674 -0.4946
vn 0.0302 -0.9814 -0.1896
vn 0.0756 -0.9089 -0.4101
vn 0.1436 -0.8329 -0.5345
vn -0.0000 -1.0000 0.0004
vn 0.0003 -1.0000 0.0007
vn 0.0057 -0.9996 -0.0261
vn -0.0258 -0.9995 0.0204
vn -0.0048 -1.0000 0.0046
vn -0.0006 -1.0000 0.0008
vn -0.0000 -1.0000 -0.0009
vn -0.0003 -1.0000 -0.0008
vn -0.0003 -1.0000 -0.0009
vn 0.0001 -1.0000 0.0005
vn -0.0004 -1.0000 -0.0001
vn 0.0039 -0.9999 0.0144
vn -0.0010 -1.0000 -0.0042
vn -0.0002 -1.0000 -0.0079
vn -0.0009 -1.0000 -0.0014
vn -0.0016 -1.0000 -0.0032
vn 0.1670 -0.9551 -0.2448
vn 0.0592 -0.9960 -0.0675
vn 0.0508 -0.9979 -0.0402
vn -0.0531 -0.9743 -0.2190
vn -0.0658 -0.9867 0.1489
vn 0.0319 -0.9987 0.0391
vn 0.0050 -1.0000 -0.0057
vn 0.0018 -1.0000 -0.0077
vn -0.0006 -1.0000 -0.0013
vn 0.0017 -1.0000 -0.0007
vn 0.0014 -1.0000 0.0010
vn 0.0006 -1.0000 -0.0000
vn -0.0040 -1.0000 -0.0016
vn -0.0036 -1.0000 -0.0013
vn -0.0019 -1.0000 0.0009
vn 0.0019 -1.0000 0.0010
vn -0.0011 -1.0000 -0.0005
vn 0.0005 -1.0000 -0.0004
vn 0.0010 -1.0000 0.0011
vn -0.0040 -1.0000 -0.0014
vn -0.0057 -1.0000 -0.0054
vn -0.0065 -1.0000 -0.0060
vn 0.0034 -1.0000 0.0057
vn -0.0008 -1.0000 -0.0064
vn 0.0010 -0.9999 -0.0135
vn -0.0072 -0.9998 0.0171
vn 0.0013 -1.0000 -0.0059
vn -0.1528 -0.9520 -0.2653
vn 0.0827 -0.9885 0.1264
vn 0.2567 -0.8949 0.3651
vn 0.4189 -0.4989 0.7587
vn -0.1081 -0.9861 0.1259
vn -0.0494 -0.9937 0.1008
vn -0.6244 -0.7807 0.0247
vn 0.0256 -0.9997 0.0044
vn 0.0046 -0.9999 -0.0132
vn -0.0262 -0.9986 -0.0470
vn -0.0209 -0.9976 0.0658
vn -0.0010 -0.9997 -0.0230
vn -0.3462 -0.8820 0.3197
vn 0.0164 -0.9994 -0.0305
vn 0.0962 -0.9942 0.0479
vn -0.0015 -0.9993 -0.0362
vn -0.1156 -0.9919 0.0523
vn -0.0436 -0.9990 -0.0119
vn -0.0663 -0.9978 0.0020
vn -0.1060 -0.9922 0.0649
vn 0.2391 -0.9612 0.1377
vn 0.0221 -0.9997 0.0068
vn 0.0236 -0.9960 -0.0864
vn 0.0069 -0.9999 -0.0143
vn -0.0030 -1.0000 0.0037
vn -0.0808 -0.9891 0.1232
vn 0.1509 -0.9830 0.1042
vn 0.2919 -0.9329 0.2110
vn 0.2388 -0.9340 0.2657
vn 0.0748 -0.9910 0.1113
vn -0.0050 -1.0000 0.0026
vn 0.0083 -0.9999 0.0120
vn -0.0458 -0.9986 0.0261
vn 0.5457 -0.5087 0.6659
vn 0.3420 -0.8467 0.4077
vn 0.2868 -0.8954 0.3405
vn -0.0415 -0.9989 -0.0237
vn 0.3806 -0.9246 0.0155
vn -0.0472 -0.9961 -0.0750
vn -0.0619 -0.9981 -0.0025
vn -0.1027 -0.9936 -0.0468
vn -0.3212 -0.9285 -0.1863
vn -0.2168 -0.9762 -0.0027
vn -0.5358 -0.8182 0.2086
vn 0.0184 -0.9993 0.0334
vn 0.0038 -0.9994 -0.0332
vn -0.0623 -0.9968 -0.0493
vn -0.1587 -0.9872 0.0176
vn -0.0528 -0.9984 -0.0205
vn -0.1222 -0.9531 -0.2770
vn 0.0083 -0.9999 -0.0103
vn 0.0038 -1.0000 -0.0027
vn 0.0022 -1.0000 -0.0042
vn 0.0402 -0.9987 -0.0323
vn 0.0259 -0.9908 0.1327
vn 0.0475 -0.9859 0.1604
vn -0.5050 -0.8618 -0.0469
vn 0.1013 -0.8696 0.4832
vn 0.2392 -0.9514 -0.1940
vn 0.1720 -0.9691 -0.1766
vn 0.7012 -0.4638 0.5415
vn 0.1182 -0.9818 -0.1486
vn 0.1499 -0.9824 -0.1114
vn 0.1168 -0.9823 -0.1463
vn 0.0275 -0.8630 -0.5044
vn 0.0569 -0.9495 -0.3086
vn -0.1167 -0.9925 -0.0374
vn -0.0480 -0.8166 -0.5752
vn 0.0662 -0.8644 -0.4984
vn -0.0321 -0.9993 -0.0213
vn -0.2444 -0.9131 0.3265
vn 0.2274 0.6302 0.7424
vn -0.1829 -0.5497 0.8151
vn -0.0133 -0.9994 0.0323
vn -0.0023 -1.0000 -0.0030
vn 0.0036 -1.0000 0.0034
vn -0.0012 -1.0000 -0.0000
vn 0.0026 -1.0000 0.0025
vn -0.0038 -1.0000 -0.0055
vn -0.0005 -1.0000 -0.0011
vn -0.0113 -0.9994 -0.0340
vn 0.0002 -1.0000 -0.0007
vn 0.0004 -1.0000 -0.0022
vn -0.0003 -1.0000 0.0002
vn -0.0002 -1.0000 0.0004
vn 0.0006 -1.0000 -0.0007
vn 0.0007 -1.0000 -0.0005
vn -0.0019 -1.0000 -0.0002
vn -0.0004 -1.0000 -0.0011
vn 0.0003 -1.0000 -0.0019
vn 0.0027 -1.0000 0.0009
vn 0.0009 -1.0000 -0.0005
vn -0.0802 -0.9822 0.1701
vn -0.3309 -0.9276 -0.1735
vn -0.1408 -0.6777 -0.7217
vn 0.0322 -0.9917 -0.1241
vn -0.6754 -0.6830 -0.2780
vn -0.2872 -0.8527 0.4364
vn 0.0041 -0.9977 0.0683
vn 0.0843 -0.9422 0.3242
vn 0.0165 -0.9950 -0.0985
vn -0.0174 -0.9882 -0.1523
vn 0.0602 -0.3690 0.9275
vn 0.0425 -0.9991 0.0026
vn -0.0409 -0.9980 0.0488
vn 0.0005 -1.0000 -0.0098
vn 0.0009 -1.0000 0.0035
vn 0.0031 -1.0000 0.0022
vn 0.0031 -1.0000 0.0002
vn 0.0058 -1.0000 -0.0008
vn 0.0011 -1.0000 0.0006
vn 0.0026 -1.0000 0.0004
vn 0.0023 -1.0000 -0.0001
vn 0.0012 -1.0000 -0.0002
vn 0.0038 -0.9998 -0.0182
vn 0.0067 -1.0000 -0.0049
vn 0.0013 -1.0000 0.0003
vn 0.0011 -1.0000 0.0007
vn -0.0049 -1.0000 0.0027
vn 0.0005 -1.0000 -0.0013
vn 0.0049 -1.0000 0.0017
vn -0.0082 -0.9999 -0.0082
vn 0.0061 -0.9991 -0.0412
vn 0.0165 -0.9999 0.0029
vn -0.0226 -0.9875 0.1562
vn 0.0053 -1.0000 -0.0054
vn -0.2266 -0.5360 -0.8132
vn -0.1072 -0.9942 -0.0037
vn -0.0264 -0.9989 0.0376
vn -0.1667 -0.9860 -0.0065
vn -0.3101 -0.9441 0.1118
vn 0.0033 -1.0000 -0.0011
vn -0.0042 -1.0000 -0.0010
vn 0.0039 -1.0000 0.0005
vn 0.0104 -0.9999 -0.0013
vn -0.4130 -0.8692 0.2717
vn 0.0373 -0.9872 0.1553
vn 0.2398 -0.9701 -0.0382
vn 0.0171 -0.9995 0.0252
vn 0.0892 -0.9944 -0.0568
vn -0.0019 -0.9997 0.0229
vn -0.0179 -0.9979 0.0619
vn -0.0621 -0.9971 0.0440
vn 0.0063 -1.0000 -0.0015
vn 0.0193 -0.9998 -0.0025
vn 0.0597 -0.9981 -0.0117
vn 0.1301 -0.9790 -0.1567
vn 0.1000 -0.9949 0.0157
vn 0.1211 -0.9767 0.1775
vn 0.1172 -0.9745 0.1916
vn 0.1184 -0.9761 0.1825
vn 0.0015 -1.0000 0.0024
vn 0.1525 -0.9795 -0.1314
vn 0.0015 -1.0000 -0.0010
vn 0.0065 -1.0000 0.0038
vn 0.0096 -0.9990 -0.0438
vn 0.0577 -0.9969 -0.0538
vn 0.0010 -0.9966 -0.0824
vn -0.0074 -0.9993 -0.0379
vn 0.3428 -0.9284 -0.1435
vn 0.1936 -0.9789 -0.0657
vn 0.2849 -0.9559 -0.0711
vn 0.0872 -0.9942 -0.0623
vn 0.0188 -0.9871 0.1591
vn 0.0034 -0.9951 0.0985
vn -0.0189 -0.9522 0.3049
vn -0.2607 -0.9456 0.1947
vn -0.1084 -0.9860 0.1267
vn -0.3112 -0.7933 0.5233
vn -0.1652 -0.9730 0.1613
vn -0.0285 -0.9982 0.0518
vn 0.0253 -0.9994 0.0238
vn -0.0243 -0.9992 -0.0315
vn 0.0051 -0.9973 0.0739
vn -0.3728 -0.8261 -0.4226
vn 0.0702 -0.9973 0.0222
vn 0.0252 -0.9979 0.0602
vn -0.0647 -0.9737 0.2184
vn 0.0089 -0.9998 0.0185
vn -0.0004 -1.0000 -0.0019
vn -0.0102 -0.9995 -0.0294
vn -0.0026 -1.0000 -0.0059
vn 0.0085 -0.9902 -0.1394
vn 0.0033 -1.0000 -0.0004
vn 0.0069 -1.0000 -0.0016
vn 0.0089 -1.0000 0.0010
vn 0.0018 -1.0000 0.0005
vn 0.0006 -1.0000 0.0003
vn -0.0001 -1.0000 0.0005
vn 0.0004 -1.0000 -0.0000
vn -0.0018 -1.0000 0.0015
vn -0.0001 -1.0000 -0.0015
vn 0.0002 -1.0000 -0.0008
vn 0.0012 -0.9994 0.0336
vn 0.0227 -0.9756 -0.2184
vn 0.0534 -0.8231 -0.5654
vn 0.0191 -0.9897 0.1419
vn 0.3246 -0.9366 0.1321
vn 0.0273 -0.9864 -0.1624
vn -0.0274 -0.9520 -0.3048
vn 0.0153 -0.8670 -0.4982
vn -0.0532 -0.9972 -0.0526
vn -0.0654 -0.9966 0.0503
vn -0.0030 -1.0000 -0.0007
vn -0.0027 -1.0000 -0.0019
vn 0.0009 -0.9998 -0.0208
vn -0.0012 -1.0000 -0.0020
vn 0.0601 -0.9977 -0.0322
vn -0.0010 -1.0000 -0.0044
vn -0.0033 -1.0000 0.0005
vn 0.0005 -1.0000 -0.0050
vn -0.0003 -1.0000 0.0025
vn 0.0003 -1.0000 0.0038
vn -0.0014 -1.0000 0.0006
vn 0.0020 -1.0000 0.0047
vn -0.0023 -1.0000 -0.0031
vn 0.0013 -1.0000 -0.0017
vn -0.0003 -1.0000 -0.0001
vn -0.0040 -0.9993 -0.0378
vn 0.0004 -1.0000 -0.0003
vn -0.0647 -0.9971 0.0403
vn -0.0238 -0.9996 0.0125
vn 0.0760 -0.9963 0.0407
vn -0.2455 0.9198 -0.3062
vn -0.1110 -0.9588 0.2614
vn 0.0069 -0.9976 0.0695
vn -0.1991 -0.9704 0.1369
vn 0.0330 -0.8206 0.5706
vn -0.1349 -0.9874 -0.0828
vn -0.0852 -0.6776 -0.7305
vn 0.1230 -0.9632 0.2388
vn -0.5419 -0.8125 0.2148
vn 0.1567 -0.9101 -0.3836
vn 0.2057 -0.9785 0.0145
vn 0.0384 -0.9947 -0.0957
vn -0.0144 -0.9862 -0.1651
vn 0.3253 -0.9454 0.0218
vn -0.7430 -0.6657 -0.0692
vn 0.0815 -0.9842 0.1572
vn -0.1787 -0.9837 -0.0207
vn 0.6440 -0.6438 0.4134
vn 0.0713 -0.9895 -0.1255
vn 0.0582 -0.9526 -0.2987
vn 0.3528 -0.9156 -0.1929
vn 0.1569 -0.9531 -0.2588
vn -0.2405 -0.9515 0.1920
vn -0.8665 -0.4932 0.0773
vn -0.0042 -0.9997 0.0245
vn 0.0357 -0.9992 0.0200
vn 0.0396 -0.9943 0.0987
vn -0.1847 -0.7598 -0.6234
vn -0.1971 -0.9427 -0.2693
vn 0.0943 -0.9623 -0.2552
vn -0.1938 -0.7013 -0.6860
vn -0.0309 -0.8324 -0.5534
vn -0.0501 -0.8728 -0.4855
vn 0.6531 -0.6791 -0.3350
vn 0.6402 0.5127 0.5721
vn -0.5523 -0.7938 0.2548
vn -0.0614 -0.9981 -0.0011
vn -0.3340 -0.9268 0.1716
vn 0.0639 -0.9970 0.0437
vn 0.3708 -0.9285 -0.0211
vn -0.3772 -0.8559 0.3538
vn 0.0486 -0.9850 -0.1658
vn -0.4921 -0.8260 -0.2750
vn 0.0958 -0.9948 -0.0342
vn -0.1802 -0.9826 0.0454
vn -0.2562 -0.9440 0.2080
vn 0.0697 -0.9975 -0.0084
vn -0.1357 -0.9846 0.1099
vn 0.0409 -0.9895 -0.1385
vn 0.2822 -0.9546 -0.0959
vn -0.3106 -0.9286 0.2030
vn -0.1447 -0.9779 0.1507
vn -0.4380 -0.8612 0.2578
vn -0.0204 -0.9927 0.1192
vn 0.0223 -0.9824 -0.1855
vn -0.4285 -0.8818 0.1970
vn -0.0311 -0.9993 0.0188
vn 0.2762 -0.9403 0.1990
vn 0.1734 -0.9832 -0.0579
vn 0.2794 -0.9508 -0.1336
vn -0.1666 -0.9506 -0.2618
vn -0.0909 -0.9035 -0.4188
vn -0.9637 -0.1750 -0.2017
vn 0.4417 -0.7048 0.5552
vn 0.1340 -0.8989 0.4172
vn 0.2920 -0.9531 -0.0800
vn 0.0853 -0.9962 -0.0179
vn 0.0507 -0.9987 -0.0013
vn -0.0399 -0.9933 0.1083
vn -0.0600 -0.9978 0.0277
vn 0.0109 -0.9999 -0.0032
vn -0.0714 -0.9931 -0.0929
vn -0.0047 -1.0000 -0.0008
vn 0.0495 -0.9946 0.0910
vn 0.0008 -1.0000 0.0045
vn 0.0722 -0.9891 0.1282
vn 0.0022 -1.0000 0.0057
vn -0.0333 -0.9994 -0.0096
vn -0.0117 -0.9890 -0.1475
vn -0.0010 -1.0000 -0.0024
vn 0.0005 -1.0000 -0.0008
vn -0.0092 -1.0000 0.0014
vn -0.0185 -0.9998 0.0045
vn 0.0013 -1.0000 0.0087
vn 0.0008 -1.0000 0.0036
vn -0.0014 -1.0000 -0.0000
vn -0.0012 -1.0000 0.0016
vn 0.0150 -0.9999 0.0024
vn -0.0029 -1.0000 -0.0020
vn -0.0109 -0.9999 -0.0072
vn -0.0013 -1.0000 -0.0013
vn 0.0031 -1.0000 -0.0014
vn -0.0087 -1.0000 -0.0013
vn -0.0009 -1.0000 -0.0011
vn -0.0050 -0.9988 0.0477
vn 0.0025 -1.0000 0.0001
vn 0.0218 -0.9977 0.0636
vn 0.1035 -0.5906 -0.8003
vn -0.0474 -0.9951 0.0866
vn -0.8651 -0.0262 -0.5009
vn 0.0552 -0.9955 -0.0767
vn -0.0113 -0.9414 0.3371
vn 0.0791 -0.9941 -0.0736
vn -0.1442 -0.8306 0.5379
vn -0.0453 -0.9898 0.1350
vn -0.0537 -0.9757 -0.2125
vn -0.0036 -1.0000 0.0014
vn 0.0030 -1.0000 -0.0018
vn -0.0022 -1.0000 0.0008
vn 0.0022 -1.0000 0.0029
vn 0.0005 -0.9960 0.0896
vn 0.0038 -1.0000 -0.0032
vn 0.0046 -1.0000 0.0042
vn 0.0013 -1.0000 -0.0003
vn -0.0271 -0.9996 -0.0102
vn -0.0210 -0.9992 0.0336
vn 0.0064 -1.0000 0.0021
vn 0.0049 -1.0000 0.0004
vn 0.0629 -0.9967 -0.0511
vn 0.0022 -1.0000 0.0023
vn 0.0047 -1.0000 0.0009
vn -0.0026 -1.0000 0.0052
vn 0.2770 -0.9525 -0.1266
vn -0.0096 -0.9977 -0.0671
vn 0.0719 -0.9963 -0.0480
vn -0.1633 -0.9247 0.3438
vn -0.1119 -0.9798 -0.1655
vn 0.0751 -0.8457 -0.5283
vn 0.0264 -0.9993 0.0251
vn 0.2351 -0.9713 -0.0355
vn -0.0364 -0.9982 0.0484
vn 0.0102 -0.9997 0.0215
vn 0.0188 -0.9980 0.0608
vn 0.0279 -0.9995 0.0111
vn -0.0130 -0.9988 -0.0480
vn 0.3599 -0.9280 -0.0966
vn 0.0134 -0.9979 0.0633
vn 0.0593 -0.9977 0.0315
vn -0.0468 -0.9989 0.0001
vn -0.2077 -0.9238 -0.3217
vn 0.0888 -0.9945 0.0555
vn 0.4704 -0.8790 -0.0783
vn 0.0769 -0.9787 0.1901
vn 0.0186 -0.9998 -0.0051
vn -0.0878 -0.9961 -0.0070
vn 0.1709 -0.9835 0.0587
vn -0.0356 -0.9989 -0.0295
vn -0.0265 -0.9995 -0.0193
vn -0.0055 -1.0000 -0.0015
vn -0.1003 -0.9933 -0.0578
vn -0.0258 -0.9996 -0.0100
vn 0.1790 -0.9830 0.0396
vn -0.0119 -0.9991 -0.0412
vn 0.0745 -0.9907 -0.1141
vn 0.0762 -0.8433 -0.5321
vn -0.0459 -0.9989 0.0095
vn -0.0240 -0.9989 0.0415
vn 0.1254 -0.9884 -0.0859
vn -0.0922 -0.9956 -0.0135
vn -0.3803 -0.9228 -0.0611
vn -0.2181 -0.9758 0.0114
vn -0.0121 -0.9999 -0.0078
vn -0.0451 -0.9371 0.3461
vn 0.0796 -0.9455 0.3158
vn -0.0692 -0.9232 -0.3781
vn -0.0692 -0.9234 -0.3774
vn -0.0695 -0.9232 -0.3780
vn -0.0498 -0.9980 0.0377
vn -0.2066 -0.9712 0.1185
vn 0.1238 -0.9899 0.0690
vn -0.0154 -0.9955 0.0939
vn 0.0629 -0.9925 0.1045
vn -0.0360 -0.9976 0.0595
vn -0.1279 -0.9899 0.0619
vn 0.0743 -0.9972 0.0117
vn -0.0678 -0.9974 0.0252
vn -0.1985 -0.9749 0.1009
vn 0.0957 -0.9948 0.0356
vn 0.6885 -0.7238 0.0458
vn -0.0198 -0.9985 0.0515
vn -0.1679 -0.9850 -0.0410
vn 0.0262 -0.9795 -0.1999
vn -0.2075 -0.9250 -0.3182
vn 0.0268 -0.9996 0.0103
vn -0.1052 -0.9829 -0.1508
vn -0.0410 -0.9987 0.0302
vn 0.0272 -0.9986 0.0443
vn 0.1453 -0.9891 0.0230
vn 0.2507 -0.9669 0.0475
vn 0.3507 -0.9365 0.0018
vn -0.0329 -0.9994 0.0069
vn -0.0131 -0.9999 -0.0025
vn 0.0189 -0.9996 0.0212
vn 0.1419 -0.9888 -0.0467
vn -0.1757 -0.9806 -0.0866
vn 0.0771 -0.9310 -0.3569
vn -0.0569 -0.9749 0.2151
vn 0.0313 -0.9995 0.0101
vn 0.0018 -1.0000 0.0010
vn 0.1239 -0.9582 0.2579
vn -0.0020 -1.0000 0.0036
vn -0.0038 -1.0000 0.0071
vn -0.0551 -0.9985 0.0031
vn 0.0041 -1.0000 -0.0012
vn 0.0124 -0.9999 -0.0051
vn 0.0004 -1.0000 0.0038
vn -0.0317 -0.9989 0.0360
vn 0.1376 -0.9901 -0.0284
vn -0.0002 -1.0000 -0.0042
vn -0.0013 -1.0000 -0.0009
vn 0.0011 -1.0000 0.0030
vn 0.0044 -1.0000 0.0002
vn 0.0109 -0.9999 -0.0025
vn -0.0576 -0.9962 -0.0660
vn -0.1028 -0.9930 -0.0573
vn -0.0004 -1.0000 -0.0008
vn 0.0047 -0.9998 0.0195
vn -0.0077 -0.9994 0.0339
vn -0.0118 -0.9959 0.0901
vn 0.0006 -0.9917 0.1287
vn -0.0162 -0.9936 0.1118
vn -0.0322 -0.9983 -0.0494
vn -0.0881 -0.9924 -0.0863
vn 0.0458 -0.9961 -0.0754
vn 0.0122 -0.9992 -0.0374
vn 0.1016 -0.9893 0.1043
vn -0.5021 -0.8448 -0.1847
vn -0.7437 -0.6588 -0.1131
vn -0.8380 -0.5450 -0.0284
vn -0.8214 -0.5668 -0.0638
vn -0.6338 -0.6806 0.3676
vn -0.0126 -0.9975 -0.0692
vn 0.9075 -0.3795 -0.1799
vn 0.0914 -0.9924 -0.0822
vn 0.3730 -0.9242 -0.0822
vn 0.0920 -0.9956 -0.0165
vn 0.9106 0.4131 0.0149
vn 0.5383 -0.8418 -0.0405
vn 0.0065 -1.0000 -0.0001
vn -0.0811 -0.9933 0.0827
vn -0.0076 -0.9999 -0.0121
vn 0.3250 -0.9452 0.0302
vn 0.8214 -0.5700 -0.0212
vn -0.3289 -0.9442 -0.0147
vn 0.9917 -0.0709 -0.1071
vn 0.6986 -0.7155 -0.0054
vn 0.6827 -0.7304 0.0230
vn 0.6747 -0.7366 0.0466
vn -0.0700 -0.9962 -0.0509
vn 0.6557 -0.6270 0.4206
vn 0.0018 -0.9976 -0.0698
vn 0.1886 -0.9786 -0.0825
vn 0.2130 -0.9748 -0.0666
vn 0.7307 -0.6825 -0.0165
vn 0.3104 -0.9500 -0.0339
vn 0.2584 -0.9657 -0.0254
vn 0.4373 -0.8979 0.0503
vn -0.0428 -0.9985 -0.0352
vn 0.0359 -0.9022 -0.4299
vn 0.1035 -0.9932 -0.0538
vn 0.1920 -0.8989 -0.3939
vn -0.2275 -0.9702 -0.0836
vn 0.1186 -0.9847 -0.1274
vn 0.9602 -0.2763 0.0406
vn -0.0068 -0.9998 -0.0205
vn 0.9461 0.0509 -0.3199
vn 0.1285 -0.9870 0.0967
vn -0.2022 -0.9791 0.0200
vn 0.0106 -0.9969 -0.0784
vn -0.0681 -0.9969 0.0390
vn 0.1571 -0.9790 0.1300
vn 0.2490 -0.9630 -0.1034
vn 0.7620 -0.5409 -0.3562
vn 0.2711 -0.9576 -0.0969
vn 0.1025 -0.9928 -0.0622
vn 0.1785 -0.9829 -0.0449
vn 0.0745 -0.9696 -0.2329
vn -0.1916 -0.9810 0.0306
vn 0.0519 -0.9943 0.0931
vn 0.0388 -0.9938 -0.1039
vn 0.0105 -0.9969 -0.0784
vn -0.3178 -0.9361 0.1506
vn -0.4808 -0.8767 -0.0152
vn -0.3315 -0.8974 0.2911
vn 0.6125 -0.6191 -0.4916
vn -0.0402 -0.9988 -0.0265
vn 0.4017 -0.9115 -0.0888
vn 0.8672 -0.4547 0.2029
vn 0.1890 -0.9477 0.2571
vn 0.6097 -0.6984 0.3749
vn -0.0297 -0.9995 0.0099
vn -0.0949 -0.9943 0.0478
vn -0.0905 -0.9936 0.0671
vn -0.0924 -0.9946 0.0480
vn 0.2328 -0.9636 -0.1312
vn 0.9044 -0.3747 -0.2043
vn 0.0605 -0.9981 -0.0101
vn 0.2959 -0.9550 -0.0228
vn 0.0010 -1.0000 -0.0008
vn 0.0198 -0.9848 -0.1726
vn -0.4363 -0.8839 -0.1683
vn -0.1681 -0.9695 -0.1784
vn 0.9311 -0.3591 0.0642
vn 0.2107 -0.9390 -0.2718
vn 0.0302 -0.9723 -0.2318
vn -0.0187 -0.9985 -0.0510
vn -0.4373 -0.8982 -0.0438
vn -0.0829 -0.9964 0.0155
vn 0.0316 -0.9994 -0.0107
vn -0.0207 -0.9996 -0.0171
vn -0.7065 -0.6315 0.3196
vn -0.5632 -0.8014 0.2013
vn -0.0652 -0.9149 0.3984
vn -0.6559 -0.4296 0.6207
vn -0.6755 -0.6674 0.3134
vn -0.5085 -0.8464 0.1581
vn -0.4214 -0.9004 0.1079
vn -0.3532 -0.9337 0.0578
vn 0.0742 -0.9972 -0.0120
vn -0.3660 -0.8829 0.2942
vn 0.1458 -0.9888 0.0319
vn -0.0578 -0.9980 -0.0249
vn -0.0048 -0.9997 -0.0244
vn 0.0766 -0.9970 0.0071
vn 0.2322 -0.9702 -0.0697
vn -0.0596 -0.9942 0.0898
vn 0.1899 -0.9752 -0.1137
vn 0.1314 -0.9913 -0.0098
vn -0.0217 -0.9997 0.0139
vn -0.1911 -0.9804 0.0490
vn -0.1803 -0.9464 0.2679
vn 0.0590 -0.9980 -0.0233
vn -0.1203 -0.9896 0.0793
vn -0.6879 -0.7087 0.1563
vn -0.6676 -0.7402 0.0807
vn -0.6759 -0.7044 0.2167
vn -0.0665 -0.9869 -0.1468
vn -0.1166 -0.9737 -0.1956
vn 0.1798 -0.9837 0.0037
vn -0.2433 -0.8947 -0.3746
vn 0.0063 -0.9996 -0.0287
vn 0.0132 -0.9999 0.0045
vn 0.2651 -0.9239 -0.2758
vn -0.1844 -0.9825 -0.0275
vn -0.5143 -0.2054 -0.8327
vn -0.0278 -0.9818 -0.1881
vn 0.1592 -0.9861 -0.0484
vn 0.0916 -0.9835 0.1559
vn -0.4509 -0.8916 -0.0424
vn -0.0572 -0.9983 0.0091
vn -0.2678 -0.9613 -0.0638
vn -0.0507 -0.9958 0.0760
vn -0.0590 -0.9982 -0.0146
vn -0.2418 -0.9677 -0.0713
vn 0.1197 -0.9922 -0.0361
vn 0.7587 0.2592 -0.5977
vn 0.3207 -0.9443 0.0736
vn 0.1088 -0.9907 0.0820
vn -0.5499 0.8287 -0.1039
vn -0.5719 -0.2536 -0.7802
vn 0.0028 -0.9962 -0.0873
vn 0.7448 -0.6459 -0.1677
vn 0.6970 -0.7152 -0.0520
vn 0.6848 -0.7175 -0.1273
vn -0.1530 -0.9875 0.0389
vn -0.5609 -0.8270 0.0380
vn -0.1886 0.5606 0.8063
vn -0.3230 -0.8020 0.5024
vn -0.2136 -0.8233 0.5258
vn 0.2749 -0.9615 -0.0013
vn 0.1891 -0.9814 0.0316
vn 0.2151 -0.9298 0.2986
vn -0.0344 -0.5040 0.8630
vn -0.1250 -0.9573 0.2608
vn 0.4516 -0.8919 0.0231
vn -0.0239 -0.9964 -0.0813
vn 0.6819 -0.7289 -0.0604
vn 0.8601 -0.4909 0.1384
vn 0.0184 -0.9920 -0.1252
vn -0.3403 -0.8769 -0.3395
vn 0.0388 -0.9939 -0.1029
vn 0.0861 -0.9961 -0.0201
vn 0.0500 -0.9969 0.0602
vn -0.0951 -0.9760 0.1959
vn -0.3810 -0.9107 0.1597
vn -0.2476 -0.9584 0.1417
vn -0.2808 -0.9353 0.2156
vn -0.1538 -0.9767 -0.1499
vn -0.1955 -0.9578 -0.2106
vn 0.2053 -0.9709 0.1234
vn 0.0011 -0.9959 0.0906
vn -0.0071 -1.0000 -0.0050
vn -0.0407 -0.9991 -0.0070
vn -0.0098 -0.9979 -0.0648
vn -0.0585 -0.9967 -0.0570
vn -0.0466 -0.9987 -0.0199
vn -0.0827 -0.9965 0.0138
vn -0.2774 -0.9524 -0.1262
vn -0.1115 -0.9648 -0.2380
vn -0.1352 -0.9906 -0.0201
vn 0.0364 -0.9991 0.0209
vn -0.5029 -0.8329 -0.2311
vn 0.2609 -0.8269 -0.4983
vn -0.3641 -0.9168 -0.1642
vn -0.1748 -0.9841 0.0317
vn 0.0557 -0.9983 -0.0199
vn -0.1018 -0.9814 -0.1629
vn -0.0011 -1.0000 0.0015
vn 0.0391 -0.9800 0.1951
vn -0.0823 -0.9966 -0.0092
vn -0.0764 -0.9971 0.0012
vn -0.0455 -0.9987 0.0224
vn -0.0114 -0.9994 -0.0319
vn 0.0624 -0.9979 0.0159
vn 0.0297 -0.9996 0.0029
vn 0.0378 -0.9980 -0.0508
vn 0.0386 -0.9986 -0.0369
vn 0.5088 -0.8441 0.1695
vn 0.1655 -0.9862 -0.0001
vn 0.1546 -0.9880 -0.0065
vn 0.3105 -0.9429 0.1204
vn 0.2426 -0.9700 0.0154
vn -0.0097 -0.9995 -0.0303
vn 0.5835 -0.8119 0.0203
vn 0.0677 -0.9969 0.0396
vn 0.5594 -0.8227 0.1012
vn -0.0361 -0.9986 -0.0384
vn -0.1081 -0.9935 0.0352
vn -0.0761 -0.9958 0.0515
vn -0.2009 -0.9792 0.0292
vn 0.3267 -0.9306 0.1651
vn -0.1084 -0.9941 0.0105
vn 0.1014 -0.9948 0.0114
vn -0.0779 -0.9931 -0.0873
vn -0.0268 -0.9995 0.0159
vn -0.2201 -0.9751 0.0271
vn -0.6988 -0.4283 -0.5728
vn -0.5840 -0.8033 0.1163
vn 0.3353 -0.8705 0.3604
vn 0.0193 -0.9162 0.4002
vn -0.2406 -0.8753 0.4195
vn -0.0296 -0.9988 0.0380
vn 0.1213 -0.9926 0.0042
vn -0.0059 -0.9839 -0.1784
vn -0.2638 -0.9575 -0.1169
vn -0.4597 -0.8570 -0.2329
vn -0.3186 -0.9473 0.0338
vn -0.2924 -0.9469 -0.1335
vn -0.3244 -0.9383 -0.1199
vn 0.0287 -0.9991 0.0327
vn -0.4352 -0.8892 -0.1409
vn 0.0196 -0.9992 -0.0338
vn 0.0647 -0.9978 -0.0164
vn -0.1018 -0.9924 -0.0691
vn -0.4893 -0.8718 -0.0238
vn -0.8883 -0.4584 0.0284
vn 0.4659 -0.8834 0.0502
vn 0.1015 -0.9945 0.0274
vn -0.0095 -0.9999 -0.0140
vn -0.0881 -0.9958 -0.0260
vn 0.0487 -0.9988 0.0016
vn 0.1698 -0.9846 0.0417
vn 0.0434 -0.9991 -0.0029
vn -0.5635 -0.0393 -0.8252
vn -0.5738 -0.0957 -0.8134
vn -0.6067 0.0400 -0.7939
vn -0.1284 0.2364 0.9631
vn -0.0006 0.0101 0.9999
vn 0.0016 0.0003 1.0000
vn 0.0019 -0.0021 1.0000
vn 0.1012 0.0766 0.9919
vn -0.1914 0.0336 0.9809
vn -0.0005 0.0148 0.9999
vn 0.0552 -0.0641 0.9964
vn -0.0224 -0.0350 0.9991
vn -0.3884 -0.1730 0.9051
vn 0.0253 0.0519 0.9983
vn -0.0024 -0.0097 1.0000
vn -0.0015 -0.0053 1.0000
vn -0.0030 -0.0098 0.9999
vn -0.0036 0.0184 0.9998
vn -0.0099 -0.0344 0.9994
vn -0.0240 -0.0071 0.9997
vn 0.0055 0.0268 0.9996
vn -0.0001 0.0263 0.9997
vn -0.9929 0.0098 -0.1187
vn -0.9997 0.0081 -0.0209
vn -0.9880 -0.0433 -0.1485
vn -0.9998 0.0183 -0.0016
vn 0.9561 0.2206 -0.1929
vn -0.0221 0.9301 -0.3667
vn 0.8547 -0.4678 0.2250
vn 0.3658 -0.9124 -0.1835
vn 0.0249 0.9133 0.4066
vn -0.1278 0.6479 0.7509
vn -0.0197 0.1198 -0.9926
vn -0.4871 0.3398 -0.8045
vn 0.0319 -0.0160 -0.9994
vn -0.0067 0.0759 -0.9971
vn -0.0002 -0.0100 -0.9999
vn -0.0013 -0.0146 -0.9999
vn -0.0038 0.0014 -1.0000
vn -0.0041 0.0033 -1.0000
vn -0.0058 -0.0111 -0.9999
vn -0.0008 -0.0056 -1.0000
vn -0.0979 0.1646 -0.9815
vn 0.0057 -0.0185 -0.9998
vn -0.0009 -0.0050 -1.0000
vn 0.0060 0.0395 -0.9992
vn 0.0043 -0.0060 -1.0000
vn -0.0362 -0.0201 -0.9991
vn 0.0023 0.0012 -1.0000
vn -0.0042 -0.0022 -1.0000
vn 0.0005 0.0110 0.9999
vn 0.0012 0.0169 0.9999
vn 0.0131 -0.0208 0.9997
vn 0.0012 0.0104 0.9999
vn 0.0376 -0.0654 0.9971
vn -0.3235 -0.2536 0.9116
vn -0.0069 0.0041 1.0000
vn 0.0198 -0.1417 0.9897
vn 0.0582 -0.7115 0.7003
vn 0.0033 -0.9999 0.0164
vn 0.0027 -1.0000 -0.0028
vn 0.0027 -1.0000 -0.0002
vn 0.0599 -0.9935 0.0968
vn 0.0345 0.0600 -0.9976
vn 0.0062 -0.0309 -0.9995
vn -0.0101 -0.0102 -0.9999
vn 0.0014 -0.0371 -0.9993
vn 0.1053 -0.9045 -0.4133
vn -0.0698 0.9015 -0.4271
vn 0.0064 -0.0013 -1.0000
vn -0.5319 -0.5807 -0.6163
vn -0.9608 -0.1506 -0.2329
vn -0.0180 -0.9930 0.1167
vn -0.0175 -0.9944 0.1040
vn -0.0004 -0.8915 -0.4531
vn -0.0324 -0.9070 -0.4199
vn -0.9093 -0.4158 -0.0140
vn -0.8520 -0.5218 -0.0424
vn -0.9307 -0.3530 0.0957
vn -0.9539 -0.2966 -0.0466
vn -0.9877 -0.1192 0.1013
vn -0.9949 -0.0734 -0.0693
vn -0.9991 -0.0353 -0.0245
vn -0.9994 -0.0327 -0.0131
vn -0.9797 -0.1804 0.0879
vn -0.9871 -0.1598 -0.0137
vn -0.9907 -0.1358 0.0023
vn -0.9992 -0.0409 -0.0002
vn -0.9763 -0.0863 -0.1983
vn -0.9847 -0.1740 -0.0127
vn -0.9965 -0.0754 -0.0356
vn -0.9831 -0.1743 0.0565
vn -0.9027 -0.4164 0.1082
vn -0.5600 -0.8284 -0.0093
vn -0.6138 -0.7803 -0.1202
vn -0.5500 -0.7954 -0.2545
vn -0.7834 -0.6115 -0.1113
vn -0.7788 -0.6160 -0.1182
vn -0.7686 -0.6329 -0.0932
vn -0.8925 -0.4384 0.1059
vn -0.5851 -0.8035 0.1103
vn -0.4759 -0.8716 -0.1180
vn -0.4495 -0.8929 -0.0281
vn -0.1127 -0.6933 0.7118
vn -0.2439 -0.5818 0.7759
vn 0.5498 -0.7893 0.2733
vn -0.9843 0.0283 0.1744
vn -0.1884 0.9818 0.0215
vn -0.8876 -0.4587 -0.0412
vn 0.6305 -0.6380 -0.4421
vn -0.9545 -0.2637 0.1391
vn -0.9656 -0.2428 -0.0930
vn -0.2692 -0.9590 -0.0883
vn -0.9741 -0.1776 -0.1398
vn -0.7202 -0.6036 -0.3420
vn -0.9981 -0.0555 -0.0276
vn -0.9908 0.0926 -0.0988
vn -0.9701 -0.2414 -0.0232
vn -0.9880 0.0806 0.1316
vn -0.9997 -0.0035 0.0258
vn -0.9999 0.0030 -0.0104
vn -0.9987 0.0454 -0.0235
vn -0.9976 0.0601 -0.0336
vn -0.6088 -0.5611 -0.5609
vn -0.2484 0.5960 -0.7636
vn -0.5965 0.0498 -0.8011
vn 0.2718 0.8069 -0.5245
vn -0.0011 0.0113 0.9999
vn -0.0005 -0.0429 0.9991
vn 0.0382 -0.0025 0.9993
vn -0.0355 -0.0177 0.9992
vn -0.2890 0.9573 0.0097
vn 0.0148 -0.9998 0.0103
vn -0.0021 -0.9999 -0.0119
vn -0.0590 -0.9977 0.0325
vn 0.3163 -0.9477 0.0420
vn -0.0009 -1.0000 0.0004
vn 0.0021 -1.0000 -0.0066
vn 0.9999 -0.0119 -0.0000
vn 0.9998 0.0179 -0.0010
vn 0.9999 -0.0151 -0.0008
vn 0.9999 0.0157 -0.0010
vn 0.9940 0.0847 -0.0694
vn 0.5493 -0.7856 -0.2846
vn 0.9998 0.0152 -0.0111
vn 1.0000 0.0052 0.0012
vn 0.9999 -0.0092 0.0056
vn 0.0033 0.0023 -1.0000
vn 0.0374 -0.0012 -0.9993
vn 0.0062 -0.0187 -0.9998
vn -0.0068 -0.0181 -0.9998
vn -0.0161 0.0136 -0.9998
vn 0.0195 -0.9899 0.1402
vn 0.1196 -0.9059 0.4062
vn 0.0249 -0.5704 0.8210
vn 0.0087 0.9933 0.1151
vn 0.0002 -1.0000 0.0056
vn 0.0317 0.9200 -0.3907
vn 0.0558 0.8300 -0.5550
vn 0.0641 0.9872 -0.1462
vn 0.0271 -0.0672 -0.9974
vn 0.0053 -0.1007 -0.9949
vn -0.0657 -0.4074 -0.9109
vn -0.0571 -0.0390 -0.9976
vn -0.0015 -0.0747 -0.9972
vn 0.0763 0.2316 0.9698
vn -0.0661 0.5102 0.8575
vn 0.1825 0.0826 0.9797
vn -0.0430 -0.2088 0.9770
vn -0.3343 0.6417 0.6902
vn 0.0251 0.1226 0.9921
vn 0.2869 -0.1972 0.9374
vn -0.1103 0.2596 0.9594
vn -0.0375 -0.4188 0.9073
vn 0.0369 0.2122 0.9765
vn 0.1539 0.1306 0.9794
vn 0.0049 0.2389 0.9710
vn 0.0103 0.2117 0.9773
vn 0.1263 0.3242 0.9375
vn -0.2676 0.2912 0.9185
vn 0.0243 0.3081 0.9511
vn 0.0970 0.4349 0.8953
vn -0.0238 0.5539 0.8322
vn -0.0853 0.5367 0.8395
vn -0.0071 0.2842 0.9587
vn -0.4147 -0.3342 0.8464
vn 0.0049 -0.1471 0.9891
vn -0.0989 0.4489 0.8881
vn -0.0737 0.6316 0.7718
vn 0.0039 0.3676 0.9300
vn -0.0193 0.4396 0.8980
vn -0.0689 0.2111 0.9750
vn -0.3380 0.1241 0.9329
vn -0.0165 -0.0789 0.9967
vn 0.1255 0.7858 0.6057
vn 0.0115 -0.2841 0.9587
vn -0.0316 -0.4913 0.8704
vn -0.1575 0.0274 0.9871
vn -0.0630 -0.4869 0.8712
vn -0.1873 -0.4956 0.8481
vn -0.1472 -0.9031 0.4035
vn -0.0933 0.1801 0.9792
vn 0.4407 0.6168 0.6522
vn 0.0851 0.1228 0.9888
vn -0.0135 -0.0140 0.9998
vn 0.0045 0.2135 0.9769
vn -0.6000 -0.7931 0.1051
vn -0.6236 -0.7779 -0.0778
vn -0.7382 -0.6745 0.0101
vn 0.0038 -0.8215 -0.5702
vn -0.3484 -0.6997 -0.6237
vn 0.0013 -0.8431 -0.5378
vn 0.0001 -0.7839 -0.6208
vn -0.0232 0.7415 -0.6705
vn 0.3157 0.7992 -0.5114
vn 0.0283 0.6596 -0.7511
vn -0.0786 -0.9316 -0.3550
vn -0.1433 0.9839 0.1066
vn 0.0399 0.9904 -0.1325
vn 0.0330 0.9972 -0.0676
vn 0.0287 0.9325 -0.3600
vn -0.1078 0.9911 0.0777
vn 0.4077 0.9078 -0.0988
vn -0.0317 0.9725 -0.2308
vn -0.5246 -0.0548 0.8496
vn -0.6439 0.4705 0.6033
vn -0.2839 -0.8944 0.3456
vn -0.4697 -0.2121 0.8570
vn -0.6045 -0.2310 0.7624
vn -0.6166 0.1598 0.7709
vn -0.9704 -0.0471 0.2371
vn -0.3855 0.2626 0.8846
vn -0.6904 -0.2743 0.6694
vn 0.0874 0.9804 -0.1767
vn -0.0225 0.9957 -0.0896
vn 0.0866 0.9845 -0.1525
vn -0.1030 -0.8089 0.5788
vn 0.0423 -0.9128 0.4062
vn 0.4445 -0.8185 0.3640
vn 0.1637 -0.1577 0.9738
vn 0.7083 -0.1992 0.6772
vn 0.4958 -0.4666 0.7324
vn 0.5455 -0.0211 0.8378
vn -0.8879 -0.4315 -0.1597
vn -0.8360 -0.5433 -0.0775
vn -0.5590 -0.7081 0.4315
vn 0.4325 -0.7076 -0.5589
vn 0.4564 -0.8094 -0.3695
vn 0.0690 -0.9324 -0.3549
vn 0.2092 -0.9490 -0.2357
vn 0.1046 -0.9924 0.0648
vn 0.3973 -0.8258 -0.4002
vn 0.0461 -0.9820 -0.1832
vn 0.1308 -0.9794 0.1541
vn -0.0313 -0.9847 -0.1715
vn 0.5287 -0.1730 -0.8310
vn 0.7193 -0.6354 -0.2807
vn 0.2816 -0.2889 -0.9150
vn 0.0494 -0.9522 0.3013
vn -0.5821 -0.7033 0.4080
vn -0.6818 -0.5478 0.4848
vn -0.8256 -0.2480 0.5068
vn 0.0165 -0.7899 -0.6131
vn -0.0560 -0.8447 -0.5324
vn -0.0419 -0.7690 -0.6379
vn -0.0763 0.9131 -0.4006
vn 0.0314 0.6778 -0.7346
vn -0.1110 0.9602 -0.2562
vn -0.0533 0.3747 0.9256
vn -0.1439 0.3229 0.9354
vn 0.0696 -0.2555 0.9643
vn 0.0014 0.9887 -0.1498
vn 0.1497 0.1974 0.9688
vn 0.2808 0.2946 -0.9134
vn -0.0127 0.9070 0.4210
vn -0.0476 0.9933 0.1057
vn 0.0555 -0.9111 0.4085
vn 0.0645 -0.8978 0.4357
vn -0.0692 -0.8962 0.4381
vn 0.0702 -0.8545 0.5147
vn 0.0090 -0.9161 -0.4010
vn 0.2381 0.8927 0.3827
vn -0.1574 0.9611 0.2270
vn -0.2778 0.7931 0.5420
vn 0.1958 0.7387 0.6449
vn -0.2668 0.5977 0.7560
vn 0.2962 0.3812 0.8758
vn -0.2886 -0.9550 -0.0691
vn 0.1059 -0.9780 -0.1796
vn -0.7440 -0.6464 0.1694
vn 0.7831 -0.5971 -0.1740
vn 0.6271 -0.5286 0.5721
vn 0.1402 -0.8578 0.4945
vn 0.3022 -0.9494 0.0857
vn 0.4301 -0.8933 0.1306
vn 0.1026 -0.8601 0.4997
vn 0.2334 -0.9539 -0.1888
vn 0.2575 -0.9641 -0.0651
vn 0.7315 -0.4550 -0.5077
vn -0.7911 0.4677 -0.3942
vn 0.7588 -0.1263 -0.6390
vn -0.1883 -0.9808 0.0511
vn -0.1368 -0.9673 0.2136
vn -0.0877 -0.9955 -0.0355
vn -0.0661 -0.9913 0.1142
vn -0.0265 -0.9912 -0.1296
vn -0.1100 -0.9652 0.2372
vn -0.1420 -0.9583 0.2480
vn -0.1453 -0.9582 0.2466
vn 0.2358 -0.9669 -0.0972
vn 0.2309 -0.9730 0.0068
vn 0.0044 -0.9996 -0.0283
vn 0.0081 -0.9994 -0.0342
vn -0.0902 -0.9682 0.2335
vn -0.0280 -0.9549 0.2957
vn -0.1356 -0.9454 0.2963
vn 0.5236 -0.8413 -0.1341
vn -0.1524 -0.9568 0.2476
vn 0.0081 -0.9552 0.2960
vn -0.1070 -0.9097 0.4012
vn -0.0518 -0.9216 0.3847
vn 0.1937 -0.5431 0.8170
vn -0.0919 -0.9814 0.1687
vn -0.2360 -0.9639 0.1231
vn -0.3669 -0.9214 -0.1279
vn -0.3669 -0.8636 -0.3458
vn -0.3742 -0.9251 0.0646
vn -0.3114 -0.8955 0.3180
vn 0.7705 -0.2117 0.6013
vn -0.4010 -0.8075 0.4326
vn -0.4893 -0.8492 0.1985
vn 0.1720 -0.9849 0.0219
vn 0.1656 -0.9846 0.0554
vn 0.1657 -0.9861 0.0121
vn 0.1748 -0.9241 0.3398
vn 0.1112 -0.9925 0.0499
vn 0.1233 -0.8290 0.5455
vn 0.1492 -0.9751 0.1643
vn 0.0426 -0.9982 -0.0432
vn 0.0487 -0.9961 -0.0742
vn 0.1639 -0.9736 -0.1590
vn 0.0060 -0.8999 -0.4361
vn 0.9217 -0.1901 0.3382
vn 0.0418 -0.9693 -0.2424
vn 0.6022 -0.5210 0.6049
vn -0.0302 -0.9568 0.2893
vn -0.1814 -0.9566 0.2280
vn 0.2682 -0.9633 -0.0140
vn 0.2514 -0.9678 0.0161
vn -0.5945 0.7886 -0.1573
vn -0.0034 0.9535 0.3014
vn -0.2010 0.9517 -0.2323
vn -0.3500 0.5489 0.7591
vn 0.2216 0.5433 0.8098
vn 0.6426 -0.5196 -0.5631
vn -0.2974 -0.4538 0.8400
vn -0.2394 -0.5468 0.8023
vn -0.1758 -0.4107 0.8947
vn 0.8673 0.3976 -0.2994
vn 0.7729 0.2215 -0.5946
vn 0.6911 -0.2620 -0.6736
vn 0.6566 -0.3599 -0.6629
vn 0.6767 0.2614 -0.6883
vn 0.7029 -0.3212 -0.6346
vn -0.2911 0.2802 0.9147
vn -0.5000 0.2697 0.8230
vn -0.6010 0.3324 0.7269
vn 0.3157 0.2006 0.9274
vn -0.1547 0.9879 0.0110
vn -0.0692 -0.9742 0.2148
vn -0.6939 -0.6453 0.3194
vn -0.0665 -0.0494 -0.9966
vn -0.3231 -0.0543 -0.9448
vn -0.0773 0.0150 -0.9969
vn 0.8345 -0.3320 0.4397
vn 0.5419 -0.5161 -0.6633
vn 0.9588 0.0506 0.2797
vn 0.4287 -0.8841 0.1860
vn 0.2220 -0.9574 0.1846
vn 0.2090 -0.9571 0.2007
vn -0.1698 -0.2064 -0.9636
vn -0.3017 -0.4199 -0.8560
vn -0.4601 -0.3295 -0.8245
vn 0.0168 -0.2445 -0.9695
vn -0.4015 -0.2425 -0.8832
vn 0.5616 -0.1759 -0.8085
vn -0.9187 -0.2763 0.2824
vn -0.9764 -0.1005 0.1909
vn -0.9087 -0.2814 0.3084
vn -0.9750 -0.2219 -0.0136
vn -0.9766 -0.1806 0.1170
vn -0.9716 -0.1627 0.1717
vn -0.9740 -0.2211 -0.0498
vn -0.8649 -0.3915 0.3142
vn -0.5096 -0.4775 0.7157
vn -0.1608 -0.8077 0.5672
vn -0.0390 -0.5111 0.8586
vn -0.5307 -0.3876 0.7537
vn 0.6167 -0.2555 0.7446
vn 0.7822 -0.0845 0.6173
vn 0.7395 -0.1240 0.6616
vn 0.7469 0.0730 0.6609
vn 0.7613 -0.1032 0.6402
vn 0.7140 -0.0421 0.6989
vn 0.7042 -0.1334 0.6973
vn 0.8227 -0.2439 0.5135
vn 0.1625 -0.4169 -0.8943
vn 0.9476 0.2938 -0.1252
vn 0.9482 0.2921 -0.1247
vn 0.9475 0.2926 -0.1288
vn 0.3837 -0.8387 -0.3865
vn 0.4485 -0.7819 -0.4330
vn 0.4765 -0.8110 -0.3394
vn -0.2263 0.9056 0.3587
vn -0.2980 0.8418 0.4500
vn -0.2787 0.8362 0.4723
vn 0.0281 -0.7273 -0.6858
vn 0.0198 -0.7274 -0.6859
vn 0.0169 -0.6734 -0.7391
vn 0.0462 0.6789 0.7328
vn 0.0404 0.6758 0.7360
vn 0.0536 0.6686 0.7417
vn -0.0552 -0.0053 -0.9985
vn -0.0662 -0.2288 -0.9712
vn 0.0013 -0.1286 -0.9917
vn -0.1353 -0.3202 -0.9376
vn -0.1796 -0.4232 -0.8880
vn 0.1092 0.0451 0.9930
vn -0.1532 -0.0560 -0.9866
vn -0.1504 -0.0430 -0.9877
vn -0.2945 -0.7570 0.5833
vn -0.2830 -0.7782 0.5606
vn -0.2680 -0.7639 0.5870
vn 0.3874 0.7819 -0.4884
vn 0.2459 0.9509 -0.1880
vn 0.2800 0.9529 -0.1164
vn 0.1824 0.9821 0.0469
vn 0.3549 0.8079 -0.4704
vn 0.1765 0.9804 0.0872
vn 0.1072 0.9927 0.0555
vn 0.0958 0.9946 0.0400
vn 0.0948 0.9926 0.0763
vn 0.6656 -0.6871 0.2913
vn 0.1547 0.9874 0.0336
vn 0.1050 0.9944 0.0157
vn 0.1781 0.9840 0.0001
vn 0.3179 0.9473 0.0391
vn -0.4985 0.8668 0.0144
vn -0.0120 0.9999 0.0072
vn 0.1208 0.9927 -0.0042
vn 0.2935 0.9528 -0.0780
vn 0.1114 0.9931 0.0373
vn 0.1788 0.9808 -0.0782
vn 0.4925 0.7701 0.4054
vn -0.0165 0.9999 -0.0052
vn -0.0202 0.9998 -0.0029
vn -0.0226 0.9972 0.0712
vn 0.1181 0.9928 -0.0203
vn 0.1514 0.9803 -0.1268
vn -0.1710 0.9617 -0.2142
vn 0.1416 0.9821 -0.1246
vn 0.1848 0.9613 -0.2044
vn -0.0207 -0.9174 0.3975
vn 0.1298 -0.9908 0.0392
vn 0.3185 -0.9070 -0.2756
vn -0.8937 -0.4481 -0.0225
vn -0.7444 -0.4444 -0.4984
vn -0.7096 -0.5517 -0.4382
vn -0.3679 -0.8908 0.2667
vn -0.3311 -0.9299 -0.1603
vn -0.1123 -0.8574 -0.5023
vn -0.7944 -0.0580 -0.6046
vn -0.7187 -0.2397 -0.6527
vn -0.8591 0.1403 -0.4923
vn -0.9133 0.3185 -0.2540
vn -0.8003 0.0452 -0.5979
vn -0.7923 0.0414 -0.6088
vn -0.6741 0.4115 -0.6134
vn -0.7079 0.3236 -0.6279
vn -0.7463 0.3330 -0.5764
vn -0.1377 -0.9889 -0.0568
vn -0.1864 -0.9655 -0.1820
vn -0.0255 -0.9580 -0.2856
vn -0.3349 -0.9343 0.1224
vn -0.9334 -0.3550 0.0529
vn -0.3789 -0.3062 -0.8733
vn -0.4035 -0.5839 -0.7045
vn 0.3517 0.5117 0.7839
vn -0.0648 -0.9773 -0.2019
vn -0.1487 -0.7198 -0.6781
vn -0.1606 -0.9838 -0.0797
vn -0.1697 -0.9820 -0.0831
vn -0.1897 -0.9729 -0.1323
vn -0.2640 -0.9420 -0.2070
vn -0.1757 -0.9825 -0.0614
vn -0.2462 -0.9560 -0.1592
vn -0.1984 -0.9782 -0.0617
vn -0.2932 -0.9335 -0.2066
vn 0.0386 -0.9303 -0.3648
vn -0.1426 -0.8902 0.4327
vn -0.1280 -0.9839 0.1245
vn -0.1219 -0.9855 -0.1183
vn -0.1740 -0.9803 -0.0940
vn -0.1666 -0.9832 -0.0742
vn -0.0983 -0.9801 0.1726
vn -0.1218 -0.9914 -0.0477
vn -0.1116 -0.9872 -0.1139
vn -0.1402 -0.9884 -0.0581
vn -0.1348 -0.9894 -0.0538
vn -0.0582 -0.9976 0.0377
vn 0.0231 -0.9877 0.1544
vn -0.1317 -0.9893 -0.0621
vn -0.1068 -0.9923 -0.0629
vn -0.1324 -0.9883 -0.0756
vn -0.1388 -0.9890 -0.0510
vn -0.1297 -0.9906 -0.0440
vn -0.1154 -0.9928 -0.0305
vn 0.0112 -0.9964 0.0837
vn -0.1468 -0.9887 -0.0286
vn 0.2210 -0.9273 0.3021
vn -0.1352 -0.9813 -0.1370
vn -0.0568 -0.9983 0.0130
vn -0.1590 -0.9828 -0.0937
vn 0.1400 -0.9872 0.0763
vn -0.2218 -0.9703 -0.0966
vn -0.3016 -0.9459 -0.1199
vn -0.1364 -0.9890 -0.0580
vn -0.1256 -0.9897 -0.0684
vn -0.1552 -0.9847 -0.0787
vn -0.1128 -0.9920 -0.0559
vn -0.0642 -0.9976 -0.0269
vn -0.1071 -0.9916 -0.0725
vn -0.1428 -0.9818 -0.1253
vn -0.1221 -0.9905 -0.0627
vn -0.0950 -0.9933 -0.0651
vn -0.2073 -0.9700 -0.1267
vn -0.1327 -0.9901 -0.0450
vn -0.3207 -0.9039 -0.2832
vn -0.2771 -0.9550 -0.1057
vn -0.3712 -0.9270 -0.0532
vn -0.5694 -0.8214 -0.0336
vn -0.1523 -0.9833 -0.0995
vn -0.1663 -0.9843 -0.0586
vn -0.1419 -0.9861 -0.0866
vn -0.1252 -0.9904 -0.0590
vn -0.1885 -0.9769 -0.1004
vn -0.0615 -0.9910 -0.1193
vn -0.1825 -0.9735 -0.1382
vn -0.0116 -0.9969 -0.0773
vn -0.1656 -0.9801 -0.1094
vn -0.5254 -0.8506 -0.0196
vn -0.1341 -0.9893 -0.0582
vn -0.1209 -0.9916 -0.0467
vn -0.1016 -0.9943 -0.0330
vn -0.1141 -0.9916 -0.0606
vn -0.2782 -0.9445 -0.1749
vn -0.1938 -0.9771 -0.0881
vn -0.1294 -0.9899 -0.0577
vn -0.1272 -0.9896 -0.0676
vn -0.1353 -0.9882 -0.0713
vn -0.1109 -0.9897 -0.0909
vn -0.1305 -0.9897 -0.0590
vn -0.1291 -0.9901 -0.0549
vn -0.4837 -0.8544 -0.1898
vn -0.1893 -0.9797 -0.0666
vn -0.1332 -0.9897 -0.0522
vn -0.1427 -0.9877 -0.0641
vn -0.1288 -0.9900 -0.0572
vn -0.7333 -0.5716 -0.3682
vn -0.1524 -0.9874 -0.0427
vn -0.1860 -0.9762 -0.1118
vn -0.1686 -0.9856 -0.0143
vn -0.5973 -0.7614 -0.2520
vn -0.2164 -0.9723 -0.0880
vn -0.2820 -0.9562 0.0787
vn -0.1392 -0.9491 -0.2827
vn -0.0954 -0.9954 -0.0132
vn -0.2596 -0.9501 -0.1730
vn 0.9173 -0.3670 0.1543
vn -0.4637 -0.8058 -0.3683
vn -0.3500 -0.9206 -0.1731
vn -0.6231 -0.6367 -0.4543
vn -0.2506 -0.9646 -0.0820
vn -0.2921 -0.9145 -0.2799
vn -0.2690 -0.9579 -0.1005
vn -0.0480 -0.9780 -0.2032
vn -0.1332 -0.9892 -0.0605
vn -0.1158 -0.9914 -0.0612
vn -0.1812 -0.9716 -0.1521
vn -0.1516 -0.9883 -0.0149
vn -0.0905 -0.9924 -0.0830
vn -0.5589 -0.8156 -0.1496
vn -0.1269 -0.9802 -0.1522
vn -0.2698 -0.8779 0.3956
vn -0.3064 -0.9257 -0.2218
vn -0.1641 -0.9670 -0.1949
vn -0.1778 -0.9644 -0.1956
vn -0.2588 -0.9060 -0.3350
vn -0.1746 -0.9732 -0.1497
vn -0.1562 -0.9840 -0.0853
vn -0.1107 -0.9917 -0.0652
vn -0.6857 -0.7042 -0.1842
vn -0.2975 -0.9546 -0.0140
vn -0.1251 -0.9904 -0.0589
vn -0.0418 -0.9190 -0.3921
vn -0.0898 -0.9959 -0.0134
vn -0.2817 -0.9222 0.2651
vn -0.0954 -0.9884 -0.1185
vn 0.0665 -0.9923 0.1043
vn -0.2495 -0.9677 -0.0351
vn -0.1453 -0.9876 -0.0591
vn -0.1707 -0.9811 -0.0908
vn -0.9193 -0.1867 -0.3464
vn -0.1116 -0.9919 -0.0608
vn -0.2818 -0.9593 0.0181
vn -0.4975 -0.8622 -0.0957
vn -0.1833 -0.9830 0.0134
vn 0.0506 -0.9982 0.0333
vn -0.9611 0.2018 0.1884
vn -0.3607 -0.9327 0.0088
vn -0.6517 -0.5953 -0.4700
vn -0.6577 -0.5621 -0.5015
vn -0.6713 -0.5704 -0.4732
vn -0.0236 -0.9829 0.1825
vn 0.7987 -0.5199 0.3030
vn -0.0992 -0.9948 -0.0224
vn -0.6515 -0.7315 -0.2009
vn -0.7192 0.6723 -0.1753
vn -0.2541 -0.9425 -0.2173
vn -0.1206 -0.9872 -0.1047
vn -0.0820 -0.9961 -0.0317
vn -0.2498 -0.9371 -0.2439
vn -0.3024 -0.9447 -0.1266
vn -0.1096 -0.9928 -0.0490
vn -0.2119 -0.9678 -0.1359
vn -0.1028 -0.9806 -0.1672
vn -0.1342 -0.9898 -0.0470
vn -0.1300 -0.9892 -0.0672
vn -0.9735 -0.1502 -0.1726
vn -0.3803 -0.9189 -0.1048
vn -0.6214 -0.7698 -0.1459
vn -0.1140 -0.9921 -0.0515
vn -0.6385 -0.7095 -0.2983
vn -0.1281 -0.9895 -0.0670
vn -0.1125 -0.9919 -0.0585
vn -0.0013 -0.9906 -0.1369
vn -0.0382 -0.9990 -0.0235
vn -0.0350 -0.9966 -0.0750
vn 0.3735 -0.9235 0.0871
vn 0.3265 -0.9403 0.0961
vn -0.1583 -0.9862 -0.0484
vn -0.0477 -0.9987 0.0189
vn -0.1151 -0.9926 0.0394
vn -0.1321 -0.9701 0.2037
vn 0.0330 -0.9207 0.3888
vn -0.0739 -0.9882 -0.1345
vn 0.3084 -0.7394 0.5985
vn -0.1134 -0.9791 -0.1686
vn -0.4249 -0.8352 -0.3491
vn 0.2700 -0.9366 -0.2234
vn 0.4812 -0.8717 -0.0933
vn -0.1324 -0.9906 0.0341
vn -0.1078 -0.9933 -0.0410
vn -0.4585 -0.8556 -0.2404
vn 0.1371 -0.9743 -0.1789
vn 0.4826 -0.7003 -0.5261
vn -0.0602 -0.9785 0.1970
vn -0.2652 -0.9635 -0.0365
vn -0.3026 -0.9504 -0.0722
vn 0.1971 -0.9798 0.0336
vn -0.2829 -0.9430 -0.1753
vn -0.0878 -0.9926 -0.0837
vn -0.6680 -0.7183 -0.1945
vn -0.1321 -0.9890 0.0662
vn -0.0983 -0.9784 -0.1816
vn -0.2667 -0.9118 -0.3124
vn 0.6097 -0.3191 -0.7256
vn 0.0684 -0.9943 -0.0818
vn -0.1228 -0.9311 -0.3434
vn 0.1481 -0.9882 -0.0381
vn 0.6026 -0.4386 0.6667
vn 0.0274 -0.9586 0.2835
vn -0.1710 -0.9712 0.1660
vn -0.0554 -0.8554 0.5149
vn -0.1224 -0.8242 0.5529
vn -0.1084 -0.8519 0.5124
vn 0.0339 -0.9779 0.2064
vn -0.1147 -0.9849 -0.1296
vn -0.0071 -0.9493 0.3144
vn 0.4000 -0.8934 0.2047
vn -0.0942 -0.9546 0.2827
vn -0.3525 -0.9354 0.0293
vn 0.0688 -0.9976 0.0098
vn 0.1072 -0.9910 0.0808
vn 0.1711 -0.9804 0.0979
vn -0.6664 -0.7456 0.0044
vn -0.7261 -0.6871 0.0269
vn -0.6858 -0.7018 -0.1927
vn -0.6381 -0.7628 0.1050
vn -0.1810 -0.8990 -0.3989
vn -0.0599 -0.9924 -0.1073
vn -0.1743 -0.9643 -0.1996
vn 0.0070 -0.9709 -0.2392
vn -0.7211 -0.2484 -0.6468
vn -0.2328 -0.9650 0.1207
vn -0.0434 -0.9967 -0.0691
vn -0.1023 -0.9713 -0.2148
vn 0.9439 -0.2763 0.1810
vn 0.9274 -0.2918 0.2339
vn 0.9381 -0.2946 0.1821
vn 0.0545 -0.9985 -0.0101
vn -0.1765 -0.9835 -0.0396
vn 0.2540 -0.5619 0.7872
vn -0.3451 -0.8670 -0.3593
vn -0.4034 -0.9146 -0.0277
vn -0.8068 -0.5831 0.0952
vn -0.6071 -0.7777 -0.1634
vn -0.5323 -0.7840 0.3193
vn -0.7076 -0.6151 -0.3479
vn -0.3046 -0.9439 0.1276
vn -0.8722 -0.4641 0.1546
vn -0.8589 -0.4198 0.2933
vn -0.9184 -0.1963 0.3436
vn -0.9241 -0.2736 -0.2669
vn 0.8892 0.1729 0.4235
vn -0.2381 -0.9631 -0.1257
vn -0.2974 -0.9022 -0.3124
vn 0.0064 -0.9992 -0.0405
vn -0.3314 -0.9246 0.1877
vn -0.1961 -0.9774 0.0789
vn 0.3115 -0.8326 0.4579
vn 0.3100 -0.8341 0.4562
vn 0.3227 -0.8308 0.4534
vn -0.1354 -0.9904 0.0288
vn 0.1858 -0.9607 0.2064
vn 0.0390 -0.9992 -0.0042
vn 0.1008 -0.9941 0.0401
vn -0.0867 -0.9682 -0.2345
vn -0.0294 -0.9580 0.2852
vn 0.0739 -0.9807 0.1813
vn -0.1104 -0.9462 0.3041
vn -0.2378 -0.9708 0.0322
vn -0.2389 -0.9707 0.0255
vn -0.2313 -0.9725 0.0274
vn -0.1039 -0.9930 -0.0568
vn -0.0788 -0.9948 -0.0642
vn -0.3466 -0.9256 -0.1520
vn -0.6639 -0.6948 -0.2764
vn -0.0899 -0.9958 -0.0161
vn -0.3543 -0.8982 -0.2601
vn -0.6400 -0.6526 -0.4056
vn -0.3033 -0.9330 -0.1939
vn 0.2359 -0.8828 -0.4061
vn 0.1082 -0.9920 0.0651
vn -0.1584 -0.9873 0.0123
vn -0.0280 -0.9764 0.2143
vn 0.1498 -0.9845 0.0910
vn -0.0400 -0.9990 0.0216
vn -0.0716 -0.9973 -0.0170
vn -0.2181 -0.9587 0.1828
vn -0.1431 -0.9892 -0.0319
vn -0.1493 -0.9887 0.0151
vn -0.3346 -0.9422 0.0189
vn -0.0933 -0.9842 0.1507
vn -0.2084 -0.9577 0.1985
vn -0.0540 -0.9985 0.0002
vn -0.5647 -0.6762 -0.4732
vn -0.0847 -0.9961 -0.0231
vn 0.0317 -0.9995 0.0092
vn -0.1632 -0.9826 -0.0887
vn -0.3130 -0.9357 -0.1629
vn -0.6325 -0.7424 -0.2208
vn -0.2977 -0.9472 -0.1191
vn -0.3002 -0.9464 -0.1191
vn -0.2972 -0.9460 -0.1292
vn -0.6872 0.0850 -0.7215
vn -0.5319 -0.0293 -0.8463
vn -0.8087 0.1743 -0.5619
vn -0.8739 0.2457 -0.4194
vn 0.2845 0.8975 0.3370
vn 0.3557 0.9033 -0.2399
vn -0.1447 0.9356 0.3221
vn -0.0683 0.9928 -0.0984
vn 0.0620 0.9971 0.0447
vn -0.1092 0.9925 -0.0546
vn 0.7904 -0.4639 0.4001
vn 0.8850 -0.2874 0.3662
vn 0.7776 -0.4505 0.4386
vn 0.7203 0.5841 0.3742
vn 0.6847 0.6507 0.3282
vn 0.8377 -0.3051 0.4529
vn 0.8480 0.3165 0.4251
vn 0.1011 -0.9934 0.0545
vn 0.2413 -0.9440 0.2249
vn 0.3232 -0.8892 0.3237
vn -0.3268 -0.9421 -0.0755
vn -0.1946 -0.9370 -0.2902
vn -0.4663 -0.7400 -0.4848
vn -0.6979 -0.6537 -0.2928
vn -0.4706 -0.8809 -0.0502
vn 0.3352 -0.9122 0.2359
vn -0.1303 -0.9618 -0.2407
vn -0.5161 0.7982 -0.3107
vn -0.2028 -0.9643 -0.1700
vn 0.0128 -0.9948 0.1008
vn -0.9210 -0.2266 -0.3169
vn -0.9562 -0.2375 -0.1710
vn -0.8997 0.0813 -0.4289
vn 0.0763 -0.8996 -0.4299
vn -0.0563 -0.9768 -0.2067
vn -0.1122 -0.9907 -0.0772
vn -0.2779 -0.9531 -0.1195
vn -0.2567 -0.9652 -0.0504
vn -0.4631 -0.8851 0.0459
vn 0.3747 -0.8253 0.4224
vn 0.5190 -0.8198 0.2421
vn 0.6362 -0.5417 0.5494
vn 0.4618 -0.8647 -0.1975
vn 0.4355 -0.8735 -0.2176
vn 0.4781 -0.8754 -0.0713
vn 0.0318 -0.9055 -0.4231
vn -0.0233 -0.8739 -0.4855
vn -0.0926 -0.8894 -0.4476
vn 0.0733 -0.6117 -0.7877
vn -0.0656 -0.6001 -0.7972
vn -0.0274 -0.8103 0.5853
vn -0.0227 -0.7366 0.6759
vn 0.2119 -0.9562 -0.2021
vn 0.3738 -0.8952 0.2427
vn 0.0319 -0.9967 -0.0752
vn -0.8963 -0.3242 -0.3026
vn -0.6296 -0.3449 -0.6962
vn -0.6832 -0.4744 -0.5551
vn -0.0071 -0.9718 -0.2357
vn 0.0750 -0.9916 -0.1052
vn -0.2561 -0.9462 -0.1979
vn -0.2408 -0.8069 -0.5394
vn -0.0451 -0.9754 -0.2159
vn 0.0405 -0.9848 -0.1689
vn -0.0075 -1.0000 -0.0057
vn -0.2169 -0.9104 -0.3523
vn 0.0036 -0.9857 0.1687
vn 0.7254 -0.4351 0.5333
vn 0.8360 -0.1782 0.5190
vn 0.7351 -0.4195 0.5326
vn 0.7309 -0.4466 0.5161
vn 0.7514 -0.3979 0.5264
vn 0.5976 -0.6540 0.4639
vn 0.0289 0.9944 -0.1021
vn 0.0319 0.9976 0.0610
vn 0.8614 0.0427 0.5061
vn 0.8040 -0.1102 0.5844
vn 0.8368 -0.0577 0.5444
vn 0.8250 -0.0773 0.5599
vn 0.8391 -0.0314 0.5430
vn 0.9231 -0.0502 0.3813
vn 0.9023 0.0645 0.4263
vn -0.4671 0.8744 0.1316
vn -0.5877 0.8036 0.0939
vn -0.3263 0.8901 0.3182
vn 0.7613 0.6369 -0.1213
vn 0.6588 0.7482 0.0782
vn 0.8362 0.5404 0.0939
vn 0.4886 0.7992 -0.3502
vn -0.0916 0.9334 -0.3468
vn 0.2542 0.9623 0.0963
vn -0.8390 0.5441 -0.0087
vn -0.5867 0.6927 0.4195
vn -0.6959 0.7043 0.1401
vn -0.1696 0.9398 0.2967
vn 0.0817 -0.9966 -0.0044
vn -0.8145 -0.5447 -0.1998
vn 0.3361 -0.5976 0.7280
vn -0.7540 -0.5972 -0.2737
vn -0.1785 -0.9449 -0.2743
vn -0.6634 -0.2943 0.6880
vn -0.6156 -0.3337 0.7140
vn -0.7500 -0.3129 0.5828
vn -0.4196 -0.5234 0.7416
vn -0.5817 -0.6550 0.4823
vn -0.4381 -0.7055 0.5570
vn 0.6171 0.7782 -0.1167
vn 0.6687 0.7390 0.0817
vn 0.0595 0.9756 -0.2111
vn 0.0069 0.9983 -0.0580
vn -0.0223 0.9638 -0.2657
vn -0.0628 0.9871 0.1475
vn 0.0994 0.9943 0.0387
vn -0.2443 0.9694 0.0256
vn -0.2062 0.9617 0.1805
vn 0.4076 0.9122 0.0420
vn -0.3918 0.9200 -0.0102
vn -0.0768 0.9969 0.0140
vn 0.0432 0.9920 -0.1189
vn -0.6282 0.7631 -0.1521
vn -0.3514 -0.0597 0.9343
vn -0.1348 0.9865 0.0933
vn -0.4670 0.8783 0.1024
vn 0.6012 0.7989 -0.0173
vn -0.4408 -0.0380 -0.8968
vn -0.8707 -0.0240 -0.4912
vn -0.7474 0.0447 -0.6629
vn -0.6497 -0.6036 0.4622
vn 0.5126 -0.4089 0.7550
vn -0.9683 -0.1781 -0.1750
vn 0.8498 -0.2110 0.4830
vn 0.5627 0.7609 -0.3231
vn 0.1637 0.9783 0.1268
vn 0.3684 0.8522 0.3715
vn 0.8369 -0.5163 0.1818
vn 0.8096 -0.5859 0.0354
vn 0.8292 -0.5563 -0.0543
vn -0.4687 0.7884 -0.3984
vn -0.7032 0.6323 -0.3252
vn -0.5920 0.7825 -0.1930
vn 0.3006 0.5978 0.7432
vn 0.0584 0.5617 0.8253
vn 0.2919 0.4424 0.8480
vn 0.0431 0.7284 -0.6838
vn 0.0529 0.4268 -0.9028
vn 0.0104 0.6384 -0.7696
vn 0.0211 0.8887 -0.4580
vn 0.7379 0.5397 0.4053
vn 0.6020 0.5156 0.6098
vn 0.9251 0.0533 0.3760
vn 0.7735 -0.6317 0.0520
vn 0.4223 -0.9003 0.1052
vn 0.8156 -0.5607 0.1427
vn 0.6441 -0.7605 -0.0822
vn 0.4284 -0.8347 0.3460
vn -0.7337 -0.6738 0.0881
vn -0.9192 -0.3650 -0.1479
vn -0.9336 -0.3531 -0.0605
vn -0.0175 -0.9916 0.1284
vn -0.4036 -0.9046 -0.1368
vn 0.0998 -0.9945 -0.0321
vn -0.5197 -0.8537 0.0344
vn -0.3203 -0.8861 0.3349
vn 0.0240 -0.9377 0.3466
vn -0.3201 -0.9351 0.1522
vn 0.4532 0.8792 -0.1468
vn 0.8443 -0.5313 -0.0701
vn 0.8773 -0.4668 -0.1117
vn 0.8618 -0.4111 -0.2972
vn 0.9426 -0.2907 -0.1641
vn 0.8322 -0.5042 0.2307
vn 0.7648 0.3671 -0.5295
vn 0.9844 0.0616 0.1647
vn 0.9872 -0.1212 -0.1034
vn -0.4521 -0.1234 -0.8834
vn -0.7907 -0.3467 -0.5045
vn -0.8584 -0.2043 -0.4706
vn 0.0170 0.8514 -0.5243
vn -0.3311 0.9028 -0.2745
vn -0.4196 0.9072 -0.0312
vn 0.6336 0.6864 0.3569
vn 0.6445 0.5957 0.4794
vn 0.8111 0.4872 0.3236
vn 0.7549 0.4314 0.4940
vn 0.1218 0.7294 0.6732
vn -0.0837 -0.0053 -0.9965
vn -0.0786 -0.0205 -0.9967
vn -0.0811 -0.0003 -0.9967
vn -0.1420 -0.0104 -0.9898
vn 0.1075 0.0606 0.9924
vn 0.2451 0.0058 0.9695
vn -0.0332 -0.0796 0.9963
vn 0.0147 -0.0363 0.9992
vn 0.1235 -0.4250 0.8967
vn 0.0097 -0.3110 0.9504
vn 0.9983 -0.0585 -0.0041
vn 0.9841 -0.1771 0.0102
vn 0.9976 -0.0693 -0.0060
vn 0.9920 -0.1242 0.0213
vn 0.9668 -0.2529 0.0369
vn 0.9948 0.0451 -0.0909
vn 0.9978 0.0125 -0.0648
vn 0.9988 0.0009 -0.0482
vn 0.9996 -0.0147 -0.0256
vn -0.9865 0.1606 0.0309
vn -0.9981 0.0198 -0.0579
vn -0.9998 -0.0098 0.0187
vn -0.3317 0.8975 0.2906
vn -0.3958 0.9181 0.0198
vn 0.0734 0.9943 0.0770
vn -0.2713 0.9624 0.0098
vn -0.0344 0.9932 0.1110
vn 0.9970 0.0718 -0.0305
vn 0.9988 -0.0317 0.0367
vn 0.9942 0.1074 0.0010
vn 0.9913 0.0846 -0.1011
vn 0.9488 0.1660 -0.2688
vn 0.7074 -0.3776 -0.5975
vn 0.8701 -0.4928 0.0067
vn 0.5606 -0.8276 -0.0290
vn -0.7321 -0.4190 0.5371
vn -0.8209 -0.5290 0.2150
vn -0.7172 -0.5738 0.3956
vn -0.7949 -0.4673 -0.3870
vn 0.2022 0.6789 0.7059
vn -0.1553 0.6225 0.7670
vn 0.2706 0.4220 0.8653
vn -0.4868 0.2171 0.8461
vn -0.9481 0.1745 0.2658
vn -0.4978 -0.2465 0.8315
vn -0.0805 -0.9967 -0.0072
vn -0.1106 -0.9935 0.0253
vn -0.0944 -0.9954 -0.0173
vn -0.0917 -0.9958 -0.0076
vn -0.1230 -0.9906 0.0606
vn -0.3394 -0.8956 0.2877
vn -0.2332 -0.9423 0.2400
vn -0.8031 0.1351 -0.5803
vn -0.7819 0.1026 -0.6149
vn -0.7872 0.1851 -0.5883
vn -0.7854 0.1861 -0.5903
vn -0.7900 0.1801 -0.5861
vn -0.7869 0.1708 -0.5930
vn -0.7867 0.1629 -0.5955
vn 0.8013 -0.0993 0.5900
vn 0.7981 -0.0870 0.5963
vn 0.7907 -0.0825 0.6066
vn 0.7984 -0.1486 0.5835
vn 0.6356 -0.1772 0.7514
vn 0.4898 -0.1871 0.8515
vn 0.2653 -0.0418 0.9633
vn 0.1941 0.9773 -0.0852
vn 0.0753 0.9968 -0.0278
vn 0.1227 0.9924 -0.0064
vn -0.0386 0.9857 0.1640
vn -0.0048 0.9913 0.1316
vn -0.2008 0.8987 0.3898
vn 0.0727 -0.9973 0.0046
vn 0.0534 -0.9986 0.0005
vn 0.0286 -0.9996 -0.0029
vn 0.0176 -0.9998 -0.0070
vn -0.3485 0.9363 -0.0437
vn 0.2959 0.9526 0.0702
vn -0.2124 0.9746 -0.0708
vn 0.4471 0.8939 0.0334
vn -1.0000 0.0002 -0.0068
vn -0.9990 -0.0207 -0.0399
vn -0.9934 -0.1145 -0.0069
vn -0.9658 -0.2556 0.0429
vn -0.9860 0.0744 -0.1493
vn -0.9946 -0.0992 -0.0307
vn -0.2547 -0.9607 -0.1107
vn -0.9993 0.0177 -0.0337
vn -0.9707 0.0338 -0.2381
vn -0.8787 0.0961 -0.4677
vn -0.2270 -0.9572 -0.1796
vn -0.0794 -0.9968 0.0090
vn 0.0459 -0.9874 -0.1517
vn -0.1125 -0.9936 0.0001
vn -0.0366 -0.9903 -0.1338
vn -0.1686 -0.9819 0.0860
vn -0.1050 -0.9912 0.0804
vn -0.1461 -0.9862 0.0783
vn -0.2147 -0.9688 0.1234
vn -0.7955 0.1215 -0.5936
vn -0.8081 0.0992 -0.5807
vn -0.7941 0.1156 -0.5968
vn -0.8135 0.0928 -0.5741
vn -0.8286 0.0804 -0.5541
vn -0.8285 0.0827 -0.5538
vn -0.8292 0.0797 -0.5533
vn -0.2142 -0.9750 -0.0594
vn -0.2427 -0.9687 -0.0531
vn -0.3953 -0.8707 -0.2926
vn 0.9685 0.1362 -0.2085
vn 0.9977 0.0600 0.0308
vn 0.9866 0.1626 -0.0115
vn 0.9991 0.0396 0.0129
vn 0.9996 0.0166 0.0212
vn -0.9985 -0.0342 0.0437
vn -0.9868 -0.1171 0.1116
vn -0.9954 -0.0689 0.0670
vn -1.0000 0.0017 0.0032
vn -1.0000 -0.0010 0.0016
vn -1.0000 -0.0042 0.0078
vn -0.9761 -0.1351 -0.1700
vn -0.9998 -0.0116 -0.0132
vn -0.9612 -0.2754 -0.0174
vn -0.7133 0.1721 -0.6794
vn -0.7794 0.1255 -0.6138
vn -0.7460 0.1869 -0.6392
vn -0.2571 0.2209 -0.9408
vn -0.4400 0.3917 -0.8081
vn -0.2967 0.1260 -0.9466
vn -0.2788 0.1499 -0.9486
vn -0.2648 0.1479 -0.9529
vn 0.1639 -0.8635 -0.4769
vn 0.2263 -0.8744 -0.4293
vn 0.1357 -0.8638 -0.4851
vn 0.1300 -0.8450 -0.5187
vt 0.127739 0.342169
vt 0.127348 0.360435
vt 0.132601 0.340944
vt 0.105290 0.607150
vt 0.125046 0.611458
vt 0.125254 0.603193
vt 0.206745 0.684006
vt 0.192880 0.816249
vt 0.186981 0.681318
vt 0.201820 0.721418
vt 0.176864 0.815317
vt 0.175611 0.816616
vt 0.175763 0.839421
vt 0.206672 0.965716
vt 0.188868 0.967800
vt 0.083547 0.630499
vt 0.102303 0.632351
vt 0.076505 0.690132
vt 0.098885 0.661579
vt 0.103250 0.970373
vt 0.070729 0.772242
vt 0.085315 0.972516
vt 0.322388 0.962670
vt 0.321889 0.959711
vt 0.313970 0.962170
vt 0.316559 0.960065
vt 0.316038 0.962883
vt 0.324616 0.961886
vt 0.323601 0.949951
vt 0.318342 0.955013
vt 0.323590 0.949238
vt 0.321306 0.940784
vt 0.319390 0.947656
vt 0.325225 0.936452
vt 0.318579 0.939435
vt 0.550271 0.256095
vt 0.553745 0.255489
vt 0.553794 0.261882
vt 0.325098 0.935318
vt 0.327023 0.901386
vt 0.322684 0.928341
vt 0.322840 0.934581
vt 0.320076 0.924966
vt 0.318579 0.939435
vt 0.322673 0.924662
vt 0.322912 0.915524
vt 0.320790 0.922988
vt 0.319840 0.918724
vt 0.319401 0.919049
vt 0.319943 0.886736
vt 0.328799 0.880092
vt 0.329415 0.871754
vt 0.329146 0.864527
vt 0.327526 0.868071
vt 0.326536 0.873069
vt 0.323868 0.864988
vt 0.326879 0.867864
vt 0.331556 0.838924
vt 0.323940 0.851091
vt 0.320950 0.856214
vt 0.321576 0.839355
vt 0.324031 0.846061
vt 0.323556 0.818519
vt 0.326878 0.815168
vt 0.323978 0.815893
vt 0.332434 0.797896
vt 0.332656 0.795844
vt 0.329015 0.795200
vt 0.325144 0.799857
vt 0.332656 0.795844
vt 0.331243 0.771793
vt 0.334829 0.769562
vt 0.333876 0.767830
vt 0.328519 0.756330
vt 0.335171 0.769094
vt 0.335545 0.755074
vt 0.335934 0.754701
vt 0.336531 0.733209
vt 0.334807 0.753209
vt 0.331898 0.754295
vt 0.045771 0.731464
vt 0.042747 0.734316
vt 0.046527 0.733867
vt 0.331746 0.753800
vt 0.332615 0.746895
vt 0.326780 0.735151
vt 0.328809 0.752695
vt 0.330691 0.732987
vt 0.336734 0.733273
vt 0.336837 0.718547
vt 0.335402 0.730752
vt 0.327539 0.732505
vt 0.333966 0.718487
vt 0.337728 0.714349
vt 0.338739 0.702684
vt 0.335440 0.701374
vt 0.339025 0.702410
vt 0.337653 0.657773
vt 0.338001 0.699726
vt 0.331101 0.689472
vt 0.329570 0.690200
vt 0.331206 0.678548
vt 0.332320 0.674221
vt 0.334224 0.658923
vt 0.329879 0.676718
vt 0.335113 0.656158
vt 0.333331 0.624123
vt 0.341889 0.631524
vt 0.336629 0.632729
vt 0.341887 0.627909
vt 0.338356 0.623458
vt 0.313223 0.967714
vt 0.292646 0.967156
vt 0.316207 0.970103
vt 0.304788 0.964026
vt 0.314924 0.956270
vt 0.315245 0.955742
vt 0.316691 0.940082
vt 0.318874 0.883730
vt 0.322616 0.850179
vt 0.321109 0.855895
vt 0.322354 0.817481
vt 0.323303 0.799347
vt 0.324593 0.811212
vt 0.323617 0.798911
vt 0.329162 0.687070
vt 0.329702 0.677209
vt 0.332441 0.624979
vt 0.402978 0.234316
vt 0.399135 0.233280
vt 0.402763 0.231499
vt 0.338678 0.615555
vt 0.332389 0.620179
vt 0.332388 0.622254
vt 0.326937 0.618586
vt 0.326569 0.616044
vt 0.323021 0.619499
vt 0.322066 0.615356
vt 0.323513 0.616389
vt 0.257953 0.975285
vt 0.290526 0.964993
vt 0.319422 0.620299
vt 0.319023 0.617558
vt 0.308679 0.620172
vt 0.297310 0.762633
vt 0.293953 0.761948
vt 0.295915 0.756179
vt 0.288425 0.966160
vt 0.320436 0.616335
vt 0.276434 0.617476
vt 0.317009 0.614703
vt 0.256080 0.971283
vt 0.241676 0.970544
vt 0.273326 0.618188
vt 0.272214 0.616562
vt 0.258656 0.616121
vt 0.257963 0.975285
vt 0.255147 0.973212
vt 0.242429 0.971410
vt 0.200341 0.974294
vt 0.248877 0.621644
vt 0.267340 0.620283
vt 0.268140 0.617203
vt 0.265558 0.618576
vt 0.239985 0.972113
vt 0.231857 0.975583
vt 0.248392 0.616979
vt 0.227731 0.977564
vt 0.225447 0.979009
vt 0.227084 0.975523
vt 0.223016 0.978048
vt 0.248489 0.622648
vt 0.247271 0.620034
vt 0.242883 0.620485
vt 0.230764 0.622582
vt 0.233163 0.619820
vt 0.242752 0.617886
vt 0.182481 0.617723
vt 0.203680 0.980080
vt 0.173332 0.984134
vt 0.198457 0.978854
vt 0.230600 0.622753
vt 0.228538 0.621976
vt 0.214498 0.622058
vt 0.216214 0.619131
vt 0.181628 0.979952
vt 0.183483 0.977676
vt 0.199483 0.974514
vt 0.175013 0.976431
vt 0.212701 0.620264
vt 0.213067 0.622089
vt 0.203273 0.620891
vt 0.179232 0.979015
vt 0.167399 0.979627
vt 0.174082 0.977414
vt 0.205614 0.621997
vt 0.195625 0.619808
vt 0.189803 0.620661
vt 0.189716 0.618684
vt 0.166946 0.979897
vt 0.162896 0.980108
vt 0.167801 0.983779
vt 0.172257 0.976681
vt 0.163377 0.978273
vt 0.145384 0.980365
vt 0.157862 0.621327
vt 0.914025 0.125000
vt 0.911313 0.122324
vt 0.914025 0.120247
vt 0.175369 0.620225
vt 0.178873 0.616377
vt 0.137826 0.987415
vt 0.158125 0.985089
vt 0.149670 0.986037
vt 0.150082 0.984451
vt 0.174958 0.616773
vt 0.160998 0.615483
vt 0.177097 0.615601
vt 0.140474 0.986076
vt 0.136968 0.985788
vt 0.134632 0.987675
vt 0.120936 0.983178
vt 0.136123 0.985608
vt 0.131655 0.987125
vt 0.126375 0.989379
vt 0.115423 0.988989
vt 0.158535 0.615412
vt 0.140912 0.619556
vt 0.139318 0.617060
vt 0.131765 0.615318
vt 0.113123 0.990104
vt 0.101433 0.986557
vt 0.118823 0.623586
vt 0.138457 0.618010
vt 0.130238 0.618003
vt 0.134109 0.616707
vt 0.113348 0.990358
vt 0.097602 0.989036
vt 0.082078 0.993802
vt 0.124356 0.617981
vt 0.116201 0.621495
vt 0.128457 0.616675
vt 0.131475 0.615323
vt 0.093345 0.985685
vt 0.104489 0.619106
vt 0.115824 0.623431
vt 0.105950 0.623689
vt 0.081193 0.990077
vt 0.041665 0.989842
vt 0.106416 0.623621
vt 0.097591 0.622443
vt 0.088039 0.622990
vt 0.231988 0.627478
vt 0.228149 0.628789
vt 0.231039 0.624078
vt 0.102241 0.618653
vt 0.092210 0.615835
vt 0.096894 0.620407
vt 0.054819 0.995261
vt 0.079410 0.992505
vt 0.067299 0.992077
vt 0.082056 0.993837
vt 0.031222 0.999340
vt 0.064617 0.989440
vt 0.082078 0.624968
vt 0.090060 0.620252
vt 0.081903 0.621066
vt 0.077756 0.618095
vt 0.061688 0.991296
vt 0.061793 0.991230
vt 0.055280 0.991654
vt 0.045003 0.991556
vt 0.062757 0.627269
vt 0.081861 0.621075
vt 0.076181 0.620270
vt 0.073826 0.615907
vt 0.062135 0.616741
vt 0.049711 0.994462
vt 0.044032 0.994345
vt 0.036491 0.997000
vt 0.038816 0.979343
vt 0.036622 0.960033
vt 0.034233 0.961448
vt 0.035464 0.941519
vt 0.033201 0.952673
vt 0.035991 0.941951
vt 0.029900 0.886498
vt 0.034419 0.938126
vt 0.029943 0.910580
vt 0.022050 0.830604
vt 0.020622 0.805827
vt 0.022310 0.822013
vt 0.018344 0.815299
vt 0.019763 0.788250
vt 0.019230 0.802829
vt 0.020137 0.788471
vt 0.018575 0.772031
vt 0.014755 0.780339
vt 0.016018 0.770797
vt 0.018688 0.771936
vt 0.016581 0.757701
vt 0.017815 0.769564
vt 0.015447 0.740145
vt 0.013162 0.740315
vt 0.015209 0.758920
vt 0.015458 0.740141
vt 0.010388 0.730314
vt 0.014557 0.737406
vt 0.026080 0.984614
vt 0.028026 0.998307
vt 0.029124 0.983536
vt 0.031792 0.980105
vt 0.031563 0.975964
vt 0.029117 0.983439
vt 0.025742 0.981870
vt 0.029610 0.963811
vt 0.023910 0.953293
vt 0.024396 0.958459
vt 0.033353 0.947893
vt 0.030922 0.946944
vt 0.025970 0.944694
vt 0.032484 0.951467
vt 0.022556 0.950586
vt 0.023903 0.944872
vt 0.027086 0.939506
vt 0.030806 0.939865
vt 0.021128 0.937323
vt 0.030651 0.933554
vt 0.022091 0.925060
vt 0.021162 0.934310
vt 0.025760 0.924165
vt 0.028768 0.924021
vt 0.028112 0.920502
vt 0.020117 0.930749
vt 0.020935 0.922637
vt 0.025359 0.923788
vt 0.027428 0.920592
vt 0.019565 0.922332
vt 0.019334 0.912252
vt 0.025943 0.907811
vt 0.017647 0.907008
vt 0.026132 0.907912
vt 0.024064 0.902380
vt 0.019951 0.904743
vt 0.021487 0.903509
vt 0.016133 0.891664
vt 0.015565 0.893204
vt 0.021458 0.884949
vt 0.024939 0.885066
vt 0.028526 0.882040
vt 0.020807 0.881857
vt 0.015803 0.873764
vt 0.014252 0.875000
vt 0.014846 0.871378
vt 0.019162 0.857991
vt 0.022578 0.854857
vt 0.013929 0.858142
vt 0.013375 0.855919
vt 0.020287 0.852926
vt 0.016886 0.839270
vt 0.012095 0.848870
vt 0.012256 0.845988
vt 0.019483 0.835765
vt 0.013011 0.840357
vt 0.008631 0.825199
vt 0.016343 0.839397
vt 0.014973 0.836667
vt 0.018834 0.835896
vt 0.018532 0.830280
vt 0.020090 0.828659
vt 0.018547 0.826303
vt 0.015526 0.813432
vt 0.016651 0.812174
vt 0.013403 0.808258
vt 0.019034 0.805059
vt 0.014844 0.799166
vt 0.008567 0.806921
vt 0.007435 0.806412
vt 0.010047 0.802655
vt 0.019134 0.802776
vt 0.009775 0.802030
vt 0.005825 0.791963
vt 0.010444 0.797557
vt 0.007549 0.795424
vt 0.017731 0.799854
vt 0.015784 0.789676
vt 0.014851 0.799159
vt 0.010459 0.797577
vt 0.008475 0.792333
vt 0.009808 0.785391
vt 0.008477 0.792350
vt 0.007688 0.784661
vt 0.009535 0.781246
vt 0.005698 0.780945
vt 0.012426 0.776763
vt 0.007441 0.761494
vt 0.009554 0.780754
vt 0.005479 0.775501
vt 0.011530 0.769719
vt 0.014036 0.767875
vt 0.004531 0.765289
vt 0.003181 0.763820
vt 0.008687 0.756942
vt 0.005806 0.761576
vt 0.007224 0.752880
vt 0.004767 0.756430
vt 0.004672 0.755678
vt 0.009647 0.749535
vt 0.006037 0.751057
vt 0.023860 0.972111
vt 0.025686 0.985107
vt 0.024800 0.973781
vt 0.023811 0.960958
vt 0.023861 0.972112
vt 0.023228 0.960490
vt 0.019520 0.925796
vt 0.017431 0.906659
vt 0.015242 0.889650
vt 0.011512 0.849863
vt 0.014065 0.874609
vt 0.031586 0.784692
vt 0.040635 0.799836
vt 0.041775 0.784762
vt 0.471058 0.012250
vt 0.310607 0.032154
vt 0.470916 0.028787
vt 0.276767 0.023695
vt 0.128547 0.012027
vt 0.268067 0.025718
vt 0.128268 0.028521
vt 0.310650 0.032151
vt 0.340644 0.870967
vt 0.356742 0.863396
vt 0.357787 0.870957
vt 0.340600 0.862713
vt 0.930168 0.606631
vt 0.920771 0.607053
vt 0.930279 0.268169
vt 0.920396 0.614857
vt 0.781345 0.614819
vt 0.633553 0.362836
vt 0.645213 0.338645
vt 0.655768 0.267794
vt 0.634354 0.614712
vt 0.634721 0.323523
vt 0.632671 0.320771
vt 0.634469 0.268732
vt 0.672063 0.971282
vt 0.667198 0.972252
vt 0.667844 0.957708
vt 0.671408 0.958282
vt 0.676998 0.970895
vt 0.674028 0.952502
vt 0.676786 0.954691
vt 0.673134 0.970775
vt 0.670480 0.955411
vt 0.668036 0.956878
vt 0.666604 0.952715
vt 0.671421 0.937526
vt 0.676644 0.949345
vt 0.677644 0.941336
vt 0.672090 0.939393
vt 0.671094 0.932065
vt 0.670684 0.926552
vt 0.674824 0.934693
vt 0.671433 0.932366
vt 0.674688 0.928988
vt 0.677550 0.916255
vt 0.666329 0.929289
vt 0.664684 0.922753
vt 0.672092 0.923244
vt 0.676660 0.898532
vt 0.672046 0.917827
vt 0.669381 0.919184
vt 0.670539 0.914551
vt 0.664650 0.908119
vt 0.665350 0.887998
vt 0.672964 0.903107
vt 0.673077 0.910541
vt 0.671422 0.902505
vt 0.672944 0.902957
vt 0.671449 0.900438
vt 0.672452 0.899513
vt 0.671453 0.900444
vt 0.672113 0.896681
vt 0.676679 0.898749
vt 0.675429 0.894094
vt 0.677095 0.889349
vt 0.672889 0.895165
vt 0.672186 0.896539
vt 0.671814 0.882387
vt 0.672675 0.881082
vt 0.675084 0.883977
vt 0.667241 0.885311
vt 0.670042 0.881981
vt 0.672664 0.875009
vt 0.670781 0.870805
vt 0.672676 0.875029
vt 0.671422 0.880053
vt 0.672400 0.868004
vt 0.677095 0.889347
vt 0.677067 0.867073
vt 0.677167 0.866584
vt 0.672974 0.863307
vt 0.675223 0.852407
vt 0.671339 0.868247
vt 0.656561 0.863295
vt 0.667841 0.857850
vt 0.669601 0.829258
vt 0.666740 0.853274
vt 0.671419 0.826413
vt 0.665967 0.849875
vt 0.677212 0.830369
vt 0.675343 0.849628
vt 0.676257 0.838898
vt 0.672677 0.845877
vt 0.672399 0.842941
vt 0.672102 0.845131
vt 0.674285 0.838335
vt 0.675273 0.831543
vt 0.673210 0.817148
vt 0.670452 0.824451
vt 0.667659 0.827759
vt 0.667315 0.823550
vt 0.676633 0.828037
vt 0.673253 0.803403
vt 0.677399 0.830422
vt 0.677135 0.798930
vt 0.672020 0.818023
vt 0.670245 0.814534
vt 0.671591 0.814303
vt 0.672683 0.806297
vt 0.671422 0.804335
vt 0.674754 0.762897
vt 0.672150 0.803582
vt 0.673260 0.765402
vt 0.672091 0.786106
vt 0.669869 0.790531
vt 0.671423 0.792319
vt 0.672514 0.777881
vt 0.671947 0.785299
vt 0.671548 0.778427
vt 0.668763 0.772179
vt 0.666533 0.775413
vt 0.672401 0.762198
vt 0.672091 0.767689
vt 0.672364 0.761772
vt 0.671896 0.750374
vt 0.672373 0.762242
vt 0.671415 0.767633
vt 0.670205 0.757243
vt 0.672068 0.755371
vt 0.671418 0.755261
vt 0.667191 0.766565
vt 0.671419 0.754884
vt 0.671228 0.742557
vt 0.672811 0.738884
vt 0.677095 0.735609
vt 0.669143 0.732862
vt 0.674467 0.737048
vt 0.672020 0.741922
vt 0.671820 0.733588
vt 0.673469 0.735168
vt 0.668889 0.733629
vt 0.676543 0.732717
vt 0.677325 0.717016
vt 0.673249 0.716826
vt 0.674588 0.718500
vt 0.671996 0.731111
vt 0.673642 0.715099
vt 0.667479 0.710353
vt 0.677518 0.701956
vt 0.676659 0.716963
vt 0.676543 0.702508
vt 0.674790 0.715076
vt 0.676218 0.680676
vt 0.673267 0.701438
vt 0.670588 0.706332
vt 0.672119 0.696249
vt 0.672683 0.701678
vt 0.672807 0.695015
vt 0.669172 0.700318
vt 0.663810 0.699471
vt 0.672069 0.696251
vt 0.677041 0.701132
vt 0.677516 0.701832
vt 0.674206 0.677263
vt 0.672151 0.678320
vt 0.676353 0.677782
vt 0.674490 0.677031
vt 0.676712 0.663654
vt 0.672402 0.663509
vt 0.672713 0.674525
vt 0.672400 0.659978
vt 0.667859 0.669183
vt 0.673856 0.660877
vt 0.666613 0.667274
vt 0.669420 0.662964
vt 0.673266 0.660987
vt 0.676331 0.658906
vt 0.666261 0.661988
vt 0.670046 0.654280
vt 0.673061 0.648899
vt 0.676886 0.663182
vt 0.671657 0.652013
vt 0.674693 0.648939
vt 0.677339 0.647113
vt 0.672734 0.645457
vt 0.675171 0.644455
vt 0.671436 0.644699
vt 0.671426 0.652185
vt 0.670308 0.640220
vt 0.664834 0.651822
vt 0.677384 0.647071
vt 0.677333 0.629641
vt 0.672696 0.645423
vt 0.672483 0.639679
vt 0.674037 0.629058
vt 0.672773 0.630133
vt 0.668094 0.629911
vt 0.672080 0.628774
vt 0.656398 0.628849
vt 0.673078 0.628436
vt 0.666797 0.979022
vt 0.656002 0.972812
vt 0.654183 0.978064
vt 0.660626 0.967789
vt 0.660397 0.970646
vt 0.653531 0.973923
vt 0.656770 0.968107
vt 0.653450 0.958486
vt 0.665497 0.954480
vt 0.662862 0.946233
vt 0.660772 0.948252
vt 0.656588 0.950708
vt 0.656959 0.947151
vt 0.662607 0.946197
vt 0.657551 0.940695
vt 0.659387 0.938373
vt 0.656870 0.946890
vt 0.654719 0.939296
vt 0.658808 0.926480
vt 0.655379 0.933135
vt 0.662487 0.923115
vt 0.658558 0.921166
vt 0.663521 0.921042
vt 0.649597 0.920999
vt 0.665491 0.921654
vt 0.659461 0.913155
vt 0.661066 0.907023
vt 0.655800 0.907720
vt 0.655632 0.913163
vt 0.657974 0.905557
vt 0.661718 0.904956
vt 0.656357 0.904016
vt 0.656615 0.898516
vt 0.657763 0.893565
vt 0.654684 0.894263
vt 0.656695 0.889983
vt 0.654745 0.894128
vt 0.653725 0.889863
vt 0.657411 0.890724
vt 0.662585 0.884343
vt 0.658257 0.884716
vt 0.663002 0.884156
vt 0.658759 0.876278
vt 0.661147 0.882405
vt 0.656566 0.863642
vt 0.657924 0.873296
vt 0.656501 0.858230
vt 0.664462 0.853281
vt 0.654778 0.854328
vt 0.652993 0.837933
vt 0.360704 0.628694
vt 0.364806 0.625791
vt 0.357829 0.625000
vt 0.652857 0.838564
vt 0.659361 0.824675
vt 0.667579 0.827680
vt 0.650125 0.823936
vt 0.662676 0.821053
vt 0.659966 0.820588
vt 0.663827 0.810723
vt 0.661868 0.817094
vt 0.661712 0.816885
vt 0.660868 0.813834
vt 0.653746 0.812288
vt 0.657693 0.809457
vt 0.661548 0.809271
vt 0.658501 0.804943
vt 0.654428 0.782073
vt 0.660327 0.773993
vt 0.664048 0.776877
vt 0.221920 0.625000
vt 0.217579 0.627545
vt 0.224094 0.627039
vt 0.654427 0.782072
vt 0.652372 0.765863
vt 0.667540 0.771828
vt 0.665240 0.773640
vt 0.660219 0.762805
vt 0.658166 0.762326
vt 0.652067 0.754491
vt 0.659764 0.759718
vt 0.664137 0.750591
vt 0.653207 0.746249
vt 0.662515 0.748262
vt 0.663500 0.746572
vt 0.659947 0.738890
vt 0.652443 0.740605
vt 0.659920 0.733921
vt 0.659031 0.734345
vt 0.652399 0.740564
vt 0.657462 0.732132
vt 0.658732 0.730844
vt 0.657541 0.726810
vt 0.656619 0.721990
vt 0.647593 0.710817
vt 0.658124 0.701597
vt 0.653708 0.701972
vt 0.664039 0.697440
vt 0.673298 0.682046
vt 0.174827 0.420448
vt 0.178484 0.414914
vt 0.181044 0.414163
vt 0.663681 0.697112
vt 0.654200 0.690104
vt 0.652364 0.686980
vt 0.658409 0.672536
vt 0.661182 0.672815
vt 0.663913 0.670117
vt 0.661123 0.668765
vt 0.658282 0.655686
vt 0.652598 0.658976
vt 0.661184 0.652091
vt 0.660742 0.649731
vt 0.655449 0.651689
vt 0.656955 0.648861
vt 0.656481 0.637620
vt 0.655028 0.646271
vt 0.664714 0.632593
vt 0.659073 0.632933
vt 0.661428 0.630612
vt 0.663645 0.629445
vt 0.672635 0.620526
vt 0.631280 0.979146
vt 0.641953 0.972393
vt 0.640476 0.969464
vt 0.649948 0.963260
vt 0.649587 0.959083
vt 0.647766 0.964631
vt 0.646647 0.956659
vt 0.644333 0.961859
vt 0.638710 0.958014
vt 0.637484 0.954675
vt 0.654966 0.948450
vt 0.648379 0.951904
vt 0.649963 0.956874
vt 0.646700 0.955971
vt 0.645690 0.953121
vt 0.649529 0.937649
vt 0.648318 0.951806
vt 0.644538 0.949450
vt 0.644702 0.949341
vt 0.641551 0.948327
vt 0.647914 0.935666
vt 0.648260 0.935285
vt 0.649463 0.928636
vt 0.645095 0.933082
vt 0.648478 0.924861
vt 0.645376 0.932452
vt 0.641963 0.928515
vt 0.645575 0.925970
vt 0.649418 0.920390
vt 0.646972 0.923142
vt 0.650085 0.916144
vt 0.644564 0.925372
vt 0.642461 0.921811
vt 0.657225 0.915371
vt 0.652895 0.918156
vt 0.652897 0.918155
vt 0.650312 0.915873
vt 0.651917 0.913650
vt 0.642338 0.916321
vt 0.648411 0.910815
vt 0.642085 0.911449
vt 0.649058 0.906160
vt 0.651874 0.906314
vt 0.650270 0.900634
vt 0.220433 0.855989
vt 0.218540 0.859420
vt 0.222382 0.860741
vt 0.646409 0.887024
vt 0.640082 0.895601
vt 0.644195 0.883462
vt 0.654590 0.877917
vt 0.639829 0.882347
vt 0.646199 0.864807
vt 0.655600 0.873149
vt 0.656658 0.869278
vt 0.642837 0.864597
vt 0.640748 0.857476
vt 0.651625 0.855265
vt 0.648626 0.853177
vt 0.642979 0.852857
vt 0.651459 0.854742
vt 0.644796 0.845100
vt 0.651134 0.828225
vt 0.638080 0.829321
vt 0.648749 0.828613
vt 0.648742 0.825609
vt 0.649484 0.824807
vt 0.641641 0.814250
vt 0.644111 0.806343
vt 0.657395 0.809336
vt 0.648030 0.797298
vt 0.640235 0.802553
vt 0.643592 0.797206
vt 0.642724 0.796256
vt 0.651694 0.789000
vt 0.651386 0.784270
vt 0.652207 0.782000
vt 0.651300 0.788898
vt 0.641309 0.790190
vt 0.650437 0.787363
vt 0.651361 0.784256
vt 0.650883 0.779540
vt 0.643213 0.777920
vt 0.652806 0.779229
vt 0.648176 0.775787
vt 0.651723 0.773041
vt 0.652461 0.769853
vt 0.650988 0.770200
vt 0.646497 0.774621
vt 0.636405 0.769619
vt 0.639381 0.763385
vt 0.164639 0.359243
vt 0.165388 0.372109
vt 0.164215 0.363638
vt 0.163715 0.363538
vt 0.155346 0.358557
vt 0.155402 0.377766
vt 0.144270 0.357489
vt 0.648109 0.738670
vt 0.650050 0.734917
vt 0.654576 0.728797
vt 0.649929 0.725753
vt 0.644535 0.730749
vt 0.645428 0.728281
vt 0.654070 0.724466
vt 0.651137 0.722046
vt 0.643053 0.725736
vt 0.651587 0.722088
vt 0.652330 0.719383
vt 0.642291 0.722523
vt 0.647639 0.720317
vt 0.648112 0.710970
vt 0.647465 0.720124
vt 0.643185 0.718685
vt 0.643626 0.711129
vt 0.643676 0.707817
vt 0.650643 0.702624
vt 0.645297 0.698861
vt 0.656516 0.699324
vt 0.652836 0.699780
vt 0.647923 0.696799
vt 0.651591 0.689115
vt 0.640373 0.688978
vt 0.644412 0.695831
vt 0.650698 0.686809
vt 0.648048 0.680925
vt 0.651450 0.682012
vt 0.652783 0.678224
vt 0.650604 0.676074
vt 0.636796 0.667225
vt 0.636581 0.670197
vt 0.654132 0.657353
vt 0.641159 0.656982
vt 0.648161 0.655979
vt 0.644870 0.655324
vt 0.652460 0.656442
vt 0.652251 0.656608
vt 0.651171 0.654536
vt 0.655768 0.652763
vt 0.648643 0.652610
vt 0.648116 0.652510
vt 0.645111 0.645867
vt 0.643515 0.653090
vt 0.647579 0.641145
vt 0.636804 0.641878
vt 0.640939 0.639635
vt 0.646206 0.636105
vt 0.654956 0.634828
vt 0.643987 0.629673
vt 0.645338 0.628439
vt 0.651015 0.626613
vt 0.645337 0.628439
vt 0.633537 0.626719
vt 0.647812 0.965123
vt 0.633726 0.970725
vt 0.637881 0.970553
vt 0.638607 0.967010
vt 0.635845 0.960287
vt 0.632829 0.965833
vt 0.631485 0.961461
vt 0.636364 0.959061
vt 0.632134 0.959131
vt 0.624854 0.955482
vt 0.639466 0.953916
vt 0.639217 0.951388
vt 0.638768 0.951675
vt 0.626289 0.953084
vt 0.633622 0.944902
vt 0.629982 0.942972
vt 0.639526 0.933703
vt 0.633529 0.940836
vt 0.631724 0.935751
vt 0.633970 0.931291
vt 0.634187 0.930822
vt 0.632683 0.928656
vt 0.641746 0.927186
vt 0.640582 0.923569
vt 0.641145 0.924209
vt 0.627852 0.922861
vt 0.641145 0.919505
vt 0.639735 0.917782
vt 0.628156 0.915107
vt 0.630238 0.909585
vt 0.641283 0.905975
vt 0.636118 0.909210
vt 0.643884 0.905048
vt 0.646645 0.902413
vt 0.636353 0.902163
vt 0.628531 0.907054
vt 0.632085 0.898503
vt 0.639561 0.898971
vt 0.637525 0.898129
vt 0.632768 0.895879
vt 0.634978 0.893461
vt 0.643562 0.885487
vt 0.632565 0.891412
vt 0.639452 0.884437
vt 0.637196 0.884623
vt 0.625600 0.882376
vt 0.640345 0.882295
vt 0.636491 0.874773
vt 0.620864 0.882718
vt 0.364304 0.618693
vt 0.359750 0.618346
vt 0.363332 0.623851
vt 0.642230 0.866783
vt 0.633018 0.871646
vt 0.632044 0.868185
vt 0.634245 0.865222
vt 0.635863 0.857086
vt 0.633999 0.858543
vt 0.631225 0.865040
vt 0.632417 0.857232
vt 0.635785 0.857053
vt 0.639606 0.854643
vt 0.635331 0.850577
vt 0.640286 0.843175
vt 0.629161 0.851795
vt 0.635644 0.846458
vt 0.629296 0.846942
vt 0.635551 0.846329
vt 0.632802 0.841930
vt 0.640675 0.843058
vt 0.637774 0.840878
vt 0.639405 0.836189
vt 0.638751 0.833316
vt 0.638659 0.833043
vt 0.642370 0.827915
vt 0.641130 0.825523
vt 0.637595 0.826981
vt 0.633560 0.833854
vt 0.634692 0.830324
vt 0.636672 0.827339
vt 0.634607 0.829825
vt 0.630982 0.827681
vt 0.632121 0.826081
vt 0.632121 0.826081
vt 0.634355 0.823309
vt 0.636604 0.815172
vt 0.632869 0.820464
vt 0.634094 0.819216
vt 0.632278 0.817461
vt 0.638889 0.810481
vt 0.638719 0.807207
vt 0.638865 0.810523
vt 0.636227 0.815152
vt 0.618568 0.806841
vt 0.637055 0.808245
vt 0.640176 0.803162
vt 0.633638 0.799868
vt 0.637513 0.796807
vt 0.633699 0.795554
vt 0.638618 0.797587
vt 0.629899 0.789980
vt 0.640984 0.778479
vt 0.634640 0.774135
vt 0.640035 0.777678
vt 0.626072 0.781226
vt 0.643745 0.776887
vt 0.175449 0.890571
vt 0.176273 0.893973
vt 0.171556 0.893291
vt 0.142065 0.383985
vt 0.631652 0.739483
vt 0.633627 0.738758
vt 0.632401 0.735181
vt 0.647646 0.735663
vt 0.644492 0.730675
vt 0.628790 0.723600
vt 0.640492 0.725719
vt 0.643007 0.726651
vt 0.640493 0.723437
vt 0.629330 0.721145
vt 0.627109 0.715291
vt 0.635184 0.712444
vt 0.639538 0.710645
vt 0.639648 0.706624
vt 0.628117 0.710891
vt 0.637601 0.709301
vt 0.630200 0.698520
vt 0.639574 0.706353
vt 0.165706 0.912072
vt 0.166272 0.914499
vt 0.169935 0.913315
vt 0.632115 0.694661
vt 0.633374 0.689449
vt 0.625272 0.686319
vt 0.636736 0.674793
vt 0.633990 0.669197
vt 0.636455 0.669926
vt 0.634079 0.668458
vt 0.627627 0.654751
vt 0.625952 0.660306
vt 0.638272 0.652126
vt 0.543229 0.267583
vt 0.540348 0.267694
vt 0.541175 0.272338
vt 0.632180 0.651922
vt 0.636948 0.651646
vt 0.636510 0.648255
vt 0.635107 0.648961
vt 0.630676 0.648689
vt 0.633498 0.641238
vt 0.631335 0.642472
vt 0.631930 0.638407
vt 0.636547 0.639258
vt 0.640540 0.629844
vt 0.629852 0.629192
vt 0.639171 0.620777
vt 0.630979 0.627858
vt 0.632668 0.622305
vt 0.614867 0.620968
vt 0.614492 0.978100
vt 0.616412 0.976500
vt 0.625077 0.971397
vt 0.628792 0.969499
vt 0.628944 0.969176
vt 0.621954 0.969864
vt 0.625062 0.956224
vt 0.377978 0.650603
vt 0.380476 0.648620
vt 0.371596 0.649479
vt 0.624761 0.951346
vt 0.613392 0.940693
vt 0.628017 0.939119
vt 0.621266 0.937936
vt 0.624738 0.937715
vt 0.479124 0.021833
vt 0.482438 0.020750
vt 0.474567 0.021176
vt 0.628781 0.937715
vt 0.625880 0.934321
vt 0.631151 0.933771
vt 0.624221 0.935247
vt 0.621494 0.934967
vt 0.621831 0.934460
vt 0.621353 0.923743
vt 0.614241 0.921848
vt 0.623751 0.921787
vt 0.623668 0.921743
vt 0.618673 0.923022
vt 0.616887 0.920251
vt 0.617553 0.912265
vt 0.628170 0.907816
vt 0.625890 0.901319
vt 0.627370 0.898036
vt 0.625393 0.894939
vt 0.625557 0.901346
vt 0.616887 0.890655
vt 0.632612 0.895847
vt 0.627562 0.897264
vt 0.622482 0.884512
vt 0.616323 0.888467
vt 0.620749 0.882847
vt 0.623545 0.882897
vt 0.630573 0.871130
vt 0.631087 0.872723
vt 0.620728 0.860278
vt 0.615883 0.854617
vt 0.625165 0.851233
vt 0.629299 0.842336
vt 0.622903 0.841300
vt 0.625164 0.832286
vt 0.631966 0.832572
vt 0.624584 0.832922
vt 0.617536 0.833816
vt 0.623900 0.827689
vt 0.625193 0.832275
vt 0.617389 0.833477
vt 0.618416 0.828396
vt 0.619759 0.827259
vt 0.612291 0.827545
vt 0.634006 0.823358
vt 0.614652 0.823165
vt 0.632131 0.822572
vt 0.632503 0.820061
vt 0.625363 0.820673
vt 0.623051 0.820364
vt 0.613272 0.820303
vt 0.624540 0.819390
vt 0.631669 0.817791
vt 0.619058 0.815170
vt 0.619519 0.813088
vt 0.621048 0.810294
vt 0.614729 0.799733
vt 0.620148 0.794204
vt 0.633023 0.796335
vt 0.622676 0.798485
vt 0.629299 0.790731
vt 0.620837 0.790140
vt 0.627418 0.789902
vt 0.022917 0.543523
vt 0.019924 0.513480
vt 0.022059 0.497665
vt 0.018571 0.518950
vt 0.620678 0.787801
vt 0.619415 0.784281
vt 0.618927 0.779603
vt 0.629829 0.777752
vt 0.628868 0.776024
vt 0.632879 0.772245
vt 0.625108 0.778260
vt 0.615103 0.771367
vt 0.621654 0.768662
vt 0.155118 0.401485
vt 0.154365 0.378861
vt 0.142275 0.394282
vt 0.629765 0.739462
vt 0.624585 0.736602
vt 0.624242 0.736205
vt 0.610453 0.721275
vt 0.624659 0.720699
vt 0.626589 0.715343
vt 0.624658 0.720699
vt 0.618650 0.707827
vt 0.626297 0.711560
vt 0.623421 0.703782
vt 0.619904 0.705784
vt 0.627783 0.699353
vt 0.622948 0.693967
vt 0.619709 0.703051
vt 0.626487 0.684176
vt 0.619248 0.680897
vt 0.621676 0.684260
vt 0.619154 0.684734
vt 0.622067 0.675474
vt 0.617823 0.663659
vt 0.624046 0.657723
vt 0.626830 0.655193
vt 0.623459 0.654882
vt 0.618018 0.652693
vt 0.623012 0.651878
vt 0.623906 0.651719
vt 0.630960 0.648413
vt 0.627294 0.641351
vt 0.610729 0.645455
vt 0.631356 0.642547
vt 0.629643 0.640492
vt 0.613141 0.643936
vt 0.616622 0.638208
vt 0.617569 0.629155
vt 0.616995 0.625079
vt 0.621869 0.628525
vt 0.614764 0.978117
vt 0.596619 0.979182
vt 0.608976 0.975246
vt 0.593666 0.976305
vt 0.616698 0.968825
vt 0.612847 0.969756
vt 0.609873 0.964671
vt 0.609319 0.971731
vt 0.603754 0.950542
vt 0.177656 0.967023
vt 0.175666 0.959703
vt 0.178678 0.959708
vt 0.608801 0.942196
vt 0.616769 0.938646
vt 0.616839 0.936853
vt 0.606794 0.938647
vt 0.608720 0.933374
vt 0.611218 0.933109
vt 0.609835 0.930077
vt 0.603573 0.937479
vt 0.611069 0.921275
vt 0.604950 0.915701
vt 0.614207 0.921834
vt 0.613853 0.918267
vt 0.547736 0.159548
vt 0.548991 0.162447
vt 0.545149 0.163023
vt 0.611057 0.918155
vt 0.610141 0.915361
vt 0.125967 0.688737
vt 0.127281 0.692202
vt 0.124013 0.691578
vt 0.616758 0.911703
vt 0.608613 0.908328
vt 0.610953 0.898989
vt 0.606568 0.906279
vt 0.615241 0.899433
vt 0.605839 0.903159
vt 0.603321 0.902753
vt 0.608157 0.895780
vt 0.612934 0.894502
vt 0.612889 0.890977
vt 0.614784 0.888856
vt 0.998682 0.094181
vt 0.965455 0.059529
vt 0.998480 0.030538
vt 0.621242 0.871740
vt 0.610057 0.870646
vt 0.620991 0.864958
vt 0.613795 0.857369
vt 0.613408 0.854445
vt 0.610666 0.855631
vt 0.611215 0.859387
vt 0.609030 0.855668
vt 0.614537 0.852953
vt 0.608855 0.852327
vt 0.612157 0.854926
vt 0.605979 0.855871
vt 0.609105 0.842448
vt 0.614758 0.841578
vt 0.607297 0.847830
vt 0.619244 0.841741
vt 0.615413 0.840556
vt 0.615524 0.836666
vt 0.615255 0.835869
vt 0.612129 0.839919
vt 0.612434 0.833129
vt 0.608176 0.842089
vt 0.607773 0.832923
vt 0.612553 0.832953
vt 0.610023 0.831434
vt 0.607037 0.829504
vt 0.618323 0.828290
vt 0.610935 0.822753
vt 0.603960 0.821358
vt 0.594990 0.819047
vt 0.617126 0.811664
vt 0.613861 0.807015
vt 0.618015 0.807329
vt 0.616537 0.815064
vt 0.599601 0.811153
vt 0.604269 0.809154
vt 0.315836 0.628065
vt 0.324726 0.631442
vt 0.324125 0.628194
vt 0.618385 0.797000
vt 0.328050 0.630421
vt 0.608351 0.798094
vt 0.614003 0.793068
vt 0.609596 0.790492
vt 0.609178 0.796321
vt 0.616824 0.783829
vt 0.615123 0.780868
vt 0.593804 0.776516
vt 0.582393 0.787792
vt 0.615195 0.778736
vt 0.594976 0.777758
vt 0.616031 0.769602
vt 0.612603 0.769270
vt 0.612522 0.769406
vt 0.486690 0.764249
vt 0.141156 0.418047
vt 0.612015 0.739574
vt 0.612827 0.717589
vt 0.608816 0.718084
vt 0.614023 0.712084
vt 0.613204 0.707693
vt 0.610824 0.710994
vt 0.607840 0.704496
vt 0.605236 0.707133
vt 0.618023 0.705691
vt 0.612246 0.702695
vt 0.613874 0.700124
vt 0.169711 0.362643
vt 0.170002 0.355721
vt 0.172285 0.360311
vt 0.614870 0.692989
vt 0.610067 0.700190
vt 0.618937 0.686284
vt 0.614801 0.687395
vt 0.615771 0.684036
vt 0.614381 0.687510
vt 0.610691 0.674593
vt 0.615604 0.676772
vt 0.617274 0.675931
vt 0.615771 0.676724
vt 0.615368 0.674002
vt 0.612456 0.671600
vt 0.619208 0.672511
vt 0.610889 0.674685
vt 0.612198 0.665271
vt 0.611822 0.668711
vt 0.611151 0.669522
vt 0.607894 0.669069
vt 0.608901 0.663936
vt 0.614878 0.661053
vt 0.612433 0.662377
vt 0.611082 0.656015
vt 0.612755 0.656055
vt 0.611956 0.651882
vt 0.603308 0.652911
vt 0.606601 0.651668
vt 0.610925 0.651092
vt 0.609662 0.649338
vt 0.612671 0.641887
vt 0.606024 0.641104
vt 0.612646 0.641914
vt 0.609199 0.637904
vt 0.614624 0.635227
vt 0.610917 0.634776
vt 0.605644 0.634944
vt 0.610793 0.631470
vt 0.616594 0.630810
vt 0.612068 0.622143
vt 0.617432 0.629152
vt 0.599992 0.625662
vt 0.615030 0.625733
vt 0.612083 0.622790
vt 0.601074 0.621685
vt 0.611912 0.620685
vt 0.605259 0.973030
vt 0.592818 0.974070
vt 0.597305 0.969915
vt 0.608919 0.971446
vt 0.594388 0.963895
vt 0.600668 0.954062
vt 0.591988 0.960772
vt 0.601890 0.951780
vt 0.590372 0.954294
vt 0.599070 0.951720
vt 0.602742 0.942584
vt 0.603347 0.947029
vt 0.602714 0.947050
vt 0.606521 0.938647
vt 0.600414 0.938720
vt 0.600762 0.942838
vt 0.594747 0.935341
vt 0.603348 0.937529
vt 0.600574 0.938367
vt 0.603160 0.921089
vt 0.595967 0.921974
vt 0.601890 0.917899
vt 0.594667 0.920061
vt 0.594554 0.909539
vt 0.999520 0.064811
vt 0.999082 0.066685
vt 0.999220 0.063846
vt 0.998649 0.069401
vt 0.990895 0.030827
vt 0.491354 0.983365
vt 0.491358 0.987168
vt 0.486122 0.984124
vt 0.599423 0.873926
vt 0.592888 0.864816
vt 0.597135 0.859897
vt 0.606017 0.852712
vt 0.605124 0.850279
vt 0.604640 0.850241
vt 0.603702 0.853486
vt 0.606271 0.846839
vt 0.068018 0.941701
vt 0.068242 0.947243
vt 0.070256 0.942258
vt 0.597069 0.843032
vt 0.605884 0.847518
vt 0.607784 0.842658
vt 0.588281 0.841826
vt 0.596169 0.837237
vt 0.606324 0.832432
vt 0.596249 0.831223
vt 0.604708 0.830586
vt 0.594753 0.833425
vt 0.596684 0.832538
vt 0.596119 0.834977
vt 0.596369 0.830565
vt 0.606437 0.829046
vt 0.598091 0.827476
vt 0.592556 0.826334
vt 0.597163 0.826070
vt 0.597580 0.825731
vt 0.594836 0.824780
vt 0.607126 0.823252
vt 0.587379 0.822641
vt 0.605056 0.822850
vt 0.596350 0.821506
vt 0.591638 0.815704
vt 0.602267 0.809827
vt 0.598741 0.808615
vt 0.598333 0.808374
vt 0.334774 0.945230
vt 0.332396 0.943635
vt 0.327089 0.943441
vt 0.021005 0.545658
vt 0.618544 0.787249
vt 0.591380 0.772328
vt 0.587976 0.771882
vt 0.155933 0.405741
vt 0.155233 0.417673
vt 0.154644 0.406213
vt 0.598735 0.739427
vt 0.593390 0.736235
vt 0.597334 0.735401
vt 0.600795 0.738770
vt 0.596068 0.733315
vt 0.595368 0.728855
vt 0.607254 0.721840
vt 0.609656 0.717036
vt 0.597892 0.709262
vt 0.600659 0.705934
vt 0.588897 0.694483
vt 0.609373 0.700038
vt 0.597338 0.706900
vt 0.588876 0.698614
vt 0.593721 0.691495
vt 0.593243 0.684257
vt 0.602797 0.672519
vt 0.595929 0.668807
vt 0.594247 0.665131
vt 0.597395 0.657753
vt 0.600361 0.655854
vt 0.599561 0.654642
vt 0.597531 0.657021
vt 0.596451 0.654041
vt 0.591762 0.649667
vt 0.593596 0.653731
vt 0.590967 0.638889
vt 0.603347 0.651916
vt 0.606395 0.651207
vt 0.604726 0.647475
vt 0.603175 0.645660
vt 0.597678 0.636144
vt 0.605643 0.639838
vt 0.604211 0.637044
vt 0.605621 0.634855
vt 0.610588 0.631562
vt 0.597254 0.631920
vt 0.611170 0.630174
vt 0.596971 0.634248
vt 0.591276 0.629514
vt 0.589273 0.628225
vt 0.598420 0.621743
vt 0.592936 0.978443
vt 0.584365 0.973483
vt 0.593142 0.976474
vt 0.585195 0.969229
vt 0.582451 0.971120
vt 0.591383 0.963841
vt 0.588033 0.965556
vt 0.591102 0.961249
vt 0.587879 0.966124
vt 0.585319 0.964668
vt 0.585732 0.960225
vt 0.588068 0.958579
vt 0.585483 0.959930
vt 0.592017 0.952254
vt 0.589056 0.950569
vt 0.587587 0.953363
vt 0.587222 0.948776
vt 0.563853 0.947890
vt 0.593663 0.922766
vt 0.575846 0.933674
vt 0.588304 0.917040
vt 0.592690 0.914896
vt 0.593629 0.922763
vt 0.585971 0.919432
vt 0.588303 0.917040
vt 0.583233 0.916848
vt 0.589321 0.911317
vt 0.586955 0.911541
vt 0.585712 0.910816
vt 0.571663 0.910499
vt 0.589289 0.911149
vt 0.586467 0.910325
vt 0.592787 0.907293
vt 0.586772 0.872491
vt 0.592774 0.864525
vt 0.587205 0.868580
vt 0.594020 0.859973
vt 0.577009 0.865421
vt 0.580425 0.854511
vt 0.585679 0.848336
vt 0.588582 0.847357
vt 0.579846 0.843609
vt 0.593833 0.836988
vt 0.592042 0.834190
vt 0.588289 0.833919
vt 0.581400 0.833206
vt 0.593079 0.831288
vt 0.578782 0.831613
vt 0.593929 0.833491
vt 0.586610 0.827854
vt 0.592406 0.819868
vt 0.258610 0.917064
vt 0.254774 0.918411
vt 0.256916 0.919141
vt 0.582959 0.822563
vt 0.585683 0.821622
vt 0.571773 0.823384
vt 0.559650 0.816303
vt 0.629663 0.815841
vt 0.593570 0.807591
vt 0.593570 0.807591
vt 0.586859 0.806567
vt 0.589229 0.802468
vt 0.580404 0.785618
vt 0.587080 0.779142
vt 0.549669 0.750344
vt 0.554199 0.754883
vt 0.559425 0.754326
vt 0.165837 0.500772
vt 0.154885 0.429720
vt 0.153891 0.417924
vt 0.154461 0.425331
vt 0.140911 0.430545
vt 0.589016 0.738690
vt 0.587368 0.732699
vt 0.595052 0.733134
vt 0.592738 0.727442
vt 0.575233 0.736506
vt 0.587299 0.738873
vt 0.420698 0.349398
vt 0.424892 0.353462
vt 0.421593 0.352681
vt 0.586665 0.723850
vt 0.583528 0.723670
vt 0.585758 0.720204
vt 0.586189 0.717082
vt 0.588923 0.712487
vt 0.583722 0.713921
vt 0.586132 0.705219
vt 0.585256 0.709995
vt 0.579776 0.709662
vt 0.585019 0.705774
vt 0.586971 0.709370
vt 0.588781 0.690856
vt 0.591418 0.686626
vt 0.586058 0.692646
vt 0.583759 0.688425
vt 0.586716 0.695162
vt 0.583254 0.694558
vt 0.591797 0.666961
vt 0.587376 0.665541
vt 0.575918 0.663769
vt 0.580043 0.662095
vt 0.590176 0.653791
vt 0.580767 0.657806
vt 0.586545 0.657651
vt 0.585408 0.655109
vt 0.585403 0.655110
vt 0.580716 0.651788
vt 0.576726 0.640278
vt 0.587081 0.637448
vt 0.594485 0.636403
vt 0.589825 0.636483
vt 0.596531 0.633940
vt 0.571393 0.630775
vt 0.583458 0.629475
vt 0.574043 0.622908
vt 0.576430 0.620951
vt 0.574674 0.975391
vt 0.576840 0.973029
vt 0.569590 0.975505
vt 0.560718 0.979201
vt 0.572321 0.973715
vt 0.566532 0.973796
vt 0.582302 0.971130
vt 0.571671 0.969167
vt 0.582807 0.967986
vt 0.583396 0.958504
vt 0.568751 0.967424
vt 0.570303 0.962476
vt 0.573354 0.957182
vt 0.587130 0.953445
vt 0.570966 0.956088
vt 0.570831 0.935143
vt 0.575846 0.933674
vt 0.589337 0.980513
vt 0.585079 0.980513
vt 0.585607 0.983309
vt 0.573131 0.930864
vt 0.579286 0.919760
vt 0.569104 0.926292
vt 0.582856 0.916956
vt 0.566554 0.917074
vt 0.577031 0.916664
vt 0.571783 0.887197
vt 0.566527 0.883164
vt 0.570512 0.878021
vt 0.582362 0.876671
vt 0.574413 0.875824
vt 0.573619 0.873270
vt 0.575606 0.867562
vt 0.419816 0.437579
vt 0.422190 0.432034
vt 0.415466 0.432034
vt 0.567313 0.868103
vt 0.574054 0.863221
vt 0.574096 0.863175
vt 0.572500 0.858275
vt 0.565743 0.842627
vt 0.576906 0.844242
vt 0.573370 0.841844
vt 0.572552 0.838377
vt 0.578862 0.832931
vt 0.570945 0.833500
vt 0.570376 0.830632
vt 0.574545 0.822780
vt 0.581543 0.821078
vt 0.585614 0.821602
vt 0.590307 0.819894
vt 0.571988 0.820781
vt 0.591690 0.825628
vt 0.571232 0.819397
vt 0.580220 0.818988
vt 0.576415 0.818279
vt 0.575556 0.815246
vt 0.586369 0.806260
vt 0.570917 0.818694
vt 0.573073 0.814764
vt 0.560944 0.814435
vt 0.574154 0.812434
vt 0.572228 0.807691
vt 0.571666 0.811380
vt 0.569031 0.806786
vt 0.572133 0.807543
vt 0.575471 0.801535
vt 0.579459 0.801484
vt 0.568955 0.804485
vt 0.585987 0.803130
vt 0.575988 0.799859
vt 0.561775 0.793769
vt 0.023130 0.545734
vt 0.014277 0.559243
vt 0.578159 0.782522
vt 0.577716 0.785702
vt 0.567533 0.788856
vt 0.578212 0.783202
vt 0.574092 0.780679
vt 0.574843 0.778766
vt 0.586538 0.775878
vt 0.571023 0.776848
vt 0.155176 0.425332
vt 0.584341 0.739905
vt 0.580224 0.722731
vt 0.568677 0.733176
vt 0.561334 0.726358
vt 0.566620 0.724181
vt 0.569590 0.718966
vt 0.584609 0.720216
vt 0.583544 0.713731
vt 0.578509 0.712113
vt 0.567308 0.707049
vt 0.579603 0.709691
vt 0.578137 0.698122
vt 0.585727 0.702147
vt 0.588766 0.698583
vt 0.570392 0.698829
vt 0.582864 0.695715
vt 0.573035 0.694415
vt 0.580415 0.694881
vt 0.574139 0.697919
vt 0.579690 0.691108
vt 0.583802 0.689013
vt 0.573680 0.689439
vt 0.577220 0.686871
vt 0.572472 0.687150
vt 0.570961 0.681221
vt 0.577070 0.686844
vt 0.158982 0.642110
vt 0.162681 0.645865
vt 0.164529 0.642447
vt 0.098059 0.020882
vt 0.092699 0.014833
vt 0.093234 0.019216
vt 0.570576 0.671158
vt 0.573577 0.671406
vt 0.170981 0.325213
vt 0.175527 0.324694
vt 0.173404 0.321664
vt 0.167435 0.322507
vt 0.578128 0.660206
vt 0.571687 0.646406
vt 0.579991 0.656213
vt 0.580374 0.651874
vt 0.575220 0.663290
vt 0.574689 0.645385
vt 0.992976 0.374220
vt 0.993119 0.367191
vt 0.987427 0.367107
vt 0.576383 0.633500
vt 0.574030 0.633872
vt 0.571854 0.639940
vt 0.563967 0.638958
vt 0.583733 0.628469
vt 0.571167 0.630127
vt 0.564670 0.627866
vt 0.575777 0.620207
vt 0.566692 0.973991
vt 0.563814 0.976420
vt 0.568924 0.967932
vt 0.559741 0.970217
vt 0.563574 0.973768
vt 0.559961 0.966973
vt 0.553211 0.961429
vt 0.558837 0.958952
vt 0.561977 0.956157
vt 0.563157 0.951312
vt 0.564361 0.938076
vt 0.561271 0.940662
vt 0.557137 0.943974
vt 0.559452 0.941858
vt 0.544610 0.941763
vt 0.560943 0.940462
vt 0.561789 0.938552
vt 0.567218 0.932264
vt 0.571192 0.932312
vt 0.564324 0.937350
vt 0.566420 0.932660
vt 0.564293 0.926490
vt 0.568083 0.927904
vt 0.998722 0.137846
vt 0.971322 0.139000
vt 0.560077 0.916216
vt 0.562801 0.914613
vt 0.549897 0.914872
vt 0.566585 0.914429
vt 0.563683 0.909413
vt 0.568497 0.908516
vt 0.564791 0.911343
vt 0.562824 0.914283
vt 0.562662 0.911364
vt 0.553196 0.910845
vt 0.563634 0.909416
vt 0.967493 0.120659
vt 0.569637 0.888587
vt 0.558460 0.887563
vt 0.564120 0.877518
vt 0.548709 0.877863
vt 0.559330 0.877093
vt 0.570750 0.877613
vt 0.566224 0.877107
vt 0.562076 0.864924
vt 0.557560 0.876365
vt 0.551536 0.871233
vt 0.566008 0.864709
vt 0.564689 0.861109
vt 0.556014 0.863014
vt 0.559331 0.855850
vt 0.555562 0.859076
vt 0.553457 0.847162
vt 0.576143 0.843024
vt 0.578310 0.842571
vt 0.934290 0.141782
vt 0.935776 0.155328
vt 0.930360 0.143611
vt 0.563262 0.844154
vt 0.560275 0.838193
vt 0.570466 0.840190
vt 0.568412 0.832596
vt 0.550604 0.836960
vt 0.571523 0.823131
vt 0.568729 0.820531
vt 0.571765 0.821117
vt 0.534602 0.821910
vt 0.530365 0.834041
vt 0.550241 0.818939
vt 0.559315 0.818662
vt 0.561787 0.818342
vt 0.575517 0.815378
vt 0.560286 0.815382
vt 0.564263 0.807214
vt 0.557823 0.800141
vt 0.563918 0.805002
vt 0.563641 0.790279
vt 0.021037 0.601077
vt 0.021635 0.573305
vt 0.015643 0.570421
vt 0.018838 0.573300
vt 0.563850 0.785590
vt 0.566990 0.783100
vt 0.574092 0.780679
vt 0.555473 0.778165
vt 0.564365 0.782489
vt 0.141645 0.454352
vt 0.564928 0.739698
vt 0.568963 0.736422
vt 0.575284 0.737690
vt 0.551914 0.739320
vt 0.555787 0.733507
vt 0.555613 0.730171
vt 0.561215 0.721163
vt 0.564629 0.718636
vt 0.567931 0.716350
vt 0.563964 0.718471
vt 0.561282 0.707537
vt 0.565568 0.700564
vt 0.561187 0.702098
vt 0.567252 0.697395
vt 0.565841 0.700375
vt 0.557521 0.693761
vt 0.570026 0.696277
vt 0.568099 0.692412
vt 0.562786 0.699909
vt 0.556140 0.695799
vt 0.569415 0.690130
vt 0.567213 0.688777
vt 0.562270 0.682701
vt 0.572472 0.687149
vt 0.566701 0.681593
vt 0.566573 0.679302
vt 0.561621 0.675193
vt 0.569747 0.669405
vt 0.560844 0.678580
vt 0.556242 0.671646
vt 0.559590 0.671015
vt 0.567538 0.665540
vt 0.566880 0.668054
vt 0.558322 0.662523
vt 0.561314 0.661239
vt 0.570234 0.668558
vt 0.560251 0.659344
vt 0.554060 0.647509
vt 0.562950 0.642018
vt 0.571508 0.646352
vt 0.566694 0.645630
vt 0.565755 0.641322
vt 0.558019 0.637885
vt 0.563116 0.641923
vt 0.558682 0.630145
vt 0.563190 0.629224
vt 0.553720 0.633567
vt 0.565380 0.627005
vt 0.569523 0.624732
vt 0.561646 0.625909
vt 0.558780 0.628458
vt 0.557315 0.626378
vt 0.572728 0.620926
vt 0.558374 0.624416
vt 0.559583 0.978458
vt 0.557677 0.979191
vt 0.563051 0.976290
vt 0.552095 0.978428
vt 0.547879 0.978332
vt 0.547121 0.974186
vt 0.553394 0.973066
vt 0.559025 0.970466
vt 0.556177 0.970488
vt 0.556449 0.967448
vt 0.551897 0.964734
vt 0.558122 0.959044
vt 0.554659 0.958313
vt 0.560369 0.954871
vt 0.553233 0.961419
vt 0.540401 0.962631
vt 0.563105 0.950941
vt 0.550318 0.950427
vt 0.547427 0.950241
vt 0.561601 0.948670
vt 0.548742 0.947121
vt 0.553209 0.945957
vt 0.554267 0.943861
vt 0.548678 0.936896
vt 0.537588 0.928659
vt 0.543225 0.918550
vt 0.547989 0.908450
vt 0.551401 0.903414
vt 0.553556 0.904265
vt 0.545276 0.897876
vt 0.545005 0.896001
vt 0.548789 0.895817
vt 0.553741 0.903879
vt 0.553373 0.891429
vt 0.546297 0.892517
vt 0.552547 0.886544
vt 0.550530 0.888597
vt 0.518177 0.031257
vt 0.524078 0.031845
vt 0.526897 0.029116
vt 0.557840 0.883011
vt 0.548541 0.883388
vt 0.552201 0.885745
vt 0.555758 0.876780
vt 0.550949 0.876836
vt 0.551196 0.866622
vt 0.549154 0.863587
vt 0.557809 0.860953
vt 0.555334 0.859367
vt 0.547839 0.856682
vt 0.552521 0.851113
vt 0.547588 0.850990
vt 0.550262 0.849791
vt 0.553602 0.850265
vt 0.537435 0.844610
vt 0.933179 0.160539
vt 0.930983 0.156653
vt 0.937096 0.157600
vt 0.935126 0.181528
vt 0.935445 0.161961
vt 0.559085 0.841003
vt 0.545356 0.838326
vt 0.930264 0.171725
vt 0.546437 0.837200
vt 0.538132 0.841669
vt 0.537840 0.819844
vt 0.542697 0.819643
vt 0.559271 0.817085
vt 0.560285 0.815382
vt 0.541603 0.814768
vt 0.558075 0.814269
vt 0.552256 0.800930
vt 0.543491 0.805265
vt 0.418800 0.402685
vt 0.413795 0.405447
vt 0.417381 0.408221
vt 0.543785 0.802745
vt 0.548075 0.799121
vt 0.558504 0.793721
vt 0.557686 0.798621
vt 0.541726 0.802382
vt 0.529937 0.792495
vt 0.561075 0.790171
vt 0.020944 0.576314
vt 0.012958 0.578831
vt 0.017945 0.573546
vt 0.557110 0.787959
vt 0.543662 0.788415
vt 0.563155 0.787379
vt 0.017323 0.589040
vt 0.013131 0.588264
vt 0.549619 0.779333
vt 0.551261 0.776574
vt 0.547135 0.776885
vt 0.141675 0.467133
vt 0.552803 0.727360
vt 0.558833 0.725313
vt 0.552545 0.727204
vt 0.543776 0.723959
vt 0.551876 0.722355
vt 0.553606 0.722428
vt 0.555408 0.719342
vt 0.554115 0.719263
vt 0.556766 0.717093
vt 0.546579 0.707529
vt 0.536763 0.711972
vt 0.550133 0.705467
vt 0.546617 0.705286
vt 0.548030 0.702038
vt 0.553713 0.697021
vt 0.551455 0.693048
vt 0.550045 0.698324
vt 0.138809 0.552757
vt 0.135144 0.550545
vt 0.138757 0.547401
vt 0.555842 0.683598
vt 0.545490 0.687185
vt 0.559117 0.680896
vt 0.546288 0.681262
vt 0.558980 0.680582
vt 0.551338 0.677194
vt 0.556535 0.680442
vt 0.550048 0.680255
vt 0.546199 0.674433
vt 0.549907 0.675690
vt 0.013138 0.467343
vt 0.013102 0.471021
vt 0.019889 0.469533
vt 0.549369 0.673412
vt 0.541109 0.663110
vt 0.556102 0.669804
vt 0.554907 0.664145
vt 0.558324 0.662418
vt 0.680071 0.680133
vt 0.679124 0.675312
vt 0.682517 0.671578
vt 0.550184 0.650948
vt 0.550674 0.647338
vt 0.625840 0.305028
vt 0.623752 0.315114
vt 0.622364 0.306994
vt 0.353987 0.183935
vt 0.351109 0.191959
vt 0.350460 0.186663
vt 0.556513 0.639410
vt 0.538127 0.641791
vt 0.549261 0.635269
vt 0.549072 0.631490
vt 0.549129 0.629532
vt 0.551964 0.628753
vt 0.548501 0.622343
vt 0.547806 0.627972
vt 0.546328 0.621098
vt 0.549312 0.620925
vt 0.548033 0.978752
vt 0.529968 0.978042
vt 0.541837 0.975578
vt 0.538947 0.971830
vt 0.540154 0.966541
vt 0.536035 0.968164
vt 0.540424 0.964398
vt 0.532513 0.957089
vt 0.541783 0.941424
vt 0.536061 0.939310
vt 0.544373 0.939344
vt 0.534321 0.943523
vt 0.539976 0.935664
vt 0.535157 0.935857
vt 0.532501 0.931658
vt 0.538594 0.926431
vt 0.535737 0.925934
vt 0.534070 0.922421
vt 0.542179 0.917404
vt 0.547727 0.909246
vt 0.539976 0.908547
vt 0.534993 0.919410
vt 0.543924 0.903425
vt 0.544302 0.899524
vt 0.542450 0.897656
vt 0.538253 0.903266
vt 0.536435 0.892665
vt 0.787675 0.621859
vt 0.790051 0.618349
vt 0.784681 0.619375
vt 0.541576 0.891080
vt 0.545834 0.892164
vt 0.546260 0.888564
vt 0.540214 0.889244
vt 0.540244 0.884142
vt 0.536527 0.887175
vt 0.540236 0.889394
vt 0.529683 0.887997
vt 0.539875 0.882723
vt 0.537356 0.883078
vt 0.536899 0.879054
vt 0.548494 0.876230
vt 0.539324 0.877351
vt 0.531897 0.875103
vt 0.543347 0.869835
vt 0.550403 0.869930
vt 0.528627 0.874259
vt 0.540891 0.865936
vt 0.543532 0.867467
vt 0.541817 0.862244
vt 0.547598 0.866321
vt 0.540985 0.865251
vt 0.539823 0.858616
vt 0.537537 0.863071
vt 0.536659 0.856311
vt 0.538544 0.854650
vt 0.533670 0.849872
vt 0.535243 0.852012
vt 0.933185 0.175943
vt 0.929971 0.174162
vt 0.542610 0.839184
vt 0.522274 0.841097
vt 0.542169 0.838226
vt 0.537394 0.838464
vt 0.533699 0.839147
vt 0.535581 0.834612
vt 0.535568 0.837244
vt 0.542797 0.819128
vt 0.529062 0.816108
vt 0.538059 0.819563
vt 0.539489 0.815249
vt 0.535557 0.813689
vt 0.540494 0.813550
vt 0.540534 0.813451
vt 0.534820 0.811070
vt 0.539507 0.811314
vt 0.530120 0.806744
vt 0.524712 0.802652
vt 0.531891 0.796643
vt 0.016625 0.591023
vt 0.017279 0.599633
vt 0.012259 0.592557
vt 0.012943 0.588540
vt 0.533340 0.780290
vt 0.537713 0.786130
vt 0.530643 0.783518
vt 0.537177 0.790184
vt 0.533947 0.777342
vt 0.549611 0.737829
vt 0.541520 0.735255
vt 0.554835 0.733290
vt 0.541678 0.739136
vt 0.538626 0.734637
vt 0.543037 0.729806
vt 0.542050 0.726476
vt 0.541536 0.727051
vt 0.526002 0.737104
vt 0.541043 0.724610
vt 0.533166 0.716392
vt 0.533608 0.726249
vt 0.535940 0.715962
vt 0.540247 0.708080
vt 0.537331 0.708910
vt 0.547741 0.702259
vt 0.544911 0.697633
vt 0.548907 0.696829
vt 0.550085 0.693075
vt 0.529171 0.692686
vt 0.533992 0.691551
vt 0.541866 0.690686
vt 0.543747 0.688730
vt 0.543672 0.688740
vt 0.538346 0.688909
vt 0.543437 0.682780
vt 0.537998 0.689754
vt 0.536125 0.679810
vt 0.535027 0.682697
vt 0.545817 0.680999
vt 0.530049 0.678639
vt 0.535526 0.660653
vt 0.532656 0.655103
vt 0.534473 0.651987
vt 0.548803 0.645734
vt 0.537588 0.641561
vt 0.536274 0.636501
vt 0.543183 0.634986
vt 0.547702 0.634799
vt 0.546930 0.630952
vt 0.540105 0.629368
vt 0.548548 0.629103
vt 0.537966 0.630141
vt 0.519348 0.631238
vt 0.534774 0.629235
vt 0.534724 0.628310
vt 0.532853 0.627539
vt 0.533728 0.622746
vt 0.518137 0.620950
vt 0.549169 0.620952
vt 0.532555 0.975670
vt 0.536939 0.972817
vt 0.531671 0.974658
vt 0.530537 0.977689
vt 0.530242 0.972508
vt 0.534564 0.969155
vt 0.534959 0.968887
vt 0.539982 0.964468
vt 0.525011 0.965000
vt 0.516582 0.974085
vt 0.525101 0.965198
vt 0.534520 0.959133
vt 0.532312 0.959042
vt 0.534522 0.959135
vt 0.520670 0.957167
vt 0.522392 0.960663
vt 0.528702 0.944090
vt 0.626348 0.332877
vt 0.620077 0.332224
vt 0.621916 0.335894
vt 0.525590 0.946375
vt 0.531913 0.942230
vt 0.533394 0.940414
vt 0.527764 0.940443
vt 0.531330 0.935497
vt 0.321638 0.769722
vt 0.323247 0.775960
vt 0.319746 0.776939
vt 0.522864 0.940832
vt 0.526680 0.931481
vt 0.530957 0.927387
vt 0.532136 0.931613
vt 0.527847 0.928893
vt 0.530950 0.927374
vt 0.532361 0.919923
vt 0.527204 0.917922
vt 0.524914 0.929089
vt 0.522742 0.919485
vt 0.532153 0.916569
vt 0.532079 0.916522
vt 0.521593 0.917028
vt 0.521825 0.913259
vt 0.527197 0.909116
vt 0.528130 0.906788
vt 0.527126 0.904070
vt 0.528931 0.896595
vt 0.526438 0.897032
vt 0.525427 0.905798
vt 0.528134 0.892250
vt 0.520680 0.890825
vt 0.527837 0.892489
vt 0.526627 0.885319
vt 0.525921 0.882778
vt 0.526664 0.885610
vt 0.536885 0.883209
vt 0.533804 0.881150
vt 0.530037 0.875789
vt 0.525124 0.880497
vt 0.525470 0.877525
vt 0.528659 0.874501
vt 0.523486 0.876743
vt 0.521045 0.870537
vt 0.524694 0.864149
vt 0.522894 0.861869
vt 0.529498 0.853355
vt 0.526917 0.852556
vt 0.533157 0.854182
vt 0.535242 0.852195
vt 0.532660 0.851096
vt 0.523911 0.852754
vt 0.531758 0.848207
vt 0.535568 0.837244
vt 0.517620 0.838682
vt 0.518323 0.836277
vt 0.523671 0.822353
vt 0.531448 0.820695
vt 0.522564 0.820678
vt 0.513440 0.819264
vt 0.533818 0.820156
vt 0.532874 0.813578
vt 0.500837 0.817940
vt 0.530140 0.809320
vt 0.523006 0.804048
vt 0.529400 0.796689
vt 0.520888 0.797763
vt 0.523371 0.795455
vt 0.529702 0.792573
vt 0.522863 0.792301
vt 0.022652 0.625892
vt 0.018235 0.604709
vt 0.012009 0.608504
vt 0.017632 0.600475
vt 0.009354 0.601069
vt 0.009483 0.598144
vt 0.528284 0.789537
vt 0.513858 0.788737
vt 0.520972 0.780643
vt 0.531145 0.779524
vt 0.518285 0.777502
vt 0.520589 0.777942
vt 0.141320 0.491739
vt 0.141120 0.473630
vt 0.539497 0.738617
vt 0.539329 0.740144
vt 0.537912 0.735673
vt 0.526359 0.735837
vt 0.519259 0.724241
vt 0.521084 0.721188
vt 0.530322 0.716566
vt 0.525053 0.715857
vt 0.533241 0.716204
vt 0.529547 0.713628
vt 0.536410 0.712480
vt 0.521105 0.717726
vt 0.220959 0.874079
vt 0.222570 0.877238
vt 0.226926 0.875571
vt 0.529264 0.713877
vt 0.527196 0.709405
vt 0.525218 0.705745
vt 0.523494 0.709603
vt 0.521541 0.705937
vt 0.518735 0.705166
vt 0.535020 0.682777
vt 0.533310 0.691496
vt 0.529837 0.688728
vt 0.516762 0.690636
vt 0.527951 0.689380
vt 0.530020 0.689194
vt 0.527199 0.687144
vt 0.517602 0.680578
vt 0.532045 0.658177
vt 0.534436 0.663675
vt 0.524919 0.654846
vt 0.525510 0.657152
vt 0.523442 0.656850
vt 0.530433 0.652751
vt 0.524852 0.654823
vt 0.520524 0.646652
vt 0.531475 0.649285
vt 0.524995 0.643739
vt 0.531106 0.640945
vt 0.555032 0.026905
vt 0.564361 0.024319
vt 0.560922 0.027040
vt 0.520867 0.642886
vt 0.529026 0.636984
vt 0.533782 0.639620
vt 0.527394 0.630141
vt 0.534773 0.629235
vt 0.526523 0.629104
vt 0.518145 0.630854
vt 0.518308 0.626222
vt 0.531429 0.626474
vt 0.522028 0.973481
vt 0.522550 0.972226
vt 0.509068 0.972094
vt 0.511543 0.957612
vt 0.508824 0.964151
vt 0.519046 0.959482
vt 0.521953 0.960456
vt 0.515300 0.955329
vt 0.519785 0.956882
vt 0.515141 0.953355
vt 0.510271 0.956370
vt 0.514214 0.949015
vt 0.519911 0.942437
vt 0.518016 0.952140
vt 0.514659 0.949067
vt 0.522880 0.940858
vt 0.519860 0.940186
vt 0.510876 0.942881
vt 0.508992 0.929050
vt 0.448325 0.778585
vt 0.450674 0.775018
vt 0.450816 0.780894
vt 0.513403 0.923298
vt 0.513157 0.923526
vt 0.507860 0.919219
vt 0.516235 0.919474
vt 0.518068 0.910098
vt 0.511441 0.908208
vt 0.523190 0.909308
vt 0.511894 0.904577
vt 0.510097 0.896130
vt 0.513464 0.893656
vt 0.506474 0.893722
vt 0.515380 0.889042
vt 0.996638 0.944377
vt 0.992748 0.942952
vt 0.993388 0.937986
vt 0.520224 0.886686
vt 0.514677 0.885837
vt 0.512918 0.880184
vt 0.507259 0.884819
vt 0.521315 0.889931
vt 0.515657 0.889185
vt 0.523313 0.883028
vt 0.525108 0.880517
vt 0.514003 0.877164
vt 0.522994 0.878093
vt 0.507955 0.880451
vt 0.518102 0.876936
vt 0.518435 0.876383
vt 0.516093 0.875901
vt 0.517278 0.853589
vt 0.513158 0.858461
vt 0.505572 0.861560
vt 0.514714 0.855635
vt 0.535543 0.125000
vt 0.532237 0.125620
vt 0.534342 0.128785
vt 0.507953 0.852310
vt 0.514277 0.855359
vt 0.515172 0.850112
vt 0.511431 0.849945
vt 0.515332 0.847038
vt 0.509614 0.842618
vt 0.515382 0.849773
vt 0.511503 0.847360
vt 0.935133 0.181581
vt 0.935462 0.200429
vt 0.932763 0.179319
vt 0.936621 0.200475
vt 0.937060 0.202149
vt 0.473239 0.843016
vt 0.927886 0.215042
vt 0.928682 0.199732
vt 0.925410 0.218334
vt 0.927025 0.201931
vt 0.514285 0.837287
vt 0.516902 0.839107
vt 0.493933 0.838353
vt 0.518591 0.822965
vt 0.480166 0.820780
vt 0.513627 0.818568
vt 0.503694 0.818037
vt 0.511339 0.797266
vt 0.513135 0.792767
vt 0.521788 0.792303
vt 0.516002 0.790355
vt 0.524453 0.790123
vt 0.512335 0.789886
vt 0.499528 0.791603
vt 0.512261 0.790004
vt 0.018744 0.624334
vt 0.520972 0.780644
vt 0.500881 0.781514
vt 0.518273 0.777562
vt 0.504610 0.778720
vt 0.522885 0.739551
vt 0.518202 0.739800
vt 0.514582 0.736130
vt 0.141179 0.503619
vt 0.140746 0.492653
vt 0.511773 0.737813
vt 0.517792 0.726939
vt 0.512174 0.735088
vt 0.507425 0.730955
vt 0.514972 0.727474
vt 0.513445 0.725222
vt 0.507450 0.728311
vt 0.519580 0.718905
vt 0.519542 0.718970
vt 0.501046 0.726765
vt 0.510570 0.716872
vt 0.519486 0.714621
vt 0.516936 0.710666
vt 0.519150 0.715301
vt 0.509518 0.713844
vt 0.511866 0.711863
vt 0.517512 0.708054
vt 0.508892 0.701350
vt 0.512885 0.698527
vt 0.512031 0.694594
vt 0.513681 0.689849
vt 0.517856 0.688399
vt 0.103356 0.449028
vt 0.104386 0.445110
vt 0.106875 0.443771
vt 0.513312 0.682418
vt 0.514761 0.675378
vt 0.513285 0.681531
vt 0.508897 0.680257
vt 0.512439 0.679086
vt 0.516734 0.670268
vt 0.513368 0.677269
vt 0.497087 0.667357
vt 0.516941 0.667962
vt 0.503963 0.650521
vt 0.517049 0.649513
vt 0.516128 0.646204
vt 0.502452 0.647370
vt 0.514446 0.635013
vt 0.503958 0.635605
vt 0.515322 0.625032
vt 0.506572 0.975132
vt 0.489751 0.978998
vt 0.503477 0.975461
vt 0.505081 0.971725
vt 0.506715 0.965743
vt 0.502968 0.971198
vt 0.500708 0.967908
vt 0.506631 0.965892
vt 0.498788 0.963623
vt 0.507716 0.959735
vt 0.504857 0.960276
vt 0.504328 0.957513
vt 0.510879 0.947396
vt 0.503588 0.953593
vt 0.506268 0.950880
vt 0.496625 0.955206
vt 0.500297 0.952661
vt 0.500420 0.952596
vt 0.507879 0.945014
vt 0.500030 0.936211
vt 0.505001 0.926900
vt 0.507254 0.928929
vt 0.508126 0.924159
vt 0.503168 0.924844
vt 0.494469 0.925230
vt 0.505940 0.916661
vt 0.508103 0.914705
vt 0.502353 0.909854
vt 0.505553 0.910170
vt 0.509420 0.907534
vt 0.498971 0.904821
vt 0.494000 0.909418
vt 0.504565 0.906047
vt 0.509509 0.907249
vt 0.505110 0.903534
vt 0.511864 0.904809
vt 0.501240 0.903400
vt 0.504554 0.906043
vt 0.501241 0.902877
vt 0.504942 0.880619
vt 0.498199 0.886780
vt 0.507262 0.880652
vt 0.506293 0.877344
vt 0.493602 0.880407
vt 0.497642 0.880284
vt 0.500855 0.877101
vt 0.507723 0.877793
vt 0.502046 0.876645
vt 0.499904 0.873071
vt 0.505297 0.869791
vt 0.504338 0.866201
vt 0.502536 0.851648
vt 0.505404 0.850888
vt 0.505421 0.850883
vt 0.508699 0.845657
vt 0.511461 0.848871
vt 0.503303 0.849378
vt 0.936867 0.202477
vt 0.936649 0.218806
vt 0.497102 0.841199
vt 0.493744 0.813590
vt 0.487282 0.799046
vt 0.494372 0.797800
vt 0.500441 0.793894
vt 0.509749 0.794547
vt 0.464950 0.789894
vt 0.023143 0.631741
vt 0.021320 0.628354
vt 0.017450 0.630578
vt 0.020190 0.633358
vt 0.017270 0.633254
vt 0.009562 0.626329
vt 0.490987 0.788272
vt 0.494989 0.785131
vt 0.493490 0.783391
vt 0.515125 0.765579
vt 0.445370 0.764925
vt 0.141304 0.516565
vt 0.504972 0.739300
vt 0.500759 0.734770
vt 0.504400 0.729710
vt 0.500233 0.730779
vt 0.504723 0.729277
vt 0.497954 0.721977
vt 0.507733 0.716203
vt 0.503350 0.711511
vt 0.506821 0.698270
vt 0.504585 0.709374
vt 0.499624 0.708727
vt 0.492839 0.706658
vt 0.509475 0.697853
vt 0.511448 0.694217
vt 0.500614 0.693055
vt 0.495409 0.694850
vt 0.511023 0.689787
vt 0.502438 0.687858
vt 0.506412 0.685165
vt 0.513647 0.689735
vt 0.502425 0.684976
vt 0.501813 0.687514
vt 0.492695 0.672098
vt 0.501188 0.666342
vt 0.494106 0.669863
vt 0.498760 0.662971
vt 0.498200 0.658800
vt 0.499805 0.654507
vt 0.501558 0.640588
vt 0.499830 0.642716
vt 0.500518 0.637120
vt 0.501466 0.632792
vt 0.513008 0.632654
vt 0.516671 0.630383
vt 0.500121 0.629651
vt 0.497781 0.634665
vt 0.503305 0.628870
vt 0.494959 0.627622
vt 0.493706 0.620773
vt 0.500896 0.971229
vt 0.491201 0.974691
vt 0.485889 0.976702
vt 0.487296 0.975842
vt 0.493773 0.972084
vt 0.359865 0.664967
vt 0.361472 0.668133
vt 0.367416 0.667087
vt 0.494199 0.952893
vt 0.485175 0.953422
vt 0.490431 0.938238
vt 0.491061 0.931145
vt 0.488894 0.944291
vt 0.486923 0.945302
vt 0.488451 0.940458
vt 0.499405 0.934172
vt 0.488953 0.932039
vt 0.493106 0.927092
vt 0.491061 0.931144
vt 0.485785 0.928141
vt 0.490802 0.927977
vt 0.493405 0.923345
vt 0.483797 0.922794
vt 0.489055 0.908685
vt 0.492676 0.911850
vt 0.489779 0.908302
vt 0.495555 0.901884
vt 0.489769 0.904552
vt 0.486791 0.903213
vt 0.487871 0.901116
vt 0.496217 0.901967
vt 0.490553 0.894081
vt 0.490476 0.898033
vt 0.485056 0.900252
vt 0.471308 0.892921
vt 0.497294 0.889838
vt 0.498281 0.887276
vt 0.494943 0.885855
vt 0.484899 0.885892
vt 0.497054 0.879722
vt 0.493750 0.879518
vt 0.499956 0.877441
vt 0.492644 0.877084
vt 0.497537 0.874170
vt 0.487431 0.872432
vt 0.483092 0.880409
vt 0.484351 0.877884
vt 0.492973 0.879344
vt 0.488267 0.875963
vt 0.499854 0.872436
vt 0.504253 0.866314
vt 0.490646 0.867374
vt 0.501741 0.864895
vt 0.094396 0.458304
vt 0.094616 0.463224
vt 0.089126 0.457864
vt 0.487359 0.861397
vt 0.488325 0.857059
vt 0.470973 0.852091
vt 0.934639 0.220983
vt 0.935894 0.225068
vt 0.931315 0.226251
vt 0.924672 0.225162
vt 0.923789 0.236145
vt 0.922038 0.220663
vt 0.485680 0.839306
vt 0.485867 0.812523
vt 0.495222 0.811918
vt 0.494188 0.810567
vt 0.494211 0.807820
vt 0.492223 0.807941
vt 0.485568 0.810754
vt 0.493613 0.795917
vt 0.487606 0.798738
vt 0.485820 0.797899
vt 0.022772 0.632351
vt 0.017734 0.643151
vt 0.022087 0.644531
vt 0.022797 0.656640
vt 0.019065 0.645636
vt 0.010931 0.653399
vt 0.492336 0.786124
vt 0.499492 0.780242
vt 0.482456 0.783016
vt 0.153872 0.534930
vt 0.140496 0.528113
vt 0.493193 0.738135
vt 0.494148 0.725070
vt 0.499347 0.724354
vt 0.495416 0.721511
vt 0.484593 0.711729
vt 0.494701 0.709737
vt 0.487436 0.708056
vt 0.492761 0.706654
vt 0.489240 0.703454
vt 0.493522 0.702407
vt 0.486374 0.704434
vt 0.491149 0.695235
vt 0.492598 0.699063
vt 0.495181 0.693884
vt 0.493585 0.694825
vt 0.491298 0.691339
vt 0.498629 0.690814
vt 0.484907 0.694199
vt 0.496551 0.666510
vt 0.493777 0.667068
vt 0.498382 0.663195
vt 0.485411 0.672700
vt 0.488568 0.663312
vt 0.483707 0.666546
vt 0.496552 0.660688
vt 0.486077 0.656662
vt 0.486561 0.662108
vt 0.479206 0.652303
vt 0.493699 0.644733
vt 0.502415 0.647411
vt 0.495856 0.642602
vt 0.499656 0.642572
vt 0.499742 0.638603
vt 0.492604 0.642152
vt 0.475634 0.641592
vt 0.489914 0.638949
vt 0.492852 0.637053
vt 0.492753 0.641784
vt 0.486631 0.636897
vt 0.493647 0.631071
vt 0.497119 0.630135
vt 0.482778 0.629672
vt 0.496760 0.629022
vt 0.485489 0.629357
vt 0.496553 0.628306
vt 0.488248 0.627610
vt 0.488281 0.627616
vt 0.483244 0.628344
vt 0.478928 0.625035
vt 0.484409 0.620392
vt 0.471562 0.981490
vt 0.485468 0.975382
vt 0.480722 0.977885
vt 0.488029 0.973523
vt 0.478400 0.972910
vt 0.484317 0.979093
vt 0.471233 0.972650
vt 0.480469 0.979263
vt 0.474258 0.979953
vt 0.493793 0.972048
vt 0.479888 0.970950
vt 0.497830 0.969239
vt 0.479083 0.971277
vt 0.472467 0.967623
vt 0.476683 0.955112
vt 0.481751 0.956339
vt 0.480836 0.954793
vt 0.478832 0.950892
vt 0.533151 0.772611
vt 0.530421 0.769487
vt 0.528021 0.770052
vt 0.475476 0.934729
vt 0.482801 0.936530
vt 0.487496 0.940031
vt 0.473901 0.936965
vt 0.488546 0.937478
vt 0.486185 0.938730
vt 0.485782 0.935673
vt 0.483131 0.928974
vt 0.467391 0.921411
vt 0.473643 0.932876
vt 0.480897 0.921025
vt 0.477843 0.921295
vt 0.483140 0.918523
vt 0.478163 0.912198
vt 0.475607 0.917242
vt 0.479784 0.907382
vt 0.482530 0.902759
vt 0.476798 0.911590
vt 0.471559 0.906332
vt 0.478745 0.907905
vt 0.480085 0.905623
vt 0.474450 0.905344
vt 0.479240 0.903179
vt 0.479731 0.887437
vt 0.473143 0.881808
vt 0.483952 0.882764
vt 0.483710 0.882983
vt 0.482975 0.880782
vt 0.482110 0.877912
vt 0.486592 0.874870
vt 0.484703 0.877229
vt 0.481345 0.874382
vt 0.470040 0.876153
vt 0.479090 0.875345
vt 0.471379 0.878009
vt 0.487012 0.870662
vt 0.478821 0.868190
vt 0.478196 0.863420
vt 0.483408 0.857687
vt 0.483382 0.857337
vt 0.479252 0.858989
vt 0.470169 0.848197
vt 0.936296 0.219165
vt 0.937390 0.249025
vt 0.492124 0.833430
vt 0.459189 0.837640
vt 0.482060 0.829238
vt 0.923012 0.230058
vt 0.478950 0.840232
vt 0.466278 0.840566
vt 0.483123 0.813172
vt 0.619968 0.368030
vt 0.623942 0.367422
vt 0.621138 0.377837
vt 0.472847 0.813829
vt 0.474325 0.803441
vt 0.477546 0.805025
vt 0.479802 0.802743
vt 0.482447 0.800588
vt 0.472752 0.799608
vt 0.017676 0.657077
vt 0.012580 0.663623
vt 0.012865 0.658875
vt 0.011527 0.655767
vt 0.007457 0.646359
vt 0.469617 0.787240
vt 0.011310 0.655794
vt 0.010334 0.661580
vt 0.480654 0.781010
vt 0.480007 0.782227
vt 0.162786 0.571715
vt 0.154317 0.535681
vt 0.480511 0.739635
vt 0.466445 0.733055
vt 0.483359 0.725135
vt 0.493041 0.722780
vt 0.481275 0.725086
vt 0.468342 0.725155
vt 0.474045 0.723653
vt 0.477739 0.723651
vt 0.481557 0.723070
vt 0.474018 0.711355
vt 0.484793 0.706979
vt 0.475739 0.696717
vt 0.481574 0.691657
vt 0.480964 0.691751
vt 0.477744 0.683786
vt 0.475746 0.681550
vt 0.476881 0.691088
vt 0.475940 0.685652
vt 0.476875 0.677498
vt 0.481506 0.672213
vt 0.474235 0.677820
vt 0.467455 0.671477
vt 0.476977 0.662538
vt 0.484517 0.658847
vt 0.485759 0.662099
vt 0.479367 0.659034
vt 0.479369 0.659056
vt 0.476266 0.659754
vt 0.476426 0.656325
vt 0.481892 0.650292
vt 0.474845 0.649714
vt 0.173884 0.529010
vt 0.171110 0.535403
vt 0.174348 0.533764
vt 0.475420 0.652500
vt 0.478101 0.649975
vt 0.477685 0.639808
vt 0.473636 0.639169
vt 0.473990 0.630134
vt 0.475361 0.629040
vt 0.480411 0.628441
vt 0.471492 0.625283
vt 0.481483 0.620987
vt 0.465789 0.621366
vt 0.484201 0.620045
vt 0.473417 0.979727
vt 0.468836 0.977189
vt 0.472713 0.970586
vt 0.468891 0.971782
vt 0.463645 0.970506
vt 0.471672 0.970074
vt 0.463237 0.971880
vt 0.463242 0.971326
vt 0.462499 0.967609
vt 0.463675 0.964279
vt 0.458148 0.956190
vt 0.468706 0.951309
vt 0.469834 0.948887
vt 0.457168 0.950564
vt 0.468289 0.947334
vt 0.478917 0.950299
vt 0.463287 0.941517
vt 0.468597 0.941271
vt 0.462267 0.939732
vt 0.463159 0.939263
vt 0.464241 0.933333
vt 0.463089 0.935847
vt 0.463006 0.928175
vt 0.465152 0.928239
vt 0.464336 0.921317
vt 0.557637 0.988092
vt 0.554645 0.990135
vt 0.551115 0.988667
vt 0.447430 0.911289
vt 0.475607 0.917242
vt 0.469705 0.909943
vt 0.464259 0.919125
vt 0.459714 0.915920
vt 0.460389 0.900825
vt 0.470101 0.898848
vt 0.471420 0.905862
vt 0.469226 0.907439
vt 0.468986 0.899687
vt 0.462575 0.899940
vt 0.463117 0.897241
vt 0.468029 0.895973
vt 0.463114 0.897272
vt 0.468146 0.887739
vt 0.470025 0.889269
vt 0.465232 0.887319
vt 0.469815 0.884956
vt 0.472759 0.883363
vt 0.465520 0.886902
vt 0.462058 0.880442
vt 0.469902 0.878731
vt 0.459547 0.882395
vt 0.468481 0.876213
vt 0.464069 0.878315
vt 0.465607 0.867425
vt 0.471759 0.866075
vt 0.476997 0.864721
vt 0.470395 0.864689
vt 0.468681 0.859199
vt 0.466885 0.862116
vt 0.466611 0.865727
vt 0.462207 0.865520
vt 0.466638 0.858187
vt 0.465348 0.854510
vt 0.466910 0.857182
vt 0.457549 0.861472
vt 0.468228 0.844191
vt 0.469901 0.848358
vt 0.623627 0.346483
vt 0.623429 0.351282
vt 0.628840 0.347315
vt 0.465815 0.827505
vt 0.925502 0.247713
vt 0.921693 0.250335
vt 0.922992 0.248662
vt 0.623919 0.374867
vt 0.470363 0.811379
vt 0.470870 0.814013
vt 0.455730 0.817098
vt 0.461010 0.805024
vt 0.471669 0.801578
vt 0.458439 0.801122
vt 0.461100 0.793848
vt 0.464759 0.790353
vt 0.021866 0.699935
vt 0.021748 0.665758
vt 0.018773 0.668664
vt 0.021105 0.669440
vt 0.020630 0.678254
vt 0.014622 0.678120
vt 0.009709 0.672676
vt 0.003888 0.665231
vt 0.006433 0.671696
vt 0.433466 0.784898
vt 0.480636 0.781410
vt 0.461385 0.788677
vt 0.153603 0.535681
vt 0.460529 0.739860
vt 0.469626 0.736386
vt 0.464200 0.735197
vt 0.460706 0.734473
vt 0.449956 0.725953
vt 0.464084 0.719875
vt 0.402955 0.984527
vt 0.392886 0.985472
vt 0.399107 0.989068
vt 0.477718 0.723638
vt 0.468697 0.722329
vt 0.468531 0.716274
vt 0.465751 0.721228
vt 0.470446 0.713353
vt 0.967076 0.044486
vt 0.962099 0.049458
vt 0.969454 0.048071
vt 0.470313 0.712613
vt 0.466189 0.713000
vt 0.470956 0.710141
vt 0.461005 0.702692
vt 0.190237 0.672174
vt 0.191120 0.675028
vt 0.198205 0.674897
vt 0.472991 0.700344
vt 0.466914 0.694202
vt 0.475627 0.696732
vt 0.467791 0.690861
vt 0.469393 0.688329
vt 0.467071 0.690771
vt 0.461807 0.691735
vt 0.464259 0.687133
vt 0.464200 0.680706
vt 0.465708 0.686583
vt 0.463866 0.673404
vt 0.461569 0.667257
vt 0.470131 0.661616
vt 0.046209 0.008369
vt 0.047479 0.004307
vt 0.042207 0.004845
vt 0.471037 0.656023
vt 0.461233 0.661649
vt 0.468266 0.657627
vt 0.471848 0.653746
vt 0.257925 0.609515
vt 0.252589 0.610563
vt 0.253442 0.600799
vt 0.470017 0.646061
vt 0.469475 0.642429
vt 0.466650 0.642169
vt 0.465386 0.638050
vt 0.457236 0.631528
vt 0.448081 0.630336
vt 0.469111 0.628649
vt 0.470670 0.628700
vt 0.466719 0.626392
vt 0.457045 0.976131
vt 0.454448 0.971089
vt 0.453518 0.980029
vt 0.457064 0.976146
vt 0.469140 0.979183
vt 0.454926 0.977727
vt 0.449507 0.978453
vt 0.455453 0.976734
vt 0.448669 0.976727
vt 0.460979 0.971444
vt 0.450172 0.972291
vt 0.458424 0.969401
vt 0.453367 0.967142
vt 0.459383 0.959024
vt 0.453866 0.961801
vt 0.451781 0.962136
vt 0.439957 0.968119
vt 0.450245 0.956626
vt 0.455479 0.952405
vt 0.449435 0.951553
vt 0.455591 0.941395
vt 0.446789 0.948945
vt 0.442156 0.948082
vt 0.452563 0.938736
vt 0.463082 0.935818
vt 0.456589 0.939136
vt 0.451975 0.935184
vt 0.451313 0.932772
vt 0.462411 0.928339
vt 0.446962 0.921520
vt 0.446462 0.931120
vt 0.444947 0.924467
vt 0.459433 0.916989
vt 0.463819 0.919081
vt 0.451409 0.910744
vt 0.452371 0.908946
vt 0.457295 0.901085
vt 0.441673 0.902028
vt 0.460426 0.900497
vt 0.458226 0.898799
vt 0.444508 0.884553
vt 0.438670 0.892906
vt 0.462364 0.888414
vt 0.444288 0.877553
vt 0.463462 0.877263
vt 0.460628 0.879186
vt 0.457962 0.874470
vt 0.459293 0.879320
vt 0.457694 0.871997
vt 0.452424 0.870749
vt 0.457646 0.873477
vt 0.452248 0.870518
vt 0.453286 0.863982
vt 0.455660 0.858968
vt 0.453099 0.863008
vt 0.447602 0.857693
vt 0.451332 0.851465
vt 0.445028 0.855998
vt 0.452727 0.848901
vt 0.439578 0.841542
vt 0.452317 0.835044
vt 0.454119 0.832403
vt 0.442763 0.837803
vt 0.451571 0.831682
vt 0.455591 0.828724
vt 0.476400 0.819665
vt 0.454933 0.819741
vt 0.445703 0.823345
vt 0.451407 0.818297
vt 0.451526 0.818214
vt 0.452477 0.809945
vt 0.448269 0.807976
vt 0.450539 0.804750
vt 0.454126 0.798763
vt 0.458553 0.802044
vt 0.437025 0.799682
vt 0.460869 0.794079
vt 0.453664 0.790356
vt 0.459282 0.790936
vt 0.451878 0.789907
vt 0.461939 0.790359
vt 0.453853 0.792497
vt 0.019275 0.680297
vt 0.018740 0.676854
vt 0.015603 0.675955
vt 0.011215 0.692325
vt 0.004720 0.678217
vt 0.153570 0.569404
vt 0.138641 0.583587
vt 0.460289 0.739848
vt 0.449242 0.739232
vt 0.457680 0.736938
vt 0.453650 0.733668
vt 0.455064 0.731005
vt 0.957664 0.045714
vt 0.456882 0.711319
vt 0.458664 0.706723
vt 0.454329 0.705812
vt 0.457526 0.705346
vt 0.456196 0.711143
vt 0.452072 0.707768
vt 0.457583 0.705280
vt 0.455715 0.701525
vt 0.460607 0.702483
vt 0.459665 0.699433
vt 0.454329 0.705811
vt 0.449100 0.705673
vt 0.455412 0.691585
vt 0.445022 0.688603
vt 0.455271 0.689000
vt 0.452013 0.684868
vt 0.455275 0.688973
vt 0.459295 0.682062
vt 0.458020 0.681577
vt 0.452403 0.670805
vt 0.464816 0.670130
vt 0.455083 0.669401
vt 0.456932 0.665724
vt 0.454051 0.668508
vt 0.454451 0.666413
vt 0.444001 0.676689
vt 0.449834 0.663572
vt 0.456823 0.665436
vt 0.457437 0.660405
vt 0.461245 0.662221
vt 0.459084 0.658635
vt 0.453396 0.657924
vt 0.469851 0.645561
vt 0.448216 0.652885
vt 0.453851 0.648790
vt 0.449325 0.645996
vt 0.455886 0.644423
vt 0.452915 0.645663
vt 0.453673 0.639352
vt 0.466562 0.642450
vt 0.455889 0.644430
vt 0.057700 0.938338
vt 0.058091 0.941300
vt 0.064654 0.936838
vt 0.062605 0.940899
vt 0.453038 0.631754
vt 0.466788 0.627794
vt 0.448032 0.626168
vt 0.462369 0.625366
vt 0.465121 0.620922
vt 0.449209 0.628462
vt 0.452447 0.624346
vt 0.446269 0.621163
vt 0.441758 0.620470
vt 0.448090 0.979675
vt 0.442382 0.974548
vt 0.446955 0.977132
vt 0.422537 0.977598
vt 0.450146 0.972299
vt 0.444070 0.971318
vt 0.452908 0.970687
vt 0.438286 0.972024
vt 0.443318 0.970684
vt 0.436912 0.968477
vt 0.438624 0.971741
vt 0.435955 0.958352
vt 0.437541 0.966211
vt 0.443675 0.933930
vt 0.446619 0.935377
vt 0.446697 0.934959
vt 0.444496 0.933051
vt 0.442075 0.930909
vt 0.439278 0.911502
vt 0.444262 0.920221
vt 0.442251 0.912606
vt 0.447230 0.911084
vt 0.442795 0.907363
vt 0.441540 0.910795
vt 0.439571 0.901742
vt 0.442383 0.906226
vt 0.436208 0.890879
vt 0.221964 0.840680
vt 0.222339 0.836064
vt 0.225242 0.834493
vt 0.221146 0.834457
vt 0.443030 0.879559
vt 0.436207 0.880828
vt 0.441954 0.878577
vt 0.442793 0.873753
vt 0.449625 0.865889
vt 0.441612 0.871688
vt 0.434558 0.861827
vt 0.446183 0.859177
vt 0.452492 0.862629
vt 0.434095 0.847427
vt 0.445949 0.850757
vt 0.439141 0.841591
vt 0.448249 0.850308
vt 0.444773 0.846195
vt 0.438225 0.828650
vt 0.445419 0.825550
vt 0.450338 0.830394
vt 0.454986 0.827800
vt 0.445067 0.827476
vt 0.439054 0.826183
vt 0.440650 0.821116
vt 0.447632 0.817154
vt 0.449433 0.815223
vt 0.445810 0.811567
vt 0.444764 0.805396
vt 0.442372 0.805714
vt 0.253155 0.324126
vt 0.256004 0.324103
vt 0.255571 0.329373
vt 0.440395 0.803583
vt 0.443752 0.797540
vt 0.444637 0.796686
vt 0.451813 0.790072
vt 0.443107 0.795006
vt 0.434506 0.795106
vt 0.443079 0.797263
vt 0.005149 0.690328
vt 0.444831 0.788535
vt 0.433525 0.790839
vt 0.158608 0.573116
vt 0.152358 0.578156
vt 0.152301 0.570609
vt 0.454636 0.731811
vt 0.449954 0.736130
vt 0.446355 0.729751
vt 0.449082 0.739119
vt 0.441309 0.732317
vt 0.432607 0.733055
vt 0.237323 0.355851
vt 0.249484 0.352484
vt 0.238219 0.350999
vt 0.445067 0.728637
vt 0.439766 0.722018
vt 0.439484 0.717780
vt 0.445244 0.708802
vt 0.449534 0.706045
vt 0.442430 0.710083
vt 0.438908 0.714892
vt 0.444457 0.705066
vt 0.436230 0.696711
vt 0.437701 0.693599
vt 0.441631 0.687903
vt 0.445022 0.688603
vt 0.441311 0.685780
vt 0.435621 0.678845
vt 0.441043 0.675430
vt 0.432965 0.676257
vt 0.442627 0.669847
vt 0.429809 0.646560
vt 0.447738 0.645987
vt 0.448996 0.644085
vt 0.446719 0.642426
vt 0.445280 0.630526
vt 0.452924 0.638583
vt 0.433984 0.641836
vt 0.446017 0.641921
vt 0.443582 0.637138
vt 0.445255 0.630301
vt 0.430619 0.631630
vt 0.436322 0.629580
vt 0.449167 0.628459
vt 0.446397 0.629323
vt 0.439803 0.626518
vt 0.441824 0.620556
vt 0.445671 0.622315
vt 0.426216 0.620540
vt 0.424109 0.972244
vt 0.423781 0.970260
vt 0.426112 0.965464
vt 0.419695 0.961132
vt 0.432399 0.960378
vt 0.434136 0.958006
vt 0.434105 0.954008
vt 0.432648 0.947580
vt 0.431050 0.944228
vt 0.429070 0.945222
vt 0.437878 0.935744
vt 0.430031 0.939919
vt 0.427436 0.930917
vt 0.439254 0.932539
vt 0.429239 0.924727
vt 0.427450 0.912357
vt 0.427526 0.922618
vt 0.432503 0.907810
vt 0.430795 0.904060
vt 0.428427 0.906030
vt 0.221451 0.820800
vt 0.228863 0.821766
vt 0.222310 0.818048
vt 0.435940 0.893826
vt 0.431712 0.897307
vt 0.425611 0.903986
vt 0.429360 0.897856
vt 0.230016 0.817976
vt 0.431169 0.893617
vt 0.434956 0.890997
vt 0.433299 0.886890
vt 0.440884 0.882491
vt 0.437455 0.882561
vt 0.434110 0.883454
vt 0.425977 0.880777
vt 0.436878 0.882784
vt 0.434756 0.877017
vt 0.432614 0.878594
vt 0.430885 0.888014
vt 0.418222 0.881851
vt 0.432482 0.873289
vt 0.432417 0.873266
vt 0.428488 0.869610
vt 0.426234 0.871195
vt 0.438816 0.872327
vt 0.433508 0.870846
vt 0.434403 0.869886
vt 0.436308 0.867628
vt 0.433772 0.869837
vt 0.433502 0.870869
vt 0.427709 0.865434
vt 0.429900 0.863492
vt 0.425166 0.843283
vt 0.433707 0.858092
vt 0.431162 0.842490
vt 0.429381 0.841016
vt 0.433463 0.847716
vt 0.432926 0.846620
vt 0.432742 0.840573
vt 0.439515 0.838982
vt 0.435525 0.838881
vt 0.432924 0.846614
vt 0.428542 0.836035
vt 0.431689 0.834081
vt 0.430659 0.824089
vt 0.427874 0.827161
vt 0.435540 0.826039
vt 0.437462 0.817742
vt 0.440064 0.822299
vt 0.432007 0.822601
vt 0.426410 0.824470
vt 0.426176 0.820942
vt 0.426388 0.820843
vt 0.429441 0.817210
vt 0.426870 0.804830
vt 0.430625 0.807936
vt 0.433104 0.807951
vt 0.435420 0.800373
vt 0.430702 0.805425
vt 0.429607 0.804568
vt 0.997128 0.815101
vt 0.993921 0.793695
vt 0.997748 0.796071
vt 0.008474 0.699401
vt 0.006160 0.691110
vt 0.003977 0.699718
vt 0.992597 0.795817
vt 0.993048 0.790837
vt 0.159255 0.575448
vt 0.161302 0.579486
vt 0.152051 0.578189
vt 0.429692 0.736507
vt 0.437088 0.716912
vt 0.428228 0.735324
vt 0.424691 0.722983
vt 0.436965 0.716040
vt 0.423583 0.713890
vt 0.425145 0.720680
vt 0.422941 0.701708
vt 0.434794 0.694401
vt 0.437688 0.693749
vt 0.434959 0.691233
vt 0.436936 0.688951
vt 0.424901 0.692723
vt 0.436137 0.688737
vt 0.426448 0.683154
vt 0.432425 0.678519
vt 0.425571 0.679300
vt 0.432519 0.676144
vt 0.437925 0.672838
vt 0.432567 0.669484
vt 0.428324 0.675527
vt 0.435428 0.665410
vt 0.432812 0.666554
vt 0.426878 0.668739
vt 0.423786 0.665787
vt 0.430323 0.642566
vt 0.426194 0.639370
vt 0.430401 0.634844
vt 0.426082 0.639188
vt 0.423991 0.636976
vt 0.428792 0.629542
vt 0.435508 0.628159
vt 0.417040 0.628961
vt 0.434360 0.622062
vt 0.426593 0.628756
vt 0.421116 0.978202
vt 0.421768 0.979624
vt 0.394884 0.979732
vt 0.416610 0.973632
vt 0.411972 0.972948
vt 0.415201 0.972513
vt 0.424905 0.971030
vt 0.411689 0.969912
vt 0.419212 0.964860
vt 0.423344 0.966980
vt 0.422986 0.966930
vt 0.418822 0.963924
vt 0.413570 0.965792
vt 0.416725 0.959957
vt 0.418309 0.958943
vt 0.421269 0.945087
vt 0.416140 0.956350
vt 0.990569 0.559761
vt 0.995513 0.559995
vt 0.996651 0.556661
vt 0.427901 0.940517
vt 0.426375 0.932372
vt 0.422033 0.922250
vt 0.410931 0.918891
vt 0.427496 0.922626
vt 0.415150 0.916107
vt 0.425101 0.919079
vt 0.418352 0.907257
vt 0.410494 0.907306
vt 0.413837 0.902887
vt 0.245122 0.844730
vt 0.239140 0.845395
vt 0.246440 0.838825
vt 0.418973 0.904780
vt 0.417865 0.901731
vt 0.416034 0.894965
vt 0.413760 0.902577
vt 0.418130 0.891830
vt 0.415494 0.892136
vt 0.423289 0.875822
vt 0.425433 0.873469
vt 0.426234 0.871195
vt 0.425276 0.870188
vt 0.426325 0.864446
vt 0.423065 0.868125
vt 0.422512 0.872274
vt 0.422742 0.875978
vt 0.422589 0.868088
vt 0.415919 0.867942
vt 0.421701 0.865789
vt 0.418046 0.866263
vt 0.417642 0.860486
vt 0.420509 0.856850
vt 0.420556 0.846742
vt 0.418492 0.856667
vt 0.417225 0.860338
vt 0.417392 0.844059
vt 0.421525 0.840842
vt 0.420194 0.843299
vt 0.424398 0.833577
vt 0.419885 0.838967
vt 0.416298 0.832735
vt 0.420247 0.830872
vt 0.425142 0.823938
vt 0.425355 0.825245
vt 0.422048 0.824704
vt 0.421174 0.826771
vt 0.419164 0.829619
vt 0.416298 0.832735
vt 0.419200 0.820941
vt 0.421133 0.826694
vt 0.425457 0.823743
vt 0.421116 0.813767
vt 0.423903 0.812598
vt 0.423724 0.815328
vt 0.418425 0.817900
vt 0.424662 0.805552
vt 0.422528 0.801353
vt 0.414311 0.808999
vt 0.415705 0.805169
vt 0.414611 0.800108
vt 0.413822 0.804636
vt 0.426521 0.795078
vt 0.425027 0.799166
vt 0.420355 0.792673
vt 0.414247 0.794208
vt 0.419433 0.793620
vt 0.415404 0.790039
vt 0.423665 0.779866
vt 0.425614 0.776472
vt 0.420999 0.778264
vt 0.425124 0.775868
vt 0.421071 0.778120
vt 0.421062 0.764876
vt 0.416763 0.780753
vt 0.415641 0.770488
vt 0.424155 0.760704
vt 0.419687 0.769024
vt 0.419663 0.768958
vt 0.420171 0.746482
vt 0.420602 0.764829
vt 0.424102 0.759245
vt 0.414809 0.768557
vt 0.424698 0.755422
vt 0.425292 0.745983
vt 0.421076 0.739304
vt 0.418720 0.744713
vt 0.410821 0.748897
vt 0.408679 0.719101
vt 0.422412 0.718256
vt 0.420621 0.714518
vt 0.419520 0.712194
vt 0.411233 0.704348
vt 0.420102 0.698041
vt 0.411784 0.700615
vt 0.423012 0.694078
vt 0.408505 0.698601
vt 0.419726 0.695796
vt 0.420764 0.690953
vt 0.417788 0.690683
vt 0.420767 0.690954
vt 0.422351 0.682125
vt 0.415831 0.681827
vt 0.422693 0.682198
vt 0.419354 0.678192
vt 0.417655 0.674924
vt 0.414566 0.671495
vt 0.424757 0.673217
vt 0.428100 0.675585
vt 0.422090 0.670426
vt 0.416141 0.669582
vt 0.411400 0.658755
vt 0.410615 0.663153
vt 0.408955 0.637427
vt 0.421261 0.638261
vt 0.414563 0.633321
vt 0.417404 0.629228
vt 0.428049 0.629468
vt 0.406341 0.619205
vt 0.411503 0.972503
vt 0.410029 0.970688
vt 0.400210 0.972494
vt 0.399994 0.970500
vt 0.407825 0.969399
vt 0.400654 0.965906
vt 0.400351 0.958406
vt 0.401816 0.950192
vt 0.412674 0.947818
vt 0.415515 0.946565
vt 0.415312 0.944223
vt 0.401838 0.938245
vt 0.008072 0.941265
vt 0.005805 0.942131
vt 0.007029 0.935324
vt 0.411660 0.915747
vt 0.401840 0.935904
vt 0.397588 0.913323
vt 0.406123 0.906554
vt 0.413753 0.902824
vt 0.410531 0.906300
vt 0.410378 0.897976
vt 0.407501 0.898539
vt 0.406884 0.895821
vt 0.410411 0.897938
vt 0.401532 0.890016
vt 0.404318 0.890432
vt 0.404472 0.886209
vt 0.411350 0.875747
vt 0.416341 0.878421
vt 0.408444 0.875765
vt 0.407269 0.870735
vt 0.409220 0.872831
vt 0.415651 0.864388
vt 0.409392 0.872173
vt 0.407786 0.867895
vt 0.402568 0.865985
vt 0.400570 0.867941
vt 0.407374 0.867601
vt 0.402884 0.865305
vt 0.411429 0.857585
vt 0.406789 0.349880
vt 0.412269 0.347949
vt 0.402140 0.345957
vt 0.411841 0.857570
vt 0.411632 0.853581
vt 0.408679 0.847552
vt 0.400195 0.852898
vt 0.408518 0.853712
vt 0.406283 0.849871
vt 0.403354 0.849182
vt 0.399075 0.843274
vt 0.401858 0.821176
vt 0.414652 0.821137
vt 0.404498 0.818994
vt 0.413545 0.806147
vt 0.404471 0.811151
vt 0.405108 0.811330
vt 0.402192 0.813280
vt 0.400499 0.804225
vt 0.932695 0.358141
vt 0.935877 0.345606
vt 0.936066 0.349134
vt 0.411062 0.792950
vt 0.400383 0.787431
vt 0.407180 0.787301
vt 0.410446 0.787389
vt 0.408903 0.778865
vt 0.408119 0.783966
vt 0.399898 0.781322
vt 0.401101 0.783713
vt 0.394258 0.764227
vt 0.408397 0.759576
vt 0.917688 0.180133
vt 0.919086 0.176451
vt 0.911322 0.178192
vt 0.402299 0.770932
vt 0.403953 0.761285
vt 0.406492 0.759378
vt 0.406385 0.759351
vt 0.407344 0.747316
vt 0.401979 0.759236
vt 0.396966 0.761525
vt 0.408024 0.744722
vt 0.405915 0.741368
vt 0.402667 0.741127
vt 0.408585 0.735302
vt 0.406861 0.725937
vt 0.404768 0.734659
vt 0.395792 0.725802
vt 0.402936 0.726893
vt 0.408569 0.721554
vt 0.698162 0.633475
vt 0.699728 0.630708
vt 0.693084 0.630703
vt 0.406363 0.728549
vt 0.405821 0.723122
vt 0.397389 0.724677
vt 0.406942 0.720939
vt 0.394515 0.706031
vt 0.174364 0.398813
vt 0.168929 0.400047
vt 0.172481 0.402567
vt 0.404309 0.700918
vt 0.408204 0.699082
vt 0.405250 0.698309
vt 0.404309 0.700917
vt 0.402686 0.686979
vt 0.401398 0.666547
vt 0.400484 0.677903
vt 0.413057 0.669320
vt 0.407792 0.666012
vt 0.401988 0.662301
vt 0.408141 0.660631
vt 0.405063 0.651560
vt 0.410825 0.657886
vt 0.409307 0.653153
vt 0.400755 0.648839
vt 0.403563 0.647826
vt 0.402906 0.639491
vt 0.356757 0.962428
vt 0.357810 0.959601
vt 0.351105 0.959601
vt 0.409329 0.636897
vt 0.404481 0.636910
vt 0.409676 0.634109
vt 0.404007 0.630684
vt 0.394433 0.617862
vt 0.404331 0.621336
vt 0.404569 0.617945
vt 0.403735 0.618312
vt 0.398081 0.977748
vt 0.394682 0.979512
vt 0.395598 0.967462
vt 0.397171 0.974678
vt 0.400193 0.972396
vt 0.399268 0.970755
vt 0.398034 0.972333
vt 0.396694 0.966698
vt 0.399336 0.954167
vt 0.396689 0.937715
vt 0.393347 0.968500
vt 0.391121 0.965705
vt 0.389919 0.947179
vt 0.388641 0.947324
vt 0.375133 0.943812
vt 0.387027 0.940701
vt 0.396673 0.937538
vt 0.389863 0.946937
vt 0.382990 0.920614
vt 0.383358 0.909596
vt 0.387244 0.940956
vt 0.385289 0.936238
vt 0.383065 0.922843
vt 0.381146 0.909092
vt 0.380141 0.922448
vt 0.396852 0.908458
vt 0.393449 0.877317
vt 0.383634 0.909167
vt 0.381924 0.903470
vt 0.381401 0.895349
vt 0.395371 0.911252
vt 0.379406 0.895573
vt 0.401485 0.887594
vt 0.401655 0.886893
vt 0.381380 0.895284
vt 0.374605 0.885363
vt 0.378480 0.882971
vt 0.377339 0.870315
vt 0.376237 0.872515
vt 0.372859 0.883526
vt 0.395375 0.868965
vt 0.397256 0.867102
vt 0.377327 0.870263
vt 0.374531 0.870192
vt 0.373430 0.849167
vt 0.395693 0.866556
vt 0.395436 0.851831
vt 0.398799 0.848816
vt 0.398808 0.848369
vt 0.396208 0.845101
vt 0.398988 0.830828
vt 0.396040 0.836168
vt 0.395389 0.833191
vt 0.369101 0.830256
vt 0.369914 0.828815
vt 0.366907 0.828779
vt 0.367924 0.817281
vt 0.366030 0.819137
vt 0.396944 0.829276
vt 0.397463 0.809361
vt 0.398878 0.807460
vt 0.395379 0.807118
vt 0.395425 0.807112
vt 0.398435 0.801157
vt 0.368115 0.813607
vt 0.366586 0.811765
vt 0.358635 0.762474
vt 0.363013 0.809705
vt 0.395322 0.793705
vt 0.362077 0.805193
vt 0.395908 0.791171
vt 0.399141 0.783553
vt 0.394534 0.744756
vt 0.393393 0.737361
vt 0.352543 0.288313
vt 0.355662 0.275331
vt 0.352465 0.298841
vt 0.392508 0.727512
vt 0.395719 0.721138
vt 0.396542 0.721521
vt 0.400851 0.717610
vt 0.388212 0.725437
vt 0.396831 0.716804
vt 0.391941 0.717093
vt 0.391809 0.706660
vt 0.389360 0.715007
vt 0.391481 0.714040
vt 0.395370 0.684255
vt 0.398435 0.681729
vt 0.434288 0.000523
vt 0.429380 0.006731
vt 0.434039 0.004286
vt 0.396201 0.681492
vt 0.398912 0.664451
vt 0.396340 0.662795
vt 0.787335 0.657287
vt 0.785426 0.655029
vt 0.787791 0.653239
vt 0.399706 0.663147
vt 0.397618 0.660308
vt 0.396565 0.645289
vt 0.397169 0.648023
vt 0.400554 0.648221
vt 0.397225 0.645048
vt 0.400882 0.634130
vt 0.381478 0.980983
vt 0.389661 0.979140
vt 0.378212 0.965717
vt 0.383970 0.976871
vt 0.389877 0.969941
vt 0.384636 0.967061
vt 0.385851 0.964799
vt 0.380369 0.963848
vt 0.380973 0.960014
vt 0.378088 0.959105
vt 0.376592 0.959163
vt 0.376636 0.947214
vt 0.377766 0.945666
vt 0.374964 0.943878
vt 0.374233 0.917430
vt 0.374286 0.915089
vt 0.371397 0.914885
vt 0.369847 0.885615
vt 0.366400 0.882594
vt 0.364180 0.880658
vt 0.368072 0.878814
vt 0.359735 0.847439
vt 0.363867 0.880847
vt 0.361991 0.837288
vt 0.360448 0.839274
vt 0.358247 0.844390
vt 0.357487 0.838234
vt 0.358025 0.829285
vt 0.357030 0.836096
vt 0.355577 0.830957
vt 0.354198 0.818731
vt 0.357788 0.819414
vt 0.363497 0.811970
vt 0.360971 0.808344
vt 0.366090 0.813281
vt 0.355959 0.815815
vt 0.353782 0.818611
vt 0.351996 0.807242
vt 0.355070 0.807047
vt 0.351364 0.805171
vt 0.348842 0.782918
vt 0.349961 0.794005
vt 0.348224 0.784244
vt 0.347692 0.781742
vt 0.345364 0.766976
vt 0.343303 0.744119
vt 0.365995 0.300109
vt 0.388981 0.722156
vt 0.389793 0.712184
vt 0.376311 0.959952
vt 0.378572 0.961931
vt 0.351362 0.805156
vt 0.347572 0.782649
vt 0.615133 0.317259
vt 0.612931 0.319647
vt 0.608708 0.322361
vt 0.616989 0.336477
vt 0.613239 0.317505
vt 0.596943 0.319209
vt 0.600156 0.319741
vt 0.599779 0.320608
vt 0.595605 0.321121
vt 0.605783 0.327710
vt 0.615109 0.317038
vt 0.595942 0.317359
vt 0.593422 0.320759
vt 0.599256 0.320610
vt 0.593655 0.320844
vt 0.593806 0.322846
vt 0.595587 0.321098
vt 0.570684 0.317063
vt 0.572784 0.318305
vt 0.587916 0.320838
vt 0.571427 0.321759
vt 0.569079 0.320397
vt 0.570687 0.317056
vt 0.549591 0.320462
vt 0.568936 0.321082
vt 0.562063 0.322593
vt 0.559453 0.323096
vt 0.549396 0.322322
vt 0.539454 0.320308
vt 0.540357 0.321474
vt 0.532583 0.320551
vt 0.537023 0.325728
vt 0.533409 0.326162
vt 0.514957 0.319645
vt 0.530688 0.320423
vt 0.531417 0.328485
vt 0.514682 0.317511
vt 0.523701 0.320647
vt 0.521571 0.321383
vt 0.520543 0.324204
vt 0.511701 0.320469
vt 0.521336 0.321418
vt 0.511718 0.320532
vt 0.518025 0.323035
vt 0.514331 0.327406
vt 0.514242 0.317716
vt 0.496305 0.320612
vt 0.506693 0.325525
vt 0.494722 0.318734
vt 0.476759 0.319293
vt 0.494126 0.329400
vt 0.489285 0.321924
vt 0.494097 0.319821
vt 0.471757 0.322339
vt 0.476367 0.325440
vt 0.473443 0.325626
vt 0.469258 0.320927
vt 0.467654 0.322384
vt 0.461444 0.330524
vt 0.456201 0.324036
vt 0.470464 0.320623
vt 0.467100 0.318605
vt 0.451647 0.318188
vt 0.471117 0.320032
vt 0.454908 0.320987
vt 0.453627 0.321472
vt 0.450797 0.319872
vt 0.448161 0.318276
vt 0.449695 0.320724
vt 0.453514 0.321418
vt 0.439170 0.321215
vt 0.445672 0.325162
vt 0.451842 0.324009
vt 0.434699 0.319894
vt 0.438594 0.323478
vt 0.435733 0.320950
vt 0.433434 0.318791
vt 0.413489 0.317388
vt 0.435800 0.320991
vt 0.431225 0.320378
vt 0.437643 0.322834
vt 0.435830 0.326238
vt 0.430217 0.329528
vt 0.410808 0.319955
vt 0.412591 0.321103
vt 0.411297 0.323506
vt 0.418082 0.326882
vt 0.410220 0.318200
vt 0.409256 0.321134
vt 0.410777 0.319920
vt 0.399594 0.328526
vt 0.406467 0.327019
vt 0.400331 0.320804
vt 0.396856 0.322263
vt 0.396367 0.321262
vt 0.413429 0.317382
vt 0.338345 0.317424
vt 0.390049 0.320033
vt 0.393486 0.322134
vt 0.386011 0.323197
vt 0.388220 0.320870
vt 0.379925 0.321632
vt 0.388747 0.320617
vt 0.378189 0.320966
vt 0.379890 0.321648
vt 0.378896 0.325575
vt 0.345160 0.319356
vt 0.377011 0.321184
vt 0.367950 0.322536
vt 0.359745 0.320247
vt 0.372270 0.320762
vt 0.368788 0.321081
vt 0.366889 0.322596
vt 0.354606 0.321234
vt 0.362503 0.322217
vt 0.351329 0.322626
vt 0.364640 0.324849
vt 0.352588 0.320903
vt 0.346057 0.320942
vt 0.340486 0.321670
vt 0.339750 0.325715
vt 0.343923 0.320771
vt 0.328784 0.319922
vt 0.331489 0.321566
vt 0.328608 0.320549
vt 0.320744 0.321187
vt 0.321792 0.325303
vt 0.307076 0.318324
vt 0.320808 0.320998
vt 0.305351 0.318449
vt 0.303731 0.321304
vt 0.312560 0.320608
vt 0.316929 0.322435
vt 0.303718 0.323011
vt 0.310657 0.326044
vt 0.293664 0.321963
vt 0.293330 0.321813
vt 0.274359 0.319156
vt 0.286447 0.320318
vt 0.274956 0.320048
vt 0.274640 0.321318
vt 0.285269 0.321383
vt 0.276997 0.322359
vt 0.273262 0.321850
vt 0.273054 0.334262
vt 0.273649 0.332448
vt 0.607879 0.331029
vt 0.608087 0.349702
vt 0.594859 0.326581
vt 0.589230 0.330679
vt 0.249280 0.330323
vt 0.245442 0.330330
vt 0.248555 0.334125
vt 0.588928 0.328507
vt 0.585408 0.328498
vt 0.585152 0.337763
vt 0.590976 0.339699
vt 0.577540 0.333279
vt 0.568241 0.334195
vt 0.563196 0.325246
vt 0.561908 0.332732
vt 0.569593 0.338805
vt 0.567295 0.340615
vt 0.559010 0.330791
vt 0.559404 0.334755
vt 0.559022 0.334504
vt 0.546079 0.332894
vt 0.542038 0.328043
vt 0.069887 0.963550
vt 0.067732 0.960083
vt 0.071858 0.957710
vt 0.551866 0.336298
vt 0.549222 0.337225
vt 0.915757 0.117862
vt 0.910708 0.117104
vt 0.914401 0.107974
vt 0.544779 0.333425
vt 0.535819 0.335023
vt 0.541538 0.335559
vt 0.521533 0.329182
vt 0.522835 0.339097
vt 0.520024 0.324514
vt 0.518359 0.326689
vt 0.518455 0.327127
vt 0.514020 0.327581
vt 0.504484 0.328061
vt 0.522098 0.336607
vt 0.517320 0.340442
vt 0.506943 0.341194
vt 0.492315 0.262833
vt 0.493031 0.266635
vt 0.496039 0.263121
vt 0.509849 0.326990
vt 0.509855 0.326988
vt 0.505979 0.333340
vt 0.495623 0.334940
vt 0.503618 0.337032
vt 0.490261 0.329758
vt 0.486031 0.329816
vt 0.491114 0.330426
vt 0.493283 0.334838
vt 0.493284 0.335314
vt 0.490787 0.333849
vt 0.492852 0.339200
vt 0.487982 0.339659
vt 0.483865 0.331652
vt 0.475660 0.326597
vt 0.473725 0.339628
vt 0.471668 0.338112
vt 0.460720 0.332079
vt 0.465419 0.343591
vt 0.458128 0.327474
vt 0.454312 0.325802
vt 0.449474 0.327259
vt 0.457485 0.327675
vt 0.448886 0.341869
vt 0.462466 0.342422
vt 0.449322 0.327249
vt 0.447161 0.328650
vt 0.437726 0.327395
vt 0.445060 0.325482
vt 0.443383 0.327120
vt 0.439843 0.335917
vt 0.439090 0.339762
vt 0.437752 0.335328
vt 0.434895 0.330240
vt 0.427425 0.330412
vt 0.426461 0.326447
vt 0.431110 0.338242
vt 0.417506 0.329409
vt 0.405796 0.329798
vt 0.402254 0.331948
vt 0.403912 0.328915
vt 0.397745 0.334700
vt 0.382254 0.329217
vt 0.399615 0.336169
vt 0.396949 0.335161
vt 0.394030 0.336048
vt 0.398375 0.337437
vt 0.391705 0.338867
vt 0.384706 0.334635
vt 0.388479 0.341300
vt 0.382915 0.332331
vt 0.382955 0.336616
vt 0.382508 0.332120
vt 0.371034 0.345286
vt 0.368300 0.327153
vt 0.371705 0.334033
vt 0.368835 0.334849
vt 0.365077 0.339894
vt 0.358207 0.332841
vt 0.360244 0.340823
vt 0.353905 0.329432
vt 0.356220 0.333890
vt 0.351444 0.331653
vt 0.346786 0.334448
vt 0.350200 0.334726
vt 0.323319 0.670105
vt 0.326774 0.669023
vt 0.326582 0.675539
vt 0.337671 0.335408
vt 0.335858 0.330388
vt 0.331638 0.329005
vt 0.334210 0.334246
vt 0.332354 0.340940
vt 0.328815 0.334829
vt 0.328347 0.336007
vt 0.328722 0.341002
vt 0.312732 0.338916
vt 0.314790 0.341480
vt 0.326134 0.337780
vt 0.309830 0.329006
vt 0.309848 0.341057
vt 0.307433 0.337888
vt 0.292682 0.333645
vt 0.293901 0.345688
vt 0.289592 0.331617
vt 0.279027 0.330868
vt 0.286143 0.333161
vt 0.282466 0.347773
vt 0.289585 0.331853
vt 0.276406 0.329439
vt 0.274907 0.331046
vt 0.274926 0.341392
vt 0.274228 0.335964
vt 0.615709 0.342107
vt 0.616180 0.343572
vt 0.610441 0.349096
vt 0.612255 0.351097
vt 0.597633 0.347383
vt 0.603731 0.354349
vt 0.596427 0.350576
vt 0.587232 0.340740
vt 0.594503 0.348880
vt 0.586573 0.347325
vt 0.587340 0.353633
vt 0.583930 0.345299
vt 0.585080 0.337845
vt 0.584521 0.347907
vt 0.582882 0.354496
vt 0.576299 0.342815
vt 0.574365 0.346569
vt 0.575606 0.353100
vt 0.577004 0.333346
vt 0.578192 0.339980
vt 0.572430 0.344556
vt 0.572045 0.354657
vt 0.569238 0.343775
vt 0.564486 0.353349
vt 0.560264 0.338508
vt 0.558578 0.350173
vt 0.548800 0.339554
vt 0.555427 0.354449
vt 0.553036 0.335902
vt 0.542476 0.337245
vt 0.548574 0.339985
vt 0.536517 0.346665
vt 0.544119 0.350463
vt 0.548104 0.345658
vt 0.533996 0.344735
vt 0.535043 0.349520
vt 0.539715 0.353088
vt 0.532031 0.345528
vt 0.524649 0.344044
vt 0.538055 0.357483
vt 0.164745 0.665874
vt 0.170363 0.662199
vt 0.165583 0.662072
vt 0.520901 0.342232
vt 0.517678 0.340557
vt 0.516926 0.342327
vt 0.521565 0.359571
vt 0.524507 0.344013
vt 0.515864 0.349265
vt 0.508507 0.341250
vt 0.498748 0.347805
vt 0.511012 0.350552
vt 0.503647 0.341360
vt 0.492863 0.339273
vt 0.490370 0.341510
vt 0.493314 0.347328
vt 0.483994 0.347846
vt 0.480581 0.347245
vt 0.473384 0.347715
vt 0.477048 0.349492
vt 0.473364 0.342772
vt 0.468567 0.343032
vt 0.466925 0.344442
vt 0.465039 0.344372
vt 0.465503 0.350111
vt 0.462216 0.345352
vt 0.456194 0.349891
vt 0.454402 0.346895
vt 0.453646 0.343962
vt 0.453794 0.346737
vt 0.442514 0.358006
vt 0.439786 0.349437
vt 0.436220 0.338808
vt 0.439423 0.339690
vt 0.434366 0.341708
vt 0.436466 0.350473
vt 0.432347 0.352135
vt 0.038881 0.344444
vt 0.055635 0.353644
vt 0.040976 0.365289
vt 0.057214 0.342196
vt 0.074337 0.349960
vt 0.055996 0.356520
vt 0.399440 0.338827
vt 0.077812 0.342367
vt 0.377168 0.358582
vt 0.386364 0.353165
vt 0.372444 0.362843
vt 0.362077 0.342895
vt 0.365029 0.339843
vt 0.366280 0.344010
vt 0.351001 0.343533
vt 0.350874 0.346752
vt 0.354727 0.353146
vt 0.349887 0.340662
vt 0.348016 0.340826
vt 0.348865 0.344481
vt 0.342620 0.343261
vt 0.349405 0.349821
vt 0.349874 0.347166
vt 0.339521 0.349443
vt 0.341114 0.352182
vt 0.340924 0.342051
vt 0.985356 0.582357
vt 0.987953 0.580316
vt 0.987953 0.585076
vt 0.332958 0.342782
vt 0.336497 0.354015
vt 0.323298 0.352477
vt 0.328391 0.341118
vt 0.310132 0.341176
vt 0.314421 0.350456
vt 0.306966 0.344526
vt 0.310216 0.350414
vt 0.305110 0.346227
vt 0.267874 0.611466
vt 0.269363 0.600339
vt 0.270813 0.607576
vt 0.299609 0.351434
vt 0.291220 0.337551
vt 0.289884 0.342653
vt 0.290295 0.346768
vt 0.293247 0.352476
vt 0.291128 0.337972
vt 0.288564 0.339813
vt 0.289884 0.342653
vt 0.286791 0.349925
vt 0.273084 0.336552
vt 0.274498 0.355432
vt 0.283790 0.350279
vt 0.617400 0.340051
vt 0.616133 0.351148
vt 0.616282 0.351140
vt 0.615059 0.352817
vt 0.614817 0.370995
vt 0.613398 0.364553
vt 0.610258 0.352076
vt 0.596575 0.365162
vt 0.591287 0.360195
vt 0.586724 0.364506
vt 0.586128 0.356531
vt 0.572025 0.354716
vt 0.569382 0.367512
vt 0.584285 0.367519
vt 0.566937 0.357066
vt 0.565720 0.360319
vt 0.558277 0.354820
vt 0.559786 0.357543
vt 0.555416 0.354475
vt 0.557526 0.359017
vt 0.552483 0.366978
vt 0.538446 0.357770
vt 0.541136 0.354574
vt 0.533031 0.359784
vt 0.531925 0.365117
vt 0.515380 0.351385
vt 0.517312 0.354015
vt 0.511397 0.358253
vt 0.515883 0.359738
vt 0.502413 0.357147
vt 0.504999 0.363689
vt 0.500790 0.359057
vt 0.498240 0.358139
vt 0.495294 0.349232
vt 0.491358 0.355195
vt 0.497855 0.362422
vt 0.485247 0.352922
vt 0.491370 0.355177
vt 0.494983 0.364512
vt 0.568015 0.760580
vt 0.571951 0.756354
vt 0.561121 0.759261
vt 0.480606 0.347280
vt 0.480325 0.350364
vt 0.486698 0.354870
vt 0.479219 0.362807
vt 0.472434 0.359117
vt 0.471692 0.357316
vt 0.472774 0.361219
vt 0.472371 0.360175
vt 0.470923 0.359541
vt 0.467400 0.359889
vt 0.461610 0.361175
vt 0.466558 0.359768
vt 0.459756 0.360160
vt 0.454498 0.349084
vt 0.446084 0.359405
vt 0.445896 0.362399
vt 0.437269 0.354500
vt 0.436779 0.354244
vt 0.041780 0.371457
vt 0.081310 0.357890
vt 0.082435 0.356439
vt 0.387898 0.353463
vt 0.386544 0.354349
vt 0.386231 0.355997
vt 0.384454 0.355963
vt 0.386545 0.354332
vt 0.364031 0.362244
vt 0.360678 0.364364
vt 0.356480 0.364158
vt 0.351243 0.351636
vt 0.350738 0.354619
vt 0.346773 0.362767
vt 0.350367 0.352562
vt 0.343721 0.363653
vt 0.331325 0.358626
vt 0.328788 0.354408
vt 0.326340 0.356965
vt 0.330759 0.358449
vt 0.330767 0.358451
vt 0.328061 0.360480
vt 0.330050 0.362839
vt 0.320738 0.359704
vt 0.325633 0.357024
vt 0.311928 0.352530
vt 0.315183 0.363731
vt 0.310620 0.365314
vt 0.299927 0.356286
vt 0.132235 0.332257
vt 0.140789 0.332493
vt 0.142669 0.328421
vt 0.297236 0.360436
vt 0.287362 0.349998
vt 0.291042 0.375994
vt 0.281047 0.360169
vt 0.279069 0.359985
vt 0.274450 0.361290
vt 0.612427 0.367537
vt 0.609002 0.375942
vt 0.610596 0.364276
vt 0.602715 0.371243
vt 0.597180 0.368805
vt 0.587726 0.370590
vt 0.595943 0.364839
vt 0.589748 0.370702
vt 0.600793 0.372505
vt 0.594464 0.380217
vt 0.586918 0.370723
vt 0.587171 0.373685
vt 0.572791 0.369593
vt 0.575768 0.372759
vt 0.566008 0.366013
vt 0.565977 0.368694
vt 0.565332 0.372059
vt 0.556942 0.368142
vt 0.560058 0.357860
vt 0.557236 0.371541
vt 0.553980 0.368682
vt 0.556688 0.372015
vt 0.537595 0.364850
vt 0.552357 0.382974
vt 0.535169 0.362833
vt 0.543370 0.376263
vt 0.537643 0.372878
vt 0.532754 0.367004
vt 0.534648 0.362939
vt 0.528878 0.367002
vt 0.528968 0.378212
vt 0.536874 0.372877
vt 0.524927 0.369490
vt 0.526444 0.365297
vt 0.522385 0.370967
vt 0.525241 0.363037
vt 0.515817 0.365771
vt 0.515966 0.362038
vt 0.514707 0.368402
vt 0.517712 0.372690
vt 0.513389 0.364220
vt 0.517398 0.377155
vt 0.510427 0.363910
vt 0.505007 0.372458
vt 0.500074 0.368450
vt 0.505484 0.364938
vt 0.501550 0.372587
vt 0.500020 0.369056
vt 0.491339 0.376224
vt 0.485882 0.367347
vt 0.487586 0.376023
vt 0.484143 0.371866
vt 0.484760 0.373625
vt 0.484287 0.373424
vt 0.482303 0.369426
vt 0.525928 0.292664
vt 0.527471 0.292879
vt 0.528973 0.300282
vt 0.475988 0.363891
vt 0.475849 0.371176
vt 0.480924 0.370159
vt 0.479743 0.373471
vt 0.472972 0.372952
vt 0.468785 0.376054
vt 0.467137 0.361683
vt 0.466141 0.361808
vt 0.466401 0.362588
vt 0.466754 0.361553
vt 0.465173 0.363080
vt 0.463388 0.365689
vt 0.460889 0.389438
vt 0.459893 0.360613
vt 0.457945 0.369618
vt 0.460068 0.364146
vt 0.461298 0.373898
vt 0.457509 0.756120
vt 0.457733 0.753327
vt 0.451396 0.754018
vt 0.452633 0.369527
vt 0.450427 0.373371
vt 0.447551 0.374190
vt 0.441510 0.358269
vt 0.436448 0.357926
vt 0.438360 0.377352
vt 0.432758 0.368392
vt 0.432799 0.370584
vt 0.432502 0.355297
vt 0.428040 0.367886
vt 0.428482 0.356487
vt 0.395078 0.346452
vt 0.388326 0.361689
vt 0.389524 0.378994
vt 0.387896 0.377533
vt 0.387309 0.364787
vt 0.384842 0.358120
vt 0.384796 0.366721
vt 0.381533 0.366842
vt 0.377898 0.360694
vt 0.383042 0.368843
vt 0.381635 0.375736
vt 0.385241 0.366894
vt 0.374944 0.364421
vt 0.375779 0.375806
vt 0.371241 0.370434
vt 0.372366 0.374567
vt 0.372633 0.362797
vt 0.371385 0.371622
vt 0.363590 0.375067
vt 0.370001 0.373880
vt 0.367700 0.369095
vt 0.362093 0.371583
vt 0.362918 0.366679
vt 0.358827 0.366547
vt 0.356740 0.377088
vt 0.356473 0.364209
vt 0.355118 0.368793
vt 0.352391 0.368481
vt 0.352419 0.368386
vt 0.347441 0.366028
vt 0.349702 0.372305
vt 0.347433 0.365998
vt 0.349340 0.375678
vt 0.343690 0.363873
vt 0.340234 0.366538
vt 0.338303 0.362217
vt 0.336610 0.364734
vt 0.342052 0.380356
vt 0.334213 0.361852
vt 0.331563 0.365768
vt 0.332471 0.369394
vt 0.323662 0.365285
vt 0.324470 0.358787
vt 0.322834 0.377185
vt 0.312491 0.366733
vt 0.316802 0.374343
vt 0.312894 0.372925
vt 0.312803 0.366354
vt 0.309117 0.367765
vt 0.309304 0.367876
vt 0.309667 0.375892
vt 0.306621 0.368926
vt 0.303767 0.367818
vt 0.304688 0.366576
vt 0.293314 0.377263
vt 0.292229 0.373927
vt 0.100467 0.856829
vt 0.103266 0.852186
vt 0.103264 0.857859
vt 0.278366 0.363175
vt 0.278820 0.362985
vt 0.278786 0.370427
vt 0.276481 0.366467
vt 0.273614 0.362790
vt 0.273063 0.371254
vt 0.100508 0.688688
vt 0.104227 0.691872
vt 0.101036 0.694392
vt 0.610450 0.377587
vt 0.606044 0.387948
vt 0.597715 0.384260
vt 0.588934 0.373566
vt 0.590315 0.378869
vt 0.597807 0.384351
vt 0.588200 0.379828
vt 0.594384 0.386436
vt 0.583685 0.377260
vt 0.587254 0.378452
vt 0.588297 0.386337
vt 0.580705 0.374360
vt 0.582309 0.378743
vt 0.576302 0.373296
vt 0.576528 0.379051
vt 0.582357 0.378829
vt 0.584530 0.386837
vt 0.571787 0.372024
vt 0.570538 0.378187
vt 0.569233 0.381577
vt 0.568138 0.379586
vt 0.558858 0.374331
vt 0.560353 0.383307
vt 0.557315 0.383819
vt 0.552411 0.386450
vt 0.548672 0.383487
vt 0.541889 0.378915
vt 0.529738 0.383872
vt 0.523312 0.379609
vt 0.526917 0.380650
vt 0.518294 0.376919
vt 0.522631 0.381858
vt 0.520752 0.389512
vt 0.507244 0.375684
vt 0.502495 0.377794
vt 0.510580 0.381399
vt 0.507640 0.384602
vt 0.515048 0.382145
vt 0.510917 0.385927
vt 0.505176 0.372743
vt 0.503397 0.374569
vt 0.497131 0.377286
vt 0.495488 0.378241
vt 0.496617 0.375547
vt 0.499426 0.386333
vt 0.490697 0.379201
vt 0.498576 0.386810
vt 0.489208 0.383702
vt 0.489378 0.377410
vt 0.484781 0.374780
vt 0.485512 0.376592
vt 0.483216 0.372420
vt 0.484370 0.374765
vt 0.487706 0.382916
vt 0.478552 0.384512
vt 0.473371 0.373325
vt 0.475166 0.381967
vt 0.470176 0.377595
vt 0.470886 0.384229
vt 0.474852 0.384828
vt 0.466855 0.379655
vt 0.458145 0.373430
vt 0.456205 0.375281
vt 0.449116 0.395147
vt 0.446240 0.377125
vt 0.446121 0.377197
vt 0.445522 0.384031
vt 0.441299 0.388245
vt 0.434612 0.379652
vt 0.436136 0.381372
vt 0.436577 0.387582
vt 0.036045 0.376458
vt 0.037707 0.400718
vt 0.396066 0.392619
vt 0.394618 0.391872
vt 0.392249 0.385041
vt 0.387051 0.383892
vt 0.388199 0.381506
vt 0.387656 0.385870
vt 0.377505 0.378100
vt 0.375891 0.376158
vt 0.373289 0.377690
vt 0.377741 0.393011
vt 0.371429 0.382208
vt 0.368832 0.383753
vt 0.372169 0.374973
vt 0.370926 0.381307
vt 0.369709 0.386414
vt 0.360800 0.383468
vt 0.351780 0.374850
vt 0.344776 0.380456
vt 0.347934 0.382062
vt 0.354859 0.382440
vt 0.344344 0.378278
vt 0.068851 0.699144
vt 0.073136 0.695109
vt 0.067717 0.696211
vt 0.325052 0.385310
vt 0.343124 0.383379
vt 0.317080 0.375786
vt 0.313925 0.375533
vt 0.320056 0.379961
vt 0.307157 0.377480
vt 0.312708 0.385079
vt 0.310074 0.386968
vt 0.305273 0.383912
vt 0.303421 0.377016
vt 0.303008 0.383016
vt 0.305971 0.379661
vt 0.295051 0.380207
vt 0.071870 0.701713
vt 0.065125 0.704035
vt 0.072427 0.709531
vt 0.292973 0.377064
vt 0.292034 0.380371
vt 0.066309 0.701828
vt 0.287746 0.382850
vt 0.287987 0.382889
vt 0.282756 0.384732
vt 0.290962 0.383805
vt 0.280568 0.380560
vt 0.273632 0.379199
vt 0.273784 0.371833
vt 0.229678 0.825801
vt 0.225065 0.829519
vt 0.230098 0.829323
vt 0.614804 0.371074
vt 0.614823 0.406649
vt 0.615730 0.408739
vt 0.609783 0.394643
vt 0.608577 0.398189
vt 0.594391 0.389988
vt 0.602533 0.408494
vt 0.595622 0.387149
vt 0.592613 0.396120
vt 0.590345 0.389643
vt 0.586896 0.388253
vt 0.589279 0.399545
vt 0.576166 0.388104
vt 0.577888 0.399523
vt 0.577113 0.395296
vt 0.573372 0.388429
vt 0.574407 0.392081
vt 0.573827 0.398549
vt 0.560093 0.386624
vt 0.563787 0.398087
vt 0.547580 0.391751
vt 0.564643 0.401902
vt 0.555089 0.393339
vt 0.546822 0.394104
vt 0.548751 0.396619
vt 0.547976 0.390600
vt 0.544745 0.398112
vt 0.530102 0.392915
vt 0.528628 0.390745
vt 0.522302 0.392662
vt 0.526921 0.380648
vt 0.523959 0.392067
vt 0.525148 0.399171
vt 0.522109 0.396292
vt 0.521487 0.392788
vt 0.520459 0.395249
vt 0.508564 0.389796
vt 0.515581 0.396304
vt 0.510457 0.398675
vt 0.508731 0.386831
vt 0.505905 0.388180
vt 0.508224 0.387026
vt 0.509865 0.398226
vt 0.501764 0.387409
vt 0.502271 0.403255
vt 0.497463 0.405614
vt 0.487552 0.387162
vt 0.486998 0.397012
vt 0.486925 0.386975
vt 0.483628 0.398375
vt 0.485405 0.397384
vt 0.486304 0.396881
vt 0.479816 0.395920
vt 0.475794 0.396544
vt 0.472419 0.397400
vt 0.461555 0.401267
vt 0.465123 0.403516
vt 0.451017 0.399322
vt 0.443748 0.388948
vt 0.440459 0.390609
vt 0.447431 0.398721
vt 0.433448 0.386258
vt 0.436473 0.388288
vt 0.439685 0.409798
vt 0.433105 0.390388
vt 0.395016 0.395514
vt 0.387627 0.395605
vt 0.387606 0.395664
vt 0.386924 0.394917
vt 0.387883 0.398226
vt 0.381720 0.406763
vt 0.371094 0.399234
vt 0.361161 0.389119
vt 0.359971 0.382769
vt 0.357354 0.387724
vt 0.360638 0.389986
vt 0.357536 0.387675
vt 0.356289 0.396713
vt 0.364780 0.390020
vt 0.345867 0.397975
vt 0.355428 0.396838
vt 0.340403 0.399756
vt 0.330046 0.397734
vt 0.324426 0.384237
vt 0.323546 0.392349
vt 0.318548 0.386589
vt 0.320294 0.390206
vt 0.323544 0.392359
vt 0.320617 0.393571
vt 0.316811 0.389454
vt 0.313984 0.392070
vt 0.318284 0.391708
vt 0.311959 0.389062
vt 0.314033 0.392320
vt 0.312375 0.393193
vt 0.316868 0.403913
vt 0.305841 0.393538
vt 0.306399 0.397266
vt 0.301530 0.390226
vt 0.303820 0.394387
vt 0.302307 0.401297
vt 0.306222 0.397833
vt 0.297101 0.392209
vt 0.293503 0.390707
vt 0.297271 0.392520
vt 0.299736 0.396682
vt 0.287945 0.390814
vt 0.291128 0.393779
vt 0.294444 0.393849
vt 0.293518 0.402819
vt 0.284564 0.394713
vt 0.284847 0.399842
vt 0.277629 0.399784
vt 0.274652 0.412777
vt 0.273292 0.397834
vt 0.611213 0.399680
vt 0.612363 0.404301
vt 0.608951 0.401642
vt 0.611766 0.410504
vt 0.317483 0.985266
vt 0.314664 0.985682
vt 0.317196 0.991017
vt 0.611289 0.411117
vt 0.598795 0.406451
vt 0.589536 0.403796
vt 0.597501 0.413742
vt 0.586771 0.406415
vt 0.575427 0.408613
vt 0.572686 0.403140
vt 0.572271 0.401415
vt 0.570370 0.405288
vt 0.565332 0.414504
vt 0.550069 0.398644
vt 0.549765 0.404939
vt 0.555970 0.412840
vt 0.552385 0.410182
vt 0.546162 0.402997
vt 0.546347 0.417738
vt 0.534636 0.410384
vt 0.537653 0.411017
vt 0.525066 0.402477
vt 0.533282 0.412894
vt 0.518809 0.399368
vt 0.528130 0.409131
vt 0.525596 0.406654
vt 0.513740 0.405907
vt 0.518276 0.399067
vt 0.515202 0.407441
vt 0.499626 0.400089
vt 0.499097 0.406815
vt 0.503536 0.408423
vt 0.498049 0.411834
vt 0.498314 0.400662
vt 0.501431 0.403230
vt 0.487572 0.400183
vt 0.487219 0.404689
vt 0.485507 0.411061
vt 0.483970 0.401804
vt 0.484204 0.402443
vt 0.482095 0.408151
vt 0.483586 0.402071
vt 0.482922 0.400599
vt 0.482070 0.407391
vt 0.483002 0.407051
vt 0.483619 0.402414
vt 0.483036 0.406793
vt 0.479122 0.398312
vt 0.468355 0.422976
vt 0.475177 0.399034
vt 0.479847 0.409894
vt 0.460897 0.403229
vt 0.464040 0.410467
vt 0.460731 0.407724
vt 0.462154 0.412085
vt 0.457026 0.409670
vt 0.446137 0.409241
vt 0.440342 0.407884
vt 0.432116 0.421459
vt 0.064405 0.459085
vt 0.388493 0.400876
vt 0.388502 0.407582
vt 0.387354 0.398098
vt 0.387312 0.400878
vt 0.388435 0.401051
vt 0.387719 0.406223
vt 0.379940 0.409805
vt 0.385684 0.415858
vt 0.378174 0.405542
vt 0.374834 0.399809
vt 0.372608 0.407688
vt 0.370359 0.406759
vt 0.369265 0.408918
vt 0.363675 0.399209
vt 0.359939 0.406299
vt 0.354920 0.403135
vt 0.346382 0.402341
vt 0.354920 0.410505
vt 0.357380 0.166825
vt 0.352065 0.169920
vt 0.355605 0.170373
vt 0.338467 0.405095
vt 0.340692 0.402730
vt 0.345744 0.398323
vt 0.340604 0.403559
vt 0.998331 0.167905
vt 0.994012 0.163179
vt 0.998914 0.162886
vt 0.085418 0.599909
vt 0.085181 0.605692
vt 0.083955 0.608890
vt 0.335892 0.406226
vt 0.333507 0.406839
vt 0.328776 0.400914
vt 0.332433 0.409653
vt 0.327695 0.413337
vt 0.326686 0.397863
vt 0.319376 0.408748
vt 0.304226 0.402111
vt 0.313878 0.420501
vt 0.316902 0.406561
vt 0.182997 0.451996
vt 0.183777 0.455762
vt 0.187229 0.457700
vt 0.296938 0.402137
vt 0.298052 0.406590
vt 0.288598 0.407636
vt 0.299451 0.406438
vt 0.284438 0.402396
vt 0.281857 0.399495
vt 0.285254 0.409713
vt 0.280414 0.416599
vt 0.273166 0.400224
vt 0.602428 0.409536
vt 0.600433 0.414221
vt 0.597009 0.416373
vt 0.039445 0.906550
vt 0.038274 0.911004
vt 0.043538 0.906871
vt 0.584770 0.414722
vt 0.598359 0.427073
vt 0.597789 0.417014
vt 0.588916 0.423180
vt 0.582149 0.412875
vt 0.578249 0.412486
vt 0.577013 0.414168
vt 0.572066 0.414597
vt 0.583891 0.423656
vt 0.573304 0.412251
vt 0.566065 0.420114
vt 0.563718 0.420601
vt 0.565582 0.419788
vt 0.556472 0.423802
vt 0.552547 0.413211
vt 0.553976 0.423631
vt 0.550102 0.409662
vt 0.518919 0.416483
vt 0.547142 0.429285
vt 0.525964 0.409086
vt 0.514723 0.415904
vt 0.519840 0.416853
vt 0.518043 0.418132
vt 0.518433 0.421465
vt 0.515876 0.409524
vt 0.515203 0.407682
vt 0.511825 0.426861
vt 0.517591 0.417650
vt 0.514686 0.411573
vt 0.504387 0.409954
vt 0.507852 0.419854
vt 0.502416 0.412877
vt 0.502282 0.412433
vt 0.501957 0.417743
vt 0.497788 0.415240
vt 0.502960 0.421565
vt 0.494243 0.414757
vt 0.490059 0.420275
vt 0.486903 0.417824
vt 0.490637 0.428945
vt 0.483326 0.414961
vt 0.482169 0.410010
vt 0.481610 0.410855
vt 0.481523 0.414706
vt 0.481517 0.409159
vt 0.480871 0.412541
vt 0.480362 0.413540
vt 0.480131 0.413654
vt 0.481063 0.416356
vt 0.478293 0.421813
vt 0.462470 0.412243
vt 0.460811 0.415579
vt 0.460699 0.413409
vt 0.459220 0.409834
vt 0.457557 0.413067
vt 0.459394 0.421561
vt 0.461009 0.419169
vt 0.456386 0.414864
vt 0.457964 0.420059
vt 0.456489 0.415863
vt 0.456394 0.421198
vt 0.450617 0.415929
vt 0.442228 0.425625
vt 0.266571 0.524231
vt 0.264226 0.527011
vt 0.264101 0.519700
vt 0.446308 0.410498
vt 0.434978 0.430721
vt 0.041330 0.425525
vt 0.043538 0.425116
vt 0.065004 0.460449
vt 0.396589 0.392845
vt 0.396504 0.443152
vt 0.387459 0.417807
vt 0.393705 0.428263
vt 0.387573 0.412725
vt 0.387141 0.416129
vt 0.385426 0.416294
vt 0.380121 0.416259
vt 0.385814 0.420670
vt 0.377023 0.406000
vt 0.359718 0.418184
vt 0.360283 0.415717
vt 0.354133 0.412500
vt 0.354074 0.414781
vt 0.355701 0.416423
vt 0.349754 0.412669
vt 0.351795 0.419204
vt 0.352163 0.415583
vt 0.350404 0.417485
vt 0.348114 0.419483
vt 0.338057 0.418229
vt 0.335262 0.412793
vt 0.334581 0.415076
vt 0.336035 0.406357
vt 0.333201 0.410616
vt 0.234870 0.477677
vt 0.233989 0.482152
vt 0.231988 0.479099
vt 0.332675 0.414001
vt 0.333799 0.423005
vt 0.335173 0.419266
vt 0.332341 0.425287
vt 0.329309 0.413606
vt 0.329216 0.417408
vt 0.327531 0.416725
vt 0.326759 0.420059
vt 0.318683 0.421946
vt 0.301620 0.417357
vt 0.299646 0.417339
vt 0.294131 0.422837
vt 0.299804 0.421477
vt 0.289351 0.411070
vt 0.284233 0.425267
vt 0.285553 0.409649
vt 0.284483 0.415515
vt 0.281992 0.423373
vt 0.280459 0.416796
vt 0.278940 0.426732
vt 0.276961 0.414052
vt 0.616593 0.411300
vt 0.615341 0.437269
vt 0.613248 0.437711
vt 0.605170 0.430908
vt 0.607143 0.439321
vt 0.602600 0.429105
vt 0.602031 0.431982
vt 0.590944 0.429452
vt 0.593498 0.429862
vt 0.592606 0.432593
vt 0.597995 0.429458
vt 0.599213 0.433725
vt 0.583621 0.425578
vt 0.586427 0.423848
vt 0.587969 0.428496
vt 0.584061 0.438337
vt 0.572175 0.425139
vt 0.581317 0.428772
vt 0.568104 0.425194
vt 0.567403 0.424853
vt 0.565970 0.440962
vt 0.557027 0.430217
vt 0.559092 0.432401
vt 0.554356 0.426193
vt 0.546988 0.426268
vt 0.555556 0.432991
vt 0.526279 0.432958
vt 0.518548 0.423836
vt 0.520280 0.432596
vt 0.518445 0.433543
vt 0.517465 0.431443
vt 0.516378 0.438096
vt 0.512106 0.435432
vt 0.509402 0.424320
vt 0.507103 0.434885
vt 0.509564 0.426830
vt 0.497698 0.435415
vt 0.491853 0.434477
vt 0.489884 0.424497
vt 0.490060 0.424885
vt 0.487330 0.425128
vt 0.486594 0.429697
vt 0.487003 0.418376
vt 0.482382 0.418640
vt 0.482340 0.440535
vt 0.227039 0.721994
vt 0.221245 0.754580
vt 0.221167 0.744710
vt 0.467371 0.439255
vt 0.466036 0.424139
vt 0.467290 0.426348
vt 0.467491 0.426261
vt 0.466526 0.428810
vt 0.457244 0.422945
vt 0.457195 0.422541
vt 0.457528 0.426434
vt 0.461994 0.430219
vt 0.462282 0.430343
vt 0.462108 0.433606
vt 0.459444 0.433132
vt 0.458646 0.428217
vt 0.457410 0.434380
vt 0.452595 0.427504
vt 0.454731 0.433674
vt 0.454014 0.435327
vt 0.452271 0.430143
vt 0.444083 0.426984
vt 0.448620 0.432616
vt 0.439347 0.434370
vt 0.041566 0.445480
vt 0.429046 0.425542
vt 0.083755 0.504211
vt 0.390279 0.431351
vt 0.389662 0.422592
vt 0.387387 0.420172
vt 0.387874 0.430146
vt 0.389810 0.431432
vt 0.382329 0.436540
vt 0.375973 0.434544
vt 0.369816 0.434606
vt 0.375020 0.429286
vt 0.373467 0.434114
vt 0.364394 0.435124
vt 0.354317 0.428929
vt 0.351400 0.430597
vt 0.352072 0.430511
vt 0.350274 0.434852
vt 0.359762 0.436417
vt 0.340920 0.429054
vt 0.348158 0.434295
vt 0.335532 0.428013
vt 0.096501 0.005779
vt 0.096714 0.011252
vt 0.102816 0.010606
vt 0.335181 0.428207
vt 0.334901 0.433338
vt 0.311443 0.436534
vt 0.316162 0.423615
vt 0.302746 0.424204
vt 0.300309 0.421995
vt 0.301397 0.428048
vt 0.309187 0.433923
vt 0.305212 0.436335
vt 0.299906 0.433917
vt 0.297373 0.427081
vt 0.298432 0.429354
vt 0.297065 0.427213
vt 0.292079 0.430986
vt 0.293875 0.425027
vt 0.294822 0.433686
vt 0.137137 0.411846
vt 0.137819 0.419500
vt 0.134198 0.410998
vt 0.287935 0.430842
vt 0.282443 0.434658
vt 0.285433 0.434075
vt 0.278431 0.426958
vt 0.277715 0.429091
vt 0.277841 0.434487
vt 0.274086 0.429473
vt 0.273233 0.429773
vt 0.273426 0.414109
vt 0.615552 0.437488
vt 0.612315 0.439216
vt 0.615636 0.448438
vt 0.611754 0.439273
vt 0.601923 0.432587
vt 0.598620 0.447728
vt 0.595951 0.447690
vt 0.589510 0.439371
vt 0.589270 0.444827
vt 0.590143 0.437545
vt 0.587865 0.445360
vt 0.586956 0.440730
vt 0.578526 0.451254
vt 0.552269 0.444618
vt 0.552841 0.440279
vt 0.550636 0.436610
vt 0.544960 0.437855
vt 0.544671 0.442258
vt 0.550404 0.441093
vt 0.546638 0.445598
vt 0.537373 0.439547
vt 0.542754 0.440004
vt 0.526643 0.437955
vt 0.526601 0.449316
vt 0.525628 0.447872
vt 0.523683 0.435636
vt 0.517610 0.442666
vt 0.521794 0.445763
vt 0.520790 0.432867
vt 0.519182 0.434281
vt 0.526144 0.438295
vt 0.513014 0.437895
vt 0.516918 0.437112
vt 0.507054 0.434867
vt 0.503210 0.446788
vt 0.512490 0.438998
vt 0.505441 0.448048
vt 0.495906 0.437192
vt 0.495447 0.437127
vt 0.494840 0.441510
vt 0.495381 0.445465
vt 0.493673 0.437719
vt 0.258893 0.983387
vt 0.253122 0.983387
vt 0.256164 0.986016
vt 0.492674 0.442427
vt 0.492195 0.437927
vt 0.489924 0.454774
vt 0.477456 0.437480
vt 0.477758 0.457555
vt 0.466969 0.436598
vt 0.463172 0.439307
vt 0.460579 0.434087
vt 0.464289 0.439681
vt 0.459541 0.444153
vt 0.461074 0.445363
vt 0.459418 0.442779
vt 0.457828 0.441354
vt 0.459093 0.445387
vt 0.453616 0.442868
vt 0.457466 0.434666
vt 0.457515 0.440293
vt 0.441276 0.449046
vt 0.436399 0.434052
vt 0.432562 0.436081
vt 0.434295 0.446852
vt 0.434077 0.431596
vt 0.433282 0.445452
vt 0.432321 0.433183
vt 0.388508 0.438396
vt 0.387618 0.433560
vt 0.390234 0.441782
vt 0.388714 0.443307
vt 0.387628 0.437889
vt 0.387971 0.448750
vt 0.388553 0.443163
vt 0.382700 0.441292
vt 0.380625 0.441580
vt 0.371203 0.442800
vt 0.373771 0.434231
vt 0.372266 0.435908
vt 0.369833 0.434585
vt 0.367091 0.442339
vt 0.366370 0.439603
vt 0.365868 0.443791
vt 0.367645 0.455613
vt 0.347986 0.438673
vt 0.345572 0.439282
vt 0.347984 0.438046
vt 0.338308 0.430216
vt 0.345570 0.443730
vt 0.337594 0.448148
vt 0.342186 0.444593
vt 0.329231 0.442752
vt 0.332678 0.444308
vt 0.323686 0.441285
vt 0.318398 0.439225
vt 0.323195 0.445240
vt 0.315592 0.442324
vt 0.314991 0.440191
vt 0.308603 0.436857
vt 0.315958 0.442705
vt 0.305218 0.436334
vt 0.300950 0.440152
vt 0.298451 0.438421
vt 0.300004 0.452352
vt 0.298811 0.445437
vt 0.296334 0.442984
vt 0.295089 0.433980
vt 0.297297 0.438788
vt 0.289901 0.433925
vt 0.290249 0.451239
vt 0.278709 0.451176
vt 0.280472 0.437926
vt 0.277971 0.434976
vt 0.273064 0.443424
vt 0.275200 0.434285
vt 0.612576 0.454780
vt 0.616501 0.451899
vt 0.607566 0.442527
vt 0.603287 0.448206
vt 0.601218 0.448850
vt 0.260807 0.904468
vt 0.259579 0.908652
vt 0.258561 0.905298
vt 0.597947 0.447856
vt 0.595903 0.449212
vt 0.593478 0.460169
vt 0.593881 0.451206
vt 0.589922 0.450575
vt 0.595522 0.449273
vt 0.575436 0.462705
vt 0.588613 0.447178
vt 0.587899 0.448160
vt 0.586648 0.447207
vt 0.584515 0.450805
vt 0.582886 0.456290
vt 0.955526 0.744510
vt 0.957447 0.742597
vt 0.955860 0.741850
vt 0.577404 0.456895
vt 0.568845 0.452179
vt 0.566765 0.456249
vt 0.564310 0.447751
vt 0.560290 0.458296
vt 0.566281 0.456340
vt 0.556812 0.451683
vt 0.552874 0.445638
vt 0.551216 0.447193
vt 0.550992 0.448641
vt 0.550196 0.453345
vt 0.551719 0.454387
vt 0.549092 0.454671
vt 0.549893 0.457041
vt 0.539223 0.450997
vt 0.548386 0.455094
vt 0.542955 0.460836
vt 0.546844 0.460879
vt 0.537819 0.441722
vt 0.536772 0.449821
vt 0.539803 0.462656
vt 0.537949 0.453211
vt 0.530606 0.457600
vt 0.530968 0.450045
vt 0.525187 0.445417
vt 0.524661 0.446912
vt 0.525616 0.447835
vt 0.524600 0.447240
vt 0.526317 0.453777
vt 0.526554 0.453644
vt 0.528072 0.459755
vt 0.519314 0.449903
vt 0.521192 0.450003
vt 0.518721 0.451317
vt 0.519099 0.451775
vt 0.517768 0.448540
vt 0.518674 0.459329
vt 0.511455 0.460880
vt 0.516934 0.441474
vt 0.507986 0.456968
vt 0.507748 0.447981
vt 0.505349 0.448274
vt 0.504562 0.452427
vt 0.502125 0.452492
vt 0.494792 0.469337
vt 0.480750 0.449928
vt 0.221628 0.752741
vt 0.221701 0.755699
vt 0.460772 0.455600
vt 0.460695 0.467095
vt 0.460941 0.450470
vt 0.457362 0.453410
vt 0.458024 0.462860
vt 0.460090 0.456748
vt 0.457046 0.446720
vt 0.451156 0.461761
vt 0.445131 0.452641
vt 0.438118 0.450848
vt 0.435067 0.451410
vt 0.435149 0.453476
vt 0.064078 0.460617
vt 0.048906 0.488526
vt 0.392234 0.450021
vt 0.394956 0.457024
vt 0.390239 0.450659
vt 0.396595 0.459763
vt 0.387459 0.451694
vt 0.388190 0.463723
vt 0.390257 0.452423
vt 0.379910 0.456471
vt 0.373644 0.451740
vt 0.370509 0.449816
vt 0.375469 0.454759
vt 0.374542 0.454528
vt 0.371921 0.453110
vt 0.367754 0.457807
vt 0.369267 0.447824
vt 0.368330 0.449585
vt 0.369148 0.447700
vt 0.354905 0.460591
vt 0.348387 0.460783
vt 0.342137 0.450056
vt 0.342124 0.449970
vt 0.484864 0.061695
vt 0.493033 0.066067
vt 0.496029 0.061513
vt 0.332715 0.444432
vt 0.330381 0.445802
vt 0.328384 0.455113
vt 0.339306 0.460586
vt 0.328081 0.443544
vt 0.327622 0.451448
vt 0.039721 0.030892
vt 0.043338 0.028041
vt 0.037944 0.028042
vt 0.044669 0.030565
vt 0.325480 0.453713
vt 0.322618 0.449627
vt 0.321005 0.453551
vt 0.320946 0.453477
vt 0.312590 0.454888
vt 0.309011 0.452020
vt 0.307950 0.456908
vt 0.300486 0.453451
vt 0.301787 0.461306
vt 0.296631 0.446769
vt 0.294078 0.457715
vt 0.296445 0.463935
vt 0.296598 0.453480
vt 0.277186 0.450074
vt 0.279675 0.460969
vt 0.274581 0.453048
vt 0.616771 0.454517
vt 0.616690 0.464481
vt 0.610799 0.466410
vt 0.603179 0.458648
vt 0.409366 0.430719
vt 0.407004 0.433755
vt 0.405860 0.427281
vt 0.598657 0.458177
vt 0.598704 0.458229
vt 0.590480 0.469231
vt 0.592448 0.468033
vt 0.576805 0.478686
vt 0.577864 0.459361
vt 0.573763 0.459998
vt 0.564394 0.460067
vt 0.565778 0.458975
vt 0.570761 0.466801
vt 0.562165 0.463173
vt 0.564321 0.457894
vt 0.563706 0.459051
vt 0.560744 0.461455
vt 0.559239 0.463826
vt 0.566639 0.467893
vt 0.555749 0.473848
vt 0.403700 0.453774
vt 0.398175 0.451932
vt 0.401624 0.446641
vt 0.548958 0.462632
vt 0.547646 0.457726
vt 0.542410 0.462964
vt 0.540249 0.473814
vt 0.539754 0.463881
vt 0.538901 0.467934
vt 0.529021 0.467477
vt 0.533509 0.465969
vt 0.530494 0.467974
vt 0.526327 0.464718
vt 0.525178 0.463494
vt 0.524444 0.467407
vt 0.519545 0.464057
vt 0.523935 0.476995
vt 0.517779 0.460158
vt 0.508394 0.480647
vt 0.516079 0.480185
vt 0.507740 0.460496
vt 0.507521 0.457119
vt 0.505855 0.476664
vt 0.486960 0.461947
vt 0.489769 0.462257
vt 0.488615 0.465136
vt 0.480499 0.454380
vt 0.482735 0.463296
vt 0.487231 0.464769
vt 0.482700 0.463453
vt 0.483053 0.474817
vt 0.480948 0.463725
vt 0.480454 0.465776
vt 0.471121 0.468435
vt 0.468573 0.470588
vt 0.458963 0.469462
vt 0.444753 0.456511
vt 0.446470 0.461555
vt 0.446387 0.462515
vt 0.445669 0.476493
vt 0.458579 0.470083
vt 0.445412 0.466631
vt 0.444319 0.456178
vt 0.440071 0.452359
vt 0.444162 0.460090
vt 0.443671 0.466549
vt 0.434937 0.479969
vt 0.395312 0.460497
vt 0.396093 0.462162
vt 0.394911 0.460611
vt 0.395324 0.472502
vt 0.396605 0.459762
vt 0.396566 0.471478
vt 0.391946 0.463704
vt 0.388667 0.464279
vt 0.393069 0.458282
vt 0.380448 0.465841
vt 0.060424 0.589316
vt 0.054350 0.587130
vt 0.057103 0.594992
vt 0.375980 0.457808
vt 0.370364 0.466052
vt 0.367762 0.457804
vt 0.370101 0.475502
vt 0.353461 0.472377
vt 0.345331 0.463616
vt 0.340616 0.463326
vt 0.331632 0.467771
vt 0.329623 0.461961
vt 0.326939 0.460936
vt 0.331615 0.467755
vt 0.326883 0.461885
vt 0.328048 0.469418
vt 0.325448 0.453820
vt 0.322372 0.455459
vt 0.324946 0.459791
vt 0.317367 0.464763
vt 0.317775 0.467481
vt 0.312498 0.465724
vt 0.308881 0.461904
vt 0.305539 0.458881
vt 0.304855 0.463444
vt 0.303288 0.486097
vt 0.304277 0.461432
vt 0.303820 0.461442
vt 0.298785 0.464860
vt 0.299956 0.470273
vt 0.296024 0.464189
vt 0.291279 0.480062
vt 0.293768 0.457721
vt 0.292203 0.462157
vt 0.286125 0.466609
vt 0.273257 0.470954
vt 0.280330 0.465897
vt 0.275909 0.473914
vt 0.274487 0.453121
vt 0.273878 0.474723
vt 0.620504 0.474209
vt 0.619135 0.495252
vt 0.622470 0.484158
vt 0.616642 0.464776
vt 0.613118 0.468144
vt 0.616522 0.477730
vt 0.604592 0.462331
vt 0.602373 0.479473
vt 0.605835 0.478731
vt 0.599312 0.474559
vt 0.597748 0.471656
vt 0.594138 0.472363
vt 0.597737 0.471675
vt 0.596121 0.475087
vt 0.595369 0.475394
vt 0.593286 0.483123
vt 0.592410 0.473203
vt 0.588010 0.482549
vt 0.370812 0.757129
vt 0.373199 0.761262
vt 0.369984 0.761160
vt 0.564481 0.471947
vt 0.570768 0.476551
vt 0.567083 0.467781
vt 0.562048 0.471512
vt 0.566441 0.476717
vt 0.562259 0.472130
vt 0.559932 0.474604
vt 0.566414 0.477638
vt 0.559201 0.482409
vt 0.556976 0.496445
vt 0.538829 0.478704
vt 0.532952 0.467258
vt 0.537536 0.472179
vt 0.530730 0.485776
vt 0.531418 0.470577
vt 0.526561 0.469651
vt 0.530213 0.469112
vt 0.526375 0.467993
vt 0.519377 0.473006
vt 0.518487 0.462378
vt 0.518072 0.478132
vt 0.520442 0.480916
vt 0.518932 0.473957
vt 0.518292 0.480644
vt 0.496388 0.480087
vt 0.507360 0.480470
vt 0.494116 0.478044
vt 0.492293 0.469862
vt 0.491285 0.476895
vt 0.492678 0.481917
vt 0.491287 0.476903
vt 0.497207 0.493582
vt 0.271361 0.411114
vt 0.271361 0.416825
vt 0.268612 0.415123
vt 0.485592 0.475490
vt 0.480850 0.476829
vt 0.480753 0.466213
vt 0.479723 0.485302
vt 0.478205 0.474772
vt 0.475003 0.471311
vt 0.479320 0.485249
vt 0.475328 0.470904
vt 0.466468 0.478085
vt 0.471424 0.481219
vt 0.462137 0.478883
vt 0.465721 0.481296
vt 0.461059 0.477383
vt 0.452885 0.479829
vt 0.458602 0.478807
vt 0.447882 0.475612
vt 0.448980 0.478288
vt 0.438340 0.484699
vt 0.396650 0.471579
vt 0.396094 0.473906
vt 0.396283 0.481156
vt 0.395309 0.492533
vt 0.388541 0.480317
vt 0.388551 0.469429
vt 0.388548 0.472409
vt 0.387423 0.477171
vt 0.387748 0.471946
vt 0.387351 0.477298
vt 0.386285 0.471365
vt 0.387758 0.483768
vt 0.385826 0.488550
vt 0.375009 0.471660
vt 0.373926 0.482614
vt 0.376794 0.484467
vt 0.374324 0.477154
vt 0.371412 0.476729
vt 0.374740 0.471131
vt 0.371430 0.474546
vt 0.359621 0.474925
vt 0.361030 0.476796
vt 0.361344 0.476907
vt 0.356717 0.487613
vt 0.365220 0.485742
vt 0.353392 0.475353
vt 0.355495 0.477447
vt 0.349804 0.482470
vt 0.351703 0.476392
vt 0.341982 0.478132
vt 0.341893 0.480315
vt 0.346039 0.487980
vt 0.337999 0.476818
vt 0.340259 0.476307
vt 0.328641 0.473924
vt 0.334467 0.484193
vt 0.329765 0.483625
vt 0.327064 0.480165
vt 0.328453 0.474557
vt 0.324118 0.483074
vt 0.302365 0.470974
vt 0.300474 0.472757
vt 0.295407 0.485216
vt 0.285308 0.469193
vt 0.277615 0.478409
vt 0.616613 0.486248
vt 0.618096 0.494068
vt 0.614910 0.491341
vt 0.611159 0.482287
vt 0.611459 0.484236
vt 0.610120 0.482403
vt 0.610941 0.486528
vt 0.609644 0.487509
vt 0.610501 0.492659
vt 0.606042 0.480322
vt 0.606007 0.488472
vt 0.607845 0.482926
vt 0.609576 0.485177
vt 0.602176 0.488684
vt 0.602286 0.487614
vt 0.560918 0.907319
vt 0.563334 0.904367
vt 0.560519 0.903517
vt 0.600304 0.489889
vt 0.600475 0.490311
vt 0.598422 0.490611
vt 0.579712 0.484241
vt 0.586055 0.483094
vt 0.584922 0.485237
vt 0.582606 0.485375
vt 0.585613 0.486644
vt 0.589952 0.485253
vt 0.587444 0.487857
vt 0.594152 0.489644
vt 0.586899 0.485690
vt 0.573251 0.489494
vt 0.581279 0.486219
vt 0.577408 0.488331
vt 0.572990 0.479769
vt 0.577048 0.487295
vt 0.575266 0.488565
vt 0.575498 0.490444
vt 0.575469 0.490468
vt 0.574141 0.489458
vt 0.573105 0.491602
vt 0.570690 0.478132
vt 0.568506 0.490016
vt 0.562251 0.482896
vt 0.562159 0.483460
vt 0.566027 0.489723
vt 0.533443 0.487188
vt 0.531016 0.489094
vt 0.525898 0.487579
vt 0.524434 0.481598
vt 0.519286 0.492249
vt 0.525328 0.488313
vt 0.517494 0.491574
vt 0.514591 0.483755
vt 0.509365 0.490851
vt 0.514561 0.493919
vt 0.503026 0.487162
vt 0.501016 0.489463
vt 0.495740 0.482226
vt 0.495707 0.489671
vt 0.478269 0.492291
vt 0.480796 0.499471
vt 0.479579 0.492214
vt 0.468729 0.493594
vt 0.464813 0.482699
vt 0.466865 0.488540
vt 0.466053 0.488138
vt 0.466457 0.490053
vt 0.464608 0.488751
vt 0.466365 0.490013
vt 0.463173 0.492096
vt 0.468229 0.504640
vt 0.459863 0.488490
vt 0.461498 0.479148
vt 0.458950 0.482904
vt 0.448427 0.483386
vt 0.449002 0.478641
vt 0.435775 0.486654
vt 0.432722 0.481681
vt 0.435040 0.491088
vt 0.435744 0.491260
vt 0.437095 0.503011
vt 0.437970 0.488773
vt 0.054302 0.502702
vt 0.070384 0.506269
vt 0.081099 0.503623
vt 0.396102 0.491881
vt 0.387380 0.501955
vt 0.395889 0.504711
vt 0.387370 0.488967
vt 0.387733 0.490928
vt 0.380984 0.487378
vt 0.386097 0.488791
vt 0.381272 0.490090
vt 0.386167 0.495221
vt 0.376708 0.488872
vt 0.381219 0.490103
vt 0.378016 0.491918
vt 0.376605 0.489030
vt 0.368336 0.486519
vt 0.368705 0.483238
vt 0.368319 0.486560
vt 0.366623 0.488236
vt 0.352688 0.487416
vt 0.349698 0.488728
vt 0.354193 0.488791
vt 0.351937 0.494118
vt 0.343055 0.484094
vt 0.342516 0.486832
vt 0.346471 0.487857
vt 0.342435 0.492623
vt 0.349011 0.489057
vt 0.349661 0.493170
vt 0.172026 0.749219
vt 0.175296 0.747747
vt 0.173925 0.754122
vt 0.340169 0.484377
vt 0.342073 0.486762
vt 0.334654 0.486984
vt 0.341438 0.492559
vt 0.333798 0.494479
vt 0.395423 0.300923
vt 0.402174 0.307239
vt 0.402338 0.300975
vt 0.325072 0.484412
vt 0.327631 0.491266
vt 0.319851 0.487962
vt 0.318635 0.485833
vt 0.076645 0.946409
vt 0.078266 0.951904
vt 0.074584 0.950872
vt 0.321929 0.492824
vt 0.316713 0.488687
vt 0.318934 0.496196
vt 0.310825 0.498325
vt 0.296447 0.493036
vt 0.293831 0.493998
vt 0.291759 0.488401
vt 0.291818 0.488003
vt 0.289751 0.492431
vt 0.281871 0.496352
vt 0.278251 0.487767
vt 0.276787 0.485231
vt 0.280328 0.492845
vt 0.279438 0.497089
vt 0.275589 0.487130
vt 0.274754 0.477071
vt 0.274316 0.482194
vt 0.273128 0.497242
vt 0.622926 0.501714
vt 0.621034 0.506335
vt 0.623276 0.503401
vt 0.615766 0.495213
vt 0.617412 0.496950
vt 0.615960 0.498700
vt 0.617888 0.505790
vt 0.616477 0.505659
vt 0.613132 0.495413
vt 0.612087 0.491563
vt 0.604522 0.498715
vt 0.615538 0.498699
vt 0.597622 0.512535
vt 0.614345 0.505322
vt 0.601831 0.493027
vt 0.604928 0.494829
vt 0.595569 0.505576
vt 0.601578 0.496575
vt 0.601835 0.493024
vt 0.593237 0.503275
vt 0.578670 0.509467
vt 0.570291 0.506696
vt 0.566519 0.493328
vt 0.559590 0.499069
vt 0.551050 0.501930
vt 0.558158 0.511035
vt 0.556953 0.496646
vt 0.539694 0.495220
vt 0.539854 0.498698
vt 0.540058 0.502049
vt 0.538872 0.507673
vt 0.550367 0.501547
vt 0.531206 0.489340
vt 0.534640 0.497650
vt 0.536281 0.497211
vt 0.536648 0.500163
vt 0.537169 0.501589
vt 0.531617 0.496768
vt 0.536379 0.506920
vt 0.532396 0.501418
vt 0.519308 0.517821
vt 0.533422 0.497976
vt 0.534456 0.500397
vt 0.517922 0.497800
vt 0.529415 0.497739
vt 0.517577 0.493051
vt 0.515074 0.493799
vt 0.516885 0.498489
vt 0.511720 0.502911
vt 0.514964 0.516699
vt 0.509065 0.496187
vt 0.511181 0.502878
vt 0.504420 0.490499
vt 0.498371 0.510635
vt 0.489440 0.503664
vt 0.483373 0.499349
vt 0.485641 0.503174
vt 0.480627 0.502040
vt 0.484208 0.511033
vt 0.479844 0.492478
vt 0.478928 0.493337
vt 0.477351 0.499713
vt 0.481206 0.501330
vt 0.480207 0.499639
vt 0.517859 0.825003
vt 0.519185 0.829979
vt 0.520416 0.826727
vt 0.525853 0.826071
vt 0.471203 0.504342
vt 0.469051 0.504109
vt 0.464772 0.507324
vt 0.447163 0.508561
vt 0.444957 0.506793
vt 0.442474 0.510390
vt 0.440101 0.509822
vt 0.429836 0.499180
vt 0.430467 0.503233
vt 0.434590 0.504255
vt 0.432584 0.507141
vt 0.064618 0.507911
vt 0.079773 0.505147
vt 0.387610 0.494514
vt 0.386907 0.499177
vt 0.386673 0.502627
vt 0.382682 0.506042
vt 0.377355 0.500160
vt 0.374566 0.499385
vt 0.376218 0.503054
vt 0.376224 0.503047
vt 0.373446 0.502767
vt 0.370561 0.508271
vt 0.367795 0.504581
vt 0.348896 0.515731
vt 0.365929 0.506019
vt 0.338275 0.496014
vt 0.327254 0.508668
vt 0.328057 0.493867
vt 0.317229 0.500963
vt 0.323021 0.494929
vt 0.301385 0.489316
vt 0.307435 0.497160
vt 0.312660 0.501422
vt 0.311659 0.501305
vt 0.307372 0.497200
vt 0.307776 0.510893
vt 0.302421 0.496363
vt 0.298461 0.493366
vt 0.300974 0.500030
vt 0.302818 0.506238
vt 0.295915 0.497201
vt 0.300725 0.499742
vt 0.299268 0.502362
vt 0.293829 0.493989
vt 0.290998 0.494876
vt 0.291282 0.507516
vt 0.296569 0.510383
vt 0.286690 0.500126
vt 0.286554 0.499585
vt 0.284440 0.506345
vt 0.279542 0.500883
vt 0.279527 0.500613
vt 0.274856 0.499915
vt 0.623503 0.506170
vt 0.621851 0.506664
vt 0.621511 0.513335
vt 0.623981 0.537484
vt 0.621010 0.506521
vt 0.618865 0.508350
vt 0.621413 0.512930
vt 0.618236 0.505915
vt 0.617870 0.512607
vt 0.617375 0.506740
vt 0.618730 0.515322
vt 0.618719 0.517555
vt 0.616439 0.506279
vt 0.618589 0.515330
vt 0.617866 0.512611
vt 0.614373 0.515486
vt 0.615567 0.517450
vt 0.613523 0.519455
vt 0.599329 0.517458
vt 0.609821 0.521703
vt 0.593507 0.504774
vt 0.584229 0.511512
vt 0.594914 0.512021
vt 0.596408 0.517541
vt 0.584332 0.518187
vt 0.584281 0.511502
vt 0.574210 0.511576
vt 0.582256 0.517992
vt 0.569687 0.527407
vt 0.566997 0.511386
vt 0.574208 0.511449
vt 0.567939 0.514294
vt 0.565653 0.514722
vt 0.562023 0.517929
vt 0.550722 0.505453
vt 0.534835 0.515498
vt 0.531478 0.528525
vt 0.512723 0.516314
vt 0.510325 0.506038
vt 0.498164 0.513932
vt 0.494922 0.511686
vt 0.495722 0.516872
vt 0.487909 0.513304
vt 0.486164 0.513102
vt 0.484659 0.516169
vt 0.488811 0.517769
vt 0.475151 0.508474
vt 0.472688 0.506552
vt 0.471433 0.505075
vt 0.473948 0.519219
vt 0.469108 0.506362
vt 0.467995 0.515445
vt 0.467479 0.508656
vt 0.467409 0.515735
vt 0.459616 0.517633
vt 0.453113 0.513197
vt 0.450724 0.516374
vt 0.439716 0.513293
vt 0.441244 0.517553
vt 0.423704 0.524168
vt 0.433854 0.511738
vt 0.432602 0.516448
vt 0.430309 0.508085
vt 0.428660 0.513967
vt 0.432474 0.511529
vt 0.428198 0.504869
vt 0.423439 0.505337
vt 0.510653 0.017649
vt 0.514406 0.019051
vt 0.510907 0.021388
vt 0.421898 0.512862
vt 0.426061 0.513817
vt 0.419164 0.510712
vt 0.420249 0.503156
vt 0.414891 0.505900
vt 0.415266 0.516267
vt 0.416710 0.516910
vt 0.410741 0.517966
vt 0.411352 0.506582
vt 0.078130 0.513514
vt 0.073862 0.519169
vt 0.402890 0.511227
vt 0.398811 0.497447
vt 0.402627 0.517908
vt 0.405586 0.514478
vt 0.389673 0.506181
vt 0.395901 0.505107
vt 0.395390 0.514429
vt 0.397988 0.537937
vt 0.396665 0.523123
vt 0.389412 0.519405
vt 0.392893 0.517728
vt 0.385757 0.513407
vt 0.386771 0.505751
vt 0.385263 0.507054
vt 0.388565 0.512651
vt 0.379910 0.513973
vt 0.380648 0.509521
vt 0.375751 0.508588
vt 0.373398 0.506189
vt 0.375812 0.508605
vt 0.372039 0.521441
vt 0.370580 0.508308
vt 0.356563 0.513705
vt 0.362637 0.523590
vt 0.353879 0.519241
vt 0.341380 0.507414
vt 0.339778 0.509835
vt 0.342860 0.517892
vt 0.338434 0.506715
vt 0.336970 0.515975
vt 0.330196 0.513673
vt 0.321742 0.505002
vt 0.226225 0.426936
vt 0.223871 0.426947
vt 0.224940 0.421346
vt 0.320849 0.505540
vt 0.316260 0.515468
vt 0.319311 0.519149
vt 0.317340 0.503075
vt 0.310514 0.518701
vt 0.313816 0.519041
vt 0.306912 0.513038
vt 0.305076 0.511944
vt 0.302065 0.517935
vt 0.306914 0.513038
vt 0.296822 0.513846
vt 0.294764 0.513734
vt 0.292949 0.516465
vt 0.286790 0.507451
vt 0.286574 0.507538
vt 0.279932 0.512967
vt 0.278568 0.517080
vt 0.276098 0.504322
vt 0.273277 0.508800
vt 0.273178 0.501226
vt 0.275543 0.515069
vt 0.272814 0.506396
vt 0.613427 0.520242
vt 0.618045 0.519032
vt 0.618301 0.531680
vt 0.616763 0.544997
vt 0.613584 0.528940
vt 0.614321 0.525532
vt 0.611616 0.527202
vt 0.609444 0.528355
vt 0.598158 0.524822
vt 0.591853 0.523491
vt 0.591863 0.523474
vt 0.601080 0.535427
vt 0.586333 0.523662
vt 0.596200 0.540329
vt 0.589168 0.521595
vt 0.581573 0.523012
vt 0.581431 0.523099
vt 0.585242 0.528440
vt 0.569572 0.517950
vt 0.342424 0.886795
vt 0.348215 0.880017
vt 0.347763 0.888258
vt 0.562760 0.518865
vt 0.560957 0.525370
vt 0.563465 0.530985
vt 0.560931 0.523078
vt 0.557397 0.515253
vt 0.557701 0.520671
vt 0.554606 0.524392
vt 0.553806 0.530001
vt 0.548318 0.522847
vt 0.550376 0.527545
vt 0.535271 0.523645
vt 0.542685 0.526487
vt 0.537254 0.520925
vt 0.536240 0.531235
vt 0.533746 0.538916
vt 0.516624 0.523117
vt 0.514605 0.520130
vt 0.510827 0.525193
vt 0.500191 0.523454
vt 0.510627 0.521130
vt 0.506567 0.528688
vt 0.516085 0.525961
vt 0.509580 0.525153
vt 0.505694 0.527328
vt 0.507859 0.527649
vt 0.494519 0.520806
vt 0.496041 0.524192
vt 0.495024 0.523723
vt 0.495340 0.524602
vt 0.493663 0.524231
vt 0.491520 0.517140
vt 0.493720 0.524443
vt 0.491287 0.525828
vt 0.497190 0.526684
vt 0.483159 0.519591
vt 0.481389 0.521995
vt 0.470804 0.518373
vt 0.474518 0.525951
vt 0.471936 0.520893
vt 0.471741 0.533417
vt 0.468684 0.530445
vt 0.463064 0.519159
vt 0.464684 0.534482
vt 0.458860 0.526125
vt 0.458643 0.528779
vt 0.453412 0.515858
vt 0.454437 0.530842
vt 0.456676 0.525384
vt 0.450981 0.517646
vt 0.450255 0.520735
vt 0.446490 0.521913
vt 0.442334 0.512226
vt 0.425476 0.519025
vt 0.423282 0.513565
vt 0.422271 0.535407
vt 0.416707 0.517028
vt 0.415546 0.527792
vt 0.412358 0.530162
vt 0.077259 0.524124
vt 0.408289 0.517890
vt 0.405830 0.517291
vt 0.405554 0.518966
vt 0.404945 0.521733
vt 0.404839 0.518289
vt 0.405579 0.517023
vt 0.404584 0.518198
vt 0.403593 0.520307
vt 0.404908 0.519036
vt 0.402596 0.517925
vt 0.408169 0.530166
vt 0.405104 0.524279
vt 0.402496 0.522931
vt 0.405684 0.534601
vt 0.400362 0.521399
vt 0.394216 0.519100
vt 0.393419 0.529674
vt 0.391533 0.521444
vt 0.387322 0.514338
vt 0.385673 0.513519
vt 0.387731 0.519721
vt 0.388488 0.520087
vt 0.387365 0.548234
vt 0.387595 0.524805
vt 0.385775 0.520328
vt 0.389063 0.519655
vt 0.387619 0.526810
vt 0.383997 0.517410
vt 0.381777 0.523952
vt 0.383986 0.518405
vt 0.372957 0.542371
vt 0.371721 0.524226
vt 0.364781 0.527926
vt 0.365399 0.524779
vt 0.365575 0.527934
vt 0.362940 0.523859
vt 0.360335 0.526698
vt 0.362854 0.527822
vt 0.357521 0.519682
vt 0.359456 0.522135
vt 0.359303 0.522147
vt 0.353505 0.522565
vt 0.347480 0.522813
vt 0.351385 0.527052
vt 0.342974 0.530652
vt 0.346775 0.530947
vt 0.342554 0.518332
vt 0.332761 0.517970
vt 0.334105 0.526715
vt 0.337856 0.530096
vt 0.325740 0.534325
vt 0.328544 0.515196
vt 0.325550 0.526757
vt 0.323012 0.525383
vt 0.319056 0.526107
vt 0.320537 0.532108
vt 0.317269 0.518257
vt 0.313971 0.519577
vt 0.318628 0.521382
vt 0.310883 0.526887
vt 0.297036 0.520120
vt 0.306565 0.530758
vt 0.294388 0.525937
vt 0.297370 0.517507
vt 0.296835 0.517297
vt 0.291023 0.527330
vt 0.274378 0.522004
vt 0.273942 0.538709
vt 0.624563 0.545116
vt 0.623170 0.542379
vt 0.619663 0.544747
vt 0.617995 0.533759
vt 0.617009 0.530961
vt 0.617448 0.533151
vt 0.617528 0.533013
vt 0.611103 0.542414
vt 0.602566 0.539054
vt 0.600397 0.536867
vt 0.586815 0.534257
vt 0.584748 0.545068
vt 0.584943 0.537899
vt 0.585310 0.528580
vt 0.582208 0.528188
vt 0.583604 0.532981
vt 0.580550 0.545056
vt 0.574357 0.542779
vt 0.569685 0.527414
vt 0.568423 0.532259
vt 0.562026 0.542953
vt 0.562655 0.533612
vt 0.559181 0.532090
vt 0.558184 0.538488
vt 0.552207 0.532850
vt 0.555365 0.535449
vt 0.087180 0.334552
vt 0.079011 0.334417
vt 0.081367 0.340716
vt 0.536628 0.533967
vt 0.547248 0.535001
vt 0.550376 0.527677
vt 0.540890 0.535285
vt 0.542955 0.536752
vt 0.539399 0.541458
vt 0.509054 0.551081
vt 0.502395 0.534389
vt 0.505159 0.528229
vt 0.499631 0.528107
vt 0.497127 0.532789
vt 0.497302 0.540637
vt 0.493272 0.539418
vt 0.488535 0.531957
vt 0.487338 0.533964
vt 0.489425 0.538525
vt 0.484289 0.540869
vt 0.481512 0.539249
vt 0.477922 0.526718
vt 0.477745 0.543078
vt 0.480556 0.543552
vt 0.470779 0.535426
vt 0.468543 0.531296
vt 0.462107 0.540108
vt 0.456328 0.530562
vt 0.455571 0.534200
vt 0.457231 0.542413
vt 0.450827 0.536660
vt 0.454827 0.534789
vt 0.452388 0.538100
vt 0.450309 0.539996
vt 0.445067 0.536524
vt 0.440198 0.539496
vt 0.431938 0.540417
vt 0.417445 0.537753
vt 0.417964 0.529146
vt 0.415049 0.537649
vt 0.414382 0.529029
vt 0.416309 0.538004
vt 0.414709 0.538755
vt 0.417372 0.539859
vt 0.410329 0.543690
vt 0.408717 0.533551
vt 0.408672 0.531854
vt 0.402688 0.544650
vt 0.401639 0.531559
vt 0.399274 0.532454
vt 0.396958 0.523764
vt 0.398659 0.538242
vt 0.398927 0.537829
vt 0.363407 0.540566
vt 0.359245 0.531703
vt 0.354178 0.536476
vt 0.361185 0.542956
vt 0.349374 0.534050
vt 0.351341 0.539265
vt 0.344971 0.533518
vt 0.991392 0.416896
vt 0.994665 0.419512
vt 0.997598 0.416825
vt 0.340738 0.534393
vt 0.341208 0.538407
vt 0.334216 0.530556
vt 0.123964 0.702747
vt 0.129001 0.698219
vt 0.128089 0.705084
vt 0.335192 0.539146
vt 0.331739 0.541198
vt 0.328049 0.534603
vt 0.323950 0.536607
vt 0.327948 0.545215
vt 0.319529 0.535555
vt 0.317078 0.529573
vt 0.316437 0.529085
vt 0.310816 0.528453
vt 0.311591 0.530957
vt 0.320440 0.539024
vt 0.317038 0.543529
vt 0.311185 0.538052
vt 0.305508 0.543760
vt 0.311707 0.540724
vt 0.299140 0.548082
vt 0.295748 0.533944
vt 0.293467 0.529765
vt 0.292232 0.548213
vt 0.293327 0.536890
vt 0.292891 0.531038
vt 0.287895 0.536420
vt 0.291909 0.537669
vt 0.289677 0.539228
vt 0.624562 0.545106
vt 0.618701 0.550778
vt 0.620687 0.556631
vt 0.613753 0.546373
vt 0.609627 0.559509
vt 0.606855 0.558561
vt 0.603799 0.550206
vt 0.602171 0.554076
vt 0.594737 0.553784
vt 0.600863 0.552843
vt 0.592195 0.561219
vt 0.576811 0.543943
vt 0.577458 0.546491
vt 0.572567 0.550326
vt 0.581132 0.545645
vt 0.573660 0.553635
vt 0.569467 0.550631
vt 0.573813 0.549001
vt 0.562964 0.559715
vt 0.557223 0.551508
vt 0.559375 0.542487
vt 0.556844 0.544909
vt 0.556642 0.547826
vt 0.554633 0.544838
vt 0.552384 0.548489
vt 0.541213 0.552669
vt 0.554277 0.552283
vt 0.537066 0.543424
vt 0.532171 0.560182
vt 0.525071 0.548297
vt 0.532398 0.547005
vt 0.532638 0.548043
vt 0.526407 0.549701
vt 0.529244 0.565943
vt 0.511850 0.552456
vt 0.495853 0.545308
vt 0.491663 0.551244
vt 0.489305 0.550239
vt 0.495187 0.542939
vt 0.485061 0.545978
vt 0.492664 0.547547
vt 0.483170 0.544297
vt 0.463424 0.548501
vt 0.479200 0.546624
vt 0.464149 0.546248
vt 0.461636 0.547336
vt 0.456200 0.544658
vt 0.458299 0.543000
vt 0.461086 0.547287
vt 0.450789 0.542369
vt 0.448630 0.548760
vt 0.452705 0.554034
vt 0.450635 0.542183
vt 0.447374 0.541851
vt 0.449425 0.539650
vt 0.442151 0.541397
vt 0.442393 0.548422
vt 0.447822 0.549964
vt 0.443835 0.550068
vt 0.441172 0.552235
vt 0.245168 0.606407
vt 0.238421 0.605038
vt 0.240020 0.608202
vt 0.239471 0.611432
vt 0.440009 0.544562
vt 0.440634 0.551035
vt 0.433556 0.551841
vt 0.439301 0.551854
vt 0.430078 0.544256
vt 0.430150 0.549717
vt 0.423180 0.547388
vt 0.943116 0.400159
vt 0.935202 0.399723
vt 0.940352 0.403003
vt 0.421583 0.537283
vt 0.423086 0.547320
vt 0.427045 0.541878
vt 0.414006 0.545554
vt 0.416212 0.555409
vt 0.420399 0.554540
vt 0.413650 0.555511
vt 0.410918 0.546693
vt 0.409682 0.550547
vt 0.404802 0.548259
vt 0.406727 0.548678
vt 0.399998 0.559068
vt 0.408213 0.551808
vt 0.400216 0.544341
vt 0.400908 0.545797
vt 0.400176 0.544336
vt 0.397901 0.550355
vt 0.400908 0.545797
vt 0.398720 0.553141
vt 0.389874 0.536609
vt 0.389916 0.553041
vt 0.388678 0.548551
vt 0.376875 0.554044
vt 0.371885 0.546915
vt 0.376190 0.557389
vt 0.365802 0.544621
vt 0.369425 0.566330
vt 0.361012 0.555201
vt 0.352054 0.543832
vt 0.091644 0.454241
vt 0.088369 0.451905
vt 0.091251 0.446606
vt 0.356904 0.553474
vt 0.359813 0.553029
vt 0.354173 0.554087
vt 0.348807 0.547511
vt 0.351154 0.539560
vt 0.342217 0.542805
vt 0.342156 0.546176
vt 0.342775 0.550812
vt 0.339863 0.543270
vt 0.340562 0.547296
vt 0.337870 0.552176
vt 0.342638 0.551118
vt 0.339201 0.542297
vt 0.334966 0.541872
vt 0.335061 0.539264
vt 0.331490 0.549460
vt 0.328938 0.547738
vt 0.328901 0.548356
vt 0.317647 0.544258
vt 0.325875 0.552952
vt 0.311658 0.546405
vt 0.317042 0.543537
vt 0.311367 0.546674
vt 0.305961 0.548919
vt 0.305891 0.553453
vt 0.303273 0.549342
vt 0.306251 0.548147
vt 0.301006 0.552865
vt 0.291129 0.551625
vt 0.290226 0.550212
vt 0.290258 0.550288
vt 0.287377 0.548009
vt 0.286316 0.552748
vt 0.278932 0.548070
vt 0.276458 0.547246
vt 0.273182 0.551356
vt 0.623251 0.563438
vt 0.623852 0.566259
vt 0.616172 0.545894
vt 0.616878 0.557203
vt 0.618280 0.555360
vt 0.617399 0.574987
vt 0.620560 0.564600
vt 0.616616 0.565694
vt 0.613804 0.561816
vt 0.608354 0.568686
vt 0.606958 0.562863
vt 0.603945 0.557071
vt 0.606218 0.561607
vt 0.601015 0.566695
vt 0.595066 0.556558
vt 0.593920 0.564631
vt 0.594765 0.553773
vt 0.582580 0.547563
vt 0.589876 0.563618
vt 0.575206 0.558575
vt 0.579308 0.568881
vt 0.586956 0.570816
vt 0.575996 0.568409
vt 0.994717 0.851236
vt 0.997426 0.854012
vt 0.998180 0.851236
vt 0.571645 0.556857
vt 0.571855 0.557144
vt 0.570744 0.562034
vt 0.566249 0.561155
vt 0.554006 0.565546
vt 0.565402 0.563668
vt 0.552252 0.560647
vt 0.550814 0.567206
vt 0.554743 0.564252
vt 0.543569 0.556766
vt 0.545659 0.565220
vt 0.540341 0.563280
vt 0.538278 0.554234
vt 0.540838 0.554145
vt 0.530051 0.560197
vt 0.524740 0.565240
vt 0.518878 0.565655
vt 0.513076 0.561762
vt 0.512621 0.571345
vt 0.505981 0.555942
vt 0.508286 0.558769
vt 0.506362 0.559740
vt 0.480446 0.560344
vt 0.463244 0.562014
vt 0.459442 0.563560
vt 0.447335 0.561382
vt 0.458287 0.569218
vt 0.445933 0.565912
vt 0.433599 0.559684
vt 0.436529 0.571097
vt 0.434882 0.556815
vt 0.438927 0.551949
vt 0.431082 0.555190
vt 0.434985 0.556501
vt 0.427548 0.564842
vt 0.420384 0.554568
vt 0.422394 0.563123
vt 0.430287 0.550634
vt 0.422891 0.565172
vt 0.417891 0.557482
vt 0.414919 0.558660
vt 0.416846 0.562893
vt 0.054481 0.527368
vt 0.055827 0.523714
vt 0.051393 0.522431
vt 0.414666 0.558831
vt 0.058203 0.527908
vt 0.396696 0.556137
vt 0.398185 0.564432
vt 0.350428 0.882690
vt 0.355508 0.885383
vt 0.355552 0.881654
vt 0.396731 0.553071
vt 0.389729 0.553253
vt 0.392589 0.557304
vt 0.389287 0.560928
vt 0.392051 0.557826
vt 0.383142 0.560413
vt 0.385885 0.562959
vt 0.390568 0.571168
vt 0.383502 0.561441
vt 0.381432 0.563894
vt 0.378132 0.567948
vt 0.376868 0.554039
vt 0.356527 0.555360
vt 0.356935 0.558203
vt 0.355760 0.564806
vt 0.354830 0.561390
vt 0.356523 0.555362
vt 0.352300 0.561143
vt 0.149378 0.327459
vt 0.146172 0.334372
vt 0.144614 0.332123
vt 0.354684 0.561667
vt 0.347316 0.566967
vt 0.341700 0.562735
vt 0.340636 0.553399
vt 0.333893 0.561257
vt 0.327996 0.561327
vt 0.321435 0.559019
vt 0.326162 0.566133
vt 0.316205 0.547097
vt 0.321564 0.565385
vt 0.316741 0.555092
vt 0.320073 0.560432
vt 0.316751 0.555087
vt 0.321044 0.564749
vt 0.311314 0.557236
vt 0.311466 0.557442
vt 0.307185 0.557462
vt 0.296048 0.567085
vt 0.304360 0.555227
vt 0.294045 0.559183
vt 0.293150 0.561046
vt 0.291861 0.557677
vt 0.291430 0.564189
vt 0.286099 0.566903
vt 0.278460 0.558574
vt 0.274069 0.555698
vt 0.275635 0.560203
vt 0.277960 0.569647
vt 0.276579 0.549120
vt 0.623507 0.586957
vt 0.623197 0.568965
vt 0.615618 0.571618
vt 0.608882 0.572439
vt 0.607354 0.567911
vt 0.598931 0.567054
vt 0.606823 0.571389
vt 0.599169 0.573296
vt 0.608697 0.585724
vt 0.595082 0.570166
vt 0.598646 0.576416
vt 0.595279 0.574122
vt 0.592789 0.571120
vt 0.581457 0.575199
vt 0.586734 0.575214
vt 0.589211 0.577535
vt 0.577212 0.570489
vt 0.575904 0.568758
vt 0.567562 0.575773
vt 0.575610 0.564380
vt 0.571996 0.564916
vt 0.569655 0.562927
vt 0.566084 0.572898
vt 0.564926 0.576784
vt 0.563623 0.574924
vt 0.557731 0.569533
vt 0.558822 0.580252
vt 0.552292 0.569376
vt 0.550625 0.567813
vt 0.549241 0.570592
vt 0.552075 0.569312
vt 0.545029 0.566904
vt 0.550375 0.580230
vt 0.551593 0.571079
vt 0.548540 0.577510
vt 0.529637 0.566532
vt 0.525183 0.572965
vt 0.527958 0.596604
vt 0.525147 0.567972
vt 0.519131 0.570625
vt 0.519109 0.576863
vt 0.523802 0.566632
vt 0.518821 0.571172
vt 0.515120 0.575119
vt 0.514489 0.580903
vt 0.516912 0.569686
vt 0.510071 0.563396
vt 0.489788 0.572617
vt 0.492713 0.574481
vt 0.500426 0.575148
vt 0.479018 0.567178
vt 0.463244 0.562014
vt 0.476446 0.567648
vt 0.476194 0.574521
vt 0.470926 0.577700
vt 0.482327 0.573082
vt 0.472629 0.574237
vt 0.462836 0.570002
vt 0.461696 0.573519
vt 0.457162 0.573770
vt 0.450645 0.571169
vt 0.454748 0.573406
vt 0.461669 0.575274
vt 0.448173 0.572942
vt 0.448517 0.566375
vt 0.447585 0.570049
vt 0.445232 0.568254
vt 0.447963 0.572367
vt 0.444674 0.575254
vt 0.444249 0.576392
vt 0.448392 0.575161
vt 0.439466 0.575864
vt 0.444057 0.574910
vt 0.431456 0.573000
vt 0.437376 0.579904
vt 0.426828 0.566761
vt 0.425832 0.575708
vt 0.431870 0.576863
vt 0.419675 0.574463
vt 0.412881 0.575665
vt 0.417566 0.563598
vt 0.062920 0.522431
vt 0.397470 0.568686
vt 0.401660 0.572019
vt 0.406455 0.574258
vt 0.411812 0.581081
vt 0.406792 0.575350
vt 0.406225 0.574404
vt 0.402159 0.574750
vt 0.397766 0.573731
vt 0.394879 0.568695
vt 0.394962 0.568589
vt 0.390494 0.571882
vt 0.390606 0.573973
vt 0.394848 0.575484
vt 0.396703 0.574035
vt 0.391645 0.577098
vt 0.390576 0.574029
vt 0.387221 0.572362
vt 0.389538 0.571603
vt 0.388649 0.571830
vt 0.386397 0.572668
vt 0.385243 0.574577
vt 0.389002 0.575876
vt 0.381761 0.566334
vt 0.382421 0.573338
vt 0.383689 0.580882
vt 0.376042 0.577566
vt 0.374981 0.575376
vt 0.369250 0.568368
vt 0.371030 0.578965
vt 0.367915 0.575969
vt 0.354731 0.580392
vt 0.354331 0.576058
vt 0.348084 0.570303
vt 0.351906 0.577082
vt 0.341679 0.568522
vt 0.346000 0.566696
vt 0.341415 0.567657
vt 0.336613 0.568030
vt 0.329680 0.570161
vt 0.345833 0.575590
vt 0.335020 0.579807
vt 0.330206 0.563360
vt 0.050383 0.901464
vt 0.047752 0.904468
vt 0.048508 0.898826
vt 0.326154 0.566131
vt 0.329936 0.569490
vt 0.300562 0.580021
vt 0.325444 0.579683
vt 0.299686 0.571791
vt 0.284306 0.581466
vt 0.285566 0.570358
vt 0.278446 0.572679
vt 0.282224 0.567003
vt 0.284833 0.568273
vt 0.273530 0.571590
vt 0.274280 0.557430
vt 0.617287 0.578875
vt 0.614778 0.596342
vt 0.622324 0.590288
vt 0.613420 0.586175
vt 0.608865 0.572465
vt 0.611970 0.584203
vt 0.613163 0.586234
vt 0.612275 0.595539
vt 0.597393 0.578269
vt 0.595485 0.574786
vt 0.592285 0.578985
vt 0.587632 0.578614
vt 0.589517 0.589342
vt 0.594880 0.593336
vt 0.580969 0.590015
vt 0.580220 0.584282
vt 0.578618 0.588148
vt 0.576218 0.581883
vt 0.563373 0.581041
vt 0.577711 0.587760
vt 0.556075 0.582828
vt 0.555731 0.590134
vt 0.558713 0.580808
vt 0.542357 0.585563
vt 0.543795 0.589182
vt 0.350327 0.852184
vt 0.353351 0.847870
vt 0.355908 0.854087
vt 0.542361 0.585562
vt 0.541597 0.588527
vt 0.513829 0.582607
vt 0.509699 0.574676
vt 0.510625 0.584055
vt 0.505691 0.589802
vt 0.499261 0.583076
vt 0.500883 0.574555
vt 0.499662 0.588828
vt 0.953098 0.218527
vt 0.955305 0.226711
vt 0.951968 0.224833
vt 0.496152 0.582107
vt 0.229254 0.937135
vt 0.232391 0.934227
vt 0.226225 0.933935
vt 0.491840 0.586773
vt 0.496329 0.589327
vt 0.489625 0.574275
vt 0.484389 0.581848
vt 0.487797 0.573412
vt 0.480933 0.583785
vt 0.491821 0.591945
vt 0.475318 0.593437
vt 0.482290 0.581464
vt 0.468836 0.580769
vt 0.464145 0.583907
vt 0.468198 0.593053
vt 0.469181 0.574021
vt 0.468096 0.577386
vt 0.465082 0.581082
vt 0.460771 0.586588
vt 0.461211 0.582342
vt 0.452269 0.583430
vt 0.453870 0.589522
vt 0.445959 0.583398
vt 0.443955 0.576976
vt 0.436364 0.583624
vt 0.429437 0.588245
vt 0.449896 0.584630
vt 0.442044 0.592773
vt 0.432657 0.578881
vt 0.427647 0.581590
vt 0.422741 0.585868
vt 0.419661 0.574291
vt 0.422675 0.580802
vt 0.419134 0.580077
vt 0.422374 0.585651
vt 0.417074 0.585101
vt 0.418200 0.578751
vt 0.422546 0.586358
vt 0.417084 0.589348
vt 0.421696 0.588586
vt 0.413971 0.584950
vt 0.405380 0.577818
vt 0.397295 0.580077
vt 0.411260 0.584983
vt 0.395151 0.584427
vt 0.391645 0.577373
vt 0.389573 0.578956
vt 0.392676 0.585168
vt 0.383740 0.584111
vt 0.381108 0.582841
vt 0.374718 0.589515
vt 0.374125 0.581770
vt 0.375541 0.584028
vt 0.374682 0.589362
vt 0.363043 0.586957
vt 0.366140 0.577606
vt 0.351535 0.577120
vt 0.337762 0.579667
vt 0.353416 0.595785
vt 0.359910 0.588525
vt 0.339451 0.584250
vt 0.339350 0.584856
vt 0.336180 0.582667
vt 0.331559 0.587124
vt 0.332224 0.582431
vt 0.331766 0.581674
vt 0.326903 0.581080
vt 0.327980 0.582067
vt 0.317627 0.588345
vt 0.305540 0.588114
vt 0.293997 0.581887
vt 0.299351 0.587388
vt 0.304174 0.588277
vt 0.293746 0.586064
vt 0.288237 0.582549
vt 0.994027 0.295203
vt 0.996350 0.297937
vt 0.998559 0.295152
vt 0.286711 0.584949
vt 0.293519 0.586100
vt 0.284492 0.594162
vt 0.284857 0.581721
vt 0.282122 0.584056
vt 0.280525 0.581813
vt 0.277531 0.586143
vt 0.274231 0.574032
vt 0.274020 0.595544
vt 0.623990 0.591417
vt 0.613227 0.597699
vt 0.607371 0.599123
vt 0.605133 0.603047
vt 0.601982 0.593673
vt 0.602910 0.596240
vt 0.612305 0.596119
vt 0.604312 0.597167
vt 0.606164 0.597947
vt 0.599131 0.595766
vt 0.584299 0.592394
vt 0.603421 0.597288
vt 0.595182 0.597086
vt 0.603203 0.599297
vt 0.594195 0.601121
vt 0.584656 0.596961
vt 0.592711 0.598287
vt 0.576473 0.592133
vt 0.395966 0.162187
vt 0.391458 0.161122
vt 0.392017 0.163527
vt 0.569951 0.594391
vt 0.568761 0.596489
vt 0.575597 0.597655
vt 0.570280 0.597042
vt 0.569612 0.597773
vt 0.573449 0.601167
vt 0.575546 0.597809
vt 0.564305 0.597539
vt 0.568005 0.597074
vt 0.556731 0.592997
vt 0.558134 0.594566
vt 0.555254 0.596897
vt 0.564232 0.597608
vt 0.557416 0.598065
vt 0.563171 0.599691
vt 0.556437 0.602399
vt 0.554932 0.596898
vt 0.554701 0.597087
vt 0.548866 0.598016
vt 0.539054 0.596489
vt 0.550088 0.597171
vt 0.515750 0.604752
vt 0.541262 0.597184
vt 0.529672 0.597282
vt 0.527748 0.596420
vt 0.518842 0.596590
vt 0.519804 0.595568
vt 0.520889 0.596401
vt 0.507285 0.596069
vt 0.497278 0.589307
vt 0.506506 0.597215
vt 0.489280 0.595998
vt 0.502351 0.599007
vt 0.494785 0.594491
vt 0.490797 0.595995
vt 0.486821 0.598623
vt 0.488638 0.596672
vt 0.481313 0.595889
vt 0.484481 0.595977
vt 0.485186 0.596413
vt 0.479652 0.596284
vt 0.477992 0.594843
vt 0.477953 0.594849
vt 0.472307 0.595800
vt 0.472441 0.595118
vt 0.471032 0.600708
vt 0.466308 0.596407
vt 0.468833 0.599970
vt 0.457286 0.593656
vt 0.466163 0.596283
vt 0.451351 0.593053
vt 0.456484 0.595147
vt 0.451836 0.590646
vt 0.452804 0.596232
vt 0.449326 0.597069
vt 0.458186 0.595722
vt 0.450881 0.593257
vt 0.453363 0.595487
vt 0.446938 0.600866
vt 0.450660 0.596158
vt 0.438303 0.596390
vt 0.449326 0.597069
vt 0.446703 0.598768
vt 0.435155 0.591820
vt 0.437206 0.594494
vt 0.437997 0.596418
vt 0.439294 0.595074
vt 0.438391 0.592247
vt 0.433803 0.592901
vt 0.434806 0.596024
vt 0.431390 0.590674
vt 0.426134 0.591553
vt 0.431848 0.595407
vt 0.427328 0.596005
vt 0.423319 0.595796
vt 0.429806 0.596308
vt 0.426405 0.593596
vt 0.420260 0.593190
vt 0.412914 0.591555
vt 0.409760 0.595565
vt 0.431750 0.599142
vt 0.413653 0.590804
vt 0.405987 0.591027
vt 0.404529 0.596711
vt 0.375476 0.770254
vt 0.373775 0.774090
vt 0.373229 0.765473
vt 0.395902 0.590800
vt 0.391562 0.595617
vt 0.403704 0.594553
vt 0.389865 0.590377
vt 0.392574 0.599650
vt 0.409473 0.597277
vt 0.391518 0.595593
vt 0.385887 0.603854
vt 0.389593 0.599632
vt 0.380792 0.591069
vt 0.380500 0.591772
vt 0.375314 0.595894
vt 0.377628 0.590837
vt 0.377797 0.592436
vt 0.371191 0.596803
vt 0.366306 0.590164
vt 0.366506 0.589283
vt 0.360758 0.589102
vt 0.359854 0.591109
vt 0.358480 0.591576
vt 0.367800 0.601687
vt 0.629814 0.577038
vt 0.629951 0.581585
vt 0.628469 0.576139
vt 0.348998 0.598190
vt 0.346201 0.604632
vt 0.984530 0.004314
vt 0.985374 0.001959
vt 0.986523 0.005206
vt 0.351798 0.597034
vt 0.340562 0.590065
vt 0.333799 0.595448
vt 0.331432 0.592686
vt 0.331563 0.587135
vt 0.330436 0.592433
vt 0.319367 0.590762
vt 0.314696 0.596001
vt 0.333593 0.595480
vt 0.318503 0.594139
vt 0.317436 0.593092
vt 0.318755 0.590857
vt 0.312943 0.595225
vt 0.307366 0.591801
vt 0.305925 0.592926
vt 0.295236 0.594378
vt 0.294936 0.594287
vt 0.282793 0.595730
vt 0.281839 0.594759
vt 0.282592 0.595694
vt 0.623535 0.612269
vt 0.600758 0.611934
vt 0.599948 0.608764
vt 0.598700 0.611522
vt 0.590817 0.602784
vt 0.580625 0.602817
vt 0.574535 0.609766
vt 0.572813 0.611669
vt 0.584138 0.597964
vt 0.578599 0.598784
vt 0.564802 0.607388
vt 0.571707 0.609674
vt 0.571991 0.611360
vt 0.563234 0.609431
vt 0.533607 0.610402
vt 0.560808 0.607631
vt 0.529335 0.606943
vt 0.532779 0.606560
vt 0.515282 0.608428
vt 0.518398 0.607852
vt 0.515042 0.607347
vt 0.485508 0.610605
vt 0.507358 0.597762
vt 0.502420 0.603327
vt 0.152197 0.598358
vt 0.157659 0.596680
vt 0.150336 0.595532
vt 0.483549 0.608432
vt 0.486421 0.608452
vt 0.483549 0.608432
vt 0.442432 0.609769
vt 0.484795 0.610596
vt 0.468395 0.600404
vt 0.465918 0.599570
vt 0.441783 0.606560
vt 0.440184 0.608316
vt 0.429533 0.609560
vt 0.387845 0.607447
vt 0.389561 0.599705
vt 0.387226 0.603148
vt 0.386480 0.605639
vt 0.383544 0.609560
vt 0.386437 0.605584
vt 0.381837 0.609899
vt 0.383494 0.608609
vt 0.377694 0.603790
vt 0.374081 0.607573
vt 0.373277 0.603959
vt 0.370901 0.601260
vt 0.371475 0.605156
vt 0.370547 0.601269
vt 0.369886 0.604360
vt 0.351500 0.608928
vt 0.365444 0.604821
vt 0.369570 0.611278
vt 0.360558 0.615538
vt 0.349521 0.604895
vt 0.347783 0.606615
vt 0.347773 0.606620
vt 0.342754 0.609726
vt 0.979342 0.000692
vt 0.971614 0.016511
vt 0.913121 0.015965
vt 0.953112 0.001188
vt 0.913559 0.001104
vt 0.163378 0.840645
vt 0.165119 0.822006
vt 0.166583 0.841449
vt 0.195555 0.492251
vt 0.202106 0.484107
vt 0.197435 0.612640
vt 0.200712 0.551919
vt 0.194633 0.492147
vt 0.215284 0.417053
vt 0.198060 0.466003
vt 0.208703 0.456089
vt 0.210237 0.454104
vt 0.195256 0.399501
vt 0.210237 0.454038
vt 0.199018 0.398159
vt 0.195657 0.368418
vt 0.196975 0.366753
vt 0.212794 0.334814
vt 0.197550 0.318989
vt 0.213730 0.319415
vt 0.118207 0.917955
vt 0.098867 0.925696
vt 0.118639 0.926294
vt 0.098600 0.917878
vt 0.893934 0.648894
vt 0.893928 0.655301
vt 0.909928 0.655228
vt 0.910179 0.648779
vt 0.256877 0.631707
vt 0.249138 0.876458
vt 0.250263 0.631717
vt 0.253977 0.903587
vt 0.246445 0.904400
vt 0.968061 0.695424
vt 0.984824 0.695680
vt 0.969064 0.763044
vt 0.967933 0.767325
vt 0.984595 0.967803
vt 0.968520 0.767787
vt 0.970114 0.832621
vt 0.448394 0.183642
vt 0.458416 0.293521
vt 0.439474 0.293647
vt 0.457108 0.172303
vt 0.457108 0.172293
vt 0.439766 0.174614
vt 0.440526 0.073689
vt 0.455811 0.066558
vt 0.453219 0.064989
vt 0.458364 0.048020
vt 0.440523 0.073746
vt 0.438596 0.048182
vt 0.477074 0.075503
vt 0.477280 0.227757
vt 0.462139 0.076515
vt 0.477678 0.296582
vt 0.462495 0.257949
vt 0.460989 0.260139
vt 0.461339 0.296740
vt 0.461580 0.259108
vt 0.460989 0.260141
vt 0.221366 0.956815
vt 0.214816 0.957634
vt 0.210680 0.711891
vt 0.219790 0.685337
vt 0.211257 0.683855
vt 0.208080 0.710583
vt 0.270897 0.937338
vt 0.270399 0.926007
vt 0.286669 0.938608
vt 0.270085 0.806018
vt 0.272199 0.800577
vt 0.272552 0.785470
vt 0.269371 0.735784
vt 0.269878 0.655552
vt 0.286401 0.655623
vt 0.159685 0.044337
vt 0.159923 0.037570
vt 0.021393 0.043596
vt 0.022534 0.037783
vt 0.198643 0.033016
vt 0.204847 0.040679
vt 0.219726 0.039298
vt 0.222828 0.034313
vt 0.216690 0.037142
vt 0.234069 0.040991
vt 0.224013 0.034226
vt 0.292755 0.037852
vt 0.283884 0.033716
vt 0.290870 0.035104
vt 0.332977 0.033334
vt 0.283904 0.033718
vt 0.317557 0.040965
vt 0.334689 0.034651
vt 0.344336 0.035821
vt 0.360076 0.034176
vt 0.338355 0.033520
vt 0.345751 0.035290
vt 0.159942 0.785929
vt 0.164745 0.782795
vt 0.161678 0.789553
vt 0.349390 0.037936
vt 0.369920 0.038577
vt 0.371206 0.035290
vt 0.373897 0.038707
vt 0.375105 0.034744
vt 0.430764 0.040626
vt 0.373925 0.038730
vt 0.382573 0.034917
vt 0.382564 0.034273
vt 0.429386 0.033553
vt 0.438235 0.036200
vt 0.438628 0.034205
vt 0.451204 0.040201
vt 0.439966 0.033438
vt 0.473592 0.034368
vt 0.463869 0.037365
vt 0.469274 0.038390
vt 0.499156 0.040978
vt 0.473597 0.034359
vt 0.503284 0.037006
vt 0.533250 0.033556
vt 0.532006 0.040080
vt 0.536644 0.039049
vt 0.543741 0.035324
vt 0.532333 0.040366
vt 0.266304 0.319455
vt 0.258477 0.587880
vt 0.258580 0.318384
vt 0.266554 0.586490
vt 0.197163 0.315782
vt 0.347012 0.315403
vt 0.101880 0.315550
vt 0.232944 0.315607
vt 0.266329 0.315598
vt 0.347128 0.046204
vt 0.002281 0.315145
vt 0.001875 0.067414
vt 0.029342 0.779889
vt 0.029333 0.638215
vt 0.035895 0.779882
vt 0.032575 0.642121
vt 0.029881 0.638037
vt 0.029889 0.504576
vt 0.032574 0.642151
vt 0.030735 0.504099
vt 0.029390 0.441095
vt 0.035678 0.440741
vt 0.565501 0.266338
vt 0.907481 0.266672
vt 0.565447 0.000539
vt 0.300218 0.761548
vt 0.300264 0.637408
vt 0.306724 0.637411
vt 0.306803 0.904150
vt 0.300263 0.904454
vt 0.907070 0.000613
vt 0.688630 0.655816
vt 0.687491 0.654916
vt 0.819670 0.659529
vt 0.692407 0.654645
vt 0.952775 0.663860
vt 0.680633 0.999363
vt 0.953236 0.996270
vt 0.231255 0.517230
vt 0.230854 0.370536
vt 0.230160 0.374914
vt 0.111611 0.324837
vt 0.120139 0.324822
vt 0.118351 0.402160
vt 0.111591 0.594219
vt 0.119312 0.402720
vt 0.120333 0.594113
vt 0.111923 0.910111
vt 0.116346 0.901848
vt 0.118449 0.910740
vt 0.111699 0.883047
vt 0.111526 0.886389
vt 0.112251 0.887406
vt 0.111526 0.886389
vt 0.111173 0.815151
vt 0.113015 0.885113
vt 0.114481 0.820990
vt 0.112393 0.814622
vt 0.115495 0.803475
vt 0.110190 0.795708
vt 0.110824 0.792968
vt 0.114905 0.760936
vt 0.110240 0.760329
vt 0.112423 0.763027
vt 0.109200 0.745979
vt 0.111150 0.748901
vt 0.112967 0.745872
vt 0.109997 0.744586
vt 0.115265 0.715280
vt 0.117642 0.712958
vt 0.110828 0.689899
vt 0.114950 0.712816
vt 0.117295 0.712422
vt 0.116718 0.694886
vt 0.114689 0.691523
vt 0.116973 0.687077
vt 0.112744 0.687311
vt 0.111622 0.686731
vt 0.110783 0.689886
vt 0.113288 0.652122
vt 0.118442 0.645321
vt 0.111624 0.644964
vt 0.147570 0.966788
vt 0.148629 0.965170
vt 0.124209 0.970658
vt 0.289271 0.859983
vt 0.290455 0.690648
vt 0.289999 0.841317
vt 0.289927 0.881193
vt 0.289544 0.887056
vt 0.289487 0.892309
vt 0.289514 0.887656
vt 0.290289 0.886920
vt 0.128007 0.419370
vt 0.129022 0.554586
vt 0.126777 0.419461
vt 0.394474 0.116227
vt 0.396686 0.106572
vt 0.410243 0.251053
vt 0.404709 0.070895
vt 0.861021 0.618753
vt 0.794906 0.629018
vt 0.824885 0.628743
vt 0.787175 0.625569
vt 0.786385 0.629288
vt 0.789792 0.626491
vt 0.793631 0.627800
vt 0.793668 0.628010
vt 0.755312 0.618818
vt 0.414652 0.225630
vt 0.413535 0.206843
vt 0.414716 0.212937
vt 0.312915 0.645984
vt 0.311629 0.649245
vt 0.311660 0.645213
vt 0.075126 0.555176
vt 0.073701 0.564049
vt 0.073224 0.557339
vt 0.072717 0.559586
vt 0.606620 0.993647
vt 0.610131 0.992636
vt 0.606758 0.995104
vt 0.381719 0.810294
vt 0.380280 0.804747
vt 0.382890 0.802514
vt 0.384152 0.815617
vt 0.382710 0.826284
vt 0.380224 0.819488
vt 0.384549 0.792967
vt 0.381751 0.789775
vt 0.384745 0.776458
vt 0.381335 0.781109
vt 0.381159 0.772543
vt 0.383351 0.784475
vt 0.381383 0.787977
vt 0.173501 0.710666
vt 0.175909 0.710194
vt 0.173368 0.714162
vt 0.173452 0.716755
vt 0.828518 0.655782
vt 0.795139 0.654624
vt 0.794908 0.656242
vt 0.105387 0.652450
vt 0.105396 0.657749
vt 0.103003 0.651832
vt 0.106847 0.678568
vt 0.106896 0.690974
vt 0.107196 0.703237
vt 0.103121 0.735671
vt 0.107023 0.691780
vt 0.105707 0.799945
vt 0.101791 0.765435
vt 0.105207 0.820394
vt 0.167502 0.005097
vt 0.143308 0.007119
vt 0.182660 0.005274
vt 0.192784 0.005553
vt 0.183249 0.005331
vt 0.308553 0.005069
vt 0.312372 0.007205
vt 0.097995 0.489785
vt 0.099947 0.517019
vt 0.098643 0.517576
vt 0.099215 0.549834
vt 0.098712 0.560774
vt 0.098432 0.549699
vt 0.417055 0.501065
vt 0.421404 0.498134
vt 0.413750 0.500289
vt 0.419979 0.500682
vt 0.160329 0.631444
vt 0.161090 0.631271
vt 0.161274 0.627790
vt 0.154328 0.628308
vt 0.158396 0.632342
vt 0.161111 0.627838
vt 0.167419 0.632543
vt 0.160255 0.632253
vt 0.159949 0.635579
vt 0.188441 0.630113
vt 0.174211 0.630166
vt 0.189427 0.642090
vt 0.174176 0.633858
vt 0.180817 0.645210
vt 0.169876 0.628874
vt 0.169925 0.632695
vt 0.169873 0.629022
vt 0.161870 0.626996
vt 0.170161 0.632952
vt 0.164699 0.637672
vt 0.165030 0.634567
vt 0.160326 0.635968
vt 0.164563 0.637491
vt 0.198396 0.627480
vt 0.194051 0.632660
vt 0.211060 0.627763
vt 0.190923 0.634439
vt 0.189562 0.628350
vt 0.197979 0.640997
vt 0.937247 0.294236
vt 0.942061 0.291797
vt 0.937502 0.310550
vt 0.933027 0.298305
vt 0.209661 0.636153
vt 0.204064 0.638010
vt 0.199019 0.639636
vt 0.204593 0.637564
vt 0.206354 0.641342
vt 0.208072 0.638174
vt 0.198975 0.639865
vt 0.209250 0.646665
vt 0.208388 0.648861
vt 0.199649 0.642250
vt 0.196760 0.658786
vt 0.189384 0.651734
vt 0.190463 0.650342
vt 0.189373 0.652311
vt 0.187285 0.657260
vt 0.208074 0.638165
vt 0.211718 0.649423
vt 0.211885 0.650250
vt 0.211502 0.657636
vt 0.487229 0.777488
vt 0.495789 0.776824
vt 0.487896 0.776128
vt 0.060691 0.602688
vt 0.069088 0.600896
vt 0.057007 0.601085
vt 0.169316 0.550978
vt 0.170316 0.558759
vt 0.169541 0.562544
vt 0.219030 0.991811
vt 0.220507 0.992480
vt 0.232972 0.989961
vt 0.307098 0.992319
vt 0.269408 0.989705
vt 0.306632 0.989332
vt 0.077620 0.968817
vt 0.079299 0.969345
vt 0.078400 0.969838
vt 0.024836 0.460533
vt 0.027462 0.452538
vt 0.026617 0.469895
vt 0.028114 0.471684
vt 0.438415 0.300595
vt 0.470453 0.300819
vt 0.465340 0.301070
vt 0.995272 0.963490
vt 0.996506 0.965300
vt 0.993306 0.967307
vt 0.562839 0.292843
vt 0.571686 0.293349
vt 0.563777 0.290909
vt 0.579157 0.291032
vt 0.583636 0.291057
vt 0.590259 0.286197
vt 0.406062 0.376930
vt 0.406677 0.367023
vt 0.406926 0.380635
vt 0.728269 0.620123
vt 0.711498 0.626497
vt 0.714798 0.632874
vt 0.705753 0.620186
vt 0.708024 0.627393
vt 0.704674 0.627867
vt 0.699593 0.621483
vt 0.729900 0.637878
vt 0.409133 0.614925
vt 0.406398 0.614459
vt 0.407170 0.616380
vt 0.409294 0.613968
vt 0.024053 0.388599
vt 0.028697 0.389692
vt 0.026912 0.404113
vt 0.023720 0.389312
vt 0.010846 0.389552
vt 0.008398 0.409832
vt 0.018386 0.417382
vt 0.022399 0.412668
vt 0.018008 0.337880
vt 0.044197 0.322489
vt 0.019568 0.322408
vt 0.916528 0.120701
vt 0.920027 0.136041
vt 0.937447 0.121930
vt 0.006560 0.008699
vt 0.019408 0.024572
vt 0.034553 0.008765
vt 0.393742 0.835192
vt 0.393831 0.850209
vt 0.379876 0.842314
vt 0.249905 0.319832
vt 0.222402 0.319344
vt 0.229426 0.341912
vt 0.974793 0.259290
vt 0.982275 0.245636
vt 0.971866 0.251250
vt 0.969519 0.250010
vt 0.955030 0.245378
vt 0.969571 0.252441
vt 0.969505 0.251565
vt 0.958247 0.251675
vt 0.188419 0.350969
vt 0.177192 0.344285
vt 0.187448 0.328339
vt 0.972427 0.273496
vt 0.988681 0.280693
vt 0.961756 0.276022
vt 0.958951 0.290502
vt 0.986201 0.271276
vt 0.955896 0.320850
vt 0.951072 0.373176
vt 0.982024 0.387389
vt 0.945772 0.427930
vt 0.947777 0.406643
vt 0.980573 0.411277
vt 0.975938 0.469601
vt 0.944358 0.477084
vt 0.939565 0.483912
vt 0.944319 0.516296
vt 0.945592 0.533991
vt 0.978437 0.528741
vt 0.952730 0.569825
vt 0.980232 0.565323
vt 0.953653 0.576928
vt 0.958498 0.596495
vt 0.918070 0.640225
vt 0.930379 0.647252
vt 0.983966 0.587785
vt 0.963008 0.619735
vt 0.988162 0.638794
vt 0.985935 0.606332
vt 0.965046 0.639666
vt 0.988477 0.663716
vt 0.485063 0.153338
vt 0.482917 0.189566
vt 0.481939 0.195130
vt 0.483437 0.266261
vt 0.479799 0.235668
vt 0.483136 0.261939
vt 0.438407 0.310314
vt 0.444926 0.312071
vt 0.453664 0.310411
vt 0.953369 0.085464
vt 0.958489 0.082746
vt 0.958657 0.090336
vt 0.955271 0.097064
vt 0.954680 0.098064
vt 0.957613 0.102602
vt 0.953112 0.119931
vt 0.958539 0.149960
vt 0.957020 0.165222
vt 0.137874 0.902829
vt 0.145032 0.910585
vt 0.138387 0.934861
vt 0.134833 0.896004
vt 0.138117 0.899344
vt 0.152178 0.927983
vt 0.153405 0.923962
vt 0.159638 0.916268
vt 0.149036 0.925695
vt 0.152076 0.927766
vt 0.148276 0.911955
vt 0.145526 0.907865
vt 0.149583 0.906578
vt 0.138324 0.899503
vt 0.137424 0.896579
vt 0.141193 0.884318
vt 0.134797 0.895353
vt 0.160095 0.924144
vt 0.162318 0.919189
vt 0.150667 0.901515
vt 0.159152 0.901895
vt 0.148758 0.901335
vt 0.159591 0.897296
vt 0.151841 0.899166
vt 0.149066 0.894938
vt 0.150639 0.888886
vt 0.147294 0.891180
vt 0.148524 0.888083
vt 0.145011 0.888742
vt 0.144330 0.884820
vt 0.147713 0.885882
vt 0.144472 0.884511
vt 0.149874 0.878808
vt 0.138424 0.868622
vt 0.141777 0.881245
vt 0.132561 0.868664
vt 0.161837 0.897146
vt 0.160937 0.894397
vt 0.161440 0.887708
vt 0.162524 0.895417
vt 0.157409 0.879531
vt 0.161206 0.864973
vt 0.152983 0.878769
vt 0.155272 0.881251
vt 0.153721 0.854824
vt 0.152915 0.878601
vt 0.148807 0.873597
vt 0.490715 0.989749
vt 0.481828 0.989683
vt 0.486109 0.992468
vt 0.146716 0.861691
vt 0.143337 0.857950
vt 0.143773 0.861825
vt 0.134667 0.865122
vt 0.141666 0.849069
vt 0.131913 0.861131
vt 0.134400 0.844882
vt 0.130406 0.838904
vt 0.132351 0.841196
vt 0.141360 0.846826
vt 0.134572 0.841964
vt 0.147623 0.834405
vt 0.135677 0.833608
vt 0.132306 0.840556
vt 0.131624 0.830721
vt 0.130166 0.837484
vt 0.156652 0.851820
vt 0.160171 0.851926
vt 0.153478 0.850695
vt 0.146009 0.849315
vt 0.145106 0.846590
vt 0.142296 0.848519
vt 0.156472 0.838238
vt 0.150369 0.833255
vt 0.150842 0.822756
vt 0.152440 0.825945
vt 0.141484 0.822794
vt 0.133802 0.829768
vt 0.136366 0.822959
vt 0.132011 0.827969
vt 0.137113 0.816037
vt 0.139324 0.820889
vt 0.137244 0.820635
vt 0.131014 0.828943
vt 0.127670 0.805796
vt 0.137336 0.804606
vt 0.143138 0.820750
vt 0.135779 0.808031
vt 0.136801 0.805249
vt 0.132966 0.803847
vt 0.127483 0.805798
vt 0.127587 0.792423
vt 0.131379 0.802561
vt 0.127305 0.794874
vt 0.160187 0.849557
vt 0.159187 0.838049
vt 0.157669 0.835929
vt 0.159575 0.820697
vt 0.144670 0.821951
vt 0.149340 0.819253
vt 0.152158 0.820406
vt 0.152428 0.819583
vt 0.145859 0.819130
vt 0.149359 0.819239
vt 0.151916 0.811935
vt 0.150406 0.817487
vt 0.149883 0.804488
vt 0.134000 0.800141
vt 0.142267 0.796029
vt 0.133775 0.799720
vt 0.135126 0.796390
vt 0.139708 0.794547
vt 0.134513 0.782472
vt 0.126442 0.785121
vt 0.131652 0.785474
vt 0.134822 0.780264
vt 0.124054 0.846459
vt 0.120557 0.841056
vt 0.123679 0.838045
vt 0.122307 0.847045
vt 0.126077 0.783222
vt 0.125920 0.767915
vt 0.127307 0.782470
vt 0.127318 0.782505
vt 0.127906 0.776305
vt 0.132774 0.781940
vt 0.126544 0.776722
vt 0.128011 0.763620
vt 0.159495 0.819663
vt 0.154195 0.809757
vt 0.154762 0.802328
vt 0.158798 0.803307
vt 0.153774 0.809650
vt 0.152716 0.804850
vt 0.400777 0.117427
vt 0.398216 0.112400
vt 0.401337 0.112326
vt 0.154203 0.802071
vt 0.154374 0.798812
vt 0.152428 0.793078
vt 0.154553 0.798897
vt 0.156070 0.796409
vt 0.158779 0.803214
vt 0.142640 0.795845
vt 0.153005 0.789658
vt 0.138602 0.782055
vt 0.148480 0.775802
vt 0.144816 0.765179
vt 0.137064 0.767145
vt 0.132876 0.767818
vt 0.125525 0.754950
vt 0.133343 0.763448
vt 0.133443 0.763448
vt 0.134507 0.765978
vt 0.139552 0.760845
vt 0.125217 0.764576
vt 0.133211 0.759992
vt 0.134038 0.751412
vt 0.139074 0.760866
vt 0.125215 0.733085
vt 0.129906 0.731998
vt 0.154776 0.792752
vt 0.156416 0.787862
vt 0.154102 0.779161
vt 0.156682 0.778383
vt 0.154155 0.776844
vt 0.156479 0.771509
vt 0.151743 0.773713
vt 0.145921 0.761500
vt 0.153368 0.767347
vt 0.155064 0.767747
vt 0.151576 0.759796
vt 0.144819 0.761882
vt 0.149337 0.752932
vt 0.143120 0.753640
vt 0.143424 0.757566
vt 0.140965 0.752222
vt 0.136502 0.749756
vt 0.144604 0.749355
vt 0.132925 0.743870
vt 0.134137 0.748302
vt 0.135299 0.744394
vt 0.133538 0.729207
vt 0.130310 0.729773
vt 0.138158 0.724624
vt 0.124737 0.729330
vt 0.121646 0.728008
vt 0.128337 0.721139
vt 0.121697 0.723292
vt 0.122655 0.720857
vt 0.125973 0.713492
vt 0.613421 0.746912
vt 0.612706 0.754000
vt 0.617697 0.748134
vt 0.155467 0.758845
vt 0.159597 0.756223
vt 0.157835 0.762412
vt 0.157086 0.744892
vt 0.155619 0.738503
vt 0.148092 0.749014
vt 0.155633 0.766999
vt 0.152433 0.747790
vt 0.149260 0.744360
vt 0.153873 0.739635
vt 0.147743 0.736809
vt 0.141247 0.736489
vt 0.141179 0.735766
vt 0.143651 0.734783
vt 0.147683 0.730956
vt 0.141672 0.735362
vt 0.141717 0.735122
vt 0.134490 0.729192
vt 0.635646 0.748834
vt 0.624096 0.755430
vt 0.641168 0.749002
vt 0.140378 0.725624
vt 0.146335 0.722910
vt 0.141818 0.722150
vt 0.134579 0.720808
vt 0.138654 0.721471
vt 0.137861 0.717523
vt 0.132622 0.709997
vt 0.134744 0.719503
vt 0.619688 0.752875
vt 0.621097 0.757027
vt 0.634660 0.754711
vt 0.157648 0.731340
vt 0.157027 0.719865
vt 0.153673 0.724902
vt 0.152406 0.736526
vt 0.152331 0.714795
vt 0.151271 0.711206
vt 0.094621 0.328422
vt 0.090778 0.328422
vt 0.092135 0.331161
vt 0.142036 0.708735
vt 0.132435 0.687916
vt 0.143161 0.684392
vt 0.144245 0.697106
vt 0.145725 0.691469
vt 0.133709 0.685987
vt 0.131748 0.675506
vt 0.152753 0.714279
vt 0.152924 0.710818
vt 0.156382 0.712913
vt 0.150202 0.692274
vt 0.156560 0.711179
vt 0.156160 0.693245
vt 0.159102 0.691051
vt 0.153961 0.689648
vt 0.137817 0.595500
vt 0.144843 0.596543
vt 0.142817 0.587713
vt 0.146968 0.681083
vt 0.145025 0.684505
vt 0.066898 0.025603
vt 0.059677 0.024433
vt 0.056265 0.027856
vt 0.148611 0.677540
vt 0.146640 0.674605
vt 0.146370 0.665985
vt 0.146887 0.681018
vt 0.140716 0.667208
vt 0.145085 0.670104
vt 0.143138 0.667654
vt 0.140664 0.665117
vt 0.138196 0.655159
vt 0.158844 0.683842
vt 0.152487 0.668264
vt 0.149271 0.662602
vt 0.135560 0.655030
vt 0.139763 0.635458
vt 0.153232 0.653080
vt 0.160240 0.677480
vt 0.160600 0.663905
vt 0.162699 0.658497
vt 0.161986 0.648642
vt 0.162690 0.658224
vt 0.310658 0.695136
vt 0.323625 0.698408
vt 0.322719 0.716428
vt 0.311922 0.722595
vt 0.001439 0.943698
vt 0.003504 0.934510
vt 0.002225 0.943989
vt 0.003694 0.923488
vt 0.003181 0.921891
vt 0.005548 0.907534
vt 0.499493 0.102315
vt 0.502509 0.125655
vt 0.499291 0.118631
vt 0.498201 0.194045
vt 0.501558 0.197269
vt 0.501864 0.229252
vt 0.501323 0.249838
vt 0.499717 0.265144
vt 0.499215 0.276128
vt 0.500120 0.273937
vt 0.233085 0.674201
vt 0.234903 0.633155
vt 0.235545 0.686959
vt 0.232955 0.720298
vt 0.235022 0.726633
vt 0.235093 0.737235
vt 0.234913 0.753465
vt 0.502793 0.993370
vt 0.488811 0.995821
vt 0.503454 0.994006
vt 0.509384 0.993251
vt 0.514290 0.994056
vt 0.337651 0.875759
vt 0.338322 0.894040
vt 0.337059 0.906517
vt 0.982731 0.418802
vt 0.983799 0.416209
vt 0.984187 0.418123
vt 0.985106 0.419300
vt 0.987884 0.414058
vt 0.988063 0.423804
vt 0.375457 0.310253
vt 0.364191 0.310223
vt 0.375749 0.312468
vt 0.360485 0.313068
vt 0.362591 0.310231
vt 0.352021 0.311952
vt 0.094341 0.372571
vt 0.091772 0.378715
vt 0.088833 0.380150
vt 0.089233 0.380199
vt 0.091311 0.411767
vt 0.093199 0.413460
vt 0.224280 0.806327
vt 0.225538 0.805333
vt 0.233151 0.806285
vt 0.318337 0.685525
vt 0.314547 0.681489
vt 0.318907 0.684422
vt 0.317172 0.660662
vt 0.310722 0.661341
vt 0.316948 0.650380
vt 0.318502 0.650215
vt 0.318268 0.649460
vt 0.316630 0.649896
vt 0.318305 0.638025
vt 0.315963 0.647229
vt 0.316270 0.645626
vt 0.556093 0.237264
vt 0.557380 0.217027
vt 0.559350 0.240041
vt 0.561614 0.188573
vt 0.558796 0.178540
vt 0.559505 0.167202
vt 0.559155 0.151928
vt 0.555735 0.147827
vt 0.539159 0.129639
vt 0.539559 0.095755
vt 0.561888 0.075204
vt 0.540433 0.069444
vt 0.548086 0.053937
vt 0.556687 0.043089
vt 0.966078 0.168672
vt 0.990060 0.165968
vt 0.990521 0.173985
vt 0.976734 0.162915
vt 0.990247 0.161675
vt 0.990677 0.164293
vt 0.361573 0.253845
vt 0.362006 0.254672
vt 0.366088 0.256088
vt 0.306428 0.946240
vt 0.308209 0.932079
vt 0.309024 0.941064
vt 0.308218 0.935279
vt 0.984308 0.989929
vt 0.964592 0.984927
vt 0.986759 0.986041
vt 0.963903 0.988330
vt 0.972107 0.997525
vt 0.244207 0.797438
vt 0.246092 0.801442
vt 0.242398 0.805446
vt 0.240756 0.814064
vt 0.244468 0.812351
vt 0.243784 0.816194
vt 0.915234 0.020110
vt 0.920894 0.026279
vt 0.922307 0.023167
vt 0.924289 0.023055
vt 0.921351 0.025666
vt 0.925848 0.024791
vt 0.926238 0.032467
vt 0.929185 0.023406
vt 0.921328 0.029222
vt 0.913307 0.031519
vt 0.927470 0.020211
vt 0.946605 0.032704
vt 0.933309 0.035176
vt 0.931804 0.035769
vt 0.932986 0.037119
vt 0.944264 0.038397
vt 0.933323 0.037052
vt 0.922709 0.038665
vt 0.689064 0.638097
vt 0.695555 0.637827
vt 0.691560 0.635538
vt 0.530973 0.006423
vt 0.539414 0.004583
vt 0.525682 0.005514
vt 0.528363 0.009439
vt 0.368872 0.661534
vt 0.372223 0.661695
vt 0.375575 0.660808
vt 0.262302 0.663164
vt 0.264273 0.664883
vt 0.262341 0.675410
vt 0.302132 0.917356
vt 0.303102 0.918738
vt 0.305682 0.918002
vt 0.239273 0.661119
vt 0.236175 0.661063
vt 0.238197 0.654415
vt 0.305919 0.608856
vt 0.299388 0.605784
vt 0.300243 0.610170
vt 0.306536 0.613319
vt 0.440719 0.780056
vt 0.436221 0.781751
vt 0.441075 0.782138
vt 0.997167 0.468993
vt 0.994020 0.469923
vt 0.994903 0.467196
vt 0.998558 0.510527
vt 0.997172 0.511784
vt 0.982053 0.476569
vt 0.984027 0.475479
vt 0.983013 0.485667
vt 0.988054 0.498852
vt 0.988872 0.500418
vt 0.987480 0.499641
vt 0.991066 0.508912
vt 0.264345 0.953138
vt 0.261581 0.944768
vt 0.266381 0.944402
vt 0.260091 0.944584
vt 0.263553 0.911547
vt 0.266822 0.916150
vt 0.048516 0.530912
vt 0.046006 0.528735
vt 0.047895 0.525954
vt 0.046152 0.527758
vt 0.048319 0.519620
vt 0.047753 0.525792
vt 0.222630 0.609374
vt 0.220453 0.605332
vt 0.222926 0.596661
vt 0.127072 0.636397
vt 0.127725 0.647434
vt 0.126701 0.653109
vt 0.271071 0.421710
vt 0.266881 0.466932
vt 0.268613 0.423077
vt 0.269594 0.450644
vt 0.267650 0.477155
vt 0.067308 0.932775
vt 0.067682 0.914073
vt 0.037108 0.932933
vt 0.037137 0.914090
vt 0.331214 0.991776
vt 0.344174 0.986938
vt 0.347155 0.991787
vt 0.347181 0.964392
vt 0.346140 0.984968
vt 0.347252 0.983620
vt 0.331005 0.964459
vt 0.062137 0.901031
vt 0.043754 0.558895
vt 0.069931 0.901545
vt 0.053697 0.633391
vt 0.050847 0.559195
vt 0.051951 0.559404
vt 0.050279 0.547799
vt 0.070008 0.555345
vt 0.068195 0.544238
vt 0.940387 0.381207
vt 0.948445 0.043484
vt 0.946958 0.381683
vt 0.243475 0.699630
vt 0.242312 0.731800
vt 0.230751 0.900853
vt 0.236946 0.821630
vt 0.232858 0.911999
vt 0.523174 0.303220
vt 0.505331 0.052168
vt 0.523512 0.052068
vt 0.505745 0.295999
vt 0.512194 0.301242
vt 0.310028 0.981307
vt 0.313751 0.979423
vt 0.309080 0.979450
vt 0.219424 0.502664
vt 0.218490 0.499356
vt 0.221644 0.503507
vt 0.219804 0.498552
vt 0.987101 0.446750
vt 0.988956 0.432580
vt 0.989004 0.444718
vt 0.911160 0.139531
vt 0.911866 0.146312
vt 0.909860 0.139351
vt 0.382633 0.677720
vt 0.383132 0.741126
vt 0.356161 0.703840
vt 0.357123 0.669149
vt 0.358168 0.736713
vt 0.368103 0.741970
vt 0.362306 0.742048
vt 0.112160 0.940474
vt 0.113801 0.956126
vt 0.139212 0.941305
vt 0.138414 0.939499
vt 0.150538 0.957958
vt 0.179102 0.955756
vt 0.171601 0.937373
vt 0.052401 0.808545
vt 0.034524 0.823715
vt 0.035397 0.811287
vt 0.034428 0.835933
vt 0.052328 0.872780
vt 0.036730 0.875345
vt 0.040560 0.904317
vt 0.549550 0.244693
vt 0.528317 0.250809
vt 0.550108 0.206197
vt 0.528582 0.180041
vt 0.548177 0.182592
vt 0.533906 0.156543
vt 0.229486 0.581937
vt 0.246174 0.603970
vt 0.230635 0.530498
vt 0.246209 0.529946
vt 0.261756 0.686225
vt 0.261823 0.731746
vt 0.261771 0.685498
vt 0.259463 0.758938
vt 0.048793 0.334048
vt 0.059010 0.318039
vt 0.058978 0.334032
vt 0.048717 0.318149
vt 0.390257 0.295895
vt 0.374423 0.296002
vt 0.375426 0.279826
vt 0.374377 0.276150
vt 0.374159 0.060352
vt 0.374819 0.277267
vt 0.374377 0.276143
vt 0.390167 0.045482
vt 0.374900 0.048534
vt 0.379981 0.046981
vt 0.424797 0.190646
vt 0.423023 0.185656
vt 0.427612 0.167769
vt 0.406087 0.172210
vt 0.405344 0.160414
vt 0.428534 0.157925
vt 0.404897 0.155826
vt 0.430269 0.122568
vt 0.408010 0.125978
vt 0.411578 0.115334
vt 0.429334 0.096194
vt 0.355166 0.143144
vt 0.352450 0.125664
vt 0.371799 0.123802
vt 0.371830 0.108429
vt 0.353274 0.068135
vt 0.371877 0.068743
vt 0.357639 0.042120
vt 0.545529 0.265741
vt 0.547755 0.260356
vt 0.541154 0.262352
vt 0.917789 0.108972
vt 0.917212 0.060378
vt 0.920790 0.105125
vt 0.934727 0.105665
vt 0.935528 0.059899
vt 0.418509 0.074855
vt 0.418159 0.092338
vt 0.433041 0.090685
vt 0.433536 0.061260
vt 0.417463 0.046124
vt 0.433461 0.046114
vt 0.433069 0.061660
vt 0.433536 0.061258
vt 0.416189 0.237323
vt 0.417555 0.240532
vt 0.417342 0.243544
vt 0.397762 0.259980
vt 0.415165 0.257471
vt 0.416005 0.264082
vt 0.404625 0.273929
vt 0.417061 0.292055
vt 0.982715 0.210188
vt 0.982790 0.220455
vt 0.953052 0.198968
vt 0.982634 0.196602
s 1
f 2117/1/1 10/2/2 11/3/3
f 10/4/2 4/5/4 11/6/3
f 3/7/5 1/8/6 4/9/7
f 8/10/8 1/8/6 3/7/5
f 4/9/7 1/8/6 2/11/9
f 2/11/9 9/12/10 4/9/7
f 1/8/11 5/13/12 9/12/13
f 1/8/11 7/14/14 5/13/12
f 7/14/14 6/15/15 5/13/12
f 13/16/16 16/17/17 15/18/18
f 16/17/17 2060/19/19 15/18/18
f 2060/19/19 5452/20/20 15/18/18
f 15/18/18 5452/20/20 12/21/21
f 12/21/21 5452/20/20 14/22/22
f 179/23/23 64/24/24 63/25/25
f 63/25/25 64/24/24 327/26/26
f 179/23/23 63/25/25 62/27/27
f 127/28/28 68/29/29 64/24/24
f 64/24/24 65/30/30 327/26/26
f 68/29/29 65/30/30 64/24/24
f 68/31/31 331/32/32 67/33/33
f 68/31/31 69/34/34 331/32/32
f 331/32/32 332/35/35 67/33/33
f 331/36/32 330/37/36 332/38/35
f 69/39/37 74/40/38 125/41/39
f 330/42/36 125/41/40 333/43/41
f 330/42/36 333/43/41 332/44/35
f 74/40/38 70/45/42 125/41/39
f 74/40/38 71/46/43 333/47/44
f 74/40/38 333/47/44 70/45/42
f 333/47/44 71/46/43 126/48/45
f 71/46/43 74/40/38 72/49/46
f 74/40/38 73/50/47 72/49/46
f 74/40/38 75/51/48 73/50/47
f 122/52/49 121/53/50 123/54/51
f 334/55/52 76/56/53 75/51/48
f 334/55/52 123/57/54 76/56/53
f 75/51/48 76/56/53 73/50/47
f 122/52/49 12/58/55 121/53/50
f 121/53/50 77/59/56 76/56/53
f 121/53/50 12/58/55 77/59/56
f 76/56/53 77/59/56 90/60/57
f 77/59/56 78/61/58 80/62/59
f 77/59/56 12/58/55 78/61/58
f 78/61/58 12/58/55 79/63/60
f 12/58/55 81/64/61 79/63/60
f 81/64/61 87/65/62 79/63/60
f 12/58/55 335/66/63 81/64/61
f 12/58/55 85/67/64 335/66/63
f 335/66/63 336/68/65 81/64/61
f 81/64/61 336/68/65 83/69/66
f 85/70/67 86/71/68 336/68/65
f 336/68/65 86/71/68 83/69/66
f 88/72/69 86/71/68 85/70/67
f 86/71/68 91/73/70 324/74/71
f 88/75/72 104/76/73 91/73/70
f 104/77/74 107/78/75 105/79/76
f 104/76/73 324/74/71 91/73/70
f 104/76/73 93/80/77 324/74/71
f 324/81/71 326/82/78 325/83/79
f 105/79/76 107/78/75 93/84/80
f 107/78/75 92/85/81 93/84/80
f 92/85/81 89/86/82 325/87/79
f 107/78/75 94/88/83 92/85/81
f 92/85/81 94/88/83 89/86/82
f 107/89/84 95/90/85 96/91/86
f 96/91/86 95/90/85 94/88/87
f 94/88/87 95/90/85 100/92/88
f 95/90/85 97/93/89 100/92/88
f 98/94/90 101/95/91 97/93/89
f 97/93/89 101/95/91 99/96/92
f 97/93/89 99/96/92 100/92/88
f 101/97/93 108/98/94 106/99/95
f 99/96/92 106/99/95 102/100/96
f 99/96/92 102/100/96 100/92/88
f 102/100/96 103/101/97 100/92/88
f 102/100/96 106/99/95 108/98/94
f 108/98/94 109/102/98 102/100/96
f 108/98/94 111/103/99 109/102/98
f 108/98/94 329/104/100 111/103/99
f 111/103/99 329/104/100 112/105/101
f 329/104/100 113/106/102 177/107/103
f 113/106/102 108/98/104 177/107/103
f 108/98/104 114/108/105 115/109/106
f 108/98/104 115/109/106 177/107/103
f 115/109/106 116/110/107 177/107/103
f 116/110/107 117/111/108 177/107/103
f 61/112/109 58/113/110 59/114/111
f 61/112/109 62/27/27 58/113/110
f 58/113/110 62/27/27 310/115/112
f 62/27/27 63/25/25 310/115/112
f 327/26/26 66/116/113 63/25/25
f 65/30/114 67/33/115 66/117/116
f 67/33/115 124/118/117 66/117/116
f 332/44/35 72/49/46 124/118/117
f 124/118/117 72/49/46 66/117/116
f 332/44/35 333/43/41 72/49/46
f 72/49/46 73/50/47 66/117/116
f 73/50/47 90/60/57 328/119/118
f 73/50/47 76/56/53 90/60/57
f 119/120/119 78/61/58 90/121/120
f 119/120/119 80/62/59 78/61/58
f 79/63/60 120/122/121 78/61/58
f 87/65/122 84/123/123 120/122/124
f 87/65/122 82/124/125 84/123/123
f 81/64/61 83/69/66 82/124/126
f 83/69/66 86/71/68 84/125/127
f 86/71/68 324/74/71 84/125/127
f 324/74/71 89/86/82 84/125/127
f 324/74/71 325/87/79 89/86/82
f 102/100/96 109/102/98 110/126/128
f 109/102/98 112/127/129 110/126/128
f 112/105/101 329/104/100 177/107/103
f 177/107/103 338/128/130 112/105/101
f 117/129/131 180/130/132 337/131/133
f 117/111/131 118/132/134 180/133/132
f 174/134/135 180/133/132 129/135/136
f 118/132/134 129/136/136 180/133/132
f 174/134/135 129/135/136 176/137/137
f 118/132/134 128/138/138 129/136/136
f 129/136/136 128/138/138 178/139/139
f 59/114/111 58/113/110 8/140/140
f 58/113/110 310/115/112 60/141/141
f 174/134/135 176/137/137 175/142/142
f 175/142/142 176/137/137 128/143/143
f 174/134/135 175/142/142 171/144/144
f 175/145/142 323/146/145 171/147/144
f 58/113/110 56/148/146 8/140/140
f 171/144/147 128/149/148 131/150/149
f 128/149/148 130/151/150 131/150/149
f 8/140/140 56/148/146 57/152/151
f 56/148/146 55/153/152 57/152/151
f 171/144/147 131/150/149 173/154/153
f 132/155/154 131/150/155 133/156/156
f 8/157/157 54/158/158 53/159/159
f 57/152/151 53/159/159 54/158/158
f 57/152/151 55/153/152 53/159/159
f 55/153/152 56/148/146 50/160/160
f 136/161/161 171/144/147 172/162/162
f 171/144/147 173/154/153 172/162/162
f 173/154/153 134/163/163 172/162/162
f 173/154/153 132/155/154 134/163/163
f 135/164/164 134/163/163 133/156/156
f 134/163/163 132/155/154 133/156/156
f 8/157/157 52/165/165 305/166/166
f 8/157/157 53/159/159 52/165/165
f 55/153/152 50/160/160 52/165/165
f 136/161/161 172/162/162 133/156/156
f 172/162/162 135/164/164 133/156/156
f 133/156/156 312/167/167 136/161/161
f 8/157/157 182/168/168 181/169/169
f 8/157/157 305/166/166 182/168/168
f 305/166/166 52/165/165 51/170/170
f 51/170/170 52/165/165 50/160/160
f 51/170/170 50/160/160 306/171/171
f 136/172/172 311/173/173 170/174/174
f 136/172/172 170/174/174 169/175/175
f 169/175/175 170/174/174 167/176/176
f 168/177/177 145/178/178 167/176/179
f 312/167/167 133/156/156 145/178/178
f 312/167/167 145/178/178 168/177/177
f 181/169/180 306/171/171 49/179/181
f 306/171/171 50/160/160 49/179/181
f 45/180/182 49/179/183 47/181/184
f 169/182/185 138/183/186 142/184/187
f 138/183/186 167/176/179 142/184/187
f 142/184/187 167/176/179 137/185/188
f 167/176/179 145/178/178 137/185/188
f 45/180/182 47/181/184 46/186/189
f 47/181/184 304/187/190 46/186/189
f 47/181/184 50/188/191 304/187/190
f 304/187/190 50/188/191 48/189/192
f 139/190/193 145/178/178 142/191/194
f 139/190/193 137/185/188 145/178/178
f 142/191/194 145/178/178 140/192/195
f 45/180/182 46/186/189 183/193/196
f 45/180/182 183/193/196 40/194/197
f 183/193/196 43/195/198 40/194/197
f 304/187/190 48/189/192 183/193/199
f 141/196/200 140/192/195 166/197/201
f 140/192/195 145/178/178 166/197/201
f 141/196/200 166/197/201 143/198/202
f 166/197/201 145/178/178 322/199/203
f 40/200/204 38/201/205 44/202/206
f 43/195/198 309/203/207 40/194/197
f 40/194/197 309/203/207 39/204/208
f 39/204/208 309/203/207 34/205/209
f 142/191/210 141/196/200 147/206/211
f 141/196/200 143/198/202 147/206/211
f 321/207/212 145/208/213 143/209/202
f 147/206/211 143/198/202 144/210/214
f 143/198/202 145/211/213 144/210/214
f 42/212/215 37/213/216 41/214/217
f 38/201/205 34/205/209 44/202/206
f 44/202/206 34/205/209 37/213/218
f 37/213/218 34/205/209 36/215/219
f 36/215/219 34/205/209 41/214/217
f 38/201/205 39/204/208 34/205/209
f 144/210/214 320/216/220 146/217/221
f 144/210/214 146/217/221 147/206/211
f 320/216/220 145/218/222 146/217/221
f 42/212/215 41/214/217 35/219/223
f 35/219/223 41/214/217 34/205/209
f 42/212/224 33/220/225 184/221/226
f 34/205/209 27/222/227 35/219/223
f 35/219/223 27/222/227 33/223/228
f 32/224/229 33/223/228 27/222/227
f 31/225/230 32/224/229 30/226/231
f 32/224/229 27/222/227 30/226/231
f 147/206/232 148/227/233 319/228/234
f 148/227/233 149/229/235 319/228/234
f 148/227/233 146/217/236 150/230/237
f 30/226/231 29/231/238 31/225/230
f 30/226/231 27/222/227 28/232/239
f 147/206/232 319/228/234 153/233/240
f 319/228/234 165/234/241 153/233/240
f 165/234/241 164/235/242 153/233/240
f 148/227/233 150/230/237 149/229/235
f 149/229/235 150/230/237 164/236/243
f 29/237/244 28/232/245 290/238/246
f 29/237/244 290/238/246 286/239/247
f 153/233/240 164/235/242 152/240/248
f 153/233/240 152/240/248 154/241/249
f 152/240/248 151/242/250 150/243/251
f 290/238/246 25/244/252 286/239/247
f 28/232/239 27/222/227 25/244/252
f 154/241/249 152/240/248 162/245/253
f 155/246/254 162/245/255 317/247/256
f 152/240/248 150/243/251 162/245/253
f 286/239/247 25/244/252 287/248/257
f 25/244/252 27/222/227 19/249/258
f 317/250/259 163/251/260 156/252/261
f 317/253/256 162/254/255 318/255/262
f 162/256/263 160/257/264 161/258/265
f 187/259/266 185/260/267 23/261/268
f 286/262/269 185/260/267 22/263/270
f 185/260/267 287/248/257 23/261/268
f 287/248/257 25/244/252 26/264/271
f 23/261/268 287/248/257 26/264/271
f 25/244/252 19/249/258 26/264/271
f 317/250/259 156/252/261 313/265/272
f 316/266/273 160/257/264 314/267/274
f 316/266/273 314/267/274 156/252/275
f 316/266/273 161/258/265 160/257/264
f 314/267/274 160/257/264 157/268/276
f 187/259/266 23/261/268 24/269/277
f 22/263/270 185/260/267 187/259/266
f 24/270/278 26/264/271 186/271/279
f 26/264/271 19/249/258 186/271/279
f 186/271/279 19/249/258 289/272/280
f 317/250/259 313/265/272 159/273/281
f 314/274/282 315/275/283 313/265/272
f 313/265/272 315/275/283 159/273/281
f 157/268/276 160/257/264 158/276/284
f 315/275/283 158/276/285 6271/277/286
f 20/278/287 186/271/279 289/272/280
f 18/279/288 20/278/287 289/272/280
f 20/278/287 21/280/289 187/259/266
f 20/278/287 18/279/288 21/280/289
f 22/263/270 187/259/266 21/280/289
f 19/249/290 188/281/291 21/280/289
f 188/281/291 196/282/292 303/283/293
f 188/281/291 197/284/294 196/282/292
f 197/284/294 294/285/295 196/282/292
f 197/286/296 217/287/297 205/288/298
f 217/287/297 280/289/299 205/288/298
f 231/290/300 246/291/301 298/292/302
f 298/292/302 246/291/301 245/293/303
f 231/290/300 274/294/304 246/291/301
f 246/291/301 274/294/304 243/295/305
f 274/296/306 252/297/307 251/298/308
f 252/297/307 253/299/309 251/298/308
f 252/300/310 270/301/311 269/302/312
f 252/300/310 265/303/313 270/301/311
f 270/301/311 266/304/314 267/305/315
f 270/301/311 265/303/313 266/304/314
f 265/306/316 261/307/317 264/308/318
f 159/273/281 315/275/283 6271/277/286
f 21/280/289 194/309/319 17/310/320
f 18/279/288 19/249/290 21/280/289
f 21/280/289 191/311/321 194/309/319
f 21/280/289 288/312/322 191/311/321
f 188/281/291 303/283/293 21/280/289
f 21/280/289 303/283/293 288/312/322
f 303/283/293 189/313/323 288/312/322
f 191/314/324 189/313/323 190/315/325
f 189/313/323 291/316/326 190/315/325
f 303/283/293 291/316/326 189/313/323
f 291/316/326 303/283/293 294/285/327
f 291/316/326 294/285/327 284/317/328
f 291/316/326 284/317/328 292/318/329
f 197/284/294 198/319/330 294/285/295
f 302/320/331 199/321/332 294/322/333
f 294/322/333 199/321/332 293/323/334
f 199/321/332 282/324/335 293/323/334
f 198/319/330 197/284/294 302/320/331
f 302/320/331 201/325/336 199/321/332
f 197/284/294 285/326/337 302/320/331
f 302/320/331 285/326/337 201/325/336
f 282/324/335 200/327/338 293/323/334
f 282/324/335 201/325/339 200/327/338
f 205/288/298 295/328/340 285/326/341
f 201/325/339 295/328/340 202/329/342
f 201/325/339 202/329/342 200/327/338
f 200/327/338 202/329/342 203/330/343
f 295/328/340 205/288/298 210/331/344
f 205/288/298 204/332/345 210/331/344
f 205/288/298 206/333/346 204/332/345
f 295/328/340 210/331/344 202/329/342
f 202/329/342 209/334/347 203/330/343
f 202/329/342 283/335/348 209/334/347
f 210/336/349 206/337/350 283/335/351
f 206/337/350 207/338/352 283/335/351
f 205/288/298 280/289/299 206/333/346
f 206/337/350 307/339/353 207/338/352
f 206/337/350 211/340/354 307/339/353
f 307/339/353 208/341/355 207/338/352
f 280/289/299 217/287/297 211/342/356
f 211/342/356 217/287/297 216/343/357
f 211/340/354 212/344/358 307/339/353
f 211/340/354 213/345/359 212/344/358
f 212/344/360 308/346/361 281/347/362
f 216/343/357 214/348/363 212/344/360
f 217/287/297 215/349/364 216/343/357
f 212/344/360 214/348/363 308/346/361
f 216/343/357 215/349/364 214/348/363
f 222/350/365 223/351/366 215/349/367
f 214/348/368 223/351/366 218/352/369
f 214/348/368 218/352/369 220/353/370
f 223/351/366 222/350/365 218/352/369
f 222/350/365 221/354/371 218/352/369
f 222/350/365 229/355/372 221/354/371
f 222/350/365 224/356/373 229/355/372
f 229/355/372 219/357/374 221/354/371
f 219/357/374 226/358/375 221/354/371
f 222/350/365 231/290/376 224/356/373
f 224/356/373 231/290/376 225/359/377
f 225/359/377 277/360/378 229/355/379
f 225/359/377 231/290/376 277/360/378
f 229/355/379 277/360/378 226/358/375
f 277/360/378 228/361/380 226/358/375
f 277/360/378 278/362/381 228/361/380
f 277/360/378 231/290/376 230/363/382
f 278/362/383 296/364/384 233/365/385
f 277/366/386 275/367/387 296/364/384
f 230/368/388 276/369/389 275/367/387
f 275/367/387 233/365/385 296/364/384
f 275/367/387 276/369/389 233/365/385
f 298/292/302 297/370/390 231/290/300
f 231/290/300 297/370/390 276/369/391
f 297/370/390 298/292/302 232/371/392
f 276/369/389 232/371/392 233/365/385
f 232/371/392 298/292/302 233/365/385
f 298/292/302 245/293/303 234/372/393
f 298/292/302 234/372/393 233/365/385
f 245/293/303 246/291/301 242/373/394
f 234/372/393 239/374/395 233/365/385
f 246/291/301 244/375/396 242/373/394
f 242/373/394 241/376/397 239/374/395
f 233/365/385 240/377/398 235/378/399
f 233/365/385 239/374/395 240/377/398
f 239/374/395 236/379/400 240/377/398
f 244/375/396 243/380/401 242/373/394
f 242/373/394 243/380/401 241/376/397
f 239/374/395 241/376/397 236/379/400
f 235/378/399 236/381/402 238/382/403
f 236/381/402 248/383/404 237/384/405
f 236/381/402 237/384/405 238/382/403
f 247/385/406 299/386/407 241/387/408
f 247/385/406 243/295/305 299/386/407
f 243/295/305 274/294/304 299/386/407
f 241/387/408 299/386/407 248/388/409
f 299/386/407 250/389/410 248/388/409
f 299/386/407 249/390/411 250/389/410
f 237/384/405 250/391/412 238/382/403
f 251/298/413 249/390/411 299/386/407
f 250/389/410 249/390/411 260/392/414
f 249/390/411 251/298/413 256/393/415
f 260/392/416 256/393/417 259/394/418
f 251/298/308 253/299/309 254/395/419
f 254/395/419 271/396/420 256/397/421
f 256/397/421 271/396/420 258/398/422
f 253/299/309 255/399/423 254/395/419
f 254/395/419 255/399/423 271/396/420
f 253/299/424 269/302/425 301/400/426
f 301/400/426 271/396/420 255/399/423
f 271/396/420 300/401/427 258/398/422
f 258/398/422 300/401/427 257/402/428
f 269/302/425 268/403/429 301/400/426
f 301/400/426 268/403/429 271/396/420
f 269/302/425 267/305/315 268/403/429
f 271/404/430 261/307/317 257/402/428
f 268/403/429 272/405/431 262/406/432
f 271/404/430 262/407/433 261/307/317
f 267/305/315 263/408/434 268/403/429
f 268/403/429 263/408/434 272/405/431
f 263/408/434 261/307/317 273/409/435
f 273/409/435 261/307/317 262/407/433
f 267/305/315 266/304/314 263/408/434
f 263/408/434 266/304/314 261/307/317
f 266/304/314 264/308/318 261/307/317
f 190/315/325 193/410/436 194/411/437
f 190/315/325 291/316/326 192/412/438
f 190/315/325 192/412/438 193/410/436
f 291/316/439 195/413/440 193/414/441
f 292/318/329 284/317/328 195/415/442
f 284/317/328 293/323/334 195/415/442
f 293/323/334 200/327/338 195/415/442
f 195/415/442 200/327/338 209/334/443
f 207/338/352 208/341/355 209/416/444
f 208/417/445 212/344/360 281/347/362
f 214/348/368 220/353/370 279/418/446
f 221/354/371 227/419/447 220/420/448
f 221/354/371 226/358/375 227/419/447
f 227/419/447 233/365/385 220/420/448
f 226/358/375 228/361/380 227/419/447
f 227/419/447 278/362/383 233/365/385
f 235/378/399 238/382/403 233/365/385
f 260/392/416 259/394/418 238/382/403
f 238/382/403 259/394/418 233/365/385
f 258/398/422 257/402/428 259/394/449
f 257/402/428 261/307/317 259/394/449
f 345/421/450 340/422/451 346/423/452
f 345/424/450 339/425/453 340/426/451
f 345/424/450 341/427/454 339/425/453
f 345/424/450 344/428/455 342/429/456
f 345/424/450 342/429/456 341/427/454
f 342/429/456 343/430/457 339/431/458
f 342/429/456 344/428/455 343/430/457
f 348/432/459 347/433/460 349/434/461
f 346/435/462 347/433/460 348/432/459
f 345/436/463 354/437/464 5465/438/465
f 348/439/466 355/440/467 354/437/464
f 354/437/464 355/440/467 5465/438/465
f 355/440/467 351/441/468 5465/438/465
f 5465/438/465 350/442/469 353/443/470
f 355/440/467 5505/444/471 351/441/468
f 5465/438/465 351/441/468 350/442/469
f 350/442/469 6304/445/472 353/443/470
f 353/443/470 6304/445/472 356/446/473
f 353/443/470 356/446/473 352/447/474
f 2246/448/475 1872/449/476 2077/450/477
f 2246/448/475 2077/450/477 1979/451/478
f 2117/452/479 2059/453/480 2116/454/481
f 2117/452/479 2115/455/482 2059/453/480
f 1878/456/483 2077/457/484 1877/458/485
f 1979/451/486 1878/456/483 2029/459/487
f 2061/460/488 2059/453/480 2060/461/489
f 2115/455/482 1979/451/486 1836/462/490
f 1979/451/486 2029/459/487 1836/462/490
f 2029/459/487 1878/456/483 1832/463/491
f 1878/456/483 1877/458/485 1832/463/491
f 2059/453/480 2115/455/482 1835/464/492
f 2115/455/482 1836/462/490 1835/464/492
f 2060/461/489 2059/453/480 2071/465/493
f 2059/453/480 1835/464/492 2071/465/493
f 1835/464/492 1836/462/490 1832/466/494
f 2071/465/495 2070/467/496 2027/468/497
f 1835/464/498 1831/469/499 1834/470/500
f 2070/467/496 1835/471/501 2027/468/497
f 2027/468/497 1835/471/501 2266/472/502
f 1835/471/501 2026/473/503 2266/472/502
f 1835/464/498 1834/470/500 2611/474/504
f 1835/464/498 2611/474/504 997/475/505
f 2611/474/504 996/476/506 997/475/505
f 997/475/505 996/476/506 2606/477/507
f 997/475/505 1792/478/508 2266/479/509
f 1792/478/508 997/475/505 1791/480/510
f 997/475/505 2606/477/507 1791/480/510
f 1792/481/511 2087/482/512 2028/483/513
f 1791/480/510 2606/477/507 2087/484/514
f 2087/484/514 2606/477/507 995/485/515
f 2266/486/516 2126/487/517 2122/488/518
f 2266/472/519 2028/483/520 1769/489/521
f 2028/483/520 995/490/522 1769/489/521
f 1769/489/523 1768/491/524 2051/492/525
f 2126/487/526 1769/489/523 2121/493/527
f 1769/489/523 2606/477/528 1768/491/524
f 2606/477/528 1767/494/529 1733/495/530
f 2606/477/528 1733/495/530 1768/491/524
f 2121/493/527 1769/489/523 2360/496/531
f 1769/489/523 2051/492/525 2360/496/531
f 1733/495/530 1767/494/529 1732/497/532
f 2360/498/533 2045/499/534 2601/500/535
f 2045/499/534 1733/495/530 1732/497/532
f 2045/499/534 1732/497/532 2601/500/535
f 2122/501/536 2121/493/537 2079/502/538
f 2121/493/537 2601/500/539 2079/502/538
f 2079/503/540 1034/504/541 1967/505/542
f 2601/506/543 952/507/544 950/508/545
f 1034/504/541 2601/506/543 2590/509/546
f 2601/506/543 950/508/545 2590/509/546
f 950/508/545 1012/510/547 2590/509/546
f 1967/505/542 1034/504/541 1019/511/548
f 1034/504/541 2590/509/546 1019/511/548
f 1012/510/547 948/512/549 2590/509/546
f 1963/513/550 2072/514/551 2073/515/552
f 2072/514/551 2083/516/553 2361/517/554
f 2083/516/555 1967/505/542 2058/518/556
f 1967/505/542 1019/511/548 2058/518/556
f 2058/518/556 1019/511/548 2361/517/554
f 2073/515/552 2072/514/551 2290/519/557
f 2072/514/551 2361/517/554 2290/519/557
f 1963/513/550 2073/515/552 2252/520/558
f 2290/519/557 2361/517/554 2252/520/559
f 2252/520/559 2361/517/554 1965/521/560
f 2361/517/554 1019/511/548 1965/521/560
f 935/522/561 1086/523/562 936/524/563
f 1964/525/564 2252/520/559 1956/526/565
f 1963/527/566 1964/525/564 1957/528/567
f 1964/525/564 1956/526/565 1957/528/567
f 2252/520/559 1965/521/560 1956/526/565
f 1965/521/568 935/522/561 937/529/569
f 937/529/569 935/522/561 932/530/570
f 1965/521/560 933/531/571 1956/526/565
f 1956/526/565 933/531/571 934/532/572
f 934/532/572 933/531/571 1953/533/573
f 933/531/571 932/530/570 1953/533/573
f 1957/528/567 1956/526/565 1960/534/574
f 1956/526/565 2119/535/575 1959/536/576
f 2119/535/575 1953/533/573 1954/537/577
f 1953/533/573 932/530/570 2387/538/578
f 1954/537/577 1953/533/573 1814/539/579
f 1953/533/573 2387/538/578 1814/539/579
f 1956/526/565 1959/536/576 1960/534/574
f 1959/536/576 2119/535/575 1955/540/580
f 2119/535/575 1954/537/577 1955/540/580
f 1954/541/581 2387/538/582 1809/542/583
f 1955/540/580 1809/542/583 1751/543/584
f 1809/542/583 2387/538/582 1751/543/584
f 2387/538/582 922/544/585 1751/543/584
f 1959/536/576 1955/540/580 1989/545/586
f 1955/540/580 1751/543/584 1961/546/587
f 1955/540/580 1961/546/587 1989/545/586
f 1960/534/588 1989/547/589 903/548/590
f 1989/549/591 907/550/592 905/551/593
f 903/548/590 1989/547/589 1988/552/594
f 1989/547/589 1990/553/595 1988/552/594
f 907/550/592 2388/554/596 905/551/593
f 1990/555/597 905/551/593 903/556/598
f 905/551/593 2388/554/596 903/556/598
f 1960/534/588 903/548/590 1986/557/599
f 2359/558/600 1960/534/588 1986/557/599
f 903/556/598 2388/554/596 901/559/601
f 2359/558/600 1986/557/599 1987/560/602
f 1986/557/603 2323/561/604 902/562/605
f 2046/563/606 1986/557/603 902/562/605
f 2323/561/604 901/564/607 902/562/605
f 2359/565/608 2046/563/606 2018/566/609
f 2046/563/606 902/562/605 1800/567/610
f 2018/566/609 2046/563/606 2301/568/611
f 2301/568/611 2046/563/606 1800/567/610
f 1037/569/612 901/559/601 1800/570/613
f 901/559/601 2403/571/614 1800/570/613
f 2019/572/615 2018/573/616 2017/574/617
f 2018/573/616 1800/575/618 2017/574/617
f 2017/574/617 1800/575/618 2015/576/619
f 1800/575/618 2016/577/620 2015/576/619
f 1800/570/621 867/578/622 1077/579/623
f 1796/580/624 1800/570/621 1077/579/623
f 2015/576/619 2016/577/620 1077/581/625
f 2824/582/626 2407/583/627 1077/584/628
f 2020/585/629 2017/574/617 2015/576/619
f 2019/586/630 2020/585/629 2015/576/619
f 2015/576/619 1077/581/625 2014/587/631
f 1077/581/625 1073/588/632 2014/587/631
f 2009/589/633 2014/590/634 2178/591/635
f 1073/588/636 1075/592/637 2358/593/638
f 2014/590/634 2358/593/638 2178/591/635
f 1075/592/637 1073/588/636 1069/594/639
f 1073/588/636 1068/595/640 1069/594/639
f 2178/591/635 2358/593/638 1076/596/641
f 2358/593/638 1075/592/637 1076/596/641
f 1069/594/639 1068/595/640 1074/597/642
f 1069/594/639 1074/597/642 2450/598/643
f 1076/599/644 1069/594/639 2177/600/645
f 2450/598/643 1065/601/646 1896/602/647
f 2177/600/645 2176/603/648 2178/604/649
f 2177/600/645 1069/594/639 2176/603/648
f 1069/594/639 2450/598/643 1896/602/647
f 1069/594/639 1896/602/647 1969/605/650
f 2178/604/649 2176/603/648 2302/606/651
f 2178/604/649 2302/606/651 2296/607/652
f 1069/594/639 1969/605/650 2176/603/648
f 2302/606/653 2298/608/654 1943/609/655
f 1838/610/656 1969/611/657 883/612/658
f 1969/611/657 882/613/659 883/612/658
f 2296/614/660 1943/609/661 1917/615/662
f 2298/616/663 2176/603/664 1914/617/665
f 2176/603/664 1838/610/666 1914/617/665
f 1943/609/661 1914/617/667 1917/615/662
f 1917/615/662 1914/617/667 1916/618/668
f 1914/617/667 1915/619/669 1916/618/668
f 1914/617/667 1975/620/670 1915/619/669
f 1914/617/667 883/612/658 1975/620/670
f 2052/621/671 1973/622/672 5471/623/673
f 1872/449/476 1981/624/674 1874/625/675
f 1981/624/674 1980/626/676 1874/625/675
f 1872/449/476 1871/627/677 2077/450/477
f 1872/449/476 1874/625/675 1938/628/678
f 1874/625/675 1873/629/679 1870/630/680
f 1872/449/476 1938/628/678 1871/627/677
f 1874/625/675 1870/630/680 1938/628/678
f 2077/450/477 1863/631/681 1865/632/682
f 1865/632/682 1859/633/683 1877/458/485
f 1859/633/683 1865/632/682 1866/634/684
f 1865/632/682 1864/635/685 1866/634/684
f 1865/632/682 1863/631/681 1864/635/685
f 1877/458/485 1859/633/683 1832/463/491
f 1866/634/684 1864/635/685 1876/636/686
f 1859/637/683 1858/638/687 1833/639/688
f 1859/637/683 1876/640/689 1858/638/687
f 1876/640/689 1788/641/690 1858/638/687
f 1859/637/683 1831/469/499 1832/463/491
f 1831/469/499 1859/637/683 1060/642/691
f 1833/639/467 1788/641/692 1830/643/693
f 1859/637/683 1833/639/688 1060/642/691
f 1831/469/499 1060/642/691 1834/470/500
f 1834/644/694 1001/645/695 1000/646/696
f 1060/642/697 1003/647/698 1001/645/699
f 998/648/700 1000/646/696 999/649/701
f 1000/646/696 1001/645/695 999/649/701
f 2611/474/504 998/648/700 996/476/506
f 999/649/701 1004/650/702 998/648/700
f 996/476/506 998/648/700 1004/650/702
f 999/649/701 1758/651/703 1004/650/702
f 999/649/701 1759/652/704 1758/651/703
f 1004/650/702 1758/651/703 2610/653/705
f 996/476/506 992/654/706 2606/477/507
f 992/654/706 2610/655/707 991/656/708
f 2606/477/507 992/654/706 991/656/708
f 991/656/708 994/657/709 2606/477/507
f 991/656/708 990/658/710 994/657/709
f 2606/477/507 994/657/709 993/659/711
f 990/660/712 988/661/713 993/662/714
f 2606/477/507 993/659/711 1741/663/715
f 1741/663/715 993/659/711 2607/664/716
f 1741/665/717 2605/666/718 1767/494/529
f 1741/665/717 2804/667/719 2605/666/718
f 2607/664/720 988/661/713 2605/666/718
f 2607/664/720 2605/666/718 2804/667/719
f 1732/497/532 1767/494/529 952/668/721
f 1767/494/529 2605/666/718 952/668/721
f 2605/666/718 1059/669/722 952/668/721
f 952/507/544 2597/670/723 950/508/545
f 950/508/545 2597/670/723 949/671/724
f 2597/670/723 2596/672/725 2591/673/726
f 949/671/724 2597/670/723 2591/673/726
f 949/671/724 2591/673/726 948/512/549
f 2590/509/546 948/512/549 2591/673/726
f 2590/674/546 2591/675/726 2592/676/727
f 2591/677/728 2589/678/729 1086/679/730
f 2589/678/729 2591/677/728 945/680/731
f 1086/679/730 2589/678/729 1991/681/732
f 2589/678/729 945/680/731 943/682/733
f 935/522/561 936/524/563 927/683/734
f 936/524/563 1991/681/735 938/684/736
f 936/524/563 938/684/736 927/683/734
f 935/522/561 927/683/734 932/530/570
f 938/685/737 943/682/733 2384/686/738
f 943/682/733 944/687/739 2384/686/738
f 2384/686/738 944/687/739 930/688/740
f 932/530/570 927/683/734 2387/538/578
f 2384/686/738 930/688/740 927/689/741
f 927/683/734 926/690/742 2387/538/578
f 2387/538/582 925/691/743 923/692/744
f 2387/538/582 2585/693/745 922/544/585
f 2387/538/582 923/692/744 2585/693/745
f 2585/694/745 923/695/744 2584/696/746
f 923/692/744 925/697/743 5619/698/747
f 1751/699/748 921/700/749 2388/554/596
f 921/700/749 923/692/744 5619/698/747
f 921/700/749 5619/698/747 918/701/750
f 918/701/750 5619/698/747 916/702/751
f 2388/554/596 921/700/749 918/701/750
f 5619/698/747 941/703/752 916/702/751
f 2388/554/596 918/701/750 917/704/753
f 2388/554/596 917/704/753 904/705/754
f 916/702/751 941/703/752 2389/706/755
f 917/704/753 924/707/756 904/705/754
f 2388/554/596 904/705/754 2583/708/757
f 916/702/751 2389/706/755 917/704/753
f 2388/554/596 2583/708/757 901/559/601
f 2583/708/757 924/707/756 908/709/758
f 917/704/753 2389/706/755 906/710/759
f 917/704/753 906/710/759 924/707/756
f 924/707/756 906/710/759 908/709/758
f 2583/708/757 900/711/760 901/559/601
f 2583/708/757 908/709/758 900/711/760
f 900/712/761 906/713/762 910/714/763
f 900/711/760 899/715/764 901/559/601
f 899/715/764 2396/716/765 901/559/601
f 901/559/601 2396/716/765 865/717/766
f 901/559/601 2397/718/767 2407/583/627
f 901/559/601 865/717/766 2397/718/767
f 2403/571/614 901/559/601 2407/583/627
f 2403/571/614 2407/583/627 867/578/768
f 2407/583/627 2397/718/767 866/719/769
f 867/578/768 2407/583/627 2824/582/626
f 866/719/769 2397/718/767 892/720/770
f 1077/584/771 1801/721/772 1067/722/773
f 1067/723/774 2407/724/775 2406/725/776
f 2407/726/775 780/727/777 2406/728/776
f 1067/722/774 2406/728/776 1062/729/778
f 1067/722/774 1062/729/778 1066/730/779
f 1067/722/774 2486/731/780 1073/588/636
f 1067/722/774 1066/730/779 2486/731/780
f 1073/588/636 2486/731/780 1068/595/640
f 2486/731/780 1066/730/779 1063/732/781
f 2486/731/780 1063/732/781 1074/597/642
f 2450/598/643 1074/597/642 1063/732/781
f 1063/732/782 1062/729/778 2451/733/783
f 1062/729/778 1061/734/784 2451/733/783
f 1065/601/646 1063/732/782 882/613/785
f 1063/732/782 2451/733/783 882/613/785
f 1896/602/647 1065/601/646 882/613/785
f 882/613/785 2451/733/783 1750/735/786
f 882/613/659 881/736/787 883/612/658
f 1750/735/786 2451/733/783 881/736/788
f 881/736/787 855/737/789 880/738/790
f 881/736/787 880/738/790 883/612/658
f 880/738/790 857/739/791 883/612/658
f 880/738/790 856/740/792 857/739/791
f 883/612/658 857/739/791 1913/741/793
f 1975/620/670 883/612/658 1913/741/793
f 1913/741/793 857/739/791 2472/742/794
f 1913/741/793 2472/742/794 1976/743/795
f 2472/742/794 1973/622/796 1976/743/795
f 2052/621/671 1975/744/797 1973/622/672
f 5471/623/673 1973/622/672 1974/745/798
f 2050/746/799 1980/626/676 1981/624/674
f 1980/626/676 2050/746/799 1873/629/679
f 1873/629/679 2055/747/800 1870/630/680
f 2055/747/800 1875/748/801 1870/630/680
f 1871/627/677 1870/630/802 2077/450/477
f 1870/630/802 1867/749/803 2077/450/477
f 2077/450/477 1867/749/803 1863/631/681
f 1867/749/803 1868/750/804 1863/631/681
f 1867/749/803 1869/751/805 1868/750/804
f 1891/752/806 2736/753/807 1886/754/808
f 1891/752/806 1886/754/808 1887/755/809
f 1863/631/681 1861/756/810 1864/635/685
f 1863/631/681 1890/757/811 1861/756/810
f 1863/631/681 1862/758/812 1890/757/811
f 1862/758/812 1891/759/813 1890/757/811
f 1891/752/806 1887/755/809 1889/760/814
f 1861/756/810 1890/757/811 1787/761/815
f 1861/756/810 1787/761/815 1876/640/689
f 1890/762/816 1889/760/814 2724/763/817
f 2724/764/818 1126/765/819 1787/761/820
f 1876/640/689 1787/761/815 1788/641/690
f 1787/761/820 1126/765/819 1829/766/821
f 1830/643/693 1788/641/692 1829/767/822
f 1830/643/693 1829/767/822 2620/768/823
f 1829/766/821 1126/765/819 1789/769/824
f 1830/643/693 2620/768/823 1060/642/697
f 2620/768/823 2066/770/825 1060/642/697
f 1789/771/826 1806/772/827 2620/768/823
f 2620/768/823 1806/772/827 1808/773/828
f 1060/642/697 2066/770/825 1003/647/698
f 2620/768/823 1808/773/828 2066/770/825
f 1003/774/829 1765/775/830 1764/776/831
f 1808/777/832 1797/778/833 1765/775/830
f 1001/645/699 1003/647/698 1002/779/834
f 1002/779/834 1003/647/698 2613/780/835
f 1002/779/834 2613/780/835 1759/652/836
f 2613/781/837 1764/782/837 1760/783/837
f 1764/776/831 1765/775/830 1762/784/831
f 1764/776/831 1762/784/831 2614/785/838
f 1758/651/703 1759/652/704 1760/783/839
f 2614/785/838 1762/784/831 1755/786/840
f 2614/785/838 1755/786/840 1761/787/841
f 1758/651/703 1760/783/839 1761/787/841
f 2610/655/707 1761/788/842 989/789/792
f 1760/783/839 2614/785/838 1761/787/841
f 2610/655/707 989/789/792 991/656/708
f 989/790/843 1031/791/844 2609/792/845
f 990/660/712 989/789/843 988/661/713
f 988/661/713 989/789/843 2805/793/846
f 989/789/843 2609/794/845 2805/793/846
f 988/661/713 2805/793/846 967/795/817
f 988/661/713 967/795/817 2603/796/847
f 988/661/713 2603/796/847 2605/666/718
f 2603/796/847 2604/797/848 2600/798/810
f 966/799/849 2603/796/847 2600/798/810
f 966/799/849 2600/798/810 952/800/850
f 2600/798/810 953/801/851 951/802/852
f 2600/798/810 951/802/852 952/507/850
f 952/507/850 951/802/852 947/803/853
f 947/803/853 951/802/852 2594/804/854
f 951/802/852 960/805/855 2594/804/854
f 2596/672/725 947/806/856 2591/673/726
f 2594/804/854 960/805/855 2591/673/857
f 2591/673/857 960/805/855 2593/807/858
f 2591/677/728 946/808/859 945/680/731
f 946/808/859 5627/809/860 2868/810/861
f 5627/809/860 983/811/862 2868/810/861
f 946/808/859 2591/677/728 5627/809/860
f 946/808/859 983/812/863 945/680/731
f 943/682/733 945/680/731 931/813/864
f 943/682/733 931/813/864 944/687/739
f 944/687/739 931/813/864 2383/814/865
f 930/815/866 2383/814/866 926/690/867
f 926/690/742 929/816/868 2387/538/578
f 926/690/742 1033/817/869 939/818/870
f 926/690/742 939/818/870 929/816/868
f 939/819/871 1083/820/872 2387/538/582
f 2387/538/582 1083/820/872 925/691/743
f 1083/820/872 2276/821/873 940/822/874
f 1083/823/875 2892/824/876 1926/825/877
f 1926/825/877 2892/824/876 2276/826/878
f 1083/820/872 940/822/874 925/691/743
f 2276/826/878 2892/824/876 1928/827/879
f 1928/827/879 2892/824/876 1927/828/880
f 919/829/881 1919/830/882 920/831/883
f 925/697/743 919/829/881 5619/698/747
f 919/829/881 920/831/883 5619/698/747
f 5619/698/747 920/831/883 1637/832/884
f 1637/832/884 1772/833/885 5619/698/747
f 1772/833/885 1919/834/886 5619/698/747
f 1919/834/886 2954/835/887 5619/698/747
f 5619/698/747 2305/836/888 941/703/752
f 401/837/889 403/838/890 404/839/891
f 401/837/892 402/840/893 375/841/894
f 375/841/894 387/842/895 374/843/896
f 906/713/762 769/844/897 909/845/898
f 906/713/762 909/845/898 910/714/763
f 910/714/763 909/845/898 2396/846/899
f 2396/846/899 909/845/898 913/847/900
f 909/845/898 2390/848/901 911/849/902
f 2396/846/899 913/847/900 914/850/816
f 909/845/898 911/849/902 913/847/900
f 913/847/900 911/849/902 912/851/903
f 911/849/902 1971/852/904 912/851/903
f 914/850/850 912/853/905 865/717/766
f 865/717/766 912/853/905 864/854/906
f 912/851/903 915/855/907 2500/856/710
f 912/851/903 1971/852/904 915/855/907
f 865/717/766 864/854/906 2397/857/767
f 864/854/906 2500/858/908 2397/857/767
f 2500/858/908 2395/859/909 2397/857/767
f 2395/859/909 2399/860/910 2397/857/767
f 2397/718/767 2398/861/911 890/862/690
f 2397/718/767 890/862/690 892/720/770
f 890/862/690 2398/861/911 891/863/912
f 782/864/913 781/865/914 779/866/823
f 782/864/913 779/866/823 2407/726/775
f 890/862/690 779/866/823 781/865/914
f 890/862/690 891/863/912 779/866/823
f 779/866/823 780/727/777 2407/726/775
f 780/727/777 779/866/823 1072/867/847
f 1072/867/847 779/866/823 2498/868/915
f 779/866/823 2405/869/916 2498/868/915
f 2406/870/917 2498/868/687 942/871/918
f 2406/728/776 1070/872/919 1071/873/920
f 1070/872/919 942/871/921 1071/873/920
f 2406/728/776 1071/873/920 1062/729/778
f 1062/729/778 1071/873/920 2497/874/922
f 1062/729/778 2497/874/922 1061/734/784
f 2497/874/922 942/871/918 884/875/851
f 942/871/918 797/876/852 884/875/851
f 2497/874/922 884/875/851 1061/734/784
f 2451/733/783 1061/734/784 1064/877/923
f 1061/734/784 884/875/851 854/878/852
f 1061/734/784 854/878/852 2482/879/915
f 2482/879/915 854/878/852 1644/880/852
f 2451/733/783 1064/877/923 1078/881/924
f 1061/734/784 2482/879/915 1078/882/925
f 1078/882/925 2482/879/915 1647/883/845
f 2451/733/783 1078/881/924 855/884/926
f 1647/883/927 897/885/852 855/737/770
f 2482/879/915 1644/880/852 897/886/928
f 897/885/852 2460/887/903 855/737/770
f 855/737/770 2460/887/903 856/740/792
f 897/885/852 853/888/770 2460/887/903
f 856/740/792 850/889/929 857/739/791
f 856/740/792 2460/887/903 850/889/929
f 850/889/930 851/890/787 2480/891/931
f 850/889/930 2480/891/931 2461/892/932
f 2472/742/794 1756/893/933 1973/622/796
f 1756/893/933 2461/892/932 1973/622/796
f 1638/894/934 1849/895/935 1973/622/796
f 1973/622/796 2461/892/932 1638/894/934
f 1973/622/672 1851/896/936 1974/745/798
f 1849/897/937 1850/898/938 1851/896/936
f 1851/896/936 1850/898/938 1974/745/798
f 1873/629/679 2050/746/799 2055/747/800
f 1870/630/680 1875/748/801 1869/899/939
f 2055/747/800 2050/746/799 1885/900/940
f 2055/747/800 1885/900/940 2321/901/941
f 2321/901/941 1885/900/940 1883/902/942
f 1875/748/801 1883/902/942 1869/899/939
f 1869/899/939 1883/902/942 2736/753/807
f 1883/902/942 1882/903/854 2736/753/807
f 1883/902/942 1885/900/940 1884/904/943
f 1883/902/942 1884/904/943 2735/905/944
f 1883/902/942 2735/905/944 1882/903/854
f 2736/753/807 1882/903/854 1886/754/808
f 1882/906/945 1125/907/946 1118/908/947
f 1887/755/809 1888/909/948 1889/760/814
f 1889/760/814 1888/909/948 1124/910/701
f 1882/906/945 1118/908/947 1887/755/949
f 1887/755/949 1118/908/947 1124/911/950
f 1124/911/950 1118/908/947 1123/912/951
f 1889/760/814 1124/910/701 2724/763/817
f 1126/765/819 1124/911/950 1127/913/952
f 1124/911/950 1123/912/951 1127/913/952
f 1123/912/951 1122/914/953 1127/913/952
f 1126/765/819 1127/913/952 1747/915/710
f 1127/913/952 1746/916/921 1747/915/710
f 1126/765/819 1747/915/710 1789/769/824
f 1746/916/921 2723/917/954 1747/915/710
f 2723/917/954 1748/918/955 1747/915/710
f 1748/919/956 1007/920/957 1806/921/920
f 1807/922/927 1806/921/920 1007/920/957
f 1808/777/832 1807/923/958 1797/778/833
f 1007/920/957 2617/924/471 1807/922/927
f 1765/775/830 1797/778/833 1762/784/831
f 1762/925/810 1807/922/927 1005/926/959
f 1807/922/927 2617/924/471 1005/926/959
f 1005/926/959 980/927/819 1008/928/960
f 1755/786/840 1763/929/961 1761/787/841
f 1005/926/959 1008/928/960 1006/930/693
f 1761/787/841 1763/929/961 2612/931/962
f 2612/931/962 1763/929/961 1031/932/844
f 1763/929/961 1006/930/693 1029/933/963
f 1763/929/961 1029/933/963 1031/932/844
f 1006/930/693 1028/934/964 1029/933/963
f 1029/933/963 1028/934/964 1030/935/965
f 1031/932/844 1029/933/963 1032/936/966
f 1031/932/844 1032/936/966 2609/794/845
f 1029/933/963 1030/935/965 1803/937/967
f 2609/794/845 1803/937/968 1011/938/969
f 2609/794/845 1011/938/969 2608/939/970
f 2805/793/846 2609/794/845 976/940/849
f 2609/794/845 2608/939/970 976/940/849
f 2608/939/970 975/941/971 976/940/849
f 976/940/849 975/941/971 1754/942/969
f 975/941/971 970/943/972 1754/942/969
f 970/943/972 975/941/971 969/944/973
f 976/940/849 1754/942/969 2604/945/974
f 2603/796/847 967/795/817 2604/797/848
f 970/943/972 969/944/973 2604/797/848
f 2604/797/848 969/944/973 954/946/975
f 954/946/975 969/944/973 968/947/976
f 968/948/977 2084/949/978 2602/950/979
f 2600/798/810 2604/797/848 965/951/980
f 2604/797/848 954/946/975 965/951/980
f 954/946/975 956/952/981 959/953/982
f 954/946/975 959/953/982 1042/954/983
f 965/951/980 954/946/975 953/801/851
f 953/801/851 954/946/975 955/955/984
f 953/801/851 955/955/984 951/802/852
f 954/946/975 1042/954/983 955/955/984
f 955/955/984 1042/954/983 961/956/985
f 1042/954/983 957/957/986 2806/958/987
f 1042/954/983 2806/958/987 961/956/985
f 955/959/988 2806/958/987 962/960/989
f 962/960/989 963/961/990 2595/962/991
f 962/960/989 2806/958/987 963/961/990
f 2806/958/987 964/963/992 963/961/990
f 960/805/855 962/960/989 2593/807/858
f 962/960/989 2595/962/991 2593/807/858
f 2595/962/991 963/961/990 1026/964/993
f 964/963/994 1025/965/995 1026/966/996
f 1026/966/996 1025/965/995 1027/967/997
f 2591/677/998 2595/968/999 1043/969/1000
f 1043/969/1000 1044/970/1001 2591/677/998
f 1043/969/1000 2125/971/1002 1044/970/1001
f 2591/677/728 2125/972/1003 5627/809/860
f 5627/809/860 984/973/1004 983/811/862
f 983/811/862 984/973/1004 2021/974/1005
f 984/973/1004 5627/809/860 1010/975/1006
f 2041/976/1007 2038/977/1008 1010/978/1009
f 2038/979/1010 2056/980/1011 2867/981/1012
f 1010/975/1013 2867/982/1014 2021/974/1015
f 982/983/1016 981/984/1017 945/680/731
f 982/983/1016 2222/985/1018 981/984/1017
f 945/680/731 981/984/1017 931/813/864
f 981/984/1017 2222/985/1018 2890/986/1019
f 2890/986/1019 2081/987/1020 981/984/1017
f 931/813/864 1745/988/1021 928/989/1022
f 928/989/1022 2383/814/865 931/813/864
f 1745/990/1023 981/991/1024 1619/992/1025
f 1745/990/1023 1619/992/1025 1048/993/1026
f 2383/814/865 928/989/1022 1033/994/1027
f 928/989/1022 1048/993/1026 1033/994/1027
f 1048/993/1026 1619/992/1025 1033/994/1027
f 1033/994/1027 1619/992/1025 2385/995/1028
f 939/819/871 1047/996/1029 1084/997/1030
f 1033/994/1027 2385/995/1028 1047/998/1031
f 939/819/871 1084/997/1030 1083/820/872
f 1083/820/872 1084/997/1030 1085/999/1032
f 2892/824/876 2297/1000/1033 1927/828/880
f 2892/824/1034 1921/1001/1035 1920/1002/1036
f 1921/1001/1035 2892/824/1034 1922/1003/1037
f 1920/1002/1036 1921/1001/1035 2286/1004/1038
f 1919/834/886 2286/1004/1038 2954/835/887
f 2953/1005/1039 1930/1006/1040 2954/1007/887
f 2286/1004/1038 1921/1001/1035 2954/835/887
f 404/839/891 387/842/895 402/840/893
f 404/839/891 403/838/890 387/842/895
f 402/840/893 387/842/895 375/841/894
f 387/842/895 373/1008/1041 374/843/896
f 769/844/1042 774/1009/1043 772/1010/1044
f 769/844/1042 772/1010/1044 766/1011/1045
f 769/844/1042 766/1011/1045 768/1012/1046
f 768/1012/1046 766/1011/1045 2390/1013/1047
f 766/1011/1045 760/1014/1048 2390/1013/1047
f 2390/1013/1047 760/1014/1048 767/1015/1049
f 2390/1013/1047 767/1015/1049 1971/1016/1050
f 767/1015/1049 760/1014/1048 915/1017/1051
f 2395/859/909 760/1018/1052 770/1019/1053
f 2395/859/909 2400/1020/1054 2399/860/910
f 2399/860/910 2400/1020/1054 893/1021/931
f 2395/859/909 770/1019/1053 2400/1020/1054
f 2399/860/910 893/1021/931 2398/861/1055
f 2398/861/1055 893/1021/931 777/1022/1056
f 2400/1020/1054 771/1023/770 773/1024/710
f 773/1024/710 2402/1025/467 777/1026/851
f 773/1024/710 771/1023/770 2402/1025/467
f 2398/1027/911 2404/1028/1057 891/1029/912
f 777/1026/851 2402/1025/467 891/863/954
f 2405/869/916 891/863/954 778/1030/1050
f 2402/1025/467 778/1030/1050 891/863/954
f 2405/869/916 778/1030/1050 2498/868/915
f 2498/868/687 796/1031/689 808/1032/1058
f 2498/868/687 808/1032/1058 942/871/918
f 942/871/918 808/1032/1058 2437/1033/1059
f 942/871/918 2437/1033/1059 797/876/852
f 808/1032/1060 2438/1034/819 797/1035/1061
f 884/875/817 2438/1036/770 821/1037/1062
f 2438/1036/770 819/1038/1050 821/1037/1062
f 1644/880/852 854/878/852 853/888/770
f 853/888/770 854/878/852 1039/1039/804
f 854/1040/852 884/1041/851 2483/1042/829
f 884/875/817 821/1037/1062 1040/1043/1063
f 884/875/817 1040/1043/1063 1039/1044/928
f 853/888/770 1039/1039/804 852/1045/1064
f 853/888/770 852/1045/1064 2460/887/903
f 1039/1044/928 1040/1043/1063 1041/1046/1065
f 1040/1043/1063 1786/1047/1066 1041/1046/1065
f 2460/887/903 852/1045/1064 851/890/1067
f 851/890/1067 852/1045/1064 2170/1048/1068
f 2170/1048/1069 2452/1049/1070 2481/1050/1071
f 2480/891/931 1096/1051/1072 2481/1050/1071
f 2480/891/931 2481/1050/1071 2461/892/932
f 851/890/1067 2170/1048/1068 1096/1051/690
f 2461/892/932 840/1052/1073 1638/894/934
f 840/1052/1073 2352/1053/1074 1849/897/937
f 1974/745/798 1850/898/938 2356/1054/1075
f 1849/897/937 2352/1053/1074 2012/1055/1076
f 1849/897/937 2012/1055/1076 1850/898/938
f 2356/1054/1075 1850/898/938 2013/1056/1077
f 2013/1056/1077 2010/1057/1078 2356/1054/1075
f 2050/1058/799 2831/1059/1079 2048/1060/1080
f 2050/746/799 2047/1061/1081 1885/900/940
f 2050/746/799 2048/1060/1080 2047/1061/1081
f 2047/1062/1082 2049/1063/1083 1118/1064/1084
f 2047/1062/1082 1118/1064/1084 1884/904/943
f 1884/904/943 1118/1064/1084 2735/905/944
f 2734/1065/1085 2735/1066/944 1118/1067/1084
f 1837/1068/1086 1118/1064/1084 2732/1069/1087
f 1123/912/951 1837/1068/1086 1122/914/953
f 1837/1068/1086 2732/1069/1087 1122/914/953
f 1122/914/953 2732/1069/1087 1120/1070/1088
f 1120/1070/1088 1121/1071/1089 2720/1072/1090
f 1120/1070/1088 2732/1069/1087 1121/1071/1089
f 2721/1073/1091 2722/1074/1091 2723/1075/1091
f 1120/1076/1092 1024/1077/1093 2723/1078/811
f 2720/1072/1090 1121/1071/1089 1749/1079/1094
f 1121/1071/1089 2719/1080/1095 1749/1079/1094
f 1024/1077/1093 2719/1081/1096 2723/1078/811
f 1007/920/957 2723/1078/811 2617/924/471
f 2723/1078/811 2719/1081/1096 1023/1082/690
f 2719/1081/1096 1022/1083/810 1023/1082/690
f 2617/924/471 2723/1078/811 1023/1082/690
f 2617/924/471 1023/1082/690 1628/1084/1097
f 1628/1085/815 1646/1086/693 978/1087/960
f 2617/924/471 980/927/819 1005/926/959
f 1628/1085/815 978/1087/960 980/927/849
f 980/927/849 978/1087/960 1779/1088/952
f 1006/930/693 1008/928/960 1028/934/964
f 1028/1089/910 980/927/849 1779/1088/952
f 1028/934/964 2615/1090/1098 1030/935/965
f 2615/1090/1098 974/1091/1099 1030/935/965
f 977/1092/1100 2615/1093/1101 971/1094/1102
f 1011/1095/1103 974/1096/1104 975/941/971
f 974/1096/1104 977/1092/1100 975/941/971
f 975/941/971 977/1092/1100 969/944/973
f 977/1092/1100 971/1094/1102 969/944/973
f 969/944/973 971/1094/1102 972/1097/1105
f 972/1097/1105 971/1094/1102 973/1098/1106
f 972/1097/1105 973/1098/1106 968/1099/1107
f 969/944/973 1970/1100/1108 968/947/976
f 968/947/977 959/1101/1109 2084/1102/978
f 959/1101/1110 958/1103/1111 957/957/986
f 957/957/986 958/1103/1111 2806/958/987
f 2806/958/987 958/1103/1111 964/963/992
f 958/1103/1111 1013/1104/1112 1014/1105/1113
f 964/963/992 958/1103/1111 1014/1105/1113
f 1025/965/1114 1014/1105/1115 1632/1106/1116
f 1632/1106/1116 1014/1105/1115 1631/1107/1117
f 1632/1106/1116 1631/1107/1117 1027/967/1118
f 2041/976/1119 2039/1108/1120 2057/1109/1121
f 2041/976/1119 2042/1110/1122 2039/1108/1120
f 2042/1110/1122 2041/976/1119 2036/1111/1123
f 2038/979/1010 2035/1112/1124 2056/980/1011
f 2039/1113/1125 2036/1114/1126 2038/979/1010
f 2038/979/1010 2037/1115/1127 2035/1112/1124
f 2035/1112/1128 2031/1116/1129 2867/982/1014
f 2031/1116/1129 2030/1117/1130 2867/982/1014
f 2867/982/1014 2030/1117/1130 2021/974/1015
f 982/1118/1131 2219/1119/1132 2223/1120/1133
f 2223/1120/1133 2219/1119/1132 2222/1121/1134
f 2219/1119/1132 2221/1122/1135 2222/1121/1134
f 2219/1119/1132 2220/1123/1136 2221/1122/1135
f 2219/1119/1132 2218/1124/1137 2220/1123/1136
f 2220/1123/1136 2218/1124/1137 2216/1125/1138
f 2221/1122/1135 2216/1125/1138 2222/1121/1134
f 2222/1121/1134 2216/1125/1138 2081/1126/1139
f 981/991/1024 1055/1127/1140 1804/1128/1141
f 981/991/1024 2588/1129/1142 1619/992/1025
f 981/991/1024 1804/1128/1141 2588/1129/1142
f 1619/992/1025 2380/1130/1143 2385/995/1028
f 2385/995/1028 1049/1131/1144 1084/1132/1145
f 2385/995/1028 2380/1130/1143 2386/1133/1146
f 2385/995/1028 2386/1133/1146 1049/1131/1144
f 1050/1134/1147 2836/1135/1148 1051/1136/1149
f 1084/1132/1145 1049/1131/1144 1050/1134/1147
f 2895/1137/1150 2893/1138/1151 2892/1139/1152
f 2895/1137/1150 1923/1140/1153 2893/1138/1151
f 1923/1141/1154 1924/1142/1155 2892/824/1034
f 2892/824/1034 1924/1142/1155 2951/1143/1156
f 2892/824/1034 2951/1143/1156 1922/1003/1037
f 1922/1003/1037 2249/1144/1157 1921/1001/1035
f 1921/1001/1158 1925/1145/1159 1930/1146/1040
f 1922/1003/1037 2951/1143/1156 2952/1147/1160
f 2952/1147/1160 2951/1143/1156 1925/1145/1159
f 1930/1146/1040 1929/1148/1161 2954/835/887
f 1930/1146/1040 1925/1145/1159 1929/1148/1161
f 2954/835/887 1934/1149/1162 5619/698/747
f 2954/835/887 1929/1148/1161 1934/1149/1162
f 403/838/890 377/1150/1163 387/842/895
f 387/842/895 376/1151/1164 373/1008/1041
f 376/1151/1164 377/1150/1165 373/1008/1041
f 373/1008/1041 377/1150/1165 366/1152/1166
f 774/1153/1167 775/1154/1168 766/1011/1169
f 775/1155/1170 761/1156/1171 760/1014/1172
f 760/1014/1172 761/1156/1171 765/1157/1173
f 2400/1020/1054 770/1019/1053 771/1023/770
f 770/1158/1174 765/1159/1173 2394/1160/1175
f 770/1158/1174 2394/1160/1175 764/1161/915
f 764/1161/915 2394/1160/1175 771/1023/770
f 771/1023/770 2394/1160/1175 814/1162/954
f 2394/1160/1175 1952/1163/815 814/1162/954
f 2402/1025/467 771/1023/770 2408/1164/819
f 771/1023/770 814/1162/954 2408/1164/819
f 778/1030/1176 2408/1164/819 2414/1165/915
f 814/1162/954 810/1166/915 2408/1164/819
f 2408/1164/819 810/1166/915 2414/1165/915
f 796/1031/689 778/1030/1176 2414/1165/915
f 2414/1165/915 808/1032/1058 796/1031/689
f 808/1032/1060 2431/1167/1177 2430/1168/1178
f 2414/1165/915 876/1169/1179 808/1032/1058
f 2431/1167/1177 876/1169/1180 2430/1168/1178
f 876/1169/1180 2415/1170/701 2430/1168/1178
f 2430/1168/1178 809/1171/1181 808/1032/1060
f 808/1032/1060 809/1171/1181 2438/1034/819
f 815/1172/847 819/1038/1050 2438/1036/770
f 819/1038/1050 815/1172/847 820/1173/921
f 821/1174/1182 820/1173/921 2484/1175/960
f 2484/1175/960 2485/1176/903 839/1177/1183
f 821/1037/1184 839/1178/849 1786/1179/966
f 1786/1179/966 839/1178/849 836/1180/954
f 839/1178/849 834/1181/954 836/1180/954
f 1786/1179/966 836/1180/954 2452/1182/1185
f 2452/1049/1070 841/1183/1186 2481/1050/1071
f 836/1180/954 834/1181/954 835/1184/966
f 836/1180/954 835/1184/966 837/1185/1187
f 841/1183/1186 836/1180/954 837/1185/1187
f 841/1183/1186 837/1185/1187 2481/1050/1071
f 2481/1050/1071 837/1185/1187 2461/892/932
f 837/1185/1187 2289/1186/1188 2461/892/932
f 2461/892/932 2289/1186/1188 840/1052/1073
f 840/1052/1073 2289/1186/1188 2352/1053/1074
f 2012/1055/1189 2011/1187/1190 2013/1056/1077
f 2013/1056/1077 2011/1187/1190 2010/1057/1078
f 2012/1055/1189 2289/1188/1191 2011/1187/1190
f 2050/1189/1192 1131/1190/1193 1132/1191/1194
f 1131/1190/1193 1901/1192/1195 1132/1191/1194
f 2048/1060/1080 2831/1059/1079 1132/1191/1196
f 2048/1060/1080 1132/1191/1196 2049/1063/1197
f 2049/1063/1083 1972/1193/1198 1118/1064/1084
f 1132/1191/1196 1119/1194/1199 2049/1063/1197
f 1972/1193/1198 1119/1194/1200 2737/1195/1201
f 1132/1191/1196 1117/1196/1202 1119/1194/1199
f 1972/1193/1198 2737/1195/1201 1118/1064/1084
f 1118/1064/1084 1114/1197/1203 2732/1069/1087
f 1118/1198/1084 1113/1199/1204 1114/1200/1203
f 2732/1069/1087 1114/1197/1203 2733/1201/1205
f 2732/1069/1087 2725/1202/1206 1121/1071/1089
f 2725/1202/1207 2731/1203/1208 2719/1081/1096
f 2732/1069/1096 1893/1204/1061 2731/1203/1208
f 2731/1203/1208 1893/1204/1061 1099/1205/952
f 2731/1203/1208 1099/1205/952 2726/1206/968
f 2719/1081/1096 2731/1203/1208 1022/1083/810
f 2731/1203/1208 1021/1207/466 1022/1083/810
f 2731/1203/1208 2726/1206/968 1021/1207/466
f 1099/1205/783 1098/1208/1176 1021/1207/466
f 1022/1083/810 1646/1086/952 1023/1082/690
f 1022/1083/810 1021/1207/466 2622/1209/1176
f 1021/1207/466 1009/1210/1209 2622/1209/1176
f 978/1087/960 1022/1211/952 979/1212/960
f 978/1087/960 979/1212/960 1779/1088/952
f 2621/1213/1185 2622/1214/1176 1911/1215/849
f 1911/1216/849 2622/1209/1176 2619/1217/925
f 2622/1209/1176 1009/1210/1209 2619/1217/925
f 2618/1218/1210 2619/1219/925 1779/1220/701
f 2619/1217/925 1009/1210/1209 1779/1221/701
f 1779/1221/701 1009/1210/1209 985/1222/1211
f 1779/1221/1212 1785/1223/1213 2615/1093/1214
f 1785/1223/1213 1779/1221/1212 1778/1224/1215
f 2615/1093/1101 2803/1225/1216 971/1094/1102
f 1778/1224/1215 1780/1226/1217 1785/1223/1213
f 1785/1223/1213 1780/1226/1217 2616/1227/1218
f 1785/1223/1213 2616/1227/1218 1781/1228/1219
f 2803/1225/1216 1020/1229/1220 971/1094/1102
f 971/1094/1102 1020/1229/1220 2173/1230/1221
f 2803/1225/1216 1785/1223/1222 1020/1229/1220
f 973/1098/1106 2173/1231/1223 968/1099/1107
f 408/1232/1224 410/1233/1225 411/1234/1226
f 1605/1235/1227 1600/1236/1228 1602/1237/1229
f 1600/1236/1228 1599/1238/1230 1602/1237/1229
f 958/1103/1111 1095/1239/1231 1013/1104/1112
f 1095/1240/1232 1598/1241/1233 1744/1242/1234
f 1013/1104/1112 1015/1243/1235 1014/1105/1113
f 1015/1243/1235 1016/1244/1236 1014/1105/1113
f 1095/1245/1237 1016/1244/1236 1015/1243/1235
f 1744/1242/1234 1598/1241/1233 1601/1246/1238
f 1014/1105/1113 1017/1247/1239 2023/1248/1240
f 1014/1105/1113 1016/1244/1236 1017/1247/1239
f 1016/1244/1236 1018/1249/1241 1017/1247/1239
f 1014/1105/1113 2023/1248/1240 1770/1250/1242
f 2041/976/1119 2043/1251/1243 2112/1252/1244
f 2112/1253/1245 2088/1254/1246 2090/1255/1247
f 1017/1247/1239 2598/1256/1248 2023/1248/1240
f 2041/976/1119 2112/1252/1244 2036/1111/1123
f 2088/1254/1246 2086/1257/1249 2090/1255/1247
f 2090/1258/1250 2034/1259/1251 2036/1114/1252
f 2034/1259/1253 2086/1257/1254 2032/1260/1255
f 2036/1114/1126 2037/1115/1127 2038/979/1010
f 2031/1116/1129 2037/1261/1256 2030/1117/1130
f 2034/1259/1251 2030/1117/1257 2036/1114/1252
f 2215/1262/1258 2214/1263/1259 2218/1124/1137
f 2214/1263/1259 2204/1264/1260 2218/1124/1137
f 2218/1124/1137 2204/1264/1260 2216/1125/1138
f 2216/1125/1138 2204/1264/1260 2081/1126/1139
f 1650/1265/1261 2379/1266/1262 1619/1267/1263
f 1651/1268/1264 1662/1269/1265 1649/1270/1266
f 1650/1265/1261 1651/1268/1264 1649/1270/1266
f 1650/1265/1261 1649/1270/1266 2379/1266/1262
f 2379/1271/1262 1649/1272/1266 2380/1273/1143
f 2386/1133/1146 2380/1130/1143 1052/1274/1267
f 2380/1273/1143 1649/1272/1266 1052/1275/1267
f 1649/1270/1266 2586/1276/1268 1052/1274/1267
f 1052/1274/1269 1053/1277/1270 1049/1131/1144
f 1049/1131/1144 1053/1277/1270 1050/1134/1147
f 1050/1134/1147 1053/1277/1270 2836/1135/1148
f 1053/1277/1270 1052/1274/1269 1054/1278/1271
f 1635/1279/1272 1054/1278/1271 1052/1274/1269
f 1924/1142/1155 1932/1280/1273 2951/1143/1156
f 1932/1280/1273 2245/1281/1274 2951/1143/1156
f 1932/1280/1273 1935/1282/1275 2245/1281/1274
f 1932/1280/1273 2894/1283/1276 1935/1282/1275
f 2951/1143/1156 1931/1284/1277 1935/1285/1278
f 2951/1143/1156 1935/1285/1278 1925/1145/1159
f 1925/1145/1159 1935/1285/1278 1929/1148/1161
f 1929/1148/1161 1936/1286/1279 1934/1149/1162
f 1936/1286/1279 1933/1287/1280 1934/1149/1162
f 1935/1285/1278 1933/1288/1281 1929/1148/1161
f 5619/698/747 2314/1289/1282 2305/836/888
f 377/1150/1165 397/1290/1283 366/1152/1166
f 775/1155/1170 756/1291/1284 761/1156/1171
f 765/1159/1173 761/1156/1171 762/1292/1285
f 761/1156/1171 751/1293/1286 762/1292/1285
f 765/1159/1173 762/1292/1285 2394/1160/1175
f 762/1292/1285 763/1294/1287 2394/1160/1175
f 763/1294/1287 1087/1295/784 2394/1160/1175
f 1087/1295/1050 898/1296/1288 776/1297/467
f 898/1296/1288 749/1298/1289 776/1297/467
f 1952/1163/810 813/1299/852 810/1166/915
f 2394/1160/1175 812/1300/1290 813/1299/852
f 813/1299/852 812/1300/1290 810/1166/915
f 2394/1160/1175 1087/1295/784 812/1300/1290
f 812/1300/1290 2499/1301/467 810/1166/915
f 1087/1302/784 2401/1303/1291 812/1304/1290
f 810/1166/915 811/1305/467 2414/1165/915
f 810/1166/915 2499/1301/467 811/1305/467
f 2499/1301/467 2409/1306/829 811/1305/467
f 2414/1165/915 811/1305/467 2415/1307/970
f 2415/1307/970 811/1305/467 832/1308/959
f 2415/1170/701 801/1309/954 2430/1168/1178
f 832/1310/915 800/1311/959 801/1309/954
f 2430/1168/1178 801/1309/954 802/1312/925
f 801/1309/954 800/1311/959 802/1312/925
f 809/1313/1292 802/1314/1292 818/1315/1292
f 818/1315/467 2433/1316/1293 816/1317/1050
f 818/1315/467 800/1318/819 2433/1316/1293
f 2438/1036/770 816/1317/1050 815/1172/847
f 816/1317/1050 2433/1316/1293 817/1319/852
f 816/1317/1050 817/1319/852 815/1172/847
f 2433/1316/1293 807/1320/1294 817/1319/852
f 807/1321/1295 2432/1322/1296 2439/1323/1297
f 815/1172/847 825/1324/968 820/1173/921
f 815/1172/847 817/1319/852 2278/1325/1298
f 2278/1325/710 844/1326/1299 825/1324/925
f 2278/1325/710 2439/1323/1297 844/1326/1299
f 820/1173/921 825/1324/968 826/1327/915
f 820/1173/921 826/1327/915 2484/1175/960
f 2484/1175/960 826/1327/915 2485/1176/903
f 826/1327/915 827/1328/770 2485/1176/903
f 2439/1323/1297 1636/1329/1300 844/1326/1299
f 844/1326/1299 2440/1330/1301 827/1331/1302
f 2485/1176/903 827/1328/770 834/1181/1303
f 827/1328/770 838/1332/1304 834/1181/1303
f 835/1184/966 1895/1333/910 837/1185/1187
f 838/1332/1304 863/1334/1305 834/1181/1303
f 834/1181/1303 863/1334/1305 1895/1335/1306
f 1895/1333/910 2459/1336/1307 837/1185/1187
f 837/1185/1187 2459/1336/1307 2462/1337/1308
f 2462/1337/1308 2459/1336/1307 2479/1338/1309
f 2459/1336/1307 1892/1339/1310 2479/1338/1309
f 2462/1337/1308 1812/1340/1311 2289/1341/1312
f 2462/1337/1308 2479/1338/1309 1812/1340/1311
f 2011/1187/1190 1783/1342/1313 2010/1057/1078
f 2289/1343/1314 1038/1344/1315 1782/1345/1316
f 1782/1345/1316 1038/1344/1315 1783/1346/1317
f 1783/1346/1317 1784/1347/1318 1978/1348/1319
f 1132/1191/1194 1901/1192/1195 1130/1349/1320
f 1901/1192/1195 1129/1350/1321 1130/1349/1320
f 1130/1349/1320 1129/1350/1321 2828/1351/1322
f 1117/1352/1323 2828/1351/1322 2737/1195/1201
f 2737/1195/1201 2828/1351/1322 1116/1353/1324
f 2737/1195/1201 1116/1353/1324 1118/1064/1084
f 1118/1064/1084 1116/1353/1324 1113/1354/1204
f 1116/1353/1324 1112/1355/1325 1113/1354/1204
f 1113/1354/1204 1771/1356/785 1114/1197/1203
f 1112/1355/1325 1109/1357/1326 1113/1354/1204
f 1113/1354/1204 1109/1357/1326 1108/1358/1327
f 1114/1197/1203 1115/1359/1328 2733/1201/1205
f 1114/1197/1203 1106/1360/1329 1115/1359/1328
f 1771/1356/1330 1108/1358/1327 1106/1361/1331
f 2733/1201/1205 1115/1359/1328 1893/1362/1332
f 1107/1363/810 1105/1364/1333 1100/1365/829
f 1893/1362/1332 1115/1359/1328 1098/1366/1334
f 1115/1359/1328 1107/1367/1335 1098/1366/1334
f 1021/1207/466 1098/1208/1176 2718/1368/1336
f 1098/1208/1176 1080/1369/1337 2718/1368/1336
f 2718/1368/1336 1009/1210/1209 1021/1207/466
f 2718/1368/1336 1080/1369/1337 1079/1370/1338
f 1079/1370/1338 986/1371/1339 1009/1210/1209
f 1079/1370/1338 1080/1369/1337 986/1371/1339
f 1009/1210/1209 986/1371/1339 985/1222/1211
f 986/1371/1339 987/1372/1340 985/1222/1211
f 985/1222/1211 987/1372/1340 1778/1224/1341
f 987/1372/1340 2616/1227/1218 1778/1224/1341
f 2616/1227/1218 987/1372/1340 1781/1228/1219
f 414/1373/1342 413/1374/1343 412/1375/1344
f 413/1374/1343 408/1376/1345 412/1375/1344
f 409/1377/1346 411/1234/1226 410/1233/1225
f 1600/1236/1228 1598/1241/1347 1599/1238/1230
f 1600/1378/1348 2172/1379/1349 2827/1380/1350
f 2172/1381/1351 1597/1382/1352 1598/1241/1233
f 1598/1241/1233 1596/1383/1353 1601/1246/1238
f 1598/1241/1233 1597/1382/1352 1596/1383/1353
f 1016/1244/1236 2349/1384/1354 1018/1249/1241
f 2349/1384/1354 1898/1385/1355 1018/1249/1241
f 1596/1383/1356 1898/1386/1357 1603/1387/1358
f 1018/1249/1241 1604/1388/1359 1017/1247/1239
f 1017/1389/1239 2599/1390/1360 2598/1391/1248
f 1898/1386/1357 1576/1392/1361 1604/1393/1362
f 1604/1393/1362 1576/1392/1361 2598/1394/1363
f 2282/1395/1364 2089/1396/1365 2088/1254/1246
f 2088/1254/1246 2089/1396/1365 2086/1257/1249
f 2086/1397/1366 2085/1398/1367 2040/1399/1368
f 2086/1257/1249 2091/1400/1369 2120/1401/1370
f 2089/1396/1365 2287/1402/1371 2086/1257/1249
f 2287/1402/1371 2091/1400/1369 2086/1257/1249
f 2040/1399/1368 2113/1403/1372 2032/1404/1373
f 2040/1399/1368 2085/1398/1367 2113/1403/1372
f 2093/1405/1374 2110/1406/1375 2033/1407/1376
f 2030/1117/1130 2033/1408/1377 2021/974/1015
f 2030/1117/1130 2032/1404/1378 2033/1408/1377
f 2021/974/1015 2033/1408/1377 2095/1409/1379
f 2215/1410/1380 2210/1411/1381 2213/1412/1382
f 2213/1412/1382 2210/1411/1381 2214/1263/1259
f 2210/1411/1381 2212/1413/1383 2214/1263/1259
f 2214/1263/1259 2212/1413/1383 2204/1264/1260
f 1651/1268/1264 1660/1414/1384 1662/1269/1265
f 1652/1415/1385 2377/1416/1386 1649/1270/1266
f 1662/1269/1265 1660/1414/1384 2377/1417/1386
f 1649/1418/1266 2377/1419/1386 2587/1420/1387
f 1635/1279/1272 2586/1276/1268 1054/1278/1271
f 2586/1276/1268 1649/1270/1266 1054/1278/1271
f 2895/1137/1150 2894/1421/1276 1923/1140/1153
f 1923/1422/1153 2894/1283/1276 1932/1280/1273
f 1935/1285/1278 2946/1423/1388 1933/1288/1281
f 2946/1423/1388 2185/1424/1389 1933/1288/1281
f 403/838/890 386/1425/1390 377/1150/1163
f 386/1425/1390 385/1426/1391 383/1427/1392
f 377/1150/1165 383/1427/1393 397/1290/1283
f 784/1428/1394 747/1429/1395 785/1430/1396
f 756/1291/1284 757/1431/1397 761/1156/1171
f 758/1432/1398 755/1433/1399 761/1156/1171
f 757/1431/1397 758/1432/1398 761/1156/1171
f 761/1156/1171 755/1433/1399 754/1434/1400
f 754/1434/1400 755/1433/1399 751/1435/1401
f 751/1435/1401 749/1298/1289 898/1296/1288
f 751/1435/1401 755/1433/1399 749/1298/1289
f 749/1298/1289 759/1436/1402 753/1437/1403
f 776/1297/954 753/1437/466 2501/1438/914
f 776/1297/954 2501/1438/914 2409/1439/959
f 752/1440/1183 727/1441/959 753/1437/466
f 753/1437/466 727/1441/959 2501/1438/914
f 2409/1439/959 2501/1438/914 798/1442/959
f 2409/1439/959 799/1443/927 832/1310/915
f 832/1310/915 799/1443/927 800/1311/959
f 799/1443/927 787/1444/912 800/1311/959
f 787/1444/912 2439/1323/1297 2432/1322/1296
f 787/1444/912 2487/1445/954 2439/1323/1297
f 2439/1323/1297 2487/1445/954 455/1446/1208
f 2439/1323/1297 455/1446/1208 786/1447/1404
f 1636/1329/1300 2439/1323/1297 788/1448/915
f 2439/1323/1297 786/1447/1404 788/1448/915
f 844/1326/1299 1636/1329/1300 2440/1330/1301
f 870/1449/831 786/1450/710 869/1451/966
f 870/1449/831 869/1451/966 2441/1452/687
f 2441/1452/687 869/1451/966 438/1453/966
f 870/1449/831 439/1454/1405 1636/1455/845
f 838/1332/1304 2440/1456/1406 863/1334/1305
f 2440/1457/1407 439/1454/1408 1621/1458/788
f 870/1449/831 2441/1452/687 439/1454/1405
f 1621/1458/788 439/1454/1408 863/1334/1409
f 863/1334/1409 439/1454/1408 434/1459/1410
f 2459/1336/1307 863/1460/1411 1892/1339/1310
f 889/1461/1412 434/1459/1410 1892/1462/1090
f 863/1334/1409 434/1459/1410 889/1461/1412
f 1812/1463/1413 1892/1462/1090 435/1464/1414
f 1892/1462/1090 434/1459/1410 435/1464/1414
f 1812/1463/1413 435/1464/1414 436/1465/1415
f 434/1459/1410 420/1466/1416 435/1464/1414
f 435/1464/1414 437/1467/1417 436/1465/1415
f 436/1465/1415 437/1467/1417 2289/1343/1418
f 1038/1344/1315 1784/1347/1318 1783/1346/1317
f 1038/1344/1419 437/1468/1420 1058/1469/1421
f 1978/1348/1319 1784/1347/1318 1058/1469/1422
f 1900/1470/1423 1899/1471/1424 1901/1472/1425
f 1129/1350/1321 1128/1473/1426 2828/1351/1322
f 1129/1350/1321 1899/1471/1427 1128/1473/1426
f 1899/1471/1427 1507/1474/1428 1128/1473/1426
f 2828/1351/1322 1128/1473/1426 1116/1353/1324
f 2250/1475/1429 1853/1476/1430 1112/1477/1431
f 1128/1473/1426 1853/1478/1432 1116/1353/1324
f 1853/1476/1430 1506/1479/1433 1504/1480/1434
f 1112/1355/1325 2739/1481/1435 1109/1357/1326
f 2739/1481/1435 1504/1482/1436 1109/1357/1326
f 1112/1477/1431 1853/1476/1430 1504/1480/1434
f 1109/1357/1326 1111/1483/1437 1108/1358/1327
f 1108/1358/1327 1111/1483/1437 1110/1484/1438
f 1504/1482/1436 1500/1485/1439 1109/1357/1326
f 1111/1483/1437 1500/1485/1440 1110/1484/1438
f 1108/1358/1327 1110/1484/1438 1106/1361/1331
f 1106/1361/1331 1110/1484/1438 1499/1486/961
f 1106/1361/1331 1499/1486/961 1105/1364/1333
f 1105/1364/1333 1499/1486/961 1100/1365/829
f 1499/1486/961 1101/1487/1441 1080/1369/1337
f 1100/1365/829 1499/1486/961 1080/1369/1337
f 1098/1208/1176 1100/1365/829 1080/1369/1337
f 1080/1369/1337 1101/1487/1441 2799/1488/1442
f 2799/1488/1442 1101/1487/1441 1133/1489/1443
f 986/1371/1339 2624/1490/1444 2623/1491/1445
f 986/1371/1339 2623/1491/1445 987/1372/1340
f 986/1371/1339 2799/1492/1442 2624/1490/1444
f 2799/1492/1442 2717/1493/1446 2624/1490/1444
f 2624/1494/1447 1141/1495/1448 1144/1496/1449
f 1144/1496/1449 1141/1495/1448 1143/1497/1450
f 1143/1497/1450 1141/1495/1448 1142/1498/1451
f 1142/1498/1451 1141/1495/1448 1140/1499/1452
f 1144/1500/1453 1145/1501/1454 5731/1502/1455
f 1145/1501/1454 1142/1498/1451 1140/1499/1452
f 1145/1501/1454 1140/1499/1452 5731/1502/1455
f 2172/1381/1351 2080/1503/1456 1597/1382/1352
f 1597/1504/1457 2823/1505/1458 1580/1506/1459
f 2823/1505/1458 1578/1507/1460 1580/1506/1459
f 1596/1383/1356 1580/1506/1459 1898/1386/1357
f 1580/1506/1459 2636/1508/1461 1898/1386/1357
f 2636/1508/1461 1577/1509/1462 1898/1386/1357
f 1898/1386/1357 1593/1510/1463 1576/1392/1361
f 1898/1386/1357 1577/1509/1462 1593/1510/1463
f 1593/1510/1463 1575/1511/1464 1576/1392/1361
f 2282/1395/1364 2279/1512/1465 2089/1396/1365
f 2287/1402/1466 2279/1512/1465 2281/1513/1467
f 2280/1514/1468 2281/1513/1467 2279/1512/1465
f 2279/1512/1465 2866/1515/1469 2280/1514/1468
f 2113/1403/1372 2092/1516/1470 2032/1404/1373
f 2092/1516/1470 2096/1517/1471 2032/1404/1373
f 2091/1518/1472 2866/1515/1469 2092/1516/1470
f 2032/1404/1373 2096/1517/1471 2093/1405/1374
f 2866/1515/1469 2096/1517/1471 2092/1516/1470
f 2091/1518/1472 2280/1514/1468 2866/1515/1469
f 2093/1405/1374 2094/1519/1473 2110/1406/1375
f 2093/1405/1374 2096/1517/1471 2094/1519/1473
f 2210/1411/1381 2211/1520/1474 2212/1413/1383
f 2212/1521/1475 2813/1522/1476 2812/1523/1477
f 2215/1410/1380 2208/1524/1478 2210/1411/1381
f 2210/1411/1381 2208/1524/1478 2822/1525/1479
f 2215/1410/1380 2201/1526/1480 2208/1524/1478
f 2081/1126/1139 2192/1527/1481 2891/1528/1482
f 1660/1414/1384 2587/1529/1387 2377/1417/1386
f 2587/1530/1387 1658/1531/1483 2378/1532/1484
f 2587/1530/1387 2378/1532/1484 1649/1270/1266
f 1649/1270/1266 2378/1532/1484 1054/1278/1271
f 2894/1283/1276 2224/1533/1485 1935/1282/1275
f 2224/1533/1485 2947/1534/1486 1935/1282/1275
f 2947/1535/1486 2228/1536/1487 2946/1537/1488
f 403/838/890 385/1426/1391 386/1425/1390
f 403/838/890 396/1538/1489 385/1426/1391
f 396/1538/1489 378/1539/1490 385/1426/1391
f 383/1427/1393 384/1540/1491 397/1290/1283
f 384/1540/1491 382/1541/1492 397/1290/1283
f 397/1290/1283 382/1541/1492 378/1539/1490
f 384/1540/1491 385/1426/1391 382/1541/1492
f 378/1539/1490 379/1542/1493 397/1290/1283
f 784/1428/1394 748/1543/1494 747/1429/1395
f 747/1429/1395 748/1543/1494 746/1544/1495
f 747/1429/1395 746/1544/1495 758/1545/1496
f 758/1545/1496 746/1544/1495 2504/1546/1497
f 746/1544/1495 614/1547/1498 2504/1546/1497
f 1633/1548/1499 614/1547/1498 746/1544/1495
f 2505/1549/1500 2504/1550/1497 755/1551/1399
f 2504/1546/1497 743/1552/1501 755/1433/1399
f 2504/1546/1497 611/1553/1502 743/1552/1501
f 614/1547/1498 611/1553/1502 2504/1546/1497
f 755/1433/1399 743/1552/1501 604/1554/1503
f 755/1433/1399 604/1554/1503 2503/1555/1504
f 755/1433/1399 2503/1555/1504 745/1556/961
f 755/1433/1399 745/1556/961 749/1298/1289
f 749/1298/1289 745/1556/961 759/1436/1402
f 2503/1555/1504 744/1557/1505 745/1556/961
f 759/1436/1402 724/1558/810 752/1440/1183
f 759/1436/1402 745/1556/961 724/1558/810
f 828/1559/1506 725/1560/1507 724/1561/915
f 745/1556/961 750/1562/1508 724/1558/810
f 752/1440/1183 724/1558/810 727/1441/959
f 2409/1439/959 798/1442/959 799/1443/927
f 798/1442/966 1035/1563/710 451/1564/710
f 1035/1563/710 833/1565/1050 454/1566/467
f 2501/1567/1509 793/1568/1509 833/1565/1509
f 1035/1563/710 454/1566/467 451/1564/710
f 451/1564/710 454/1566/467 799/1443/927
f 787/1444/912 454/1566/467 2487/1445/954
f 787/1444/912 799/1443/927 454/1566/467
f 2487/1445/954 454/1566/467 452/1569/1510
f 454/1566/467 2436/1570/1511 452/1569/1510
f 454/1566/467 2445/1571/915 2436/1570/1511
f 2436/1570/1511 2445/1571/915 2444/1572/722
f 786/1447/1404 455/1446/1208 432/1573/1512
f 2436/1570/1511 2444/1572/722 455/1446/1208
f 2444/1572/722 453/1574/1513 455/1446/1208
f 455/1446/1208 456/1575/1514 432/1573/1512
f 455/1446/1208 453/1574/1513 456/1575/1514
f 786/1447/1404 432/1573/1512 438/1453/1515
f 456/1575/1514 453/1574/1513 2442/1576/1516
f 2442/1577/1517 443/1578/1063 432/1573/1518
f 432/1573/1518 443/1578/1063 2441/1452/687
f 2441/1452/687 443/1578/1063 422/1579/1519
f 2441/1452/687 422/1579/1519 439/1454/1405
f 439/1454/1405 422/1579/1519 423/1580/1520
f 434/1459/1410 439/1454/1408 2463/1581/1521
f 439/1454/1408 425/1582/1522 2463/1581/1521
f 2463/1581/1521 425/1582/1522 420/1583/1523
f 425/1582/1522 423/1580/1520 420/1583/1523
f 420/1583/1523 419/1584/1524 437/1467/1525
f 419/1584/1524 416/1585/1526 437/1467/1525
f 418/1586/1527 1057/1587/1528 1058/1469/1421
f 1900/1470/1423 2832/1588/1529 1899/1471/1424
f 2832/1588/1529 1918/1589/1530 1899/1471/1424
f 1900/1470/1423 1983/1590/1531 2832/1588/1529
f 1900/1470/1423 1982/1591/1532 1983/1590/1531
f 2832/1588/1529 1983/1590/1531 2174/1592/1533
f 1918/1589/1534 1984/1593/1535 1507/1594/1536
f 1984/1593/1535 1509/1595/1537 1507/1594/1536
f 1507/1594/1536 1509/1595/1537 1505/1596/1538
f 1506/1479/1433 1505/1596/1538 1504/1480/1434
f 1505/1596/1538 2738/1597/1539 1504/1480/1434
f 1505/1596/1538 1509/1595/1537 2738/1597/1539
f 2749/1598/1540 1508/1599/1541 2738/1597/1542
f 2738/1597/1542 1508/1599/1541 1501/1600/1543
f 2738/1597/1542 1501/1600/1543 1500/1601/1544
f 1500/1601/1544 1101/1487/1441 1499/1486/961
f 1500/1601/1544 1501/1600/1543 1101/1487/1441
f 1501/1600/1543 1502/1602/1545 1101/1487/1441
f 1101/1487/1441 2729/1603/1546 1133/1604/1443
f 1133/1605/1443 2729/1606/1546 2730/1607/1547
f 1133/1489/1443 1134/1608/1548 1136/1609/1549
f 1136/1609/1549 1134/1608/1548 1135/1610/1550
f 1133/1489/1443 1136/1609/1549 2799/1492/1442
f 2799/1492/1442 1136/1609/1549 2717/1493/1446
f 2717/1493/1446 1136/1609/1549 1141/1611/1551
f 1136/1609/1549 1137/1612/1552 2716/1613/1553
f 1136/1609/1549 1135/1610/1550 1137/1612/1552
f 1141/1495/1448 2716/1613/1553 1140/1499/1452
f 2716/1613/1553 1137/1612/1552 1140/1499/1452
f 1589/1614/1554 1590/1615/1555 1584/1616/1556
f 1589/1614/1554 1584/1616/1556 1587/1617/1557
f 1587/1617/1557 1584/1616/1556 1586/1618/1558
f 1586/1618/1558 2642/1619/1559 1587/1617/1557
f 2823/1505/1458 1587/1617/1557 1581/1620/1560
f 2823/1505/1458 1581/1620/1560 1578/1507/1460
f 1587/1621/1557 2642/1622/1559 1581/1623/1560
f 2642/1619/1559 1573/1624/1561 1581/1620/1560
f 1581/1620/1560 1573/1624/1561 1579/1625/1562
f 1580/1506/1459 1578/1507/1460 2636/1508/1461
f 1578/1507/1460 1579/1626/1506 2636/1508/1461
f 1574/1627/1563 1563/1628/1564 2636/1508/1461
f 1577/1509/1462 2636/1508/1461 1575/1511/1565
f 1563/1628/1564 2637/1629/1566 2636/1508/1461
f 1575/1511/1565 2636/1508/1461 2637/1629/1566
f 2282/1395/1364 2861/1630/1567 2279/1512/1465
f 2279/1512/1465 2861/1630/1567 2099/1631/1568
f 2279/1512/1465 2099/1631/1568 2866/1515/1469
f 2866/1515/1469 2099/1631/1568 2098/1632/1569
f 2098/1632/1569 2097/1633/1570 2096/1517/1471
f 2098/1632/1569 2099/1631/1568 2097/1633/1570
f 2096/1517/1471 2097/1633/1570 2094/1519/1473
f 2097/1633/1570 2111/1634/1571 2094/1519/1473
f 2201/1526/1480 2207/1635/1572 2208/1524/1478
f 2208/1524/1478 2207/1635/1572 2206/1636/1573
f 2822/1637/1574 2206/1636/1573 2211/1638/1575
f 2206/1636/1573 2205/1639/1576 2211/1638/1575
f 2094/1519/1473 2111/1634/1571 2095/1640/1577
f 2207/1635/1572 2205/1639/1576 2206/1636/1573
f 2205/1639/1576 2199/1641/1578 2211/1638/1575
f 2211/1638/1575 2209/1642/1579 2204/1264/1580
f 2204/1264/1260 2217/1643/1581 2081/1126/1139
f 2211/1638/1575 2199/1641/1578 2209/1642/1579
f 2209/1642/1579 2199/1641/1578 2217/1643/1582
f 1660/1414/1583 1663/1644/1584 1658/1645/1585
f 2217/1643/1581 2192/1527/1481 2081/1126/1139
f 2217/1643/1581 2203/1646/1586 2192/1527/1481
f 1731/1647/1587 1665/1648/1588 2292/1649/1589
f 1663/1644/1584 2292/1649/1590 1658/1645/1585
f 1658/1645/1585 2292/1649/1590 1661/1650/702
f 2292/1649/1589 1665/1648/1588 2810/1651/1591
f 2810/1651/1591 1666/1652/1592 1661/1653/1593
f 1658/1645/1585 1659/1654/1594 1730/1655/1595
f 1658/1645/1585 1657/1656/1596 1659/1654/1594
f 1658/1645/1585 1661/1650/702 1657/1656/1596
f 1653/1657/1597 1730/1655/1598 2378/1532/1484
f 1730/1655/1598 1654/1658/1599 2378/1532/1484
f 2378/1532/1484 1654/1658/1599 1054/1278/1271
f 1054/1278/1271 1654/1658/1599 1656/1659/1600
f 2896/1660/1601 2917/1661/1602 2894/1421/1603
f 2224/1533/1485 2226/1662/1604 2947/1534/1486
f 2917/1663/1605 2956/1664/1606 2226/1665/1607
f 2226/1662/1604 2955/1666/1608 2947/1534/1486
f 2947/1534/1486 2955/1666/1608 2227/1667/1609
f 2947/1534/1486 2227/1667/1609 2228/1668/1487
f 2227/1667/1609 2229/1669/1610 2228/1668/1487
f 385/1426/1391 378/1539/1490 388/1670/1611
f 385/1426/1391 388/1670/1611 382/1541/1492
f 5693/1671/1612 614/1547/1498 1633/1548/1499
f 614/1547/1498 605/1672/1613 611/1553/1502
f 614/1547/1498 2565/1673/1614 605/1672/1613
f 605/1672/1613 2565/1673/1614 2560/1674/1615
f 605/1672/1613 615/1675/1616 2558/1676/1617
f 605/1672/1613 2558/1676/1617 604/1677/1618
f 604/1677/1618 2558/1676/1617 744/1678/1331
f 744/1678/1331 2558/1676/1617 2502/1679/1619
f 2502/1679/1619 2558/1676/1617 585/1680/1620
f 744/1678/1331 2502/1679/1619 725/1681/1621
f 725/1560/1507 585/1680/852 724/1561/915
f 724/1561/915 2392/1682/1089 726/1683/1175
f 726/1683/1175 2392/1682/1089 727/1684/1616
f 724/1561/915 585/1680/852 2392/1682/1089
f 585/1680/852 584/1685/1622 2392/1682/1089
f 727/1684/1616 2392/1682/1089 793/1686/1623
f 2392/1682/1089 700/1687/1437 2393/1688/1624
f 2392/1682/1089 822/1689/1625 700/1687/1437
f 2392/1682/1089 584/1685/1622 822/1689/1625
f 2393/1688/1624 2410/1690/785 793/1568/1626
f 2393/1688/1624 700/1687/1437 2410/1690/785
f 793/1568/1626 2410/1690/785 454/1691/1627
f 700/1687/1437 701/1692/915 2410/1690/785
f 2410/1690/785 701/1692/915 450/1693/852
f 695/1694/819 2412/1695/1628 450/1696/1435
f 695/1697/819 2411/1698/1629 2412/1699/1628
f 450/1696/1435 2412/1695/1628 454/1566/467
f 454/1700/467 449/1701/1630 2445/1702/915
f 454/1566/467 2413/1703/823 449/1704/1630
f 2434/1705/1631 449/1706/1632 2435/1707/1633
f 2434/1705/1631 2435/1707/1633 2445/1708/1634
f 441/1709/1635 2453/1710/847 453/1711/1636
f 453/1711/1636 2453/1710/847 443/1712/1637
f 441/1709/1635 2445/1713/1634 2453/1710/847
f 443/1578/1063 2443/1714/1638 422/1579/1519
f 2453/1715/925 2455/1716/1639 2454/1717/770
f 422/1579/1519 421/1718/1640 423/1580/1520
f 422/1579/1519 424/1719/1641 421/1718/1640
f 2455/1720/1639 1045/1721/1642 422/1579/1519
f 422/1579/1519 1045/1721/1642 424/1719/1641
f 423/1580/1520 421/1718/1640 420/1583/1523
f 420/1583/1523 421/1718/1640 419/1584/1524
f 417/1722/1643 418/1586/1527 437/1468/1420
f 437/1468/1420 418/1586/1527 1058/1469/1421
f 417/1722/1643 419/1723/1644 415/1724/1645
f 1057/1587/1528 2257/1725/1646 1058/1469/1421
f 1983/1590/1531 1982/1591/1532 1984/1726/1647
f 1982/1591/1532 1614/1727/1648 1984/1726/1647
f 1509/1595/1537 1984/1593/1535 2749/1728/1649
f 1984/1593/1535 2761/1729/1650 2749/1728/1649
f 1613/1730/1651 2761/1729/1650 1984/1593/1535
f 2761/1729/1652 1612/1731/1653 1508/1599/1654
f 1508/1599/1654 1612/1731/1653 2759/1732/1655
f 2759/1732/1655 1611/1733/1656 1508/1599/1654
f 1502/1602/1545 1508/1599/1654 1944/1734/1657
f 1508/1599/1654 1611/1733/1656 1944/1734/1657
f 1944/1734/1657 1503/1735/1658 1502/1602/1545
f 1502/1602/1545 1503/1735/1658 1101/1487/1441
f 1101/1487/1441 1102/1736/1659 2729/1603/1546
f 1101/1487/1441 1104/1737/1660 1102/1736/1659
f 1101/1487/1661 1737/1738/1662 2740/1739/1663
f 2740/1739/1663 1640/1740/1664 1104/1741/1665
f 1104/1741/1665 1640/1740/1664 1139/1742/1666
f 2729/1603/1667 1103/1743/1668 1802/1744/1669
f 1102/1745/1670 1640/1740/1664 1103/1746/1671
f 1139/1742/1666 1640/1740/1664 1102/1745/1670
f 1103/1746/1671 1640/1740/1664 2728/1747/1672
f 1640/1740/1664 1137/1612/1552 2728/1747/1672
f 1103/1746/1671 2728/1747/1672 2727/1748/1673
f 406/1749/1674 407/1750/1675 408/1232/1224
f 1135/1610/1550 2728/1747/1672 1137/1612/1552
f 1137/1612/1552 1138/1751/1676 1171/1752/1677
f 1137/1612/1552 1153/1753/1678 1138/1751/1676
f 1137/1612/1552 1170/1754/1679 1140/1499/1452
f 1140/1499/1452 2082/1755/1680 5697/1756/1681
f 1140/1499/1452 2078/1757/1682 2082/1755/1680
f 1170/1754/1679 1171/1758/1683 1140/1499/1452
f 1140/1499/1452 1171/1758/1683 2078/1757/1682
f 2285/1759/1684 1171/1758/1685 2270/1760/1686
f 2285/1759/1684 2270/1760/1686 2082/1761/1687
f 408/1232/1224 405/1762/1688 410/1233/1225
f 1795/1763/1689 1793/1764/1690 1590/1615/1555
f 1590/1615/1555 1592/1765/1691 1584/1616/1556
f 1590/1615/1555 1591/1766/1692 1592/1765/1691
f 1591/1766/1692 2294/1767/1693 1592/1765/1691
f 1584/1768/1694 1585/1769/1695 1583/1770/1696
f 1585/1769/1695 1740/1771/1697 1583/1770/1696
f 1585/1769/1695 2294/1767/1698 1740/1771/1697
f 1583/1770/1696 1740/1771/1697 1595/1772/1699
f 2642/1619/1559 1584/1768/1694 1583/1770/1696
f 2642/1619/1559 1583/1770/1696 1573/1624/1561
f 1573/1624/1561 1572/1773/685 1579/1625/1562
f 1579/1625/1562 1572/1773/685 1574/1627/1563
f 1574/1627/1563 1572/1773/685 1566/1774/1700
f 1583/1770/1696 1570/1775/1701 1566/1774/1700
f 1574/1627/1563 1566/1774/1700 2641/1776/1702
f 1566/1774/1700 1569/1777/1703 2641/1776/1702
f 1574/1627/1563 2641/1776/1702 1563/1628/1564
f 2641/1776/1702 1561/1778/1704 1563/1628/1564
f 2637/1629/1566 1563/1628/1564 1582/1779/1705
f 1582/1779/1705 1563/1628/1564 1575/1780/1706
f 2861/1781/1707 2860/1782/1708 2863/1783/1709
f 2860/1784/1708 2101/1785/1710 2863/1786/1709
f 2863/1786/1709 2101/1785/1710 2099/1631/1568
f 2099/1631/1568 2101/1785/1710 2097/1633/1570
f 2097/1633/1570 2101/1785/1710 2100/1787/1711
f 2100/1787/1711 2103/1788/1712 2111/1634/1571
f 2201/1789/1713 2200/1790/1714 2205/1791/1715
f 2201/1789/1713 2195/1792/1716 2200/1790/1714
f 2111/1634/1571 2102/1793/1717 2095/1640/1577
f 2195/1792/1716 2193/1794/1718 2200/1790/1714
f 2200/1790/1714 2193/1794/1718 2199/1641/1719
f 2199/1641/1719 2194/1795/1720 2203/1646/1586
f 2194/1795/1720 2202/1796/1721 2203/1646/1586
f 2203/1646/1586 2202/1796/1721 2192/1527/1481
f 1663/1797/1722 1665/1648/1588 1731/1647/1587
f 1663/1797/1722 1727/1798/1723 1665/1648/1588
f 2810/1651/1591 2808/1799/1724 1666/1652/1592
f 1659/1654/1594 1657/1656/1596 1664/1800/1725
f 1657/1656/1596 2809/1801/1726 1664/1800/1725
f 2809/1801/1726 2808/1799/1724 1664/1800/1725
f 1659/1654/1594 1664/1800/1725 1654/1658/1599
f 1654/1658/1599 1664/1800/1725 1656/1659/1600
f 1054/1278/1271 1656/1659/1600 1655/1802/1727
f 2896/1660/1601 2899/1803/1728 2897/1804/1729
f 2896/1660/1601 2897/1804/1729 2917/1661/1602
f 2917/1661/1602 2897/1804/1729 2898/1805/1730
f 2897/1804/1729 2904/1806/1731 2898/1805/1730
f 2956/1664/1732 2242/1807/1733 2950/1808/1734
f 2956/1664/1732 2950/1808/1734 2955/1809/1735
f 2955/1809/1735 2230/1810/1736 2229/1669/1610
f 2955/1809/1735 2950/1808/1734 2230/1810/1736
f 2950/1808/1734 2231/1811/1737 2230/1810/1736
f 2229/1669/1610 2230/1810/1736 2228/1668/1487
f 378/1539/1490 380/1812/1738 379/1542/1493
f 613/1813/1739 612/1814/1740 614/1815/1741
f 613/1813/1739 878/1816/1742 612/1814/1740
f 612/1814/1740 878/1816/1742 606/1817/1743
f 612/1814/1740 606/1817/1743 2565/1673/1614
f 2565/1673/1614 606/1817/1743 2560/1674/1615
f 606/1817/1743 607/1818/1744 2560/1674/1615
f 605/1672/1613 2560/1674/1615 615/1675/1616
f 615/1675/1616 2560/1674/1615 2559/1819/787
f 615/1675/1616 739/1820/1745 2558/1676/1617
f 2558/1676/1617 583/1821/1182 585/1680/1620
f 583/1821/1182 739/1822/817 560/1823/903
f 583/1821/1182 560/1823/903 585/1680/1620
f 585/1680/852 586/1824/954 584/1685/1622
f 585/1680/852 685/1825/921 586/1824/954
f 691/1826/966 586/1827/852 689/1828/954
f 1082/1829/968 691/1826/966 690/1830/1746
f 1082/1829/968 690/1830/1746 700/1687/1437
f 691/1826/966 689/1828/954 690/1830/1746
f 586/1827/852 688/1831/914 689/1828/954
f 685/1825/1050 686/1832/959 688/1831/914
f 688/1831/914 686/1832/959 689/1828/954
f 701/1692/915 700/1687/1437 694/1833/1747
f 700/1687/1437 690/1830/1746 694/1833/1747
f 690/1830/1746 689/1828/954 2411/1834/1629
f 2411/1834/1629 689/1828/954 2496/1835/921
f 695/1836/819 694/1833/1748 2411/1834/1629
f 2411/1834/1629 693/1837/1749 2412/1695/1628
f 2411/1834/1629 2496/1835/921 693/1837/1749
f 1630/1838/1435 448/1839/910 2413/1703/1750
f 454/1566/467 2412/1695/1628 2413/1703/823
f 448/1839/910 2435/1840/1751 2413/1703/1750
f 448/1839/1752 877/1841/957 2494/1842/467
f 448/1839/910 446/1843/852 2435/1840/1751
f 442/1844/1753 447/1845/1754 445/1846/921
f 442/1844/1753 445/1846/921 444/1847/915
f 2435/1840/1751 446/1843/852 447/1845/1754
f 447/1845/1754 446/1843/852 445/1846/921
f 445/1846/921 446/1843/852 2494/1842/1755
f 2435/1848/1633 442/1844/1753 2445/1713/1634
f 442/1844/1753 444/1847/915 2445/1713/1634
f 2445/1713/1634 444/1847/915 2456/1849/954
f 2453/1710/847 2445/1713/1634 2456/1849/954
f 440/1850/831 430/1851/1403 2456/1849/954
f 2453/1852/925 2457/1853/914 430/1851/1403
f 2453/1852/925 430/1851/1403 2455/1720/1639
f 2455/1720/1639 430/1851/1403 431/1854/1756
f 2456/1849/954 430/1851/1403 2457/1853/914
f 2455/1720/1639 431/1854/1756 1045/1721/1642
f 1045/1721/1642 427/1855/1757 424/1719/1641
f 1045/1721/1642 430/1856/1758 427/1855/1757
f 424/1719/1641 427/1855/1757 419/1584/1759
f 419/1584/1759 426/1857/1760 433/1858/1761
f 427/1855/1757 426/1857/1760 419/1584/1759
f 427/1855/1757 428/1859/1762 426/1857/1760
f 415/1724/1645 2124/1860/1763 417/1722/1643
f 417/1722/1643 2124/1860/1763 418/1586/1527
f 418/1586/1527 2124/1860/1763 2123/1861/1764
f 2124/1860/1763 2288/1862/1765 2123/1861/1764
f 415/1724/1766 433/1858/1767 429/1863/1768
f 415/1724/1766 429/1863/1768 2288/1862/1769
f 429/1863/1768 2353/1864/1770 2288/1862/1769
f 2288/1862/1765 2168/1865/1771 2123/1861/1764
f 2288/1862/1765 859/1866/1772 2168/1865/1771
f 2293/1867/1773 2830/1868/1774 1614/1869/1775
f 1614/1869/1775 2182/1870/1776 1613/1730/1651
f 2830/1868/1774 2182/1870/1776 1614/1869/1775
f 1627/1871/1777 1852/1872/1778 2182/1870/1776
f 2182/1870/1776 1852/1872/1778 1617/1873/1779
f 2182/1870/1776 1617/1873/1779 1613/1730/1651
f 1613/1730/1651 1617/1873/1779 2761/1729/1650
f 2761/1874/1780 1616/1875/1781 1615/1876/1782
f 1615/1876/1782 1616/1875/1781 2762/1877/1783
f 1612/1731/1653 1615/1876/1782 2762/1877/1783
f 1612/1731/1653 2762/1877/1783 2759/1732/1655
f 1611/1878/1784 2760/1879/1785 1735/1880/1786
f 2759/1881/1787 2790/1882/1788 2760/1879/1785
f 1735/1880/1786 2760/1879/1785 1503/1883/1789
f 2760/1879/1785 1734/1884/1790 1503/1883/1789
f 2760/1879/1785 2790/1882/1788 1734/1884/1790
f 1734/1884/1790 2790/1882/1788 1296/1885/1791
f 1736/1886/1792 1503/1883/1789 1737/1738/1662
f 1503/1883/1789 1734/1884/1790 2796/1887/1793
f 1736/1886/1792 1737/1738/1662 1101/1487/1661
f 1503/1883/1789 1639/1888/1794 1737/1738/1662
f 1503/1883/1789 2796/1887/1793 1639/1888/1794
f 1737/1738/1662 1826/1889/1795 2740/1739/1663
f 2740/1739/1663 1826/1889/1795 1640/1740/1664
f 1826/1889/1795 1639/1888/1794 1640/1740/1664
f 1640/1740/1664 1154/1890/1796 1137/1612/1552
f 1154/1890/1796 2743/1891/1797 1137/1612/1552
f 1137/1612/1552 2743/1891/1797 1146/1892/1798
f 1137/1612/1552 1146/1892/1798 1153/1753/1678
f 1138/1751/1676 1153/1753/1678 2270/1760/1799
f 407/1750/1675 405/1762/1688 408/1232/1224
f 1753/1893/1800 1752/1894/1801 2627/1895/1802
f 1752/1894/1801 1753/1893/1800 1169/1896/1803
f 1169/1897/1804 2671/1898/1805 2627/1899/1806
f 2627/1899/1806 2673/1900/1807 1795/1763/1689
f 1795/1763/1689 2673/1900/1807 1793/1764/1690
f 2627/1899/1806 2671/1898/1805 2673/1900/1807
f 2671/1898/1805 1169/1897/1804 1557/1901/1808
f 1793/1764/1690 2673/1900/1807 1643/1902/1809
f 2673/1900/1807 2671/1898/1805 1794/1903/1810
f 2671/1904/1805 2672/1905/1811 1794/1906/1810
f 1793/1764/1690 1642/1907/1812 1590/1615/1555
f 1590/1615/1555 1642/1907/1812 2628/1908/1813
f 1642/1907/1812 1643/1909/1814 2628/1908/1813
f 2628/1908/1813 1591/1766/1692 1590/1615/1555
f 1591/1766/1692 1607/1910/1815 2294/1767/1693
f 1740/1771/1697 1739/1911/1816 1595/1772/1699
f 1740/1771/1697 1607/1910/1815 1739/1911/1816
f 1591/1766/1692 1739/1911/1816 1607/1910/1815
f 1595/1772/1699 1571/1912/1817 1583/1770/1696
f 1583/1770/1696 1571/1912/1817 1570/1775/1701
f 1571/1912/1817 2643/1913/1519 1570/1775/1701
f 1570/1775/1701 1567/1914/1818 1566/1774/1700
f 1566/1774/1700 1567/1914/1818 1569/1777/1703
f 1570/1775/1701 2643/1913/1519 1569/1915/471
f 1569/1915/471 1568/1916/915 1564/1917/1175
f 1564/1917/1819 2656/1918/1820 1565/1919/900
f 2641/1776/1702 1564/1920/1821 1561/1778/1704
f 1563/1628/1564 1561/1778/1704 1560/1921/1822
f 1565/1919/900 2656/1918/1820 1561/1778/1704
f 2860/1782/1823 2864/1922/1824 2859/1923/1825
f 2860/1924/1826 2854/1925/1827 2856/1926/1828
f 2101/1785/1829 2859/1927/1830 2295/1928/1831
f 2864/1922/1824 2856/1926/1828 2859/1923/1825
f 2859/1923/1825 2856/1926/1828 2857/1929/1832
f 2295/1928/1831 2104/1930/1833 2101/1785/1829
f 2859/1927/1830 2106/1931/1834 2295/1928/1831
f 2101/1785/1710 2103/1788/1712 2100/1787/1711
f 2111/1634/1571 2103/1788/1712 2102/1793/1717
f 2195/1792/1716 2196/1932/1835 2193/1794/1718
f 2193/1794/1718 2196/1932/1835 2197/1933/1836
f 2199/1641/1719 2193/1794/1718 2194/1795/1720
f 2194/1795/1720 2193/1794/1718 2192/1934/1837
f 1727/1935/1838 2364/1936/1839 1667/1937/1840
f 1665/1648/1588 1667/1937/1840 2810/1651/1591
f 2810/1651/1591 2375/1938/1841 2808/1799/1724
f 1667/1937/1840 2364/1936/1839 2810/1651/1591
f 2810/1651/1591 2364/1936/1839 1672/1939/1842
f 2810/1651/1591 1672/1939/1842 2375/1938/1841
f 2808/1799/1724 2375/1938/1841 1664/1800/1725
f 2375/1940/1841 2376/1941/1843 1664/1942/1725
f 2375/1938/1841 1672/1939/1842 1668/1943/1844
f 1671/1944/1845 1669/1945/1846 1664/1946/1847
f 2375/1938/1841 1668/1943/1844 1671/1944/1845
f 1668/1943/1844 2807/1947/1848 1671/1944/1845
f 1669/1945/1846 1726/1948/1849 1724/1949/1850
f 2897/1804/1729 2899/1803/1728 2900/1950/1851
f 2900/1950/1851 2899/1803/1728 2901/1951/1852
f 2904/1952/1853 2900/1950/1851 2901/1951/1852
f 2901/1953/1854 2248/1954/1855 2242/1955/1856
f 2899/1803/1728 2902/1956/1857 2901/1951/1852
f 2901/1951/1852 2902/1956/1857 2903/1957/1858
f 2242/1955/1856 2248/1954/1855 2231/1811/1737
f 2248/1954/1855 2243/1958/1859 2231/1811/1737
f 2231/1811/1737 2243/1958/1859 2230/1810/1736
f 2230/1810/1736 2244/1959/1860 2228/1668/1487
f 2244/1959/1860 2241/1960/1861 2228/1668/1487
f 378/1539/1490 381/1961/1862 380/1812/1738
f 2560/1674/1615 607/1818/1744 608/1962/1863
f 2560/1674/1615 608/1962/1863 609/1963/1634
f 608/1964/1864 561/1965/1865 562/1966/1866
f 609/1963/1634 610/1967/1867 2559/1819/1868
f 609/1963/1634 608/1962/1863 610/1967/1867
f 2559/1819/1868 610/1967/1867 554/1968/1869
f 2559/1819/1868 554/1968/1869 739/1822/1868
f 562/1966/1866 561/1965/1865 554/1969/1870
f 739/1822/817 559/1970/819 560/1823/903
f 554/1969/1870 564/1971/787 559/1970/819
f 554/1969/1870 555/1972/1871 564/1971/787
f 560/1823/903 559/1970/819 2528/1973/819
f 559/1970/819 564/1971/787 2528/1973/819
f 2528/1973/819 564/1971/787 581/1974/467
f 560/1823/903 2528/1973/819 687/1975/770
f 560/1823/903 687/1975/770 685/1825/1050
f 685/1825/1050 692/1976/921 686/1832/959
f 685/1825/1050 687/1975/770 692/1976/921
f 686/1832/959 692/1976/921 697/1977/785
f 687/1975/770 1854/1978/770 692/1976/921
f 692/1979/921 2526/1980/1061 697/1981/785
f 689/1828/954 697/1977/952 2496/1835/921
f 2496/1835/921 697/1977/952 696/1982/909
f 697/1977/952 698/1983/1089 696/1982/909
f 2496/1835/921 696/1982/909 702/1984/770
f 696/1982/909 698/1983/1089 699/1985/1872
f 877/1841/957 702/1986/1873 474/1987/1874
f 702/1986/1873 830/1988/471 474/1987/1874
f 696/1982/909 699/1985/1872 830/1988/471
f 699/1985/1872 829/1989/1050 830/1988/471
f 830/1988/471 829/1989/1050 474/1987/1874
f 474/1987/969 2495/1990/810 2186/1991/1875
f 877/1841/957 474/1987/1874 2494/1842/467
f 474/1992/1874 2493/1993/700 2494/1994/467
f 458/1995/837 2490/1996/954 2494/1997/852
f 460/1998/770 2494/1997/852 2490/1996/954
f 460/1998/770 2456/1849/954 445/1999/852
f 460/1998/770 2490/1996/954 2456/1849/954
f 2456/2000/954 457/2001/915 440/2002/831
f 2490/1996/954 457/2003/915 2456/1849/954
f 440/1850/831 831/2004/1435 430/1851/1403
f 430/2005/1403 831/2006/1435 2464/2007/1876
f 831/2008/1435 2458/2009/1877 2464/2010/1876
f 2464/2011/1878 2477/2012/1879 2465/2013/1880
f 2464/2011/1878 2465/2013/1880 428/1859/1881
f 428/1859/1762 861/2014/1882 426/1857/1760
f 426/1857/1760 861/2014/1882 860/2015/1883
f 426/1857/1760 860/2015/1883 858/2016/1884
f 2168/1865/1771 859/1866/1772 862/2017/1885
f 429/1863/1768 858/2016/1886 2353/1864/1770
f 858/2016/1886 862/2017/1885 2353/1864/1770
f 2353/1864/1770 862/2017/1885 859/1866/1772
f 858/2016/1886 680/2018/1887 862/2017/1885
f 862/2017/1885 680/2018/1887 681/2019/1888
f 862/2017/1885 1777/2020/1889 2168/1865/1771
f 1627/2021/1890 1624/2022/1891 1623/2023/1892
f 1623/2023/1893 1622/2024/1894 1852/1872/1778
f 1617/1873/1779 1852/1872/1778 1616/1875/1781
f 1852/1872/1778 1622/2024/1894 1616/1875/1781
f 1616/1875/1781 1622/2024/1894 2762/1877/1783
f 1622/2024/1894 1881/2025/1895 2762/1877/1783
f 1622/2024/1894 2324/2026/1896 1881/2025/1895
f 2762/1877/1783 1881/2025/1895 1303/2027/1897
f 2762/1877/1783 1303/2027/1897 2790/1882/1898
f 2790/1882/1788 1295/2028/1899 1296/1885/1791
f 2796/1887/1793 1468/2029/1900 1639/1888/1794
f 2796/1887/1793 1296/1885/1791 1468/2029/1900
f 1639/1888/1794 1468/2029/1900 1640/1740/1664
f 1468/2029/1900 1296/1885/1791 2744/2030/1901
f 1468/2029/1900 2744/2030/1901 1496/2031/1902
f 1296/1885/1791 1467/2032/1903 2744/2030/1901
f 1496/2031/1904 2743/1891/1797 1154/1890/1796
f 1496/2031/1902 2744/2030/1901 1151/2033/1905
f 2744/2030/1901 1150/2034/1906 1151/2033/1905
f 1151/2033/1905 1150/2034/1906 2743/1891/1907
f 1150/2034/1906 1860/2035/1908 2743/1891/1907
f 2743/1891/1797 2741/2036/1909 1146/1892/1798
f 1860/2035/1908 1148/2037/1910 2743/1891/1907
f 2741/2036/1909 1148/2037/1911 2715/2038/1912
f 1146/1892/1798 2741/2036/1909 1147/2039/1913
f 1753/2040/1914 1147/2039/1913 2626/2041/1915
f 1147/2039/1913 2741/2036/1909 1149/2042/1916
f 2741/2036/1909 2715/2038/1912 1149/2042/1916
f 1147/2039/1913 1149/2042/1916 2626/2041/1915
f 1753/1893/1800 2625/2043/1917 1169/1896/1803
f 1169/1896/1803 2625/2043/1917 2225/2044/1918
f 2225/2044/1918 2625/2043/1917 2696/2045/1919
f 2625/2043/1917 2626/2046/1920 1159/2047/1921
f 2625/2043/1917 1159/2047/1921 2696/2045/1919
f 2697/2048/912 2699/2049/1922 1159/2050/1923
f 2696/2045/1919 1159/2047/1921 1169/1897/1924
f 1169/1897/1924 1159/2047/1921 1620/2051/1925
f 1557/2052/1926 1620/2051/1927 2672/2053/1811
f 1620/2051/1927 1555/2054/1928 2672/2053/1811
f 2672/2053/1811 1555/2054/1928 1554/2055/1929
f 1159/2047/1923 1164/2056/1930 1555/2057/1931
f 1164/2056/1930 1159/2047/1923 2670/2058/1932
f 1794/1903/1810 1554/2055/1929 2628/1908/1813
f 1794/1903/1810 2672/2053/1811 1554/2055/1929
f 1554/2055/1929 1553/2059/1933 2628/1908/1813
f 1555/2054/1928 1165/2060/1934 1554/2055/1929
f 1553/2059/1933 1556/2061/1935 2628/1908/1813
f 1165/2060/1936 1556/2061/1935 1553/2059/1933
f 1591/1766/1692 2628/1908/1813 1556/2061/1935
f 1591/1766/1692 1556/2061/1935 1552/2062/1937
f 1556/2061/1935 2829/2063/1938 1552/2062/1937
f 2829/2063/1938 2650/2064/1939 1552/2062/1937
f 1552/2062/1937 1546/2065/1940 1595/2066/1941
f 1552/2062/1937 2650/2064/1939 1546/2065/1940
f 1546/2065/1940 2649/2067/1942 1530/2068/1943
f 1588/2069/1176 2644/2070/1176 1606/2071/471
f 1588/2069/1176 1530/2072/1404 2644/2070/1176
f 1606/2071/471 2644/2070/1176 2643/1913/1519
f 1569/1915/471 2643/1913/1519 1568/1916/915
f 2643/1913/1519 2644/2070/1176 1568/1916/915
f 2644/2070/1176 2640/2073/1944 1568/1916/915
f 1568/1916/915 2640/2073/1944 2656/1918/1820
f 2644/2070/1176 1532/2074/909 2640/2073/1944
f 2640/2073/1944 1532/2074/909 1538/2075/466
f 2640/2073/1944 1562/2076/1945 2656/1918/1820
f 1561/1778/1704 2656/1918/1820 1560/1921/1822
f 2656/1918/1820 1562/2076/1945 2638/2077/1946
f 1562/2076/1945 2657/2078/1947 2638/2077/1946
f 2656/1918/1820 2638/2077/1946 1560/1921/1822
f 2854/1925/1827 2855/2079/1948 2856/1926/1828
f 2856/1926/1828 2855/2079/1948 2858/2080/1949
f 2857/1929/1832 2856/1926/1828 2858/2080/1949
f 2320/2081/1950 2295/1928/1831 2312/2082/1951
f 2320/2081/1950 2312/2082/1951 2268/2083/1952
f 2312/2082/1951 2109/2084/1953 2268/2083/1952
f 2312/2082/1951 2295/1928/1831 2106/1931/1834
f 2312/2082/1951 2108/2085/1954 2109/2084/1953
f 2104/1930/1955 2268/2083/1952 2105/2086/1956
f 2109/2084/1953 2865/2087/1957 2268/2083/1952
f 2268/2083/1952 2865/2087/1957 2105/2086/1956
f 2104/1930/1955 2105/2086/1956 2103/1788/1712
f 2103/1788/1712 2105/2086/1956 2102/1793/1717
f 2255/2088/1958 2190/2089/1959 2193/1794/1718
f 2193/1794/1718 2190/2089/1959 2192/1934/1837
f 2255/2088/1958 2196/2090/1960 2190/2089/1959
f 1722/2091/1961 1721/2092/1962 2374/2093/1963
f 2364/1936/1839 2374/2094/1964 1672/1939/1842
f 2374/2093/1963 1725/2095/1965 1720/2096/1966
f 2374/2093/1963 1721/2092/1962 1725/2095/1965
f 1720/2096/1966 1725/2095/1965 1672/1939/1967
f 1672/1939/1967 2363/2097/1968 2811/2098/1969
f 2807/1947/1848 1672/1939/1967 2811/2098/1969
f 2807/1947/1848 2811/2098/1969 1671/1944/1845
f 1671/1944/1845 2811/2098/1969 1669/1945/1846
f 2811/2098/1969 1670/2099/1970 1669/1945/1846
f 1669/1945/1846 1670/2099/1970 1726/1948/1849
f 2902/1956/1857 2899/1803/1728 2935/2100/1971
f 2899/1803/1728 2907/2101/1972 2935/2100/1971
f 2935/2100/1971 2248/2102/1973 2903/2103/1974
f 2935/2100/1971 2907/2101/1972 2248/2102/1973
f 2248/1954/1855 2233/2104/1975 2243/1958/1859
f 2248/1954/1855 2234/2105/1976 2948/2106/1977
f 2235/2107/1978 2234/2105/1976 2248/1954/1855
f 2248/1954/1855 2948/2106/1977 2233/2104/1975
f 2233/2104/1975 2232/2108/1979 2243/1958/1859
f 2243/1958/1859 2232/2108/1979 2241/1960/1861
f 2241/1960/1861 2232/2108/1979 2228/1668/1487
f 879/2109/1980 2566/2110/1981 606/2111/1982
f 879/2109/1980 632/2112/1983 2566/2110/1981
f 606/2111/1982 2566/2110/1981 2564/2113/1984
f 2564/2113/1984 563/2114/1985 606/2111/1982
f 606/2111/1982 563/2114/1985 608/1964/1864
f 563/2114/1985 558/2115/1867 608/1964/1864
f 608/1964/1864 558/2115/1867 561/1965/1865
f 558/2116/1986 2318/2117/1987 573/2118/1988
f 554/1969/1870 561/1965/1865 587/2119/1989
f 561/1965/1865 573/2118/722 587/2119/1989
f 573/2118/722 2562/2120/1990 587/2119/1989
f 554/1969/1870 587/2119/1989 556/2121/831
f 554/1969/1870 556/2121/831 555/1972/1871
f 564/1971/787 555/1972/1871 577/2122/1991
f 564/1971/787 577/2122/1991 2529/2123/1992
f 687/2124/1993 2529/2123/1634 582/2125/1176
f 687/2124/1993 581/1974/1994 2529/2123/1634
f 656/2126/1208 582/2125/1176 697/2127/1176
f 2529/2123/1634 2525/2128/810 582/2125/1176
f 582/2125/1176 2525/2128/810 651/2129/1089
f 582/2125/1176 652/2130/1870 697/2127/1176
f 697/2127/1176 652/2130/1870 2507/2131/829
f 2507/2132/1331 475/2133/1995 2391/2134/851
f 582/2125/1176 651/2129/1089 652/2130/1870
f 652/2130/1870 651/2129/1089 475/2135/1996
f 475/2133/1995 2506/2136/831 2391/2134/851
f 475/2133/1995 467/2137/1997 2506/2136/831
f 474/1987/969 699/2138/690 2495/1990/810
f 699/2138/690 2391/2134/851 2495/1990/810
f 2391/2134/851 2506/2136/831 2495/1990/810
f 458/1995/837 2495/1990/810 2490/1996/954
f 2495/1990/810 2506/2136/831 2490/1996/954
f 2506/2136/831 461/2139/852 2490/1996/954
f 2490/1996/954 735/2140/770 2429/2141/851
f 2490/1996/954 2428/2142/1998 457/2003/915
f 457/2003/915 2428/2142/1998 831/2004/1435
f 2490/1996/954 2429/2141/851 2428/2142/1998
f 831/2004/1435 2428/2142/1998 2477/2012/1999
f 831/2004/1435 2477/2012/1999 2458/2143/1877
f 2477/2144/2000 683/2145/2001 2478/2146/2002
f 2465/2147/2003 2478/2146/2002 679/2148/2004
f 679/2148/2004 682/2149/2005 860/2150/2006
f 860/2150/2006 682/2149/2005 680/2018/1887
f 2478/2146/2002 684/2151/2007 679/2148/2004
f 2478/2146/2002 683/2145/2001 673/2152/2008
f 2478/2146/2002 673/2152/2008 684/2151/2007
f 679/2148/2004 684/2151/2007 682/2149/2005
f 682/2149/2005 871/2153/2009 895/2154/2010
f 680/2018/1887 873/2155/2011 681/2019/1888
f 682/2149/2005 895/2154/2010 680/2018/1887
f 895/2154/2010 873/2155/2011 680/2018/1887
f 681/2019/1888 873/2155/2011 2354/2156/2012
f 681/2019/1888 1776/2157/2013 1777/2158/2014
f 681/2019/1888 2354/2156/2012 1776/2157/2013
f 1624/2022/1891 1625/2159/2015 1623/2023/1892
f 1623/2023/1892 1625/2159/2015 1626/2160/2016
f 1757/2161/2017 1624/2162/2018 1463/2163/2019
f 1626/2160/2016 1625/2159/2015 2324/2164/2020
f 2324/2165/2021 1463/2163/2022 1303/2166/2023
f 1463/2163/2022 2774/2167/2024 1303/2166/2023
f 1463/2163/2022 2775/2168/2025 2774/2169/2024
f 1303/2166/2023 2774/2167/2024 1298/2170/2026
f 1298/2170/2026 2774/2167/2024 1294/2171/2027
f 1298/2172/2028 1295/2028/1899 2790/1882/1788
f 1294/2171/2027 2774/2167/2024 1295/2028/1899
f 2774/2167/2024 2757/2173/2029 1295/2028/1899
f 2774/2167/2024 1305/2174/2030 2757/2173/2029
f 1296/1885/1791 1295/2028/1899 1297/2175/2031
f 1296/1885/1791 1297/2175/2031 1467/2032/1903
f 2757/2176/2029 2758/2177/2032 1295/2178/1899
f 1295/2028/1899 2758/2179/2032 1297/2175/2031
f 1467/2032/1903 1297/2175/2031 1497/2180/2033
f 1467/2032/1903 2742/2181/2034 2744/2030/1901
f 1497/2180/2035 1291/2182/2036 2742/2183/2037
f 2748/2184/2038 2747/2185/2039 1291/2186/2036
f 1291/2182/2036 2747/2187/2039 1290/2188/2040
f 2742/2183/2037 1291/2182/2036 1290/2188/2040
f 1860/2035/1908 1178/2189/2041 1148/2037/1910
f 2742/2183/2037 1290/2188/2040 1860/2190/2042
f 1860/2190/2042 1290/2188/2040 1300/2191/2043
f 2715/2038/1912 1178/2192/2044 1302/2193/2045
f 1302/2193/2045 1178/2192/2044 1301/2194/2046
f 1178/2192/2044 1300/2191/2047 1301/2194/2046
f 1292/2195/2048 1299/2196/2049 1300/2191/2047
f 1300/2191/2047 1299/2196/2049 1301/2194/2046
f 2715/2038/1912 1302/2193/2045 1149/2042/1916
f 1149/2042/1916 2800/2197/2050 2626/2041/1915
f 1302/2193/2045 1301/2194/2046 2800/2198/2051
f 1301/2194/2052 2711/2199/953 2700/2200/822
f 1301/2194/2052 1152/2201/2053 2626/2046/2054
f 1152/2201/2053 1301/2194/2052 2700/2200/822
f 2626/2046/2054 1152/2201/2053 2698/2202/2055
f 2626/2046/2054 2698/2202/2055 2699/2203/2056
f 1159/2047/1923 2699/2203/1922 1155/2204/954
f 2699/2203/1922 2674/2205/2057 1155/2204/954
f 2699/2203/1922 1157/2206/2058 2674/2205/2057
f 1155/2204/954 1160/2207/2059 1159/2047/1923
f 2674/2205/2057 1158/2208/2060 1160/2209/2061
f 1159/2047/1923 1160/2207/2059 2670/2058/1932
f 2670/2058/1932 1161/2210/2062 1440/2211/2063
f 1160/2209/2061 1158/2208/2060 1161/2212/1520
f 1164/2056/1930 2670/2058/1932 1165/2213/2064
f 1165/2213/2064 1440/2211/2063 1166/2214/2065
f 2670/2058/1932 1440/2211/2063 1165/2213/2064
f 1166/2214/2065 1167/2215/2066 1556/2061/2067
f 1440/2211/2063 1439/2216/2068 1166/2214/2065
f 1166/2214/2065 1439/2216/2068 1167/2215/2066
f 1439/2216/2068 1168/2217/2069 1167/2215/2066
f 2829/2063/1938 1167/2215/2070 2650/2064/1939
f 1167/2215/2066 1168/2217/2069 2649/2218/2071
f 2650/2064/1939 2649/2067/1942 1546/2065/1940
f 2649/2067/1942 1531/2219/2072 2648/2220/2073
f 2649/2067/1942 2648/2220/2073 1530/2068/1943
f 1530/2068/1943 2648/2220/2073 2647/2221/2074
f 1530/2068/1943 2647/2221/2074 1532/2074/909
f 2647/2221/2074 1528/2222/2075 1532/2074/909
f 1532/2074/909 1537/2223/2076 1538/2075/466
f 1532/2074/909 1528/2222/2075 1544/2224/2077
f 1537/2223/2076 1532/2074/909 1544/2224/2077
f 1538/2075/466 1539/2225/849 2657/2226/952
f 1538/2075/466 1537/2223/2076 1539/2225/849
f 1537/2223/2076 1544/2224/2077 2638/2227/2078
f 1544/2224/2077 1558/2228/2079 2638/2227/2078
f 2638/2227/2078 1558/2228/2079 1559/2229/2080
f 1559/2229/2080 1558/2228/2079 1560/1921/2081
f 2108/2085/1954 2312/2082/1951 2865/2230/2082
f 2312/2082/1951 2107/2231/2083 2865/2230/2082
f 2865/2230/2082 2107/2231/2083 2102/1793/2084
f 2107/2231/2083 2306/2232/2085 2102/1793/2084
f 2195/1792/2086 2198/2233/2087 2191/2234/2088
f 2189/2235/2089 2187/2236/2090 2191/2237/2091
f 1722/2091/1961 1696/2238/2092 1721/2092/1962
f 2191/2237/2091 2187/2236/2090 2196/2090/1960
f 1722/2091/1961 1743/2239/2093 1696/2238/2092
f 1696/2238/2092 1676/2240/2094 1725/2095/2095
f 1672/1939/1967 1725/2095/1965 2363/2097/1968
f 1696/2238/2092 1743/2239/2093 1676/2240/2094
f 1676/2240/2094 1743/2239/2093 2363/2097/1968
f 1743/2239/2093 1674/2241/2096 2363/2097/1968
f 2363/2097/1968 1674/2241/2096 2811/2098/1969
f 2811/2098/1969 1673/2242/2097 1670/2099/1970
f 1673/2242/2097 1678/2243/2098 1675/2244/2099
f 1673/2242/2097 1675/2244/2099 1726/2245/2100
f 1726/2245/2100 1675/2244/2099 1680/2246/2101
f 2899/1803/2102 2905/2247/2103 2936/2248/2104
f 2936/2248/2104 2905/2247/2103 2906/2249/2105
f 2936/2248/2104 2906/2249/2105 2907/2250/2106
f 2907/2250/2106 2906/2249/2105 2916/2251/2107
f 2907/2250/2106 2916/2251/2107 2234/2252/2108
f 2906/2253/2109 2236/2254/2110 2234/2105/1976
f 2234/2105/1976 2236/2254/2110 2948/2106/1977
f 2948/2106/1977 2236/2254/2110 2945/2255/2111
f 2948/2106/1977 2945/2255/2111 2239/2256/2112
f 2232/2108/1979 2238/2257/2113 2228/1668/1487
f 2239/2256/2112 2945/2255/2111 2232/2108/1979
f 2945/2255/2111 2240/2258/2114 2232/2108/1979
f 2232/2108/1979 2240/2258/2114 2238/2257/2113
f 378/1539/1490 369/2259/2115 381/1961/1862
f 381/1961/1862 369/2259/2115 370/2260/2116
f 568/2261/2117 569/2262/2118 2564/2263/2119
f 569/2262/2118 2318/2117/1987 2564/2263/2119
f 2564/2263/2119 2318/2117/1987 558/2116/1986
f 2318/2264/2120 543/2265/2121 2562/2120/1990
f 2562/2120/1990 543/2265/2121 553/2266/1186
f 2562/2120/1990 553/2266/1186 587/2119/1989
f 587/2119/1989 553/2266/1186 557/2267/1405
f 553/2266/1186 572/2268/2122 557/2267/1405
f 587/2269/471 580/2270/969 555/2271/2123
f 553/2266/1186 2561/2272/2124 572/2268/2122
f 572/2273/2125 2556/2274/2125 2557/2275/2125
f 557/2267/1405 572/2268/2122 580/2276/2126
f 555/2271/2123 580/2270/969 578/2277/822
f 555/2271/2123 578/2277/822 2529/2123/1634
f 2529/2123/1634 578/2277/822 579/2278/925
f 603/2279/912 2579/2280/1054 579/2278/925
f 2529/2123/1634 579/2278/925 2525/2128/810
f 2525/2128/810 579/2278/925 2527/2281/810
f 579/2278/925 2579/2280/1054 2527/2281/810
f 467/2282/467 651/2283/467 466/2284/467
f 2527/2281/810 465/2285/2127 2525/2128/810
f 2525/2128/810 465/2285/2127 464/2286/915
f 2525/2128/810 464/2286/915 466/2287/921
f 464/2286/915 465/2285/2127 463/2288/1050
f 467/2282/467 466/2284/467 461/2139/852
f 466/2284/467 463/2288/1050 461/2139/852
f 463/2288/1050 462/2289/787 461/2139/852
f 735/2140/770 734/2290/1745 2429/2141/851
f 734/2290/1745 459/2291/916 477/2292/852
f 734/2290/1745 477/2292/852 2429/2141/851
f 459/2291/916 478/2293/928 477/2292/852
f 459/2291/916 589/2294/915 478/2293/928
f 896/2295/2128 477/2296/1872 668/2297/1872
f 896/2295/2128 668/2297/1872 2428/2298/1998
f 2428/2298/1998 669/2299/2129 2477/2012/1999
f 2477/2012/1999 669/2299/2129 2447/2300/2130
f 2477/2301/1999 2447/2302/2130 2446/2303/2131
f 2428/2298/1998 668/2297/1872 669/2299/2129
f 669/2299/2129 671/2304/1591 2466/2305/2132
f 683/2145/2001 677/2306/2133 2466/2305/2132
f 2466/2305/2132 673/2152/2008 683/2145/2001
f 2447/2300/2130 669/2299/2129 2466/2305/2132
f 673/2152/2008 676/2307/2134 684/2151/2007
f 684/2151/2007 676/2307/2134 871/2308/2135
f 676/2307/2134 872/2309/2136 871/2308/2135
f 871/2308/2135 872/2309/2136 873/2155/2137
f 673/2310/2138 873/2155/2137 872/2309/2136
f 873/2155/2137 875/2311/2139 874/2312/2140
f 874/2312/2140 875/2311/2139 2354/2156/2012
f 2348/2313/2141 2775/2168/2025 5582/2314/2142
f 1463/2163/2022 5582/2314/2142 2775/2168/2025
f 2775/2168/2143 1393/2315/2144 1462/2316/2145
f 1393/2315/2144 2776/2317/2146 1462/2316/2145
f 2775/2168/2143 1464/2318/2147 1305/2319/2148
f 2775/2168/2143 1452/2320/2149 1464/2318/2147
f 1464/2318/2147 1452/2320/2149 2757/2321/2150
f 2775/2168/2143 1462/2316/2145 1452/2320/2149
f 1452/2322/2151 1450/2323/2152 1451/2324/2153
f 2757/2173/2029 1293/2325/845 2758/2179/2032
f 2757/2173/2029 1304/2326/2154 1293/2325/845
f 1304/2326/2154 1451/2327/2155 1293/2325/845
f 2758/2179/2032 1293/2325/845 2747/2328/2156
f 1293/2325/845 1451/2327/2155 2714/2329/2156
f 1451/2327/2155 2756/2330/2157 1289/2331/2158
f 2747/2187/2039 2714/2329/966 1290/2188/2040
f 1451/2327/2155 1289/2331/2158 2714/2329/2156
f 1290/2188/2040 2714/2329/966 1292/2195/1592
f 1292/2332/1592 2714/2333/966 1174/2334/2159
f 1292/2195/2048 1442/2335/1623 1299/2196/2049
f 1442/2336/2160 1176/2337/922 1174/2338/2161
f 1299/2196/2162 1174/2338/2161 2711/2199/953
f 2711/2199/953 1174/2338/2161 1172/2339/1789
f 2711/2199/953 1172/2339/1789 2700/2200/822
f 1174/2338/2161 1173/2340/690 1172/2339/1789
f 1156/2341/1298 1172/2339/1789 1157/2206/2058
f 1172/2339/1789 1173/2340/690 1162/2342/2163
f 1172/2339/1789 1162/2342/2163 1157/2206/2058
f 1157/2206/2058 1158/2208/2060 2674/2205/2057
f 1157/2206/2058 1162/2342/2163 1158/2208/2060
f 1162/2342/2163 1163/2343/2164 1158/2208/2060
f 1158/2208/2060 1163/2343/2164 2675/2344/2165
f 2675/2344/2166 2801/2345/2167 1441/2346/2168
f 2675/2347/2169 1437/2348/2170 2629/2349/2171
f 1437/2350/2172 2669/2351/2173 1435/2352/2174
f 1441/2346/2168 2801/2345/2167 1432/2353/2175
f 1158/2354/2176 1441/2355/2177 2669/2351/2173
f 1158/2354/2176 2669/2351/2173 1437/2350/2172
f 1437/2350/2172 1435/2352/2174 1438/2356/2178
f 1438/2356/2178 1435/2352/2174 1439/2357/2179
f 1439/2357/2179 2651/2358/2180 1531/2359/2181
f 1439/2357/2179 1435/2352/2174 2651/2358/2180
f 2669/2351/2173 1432/2353/2182 1434/2360/2183
f 2669/2351/2173 1434/2360/2183 1435/2352/2174
f 2651/2358/2180 2175/2361/2184 1531/2359/2181
f 1531/2219/2072 2254/2362/2185 2648/2220/2073
f 2648/2220/2186 2651/2363/2187 1528/2222/2188
f 1528/2222/2188 2639/2364/831 1558/2228/2079
f 1528/2222/2188 2646/2365/2189 2639/2364/831
f 1528/2222/2188 2651/2363/2187 2646/2365/2189
f 2651/2363/2187 1522/2366/2190 2646/2365/2189
f 2639/2364/831 2646/2365/2189 1535/2367/2191
f 2646/2368/2189 1522/2369/2190 2645/2370/1054
f 1522/2366/1298 1534/2371/954 1535/2372/966
f 1536/2373/815 1535/2372/966 1549/2374/810
f 1558/2228/2079 2635/2375/2192 1560/1921/2081
f 1558/2228/2079 2639/2364/831 2635/2375/2192
f 2635/2375/2192 2658/2376/2193 1560/1921/2081
f 2639/2364/831 1536/2377/966 2635/2375/2192
f 2635/2375/2192 1549/2378/847 2658/2376/2193
f 2854/2379/2194 2853/2380/2195 2852/2381/2196
f 2854/2379/2194 2862/2382/2197 2853/2380/2195
f 2854/2379/2194 2845/2383/2198 2862/2382/2197
f 2658/2376/2193 1529/2384/2199 1560/1921/2081
f 2853/2380/2195 2843/2385/2200 2852/2381/2196
f 2852/2381/2196 2843/2385/2200 2851/2386/2201
f 2851/2386/2201 2844/2387/2202 2850/2388/2203
f 2313/2389/2204 2107/2390/2205 2308/2391/2206
f 2313/2389/2204 2308/2391/2206 2306/2232/2207
f 2195/1792/2086 1912/2392/2208 2198/2233/2087
f 2195/1792/2086 1688/2393/2209 1912/2392/2208
f 2189/2235/2089 1912/2392/2208 2187/2236/2090
f 1912/2392/2208 1743/2239/2093 2187/2236/2090
f 2187/2236/2090 2190/2089/1959 2196/2090/1960
f 2251/2394/2210 1743/2395/2211 2190/2089/2212
f 1674/2241/2096 1677/2396/2213 1678/2243/2214
f 1674/2241/2096 1743/2239/2093 1677/2396/2213
f 2811/2098/1969 1678/2243/2098 1673/2242/2097
f 1678/2243/2214 1679/2397/2215 1680/2398/2216
f 1680/2398/2216 1692/2399/2217 1728/2400/2218
f 1680/2398/2216 1679/2397/2215 1692/2399/2217
f 1692/2399/2217 1684/2401/2219 1728/2400/2218
f 1678/2243/2214 1677/2396/2213 1679/2397/2215
f 1679/2397/2220 1683/2402/2221 1684/2403/2222
f 2905/2247/2103 2942/2404/2223 2906/2249/2105
f 2945/2405/2111 2263/2406/2224 2238/2407/2225
f 2238/2407/2225 2263/2406/2224 2237/2408/2226
f 2567/2409/2227 551/2410/2228 2318/2264/2120
f 2318/2264/2120 551/2410/2228 2568/2411/2229
f 369/2259/2115 371/2412/2230 372/2413/2231
f 378/1539/1490 371/2412/2230 369/2259/2115
f 551/2410/2228 550/2414/2232 2568/2411/2229
f 2318/2264/2120 2568/2411/2229 548/2415/2233
f 2568/2411/2229 547/2416/2234 548/2415/2233
f 548/2415/2233 547/2416/2234 2563/2417/2235
f 2563/2417/2235 546/2418/909 548/2415/2233
f 2318/2264/2120 548/2415/2233 543/2265/2121
f 548/2415/2233 544/2419/2236 543/2265/2121
f 546/2418/909 540/2420/1616 544/2419/2236
f 553/2266/1186 541/2421/2237 2561/2272/2124
f 543/2265/2121 544/2419/2236 541/2422/2236
f 541/2422/2236 544/2419/2236 565/2423/702
f 541/2422/2236 565/2423/702 542/2424/2238
f 2561/2272/2124 545/2425/2239 572/2268/2122
f 541/2422/2236 2555/2426/927 545/2427/2240
f 541/2422/2236 542/2424/2238 2555/2426/927
f 542/2424/2238 576/2428/1634 2555/2426/927
f 2555/2426/927 576/2428/1634 2530/2429/909
f 545/2427/2240 2555/2426/927 603/2279/912
f 603/2279/912 657/2430/2241 2579/2280/1054
f 603/2279/912 2555/2426/927 657/2430/2241
f 657/2430/770 2530/2429/909 2527/2281/810
f 2527/2281/810 468/2431/2242 637/2432/2243
f 2527/2281/810 637/2432/2243 471/2433/2244
f 2527/2281/810 471/2433/2244 465/2285/2127
f 471/2433/2244 2509/2434/2245 465/2285/2127
f 463/2288/1050 465/2285/2127 650/2435/2246
f 463/2288/1050 650/2435/2246 462/2289/787
f 650/2436/2246 2509/2437/2049 2510/2438/2247
f 462/2289/787 650/2435/2246 2510/2439/2247
f 461/2139/852 462/2289/787 653/2440/1208
f 2510/2441/2248 2582/2442/2248 653/2443/2248
f 461/2139/852 653/2440/1208 2490/1996/954
f 2490/1996/954 653/2440/1208 649/2444/466
f 653/2445/689 481/2446/2249 2416/2447/851
f 2416/2447/851 589/2294/915 2490/1996/966
f 459/2291/916 2490/1996/966 589/2294/915
f 589/2294/915 2416/2447/851 480/2448/467
f 589/2294/915 479/2449/2032 477/2296/1872
f 589/2294/915 480/2448/467 479/2449/2032
f 477/2296/1872 479/2449/2032 668/2297/1872
f 668/2297/2250 842/2450/1999 671/2304/1591
f 479/2449/2032 480/2448/467 842/2450/1999
f 842/2450/1999 480/2448/467 2417/2451/912
f 671/2304/1591 670/2452/2251 2466/2305/2132
f 2466/2305/2132 670/2452/2251 673/2152/2008
f 671/2304/1591 842/2450/1999 670/2452/2251
f 842/2450/1999 2476/2453/2252 670/2452/2251
f 873/2155/2137 673/2310/2138 875/2311/2139
f 875/2311/2139 1776/2157/2013 2354/2156/2012
f 875/2311/2139 673/2310/2138 1046/2454/2253
f 2256/2455/2254 2869/2456/2255 2074/2457/2256
f 1393/2315/2144 1897/2458/2257 1392/2459/2258
f 1391/2460/2259 1939/2461/2260 1392/2462/2261
f 1393/2315/2144 1392/2459/2258 2776/2317/2146
f 1392/2462/2261 1939/2461/2260 1205/2463/2262
f 2776/2317/2146 1910/2464/2263 1462/2316/2145
f 1392/2462/2261 1207/2465/2264 1910/2464/2265
f 1910/2464/2266 2777/2466/2267 1450/2323/2152
f 1392/2462/2261 2777/2466/2267 1207/2465/2264
f 1392/2462/2261 1205/2463/2262 2777/2466/2267
f 1450/2323/2152 2777/2466/2267 1449/2467/2268
f 2777/2466/2267 1217/2468/2269 1449/2467/2268
f 1451/2324/2153 1450/2323/2152 1449/2467/2268
f 1449/2467/2268 1217/2468/2269 2022/2469/2270
f 2777/2466/2267 1648/2470/2271 1197/2471/2272
f 2777/2466/2267 1197/2471/2272 1217/2468/2269
f 2022/2469/2273 1197/2472/2163 1288/2473/2274
f 2756/2330/2157 1288/2473/2274 1289/2331/2158
f 1197/2472/2163 2746/2474/2275 1288/2473/2274
f 1288/2473/2274 2746/2474/2275 1193/2475/2276
f 1289/2331/2158 1288/2473/2274 2713/2476/2277
f 1288/2473/2274 1193/2475/2276 2713/2476/2277
f 2714/2329/2156 1289/2331/2158 1442/2336/2278
f 1442/2336/2160 2713/2476/2277 1184/2477/2279
f 2713/2476/2277 1193/2475/2276 1184/2477/2279
f 1442/2336/2160 1184/2477/2279 1176/2337/922
f 1181/2478/2280 1193/2475/837 1180/2479/2281
f 1176/2337/922 1184/2477/2279 1182/2480/2282
f 1176/2337/922 1175/2481/2283 1174/2338/2161
f 1175/2481/2283 1182/2480/2282 1179/2482/2284
f 1184/2477/2279 1181/2478/2280 1182/2480/2282
f 1182/2480/2282 1181/2478/2280 1179/2482/2284
f 1174/2338/2161 1175/2481/2283 2701/2483/831
f 1174/2338/2161 2701/2483/831 1173/2340/690
f 1175/2481/2283 1179/2482/2284 2701/2483/831
f 1173/2340/690 2701/2483/831 1454/2484/2285
f 1181/2478/2280 1180/2479/2281 1179/2482/2284
f 1179/2482/2284 1180/2479/2281 2694/2485/2286
f 1180/2479/2281 1183/2486/2287 2694/2485/2286
f 1454/2484/2285 2701/2483/831 1177/2487/1404
f 1454/2488/2288 2695/2489/2289 1162/2490/2163
f 1179/2482/2284 1498/2491/1821 1177/2492/1437
f 1179/2482/2284 2694/2485/2286 1498/2491/1821
f 1162/2490/2163 2695/2489/2289 2801/2345/2290
f 1162/2490/2163 2801/2345/2290 1163/2343/2164
f 1498/2493/2291 2801/2345/2290 2695/2489/2289
f 1432/2353/2175 2801/2345/2167 1436/2494/2292
f 2801/2345/2167 1433/2495/2293 1436/2494/2292
f 1434/2496/2294 1436/2494/2295 1542/2497/2296
f 1436/2494/2292 1430/2498/2297 2299/2499/2298
f 2299/2499/2298 1541/2500/2299 1436/2494/2292
f 1542/2501/2300 1541/2502/2301 2651/2363/2187
f 1541/2502/2301 1527/2503/2302 1540/2504/2303
f 2651/2363/2187 1541/2502/2301 1540/2504/2303
f 2651/2363/2187 1540/2504/2303 1525/2505/2304
f 2651/2363/2187 1525/2505/2304 1522/2366/2190
f 1522/2366/1298 2634/2506/785 1534/2371/954
f 1535/2372/966 1534/2371/954 1549/2374/810
f 1534/2371/954 2634/2506/785 1550/2507/1208
f 1550/2508/847 1548/2509/693 1549/2510/852
f 1550/2508/847 1523/2511/810 1548/2509/693
f 1523/2511/810 1529/2384/2199 1548/2509/693
f 1548/2509/693 1529/2384/2199 2658/2376/2193
f 2845/2512/2305 2843/2385/2200 2853/2380/2195
f 2845/2512/2305 2849/2513/2306 2843/2385/2200
f 2851/2386/2201 2843/2385/2200 2844/2387/2202
f 2107/2390/2205 2307/2514/2307 2308/2391/2206
f 1912/2392/2208 1688/2393/2209 1743/2239/2093
f 1688/2393/2209 2362/2515/2308 1743/2239/2093
f 1743/2239/2093 1681/2516/2309 1677/2396/2213
f 1681/2516/2309 2382/2517/2310 1677/2396/2213
f 1677/2396/2213 1682/2518/2311 1687/2519/1618
f 1677/2396/2213 2382/2517/2310 1682/2518/2311
f 1679/2397/2220 1687/2519/1618 1683/2402/2221
f 1682/2518/2311 1683/2402/2221 1687/2519/1618
f 1683/2402/2221 1700/2520/2312 1684/2403/2222
f 2913/2521/2313 2915/2522/2314 2905/2247/2315
f 2942/2404/2223 2915/2522/2316 2908/2523/2317
f 2942/2404/2223 2908/2523/2317 2906/2249/2105
f 2915/2522/2316 2912/2524/2318 2908/2523/2317
f 2908/2523/2317 2910/2525/2319 2909/2526/2320
f 2908/2523/2317 2909/2526/2320 2906/2249/2105
f 2236/2254/2110 2911/2527/2321 2945/2255/2111
f 2945/2255/2111 2911/2527/2321 2258/2528/2322
f 2945/2255/2111 2258/2528/2322 2263/2406/2224
f 2258/2528/2322 2259/2529/2323 2263/2406/2224
f 2888/2530/2324 2316/2531/2325 2314/1289/2326
f 371/2412/2230 378/1539/1490 368/2532/2327
f 551/2410/2228 552/2533/2328 550/2414/2232
f 550/2414/2232 552/2533/2328 523/2534/2329
f 550/2414/2232 523/2534/2329 547/2416/2234
f 523/2534/2329 2563/2417/2235 547/2416/2234
f 523/2534/2329 549/2535/2330 2563/2417/2235
f 549/2535/2330 523/2534/2329 588/2536/2331
f 2563/2417/2235 540/2420/1616 546/2418/909
f 549/2537/2332 565/2423/702 540/2420/1616
f 544/2419/2236 540/2420/1616 565/2423/702
f 565/2423/702 521/2538/1403 542/2424/2238
f 542/2424/2238 521/2538/1403 522/2539/1064
f 522/2539/1064 521/2538/1403 520/2540/954
f 2530/2429/909 576/2428/1634 575/2541/966
f 576/2428/1634 469/2542/787 575/2541/966
f 2530/2429/909 468/2431/2242 2527/2281/810
f 2530/2429/909 575/2541/966 468/2431/2242
f 2580/2543/2333 472/2544/2334 469/2542/787
f 469/2542/787 472/2544/2334 575/2541/966
f 468/2431/2242 729/2545/2335 637/2432/2243
f 729/2545/2336 575/2541/966 471/2546/2337
f 575/2541/966 470/2547/2338 471/2546/2337
f 575/2541/966 488/2548/712 470/2547/2338
f 471/2546/2337 470/2547/2338 2524/2549/1403
f 2524/2549/1403 485/2550/849 476/2551/1175
f 470/2547/2338 485/2550/849 2524/2549/1403
f 2509/2552/2049 2524/2549/1403 476/2551/1175
f 2509/2552/2049 476/2551/1175 2510/2439/2247
f 476/2551/1437 484/2553/817 2582/2442/2241
f 484/2553/817 485/2554/959 483/2555/822
f 2582/2442/2241 484/2553/817 481/2446/1183
f 484/2553/817 483/2555/822 481/2446/1183
f 2416/2447/851 481/2446/2249 2492/2556/2339
f 481/2446/1183 483/2555/822 482/2557/2340
f 2416/2447/851 2492/2556/2339 480/2448/467
f 2492/2556/2339 574/2558/844 2491/2559/915
f 2492/2556/2339 591/2560/710 480/2448/467
f 2492/2556/2339 2491/2559/915 591/2560/710
f 842/2450/1999 2417/2451/912 674/2561/2341
f 2417/2451/912 2448/2562/2342 674/2561/2341
f 842/2450/1999 674/2561/2341 2476/2453/2252
f 2476/2453/2252 674/2561/2341 678/2563/2343
f 670/2452/2251 672/2564/2344 2467/2565/2345
f 670/2452/2251 2476/2453/2252 672/2564/2344
f 2467/2565/2345 672/2564/2344 673/2566/2346
f 672/2564/2344 675/2567/2347 673/2566/2346
f 672/2564/2344 794/2568/2348 675/2567/2347
f 1046/2454/2253 673/2310/2138 1958/2569/2349
f 1958/2569/2349 1948/2570/2350 1046/2454/2253
f 1046/2454/2253 1948/2570/2350 2357/2571/2351
f 2074/2457/2256 2869/2456/2255 1939/2572/2352
f 2869/2456/2255 2076/2573/2353 1939/2572/2352
f 2869/2456/2255 2181/2574/2354 2870/2575/2355
f 1939/2572/2352 2076/2573/2353 2871/2576/2356
f 1939/2577/2260 2789/2578/2357 1205/2579/2262
f 2777/2466/2267 1205/2463/2262 1648/2470/2271
f 1205/2463/2262 2763/2580/2358 1648/2470/2271
f 2763/2580/2358 1205/2463/2262 1204/2581/2359
f 2763/2580/2358 2750/2582/2360 1197/2472/2163
f 1197/2472/2163 2750/2582/2360 1194/2583/2361
f 2763/2580/2358 1198/2584/2362 2750/2582/2360
f 2763/2580/2358 2755/2585/2363 1198/2584/2362
f 1197/2472/2163 1194/2583/2361 2746/2474/2275
f 1198/2584/2362 1201/2586/2364 2750/2582/2360
f 2746/2474/2275 1194/2583/2361 1195/2587/2365
f 1194/2583/2361 2750/2582/2360 1196/2588/2366
f 1195/2587/2365 1194/2583/2361 1180/2479/2281
f 1193/2475/837 1195/2587/2365 1180/2479/2281
f 1194/2583/2361 1187/2589/2367 1180/2479/2281
f 1194/2590/1500 2797/2591/2368 1199/2592/2369
f 1199/2592/2369 2797/2591/2368 1187/2589/2370
f 1187/2589/2370 2797/2591/2368 2745/2593/2371
f 2797/2591/2368 2712/2594/2372 2745/2593/2371
f 1180/2479/2281 2745/2593/2371 1185/2595/2373
f 1180/2479/2281 1186/2596/2374 1183/2486/2287
f 1180/2479/2281 1185/2595/2373 1186/2596/2374
f 1183/2486/2287 1185/2597/2375 2693/2598/2376
f 1183/2486/2287 2693/2598/2376 2694/2485/2286
f 1185/2597/2375 2702/2599/2377 2693/2598/2376
f 2702/2599/2377 1213/2600/2378 1214/2601/2379
f 1498/2493/2291 2693/2602/2380 2801/2345/2290
f 2693/2602/2380 2676/2603/2381 2801/2345/2290
f 2702/2599/2377 1214/2601/2379 2693/2598/2376
f 2693/2598/2376 1214/2601/2379 2692/2604/2382
f 2692/2604/2383 1406/2605/2384 2631/2606/2385
f 2801/2345/2290 2676/2603/2381 2668/2607/2386
f 1433/2608/2387 2668/2607/2386 1431/2609/2388
f 2668/2607/2386 2676/2603/2381 1431/2609/2388
f 2676/2603/2381 1430/2498/2389 1431/2609/2388
f 2676/2603/2381 1429/2610/2390 1430/2498/2389
f 1433/2495/2293 1430/2498/2297 1436/2494/2292
f 2284/2611/2391 1430/2612/2392 1541/2613/2393
f 1430/2612/2392 1547/2614/2394 1541/2613/2393
f 1541/2613/2393 1547/2614/2394 2655/2615/2395
f 1547/2614/2394 1518/2616/2396 2655/2615/2395
f 1407/2617/2397 1902/2618/2398 1430/2619/2399
f 1430/2619/2399 1902/2618/2398 1518/2620/2400
f 1527/2621/2401 2655/2615/2395 1518/2616/2396
f 1527/2621/2401 1518/2616/2396 1525/2622/2402
f 1518/2616/2396 1545/2623/2403 1525/2622/2402
f 1525/2622/2402 1545/2623/2403 1521/2624/1060
f 1545/2625/2403 2652/2626/2404 1521/2627/1060
f 1522/2366/1298 1521/2624/1060 2634/2506/785
f 1521/2624/1060 2652/2628/2404 1526/2629/2405
f 1521/2624/1060 1526/2629/2405 2634/2506/785
f 2634/2506/785 1526/2629/2405 1523/2511/810
f 1526/2629/2405 2662/2630/2406 1523/2511/810
f 1523/2511/810 2662/2630/2406 1529/2384/2199
f 2849/2513/2306 2847/2631/2407 2843/2385/2200
f 2847/2631/2407 2848/2632/2408 2846/2633/2409
f 2843/2385/2200 2847/2631/2407 2846/2633/2409
f 2843/2385/2200 2842/2634/2410 2844/2387/2202
f 2843/2385/2200 2840/2635/2411 2842/2634/2410
f 2844/2387/2202 2842/2634/2410 2308/2636/2412
f 2308/2391/2206 2309/2637/2413 2306/2232/2207
f 1688/2393/2209 2368/2638/2414 2362/2515/2308
f 2362/2515/2308 1686/2639/2415 1743/2239/2093
f 1686/2639/2415 1690/2640/2416 1743/2239/2093
f 1743/2239/2093 1690/2640/2416 1685/2641/2417
f 2362/2515/2308 2368/2638/2414 1691/2642/815
f 2362/2515/2308 1691/2642/815 1690/2640/1068
f 1691/2642/815 2368/2638/2414 1693/2643/2418
f 1743/2239/2093 1685/2641/2417 1681/2516/2309
f 1685/2641/2417 1691/2642/815 1681/2516/2309
f 1682/2518/2311 2382/2517/2310 2381/2644/2419
f 1681/2645/2420 1689/2646/2421 2381/2644/2422
f 2381/2644/2422 1689/2646/2421 1683/2402/2221
f 1683/2402/2221 1689/2646/2421 1700/2520/2312
f 2912/2524/2423 2913/2647/2424 2940/2648/2425
f 2912/2524/2423 2940/2648/2425 2910/2525/2319
f 2910/2525/2319 2940/2648/2425 2909/2526/2320
f 2913/2647/2424 2914/2649/2426 2940/2648/2425
f 2913/2647/2424 2919/2650/2427 2914/2649/2426
f 2914/2649/2426 2919/2650/2427 2930/2651/2428
f 2919/2650/2427 2918/2652/2429 2930/2651/2428
f 2940/2648/2425 2930/2651/2428 2918/2652/2429
f 2940/2648/2425 2918/2652/2429 2909/2526/2320
f 2911/2527/2321 2949/2653/2430 2258/2528/2322
f 2263/2406/2224 2259/2529/2323 2260/2654/2431
f 2259/2529/2323 2261/2655/2432 2260/2654/2431
f 2259/2529/2323 2949/2653/2430 2261/2655/2432
f 378/1539/1490 396/1538/1489 389/2656/2433
f 389/2656/2433 367/2657/2434 378/1539/1490
f 378/1539/1490 367/2657/2434 368/2532/2327
f 523/2658/2435 519/2659/2436 565/2660/2437
f 565/2660/2437 519/2659/2436 516/2661/2438
f 521/2538/1403 516/2661/928 510/2662/1870
f 521/2538/1403 510/2662/1870 520/2540/954
f 520/2540/954 510/2662/1870 512/2663/2439
f 512/2663/2439 510/2662/1870 513/2664/2440
f 520/2540/954 512/2663/2439 2580/2543/1412
f 512/2663/2439 513/2664/2440 472/2665/914
f 472/2665/914 513/2664/2440 514/2666/2441
f 472/2544/2334 473/2667/1999 575/2541/966
f 514/2666/2441 513/2664/2440 2531/2668/2442
f 575/2541/966 473/2667/1999 488/2548/712
f 514/2666/2441 493/2669/692 495/2670/960
f 514/2666/2441 2531/2668/2442 493/2669/692
f 488/2671/2443 590/2672/2444 487/2673/915
f 488/2671/2443 487/2673/915 486/2674/849
f 486/2674/849 487/2673/915 485/2554/959
f 493/2669/692 489/2675/2445 487/2673/915
f 485/2554/959 487/2673/915 483/2555/822
f 487/2673/915 489/2675/2445 483/2555/822
f 481/2676/2446 505/2677/2336 574/2678/969
f 482/2557/2447 494/2679/2448 505/2677/2336
f 505/2677/2336 494/2679/2448 504/2680/466
f 494/2679/2448 499/2681/2449 504/2680/466
f 574/2678/969 505/2677/2336 506/2682/852
f 505/2677/2336 504/2680/466 506/2682/852
f 506/2682/852 507/2683/829 2491/2559/915
f 506/2682/852 504/2680/466 507/2683/829
f 504/2680/466 658/2684/915 507/2683/829
f 2491/2559/915 507/2683/829 591/2560/710
f 507/2683/829 660/2685/2450 2449/2686/1208
f 591/2560/710 507/2683/829 2449/2686/1208
f 2417/2687/693 591/2560/710 2449/2686/1208
f 2449/2686/2451 795/2688/2452 2448/2689/2453
f 2448/2689/2453 795/2688/2452 678/2690/2454
f 2488/2691/912 2449/2686/1208 728/2692/2455
f 2488/2691/912 728/2692/2455 647/2693/2456
f 678/2690/2454 795/2688/2452 2475/2694/2457
f 795/2688/2452 2488/2695/2458 2475/2694/2457
f 678/2690/2454 2475/2694/2457 794/2568/2459
f 794/2568/2459 2475/2694/2457 2474/2696/2460
f 794/2568/2459 2474/2696/2460 789/2697/2461
f 794/2568/2348 790/2698/2462 675/2567/2347
f 789/2697/2461 2474/2696/2460 642/2699/2463
f 789/2697/2461 642/2699/2463 790/2700/2464
f 642/2699/2463 791/2701/2465 790/2700/2464
f 1958/2569/2349 790/2702/2466 1948/2570/2350
f 792/2703/2467 790/2700/2464 791/2701/2465
f 1948/2570/2350 792/2704/2468 2357/2571/2351
f 792/2704/2468 1950/2705/2469 2357/2571/2351
f 2357/2571/2351 1950/2705/2469 2355/2706/2470
f 2357/2571/2351 2355/2706/2470 1949/2707/2471
f 2256/2455/2254 2167/2708/2472 2869/2456/2255
f 2181/2709/2473 2075/2710/2474 2076/2711/2475
f 2076/2711/2475 2075/2710/2474 2065/2712/2476
f 2869/2456/2255 2179/2713/2477 2181/2574/2354
f 2075/2710/2474 2064/2714/2478 2065/2712/2476
f 2869/2456/2255 2075/2715/2479 2179/2713/2477
f 2869/2456/2255 2180/2716/2480 2075/2715/2479
f 2871/2717/2481 1937/2718/2482 1206/2719/2483
f 2065/2712/2476 2064/2714/2478 1937/2720/2484
f 1937/2718/2482 2127/2721/2485 1205/2463/2262
f 1206/2719/2483 1937/2718/2482 1205/2463/2262
f 1205/2463/2262 1210/2722/2486 1209/2723/2487
f 1205/2463/2262 1209/2723/2487 1204/2581/2359
f 1210/2722/2486 1208/2724/2488 1209/2723/2487
f 1204/2581/2359 1208/2724/2489 1203/2725/2490
f 2778/2726/2491 1210/2727/2486 1203/2728/2492
f 2763/2580/2358 1204/2581/2359 2755/2585/2363
f 1204/2581/2359 1200/2729/2493 2755/2585/2363
f 1204/2581/2359 1203/2725/2490 1200/2729/2493
f 2755/2585/2363 1200/2729/2493 2754/2730/2494
f 2755/2585/2363 2754/2730/2494 1201/2731/2495
f 1200/2729/2493 1203/2725/2490 1202/2732/1054
f 1396/2733/2496 1201/2734/2496 1395/2735/2497
f 1395/2735/2498 2754/2730/2494 2798/2736/2499
f 2754/2730/2494 1200/2729/2493 1215/2737/2500
f 2754/2730/2494 1215/2737/2500 2798/2736/2499
f 1200/2729/2493 1216/2738/2501 1215/2737/2500
f 1196/2588/2502 1395/2735/2498 2798/2736/2499
f 2797/2591/2368 2798/2736/2499 1191/2739/2503
f 1191/2739/2503 2798/2736/2499 1192/2740/2504
f 2797/2591/2368 1191/2739/2503 2712/2594/2372
f 2798/2736/2499 1215/2737/2500 1192/2740/2504
f 2712/2594/2372 1188/2741/2505 2745/2593/2371
f 1191/2739/2506 1190/2742/2507 1188/2741/2505
f 1191/2739/2506 1410/2743/2508 1190/2742/2507
f 1185/2595/2373 2745/2593/2371 1189/2744/2509
f 2745/2593/2371 1188/2741/2505 1189/2744/2509
f 1188/2741/2505 1190/2742/2507 1189/2744/2509
f 1185/2595/2373 1406/2745/2510 1213/2600/2511
f 1185/2595/2373 1189/2744/2509 1406/2745/2510
f 1411/2746/2512 1403/2747/2513 1189/2748/2514
f 1189/2749/2515 2703/2750/2516 1405/2751/2517
f 1405/2751/2517 2631/2606/2385 1406/2605/2384
f 1405/2751/2517 2703/2750/2516 2631/2606/2385
f 2676/2603/2381 2631/2606/2518 1429/2610/2390
f 2631/2606/2518 2630/2752/2519 1429/2610/2390
f 2631/2606/2518 1414/2753/2520 2630/2752/2519
f 1429/2610/2390 2265/2754/2521 1430/2498/2389
f 2265/2755/2522 2630/2752/2519 1407/2756/2523
f 2630/2752/2519 1414/2753/2520 1407/2756/2523
f 1407/2756/2523 1414/2753/2520 1413/2757/2524
f 1520/2758/2525 1902/2759/2526 1517/2760/2527
f 1422/2761/2528 1517/2762/2529 1413/2757/2524
f 1413/2757/2524 1412/2763/2530 1422/2761/2528
f 1518/2764/2531 1517/2760/2532 2654/2765/2533
f 2652/2628/2534 1518/2764/2531 1519/2766/2535
f 1518/2764/2531 2654/2765/2533 1519/2766/2535
f 2652/2628/2534 1519/2766/2535 2653/2767/1642
f 1526/2629/2405 2653/2768/2536 2662/2630/2406
f 2653/2768/2536 2633/2769/2537 2662/2630/2406
f 2662/2630/2406 1511/2770/2538 1529/2384/2199
f 2849/2771/2539 2333/2772/2540 2848/2632/2408
f 2848/2632/2408 2333/2772/2540 2846/2633/2409
f 2846/2773/2409 2333/2774/2540 2840/2775/2541
f 2842/2634/2410 2840/2635/2411 2841/2776/2542
f 2310/2777/2543 2311/2778/2544 2309/2637/2413
f 2368/2638/2414 1688/2393/2209 2367/2779/2545
f 2369/2780/2546 1702/2781/2547 2370/2782/2548
f 1688/2393/2209 2370/2783/2549 2367/2779/2545
f 2367/2779/2545 2370/2783/2549 1695/2784/2550
f 1693/2643/2418 1681/2516/2309 1691/2642/815
f 1693/2643/2418 1694/2785/2551 1681/2516/2309
f 1693/2643/2418 2367/2779/2545 1694/2785/2551
f 1694/2785/2551 2372/2786/2552 1681/2516/2309
f 2367/2779/2545 1695/2784/2550 1694/2785/2551
f 2372/2787/2553 1695/2784/2554 2373/2788/2555
f 2372/2787/2553 2373/2788/2555 1689/2646/2421
f 2919/2650/2427 2937/2789/2556 2918/2652/2429
f 2919/2650/2427 2920/2790/2557 2937/2789/2556
f 2937/2789/2556 2928/2791/2558 2929/2792/2559
f 2909/2526/2320 2918/2652/2429 2911/2793/2560
f 2911/2527/2321 2271/2794/2561 2949/2653/2430
f 2929/2795/2562 2943/2796/2563 2918/2652/2564
f 2949/2653/2430 2271/2794/2561 2261/2655/2432
f 2261/2655/2432 2262/2797/2565 2260/2654/2431
f 2271/2794/2561 2272/2798/2566 2261/2655/2432
f 396/1538/1489 400/2799/2567 395/2800/2568
f 395/2800/2568 389/2656/2433 396/1538/1489
f 523/2658/2435 524/2801/2569 527/2802/2570
f 519/2659/2436 523/2658/2435 2569/2803/2571
f 519/2659/2436 2569/2803/2571 517/2804/1289
f 523/2658/2435 2570/2805/2572 2569/2803/2571
f 523/2658/2435 526/2806/2573 525/2807/2574
f 523/2658/2435 525/2807/2574 2570/2805/2572
f 2570/2805/2572 525/2807/2574 2572/2808/2575
f 517/2804/1289 511/2809/1403 516/2661/928
f 2569/2803/2571 511/2809/1403 517/2804/1289
f 516/2661/928 511/2809/1403 510/2662/1870
f 511/2809/1403 2535/2810/1089 510/2662/1870
f 496/2811/2576 497/2812/2577 2531/2668/2578
f 510/2662/1870 2535/2810/1089 496/2811/2576
f 496/2811/2576 2535/2810/1089 497/2812/2577
f 493/2669/692 2531/2668/2442 489/2675/2445
f 2531/2668/2578 497/2812/2577 648/2813/2579
f 489/2675/2445 648/2814/2580 490/2815/970
f 489/2675/2445 490/2815/970 483/2555/822
f 483/2555/822 490/2815/970 491/2816/770
f 648/2814/2580 492/2817/851 490/2815/970
f 492/2817/851 2513/2818/770 490/2815/970
f 491/2816/770 498/2819/915 483/2555/822
f 483/2555/822 498/2819/915 494/2679/2581
f 494/2679/2581 498/2819/915 2508/2820/1298
f 498/2819/915 663/2821/915 2508/2820/1298
f 2508/2820/1298 723/2822/710 499/2681/471
f 2508/2820/1298 663/2821/915 723/2822/710
f 499/2681/471 723/2822/710 2420/2823/915
f 659/2824/471 658/2825/915 2419/2826/1050
f 499/2681/471 2420/2823/915 658/2825/915
f 658/2825/915 2420/2823/915 2419/2826/1050
f 659/2824/471 660/2685/2450 507/2683/829
f 659/2824/471 2419/2826/1050 660/2685/2450
f 2419/2827/831 500/2828/954 2418/2829/2052
f 660/2685/2450 508/2830/2582 2449/2686/1208
f 2449/2686/1208 508/2830/2582 618/2831/710
f 660/2832/2450 2418/2833/2583 508/2834/2582
f 2418/2829/2052 667/2835/2584 1810/2836/2585
f 508/2830/2582 1810/2836/2586 618/2831/710
f 2449/2686/1208 618/2831/710 728/2692/2455
f 728/2692/2455 654/2837/2587 2474/2696/2460
f 728/2692/2455 2474/2696/2460 647/2693/2456
f 654/2837/2587 646/2838/2588 642/2699/2463
f 654/2837/2587 642/2699/2463 2474/2696/2460
f 642/2699/2463 644/2839/2589 655/2840/2590
f 1950/2705/2469 642/2841/2591 2355/2706/2470
f 642/2699/2463 655/2840/2590 1799/2842/2592
f 1951/2843/2593 1817/2844/2594 1949/2845/2595
f 2869/2456/2255 2167/2708/2472 2180/2716/2480
f 2064/2714/2596 2180/2846/2597 2062/2847/2598
f 2064/2714/2478 1459/2848/2599 1937/2720/2484
f 1461/2849/2600 1460/2850/2601 1459/2851/2602
f 2064/2714/2596 2062/2847/2598 1461/2849/2603
f 2062/2847/2598 2063/2852/2604 1461/2849/2603
f 1461/2849/2600 2303/2853/2605 1460/2850/2601
f 1459/2851/2602 1460/2850/2601 2127/2721/2485
f 1460/2850/2601 1398/2854/2606 2127/2721/2485
f 1205/2463/2262 2127/2721/2485 2788/2855/2607
f 1205/2463/2262 2788/2855/2607 1210/2722/2486
f 2127/2721/2485 1398/2854/2606 2788/2855/2607
f 2788/2855/2607 2787/2856/2608 1210/2722/2486
f 1210/2722/2486 1211/2857/2609 1212/2858/2610
f 1210/2722/2486 2784/2859/2611 1211/2857/2609
f 1210/2722/2486 2787/2856/2608 2784/2859/2611
f 2784/2859/2611 2779/2860/2612 1211/2857/2609
f 1210/2722/2486 1212/2858/2610 1203/2861/2492
f 1212/2858/2610 2779/2860/2612 1203/2861/2492
f 1203/2861/2492 2779/2860/2612 1252/2862/966
f 1203/2725/2490 2764/2863/701 1202/2732/1054
f 2764/2863/701 1252/2864/2285 1218/2865/770
f 1202/2732/1054 2764/2863/701 1216/2738/2501
f 2764/2863/701 1218/2865/770 1216/2738/2501
f 1218/2865/770 1219/2866/831 1216/2738/2501
f 1218/2865/770 1250/2867/2613 1219/2866/831
f 1216/2738/2501 1219/2866/831 1248/2868/922
f 1216/2738/2501 2753/2869/845 1241/2870/2579
f 1216/2738/2501 1248/2868/922 2753/2869/845
f 2753/2871/845 2752/2872/2614 1242/2873/2236
f 1216/2738/2501 1241/2870/2579 1215/2737/2500
f 2753/2869/845 1242/2874/2236 1241/2870/2579
f 1192/2740/2504 1215/2737/2500 1410/2743/2615
f 1410/2875/2615 2704/2876/2616 1411/2746/2512
f 1215/2737/2500 1409/2877/2617 1410/2875/2615
f 1410/2875/2615 1409/2877/2617 1408/2878/2618
f 1411/2746/2512 2704/2876/2616 1403/2747/2513
f 1410/2875/2615 1408/2878/2618 1428/2879/1749
f 1410/2875/2615 1428/2879/1749 2704/2876/2616
f 2703/2750/2516 1404/2880/2619 2631/2606/2385
f 2703/2750/2516 1403/2881/2620 1404/2880/2619
f 1403/2881/2621 1400/2882/2622 1427/2883/2623
f 2704/2876/2616 1401/2884/2624 1400/2882/2622
f 1427/2883/2623 1400/2882/2622 1418/2885/2625
f 1400/2882/2622 1401/2884/2624 1418/2885/2625
f 1421/2886/2626 1418/2887/2627 1420/2888/2628
f 1421/2886/2626 1420/2888/2628 2631/2889/2518
f 1420/2888/2628 1418/2887/2627 1423/2890/2629
f 2631/2889/2518 1420/2888/2628 1414/2891/2520
f 1414/2892/2630 1423/2893/2631 1424/2894/2632
f 1414/2892/2630 1424/2894/2632 1425/2895/2633
f 1423/2893/2631 1419/2896/2634 1424/2894/2632
f 1413/2757/2524 1414/2753/2520 1412/2763/2530
f 1425/2895/2633 1424/2894/2632 1827/2897/2635
f 1424/2894/2632 2304/2898/2636 1827/2897/2635
f 1517/2760/2532 1827/2897/2637 2654/2765/2533
f 2654/2765/2533 1827/2897/2637 1516/2899/2638
f 2654/2765/2533 1516/2899/2638 1543/2900/2639
f 1519/2901/2640 1543/2902/2641 2633/2769/2537
f 1543/2902/2641 1524/2903/2642 2633/2769/2537
f 1543/2902/2641 1828/2904/2643 1524/2903/2642
f 1551/2905/2644 2632/2906/2645 1828/2904/2646
f 1828/2904/2646 2632/2906/2645 1533/2907/2647
f 2633/2769/2537 1524/2903/2642 2662/2630/2406
f 2632/2906/2645 2663/2908/2648 1533/2907/2647
f 1524/2903/2642 1533/2909/2649 2662/2630/2406
f 1512/2910/2650 2659/2911/2651 2663/2908/2648
f 2663/2908/2648 2659/2911/2651 1511/2912/2652
f 1529/2913/2653 2659/2914/2651 1381/2915/2654
f 2333/2774/2540 2336/2916/2655 2840/2775/2541
f 2839/2917/2656 2837/2918/2657 2838/2919/2658
f 2309/2637/2413 2311/2778/2544 2306/2232/2207
f 1702/2781/2547 1701/2920/2659 2370/2782/2548
f 2370/2783/2549 2366/2921/2660 1695/2784/2550
f 1701/2922/2659 1703/2923/2661 2366/2921/2660
f 2366/2921/2660 1703/2923/2661 2365/2924/2662
f 2366/2921/2660 2365/2924/2662 1695/2784/2550
f 2365/2924/2662 1697/2925/2663 1695/2784/2550
f 2365/2924/2662 1698/2926/2664 1697/2925/2663
f 1697/2925/2663 1698/2926/2664 2373/2788/2555
f 2373/2788/2555 1698/2926/2664 1689/2646/2421
f 1698/2926/2664 1707/2927/2665 1689/2646/2421
f 1689/2646/2421 1707/2927/2665 1699/2928/2666
f 1689/2646/2421 1699/2928/2666 1700/2520/2312
f 2919/2650/2427 2932/2929/2667 2941/2930/2668
f 2919/2650/2427 2941/2930/2668 2920/2790/2557
f 2941/2930/2668 2927/2931/2669 2920/2790/2557
f 2927/2931/2669 2926/2932/2670 2921/2933/2671
f 2927/2931/2669 2921/2933/2671 2920/2790/2557
f 2937/2789/2556 2920/2790/2557 2928/2791/2558
f 2920/2790/2557 2938/2934/2672 2922/2935/2673
f 2943/2796/2563 2271/2936/2674 2918/2652/2564
f 2943/2796/2563 2920/2790/2557 2271/2936/2674
f 2920/2790/2557 2922/2935/2673 2271/2936/2674
f 2922/2935/2673 2924/2937/2675 2271/2936/2674
f 2272/2798/2566 2273/2938/2676 2262/2939/2677
f 2272/2798/2566 2271/2794/2561 2273/2938/2676
f 2271/2794/2561 2274/2940/2678 2273/2938/2676
f 395/2800/2568 400/2799/2567 393/2941/2679
f 389/2656/2433 393/2941/2679 367/2657/2434
f 393/2941/2679 400/2799/2567 367/2657/2434
f 524/2801/2569 539/2942/2680 567/2943/2681
f 524/2801/2569 567/2943/2681 527/2802/2570
f 523/2658/2435 527/2802/2570 526/2806/2573
f 539/2942/2680 2283/2944/2682 567/2943/2681
f 2283/2944/2683 566/2945/2684 527/2802/2570
f 526/2806/2573 529/2946/2685 528/2947/2686
f 2572/2948/2575 525/2949/2574 2571/2950/2687
f 2572/2951/2575 2571/2952/2687 511/2809/1403
f 511/2809/1403 2571/2952/2687 515/2953/912
f 511/2809/1403 515/2953/912 2535/2810/1089
f 2571/2952/2687 528/2954/2688 515/2953/912
f 515/2953/912 518/2955/1753 2535/2810/1089
f 528/2956/2689 666/2957/2690 2554/2958/2691
f 518/2959/2692 666/2960/2693 2536/2961/2694
f 2536/2961/2694 666/2960/2693 843/2962/2695
f 2535/2963/1616 2536/2964/2694 2534/2965/784
f 2536/2961/2694 843/2962/2695 2534/2966/784
f 2534/2966/784 843/2962/2695 664/2967/2696
f 497/2968/2697 2534/2966/784 492/2817/851
f 492/2817/851 2534/2966/784 661/2969/2698
f 492/2817/851 661/2969/2698 2532/2970/1050
f 2534/2966/784 664/2967/2696 661/2969/2698
f 661/2971/2699 571/2972/2700 704/2973/2701
f 492/2817/851 2532/2970/1050 2513/2818/770
f 2513/2818/770 663/2821/915 491/2816/925
f 2513/2818/770 2532/2970/1050 662/2974/852
f 2532/2970/1050 2512/2975/903 662/2974/852
f 2513/2818/770 662/2974/852 663/2821/915
f 663/2821/915 662/2974/852 723/2822/710
f 662/2974/852 740/2976/819 723/2822/710
f 723/2822/710 501/2977/1176 2423/2978/466
f 723/2979/710 2511/2980/927 501/2981/1176
f 723/2822/710 2423/2978/466 2420/2823/915
f 2420/2823/915 2423/2978/466 500/2828/954
f 500/2828/954 2423/2978/466 2418/2829/2052
f 2423/2978/466 509/2982/2702 2418/2829/2052
f 2423/2978/466 501/2977/1176 502/2983/710
f 2423/2978/466 502/2983/710 503/2984/690
f 2418/2829/2052 1081/2985/701 667/2835/2584
f 2418/2829/2052 509/2982/2702 1081/2985/701
f 2421/2986/2703 503/2987/690 2422/2988/770
f 618/2831/710 1081/2985/770 2422/2989/915
f 618/2831/710 2422/2989/915 728/2692/2455
f 2422/2989/915 645/2990/2704 728/2692/2455
f 728/2692/2455 645/2990/2704 643/2991/2705
f 728/2692/2455 643/2991/2705 646/2838/2588
f 643/2991/2705 2427/2992/2706 646/2838/2588
f 646/2838/2588 2427/2992/2706 642/2699/2463
f 644/2839/2589 642/2699/2463 641/2993/2707
f 644/2839/2589 641/2993/2707 1629/2994/2708
f 644/2839/2589 1629/2994/2708 1962/2995/2709
f 655/2840/2590 1962/2996/2710 1799/2842/2592
f 2355/2706/2711 1799/2842/2712 1951/2843/2593
f 1799/2842/2712 2188/2997/2713 1817/2844/2594
f 1799/2842/2712 1817/2844/2594 1951/2843/2593
f 2062/2847/2598 1909/2998/2714 1455/2999/2715
f 1908/3000/2716 1909/3001/2717 2167/3002/2718
f 1908/3000/2716 1904/3003/2719 1909/3001/2717
f 1908/3000/2716 1907/3004/2720 1904/3003/2719
f 1909/2998/2714 1905/3005/2721 1455/2999/2715
f 1905/3005/2721 1904/3003/2719 1455/2999/2715
f 1904/3003/2719 1907/3004/2720 1906/3006/2722
f 2062/2847/2598 1966/3007/2723 2063/2852/2604
f 2062/2847/2598 1455/2999/2715 1966/3007/2723
f 2303/2853/2605 1966/3007/2723 1460/2850/2601
f 1966/3007/2723 1455/2999/2715 1460/2850/2601
f 1906/3006/2722 2053/3008/2724 1904/3003/2719
f 1904/3003/2719 2053/3008/2724 1455/2999/2715
f 1460/2850/2601 1455/2999/2715 1397/3009/2725
f 1397/3009/2726 2791/3010/2727 2787/3011/2728
f 1398/2854/2729 1397/3009/2726 2787/3011/2728
f 2791/3010/2727 1399/3012/2730 2787/3011/2728
f 2791/3010/2727 1226/3013/2731 1399/3012/2730
f 1226/3013/2731 1224/3014/2732 1444/3015/1630
f 2787/3011/2728 1399/3012/2730 1444/3015/2733
f 2787/3011/2728 1444/3015/2733 1641/3016/2734
f 1444/3015/2733 2783/3017/2735 1641/3016/2734
f 2779/2860/2612 2784/2859/2611 1252/2862/966
f 1252/2862/966 2784/2859/2611 1220/3018/770
f 2784/2859/2611 2783/3019/845 1220/3018/770
f 1220/3018/770 2783/3019/845 1225/3020/837
f 1220/3018/770 1225/3020/837 2773/3021/770
f 1250/3022/849 1252/2864/787 1249/3023/710
f 1249/3023/710 2773/3021/770 1253/3024/959
f 1249/3023/710 1253/3024/959 1251/3025/710
f 1250/3022/849 1249/3023/710 1248/3026/1437
f 1249/3023/710 1239/3027/2736 1248/3026/1437
f 1249/3023/710 1251/3025/710 1239/3027/2736
f 1251/3025/710 2765/3028/852 1239/3027/2736
f 1248/3026/1437 1239/3027/2736 1242/2874/1507
f 1239/3027/2736 2765/3028/852 1236/3029/966
f 1241/2870/2579 1242/2874/2236 2710/3030/2737
f 1241/2870/2579 2710/3030/2737 1409/3031/2738
f 2710/3030/2737 1242/2874/2236 1240/3032/2739
f 1428/2879/1749 1408/2878/2618 1402/3033/692
f 1240/3032/2739 1402/3033/1748 2710/3030/2737
f 1402/3033/692 2802/3034/2740 1428/2879/1749
f 2704/2876/2616 1428/2879/1749 1401/2884/2624
f 1402/3033/692 1415/3035/2741 2802/3034/2740
f 1428/3036/2742 1417/3037/2743 1418/2887/2744
f 1418/2887/2744 1417/3037/2743 2665/3038/2745
f 1417/3037/2743 2802/3034/2740 1416/3039/2746
f 1417/3037/2743 1416/3039/2746 2665/3038/2745
f 1418/2887/2744 2665/3038/2745 2667/3040/2747
f 2667/3040/2747 2665/3038/2745 1419/2896/2634
f 2667/3040/2747 1419/2896/2634 1423/2893/2631
f 2665/3038/2745 1946/3041/2748 1419/2896/2634
f 1594/3042/2749 2300/3043/2750 2267/3044/2751
f 1594/3042/2749 2267/3044/2751 1827/2897/2637
f 2300/3043/2750 6158/3045/2752 2267/3044/2751
f 1827/2897/2637 2267/3044/2751 1513/3046/2753
f 1419/2896/2634 1945/3047/2754 2267/3048/2755
f 1827/2897/2637 1513/3046/2753 1516/2899/2638
f 1513/3046/2753 1945/3049/2756 1515/3050/2757
f 1516/2899/2638 1513/3046/2753 2632/2906/2645
f 2632/2906/2645 1513/3046/2753 1512/2910/2650
f 1513/3046/2753 1515/3050/2757 1512/2910/2650
f 1514/3051/2758 1515/3052/2759 1510/3053/2760
f 2632/2906/2645 1512/2910/2650 2663/2908/2648
f 1512/2910/2650 1514/3051/2758 2659/2911/2651
f 2659/2911/2651 1514/3051/2758 2660/3054/2761
f 1514/3051/2758 1510/3053/2760 2660/3054/2761
f 1510/3053/2760 1379/3055/2762 2660/3054/2761
f 2659/2911/2651 2660/3054/2761 2661/3056/2763
f 2661/3056/2763 1381/3057/2654 2659/2911/2651
f 2333/2774/2540 2334/3058/2764 2335/3059/2765
f 2333/2774/2540 2335/3059/2765 2336/2916/2655
f 2333/2774/2540 2332/3060/2766 2334/3058/2764
f 2332/3060/2766 2330/3061/2767 2334/3058/2764
f 2336/2916/2655 2335/3059/2765 2337/3062/2768
f 1702/3063/2547 1714/3064/2769 1701/2922/2659
f 1702/3063/2547 1715/3065/2770 1714/3064/2769
f 1714/3064/2769 1715/3065/2770 1717/3066/2771
f 1714/3064/2769 1703/2923/2661 1701/2922/2659
f 1703/2923/2772 1717/3067/2773 1706/3068/2774
f 1717/3067/2773 1719/3069/2775 1706/3068/2774
f 1703/2923/2772 1706/3068/2774 1705/3070/2776
f 1703/2923/2772 1705/3070/2776 1704/3071/2777
f 1698/3072/2778 1703/2923/2772 1704/3071/2777
f 1704/3071/2777 1705/3070/2776 2326/3073/2779
f 1707/3074/2780 1711/3075/2781 1712/3076/2782
f 1712/3076/2782 1709/3077/2783 1713/3078/2784
f 1712/3076/2782 1711/3075/2781 1709/3077/2783
f 1707/3074/2780 1704/3071/2785 1708/3079/2786
f 1707/3074/2780 1708/3079/2786 1711/3075/2781
f 2941/2930/2668 2921/2933/2671 2926/2932/2670
f 2941/2930/2668 2932/2929/2667 2921/2933/2671
f 2932/2929/2667 2939/3080/2787 2921/2933/2671
f 2925/3081/2788 2939/3080/2787 2938/2934/2672
f 2921/2933/2671 2925/3081/2789 2920/2790/2557
f 2925/3081/2789 2923/3082/2790 2920/2790/2557
f 2920/2790/2557 2923/3082/2790 2938/2934/2672
f 2938/2934/2672 2944/3083/2791 2922/2935/2673
f 2938/2934/2672 2939/3080/2787 2944/3083/2791
f 2944/3083/2791 2274/3084/2678 2922/2935/2673
f 400/2799/2567 392/3085/2792 367/2657/2434
f 392/3085/2792 390/3086/2793 367/2657/2434
f 539/3087/2794 626/3088/2795 631/3089/2796
f 626/3088/2795 629/3090/2797 631/3089/2796
f 566/2945/2684 629/3091/2798 527/2802/2570
f 527/2802/2570 629/3091/2798 526/2806/2573
f 526/2806/2573 629/3091/2798 529/2946/2685
f 528/2956/2689 2553/3092/2799 666/2957/2690
f 666/2960/2693 2573/3093/2800 665/3094/2801
f 666/2960/2693 665/3094/2801 843/2962/2695
f 665/3094/2802 2549/3095/2802 2551/3096/2802
f 2573/3097/815 533/3098/1049 2549/3095/829
f 2551/3099/467 2550/3100/811 843/3101/2803
f 843/3101/2803 2550/3100/811 2537/3102/2804
f 2549/3103/1870 534/3104/2805 2550/3100/811
f 664/2967/2806 2537/3102/2804 536/3105/845
f 2537/3102/2804 2550/3100/811 536/3105/845
f 664/2967/2806 536/3105/845 571/2972/2807
f 536/3105/845 2533/3106/2247 720/3107/915
f 720/3107/915 2533/3106/2247 592/3108/2112
f 571/2972/2700 720/3109/1089 704/2973/2701
f 704/2973/2701 720/3109/1089 600/3110/2808
f 600/3111/2809 592/3108/2112 598/3112/1745
f 740/2976/2810 600/3111/2809 2511/3113/927
f 600/3111/2809 741/3114/1064 2511/3113/927
f 600/3111/2809 598/3112/1745 741/3114/1064
f 2511/3113/927 741/3114/1064 742/3115/831
f 2511/3113/927 742/3115/831 501/2977/1176
f 783/3116/2811 598/3112/1745 599/3117/2579
f 598/3112/1745 597/3118/915 599/3117/2579
f 599/3117/2579 601/3119/915 742/3120/921
f 742/3120/921 602/3121/959 502/3122/693
f 502/2983/710 638/3123/915 503/2984/690
f 742/3120/921 601/3119/915 2424/3124/959
f 742/3120/921 2424/3124/959 602/3121/959
f 602/3121/959 2424/3124/959 638/3123/915
f 638/3123/915 2422/3125/770 503/2984/690
f 638/3123/915 2424/3124/959 2422/3125/770
f 2424/3124/959 803/3126/959 2422/3125/770
f 2422/3125/770 803/3126/959 2426/3127/1403
f 2426/3127/1403 803/3126/959 736/3128/1175
f 2422/3125/770 2426/3127/1403 640/3129/2812
f 2426/3127/1403 736/3128/1175 737/3130/2813
f 2422/3125/770 639/3131/2814 643/3132/2815
f 2422/3125/770 640/3129/2812 639/3131/2814
f 640/3133/2816 737/3130/2813 736/3128/1175
f 2427/2992/2706 639/3131/2817 641/2993/2707
f 2469/3134/2818 2468/3135/2819 641/3136/2707
f 2427/2992/2706 641/2993/2707 642/2699/2463
f 641/3136/2707 2468/3135/2819 1097/3137/2820
f 641/2993/2707 1097/3138/2820 1629/2994/2708
f 2188/3139/2821 1816/3140/2822 2253/3141/2823
f 2188/3139/2821 1962/2995/2824 1816/3140/2822
f 2253/3141/2823 1816/3140/2822 1817/3142/2825
f 1962/2995/2709 1629/2994/2708 1815/3143/2826
f 1816/3140/2822 1894/3144/2827 1817/3142/2825
f 1817/3142/2825 1818/3145/2828 1855/3146/2829
f 1846/3147/2830 2872/3148/2831 2319/3149/2832
f 1846/3147/2830 1844/3150/2833 2872/3148/2831
f 2053/3151/2834 2889/3152/2835 1230/3153/2836
f 2872/3148/2831 2054/3154/2837 2053/3151/2834
f 2053/3151/2834 2054/3154/2837 2889/3152/2835
f 2889/3152/2835 1458/3155/2838 1230/3153/2836
f 1230/3153/2836 1458/3155/2838 2791/3010/2727
f 1458/3155/2838 2794/3156/2839 2791/3010/2727
f 2791/3010/2727 2794/3156/2839 1224/3014/2732
f 1458/3155/2838 2054/3157/2840 2794/3156/2839
f 2791/3010/2727 1224/3014/2732 1226/3013/2731
f 1224/3014/2732 1223/3158/2841 1444/3015/1630
f 1224/3014/2732 1456/3159/2842 1223/3158/2841
f 1223/3158/2841 1225/3020/837 1444/3015/1630
f 1225/3020/837 1221/3160/1513 2773/3021/770
f 2773/3021/770 1811/3161/2843 1253/3024/959
f 2773/3021/770 1221/3160/1513 1811/3161/2843
f 1811/3162/851 2765/3028/852 1251/3025/710
f 1221/3163/2844 2766/3164/2236 2765/3028/852
f 2765/3028/852 2766/3164/2236 1236/3029/966
f 1236/3029/966 1233/3165/784 1238/3166/966
f 1236/3029/966 2766/3164/2236 1233/3165/784
f 1239/3027/2736 1237/3167/2156 1242/2874/1507
f 1239/3027/2736 1238/3166/966 1237/3167/2156
f 1238/3166/966 1233/3165/784 1237/3167/2156
f 1242/3168/925 1426/3169/903 1415/3035/2741
f 1242/3168/925 1415/3035/2741 1402/3033/692
f 1246/3170/2440 1243/3171/1183 1426/3172/2845
f 1246/3170/2440 1233/3165/784 1243/3171/1183
f 1415/3035/2741 1243/3171/2846 2802/3034/2740
f 2802/3034/2740 1243/3171/2846 1416/3039/2746
f 1416/3039/2746 1847/3173/2847 2665/3038/2745
f 1847/3174/2847 1848/3175/2848 2665/3176/2745
f 2665/3176/2745 1848/3175/2848 2666/3177/2849
f 2665/3178/2850 1466/3179/2851 1465/3180/2852
f 1419/2896/2634 1946/3041/2748 1945/3047/2754
f 1946/3041/2748 1387/3181/2853 1945/3047/2754
f 1945/3047/2754 1387/3181/2853 1394/3182/2854
f 1387/3181/2853 1380/3183/2855 1394/3182/2854
f 1394/3182/2854 1390/3184/2856 1378/3185/2857
f 1394/3182/2854 1380/3183/2855 1390/3184/2856
f 1515/3186/2858 1394/3182/2854 1378/3185/2857
f 1378/3185/2857 1390/3184/2856 2664/3187/2859
f 2660/3054/2761 1379/3055/2762 1382/3188/2860
f 1379/3055/2762 1378/3185/2857 2664/3187/2859
f 1379/3055/2762 2664/3187/2859 1382/3188/2860
f 2664/3187/2859 1381/3189/2861 1382/3188/2860
f 1382/3190/2862 1383/3191/2863 2661/3056/2763
f 2661/3056/2763 1383/3191/2863 1381/3057/2654
f 2330/3061/2767 2332/3060/2766 2331/3192/2864
f 2330/3061/2767 2331/3192/2864 2338/3193/2865
f 2339/3194/2866 2338/3193/2865 2337/3195/2867
f 2330/3061/2767 2338/3193/2865 2339/3194/2866
f 2338/3196/2868 2329/3197/2869 2328/3198/2870
f 1715/3065/2770 1716/3199/2871 1717/3066/2771
f 1718/3200/2872 1719/3069/2775 1717/3067/2773
f 1716/3199/2871 1719/3069/2775 1718/3200/2872
f 1716/3199/2871 1715/3065/2770 1719/3069/2775
f 2328/3198/2870 2347/3201/2873 2338/3196/2868
f 2347/3201/2873 2328/3198/2870 2886/3202/2874
f 2328/3198/2870 2346/3203/2875 2886/3202/2874
f 2371/3204/2876 1719/3205/2877 1705/3206/2878
f 1705/3070/2776 2325/3207/2879 2326/3073/2779
f 1704/3071/2785 1729/3208/2880 1710/3209/2881
f 1704/3071/2785 1710/3209/2881 1709/3210/2882
f 1708/3079/2786 1704/3071/2785 1709/3210/2882
f 1710/3209/2881 2317/3211/2883 1709/3210/2882
f 2317/3211/2883 1723/3212/2884 1709/3210/2882
f 2317/3211/2883 1729/3213/2885 1723/3212/2884
f 2932/2929/2667 2944/3083/2791 2939/3080/2787
f 2944/3083/2791 2934/3214/2886 2274/3084/2678
f 2274/2940/2678 2934/3215/2886 2273/2938/2676
f 2273/2938/2676 2934/3215/2886 2275/3216/2887
f 400/2799/2567 6221/3217/2888 394/3218/2889
f 400/2799/2567 394/3218/2889 392/3085/2792
f 392/3085/2792 391/3219/2890 390/3086/2793
f 629/3220/2891 628/3221/2892 2578/3222/2893
f 628/3221/2892 626/3223/2894 630/3224/2895
f 628/3221/2892 630/3224/2895 2578/3222/2893
f 626/3223/2894 623/3225/2896 630/3224/2895
f 2575/3226/2897 570/3227/2898 2578/3228/2899
f 2578/3229/2899 570/3230/2898 529/2946/2685
f 529/2946/2685 570/3230/2898 528/2947/2686
f 570/3230/2898 620/3231/852 528/2947/2686
f 528/2947/2686 620/3231/852 2573/3097/815
f 2573/3097/815 620/3231/852 532/3232/1435
f 2573/3097/815 532/3232/1435 533/3098/1049
f 533/3098/1049 532/3232/1435 534/3233/1051
f 620/3231/852 531/3234/2900 532/3232/1435
f 620/3231/852 530/3235/1050 531/3234/2900
f 534/3104/2805 2552/3236/1642 2550/3100/811
f 531/3234/2900 1056/3237/2901 2552/3236/1642
f 2550/3100/811 535/3238/1868 536/3105/845
f 2550/3100/811 2552/3236/1642 535/3238/1868
f 536/3105/845 535/3238/1868 2538/3239/915
f 536/3105/845 2538/3239/915 2533/3240/2247
f 2533/3106/2247 594/3241/925 592/3108/2112
f 594/3241/925 593/3242/849 592/3108/2112
f 592/3108/2112 597/3118/915 598/3112/1745
f 592/3108/2112 593/3242/849 597/3118/915
f 597/3118/915 593/3242/849 634/3243/2902
f 593/3242/849 633/3244/2903 634/3243/2902
f 597/3118/915 2514/3245/2438 601/3119/915
f 597/3118/915 601/3119/915 599/3117/2579
f 601/3119/915 2514/3245/2438 803/3126/852
f 2514/3245/2438 2425/3246/2904 803/3126/852
f 805/3247/2905 803/3126/852 2425/3246/2904
f 736/3248/2906 804/3249/2907 738/3250/2908
f 736/3248/2906 738/3250/2908 639/3251/2909
f 805/3247/2905 2425/3246/2904 806/3252/2910
f 805/3247/2905 806/3252/2910 804/3253/2124
f 806/3252/2910 2470/3254/2911 804/3253/2124
f 639/3251/2909 738/3250/2908 1097/3138/2820
f 738/3250/2908 1629/2994/2708 1097/3138/2820
f 738/3255/2912 2351/3256/2913 824/3257/2914
f 1815/3258/2915 1857/3259/2916 1816/3140/2917
f 1857/3259/2916 1856/3260/2918 1816/3140/2917
f 1816/3140/2917 1856/3260/2918 1855/3261/2919
f 1894/3144/2827 1818/3145/2828 1817/3142/2825
f 1816/3140/2917 1855/3261/2919 2264/3262/2920
f 1856/3260/2918 1090/3263/2921 1855/3261/2919
f 2872/3148/2831 1844/3150/2833 1840/3264/2922
f 2872/3148/2831 1840/3264/2922 2054/3154/2837
f 2054/3157/2840 1445/3265/2923 2794/3156/2839
f 2794/3156/2839 1445/3265/2923 1456/3159/2924
f 1456/3159/2842 1903/3266/2925 1820/3267/2926
f 1456/3159/2842 2786/3268/2927 1223/3158/2841
f 2786/3268/2927 1456/3159/2842 1820/3267/2926
f 1820/3267/2926 1247/3269/1865 2786/3268/2927
f 1223/3158/2841 1222/3270/692 1225/3020/837
f 1225/3020/837 1222/3270/692 2780/3271/1182
f 1225/3020/837 2772/3272/2928 1221/3160/1513
f 1225/3020/837 2780/3271/1182 2772/3272/2928
f 2780/3271/1182 1222/3270/692 1227/3273/2929
f 1221/3160/1513 2772/3272/2928 2769/3274/2930
f 2772/3272/2928 1232/3275/831 2769/3274/2930
f 2769/3274/2930 1232/3275/831 1229/3276/960
f 2769/3274/2930 1229/3276/960 1231/3277/2931
f 1229/3276/960 1234/3278/2032 1231/3277/2931
f 2766/3164/2236 1231/3277/2931 1233/3165/784
f 1231/3277/2931 1234/3278/2032 1235/3279/2577
f 1234/3278/2032 1256/3280/2932 1235/3279/2577
f 1233/3165/784 1231/3277/2931 1235/3279/2577
f 1233/3165/784 1235/3279/2577 1244/3281/849
f 1233/3165/784 1244/3281/849 1243/3171/1183
f 1243/3171/1183 1244/3281/849 1245/3282/2550
f 1244/3281/849 1235/3279/2577 1773/3283/1507
f 1243/3284/2933 2689/3285/2443 2690/3286/2934
f 1243/3171/1183 1245/3282/2550 1255/3287/2935
f 1245/3282/2550 1254/3288/2936 1255/3287/2935
f 1245/3282/2550 1313/3289/687 2691/3290/2937
f 1245/3282/2550 2691/3290/2937 1254/3288/2936
f 2690/3286/2934 2689/3285/2443 1416/3291/2938
f 1255/3287/2935 1254/3288/2936 1610/3292/2939
f 1255/3287/2935 1610/3292/2939 1847/3293/2940
f 1847/3173/2847 2688/3294/2941 1848/3295/2848
f 2688/3294/2941 1466/3296/2942 1848/3295/2848
f 1283/3297/2943 2677/3298/2944 1466/3299/2945
f 1465/3180/2852 1466/3179/2851 1389/3300/2946
f 1466/3299/2945 2677/3298/2944 1280/3301/2947
f 1283/3297/2943 2688/3302/2948 2678/3303/2949
f 1283/3297/2943 2678/3303/2949 2677/3298/2944
f 1465/3180/2852 1389/3300/2946 1946/3041/2748
f 1946/3041/2748 1389/3300/2946 1387/3181/2853
f 1389/3300/2946 1388/3304/2950 1387/3181/2853
f 1388/3305/2951 1280/3301/2947 1377/3306/2952
f 1280/3301/2947 2677/3298/2944 1377/3306/2952
f 2677/3298/2944 1281/3307/2953 1377/3306/2952
f 2128/3308/2954 1387/3181/2853 1386/3309/2955
f 1380/3183/2855 2128/3308/2954 1386/3309/2955
f 1380/3183/2855 1386/3309/2955 1384/3310/2956
f 1387/3181/2853 1388/3304/2950 1386/3309/2955
f 1380/3183/2855 1384/3310/2956 1385/3311/2957
f 1380/3183/2855 1385/3311/2957 1390/3184/2856
f 1384/3310/2958 1447/3312/2959 1390/3184/2960
f 1447/3312/2959 1386/3313/2961 1390/3184/2960
f 1386/3313/2961 1377/3306/2962 1390/3184/2960
f 1390/3184/2960 1377/3306/2962 1373/3314/2963
f 1390/3184/2960 1373/3314/2963 1376/3315/2964
f 1376/3315/2965 1335/3316/2966 1374/3317/2967
f 1390/3184/2856 1374/3317/2967 2664/3187/2859
f 1374/3317/2967 1335/3316/2966 2834/3318/2968
f 1335/3316/2966 1457/3319/2969 2834/3318/2968
f 1374/3317/2967 2269/3320/2970 2664/3187/2859
f 2269/3320/2970 1374/3317/2967 2069/3321/2971
f 1374/3317/2967 2834/3318/2968 2069/3321/2971
f 2664/3187/2859 1457/3322/2972 1381/3189/2861
f 2315/3323/2973 1457/3319/2974 2835/3324/2975
f 2069/3325/2976 1457/3322/2972 2664/3187/2859
f 2835/3324/2975 1457/3319/2974 1323/3326/2977
f 2835/3324/2975 1325/3327/2978 2315/3323/2973
f 2315/3323/2973 1325/3327/2978 1326/3328/2979
f 1325/3327/2978 1323/3326/2980 1324/3329/2981
f 1326/3328/2979 1325/3327/2978 1324/3329/2981
f 2327/3330/2982 2826/3331/2983 2328/3332/2984
f 2327/3330/2982 2118/3333/2985 2826/3331/2983
f 1326/3328/2986 1342/3334/2987 1341/3335/2988
f 1341/3336/2989 2114/3337/2990 2118/3333/2985
f 2118/3333/2985 2114/3337/2990 2826/3331/2983
f 2826/3331/2983 2114/3337/2990 2344/3338/2991
f 2826/3331/2983 2344/3338/2991 2341/3339/2992
f 2826/3331/2983 2342/3340/2993 2340/3341/2994
f 2826/3331/2983 2341/3339/2992 2342/3340/2993
f 2342/3340/2993 2345/3342/2995 2340/3341/2994
f 2345/3342/2995 2343/3343/2996 2340/3341/2994
f 363/3344/2997 361/3345/2998 362/3346/2999
f 2944/3083/2791 2932/2929/2667 2931/3347/3000
f 2934/3348/3001 2931/3347/3002 2933/3349/3003
f 364/3350/3004 365/3351/3005 361/3345/3006
f 6221/3217/2888 398/3352/3007 394/3218/2889
f 399/3353/3008 394/3218/2889 398/3352/3007
f 394/3354/3009 390/3086/2793 391/3219/2890
f 626/3223/2894 627/3355/3010 623/3225/2896
f 630/3224/2895 623/3225/2896 619/3356/3011
f 623/3225/2896 622/3357/3012 619/3356/3011
f 619/3356/3011 622/3357/3012 621/3358/3013
f 619/3359/966 2574/3360/1403 530/3235/1050
f 619/3359/966 2576/3361/1634 2574/3360/1403
f 530/3235/1050 2574/3360/1403 531/3234/2900
f 2574/3360/1403 2548/3362/2237 531/3234/2900
f 531/3234/2900 2548/3362/2237 1056/3237/2901
f 1056/3237/2901 2548/3362/2237 616/3363/2575
f 2552/3236/1642 1056/3237/2901 535/3238/1868
f 535/3364/3014 616/3363/2575 2545/3365/970
f 2538/3239/915 535/3238/1868 703/3366/915
f 616/3363/2575 617/3367/903 2545/3365/970
f 616/3363/2575 2548/3362/2237 617/3367/903
f 594/3241/925 703/3368/3015 593/3242/849
f 2545/3365/970 596/3369/471 703/3368/3015
f 2545/3365/970 617/3367/903 596/3369/471
f 703/3368/3015 596/3369/471 593/3242/849
f 593/3242/849 596/3369/471 595/3370/915
f 596/3369/471 2523/3371/3016 595/3370/915
f 595/3370/915 2523/3371/3016 633/3372/701
f 634/3243/2902 633/3244/2903 635/3373/3017
f 635/3373/3017 633/3244/2903 636/3374/2688
f 636/3374/2688 633/3244/2903 2521/3375/980
f 635/3373/3017 636/3374/2688 2581/3376/817
f 635/3373/3017 2581/3376/817 2514/3245/2438
f 636/3374/2688 2521/3375/980 716/3377/692
f 2521/3375/980 2522/3378/3018 716/3377/692
f 2514/3245/2438 2581/3376/817 2425/3246/2904
f 716/3377/692 2425/3246/2904 2581/3376/817
f 716/3377/692 717/3379/783 2425/3246/2904
f 1879/3380/3019 2425/3246/2904 888/3381/1176
f 806/3252/2910 886/3382/3020 2470/3254/2911
f 2470/3254/2911 886/3382/3020 2351/3256/2913
f 806/3252/2910 888/3383/3021 887/3384/3022
f 806/3252/2910 887/3384/3022 886/3382/3020
f 2470/3254/2911 2351/3256/2913 738/3255/2912
f 2351/3256/2913 823/3385/3023 824/3257/2914
f 1092/3386/3024 1088/3387/3025 1091/3388/3026
f 1091/3388/3026 1088/3387/3025 1090/3263/2921
f 823/3385/3027 1093/3389/3028 1092/3386/3024
f 1093/3389/3028 1088/3387/3025 1092/3386/3024
f 1856/3260/2918 1091/3388/3026 1090/3263/2921
f 1845/3390/3029 1840/3264/2922 1844/3150/2833
f 1992/3391/3030 2024/3392/3031 1845/3390/3029
f 1845/3390/3029 2024/3392/3031 1840/3264/2922
f 2024/3392/3031 1843/3393/3032 1840/3264/2922
f 1843/3393/3032 2024/3392/3031 1947/3394/3033
f 1843/3393/3032 1880/3395/3034 1840/3264/2922
f 1445/3396/3035 1842/3397/3036 1841/3398/3037
f 1445/3265/2923 1446/3399/3038 1456/3159/2924
f 1446/3400/3039 1841/3401/3040 1903/3266/2925
f 1903/3266/2925 1841/3401/3040 1820/3267/2926
f 1841/3398/3037 2792/3402/3041 1766/3403/3042
f 1820/3267/2926 1819/3404/3043 1247/3269/1865
f 1247/3269/1865 2771/3405/689 1222/3270/692
f 1247/3269/1865 1819/3404/3043 2771/3405/689
f 1819/3404/3043 2785/3406/3044 2771/3405/689
f 1222/3270/692 2771/3405/689 1227/3273/2929
f 2771/3407/689 2795/3408/954 1443/3409/954
f 1227/3273/2929 2771/3405/689 1228/3410/3045
f 2771/3405/689 1229/3411/821 1228/3410/3045
f 1229/3411/821 2771/3405/689 2751/3412/925
f 2751/3412/925 2771/3405/689 2770/3413/710
f 1229/3411/821 2751/3412/925 1256/3414/960
f 2751/3412/925 2770/3413/710 2767/3415/915
f 1256/3280/2932 1448/3416/3046 1235/3279/2577
f 2751/3412/925 2767/3415/915 2709/3417/466
f 1235/3279/2577 2751/3412/925 2709/3417/466
f 1235/3279/2577 2709/3417/466 1773/3283/1507
f 1773/3283/1507 2709/3417/466 1313/3289/927
f 2709/3417/466 1259/3418/1874 1314/3419/1703
f 2709/3420/1592 2708/3421/3047 1312/3422/968
f 1313/3289/687 1312/3423/968 2691/3290/2937
f 1312/3423/968 2708/3424/3047 2691/3290/2937
f 2691/3290/2937 2708/3424/3047 2707/3425/845
f 2708/3424/3047 1314/3426/3048 2707/3425/845
f 2691/3290/2937 2707/3425/845 1284/3427/3049
f 1610/3292/3050 2691/3290/2937 2688/3302/2948
f 2691/3290/2937 1284/3427/3049 2688/3302/2948
f 2688/3302/2948 1284/3427/3049 2678/3303/2949
f 1284/3427/3049 1271/3428/3051 2678/3303/2949
f 2677/3298/2944 1274/3429/3052 1282/3430/3053
f 2677/3298/2944 1282/3430/3053 1281/3307/2953
f 1281/3431/3054 1375/3432/3055 1373/3433/3056
f 1375/3432/3055 1276/3434/3057 1373/3433/3056
f 1275/3435/3058 1274/3436/3059 1276/3437/3060
f 1274/3436/3059 1634/3438/3061 1276/3437/3060
f 1373/3433/3062 1334/3439/3063 1335/3316/3064
f 1334/3439/3063 1340/3440/3065 1339/3441/3066
f 1334/3439/3063 1339/3441/3066 2681/3442/3067
f 1334/3439/3063 2681/3442/3067 1333/3443/3068
f 2681/3442/3067 1332/3444/3069 1333/3443/3068
f 1332/3444/3069 1339/3445/3070 1321/3446/3071
f 1335/3316/3064 1334/3439/3063 1336/3447/3072
f 1334/3439/3063 1333/3443/3068 1336/3447/3072
f 1333/3443/3068 1332/3444/3069 1321/3446/3071
f 1333/3443/3068 1337/3448/3073 1336/3447/3072
f 1335/3316/3064 1336/3447/3072 1328/3449/3074
f 1337/3448/3075 1321/3446/3071 1320/3450/3076
f 1320/3450/3076 1321/3446/3071 1318/3451/3077
f 1324/3329/2981 1323/3326/2980 1328/3449/3074
f 1328/3449/3078 1320/3450/3076 1319/3452/3079
f 1335/3316/3064 1328/3449/3074 1323/3326/2980
f 1320/3450/3076 1318/3451/3077 1319/3452/3079
f 1328/3449/3078 1319/3452/3079 1327/3453/3080
f 1324/3329/3081 1327/3454/3082 1342/3334/3083
f 1327/3453/3080 1319/3452/3079 1329/3455/3084
f 1319/3452/3079 1344/3456/3085 1329/3455/3084
f 1372/3457/3086 1318/3458/3077 1343/3459/3087
f 1372/3457/3086 1343/3459/3087 1344/3460/3088
f 2277/3461/3089 1341/3335/2988 1342/3334/2987
f 1327/3453/3080 1329/3455/3084 1330/3462/3090
f 1341/3336/2989 1798/3463/3091 2114/3337/2990
f 1341/3336/2989 1327/3453/3080 1798/3463/3091
f 1329/3455/3084 1343/3459/3092 1330/3462/3090
f 1798/3463/3091 1327/3453/3080 1331/3464/3093
f 1327/3453/3080 1330/3462/3090 1331/3464/3093
f 1330/3462/3090 1343/3459/3092 1805/3465/3094
f 2114/3337/2990 1798/3463/3091 1364/3466/3095
f 1798/3463/3091 1330/3462/3096 1361/3467/3097
f 1364/3466/3095 1798/3463/3091 1361/3467/3097
f 1361/3467/3097 1330/3462/3096 1350/3468/3098
f 1361/3467/3097 1350/3468/3098 1362/3469/3099
f 1361/3467/3097 1362/3469/3099 1363/3470/3100
f 1362/3469/3099 1366/3471/3101 1363/3470/3100
f 2184/3472/3102 2183/3473/3103 1470/3474/3104
f 1361/3467/3097 1365/3475/3105 1470/3476/3106
f 1361/3467/3097 1363/3470/3100 1365/3475/3105
f 1470/3476/3106 1365/3475/3105 6251/3477/3107
f 2184/3472/3102 1470/3474/3104 2165/3478/3108
f 2164/3479/3109 2184/3472/3102 2165/3478/3108
f 2165/3478/3108 1470/3474/3104 1483/3480/3110
f 2164/3481/3111 1483/3482/3112 1485/3483/3113
f 1483/3482/3114 2814/3484/3115 1472/3485/3116
f 2164/3481/3111 1485/3483/3113 1486/3486/3117
f 1483/3482/3114 1472/3485/3116 1474/3487/3118
f 1474/3488/3119 1487/3489/3120 1485/3490/3121
f 1487/3489/3120 1493/3491/3122 1485/3490/3121
f 1487/3489/3120 1474/3488/3119 1473/3492/3123
f 6253/3493/3124 1493/3491/3122 1487/3489/3120
f 6253/3493/3124 1487/3489/3120 2247/3494/3125
f 2247/3494/3125 1487/3489/3120 1489/3495/3126
f 1487/3489/3120 1813/3496/3127 1489/3495/3126
f 1813/3496/3127 1488/3497/3128 1489/3495/3126
f 622/3357/3012 625/3498/3129 621/3358/3013
f 621/3358/3013 625/3498/3129 2576/3499/1634
f 2576/3499/1634 625/3498/3129 718/3500/804
f 2576/3499/1634 718/3500/804 2574/3360/1403
f 537/3501/903 718/3500/804 845/3502/1067
f 2574/3360/1403 537/3501/903 2548/3362/2237
f 2548/3362/2237 537/3501/903 2547/3503/952
f 537/3501/903 538/3504/690 2547/3503/952
f 2548/3362/2237 2546/3505/1993 617/3367/903
f 538/3504/690 846/3506/693 2547/3503/952
f 2546/3505/1592 2547/3507/1592 2543/3508/1592
f 2547/3503/952 846/3506/693 2544/3509/2191
f 617/3367/903 2543/3510/712 596/3369/471
f 596/3369/471 2543/3510/712 868/3511/921
f 2544/3509/2191 2540/3512/690 2543/3510/712
f 2543/3510/712 2540/3512/690 868/3511/921
f 868/3513/815 722/3514/3130 2523/3371/3131
f 722/3514/3130 2540/3512/690 2539/3515/3132
f 2540/3512/690 2520/3516/3133 2539/3515/3132
f 2523/3371/3131 721/3517/1500 2521/3518/3134
f 2523/3371/3131 722/3514/3130 721/3517/1500
f 722/3514/3130 2539/3515/3132 721/3517/1500
f 721/3517/1500 2539/3515/3132 711/3519/3135
f 2539/3515/3132 712/3520/783 711/3519/3135
f 716/3377/692 2522/3378/3018 717/3379/783
f 711/3519/3135 712/3520/783 717/3379/783
f 712/3520/783 2516/3521/1208 717/3379/783
f 712/3520/783 710/3522/467 2516/3521/1208
f 717/3379/783 733/3523/3136 2425/3246/2904
f 2425/3246/2904 2489/3524/3137 888/3381/1176
f 2425/3246/2904 733/3523/3136 2489/3524/3137
f 887/3384/3022 2489/3524/3137 886/3382/3020
f 2489/3524/3137 733/3523/3136 885/3525/3138
f 886/3382/3020 1088/3526/3139 823/3527/3140
f 2489/3524/3137 885/3525/3138 886/3382/3020
f 886/3382/3020 885/3525/3138 1088/3526/3139
f 1088/3387/3025 1089/3528/3141 1090/3263/2921
f 1880/3395/3034 1947/3529/3142 1840/3264/2922
f 1840/3264/2922 1947/3529/3142 1445/3396/3035
f 1445/3396/3035 1839/3530/3143 1842/3397/3036
f 1947/3394/3033 2024/3392/3031 2068/3531/3144
f 1947/3529/3142 1286/3532/3145 1445/3396/3035
f 1445/3396/3035 1286/3532/3145 1839/3530/3143
f 1839/3530/3143 1286/3532/3145 2793/3533/3146
f 1841/3398/3037 1842/3397/3036 2792/3402/3041
f 2793/3533/3146 1287/3534/3147 2792/3402/3041
f 2793/3533/3146 1286/3532/3145 1287/3534/3147
f 2792/3402/3041 2785/3406/3044 1766/3403/3042
f 2792/3402/3041 1285/3535/3148 2785/3406/3044
f 2785/3406/3044 1285/3535/3148 2781/3536/1054
f 2771/3405/689 2785/3406/3044 2782/3537/1789
f 2785/3406/3044 2781/3536/1054 2782/3537/1789
f 2771/3405/689 2782/3537/1789 1618/3538/693
f 2782/3537/1789 2781/3536/1054 1443/3539/954
f 1443/3539/954 2781/3536/1054 1257/3540/3149
f 1443/3539/954 1257/3540/3149 2771/3405/689
f 2771/3405/689 1257/3540/3149 2770/3413/710
f 1257/3541/3149 1258/3542/1628 2770/3543/710
f 2767/3415/915 1260/3544/821 1259/3418/1874
f 2770/3413/710 1259/3418/1874 1260/3544/821
f 2770/3413/710 1258/3545/1628 1259/3418/1874
f 2767/3415/915 1259/3418/1874 2709/3417/466
f 1259/3418/1874 1261/3546/927 1262/3547/969
f 1314/3548/3150 1267/3549/966 2706/3550/839
f 1267/3549/966 1263/3551/952 2706/3550/839
f 1267/3549/966 1262/3547/969 1263/3551/952
f 1263/3551/952 1262/3547/969 1264/3552/845
f 2706/3553/471 1264/3552/845 1271/3428/3051
f 2707/3425/3151 2706/3553/471 1271/3428/3051
f 1264/3552/845 1266/3554/3152 1272/3555/3153
f 1271/3428/3051 1264/3552/845 1272/3555/3153
f 1271/3428/3051 1272/3555/3153 2705/3556/3154
f 1271/3428/3051 2705/3556/3154 2678/3303/2949
f 2678/3303/2949 2705/3556/3154 1273/3557/3155
f 2678/3303/2949 1273/3557/3155 2679/3558/3156
f 2679/3558/3156 1273/3557/3155 1274/3436/3059
f 1273/3557/3155 2705/3556/3154 2687/3559/959
f 2687/3559/959 1270/3560/3157 1279/3561/3158
f 2705/3556/3154 1270/3560/3157 2687/3559/959
f 1274/3436/3059 1273/3557/3155 1634/3438/3061
f 1634/3438/3061 1273/3557/3155 1278/3562/3159
f 1273/3557/3155 1279/3563/3160 1278/3562/3159
f 1279/3563/3160 1277/3564/3161 1278/3562/3159
f 1306/3565/3162 1270/3560/3157 1268/3566/3019
f 1270/3560/3157 1306/3565/3162 1277/3567/3163
f 1278/3562/3164 1306/3568/3165 2685/3569/3166
f 2680/3570/3167 1634/3571/3167 2685/3572/3167
f 1339/3445/3070 2685/3573/3168 1338/3574/3169
f 1339/3445/3070 1338/3574/3169 1322/3575/3170
f 2685/3569/3166 1308/3576/3171 1309/3577/3172
f 1338/3574/3169 2684/3578/3173 1322/3575/3170
f 1309/3577/3172 1308/3576/3171 2684/3578/3174
f 1339/3445/3070 1322/3575/3170 1321/3446/3071
f 1322/3575/3170 1318/3458/3077 1321/3446/3071
f 2684/3578/3174 1308/3576/3171 1310/3579/3175
f 1310/3579/3176 1311/3580/3177 1322/3575/3170
f 1322/3575/3170 1311/3580/3177 1318/3458/3077
f 1318/3458/3077 1349/3581/3178 1351/3582/3179
f 1343/3459/3087 1318/3458/3077 1351/3582/3179
f 1351/3582/3179 1349/3581/3178 1345/3583/3180
f 1805/3465/3181 1351/3582/3179 1350/3584/3182
f 1350/3584/3182 1351/3582/3179 1346/3585/3183
f 1351/3582/3179 1345/3583/3180 1346/3585/3183
f 1346/3586/3184 1349/3581/3185 2683/3587/3186
f 1350/3584/3182 1346/3585/3183 1356/3588/3187
f 1356/3588/3187 1365/3475/3105 1350/3584/3182
f 1363/3470/3100 1350/3584/3182 1365/3475/3105
f 1356/3589/3187 1359/3590/3188 1365/3591/3105
f 1359/3592/3188 1356/3588/3187 1353/3593/3189
f 1359/3592/3188 1358/3594/3190 1360/3595/3191
f 1470/3476/3106 6251/3477/3107 1471/3596/3192
f 1470/3476/3106 1471/3596/3192 2814/3484/3115
f 1359/3592/3188 1353/3593/3189 1358/3594/3190
f 1369/3597/3193 1358/3594/3190 1368/3598/3194
f 1358/3594/3190 1353/3593/3189 1367/3599/3195
f 1358/3594/3190 1367/3599/3195 1368/3598/3194
f 1369/3597/3193 1368/3598/3194 1370/3600/3196
f 2814/3484/3115 1471/3596/3192 1472/3485/3116
f 1472/3485/3116 1471/3596/3192 1473/3492/3123
f 1473/3492/3123 1471/3596/3192 1475/3601/3197
f 1471/3602/3198 1478/3603/3199 2821/3604/3200
f 1478/3605/3201 1481/3606/3202 2820/3607/3203
f 1473/3492/3123 1475/3601/3197 1487/3489/3120
f 1487/3489/3120 1475/3601/3197 1488/3497/3204
f 1475/3601/3197 2820/3608/3205 1488/3497/3204
f 2820/3608/3205 1476/3609/3206 1488/3497/3204
f 2820/3608/3205 1477/3610/3207 1476/3609/3206
f 1476/3609/3206 1477/3610/3207 2819/3611/3208
f 1476/3609/3206 2819/3611/3208 2818/3612/3209
f 1488/3497/3128 2818/3613/3210 1489/3495/3126
f 2818/3612/3209 2819/3611/3208 1482/3614/3211
f 1489/3495/3126 2818/3613/3210 1490/3615/3212
f 1489/3495/3126 1490/3615/3212 1491/3616/3213
f 1738/3617/1866 1482/3614/3211 2816/3618/3214
f 1738/3617/1866 2816/3618/3214 1484/3619/3215
f 622/3357/3012 624/3620/3216 625/3498/3129
f 1490/3621/3212 2817/3622/3217 1491/3623/3213
f 1738/3617/1866 1484/3619/3215 1491/3624/3218
f 1495/3625/3219 1484/3619/3215 1494/3626/3220
f 625/3498/3129 1645/3627/3221 2577/3628/3222
f 718/3629/804 625/3630/3129 845/3631/1067
f 537/3501/903 845/3502/1067 538/3504/690
f 845/3502/1067 847/3632/3223 846/3633/1789
f 708/3634/817 847/3635/3223 705/3636/3224
f 846/3506/693 708/3634/817 705/3636/3224
f 2544/3509/2191 846/3506/693 2540/3512/690
f 846/3506/693 2541/3637/2613 2540/3512/690
f 846/3506/693 705/3636/3224 2541/3637/2613
f 2541/3637/2613 705/3636/3224 706/3638/3225
f 2540/3512/690 2541/3637/2613 2520/3516/3133
f 2520/3516/3133 2541/3637/2613 707/3639/2112
f 712/3520/783 707/3639/2112 710/3522/467
f 707/3639/2112 709/3640/3226 710/3522/467
f 707/3639/2112 2541/3637/2613 709/3640/3226
f 2541/3637/2613 2519/3641/3227 709/3640/3226
f 709/3640/3226 2519/3641/3227 715/3642/3228
f 715/3642/3228 730/3643/3229 2516/3644/3230
f 2516/3521/1208 719/3645/3231 717/3379/783
f 715/3642/3228 2519/3641/3227 730/3643/3229
f 2519/3641/3227 894/3646/3232 730/3643/3229
f 717/3379/783 719/3645/3231 733/3523/3136
f 719/3645/3231 730/3643/3233 733/3523/3136
f 730/3643/3233 731/3647/3234 733/3523/3136
f 731/3647/3234 2067/3648/3235 733/3523/3136
f 2473/3649/3236 2350/3650/3237 885/3651/3238
f 733/3652/3239 1094/3653/3240 2350/3654/3241
f 2350/3654/3241 1094/3653/3240 2471/3655/3242
f 2350/3654/3241 2471/3655/3242 1088/3387/3025
f 2471/3655/3242 849/3656/3243 1088/3387/3025
f 1088/3387/3025 1036/3657/3244 1089/3528/3141
f 1088/3387/3025 849/3656/3243 1036/3657/3244
f 1089/3528/3141 1977/3658/3245 1090/3263/2921
f 1036/3657/3244 849/3656/3243 1977/3659/3246
f 2024/3392/3031 2883/3660/3247 2068/3531/3144
f 2024/3661/3248 1774/3662/3249 2166/3663/3250
f 2883/3660/3247 2166/3663/3251 2068/3531/3144
f 2068/3664/3252 1774/3662/3249 1286/3665/3253
f 2166/3663/3250 1774/3662/3249 1942/3666/3254
f 1942/3666/3254 1774/3662/3249 2068/3664/3252
f 2792/3402/3041 1287/3534/3147 1285/3535/3148
f 1287/3534/3147 1774/3667/3255 1285/3535/3148
f 1285/3535/3148 1774/3667/3255 1775/3668/3256
f 1775/3668/3256 1774/3667/3255 1469/3669/3257
f 1774/3670/3258 2000/3671/3259 2005/3672/3260
f 2005/3672/3260 2000/3671/3259 1994/3673/3261
f 2781/3536/1054 1469/3669/3262 1257/3540/3149
f 1994/3673/3263 1995/3674/3264 2001/3675/3265
f 1469/3676/3266 1261/3546/927 1258/3545/1628
f 2005/3677/3267 2004/3678/3268 2025/3679/3269
f 2005/3677/3267 2001/3680/3270 2004/3678/3268
f 2001/3680/3270 2003/3681/3271 2004/3678/3268
f 2003/3681/3271 2006/3682/3272 2004/3678/3268
f 1258/3545/1628 1261/3546/927 1259/3418/1874
f 2025/3679/3269 2004/3678/3268 2008/3683/3273
f 2004/3678/3268 2879/3684/3274 2008/3683/3273
f 1261/3546/927 2768/3685/3275 1262/3547/969
f 2768/3685/3275 1265/3686/3276 1262/3547/969
f 2025/3687/3277 2129/3688/3278 2130/3689/3279
f 2768/3685/3275 1608/3690/3280 1265/3686/3276
f 1264/3552/845 1262/3547/969 1266/3554/3152
f 1262/3547/969 1265/3686/3276 1266/3554/3152
f 2129/3688/3281 2008/3683/3273 2132/3691/3282
f 1272/3555/3153 1269/3692/3283 2705/3556/3154
f 1266/3554/3152 1265/3686/3276 1269/3693/3284
f 2130/3694/3285 2131/3695/3286 2134/3696/3287
f 2130/3694/3285 2132/3691/3282 2131/3695/3286
f 2705/3556/3154 1265/3686/3288 1270/3560/3157
f 1265/3686/3288 1268/3566/3019 1270/3560/3157
f 2147/3697/3289 2134/3696/3290 2135/3698/3291
f 2134/3696/3290 2133/3699/3292 2135/3698/3291
f 1265/3686/3288 2686/3700/3293 1268/3566/3019
f 1268/3566/3019 2686/3700/3293 1307/3701/3294
f 2147/3702/3295 2138/3703/3296 2139/3704/3297
f 1306/3568/3165 1307/3705/3298 2685/3569/3166
f 2685/3569/3166 1307/3705/3298 1308/3576/3171
f 1308/3576/3171 1307/3706/3298 1609/3707/3299
f 1310/3579/3176 1609/3708/3300 1311/3580/3177
f 1609/3707/3299 1307/3706/3298 1317/3709/3301
f 1311/3580/3177 1315/3710/3302 1318/3458/3077
f 1315/3710/3302 1311/3580/3177 1316/3711/3303
f 1311/3580/3177 1317/3709/3304 1316/3711/3303
f 1316/3711/3303 1453/3712/3305 1315/3710/3302
f 2139/3704/3297 2141/3713/3306 2140/3714/3307
f 1315/3710/3302 1349/3581/3178 1318/3458/3077
f 2140/3714/3308 2144/3715/3309 2146/3716/3310
f 2146/3716/3310 2144/3715/3309 2158/3717/3311
f 1349/3581/3185 1347/3718/3312 1348/3719/3313
f 1349/3581/3185 1348/3719/3313 2683/3587/3186
f 1346/3585/3183 1357/3720/3314 1356/3588/3187
f 1347/3718/3312 1355/3721/3315 1348/3719/3313
f 1357/3720/3316 1355/3722/3317 1352/3723/3318
f 2171/3724/3319 2163/3725/3320 2154/3726/3321
f 2163/3725/3320 2152/3727/3322 2154/3726/3321
f 1355/3722/3317 1354/3728/3323 1352/3723/3318
f 1352/3723/3318 1354/3728/3323 1353/3593/3189
f 2152/3727/3322 2153/3729/3324 2154/3726/3321
f 1356/3588/3187 1352/3723/3318 1353/3593/3189
f 1353/3593/3189 1354/3728/3323 2682/3730/3325
f 1353/3593/3189 2682/3730/3325 1371/3731/3326
f 2682/3730/3325 1370/3600/3196 1371/3731/3326
f 1371/3731/3326 1370/3600/3196 1368/3598/3194
f 1478/3605/3201 1477/3610/3207 1481/3606/3202
f 1478/3605/3201 2819/3611/3208 1477/3610/3207
f 2819/3611/3208 1479/3732/3327 1482/3614/3211
f 1482/3614/3211 1479/3732/3327 1480/3733/3328
f 359/3734/3329 358/3735/3330 357/3736/3331
f 1482/3614/3211 1480/3733/3328 2816/3618/3214
f 1480/3733/3328 1492/3737/3332 2816/3618/3214
f 1484/3619/3215 2816/3618/3214 1494/3626/3220
f 2816/3618/3214 1492/3737/3332 1821/3738/3333
f 1494/3626/3220 1821/3739/3334 1495/3625/3219
f 1495/3625/3219 1821/3739/3334 1968/3740/3335
f 1821/3738/3333 1492/3737/3332 1822/3741/3336
f 2815/3742/3337 1821/3738/3338 2825/3743/3339
f 1968/3740/3340 2815/3742/3337 1823/3744/3341
f 2825/3743/3339 1824/3745/3342 2322/3746/3343
f 2815/3742/3337 2825/3743/3339 1823/3744/3341
f 2825/3743/3339 2322/3746/3343 1823/3744/3341
f 625/3498/3129 2577/3628/3222 847/3632/3223
f 625/3498/3129 847/3632/3223 845/3502/1067
f 847/3635/3223 2577/3628/3222 705/3636/3224
f 705/3636/3224 2577/3628/3222 714/3747/3344
f 705/3636/3224 1742/3748/3345 706/3638/3225
f 2542/3749/3346 1742/3750/3347 714/3751/3348
f 706/3638/3225 714/3752/3349 713/3753/3350
f 706/3638/3225 713/3753/3350 2541/3637/2613
f 713/3753/3350 714/3752/3349 2517/3754/3351
f 2518/3755/3352 2517/3756/3351 1790/3757/3353
f 1985/3758/3354 1790/3759/3353 2519/3641/3227
f 2517/3754/3351 714/3752/3349 732/3760/3355
f 2517/3754/3351 732/3760/3355 1790/3759/3353
f 2519/3641/3227 1790/3759/3353 2515/3761/3356
f 1790/3759/3353 732/3760/3355 2515/3761/3356
f 2519/3641/3227 2515/3761/3356 894/3646/3232
f 894/3762/3357 732/3763/3358 731/3647/3234
f 731/3647/3234 732/3763/3358 2067/3648/3235
f 2067/3648/3235 732/3763/3358 848/3764/3359
f 732/3763/3358 849/3656/3243 848/3764/3359
f 2471/3655/3242 848/3764/3359 849/3656/3243
f 6278/3765/3360 1941/3766/3361 2024/3661/3248
f 2024/3661/3248 1941/3766/3361 1774/3662/3249
f 6278/3765/3362 2880/3767/3363 2882/3768/3364
f 1774/3662/3249 1941/3766/3361 1940/3769/3365
f 1941/3766/3361 2882/3768/3364 1940/3769/3365
f 2882/3768/3364 2880/3767/3363 2881/3770/3366
f 1940/3769/3365 2882/3768/3364 2881/3770/3366
f 1940/3769/3365 2881/3770/3366 1993/3771/3367
f 1993/3771/3367 1994/3673/3261 1940/3769/3365
f 1994/3673/3261 1993/3771/3367 2880/3772/3368
f 1940/3769/3365 1994/3673/3261 2000/3671/3259
f 1997/3773/3369 1996/3774/3370 1994/3673/3263
f 1996/3774/3370 1998/3775/3371 1999/3776/3372
f 1994/3673/3263 2002/3777/3373 1995/3674/3264
f 1994/3673/3263 1996/3774/3370 2002/3777/3373
f 1996/3774/3370 1999/3776/3372 2002/3777/3373
f 1999/3776/3372 1998/3775/3371 1995/3778/3374
f 2003/3681/3271 1995/3674/3375 2006/3682/3272
f 2006/3682/3272 1995/3674/3375 2879/3684/3274
f 2879/3684/3274 1995/3674/3375 2007/3779/3376
f 2879/3684/3274 2007/3779/3376 2008/3683/3273
f 2007/3779/3376 2169/3780/3377 2008/3683/3273
f 2008/3683/3273 2169/3780/3377 2878/3781/3378
f 2007/3779/3376 1995/3674/3375 2878/3781/3378
f 2008/3683/3273 2131/3695/3286 2132/3691/3282
f 2008/3683/3273 2878/3781/3378 2131/3695/3286
f 2878/3781/3378 2877/3782/3379 2131/3695/3286
f 2878/3781/3378 2884/3783/3380 2877/3782/3379
f 2878/3781/3378 2137/3784/3381 2884/3783/3380
f 2877/3782/3379 2884/3783/3380 2133/3699/3292
f 2133/3699/3292 2884/3783/3380 2885/3785/3382
f 2133/3699/3292 2885/3785/3382 2136/3786/3383
f 2885/3785/3382 2137/3787/3384 2136/3786/3383
f 2135/3698/3291 2133/3699/3292 2138/3703/3296
f 2138/3703/3296 2133/3699/3292 2136/3786/3383
f 2138/3703/3296 2136/3786/3383 2139/3704/3297
f 2139/3704/3297 2136/3786/3383 2143/3788/3385
f 2143/3788/3385 2136/3786/3383 2159/3789/3386
f 2136/3786/3383 2876/3790/3387 2159/3789/3386
f 2876/3790/3387 2162/3791/3388 2159/3789/3386
f 2141/3713/3306 2139/3704/3297 2144/3715/3309
f 2139/3704/3297 2143/3788/3385 2144/3715/3309
f 2143/3788/3385 2142/3792/3389 2144/3715/3309
f 2143/3788/3385 2162/3793/3390 2142/3792/3389
f 2142/3792/3389 2875/3794/3391 2145/3795/3392
f 2142/3792/3389 2874/3796/3393 2144/3715/3309
f 2158/3717/3311 2144/3715/3309 2152/3797/3394
f 2144/3715/3309 2148/3798/3395 2152/3797/3394
f 2144/3715/3309 2874/3796/3393 2148/3798/3395
f 2142/3792/3389 2145/3795/3392 2874/3796/3393
f 2158/3717/3311 2152/3797/3394 2291/3799/3396
f 2874/3796/3393 2150/3800/3397 2148/3798/3395
f 2150/3800/3397 2145/3801/3398 2151/3802/3399
f 2150/3800/3397 2149/3803/3400 2148/3798/3395
f 2148/3798/3395 2149/3803/3400 2153/3729/3324
f 2149/3803/3400 2150/3800/3397 2151/3802/3399
f 2153/3729/3324 2149/3803/3400 2155/3804/3401
f 2153/3729/3324 2155/3804/3401 2154/3726/3321
f 2154/3726/3321 2155/3804/3401 2873/3805/3402
f 2155/3804/3401 2161/3806/3403 2873/3805/3402
f 2873/3805/3402 2161/3806/3403 2160/3807/3404
f 2873/3805/3402 2156/3808/3405 2154/3726/3321
f 2154/3726/3321 2156/3808/3405 2887/3809/3406
f 2887/3809/3406 2157/3810/3407 2154/3726/3321
f 357/3736/3331 358/3735/3330 360/3811/3408
f 2825/3743/3339 1822/3812/3409 1824/3745/3342
f 2322/3746/3343 1825/3813/3410 1823/3744/3341
f 2880/3772/3411 1998/3814/3412 2044/3815/3413
f 1995/3674/3375 2137/3784/3381 2878/3781/3378
f 2145/3801/3398 2155/3816/3414 2151/3802/3399
f 2161/3806/3403 2156/3817/3415 2160/3807/3404
f 4939/3818/3416 4480/3819/3417 4490/3820/3418
f 4939/3818/3416 4490/3820/3418 4494/3821/3419
f 3622/3822/3420 4647/3823/3421 4480/3819/3422
f 4647/3823/3421 3621/3824/3423 4480/3819/3422
f 4480/3819/3422 3621/3824/3423 3620/3825/3424
f 3620/3825/3425 5220/3826/3426 4490/3820/3427
f 4490/3820/3427 5220/3826/3426 5221/3827/3428
f 4939/3828/3429 4901/3829/3430 3622/3822/3420
f 3622/3822/3420 4901/3829/3430 4647/3823/3421
f 4647/3823/3421 3625/3830/3431 3620/3831/3432
f 3625/3832/3433 3626/3833/3434 5220/3834/3435
f 4901/3829/3430 3625/3830/3431 4647/3823/3421
f 4730/3835/3436 4858/3836/3437 4901/3829/3430
f 4901/3829/3430 4858/3836/3437 3625/3830/3431
f 3624/3837/3438 3625/3830/3431 3623/3838/3439
f 3625/3830/3431 4858/3836/3437 3623/3838/3439
f 4858/3836/3437 4902/3839/3440 3623/3838/3439
f 4730/3840/3441 3574/3841/3442 4902/3839/3443
f 3603/3842/3444 3580/3843/3445 3623/3838/3439
f 3603/3842/3444 3574/3841/3446 3580/3843/3445
f 3574/3841/3446 3572/3844/3447 3580/3843/3445
f 3572/3844/3447 3574/3841/3446 3573/3845/3448
f 4730/3840/3441 4752/3846/3449 3574/3841/3442
f 4752/3846/3450 4753/3847/3451 3573/3845/3448
f 4753/3847/3452 3546/3848/3453 3578/3849/3454
f 3546/3848/3453 3577/3850/3455 3578/3849/3454
f 4730/3840/3441 4860/3851/3456 4752/3846/3449
f 4752/3846/3449 4860/3851/3456 3546/3852/3457
f 3546/3848/3453 3545/3853/3458 3577/3850/3455
f 3720/3854/3459 4860/3851/3456 4730/3840/3441
f 4860/3851/3456 4861/3855/3460 3546/3852/3457
f 3568/3856/3461 3642/3857/3462 3546/3848/3453
f 4860/3851/3456 3716/3858/3463 4861/3855/3460
f 3568/3859/3464 3716/3860/3465 3718/3861/3466
f 3718/3861/3466 3716/3860/3465 3719/3862/3467
f 3720/3863/3468 4941/3864/3469 3716/3860/3470
f 3716/3860/3470 4941/3864/3469 3717/3865/3471
f 3720/3863/3468 4658/3866/3472 4941/3864/3469
f 3720/3863/3468 4659/3867/3473 4658/3866/3472
f 4941/3864/3469 3715/3868/3474 3717/3865/3471
f 4942/3869/3475 4496/3870/3476 3518/3871/3477
f 3518/3871/3477 3517/3872/3478 4942/3869/3475
f 4658/3866/3472 4659/3867/3473 3518/3871/3479
f 3518/3871/3477 3509/3873/3480 3517/3872/3478
f 4659/3867/3473 4493/3874/3481 3518/3871/3479
f 3518/3871/3477 4491/3875/3482 3509/3873/3480
f 4491/3875/3482 5193/3876/3483 3509/3873/3480
f 4491/3875/3482 4492/3877/3484 5193/3876/3483
f 4491/3875/3482 4493/3878/3485 4492/3877/3484
f 4787/3879/3486 4786/3880/3487 4493/3881/3488
f 4786/3880/3487 4788/3882/3489 4493/3881/3488
f 4493/3878/3485 3059/3883/3490 4492/3877/3484
f 4786/3880/3487 4919/3884/3491 4788/3882/3489
f 4787/3879/3486 4679/3885/3492 4786/3880/3487
f 4919/3884/3493 4677/3886/3494 3059/3887/3495
f 4679/3885/3492 3057/3888/3496 4919/3884/3497
f 4677/3886/3494 3057/3888/3498 3059/3887/3495
f 3059/3887/3495 3061/3889/3499 3060/3890/3500
f 3059/3887/3495 3057/3888/3498 3061/3889/3499
f 4679/3885/3492 3058/3891/3501 3057/3888/3496
f 3057/3888/3498 3056/3892/3502 3061/3889/3499
f 3058/3891/3501 3051/3893/3503 3057/3888/3496
f 4679/3885/3492 4691/3894/3504 3058/3891/3501
f 4787/3879/3486 3728/3895/3505 4679/3885/3492
f 3051/3896/3506 3063/3897/3507 3056/3898/3508
f 3050/3899/3509 3056/3898/3508 5391/3900/3510
f 3056/3898/3508 3063/3897/3507 5391/3900/3510
f 4679/3885/3492 3728/3895/3505 4691/3894/3504
f 4691/3894/3504 3728/3895/3505 3063/3897/3507
f 3728/3895/3505 3727/3901/3511 3063/3897/3507
f 3727/3901/3511 3046/3902/3512 3063/3897/3507
f 3046/3902/3512 3007/3903/3513 3048/3904/3514
f 3002/3905/3515 3005/3906/3516 3727/3907/3517
f 3005/3906/3516 3008/3908/3518 3007/3903/3519
f 3007/3903/3519 3008/3908/3518 5190/3909/3520
f 3005/3906/3516 4906/3910/3521 3008/3908/3518
f 4906/3910/3521 3036/3911/3522 3008/3908/3518
f 3005/3906/3516 3003/3912/3523 4906/3910/3521
f 3728/3913/3524 2999/3914/3525 3002/3905/3515
f 3002/3905/3515 2999/3914/3525 3000/3915/3526
f 3002/3905/3515 3000/3915/3526 3005/3906/3516
f 3005/3906/3516 3011/3916/3527 3003/3912/3523
f 3005/3906/3516 3000/3915/3526 3011/3916/3527
f 3011/3916/3528 3010/3917/3529 3008/3908/3530
f 3011/3916/3528 3012/3918/3531 3010/3917/3529
f 3000/3915/3526 3006/3919/3532 3012/3920/3533
f 3000/3915/3526 3001/3921/3534 3006/3919/3532
f 3010/3917/3529 3006/3922/3535 3023/3923/3536
f 2999/3914/3525 4829/3924/3537 3000/3915/3526
f 3001/3925/3538 3022/3926/3539 3023/3923/3540
f 3000/3915/3526 4829/3924/3537 3001/3921/3534
f 4829/3924/3537 4940/3927/3541 3001/3921/3534
f 3001/3921/3534 4940/3927/3541 4895/3928/3542
f 4940/3927/3541 3004/3929/3543 4895/3928/3542
f 3022/3930/3544 3004/3929/3543 4637/3931/3545
f 3022/3930/3544 4637/3931/3545 4870/3932/3546
f 4940/3927/3541 4637/3931/3545 3004/3929/3543
f 4870/3932/3546 4859/3933/3547 4944/3934/3548
f 4870/3932/3546 4637/3931/3545 4859/3933/3547
f 4940/3927/3541 4829/3924/3537 4898/3935/3549
f 4829/3924/3537 4831/3936/3550 4898/3935/3549
f 4859/3933/3551 4898/3935/3549 4831/3936/3550
f 4477/3937/3552 4943/3938/3553 4831/3936/3550
f 4832/3939/3554 4801/3940/3555 4943/3938/3553
f 2999/3914/3556 4801/3940/3555 4832/3939/3554
f 4801/3940/3555 4644/3941/3557 4943/3938/3553
f 4644/3941/3557 4938/3942/3558 4645/3943/3559
f 4644/3941/3557 4645/3943/3559 5152/3944/3560
f 2999/3914/3556 4856/3945/3561 4801/3940/3555
f 4801/3940/3555 4856/3945/3561 4645/3946/3562
f 4856/3947/3563 4743/3948/3564 5153/3949/3565
f 5153/3950/3566 4797/3951/3567 3710/3952/3568
f 3710/3952/3568 4797/3951/3567 4738/3953/3569
f 4743/3948/3564 4856/3947/3563 4738/3954/3570
f 4856/3947/3563 4746/3955/3571 4742/3956/3572
f 4856/3947/3563 4742/3956/3572 4738/3954/3570
f 4746/3957/3573 4745/3958/3574 4744/3959/3575
f 4744/3959/3575 4745/3958/3574 5155/3960/3576
f 4744/3959/3575 5155/3960/3576 4738/3953/3577
f 4741/3961/3578 4670/3962/3579 4667/3963/3580
f 4494/3821/3419 4490/3820/3418 4489/3964/3581
f 4489/3964/3581 5221/3827/3582 5233/3965/3583
f 5221/3827/3582 3619/3966/3584 3618/3967/3585
f 5221/3827/3582 3626/3833/3586 3619/3966/3584
f 3618/3968/3585 3617/3969/3587 5221/3970/3582
f 3626/3833/3586 3627/3971/3588 3619/3966/3584
f 3627/3971/3588 3626/3833/3586 5303/3972/3589
f 3626/3833/3586 3624/3837/3438 5303/3972/3589
f 3618/3967/3585 4425/3973/3590 3617/3974/3587
f 3618/3967/3585 3639/3975/3591 4425/3973/3590
f 3624/3837/3438 3623/3838/3439 5303/3972/3589
f 3618/3967/3585 5303/3972/3589 3639/3975/3591
f 5303/3972/3589 3623/3838/3439 3639/3975/3591
f 3623/3838/3439 3560/3976/3592 3639/3975/3591
f 3623/3838/3439 3580/3843/3445 3565/3977/3593
f 3623/3838/3439 3564/3978/3594 3560/3976/3592
f 3561/3979/3595 3560/3976/3592 5223/3980/3596
f 3565/3977/3593 3564/3978/3594 3623/3838/3439
f 3565/3977/3593 3572/3844/3447 3566/3981/3597
f 3565/3977/3593 3566/3981/3597 3564/3978/3594
f 3560/3976/3592 3564/3978/3594 3559/3982/3598
f 3560/3976/3592 3559/3982/3598 5223/3980/3596
f 3572/3844/3447 3573/3845/3448 3566/3981/3597
f 3559/3983/3599 3566/3981/3597 3576/3984/3600
f 3573/3845/3448 3575/3985/3601 3566/3981/3597
f 3566/3981/3597 3575/3985/3601 3576/3984/3600
f 5217/3986/3602 5218/3987/3602 5219/3988/3602
f 3557/3989/3603 3576/3984/3604 3553/3990/3605
f 3573/3845/3448 4753/3847/3451 3575/3985/3601
f 5216/3991/3606 3578/3992/3607 3575/3993/3608
f 3576/3994/3609 3547/3995/3610 3548/3996/3611
f 3578/3849/3454 3547/3995/3610 3576/3994/3609
f 3577/3850/3455 3547/3995/3610 3578/3849/3454
f 3546/3848/3453 5192/3997/3612 3545/3853/3458
f 3545/3853/3458 5192/3997/3612 3547/3995/3613
f 3547/3995/3613 5192/3997/3612 3544/3998/3614
f 3546/3848/3453 3642/3857/3462 5192/3997/3612
f 3642/3999/3615 3718/3861/3615 3533/4000/3615
f 3533/4001/3616 3719/4002/3617 3658/4003/3618
f 3533/4001/3616 3658/4003/3618 3544/4004/3619
f 3658/4003/3618 3532/4005/3620 3544/4004/3619
f 3658/4003/3618 5213/4006/3621 3532/4005/3620
f 3716/4007/3470 3734/4008/3622 5389/4009/3623
f 3716/3860/3470 3717/3865/3471 3734/4010/3622
f 3734/4011/3624 3658/4003/3618 3719/4002/3617
f 3658/4003/3618 3531/4012/3625 5213/4006/3621
f 3717/3865/3471 3715/3868/3474 3658/4003/3626
f 3658/4003/3626 3715/3868/3474 3527/4013/3627
f 3658/4003/3626 3527/4013/3627 3538/4014/3628
f 4941/3864/3469 4942/3869/3475 3715/3868/3474
f 3715/3868/3474 4942/3869/3475 3514/4015/3629
f 4942/3869/3475 3511/4016/3630 3514/4015/3629
f 3527/4013/3631 3514/4017/389 4482/4018/3632
f 4482/4019/3633 3513/4020/3634 3516/4021/3635
f 3516/4021/3635 3513/4020/3634 3515/4022/3636
f 3514/4015/3637 3508/4023/3638 3513/4020/3634
f 4942/3869/3475 3517/3872/3478 3511/4016/3630
f 3517/3872/3478 3508/4023/3639 3511/4016/3630
f 3510/4024/3640 5193/3876/3483 3508/4023/3638
f 3508/4023/3638 5193/3876/3483 3512/4025/3641
f 3510/4024/3640 3509/3873/3480 5193/3876/3483
f 3512/4026/3642 3502/4027/3643 3503/4028/3644
f 4492/3877/3484 5191/4029/3645 5193/3876/3483
f 4886/4030/3646 3714/4031/3647 5191/4032/3648
f 5191/4032/3648 3713/4033/3649 3502/4027/3643
f 3714/4031/3647 3713/4033/3649 5191/4032/3648
f 3502/4027/3643 3713/4033/3649 3504/4034/3650
f 3060/3890/3500 3061/3889/3499 3714/4035/3651
f 4431/4036/3652 3054/4037/3653 3713/4033/3654
f 3061/4038/3655 3055/4039/3656 4431/4036/3652
f 4431/4036/3652 3055/4039/3656 3054/4037/3653
f 3056/3892/3657 3054/4037/3653 3055/4039/3656
f 3713/4033/3654 3489/4040/3658 3490/4041/3659
f 3713/4033/3654 3054/4037/3653 3489/4040/3658
f 3054/4037/3653 3052/4042/3660 3489/4040/3658
f 3050/3899/3509 5391/3900/3510 3049/4043/3661
f 3054/4037/3653 3049/4043/3661 3052/4042/3660
f 3049/4043/3661 5391/3900/3510 3052/4042/3660
f 3052/4042/3660 5391/3900/3510 3045/4044/3662
f 3063/3897/3507 3047/4045/3663 5391/3900/3510
f 3045/4044/3662 3730/4046/3664 3052/4042/3660
f 3063/3897/3507 3046/3902/3512 3047/4045/3663
f 3045/4044/3662 5390/4047/3665 3730/4046/3664
f 3046/3902/3512 3048/3904/3514 3047/4045/3663
f 3047/4045/3663 5390/4047/3665 3045/4044/3662
f 3047/4045/3663 3048/3904/3514 5390/4047/3665
f 3007/3903/3519 5190/3909/3520 5390/4047/3665
f 5390/4047/3665 5190/3909/3520 3044/4048/3666
f 5390/4047/3665 3044/4048/3666 3043/4049/3667
f 5190/3909/3520 3008/3908/3518 4798/4050/3668
f 3044/4048/3666 4798/4050/3669 3043/4049/3667
f 5390/4047/3665 3043/4049/3667 3730/4046/3664
f 3043/4049/3667 3064/4051/3670 3730/4046/3664
f 3008/3908/3530 3009/4052/3671 3043/4049/3667
f 3064/4051/3670 3062/4053/3672 3730/4046/3664
f 3008/3908/3530 3010/3917/3529 3009/4052/3671
f 3009/4052/3671 3064/4051/3670 3043/4049/3667
f 3064/4054/3673 5147/4055/3674 3488/4056/3675
f 3488/4056/3675 5147/4055/3674 3014/4057/3676
f 3013/4058/3677 4763/4059/3678 3009/4052/3679
f 3010/3917/3529 3023/3923/3536 3009/4052/3671
f 3009/4052/3679 3017/4060/3680 3013/4058/3677
f 3013/4058/3677 3015/4061/3681 4763/4059/3678
f 3017/4062/3682 3016/4063/3683 3015/4061/3681
f 3023/3923/3540 3022/3926/3539 5148/4064/3684
f 3023/3923/3540 5148/4064/3684 3018/4065/3685
f 3023/3923/3540 3018/4065/3685 3017/4062/3682
f 3017/4062/3682 3018/4065/3685 3016/4063/3683
f 3018/4065/3685 5146/4066/3686 5145/4067/3687
f 3022/3926/3539 4944/3934/3548 5148/4064/3684
f 5148/4064/3684 5149/4068/3688 5146/4066/3686
f 5146/4066/3686 5149/4068/3688 3028/4069/3689
f 4944/3934/3548 3032/4070/3690 5148/4064/3684
f 5148/4064/3684 3032/4070/3690 5149/4068/3688
f 4859/3933/3547 3032/4070/3690 4944/3934/3548
f 3028/4069/3689 5149/4068/3688 3027/4071/3691
f 3032/4070/3692 4476/4072/3693 3027/4071/3691
f 4859/3933/3551 4831/3936/3550 4476/4072/3693
f 4831/3936/3550 4943/3938/3553 4476/4072/3693
f 4476/4072/3693 4474/4073/3694 3736/4074/3695
f 3736/4075/3695 4474/4076/3694 5150/4077/3696
f 4474/4073/3694 4476/4072/3693 4475/4078/3697
f 4476/4072/3693 4943/3938/3553 4479/4079/3698
f 4476/4072/3693 4479/4079/3698 4475/4078/3697
f 4479/4079/3698 4943/3938/3553 5151/4080/3699
f 4943/3938/3553 4644/3941/3557 5151/4080/3699
f 4475/4078/3697 4478/4081/3700 5144/4082/3701
f 4644/3941/3557 5152/3944/3560 5151/4080/3699
f 5151/4080/3699 3710/3952/3568 3686/4083/3702
f 4478/4081/3700 3686/4084/3703 4893/4085/3704
f 5151/4080/3699 5152/3944/3560 3710/3952/3568
f 5152/3944/3560 5153/3950/3566 3710/3952/3568
f 3710/3952/3568 3684/4086/3705 3686/4083/3702
f 3686/4083/3702 3676/4087/3706 3685/4088/3707
f 3686/4083/3702 3684/4086/3705 3676/4087/3706
f 3684/4086/3708 3687/4089/3709 3682/4090/3710
f 3687/4089/3709 5141/4091/3711 3682/4090/3710
f 3687/4089/3709 4738/3953/3577 5141/4091/3711
f 4738/3953/3577 4739/4092/3712 5156/4093/3713
f 4738/3953/3577 4680/4094/3714 4739/4092/3712
f 4680/4094/3714 4738/3953/3577 5154/4095/3715
f 4689/4096/3716 5142/4097/3717 4680/4098/3718
f 4689/4096/3716 5154/4095/3719 5142/4097/3717
f 5155/3960/3576 4740/4099/3720 4738/3953/3577
f 5155/3960/3576 4741/3961/3578 4740/4099/3720
f 4738/3953/3577 4740/4099/3720 5154/4095/3715
f 5154/4095/3719 4666/4100/3721 4664/4101/3722
f 4741/3961/3578 4666/4100/3721 4740/4099/3720
f 4741/3961/3578 4667/3963/3580 4666/4100/3721
f 4666/4100/3721 4667/3963/3580 4665/4102/3723
f 4666/4100/3721 4665/4102/3723 4664/4101/3722
f 4747/4103/3724 5233/3965/3583 4748/4104/3725
f 4494/3821/3419 4489/3964/3581 5233/3965/3583
f 4494/3821/3419 5233/3965/3583 4747/4103/3724
f 4748/4104/3725 4749/4105/3726 3630/4106/3727
f 4748/4104/3725 5233/3965/3583 4749/4105/3726
f 5221/3827/3582 3617/3974/3587 5233/3965/3583
f 5233/3965/3583 3616/4107/3728 5232/4108/3729
f 5233/3965/3583 3617/3974/3587 3616/4107/3728
f 3616/4107/3728 3615/4109/3730 5232/4108/3729
f 3617/3974/3587 5231/4110/3731 5235/4111/3732
f 3617/3974/3587 5235/4111/3732 3616/4107/3728
f 5231/4110/3731 5236/4112/3733 5235/4111/3732
f 5235/4111/3732 5236/4112/3733 3614/4113/3734
f 5231/4110/3731 3611/4114/3735 5236/4112/3733
f 5231/4110/3731 4425/4115/408 3611/4114/3735
f 3612/4116/3736 3611/4114/3735 3610/4117/3737
f 5222/4118/3738 3613/4119/3739 4425/4115/408
f 4425/4115/408 3613/4119/3739 3611/4114/3735
f 3611/4114/3735 3613/4119/3739 3610/4117/3737
f 3613/4119/3739 3605/4120/3740 3610/4117/3737
f 3639/4121/3741 3561/3979/3742 5222/4122/3743
f 3561/3979/3742 3640/4123/3744 5222/4122/3743
f 3613/4119/3745 3640/4123/3744 5240/4124/3746
f 3640/4123/3744 3561/3979/3742 3562/4125/3747
f 3640/4123/3744 3562/4125/3747 5240/4124/3746
f 5240/4124/3746 3562/4125/3747 3558/4126/3748
f 3562/4125/3747 3556/4127/3749 3558/4126/3748
f 5223/3980/3596 3559/3982/3598 3556/4127/3749
f 5223/3980/3596 3556/4127/3749 3562/4125/3747
f 3556/4127/3749 3634/4128/3750 3558/4126/3748
f 3556/4127/3749 3552/4129/3751 3554/4130/3752
f 3556/4127/3749 3554/4130/3752 3634/4128/3750
f 3556/4127/3749 3557/4131/3753 3552/4129/3751
f 3553/3990/3605 3576/3984/3604 3550/4132/3754
f 3553/3990/3605 3550/4132/3754 3552/4133/3755
f 3552/4133/3755 3551/4134/3756 5237/4135/3757
f 3552/4133/3755 5237/4135/3757 5224/4136/3758
f 3552/4133/3755 3550/4132/3754 3551/4134/3756
f 3550/4132/3754 3549/4137/3759 3551/4134/3756
f 3550/4132/3754 3547/3995/3613 3549/4137/3759
f 3551/4134/3756 5238/4138/3760 4447/4139/3761
f 3547/3995/3613 3544/3998/3614 3549/4137/3759
f 3551/4134/3756 3543/4140/3762 5238/4138/3760
f 3549/4137/3759 3544/3998/3614 3543/4140/3762
f 3543/4140/3762 3544/3998/3614 3581/4141/3763
f 3581/4141/3763 3542/4142/3764 3543/4140/3762
f 5229/4143/3765 5228/4144/3766 3542/4145/3767
f 5215/4146/3768 3532/4147/3769 3540/4148/3770
f 5215/4146/3768 5228/4149/3771 3581/4150/3772
f 5215/4146/3768 3539/4151/3773 5228/4149/3771
f 5215/4146/3768 3540/4148/3770 3539/4151/3773
f 3540/4148/3770 5213/4152/3774 3539/4151/3773
f 5213/4152/3774 3526/4153/3775 3539/4151/3773
f 3539/4151/3773 3526/4153/3775 5302/4154/3776
f 3531/4012/3625 3538/4014/3777 5213/4006/3621
f 5213/4152/3774 5212/4155/3778 3526/4153/3775
f 3538/4014/3628 3527/4013/3627 5212/4155/3778
f 5212/4155/3778 3527/4013/3627 3526/4153/3775
f 3527/4013/3627 3516/4156/3779 3526/4153/3775
f 3516/4156/3779 3525/4157/3780 3526/4153/3775
f 3526/4153/3775 3525/4157/3780 3537/4158/3781
f 3513/4020/3634 3508/4023/3638 3515/4022/3636
f 3525/4157/3780 3515/4022/3636 3524/4159/3782
f 3508/4023/3638 3512/4025/3641 3515/4022/3636
f 3515/4022/3636 3512/4025/3641 3524/4159/3782
f 3524/4159/3782 3512/4025/3641 3522/4160/3783
f 3512/4025/3641 4945/4161/3784 3522/4160/3783
f 3522/4160/3783 4945/4161/3784 5304/4162/3785
f 3512/4026/3642 3503/4028/3644 3505/4163/3786
f 3505/4163/3786 3503/4028/3644 4908/4164/3787
f 3501/4165/3788 3503/4166/3789 3499/4167/3790
f 3503/4028/3644 3502/4027/3643 3504/4034/3650
f 3503/4166/3789 3500/4168/3791 3499/4167/3790
f 3500/4168/3791 3498/4169/3792 3499/4167/3790
f 3500/4168/3791 3504/4034/3650 3498/4169/3792
f 3504/4034/3650 3494/4170/3793 3498/4169/3792
f 3504/4034/3650 3713/4033/3649 3660/4171/3794
f 3504/4034/3650 3660/4171/3794 3494/4170/3793
f 3713/4033/3654 3490/4041/3659 3494/4172/3795
f 3490/4041/3659 3493/4173/3796 3494/4172/3795
f 3493/4173/3796 3490/4041/3659 3495/4174/3797
f 3052/4042/3660 3053/4175/3798 3490/4176/3799
f 3053/4175/3798 3052/4042/3660 3491/4177/3800
f 3490/4041/3659 3491/4177/3800 3495/4174/3797
f 3495/4174/3797 3491/4177/3800 3492/4178/3801
f 3491/4177/3800 4853/4179/3802 3492/4178/3801
f 3491/4177/3800 3730/4046/3664 4853/4179/3802
f 3052/4042/3660 3730/4046/3664 3491/4177/3800
f 2981/4180/3803 2980/4181/3804 4642/4182/3805
f 2981/4180/3803 2976/4183/3806 2980/4181/3804
f 2976/4183/3807 2964/4184/3808 2979/4185/3809
f 3488/4056/3675 3014/4057/3676 4846/4186/3810
f 2976/4183/3807 2977/4187/3811 2964/4184/3808
f 5147/4055/3674 3009/4052/3679 3014/4057/3676
f 3009/4052/3679 4763/4059/3678 3014/4057/3676
f 4763/4059/3678 3020/4188/3812 3019/4189/3813
f 3015/4061/3681 3020/4188/3812 4763/4059/3678
f 3015/4061/3681 3016/4063/3683 3020/4188/3812
f 3020/4188/3812 3016/4063/3683 3031/4190/3814
f 3018/4065/3685 5145/4067/3687 3016/4063/3683
f 3031/4190/3814 3016/4063/3683 3021/4191/3815
f 5146/4066/3686 3028/4069/3689 5145/4192/3687
f 5145/4192/3816 3021/4191/3815 5136/4193/3817
f 5136/4193/3817 3021/4191/3815 3016/4063/3683
f 3028/4069/3689 3027/4071/3691 3026/4194/3818
f 3028/4069/3689 3026/4194/3818 3021/4191/3815
f 3021/4191/3815 3025/4195/3819 3024/4196/3820
f 3021/4191/3815 3026/4194/3818 3025/4195/3819
f 3027/4071/3691 4476/4072/3693 3026/4194/3818
f 4476/4072/3693 3736/4074/3695 3026/4194/3818
f 3026/4194/3818 3736/4074/3695 3037/4197/3821
f 4605/4198/3822 4474/4073/3694 3034/4199/3823
f 4474/4073/3694 4473/4200/3824 3034/4199/3823
f 3034/4199/3823 3033/4201/3825 3025/4202/3826
f 3034/4199/3823 4473/4200/3824 3035/4203/3827
f 3034/4199/3823 5157/4204/3828 3033/4201/3825
f 3034/4199/3823 3035/4203/3827 5157/4204/3828
f 4474/4073/3694 4475/4078/3697 5137/4205/3829
f 4474/4073/3694 5137/4205/3829 4473/4200/3824
f 4475/4078/3697 5144/4082/3701 5137/4205/3829
f 5137/4205/3829 5144/4082/3701 3035/4203/3830
f 5144/4206/3701 3040/4207/3831 3035/4208/3830
f 3035/4203/3830 3040/4209/3831 5135/4210/3832
f 4478/4081/3700 4893/4085/3704 5144/4082/3701
f 3040/4209/3831 5134/4211/3696 5135/4210/3832
f 3685/4088/3707 3676/4087/3706 4893/4212/3833
f 4893/4212/3833 3676/4087/3706 3040/4209/3831
f 3040/4209/3831 3676/4087/3706 5134/4211/3696
f 3676/4087/3706 3682/4213/3834 3683/4214/3835
f 3682/4213/3834 5139/4215/3836 5138/4216/3837
f 3683/4214/3835 3682/4213/3834 5138/4216/3837
f 5139/4215/3836 3677/4217/3689 5138/4216/3837
f 5141/4091/3711 5156/4093/3713 3677/4217/3689
f 5141/4091/3711 4738/3953/3577 5156/4093/3713
f 5141/4218/3838 5140/4219/3838 5139/4220/3838
f 5156/4093/3713 3681/4221/3839 3677/4217/3689
f 4739/4092/3712 3688/4222/3840 5156/4093/3713
f 3688/4222/3840 5143/4223/3841 5156/4093/3713
f 4657/4224/3842 4602/4225/3843 5156/4093/3713
f 3688/4226/3844 4680/4098/3718 4663/4227/3845
f 4680/4098/3718 5142/4097/3717 4663/4227/3845
f 4663/4227/3845 5142/4097/3717 5143/4228/3846
f 4657/4224/3847 5143/4228/3846 4579/4229/3848
f 5143/4228/3846 5142/4097/3717 4579/4229/3848
f 5154/4095/3719 4664/4101/3722 5142/4097/3717
f 4664/4101/3722 4670/4230/3849 4669/4231/3850
f 4664/4101/3722 4669/4231/3850 4668/4232/3851
f 4494/4233/3852 4748/4104/3725 4793/4234/3853
f 4793/4235/3854 5264/4236/3855 4852/4237/3856
f 5264/4236/3855 3632/4238/3857 4852/4237/3856
f 4793/4234/3853 4748/4104/3725 3630/4106/3727
f 5264/4236/3855 3630/4239/3858 3632/4238/3857
f 3630/4239/3858 5232/4108/3729 3632/4238/3857
f 5232/4108/3729 3615/4109/3730 3628/4240/3859
f 5235/4111/3732 3614/4113/3734 3615/4109/3860
f 3615/4109/3860 3614/4113/3734 5243/4241/3861
f 5236/4112/3733 3612/4116/3736 3614/4113/3734
f 3614/4113/3734 3612/4116/3736 3610/4117/3737
f 5243/4241/3861 3614/4113/3734 3606/4242/3862
f 3614/4113/3734 5234/4243/3863 3606/4242/3862
f 3610/4117/3737 3605/4120/3740 5240/4244/3861
f 3610/4117/3737 5240/4244/3861 5234/4243/3863
f 5234/4243/3863 5279/4245/3700 5246/4246/3864
f 5234/4243/3863 5240/4244/3861 5279/4245/3700
f 5240/4244/3861 3563/4247/3865 5279/4245/3700
f 3563/4247/3865 5239/4248/3866 5279/4245/3700
f 3563/4247/3867 3558/4126/3748 5230/4249/3828
f 5230/4249/3828 3571/4250/3868 3563/4247/3867
f 3558/4126/3748 3634/4128/3750 5230/4249/3828
f 5230/4249/3869 3554/4251/3870 3569/4252/3871
f 3569/4252/3871 3554/4251/3870 5242/4253/3872
f 3554/4251/3870 5237/4135/3757 3542/4254/3873
f 3554/4251/3870 3542/4254/3873 5242/4253/3872
f 5224/4136/3758 5237/4135/3757 3554/4251/3870
f 5237/4135/3757 3555/4255/3874 3542/4254/3873
f 5237/4135/3757 3551/4134/3756 4447/4139/3761
f 5238/4138/3760 3543/4140/3762 3542/4142/3764
f 3542/4142/3767 5228/4149/3766 3579/4256/3875
f 5228/4149/3766 3638/4257/3876 3579/4256/3875
f 5228/4149/3771 3541/4258/3877 5227/4259/3878
f 5228/4149/3771 3539/4151/3773 3541/4258/3877
f 5227/4259/3878 3530/4260/3879 5228/4149/3771
f 3541/4258/3880 5302/4154/3776 3530/4260/3881
f 5228/4149/3771 3530/4260/3879 4761/4261/3882
f 5302/4154/3776 3534/4262/3883 3530/4260/3881
f 3534/4262/3883 3535/4263/3884 3530/4260/3881
f 3534/4262/3883 3536/4264/3885 3535/4263/3884
f 5302/4154/3776 3528/4265/3886 3534/4262/3883
f 3526/4153/3775 3529/4266/3887 5302/4154/3776
f 5302/4154/3776 3529/4266/3887 5214/4267/3888
f 5302/4154/3776 5214/4267/3888 3528/4265/3886
f 5214/4267/3888 5225/4268/3889 3528/4265/3886
f 3536/4264/3885 3528/4265/3886 5225/4268/3889
f 3537/4158/3781 4588/4269/3890 5214/4270/3891
f 3525/4157/3780 3524/4159/3782 3537/4158/3781
f 5214/4267/3888 3641/4271/3892 5225/4268/3889
f 5226/4272/3893 4588/4273/3894 3641/4274/3895
f 3524/4159/3782 4588/4269/3890 3537/4158/3781
f 3522/4275/3896 3521/4276/3897 4588/4277/3894
f 4588/4277/3894 3521/4276/3897 3523/4278/3898
f 3521/4276/3897 3520/4279/3899 3523/4278/3898
f 5304/4162/3785 4945/4161/3784 3520/4279/3899
f 5304/4162/3785 3520/4279/3899 3521/4276/3897
f 4945/4161/3784 3519/4280/3900 3520/4279/3899
f 3523/4278/3898 3520/4279/3899 5365/4281/3901
f 5365/4282/3902 4910/4283/3903 4724/4284/3904
f 3499/4167/3790 3506/4285/3905 4724/4286/3906
f 3499/4167/3790 5211/4287/3907 3506/4285/3905
f 3499/4167/3790 3498/4169/3792 5211/4287/3907
f 3498/4169/3792 3497/4288/3908 5211/4287/3907
f 3497/4288/3908 3494/4172/3795 3493/4173/3796
f 3497/4288/3908 3493/4173/3796 3496/4289/3909
f 3496/4289/3909 4448/4290/3910 3497/4288/3908
f 3493/4173/3796 3495/4174/3797 3507/4291/3911
f 3492/4178/3801 4853/4179/3802 3507/4292/3912
f 4642/4182/3805 2980/4181/3804 2979/4185/3809
f 4642/4182/3805 2979/4185/3809 2978/4293/3913
f 2964/4184/3808 2977/4187/3811 3427/4294/3914
f 2977/4187/3811 2960/4295/3915 3427/4294/3914
f 3042/4296/3916 4857/4297/3917 5111/4298/3918
f 3019/4189/3813 3039/4299/3919 4857/4300/3920
f 3019/4189/3813 3020/4188/3812 3039/4299/3919
f 3031/4190/3814 3021/4191/3815 3029/4301/3921
f 3021/4191/3815 3024/4196/3820 3029/4301/3921
f 3029/4301/3921 3024/4196/3820 3030/4302/3922
f 3024/4196/3820 3071/4303/3923 3030/4302/3922
f 3024/4196/3820 3025/4195/3819 5131/4304/3924
f 4636/4305/3925 5132/4306/3926 3024/4196/3820
f 3024/4196/3820 5132/4306/3926 3071/4303/3923
f 3033/4201/3825 5157/4204/3828 5131/4307/3927
f 5132/4306/3928 5131/4307/3927 3432/4308/3929
f 5131/4307/3927 5116/4309/3930 3432/4308/3929
f 5131/4307/3927 5157/4204/3828 5116/4309/3930
f 5157/4204/3828 5135/4210/3931 5116/4309/3930
f 5135/4210/3832 5134/4211/3696 3041/4310/3932
f 3041/4310/3933 3088/4311/3933 5116/4312/3933
f 5116/4313/3934 5133/4314/3935 5129/4315/3936
f 5134/4211/3696 3673/4316/3937 3088/4317/3938
f 3676/4087/3706 3683/4214/3835 3673/4316/3937
f 5134/4211/3696 3676/4087/3706 3673/4316/3937
f 3683/4214/3835 5127/4318/3939 3673/4316/3937
f 3673/4316/3937 5127/4318/3939 3672/4319/3940
f 5127/4318/3941 5138/4216/3837 5128/4320/3942
f 5138/4216/3837 3677/4217/3689 5128/4320/3942
f 3677/4217/3689 3681/4221/3839 3678/4321/3943
f 3677/4217/3689 3678/4321/3943 5128/4320/3942
f 5156/4322/3713 4602/4323/3843 3681/4324/3839
f 4602/4325/3944 4579/4326/3945 4668/4232/3851
f 4668/4232/3851 4468/4327/3946 4602/4325/3944
f 4668/4232/3851 5126/4328/3947 4468/4327/3946
f 4664/4101/3722 4668/4232/3851 5142/4097/3717
f 4668/4232/3851 4578/4329/3948 5126/4328/3947
f 4668/4232/3851 4580/4330/3949 4578/4329/3948
f 4668/4232/3851 4669/4231/3850 4580/4330/3949
f 4852/4237/3856 3632/4238/3857 4631/4331/3950
f 4631/4331/3950 3657/4332/3951 4852/4237/3856
f 4631/4331/3950 3629/4333/3952 3657/4332/3951
f 3632/4238/3857 5232/4108/3729 3629/4333/3952
f 3629/4333/3952 4675/4334/3953 3657/4332/3951
f 5232/4108/3729 4675/4334/3953 3629/4333/3952
f 4675/4334/3953 5232/4108/3729 3628/4240/3859
f 3628/4240/3859 5244/4335/3954 4675/4334/3953
f 3633/4336/3955 3628/4337/3740 3606/4242/3862
f 5243/4241/3861 3606/4242/3862 3628/4337/3740
f 5244/4335/3956 3633/4338/3957 3637/4339/3958
f 3637/4339/3958 3633/4338/3957 3635/4340/3959
f 3633/4341/3960 5246/4246/3961 3607/4342/3962
f 3606/4242/3862 5234/4243/3863 5246/4246/3864
f 5246/4246/3864 4436/4343/3963 3599/4344/3828
f 5246/4246/3864 5279/4245/3700 4436/4343/3963
f 5279/4245/3700 5239/4248/3866 3604/4345/3964
f 5279/4245/3965 5280/4346/3966 3587/4347/3967
f 5239/4248/3866 3570/4348/3968 3604/4345/3964
f 3604/4345/3964 3570/4348/3968 5280/4346/3966
f 3571/4349/3969 3570/4348/3968 5239/4248/3866
f 3571/4349/3969 3569/4252/3871 3570/4348/3968
f 5280/4346/3966 3570/4348/3968 3587/4347/3967
f 3569/4252/3871 5242/4253/3872 3570/4348/3968
f 3570/4348/3968 3583/4350/3970 3587/4347/3967
f 5241/4351/3971 3542/4254/3873 3583/4352/3972
f 5242/4253/3872 3542/4254/3873 5241/4351/3971
f 3542/4254/3873 3582/4353/3973 3584/4354/3974
f 3542/4254/3873 3567/4355/3975 3582/4353/3973
f 3584/4354/3974 3582/4353/3973 3631/4356/3976
f 3631/4356/3976 3582/4353/3973 4565/4357/3977
f 3582/4353/3973 3638/4358/3978 4565/4357/3977
f 3579/4256/3875 3638/4257/3876 3567/4359/3979
f 4567/4360/3980 4564/4361/3981 4565/4362/3982
f 4567/4360/3980 4572/4363/3983 4564/4361/3981
f 4567/4360/3980 4573/4364/3984 4572/4363/3983
f 4573/4364/3984 4684/4365/3985 4572/4363/3983
f 4575/4366/3986 4574/4367/3987 4573/4364/3984
f 4575/4366/3986 4761/4368/3988 4574/4367/3987
f 4573/4364/3984 4574/4367/3987 4684/4365/3985
f 4684/4365/3985 4699/4369/3989 4700/4370/3990
f 4761/4368/3988 4701/4371/3991 4574/4367/3987
f 4574/4367/3987 4699/4369/3989 4684/4365/3985
f 4699/4369/3989 4703/4372/3992 4700/4370/3990
f 4888/4373/3993 4702/4374/3994 4701/4371/3995
f 4701/4371/3995 4702/4374/3994 4699/4369/3989
f 3535/4263/3884 3536/4264/3885 4673/4375/3996
f 3536/4264/3885 5225/4268/3889 4673/4375/3996
f 4888/4373/3993 4889/4376/3997 4702/4374/3994
f 4889/4376/3997 4894/4377/3998 4702/4374/3994
f 4673/4378/3999 3641/4271/3895 4589/4379/4000
f 3641/4271/3895 4588/4277/3894 4589/4379/4000
f 4588/4277/3894 4590/4380/4001 4589/4379/4000
f 4589/4379/4000 4590/4380/4001 4591/4381/4002
f 4588/4277/3894 3523/4278/3898 4590/4380/4001
f 4590/4380/4001 4592/4382/4003 4591/4381/4002
f 4591/4381/4002 4592/4382/4003 4593/4383/4004
f 4593/4383/4004 4592/4382/4003 4594/4384/4005
f 4590/4380/4001 3523/4278/3898 4810/4385/4006
f 2989/4386/4007 2990/4387/4008 2988/4388/4009
f 4721/4389/4010 4723/4390/4011 4725/4391/4012
f 4725/4391/4012 4723/4390/4011 4717/4392/4013
f 4721/4389/4010 4716/4393/4014 4723/4390/4011
f 4721/4389/4010 4719/4394/4015 4716/4393/4014
f 4724/4284/3904 4721/4389/4010 5365/4282/3902
f 4724/4284/3904 4727/4395/4016 4721/4389/4010
f 4727/4395/4016 4929/4396/4017 4728/4397/4018
f 4727/4395/4016 4728/4397/4018 4721/4389/4010
f 4724/4286/3906 4929/4396/4019 4483/4398/4020
f 4929/4396/4019 4724/4286/3906 4722/4399/4021
f 4728/4397/4018 4722/4400/4022 4721/4389/4010
f 4724/4286/3906 3506/4285/3905 4722/4399/4021
f 4721/4389/4010 4722/4400/4022 4719/4394/4015
f 4719/4394/4015 4722/4400/4022 4712/4401/4023
f 5211/4402/3907 4457/4403/4024 4604/4404/4025
f 4722/4400/4022 4713/4405/4026 4712/4401/4023
f 3497/4406/3908 5210/4407/4027 5211/4408/3907
f 5211/4402/3907 5210/4409/4027 4457/4403/4024
f 5210/4409/4027 3497/4288/3908 4426/4410/4028
f 3497/4288/3908 4448/4290/3910 4426/4410/4028
f 4426/4410/4028 4448/4290/3910 4449/4411/4029
f 4449/4411/4029 4448/4290/3910 3493/4412/4030
f 3493/4412/4030 4452/4413/4031 5194/4414/4032
f 4452/4413/4031 5654/4415/4033 2968/4416/4034
f 4452/4413/4031 4853/4417/4035 4454/4418/4036
f 4853/4417/4035 4642/4419/4037 4454/4418/4036
f 4452/4413/4031 4454/4418/4036 5654/4415/4033
f 2964/4420/3808 3427/4421/3914 4505/4422/4038
f 4505/4422/4038 3427/4421/3914 4584/4423/4039
f 3427/4424/4040 5111/4425/4041 3424/4426/4042
f 3424/4426/4042 5111/4425/4041 4446/4427/4043
f 5111/4425/4041 3020/4428/4044 4446/4427/4043
f 3425/4429/4045 3423/4430/4046 3424/4431/4047
f 3425/4429/4045 4446/4427/4043 3423/4430/4046
f 4446/4427/4043 3020/4428/4044 3423/4430/4046
f 3020/4428/4044 5112/4432/4048 3423/4430/4046
f 3423/4430/4046 5112/4432/4048 3426/4433/3648
f 5112/4432/4048 3428/4434/4049 3426/4433/3648
f 3426/4433/3648 3428/4434/4049 3429/4435/4050
f 5112/4432/4048 3031/4436/4051 3428/4434/4049
f 3428/4437/4052 3066/4438/4053 3067/4439/349
f 3428/4437/4052 5110/4440/3896 3066/4438/4053
f 5110/4440/3896 3031/4190/4054 3065/4441/4055
f 5110/4440/3896 3065/4441/4055 3066/4438/4053
f 3031/4190/4054 3072/4442/4056 3065/4441/4055
f 3065/4441/4057 3069/4443/4058 5103/4444/4059
f 3071/4445/4060 5113/4446/4061 3069/4443/4058
f 3069/4443/4058 5113/4446/4061 5103/4444/4059
f 5113/4446/4061 5114/4447/3923 5103/4444/4059
f 3071/4303/3923 5132/4306/3926 5114/4448/4062
f 5132/4306/3926 3471/4449/4063 5114/4448/4062
f 3723/4450/4064 3471/4451/4065 5109/4452/4066
f 3471/4451/4065 3432/4453/4067 5115/4454/3821
f 5109/4452/4066 3471/4451/4065 5115/4454/3821
f 5116/4455/3748 5130/4456/4068 5115/4454/4069
f 5130/4456/4068 3078/4457/4070 5115/4454/4069
f 3038/4458/4071 3731/4459/4072 5130/4456/4068
f 5130/4456/4068 5124/4460/4073 3078/4457/4070
f 5130/4456/4068 3731/4459/4072 5124/4460/4073
f 5124/4460/4073 3087/4461/4074 3078/4457/4070
f 3731/4459/4075 5129/4315/3936 3087/4461/4076
f 5133/4314/3935 3088/4462/4077 5129/4315/3936
f 3088/4462/4077 3087/4461/4076 5129/4315/3936
f 3087/4461/4074 3673/4316/3937 3672/4319/3940
f 3087/4461/4074 3672/4319/3940 3086/4463/4078
f 3672/4319/3940 3680/4464/4079 3086/4463/4078
f 3086/4463/4078 3680/4464/4079 3145/4465/4080
f 3680/4464/4079 3674/4466/4081 3145/4465/4080
f 5127/4318/3941 5128/4320/3942 3680/4467/4082
f 5128/4320/3942 3678/4321/3943 3679/4468/4083
f 3680/4464/4079 3679/4469/4083 3674/4466/4081
f 3674/4466/4081 3679/4469/4083 5119/4470/4084
f 3679/4469/4083 3675/4471/4085 5119/4470/4084
f 5119/4470/4084 3675/4471/4085 5125/4472/4082
f 3678/4321/3943 5125/4473/4086 3679/4468/4083
f 5125/4472/4082 4602/4325/3944 4467/4474/3942
f 4602/4325/3944 5158/4475/4087 4467/4474/3942
f 4602/4325/3944 4468/4327/3946 5158/4475/4087
f 4468/4476/3946 5126/4477/3947 4471/4478/4088
f 4578/4329/3948 4580/4330/3949 4632/4479/4089
f 5126/4328/3947 4632/4480/4090 4585/4481/4091
f 4632/4480/4090 4696/4482/4092 4585/4481/4091
f 4696/4482/4093 4580/4483/4094 4676/4484/4095
f 3657/4485/3951 4675/4486/3953 3637/4487/3958
f 3654/4488/4096 3657/4332/3951 5248/4489/4097
f 3657/4332/3951 3637/4339/3958 5248/4489/4097
f 3637/4339/3958 3635/4340/3959 5249/4490/4098
f 3635/4340/3959 3633/4338/3957 3636/4491/4099
f 3635/4340/3959 3636/4491/4099 5245/4492/4100
f 5249/4493/4101 3598/4494/4102 3724/4495/4103
f 3607/4342/3962 3608/4496/4104 3598/4497/4105
f 3598/4494/4102 3597/4498/4106 3724/4495/4103
f 5246/4246/3961 5247/4499/3837 3607/4342/3962
f 3607/4342/3962 5247/4499/3837 3608/4496/4104
f 5247/4499/3837 3609/4500/4107 3608/4496/4104
f 5247/4499/4108 3599/4501/4109 3592/4502/4110
f 3609/4503/4111 3592/4502/4110 3598/4494/4102
f 3598/4494/4102 3592/4502/4110 3597/4498/4106
f 3592/4502/4110 3595/4504/4112 3597/4498/4106
f 3599/4501/4109 3591/4505/4113 3592/4502/4110
f 3592/4502/4110 3591/4505/4113 3593/4506/4114
f 3592/4502/4110 3593/4506/4114 5278/4507/4115
f 3591/4505/4113 3587/4347/4116 3593/4506/4114
f 3587/4347/4116 3588/4508/4117 3593/4506/4114
f 3587/4347/4116 3585/4509/4118 3586/4510/4119
f 5278/4507/4115 3588/4508/4117 3586/4510/4119
f 3587/4347/4116 3586/4510/4119 3588/4508/4117
f 3585/4509/4118 3583/4352/3972 3586/4510/4119
f 3583/4352/3972 3542/4254/3873 3586/4510/4119
f 3542/4254/3873 3584/4354/3974 3586/4510/4119
f 3586/4510/4119 3584/4354/3974 3726/4511/4120
f 3726/4511/4120 3584/4354/3974 3600/4512/4121
f 3584/4354/3974 3631/4356/3976 3659/4513/4122
f 4565/4362/3982 4564/4361/3981 4524/4514/4123
f 4524/4514/4123 4564/4361/3981 5343/4515/4124
f 4564/4361/4125 4684/4365/4126 4576/4516/4127
f 4564/4361/4125 4576/4516/4127 4525/4517/4128
f 4684/4365/4126 4703/4518/4129 4576/4516/4127
f 4836/4519/4130 4703/4372/4131 4837/4520/4132
f 4699/4369/3989 4702/4374/3994 4703/4372/3992
f 4703/4372/3992 4702/4374/3994 4704/4521/4133
f 4703/4372/3992 4704/4521/4133 4705/4522/4134
f 4703/4372/3992 4705/4522/4134 4868/4523/4135
f 4705/4522/4134 4706/4524/4136 4868/4523/4135
f 4838/4525/4137 4868/4523/4138 4839/4526/4139
f 4702/4527/4140 4707/4528/4141 4705/4522/4142
f 4850/4529/4143 4885/4530/4144 4705/4522/4134
f 4673/4378/3999 4589/4379/4000 4674/4531/4145
f 4674/4531/4145 4589/4379/4000 4885/4530/4146
f 4705/4522/4134 4885/4530/4144 5299/4532/4147
f 4885/4530/4144 4084/4533/4148 5299/4532/4147
f 5299/4532/4147 4084/4533/4148 5298/4534/4149
f 4084/4533/4148 4083/4535/4150 5298/4534/4149
f 4589/4379/4000 4591/4381/4002 4899/4536/4151
f 4593/4383/4004 4718/4537/4152 4591/4381/4002
f 4591/4381/4002 4718/4537/4152 4803/4538/4153
f 4592/4539/4154 4717/4392/4155 4718/4540/4156
f 4726/4541/4157 4718/4540/4156 4710/4542/4158
f 4718/4540/4156 4717/4392/4155 4710/4542/4158
f 4717/4392/4155 4716/4543/4159 4710/4542/4158
f 4716/4543/4159 4720/4544/4160 4710/4542/4158
f 4716/4543/4159 5363/4545/4161 4720/4544/4160
f 4720/4544/4160 5363/4546/4161 5364/4547/4162
f 4719/4394/4015 4712/4401/4023 4714/4548/4163
f 5363/4545/4161 4714/4548/4163 4712/4401/4023
f 4428/4549/4164 4426/4410/4165 4427/4550/4166
f 4427/4550/4166 4426/4410/4165 4057/4551/4167
f 4426/4410/4165 4444/4552/4168 4057/4551/4167
f 4449/4411/4029 3493/4412/4030 4444/4553/4169
f 4444/4553/4169 3493/4412/4030 4450/4554/4170
f 3493/4412/4030 4451/4555/4171 4450/4554/4170
f 4452/4413/4031 2968/4416/4034 5194/4414/4032
f 3493/4412/4030 5194/4414/4032 4451/4555/4171
f 2968/4416/4034 4453/4556/4172 5194/4414/4032
f 5194/4414/4032 4455/4557/4173 4451/4555/4171
f 4451/4555/4171 4455/4557/4173 5195/4558/4174
f 2968/4559/4175 2978/4293/3913 2967/4560/4176
f 4506/4561/4177 2964/4420/3808 4501/4562/4178
f 2964/4420/3808 4505/4422/4038 4503/4563/4179
f 4584/4423/4180 3424/4431/4047 3421/4564/4181
f 3424/4431/4047 3423/4430/4046 3421/4564/4181
f 4503/4563/4179 5445/4565/4182 4504/4566/4183
f 3421/4564/4181 5445/4565/4184 4584/4423/4180
f 3423/4430/4046 3458/4567/4185 3421/4564/4181
f 3426/4568/4186 3433/4569/4187 3458/4567/4188
f 3458/4567/4185 3422/4570/4189 3421/4564/4181
f 3458/4567/4185 3457/4571/4190 3422/4570/4189
f 3067/4439/349 3066/4438/4053 3068/4572/4191
f 3067/4439/349 3068/4572/4191 3429/4573/4192
f 3433/4569/4193 3429/4573/4192 3457/4574/4194
f 3429/4573/4192 3068/4572/4191 3457/4574/4194
f 3068/4572/4191 3066/4438/4053 3179/4575/3830
f 3066/4438/4053 3076/4576/3830 3179/4575/3830
f 3066/4438/4053 5103/4444/3696 3076/4576/3830
f 5114/4447/3923 3070/4577/3923 5103/4444/4059
f 5114/4447/3923 3723/4450/3627 3070/4577/3923
f 3070/4577/3923 5109/4452/4066 5103/4444/4059
f 5109/4452/4066 3074/4578/4195 5103/4444/4059
f 5103/4444/4059 5104/4579/4196 3073/4580/4197
f 5103/4444/4059 3074/4578/4195 5104/4579/4196
f 5109/4452/4066 5115/4454/3821 3074/4578/4195
f 5115/4454/4069 3078/4457/4070 4495/4581/3755
f 4495/4582/3755 3078/4583/4070 5104/4584/3733
f 3078/4457/4070 3084/4585/4198 3075/4586/3942
f 3087/4461/4074 3086/4463/4078 3078/4457/4070
f 3078/4457/4070 3086/4463/4078 3084/4585/4198
f 3145/4587/4199 3127/4588/4066 5108/4589/3835
f 3127/4588/4066 5119/4470/4084 5108/4589/3835
f 5119/4470/4084 5125/4472/4082 5120/4590/4200
f 5108/4589/3835 5119/4470/4084 3120/4591/4082
f 3120/4591/4082 5119/4470/4084 3118/4592/4201
f 5119/4470/4084 5120/4590/4200 3119/4593/4202
f 5119/4470/4084 3119/4593/4202 3118/4592/4201
f 5125/4472/4082 3125/4594/4203 5120/4590/4200
f 3125/4594/4203 3124/4595/3835 5121/4596/4204
f 5120/4590/4200 5121/4596/4205 3119/4593/4202
f 5125/4472/4082 4467/4474/3942 3125/4594/4203
f 3125/4594/4203 4467/4474/3942 4466/4597/4206
f 4466/4598/4206 5123/4599/4207 3125/4600/4203
f 4467/4601/4208 4468/4327/3946 4470/4602/4209
f 4466/4598/4206 4470/4603/4210 5123/4599/4207
f 4468/4327/3946 4471/4604/4088 4470/4602/4209
f 4471/4605/4211 4950/4606/4212 5123/4607/4207
f 4471/4604/4088 5126/4328/3947 4469/4608/4213
f 5126/4328/3947 4585/4481/4091 4469/4608/4213
f 4469/4608/4213 4585/4481/4091 4949/4609/4214
f 4585/4481/4091 4676/4610/4215 4949/4609/4214
f 4951/4611/4216 4469/4612/4217 4950/4613/4218
f 4852/4614/4219 3655/4615/4220 3661/4616/4221
f 4852/4614/4219 3654/4488/4096 5248/4489/4097
f 4852/4614/4219 3649/4617/4222 3655/4615/4220
f 5248/4489/4097 3649/4617/4222 4852/4614/4219
f 5248/4489/4097 3637/4339/3958 5249/4490/4098
f 3649/4617/4223 5249/4490/4224 5277/4618/4225
f 5249/4490/4224 3648/4619/3761 3646/4620/4226
f 5249/4490/4224 3653/4621/4227 3648/4619/3761
f 3648/4619/3761 3647/4622/4228 3646/4620/4226
f 3724/4495/4103 3597/4498/4106 3725/4623/4229
f 3724/4495/4103 3725/4623/4229 3648/4619/3761
f 3648/4619/3761 5250/4624/4230 3602/4625/4231
f 3648/4619/3761 3602/4625/4231 3647/4622/4228
f 3648/4619/3761 3725/4623/4229 5250/4624/4230
f 3595/4504/4112 3594/4626/4232 5250/4624/4230
f 3595/4504/4112 3592/4502/4110 3594/4626/4232
f 5250/4624/4230 3594/4626/4232 4630/4627/4233
f 3594/4626/4232 3601/4628/4234 4630/4627/4233
f 3592/4502/4110 5278/4507/4115 3594/4626/4232
f 5278/4507/4115 3596/4629/4235 3594/4626/4232
f 3596/4629/4235 3586/4510/4119 3601/4630/4236
f 3601/4630/4236 3586/4510/4119 3590/4631/4237
f 5278/4507/4115 3586/4510/4119 3596/4629/4235
f 3586/4510/4119 3589/4632/4238 3590/4631/4237
f 3590/4631/4237 3589/4632/4238 5662/4633/4239
f 3589/4632/4238 3600/4512/4121 5662/4633/4239
f 3726/4511/4120 3600/4512/4121 3589/4632/4238
f 4561/4634/4240 4682/4635/4241 4560/4636/4242
f 4561/4634/4240 4562/4637/4243 4563/4638/4244
f 4561/4639/4245 4524/4514/4123 5343/4515/4124
f 4562/4637/4243 4577/4640/4246 4563/4638/4244
f 4577/4640/4247 4561/4639/4245 4586/4641/4248
f 4561/4639/4245 5343/4515/4124 4586/4641/4248
f 5343/4515/4124 5342/4642/4249 4586/4641/4248
f 5343/4515/4124 4841/4643/4250 5342/4642/4249
f 5343/4515/4124 4525/4644/4251 4841/4643/4250
f 4586/4641/4248 4841/4645/4252 4527/4646/4253
f 4841/4645/4252 4528/4647/4254 4527/4646/4253
f 4836/4519/4130 4841/4643/4250 4525/4644/4251
f 4836/4519/4130 4837/4520/4132 4841/4643/4250
f 4837/4520/4132 4703/4372/4131 4838/4525/4255
f 4841/4648/4256 4838/4525/4137 4840/4649/4257
f 4838/4525/4137 4839/4526/4139 4842/4650/4258
f 4840/4649/4257 4838/4525/4137 4884/4651/4259
f 4838/4525/4137 4842/4650/4258 4884/4651/4259
f 4884/4651/4259 4842/4650/4258 4314/4652/4260
f 4839/4526/4139 4782/4653/4261 4842/4650/4258
f 4706/4524/4136 4705/4522/4134 4790/4654/4262
f 4782/4655/4263 4790/4654/4264 4314/4656/4265
f 4705/4522/4134 5297/4657/4266 4790/4654/4262
f 4705/4522/4134 5299/4532/4147 5297/4657/4266
f 4790/4654/4264 5298/4534/4149 4314/4656/4265
f 4314/4656/4265 5298/4534/4149 4052/4658/4267
f 4083/4535/4150 4053/4659/4268 5298/4534/4149
f 4083/4535/4150 4711/4660/4269 4053/4659/4268
f 4053/4659/4268 4711/4660/4269 4023/4661/4270
f 4711/4662/4271 4779/4663/4272 4799/4664/4273
f 4711/4662/4271 4799/4664/4273 4911/4665/4274
f 4711/4662/4271 4715/4666/4275 4779/4663/4272
f 4711/4662/4271 4710/4542/4276 4715/4666/4275
f 4715/4666/4275 4710/4542/4276 4823/4667/4277
f 5364/4547/4162 4709/4668/4278 4710/4542/4276
f 5364/4547/4162 5363/4546/4161 4709/4668/4278
f 4710/4542/4276 4709/4668/4278 4823/4667/4277
f 5363/4546/4161 4712/4401/4023 4709/4668/4278
f 4712/4401/4023 4905/4669/4279 4708/4670/4280
f 4427/4550/4166 4057/4551/4167 4024/4671/4281
f 4450/4554/4170 4056/4672/4282 4057/4551/4283
f 4057/4551/4283 4056/4672/4282 3985/4673/4284
f 4057/4551/4283 3985/4673/4284 3986/4674/4285
f 4450/4554/4170 4451/4555/4171 4056/4672/4282
f 4455/4557/4173 4456/4675/4286 5195/4558/4174
f 3985/4673/4284 5195/4676/4287 3978/4677/4288
f 5195/4676/4287 3997/4678/4289 3978/4677/4288
f 2967/4560/4176 2978/4293/3913 2979/4185/3809
f 2964/4420/3808 4503/4563/4179 4501/4562/4178
f 4501/4562/4178 4503/4563/4179 3478/4679/4290
f 4503/4563/4179 4504/4566/4183 3478/4679/4290
f 3478/4679/4290 4504/4566/4183 4502/4680/4291
f 4502/4681/4292 3421/4564/4181 3352/4682/4293
f 3478/4679/4290 4502/4680/4291 3385/4683/4294
f 3421/4564/4181 3217/4684/4295 3352/4682/4293
f 3217/4684/4295 3421/4564/4181 3422/4570/4189
f 3457/4571/4190 3179/4575/4296 3422/4570/4189
f 3422/4570/4189 3179/4575/4296 3180/4685/4297
f 3076/4576/3830 3144/4686/4298 3179/4575/3830
f 3076/4687/4299 3073/4580/4299 3077/4688/4299
f 3144/4689/4300 3077/4690/4301 3083/4691/4053
f 3144/4689/4300 3083/4691/4053 3178/4692/4302
f 3073/4580/4197 5104/4579/4196 3216/4693/3627
f 5104/4579/4196 3075/4586/3942 3216/4693/3627
f 3083/4694/3923 3073/4580/4197 3216/4693/3627
f 3075/4586/3942 3084/4585/4198 3080/4695/3940
f 3075/4586/3942 3080/4695/3940 3216/4693/3627
f 3084/4585/4198 3079/4696/4070 3080/4695/3940
f 3084/4697/4303 5108/4589/3835 3122/4698/4304
f 5108/4589/3835 3121/4699/4084 3122/4698/4304
f 3122/4698/4304 3121/4699/4084 3123/4700/4305
f 3079/4696/4306 3122/4701/4307 3093/4702/3746
f 5108/4589/3835 3120/4591/4082 3121/4699/4084
f 3121/4699/4084 3120/4591/4082 5105/4703/4308
f 5105/4703/4308 3148/4704/4309 5106/4705/3669
f 5105/4703/4308 3120/4591/4082 5107/4706/4310
f 5105/4703/4308 5107/4706/4310 3148/4704/4309
f 3093/4702/3746 3148/4707/4311 3094/4708/4312
f 3093/4702/3746 3094/4708/4312 3089/4709/4313
f 5107/4706/4314 3118/4592/4201 3094/4708/4312
f 3094/4708/4312 3118/4592/4201 3117/4710/4201
f 3094/4708/4312 3117/4710/4201 5102/4711/4070
f 3118/4592/4201 5117/4712/4084 3117/4710/4201
f 3094/4708/4312 5102/4711/4070 3089/4709/4313
f 3119/4593/4202 3124/4595/3835 3118/4592/4201
f 3118/4592/4201 3124/4595/3835 5117/4712/4084
f 3124/4595/3835 3125/4594/4203 5117/4712/4084
f 3412/4713/3930 3410/4714/4063 5102/4715/4315
f 3125/4594/4203 3126/4716/3824 5117/4712/4084
f 3125/4594/4203 5123/4607/4207 3126/4716/3824
f 5123/4607/4207 5122/4717/4316 3126/4716/3824
f 3412/4713/3930 3126/4718/4315 3413/4719/4317
f 5123/4607/4207 5159/4720/4318 5122/4717/4316
f 5122/4717/4319 3408/4721/4320 3411/4722/3930
f 3411/4722/3930 3408/4721/4320 5101/4723/3696
f 5123/4607/4207 4950/4606/4212 5159/4720/4318
f 3408/4721/4320 5159/4720/4318 3431/4724/4321
f 3408/4721/4320 3431/4724/4321 3407/4725/4322
f 3431/4724/4321 5159/4720/4318 3114/4726/4323
f 5159/4720/4318 4950/4606/4212 3114/4726/4323
f 4949/4609/4214 3114/4726/4323 4950/4606/4212
f 4949/4609/4214 4676/4610/4215 3112/4727/4324
f 3114/4726/4323 4949/4609/4214 4952/4728/4325
f 4949/4609/4214 3112/4727/4324 4952/4728/4325
f 3655/4615/4220 3662/4729/4326 3652/4730/4327
f 3655/4615/4220 3649/4617/4222 3662/4729/4326
f 5277/4618/4225 3650/4731/4328 3662/4729/4329
f 3655/4615/4220 5262/4732/4330 3661/4616/4221
f 3655/4733/4220 5263/4734/4331 5262/4735/4330
f 3652/4730/4332 3650/4731/4328 5262/4736/4333
f 5277/4618/4225 3646/4620/4226 3650/4731/4328
f 5277/4618/4225 5249/4490/4224 3646/4620/4226
f 3646/4620/4226 3647/4622/4228 5276/4737/4334
f 5276/4737/4334 3647/4622/4228 5251/4738/4335
f 5276/4737/4334 5251/4738/4335 3645/4739/4336
f 5250/4624/4230 4630/4627/4233 3602/4625/4231
f 3602/4625/4231 4630/4627/4233 5252/4740/4337
f 5252/4740/4337 4630/4627/4233 3644/4741/4338
f 4630/4627/4233 3643/4742/4339 3644/4741/4338
f 3590/4631/4237 5662/4633/4239 5659/4743/4340
f 4558/4744/4341 4682/4635/4241 5337/4745/4342
f 4682/4635/4241 5340/4746/4343 5339/4747/4344
f 4682/4635/4241 5339/4747/4344 5337/4745/4342
f 5337/4745/4342 5339/4747/4344 5338/4748/4345
f 4682/4635/4241 4561/4634/4240 5340/4746/4343
f 4561/4634/4240 4563/4638/4244 5340/4746/4343
f 5339/4747/4344 4661/4749/4346 5338/4748/4345
f 5340/4746/4347 4577/4640/4247 5341/4750/4348
f 4577/4640/4247 4586/4641/4248 5341/4750/4348
f 4586/4641/4248 4517/4751/4349 5341/4750/4348
f 4586/4641/4248 4519/4752/4350 4518/4753/4351
f 4520/4754/4352 4516/4755/4353 4586/4641/4248
f 4586/4641/4248 4527/4646/4253 4520/4754/4352
f 4528/4647/4254 4529/4756/4354 4527/4646/4253
f 4520/4754/4352 4686/4757/4355 4516/4755/4353
f 4520/4754/4352 4512/4758/4356 4686/4757/4355
f 4520/4754/4352 4529/4756/4357 4512/4758/4356
f 4529/4756/4357 4508/4759/4358 4512/4758/4356
f 4840/4649/4257 4884/4651/4259 4529/4760/4359
f 4529/4756/4357 4314/4656/4265 4508/4759/4358
f 4512/4758/4356 4508/4759/4358 4755/4761/4360
f 4314/4656/4265 4052/4658/4267 4508/4759/4358
f 4052/4658/4267 5298/4534/4149 4507/4762/4361
f 4052/4658/4267 4065/4763/4362 4508/4759/4358
f 4508/4759/4358 4065/4763/4362 4066/4764/4363
f 4066/4764/4363 4065/4763/4362 4022/4765/4364
f 4507/4762/4361 5298/4534/4149 4051/4766/4365
f 5298/4534/4149 4053/4659/4268 4051/4766/4365
f 4052/4767/4366 4051/4766/4365 4053/4659/4268
f 4065/4763/4362 4053/4659/4268 4022/4765/4364
f 4023/4661/4270 4031/4768/4367 4053/4659/4268
f 4053/4659/4268 4031/4768/4367 4068/4769/4368
f 4053/4659/4268 4068/4769/4368 4954/4770/4369
f 4031/4768/4367 4023/4661/4270 4037/4771/4370
f 4023/4661/4270 4779/4663/4371 4037/4771/4370
f 4068/4769/4368 4037/4772/4372 4035/4773/4373
f 4068/4769/4368 4035/4773/4373 4954/4770/4369
f 4014/4774/4374 4013/4775/4375 4035/4776/4376
f 4037/4772/4372 4036/4777/4377 4035/4773/4373
f 4037/4778/4378 4014/4774/4374 4909/4779/4379
f 4014/4774/4374 4035/4776/4376 4909/4779/4379
f 4463/4780/4380 4009/4781/4381 4013/4775/4375
f 4463/4780/4380 4823/4667/4382 4011/4782/4383
f 4463/4780/4380 4011/4782/4383 4009/4781/4381
f 4035/4776/4376 4013/4775/4375 4012/4783/4384
f 4013/4775/4375 4009/4781/4381 4012/4783/4384
f 4011/4782/4383 4709/4668/4278 4009/4781/4381
f 4709/4668/4278 4712/4401/4023 4708/4670/4280
f 4709/4668/4278 4708/4670/4280 4009/4781/4381
f 4708/4670/4280 4113/4784/4385 5361/4785/4386
f 4113/4784/4385 4112/4786/4387 4049/4787/4388
f 4113/4784/4385 4049/4787/4388 5361/4785/4386
f 4025/4788/4389 4427/4550/4166 4024/4671/4281
f 4024/4671/4281 3977/4789/4390 4025/4788/4389
f 4024/4671/4281 3986/4674/4285 3977/4789/4390
f 3986/4674/4285 3985/4673/4284 3977/4789/4390
f 3985/4673/4284 3984/4790/4391 3977/4789/4390
f 3978/4677/4288 3997/4678/4289 3979/4791/4392
f 3985/4673/4284 3978/4677/4288 3984/4790/4391
f 2979/4185/3809 2972/4792/4393 2967/4560/4176
f 3478/4679/4290 3385/4683/4294 3219/4793/4394
f 3478/4679/4290 3219/4793/4394 3480/4794/4395
f 3385/4795/4396 3217/4684/4295 3218/4796/4397
f 3219/4797/4398 3218/4796/4397 3217/4684/4295
f 3219/4797/4398 3217/4684/4295 3689/4798/4399
f 3352/4682/4293 3217/4684/4295 3385/4795/4396
f 3217/4684/4295 3168/4799/4400 3220/4800/4401
f 3422/4570/4189 5080/4801/4402 3217/4684/4295
f 3422/4570/4189 5097/4802/4403 5080/4801/4402
f 5097/4802/4403 3180/4685/4404 5080/4803/4402
f 3179/4575/4296 3178/4692/4405 3180/4685/4297
f 5080/4803/4402 3180/4685/4404 3174/4804/4406
f 3180/4685/4404 3167/4805/4407 3174/4804/4406
f 3180/4685/4404 3170/4806/4073 3167/4805/4407
f 3178/4692/4302 3083/4691/4053 3170/4806/4073
f 3170/4806/4073 3083/4691/4053 3169/4807/3923
f 3167/4805/4407 3170/4806/4073 3169/4807/3923
f 3161/4808/4408 5093/4809/4409 3162/4810/4410
f 3083/4694/4411 5093/4809/4409 3161/4808/4408
f 3083/4811/4411 5096/4812/4412 5093/4813/4409
f 3080/4695/3940 5095/4814/4413 4629/4815/4414
f 3216/4816/4415 4629/4817/4082 5093/4809/3939
f 5093/4818/4409 5095/4819/4416 5094/4820/4417
f 3080/4821/3940 3079/4822/4070 3082/4823/4418
f 5095/4814/4413 3080/4695/3940 3154/4824/4419
f 3080/4695/3940 3081/4825/4420 3154/4824/4419
f 3080/4695/3940 3082/4826/4418 3081/4825/4420
f 3081/4825/4420 3082/4826/4418 3090/4827/4421
f 3090/4827/4421 3082/4826/4418 3091/4828/4422
f 3079/4696/4306 3093/4702/3746 3085/4829/4423
f 3085/4829/4423 3093/4702/3746 3082/4826/4418
f 3082/4826/4418 3093/4702/3746 3089/4709/4313
f 3082/4826/4418 3089/4709/4313 3092/4830/3861
f 3082/4826/4418 3092/4830/3861 3091/4828/4422
f 3089/4709/4313 5102/4711/4070 3095/4831/4424
f 3089/4709/4313 3096/4832/4425 3097/4833/4426
f 3089/4834/4313 3095/4835/4424 3098/4836/4426
f 3412/4713/3930 3413/4719/4317 3410/4714/4063
f 3413/4719/4317 3409/4837/4083 3410/4714/4063
f 3413/4719/4317 3411/4722/3930 3409/4837/4083
f 3409/4837/4083 3098/4838/4298 3410/4714/4063
f 3411/4722/3930 5101/4723/3696 3409/4837/4083
f 3408/4721/4320 3407/4725/4322 5101/4723/3696
f 5101/4723/3696 3111/4839/4427 3098/4840/4426
f 3407/4725/4322 5118/4841/4428 5101/4723/3696
f 3431/4724/4321 3113/4842/4429 3407/4725/4322
f 5101/4723/3696 5118/4841/4428 3111/4839/4427
f 5118/4841/4428 3115/4843/4430 3111/4839/4427
f 5118/4841/4428 3113/4842/4431 5100/4844/4432
f 5118/4841/4428 5100/4844/4432 3115/4843/4430
f 3113/4842/4431 3114/4726/4433 5100/4844/4432
f 3114/4726/4433 3112/4727/4324 5100/4844/4432
f 4952/4728/4325 3112/4727/4324 4681/4845/4434
f 3114/4726/4433 4681/4845/4434 3112/4727/4324
f 3650/4731/4328 3646/4620/4226 5262/4736/4333
f 3735/4846/4435 5276/4737/4334 3690/4847/4436
f 5276/4737/4334 3645/4739/4336 3690/4847/4436
f 3645/4739/4336 5252/4740/4437 3651/4848/4438
f 3645/4739/4336 5251/4738/4335 5252/4740/4437
f 5252/4849/4337 3692/4850/4439 3690/4851/4440
f 3692/4852/4439 5254/4853/4441 3690/4854/4440
f 5252/4740/4337 3644/4741/4338 3692/4852/4439
f 5254/4853/4441 3692/4852/4439 3691/4855/4442
f 3644/4741/4338 3656/4856/4443 3692/4852/4439
f 3644/4741/4338 5661/4857/4444 3656/4856/4443
f 4785/4858/4445 4559/4859/4446 4569/4860/4447
f 4558/4744/4341 5337/4745/4342 4559/4861/4448
f 4569/4860/4447 4559/4859/4446 4571/4862/4449
f 5337/4745/4342 4568/4863/4450 4571/4864/4451
f 5337/4745/4342 4537/4865/4452 4568/4863/4450
f 5337/4745/4342 5338/4748/4345 4537/4865/4452
f 4557/4866/4453 4556/4867/4454 5338/4748/4345
f 4557/4866/4453 4517/4751/4349 4556/4867/4454
f 5341/4750/4348 4517/4751/4349 5339/4868/4455
f 4517/4751/4349 4586/4641/4248 4518/4753/4351
f 4518/4753/4351 4516/4755/4353 4517/4751/4349
f 4586/4641/4248 4516/4755/4353 4519/4752/4350
f 4516/4755/4353 4510/4869/4456 5344/4870/4457
f 4686/4757/4355 4511/4871/4458 4516/4755/4353
f 4512/4758/4459 4424/4872/4460 4511/4871/4458
f 4511/4871/4458 4424/4872/4460 4516/4755/4353
f 4516/4755/4353 4424/4872/4460 4510/4869/4456
f 4510/4873/4461 4058/4874/4462 4487/4875/4463
f 4512/4758/4459 4526/4876/4464 4424/4872/4460
f 4526/4876/4464 4755/4877/4465 4424/4872/4460
f 4424/4872/4466 4004/4878/4467 4912/4879/4468
f 4912/4879/4468 4004/4878/4467 4058/4874/4469
f 4424/4872/4466 4508/4759/4358 4004/4878/4467
f 5745/4880/4470 4508/4759/4358 4424/4872/4466
f 4508/4759/4358 4066/4764/4363 4523/4881/4471
f 4508/4759/4358 4523/4881/4471 4003/4882/4472
f 4003/4882/4472 4523/4881/4471 4509/4883/4473
f 4066/4764/4363 4022/4765/4364 4509/4884/4474
f 4509/4883/4473 5296/4885/4475 4003/4882/4472
f 5296/4885/4476 3891/4886/4477 5292/4887/4478
f 4509/4884/4474 4022/4765/4364 3891/4886/4479
f 4021/4888/4480 5294/4889/4481 3891/4886/4477
f 4022/4765/4364 4053/4659/4268 4021/4888/4480
f 4053/4659/4268 5294/4889/4481 4021/4888/4480
f 4053/4659/4268 4954/4770/4369 5294/4889/4481
f 5294/4889/4481 4954/4770/4369 3904/4890/4482
f 5294/4889/4481 3890/4891/4483 3891/4886/4477
f 4954/4770/4369 4921/4892/4484 3904/4890/4482
f 4035/4893/4485 4937/4894/4486 4038/4895/4487
f 4081/4896/4488 5362/4897/4489 4937/4894/4490
f 4081/4896/4488 4012/4783/4491 5362/4897/4489
f 4038/4895/4487 4937/4894/4486 4039/4898/4492
f 4039/4899/4493 4012/4783/4384 4010/4900/4494
f 4012/4783/4384 4009/4781/4381 4010/4900/4494
f 4010/4900/4494 4009/4781/4381 2986/4901/4495
f 4708/4670/4280 5361/4785/4386 4009/4781/4381
f 4049/4902/4496 4047/4903/4497 4009/4781/4498
f 4049/4787/4388 4112/4786/4387 4422/4904/4499
f 4112/4786/4387 4953/4905/4500 4114/4906/4501
f 4112/4786/4387 4114/4906/4501 4422/4904/4499
f 4047/4903/4497 4061/4907/4502 4009/4781/4498
f 4047/4903/4497 4048/4908/4503 4061/4907/4502
f 4025/4788/4389 3977/4789/4390 3975/4909/4504
f 4061/4910/4505 3975/4911/4506 3974/4912/4507
f 3975/4911/4506 4070/4913/4508 5198/4914/4509
f 3975/4911/4506 5198/4914/4509 3974/4912/4507
f 5196/4915/4510 3977/4916/4511 5197/4917/4512
f 4070/4913/4508 3977/4918/4513 5198/4914/4509
f 3977/4918/4513 3978/4677/4288 5198/4914/4509
f 3978/4677/4288 3976/4919/4514 5198/4914/4509
f 3978/4677/4288 3979/4791/4392 3976/4919/4514
f 2965/4920/4515 2967/4560/4176 2966/4921/4516
f 2967/4560/4176 2972/4792/4393 2966/4921/4516
f 2979/4185/3809 2964/4184/3808 2971/4922/4517
f 4506/4923/4518 3478/4679/4290 3479/4924/4519
f 3478/4679/4290 3477/4925/4520 3177/4926/4521
f 3478/4679/4290 3480/4794/4395 3477/4925/4520
f 3689/4798/4399 3217/4684/4295 3220/4800/4401
f 3480/4794/4395 3689/4798/4522 3482/4927/4523
f 3480/4794/4395 3482/4927/4523 3481/4928/4524
f 3480/4794/4395 3481/4928/4524 3477/4925/4520
f 3481/4928/4524 3220/4929/4525 3477/4925/4520
f 3220/4929/4525 4445/4930/4526 3166/4931/4527
f 3220/4929/4525 3166/4931/4527 3477/4925/4520
f 3168/4799/4528 5080/4932/4529 4445/4930/4526
f 5080/4932/4529 3167/4805/4407 4445/4930/4526
f 3167/4805/4407 5076/4933/4530 4445/4930/4526
f 3169/4807/3923 5075/4934/4531 3167/4805/4407
f 3167/4805/4407 5075/4934/4531 5076/4933/4530
f 3169/4807/3923 3162/4935/3627 5075/4934/4531
f 3162/4935/3627 3351/4936/4074 5075/4934/4531
f 5075/4934/4531 3351/4936/4074 3158/4937/4074
f 5093/4809/4409 5094/4938/4417 3162/4810/4410
f 3158/4937/4532 3156/4939/4198 5076/4933/4530
f 3163/4940/4059 3164/4941/4057 3156/4939/4198
f 3164/4941/4057 3163/4940/4059 3150/4942/3824
f 3163/4940/4059 5094/4938/3923 3150/4942/3824
f 5094/4938/3923 3155/4943/4197 3150/4942/3824
f 5094/4938/3923 5092/4944/4533 3160/4945/4534
f 5094/4938/3923 3154/4946/4535 5092/4944/4533
f 5094/4938/3923 3160/4945/4534 3155/4943/4197
f 3154/4946/4535 3090/4947/4536 5092/4944/4533
f 3155/4948/4197 5081/4949/3930 3159/4950/3696
f 3160/4951/4537 3152/4952/4538 3159/4953/3696
f 3160/4951/4537 3109/4954/4539 3152/4952/4538
f 3420/4955/4540 4756/4956/4541 3160/4951/4537
f 3160/4951/4537 4756/4956/4541 3109/4954/4539
f 3091/4828/4422 3092/4830/3861 3147/4957/4542
f 3092/4830/3861 3146/4958/3940 3147/4957/4542
f 3146/4958/3940 3092/4830/3861 5082/4959/4078
f 3092/4830/3861 3096/4832/4543 5082/4959/4078
f 3089/4709/4313 3098/4840/4426 3096/4832/4425
f 3096/4832/4425 3098/4840/4426 3099/4960/4531
f 3099/4960/4531 3098/4840/4426 3102/4961/4544
f 3102/4961/4544 3098/4840/4426 3103/4962/4545
f 3102/4961/4544 3103/4962/4545 3104/4963/3923
f 3098/4840/4426 3111/4839/4427 3110/4964/4546
f 3098/4840/4426 3110/4964/4546 5099/4965/3896
f 3098/4840/4426 5099/4965/3896 3103/4962/4545
f 3110/4964/4546 3115/4966/4547 3106/4967/4548
f 3110/4964/4546 3106/4967/4548 5098/4968/4549
f 3106/4967/4548 5100/4969/4550 3732/4970/4551
f 5100/4969/4550 3472/4971/4552 3732/4970/4551
f 3697/4972/4553 5262/4736/4333 4891/4973/4554
f 4891/4973/4554 5262/4736/4333 3696/4974/4555
f 5262/4736/4333 3695/4975/4556 3694/4976/4557
f 5262/4736/4333 5255/4977/4558 3695/4975/4556
f 5262/4736/4333 3646/4620/4226 5255/4977/4558
f 3646/4620/4226 3690/4854/4440 5255/4977/4558
f 5255/4977/4558 3690/4854/4440 5254/4853/4441
f 5254/4853/4441 3698/4978/4559 5255/4977/4558
f 5254/4853/4441 3691/4855/4442 3693/4979/4560
f 3693/4980/4561 3700/4981/4562 3703/4982/4563
f 3703/4982/4563 3700/4981/4562 5253/4983/4564
f 4569/4860/4565 4541/4984/4566 4869/4985/4567
f 4869/4985/4567 4541/4984/4566 4542/4986/4568
f 4542/4986/4568 4541/4984/4566 4540/4987/4569
f 4569/4860/4447 5332/4988/4570 4543/4989/4571
f 4541/4984/4566 4543/4989/4571 4540/4987/4569
f 4543/4989/4571 5332/4988/4570 4540/4987/4569
f 4569/4860/4447 4571/4862/4449 5332/4988/4570
f 4571/4862/4449 4570/4990/4572 5332/4988/4570
f 4570/4991/4107 4568/4863/4450 4537/4865/4452
f 4570/4991/4107 4537/4865/4452 5333/4992/4573
f 5333/4992/4573 5334/4993/4574 4536/4994/4575
f 5338/4748/4345 4556/4867/4454 4537/4865/4452
f 4537/4865/4452 5334/4993/4574 5333/4992/4573
f 4537/4865/4452 4538/4995/4576 5334/4993/4574
f 4538/4995/4576 5336/4996/4577 5334/4993/4574
f 5334/4993/4574 5336/4996/4577 4534/4997/4578
f 4556/4867/4454 4517/4751/4349 4538/4995/4576
f 4538/4995/4576 4517/4751/4349 5336/4996/4577
f 4517/4751/4349 4516/4755/4353 5336/4996/4577
f 4516/4755/4353 5344/4870/4457 5336/4996/4577
f 4510/4869/4456 4521/4998/4579 5344/4870/4457
f 4510/4869/4456 4513/4999/4580 4521/4998/4579
f 4521/4998/4579 4513/4999/4580 4514/5000/4581
f 4514/5000/4581 4513/4999/4580 5447/5001/4582
f 4513/4999/4580 4515/5002/4583 5447/5001/4582
f 4058/4874/4469 4004/4878/4467 4515/5003/4584
f 4515/5003/4584 4004/4878/4467 4005/5004/4585
f 4508/4759/4358 5293/5005/4586 4004/4878/4467
f 4508/4759/4358 4003/4882/4472 5293/5005/4586
f 5293/5005/4586 4003/4882/4472 5300/5006/344
f 5293/5005/4586 5300/5006/344 4006/5007/4587
f 4006/5007/4587 5300/5006/344 4004/4878/4467
f 4003/4882/4472 5292/4887/4478 5300/5006/344
f 5300/5006/344 5292/4887/4478 3894/5008/3937
f 3891/4886/4477 3890/4891/4483 5292/4887/4478
f 5292/4887/4478 3893/5009/4588 3894/5008/3937
f 3890/4891/4483 5294/4889/4481 3892/5010/4589
f 3892/5011/4590 5295/5012/4591 3888/5013/4592
f 3890/4891/4483 3893/5009/4588 5292/4887/4478
f 3904/5014/4593 3903/5015/4594 5295/5012/4591
f 5295/5012/4591 3903/5015/4594 3888/5013/4592
f 3888/5013/4592 3903/5015/4594 3887/5016/4595
f 3890/4891/4483 3888/5013/4592 3887/5016/4595
f 2986/5017/4596 2982/5018/4597 2983/5019/4598
f 2986/4901/4495 4009/4781/4381 5357/5020/4599
f 4009/4781/4498 4061/4907/4502 4060/5021/4600
f 4060/5021/4600 4061/4907/4502 4062/5022/4601
f 4009/4781/4381 4062/5023/4602 5360/5024/4603
f 4009/4781/4381 5360/5024/4603 5357/5020/4599
f 4913/5025/4604 3982/5026/4605 3973/5027/4606
f 4062/5022/4601 4061/4907/4502 4063/5028/4607
f 5360/5024/4603 4063/5029/4608 4055/5030/4609
f 4050/5031/4610 3983/5032/4611 3970/5033/4612
f 3982/5026/4605 3974/4912/4507 3973/5027/4606
f 3974/4912/4507 5209/5034/4613 3973/5027/4606
f 3974/4912/4507 5198/4914/4509 5209/5034/4613
f 3973/5027/4606 5209/5034/4613 3983/5032/4611
f 3983/5032/4611 5209/5034/4613 3988/5035/4614
f 3983/5032/4611 3988/5035/4614 3970/5033/4612
f 5209/5034/4613 5200/5036/4615 3988/5035/4614
f 5209/5034/4613 3972/5037/4616 5200/5036/4615
f 5198/4914/4509 3971/5038/4617 5209/5034/4613
f 5209/5034/4613 3971/5038/4617 5199/5039/4618
f 3971/5038/4617 5388/5040/4619 5199/5039/4618
f 3971/5038/4617 3976/4919/4620 5388/5040/4619
f 2957/5041/4621 2966/4921/4516 2972/4792/4393
f 3979/4791/4392 4903/5042/4622 3976/4919/4514
f 2979/4185/3809 2971/4922/4517 2972/4792/4393
f 2964/4184/3808 2963/5043/4623 2971/4922/4517
f 3478/4679/4290 3177/4926/4521 3479/4924/4519
f 3177/4926/4521 3441/5044/4624 3479/4924/4519
f 3477/4925/4520 5443/5045/4625 3177/4926/4521
f 3176/5046/4626 3166/4931/4527 3175/5047/4627
f 5443/5045/4628 3176/5046/4626 3175/5047/4627
f 5443/5045/4628 3175/5047/4627 3441/5048/4629
f 3166/4931/4527 4445/4930/4526 3171/5049/4630
f 3175/5047/4627 3166/4931/4527 3171/5049/4630
f 4445/4930/4526 3172/5050/4631 3171/5049/4630
f 4445/4930/4526 5063/5051/3939 3173/5052/4632
f 4445/4930/4526 3173/5052/4632 3172/5050/4631
f 4445/4930/4526 5076/4933/4530 5063/5051/3939
f 3173/5052/4632 5063/5051/3939 3165/5053/4633
f 5063/5051/3939 5076/4933/4530 5062/5054/3942
f 5076/4933/4530 3156/4939/4198 3157/5055/4634
f 5076/4933/4530 3157/5055/4634 5062/5054/3942
f 3156/4939/4198 3150/4942/3824 3151/5056/3821
f 3157/5055/4634 3156/4939/4198 3151/5056/3821
f 3151/5057/4198 3214/5058/4198 5062/5059/4198
f 3150/4942/3824 3155/4943/4197 5073/5060/4531
f 3150/4942/3824 3149/5061/4531 3151/5056/3821
f 3150/4942/3824 5073/5060/4531 3149/5061/4531
f 3155/4943/4197 3152/4952/4538 5073/5060/4531
f 5073/5060/4531 3152/4952/4538 3153/5062/4531
f 3155/4943/4197 3159/4953/3696 3152/4952/4538
f 5073/5063/4531 5074/5064/4197 3108/5065/3926
f 3153/5066/3633 3109/4954/4073 3108/5067/3926
f 3109/4954/4073 3146/4958/3940 5082/4959/4078
f 5082/4959/4078 3138/5068/4635 3109/4954/4073
f 5082/4959/4078 5083/5069/4636 3138/5068/4635
f 5083/5069/4636 3096/4832/4425 5087/5070/4530
f 3096/4832/4425 3099/4960/4531 5087/5070/4530
f 3099/4960/4531 3104/5071/4637 5087/5070/4530
f 5083/5069/4636 5087/5070/4530 5088/5072/4061
f 5083/5069/4636 5088/5072/4061 5079/5073/4638
f 5079/5073/4638 5088/5072/4061 5078/5074/4639
f 5088/5072/4061 5084/5075/4640 5078/5074/4639
f 3104/4963/3923 3105/5076/4198 5088/5072/4425
f 3104/4963/3923 3103/4962/4545 3105/5076/4198
f 5088/5072/4061 3101/5077/3602 5084/5075/4640
f 3101/5077/3602 3105/5078/4641 5084/5075/4640
f 3103/4962/4545 5086/5079/3830 5089/5080/4642
f 3103/4962/4545 5099/4965/3896 5086/5079/3830
f 5089/5080/4642 5086/5079/3830 3105/5078/4641
f 3105/5078/4641 5086/5079/3830 3706/5081/4203
f 3110/5082/4546 5098/5083/4549 5099/5084/3896
f 5086/5079/3830 5099/4965/3896 4930/5085/4643
f 5099/4965/3896 4485/5086/4644 4930/5085/4643
f 4930/5085/4643 4485/5086/4644 5090/5087/4645
f 5099/4965/3896 3732/5088/4646 4485/5086/4644
f 3106/4967/4548 3732/4970/4551 5098/4968/4549
f 3732/5088/4646 3733/5089/4647 4485/5086/4644
f 3733/5089/4647 4484/5090/4648 4485/5086/4644
f 3733/5089/4647 3116/5091/4649 4484/5090/4648
f 3732/4970/4551 3472/4971/4552 3116/5092/4650
f 3472/4971/4552 3112/5093/4651 3116/5092/4650
f 4891/5094/4652 4458/5095/4653 4459/5096/4654
f 3696/4974/4555 5262/4736/4333 3694/4976/4557
f 3696/4974/4555 3694/4976/4557 4458/5097/4655
f 3695/4975/4556 3698/5098/4656 3694/4976/4557
f 3694/4976/4557 3698/5098/4656 3699/5099/4657
f 3698/5098/4656 5253/4983/4564 3699/5099/4657
f 5253/4983/4564 3701/5100/4658 3699/5099/4657
f 5253/4983/4564 3700/4981/4562 3702/5101/4659
f 5253/4983/4564 3702/5101/4659 3701/5100/4658
f 3702/5101/4659 4757/5102/4660 3701/5100/4658
f 4542/4986/4568 4540/4987/4569 3702/5103/4661
f 3702/5101/4659 4933/5104/4662 4757/5102/4660
f 3702/5101/4659 4546/5105/4663 4933/5104/4662
f 4540/4987/4569 5332/4988/4570 4566/5106/4664
f 4540/4987/4569 4566/5106/4664 4546/5105/4663
f 5332/4988/4570 5333/4992/4665 4566/5106/4664
f 5333/4992/4573 4536/4994/4575 4535/5107/4666
f 4536/4994/4575 4534/4997/4667 4535/5107/4666
f 4535/5107/4666 4534/4997/4667 5335/5108/4668
f 4534/4997/4667 4533/5109/4669 5335/5108/4668
f 4534/4997/4667 5344/4870/4457 4533/5109/4669
f 5344/4870/4457 4532/5110/4670 4533/5109/4669
f 4533/5109/4671 4531/5111/4672 4430/5112/4673
f 4430/5112/4673 4531/5111/4672 4337/5113/4674
f 4532/5110/4670 4522/5114/4675 4530/5115/4676
f 5344/4870/4457 4521/4998/4579 4532/5110/4670
f 4532/5110/4670 4521/4998/4579 4522/5114/4675
f 4521/4998/4579 4550/5116/4677 4522/5114/4675
f 4550/5116/4677 4551/5117/4678 4522/5114/4675
f 4554/5118/4679 4551/5117/4678 4550/5116/4677
f 4552/5119/4680 4671/5120/4681 5326/5121/4682
f 4514/5122/4683 4553/5123/4684 4552/5119/4680
f 4552/5119/4680 4553/5123/4684 4671/5120/4681
f 4552/5119/4680 5326/5121/4682 4550/5124/4685
f 4515/5003/4584 4005/5004/4585 3883/5125/4686
f 4515/5126/4687 4671/5120/4681 4553/5123/4684
f 4004/4878/4467 5300/5006/344 4005/5004/4585
f 5300/5127/4688 5290/5128/4689 3883/5129/4690
f 3883/5129/4690 5290/5128/4689 3908/5130/4691
f 5300/5127/4688 3882/5131/4692 5290/5128/4689
f 3894/5008/3937 3893/5009/4588 3882/5132/4693
f 3882/5131/4692 3895/5133/4694 3881/5134/3821
f 3882/5131/4692 3889/5135/4695 3895/5133/4694
f 3890/4891/4483 3887/5016/4595 3893/5009/4588
f 5291/5136/4696 3887/5137/4697 3889/5138/4698
f 3886/5139/4699 3889/5140/4698 5287/5141/4700
f 3889/5140/4698 3887/5016/4697 5287/5141/4700
f 5358/5142/4701 5357/5020/4599 3911/5143/4702
f 2986/4901/4495 5357/5020/4599 5358/5142/4701
f 5357/5020/4599 5360/5024/4603 5359/5144/4703
f 5359/5144/4703 4055/5030/4609 4072/5145/4704
f 5360/5024/4603 4055/5030/4609 5359/5144/4703
f 4055/5030/4609 4050/5146/4705 4072/5145/4704
f 4072/5147/4706 3989/5148/4707 3913/5149/4708
f 3989/5150/4709 3968/5151/4710 3959/5152/4711
f 3968/5151/4710 3969/5153/4712 3959/5152/4711
f 3970/5154/4713 5200/5036/4714 3969/5153/4712
f 3970/5154/4713 3969/5153/4712 4460/5155/4715
f 5200/5036/4714 5199/5039/4618 3969/5153/4712
f 5388/5040/4619 3950/5156/4716 5199/5039/4618
f 5388/5040/4619 3953/5157/4717 3952/5158/4718
f 5388/5040/4619 3952/5158/4718 3951/5159/4719
f 3953/5157/4717 3976/5160/4720 3952/5158/4718
f 5388/5040/4619 3951/5159/4719 3950/5156/4716
f 3951/5159/4719 3952/5158/4718 5202/5161/4721
f 3976/5160/4720 4118/5162/4722 3952/5158/4718
f 3441/5044/4624 3439/5163/4723 3479/4924/4519
f 3441/5044/4624 3440/5164/4724 3439/5163/4723
f 3479/4924/4519 3439/5163/4723 5444/5165/4725
f 3175/5047/4627 3171/5049/4630 3440/5164/4726
f 5444/5165/4725 3437/5166/4727 3479/4924/4519
f 3439/5167/4728 3436/5168/4729 3437/5169/4730
f 3171/5049/4731 3197/5170/4732 3439/5167/4728
f 3171/5049/4630 3172/5050/4631 5064/5171/4733
f 3172/5050/4631 3211/5172/3831 5064/5171/4733
f 3172/5050/4631 3165/5173/4734 3211/5172/3831
f 3165/5173/4734 3215/5174/4735 3211/5172/3831
f 3215/5174/4735 5063/5175/4320 3211/5172/3831
f 5063/5175/4320 5061/5176/4736 3211/5172/3831
f 5063/5175/4320 3434/5177/4737 5061/5176/4736
f 3187/5178/4409 5062/5059/4198 5044/5179/3931
f 5062/5059/4198 3214/5058/4198 3213/5180/3942
f 3149/5061/4531 3131/5181/4544 3213/5182/4426
f 3149/5061/4531 5073/5183/4531 3131/5181/4544
f 3131/5181/4544 5073/5183/4531 3130/5184/4425
f 5073/5183/4531 3108/5067/3926 3128/5185/4738
f 5073/5183/4531 3129/5186/4531 3130/5184/4425
f 5073/5183/4531 3128/5185/4738 3129/5186/4531
f 3108/5067/3926 3109/4954/4073 5071/5187/4317
f 3128/5185/4738 3108/5067/3926 3417/5188/4739
f 3108/5067/3926 5071/5187/4317 3417/5188/4739
f 3109/4954/4073 3107/5189/4740 5071/5187/4317
f 3109/4954/4073 5072/5190/4741 3107/5189/4740
f 3109/4954/4073 3138/5068/4635 5072/5190/4741
f 3107/5189/4740 5072/5190/4741 3134/5191/4081
f 3134/5191/4081 5072/5190/4741 3133/5192/4225
f 3138/5068/4635 3135/5193/4742 5072/5190/4741
f 5083/5069/4636 5079/5073/4638 3138/5068/4635
f 3138/5068/4635 3136/5194/3734 3135/5193/4742
f 3135/5193/4742 3136/5194/3734 3133/5195/4059
f 3136/5194/3734 5078/5196/4743 3140/5197/4744
f 5078/5074/4639 5084/5075/4640 3100/5198/4745
f 3136/5194/3734 3140/5197/4744 3419/5199/4746
f 3140/5197/4744 3139/5200/4747 3419/5199/4746
f 3105/5078/4641 3706/5081/4203 5084/5075/4640
f 3140/5197/4744 5077/5201/4748 3139/5200/4747
f 3706/5202/4749 5077/5201/4310 3100/5203/4750
f 3706/5202/4749 3705/5204/4751 5077/5201/4310
f 5086/5079/3830 4930/5085/4643 3705/5204/4171
f 3705/5204/4751 5090/5087/4645 4485/5086/4644
f 3705/5204/4751 4485/5086/4644 5077/5201/4310
f 5077/5201/4310 4485/5086/4644 3357/5205/4752
f 3357/5205/4752 4485/5086/4644 5085/5206/4753
f 4485/5086/4644 5091/5207/4754 5085/5206/4753
f 5091/5207/4754 4484/5208/4755 4948/5209/4756
f 5091/5207/4754 4948/5209/4756 5085/5206/4753
f 3709/5210/4757 3116/5091/4758 4948/5209/4756
f 3709/5210/4757 4948/5209/4756 4484/5208/4755
f 4459/5096/4654 4458/5095/4653 4388/5211/4759
f 4459/5096/4654 4388/5211/4759 4685/5212/4760
f 4481/5213/4761 3694/4976/4557 3704/5214/4762
f 3694/4976/4557 3699/5099/4657 3704/5214/4762
f 4458/5095/4653 4481/5213/4761 5270/5215/4763
f 4458/5095/4653 5270/5215/4763 4388/5211/4759
f 4481/5213/4761 3704/5214/4762 5270/5215/4763
f 3704/5216/4762 5269/5217/4764 5270/5218/4763
f 3699/5219/4765 3729/5220/4766 5270/5215/4763
f 5270/5215/4763 5257/5221/4767 4388/5211/4759
f 5270/5215/4763 3729/5220/4766 4387/5222/4768
f 5270/5215/4763 4387/5222/4768 5257/5221/4767
f 3701/5100/4658 4548/5223/4769 3729/5224/4770
f 4387/5222/4768 4360/5225/4771 5257/5221/4767
f 4548/5223/4772 4360/5225/4771 4387/5222/4768
f 4757/5102/4660 4687/5226/4773 3701/5100/4658
f 3701/5100/4658 4687/5226/4773 4548/5223/4769
f 4687/5226/4773 4907/5227/4774 4548/5223/4769
f 4933/5104/4662 4546/5105/4663 4549/5228/4775
f 4549/5228/4775 4546/5105/4663 4547/5229/4776
f 4360/5225/4771 4548/5223/4772 4366/5230/4777
f 4548/5223/4772 4547/5229/4778 4366/5230/4777
f 5329/5231/4779 5327/5232/4780 5328/5233/4781
f 4546/5105/4663 4566/5106/4664 4547/5229/4776
f 4566/5106/4664 5333/4992/4665 4544/5234/4782
f 5333/4992/4665 5331/5235/4783 4544/5234/4782
f 4544/5234/4782 5331/5235/4783 4545/5236/4784
f 5333/4992/4665 5330/5237/4785 5331/5235/4783
f 5330/5237/4786 4351/5238/4787 4545/5239/4788
f 5330/5237/4786 4346/5240/4789 4351/5238/4787
f 5330/5237/4786 4535/5241/4790 4346/5240/4789
f 4430/5112/4673 4337/5113/4674 4535/5241/4791
f 4535/5241/4791 4337/5113/4674 4539/5242/4792
f 4820/5243/4793 4337/5113/4674 4346/5240/4789
f 4346/5240/4789 4338/5244/4794 4352/5245/4795
f 4346/5240/4789 4337/5113/4674 4338/5244/4794
f 4352/5245/4795 4349/5246/4796 4350/5247/4797
f 4337/5113/4674 4531/5111/4672 4336/5248/4798
f 4337/5113/4674 4336/5248/4798 4338/5244/4794
f 4338/5244/4794 4336/5248/4798 4349/5249/4799
f 4336/5248/4798 4334/5250/4800 4349/5249/4799
f 4349/5249/4799 4334/5250/4800 5273/5251/4801
f 4531/5111/4672 5768/5252/4802 4336/5248/4798
f 5768/5252/4802 5275/5253/4803 4336/5248/4798
f 4334/5250/4800 4336/5248/4798 4331/5254/4804
f 4336/5248/4798 4332/5255/4805 4331/5254/4804
f 5768/5252/4802 4333/5256/4806 5275/5253/4803
f 4522/5114/4675 4551/5117/4678 5770/5257/4807
f 5275/5253/4803 4333/5256/4806 4332/5255/4805
f 4332/5255/4805 4333/5256/4806 4331/5254/4804
f 4583/5258/4808 4550/5124/4685 4318/5259/4809
f 4550/5124/4685 5326/5121/4682 4318/5259/4809
f 4554/5260/4810 4318/5261/4811 4750/5262/4812
f 4551/5117/4678 4750/5263/4813 5770/5257/4807
f 5770/5257/4807 4750/5263/4813 4643/5264/4814
f 5326/5121/4682 4671/5120/4681 4555/5265/4815
f 5326/5121/4682 4555/5265/4815 4896/5266/4816
f 4555/5265/4815 4671/5120/4681 4317/5267/4817
f 4896/5266/4818 4317/5268/4819 4318/5261/4811
f 4317/5268/4819 3905/5269/4820 4097/5270/4821
f 3883/5129/4822 5286/5271/4823 4671/5272/4824
f 3905/5269/4820 4671/5272/4824 4097/5270/4821
f 3883/5129/4822 3874/5273/4825 5286/5271/4823
f 3883/5129/4822 3880/5274/4826 3874/5273/4825
f 3880/5274/4826 3908/5275/4827 3874/5273/4825
f 3908/5275/4827 5288/5276/4828 3874/5273/4825
f 3908/5275/4827 5289/5277/4829 5288/5276/4828
f 5290/5128/4689 3882/5131/4692 3881/5134/3821
f 5290/5128/4689 3881/5134/3821 3879/5278/4830
f 5290/5128/4689 3879/5278/4830 5289/5277/4831
f 3881/5134/3821 5287/5141/4700 3879/5278/4830
f 3881/5134/3821 3886/5139/4699 5287/5141/4700
f 5287/5141/4700 3887/5016/4697 4391/5279/4832
f 2984/5280/4833 2983/5019/4598 2982/5018/4597
f 2984/5280/4833 2982/5018/4597 2985/5281/4834
f 5357/5020/4599 5356/5282/4835 5355/5283/4836
f 5357/5020/4599 5355/5283/4836 3911/5143/4702
f 5357/5020/4599 4072/5147/4706 5356/5282/4835
f 4072/5147/4706 3913/5149/4708 5356/5282/4835
f 3913/5149/4708 3914/5284/4837 5356/5282/4835
f 4881/5285/4838 3923/5286/4839 5356/5287/4840
f 3959/5152/4711 3969/5153/4712 3958/5288/4841
f 3969/5153/4712 4881/5285/4838 3958/5288/4841
f 3969/5153/4712 5203/5289/4842 4881/5285/4838
f 3969/5153/4712 5199/5039/4618 5203/5289/4842
f 5199/5039/4618 3948/5290/4843 5203/5289/4842
f 5199/5039/4618 3950/5156/4716 3948/5290/4843
f 3950/5156/4716 3951/5159/4719 5201/5291/4844
f 5201/5291/4844 3951/5159/4719 3962/5292/4845
f 3962/5292/4845 3951/5159/4719 3945/5293/4846
f 2957/5041/4621 2973/5294/4847 2962/5295/4848
f 2957/5041/4621 2972/4792/4393 2973/5294/4847
f 3479/4924/4519 5442/5296/4849 3438/5297/4850
f 3479/4924/4519 3362/5298/4851 5442/5296/4849
f 3479/4924/4519 3438/5297/4850 3456/5299/4852
f 3479/4924/4519 3437/5166/4727 3362/5298/4851
f 3439/5167/4728 3197/5170/4732 3436/5168/4729
f 3183/5300/4853 3197/5170/4854 3406/5301/4855
f 3183/5300/4853 3406/5301/4855 3362/5302/4856
f 3197/5170/4854 3182/5303/4857 3406/5301/4855
f 3197/5170/4854 5064/5171/4733 3182/5303/4857
f 3182/5303/4857 5064/5171/4733 3181/5304/4858
f 5064/5171/4733 3211/5172/3831 3181/5304/4858
f 3211/5172/3831 5045/5305/4859 3181/5304/4858
f 3182/5303/4857 3181/5304/4858 4497/5306/4860
f 4497/5307/4861 3384/5308/4862 3199/5309/4863
f 3211/5172/3831 3188/5310/4864 5045/5305/4859
f 5045/5305/4859 3384/5308/4862 3181/5304/4858
f 3384/5308/4862 5045/5305/4859 3199/5309/4863
f 3186/5311/4865 5044/5179/3931 5045/5305/4859
f 5045/5305/4859 5044/5179/3931 3199/5309/4863
f 3188/5312/3744 3187/5178/4409 3186/5311/4865
f 3187/5178/4409 5044/5179/3931 3186/5311/4865
f 5044/5179/3931 5062/5059/4198 5046/5313/4070
f 3213/5180/3942 3130/5184/3942 5062/5059/4198
f 5062/5059/4198 3130/5184/3942 5058/5314/4198
f 5062/5059/4198 5058/5314/4198 5046/5313/4070
f 3130/5184/3942 3132/5315/4198 5058/5314/4198
f 3129/5186/4531 3128/5185/4738 3132/5316/4198
f 3128/5317/4738 5058/5318/4198 3132/5319/4198
f 5058/5314/4866 3417/5320/4083 3195/5321/4083
f 5058/5314/4866 3195/5321/4083 3203/5322/4083
f 5058/5314/4866 3203/5322/4083 5047/5323/4867
f 3195/5321/4083 5071/5324/4426 3353/5325/4868
f 5071/5324/4426 3134/5191/3937 3353/5325/4868
f 3195/5321/4083 3353/5325/4868 3203/5322/4083
f 5065/5326/4202 3133/5327/4225 5066/5328/4201
f 5065/5326/4202 3134/5329/4081 3133/5327/4225
f 3143/5330/4315 3133/5331/4059 3137/5332/3926
f 3137/5333/3926 3133/5195/4059 5067/5334/344
f 3133/5195/4059 3136/5194/3734 3455/5335/4869
f 3136/5194/3734 3419/5199/4746 3455/5335/4869
f 3133/5195/4059 3455/5335/4869 5067/5334/344
f 3711/5336/4412 3419/5337/4870 5069/5338/4871
f 5077/5201/4310 3357/5205/4752 3707/5339/4872
f 3419/5337/4870 3473/5340/4873 3418/5341/4735
f 3707/5339/4872 3357/5205/4752 3419/5342/4874
f 5085/5206/4753 4948/5209/4756 3708/5343/4875
f 3357/5205/4752 5085/5206/4753 3359/5344/4876
f 3708/5343/4875 4948/5209/4756 3361/5345/4877
f 4672/5346/4878 4388/5211/4759 4843/5347/4879
f 4843/5347/4879 4388/5211/4759 5256/5348/4880
f 4388/5211/4759 4389/5349/4881 5256/5348/4880
f 4389/5350/4881 4374/5351/4882 5256/5352/4880
f 4388/5211/4759 4363/5353/4883 4389/5349/4881
f 4388/5211/4759 5257/5221/4767 4363/5353/4883
f 4363/5354/4884 5268/5355/4885 5267/5356/4886
f 5257/5221/4767 5271/5357/4887 5268/5355/4888
f 4366/5230/4777 4367/5358/4889 4360/5225/4771
f 4359/5359/4890 4358/5360/4891 4360/5225/4771
f 4545/5236/4784 4822/5361/4892 4544/5234/4782
f 4360/5225/4771 4358/5360/4891 4356/5362/4893
f 4358/5360/4891 4357/5363/4894 4356/5362/4893
f 4545/5239/4788 4351/5238/4787 4813/5364/4895
f 4358/5365/4896 4351/5238/4787 4353/5366/4897
f 4357/5363/4894 4329/5367/4898 4356/5362/4893
f 4356/5362/4893 4329/5367/4898 4345/5368/4899
f 4351/5238/4787 4352/5245/4795 4350/5247/4797
f 4351/5238/4787 4329/5367/4898 4353/5366/4897
f 4351/5238/4787 4350/5247/4797 4329/5367/4898
f 4351/5238/4787 4346/5240/4789 4352/5245/4795
f 4345/5368/4899 4329/5367/4898 5258/5369/4900
f 5274/5370/4901 4355/5371/4902 5273/5372/4801
f 4350/5247/4797 4326/5373/4903 4329/5367/4898
f 4329/5367/4898 4326/5373/4903 5258/5369/4900
f 4349/5249/4799 5273/5251/4801 4355/5374/4902
f 4326/5373/4903 4330/5375/4904 4325/5376/4905
f 4330/5375/4904 4331/5377/4906 4381/5378/3937
f 4331/5254/4804 4333/5256/4806 4335/5379/4907
f 4331/5254/4804 4335/5379/4907 5272/5380/4908
f 4335/5379/4907 4926/5381/4909 5272/5380/4908
f 4750/5262/4812 4318/5261/4811 4319/5382/4910
f 4319/5382/4910 4318/5261/4811 4398/5383/4911
f 4398/5383/4911 4318/5261/4811 4882/5384/4912
f 4318/5261/4811 4317/5268/4819 4316/5385/4913
f 4317/5268/4819 4097/5270/4821 4316/5385/4913
f 4318/5261/4811 4316/5385/4913 4379/5386/4914
f 4318/5261/4811 4379/5386/4914 4882/5384/4912
f 4097/5270/4821 5286/5271/4823 3873/5387/4915
f 4671/5272/4824 5286/5271/4823 4097/5270/4821
f 5286/5271/4823 3993/5388/4916 3873/5387/4915
f 3873/5387/4915 3993/5388/4916 4028/5389/4917
f 5286/5271/4823 5285/5390/4918 3993/5388/4916
f 3874/5391/4919 5289/5277/4831 5285/5392/4920
f 5289/5277/4831 3879/5278/4830 5285/5392/4920
f 5287/5141/4700 3871/5393/4921 3870/5394/4922
f 5287/5141/4700 3870/5394/4922 3879/5278/4830
f 3870/5394/4922 3878/5395/4923 3879/5278/4830
f 5287/5141/4700 3872/5396/4924 3871/5393/4921
f 3871/5393/4921 3872/5396/4924 3876/5397/4925
f 3878/5398/4926 3876/5399/4927 3875/5400/4928
f 3872/5396/4924 3884/5401/4929 3876/5397/4925
f 3884/5401/4929 3872/5396/4924 3877/5402/4930
f 3911/5143/4702 5355/5283/4836 3909/5403/4931
f 3909/5403/4931 5355/5283/4836 3902/5404/4932
f 4881/5285/4838 5203/5289/4842 3923/5286/4839
f 3923/5286/4839 5203/5289/4842 3915/5405/4933
f 3948/5290/4843 3949/5406/4934 5203/5289/4842
f 5203/5289/4842 3949/5406/4934 3940/5407/4935
f 3940/5408/4936 3917/5409/4937 3915/5410/4938
f 3940/5408/4936 3921/5411/4939 3917/5409/4937
f 3949/5412/4940 5201/5413/4941 3944/5414/4942
f 3944/5414/4942 5204/5415/4943 3940/5408/4944
f 3944/5414/4942 5201/5413/4941 5204/5415/4943
f 5201/5413/4941 3919/5416/4945 5204/5415/4943
f 3921/5411/4939 5204/5415/4943 3917/5409/4937
f 5201/5413/4941 3945/5293/4846 3919/5416/4945
f 3945/5293/4846 3951/5159/4719 3919/5416/4945
f 3456/5299/4852 3438/5297/4850 4817/5417/4946
f 4818/5418/4947 4817/5419/4948 4683/5420/4949
f 3456/5421/4950 4818/5418/4947 4791/5422/4951
f 4817/5419/4948 5441/5423/4952 4683/5420/4949
f 5441/5423/4952 3406/5424/4953 4683/5420/4949
f 3362/5302/4856 3406/5301/4855 4922/5425/4954
f 3406/5301/4855 3182/5303/4857 3184/5426/4955
f 5043/5427/4956 3184/5428/4957 3354/5429/4958
f 3182/5303/4857 3185/5430/4959 3184/5426/4955
f 3185/5430/4959 5041/5431/4960 3184/5426/4955
f 3185/5430/4959 3199/5432/4961 5041/5431/4960
f 5041/5431/4960 3199/5432/4961 5042/5433/4962
f 3199/5432/4961 5046/5313/4963 5042/5433/4962
f 5046/5313/4963 3190/5434/4964 5042/5433/4962
f 5046/5313/4963 3189/5435/3869 3190/5434/4964
f 5058/5314/4866 5047/5323/4867 3189/5435/4965
f 3193/5436/4544 5047/5323/4867 5056/5437/4198
f 3203/5322/4083 3202/5438/4966 5047/5323/4867
f 3203/5322/4083 3349/5439/4967 3202/5438/4966
f 5047/5323/4867 3202/5438/4966 5056/5437/4198
f 5056/5440/3735 3349/5441/4968 3324/5442/4969
f 3143/5443/3942 3141/5444/4417 5059/5445/4870
f 3141/5444/4417 3137/5333/3926 5059/5445/4870
f 3349/5441/4968 3142/5446/4061 3355/5447/4531
f 5059/5445/4870 3137/5333/3926 3142/5446/4746
f 3137/5333/3926 5060/5448/4206 3142/5446/4746
f 5067/5334/344 3405/5449/4197 3137/5333/3926
f 3711/5336/4412 5070/5450/4970 3405/5449/4971
f 3137/5333/3926 3405/5449/4197 5060/5448/4206
f 3382/5451/4201 3319/5452/4972 3405/5449/4197
f 3711/5336/4412 5069/5338/4871 5070/5450/4970
f 5070/5450/4970 3712/5453/4971 3405/5449/4971
f 3382/5451/4201 3712/5454/4198 5069/5338/4871
f 3382/5451/4201 5069/5338/4871 3319/5452/4972
f 5069/5338/4871 3418/5341/4735 3383/5455/4973
f 3419/5337/4870 3418/5341/4735 5069/5338/4871
f 5069/5338/4871 3383/5455/4973 3332/5456/4974
f 3418/5457/4975 5055/5458/4871 3332/5456/4976
f 3473/5459/4977 3357/5205/4978 3381/5460/4538
f 3381/5460/4538 3357/5205/4978 3331/5461/4979
f 3418/5457/4975 3381/5460/4538 5055/5458/4871
f 5085/5206/4753 3452/5462/4980 3359/5344/4876
f 3357/5205/4978 3358/5463/4981 3331/5461/4979
f 3359/5344/4876 3452/5462/4980 3358/5463/4982
f 3358/5463/4982 3452/5462/4980 3360/5464/4983
f 5085/5206/4753 3361/5465/4984 3452/5462/4980
f 3452/5462/4980 3361/5465/4984 4751/5466/4985
f 4935/5467/4986 4848/5468/4987 4849/5469/4988
f 4843/5470/4989 5265/5471/4990 4402/5472/4991
f 5256/5348/4880 4374/5473/4882 5265/5471/4990
f 4402/5472/4991 5265/5471/4990 4363/5354/4884
f 4374/5473/4882 4363/5354/4884 5265/5471/4990
f 4363/5354/4884 4383/5474/4992 4376/5475/4993
f 4363/5354/4884 5266/5476/4994 4383/5474/4992
f 4363/5354/4884 4369/5477/4995 5266/5476/4994
f 5267/5356/4886 4368/5478/4996 4363/5354/4884
f 4363/5354/4884 4368/5478/4996 4369/5479/4995
f 4369/5479/4995 4368/5478/4996 4390/5480/4997
f 4390/5481/4998 4373/5482/4999 5266/5476/4994
f 4361/5483/5000 4373/5482/4999 4390/5481/4998
f 5268/5355/4888 5271/5357/4887 4361/5483/5000
f 5257/5221/4767 4360/5225/4771 5271/5357/4887
f 4361/5483/5000 5271/5357/4887 4373/5482/4999
f 4373/5482/4999 5271/5357/4887 4362/5484/5001
f 4360/5225/4771 4356/5362/4893 5271/5357/4887
f 5271/5485/4887 5260/5486/5002 5261/5487/5003
f 5271/5357/5004 4365/5488/5005 4364/5489/5006
f 4345/5490/5007 4365/5488/5005 5271/5357/5004
f 4345/5368/4899 5258/5369/4900 4348/5491/5008
f 4365/5488/5005 4340/5492/5009 4364/5489/5006
f 4348/5493/5010 4328/5494/5011 4340/5495/5012
f 4340/5495/5012 4328/5494/5011 4347/5496/5013
f 5258/5369/4900 4327/5497/5014 4328/5494/5011
f 5258/5369/4900 4326/5373/4903 5259/5498/5015
f 5258/5369/4900 5259/5498/5015 4327/5497/5014
f 4326/5373/4903 4325/5376/4905 5259/5498/5015
f 4330/5375/4904 4381/5378/3937 4325/5376/4905
f 4381/5378/5016 5272/5499/5017 4339/5500/5018
f 5272/5499/5017 4322/5501/5019 4339/5500/5018
f 5272/5499/5017 4321/5502/5020 4322/5501/5019
f 4339/5500/5018 4322/5501/5019 4325/5376/5021
f 4322/5501/5019 4321/5502/5020 4319/5503/5022
f 4320/5504/5023 4319/5503/5022 4321/5502/5020
f 4882/5384/4912 4379/5386/4914 4319/5505/5024
f 4379/5386/4914 4316/5385/4913 5325/5506/5025
f 4026/5507/5026 4027/5508/5027 4316/5385/4913
f 4316/5385/4913 4027/5508/5027 5325/5506/5025
f 4380/5509/5028 5325/5510/5029 4603/5511/5030
f 3873/5387/4915 4027/5508/5027 4026/5507/5026
f 3873/5387/4915 4028/5389/4917 4027/5508/5027
f 5285/5392/4920 5284/5512/3821 3867/5513/5031
f 5285/5392/4920 3879/5278/4830 5284/5512/3821
f 3879/5278/4830 3868/5514/5032 5284/5512/3821
f 3879/5278/4830 3869/5515/5033 3868/5514/5032
f 3878/5398/4926 3875/5400/4928 3869/5515/5033
f 3869/5515/5033 3875/5400/4928 3907/5516/5034
f 3869/5515/5033 3907/5516/5034 3868/5514/5032
f 3868/5514/5032 3864/5517/5035 5284/5512/3821
f 3907/5518/5036 3859/5519/5037 3864/5517/5038
f 3907/5520/5036 5301/5521/5039 3859/5522/5037
f 3875/5523/5040 3885/5524/5041 3859/5519/5042
f 3876/5399/4927 3877/5525/5043 3875/5400/4928
f 3885/5524/5041 3900/5526/5044 3859/5519/5042
f 5354/5527/5045 3912/5528/5046 3900/5529/5047
f 3911/5143/4702 3909/5403/4931 3912/5530/5048
f 3902/5404/4932 5352/5531/5049 3912/5528/5046
f 3912/5528/5046 5352/5531/5049 5353/5532/5050
f 3902/5404/4932 5355/5283/4836 2998/5533/5051
f 3902/5404/4932 2998/5533/5051 5352/5531/5049
f 2998/5533/5051 4783/5534/5052 5352/5531/5049
f 2998/5533/5051 5355/5283/4836 3910/5535/5053
f 3915/5410/4938 3931/5536/5054 3942/5537/5055
f 3915/5410/4938 3917/5409/4937 3916/5538/5056
f 3915/5410/4938 3916/5538/5056 3918/5539/5057
f 3915/5410/4938 3918/5539/5057 3931/5536/5054
f 5204/5415/4943 3919/5416/4945 3917/5409/4937
f 3917/5409/4937 3919/5416/4945 5207/5540/5058
f 4818/5418/4947 4683/5420/4949 4791/5422/4951
f 4791/5541/5059 4792/5542/5060 3237/5543/5061
f 4792/5542/5060 4683/5420/4949 3237/5543/5061
f 3237/5543/5061 4683/5420/4949 3235/5544/5062
f 4683/5420/4949 3406/5424/4953 3236/5545/5063
f 3406/5424/4953 4816/5546/5064 3236/5545/5063
f 3236/5545/5063 4816/5546/5064 4815/5547/5065
f 3236/5545/5063 4815/5547/5065 4814/5548/5066
f 4816/5546/5064 3354/5549/5067 4815/5547/5065
f 4814/5550/5068 3354/5551/4958 3252/5552/5069
f 3252/5552/5069 3354/5551/4958 3250/5553/5070
f 3354/5551/4958 3184/5426/4957 3192/5554/5071
f 3354/5551/4958 3192/5554/5071 5037/5555/5072
f 3354/5551/4958 5037/5555/5072 3404/5556/5073
f 3192/5554/5071 5038/5557/5074 5037/5555/5072
f 5038/5557/5074 3249/5558/5075 5037/5555/5072
f 3192/5559/5076 5041/5431/4960 3191/5560/5077
f 5041/5431/4960 5042/5433/4962 3191/5560/5077
f 5042/5433/5078 3198/5561/5078 3232/5562/5078
f 3232/5563/4074 5039/5564/4544 5161/5565/4531
f 3190/5434/5079 3196/5566/5080 3198/5561/5081
f 3196/5566/5080 5040/5567/5082 3198/5561/5081
f 5040/5567/5082 5032/5568/5083 3198/5561/5081
f 3204/5569/4198 5032/5568/5083 5040/5567/5082
f 3190/5434/4964 3189/5435/3869 3204/5569/4198
f 3189/5435/3869 3212/5570/5084 3204/5569/4198
f 3204/5569/4198 3212/5570/5084 3209/5571/5085
f 3204/5569/4198 3205/5572/5086 5032/5568/5083
f 3204/5569/4198 3209/5571/5085 3205/5572/5086
f 3193/5436/4544 3194/5573/3824 3189/5435/3869
f 3189/5435/3869 3207/5574/4531 3212/5570/5084
f 3189/5435/3869 3194/5573/3824 3207/5574/4531
f 3212/5570/5084 3194/5573/3824 3209/5571/5085
f 3193/5436/4544 5056/5437/4198 3194/5573/3824
f 5056/5437/4198 3200/5575/5087 3194/5573/3824
f 3194/5573/3824 3200/5575/5087 3201/5576/4425
f 3201/5576/4425 3200/5575/5087 5048/5577/5088
f 3200/5575/5087 3461/5578/5089 5048/5577/5088
f 3200/5579/5090 3324/5442/4969 3326/5580/5091
f 3349/5441/4968 3355/5447/4531 3324/5442/4969
f 3355/5447/4531 5060/5448/4206 3319/5452/4972
f 3405/5449/4197 3319/5452/4972 5060/5448/4206
f 3319/5452/4972 5069/5338/4871 3356/5581/4068
f 5069/5338/4871 3332/5456/4974 3356/5581/4068
f 3319/5452/4972 3356/5581/4068 3329/5582/4412
f 3332/5456/4976 5055/5458/4871 3329/5582/4412
f 3329/5582/4412 3392/5583/3959 3319/5452/4972
f 3329/5582/4412 5055/5458/4871 3392/5583/3959
f 3381/5460/4538 3331/5461/4979 5068/5584/4976
f 3381/5460/4538 5068/5584/4976 5055/5458/4871
f 3358/5463/4982 3360/5464/4983 5068/5584/4976
f 3360/5464/4983 3394/5585/5092 5068/5584/4976
f 4402/5472/4991 4399/5586/5093 4848/5587/5094
f 4399/5586/5093 4733/5588/5095 4848/5587/5094
f 4402/5472/4991 4377/5589/5096 4399/5586/5093
f 4377/5589/5096 4401/5590/5097 4399/5586/5093
f 4402/5472/4991 4363/5354/4884 4377/5589/5096
f 4363/5354/4884 4376/5475/4993 4377/5589/5096
f 4377/5589/5096 4376/5475/4993 4378/5591/5098
f 4399/5586/5093 4401/5590/5097 4400/5592/5099
f 4399/5586/5093 4874/5593/5100 4733/5588/5095
f 4874/5593/5100 4873/5594/5101 4733/5588/5095
f 4386/5595/5102 4383/5474/4992 4384/5596/5103
f 4878/5597/5104 4874/5593/5105 4400/5598/5106
f 4874/5593/5100 4871/5599/5107 4873/5594/5101
f 4384/5596/5103 4383/5474/4992 4871/5599/5108
f 4383/5474/4992 4872/5600/5109 4871/5599/5108
f 4383/5601/4992 5266/5602/4994 4373/5603/4999
f 4383/5474/4992 4385/5604/5110 4872/5600/5109
f 4871/5599/5107 4385/5605/5111 4873/5594/5101
f 4383/5474/4992 4414/5606/5112 4385/5604/5110
f 4383/5474/4992 4373/5482/4999 4414/5606/5112
f 4362/5484/5001 4375/5607/5113 4382/5608/5114
f 4419/5609/5115 4421/5610/5116 4418/5611/5117
f 4420/5612/5118 4416/5613/5119 4414/5614/5120
f 4420/5612/5118 5446/5615/5121 4416/5613/5119
f 4362/5484/5001 5271/5357/4887 4375/5607/5113
f 5271/5357/4887 4370/5616/5122 4375/5607/5113
f 4421/5610/5116 4417/5617/5123 4418/5611/5117
f 4418/5611/5117 4417/5617/5123 4416/5613/5119
f 4416/5613/5119 4417/5617/5123 4413/5618/5124
f 5261/5619/5003 4370/5616/5122 5271/5357/4887
f 4375/5607/5113 4370/5616/5122 4678/5620/5125
f 4678/5620/5125 4851/5621/5126 4955/5622/5127
f 4370/5616/5122 4851/5621/5126 4678/5620/5125
f 4955/5623/5128 4811/5624/5129 4809/5625/5130
f 4955/5623/5128 4809/5625/5130 4413/5618/5124
f 5261/5619/5003 4372/5626/5131 4371/5627/5132
f 5261/5619/5003 4371/5627/5132 4370/5616/5122
f 4372/5626/5131 4340/5495/5012 4662/5628/5133
f 4372/5626/5131 4662/5628/5133 4371/5627/5132
f 4340/5495/5012 4347/5496/5013 4662/5628/5133
f 4347/5496/5013 4328/5494/5011 4327/5497/5014
f 4662/5629/5134 4327/5497/5134 4411/5630/5135
f 5259/5498/5015 4322/5501/5136 4327/5497/5014
f 4327/5497/5014 4322/5501/5136 4324/5631/5137
f 4324/5631/5137 4322/5501/5136 4344/5632/5138
f 4322/5501/5019 4319/5503/5022 4140/5633/5139
f 4319/5503/5022 4323/5634/5140 4140/5633/5139
f 4379/5386/5141 4380/5509/5142 4323/5634/5143
f 4380/5509/5028 3995/5635/5144 4140/5636/5145
f 3995/5635/5144 4380/5509/5028 3994/5637/5146
f 4603/5511/5030 4028/5638/4917 3994/5637/5146
f 4603/5511/5030 3994/5637/5146 4380/5509/5028
f 4028/5638/4917 3993/5388/4916 3994/5637/5146
f 3994/5637/5146 3993/5388/4916 3996/5639/5147
f 3994/5637/5146 3996/5639/5147 4020/5640/5148
f 3993/5388/4916 3858/5641/5149 3996/5639/5147
f 3867/5513/5031 5284/5512/3821 3858/5641/5150
f 3858/5641/5150 5284/5512/3821 3857/5642/5151
f 5284/5512/3821 3866/5643/5152 3857/5642/5151
f 3866/5643/5152 3851/5644/5153 3857/5642/5151
f 3866/5643/5152 3864/5517/5038 3851/5644/5153
f 3864/5517/5038 3859/5519/5037 3851/5644/5153
f 3900/5529/5047 3912/5528/5046 3897/5645/5154
f 3859/5519/5042 3900/5526/5044 3862/5646/5155
f 3900/5529/5047 3897/5645/5154 4847/5647/5156
f 3912/5528/5046 5353/5532/5050 3897/5645/5154
f 5353/5532/5050 3896/5648/5157 3897/5645/5154
f 5353/5532/5050 4783/5649/5158 3896/5648/5157
f 4783/5649/5158 3899/5650/5159 3896/5648/5157
f 4783/5649/5158 3898/5651/5160 3899/5650/5159
f 3896/5648/5157 3899/5650/5159 4928/5652/5161
f 3898/5651/5160 4783/5649/5158 4931/5653/5162
f 4928/5654/5163 3930/5655/5164 3929/5656/5165
f 5206/5657/5166 3933/5658/5167 5305/5659/5168
f 3942/5537/5055 3931/5536/5054 5305/5659/5168
f 5305/5659/5168 3931/5536/5054 5206/5657/5166
f 3931/5536/5054 5205/5660/5169 5206/5657/5166
f 3918/5661/5170 3917/5409/4937 5207/5540/5058
f 3918/5661/5170 5207/5540/5058 5205/5660/5169
f 5205/5660/5169 5207/5540/5058 5206/5657/5166
f 3919/5416/4945 3922/5662/5171 5207/5540/5058
f 3919/5416/4945 2962/5663/5172 3922/5662/5171
f 3922/5662/5171 2962/5663/5172 3935/5664/5173
f 3935/5665/5174 3941/5666/5175 3920/5667/5176
f 2962/5295/4848 2973/5294/4847 2961/5668/5177
f 2973/5294/4847 2971/4922/4517 2974/5669/5178
f 2971/4922/4517 2963/5043/4623 2958/5670/5179
f 3237/5543/5061 3235/5544/5062 3379/5671/5180
f 4683/5420/4949 3236/5545/5063 3235/5544/5062
f 3235/5544/5062 3229/5672/5181 3234/5673/5182
f 3235/5544/5062 3236/5545/5063 3229/5672/5181
f 3253/5674/5183 3252/5552/5069 3250/5553/5070
f 3236/5545/5063 3230/5675/5184 3229/5672/5181
f 3252/5552/5069 3253/5674/5183 3236/5545/5063
f 3236/5545/5063 3253/5674/5183 3230/5675/5184
f 3250/5553/5070 3354/5551/4958 5036/5676/5185
f 3354/5551/4958 3404/5556/5073 5036/5676/5185
f 3250/5677/5186 3225/5678/5187 3230/5679/5188
f 5036/5676/5185 3251/5680/5189 3225/5681/5190
f 3404/5556/5073 3251/5680/5189 5036/5676/5185
f 3223/5682/5191 3251/5683/5192 5034/5684/4310
f 3249/5558/5075 5035/5685/5193 5037/5555/5072
f 3249/5558/5075 3232/5563/4074 5035/5685/5193
f 3232/5563/4074 5161/5565/4531 5035/5685/5193
f 5035/5685/5193 5161/5565/4531 5034/5686/3932
f 5161/5565/4531 5039/5564/4544 3221/5687/3824
f 3198/5561/5081 3210/5688/4746 5039/5564/5194
f 3198/5561/5081 5032/5568/5083 5033/5689/3755
f 3198/5561/5081 5033/5689/3755 3210/5688/4746
f 3346/5690/5195 5017/5691/5196 5039/5564/4544
f 3346/5690/5195 3210/5688/4746 5017/5691/5196
f 3210/5688/4746 5033/5689/3755 5017/5691/5196
f 3205/5572/5086 3209/5571/5085 3206/5692/5197
f 3206/5692/5197 3380/5693/5198 3205/5572/5086
f 3205/5694/5199 5020/5695/5200 5033/5696/5201
f 5033/5696/5201 5020/5695/5200 3276/5697/5202
f 5018/5698/3932 5019/5699/3932 5020/5700/3932
f 3209/5571/5085 3194/5573/3824 3208/5701/4974
f 3380/5702/3940 3328/5703/4544 5020/5704/4317
f 5020/5704/4317 3328/5703/4544 3327/5705/4412
f 3194/5573/3824 3201/5576/4425 3208/5701/4974
f 3461/5706/5089 3326/5707/5203 5048/5708/5088
f 5048/5577/5088 3326/5709/5203 3328/5703/4544
f 3328/5703/4544 3326/5709/5203 3327/5705/4412
f 3327/5705/4412 3326/5709/5203 3323/5710/5204
f 3326/5709/5203 5049/5711/5205 3323/5710/5204
f 3324/5442/4969 3355/5447/4531 5160/5712/5206
f 3324/5442/4969 5160/5712/5206 3326/5580/5091
f 3326/5713/5203 5050/5714/5207 5049/5715/5205
f 3323/5710/5204 5049/5711/5205 3322/5716/3627
f 3355/5447/4531 3319/5452/4972 5160/5712/5206
f 3319/5452/4972 3321/5717/4531 5160/5712/5206
f 5049/5711/5205 3321/5717/4531 3322/5716/3627
f 3321/5717/4531 5031/5718/4071 3322/5716/3627
f 3321/5717/4531 3319/5452/4972 5031/5718/4071
f 5031/5718/4071 3319/5452/4972 3318/5719/4424
f 3319/5452/4972 3392/5583/3959 5052/5720/5208
f 3392/5583/3959 5053/5721/4299 5052/5720/5208
f 3392/5583/3959 5054/5722/5209 5053/5721/4299
f 5055/5458/4871 5068/5584/4976 5054/5723/5210
f 3330/5724/5211 5054/5723/5210 3367/5725/5212
f 5068/5584/4976 3394/5585/5092 5057/5726/5213
f 3394/5585/5092 4698/5727/5214 5057/5726/5213
f 5068/5584/4976 5057/5726/5213 5054/5723/5210
f 5054/5723/5210 5057/5726/5213 3342/5728/5215
f 5057/5726/5213 3401/5729/5216 3342/5728/5215
f 5057/5726/5213 3402/5730/5217 3401/5729/5216
f 3394/5585/5092 4751/5731/5218 4581/5732/5219
f 3394/5585/5092 4581/5732/5219 4698/5727/5214
f 4581/5732/5219 4751/5731/5218 4633/5733/5220
f 3402/5730/5217 4581/5732/5219 4633/5733/5220
f 3402/5730/5217 4633/5733/5220 3401/5729/5216
f 4849/5469/4988 4848/5468/4987 4499/5734/5221
f 4499/5734/5222 4500/5735/5223 4914/5736/5224
f 4848/5587/5094 4733/5588/5095 4256/5737/5225
f 4499/5734/5222 4498/5738/5226 4256/5739/5227
f 4499/5734/5222 4789/5740/5228 4500/5735/5223
f 4499/5734/5222 4256/5739/5227 4253/5741/5229
f 4499/5734/5222 4253/5741/5229 4789/5740/5228
f 4764/5742/5230 4873/5743/5231 4260/5744/5232
f 4764/5742/5230 4260/5744/5232 4256/5745/5233
f 4256/5745/5233 4252/5746/5234 4255/5747/5235
f 4873/5594/5101 5322/5748/5236 4875/5749/5237
f 4256/5745/5233 4292/5750/5238 4252/5746/5234
f 4256/5745/5233 4260/5744/5232 4292/5750/5238
f 4873/5594/5101 4385/5605/5111 5322/5748/5236
f 4927/5751/5239 5322/5752/5240 4414/5614/5120
f 4927/5751/5239 4414/5614/5120 4292/5753/5241
f 4416/5613/5119 4413/5618/5124 4414/5614/5120
f 4414/5614/5120 4415/5754/5242 4292/5753/5241
f 4414/5614/5120 4413/5618/5124 4415/5754/5242
f 4413/5618/5124 5320/5755/5243 4415/5754/5242
f 4809/5625/5130 4411/5756/5244 4413/5618/5124
f 4413/5618/5124 4411/5756/5244 4412/5757/5245
f 4413/5618/5124 4412/5757/5245 5320/5755/5243
f 4412/5757/5245 4108/5758/5246 4106/5759/5247
f 4327/5760/5248 4342/5761/5249 4341/5762/5250
f 4109/5763/5251 4107/5764/5252 4108/5765/5253
f 4327/5760/5248 4344/5766/5254 4342/5761/5249
f 4342/5761/5249 4344/5766/5254 4354/5767/5255
f 4341/5762/5256 4354/5768/5257 4343/5769/5258
f 4341/5762/5256 4343/5769/5258 4109/5770/5259
f 4344/5766/5254 4804/5771/5260 4354/5767/5255
f 5324/5772/5261 4104/5773/5262 4101/5774/5263
f 4354/5775/5264 4104/5773/5265 4111/5776/5266
f 4140/5636/5145 3863/5777/5267 4920/5778/5268
f 4104/5773/5262 4920/5778/5268 4101/5774/5263
f 4920/5778/5268 3863/5777/5267 4101/5774/5263
f 4140/5636/5145 3995/5635/5144 3863/5777/5267
f 4925/5779/5269 4020/5780/5270 3863/5781/5271
f 3863/5781/5272 5283/5782/5273 4103/5783/5274
f 4020/5640/5275 3906/5784/5276 5283/5785/5277
f 3996/5639/5278 3857/5786/5279 3906/5784/5276
f 3857/5786/5279 5283/5785/5277 3906/5784/5276
f 3857/5786/5279 3859/5519/5042 5283/5785/5277
f 5283/5785/5277 3859/5519/5042 3850/5787/5280
f 3859/5519/5042 3856/5788/5281 3850/5787/5280
f 3859/5519/5042 3852/5789/5282 3856/5788/5281
f 3856/5788/5281 3852/5789/5282 3849/5790/5283
f 3849/5790/5284 3847/5791/5285 3848/5792/5286
f 3859/5519/5042 3862/5646/5155 3852/5789/5282
f 4847/5793/5287 4834/5794/5288 5350/5795/5289
f 4834/5794/5288 3897/5645/5154 5350/5795/5289
f 3852/5789/5282 3862/5646/5155 3847/5796/5290
f 4835/5797/5291 4847/5793/5287 5350/5795/5289
f 5351/5798/5292 5350/5799/5293 3847/5800/5285
f 3897/5645/5154 3896/5648/5157 5350/5795/5289
f 5350/5799/5293 5349/5801/5294 3847/5800/5285
f 5350/5795/5289 3896/5648/5157 3844/5802/5295
f 3896/5648/5157 3901/5803/5296 3844/5802/5295
f 3929/5656/5165 3930/5655/5164 3937/5804/5297
f 5206/5657/5166 5387/5805/5298 3930/5655/5164
f 5206/5657/5166 3924/5806/5299 5387/5805/5298
f 5206/5657/5166 5207/5540/5058 3920/5667/5176
f 5206/5657/5166 3920/5667/5176 3924/5806/5299
f 3924/5806/5299 3920/5667/5176 3946/5807/5300
f 3920/5667/5176 3941/5666/5175 3925/5808/5301
f 4932/5809/5302 4088/5810/5303 3947/5811/5304
f 3947/5811/5304 4088/5810/5303 3927/5812/5305
f 2961/5668/5177 2973/5294/4847 4091/5813/5306
f 2973/5294/4847 2974/5669/5178 4091/5813/5306
f 2974/5669/5178 2971/4922/4517 2959/5814/5307
f 2971/4922/4517 2958/5670/5179 2959/5814/5307
f 3231/5815/5308 3228/5816/5309 3229/5672/5310
f 3228/5816/5311 3230/5679/5188 3226/5817/5312
f 3225/5678/5187 3223/5682/5191 3224/5818/5313
f 3230/5679/5188 3225/5678/5187 3226/5817/5312
f 3225/5678/5187 3224/5818/5313 3226/5817/5312
f 3223/5682/5191 3222/5819/5314 3224/5818/5313
f 3223/5682/5191 5034/5684/4310 3222/5819/5314
f 3222/5819/5314 5034/5684/4310 5008/5820/5315
f 3224/5818/5313 3222/5819/5314 5162/5821/5316
f 5162/5822/5317 5008/5820/5315 3233/5823/4305
f 5034/5684/4310 3233/5823/4305 5008/5820/5315
f 3233/5823/4305 5034/5684/4310 3238/5824/4082
f 5034/5684/4310 5007/5825/4078 3238/5824/4082
f 5034/5684/4310 3221/5687/3824 5007/5825/4078
f 5007/5825/4078 5009/5826/4543 5006/5827/5318
f 3221/5687/3824 5039/5564/4544 5009/5826/4543
f 5007/5825/4078 3221/5687/3824 5009/5826/4543
f 5039/5564/4544 5017/5691/5196 5009/5826/4543
f 5017/5691/5196 3276/5697/5202 5009/5826/4543
f 3276/5697/5202 5020/5695/5200 5009/5826/4543
f 5020/5695/5200 5021/5828/3755 5009/5826/4543
f 5021/5828/3755 3327/5705/4746 3298/5829/3930
f 3327/5705/4746 5030/5830/4084 3298/5829/3930
f 5030/5830/4084 5022/5831/4746 3298/5829/3930
f 5030/5830/4084 3393/5832/4317 5022/5831/4746
f 5022/5831/4746 3393/5832/4317 5031/5718/4071
f 5031/5718/4071 3318/5719/4424 5022/5831/4746
f 3318/5719/4424 3319/5452/4972 3320/5833/5319
f 3318/5719/4424 3320/5833/5319 3302/5834/5320
f 5022/5831/4746 3318/5719/4424 3300/5835/5321
f 3300/5836/5322 3302/5837/4422 5029/5838/4078
f 3320/5833/5319 3325/5839/5323 3302/5834/5320
f 3320/5833/5319 5052/5840/5324 3325/5839/5323
f 3302/5837/4422 3304/5841/5325 5051/5842/3927
f 3325/5839/5323 5052/5840/5324 3389/5843/3832
f 3325/5839/5323 3389/5843/3832 3304/5844/3755
f 3304/5844/3755 3389/5843/3832 3430/5845/3755
f 5053/5846/5326 3391/5847/5327 3389/5843/3832
f 3389/5843/3832 5025/5848/3834 5027/5849/3841
f 3389/5843/3832 3391/5847/5327 5025/5848/3834
f 5025/5848/3834 3391/5847/5327 3390/5850/5328
f 3330/5724/5211 3367/5725/5212 3390/5851/5329
f 3390/5851/5329 3367/5725/5212 3388/5852/4421
f 5054/5723/5210 3342/5728/5215 3367/5725/5212
f 3367/5725/5212 3403/5853/5330 3388/5852/4421
f 3403/5854/5331 3401/5729/5216 3470/5855/5332
f 3401/5729/5216 4633/5733/5220 3470/5855/5332
f 4819/5856/5333 4854/5857/5334 4821/5858/5335
f 4819/5856/5333 4821/5858/5335 4309/5859/5336
f 4500/5860/5337 4760/5861/5338 4821/5862/5339
f 4760/5861/5338 4789/5863/5340 4759/5864/5341
f 4758/5865/5342 4759/5864/5341 4789/5863/5340
f 4760/5861/5338 4759/5864/5341 4821/5862/5339
f 4821/5858/5335 4254/5866/5343 4309/5859/5336
f 4309/5859/5336 4254/5866/5343 4307/5867/5344
f 4253/5868/5345 4254/5869/5346 4759/5870/5347
f 4253/5868/5345 4688/5871/5348 4254/5869/5346
f 4254/5869/5346 4688/5871/5348 4304/5872/5349
f 4255/5747/5235 4252/5746/5234 4305/5873/5350
f 4253/5868/5345 4255/5747/5235 4688/5871/5348
f 4688/5871/5348 4255/5747/5235 4305/5873/5350
f 4252/5746/5234 4249/5874/5351 4305/5873/5350
f 4249/5874/5351 4251/5875/5352 4305/5873/5350
f 4292/5876/5353 4280/5877/5354 5434/5878/5355
f 4252/5746/5356 5434/5878/5355 4646/5879/5357
f 5434/5878/5355 4280/5877/5354 4279/5880/5358
f 4280/5881/5359 4311/5882/5360 4312/5883/5361
f 4311/5882/5360 4231/5884/5362 4312/5883/5361
f 5320/5755/5243 4607/5885/5363 4311/5886/5364
f 4607/5885/5363 4780/5887/5365 4311/5886/5364
f 4412/5757/5245 4106/5759/5247 5320/5755/5243
f 4607/5885/5363 5320/5755/5243 4106/5759/5247
f 4607/5885/5363 4106/5759/5247 4410/5888/5366
f 4410/5888/5366 4106/5759/5247 4409/5889/5367
f 5323/5890/5368 4107/5764/5252 4106/5759/5369
f 5323/5890/5368 4108/5765/5253 4107/5764/5252
f 4107/5764/5252 4101/5774/5263 4106/5759/5369
f 4101/5774/5263 4105/5891/5370 4106/5759/5369
f 5324/5772/5261 4101/5774/5263 4107/5764/5252
f 4101/5774/5263 4102/5892/5371 4105/5891/5370
f 4103/5783/5274 5283/5782/5273 3853/5893/5372
f 3854/5894/5373 3850/5787/5374 3853/5893/5372
f 5283/5782/5273 3854/5894/5373 3853/5893/5372
f 3850/5787/5374 3855/5895/5375 3853/5893/5372
f 5281/5896/5376 5282/5897/5377 3855/5895/5375
f 3850/5787/5280 4043/5898/5378 5281/5896/5376
f 3850/5787/5280 3856/5788/5281 4043/5898/5378
f 3856/5788/5281 3848/5792/5379 4043/5898/5378
f 4043/5899/5380 4044/5900/5381 4042/5901/5382
f 3848/5792/5286 3845/5902/5383 4044/5900/5384
f 3848/5792/5286 3847/5791/5285 3845/5902/5383
f 3847/5791/5285 5349/5903/5294 3845/5902/5383
f 3845/5902/5385 3844/5904/5386 3821/5905/5387
f 3844/5904/5386 3861/5906/5388 3860/5907/5389
f 3938/5908/5390 3937/5804/5297 3939/5909/5391
f 3937/5804/5297 3930/5655/5164 3936/5910/5392
f 3937/5804/5297 3936/5910/5392 3939/5909/5391
f 3930/5655/5164 5387/5805/5298 3936/5910/5392
f 3936/5910/5392 5387/5805/5298 3934/5911/5393
f 5387/5805/5298 3943/5912/5394 3934/5911/5393
f 3920/5667/5176 3925/5808/5301 3946/5807/5300
f 3947/5811/5304 3927/5812/5305 3925/5808/5395
f 3926/5913/5396 3925/5808/5395 3927/5812/5305
f 3932/5914/5397 3926/5913/5396 5384/5915/5398
f 3927/5812/5305 3928/5916/5399 3926/5913/5396
f 3926/5913/5396 3928/5916/5399 5385/5917/5400
f 4086/5918/5401 4085/5919/5402 4087/5920/5403
f 4086/5918/5401 4088/5921/5404 4085/5919/5402
f 4088/5921/5404 2961/5922/5405 4085/5919/5402
f 4085/5923/5406 5386/5924/5407 5385/5925/5408
f 4085/5919/5402 4029/5926/5409 4089/5927/5410
f 2961/5922/5405 4090/5928/5411 4085/5919/5402
f 4085/5919/5402 4090/5928/5411 4029/5926/5409
f 4091/5929/5412 4095/5930/5413 4090/5928/5414
f 4090/5928/5414 4095/5930/5413 4092/5931/5415
f 4090/5928/5414 4092/5931/5415 4865/5932/5416
f 4092/5931/5415 4095/5930/5413 4093/5933/5417
f 4095/5930/5413 4094/5934/5418 4093/5933/5417
f 2974/5669/5178 2959/5814/5307 2969/5935/5419
f 2974/5669/5178 2969/5935/5419 2975/5936/5420
f 4796/5937/5421 4802/5938/5422 4765/5939/5423
f 4796/5937/5421 4765/5939/5423 4795/5940/5424
f 3234/5673/5182 3229/5672/5181 3283/5941/5425
f 3234/5942/5426 3294/5943/5427 3343/5944/5428
f 4802/5938/5422 4080/5945/5429 4765/5939/5423
f 3294/5943/5430 3284/5946/5431 3317/5947/5432
f 3294/5943/5430 3283/5941/5433 3284/5946/5431
f 3284/5946/5431 3283/5941/5433 3277/5948/5434
f 3229/5672/5181 3226/5817/5435 3283/5941/5425
f 3283/5941/5433 3227/5949/5436 3277/5948/5434
f 3227/5949/5436 3254/5950/5437 3277/5948/5434
f 3284/5946/5431 3277/5948/5434 3290/5951/5438
f 3227/5949/5439 3226/5817/5312 3224/5818/5313
f 3254/5950/5437 3224/5818/5440 3277/5948/5434
f 3224/5818/5440 3242/5952/5441 3277/5948/5434
f 3224/5818/5440 5005/5953/5442 3242/5952/5441
f 5162/5821/5316 3243/5954/5443 3224/5818/5313
f 5162/5821/5316 3282/5955/5444 3243/5954/5443
f 5005/5953/5442 3243/5956/5445 3242/5952/5441
f 3243/5956/5445 3240/5957/5446 3242/5952/5441
f 3243/5956/5445 3238/5958/3733 3240/5957/5446
f 3233/5823/4305 3238/5824/4082 3282/5955/5447
f 5006/5827/5318 5009/5826/4543 3238/5958/3733
f 3238/5958/3733 5009/5826/4543 5000/5959/4200
f 3238/5958/3733 5000/5959/4200 3239/5960/4057
f 5009/5826/4543 5001/5961/5200 5000/5959/4200
f 5009/5826/4543 5021/5828/3755 3295/5962/4425
f 5009/5826/4543 3296/5963/4074 3263/5964/4074
f 5021/5828/3755 5010/5965/4201 3295/5962/4425
f 5009/5826/4543 3295/5962/4425 3296/5963/4074
f 5010/5965/4201 3298/5829/3930 3296/5963/4074
f 3296/5963/4074 5003/5966/3745 3263/5964/4074
f 3296/5963/4074 3298/5829/3930 5003/5966/3745
f 5021/5828/3755 3298/5829/3930 5010/5965/4201
f 3298/5829/3930 3297/5967/5448 5003/5966/3745
f 5022/5831/4746 5015/5968/5449 3298/5829/3930
f 3298/5969/3930 5015/5970/5449 5016/5971/4084
f 5015/5972/5450 3292/5973/5451 3435/5974/5031
f 3301/5975/5452 3300/5836/5322 3292/5973/3635
f 3292/5973/3635 5029/5838/4078 3311/5976/4076
f 3292/5973/3635 3311/5976/4076 3450/5977/5453
f 3300/5836/5322 5029/5838/4078 3292/5973/3635
f 3302/5837/4422 5051/5842/3927 5029/5838/4078
f 5029/5838/4078 5028/5978/4078 3311/5976/4076
f 5029/5838/4078 5051/5842/3927 3303/5979/4335
f 5051/5842/3927 3430/5845/3755 3303/5979/4335
f 3303/5979/4335 3335/5980/4074 5028/5981/4078
f 3303/5979/4335 3430/5845/3755 3335/5980/4074
f 3430/5845/3755 3389/5843/3832 5027/5849/3841
f 3430/5845/3755 3305/5982/5454 3335/5980/4074
f 3430/5845/3755 5027/5849/3841 3305/5982/5454
f 5027/5849/3841 5025/5848/3834 3387/5983/5455
f 5025/5848/3834 5026/5984/5456 3387/5983/5455
f 5025/5848/3834 3390/5850/5328 3475/5985/5457
f 3475/5986/5458 3388/5852/4421 5026/5984/5459
f 5026/5984/5459 3388/5852/4421 5023/5987/5460
f 5026/5984/5459 5023/5987/5460 3386/5988/5461
f 3388/5852/4421 3403/5853/5330 5023/5987/5460
f 4432/5989/5462 3445/5990/5463 3403/5853/5330
f 4432/5989/5462 4433/5991/5464 3445/5990/5463
f 3403/5853/5330 5024/5992/5465 5023/5987/5460
f 3403/5853/5330 3445/5990/5463 5024/5992/5465
f 4433/5991/5464 4434/5993/5466 3445/5990/5463
f 4304/5872/5349 4305/5994/5467 4254/5869/5346
f 4307/5867/5344 4731/5995/5468 4306/5996/5469
f 4309/5859/5336 4307/5867/5344 4306/5996/5469
f 4254/5869/5346 4306/5996/5469 4731/5995/5468
f 4306/5996/5469 4254/5869/5346 4597/5997/5470
f 4254/5869/5346 4918/5998/5471 4597/5997/5470
f 4254/5869/5346 4305/5994/5467 5432/5999/5472
f 4254/5869/5346 5432/5999/5472 4918/5998/5471
f 5432/5999/5472 4257/6000/5473 4918/5998/5471
f 5432/5999/5472 4251/5875/5352 4257/6000/5473
f 4257/6000/5473 4251/5875/5352 4250/6001/5474
f 4251/5875/5352 4249/5874/5351 4250/6001/5474
f 4249/5874/5351 4646/5879/5444 5433/6002/5475
f 5434/5878/5355 4276/6003/5476 4646/5879/5357
f 5433/6002/5475 4276/6004/5477 4234/6005/5478
f 4276/6004/5477 4233/6006/5479 5427/6007/5480
f 4276/6003/5476 5434/5878/5355 4277/6008/5481
f 5434/5878/5355 4279/5880/5358 4278/6009/5482
f 5434/5878/5355 4278/6009/5482 4277/6008/5481
f 4277/6008/5481 4278/6009/5482 4233/6006/5479
f 4312/5883/5361 4231/5884/5362 4278/6010/5483
f 4233/6006/5479 4278/6009/5482 5430/6011/5484
f 4311/5882/5360 4265/6012/5485 4231/5884/5362
f 4278/6013/5483 4231/6014/5362 5431/6015/5486
f 4231/5884/5362 4265/6012/5485 4409/6016/5487
f 4231/5884/5362 4263/6017/5488 4262/6018/5489
f 4409/6016/5487 4263/6017/5488 4231/5884/5362
f 4409/6016/5487 4264/6019/5490 4263/6017/5488
f 4409/5889/5491 4110/6020/5492 4313/6021/5493
f 4263/6017/5488 4266/6022/5494 5425/6023/5495
f 4110/6020/5492 2987/6024/5496 4313/6021/5493
f 4266/6022/5494 4214/6025/5497 5425/6023/5495
f 4110/6020/5492 4102/6026/5371 2987/6024/5496
f 2987/6024/5496 4102/6026/5371 4115/6027/5498
f 4110/6020/5492 4106/5759/5369 4102/6026/5371
f 4106/5759/5369 5321/6028/5499 4102/6026/5371
f 4105/5891/5370 5321/6028/5499 4106/5759/5369
f 4102/6026/5371 5319/6029/5500 4115/6027/5498
f 4102/5892/5371 4101/5774/5263 4008/6030/5501
f 4101/5774/5263 4098/6031/5502 4008/6030/5501
f 4101/5774/5263 4100/6032/5503 4098/6031/5502
f 4098/6031/5502 4100/6032/5503 4099/6033/5504
f 3853/5893/5372 4015/6034/5505 3865/6035/5506
f 4099/6033/5507 3839/6036/5508 3833/6037/5509
f 4099/6038/5510 3865/6035/5506 4001/6039/5511
f 4099/6038/5510 4001/6039/5511 4000/6040/5512
f 3865/6035/5506 4015/6034/5505 4001/6039/5511
f 3855/5895/5375 4015/6034/5505 3853/5893/5372
f 3855/5895/5375 5282/5897/5377 4015/6034/5505
f 5282/5897/5377 4017/6041/5513 4015/6034/5505
f 4015/6034/5505 4017/6041/5513 4016/6042/5514
f 4016/6042/5514 4018/6043/5515 3838/6044/5516
f 4016/6042/5514 4017/6041/5513 4018/6043/5515
f 4018/6043/5515 4017/6041/5513 4019/6045/5517
f 5282/5897/5377 5281/5896/5376 4046/6046/5518
f 5281/5896/5376 4043/5898/5378 4046/6046/5518
f 4019/6047/5519 3831/6048/5520 3838/6049/5521
f 4042/5901/5382 4044/5900/5381 5348/6050/5522
f 4042/5901/5382 5348/6050/5522 3831/6048/5520
f 3831/6048/5520 5348/6050/5522 3822/6051/5523
f 5348/6050/5522 3845/5902/5385 3822/6051/5523
f 3845/5902/5385 3821/5905/5387 3822/6051/5523
f 3844/5904/5386 3846/6052/5524 3821/5905/5387
f 3844/5904/5386 3860/5907/5389 3846/6052/5524
f 3821/5905/5387 5347/6053/5525 3822/6051/5523
f 3821/5905/5387 3819/6054/5526 5347/6053/5525
f 3819/6054/5526 3846/6052/5524 3818/6055/5527
f 3846/6052/5524 3860/5907/5389 3843/6056/5528
f 3939/5909/5529 3967/6057/5530 3966/6058/5531
f 3846/6052/5524 3843/6056/5528 3818/6055/5527
f 3967/6057/5530 3936/5910/5532 3965/6059/5533
f 3967/6057/5530 3965/6059/5533 3966/6058/5531
f 3965/6059/5533 3960/6060/5534 3966/6058/5531
f 3936/5910/5532 3957/6061/5535 3955/6062/5536
f 3936/5910/5532 3961/6063/5537 3965/6059/5533
f 3936/5910/5532 3955/6062/5536 3961/6063/5537
f 3961/6063/5537 3955/6062/5536 3960/6060/5534
f 3957/6061/5535 3943/6064/5538 3956/6065/5539
f 3957/6061/5535 3956/6065/5539 3955/6062/5536
f 3956/6065/5539 5208/6066/5540 3955/6062/5536
f 3943/5912/5394 5387/5805/5298 5208/6066/5540
f 5387/5805/5298 3946/6067/5541 3932/5914/5397
f 5387/5805/5298 3932/5914/5397 5208/6066/5540
f 3955/6062/5536 5208/6066/5540 5384/5915/5398
f 3932/5914/5397 5384/5915/5398 5208/6066/5540
f 3926/5913/5396 5385/5917/5400 5384/5915/5398
f 5385/5917/5400 4030/6068/5542 5384/5915/5398
f 4030/6068/5542 4029/6069/5543 5384/5915/5398
f 4029/6069/5543 3987/6070/5544 5384/5915/5398
f 4865/6071/5545 4093/5933/5546 4864/6072/5547
f 4864/6072/5547 4093/5933/5546 4862/6073/5548
f 2975/5936/5420 2969/5935/5419 2970/6074/5549
f 4736/6075/5550 4754/6076/5551 4737/6077/5552
f 4736/6075/5550 4737/6077/5552 4735/6078/5553
f 4754/6076/5551 4808/6079/5554 4737/6077/5552
f 4795/5940/5424 4765/5939/5423 4754/6080/5555
f 4808/6081/5556 4392/6082/5557 4734/6083/5558
f 4808/6081/5556 4765/6084/5559 4392/6082/5557
f 4735/6078/5560 4734/6083/5558 4392/6082/5557
f 4093/5933/5546 4863/6085/5561 4862/6073/5548
f 4077/6086/5562 4078/6087/5563 3787/6088/5564
f 4078/6087/5563 4076/6089/5565 3787/6088/5564
f 3294/5943/5427 3272/6090/5566 3343/5944/5428
f 3343/5944/5428 3272/6090/5566 3266/6091/5567
f 3272/6090/5566 3273/6092/5568 3266/6091/5567
f 3289/6093/5569 3277/6094/5570 3308/6095/5571
f 3289/6093/5569 3308/6095/5571 3284/6096/5572
f 3308/6095/5571 3277/6094/5570 3267/6097/5573
f 3308/6095/5571 3267/6097/5573 3271/6098/5574
f 3277/6094/5570 3246/6099/5575 3267/6097/5573
f 3273/6092/5568 3284/6100/5576 3266/6091/5567
f 3284/6100/5576 3271/6098/5577 3266/6091/5567
f 3271/6098/5574 3267/6097/5573 4877/6101/5578
f 3266/6091/5579 4877/6101/5578 3267/6097/5573
f 3277/6094/5570 3245/6102/5580 3246/6099/5575
f 3242/5952/5441 3244/6103/5581 3245/6104/5582
f 3246/6099/5575 3244/6103/5581 3267/6097/5573
f 3244/6103/5581 4988/6105/5583 3267/6097/5573
f 3242/5952/5441 3240/5957/5446 4988/6105/5583
f 3242/5952/5441 4988/6105/5583 3244/6103/5581
f 4988/6105/5583 3240/5957/5446 4989/6106/5584
f 4988/6105/5583 4989/6106/5584 3275/6107/5585
f 3238/5958/3733 3274/6108/5586 3240/5957/5446
f 3238/5958/3733 3239/5960/4057 3274/6108/5586
f 3240/5957/5446 3274/6108/5586 3275/6109/5587
f 3239/6110/5588 3259/6111/5588 3275/6112/5588
f 3239/5960/4057 5000/5959/4200 3241/6113/3824
f 3241/6113/3824 3293/6114/5589 3239/5960/4057
f 3259/6111/4228 3293/6115/5590 5001/6116/3821
f 5001/5961/5200 5009/5826/4543 3261/6117/3940
f 5001/6116/3821 3260/6118/4197 3259/6111/4228
f 3261/6117/4308 3262/6119/379 3257/6120/4197
f 3261/6117/4308 3263/6121/5591 5004/6122/3942
f 3261/6117/4308 5004/6122/3942 3262/6119/379
f 5003/5966/3745 3297/5967/5448 5004/6122/5592
f 5004/6122/3942 3264/6123/5593 3262/6119/379
f 3262/6119/379 3264/6123/5593 3285/6124/5594
f 5004/6122/3942 4998/6125/5595 3264/6123/5593
f 3291/6126/5596 5163/6127/4978 5004/6122/3942
f 5004/6122/3942 5163/6127/4978 4998/6125/5595
f 5015/5972/5450 3435/5974/5031 3291/6126/5596
f 3291/6126/5596 3435/5974/5031 5163/6127/4978
f 5163/6127/4978 3435/5974/5031 4660/6128/5597
f 4660/6128/5080 5002/6129/5598 3341/6130/4741
f 3435/6131/5599 3450/6132/5600 3449/6133/5601
f 3450/6132/5600 5002/6129/3830 3449/6133/5601
f 5028/5978/4078 3451/6134/3835 3311/5976/4076
f 5028/5978/4078 3335/5980/4074 3451/6134/3835
f 3335/5980/4074 3310/6135/5602 3451/6134/3835
f 3451/6134/3835 3310/6135/5602 3309/6136/4746
f 3310/6135/5602 5014/6137/3627 3309/6136/4746
f 3335/5980/4074 3305/5982/5454 3306/6138/5603
f 3306/6139/5317 5026/5984/5459 3310/6135/5602
f 3310/6135/5602 5026/5984/5459 5014/6137/3627
f 5014/6137/3627 5026/5984/5459 3316/6140/5604
f 5026/5984/5459 3386/5988/5461 3316/6140/5604
f 3316/6140/5604 3386/5988/5461 3442/6141/5605
f 3445/5990/5463 3453/6142/5606 5024/5992/5465
f 5024/5992/5465 3453/6142/5606 3442/6141/5605
f 4825/6143/5607 4309/5859/5336 4310/6144/5608
f 4309/5859/5336 4308/6145/5609 4310/6144/5608
f 4309/5859/5336 4306/5996/5469 4308/6145/5609
f 4306/5996/5469 4697/6146/5610 4308/6145/5609
f 4306/5996/5469 4597/5997/5470 4465/6147/5611
f 4465/6147/5611 4597/5997/5470 4464/6148/5612
f 4464/6149/5613 4308/6145/5609 4697/6146/5610
f 4918/5998/5471 4250/6001/5474 4597/5997/5470
f 4597/5997/5470 4250/6001/5474 4298/6150/5614
f 4249/5874/5351 5433/6002/5475 4234/6005/5478
f 4249/5874/5351 4234/6005/5478 4250/6001/5474
f 4250/6001/5474 4235/6151/5615 4298/6150/5614
f 4250/6001/5474 4234/6005/5478 4235/6151/5615
f 4302/6152/5616 5427/6007/5480 4235/6151/5615
f 4276/6004/5477 5427/6007/5480 4234/6005/5478
f 4233/6006/5479 4230/6153/5617 5427/6007/5480
f 4233/6006/5479 5430/6011/5484 4230/6153/5617
f 4230/6153/5617 4229/6154/4315 5427/6007/5480
f 4230/6153/5617 5426/6155/5618 4229/6154/4315
f 5430/6156/5619 5431/6157/5486 4228/6158/4083
f 4228/6158/4083 5431/6157/5486 4227/6159/4071
f 5426/6155/5618 4228/6158/4083 4227/6159/4071
f 4227/6159/4071 5431/6157/5486 4225/6160/3828
f 4231/6161/5362 4232/6162/5620 5431/6157/5486
f 5431/6157/5486 4221/6163/3955 4225/6160/3828
f 5431/6157/5486 4232/6162/5620 4221/6163/3955
f 4262/6018/5621 4261/6164/5622 4232/6162/5620
f 4261/6164/5622 5428/6165/5623 4248/6166/4429
f 4232/6162/5620 4261/6164/5622 4248/6166/4429
f 4232/6162/5620 4248/6166/4429 4221/6163/3955
f 4263/6017/5488 5428/6165/5623 4262/6018/5489
f 4263/6017/5488 5424/6167/5624 5428/6165/5623
f 4263/6017/5488 5425/6023/5495 5424/6167/5624
f 5428/6165/5623 5424/6167/5624 4210/6168/5625
f 5428/6165/5623 4210/6168/5625 4248/6166/4429
f 5425/6169/5495 4215/6170/5626 5424/6171/5624
f 4213/6172/5627 4215/6173/5628 4214/6174/5629
f 4213/6172/5627 5429/6175/5630 4215/6173/5628
f 4215/6173/5631 4212/6176/5632 4210/6168/5633
f 4212/6176/5632 5423/6177/5634 4210/6168/5633
f 4212/6176/5632 5429/6175/5630 5423/6177/5634
f 4102/5892/5371 4008/6030/5501 5319/6029/5500
f 5429/6175/5630 4213/6172/5627 5423/6177/5634
f 4008/6030/5501 4098/6031/5502 3833/6037/5509
f 4008/6030/5501 3833/6037/5509 5317/6178/5635
f 3839/6036/5508 3828/6179/5636 3833/6037/5509
f 3833/6037/5509 3828/6179/5636 5317/6178/5635
f 3839/6036/5508 4001/6180/5637 3838/6181/5638
f 3839/6036/5508 3838/6181/5638 3828/6179/5636
f 3828/6179/5636 3830/6182/5639 5318/6183/5640
f 3830/6182/5639 3827/6184/5641 5318/6183/5640
f 3838/6049/5521 3831/6048/5520 3829/6185/5642
f 3830/6182/5639 3838/6049/5521 3829/6185/5642
f 3830/6182/5639 3829/6185/5642 3827/6184/5641
f 3827/6184/5643 3824/6186/5644 3825/6187/5645
f 3831/6048/5520 3822/6051/5523 3829/6185/5642
f 3829/6185/5642 3822/6051/5523 3824/6186/5644
f 3822/6051/5523 3823/6188/5646 3824/6186/5644
f 3824/6186/5644 3823/6188/5646 3825/6187/5645
f 3823/6188/5646 3822/6051/5523 4069/6189/5647
f 3822/6051/5523 3820/6190/5648 3814/6191/5649
f 3820/6190/5648 5347/6053/5525 3814/6191/5649
f 3822/6051/5523 3814/6191/5649 4069/6189/5647
f 4069/6189/5647 3814/6191/5649 3826/6192/5650
f 5347/6053/5525 3819/6054/5526 3818/6055/5527
f 5347/6053/5525 3818/6055/5527 3814/6191/5649
f 3818/6055/5527 3815/6193/5651 3814/6191/5649
f 3843/6194/5652 3816/6195/5653 3815/6193/5651
f 3966/6058/5531 3960/6060/5534 3963/6196/5654
f 3966/6058/5531 3963/6196/5654 3964/6197/5655
f 3966/6058/5531 3964/6197/5655 4034/6198/5656
f 3963/6196/5654 3960/6060/5534 3955/6062/5536
f 3955/6062/5536 3954/6199/5657 3964/6200/5658
f 3964/6197/5655 3992/6201/5659 4034/6198/5656
f 3955/6062/5536 5384/5915/5398 3954/6199/5657
f 4034/6198/5656 3992/6201/5659 4032/6202/5660
f 5384/5915/5398 4900/6203/5661 3954/6199/5657
f 5384/5915/5398 3981/6204/5662 4900/6203/5661
f 5384/5915/5398 3987/6070/5544 3981/6204/5662
f 3987/6070/5544 3980/6205/5663 3981/6204/5662
f 3783/6206/5664 3785/6207/5665 3784/6208/5666
f 3790/6209/5667 3784/6208/5666 3785/6207/5665
f 3783/6210/5668 3782/6211/5669 4947/6212/5670
f 3782/6211/5669 3784/6208/5671 3781/6213/5672
f 3782/6211/5669 3781/6213/5672 4947/6212/5670
f 3784/6208/5671 3786/6214/5673 3781/6213/5672
f 3786/6214/5673 4863/6215/5674 3787/6088/5564
f 3787/6088/5564 3788/6216/5675 3786/6214/5673
f 3787/6088/5564 4067/6217/5676 3788/6216/5675
f 3787/6088/5564 4076/6089/5565 4067/6217/5676
f 4076/6089/5565 4079/6218/5677 4067/6217/5676
f 4076/6089/5565 4080/6219/5678 4079/6218/5677
f 4079/6218/5677 4080/6219/5678 3343/6220/5679
f 4067/6217/5676 3343/6221/5680 3788/6216/5675
f 4988/6105/5583 3275/6107/5585 5167/6222/3755
f 3275/6107/5585 3247/6223/3734 5167/6222/3755
f 3259/6111/4228 3257/6120/4197 3247/6223/3734
f 3247/6223/3734 3257/6120/4197 3255/6224/4197
f 5167/6222/3755 3247/6223/3734 3248/6225/4410
f 3247/6223/3734 3255/6224/4197 3248/6225/4410
f 3259/6111/4228 3260/6118/4197 3257/6120/4197
f 3260/6118/4197 3261/6117/4308 3257/6120/4197
f 3257/6120/4197 3258/6226/4057 3255/6224/4197
f 3255/6224/4197 3258/6226/4057 3366/6227/4532
f 3258/6226/4057 3257/6120/4197 4991/6228/4544
f 3258/6229/4057 4991/6230/4544 4990/6231/4196
f 4991/6228/5681 3262/6119/5682 4996/6232/5683
f 3285/6124/5684 4992/6233/4412 4996/6232/5683
f 3285/6124/5684 4999/6234/5685 4992/6233/4412
f 4991/6228/5681 4996/6232/5683 4992/6233/4412
f 4992/6235/4412 3286/6236/4071 3339/6237/5686
f 3264/6123/5593 4998/6125/5595 4999/6234/5685
f 4992/6233/4412 4999/6234/5685 3286/6238/4071
f 4999/6234/5685 3336/6239/4425 3286/6238/4071
f 4998/6125/5595 5164/6240/3824 4999/6234/5685
f 4999/6234/5685 5164/6240/3824 3336/6239/4425
f 5164/6240/3824 3287/6241/4071 3336/6239/4425
f 3336/6239/4425 3287/6241/4071 3288/6242/4543
f 5163/6127/4978 3341/6130/3602 4998/6125/5595
f 4998/6125/5595 3341/6130/3602 4732/6243/4543
f 4998/6125/5595 4732/6243/4543 3287/6241/3937
f 5002/6129/5598 3721/6244/4869 3341/6130/4741
f 3721/6245/3937 3450/6132/5687 3451/6246/5688
f 3451/6246/5688 5013/6247/4198 3721/6245/3937
f 3721/6245/3937 5013/6247/4198 4732/6243/3937
f 4997/6248/5689 4732/6243/3937 3722/6249/4078
f 5013/6247/4198 3315/6250/4071 4732/6243/3937
f 4732/6243/3937 3315/6250/4071 3722/6249/4078
f 3315/6250/4071 4994/6251/4082 3396/6252/3926
f 5013/6247/4198 4994/6251/4082 3315/6250/4071
f 3309/6136/4746 4994/6251/4082 5013/6247/4198
f 4994/6251/4082 3309/6136/4746 3313/6253/4544
f 3309/6136/4746 3312/6254/5690 3313/6253/4544
f 3309/6136/4746 5014/6137/3627 3312/6254/5690
f 5014/6137/3627 5011/6255/4412 3312/6254/5690
f 3312/6254/5690 3334/6256/5691 3313/6253/4544
f 3312/6254/5690 5012/6257/5692 3334/6256/5691
f 3316/6140/5604 3442/6141/5605 5011/6258/5693
f 5011/6258/5693 3442/6141/5605 3443/6259/5694
f 5011/6258/5693 3443/6259/5694 5012/6260/5695
f 3443/6259/5694 3442/6141/5605 3333/6261/5696
f 4825/6262/5697 4826/6263/5698 4824/6264/5699
f 4308/6145/5700 4826/6263/5698 4825/6262/5697
f 4596/6265/5701 4298/6150/5614 4299/6266/5702
f 4299/6266/5702 4298/6150/5614 4595/6267/5703
f 4298/6150/5614 4235/6151/5615 4297/6268/5704
f 4235/6151/5615 5427/6007/5480 4297/6268/5704
f 4298/6150/5614 4297/6268/5704 4595/6267/5703
f 4595/6267/5703 4297/6268/5704 4242/6269/5705
f 4297/6268/5704 4240/6270/4197 5422/6271/5706
f 4297/6268/5704 5427/6007/5480 4240/6270/4197
f 5427/6007/5480 4229/6154/4315 4240/6270/4197
f 4229/6154/4315 4239/6272/5707 4240/6270/4197
f 5426/6155/5618 4227/6159/4071 4229/6154/4315
f 4227/6159/4071 4225/6160/3828 4238/6273/5708
f 4237/6274/5709 4226/6275/5710 4227/6276/5711
f 4227/6276/5711 4226/6275/5710 5410/6277/5712
f 4225/6160/3828 5411/6278/4228 4226/6279/5713
f 4221/6163/3955 5411/6278/4228 4225/6160/3828
f 5411/6278/4228 4221/6163/3955 4219/6280/5714
f 4221/6163/3955 4220/6281/5715 4219/6280/5714
f 4221/6163/3955 4248/6166/4429 4267/6282/5716
f 4248/6166/4429 4268/6283/5717 4267/6282/5716
f 4267/6282/5716 4268/6283/5717 4222/6284/5718
f 4221/6163/3955 4222/6284/5719 4220/6281/5715
f 4211/6285/5720 4210/6168/5633 5419/6286/5721
f 4210/6168/5633 5423/6177/5634 4199/6287/5722
f 4210/6168/5633 4199/6287/5722 5419/6286/5721
f 5419/6286/5721 4199/6287/5722 4198/6288/5723
f 4201/6289/5724 4917/6290/5725 5423/6177/5634
f 4008/6030/5501 4007/6291/5726 4059/6292/5727
f 4059/6293/5728 3840/6294/5729 4924/6295/5730
f 4008/6030/5501 5313/6296/5731 4007/6291/5726
f 4008/6030/5501 5317/6178/5635 5313/6296/5731
f 4007/6291/5726 5313/6296/5731 3840/6294/5729
f 3828/6179/5636 5318/6183/5640 5317/6178/5635
f 5318/6183/5640 3832/6297/5732 5317/6178/5635
f 5317/6178/5635 3832/6297/5732 5315/6298/5733
f 3827/6184/5643 5316/6299/5734 3832/6300/5735
f 3827/6184/5643 3825/6187/5645 5316/6299/5734
f 3825/6187/5645 3817/6301/5736 5316/6299/5734
f 3832/6297/5732 4041/6302/5737 5315/6298/5733
f 3825/6187/5645 3823/6188/5646 3826/6303/5738
f 3814/6191/5649 3812/6304/5739 5314/6305/5740
f 3815/6193/5651 3816/6195/5653 3814/6191/5649
f 3814/6191/5649 3816/6195/5653 5345/6306/5741
f 5345/6306/5741 3812/6304/5739 3814/6191/5649
f 5345/6306/5741 3816/6195/5653 4040/6307/5742
f 4033/6308/5743 4117/6309/5744 4032/6202/5660
f 4034/6198/5656 4032/6202/5660 4117/6309/5744
f 4040/6310/5745 5346/6311/5746 4073/6312/5747
f 4073/6312/5747 4064/6313/5748 4040/6310/5745
f 4040/6310/5745 4064/6313/5748 3812/6304/5739
f 4033/6308/5743 4032/6202/5660 5346/6314/5749
f 5346/6311/5746 4074/6315/5750 4073/6312/5747
f 4032/6316/5751 4075/6317/5752 4074/6315/5750
f 4074/6315/5750 4075/6317/5752 5306/6318/5753
f 4074/6315/5750 5306/6318/5753 4073/6312/5747
f 5308/6319/5754 4071/6320/5755 3810/6321/5756
f 5309/6322/5757 4045/6323/5758 5306/6324/5759
f 5306/6324/5759 4045/6323/5758 5307/6325/5760
f 3981/6204/5662 3980/6205/5663 4916/6326/5761
f 4916/6326/5761 3980/6205/5663 4045/6327/5762
f 4045/6327/5762 3980/6205/5663 3990/6328/5763
f 4045/6327/5762 3990/6328/5763 5369/6329/5764
f 3980/6205/5663 5380/6330/5765 5378/6331/5766
f 3980/6205/5663 5378/6331/5766 3990/6328/5763
f 5378/6331/5766 5380/6330/5765 3991/6332/5767
f 5379/6333/5768 3773/6334/5769 5378/6335/5770
f 3780/6336/5771 4947/6212/5670 3991/6337/5772
f 3780/6336/5771 3991/6337/5772 3779/6338/5773
f 3991/6337/5772 4947/6212/5670 3778/6339/5774
f 3991/6337/5772 3777/6340/5775 3773/6341/5776
f 3991/6337/5772 5368/6342/5777 3777/6340/5775
f 3991/6337/5772 3778/6339/5774 5368/6342/5777
f 4947/6212/5670 3781/6213/5672 3778/6339/5774
f 3778/6339/5774 3804/6343/5778 5368/6342/5777
f 3804/6343/5778 3805/6344/5779 5368/6342/5777
f 3786/6214/5673 3788/6216/5675 3781/6213/5672
f 3781/6213/5672 3788/6216/5675 3770/6345/5780
f 3804/6343/5778 3770/6346/5781 3805/6344/5779
f 3770/6345/5782 5374/6347/5783 3806/6348/5784
f 3788/6216/5785 4904/6349/5786 3789/6350/5787
f 4904/6351/5788 3343/5944/5789 3769/6352/5790
f 3789/6353/5791 3769/6354/5792 3770/6345/5782
f 3343/5944/5789 3268/6355/5793 3769/6352/5790
f 3769/6352/5790 3268/6355/5793 5383/6356/5794
f 3266/6091/5579 3267/6097/5573 3268/6355/5795
f 3268/6355/5793 4606/6357/5796 5383/6356/5794
f 4988/6105/5583 3278/6358/5797 3267/6097/5573
f 4988/6105/5583 5439/6359/5798 3279/6360/5799
f 4988/6105/5583 5167/6222/3755 3280/6361/5800
f 5439/6359/5798 5178/6362/5801 3279/6360/5799
f 5439/6359/5798 3280/6361/5476 5178/6362/5801
f 3280/6361/5476 3281/6363/5802 5178/6362/5801
f 3280/6361/5476 3248/6225/5803 3281/6363/5802
f 3255/6224/4197 3256/6364/4544 3248/6225/4410
f 3281/6365/5802 3248/6366/5803 5168/6367/5804
f 3248/6225/4410 3265/6368/5200 3307/6369/4531
f 3265/6368/5200 3248/6225/4410 5172/6370/4317
f 3248/6225/4410 3256/6364/4544 5172/6370/4317
f 3256/6364/4544 4987/6371/3942 5172/6370/4317
f 3366/6372/3841 4991/6228/5681 4987/6371/3942
f 4991/6228/5681 4992/6233/4412 3365/6373/3602
f 4991/6228/5681 3365/6373/3602 4987/6371/3942
f 3365/6373/3602 3364/6374/5805 4987/6371/3942
f 4987/6371/3942 3364/6374/5805 3363/6375/3942
f 4987/6371/3942 3363/6375/3942 5172/6370/4317
f 3365/6373/3602 3339/6376/5806 3364/6374/5805
f 3338/6377/5807 3340/6378/4425 3363/6379/3942
f 3339/6380/5686 3337/6381/5808 3338/6377/5807
f 3339/6380/5686 3286/6382/4071 3337/6381/5808
f 3337/6381/5808 3336/6239/4425 4985/6383/4198
f 3337/6381/5808 4985/6383/4198 3338/6377/5807
f 3338/6377/5807 4985/6383/4198 3340/6378/4425
f 3336/6239/4425 3288/6242/4543 4985/6383/4198
f 4985/6383/4198 3288/6242/4543 3299/6384/5809
f 3299/6385/5810 3722/6386/3828 4986/6387/4196
f 3287/6241/4071 4997/6248/5689 3288/6242/4543
f 3288/6242/4543 4997/6248/5689 3722/6249/4078
f 3396/6252/3926 3397/6388/4068 3722/6389/4068
f 3396/6252/3926 4994/6251/4082 3397/6388/4068
f 3397/6390/4070 3444/6391/3779 4982/6392/4082
f 4994/6251/4082 3313/6253/4544 3314/6393/4313
f 3444/6394/3745 4994/6251/4082 3314/6393/4313
f 3444/6394/3745 3314/6393/4313 4984/6395/5811
f 3313/6253/4973 3466/6396/5812 4984/6395/4070
f 5012/6257/5692 3333/6261/5813 3334/6256/5691
f 3334/6256/5691 3333/6261/5813 3474/6397/4110
f 3474/6398/5814 3462/6399/5815 3463/6400/3734
f 3333/6261/5696 3464/6401/5816 3462/6399/5815
f 3462/6399/5815 3464/6401/5816 3463/6400/3734
f 3333/6261/5696 3442/6141/5605 3464/6401/5816
f 3442/6141/5605 3453/6142/5606 3464/6401/5816
f 3464/6401/5816 3453/6142/5606 3454/6402/5817
f 3454/6402/5817 3453/6142/5606 4690/6403/5818
f 4825/6262/5697 4824/6264/5699 4729/6404/5819
f 4825/6262/5697 4729/6404/5819 4805/6405/5820
f 4597/6406/5821 4596/6265/5701 4641/6407/5822
f 4824/6264/5699 4641/6408/5823 4784/6409/5824
f 4729/6404/5819 4824/6264/5699 4975/6410/5825
f 4824/6264/5699 4784/6409/5824 4975/6410/5825
f 4641/6408/5823 4640/6411/5826 4784/6409/5824
f 4596/6265/5701 4299/6266/5702 4641/6407/5822
f 4641/6407/5822 4299/6266/5702 4598/6412/5827
f 4299/6266/5702 4290/6413/5828 4598/6412/5827
f 4299/6266/5702 4243/6414/5829 4290/6413/5828
f 4595/6267/5703 4242/6269/5705 5421/6415/5830
f 4243/6416/5831 5421/6415/5830 4244/6417/5832
f 5422/6271/5706 4240/6270/4197 4242/6269/5833
f 4242/6269/5705 4244/6417/5832 5421/6415/5830
f 4242/6269/5705 5420/6418/5834 4244/6417/5832
f 4244/6417/5832 5420/6418/5834 4300/6419/5835
f 4240/6420/4197 4239/6272/5707 5420/6418/5834
f 4300/6419/5835 5420/6418/5834 4239/6272/5707
f 4239/6272/5707 4229/6154/4315 4236/6421/3596
f 4239/6272/5707 4236/6421/3596 5405/6422/4872
f 5405/6422/4872 4236/6421/3596 4241/6423/5836
f 4241/6423/5836 4246/6424/5837 4245/6425/5079
f 4241/6423/5836 4247/6426/4978 4246/6424/5837
f 4241/6427/5836 5406/6428/5838 4247/6429/4978
f 4227/6276/5711 5410/6277/5712 4236/6421/3596
f 4236/6421/3596 5410/6277/5712 4241/6423/5836
f 5410/6277/5712 4259/6430/5839 4241/6423/5836
f 5411/6278/4228 4219/6280/5714 4259/6431/5840
f 4259/6431/5840 4219/6280/5714 4224/6432/5841
f 4219/6280/5714 4223/6433/5842 4224/6432/5841
f 4219/6280/5714 4207/6434/5843 4206/6435/3627
f 4219/6280/5714 4220/6281/5715 4207/6434/5843
f 5409/6436/5844 4197/6437/5681 4207/6438/3866
f 4199/6287/5722 4209/6439/5845 4198/6288/5723
f 4198/6288/5723 4209/6439/5845 5409/6436/5844
f 4209/6439/5845 4200/6440/5846 5409/6436/5844
f 5409/6436/5844 4200/6440/5846 4197/6437/5681
f 4200/6440/5846 4209/6439/5845 5412/6441/5847
f 4199/6287/5722 5423/6177/5634 4194/6442/5848
f 5423/6177/5634 4917/6290/5725 4194/6442/5848
f 4209/6439/5845 4196/6443/5849 5412/6441/5847
f 4196/6443/5849 4194/6442/5848 5412/6441/5847
f 4059/6293/5728 4924/6295/5730 4917/6444/5850
f 4194/6442/5848 4917/6290/5725 5412/6441/5847
f 4924/6295/5730 3840/6294/5729 3841/6445/5851
f 3840/6294/5729 5313/6296/5731 3841/6445/5851
f 5313/6296/5731 5366/6446/5852 3841/6445/5851
f 5366/6446/5852 5313/6296/5731 5312/6447/5853
f 5366/6446/5852 5312/6447/5853 3836/6448/5854
f 5317/6178/5635 5315/6298/5733 3834/6449/5855
f 5313/6296/5731 3834/6449/5856 3842/6450/5857
f 5313/6296/5731 3842/6450/5857 5312/6447/5853
f 3842/6450/5857 3835/6451/5858 5312/6447/5853
f 3834/6449/5855 5315/6298/5733 3835/6451/5859
f 3835/6451/5859 5315/6298/5733 3836/6448/5854
f 5316/6299/5734 3817/6301/5736 5315/6298/5860
f 3817/6301/5736 5314/6305/5740 5315/6298/5860
f 5315/6298/5860 5314/6305/5740 5311/6452/5861
f 5314/6305/5740 3812/6304/5739 5311/6452/5861
f 5311/6452/5861 3812/6304/5739 5310/6453/5862
f 3812/6304/5739 3813/6454/5863 5310/6453/5862
f 3812/6304/5739 4064/6313/5748 3813/6454/5863
f 3813/6454/5863 3809/6455/5864 4002/6456/5865
f 3813/6454/5863 4064/6313/5748 3809/6455/5864
f 5308/6319/5754 3809/6455/5864 4064/6313/5748
f 5308/6319/5754 3810/6321/5756 3809/6455/5864
f 3810/6321/5756 5369/6329/5866 3809/6455/5864
f 3808/6457/5867 3809/6455/5868 5376/6458/5869
f 3808/6457/5867 5376/6458/5869 4054/6459/5870
f 3809/6455/5868 3794/6460/5871 5376/6458/5869
f 5369/6461/5872 3775/6462/5873 3794/6463/5874
f 5376/6458/5869 5370/6464/5875 4054/6459/5870
f 3775/6462/5876 3773/6465/5769 5376/6458/5869
f 3773/6465/5769 5377/6466/5877 5376/6458/5869
f 3775/6462/5876 5378/6467/5770 3773/6465/5769
f 5376/6458/5869 5377/6466/5877 5370/6464/5875
f 5377/6466/5877 3771/6468/5878 5370/6464/5875
f 3774/6469/5879 3777/6340/5880 3776/6470/5881
f 3773/6465/5769 5372/6471/5882 5377/6466/5877
f 3773/6465/5769 3774/6469/5879 5372/6471/5882
f 3774/6469/5879 3776/6470/5881 5372/6471/5882
f 5371/6472/5883 5372/6473/5884 5373/6474/5885
f 3805/6344/5779 5374/6347/5783 5368/6342/5777
f 5368/6342/5777 5374/6347/5783 3776/6475/5886
f 5371/6472/5883 5374/6476/5887 5372/6473/5884
f 3806/6348/5784 5374/6347/5783 3805/6344/5779
f 5374/6347/5783 3770/6345/5782 3769/6354/5792
f 5374/6347/5887 3749/6477/5888 3748/6478/5889
f 5374/6479/5887 3748/6480/5889 5367/6481/5890
f 5382/6482/5891 5383/6483/5892 3395/6484/5893
f 3395/6484/5893 5383/6483/5892 5381/6485/5894
f 3749/6477/5888 3395/6486/5895 3748/6478/5889
f 5381/6485/5894 5383/6483/5892 3267/6097/5573
f 3267/6097/5573 3269/6487/5896 5381/6485/5894
f 5381/6485/5894 3269/6487/5896 3270/6488/5897
f 5381/6485/5894 3270/6488/5897 3744/6489/5898
f 3267/6097/5573 3278/6358/5797 3269/6487/5896
f 3269/6490/5899 5189/6491/5900 3744/6489/5901
f 3269/6490/5899 3279/6360/5799 5189/6491/5900
f 3279/6360/5799 3739/6492/5902 5189/6491/5900
f 4988/6105/5583 3279/6360/5799 3278/6493/5797
f 3279/6360/5799 5178/6362/5801 3739/6492/5902
f 3307/6369/4531 3265/6368/5200 3459/6494/4544
f 3281/6363/5802 3459/6494/5903 5173/6495/5904
f 3281/6363/5802 5173/6495/5904 5180/6496/5905
f 3281/6363/5802 5180/6496/5905 5178/6362/5801
f 5173/6495/5904 3416/6497/5906 5180/6496/5905
f 3459/6498/5903 5172/6370/4317 5174/6499/5907
f 3459/6500/5903 5174/6501/5907 5173/6502/5904
f 3416/6503/5908 5174/6499/5907 3415/6504/5909
f 5172/6370/4317 3363/6375/3942 5174/6499/5907
f 5174/6499/5907 5177/6505/5910 3415/6504/5909
f 3363/6375/3942 3414/6506/4071 5177/6505/5910
f 3363/6375/3942 5177/6505/5910 5174/6499/5907
f 3414/6506/4071 5170/6507/4317 5177/6505/5910
f 3340/6378/4425 4985/6383/4198 3414/6506/4071
f 3414/6506/4071 4985/6383/4198 5170/6507/4317
f 4985/6383/4198 3400/6508/3926 5170/6507/4317
f 4985/6383/4198 4986/6387/4196 3398/6509/4201
f 4985/6383/4198 3398/6509/4201 3400/6508/3926
f 3400/6508/3926 3398/6509/4201 3399/6510/5911
f 4986/6387/4196 3722/6386/3828 3398/6509/4201
f 3722/6386/3828 4993/6511/3689 3398/6509/4201
f 3398/6509/4201 3373/6512/3936 3399/6510/5911
f 4993/6511/3689 3375/6513/4083 3398/6509/4201
f 5440/6514/5912 3375/6515/4335 3373/6516/4074
f 4993/6511/3696 3397/6390/4070 3460/6517/4070
f 3397/6390/4070 4982/6392/4082 3460/6517/4070
f 3375/6515/4335 3460/6518/4871 3373/6516/4074
f 3460/6518/4871 4983/6519/5713 3376/6520/5913
f 4982/6521/5914 4984/6395/4070 4983/6519/5713
f 4983/6519/5713 4984/6395/4070 3376/6520/5913
f 4984/6395/4070 3466/6396/5812 3378/6522/5915
f 4984/6395/4070 3378/6522/5915 3377/6523/5916
f 4984/6395/4070 3377/6523/5916 3376/6520/5913
f 3378/6522/5915 3466/6396/5812 4981/6524/5595
f 3466/6396/5812 3463/6400/3734 4981/6524/5595
f 4981/6524/5595 5165/6525/3755 3377/6523/3942
f 5165/6525/3755 4981/6524/5595 3463/6400/3734
f 3463/6400/3734 5166/6526/4544 5165/6525/3755
f 3464/6401/5816 3465/6527/5917 3463/6400/3734
f 3464/6401/5816 4690/6528/5918 3465/6527/5917
f 3463/6400/3734 3465/6527/5917 5166/6526/4544
f 3465/6527/5917 4995/6529/5919 3468/6530/5920
f 3476/6531/5921 4690/6528/5918 3464/6401/5816
f 4639/6532/5922 4812/6533/5923 4784/6409/5824
f 4975/6410/5825 4784/6409/5824 4812/6533/5923
f 4640/6411/5924 4598/6412/5827 4599/6534/5925
f 4598/6412/5827 4980/6535/5926 4599/6534/5925
f 4598/6412/5827 4290/6413/5828 4980/6535/5926
f 4290/6536/5927 4244/6537/5928 4288/6538/5929
f 4288/6538/5929 4244/6537/5928 4289/6539/5930
f 4288/6538/5929 4289/6539/5930 5393/6540/5931
f 4244/6537/5928 5398/6541/5932 4289/6539/5930
f 4289/6539/5930 4429/6542/5933 5393/6540/5931
f 4289/6539/5930 5398/6541/5932 4291/6543/5934
f 5405/6422/4872 5398/6544/5935 4300/6419/5936
f 5405/6422/4872 4245/6425/5079 5398/6544/5935
f 5405/6422/4872 4241/6423/5836 4245/6425/5079
f 4245/6425/5079 4246/6424/5837 4258/6545/5937
f 5398/6544/5935 4245/6425/5079 4301/6546/3669
f 5398/6544/5935 4301/6546/3669 5397/6547/3824
f 4246/6424/5837 4269/6548/5682 4258/6545/5937
f 4247/6549/4201 5400/6550/4983 4269/6548/5682
f 4269/6548/5682 5400/6550/4983 4258/6545/5937
f 5406/6551/5938 5407/6552/4421 5400/6550/4983
f 4224/6553/5939 4208/6554/4634 5407/6552/4421
f 4224/6553/5939 4206/6435/3627 4208/6554/4634
f 5407/6552/4421 4208/6554/4634 5400/6550/4983
f 5400/6550/4983 4208/6554/4634 4216/6555/5940
f 4206/6435/3627 4204/6556/4057 4208/6554/4634
f 4206/6435/3627 4207/6434/5843 4204/6556/4057
f 4207/6434/5843 5408/6557/4865 4204/6556/4057
f 4204/6556/4057 5408/6557/4865 4205/6558/5691
f 5408/6557/4865 4203/6559/5192 4205/6558/5691
f 4197/6560/5941 4195/6561/3761 4203/6562/4083
f 4197/6560/5941 5404/6563/5942 4195/6561/3761
f 4203/6559/5192 4282/6564/5943 4205/6558/5691
f 4203/6559/5192 4202/6565/4973 4282/6564/5943
f 4202/6565/4973 4195/6561/3761 4282/6564/5943
f 4195/6561/3761 5404/6563/5942 5403/6566/4320
f 5412/6441/5847 4917/6290/5725 4193/6567/5944
f 5412/6441/5847 4192/6568/5945 4827/6569/5946
f 5412/6441/5847 4193/6567/5944 4192/6568/5945
f 5412/6441/5847 4827/6569/5946 5404/6563/5942
f 4193/6567/5944 4924/6295/5730 3841/6445/5851
f 4193/6567/5944 3841/6445/5851 4192/6568/5945
f 3841/6445/5851 4303/6570/5947 4634/6571/5948
f 3841/6445/5851 4634/6571/5948 4192/6568/5945
f 4192/6568/5945 4191/6572/5949 4827/6569/5946
f 4303/6570/5947 4635/6573/5950 4634/6571/5948
f 4635/6573/5950 5366/6446/5852 4634/6571/5948
f 4634/6571/5948 5366/6446/5852 3836/6448/5854
f 4692/6574/5951 4295/6575/5952 4188/6576/5953
f 4692/6574/5951 3836/6577/5954 4295/6575/5952
f 5312/6447/5853 3837/6578/5955 3836/6448/5854
f 3837/6578/5955 3835/6451/5859 3836/6448/5854
f 4800/6579/5956 4180/6580/5957 5417/6581/5958
f 5315/6298/5733 3998/6582/5959 3836/6448/5854
f 5311/6452/5861 5310/6583/5862 3998/6584/5960
f 6231/6585/5961 4163/6586/5962 4183/6587/5963
f 6231/6585/5961 4182/6588/5964 4163/6586/5962
f 5310/6583/5862 3999/6589/5965 3998/6584/5960
f 5310/6583/5862 4002/6456/5966 3999/6589/5965
f 4879/6590/5967 3999/6589/5965 4880/6591/5968
f 4002/6456/5865 3809/6455/5864 4116/6592/5969
f 3999/6589/5965 4002/6456/5966 4880/6591/5968
f 4002/6456/5865 4116/6592/5969 4175/6593/5970
f 4172/6594/5971 4175/6593/5970 4174/6595/5972
f 3809/6455/5864 5375/6596/5973 4116/6592/5969
f 4116/6592/5969 4174/6595/5972 4175/6593/5970
f 5375/6597/5974 3811/6598/5975 4174/6599/5976
f 4142/6600/5977 4119/6601/5978 5414/6602/5979
f 3808/6457/5867 4054/6459/5870 3811/6598/5975
f 3811/6598/5975 4054/6459/5870 4174/6599/5976
f 4174/6599/5976 4054/6459/5870 4141/6603/5980
f 4174/6599/5976 4141/6603/5980 4142/6604/5981
f 4141/6603/5982 3791/6605/5983 3801/6606/5984
f 4054/6459/5870 5370/6464/5875 3772/6607/5985
f 4054/6459/5870 3772/6607/5985 3791/6605/5986
f 3791/6605/5983 5416/6608/5987 3792/6609/5988
f 3791/6605/5986 3772/6607/5985 4794/6610/5989
f 3772/6607/5985 3771/6468/5990 3763/6611/5991
f 3772/6607/5985 3763/6611/5991 4794/6610/5989
f 3771/6468/5990 5372/6612/5884 3763/6611/5991
f 5374/6476/5887 3763/6613/5991 5372/6473/5884
f 5374/6347/5887 5367/6614/5890 3763/6611/5991
f 5367/6614/5890 3766/6615/5992 3763/6611/5991
f 3763/6611/5991 3765/6616/5993 3762/6617/5994
f 3765/6616/5993 3767/6618/5995 3762/6617/5994
f 3763/6611/5991 3766/6615/5992 3765/6616/5993
f 3765/6616/5993 3766/6615/5992 3768/6619/5996
f 3767/6618/5997 3768/6619/5996 3766/6615/5992
f 3767/6618/5997 3766/6615/5992 3758/6620/5998
f 5367/6614/5890 3759/6621/5999 3766/6615/5992
f 3748/6478/6000 5381/6485/5894 4404/6622/6001
f 4404/6622/6001 5381/6485/5894 3744/6489/5898
f 5367/6614/5890 4404/6623/6002 3759/6621/5999
f 4404/6622/6001 3744/6489/5898 4406/6624/6003
f 4404/6622/6001 4406/6624/6003 4407/6625/6004
f 3757/6626/6005 3759/6627/6006 5187/6628/6007
f 3759/6627/6006 4407/6629/6008 5187/6628/6007
f 3744/6489/5901 3743/6630/6009 4408/6631/6010
f 4406/6624/6003 3743/6632/6011 4407/6625/6004
f 3743/6633/6012 3746/6634/6013 3751/6635/6014
f 3744/6489/5901 5189/6491/5900 3745/6636/6015
f 3744/6489/5901 3745/6636/6015 3741/6637/6016
f 3744/6489/5901 3741/6637/6016 3743/6630/6009
f 3745/6636/6015 3739/6492/6017 3741/6637/6016
f 3746/6634/6013 3741/6637/6016 3753/6638/6018
f 3741/6637/6016 3739/6492/6017 3742/6639/6019
f 3739/6492/6017 3740/6640/6020 3742/6639/6019
f 3739/6492/6017 5179/6641/6021 3738/6642/6022
f 3739/6492/6017 3738/6642/6022 3740/6640/6020
f 5179/6641/6021 3350/6643/6023 3738/6642/6022
f 5179/6641/6021 5178/6362/5801 3344/6644/6024
f 5179/6641/6021 3344/6644/6024 3350/6643/6023
f 5178/6362/5801 5180/6496/5905 3344/6644/6024
f 3344/6644/6024 5180/6496/5905 3347/6645/6025
f 5180/6496/5905 3345/6646/6026 3347/6645/6025
f 3347/6645/6025 3345/6646/6026 3370/6647/6027
f 3345/6646/6026 3368/6648/6028 3370/6647/6027
f 3345/6646/6026 3415/6649/6029 3368/6648/6028
f 3368/6650/6030 5177/6505/5910 5435/6651/6031
f 5170/6507/4317 5435/6651/6031 5177/6505/5910
f 3368/6648/6032 5436/6652/6033 3369/6653/6034
f 3369/6653/6034 5436/6652/6033 5182/6654/4074
f 5170/6507/4317 5171/6655/6035 5435/6651/6031
f 5169/6656/6036 3399/6657/6037 5171/6658/6035
f 5171/6655/6035 3399/6659/6037 5436/6660/4315
f 5435/6651/6031 5171/6655/6035 5436/6660/4315
f 3373/6516/4074 3487/6661/6038 5436/6652/3940
f 5436/6652/3940 3487/6661/6038 3483/6662/6039
f 3460/6518/4871 3376/6520/5913 3373/6516/4074
f 3376/6520/5913 3663/6663/3846 3373/6516/4074
f 3373/6516/4074 3663/6663/3846 3487/6661/6038
f 3376/6520/3824 5165/6525/3755 5166/6526/4544
f 3376/6520/3824 5166/6526/4544 3664/6664/6040
f 5166/6526/4544 3670/6665/4741 3664/6664/6040
f 3670/6665/4741 3667/6666/6041 3664/6664/6040
f 5166/6526/4544 3465/6527/5917 3467/6667/5943
f 4587/6668/6042 3467/6667/5943 3468/6530/5920
f 3467/6667/5943 3465/6527/5917 3468/6530/5920
f 3468/6530/5920 4995/6529/5919 3469/6669/6043
f 4995/6529/5919 4690/6670/6044 3469/6669/6043
f 4784/6409/5824 4638/6671/6045 4639/6532/5922
f 4639/6532/5922 4695/6672/6046 4936/6673/6047
f 4639/6532/5922 4638/6671/6045 4695/6672/6046
f 4638/6671/6045 4287/6674/6048 4695/6672/6046
f 4638/6671/6045 4980/6675/6049 4287/6674/6048
f 4980/6675/6049 4286/6676/6050 4287/6674/6048
f 4980/6675/6049 5393/6540/5931 4286/6676/6050
f 4287/6677/6051 5393/6540/5931 4693/6678/6052
f 4288/6538/5929 5393/6540/5931 4980/6675/6049
f 4429/6679/5933 4291/6680/6053 4273/6681/6054
f 4429/6679/5933 4273/6681/6054 5393/6540/5931
f 5398/6544/5935 5397/6547/3824 4273/6681/6055
f 4273/6681/6054 4270/6682/3733 5393/6540/5931
f 5393/6540/5931 4270/6682/3733 4274/6683/6056
f 5393/6540/5931 4274/6683/6056 4275/6684/6057
f 5397/6547/3824 4301/6546/3669 4270/6682/6058
f 4270/6682/3733 4315/6685/4308 4274/6683/6056
f 4270/6682/3733 4271/6686/6059 4272/6687/4975
f 4258/6545/5937 5400/6550/4983 4270/6682/3733
f 4270/6682/3733 5400/6550/4983 5399/6688/6060
f 4271/6686/6059 4270/6682/3733 5399/6688/6060
f 5400/6550/4983 4218/6689/6061 5399/6688/6060
f 5399/6688/6060 4218/6689/6061 4272/6690/6062
f 4216/6555/5940 4218/6689/6061 5400/6550/4983
f 4204/6556/4057 4205/6558/5691 4216/6555/5079
f 4218/6689/6063 4217/6691/6064 5396/6692/6065
f 4218/6689/6063 4205/6693/6066 4217/6691/6064
f 4195/6561/3761 5403/6566/4320 4282/6564/5943
f 4282/6564/6067 5396/6692/6065 4217/6691/6064
f 4282/6564/6067 4296/6694/6068 5396/6692/6065
f 4296/6694/6068 4281/6695/6069 5396/6692/6065
f 5403/6696/4320 5404/6697/5942 4296/6698/6070
f 5404/6563/5942 4827/6569/5946 4296/6699/6070
f 4296/6699/6070 4827/6569/5946 4190/6700/6071
f 4191/6572/5949 4188/6701/6072 4827/6569/5946
f 4295/6575/5952 4294/6702/6073 4188/6576/5953
f 4188/6576/5953 4294/6702/6073 5402/6703/6074
f 5402/6703/6075 5401/6704/6076 4827/6569/6077
f 5402/6703/6074 4294/6702/6073 4293/6705/6078
f 5417/6706/6079 4293/6705/6078 4294/6702/6073
f 4293/6705/6078 4157/6707/6080 5402/6703/6074
f 5417/6708/5958 4488/6709/6081 5418/6710/3756
f 5417/6581/5958 4180/6580/5957 4488/6711/6081
f 4180/6712/5957 4184/6713/6082 4488/6714/6081
f 4488/6711/6081 4184/6715/6082 4157/6716/6083
f 4181/6717/6084 4160/6718/6085 4180/6580/5957
f 4181/6717/6084 4179/6719/6086 4160/6718/6085
f 4179/6719/6086 4183/6587/5963 4160/6718/6085
f 4180/6580/5957 4160/6718/6085 4184/6715/6082
f 4184/6715/6082 4160/6718/6085 4159/6720/6087
f 4184/6715/6082 4159/6720/6087 4158/6721/6088
f 4183/6587/5963 4163/6586/5962 4160/6718/6085
f 4159/6720/6087 4161/6722/6089 4158/6721/6088
f 4160/6718/6085 4163/6586/5962 4162/6723/6090
f 4163/6586/5962 4166/6724/6055 4162/6723/6090
f 4162/6723/6090 4164/6725/6091 4159/6720/6087
f 4162/6723/6090 4166/6724/6055 4164/6725/6091
f 4159/6720/6087 4164/6725/6091 4161/6722/6089
f 4164/6725/6091 4978/6726/6092 4161/6722/6089
f 4176/6727/6093 4172/6594/5971 4173/6728/6094
f 4166/6724/6055 4173/6728/6094 4165/6729/6095
f 4164/6725/6091 4166/6724/6055 4165/6729/6095
f 4164/6725/6091 4167/6730/6096 4978/6726/6092
f 4173/6728/6094 4172/6594/5971 4171/6731/6097
f 4173/6728/6094 4171/6731/6097 4165/6729/6095
f 4171/6731/6097 5413/6732/6098 4167/6730/6096
f 4167/6730/6096 5413/6732/6098 4168/6733/6099
f 4174/6595/5972 5413/6732/6098 4172/6594/5971
f 4172/6594/5971 5413/6732/6098 4171/6731/6097
f 5413/6732/6098 4174/6595/5972 3798/6734/6100
f 4174/6595/5972 4119/6735/6101 3798/6734/6100
f 4119/6735/6101 4141/6603/5982 3798/6734/6100
f 4141/6603/5982 3801/6606/5984 3798/6734/6100
f 3801/6606/5984 5415/6736/6102 3798/6734/6100
f 3798/6734/6100 3796/6737/6103 3797/6738/6104
f 3798/6734/6100 5415/6736/6102 3796/6737/6103
f 3797/6738/6104 3796/6737/6103 3807/6739/6105
f 3801/6606/5984 3791/6605/5983 3792/6609/5988
f 3792/6740/6106 3795/6741/6107 5415/6736/6102
f 5415/6736/6102 3795/6741/6107 3802/6742/6108
f 5415/6736/6102 3802/6742/6108 3796/6737/6103
f 5416/6608/5987 4794/6743/6109 3792/6609/5988
f 4794/6743/6109 3793/6744/6110 3792/6609/5988
f 3793/6744/6111 3764/6745/6112 3802/6746/6113
f 3762/6617/5994 4139/6747/6114 3764/6748/6115
f 3802/6749/6116 4139/6747/6114 4138/6750/6117
f 3802/6749/6116 4138/6750/6117 5188/6751/6118
f 3764/6748/6115 3763/6611/5991 3762/6617/5994
f 4139/6747/6114 3762/6617/5994 4082/6752/6119
f 3767/6618/5995 3761/6753/6120 3762/6617/5994
f 3762/6617/5994 5392/6754/6121 3760/6755/6122
f 5392/6754/6121 3755/6756/6123 3760/6755/6122
f 3758/6620/6124 5392/6754/6121 3761/6753/6120
f 3761/6753/6120 5392/6754/6121 3762/6617/5994
f 3758/6620/6124 3759/6621/6125 5392/6754/6121
f 3757/6626/6005 3755/6756/6123 5392/6754/6121
f 3757/6626/6005 5187/6628/6007 3755/6756/6123
f 5187/6757/6126 3751/6635/6014 3752/6758/6127
f 3751/6635/6014 3753/6638/6018 3752/6758/6127
f 3751/6635/6014 3746/6634/6013 3753/6638/6018
f 3752/6758/6127 3753/6638/6018 3755/6759/6128
f 3755/6759/6128 3753/6638/6018 3754/6760/6129
f 3753/6638/6018 3741/6637/6016 3742/6639/6019
f 3753/6638/6018 3742/6639/6019 3747/6761/6130
f 3754/6760/6129 4769/6762/6131 3755/6759/6128
f 3742/6639/6019 3738/6642/6132 3737/6763/6133
f 3742/6639/6019 3737/6763/6133 3747/6761/6130
f 3737/6763/6133 3750/6764/6134 3747/6761/6130
f 3750/6764/6134 4769/6765/6135 3747/6761/6130
f 3738/6642/6132 3348/6766/6136 3737/6763/6133
f 5186/6767/6137 3348/6766/6136 3738/6642/6132
f 5186/6767/6137 3344/6644/6024 3348/6766/6136
f 5186/6767/6137 3350/6643/6023 3344/6644/6024
f 3370/6768/6138 3369/6653/6034 3371/6769/6139
f 3344/6644/6140 3372/6770/6141 4963/6771/6142
f 3370/6768/6138 3371/6769/6139 3344/6644/6140
f 3344/6644/6140 3371/6769/6139 3372/6770/6141
f 5182/6654/4074 3371/6769/6139 3369/6653/6034
f 3371/6769/6139 4435/6772/6143 3372/6770/6141
f 4435/6773/6144 3448/6774/6145 3447/6775/6146
f 3371/6769/6139 5182/6654/4074 3448/6774/4057
f 3448/6774/6145 3374/6776/3694 3447/6775/6146
f 5182/6654/4074 5436/6652/6033 3374/6777/6147
f 5436/6652/6033 5183/6778/6148 3374/6777/6147
f 5183/6779/6149 3483/6662/6039 3487/6661/6038
f 5183/6779/6149 3487/6661/6038 3485/6780/6150
f 3487/6661/6038 4654/6781/6151 3485/6780/6150
f 3487/6661/4303 3376/6520/3824 5176/6782/4535
f 5176/6782/6152 5437/6783/6153 4654/6784/6154
f 5176/6782/6152 4600/6785/6155 5437/6783/6153
f 3376/6520/3824 3665/6786/6156 5176/6782/4535
f 3376/6520/3824 3664/6664/6040 3665/6786/6156
f 5176/6787/4535 3665/6788/6156 5438/6789/6157
f 3665/6786/6158 4656/6790/6159 4600/6791/6160
f 4656/6790/6159 4650/6792/6161 4600/6791/6160
f 3664/6793/6162 4648/6794/6163 4656/6790/6159
f 4656/6790/6159 4648/6794/6163 4650/6792/6161
f 3667/6666/6041 3666/6795/6164 3664/6664/6040
f 3667/6666/6041 5175/6796/6165 3666/6795/6164
f 5175/6796/6165 3667/6666/6041 3668/6797/6166
f 5175/6796/6165 3668/6797/6166 4649/6798/6167
f 4936/6673/6047 4695/6672/6046 4694/6799/6168
f 4695/6672/6046 4693/6800/6169 4694/6799/6168
f 4693/6800/6169 4628/6801/6170 4626/6802/6171
f 5393/6540/5931 4284/6803/6172 4693/6678/6052
f 4693/6678/6052 4284/6803/6172 4423/6804/6173
f 4693/6805/6174 4624/6806/6175 4977/6807/6176
f 5393/6540/5931 4275/6684/6057 4284/6803/6172
f 4284/6803/6172 4275/6684/6057 4285/6808/6177
f 4275/6684/6057 4274/6683/6056 4395/6809/5085
f 4624/6810/6178 4394/6811/6179 4623/6812/6180
f 4623/6812/6180 4394/6811/6179 4620/6813/6181
f 4394/6811/6182 4396/6814/6183 4618/6815/6184
f 4395/6809/5085 4394/6811/6182 4275/6684/6057
f 4270/6682/3733 4272/6687/4975 4315/6685/4308
f 4315/6685/6185 5395/6816/6186 4395/6809/5085
f 4395/6809/5085 5395/6816/6186 4394/6811/6182
f 5394/6817/6187 4272/6818/6062 5395/6819/6186
f 5395/6816/6186 4979/6820/6188 4394/6811/6182
f 4394/6811/6182 4397/6821/6189 4396/6814/6183
f 4979/6820/6188 4397/6821/6189 4394/6811/6182
f 4397/6821/6189 4612/6822/6190 4396/6814/6183
f 5395/6816/6186 4272/6690/6062 4979/6820/6188
f 4397/6821/6189 4855/6823/6191 4612/6822/6190
f 4614/6824/6192 4611/6825/6193 4612/6826/6194
f 4979/6820/6188 4462/6827/6195 4855/6828/6196
f 4272/6690/6062 4218/6689/6061 4979/6820/6188
f 4979/6820/6188 4472/6829/6197 4461/6830/6198
f 4979/6820/6188 4218/6689/6061 4472/6829/6197
f 4979/6820/6188 4189/6831/6199 4462/6827/6195
f 4614/6824/6192 4462/6832/6200 4611/6825/6193
f 4979/6820/6188 4461/6830/6198 4189/6831/6199
f 4462/6832/6201 4625/6833/6202 4974/6834/6203
f 4974/6834/6203 4625/6833/6202 4609/6835/6204
f 4472/6829/6205 5396/6692/6065 4189/6836/6206
f 5396/6692/6065 4281/6695/6069 4189/6836/6206
f 4189/6837/6207 4440/6838/6208 4609/6835/6204
f 4281/6695/6069 4190/6700/6071 4189/6836/6206
f 4189/6836/6206 4403/6839/6209 4283/6840/6210
f 4189/6836/6206 4827/6569/5946 4403/6839/6209
f 4609/6835/6204 4440/6838/6208 4437/6841/6211
f 4190/6700/6071 4827/6569/5946 4189/6836/6206
f 4403/6839/6209 4827/6569/5946 4440/6842/6212
f 4439/6843/6213 4437/6841/6211 4440/6838/6208
f 4827/6844/6214 4443/6845/6215 4439/6843/6213
f 4439/6843/6213 4443/6845/6215 4437/6841/6211
f 4827/6569/6077 4186/6846/6216 4187/6847/6217
f 4443/6845/6215 4156/6848/6218 4437/6841/6211
f 4186/6846/6216 4156/6848/6218 4443/6845/6215
f 4827/6569/6077 5401/6704/6076 4186/6846/6216
f 5401/6704/6076 4156/6848/6218 4186/6846/6216
f 5401/6704/6076 4157/6849/6219 4156/6848/6218
f 4582/6850/6220 4153/6851/6221 4152/6852/6222
f 4157/6849/6219 4158/6721/6223 4156/6848/6218
f 4156/6848/6218 4158/6721/6223 4155/6853/6224
f 4156/6848/6218 4155/6853/6224 4153/6854/6225
f 4153/6851/6221 4151/6855/6226 4152/6852/6222
f 4153/6851/6221 4154/6856/6227 4151/6855/6226
f 4158/6721/6088 4185/6857/6228 4149/6858/6229
f 4158/6721/6088 4149/6858/6229 4153/6851/6230
f 4158/6721/6088 4161/6722/6089 4185/6857/6228
f 4149/6859/6231 4146/6860/6232 4151/6855/6226
f 4161/6722/6089 4148/6861/6233 4185/6857/6228
f 4148/6862/6234 4147/6863/6235 4146/6860/6232
f 4161/6722/6089 4978/6726/6092 4147/6864/6236
f 4146/6860/6232 4147/6863/6235 4145/6865/6237
f 4147/6863/6238 4170/6866/6239 4144/6867/6240
f 4167/6730/6096 4168/6733/6099 4978/6726/6092
f 4978/6726/6092 4169/6868/6241 4170/6869/6242
f 4978/6726/6092 4168/6733/6099 4169/6868/6241
f 4168/6733/6099 4177/6870/6243 4169/6868/6241
f 4177/6870/6243 4178/6871/6244 4169/6868/6241
f 4168/6733/6245 3797/6738/6104 3803/6872/6246
f 4122/6873/6247 4123/6874/6248 4143/6875/6249
f 3803/6872/6246 3797/6738/6104 3807/6739/6105
f 3803/6872/6246 3807/6739/6105 4177/6876/6250
f 4177/6876/6250 3807/6739/6105 4122/6877/6251
f 4123/6874/6248 4126/6878/6252 4143/6875/6249
f 3807/6739/6105 4121/6879/6253 4122/6877/6251
f 3807/6739/6105 4124/6880/6254 4121/6879/6253
f 4123/6881/6255 4121/6879/6253 4124/6880/6254
f 4123/6881/6255 4124/6880/6254 4125/6882/6256
f 3807/6739/6105 3796/6737/6103 3799/6883/6257
f 4976/6884/6258 4124/6885/6259 4767/6886/6260
f 4393/6887/6261 4131/6888/6262 4976/6884/6258
f 4976/6884/6258 4131/6888/6262 4130/6889/6263
f 4767/6886/6260 4393/6887/6261 4976/6884/6258
f 3796/6737/6103 3800/6890/6264 3799/6883/6257
f 3796/6737/6103 3802/6742/6108 4096/6891/6265
f 4131/6888/6262 4766/6892/6266 4130/6889/6263
f 4096/6893/6267 4133/6894/6268 4132/6895/6269
f 5188/6751/6118 4138/6750/6117 4096/6896/6270
f 4096/6896/6270 4138/6750/6117 4136/6897/6271
f 4136/6897/6272 4601/6898/6273 4137/6899/6274
f 4132/6895/6269 4133/6894/6268 4486/6900/6275
f 4136/6897/6272 4137/6899/6274 4133/6894/6276
f 4139/6747/6114 4082/6752/6119 4138/6750/6117
f 4138/6750/6117 4082/6752/6119 4601/6901/6277
f 3760/6755/6122 4120/6902/6278 4601/6898/6273
f 3760/6755/6122 3755/6756/6123 4120/6902/6278
f 4601/6898/6273 4120/6902/6278 4137/6899/6274
f 4137/6899/6274 4120/6902/6278 4135/6903/6279
f 5449/6904/6280 5448/6905/6281 5450/6906/6282
f 6290/6907/6283 4845/6908/6284 4135/6909/6285
f 6290/6907/6283 4781/6910/6286 4845/6908/6284
f 4135/6909/6285 4961/6911/6287 4134/6912/6288
f 4135/6909/6285 4845/6908/6284 4961/6911/6287
f 4845/6913/6289 4405/6914/6290 4844/6915/6291
f 3755/6759/6128 4405/6914/6290 4845/6913/6289
f 3755/6759/6128 4769/6762/6131 3756/6916/6292
f 3755/6759/6128 3756/6916/6292 4833/6917/6293
f 3755/6759/6128 4833/6917/6293 4405/6914/6290
f 4833/6917/6293 4960/6918/6294 4405/6914/6290
f 4769/6762/6131 4762/6919/6295 3756/6916/6292
f 3756/6916/6292 4762/6919/6295 4934/6920/6296
f 4934/6920/6297 4769/6765/6298 4770/6921/6299
f 4833/6917/6293 4934/6920/6300 4960/6918/6294
f 4769/6765/6298 3737/6763/6133 4768/6922/6301
f 3737/6763/6133 3348/6766/6136 4768/6922/6301
f 4769/6765/6298 4768/6922/6301 4770/6921/6299
f 3348/6766/6136 4828/6923/6302 4768/6922/6301
f 4828/6923/6302 4963/6924/6303 4771/6925/6304
f 4828/6923/6302 3348/6766/6136 4963/6924/6303
f 4768/6922/6301 4771/6925/6305 4962/6926/6306
f 4768/6922/6301 4962/6926/6306 4770/6921/6299
f 4770/6921/6299 4962/6926/6306 4772/6927/6307
f 4963/6771/6142 3372/6770/6141 4962/6926/6306
f 4962/6926/6306 3372/6770/6141 4772/6927/6307
f 4957/6928/6308 4774/6929/6309 4956/6930/6310
f 3372/6770/6141 4774/6931/6311 4772/6927/6307
f 4774/6931/6311 4775/6932/6312 4772/6927/6307
f 6308/6933/6313 2994/6934/6314 2995/6935/6315
f 3372/6936/6316 5185/6937/6317 3446/6938/6318
f 4435/6773/6144 3447/6775/6146 5185/6937/6317
f 3447/6775/6146 3446/6938/6318 5185/6937/6317
f 3447/6775/6146 5184/6939/6319 3446/6938/6318
f 3447/6940/6320 5183/6779/6149 3484/6941/6321
f 5183/6779/6149 3671/6942/6322 3484/6941/6321
f 3484/6941/6321 3669/6943/6323 3446/6944/6324
f 5183/6779/6149 3485/6780/6150 3671/6942/6322
f 3671/6942/6322 3486/6945/6325 3484/6941/6321
f 3484/6941/6321 3486/6945/6325 3669/6943/6323
f 4897/6946/6326 3671/6947/6327 3669/6948/6328
f 4654/6781/6329 3669/6948/6328 3671/6947/6327
f 4654/6781/6329 5181/6949/6330 3669/6948/6328
f 3669/6948/6331 4653/6950/6332 4652/6951/6333
f 5437/6783/6153 4653/6950/6332 4654/6784/6154
f 5437/6783/6153 4652/6951/6333 4653/6950/6332
f 4652/6952/6334 4650/6792/6161 4655/6953/6335
f 4600/6791/6160 4650/6792/6161 4652/6952/6334
f 4648/6794/6163 5175/6796/6165 4650/6792/6161
f 4650/6792/6161 5175/6796/6165 4649/6798/6167
f 4650/6792/6161 4649/6798/6167 4651/6954/6336
f 4651/6954/6336 4649/6798/6167 4655/6955/6337
f 4694/6799/6168 4693/6800/6169 6330/6956/6338
f 4693/6800/6169 4626/6802/6171 6330/6956/6338
f 4626/6802/6171 4627/6957/6339 6330/6956/6338
f 4623/6812/6180 4620/6813/6181 4626/6802/6340
f 4626/6802/6340 4620/6813/6181 4621/6958/6341
f 4620/6813/6181 4946/6959/6342 4621/6958/6341
f 4620/6813/6181 4965/6960/6343 4946/6959/6342
f 4618/6815/6344 4966/6961/6345 4965/6960/6343
f 4965/6960/6343 4613/6962/6346 4616/6963/6347
f 4618/6815/6344 4619/6964/6348 4966/6961/6345
f 4965/6960/6343 4966/6961/6345 4613/6962/6346
f 4965/6960/6343 4616/6963/6347 4946/6959/6342
f 4966/6961/6345 4622/6965/6349 4611/6825/6350
f 4966/6961/6345 4611/6825/6350 4613/6962/6346
f 4611/6825/6350 4609/6835/6204 4613/6962/6346
f 4609/6835/6204 4610/6966/6351 4613/6962/6346
f 4613/6962/6346 4610/6966/6351 4615/6967/6352
f 4615/6967/6352 4610/6966/6351 4616/6968/6353
f 4610/6966/6351 4617/6969/6354 4616/6968/6353
f 4617/6969/6354 4442/6970/6355 4616/6968/6353
f 4611/6825/6350 4974/6834/6203 4609/6835/6204
f 4610/6966/6351 4609/6835/6204 4608/6971/6356
f 4608/6971/6356 4442/6970/6355 4617/6969/6354
f 4608/6971/6356 4609/6835/6204 4442/6970/6355
f 4609/6835/6204 4437/6841/6211 4968/6972/6357
f 4968/6972/6357 4967/6973/6358 4609/6835/6204
f 4609/6835/6204 4967/6973/6358 4442/6970/6355
f 4442/6970/6359 4968/6972/6357 4438/6974/6360
f 4968/6972/6357 4437/6841/6211 4830/6975/6361
f 4968/6972/6357 4830/6975/6361 4438/6974/6360
f 4438/6976/6362 4437/6841/6363 4441/6977/6364
f 4582/6978/6365 4969/6979/6366 4437/6841/6363
f 4437/6841/6363 4969/6979/6366 4441/6977/6364
f 4152/6852/6222 4151/6855/6226 4969/6979/6366
f 4441/6980/6364 4969/6981/6366 4150/6982/6367
f 4969/6979/6366 4972/6983/6368 4150/6984/6367
f 4151/6855/6226 4146/6860/6232 4145/6865/6237
f 4151/6855/6226 4145/6865/6237 4969/6979/6366
f 4972/6985/6368 4129/6986/6369 4441/6987/6370
f 4145/6865/6237 4972/6985/6368 4969/6979/6366
f 4145/6865/6237 4144/6988/6371 4972/6985/6368
f 4972/6985/6368 4144/6988/6371 4129/6986/6369
f 4971/6989/6372 4129/6986/6369 4144/6988/6371
f 4143/6875/6249 4126/6878/6252 4971/6989/6372
f 4971/6989/6372 4126/6878/6252 4129/6986/6369
f 4129/6986/6369 4126/6878/6252 4970/6990/6373
f 4125/6882/6256 4124/6880/6254 4126/6878/6252
f 4124/6880/6254 4970/6990/6373 4126/6878/6252
f 4127/6991/6374 4128/6992/6375 4129/6986/6376
f 4130/6889/6377 4486/6900/6275 4124/6880/6254
f 4970/6990/6373 4124/6880/6254 4127/6991/6374
f 4124/6880/6254 4128/6992/6375 4127/6991/6374
f 4124/6880/6254 4486/6900/6275 4128/6992/6375
f 4486/6900/6275 4133/6894/6268 4128/6992/6375
f 4134/6912/6288 4128/6992/6375 4133/6894/6268
f 4134/6912/6288 4961/6911/6287 4128/6992/6375
f 4961/6911/6287 4892/6993/6378 4128/6992/6375
f 4844/6994/6379 4807/6995/6380 4961/6911/6287
f 4961/6911/6287 4806/6996/6381 4892/6993/6378
f 4961/6911/6287 4807/6995/6380 4806/6996/6381
f 4128/6992/6375 4892/6993/6378 4887/6997/6382
f 4806/6998/6383 4405/6914/6290 4866/6999/6384
f 4806/6998/6383 4866/6999/6384 4923/7000/6385
f 4405/6914/6290 4960/6918/6294 4915/7001/6386
f 4915/7001/6386 4867/7002/6387 4405/6914/6290
f 4960/6918/6294 4973/7003/6388 4915/7001/6386
f 4405/6914/6290 4867/7002/6387 4866/6999/6384
f 4960/6918/6294 4770/6921/6389 4964/7004/6390
f 4960/6918/6294 4964/7004/6390 4883/7005/6391
f 4960/6918/6294 4883/7005/6391 4973/7003/6388
f 4973/7003/6388 4883/7005/6391 4867/7002/6392
f 4964/7006/6393 4772/6927/6394 4777/7007/6395
f 4772/6927/6307 4773/7008/6396 4890/7009/6397
f 4890/7009/6397 4773/7008/6396 4777/7007/6398
f 4777/7007/6398 4773/7008/6396 4776/7010/6399
f 4773/7008/6396 4876/7011/6400 4776/7010/6399
f 4773/7008/6396 4772/6927/6307 4958/7012/6401
f 4772/6927/6307 4775/6932/6312 4958/7012/6401
f 4958/7012/6401 4775/6932/6312 4959/7013/6402
f 4959/7014/6403 4778/7015/6404 4773/7008/6396
f 2994/6934/6314 2997/7016/6405 2995/6935/6315
f 2997/7016/6405 2993/7017/6406 2995/6935/6315
f 2997/7016/6405 2991/7018/6407 2993/7017/6406
f 2997/7016/6405 2996/7019/6408 2991/7018/6407
f 2996/7019/6408 2992/7020/6409 2991/7018/6407
f 4773/7008/6396 4778/7015/6404 4876/7011/6400
f 5451/7021/6410 5452/7022/6411 5453/7023/6412
f 5455/7024/6413 5454/7025/6414 5465/7026/6415
f 5465/7026/6415 5454/7025/6414 343/7027/6416
f 5466/7028/6417 5463/7029/6418 5456/7030/6419
f 5466/7028/6417 5456/7030/6419 5454/7025/6420
f 5456/7030/6419 5468/7031/6421 5454/7025/6420
f 5468/7031/6421 5457/7032/6422 5454/7025/6420
f 5462/7033/6423 5457/7034/6424 5456/7030/6425
f 5462/7033/6423 5464/7035/6426 5457/7034/6424
f 5462/7033/6423 5459/7036/6427 5464/7035/6426
f 5464/7035/6426 5458/7037/6428 5457/7034/6424
f 5457/7034/6424 5458/7037/6428 5460/7038/6429
f 5458/7037/6428 5461/7039/6430 5460/7038/6429
f 5460/7038/6429 5461/7039/6430 5467/7040/6431
f 5469/7041/6432 5470/7042/6433 118/7043/6434
f 5469/7041/6432 5471/7044/6435 5470/7042/6433
f 5473/7045/6436 5476/7046/6437 5498/7047/6438
f 5473/7045/6436 5498/7047/6438 5477/7048/6439
f 5473/7049/6436 5472/7050/6440 5476/7051/6437
f 5473/7049/6436 5474/7052/908 5472/7050/6440
f 5474/7052/908 5475/7053/6441 5472/7050/6440
f 5473/7054/6436 5477/7055/6439 5482/7056/6442
f 5473/7054/6436 5482/7056/6442 5478/7057/6443
f 5477/7055/6439 5480/7058/6444 5482/7056/6442
f 5479/7059/6445 5482/7056/6442 5480/7058/6444
f 5479/7059/6445 5480/7058/6444 5481/7060/6446
f 5485/7061/6447 5486/7062/6448 5487/7063/6449
f 5486/7062/6448 5485/7061/6447 5484/7064/6450
f 5484/7065/6451 5483/7066/6452 5488/7067/6453
f 5484/7065/6451 5488/7067/6453 5489/7068/6454
f 5489/7068/6455 5490/7069/6456 5491/7070/6457
f 5490/7069/6456 5488/7071/6458 5491/7070/6457
f 5491/7070/6457 5488/7071/6458 5492/7072/6459
f 5476/7073/6460 5493/7074/6461 5494/7075/6462
f 5493/7074/6461 5497/7076/6463 5494/7075/6462
f 5497/7076/6463 6164/7077/6464 5494/7075/6462
f 5494/7075/6462 6164/7077/6464 5499/7078/6465
f 5497/7076/6463 5495/7079/6466 6164/7077/6464
f 6164/7077/6464 5495/7079/6466 5496/7080/6467
f 5496/7080/6467 5495/7079/6466 5499/7081/6468
f 5477/7082/6439 5498/7083/6438 5501/7084/6469
f 5477/7082/6439 5501/7084/6469 5500/7085/6470
f 5500/7085/6470 5501/7084/6469 6263/7086/6471
f 5501/7084/6469 6258/7087/6472 6263/7086/6471
f 5508/7088/6473 5509/7089/6474 5507/7090/6475
f 5509/7089/6474 5506/7091/6476 5507/7090/6475
f 5506/7091/6476 5502/7092/6477 5507/7090/6475
f 5502/7092/6477 5503/7093/6478 5507/7090/6475
f 5507/7090/6475 5503/7093/6478 5504/7094/6479
f 5504/7094/6479 6330/7095/6480 5507/7090/6475
f 5507/7090/6475 6330/7095/6480 5505/7096/6481
f 349/7097/6482 5581/7098/6483 5511/7099/6484
f 5581/7098/6483 5510/7100/6485 5511/7099/6484
f 5512/7101/6486 5513/7102/6487 5548/7103/6488
f 5514/7104/6489 5512/7101/6486 5515/7105/6490
f 5512/7101/6486 5548/7103/6488 5515/7105/6490
f 5548/7103/6491 5549/7106/6492 5514/7107/6493
f 5514/7107/6493 5549/7106/6492 5516/7108/6494
f 5514/7107/6493 5516/7108/6494 5543/7109/6495
f 5544/7110/6496 5517/7111/6497 5543/7112/6498
f 5544/7110/6496 5516/7108/6499 5517/7111/6497
f 5517/7111/6497 5516/7108/6499 5542/7113/6500
f 5541/7114/6501 5517/7111/6497 5542/7113/6500
f 5541/7114/6501 5542/7113/6500 5518/7115/6502
f 5520/7116/6503 5526/7117/6504 5518/7118/6505
f 5519/7119/6506 5546/7120/6507 5547/7121/6508
f 5518/7115/6502 5542/7113/6500 5519/7122/6509
f 5520/7116/6510 5519/7122/6511 5521/7123/6512
f 5525/7124/6513 5545/7125/6514 5523/7126/6515
f 5521/7123/6512 5524/7127/6516 5545/7128/6517
f 5545/7128/6517 5524/7127/6516 5522/7129/6518
f 5521/7123/6512 5519/7122/6511 5524/7127/6516
f 5525/7124/6513 5523/7126/6515 5522/7130/6519
f 5522/7129/6518 5524/7127/6516 5527/7131/6520
f 5527/7131/6520 5528/7132/6521 5529/7133/6522
f 5527/7131/6520 5524/7127/6516 5528/7132/6521
f 5524/7127/6516 5530/7134/6523 5528/7132/6521
f 5528/7132/6521 5530/7134/6523 5531/7135/6524
f 5531/7135/6524 5530/7134/6523 5532/7136/6525
f 5532/7136/6525 5530/7134/6523 5533/7137/6526
f 5530/7134/6523 5534/7138/6527 5533/7137/6526
f 5534/7138/6527 5530/7134/6523 5535/7139/6528
f 5534/7138/6527 5535/7139/6528 5532/7140/6529
f 5532/7140/6529 5535/7139/6528 5536/7141/6530
f 5532/7140/6529 5536/7141/6530 5537/7142/6531
f 5537/7142/6531 5536/7141/6530 5538/7143/6532
f 5537/7142/6533 5539/7144/6534 5540/7145/6535
f 5539/7144/6534 5538/7146/6536 5540/7145/6535
f 5551/7147/6537 5550/7148/6538 5552/7149/6539
f 5551/7147/6537 5553/7150/6540 5550/7148/6538
f 5557/7151/6541 5555/7152/6542 5556/7153/6543
f 5557/7151/6541 5527/7154/6544 5555/7152/6542
f 5527/7154/6544 5558/7155/6545 5555/7152/6542
f 5556/7153/6543 5555/7152/6542 5584/7156/6546
f 5554/7157/6547 5556/7153/6543 5553/7158/5687
f 5556/7153/6543 5584/7156/6546 5553/7158/5687
f 5561/7159/6548 5559/7160/6549 5571/7161/6550
f 5559/7160/6549 5562/7162/6551 5571/7161/6550
f 5560/7163/6552 5563/7164/6553 5562/7165/6554
f 5563/7166/6553 5564/7167/6555 5562/7165/6554
f 5564/7167/6555 5565/7168/6556 5562/7165/6554
f 5566/7169/1176 5570/7170/915 5567/7171/914
f 5569/7172/6557 5570/7173/6558 5571/7174/6559
f 5569/7172/6557 5571/7174/6559 5572/7175/6560
f 5569/7172/6557 5572/7175/6560 5568/7176/6561
f 5570/7170/915 5568/7177/1050 5567/7171/914
f 5576/7178/6562 5565/7179/6563 5577/7180/6564
f 5565/7179/6563 5578/7181/6565 5577/7180/6564
f 5576/7178/6562 5575/7182/6566 5574/7183/5690
f 5576/7178/6562 5577/7180/6564 5575/7182/6566
f 5573/7184/4202 5574/7183/5690 5575/7182/6566
f 5581/7185/6567 5580/7186/6568 5579/7187/6569
f 5586/7188/6570 5587/7189/6571 5583/7190/6572
f 5586/7188/6570 5583/7190/6572 5584/7191/6573
f 5584/7191/6573 5583/7192/6572 5585/7193/6574
f 5612/7194/6575 5614/7195/6576 5565/7196/6577
f 5614/7195/6576 5612/7194/6575 5610/7197/6578
f 5609/7198/6579 5611/7199/6580 5612/7194/6575
f 5612/7194/6575 5611/7199/6580 5610/7197/6578
f 5609/7200/6581 5598/7201/6582 5610/7202/6583
f 5598/7201/6582 5600/7203/6584 5610/7202/6583
f 5600/7203/6585 5599/7204/6586 5590/7205/6587
f 5599/7204/6586 5598/7201/6588 5590/7205/6587
f 5598/7201/6588 5608/7206/6589 5590/7205/6587
f 5590/7205/6590 5588/7207/6591 5589/7208/6592
f 5588/7207/6591 5591/7209/6593 5607/7210/6594
f 5588/7207/6591 5594/7211/6595 5591/7209/6593
f 5607/7210/6594 5589/7208/6592 5588/7207/6591
f 5591/7209/6593 5593/7212/6596 5589/7208/6597
f 5594/7211/6595 5593/7212/6596 5591/7209/6593
f 5589/7208/6597 5593/7212/6596 5592/7213/6598
f 5592/7213/6599 5594/7214/6600 5595/7215/6601
f 5592/7213/6599 5595/7215/6601 5597/7216/6602
f 5594/7214/6600 5596/7217/6603 5595/7215/6601
f 5595/7215/6601 5596/7217/6603 5601/7218/6604
f 5596/7217/6603 5597/7219/6605 5601/7218/6604
f 5597/7219/6605 5596/7217/6603 5602/7220/6606
f 5596/7217/6603 5615/7221/6607 5602/7220/6606
f 5596/7217/6603 5603/7222/6608 5615/7221/6607
f 5596/7217/6603 5613/7223/6609 5603/7222/6608
f 5597/7219/6605 5602/7220/6606 5603/7222/6610
f 5613/7223/6609 5604/7224/6611 5603/7222/6608
f 5596/7225/6612 5606/7226/6613 5604/7224/6611
f 5604/7224/6611 5605/7227/6614 5603/7222/6608
f 5604/7224/6611 5606/7226/6613 5605/7227/6614
f 5606/7226/6613 6272/7228/6615 5605/7227/6614
f 5618/7229/6616 5617/7230/6617 5616/7231/6618
f 5620/7232/6619 5626/7233/6620 5625/7234/6621
f 5620/7232/6619 5625/7234/6621 5621/7235/6622
f 5620/7232/6619 6163/7236/6623 5622/7237/6624
f 5620/7232/6619 5621/7235/6622 6163/7236/6623
f 5622/7237/6624 6163/7236/6623 5623/7238/6625
f 5621/7235/6622 5624/7239/6626 6163/7236/6623
f 5628/7240/6627 5630/7241/6628 5629/7242/6629
f 2314/7243/6630 5631/7244/6631 403/7245/6632
f 2314/7243/6630 5632/7246/6633 5631/7244/6631
f 5635/7247/6634 5633/7248/6635 5634/7249/6636
f 5640/7250/6637 5637/7251/6638 5638/7252/6639
f 5638/7252/6639 5637/7251/6638 5636/7253/6640
f 5635/7247/6634 5636/7254/6641 5633/7248/6635
f 5639/7255/6642 5637/7251/6638 5640/7250/6637
f 5641/7256/6643 5642/7257/6644 5643/7258/6645
f 5645/7259/6646 5646/7260/6647 5644/7261/6648
f 5648/7262/6649 5649/7263/6650 5647/7264/6651
f 5649/7263/6650 5650/7265/6652 5647/7264/6651
f 5652/7266/6653 5653/7267/6654 5651/7268/6655
f 5663/7269/6656 5660/7270/6657 5662/7271/4239
f 5664/7272/6658 5666/7273/6659 5665/7274/6660
f 5659/7275/4340 5662/7271/4239 5657/7276/6661
f 5662/7271/4239 5660/7270/6657 5657/7276/6661
f 5656/7277/6662 5661/7278/6663 5655/7279/6664
f 5658/7280/6665 5657/7281/6666 5661/7278/6667
f 5670/7282/6668 5669/7283/6669 5667/7284/6670
f 5667/7284/6670 5669/7283/6669 5668/7285/6671
f 5672/7286/6672 5673/7287/6673 5671/7288/6674
f 5686/7289/6675 5679/7290/6676 5678/7291/6677
f 5679/7290/6676 5684/7292/6678 5678/7291/6677
f 5684/7292/6678 5677/7293/6679 5678/7291/6677
f 5683/7294/6680 5676/7295/6681 5677/7296/6682
f 5683/7294/6680 5681/7297/6683 5676/7295/6681
f 5681/7297/6683 5675/7298/6684 5676/7295/6681
f 5681/7297/6683 5674/7299/6685 5675/7298/6684
f 5684/7300/6686 5685/7301/6687 5682/7302/6688
f 5683/7303/6680 5682/7304/6689 5681/7305/6683
f 5681/7305/6683 5682/7304/6689 5680/7306/6690
f 5687/7307/6691 5689/7308/6692 5688/7309/6693
f 5691/7310/6694 5692/7311/6695 5690/7312/6696
f 5695/7313/6697 4682/7314/6698 5696/7315/6699
f 5695/7313/6697 5694/7316/6700 4682/7314/6698
f 5742/7317/6701 5728/7318/6702 5733/7319/6703
f 5731/7320/6704 5730/7321/6705 5733/7322/6706
f 5733/7319/6703 5728/7318/6702 5716/7323/6707
f 5728/7318/6702 5729/7324/6708 5716/7323/6707
f 5730/7321/6705 5731/7320/6704 5715/7325/6709
f 5729/7324/6708 5730/7321/6710 5716/7323/6707
f 5710/7326/6711 5712/7327/6712 5718/7328/6713
f 5712/7327/6712 5719/7329/6714 5718/7328/6713
f 5718/7328/6713 5719/7329/6714 5708/7330/6715
f 5713/7331/6716 5709/7332/6717 5712/7327/6718
f 5713/7333/6719 5727/7334/6720 5716/7323/6707
f 5719/7329/6714 5709/7335/6721 5708/7330/6715
f 5709/7335/6721 5714/7336/6722 5708/7330/6715
f 5727/7334/6720 5733/7319/6703 5716/7323/6707
f 5716/7337/6723 5715/7338/6724 5714/7339/6725
f 5735/7340/6726 5720/7341/6727 5732/7342/6728
f 5710/7326/6711 5711/7343/6729 5707/7344/6730
f 5711/7343/6729 5720/7341/6731 5707/7344/6730
f 5710/7326/6711 5718/7328/6713 5711/7343/6729
f 5720/7341/6727 5718/7328/6732 5706/7345/6733
f 5698/7346/6734 5697/7347/6735 5699/7348/6736
f 5698/7346/6734 5699/7348/6736 5700/7349/6737
f 5732/7342/6728 5720/7341/6727 5736/7350/6738
f 5720/7341/6727 5726/7351/6739 5736/7350/6738
f 5720/7341/6727 5725/7352/6740 5726/7351/6739
f 5726/7353/6741 5723/7354/6742 5724/7355/6743
f 5723/7354/6744 5725/7356/6745 5701/7357/6746
f 5725/7356/6745 5722/7358/6747 5701/7357/6746
f 5720/7341/6727 5706/7345/6733 5725/7352/6740
f 5725/7356/6745 5702/7359/6748 5722/7358/6747
f 5706/7345/6733 5718/7328/6732 5702/7359/6748
f 5702/7359/6748 5718/7328/6732 5703/7360/6749
f 5718/7328/6713 5708/7330/6715 5717/7361/6750
f 5718/7328/6732 5705/7362/6751 5703/7360/6749
f 5717/7363/6752 5704/7364/6753 5705/7362/6751
f 5736/7350/6738 5724/7365/6754 5732/7342/6728
f 5732/7342/6728 5724/7365/6754 5701/7357/6755
f 5732/7342/6728 5701/7357/6755 5734/7366/6756
f 5734/7367/6757 5722/7358/6747 5721/7368/6758
f 5702/7359/6748 5703/7360/6749 5722/7358/6747
f 5722/7358/6747 5703/7360/6749 5721/7368/6758
f 5705/7362/6751 5704/7364/6753 5703/7360/6749
f 5737/7369/6759 5739/7370/6760 5738/7371/6761
f 5758/7372/6762 5740/7373/6763 5741/7374/6764
f 5743/7375/6765 5758/7376/6766 5744/7377/6767
f 5750/7378/6768 5749/7379/6769 5747/7380/6770
f 5747/7380/6770 5749/7379/6769 5746/7381/6771
f 2627/7382/6772 5747/7380/6770 5746/7381/6771
f 2627/7382/6772 5746/7381/6771 5748/7383/6773
f 5753/7384/6774 5752/7385/6775 5751/7386/6776
f 5756/7387/6777 5754/7388/6778 5755/7389/6779
f 5755/7389/6779 5754/7388/6778 5757/7390/6780
f 5760/7391/6781 5759/7392/6782 3887/7393/6783
f 5761/7394/6784 5763/7395/6785 5762/7396/6786
f 5769/7397/6787 5767/7398/6788 5768/7399/6789
f 5765/7400/6790 5766/7401/6791 5764/7402/6792
f 5773/7403/6793 5772/7404/6794 5771/7405/6795
f 5776/7406/6796 5774/7407/6797 5775/7408/6798
f 5774/7407/6797 5776/7406/6796 5800/7409/6799
f 5774/7407/6797 5800/7409/6799 2833/7410/6800
f 2833/7410/6800 5800/7409/6799 5778/7411/6801
f 5778/7411/6801 5800/7409/6799 5779/7412/6802
f 5777/7413/6803 5776/7406/6796 5775/7408/6798
f 5780/7414/6804 5781/7415/6805 5782/7416/6806
f 5780/7414/6804 5783/7417/6807 5781/7415/6805
f 5784/7418/6808 5785/7419/6809 5786/7420/6810
f 5791/7421/6811 5786/7420/6812 5790/7422/6813
f 5786/7420/6812 5789/7423/6814 5790/7422/6813
f 5787/7424/6815 5786/7420/6812 5788/7425/6816
f 5786/7420/6812 5787/7424/6815 5789/7423/6814
f 5793/7426/6817 5794/7427/6818 5792/7428/6819
f 5796/7429/6820 5795/7430/6821 5797/7431/6822
f 5799/7432/6823 5798/7433/6824 5800/7434/6825
f 5803/7435/6826 5801/7436/6827 5802/7437/6828
f 5805/7438/6829 5806/7439/6830 5804/7440/6831
f 5810/7441/6832 5808/7442/6833 5807/7443/6834
f 5807/7443/6834 5808/7442/6833 5811/7444/6835
f 5808/7442/6833 5812/7445/6836 5811/7444/6835
f 5810/7441/6832 5807/7443/6834 5809/7446/6837
f 5809/7446/6837 5811/7447/6838 5810/7441/6832
f 5810/7441/6832 5811/7447/6838 5813/7448/6839
f 5815/7449/6840 5796/7450/6841 5814/7451/6842
f 5839/7452/6843 5823/7453/6844 5827/7454/6845
f 5827/7454/6845 5823/7453/6844 5824/7455/6846
f 5839/7452/6843 5838/7456/6847 5823/7453/6844
f 5824/7455/6846 5823/7453/6844 5826/7457/6848
f 5826/7457/6848 5823/7453/6844 5822/7458/6849
f 5823/7453/6844 5821/7459/6850 5822/7458/6849
f 5822/7458/6849 5821/7459/6850 5842/7460/6851
f 5822/7458/6849 5842/7460/6851 5828/7461/6852
f 5842/7460/6851 5821/7459/6850 6157/7462/6853
f 5842/7460/6851 6157/7462/6853 5816/7463/6854
f 5842/7460/6851 5816/7463/6854 5825/7464/6855
f 5820/7465/6856 5825/7464/6855 5829/7466/6857
f 5825/7464/6855 5816/7463/6854 5829/7466/6857
f 5816/7463/6854 5854/7467/6858 5829/7466/6857
f 5816/7463/6854 5819/7468/6859 5854/7467/6858
f 5854/7467/6858 5819/7468/6859 5817/7469/6860
f 5819/7468/6859 5818/7470/6861 5817/7469/6860
f 5817/7469/6860 5818/7470/6861 5835/7471/6862
f 5835/7471/6862 5833/7472/6863 6325/7473/6864
f 5833/7472/6863 5834/7474/6865 6325/7473/6864
f 5818/7470/6861 5840/7475/6866 5835/7471/6862
f 5840/7475/6866 5830/7476/6867 5835/7471/6862
f 5835/7471/6862 5830/7476/6867 5833/7472/6863
f 5840/7475/6866 5832/7477/6868 5830/7476/6867
f 5840/7475/6866 5831/7478/6869 5832/7477/6868
f 5830/7476/6867 5832/7477/6868 5837/7479/6870
f 5836/7480/6871 5837/7479/6870 5832/7477/6868
f 5847/7481/6872 5845/7482/6873 5844/7483/6874
f 5849/7484/6875 5846/7485/6876 5848/7486/6877
f 5843/7487/6878 5842/7488/6879 5841/7489/6880
f 5850/7490/6881 5851/7491/6882 5852/7492/6883
f 5850/7490/6881 5852/7492/6883 5853/7493/6884
f 5853/7494/6885 5854/7495/6886 624/7496/6887
f 624/7496/6887 5854/7495/6886 5855/7497/6888
f 624/7496/6887 5855/7497/6888 5835/7498/6889
f 5949/7499/6890 5942/7500/6891 5948/7501/6892
f 5948/7501/6892 5951/7502/6893 5949/7499/6890
f 5951/7502/6893 5950/7503/6894 5949/7499/6890
f 5945/7504/6895 6064/7505/6896 5941/7506/6897
f 5948/7501/6892 6065/7507/6898 5945/7508/6899
f 5948/7501/6892 5942/7500/6891 6065/7507/6898
f 6065/7507/6898 5942/7500/6891 5943/7509/6900
f 5943/7509/6900 5969/7510/6901 5944/7511/6902
f 5942/7500/6891 5949/7499/6890 5969/7510/6903
f 5950/7512/6904 5966/7513/6905 5969/7510/6901
f 5966/7513/6905 5967/7514/6906 5969/7510/6901
f 5966/7513/6905 5951/7515/6907 5967/7514/6906
f 5945/7504/6895 5941/7506/6897 5947/7516/6908
f 6064/7505/6896 6065/7507/6898 5941/7506/6897
f 5941/7506/6897 6065/7507/6898 5946/7517/6909
f 5943/7509/6900 5944/7511/6902 6065/7507/6898
f 6065/7507/6898 5944/7511/6902 5946/7517/6909
f 5946/7517/6909 5944/7511/6902 6058/7518/6910
f 5946/7517/6909 6058/7518/6910 5934/7519/6911
f 5944/7511/6902 5969/7510/6901 5970/7520/6912
f 6058/7518/6910 5932/7521/6913 5934/7519/6911
f 6058/7518/6910 6066/7522/6914 5932/7521/6913
f 5970/7520/6912 5969/7510/6901 5971/7523/6915
f 6066/7522/6914 5971/7523/6916 5932/7521/6913
f 5971/7523/6916 5936/7524/6917 5932/7521/6913
f 5971/7523/6915 5969/7510/6901 5972/7525/6918
f 5972/7525/6918 5935/7526/6919 5936/7524/6920
f 5969/7510/6901 6033/7527/6921 5972/7525/6918
f 5972/7525/6918 6033/7527/6921 5935/7526/6919
f 5969/7510/6901 5967/7514/6906 6033/7527/6921
f 5967/7514/6906 5968/7528/6922 6033/7527/6921
f 5935/7526/6919 6033/7527/6921 5933/7529/6923
f 5968/7530/6924 6053/7531/6925 5933/7529/6926
f 5967/7514/6906 5918/7532/6927 6057/7533/6928
f 5967/7514/6906 5951/7515/6907 5918/7532/6927
f 6053/7531/6925 5968/7530/6924 5918/7532/6927
f 6057/7533/6928 5918/7532/6927 5968/7530/6924
f 5951/7515/6907 5939/7534/6929 5918/7532/6927
f 5946/7517/6909 5934/7519/6911 5937/7535/6930
f 5980/7536/6931 5985/7537/6932 5937/7538/6933
f 5932/7521/6913 5938/7539/6934 5980/7536/6931
f 5980/7536/6931 5938/7539/6934 5984/7540/6935
f 5980/7536/6931 5984/7540/6935 5985/7537/6932
f 5933/7529/6926 5930/7541/6936 5936/7524/6917
f 5936/7524/6917 5930/7541/6936 5932/7521/6913
f 5932/7521/6913 5930/7541/6936 5931/7542/6937
f 5933/7529/6926 6053/7531/6925 5930/7541/6936
f 5932/7521/6913 5931/7542/6937 5938/7539/6934
f 5938/7539/6934 5912/7543/6938 5984/7540/6935
f 5938/7539/6934 5930/7544/6939 5912/7543/6938
f 6053/7531/6925 5918/7532/6927 6052/7545/6940
f 5930/7544/6939 6052/7545/6940 5912/7543/6938
f 5918/7546/6927 5913/7547/6941 6052/7548/6940
f 6052/7545/6940 5913/7549/6941 5912/7543/6938
f 5918/7532/6942 5916/7550/6943 5923/7551/6944
f 6056/7552/6945 5916/7550/6943 5918/7532/6942
f 5913/7549/6941 5916/7550/6943 5912/7543/6938
f 5916/7550/6943 6056/7552/6945 5914/7553/6946
f 6056/7552/6945 5919/7554/6947 5917/7555/6948
f 6056/7552/6945 5917/7555/6948 5914/7553/6946
f 5919/7554/6947 5975/7556/6949 5917/7555/6948
f 5917/7555/6948 5975/7556/6949 5952/7557/6950
f 6055/7558/6951 5917/7555/6952 5910/7559/6953
f 5910/7559/6953 5907/7560/6954 6055/7558/6951
f 5907/7560/6954 5910/7559/6953 5906/7561/6955
f 5910/7559/6953 5952/7562/6956 5903/7563/6957
f 5910/7559/6953 5903/7563/6957 5906/7561/6955
f 5957/7564/6958 5903/7563/6957 5952/7562/6956
f 5984/7540/6935 5912/7543/6938 5927/7565/6959
f 5984/7540/6935 5927/7565/6959 5928/7566/6960
f 5912/7543/6938 5916/7550/6943 6067/7567/6961
f 5916/7550/6943 5914/7553/6946 5979/7568/6962
f 5916/7550/6943 5979/7568/6962 6067/7567/6961
f 5979/7568/6962 5915/7569/6963 6067/7567/6961
f 5915/7569/6963 5907/7560/6954 6067/7567/6961
f 5914/7570/6964 6055/7558/6951 5907/7560/6954
f 5914/7570/6964 5907/7560/6954 5915/7569/6963
f 5927/7565/6965 6067/7567/6961 5911/7571/6966
f 5907/7560/6954 5921/7572/6967 6067/7567/6961
f 5907/7560/6954 5908/7573/6968 5909/7574/6969
f 5907/7560/6954 5905/7575/6970 5908/7573/6968
f 5906/7561/6955 5904/7576/6971 6054/7577/6972
f 5906/7561/6955 6054/7577/6972 5907/7560/6954
f 5907/7560/6954 6054/7577/6972 5905/7575/6970
f 5904/7576/6971 5901/7578/6973 6054/7577/6972
f 5901/7578/6973 5894/7579/6974 6054/7577/6972
f 6054/7577/6972 5973/7580/6975 5905/7575/6970
f 6054/7577/6972 5894/7579/6974 5902/7581/6976
f 5902/7581/6976 5894/7579/6974 5973/7580/6977
f 5903/7582/6978 5896/7583/6979 5901/7578/6973
f 5894/7579/6974 5890/7584/6980 5893/7585/6981
f 5894/7579/6974 5901/7578/6973 5896/7583/6979
f 5896/7583/6979 5895/7586/6982 5894/7579/6974
f 5895/7586/6982 5896/7583/6979 5897/7587/6983
f 5896/7583/6979 5978/7588/6984 5897/7587/6983
f 5896/7589/6985 5883/7590/6986 5886/7591/6987
f 5896/7589/6985 5887/7592/6988 5883/7590/6986
f 5924/7593/6989 5927/7565/6965 5920/7594/6990
f 5927/7565/6965 5911/7571/6966 5920/7594/6990
f 5920/7594/6991 5922/7595/6992 5940/7596/6993
f 5911/7571/6966 6067/7567/6961 5921/7572/6967
f 5921/7572/6967 5909/7574/6994 5911/7571/6966
f 5911/7571/6966 5909/7574/6994 5940/7596/6993
f 5911/7571/6966 5940/7596/6993 5922/7595/6992
f 5905/7575/6970 5893/7597/6995 5908/7573/6968
f 5908/7573/6968 5893/7597/6995 6051/7598/6996
f 5908/7573/6968 6051/7598/6996 5976/7599/6997
f 5909/7574/6994 5976/7600/6998 5940/7596/6993
f 5900/7601/6999 5893/7585/6981 5890/7584/6980
f 5900/7601/6999 5890/7584/6980 6051/7602/7000
f 5976/7600/6998 6068/7603/7001 5940/7596/6993
f 5976/7600/6998 5899/7604/7002 6068/7603/7001
f 5899/7604/7002 6071/7605/7003 6068/7603/7001
f 5899/7604/7002 6051/7602/7000 6071/7605/7003
f 6051/7602/7000 5890/7584/6980 6071/7605/7003
f 5894/7579/6974 5895/7586/6982 5890/7584/6980
f 5978/7588/7004 5892/7606/7005 5890/7584/6980
f 5892/7606/7005 5891/7607/7006 5890/7584/6980
f 5892/7608/7007 5886/7591/6987 6050/7609/7008
f 5886/7591/6987 5883/7590/6986 6050/7609/7008
f 6050/7609/7008 5883/7590/6986 6046/7610/7009
f 5883/7590/6986 5884/7611/7010 6046/7610/7009
f 5883/7590/6986 5925/7612/7011 6059/7613/7012
f 5883/7590/6986 6059/7613/7012 5884/7611/7010
f 5884/7611/7010 5885/7614/7013 6046/7610/7009
f 6059/7615/7012 6060/7616/7014 5884/7617/7010
f 6059/7615/7012 6061/7618/7015 6060/7616/7014
f 5986/7619/7016 5873/7620/7017 5958/7621/7018
f 5958/7622/7019 5871/7623/7020 6060/7624/7021
f 5958/7621/7018 5873/7620/7017 5874/7625/7022
f 5871/7623/7020 5872/7626/7023 6060/7624/7021
f 5874/7625/7022 5873/7620/7017 5871/7623/7020
f 5871/7623/7020 5873/7620/7017 5872/7626/7023
f 5940/7627/7024 5898/7628/7025 5889/7629/7026
f 5940/7627/7024 5889/7629/7026 5926/7630/7027
f 6071/7605/7003 5898/7631/7028 6068/7603/7001
f 5898/7628/7025 6070/7632/7029 5889/7629/7026
f 6069/7633/7030 6071/7634/7031 6070/7635/7032
f 6071/7605/7003 5890/7584/6980 5889/7636/7033
f 5890/7584/6980 5891/7607/7006 5889/7636/7033
f 5929/7637/7034 5889/7636/7033 5888/7638/7035
f 5929/7639/7036 5959/7640/7037 5926/7641/7038
f 5891/7607/7006 5888/7638/7035 5889/7636/7033
f 5891/7642/7039 6046/7610/7009 5880/7643/7040
f 6046/7610/7009 6049/7644/7041 6043/7645/7042
f 6046/7610/7009 6043/7645/7042 5880/7643/7040
f 6046/7610/7009 5885/7614/7013 6049/7644/7041
f 6049/7644/7041 6063/7646/7043 6043/7645/7042
f 6049/7644/7041 6060/7624/7021 6063/7646/7043
f 6063/7646/7043 6060/7624/7021 5867/7647/7044
f 6060/7624/7021 5872/7626/7023 5870/7648/7045
f 6060/7624/7021 5870/7648/7045 5867/7647/7044
f 5872/7626/7023 5953/7649/7046 5977/7650/7047
f 5870/7648/7048 5977/7651/7049 6048/7652/7050
f 6048/7652/7050 5977/7651/7049 5867/7647/7044
f 5867/7647/7044 5977/7651/7049 5878/7653/7051
f 5873/7620/7017 5956/7654/7052 5953/7649/7046
f 5873/7620/7017 5953/7649/7046 5872/7626/7023
f 5953/7649/7046 6047/7655/7053 5977/7650/7047
f 6047/7655/7053 5953/7649/7046 5879/7656/7054
f 6047/7655/7053 5879/7656/7054 5878/7657/7055
f 5953/7649/7046 5954/7658/7056 5879/7656/7054
f 5954/7658/7056 5955/7659/7057 5879/7656/7054
f 5959/7640/7037 5888/7660/7058 5926/7641/7038
f 5888/7660/7058 5882/7661/7059 5926/7641/7038
f 5880/7643/7040 5881/7662/7060 5882/7661/7061
f 5880/7643/7040 6043/7645/7042 5881/7662/7060
f 5882/7661/7061 5881/7662/7060 5987/7663/7062
f 5981/7664/7063 5982/7665/7064 5987/7663/7062
f 5987/7663/7062 5982/7665/7064 5882/7661/7061
f 5881/7662/7060 6043/7645/7042 5981/7664/7065
f 5981/7664/7063 5864/7666/7066 5982/7665/7064
f 6063/7646/7043 5866/7667/7067 6043/7645/7042
f 6043/7645/7042 5866/7667/7067 5864/7666/7068
f 5864/7666/7068 5866/7667/7067 5865/7668/7069
f 5864/7666/7068 5865/7668/7069 5876/7669/7070
f 5865/7668/7069 5866/7667/7067 5869/7670/7071
f 5867/7647/7044 5868/7671/7072 6063/7646/7043
f 5866/7667/7067 5877/7672/7073 5869/7670/7071
f 5867/7647/7044 5878/7653/7051 5868/7671/7072
f 5878/7657/7055 5875/7673/7074 6045/7674/7075
f 5866/7667/7067 6045/7674/7075 5875/7673/7074
f 5866/7667/7067 5875/7673/7074 5877/7672/7073
f 5878/7657/7055 5879/7656/7054 6044/7675/7076
f 5878/7657/7055 6044/7675/7076 5875/7673/7074
f 6044/7675/7076 5960/7676/7077 5961/7677/7078
f 5879/7656/7054 5960/7676/7077 6044/7675/7076
f 5879/7656/7054 5974/7678/7079 5983/7679/7080
f 5983/7679/7081 6062/7680/7082 5960/7676/7077
f 5960/7676/7077 6062/7680/7082 5961/7677/7078
f 6062/7680/7082 5955/7659/7057 5961/7677/7078
f 5879/7656/7054 5955/7659/7057 5974/7678/7079
f 6062/7680/7082 5974/7678/7079 5955/7659/7057
f 5988/7681/7083 6072/7682/7084 6030/7683/7085
f 6029/7684/7086 6027/7685/7087 6072/7682/7088
f 6072/7682/7088 6027/7685/7087 6073/7686/7089
f 6028/7687/7090 6026/7688/7091 6027/7685/7087
f 6073/7686/7089 6027/7685/7087 6026/7688/7091
f 6026/7688/7091 6025/7689/7092 6073/7686/7089
f 5856/7690/7093 5863/7691/7094 5860/7692/7095
f 6106/7693/7096 6041/7694/7097 6042/7695/7098
f 6106/7693/7096 6040/7696/7099 6041/7694/7097
f 6106/7693/7096 6039/7697/7100 6040/7696/7099
f 5869/7670/7101 6035/7698/7102 5876/7699/7103
f 5876/7699/7103 6035/7698/7102 6034/7700/7104
f 6038/7701/7105 6036/7702/7106 6034/7700/7107
f 6037/7703/7108 6036/7702/7106 6038/7701/7105
f 5961/7677/7078 5955/7659/7057 5962/7704/7109
f 5962/7704/7109 5955/7659/7057 5963/7705/7110
f 5962/7704/7109 5965/7706/7111 5961/7677/7078
f 5961/7677/7078 5965/7706/7111 5989/7707/7112
f 5962/7704/7109 5964/7708/7113 5965/7706/7111
f 5963/7705/7110 5955/7659/7057 5964/7709/7114
f 5955/7659/7057 5988/7710/7115 5964/7709/7114
f 5965/7706/7111 5988/7710/7116 5989/7707/7112
f 5859/7711/7117 5857/7712/7118 5858/7713/7119
f 5989/7707/7112 6020/7714/7120 5990/7715/7121
f 6020/7714/7120 6021/7716/7122 5990/7715/7121
f 5988/7710/7116 6020/7714/7120 5989/7707/7112
f 6030/7683/7085 6072/7682/7084 6024/7717/7123
f 6031/7718/7124 6022/7719/7125 6021/7716/7126
f 6022/7719/7125 6023/7720/7127 6021/7716/7126
f 6030/7683/7085 6024/7717/7123 6031/7718/7128
f 6073/7686/7089 6025/7689/7092 6024/7721/7129
f 6025/7689/7092 6023/7720/7127 6024/7721/7129
f 5857/7712/7130 5860/7722/7131 5862/7723/7132
f 5857/7712/7130 5862/7723/7132 5861/7724/7133
f 6022/7719/7125 6024/7721/7129 6023/7720/7127
f 6039/7697/7100 5992/7725/7134 6040/7696/7099
f 5992/7725/7134 5991/7726/7135 6040/7696/7099
f 5989/7707/7112 6082/7727/7136 6193/7728/7137
f 5992/7725/7134 6082/7727/7136 5991/7726/7135
f 5989/7707/7112 5990/7715/7121 6082/7727/7136
f 6082/7727/7136 5990/7715/7121 6019/7729/7138
f 6019/7729/7138 5990/7715/7121 6075/7730/7139
f 6082/7727/7136 6019/7729/7138 5991/7726/7135
f 6074/7731/7140 6075/7732/7141 6076/7733/7142
f 5990/7715/7121 6012/7734/7143 6075/7730/7139
f 6013/7735/7144 6009/7736/7145 6012/7737/7146
f 6012/7737/7146 6009/7736/7145 5995/7738/7147
f 6011/7739/7148 6008/7740/7149 6009/7736/7150
f 6019/7741/7151 5993/7742/7152 5994/7743/7153
f 6075/7730/7139 6077/7744/7154 5994/7745/7155
f 6077/7744/7154 6078/7746/7156 5994/7745/7155
f 5994/7745/7155 6078/7746/7156 6018/7747/7157
f 6077/7744/7154 6017/7748/7158 6078/7746/7156
f 6012/7749/7143 6077/7750/7154 6075/7751/7139
f 6017/7748/7158 6077/7744/7154 6010/7752/7159
f 5996/7753/7160 6010/7752/7159 6077/7744/7154
f 6077/7754/7154 6009/7755/7161 5996/7756/7160
f 6079/7757/7162 6080/7758/7163 5998/7759/7164
f 6010/7760/7165 6008/7740/7149 6080/7758/7163
f 6008/7740/7149 6014/7761/7166 6080/7758/7163
f 6080/7758/7163 6014/7761/7166 6081/7762/7167
f 6014/7761/7166 6015/7763/7168 6081/7762/7167
f 6009/7736/7150 6008/7740/7149 6010/7760/7165
f 6008/7740/7149 5999/7764/7169 6014/7761/7166
f 5999/7764/7169 6008/7740/7149 6000/7765/7170
f 6010/7752/7159 5997/7766/7171 6017/7748/7158
f 6010/7752/7159 6079/7757/7162 5997/7766/7171
f 5997/7766/7171 6079/7757/7162 5998/7759/7164
f 5997/7766/7171 5998/7759/7164 6016/7767/7172
f 6080/7758/7163 6081/7762/7167 5998/7759/7164
f 6015/7763/7173 6000/7765/7170 5998/7759/7174
f 6015/7763/7173 5999/7764/7169 6000/7765/7170
f 6000/7765/7170 6003/7768/7175 5998/7759/7174
f 6004/7769/7176 6002/7770/7177 6000/7765/7170
f 6000/7765/7170 6002/7770/7177 6001/7771/7178
f 6032/7772/7179 6005/7773/7180 6007/7774/7181
f 6032/7772/7179 6003/7768/7175 6005/7773/7180
f 6005/7773/7180 6003/7768/7175 6001/7771/7178
f 6003/7768/7175 6000/7765/7170 6001/7771/7178
f 6001/7771/7182 6006/7775/7183 6007/7776/7184
f 6085/7777/7185 6086/7778/7186 6084/7779/7187
f 6084/7779/7187 6083/7780/7188 6085/7777/7185
f 6091/7781/7189 6090/7782/7190 6092/7783/7191
f 6089/7784/7192 6087/7785/7193 6088/7786/7194
f 6096/7787/7195 6095/7788/7196 6087/7789/7197
f 6095/7788/7196 6093/7790/7198 6087/7789/7197
f 6095/7788/7196 6094/7791/7199 6093/7790/7198
f 6097/7792/7200 6093/7790/7198 6094/7791/7199
f 6097/7792/7200 6165/7793/7201 6093/7790/7198
f 6165/7793/7201 6098/7794/7202 6093/7790/7198
f 6098/7794/7202 6099/7795/7203 6093/7790/7198
f 6098/7794/7202 6100/7796/7204 6099/7795/7203
f 6103/7797/7205 6104/7798/7206 5984/7799/7207
f 6101/7800/7208 6103/7797/7205 5984/7799/7207
f 6101/7800/7208 5984/7799/7207 5920/7801/6991
f 6101/7800/7208 5920/7801/6991 5940/7802/6993
f 6101/7800/7208 5940/7802/6993 6102/7803/7209
f 6110/7804/7210 6105/7805/7211 6109/7806/7212
f 6109/7806/7212 6105/7805/7211 6108/7807/7213
f 6105/7805/7211 6107/7808/7214 6108/7807/7213
f 6111/7809/7215 6095/7810/7216 6112/7811/7217
f 6113/7812/7218 6114/7813/7219 6117/7814/7220
f 6117/7814/7220 6114/7813/7219 6115/7815/7221
f 6118/7816/7222 6115/7815/7221 6114/7813/7219
f 6118/7816/7222 6116/7817/7223 6115/7815/7221
f 6123/7818/7224 6121/7819/7225 6122/7820/7226
f 6119/7821/7227 6121/7822/7228 6120/7823/7229
f 6126/7824/7230 6127/7825/7231 6124/7826/7232
f 6124/7826/7233 6125/7827/7234 6128/7828/7235
f 6128/7828/7235 6125/7827/7234 6129/7829/7236
f 6130/7830/7237 6131/7831/7238 6132/7832/7239
f 6135/7833/7240 6133/7834/7241 6134/7835/7242
f 6137/7836/7243 6136/7837/7244 6138/7838/7245
f 6137/7836/7243 6138/7838/7245 6139/7839/7246
f 6139/7840/7247 6140/7841/7248 6141/7842/7249
f 6140/7841/7248 6143/7843/7250 6142/7844/7251
f 6140/7841/7248 6142/7844/7251 6141/7842/7249
f 6155/7845/7252 6154/7846/7253 6156/7847/7254
f 6156/7847/7254 6154/7846/7253 6152/7848/7255
f 6154/7846/7253 6153/7849/7256 6152/7848/7255
f 6153/7849/7256 6151/7850/7257 6152/7848/7255
f 6151/7850/7257 6150/7851/7258 6152/7848/7255
f 6152/7848/7255 6150/7851/7258 6148/7852/7259
f 6147/7853/7260 6144/7854/7261 6148/7852/7262
f 6144/7854/7261 6146/7855/7263 6148/7852/7262
f 6144/7854/7261 6145/7856/7264 6146/7855/7263
f 6145/7856/7264 6374/7857/7265 6146/7855/7263
f 6374/7857/7265 6149/7858/7266 6146/7855/7263
f 6162/7859/7267 6161/7860/7268 1705/7861/7269
f 6159/7862/7270 6160/7863/7271 6161/7864/7272
f 6168/7865/7273 6167/7866/7274 6166/7867/7275
f 6172/7868/7276 6171/7869/7277 6169/7870/7278
f 6169/7870/7278 6171/7869/7277 6170/7871/7279
f 6173/7872/7280 6174/7873/7281 6175/7874/7282
f 6173/7872/7280 6176/7875/7283 6174/7873/7281
f 6173/7872/7280 6177/7876/7284 6176/7875/7283
f 6182/7877/7285 6183/7878/7286 6178/7879/7287
f 6179/7880/7288 6181/7881/7289 6180/7882/7290
f 6197/7883/7291 6196/7884/7292 6195/7885/7293
f 6197/7883/7291 6195/7885/7293 6194/7886/7294
f 6194/7886/7294 6195/7885/7293 6198/7887/7295
f 6194/7888/7296 6187/7889/7297 6184/7890/7298
f 6194/7888/7296 6190/7891/7299 6187/7889/7297
f 6190/7891/7299 6193/7892/7300 6187/7889/7297
f 6199/7893/7301 6184/7890/7298 6185/7894/7302
f 6184/7890/7298 6187/7889/7297 6185/7894/7302
f 6186/7895/7303 6187/7889/7297 6192/7896/7304
f 6187/7889/7297 6189/7897/7305 6192/7896/7304
f 6187/7889/7297 6186/7895/7303 6185/7894/7302
f 6185/7894/7302 6186/7895/7303 6188/7898/7306
f 6186/7895/7303 6189/7899/7307 6188/7898/7306
f 6187/7889/7297 6193/7892/7300 6191/7900/7308
f 6202/7901/7309 6200/7902/7310 6201/7903/7311
f 6204/7904/7312 6205/7905/7313 6206/7906/7314
f 6203/7907/7315 6205/7905/7313 6204/7904/7312
f 6209/7908/7316 6207/7909/7317 6208/7910/7318
f 6210/7911/7319 6211/7912/7320 6212/7913/7321
f 6214/7914/7322 6215/7915/7323 6213/7916/7324
f 6216/7917/7325 6217/7918/7326 6218/7919/7327
f 6220/7920/7328 6219/7921/7329 399/7922/7330
f 6220/7920/7328 399/7922/7330 6221/7923/7331
f 6223/7924/7332 6224/7925/7333 6222/7926/7334
f 6226/7927/7335 6225/7928/7336 6229/7929/7337
f 6226/7927/7335 6227/7930/7338 6225/7928/7336
f 6227/7930/7338 6228/7931/7339 6225/7928/7336
f 4179/7932/7340 6230/7933/7341 6231/7934/7342
f 6232/7935/7343 6233/7936/7344 6235/7937/7345
f 6235/7937/7345 6233/7936/7344 6234/7938/7346
f 6240/7939/7347 6238/7940/7348 6239/7941/7349
f 6237/7942/7350 6236/7943/7351 6238/7940/7348
f 6238/7940/7348 6236/7943/7351 6239/7941/7349
f 6239/7941/7349 6236/7943/7351 6012/7944/7352
f 6012/7945/7353 6242/7946/7354 6241/7947/7355
f 6242/7948/7356 6244/7949/7357 6243/7950/7358
f 6247/7951/7359 6246/7952/7360 6245/7953/7361
f 6250/7954/7362 6249/7955/7363 6248/7956/7364
f 6253/7957/7365 6254/7958/7366 6252/7959/7367
f 6253/7957/7365 1491/7960/7368 6254/7958/7366
f 1491/7960/7368 6255/7961/7369 6254/7958/7366
f 6257/7962/7370 6256/7963/7371 6259/7964/7372
f 6259/7964/7372 6256/7963/7371 6260/7965/7373
f 5472/7966/6440 6261/7967/7374 6258/7968/7375
f 5472/7966/6440 6263/7969/7376 6261/7967/7374
f 6261/7967/7374 6263/7969/7376 6264/7970/7377
f 6258/7968/7375 6261/7967/7374 6262/7971/7378
f 5472/7966/6440 5475/7972/6441 6263/7969/7376
f 6264/7970/7377 6263/7969/7376 6262/7971/7379
f 6265/7973/7380 6269/7974/7381 6267/7975/7382
f 6269/7974/7381 6266/7976/7383 6267/7975/7382
f 6269/7974/7381 6268/7977/7384 6266/7976/7383
f 6268/7978/7385 6271/7979/7386 6270/7980/7387
f 6270/7980/7387 6271/7979/7386 6260/7981/7388
f 6272/7982/7389 6274/7983/7390 6273/7984/7391
f 6282/7985/7392 6281/7986/7393 1370/7987/7394
f 1370/7987/7394 6281/7986/7393 6279/7988/7395
f 1370/7987/7394 6279/7988/7395 6280/7989/7396
f 6276/7990/7397 6278/7991/7398 6277/7992/7399
f 6276/7990/7397 6275/7993/7400 6278/7991/7398
f 6276/7990/7397 6148/7994/7401 6275/7993/7400
f 6283/7995/7402 6285/7996/7403 6284/7997/7404
f 6288/7998/7405 6286/7999/7406 6287/8000/7407
f 6286/7999/7406 6289/8001/7408 6287/8000/7407
f 357/8002/7409 6291/8003/7410 6292/8004/7411
f 6294/8005/7412 6293/8006/7413 6295/8007/7414
f 6299/8008/7415 6306/8009/7416 6296/8010/7417
f 6299/8008/7415 6296/8010/7417 6300/8011/7418
f 6296/8010/7417 6306/8009/7416 6297/8012/7419
f 6306/8009/7416 6371/8013/7420 6297/8012/7419
f 6297/8012/7419 6371/8013/7420 6298/8014/7421
f 350/8015/7422 6303/8016/7423 6302/8017/7424
f 6307/8018/7425 6302/8017/7424 6301/8019/7426
f 6302/8017/7424 6303/8016/7423 6301/8019/7426
f 6307/8018/7425 6305/8020/7427 6306/8021/7428
f 6307/8018/7425 6301/8019/7426 6305/8020/7427
f 6311/8022/7429 6312/8023/7430 6313/8024/7431
f 6311/8022/7429 6310/8025/7432 6312/8023/7430
f 6311/8022/7429 6309/8026/7433 6310/8025/7432
f 6309/8026/7433 6314/8027/7434 6310/8025/7432
f 6309/8026/7433 6315/8028/7435 6314/8027/7434
f 6317/8029/7436 6316/8030/7437 6318/8031/7438
f 6316/8030/7437 6319/8032/7439 6318/8031/7438
f 6318/8031/7438 6319/8032/7439 6320/8033/7440
f 6320/8033/7440 6319/8032/7439 6315/8034/7441
f 6321/8035/7442 6266/8036/7443 6323/8037/7444
f 6322/8038/7445 6323/8037/7444 6266/8036/7443
f 6327/8039/7446 6325/8040/7447 6324/8041/7448
f 6325/8040/7447 6326/8042/7449 6324/8041/7448
f 6328/8043/7450 6263/8044/7376 5475/8045/6441
f 6329/8046/7451 6263/8044/7376 6328/8043/7450
f 5505/8047/6481 6330/8048/6480 6335/8049/7452
f 6335/8049/7452 6330/8048/6480 6337/8050/7453
f 5505/8047/6481 6335/8049/7452 6331/8051/7454
f 6335/8049/7452 6336/8052/7455 6331/8051/7454
f 6336/8052/7455 6337/8053/7456 6331/8051/7454
f 5505/8047/6481 6331/8051/7454 6334/8054/7457
f 6331/8051/7454 6333/8055/7458 6334/8054/7457
f 6334/8054/7457 6333/8055/7458 6332/8056/7459
f 6342/8057/7460 4876/8058/6400 6343/8059/7461
f 4876/8058/6400 4778/8060/6404 6343/8059/7461
f 6343/8059/7461 4778/8060/6404 6341/8061/7462
f 6343/8059/7461 6341/8061/7462 6339/8062/7463
f 6340/8063/7464 6339/8062/7463 6341/8061/7462
f 6340/8063/7464 6338/8064/7465 6339/8062/7463
f 6340/8063/7464 6344/8065/7466 6338/8064/7465
f 6344/8065/7466 6314/8066/7467 6338/8064/7465
f 6338/8064/7465 6314/8066/7467 6345/8067/7468
f 6332/8068/7469 6343/8069/7470 6316/8070/7471
f 6316/8070/7471 6343/8069/7470 6346/8071/7472
f 6346/8071/7472 6343/8069/7470 6348/8072/7473
f 6346/8071/7472 6348/8072/7473 6347/8073/7474
f 6347/8073/7474 6348/8072/7473 6349/8074/7475
f 6351/8075/7476 6352/8076/7477 6350/8077/7478
f 6355/8078/7479 6323/8079/7480 6361/8080/7481
f 6361/8080/7481 6323/8079/7480 6354/8081/7482
f 6354/8081/7482 6323/8079/7480 6353/8082/7483
f 6356/8083/7484 6358/8084/7485 6359/8085/7486
f 6356/8083/7484 6359/8085/7486 6357/8086/7487
f 352/8087/7488 6356/8083/7489 5467/8088/7490
f 5467/8088/7490 6356/8083/7489 6360/8089/7491
f 6360/8089/7491 6357/8090/7492 5467/8088/7490
f 6368/8091/7493 6369/8092/7494 6367/8093/7495
f 6364/8094/7496 6366/8095/7497 6363/8096/7498
f 6364/8094/7496 6363/8096/7498 6362/8097/7499
f 6362/8097/7499 6363/8096/7498 6365/8098/7500
f 6371/8099/7501 6372/8100/7502 6370/8101/7503
f 6371/8099/7501 6370/8101/7503 6373/8102/7504
l 161 163
l 17 22
l 2061 2116
l 2046 1987
l 992 1004
l 1975 1976
l 1761 1031
l 940 919
l 915 2395
l 1122 1746
l 1006 1755
l 852 1041
l 1095 1599
l 1650 1804
l 1603 2349
l 757 784
l 604 611
l 2168 1057
l 568 632
l 2198 2189
l 1726 1728
l 2651 2254
l 675 1958
l 493 590
l 1641 2784
l 1220 1249
l 631 566
l 2341 2345
l 2678 1274
l 4941 4496
l 3022 4895
l 4741 4745
l 3548 3550
l 4431 3714
l 3062 3488
l 3710 3687
l 3591 4436
l 4713 4428
l 3724 3653
l 3997 4456
l 4513 4487
l 4549 4907
l 4350 4355
l 4364 4372
l 4376 4386
l 3898 4928
l 4819 4914
l 4371 4411
l 3862 4835
l 4433 3470
l 4253 4758
l 4042 4046
l 4734 4737
l 3780 3987
l 3760 4082
l 4285 4423
l 4189 4625
l 4887 4923
l 5463 5462
l 5531 5529
l 5588 5608
l 5633 5637
l 5716 5709
l 5890 5897
l 6038 6035
l 127 179
l 216 213
l 1768 2045
l 1765 2066
l 920 1772
l 1032 1803
l 1920 2297
l 972 1970
l 1925 2249
l 1016 1744
l 2215 2219
l 763 898
l 2917 2224
l 1982 2293
l 1735 1944
l 584 1082
l 656 1854
l 2852 2855
l 473 514
l 1413 1902
l 667 618
l 791 1950
l 1594 2304
l 1516 1551
l 666 515
l 503 509
l 1455 1230
l 1846 1907
l 1280 1389
l 824 1092
l 1844 1992
l 1618 1443
l 1364 2344
l 4658 4496
l 3501 4908
l 4602 3678
l 4725 4810
l 4727 4483
l 4707 4894
l 4850 4674
l 4084 4899
l 4718 4594
l 3074 4495
l 4715 4463
l 3411 3126
l 3590 4630
l 4036 4909
l 3410 3095
l 3220 3482
l 3691 4869
l 3889 3893
l 3362 3436
l 3438 4922
l 4401 4378
l 4413 4678
l 3993 3867
l 3922 3920
l 4848 4498
l 4804 4920
l 3391 3330
l 3305 3387
l 5024 3386
l 3839 4000
l 4198 4220
l 4805 4812
l 4622 4612
l 4132 4766
l 5526 5541
l 5886 5978
l 6106 6107
l 6196 6198
l 6289 6290
l 6302 6304
l 176 178
l 311 312
l 272 273
l 997 2026
l 2119 934
l 1834 998
l 966 1059
l 956 2084
l 962 951
l 2895 2896
l 1143 1145
l 2501 1035
l 701 695
l 1724 1655
l 429 426
l 679 861
l 1622 1626
l 1462 1450
l 1206 1939
l 1518 1520
l 1406 1214
l 1543 1551
l 1237 1246
l 1232 1228
l 1255 1416
l 619 620
l 4831 4832
l 5153 4645
l 4744 4742
l 3050 3054
l 3034 3026
l 3520 4910
l 4452 3507
l 3042 3019
l 4604 3506
l 3072 3030
l 3086 5108
l 3421 4504
l 4530 4531
l 3968 4460
l 4027 4603
l 3354 3406
l 3328 3201
l 4343 4111
l 3946 3926
l 4312 4279
l 3256 3366
l 4199 4196
l 4243 4595
l 4241 5407
l 3751 4407
l 4163 4173
l 3747 3754
l 4187 4443
l 4122 4178
l 5455 5466
l 5494 5498
l 5559 5560
l 5946 5947
l 5975 5957
l 5903 5904
l 5893 5973
l 5928 5924
l 5866 5868
l 6125 6127
l 6241 6243
l 77 119
l 95 98
l 174 177
l 48 43
l 222 217
l 234 242
l 902 1037
l 2016 1796
l 2052 1915
l 910 899
l 1862 1868
l 1928 940
l 768 909
l 857 1756
l 1875 2321
l 1024 1749
l 1085 1050
l 2432 2433
l 844 826
l 1115 1105
l 2095 2110
l 416 417
l 1585 1592
l 693 1630
l 1643 1794
l 610 562
l 2268 2295
l 2197 2255
l 1625 1757
l 576 522
l 1411 1190
l 513 496
l 741 783
l 2552 532
l 1223 1247
l 1327 2277
l 2146 2171
l 3059 4788
l 3063 3058
l 3618 3627
l 3517 3510
l 3555 4447
l 5131 4636
l 4576 4836
l 3412 3117
l 4035 4081
l 4113 4905
l 5253 5254
l 5294 5295
l 3972 5199
l 4583 4554
l 4813 4822
l 3878 3871
l 3204 3196
l 4733 4764
l 3234 3379
l 4101 4103
l 3297 3291
l 4765 4076
l 3317 3272
l 3954 3992
l 4075 4916
l 3267 4606
l 4223 4206
l 4258 4301
l 3668 3469
l 4171 4164
l 3764 4794
l 4614 4855
l 4405 4807
l 4775 4778
l 5478 5479
l 5483 5485
l 5535 5538
l 5913 5923
l 5925 5986
l 6017 6018
l 6140 6138
l 72 126
l 337 338
l 51 182
l 170 168
l 44 45
l 184 32
l 149 165
l 164 151
l 1012 949
l 979 1911
l 2011 1782
l 2010 1978
l 870 788
l 2091 2281
l 2228 2185
l 1795 1589
l 2464 427
l 1640 1496
l 1438 1440
l 2062 2167
l 1424 2300
l 2335 2330
l 1221 1231
l 736 805
l 806 1879
l 1276 1334
l 2133 2131
l 3037 4605
l 3630 5233
l 4592 4810
l 3674 3127
l 4528 4840
l 3646 3735
l 4013 4779
l 4510 4912
l 3091 3420
l 5079 3136
l 4539 4820
l 3183 3436
l 3707 3139
l 4097 4026
l 3185 4497
l 3402 4698
l 5022 3301
l 3957 3934
l 4234 4302
l 4230 4228
l 4237 4238
l 4211 4268
l 3841 4635
l 4800 4181
l 4440 4283
l 4582 4156
l 4149 4154
l 3800 4096
l 5521 5525
l 5937 5932
l 5994 5991
l 6077 5995
l 6113 6115
l 6178 6179
l 103 110
l 56 60
l 315 157
l 1967 2072
l 933 937
l 1961 907
l 999 1002
l 782 866
l 1762 1006
l 2038 2057
l 1117 1130
l 1601 2349
l 2085 2120
l 1633 748
l 1134 1802
l 2243 2244
l 878 879
l 458 2186
l 2251 2187
l 486 470
l 1425 1412
l 2662 2663
l 1713 1699
l 2329 2327
l 1766 1819
l 1486 1493
l 1094 2067
l 2163 2291
l 713 1985
l 3005 3046
l 4637 4898
l 3502 5193
l 4478 4479
l 3529 3537
l 3638 4567
l 3069 3030
l 3690 3651
l 3477 3176
l 3895 3886
l 3211 3187
l 3140 3100
l 4687 4933
l 4353 4357
l 4368 4361
l 3249 3191
l 5034 3404
l 4078 4392
l 5001 3241
l 3817 3826
l 3364 3338
l 3466 3474
l 3281 3307
l 4634 4692
l 4175 4880
l 4648 3666
l 4619 4396
l 3484 5184
l 3486 4897
l 6199 6194
l 100 89
l 155 154
l 2115 2246
l 903 2323
l 2009 2015
l 2597 947
l 943 1991
l 921 922
l 967 976
l 892 781
l 1030 1011
l 773 893
l 812 2409
l 1653 1658
l 750 828
l 2078 2285
l 1588 1546
l 1562 1538
l 1531 1168
l 2239 2233
l 603 578
l 2756 1449
l 1449 1288
l 2284 2299
l 1404 1427
l 1906 2319
l 1818 2264
l 1773 1245
l 627 622
l 1319 1372
l 1259 1267
l 1350 1366
l 1490 1738
l 715 710
l 1347 1315
l 1367 1371
l 3603 4902
l 3060 4886
l 3036 3003
l 4743 4797
l 4719 5363
l 4451 3985
l 3903 4921
l 3872 4391
l 3353 3143
l 4878 4378
l 4420 4362
l 4851 4811
l 3941 3947
l 3322 3393
l 3367 3401
l 4100 4103
l 4306 4464
l 5410 5411
l 3810 4045
l 3804 3781
l 4641 4826
l 3749 3769
l 5169 5170
l 4182 4176
l 5375 3808
l 4146 4185
l 4134 4137
l 5459 5458
l 5791 5784
l 5997 6018
l 6003 6016
l 59 62
l 186 187
l 935 1019
l 1927 2286
l 809 816
l 1931 2245
l 1128 1505
l 1144 2623
l 1572 1583
l 1657 1666
l 1552 1739
l 1571 1606
l 698 2391
l 459 735
l 2175 2254
l 396 5631
l 565 588
l 520 469
l 2063 2303
l 1629 1857
l 1856 1092
l 1320 1336
l 1261 1608
l 1348 1357
l 2044 1996
l 3568 4861
l 4492 4886
l 4477 4832
l 4746 4741
l 4670 4665
l 3607 3636
l 4037 4013
l 3092 3097
l 3661 3697
l 4557 4661
l 3163 3351
l 3147 4756
l 4050 4063
l 3214 3149
l 4334 4330
l 4320 4926
l 4751 3360
l 3994 4925
l 3206 3208
l 4875 4927
l 3230 3231
l 4736 4795
l 3289 3290
l 5307 5308
l 3454 3476
l 4599 4784
l 4200 5404
l 4408 4406
l 4587 3670
l 3667 3468
l 4639 4694
l 4293 4488
l 4624 4423
l 4143 4170
l 5579 5582
l 5685 5686
l 5688 5690
l 5888 5880
l 6030 6020
l 6013 6011
l 6231 6232
l 6309 6320
l 2446 683
l 2928 2943
l 1338 1309
l 5034 5037
l 5380 3779
l 4628 4977
l 6286 6284
l 69 330
l 2443 2453
l 1304 1452
l 2416 649
l 704 2512
l 2710 1408
l 624 1645
l 2781 1775
l 3598 5245
l 5298 5297
l 4039 5362
l 4430 5335
l 4553 5447
l 6050 5891
l 122 334
l 325 93
l 1116 2250
l 455 452
l 877 2496
l 2742 1150
l 2871 2065
l 1842 2793
l 3544 5215
l 5250 3597
l 5201 3948
l 3237 5625
l 5678 5687
l 5939 6056
l 6060 5885
l 5455 353
l 1916 5471
l 677 2447
l 511 2570
l 5217 3556
l 5241 3570
l 5061 5062
l 4382 5446
l 3826 5314
l 5377 5373
l 4623 4977
l 4627 4946
l 5828 5848
l 5970 6058
l 2590 1086
l 441 2444
l 2376 1671
l 2695 1177
l 4801 4938
l 5111 3039
l 3123 5106
l 4389 5257
l 5355 3915
l 5049 5160
l 5015 3301
l 4415 4311
l 5316 4041
l 279 308
l 1747 1806
l 2076 2870
l 2692 2676
l 647 2475
l 2571 526
l 2751 1448
l 3533 5192
l 5116 3038
l 5059 3203
l 3323 5030
l 5413 3797
l 6075 5993
l 6135 4264
l 6284 6288
l 143 322
l 2407 1801
l 1125 2735
l 1135 2727
l 1722 2364
l 2750 1396
l 712 2520
l 4505 5445
l 3093 5106
l 4552 4521
l 3844 5349
l 4073 5308
l 3398 5440
l 4653 5181
l 2406 1072
l 2439 817
l 1157 2698
l 896 2429
l 594 2538
l 1227 2772
l 721 2522
l 5251 3602
l 4025 4953
l 5327 4566
l 4418 5446
l 5729 5742
