# Blender 5.1.0
# www.blender.org
o geometry_0
v -0.348960 -0.359004 0.339836
v -0.348797 -0.359024 0.421632
v -0.348769 -0.357561 0.468033
v -0.348216 -0.359727 0.446432
v -0.349061 -0.358528 0.226829
v -0.348616 -0.356822 0.105563
v -0.347068 -0.358318 0.101754
v -0.347114 -0.355968 0.500710
v -0.344378 -0.355245 0.226192
v -0.344453 -0.355554 0.438893
v -0.343373 -0.356250 0.419232
v -0.345305 -0.354171 0.496071
v -0.343817 -0.356402 0.099840
v -0.344034 -0.355498 0.214854
v -0.350777 0.078096 -0.304774
v -0.349710 0.213572 0.357097
v -0.350297 0.219076 0.351900
v -0.349626 0.203265 0.390533
v -0.348830 0.218538 0.308087
v -0.349551 0.132220 0.331833
v -0.349618 0.139297 0.334933
v -0.349606 0.127736 0.319582
v -0.349585 0.161399 0.277389
v -0.349728 0.123110 0.301383
v -0.349988 0.121606 0.312341
v -0.349604 0.179031 0.129312
v -0.349610 0.189526 0.133575
v -0.349638 0.219709 0.163771
v -0.349613 0.188282 0.124048
v -0.349573 0.219685 -0.041627
v -0.348654 0.218813 0.053349
v -0.349606 0.183166 -0.020926
v -0.349597 0.169424 -0.020054
v -0.349593 0.166027 -0.011452
v -0.349495 0.084426 -0.010694
v -0.349682 0.094144 0.089666
v -0.350053 0.084633 0.036311
v -0.350173 0.084276 0.059968
v -0.349275 0.084125 0.045160
v -0.349631 0.075872 0.005804
v -0.349617 0.069057 -0.033808
v -0.349608 0.137967 -0.107876
v -0.349608 0.136455 -0.124326
v -0.349560 0.084360 -0.107352
v -0.349693 0.095648 -0.071796
v -0.349289 0.219461 0.086029
v -0.349640 0.219715 -0.204920
v -0.349606 0.165550 0.127642
v -0.349676 0.091899 0.108134
v -0.348621 0.085357 0.147593
v -0.349519 0.087713 0.150728
v -0.349706 0.096941 0.179890
v -0.347022 0.088205 0.173642
v -0.349607 0.145092 0.175417
v -0.349739 0.082867 -0.120371
v -0.349602 0.040780 -0.184768
v -0.349622 0.056008 -0.060543
v -0.349596 -0.049586 -0.102234
v -0.349598 -0.018170 -0.153139
v -0.349594 -0.055347 0.067449
v -0.349608 0.049458 -0.051938
v -0.349605 0.042300 0.075920
v -0.349616 0.054597 0.083340
v -0.349598 -0.015352 0.108691
v -0.349598 -0.005769 0.134886
v -0.349598 -0.006068 0.122200
v -0.349595 -0.137884 0.073205
v -0.349616 0.065451 0.193663
v -0.348904 0.082298 0.011664
v -0.349597 -0.048809 0.069552
v -0.349636 0.068238 -0.060115
v -0.349621 0.078158 0.093030
v -0.349627 0.057048 0.037354
v -0.349628 0.057667 0.065249
v -0.349633 0.081056 0.035936
v -0.349387 0.084117 0.094777
v -0.349642 0.073391 0.055564
v -0.349640 0.080437 0.076263
v -0.349637 0.073803 0.055155
v -0.349599 -0.105432 -0.013992
v -0.349598 -0.090568 -0.025035
v -0.349596 -0.056395 -0.109105
v -0.349598 -0.008977 0.143849
v -0.349596 -0.132744 -0.033231
v -0.349597 -0.137119 -0.051142
v -0.349597 -0.193070 0.022339
v -0.349596 -0.169335 -0.121521
v -0.349597 -0.122181 -0.049436
v -0.349596 -0.065354 -0.100609
v -0.349597 -0.168005 -0.133476
v -0.349598 -0.089904 -0.149355
v -0.349633 0.070028 -0.068451
v -0.349598 -0.072790 -0.151587
v -0.349596 -0.226000 -0.006901
v -0.349597 -0.222831 0.003613
v -0.349597 -0.014386 0.151769
v -0.349359 0.083671 0.083101
v -0.349595 -0.097725 0.164382
v -0.349598 -0.002408 0.139459
v -0.349596 -0.077955 0.194498
v -0.349622 0.077405 -0.052265
v -0.349596 -0.149386 0.078965
v -0.349605 -0.007842 -0.219874
v -0.348262 0.085125 -0.142176
v -0.349596 -0.146895 -0.147644
v -0.349596 -0.166134 -0.144183
v -0.349598 -0.019340 -0.162581
v -0.349596 -0.223663 -0.126388
v -0.349750 0.079090 0.156262
v -0.349653 0.082090 0.220549
v -0.349594 -0.161200 0.054492
v -0.347795 0.082188 -0.152900
v -0.349601 0.029148 0.229561
v -0.349599 -0.043418 0.244779
v -0.349403 0.082001 0.157131
v -0.349443 0.083768 0.140630
v -0.349854 0.086517 -0.180276
v -0.349996 0.043513 -0.230342
v -0.349747 0.050482 -0.224238
v -0.350615 0.047401 0.283853
v -0.349597 -0.097090 0.141332
v -0.349597 -0.109638 0.133926
v -0.349597 -0.113080 0.180895
v -0.349596 -0.107850 0.147456
v -0.349596 -0.168718 0.080559
v -0.349598 -0.203116 0.130366
v -0.349592 -0.212125 0.219500
v -0.349596 -0.103399 0.140687
v -0.349597 -0.100725 0.141915
v -0.349598 -0.216504 0.033246
v -0.349650 0.069320 -0.185719
v -0.349557 0.082181 0.168160
v -0.350163 0.083995 0.166409
v -0.349596 -0.244387 -0.110923
v -0.349599 -0.051071 0.251796
v -0.349601 0.024506 -0.269105
v -0.349597 -0.233505 0.052128
v -0.350514 0.050812 0.232380
v -0.349599 -0.053664 0.288349
v -0.349597 -0.179655 -0.133910
v -0.349286 0.086118 -0.208767
v -0.349598 -0.129230 0.245684
v -0.348343 0.084872 -0.201493
v -0.349595 -0.133297 0.254632
v -0.349593 -0.213476 0.212670
v -0.349592 -0.348043 0.041051
v -0.348756 0.085116 -0.125433
v -0.349417 0.088152 -0.149020
v -0.349598 -0.023864 -0.319498
v -0.350451 0.047456 0.310220
v -0.349627 0.075746 0.402341
v -0.350586 0.086645 -0.160665
v -0.349610 0.137138 -0.136164
v -0.349602 0.144137 -0.128858
v -0.349604 0.153880 -0.188237
v -0.349619 0.127267 -0.186502
v -0.349597 0.157974 -0.195424
v -0.350208 0.114184 -0.252988
v -0.349630 0.073529 0.119088
v -0.349596 -0.080793 0.269075
v -0.351203 0.219214 0.063328
v -0.349594 -0.169080 0.057401
v -0.349596 -0.182473 0.040464
v -0.349678 0.077465 0.187162
v -0.349598 -0.078535 -0.153753
v -0.349596 -0.092233 0.143843
v -0.349724 0.116803 0.223277
v -0.351326 0.071519 0.269700
v -0.350796 0.114485 0.251716
v -0.350776 0.079145 0.273691
v -0.350596 0.118810 0.281615
v -0.350777 0.111501 0.313742
v -0.350529 0.086758 0.323897
v -0.349975 0.089881 0.325330
v -0.348161 0.084027 0.327579
v -0.350568 0.118633 0.306571
v -0.349594 -0.221511 0.266297
v -0.349596 -0.229981 -0.107167
v -0.349531 0.088657 0.098057
v -0.347643 -0.352571 -0.006764
v -0.348947 -0.354851 0.058875
v -0.349598 0.160608 -0.056327
v -0.349599 -0.059014 0.272474
v -0.349602 -0.091262 0.413476
v -0.349605 -0.101311 0.435373
v -0.349661 0.208448 -0.291338
v -0.349794 0.215298 -0.284451
v -0.347806 0.218897 -0.313835
v -0.347727 0.219054 -0.270550
v -0.349597 0.008898 0.309089
v -0.349594 -0.175873 -0.286323
v -0.349593 -0.195324 -0.283302
v -0.349597 0.086417 0.226806
v -0.348292 0.081013 0.203509
v -0.349133 -0.351982 0.027188
v -0.349596 -0.256635 0.224066
v -0.349595 -0.270967 0.230175
v -0.349594 -0.165296 0.039651
v -0.349594 -0.167671 0.070843
v -0.349594 -0.323157 -0.064659
v -0.349597 -0.290105 -0.085820
v -0.349595 -0.270277 -0.094286
v -0.349227 -0.355313 -0.082192
v -0.349519 -0.354494 -0.046069
v -0.349321 -0.355108 -0.009905
v -0.349591 -0.150341 -0.293544
v -0.349614 0.186413 -0.235656
v -0.350515 0.119393 -0.264136
v -0.350825 0.105808 -0.245279
v -0.349596 -0.220106 -0.117101
v -0.348920 0.083816 -0.225982
v -0.350749 0.061886 -0.237445
v -0.349646 0.027780 -0.313320
v -0.350712 0.048023 -0.307172
v -0.350760 0.093365 -0.316689
v -0.350555 0.118878 -0.298836
v -0.350596 0.068624 -0.320864
v -0.349642 0.082117 -0.335550
v -0.355022 0.075557 -0.326439
v -0.349678 0.074517 -0.353985
v -0.350689 0.089160 -0.321109
v -0.349596 -0.298237 -0.138871
v -0.349596 -0.289281 -0.094961
v -0.349612 -0.298481 -0.091549
v -0.349596 -0.176684 0.035901
v -0.348926 0.087058 -0.190713
v -0.349644 0.123693 0.232068
v -0.348363 0.082577 0.226542
v -0.349595 -0.218633 0.275260
v -0.349595 -0.246889 0.227320
v -0.349597 -0.262749 0.237604
v -0.347410 0.080598 0.337345
v -0.349734 0.081831 0.358819
v -0.350042 0.107285 -0.327340
v -0.349593 -0.187197 -0.299372
v -0.347714 0.082478 0.385375
v -0.349355 0.082368 0.406943
v -0.349692 0.069811 0.443319
v -0.349633 0.057706 0.447006
v -0.349327 0.081980 0.362209
v -0.349570 0.082567 0.400245
v -0.349291 0.219005 -0.247393
v -0.349763 0.217317 -0.260944
v -0.349721 0.215768 -0.235100
v -0.349597 -0.143150 0.086117
v -0.349662 0.074637 0.365711
v -0.346702 0.086093 0.115082
v -0.349596 -0.242597 -0.206675
v -0.349595 -0.258285 -0.244964
v -0.349598 -0.253268 -0.279571
v -0.349593 -0.196486 -0.298256
v -0.349594 -0.307646 -0.325919
v -0.349607 -0.277938 -0.262199
v -0.349595 -0.324240 -0.309519
v -0.349599 -0.291876 -0.373222
v -0.349592 -0.337467 -0.276220
v -0.349534 -0.351378 -0.230444
v -0.349139 -0.358818 -0.218504
v -0.349520 -0.357765 -0.256050
v -0.349602 -0.217712 -0.437756
v -0.349586 -0.096675 -0.481789
v -0.349539 -0.175153 -0.501316
v -0.349604 -0.247275 -0.440140
v -0.349597 -0.273732 -0.431273
v -0.349595 -0.288824 -0.419729
v -0.349598 -0.296878 -0.446527
v -0.349596 -0.276219 -0.200872
v -0.349596 -0.272490 -0.190174
v -0.349595 -0.248217 -0.196747
v -0.349596 -0.231326 -0.200626
v -0.349598 -0.290420 -0.196181
v -0.349600 0.015509 -0.426684
v -0.349598 0.027125 -0.438555
v -0.349600 -0.013213 -0.315584
v -0.349596 0.020906 0.400694
v -0.349603 0.045176 0.388333
v -0.349605 -0.094282 0.439685
v -0.349603 -0.094500 0.426528
v -0.349601 0.007411 0.457358
v -0.349598 -0.051164 0.475581
v -0.348155 -0.035918 0.501184
v -0.349595 -0.169599 -0.305945
v -0.349594 -0.166555 -0.291537
v -0.349596 -0.278832 -0.379060
v -0.349597 -0.271814 -0.425201
v -0.349597 -0.215302 0.007258
v -0.349595 -0.248585 -0.213541
v -0.347933 0.080182 0.197066
v -0.349800 0.100568 -0.341944
v -0.349587 0.129441 -0.288027
v -0.350100 0.092980 -0.330886
v -0.349625 0.194407 -0.446917
v -0.349611 0.133677 -0.423006
v -0.349605 0.139498 -0.282315
v -0.349611 0.131009 -0.434996
v -0.348860 0.219186 -0.464079
v -0.350210 0.200200 -0.500528
v -0.349331 0.164796 -0.500872
v -0.349613 0.133644 -0.468546
v -0.348625 0.135678 -0.500603
v -0.349514 0.117983 -0.500451
v -0.349637 0.219491 -0.444801
v -0.349632 -0.349361 -0.267970
v -0.349628 0.077975 0.047002
v -0.350769 0.070819 0.281139
v -0.350768 0.053586 0.300643
v -0.350778 0.062027 0.268692
v -0.349594 -0.345604 0.168850
v -0.349311 -0.358869 0.163197
v -0.348741 -0.358117 0.142234
v -0.349597 -0.318722 -0.316665
v -0.349886 -0.350312 -0.358127
v -0.349494 -0.358895 -0.267103
v -0.349623 -0.347859 -0.283733
v -0.349042 -0.358886 -0.342357
v -0.348980 -0.358616 -0.413928
v -0.345273 -0.354984 -0.370304
v -0.349599 -0.290709 -0.386442
v -0.349600 -0.209746 0.357695
v -0.349596 -0.253327 -0.117646
v -0.349597 -0.302185 -0.163485
v -0.349596 -0.283341 -0.195561
v -0.349600 0.022113 -0.462117
v -0.349095 0.036305 -0.498286
v -0.348708 -0.023071 -0.500631
v -0.349144 0.001268 -0.501045
v -0.349583 -0.033822 -0.488286
v -0.348152 -0.049402 -0.501498
v -0.348456 -0.067519 -0.499942
v -0.349603 0.025780 -0.451654
v -0.349685 0.003890 -0.455280
v -0.349339 -0.355801 -0.174123
v -0.349711 -0.358202 -0.165077
v -0.348497 -0.358550 -0.141869
v -0.349636 -0.350505 -0.273039
v -0.348593 0.085448 0.099922
v -0.349165 -0.114818 -0.501178
v -0.347786 -0.215242 -0.501105
v -0.349597 -0.224363 0.322337
v -0.349584 0.046324 -0.492387
v -0.349864 0.043183 -0.501878
v -0.349279 0.082050 -0.467589
v -0.349762 0.081974 -0.501203
v -0.350543 0.082695 -0.325385
v -0.350937 0.083469 0.413560
v -0.348976 -0.065471 0.501147
v -0.350904 0.007062 0.502296
v -0.349631 0.110496 -0.444052
v -0.349663 0.094835 -0.414781
v -0.349595 0.087294 -0.442003
v -0.347565 0.087416 -0.424277
v -0.349677 0.075583 -0.451715
v -0.349641 0.062239 -0.363259
v -0.349596 -0.247635 0.373344
v -0.349628 0.063377 -0.397475
v -0.348487 0.082569 -0.409874
v -0.349632 0.070527 -0.395886
v -0.349597 -0.340842 0.232654
v -0.349638 -0.352403 0.224174
v -0.348879 -0.358573 0.232694
v -0.349318 0.082038 -0.441167
v -0.348474 0.082512 -0.195957
v -0.349598 -0.227267 0.359618
v -0.349595 -0.267716 -0.244798
v -0.350709 0.115779 -0.312270
v -0.349715 0.122777 -0.328176
v -0.349596 -0.103220 0.175040
v -0.349611 0.119918 -0.424264
v -0.349619 -0.356066 0.303402
v -0.349205 -0.359029 0.359508
v -0.349604 -0.346517 0.392906
v -0.349603 -0.340492 0.321009
v -0.349595 -0.338993 0.396188
v -0.347373 -0.358148 0.436004
v -0.349597 -0.209034 0.374697
v -0.349598 -0.228394 0.368224
v -0.349599 -0.249315 0.441085
v -0.349619 -0.346558 0.418310
v -0.349647 -0.343776 0.403406
v -0.350971 0.123342 -0.273879
v -0.349562 -0.152085 -0.497259
v -0.348762 -0.080957 -0.500797
v -0.349601 -0.298812 -0.450894
v -0.349597 -0.298505 -0.456494
v -0.349478 -0.279850 -0.498781
v -0.349390 -0.332724 -0.499039
v -0.349861 -0.320197 -0.499977
v -0.349609 -0.355075 -0.469490
v -0.350379 0.082103 0.432782
v -0.349839 -0.358070 -0.191225
v -0.349638 0.114896 0.211339
v -0.349558 -0.356582 0.127258
v -0.349597 -0.227724 0.367800
v -0.349598 -0.205832 0.027901
v -0.349590 -0.070887 -0.486966
v -0.348941 -0.358666 0.174712
v -0.349601 -0.159236 0.413260
v -0.350708 -0.136947 0.500571
v -0.349061 -0.145645 0.501206
v -0.348769 -0.186249 0.501404
v -0.349595 -0.184007 0.483486
v -0.350070 0.092129 -0.336978
v -0.348612 0.081739 -0.430490
v -0.349467 0.060756 0.500104
v -0.349327 0.010507 0.496708
v -0.348870 0.045079 0.500524
v -0.350190 0.028244 0.501144
v -0.349583 -0.055421 -0.483997
v -0.348448 0.086542 -0.203365
v -0.349378 0.219660 -0.432143
v -0.349632 0.077138 -0.394417
v -0.348380 -0.359238 -0.500508
v -0.349596 -0.292074 -0.190358
v -0.349267 -0.355960 0.110802
v -0.348947 -0.357762 0.102201
v -0.350207 -0.355562 0.100961
v -0.349594 -0.343245 0.464358
v -0.349590 -0.313918 0.484469
v -0.349575 -0.327162 0.489594
v -0.348342 -0.358508 0.463166
v -0.349595 -0.275246 0.471759
v -0.348570 -0.274768 0.501382
v -0.349525 -0.322784 0.497516
v -0.348914 -0.316924 0.500940
v -0.348817 -0.253387 0.500943
v -0.349607 -0.246378 0.488811
v -0.349641 0.079045 -0.418570
v -0.349308 0.082361 -0.417456
v -0.348939 0.083622 -0.418744
v -0.349649 -0.347942 -0.450452
v -0.348596 -0.358628 -0.428780
v -0.348562 -0.358253 -0.482246
v -0.349456 0.221974 -0.467462
v -0.349591 -0.204421 -0.488259
v -0.349205 0.219093 -0.327430
v -0.349786 0.225124 -0.483412
v -0.350653 0.075468 0.233916
v -0.349594 -0.175886 -0.306444
v -0.349596 -0.271799 -0.180274
v -0.349618 -0.346495 0.311282
v -0.347695 -0.294892 -0.501397
v -0.350511 0.109366 0.232554
v -0.350709 0.095875 -0.372155
v -0.348573 0.086952 -0.407857
v -0.349218 0.084970 -0.405758
v -0.349826 0.092816 -0.342474
v -0.349053 0.087131 -0.377167
v -0.349355 -0.358522 -0.181602
v -0.349027 -0.085456 0.501629
v -0.349592 -0.088020 0.493143
v -0.349589 -0.331860 -0.203044
v -0.351255 0.083708 -0.403266
v -0.348671 0.030591 -0.501318
v -0.349296 -0.358486 -0.358176
v -0.349508 0.082062 0.456218
v -0.349603 -0.348755 0.473375
v -0.349564 -0.356521 0.477242
v -0.348792 -0.358873 0.500829
v -0.347712 -0.358637 0.471635
v -0.349674 0.086611 -0.324267
v -0.349542 -0.356928 0.207870
v -0.349601 -0.265506 -0.441447
v -0.346164 -0.002532 -0.498137
v -0.348379 0.082955 0.446136
v -0.349794 0.081947 0.501220
v -0.348406 0.217250 -0.481469
v -0.350336 -0.326382 0.503090
v -0.349826 0.122588 -0.283414
v -0.347130 0.071025 -0.501237
v -0.348431 -0.347448 0.499658
v -0.349598 -0.083906 -0.151113
v -0.348355 -0.353768 0.077516
v -0.348251 -0.354817 0.019352
v -0.348493 0.084915 -0.420385
v -0.349282 0.087925 0.180444
v -0.348351 0.086410 -0.415642
v -0.350441 0.069568 -0.231031
v -0.350075 0.073213 0.224607
v -0.349823 0.122173 0.330193
v -0.349246 0.087498 0.395096
v -0.349611 0.184158 0.427760
v -0.349138 0.152179 0.500400
v -0.349545 0.186926 0.499100
v -0.349149 0.191610 0.501251
v -0.349632 0.193823 0.445842
v -0.351114 0.222527 0.486183
v -0.349556 0.224114 0.500921
v -0.349581 0.202123 0.498408
v -0.348286 0.219957 0.466687
v -0.349635 0.198385 0.433485
v -0.349261 0.219046 0.379817
v -0.349618 0.125881 0.424413
v -0.349634 0.110182 0.432350
v -0.349332 0.086718 0.432093
v -0.347358 0.087373 0.449378
v -0.348477 0.085311 0.412949
v -0.349645 0.104749 0.401714
v -0.348160 0.085524 0.402683
v -0.349603 0.119935 0.497914
v -0.349353 0.089769 0.501197
v -0.347169 0.087065 0.444893
v -0.348184 0.084422 0.445213
v -0.349364 0.086782 0.387114
v -0.347356 0.087743 0.382223
v -0.347877 0.084205 0.382182
v -0.350106 0.083618 -0.386377
v -0.347340 0.082976 -0.379180
v -0.350861 0.085762 0.331738
v -0.348265 0.087834 -0.500854
v -0.349056 -0.078780 0.500906
v -0.349582 -0.079578 0.496336
v -0.349352 0.219651 0.218286
v -0.350026 0.216907 0.216844
v -0.349357 0.219636 0.232014
v -0.349414 0.219668 0.294662
v -0.349623 0.195598 0.304376
v -0.349613 0.190436 0.225753
v -0.349599 0.164665 0.160525
v -0.349600 0.160828 0.149582
v -0.349600 0.169216 0.171744
v -0.348554 0.112559 0.242941
v -0.350472 0.118966 0.257671
v -0.349548 0.088208 0.347704
v -0.349756 0.122650 0.286157
v -0.348251 -0.359150 -0.168610
v -0.349594 0.172829 0.287002
v -0.349551 0.084628 -0.195575
v -0.349673 0.078877 -0.188025
v -0.347627 0.082645 -0.190421
v -0.349526 0.087927 -0.226285
v -0.349338 0.219655 -0.239453
v -0.349623 -0.355078 -0.125834
v -0.347698 -0.357754 -0.110261
v -0.350277 0.087946 -0.217163
v -0.349199 -0.010634 -0.500893
v -0.349642 0.029709 -0.325330
v -0.349600 0.163844 0.167455
v -0.349128 0.119887 0.501147
v -0.349152 -0.355641 -0.109090
v -0.350577 0.081978 -0.360874
v -0.349274 0.084121 0.002676
v -0.348738 0.085071 -0.381184
v -0.349284 -0.154662 -0.500600
v -0.349310 0.081996 -0.372556
v -0.348419 0.084837 -0.412532
v -0.349596 -0.122225 -0.047880
v -0.349595 -0.204277 0.009377
v -0.349598 -0.113945 -0.024455
v -0.349633 0.068164 -0.060712
v -0.349614 0.067636 -0.059766
v -0.348928 0.083931 -0.045841
v -0.349625 0.059592 0.008664
v -0.349593 -0.144662 0.034301
v -0.349594 -0.155483 0.036565
v -0.349594 -0.234671 0.052284
v -0.349597 -0.295719 -0.004825
v -0.349597 -0.237453 0.055469
v -0.349608 -0.346056 0.114552
v -0.349594 -0.335840 0.127423
v -0.349597 -0.222684 0.049979
v -0.349597 -0.193684 0.043046
v -0.349597 -0.188082 0.030495
v -0.349594 -0.176831 0.036963
v -0.349598 -0.203087 0.140180
v -0.349596 -0.149834 0.078587
v -0.349595 -0.167241 0.071747
v -0.349594 -0.167097 0.065735
v -0.349627 0.057979 0.064788
v -0.345479 0.083312 0.059417
v -0.348674 0.083673 0.082983
v -0.349594 -0.007206 0.034317
v -0.349599 -0.052251 0.082879
v -0.349596 -0.149428 0.079571
v -0.349599 -0.193400 0.135223
v -0.349597 -0.203622 0.140396
v -0.349597 -0.084015 0.143015
v -0.349624 0.056837 0.066110
v -0.349597 -0.014740 0.108594
v -0.349598 -0.000946 0.108610
v -0.349597 -0.007056 0.141519
v -0.349597 -0.052519 0.085725
v -0.349598 -0.017911 0.053265
v -0.349592 -0.213428 0.211855
v -0.349595 -0.189409 0.195834
v -0.349598 -0.096179 0.142764
v -0.349714 0.079859 0.197169
v -0.349595 -0.112165 0.197231
v -0.349596 -0.113772 0.180820
v -0.349596 -0.112870 0.197663
v -0.349594 -0.134279 0.250212
v -0.349599 -0.064246 0.258421
v -0.349598 -0.049872 0.251900
v -0.349598 -0.058797 0.273253
v -0.349598 -0.063538 0.291418
v -0.349577 0.027740 0.380902
v -0.349683 0.057604 0.341640
v -0.349697 0.072739 0.356916
v -0.349621 0.079869 0.357972
v -0.349672 0.072737 0.356176
v -0.349597 -0.206869 0.377956
v -0.349598 -0.226639 0.342612
v -0.349673 -0.344527 0.312296
v -0.349598 -0.329747 0.314493
v -0.349606 -0.343068 0.403111
v -0.349597 -0.335941 0.340059
v -0.349595 -0.203891 0.385548
v -0.349598 -0.225510 0.359962
v -0.349601 -0.157805 0.412108
v -0.349601 -0.145533 0.410104
v -0.349597 -0.149466 0.392252
v -0.349608 -0.095408 0.438296
v -0.347019 -0.322580 0.499210
v -0.349273 -0.326316 0.500546
v -0.349609 -0.144540 0.476714
v -0.349586 -0.068042 0.483997
v -0.349318 -0.068452 0.498261
v -0.343645 -0.079428 0.497118
v -0.349598 0.022403 0.399409
v -0.345410 0.082441 0.405955
v -0.349581 0.081805 0.400870
v -0.349612 0.043899 0.455509
v -0.349607 -0.078588 0.457878
v -0.349664 0.078018 0.445104
v -0.349634 0.064942 0.443323
v -0.349492 0.000482 0.499978
v -0.348977 0.007784 0.501201
v -0.349600 -0.160311 0.413500
v -0.349602 -0.159865 0.420984
v -0.349597 -0.262851 0.238467
v -0.349599 -0.260767 0.235392
v -0.349594 -0.210468 0.270640
v -0.349595 -0.222036 0.267083
v -0.349596 -0.210123 0.286597
v -0.349598 -0.272162 0.247513
v -0.349747 0.033938 0.239992
v -0.349594 -0.006682 0.033887
v -0.349594 -0.292151 -0.015082
v -0.349595 -0.252061 -0.100442
v -0.349596 -0.288352 -0.002607
v -0.349596 -0.288021 -0.002252
v -0.349597 -0.222054 0.004770
v -0.349598 -0.114550 -0.024881
v -0.349597 -0.121605 -0.049699
v -0.349596 -0.310762 -0.153199
v -0.349596 -0.298230 -0.139979
v -0.349596 -0.289539 -0.086439
v -0.349596 -0.229782 -0.107879
v -0.349596 -0.129429 -0.055647
v -0.349602 -0.101225 -0.137819
v -0.349595 -0.252525 -0.100145
v -0.349595 -0.265061 -0.185393
v -0.349596 -0.289849 -0.196605
v -0.349596 -0.271030 -0.181448
v -0.349594 -0.247734 -0.211071
v -0.349598 -0.087200 -0.151391
v -0.349599 -0.080898 -0.159017
v -0.349601 -0.081479 -0.153414
v -0.349597 -0.038867 -0.174778
v -0.349597 -0.098451 -0.157965
v -0.349597 -0.010710 -0.158789
v -0.349601 -0.018853 -0.309644
v -0.349594 -0.165037 -0.291987
v -0.349595 -0.272841 -0.238976
v -0.349594 -0.269319 -0.241743
v -0.349598 -0.262085 -0.261459
v -0.349598 -0.261293 -0.261746
v -0.349603 -0.341196 -0.290313
v -0.349586 -0.341594 -0.290754
v -0.349594 -0.166669 -0.290846
v -0.349593 -0.186862 -0.299775
v -0.349601 -0.005356 -0.313964
v -0.349602 0.003997 -0.314675
v -0.349552 0.007081 -0.315731
v -0.349643 0.028185 -0.312171
v -0.349611 0.022472 -0.325967
v -0.349615 0.044629 -0.346715
v -0.349618 0.051618 -0.365699
v -0.349640 0.063881 -0.363270
v -0.347235 0.081243 -0.430428
v -0.349631 0.070166 -0.424817
v -0.349600 0.015212 -0.427722
v -0.349602 0.026568 -0.451391
v -0.349595 -0.318812 -0.315969
v -0.349592 -0.323116 -0.386784
v -0.349598 -0.291303 -0.374290
v -0.349598 -0.291495 -0.387007
v -0.349599 -0.281376 -0.385572
v -0.349601 -0.225535 -0.437549
v -0.349602 -0.225204 -0.437722
v -0.349599 -0.273867 -0.430528
v -0.349592 -0.323811 -0.459987
v -0.349597 -0.299633 -0.457961
v -0.349596 -0.288368 -0.455371
v -0.349598 -0.285399 -0.456558
v -0.349583 -0.256456 -0.492794
v -0.349176 -0.270516 -0.500860
v -0.351146 -0.359093 -0.267145
v -0.349583 -0.352123 -0.113669
v -0.349582 -0.343555 -0.137122
v -0.349681 -0.354587 0.110405
v -0.349404 -0.358589 0.115864
v -0.351284 -0.358637 0.141876
v -0.349124 -0.357351 0.476945
v -0.349355 -0.357911 0.463550
v -0.349588 -0.344289 0.403705
v -0.349606 -0.355078 0.402551
v -0.349508 -0.357819 0.435412
v -0.348930 -0.358859 0.307550
v -0.349670 -0.357204 0.232674
v -0.348494 -0.358108 0.174579
v -0.349634 -0.347197 0.177442
v -0.348806 -0.358746 0.163227
v -0.349596 -0.340921 -0.013832
v -0.349584 -0.337775 -0.182801
v -0.349238 -0.341561 -0.192212
v -0.350371 -0.358873 -0.181382
v -0.349598 -0.273702 -0.432077
v -0.349599 -0.225613 -0.421213
v -0.345881 -0.067324 -0.498694
v -0.345955 -0.080279 -0.499199
v -0.349596 0.037187 -0.478942
v -0.346986 0.036213 -0.499021
v -0.349134 0.043085 -0.500928
v -0.349636 0.070249 -0.424148
v -0.349626 0.066191 -0.432157
v -0.351073 0.081520 -0.360278
v -0.349647 0.077714 -0.372391
v -0.349596 -0.167991 -0.132666
v -0.349597 -0.167103 -0.134712
v -0.349599 -0.010396 -0.158549
v -0.349596 -0.049933 -0.101691
v -0.349596 -0.303259 -0.084317
v -0.349596 -0.289964 -0.085330
v -0.349645 0.077188 -0.173966
v -0.348455 -0.358721 -0.342476
v -0.347199 -0.357844 -0.358423
v -0.349502 -0.357503 -0.370223
v -0.349656 -0.353329 -0.369978
v -0.346934 0.084566 -0.142364
v -0.345340 0.081866 -0.152834
v -0.349635 0.076682 -0.147583
v -0.350798 0.109897 -0.297592
v -0.350779 0.103917 -0.263538
v -0.350773 0.114206 -0.252978
v -0.350774 0.115543 -0.267820
v -0.350756 0.075600 -0.314863
v -0.350221 0.075535 -0.326473
v -0.349710 0.085494 -0.322635
v -0.348525 0.087996 -0.329313
v -0.349508 0.107271 -0.327307
v -0.349912 0.087045 -0.339191
v -0.356201 0.095172 -0.342444
v -0.345896 0.081130 0.011607
v -0.349627 0.085274 0.028214
v -0.347843 0.083999 -0.011091
v -0.349831 0.079977 0.337171
v -0.349559 0.068270 0.317870
v -0.347480 0.082436 0.328033
v -0.350788 0.079031 0.272678
v -0.350682 0.068035 0.317978
v -0.350113 0.053615 0.300663
v -0.350145 0.042811 0.293447
v -0.350121 0.081332 0.226392
v -0.350770 0.111990 0.242476
v -0.350568 0.118905 0.238547
v -0.349694 0.089433 0.357586
v -0.349804 0.096231 0.347282
v -0.347395 0.082441 0.035937
v -0.350585 0.118075 0.257663
v -0.349817 0.122785 0.249849
v -0.349641 0.131093 0.330907
v -0.350612 0.119150 0.306939
v -0.349634 0.142794 0.297672
v -0.349629 0.115256 0.422260
v -0.349673 0.103480 0.420646
v -0.349632 0.128965 0.340187
v -0.349627 0.133240 0.332095
v -0.349656 0.207878 0.353651
v -0.349993 0.219669 0.350443
v -0.349589 0.219664 0.342380
v -0.349633 0.195843 0.446872
v -0.349831 0.202966 0.448436
v -0.349611 0.183653 0.428232
v -0.344060 0.188535 0.499293
v -0.349619 0.194504 0.492468
v -0.349609 0.149650 0.476096
v -0.349608 0.178379 0.280264
v -0.349605 0.173145 0.285881
v -0.349598 0.166747 0.187753
v -0.349600 0.173176 0.177768
v -0.349601 0.164949 0.165931
v -0.349606 0.178505 0.129545
v -0.349629 0.109748 0.184284
v -0.349597 0.088774 0.179324
v -0.348798 0.089636 0.194943
v -0.349685 0.096712 0.116898
v -0.349217 0.087948 0.114749
v -0.349777 0.217501 0.053203
v -0.349625 0.113117 0.090992
v -0.349591 0.168272 0.000087
v -0.349605 0.182607 -0.021106
v -0.349604 0.151262 -0.067029
v -0.349598 0.157835 -0.071866
v -0.349603 0.147542 -0.069571
v -0.349666 0.217393 -0.059012
v -0.349608 0.143416 -0.070170
v -0.349597 0.174522 -0.161037
v -0.349604 0.153569 -0.188658
v -0.349613 0.125862 -0.162020
v -0.349597 0.154365 -0.188446
v -0.349589 0.132366 -0.254260
v -0.353776 0.123626 -0.273843
v -0.349717 0.123444 -0.264060
v -0.349671 0.209551 -0.274103
v -0.345924 0.218346 -0.270893
v -0.349668 0.209451 -0.261405
v -0.349645 0.210867 -0.327178
v -0.349607 0.133223 -0.415331
v -0.349684 0.104666 -0.410034
v -0.349638 0.123868 -0.348113
v -0.349707 0.096247 -0.372127
v -0.349694 0.100180 -0.364606
v -0.349651 0.104366 -0.375196
v -0.349604 0.132365 -0.414871
v -0.349595 0.175471 -0.431260
v -0.349673 0.210748 -0.320680
v -0.346796 0.218283 -0.313804
v -0.349005 0.218459 -0.327736
v -0.349672 0.211270 -0.328001
v -0.349605 0.125111 -0.113696
v -0.349599 0.143276 -0.129222
v -0.349607 0.136747 -0.123556
v -0.349601 0.146179 -0.116817
v -0.349593 0.167957 -0.000378
v -0.349654 0.212432 0.045584
v -0.349507 0.211540 0.082601
v -0.349658 0.208834 0.057444
v -0.349601 0.167434 0.189696
v -0.349601 0.166054 0.183048
v -0.349603 0.179960 0.129330
v -0.349599 0.126302 0.282198
v -0.348375 0.088544 0.223721
v -0.349873 0.092168 0.218104
v -0.349899 0.086893 0.209279
v -0.350885 0.118645 0.305865
v -0.349700 0.093887 0.397232
v -0.348711 0.085288 0.392377
v -0.349689 0.213967 0.295262
v -0.351090 0.218860 0.308255
v -0.349650 0.074580 -0.442299
v -0.348021 0.088461 -0.216409
v -0.349126 0.090226 -0.223079
v -0.354822 0.085551 -0.226523
v -0.010979 -0.155008 0.501935
v -0.006912 -0.152837 0.501935
v 0.344653 -0.118264 0.500960
v 0.346102 -0.088802 0.500715
v 0.345230 -0.135142 0.500313
v 0.307793 0.086755 0.501787
v 0.346739 0.086653 0.501235
v 0.301492 0.084343 0.499374
v -0.142691 0.086983 0.501928
v -0.105619 0.088384 0.501634
v -0.348381 0.221229 0.499228
v -0.347942 0.173050 0.501377
v 0.346722 0.122230 0.501839
v -0.154982 0.088377 0.501677
v -0.215838 0.220789 0.501840
v -0.147660 0.220863 0.501354
v -0.316097 0.221002 0.501782
v 0.167974 0.087731 0.501096
v 0.204393 0.087460 0.499462
v 0.162258 0.220952 0.501721
v 0.215241 0.220342 0.499691
v 0.088876 0.220864 0.501518
v 0.138274 0.220542 0.501862
v -0.042792 0.220297 0.501868
v -0.004727 0.219639 0.499699
v -0.344813 0.224903 0.499843
v -0.331069 0.224291 0.501150
v 0.346932 0.224431 0.501520
v 0.346723 0.225443 0.500929
v 0.326609 0.223374 0.501448
v 0.038585 0.088844 0.501949
v 0.066617 0.220205 0.500164
v -0.350172 0.091836 0.501489
v 0.220831 0.088096 0.500351
v -0.043652 0.086134 0.500667
v -0.034124 0.089082 0.501392
v -0.085582 0.127630 0.502132
v -0.052614 0.086648 0.502577
v -0.015371 0.089146 0.501859
v 0.266398 0.220802 0.501893
v 0.118262 0.088778 0.501235
v -0.052477 0.084118 0.501850
v -0.319055 0.224680 0.502133
v -0.296864 0.082524 0.501872
v -0.285646 0.091266 0.501945
v -0.299172 0.086436 0.504342
v -0.005069 0.086681 0.500460
v 0.002546 0.086618 0.499035
v 0.004309 0.083297 0.501754
v 0.012339 0.088416 0.501262
v 0.131302 0.088221 0.501878
v 0.307911 0.219242 0.502030
v 0.298959 0.088640 0.501791
v -0.068297 0.087281 0.500165
v 0.039450 0.219440 0.501822
v -0.346891 0.130826 0.501940
v -0.306978 0.085482 0.501245
v -0.344925 0.144167 0.501904
v -0.348342 0.099433 0.501871
v -0.148099 0.116332 0.501932
v -0.275269 0.088673 0.501341
v -0.292047 0.081369 0.502598
v -0.301896 0.084729 0.500539
v -0.073839 0.088090 0.497622
v -0.348253 0.149601 0.501514
v 0.008606 0.219768 0.501442
v 0.294981 0.220244 0.499167
v -0.285868 0.088866 0.499190
v -0.280238 0.087238 0.499176
v 0.215362 0.080787 0.501614
v 0.220622 0.083133 0.502248
v 0.271961 0.075241 0.502796
v -0.348450 -0.276318 0.501211
v -0.347440 -0.319552 0.501795
v -0.349909 -0.320667 0.503863
v -0.349064 -0.185124 0.501877
v -0.348605 -0.085110 0.501524
v -0.349552 -0.066966 0.502015
v -0.349128 -0.136860 0.500241
v -0.349157 -0.358700 0.502886
v -0.345708 -0.355253 0.501508
v -0.348509 -0.023445 0.499875
v -0.349303 0.021811 0.501404
v -0.349238 -0.253205 0.501457
v -0.348885 -0.161114 0.501816
v -0.349927 0.045270 0.501566
v -0.073016 0.085156 0.498369
v -0.069028 0.086434 0.501279
v -0.078216 0.082184 0.501841
v -0.288040 0.079907 0.501916
v -0.286482 0.081606 0.499449
v -0.281213 0.085689 0.500949
v -0.277730 0.080718 0.501890
v -0.278356 0.087269 0.500283
v -0.012063 0.087908 0.502623
v -0.006128 0.085909 0.501757
v -0.012245 0.084384 0.501559
v -0.048439 0.082401 0.503235
v -0.044760 0.084438 0.501898
v -0.045225 0.084873 0.500091
v -0.300674 0.084173 0.501432
v -0.297531 0.082300 0.499559
v -0.170538 0.082175 0.501798
v -0.106748 0.072218 0.501932
v -0.187666 0.077280 0.501939
v -0.266482 0.079124 0.501923
v -0.008213 0.081577 0.501902
v -0.000725 0.079122 0.501928
v 0.020118 0.083288 0.502266
v -0.348439 -0.040578 0.501917
v 0.216538 0.080146 0.501912
v 0.252719 0.080096 0.501931
v 0.271949 0.075160 0.501933
v 0.308297 0.080323 0.501943
v 0.205630 -0.031838 0.501934
v 0.345865 -0.019852 0.501811
v 0.343375 0.078168 0.501875
v 0.343150 0.056782 0.501332
v 0.346583 -0.051124 0.501814
v 0.280170 -0.215787 0.501968
v -0.256132 -0.185875 0.501935
v -0.183546 -0.158200 0.501935
v -0.296780 -0.267170 0.501934
v -0.141999 -0.212104 0.501934
v -0.131860 -0.199294 0.501934
v -0.230071 -0.247333 0.501934
v -0.209141 -0.238961 0.501935
v -0.013986 -0.156626 0.501935
v 0.166348 -0.051479 0.501934
v -0.132737 -0.200443 0.501934
v -0.183426 -0.304949 0.501934
v -0.106903 -0.266688 0.501935
v 0.259116 -0.205263 0.501935
v 0.346717 -0.085889 0.501876
v 0.345003 -0.156162 0.501829
v 0.345107 -0.137490 0.501728
v 0.237502 -0.281622 0.501934
v 0.345598 -0.215969 0.501794
v 0.346865 -0.249376 0.501780
v -0.123081 -0.350873 0.501893
v -0.115097 -0.353365 0.501992
v 0.109965 -0.281622 0.501963
v -0.032479 -0.349486 0.501938
v 0.026321 -0.351063 0.501806
v 0.068201 -0.356106 0.502627
v 0.125149 -0.352321 0.501834
v 0.344605 -0.281641 0.501929
v 0.344846 -0.314294 0.501925
v 0.340800 -0.353743 0.502106
v 0.253932 -0.349829 0.501923
v 0.181762 -0.352533 0.501876
v 0.197458 -0.352570 0.501840
v 0.219822 -0.351637 0.502455
v 0.266470 -0.353823 0.501564
v 0.287064 -0.353398 0.500847
v 0.301080 -0.354284 0.501379
v 0.095202 -0.351548 0.502176
v 0.053953 -0.350353 0.501921
v -0.129351 -0.354669 0.501821
v -0.219283 -0.350381 0.501911
v -0.263584 -0.345028 0.501933
v -0.298668 -0.352956 0.501840
v -0.287674 -0.351088 0.501903
v -0.312613 -0.298836 0.501933
v -0.188833 -0.307652 0.501934
v -0.190797 -0.308635 0.501934
v -0.262008 -0.355160 0.502267
v -0.237191 -0.353756 0.500542
v -0.186009 -0.351828 0.502079
v 0.343580 -0.109251 0.502109
v -0.152620 -0.065422 0.501934
v 0.075236 -0.097035 0.501934
v -0.197327 0.079061 0.501926
v -0.210197 0.080104 0.501939
v -0.257446 0.082161 0.501779
v -0.339309 0.081334 0.501479
v -0.348272 0.082734 0.501123
v -0.292341 0.081455 0.501920
v 0.345700 0.068227 0.501757
v 0.345530 -0.121018 0.501780
v 0.346825 0.036062 0.500812
v -0.169025 -0.354582 0.501561
v 0.041393 0.084048 0.501758
v -0.273843 -0.352926 0.502393
v 0.324365 -0.353731 0.502553
v 0.106273 -0.356753 0.503823
v -0.349100 0.061480 0.499878
v 0.008218 0.086005 0.502144
v 0.301518 0.082490 0.499425
v 0.243096 -0.353451 0.501659
v -0.058361 0.085114 0.499025
v -0.215425 -0.353192 0.501758
v 0.024998 -0.354518 0.501283
v -0.088053 -0.353969 0.501884
v 0.207519 -0.354100 0.501470
v -0.305332 0.084320 0.499542
v 0.270139 0.082097 0.501445
v -0.322357 -0.354579 0.501259
v 0.130343 -0.354719 0.501745
v 0.346527 0.000225 0.501611
v 0.345614 -0.359705 0.503644
v -0.288474 0.086489 0.501320
v 0.214387 0.082114 0.501260
v 0.179475 -0.354762 0.499736
v 0.044263 0.082138 0.501588
v -0.068643 0.084348 0.502142
v 0.306061 0.085811 0.501345
v 0.346926 -0.213629 0.500796
v 0.345294 -0.256979 0.501239
v 0.346862 -0.293005 0.499837
v 0.344625 -0.305181 0.499865
v -0.284802 -0.355080 0.502044
v -0.287509 -0.351142 0.500465
v -0.298601 -0.352348 0.500997
v -0.269078 -0.353882 0.501640
v -0.314952 -0.356450 0.501567
v 0.316692 0.079599 0.502231
v 0.306737 0.082019 0.500541
v 0.345195 0.078610 0.500876
v 0.346175 0.081860 0.500684
v 0.345176 -0.214891 0.500376
v 0.346670 -0.213043 0.500200
v 0.346469 -0.156148 0.502768
v 0.343136 -0.165804 0.501897
v -0.040416 -0.354600 0.501501
v -0.008198 -0.354322 0.501052
v -0.008587 -0.350363 0.502102
v -0.032291 -0.349548 0.502433
v 0.026334 -0.351143 0.502410
v -0.049657 -0.352515 0.501814
v 0.346266 -0.357863 0.501185
v 0.344453 -0.319342 0.502047
v 0.346502 -0.304699 0.502254
v -0.113998 -0.354185 0.500708
v -0.099771 -0.353067 0.500785
v -0.074349 -0.354407 0.499603
v -0.047962 -0.352170 0.499270
v 0.206827 -0.354363 0.500860
v 0.260883 -0.353868 0.499142
v 0.265453 -0.352813 0.499602
v -0.232577 0.079316 0.502122
v -0.207067 0.079491 0.501714
v -0.234018 0.082102 0.501443
v -0.171310 0.082170 0.501797
v -0.188763 0.077782 0.500199
v 0.179063 -0.355222 0.500306
v 0.178965 -0.351924 0.499304
v 0.163678 -0.351917 0.501751
v 0.140969 -0.354187 0.501430
v 0.000994 0.216396 0.501938
v 0.011165 0.220739 0.500918
v 0.037884 0.218951 0.500807
v 0.025427 -0.355208 0.502219
v 0.064844 -0.354734 0.501182
v 0.014753 0.079247 0.501934
v 0.014205 0.082461 0.500512
v 0.008690 0.084655 0.500914
v 0.009098 0.081332 0.501897
v 0.020257 0.083192 0.501388
v -0.237673 -0.354945 0.502429
v -0.220494 -0.350089 0.503217
v -0.204838 -0.355230 0.501063
v -0.176627 -0.353930 0.499747
v -0.182041 -0.352240 0.502475
v -0.002199 0.082043 0.501426
v -0.006063 0.084264 0.502131
v 0.002695 0.084379 0.501458
v 0.345478 0.068596 0.501184
v 0.346772 0.081125 0.502362
v 0.342829 0.075930 0.501914
v 0.342951 0.056530 0.501908
v 0.347106 0.039774 0.501256
v 0.207229 -0.353802 0.499659
v 0.197531 -0.351605 0.500333
v 0.179522 -0.355224 0.500547
v -0.217399 -0.354996 0.500931
v -0.311121 -0.355251 0.500097
v -0.344195 -0.355052 0.498219
v -0.257704 -0.355497 0.501508
v -0.175425 -0.354445 0.501351
v -0.117631 -0.354668 0.501088
v -0.081206 -0.355352 0.495179
v -0.078407 -0.355330 0.500626
v 0.033048 -0.355054 0.501001
v 0.075479 -0.355262 0.501041
v 0.107200 -0.354903 0.501401
v 0.259487 -0.355215 0.501458
v 0.277346 -0.354437 0.501943
v 0.309554 -0.355387 0.501471
v 0.342687 -0.357576 0.480572
v 0.343146 -0.356312 0.066635
v 0.343478 -0.355576 -0.155700
v 0.201139 -0.355345 0.500012
v 0.216165 -0.355361 0.291486
v 0.255538 -0.355360 -0.259726
v 0.343305 -0.355749 -0.342638
v 0.342413 -0.355989 -0.498858
v 0.311348 -0.355285 -0.501146
v 0.214207 -0.355062 -0.501219
v 0.178891 -0.355282 -0.501358
v -0.343893 -0.355378 0.419727
v 0.102906 -0.355362 -0.107094
v 0.152746 -0.355694 -0.501167
v 0.122084 -0.354906 -0.501258
v 0.059799 -0.355324 -0.500982
v 0.019357 -0.355083 -0.501217
v -0.023809 -0.355358 -0.360523
v -0.018974 -0.354717 -0.501574
v -0.348459 -0.355351 -0.069640
v -0.220593 -0.355360 0.216405
v -0.348771 -0.355230 0.019880
v -0.344582 -0.355547 0.224245
v -0.344271 -0.355525 0.101114
v -0.348995 -0.355428 0.100288
v -0.113728 -0.355276 -0.500948
v -0.198506 -0.355185 -0.501128
v -0.167914 -0.354876 -0.501747
v -0.271717 -0.354930 -0.501377
v -0.304989 -0.355176 -0.501039
v -0.338059 -0.355360 -0.083974
v -0.348103 -0.354730 -0.093946
v -0.344551 -0.353959 -0.110664
v -0.343571 -0.355365 -0.161572
v -0.344208 -0.355676 -0.499066
v -0.087465 -0.354991 -0.501434
v -0.349033 -0.354262 -0.042243
v -0.344346 -0.356035 0.438411
v -0.286460 -0.354611 0.501113
v -0.138857 -0.353996 -0.501207
v -0.328802 -0.355342 -0.501502
v 0.342097 -0.355096 0.503217
v -0.348853 -0.355015 -0.109204
v -0.348824 -0.354361 0.058982
v -0.322556 -0.353877 0.501179
v -0.346195 -0.355177 0.501288
v 0.343833 -0.355112 -0.501372
v 0.342758 -0.357535 -0.020560
v 0.206415 -0.354430 0.501272
v -0.019468 -0.354035 0.501293
v 0.342784 -0.357629 -0.086016
v 0.343446 -0.355505 0.181906
v -0.346587 -0.358859 -0.500910
v -0.349114 -0.359062 -0.500444
v -0.346746 -0.358954 -0.281130
v -0.346622 -0.357856 -0.257419
v -0.348593 -0.357931 -0.169755
v -0.346648 -0.358123 -0.208588
v -0.348865 -0.357228 -0.145509
v -0.347321 -0.355733 -0.110418
v -0.116187 -0.353925 0.499149
v -0.129574 -0.353786 0.500325
v -0.343346 0.041837 -0.276150
v -0.342621 0.042698 -0.232878
v -0.342981 0.041839 -0.315315
v -0.341459 0.044763 -0.233390
v -0.342556 0.044566 -0.319421
v -0.339425 0.042418 -0.324262
v -0.336522 0.076306 -0.322034
v -0.336175 0.075901 -0.323887
v -0.340947 0.043676 -0.322100
v -0.345543 0.040927 -0.322968
v -0.339899 0.044800 -0.323622
v -0.343327 0.041843 -0.316522
v -0.343082 0.041897 -0.276970
v -0.342818 0.043390 -0.232915
v -0.345124 0.040246 -0.230007
v -0.335218 0.046931 -0.229720
v -0.343725 0.074927 -0.227684
v -0.344575 0.076097 -0.231721
v -0.345562 0.041041 0.325376
v -0.345172 0.079097 0.449351
v -0.345089 0.078455 0.384244
v -0.345645 0.079373 0.344437
v -0.345583 0.015024 0.497434
v -0.345598 -0.202867 0.497356
v -0.345453 -0.250717 0.497464
v -0.345664 -0.101913 0.164901
v -0.345037 0.078944 0.197302
v -0.345649 0.078198 0.228419
v -0.345614 0.078284 0.033320
v -0.345736 0.078320 -0.230808
v -0.345710 0.040936 -0.228177
v -0.345685 0.040802 -0.325415
v -0.344249 0.079042 -0.326650
v -0.344507 0.079397 -0.354276
v -0.344945 0.079871 -0.418689
v -0.345652 0.079481 -0.497471
v -0.345655 -0.351204 0.416066
v -0.345642 -0.351191 -0.333655
v -0.345667 -0.232113 -0.095500
v -0.345601 -0.279925 -0.497526
v -0.344105 0.079323 -0.373057
v 0.108279 0.078369 0.497709
v 0.010419 0.078279 0.497884
v -0.182880 -0.350938 0.497427
v -0.146860 -0.339538 0.498005
v -0.218686 -0.351341 0.497391
v -0.345376 -0.351251 0.497510
v -0.099712 -0.351024 0.497609
v 0.033834 -0.351148 0.497510
v 0.069437 -0.350947 0.495878
v 0.163687 -0.351280 0.497939
v 0.287069 -0.351150 0.497950
v 0.343011 -0.315297 0.497916
v 0.342601 -0.286689 0.497699
v 0.343093 -0.254618 0.497972
v 0.322025 0.078412 0.497355
v 0.343181 0.068717 0.497940
v 0.245795 -0.037655 0.498006
v 0.120870 0.078240 0.497908
v 0.343163 -0.072679 0.497992
v 0.251771 -0.070986 0.498005
v 0.180177 -0.069661 0.498005
v 0.010206 -0.111195 0.498006
v 0.070400 -0.304660 0.498005
v -0.022039 -0.350846 0.497947
v 0.070717 -0.209850 0.498005
v -0.159822 0.078373 0.497884
v 0.077556 0.010413 0.498004
v 0.050800 -0.111195 0.498005
v -0.225504 -0.156709 0.498007
v -0.051313 -0.111195 0.498005
v -0.282809 0.004553 0.498004
v -0.235042 -0.163173 0.498005
v -0.218401 0.078304 0.497896
v -0.313910 0.020103 0.498004
v -0.256379 -0.120499 0.498005
v -0.345370 -0.251034 0.497920
v -0.252408 -0.102901 0.498005
v -0.345467 -0.143490 0.497865
v -0.310787 0.078285 0.497764
v -0.309067 0.033003 0.498012
v -0.345133 0.079224 0.497503
v -0.310690 0.074959 0.498004
v -0.345406 0.014824 0.497891
v 0.342847 0.079248 0.496840
v -0.308713 0.078306 0.495707
v -0.339605 -0.351446 0.469342
v -0.343854 -0.351394 0.472320
v -0.345339 -0.351343 0.425376
v -0.345337 -0.351411 0.013406
v -0.345347 -0.351242 -0.497225
v -0.253731 -0.351383 -0.497440
v 0.093066 -0.351339 -0.497440
v -0.078496 -0.351430 -0.480509
v 0.135765 -0.351084 -0.497917
v 0.134404 -0.351433 -0.433198
v 0.209834 -0.351431 -0.416436
v 0.343061 -0.351395 -0.497543
v 0.210610 -0.351432 -0.402265
v -0.198150 -0.351429 -0.104683
v 0.343064 -0.351477 -0.364079
v 0.214736 -0.351430 -0.326825
v -0.231874 -0.351430 0.001850
v -0.085365 -0.351430 0.273378
v -0.042893 -0.351430 0.315850
v 0.163758 -0.351429 0.101708
v 0.319790 -0.351446 -0.025364
v 0.182926 -0.351430 0.012259
v 0.009662 -0.351433 0.083322
v 0.343077 -0.351512 -0.048615
v 0.155860 -0.351431 0.138566
v 0.343098 -0.351291 0.497504
v 0.280478 -0.351399 0.497473
v 0.090475 -0.351429 0.274267
v -0.217921 -0.351154 0.497362
v 0.102411 -0.351429 0.334672
v 0.131367 -0.351434 0.481123
v -0.022000 -0.350761 0.497534
v 0.010285 -0.351393 0.496062
v 0.035696 -0.350998 0.497097
v 0.233822 -0.351305 0.497195
v -0.001738 -0.351148 0.497365
v -0.345285 -0.350867 0.473406
v -0.349627 0.083224 0.446026
v -0.347720 0.083762 0.446204
v -0.347451 0.082539 0.476029
v -0.347148 0.080649 0.499808
v -0.349533 0.085934 0.431503
v -0.349364 0.081885 0.433333
v -0.349742 0.085687 0.413700
v -0.349332 0.082343 0.413439
v -0.345724 0.085560 0.411019
v 0.301531 0.083300 -0.158358
v 0.303848 0.083324 -0.192738
v 0.321071 0.083461 -0.159190
v 0.315260 0.083271 -0.237895
v 0.331731 0.082642 -0.233076
v 0.320411 0.083426 -0.220964
v 0.327521 0.081803 -0.257324
v 0.330697 0.083338 -0.217417
v 0.335760 0.083300 -0.228472
v 0.347542 0.082415 -0.228383
v 0.346805 0.082246 -0.196318
v 0.342798 0.079577 -0.208244
v 0.341757 0.083092 -0.196911
v 0.343564 0.083171 -0.143439
v 0.327112 0.083105 -0.264014
v 0.301226 0.083231 -0.294262
v 0.329816 0.082989 -0.264014
v 0.330676 0.083264 -0.330363
v 0.345696 0.080404 -0.147554
v 0.346056 0.081372 -0.117181
v 0.345530 0.083057 -0.141474
v 0.301814 0.083297 -0.130128
v 0.343022 0.081814 -0.115602
v 0.301279 0.083268 -0.090392
v 0.347077 0.082126 -0.184078
v 0.332589 0.083967 -0.320047
v 0.347575 0.083019 -0.325865
v 0.347071 0.082118 -0.379184
v 0.343486 0.081637 -0.368128
v 0.335331 0.083205 -0.356828
v 0.337426 0.083198 -0.384221
v 0.342706 0.083190 -0.376301
v 0.342338 0.083197 -0.385203
v 0.345965 0.082162 -0.380236
v 0.346096 0.081877 -0.408965
v 0.335758 0.082691 -0.325166
v 0.301351 0.083250 -0.409541
v 0.347081 0.082128 -0.098990
v 0.335791 0.083293 -0.080069
v 0.346512 0.081461 -0.417987
v 0.344467 0.082197 -0.496927
v 0.301094 0.083213 -0.428601
v 0.299466 0.083199 -0.454711
v 0.299296 0.083241 -0.430172
v 0.343270 0.082552 -0.487252
v 0.342313 0.083294 -0.473107
v 0.309583 0.083911 -0.494145
v 0.296538 0.083240 -0.494851
v 0.295224 0.082070 -0.501271
v 0.301245 0.083264 -0.414795
v 0.303507 0.080954 -0.498603
v 0.274867 0.083152 -0.488466
v 0.264000 0.083173 -0.489970
v 0.232322 0.083228 -0.497190
v 0.262084 0.083320 -0.496530
v 0.303037 0.083350 -0.460353
v 0.298633 0.083224 -0.463457
v 0.259288 0.083303 -0.463697
v 0.260071 0.083246 -0.463570
v 0.210094 0.083210 -0.497189
v 0.229620 0.083146 -0.495096
v 0.171824 0.083218 -0.479124
v 0.204080 0.083258 -0.464018
v 0.193255 0.083229 -0.495811
v 0.191192 0.083115 -0.499939
v 0.148820 0.083264 -0.464084
v 0.169056 0.082916 -0.495495
v 0.159468 0.082198 -0.495294
v 0.136999 0.083162 -0.496889
v 0.132166 0.083697 -0.496249
v 0.141941 0.081497 -0.497739
v 0.144079 0.083118 -0.496942
v 0.145530 0.081982 -0.500315
v 0.142197 0.083180 -0.483309
v 0.159396 0.083317 -0.499835
v 0.133654 0.083112 -0.462922
v 0.090059 0.083145 -0.481897
v 0.107041 0.083537 -0.495655
v 0.129558 0.083241 -0.464469
v 0.122806 0.083230 -0.463604
v 0.083014 0.083218 -0.471583
v 0.098263 0.083509 -0.497358
v 0.099638 0.082899 -0.500033
v 0.077050 0.085748 -0.489168
v 0.076760 0.083181 -0.482185
v 0.059009 0.082997 -0.495289
v 0.034663 0.083130 -0.480238
v 0.074136 0.084377 -0.495698
v 0.064219 0.079987 -0.498950
v 0.076215 0.083734 -0.497506
v 0.040798 0.081642 -0.497936
v 0.041912 0.083173 -0.476015
v 0.025428 0.083136 -0.477108
v 0.019706 0.082777 -0.497927
v 0.018794 0.083204 -0.463547
v 0.011621 0.083243 -0.462670
v 0.007624 0.083142 -0.496385
v -0.018543 0.082741 -0.499401
v -0.008038 0.083119 -0.463195
v -0.020813 0.081246 -0.498929
v -0.047827 0.083276 -0.495372
v -0.082622 0.083171 -0.475886
v -0.039269 0.082993 -0.495624
v -0.044988 0.082122 -0.496380
v -0.070398 0.083170 -0.496269
v -0.073631 0.082025 -0.496197
v -0.060655 0.083396 -0.496160
v -0.055182 0.083159 -0.495786
v -0.083881 0.083882 -0.497957
v -0.091423 0.083338 -0.496641
v -0.112459 0.083190 -0.485210
v -0.082263 0.083135 -0.495298
v -0.090516 0.083274 -0.463676
v -0.158380 0.083260 -0.463597
v -0.161820 0.083248 -0.467101
v -0.145469 0.082796 -0.498656
v -0.135196 0.082517 -0.495263
v -0.137670 0.082766 -0.499282
v -0.090657 0.083241 -0.500008
v -0.101547 0.083129 -0.500008
v -0.102246 0.082656 -0.495467
v -0.098670 0.083182 -0.488953
v -0.105024 0.083535 -0.496698
v -0.087210 0.083032 -0.495288
v -0.169052 0.083393 -0.496150
v -0.174254 0.083275 -0.495883
v -0.173790 0.085232 -0.500098
v -0.170001 0.083268 -0.466092
v -0.192563 0.083311 -0.463824
v -0.183109 0.083126 -0.495919
v -0.189682 0.083769 -0.498709
v -0.184765 0.087079 -0.502161
v -0.141844 0.084102 -0.499983
v -0.228232 0.083142 -0.491658
v -0.220313 0.083742 -0.496264
v -0.203207 0.083444 -0.496821
v -0.135664 0.085183 -0.498215
v -0.169228 0.083446 -0.498860
v 0.018170 0.083641 -0.499923
v -0.016239 0.081277 -0.500168
v 0.010324 0.083097 -0.455611
v -0.163443 0.083118 -0.499884
v 0.099771 0.083981 -0.498304
v 0.106085 0.084718 -0.502885
v -0.078304 0.082424 -0.496232
v -0.071155 0.083864 -0.501314
v -0.256725 0.082861 -0.463051
v -0.291083 0.083064 -0.499812
v -0.302336 0.083129 -0.463483
v -0.294427 0.081100 -0.498946
v -0.302612 0.083399 -0.500234
v -0.309772 0.083351 -0.498423
v -0.309935 0.083300 -0.499183
v -0.334088 0.083617 -0.458997
v -0.304299 0.085570 -0.440662
v -0.347711 0.083267 -0.453663
v -0.346104 0.083767 -0.423813
v -0.309396 0.083426 -0.470732
v -0.327147 0.083678 -0.474351
v -0.343330 0.083170 -0.419030
v -0.166240 0.083266 -0.463602
v -0.122681 0.082283 -0.497273
v -0.132723 0.083341 -0.499641
v -0.118259 0.084199 -0.501789
v -0.230334 0.083220 -0.497193
v 0.049625 0.083701 -0.497468
v 0.043863 0.082903 -0.498197
v -0.347463 0.082908 -0.481649
v -0.191346 0.080519 -0.499899
v -0.197398 0.081240 -0.497745
v 0.037469 0.081122 -0.499661
v 0.038505 0.084053 -0.496033
v 0.107844 0.082447 -0.499784
v -0.303208 0.084429 -0.420320
v -0.304209 0.085158 -0.432686
v -0.112910 0.084681 -0.493111
v -0.196630 0.083927 -0.502223
v 0.053394 0.085296 -0.498190
v 0.078615 0.082859 -0.502599
v 0.084455 0.084736 -0.500315
v 0.074620 0.081328 -0.498949
v -0.045775 0.085919 -0.499813
v -0.060258 0.083240 -0.499849
v 0.294608 0.083287 -0.497441
v 0.277289 0.083074 -0.497883
v 0.273461 0.082759 -0.499072
v 0.276882 0.082099 -0.500390
v 0.269293 0.083480 -0.496167
v 0.301834 0.083420 -0.489029
v -0.345739 0.083348 -0.407874
v 0.334356 0.083182 -0.083949
v 0.046237 0.081840 -0.501840
v 0.331592 0.082293 -0.077164
v 0.335460 0.081961 -0.076596
v 0.331494 0.086012 -0.072554
v 0.329748 0.083150 -0.029443
v 0.325272 0.083233 -0.060564
v 0.302171 0.083427 -0.019343
v 0.321167 0.083251 -0.022824
v 0.313588 0.083418 -0.000157
v 0.331049 0.082016 0.022845
v 0.311948 0.083470 0.005807
v 0.302434 0.083330 0.021271
v 0.301581 0.083309 -0.083352
v 0.306207 0.083278 -0.066668
v 0.302309 0.083379 -0.011321
v 0.301702 0.083323 0.026899
v 0.316686 0.083347 0.048576
v 0.329641 0.081812 0.051420
v 0.330132 0.080973 0.061897
v 0.331895 0.082451 0.075478
v 0.301280 0.083327 0.076817
v 0.336590 0.083143 0.082121
v 0.322371 0.083388 0.096055
v 0.319649 0.083406 0.105354
v 0.335101 0.081686 0.077126
v 0.327856 0.081316 0.041963
v 0.330299 0.080735 0.033441
v 0.347361 0.082259 0.080084
v 0.314772 0.083457 0.163955
v 0.324319 0.083380 0.167076
v 0.301640 0.083256 0.154862
v 0.313603 0.083519 0.191297
v 0.301617 0.083298 0.219814
v 0.335836 0.083181 0.228437
v 0.344633 0.083134 0.209477
v 0.331022 0.081203 0.232129
v 0.301445 0.083344 0.230681
v 0.335294 0.082369 0.232186
v 0.326437 0.083167 0.237197
v 0.327659 0.081665 0.267552
v 0.329813 0.083037 0.239161
v 0.347449 0.082700 0.228077
v 0.329672 0.080608 0.275848
v 0.326621 0.083117 0.301168
v 0.301255 0.083273 0.313061
v 0.335287 0.082678 0.324873
v 0.327358 0.083131 0.308904
v 0.332043 0.082536 0.322164
v 0.338102 0.083212 0.352286
v 0.344817 0.082821 0.365409
v 0.338766 0.083132 0.365813
v 0.333743 0.083236 0.371892
v 0.341484 0.082419 0.372250
v 0.347080 0.082154 0.414500
v 0.300328 0.083405 0.399431
v 0.298489 0.083292 0.421213
v 0.301631 0.083436 0.361227
v 0.330791 0.084347 0.294009
v 0.305376 0.083340 0.352124
v 0.342031 0.083232 0.432211
v 0.345006 0.082741 0.416187
v 0.345532 0.083083 0.432672
v 0.301779 0.083216 0.293595
v 0.311085 0.083206 0.288969
v 0.313828 0.083461 0.462271
v 0.346317 0.082648 0.450813
v 0.346556 0.082076 0.460839
v 0.346955 0.082127 0.501534
v 0.320102 0.083548 0.500926
v 0.307807 0.082275 0.498029
v 0.303589 0.084237 0.496439
v 0.347076 0.082121 0.164753
v 0.337565 0.083197 0.149798
v 0.282914 0.082588 0.472300
v 0.271797 0.083167 0.496643
v 0.251967 0.083183 0.496397
v 0.212238 0.082574 0.474382
v 0.223698 0.081714 0.473141
v 0.273578 0.083035 0.499958
v 0.166508 0.082625 0.475559
v 0.224367 0.082582 0.499831
v 0.182512 0.083199 0.492219
v 0.221390 0.083230 0.499984
v 0.153739 0.083052 0.499957
v 0.156659 0.082024 0.475164
v 0.149709 0.083148 0.497861
v 0.107418 0.081555 0.473910
v 0.130406 0.083143 0.499962
v 0.042755 0.083074 0.499923
v 0.092577 0.083098 0.477687
v 0.299933 0.083344 0.499432
v 0.240579 0.083190 0.496827
v 0.330155 0.080233 0.287458
v 0.297210 0.082828 0.462471
v 0.251108 0.083042 0.499958
v 0.069193 0.082676 -0.500406
v -0.116151 0.083233 -0.497625
v -0.200732 0.081981 -0.498622
v -0.247002 0.083375 -0.500385
v -0.343292 0.083386 -0.382017
v -0.344182 0.082891 -0.389520
v -0.346369 0.082355 -0.385117
v -0.335440 0.083534 -0.379678
v -0.303299 0.083907 -0.408630
v -0.303492 0.084337 -0.344587
v -0.327795 0.083741 -0.351795
v -0.309787 0.083615 -0.370608
v -0.347258 0.083074 -0.377798
v -0.329184 0.085070 -0.326717
v -0.315473 0.083589 -0.339100
v -0.306093 0.083179 -0.326021
v -0.305846 0.083237 -0.336709
v -0.303521 0.083083 -0.320153
v -0.327566 0.082691 -0.324422
v -0.338289 0.083380 -0.326631
v -0.322366 0.083561 -0.302645
v -0.331027 0.079753 -0.284546
v -0.320640 0.082546 -0.313313
v -0.328317 0.082634 -0.278994
v -0.330165 0.083118 -0.252967
v -0.330198 0.082638 -0.235630
v -0.319539 0.082054 -0.237379
v -0.332917 0.081114 -0.233341
v -0.333907 0.080104 -0.280284
v -0.332125 0.081280 -0.260946
v -0.332716 0.080622 -0.320518
v -0.320705 0.083017 -0.234054
v -0.330219 0.081610 -0.276812
v 0.303666 0.083293 -0.088124
v 0.044088 0.083199 0.494560
v 0.013538 0.084522 0.499814
v 0.021332 0.082944 0.476773
v 0.039701 0.084127 0.499850
v 0.008716 0.085041 0.497027
v -0.009559 0.083106 0.495352
v -0.015555 0.082832 0.497126
v 0.009437 0.082909 0.473236
v -0.020434 0.081585 0.468156
v -0.025531 0.085752 0.469825
v -0.045643 0.083438 0.496978
v -0.039730 0.083101 0.474759
v -0.021812 0.080830 0.459090
v 0.001743 0.080779 0.458546
v 0.027168 0.083158 0.475023
v -0.075364 0.083230 0.497391
v -0.077989 0.082509 0.501503
v -0.104817 0.083187 0.488477
v -0.108758 0.083298 0.479824
v -0.120441 0.081289 0.473948
v -0.148107 0.082897 0.501386
v -0.042534 0.082457 0.472331
v -0.159487 0.083169 0.489644
v -0.196885 0.082686 0.501032
v -0.200054 0.083193 0.496147
v -0.193428 0.083118 0.481936
v -0.158874 0.082488 0.474640
v -0.166806 0.083127 0.485575
v -0.212280 0.081360 0.478631
v -0.219652 0.083127 0.481049
v -0.236965 0.083193 0.497011
v -0.234259 0.082621 0.501747
v -0.212894 0.080428 0.475055
v -0.278342 0.083056 0.478598
v -0.276257 0.083094 0.474419
v -0.244825 0.083036 0.474416
v -0.279566 0.082540 0.494703
v -0.283104 0.079841 0.474258
v -0.297415 0.082962 0.496224
v -0.305084 0.083230 0.492575
v -0.303014 0.084300 0.472377
v -0.298261 0.079942 0.474215
v -0.276601 0.082176 0.500587
v -0.312171 0.083475 0.492652
v -0.347948 0.082959 0.476709
v -0.347578 0.083489 0.449869
v -0.323242 0.083701 0.430696
v -0.303654 0.084661 0.399361
v -0.283929 0.083898 0.500832
v -0.286870 0.079862 0.499693
v -0.345368 0.084183 0.428033
v -0.343234 0.083996 0.443646
v -0.347812 0.082552 0.443892
v -0.333362 0.083515 0.425274
v -0.309438 0.081774 0.497254
v -0.339761 0.081520 0.501900
v -0.307742 0.082196 0.501508
v -0.328501 0.083537 0.491977
v -0.306789 0.084380 0.500415
v -0.323965 0.083668 0.480066
v -0.300692 0.082552 0.495469
v -0.339765 0.083438 0.493368
v -0.348287 0.083227 0.499170
v -0.223213 0.083108 0.476383
v -0.240216 0.081430 0.473337
v -0.232459 0.084422 0.475655
v -0.004448 0.081961 0.498535
v -0.261679 0.083277 0.500886
v -0.347719 0.082413 0.430264
v -0.001758 0.080969 0.500386
v -0.298908 0.086316 0.500103
v -0.331679 0.083613 0.420563
v -0.340903 0.083423 0.372353
v -0.308518 0.083642 0.392889
v -0.303490 0.084233 0.346532
v -0.304742 0.083578 0.392152
v -0.347731 0.083004 0.351432
v -0.347919 0.083324 0.332863
v -0.343984 0.083411 0.333101
v -0.334724 0.083489 0.326847
v -0.346237 0.080671 0.362225
v -0.345720 0.085093 0.381126
v -0.347610 0.083172 0.374901
v -0.338912 0.083504 0.366167
v -0.345016 0.083372 0.367841
v -0.326458 0.083300 0.325875
v -0.328465 0.083000 0.320982
v -0.339546 0.083319 0.410710
v -0.341498 0.083282 0.420393
v -0.333315 0.080658 0.320821
v -0.345835 0.082570 0.412515
v -0.325721 0.079267 0.307897
v -0.333813 0.079817 0.308775
v -0.344537 0.083685 0.391216
v -0.342948 0.083244 0.402466
v -0.344314 0.081916 0.406493
v -0.347503 0.082775 0.384876
v -0.347980 0.083154 0.388854
v -0.321117 0.082845 0.314863
v -0.321362 0.084137 0.294201
v -0.325435 0.082811 0.288765
v -0.321537 0.083730 0.283163
v -0.316378 0.082917 0.315649
v -0.317795 0.083220 0.306658
v -0.315885 0.083049 0.301935
v -0.305450 0.083088 0.242597
v -0.305771 0.083167 0.311266
v 0.021528 0.080208 0.472154
v 0.015728 0.082179 0.473436
v -0.042281 0.081600 0.462387
v -0.027792 0.079775 0.463066
v 0.020072 0.080832 0.460082
v 0.285132 0.086230 -0.500250
v -0.118994 0.083141 -0.494546
v -0.165345 0.083893 -0.498337
v 0.024210 0.083411 -0.498035
v 0.165697 0.082711 -0.497353
v 0.138393 0.083918 -0.501392
v -0.292974 0.081875 0.496187
v 0.137401 0.083248 -0.497595
v -0.340662 0.083639 0.445724
v -0.315307 0.083012 0.249572
v -0.303652 0.081823 0.239258
v -0.303397 0.084011 0.207192
v -0.309388 0.083608 0.209761
v -0.326832 0.083655 0.226493
v -0.347263 0.083196 0.204661
v -0.347779 0.083198 0.191507
v -0.347214 0.087036 0.167577
v -0.344252 0.082208 0.164896
v -0.333568 0.083028 0.148276
v -0.344643 0.083001 0.151264
v -0.347396 0.084226 0.164293
v -0.347652 0.082489 0.152238
v -0.327335 0.083706 0.146335
v -0.335424 0.083475 0.074322
v -0.340174 0.083231 0.133942
v -0.344838 0.083395 0.148142
v -0.333344 0.083355 0.139421
v -0.303472 0.083702 0.107549
v -0.344963 0.083231 0.076247
v -0.309135 0.083609 0.061419
v -0.343052 0.083200 0.068735
v -0.326554 0.083678 -0.020379
v -0.303545 0.084102 0.022910
v -0.304607 0.085359 0.029596
v -0.303688 0.083919 0.054346
v -0.307198 0.083606 -0.008006
v -0.303685 0.085099 -0.009916
v -0.304743 0.083554 -0.005428
v -0.345089 0.083222 0.017903
v -0.307121 0.084618 -0.044112
v -0.343386 0.083220 -0.080983
v -0.308568 0.083618 -0.056424
v -0.345084 0.083246 -0.047175
v -0.303224 0.084408 0.111703
v -0.304743 0.083559 -0.053315
v -0.337540 0.083347 -0.082782
v -0.303074 0.083885 -0.138362
v -0.340782 0.083261 -0.098315
v -0.310943 0.083665 -0.143070
v -0.307044 0.083609 -0.176791
v -0.303462 0.084049 -0.160451
v -0.341070 0.083247 -0.105498
v -0.332103 0.083489 -0.101971
v -0.321233 0.083734 -0.113677
v -0.345083 0.083254 -0.099727
v -0.344465 0.082580 -0.176783
v -0.347723 0.082436 -0.180820
v -0.347931 0.084671 -0.191273
v -0.326692 0.083647 -0.212875
v -0.343693 0.082939 -0.194840
v -0.345085 0.083238 -0.083766
v -0.344430 0.082090 -0.202314
v -0.342360 0.083226 -0.218535
v -0.332246 0.083580 -0.215391
v -0.344551 0.084335 -0.212244
v -0.315548 0.083060 -0.232090
v -0.304503 0.084574 -0.233830
v -0.316623 0.082338 -0.237264
v -0.324265 0.083709 -0.101200
v -0.335346 0.083360 -0.230486
v -0.334211 0.083479 -0.221714
v -0.330341 0.083283 -0.229662
v -0.343051 0.083223 -0.167382
v -0.343446 0.083707 -0.157229
v -0.347297 0.086239 -0.205968
v -0.347578 0.081973 -0.196553
v -0.344112 0.083534 -0.191654
v -0.315354 0.083019 -0.244893
v -0.338149 0.083307 0.026251
v -0.345057 0.083199 0.049445
v -0.345088 0.083245 0.027482
v -0.342315 0.083218 0.022813
v -0.341065 0.083244 0.016275
v -0.302846 0.083223 -0.211509
v -0.348323 0.081042 0.225348
v -0.316794 0.080891 0.234198
v -0.328477 0.082875 0.232943
v 0.142097 0.083209 -0.498043
v 0.346645 0.082831 0.170345
v 0.172444 0.083299 -0.500051
v -0.054164 0.082612 -0.500029
v -0.048842 0.081743 -0.496867
v -0.049348 0.084592 -0.500008
v 0.335310 0.081907 -0.231640
v -0.178479 0.086383 -0.496239
v -0.336789 0.083477 -0.419645
v -0.085255 0.082528 -0.499822
v 0.301283 0.083279 0.352861
v -0.316724 0.083425 -0.313873
v -0.341233 0.083262 0.140313
v 0.130065 0.083415 -0.497433
v 0.136005 0.083829 -0.502037
v 0.135031 0.084416 -0.498211
v -0.258575 0.083018 -0.500008
v -0.305211 0.082825 -0.258810
v -0.303493 0.082731 -0.259564
v -0.313729 0.082845 -0.280902
v -0.304632 0.082296 -0.313746
v -0.311495 0.083015 -0.310979
v -0.315941 0.082913 -0.285040
v -0.315723 0.083172 -0.311399
v -0.317141 0.083681 -0.247732
v -0.344022 0.083408 0.228117
v 0.306975 0.083448 -0.010462
v -0.333948 0.080298 0.233236
v -0.329030 0.081815 -0.320328
v -0.119208 0.083034 -0.499051
v -0.112837 0.083965 -0.500991
v -0.304767 0.084483 0.312749
v -0.321921 0.082953 0.239715
v -0.343175 0.083732 0.325968
v -0.323060 0.083071 0.254995
v -0.321262 0.084262 0.261834
v -0.321636 0.083466 0.253041
v -0.325370 0.082858 0.273050
v -0.327552 0.078532 0.299059
v -0.328317 0.082644 0.282136
v -0.307566 0.083087 -0.316689
v -0.049896 0.083674 0.502315
v -0.045105 0.084376 0.499555
v 0.307617 0.085810 0.501437
v 0.002596 0.083222 0.500652
v -0.033141 0.081660 0.469753
v 0.094300 0.085871 -0.504342
v -0.322158 0.083346 0.245556
v 0.290502 0.079105 0.472532
v 0.115239 0.083390 -0.501450
v -0.325758 0.087834 0.280936
v 0.295228 0.080933 0.467724
v -0.345013 0.085711 -0.411368
v -0.347226 0.082520 -0.412496
v -0.328317 0.082041 0.242783
v 0.053768 0.082928 -0.500094
v -0.331566 0.081356 0.302457
v 0.109926 0.082212 -0.500945
v 0.024097 0.083147 -0.500008
v -0.102580 0.083671 -0.501184
v -0.077897 0.082462 -0.501562
v -0.333566 0.083543 0.041485
v -0.335777 0.083412 0.021462
v -0.343322 0.083708 0.023173
v -0.343357 0.084285 0.016486
v -0.344017 0.084051 -0.098867
v -0.333290 0.083529 -0.101937
v -0.345087 0.083185 -0.124071
v -0.338961 0.083541 -0.140940
v -0.345003 0.083264 -0.163530
v -0.343051 0.083211 -0.157068
v -0.335183 0.083501 -0.167843
v -0.342951 0.083349 -0.218694
v -0.332156 0.082882 -0.216400
v -0.339722 0.083292 -0.226933
v -0.335874 0.083932 -0.230942
v -0.335860 0.083389 -0.208375
v -0.339731 0.082256 -0.232090
v -0.331584 0.085246 -0.235699
v -0.320775 0.083453 -0.220440
v -0.343031 0.084123 -0.227812
v -0.317557 0.082437 -0.237849
v -0.344440 0.083723 0.076346
v -0.329346 0.083646 0.123940
v -0.333597 0.083542 0.148423
v -0.327130 0.083756 0.145760
v -0.335009 0.083459 0.139152
v -0.343838 0.083288 0.147918
v -0.337312 0.083286 -0.076888
v -0.330935 0.083366 -0.076809
v -0.314959 0.083676 -0.109443
v -0.331373 0.083377 -0.102340
v -0.302793 0.082112 -0.138621
v -0.305237 0.086037 -0.146551
v -0.304742 0.083559 -0.045210
v -0.308733 0.083629 -0.043246
v -0.305860 0.086614 0.029570
v -0.304672 0.084808 0.023144
v -0.314749 0.083677 0.025760
v -0.333692 0.084289 -0.076599
v -0.342806 0.083221 -0.080941
v -0.309851 0.083604 0.356260
v -0.324746 0.083756 0.383061
v -0.345776 0.082720 0.368047
v -0.346472 0.082357 0.362227
v -0.331265 0.083607 0.487188
v -0.331292 0.083387 0.488309
v -0.333340 0.083071 0.497732
v -0.346910 0.083243 0.497648
v -0.241262 0.083135 0.477611
v -0.225661 0.083112 0.479707
v -0.232111 0.083104 0.475926
v -0.224770 0.083090 0.480140
v -0.212619 0.083096 0.478295
v -0.166179 0.083159 0.486206
v -0.161175 0.083131 0.480347
v -0.108773 0.082445 0.479890
v -0.101114 0.083074 0.475463
v -0.019389 0.083100 0.492959
v -0.015214 0.083196 0.497183
v 0.091321 0.083126 0.484722
v 0.251691 0.080972 0.498274
v 0.238541 0.083183 0.488402
v 0.302488 0.083031 0.360532
v 0.301282 0.083259 0.284278
v 0.302309 0.083333 0.026988
v 0.307221 0.083386 0.029689
v 0.301290 0.083284 -0.188627
v 0.302260 0.083074 -0.410424
v 0.311622 0.083417 -0.416837
v 0.299881 0.083612 -0.454671
v 0.234532 0.083150 -0.489203
v 0.238215 0.083142 -0.493009
v 0.230758 0.084407 -0.496220
v 0.196350 0.083583 -0.495319
v 0.076875 0.083166 -0.488957
v 0.083329 0.083149 -0.495160
v 0.074287 0.081355 -0.496551
v 0.076736 0.084810 -0.497663
v 0.070469 0.083889 -0.498941
v 0.076565 0.080899 -0.499440
v 0.069624 0.082878 -0.501664
v 0.003572 0.083113 -0.489080
v 0.000593 0.083176 -0.498033
v -0.112432 0.083789 -0.493881
v -0.118845 0.083184 -0.492027
v -0.115521 0.082933 -0.496953
v -0.204365 0.083167 -0.493377
v -0.202892 0.083186 -0.485949
v -0.198644 0.083154 -0.492670
v -0.199709 0.083331 -0.497552
v -0.258084 0.083148 -0.496201
v -0.300522 0.083187 -0.490208
v -0.127206 0.083205 -0.485917
v -0.170190 0.083342 -0.465474
v -0.161158 0.083340 -0.465229
v -0.158628 0.083217 -0.475574
v -0.181838 0.083278 -0.464373
v -0.090035 0.083298 -0.463983
v -0.079374 0.083256 -0.463694
v -0.034006 0.083130 -0.481319
v 0.075647 0.083171 -0.482327
v 0.083290 0.083125 -0.473663
v 0.122275 0.083199 -0.477047
v 0.126480 0.083218 -0.468084
v 0.162800 0.083191 -0.482680
v 0.263263 0.083219 -0.467592
v -0.322142 0.083523 -0.463765
v -0.331755 0.083652 -0.468329
v -0.343850 0.083430 -0.456051
v -0.332400 0.083632 -0.468446
v -0.320994 0.083788 -0.427391
v -0.304873 0.083729 -0.413722
v -0.304742 0.083707 -0.408140
v -0.338493 0.083405 -0.375321
v -0.342593 0.086672 -0.382137
v -0.327263 0.083519 -0.339567
v -0.309347 0.083505 -0.343825
v 0.261877 0.083273 -0.495984
v 0.309584 0.083411 -0.493961
v 0.303774 0.083330 -0.498228
v 0.336000 0.083426 -0.492080
v 0.343320 0.083393 -0.487323
v 0.343529 0.083403 -0.496693
v 0.342501 0.083278 -0.473318
v 0.327869 0.083454 -0.481302
v 0.311298 0.083531 -0.456204
v 0.331182 0.083342 -0.433044
v 0.343858 0.082873 -0.384491
v 0.344024 0.082911 -0.368961
v 0.313587 0.083510 -0.367931
v 0.319592 0.083305 -0.333798
v 0.301296 0.083281 -0.195250
v 0.317259 0.083635 -0.186802
v 0.327246 0.083250 -0.082674
v 0.339821 0.083196 -0.090273
v 0.331165 0.083005 -0.078108
v 0.329813 0.083081 -0.068785
v 0.314527 0.083443 -0.000271
v 0.307000 0.083694 -0.008253
v 0.304763 0.083478 -0.001535
v 0.329057 0.083137 0.051116
v 0.328450 0.083000 0.042129
v 0.342719 0.083158 0.144344
v 0.338163 0.083185 0.149528
v 0.335586 0.083235 0.141430
v 0.313851 0.083469 0.172673
v 0.323720 0.083460 0.167076
v 0.344778 0.081989 0.365415
v 0.312770 0.083386 0.381845
v 0.342081 0.083224 0.411783
v 0.336056 0.083323 0.421039
v 0.313062 0.083486 0.471066
v 0.317122 0.083390 0.219819
v 0.313514 0.083475 -0.116928
v 0.309185 0.083390 -0.075500
v 0.295679 0.083172 0.497256
v 0.303322 0.083668 0.496862
v 0.301818 0.083178 0.493082
v -0.304154 0.077497 0.492465
v -0.307258 0.083377 0.487925
v -0.307432 0.085280 0.496473
v -0.345025 0.083210 0.426233
v -0.343715 0.083535 0.407623
v -0.328894 0.083454 0.327699
v -0.220386 0.085513 -0.496136
v -0.305240 0.083549 -0.325789
v -0.314074 0.083120 -0.320987
v -0.316283 0.083041 -0.311856
v -0.303528 0.083173 -0.313865
v 0.325639 0.083135 0.273050
v 0.328144 0.083362 0.267698
v 0.329813 0.082995 0.276734
v -0.242883 0.082134 0.501456
v 0.265474 0.083034 0.499958
v 0.341643 0.083627 -0.208267
v 0.345530 0.083023 -0.206305
v 0.345714 0.080397 -0.196311
v 0.345735 0.081526 -0.187566
v 0.058457 0.083177 -0.495403
v 0.064679 0.081519 -0.498698
v 0.056349 0.081562 -0.501766
v 0.054489 0.086162 -0.498414
v 0.345093 0.082762 0.439040
v 0.000291 0.083128 -0.498704
v -0.326490 0.081485 0.308006
v -0.329078 0.079902 0.297413
v -0.331722 0.081327 0.287045
v -0.327023 0.080727 0.282360
v -0.322089 0.083002 0.279629
v -0.329820 0.082248 0.273053
v -0.336556 0.083071 -0.499568
v -0.326744 0.083206 -0.499511
v -0.321779 0.082605 0.245453
v -0.321258 0.082653 0.239244
v 0.015728 0.081662 0.469016
v 0.016182 0.080831 0.459900
v 0.012658 0.081626 0.462140
v -0.025451 0.081553 0.470521
v -0.014969 0.081763 0.472453
v -0.326940 0.076387 -0.278486
v -0.329633 0.078749 -0.284566
v -0.333115 0.080397 -0.279920
v 0.330701 0.082597 -0.298324
v -0.154944 0.082129 0.501452
v -0.187607 0.082115 0.501449
v 0.347073 0.082142 0.423465
v -0.333508 0.079915 0.296399
v 0.347096 0.082255 -0.492134
v -0.300807 0.077972 -0.086950
v -0.303102 0.079595 -0.061553
v -0.329526 0.077565 -0.056520
v -0.328769 0.077196 -0.046825
v -0.305479 0.077927 -0.044105
v -0.300314 0.078833 -0.130672
v -0.299148 0.078721 -0.089655
v -0.303192 0.079977 -0.039709
v -0.299994 0.080238 -0.013777
v -0.323099 0.077885 -0.010462
v -0.329449 0.077441 -0.000843
v -0.328502 0.077326 0.045083
v -0.298955 0.078252 0.025196
v -0.300369 0.079117 0.011499
v -0.298612 0.076840 -0.051622
v -0.328317 0.077879 -0.033423
v -0.329158 0.076501 -0.012131
v -0.327731 0.076889 -0.023862
v -0.319626 0.077907 -0.018550
v -0.300473 0.080783 -0.024959
v -0.299141 0.078714 -0.057736
v -0.300814 0.077968 0.077073
v -0.299152 0.078729 0.078312
v -0.329005 0.077472 0.092826
v -0.323529 0.077893 0.050317
v -0.329119 0.077159 0.047188
v -0.324553 0.077878 0.084848
v -0.300092 0.078942 0.086379
v -0.328873 0.077257 0.124499
v -0.299494 0.078053 0.119786
v -0.329369 0.077551 0.135190
v -0.329181 0.077433 0.155645
v -0.300251 0.078127 0.158364
v -0.300440 0.080053 0.178777
v -0.298118 0.078445 0.170262
v -0.300257 0.079742 0.185132
v -0.299827 0.078338 0.206286
v -0.329688 0.077866 0.164714
v -0.329663 0.077665 0.206986
v -0.298935 0.078972 0.117485
v -0.299145 0.078722 -0.079467
v -0.315302 0.077892 -0.118083
v -0.305488 0.078118 -0.136775
v -0.299149 0.078730 -0.134111
v -0.299107 0.079608 -0.208585
v -0.304128 0.077919 -0.174994
v -0.304497 0.077923 -0.199306
v -0.306032 0.077922 -0.194210
v -0.321441 0.077882 -0.170267
v -0.329625 0.077700 -0.222444
v -0.315343 0.077911 -0.168632
v -0.300896 0.077969 -0.163217
v -0.311127 0.077920 -0.200411
v -0.301191 0.078210 -0.219479
v -0.310012 0.078746 -0.228358
v -0.296661 0.080335 -0.212560
v -0.299380 0.080119 -0.271926
v -0.309256 0.079028 -0.247951
v -0.306220 0.079013 -0.267191
v -0.308917 0.079020 -0.275065
v -0.328315 0.078737 -0.249523
v -0.325494 0.078957 -0.245842
v -0.317804 0.078990 -0.251398
v -0.302634 0.080295 -0.277610
v -0.297656 0.080831 -0.283856
v -0.301221 0.080287 -0.245989
v -0.317481 0.078996 -0.243140
v -0.327923 0.076089 -0.225711
v -0.328262 0.075980 -0.244310
v -0.299355 0.079201 -0.254928
v -0.297547 0.080513 -0.353549
v -0.300103 0.078924 -0.330479
v -0.303117 0.079653 -0.322375
v -0.329483 0.078644 -0.308687
v -0.329560 0.077995 -0.321932
v -0.311004 0.079111 -0.313067
v -0.312341 0.078991 -0.322204
v -0.315325 0.079441 -0.325266
v -0.301640 0.080379 -0.336965
v -0.329578 0.077811 -0.365622
v -0.305970 0.077954 -0.342228
v -0.329585 0.077355 -0.379265
v -0.299145 0.078730 -0.399080
v -0.327341 0.077911 -0.387291
v -0.299548 0.078357 -0.406630
v -0.299460 0.079671 -0.458946
v -0.329601 0.077566 -0.483493
v -0.319685 0.077827 -0.469648
v -0.314504 0.077806 -0.457401
v -0.317969 0.077793 -0.449632
v -0.316530 0.077926 -0.478950
v -0.288037 0.078221 -0.481346
v -0.293999 0.078049 -0.473762
v -0.307142 0.078985 -0.496940
v -0.294664 0.076633 -0.495184
v -0.323529 0.077958 -0.483186
v -0.298606 0.078499 -0.356263
v -0.302830 0.078317 -0.349125
v -0.302409 0.077898 -0.463663
v -0.303814 0.079047 -0.306652
v -0.297867 0.078000 -0.462682
v -0.244594 0.078436 -0.467131
v -0.256859 0.080280 -0.460111
v -0.261311 0.078907 -0.473571
v -0.251795 0.078180 -0.480226
v -0.258361 0.079167 -0.479468
v -0.216991 0.077091 -0.496791
v -0.287486 0.079138 -0.471615
v -0.225302 0.078423 -0.487741
v -0.179752 0.078420 -0.488228
v -0.223783 0.078009 -0.464052
v -0.225178 0.079107 -0.490191
v -0.226575 0.079325 -0.459159
v -0.185311 0.078029 -0.463794
v -0.136221 0.077293 -0.465573
v -0.178489 0.078104 -0.468674
v -0.156799 0.076391 -0.491576
v -0.138824 0.078604 -0.488344
v -0.174413 0.079214 -0.490174
v -0.161139 0.079168 -0.462269
v -0.168323 0.078215 -0.489805
v -0.143909 0.075594 -0.489317
v -0.153716 0.078707 -0.460778
v -0.217071 0.079208 -0.493376
v -0.218369 0.078674 -0.487340
v -0.205295 0.078855 -0.496977
v -0.156190 0.079600 -0.459391
v -0.182482 0.080398 -0.459934
v -0.244332 0.077980 -0.462681
v -0.248652 0.081563 -0.461333
v -0.289784 0.079198 -0.491670
v -0.129159 0.077971 -0.466610
v -0.103270 0.080091 -0.461397
v -0.078940 0.077975 -0.467899
v -0.091887 0.080386 -0.461179
v -0.078368 0.078319 -0.462130
v -0.099690 0.078178 -0.481836
v -0.078156 0.078496 -0.485096
v -0.094248 0.078237 -0.484939
v -0.073911 0.079417 -0.485040
v -0.101535 0.078774 -0.497822
v -0.092076 0.079227 -0.490188
v -0.101260 0.077859 -0.484657
v -0.053615 0.078557 -0.481443
v -0.006257 0.078848 -0.497904
v -0.110314 0.079093 -0.491856
v -0.157998 0.078817 -0.497549
v -0.114198 0.078663 -0.497293
v -0.149419 0.079259 -0.491658
v -0.043912 0.078917 -0.485602
v -0.035464 0.078310 -0.480084
v -0.048121 0.078346 -0.480608
v -0.009314 0.077989 -0.465883
v -0.025918 0.078729 -0.484058
v -0.024617 0.079211 -0.490832
v -0.032802 0.078982 -0.460247
v -0.068933 0.079060 -0.460356
v -0.072923 0.077993 -0.467777
v -0.068396 0.078050 -0.474928
v -0.114229 0.081042 -0.461949
v -0.009504 0.079210 -0.492028
v -0.128207 0.078893 -0.459234
v -0.001061 0.074576 -0.492661
v 0.019975 0.078011 -0.497246
v 0.037023 0.078185 -0.480194
v 0.027606 0.078111 -0.494357
v 0.061159 0.079218 -0.490032
v 0.024807 0.078249 -0.497555
v 0.051581 0.078194 -0.482327
v 0.075099 0.078407 -0.484417
v 0.058396 0.077980 -0.466733
v 0.067667 0.077865 -0.487583
v 0.109868 0.078063 -0.462960
v 0.021583 0.079054 -0.461702
v 0.050430 0.077965 -0.467347
v 0.056073 0.078099 -0.476207
v 0.051336 0.078005 -0.462681
v 0.114691 0.078360 -0.483319
v 0.112613 0.079086 -0.487634
v 0.089375 0.077508 -0.496882
v 0.073438 0.079230 -0.488219
v 0.081836 0.076650 -0.496469
v 0.013938 0.081488 -0.465718
v 0.139320 0.078827 -0.496826
v -0.003642 0.078665 -0.469442
v 0.010571 0.079137 -0.463663
v 0.015002 0.077506 -0.459353
v 0.014398 0.080037 -0.453468
v 0.118606 0.078208 -0.468265
v 0.120585 0.078196 -0.482326
v 0.162825 0.079254 -0.491658
v 0.169706 0.078284 -0.497556
v 0.165443 0.078166 -0.488826
v 0.159022 0.079179 -0.487874
v 0.171898 0.077498 -0.494782
v 0.176599 0.078062 -0.484713
v 0.211207 0.078165 -0.488229
v 0.176790 0.076807 -0.487811
v 0.186770 0.077497 -0.491509
v 0.251722 0.077960 -0.462681
v 0.177928 0.079267 -0.493377
v 0.251108 0.077956 -0.465628
v 0.244292 0.078090 -0.475461
v 0.247827 0.078236 -0.488924
v 0.274213 0.078326 -0.491045
v 0.318576 0.078669 -0.490776
v 0.299658 0.080838 -0.497752
v 0.276897 0.080893 -0.462143
v 0.216114 0.079143 -0.496079
v 0.261144 0.078764 -0.497298
v 0.217773 0.079138 -0.489304
v 0.260971 0.077991 -0.464228
v 0.281617 0.077777 -0.492859
v 0.314530 0.078052 -0.457721
v 0.279600 0.076897 -0.494247
v 0.292216 0.078237 -0.494586
v 0.294820 0.078322 -0.497556
v 0.124102 0.078611 -0.485496
v 0.208843 0.076038 -0.492388
v 0.301139 0.078015 -0.460514
v 0.297114 0.079940 -0.442094
v 0.309525 0.078648 -0.449146
v 0.299010 0.077656 -0.443264
v -0.155926 0.079263 -0.493132
v -0.075870 0.078099 -0.475942
v 0.327429 0.077963 -0.482295
v 0.328426 0.078505 -0.484670
v 0.305517 0.078379 -0.438069
v 0.327198 0.077913 -0.402164
v 0.310920 0.078365 -0.394431
v 0.304933 0.079216 -0.396568
v 0.297446 0.078422 -0.435975
v 0.303133 0.079288 -0.392938
v 0.297886 0.079408 -0.385786
v 0.306862 0.079288 -0.391164
v 0.312528 0.078500 -0.378036
v 0.317535 0.078085 -0.392509
v 0.326958 0.077881 -0.334314
v 0.317320 0.078074 -0.369548
v 0.307379 0.078746 -0.372463
v 0.312130 0.078060 -0.345791
v 0.310983 0.078520 -0.332848
v 0.297909 0.079421 -0.316110
v 0.301741 0.079301 -0.304902
v 0.297858 0.079547 -0.283058
v 0.327460 0.078260 -0.306496
v 0.327403 0.077883 -0.329998
v 0.326045 0.076024 -0.278987
v 0.322815 0.079210 -0.276845
v 0.303788 0.079318 -0.230644
v 0.320360 0.078744 -0.226818
v 0.298732 0.079351 -0.254162
v 0.325884 0.079117 -0.229880
v 0.312342 0.077535 -0.355444
v 0.325884 0.079154 -0.273591
v 0.327168 0.078980 -0.259641
v 0.321955 0.078180 -0.328108
v 0.332482 0.077956 -0.487092
v 0.331058 0.078679 -0.497474
v 0.342719 0.079369 -0.496956
v 0.320323 0.078021 -0.494427
v 0.343089 0.078454 -0.476412
v 0.321487 0.078081 -0.358913
v 0.311150 0.079429 -0.214409
v 0.298126 0.079357 -0.227848
v 0.310236 0.080045 -0.206702
v 0.310701 0.079419 -0.190527
v 0.308087 0.079434 -0.185124
v 0.332480 0.078208 -0.415010
v 0.333073 0.077439 -0.404294
v 0.308245 0.077618 -0.178643
v 0.314553 0.081778 -0.176557
v 0.327076 0.077930 -0.147079
v 0.313945 0.079543 -0.183099
v 0.315178 0.078191 -0.198073
v 0.313214 0.078784 -0.206305
v 0.327232 0.077607 -0.225970
v 0.313973 0.077478 -0.210654
v 0.315888 0.078693 -0.216913
v 0.311319 0.078730 -0.145383
v 0.312133 0.078077 -0.106603
v 0.318149 0.078054 -0.127845
v 0.327296 0.077959 -0.071316
v 0.313059 0.078074 -0.121269
v 0.308868 0.080454 -0.137294
v 0.297807 0.079401 -0.150555
v 0.308384 0.079282 -0.148146
v 0.312598 0.078184 -0.088558
v 0.312125 0.078315 -0.102121
v 0.304426 0.079365 -0.095245
v 0.304334 0.079371 -0.102428
v 0.314179 0.080053 -0.131852
v 0.309430 0.079363 -0.060682
v 0.298156 0.079465 -0.087795
v 0.300472 0.079335 -0.065286
v 0.314805 0.078772 -0.057859
v 0.298003 0.079435 -0.058949
v 0.315670 0.076947 -0.052918
v 0.326809 0.077024 -0.043793
v 0.315238 0.078845 -0.047278
v 0.298045 0.079382 -0.049087
v 0.301907 0.079635 -0.057152
v 0.311933 0.076762 -0.052116
v 0.301551 0.079378 -0.025501
v 0.303227 0.078403 -0.017709
v 0.327166 0.077728 -0.035446
v 0.312501 0.078179 -0.007024
v 0.327588 0.078480 0.013787
v 0.325874 0.078393 0.011735
v 0.307557 0.078855 0.015537
v 0.311150 0.078236 0.000221
v 0.322686 0.078580 -0.002916
v 0.311439 0.078838 -0.496086
v 0.332407 0.078840 -0.323178
v 0.343172 0.078990 -0.323610
v 0.343035 0.078867 -0.382223
v -0.286160 0.078886 -0.497917
v 0.299939 0.079319 -0.103901
v 0.298972 0.079752 -0.096282
v -0.303515 0.077917 -0.167996
v -0.302778 0.078229 -0.342351
v 0.317412 0.078073 -0.342965
v 0.314588 0.078074 -0.335966
v 0.316174 0.079804 -0.328982
v -0.298634 0.079571 0.228829
v -0.300071 0.081157 0.245206
v -0.319484 0.079027 0.237696
v -0.324450 0.078993 0.240366
v -0.298123 0.079275 0.257808
v -0.328754 0.077430 0.271086
v -0.328650 0.077175 0.324257
v -0.329531 0.077581 0.336211
v -0.303023 0.079029 0.253036
v -0.329395 0.077614 0.264105
v -0.329497 0.077608 0.232426
v -0.329628 0.077664 0.217308
v -0.326906 0.077898 0.211164
v -0.315837 0.077996 0.218495
v -0.300961 0.080086 0.319667
v -0.303269 0.079010 0.299326
v -0.309163 0.079025 0.304422
v -0.302041 0.079237 0.327452
v -0.326780 0.078391 0.316252
v -0.315991 0.077825 0.332117
v -0.304424 0.078051 0.335041
v -0.321688 0.078668 0.323876
v -0.300795 0.078008 0.357984
v -0.298885 0.078383 0.360005
v -0.299560 0.080355 0.338216
v -0.329626 0.077623 0.344514
v -0.329265 0.077825 0.392145
v -0.312237 0.077915 0.367474
v -0.304620 0.077933 0.406702
v -0.300814 0.077998 0.396818
v -0.298086 0.076433 0.399593
v -0.301972 0.078061 0.471400
v -0.330237 0.078030 0.486088
v -0.344861 0.079728 0.497202
v -0.329482 0.077881 0.468988
v -0.343619 0.079400 0.474565
v -0.334945 0.078690 0.486274
v -0.321363 0.080115 0.494573
v -0.291421 0.078679 0.473722
v -0.299008 0.078436 0.472193
v -0.284500 0.078109 0.473364
v -0.281162 0.078440 0.488159
v -0.299839 0.079130 0.496017
v -0.278218 0.078984 0.488917
v -0.301550 0.078432 0.493082
v -0.246788 0.079249 0.492652
v -0.258394 0.079869 0.474786
v -0.251489 0.079854 0.497918
v -0.279473 0.079097 0.483706
v -0.236559 0.079241 0.474848
v -0.239052 0.079240 0.491608
v -0.218434 0.079201 0.496032
v -0.209461 0.079225 0.493082
v -0.208235 0.078400 0.497466
v -0.122834 0.079399 0.475435
v -0.242409 0.079413 0.498050
v -0.280185 0.078265 0.497507
v -0.117676 0.079398 0.473710
v -0.345295 0.078515 0.445794
v -0.345067 0.079403 0.470974
v -0.319700 0.078755 0.327965
v -0.054485 0.079488 0.473458
v -0.345170 0.078178 0.383584
v -0.335351 0.079947 0.380139
v -0.053144 0.079079 0.492489
v -0.007976 0.078348 0.494838
v -0.018033 0.078204 0.493873
v -0.024239 0.078110 0.485624
v -0.017916 0.077896 0.479085
v -0.041485 0.077629 0.473155
v 0.017394 0.077699 0.476314
v -0.002777 0.078128 0.460258
v -0.001962 0.078317 0.492592
v 0.033295 0.078556 0.491157
v 0.025570 0.079976 0.476168
v 0.042141 0.078448 0.480925
v 0.009230 0.077275 0.495198
v 0.021918 0.079275 0.493875
v -0.053549 0.077862 0.475569
v -0.024602 0.078384 0.459051
v 0.020547 0.078741 0.460512
v 0.022214 0.077384 0.472029
v -0.095107 0.079234 0.496009
v 0.000348 0.077274 0.496778
v -0.309294 0.078056 0.497183
v -0.345339 0.077587 0.326752
v -0.335068 0.078444 0.326267
v -0.305759 0.077260 0.494342
v 0.311678 0.079271 -0.182720
v -0.302751 0.079956 0.364539
v -0.325012 0.078898 -0.497315
v -0.336144 0.078738 -0.486378
v -0.330821 0.078731 -0.486372
v -0.269699 0.081297 -0.460220
v -0.134654 0.079235 0.486329
v -0.225878 0.078353 -0.492352
v 0.313268 0.079319 0.021092
v 0.298173 0.079409 0.034707
v 0.306730 0.079438 0.021094
v 0.298090 0.079441 0.058421
v 0.315378 0.079330 0.052728
v 0.319967 0.078209 0.046614
v 0.322987 0.078684 0.048092
v 0.326338 0.077605 0.070660
v 0.318573 0.079082 0.057960
v 0.317240 0.077787 0.086118
v 0.315517 0.078595 0.093347
v 0.311795 0.079292 0.137988
v 0.311946 0.078215 0.166527
v 0.299894 0.079317 0.154930
v 0.297774 0.079379 0.158604
v 0.309130 0.079371 0.168887
v 0.326849 0.077733 0.234179
v 0.308143 0.079003 0.228414
v 0.297863 0.079402 0.223656
v 0.298423 0.079481 0.266960
v 0.301187 0.079295 0.260649
v 0.305416 0.079350 0.234363
v 0.327343 0.077878 0.188182
v 0.317668 0.077725 0.193126
v 0.326882 0.077630 0.138163
v 0.314797 0.078413 0.135737
v 0.310966 0.079415 0.128531
v 0.310782 0.079414 0.122024
v 0.313758 0.078509 0.186648
v 0.321441 0.079188 0.237717
v 0.322201 0.079222 0.274124
v 0.307545 0.079303 0.264852
v 0.297812 0.079348 0.314736
v 0.323427 0.075643 0.284698
v 0.306883 0.079291 0.301475
v 0.327124 0.078045 0.311463
v 0.322262 0.079233 0.310745
v 0.314005 0.079275 0.307860
v 0.309532 0.079311 0.316080
v 0.314254 0.078678 0.347519
v 0.298420 0.079327 0.321299
v 0.304887 0.079400 0.356982
v 0.322713 0.079213 0.334505
v 0.318783 0.078252 0.347576
v 0.318456 0.078177 0.352782
v 0.327409 0.078056 0.330486
v 0.325000 0.077923 0.331207
v 0.324252 0.074041 0.318277
v 0.326040 0.076533 0.324452
v 0.297396 0.079328 0.404675
v 0.313952 0.078889 0.400865
v 0.320145 0.078987 0.379190
v 0.323194 0.079681 0.374580
v 0.311216 0.079266 0.353229
v 0.319237 0.078149 0.359561
v 0.317262 0.080147 0.384164
v 0.324534 0.078074 0.380917
v 0.307006 0.079387 0.114721
v 0.319008 0.078245 0.391415
v 0.325881 0.078054 0.390677
v 0.307947 0.078249 0.411902
v 0.297441 0.079174 0.439350
v 0.303284 0.078962 0.415695
v 0.297172 0.079165 0.408710
v 0.323060 0.078124 0.439670
v 0.326480 0.077591 0.444223
v 0.327451 0.077823 0.484383
v 0.296481 0.079358 0.468831
v 0.316387 0.078170 0.470070
v 0.301628 0.079011 0.486906
v 0.327317 0.077737 0.381223
v 0.286620 0.079112 0.473120
v 0.308910 0.078858 0.497865
v 0.266456 0.079186 0.482645
v 0.277751 0.079220 0.485591
v 0.259704 0.079209 0.485596
v 0.316566 0.078851 0.488351
v 0.341918 0.080328 0.496734
v 0.305256 0.078425 0.489153
v 0.250003 0.079218 0.475646
v 0.202358 0.079235 0.496020
v 0.216712 0.079304 0.475495
v 0.243259 0.078821 0.473021
v 0.177572 0.079117 0.488840
v 0.186551 0.079267 0.492577
v 0.178708 0.079296 0.495579
v 0.189531 0.079242 0.496029
v 0.098046 0.078175 0.493588
v 0.092714 0.079223 0.492591
v 0.086927 0.077605 0.496944
v 0.119164 0.077582 0.497198
v 0.101319 0.079484 0.474567
v 0.127848 0.079002 0.497805
v 0.200889 0.079267 0.493082
v 0.255314 0.079689 0.473583
v 0.035371 0.077184 0.494246
v 0.009840 0.078209 0.497506
v 0.021983 0.076702 0.494337
v 0.322027 0.078167 0.476259
v 0.317658 0.078208 0.481540
v 0.325636 0.077413 0.486771
v 0.339894 0.079286 0.457469
v 0.298029 0.079453 0.090022
v 0.322692 0.078062 0.389328
v 0.298802 0.079253 0.077148
v 0.305269 0.079364 0.061809
v 0.304447 0.079385 0.077766
v 0.327931 0.077981 0.079116
v 0.325564 0.077672 0.107857
v 0.317007 0.081955 0.120524
v 0.326818 0.076999 0.127203
v 0.315601 0.080669 0.109609
v 0.324014 0.076711 0.031197
v 0.321432 0.081224 0.041141
v 0.332551 0.078894 0.433979
v 0.341601 0.079288 0.441144
v 0.332375 0.078372 0.424337
v 0.332295 0.078662 0.323563
v 0.341670 0.079238 0.323268
v 0.306361 0.079302 0.406948
v 0.298635 0.079470 0.007743
v -0.307996 0.079121 -0.231476
v 0.315645 0.078090 -0.000241
v 0.326272 0.078816 0.266857
v 0.225077 0.078179 -0.483585
v -0.010178 0.080691 -0.452817
v -0.008302 0.082053 -0.460539
v -0.012562 0.077893 -0.459470
v -0.298496 0.078304 0.208197
v 0.311975 0.079157 0.173108
v -0.304377 0.077873 -0.437868
v -0.302666 0.075146 -0.225005
v -0.164546 0.078917 -0.496068
v 0.317130 0.078791 0.094029
v -0.286098 0.078248 0.497508
v -0.242829 0.081773 -0.488459
v 0.311518 0.078239 0.484487
v 0.326642 0.078003 -0.061909
v 0.307026 0.079326 -0.086466
v -0.303218 0.077977 -0.326800
v 0.309712 0.078655 -0.106112
v -0.344591 0.078756 -0.495471
v -0.335270 0.079687 -0.481837
v -0.335412 0.079740 -0.463345
v -0.337035 0.079629 -0.435904
v -0.335095 0.079435 -0.429886
v -0.344609 0.079407 -0.422622
v -0.344306 0.079405 -0.372160
v -0.344034 0.079317 -0.327126
v -0.304320 0.079442 -0.206890
v -0.300850 0.077986 -0.130483
v -0.326372 0.077896 -0.128902
v -0.303850 0.077909 -0.168587
v -0.313430 0.077912 -0.174896
v -0.320722 0.077848 -0.169498
v -0.305427 0.077926 -0.194564
v -0.305234 0.077928 -0.205814
v -0.316714 0.077918 0.046020
v -0.309888 0.077858 0.226069
v -0.309483 0.077968 0.197145
v -0.328317 0.077892 0.092801
v -0.324418 0.077898 0.096117
v -0.304392 0.077980 0.013243
v -0.303760 0.077919 0.004886
v -0.300813 0.077998 0.011271
v -0.323406 0.077889 -0.043246
v -0.328415 0.077876 -0.046826
v -0.318003 0.077900 -0.049815
v -0.327281 0.077916 0.045850
v -0.328317 0.077876 -0.011812
v -0.320289 0.077936 -0.018065
v -0.327891 0.077869 -0.023999
v -0.323499 0.077868 -0.032278
v -0.319108 0.077894 -0.018197
v -0.302742 0.077795 -0.039936
v -0.300813 0.077994 -0.048648
v -0.304251 0.077915 -0.055156
v -0.302624 0.082710 -0.060992
v -0.298783 0.076693 -0.052130
v -0.319209 0.079014 0.294773
v -0.324388 0.078300 0.240389
v -0.321441 0.078952 0.243336
v -0.322444 0.078313 0.234258
v -0.299427 0.080298 0.330305
v -0.299615 0.079786 0.337514
v -0.319774 0.077871 0.327988
v -0.327215 0.077853 0.338311
v -0.300741 0.077951 0.428718
v -0.328401 0.076030 0.324161
v -0.320979 0.073981 0.323424
v -0.319231 0.077886 0.328181
v -0.326964 0.079048 0.316203
v -0.089620 0.079262 0.486976
v -0.069656 0.079229 0.479687
v -0.089821 0.079270 0.486657
v -0.083247 0.079261 0.491111
v -0.118723 0.079240 0.477385
v -0.125353 0.079212 0.477856
v -0.279574 0.079133 0.495783
v -0.264446 0.079353 0.474324
v 0.017364 0.079473 0.476480
v 0.024765 0.083126 0.476498
v 0.023303 0.078719 0.472402
v -0.012474 0.078292 0.491301
v -0.017960 0.077315 0.494064
v -0.007489 0.079377 0.494949
v 0.000209 0.079885 0.494327
v -0.053769 0.078805 0.480067
v -0.054773 0.079106 0.474162
v -0.050945 0.080349 0.474026
v 0.034147 0.080238 0.492451
v 0.040129 0.079030 0.487735
v 0.041881 0.079226 0.492591
v 0.087116 0.076068 0.495961
v 0.098404 0.076442 0.493182
v 0.184920 0.079428 0.492708
v 0.176884 0.079239 0.487311
v 0.201646 0.079193 0.494567
v 0.258506 0.079282 0.478810
v 0.049617 0.079152 0.478593
v 0.046586 0.079395 0.473452
v 0.056986 0.079329 0.473353
v 0.040325 0.078379 0.487508
v 0.041998 0.079190 0.480896
v 0.305190 0.080194 0.425676
v 0.308287 0.078127 0.413286
v 0.310536 0.078079 0.421989
v 0.320481 0.078128 0.448388
v 0.325884 0.078140 0.443968
v 0.316619 0.078238 0.488426
v 0.326045 0.074758 0.380956
v 0.322831 0.078216 0.374649
v 0.319991 0.078364 0.379137
v 0.325429 0.078235 0.487174
v 0.297264 0.078486 0.408722
v 0.300283 0.079231 0.404400
v 0.307712 0.079185 0.411061
v 0.324101 0.079040 0.284510
v 0.325884 0.079167 0.267156
v 0.313189 0.079280 0.277854
v 0.319742 0.079119 0.310944
v 0.299376 0.079307 0.266788
v 0.304969 0.075341 0.234664
v 0.308308 0.079623 0.228268
v 0.321537 0.079906 0.237595
v 0.318313 0.079399 0.331647
v 0.324379 0.077019 0.331105
v 0.297788 0.079411 0.151010
v 0.298306 0.080155 0.089638
v 0.315581 0.079331 0.117381
v 0.307559 0.079333 0.133193
v 0.320502 0.079131 0.122198
v 0.315190 0.079306 0.110359
v 0.299571 0.079076 -0.054894
v 0.299603 0.079541 -0.065049
v 0.307013 0.079166 -0.109381
v 0.299597 0.079321 -0.096289
v 0.311293 0.078716 -0.106087
v 0.298870 0.079693 -0.087942
v 0.297873 0.079443 -0.096576
v 0.299646 0.079328 -0.228161
v 0.297963 0.079427 -0.233809
v 0.309871 0.079439 -0.313747
v 0.297833 0.079423 -0.307235
v 0.297843 0.079460 -0.376980
v 0.308562 0.079656 -0.178586
v 0.303370 0.079250 -0.017292
v 0.307995 0.079167 -0.029523
v 0.303968 0.073013 -0.392223
v 0.304664 0.079375 -0.398341
v 0.307497 0.075164 -0.393800
v 0.313161 0.078822 0.021113
v 0.320013 0.078422 0.030921
v 0.325187 0.078293 0.030713
v 0.315939 0.078203 0.000221
v 0.307269 0.078602 -0.004467
v 0.312623 0.078462 -0.049385
v 0.315387 0.073924 -0.050968
v 0.314248 0.078626 -0.045481
v 0.316013 0.076557 -0.053455
v 0.311574 0.079265 -0.053200
v 0.314862 0.079284 -0.057897
v 0.309467 0.077990 -0.146649
v 0.310328 0.079330 -0.154177
v 0.313125 0.078298 -0.150081
v 0.308301 0.078098 -0.137258
v 0.311666 0.079481 -0.145415
v 0.314097 0.078039 -0.131897
v 0.308660 0.079346 -0.091079
v 0.312709 0.077123 -0.121623
v 0.317961 0.081359 0.192891
v 0.313384 0.076240 0.186659
v 0.324661 0.078078 0.182555
v 0.327313 0.077719 0.175312
v 0.313087 0.078916 -0.192498
v 0.310463 0.079443 -0.206796
v 0.299186 0.078167 -0.443596
v 0.305666 0.079877 -0.438231
v 0.309185 0.078030 -0.448561
v 0.309438 0.077533 -0.449493
v 0.238835 0.078190 -0.483379
v 0.247804 0.078764 -0.488873
v 0.037009 0.077242 -0.480250
v 0.039112 0.078643 -0.483228
v 0.050601 0.078485 -0.463900
v 0.134340 0.077978 -0.462681
v 0.320447 0.078166 -0.483578
v 0.314952 0.078272 -0.399918
v 0.312132 0.078077 -0.394903
v 0.320638 0.078158 -0.377962
v 0.307184 0.078183 -0.372483
v 0.312346 0.077999 -0.355435
v 0.316379 0.079269 -0.329154
v 0.324777 0.078034 -0.332887
v 0.310923 0.077929 -0.332788
v 0.314356 0.079069 -0.331405
v 0.178228 0.076149 -0.492783
v 0.186430 0.073284 -0.492016
v 0.175634 0.077729 -0.487283
v 0.159509 0.079208 -0.496079
v 0.171874 0.079013 -0.495012
v 0.066807 0.079184 -0.496079
v 0.072056 0.079232 -0.492487
v 0.067543 0.079236 -0.488220
v 0.021714 0.079201 -0.488435
v 0.020013 0.077141 -0.496533
v 0.026963 0.073596 -0.493450
v -0.017712 0.079170 -0.480784
v -0.025772 0.077601 -0.484317
v -0.035413 0.076963 -0.480404
v -0.053698 0.079299 -0.481255
v -0.043922 0.077999 -0.485706
v -0.047015 0.079211 -0.492641
v 0.114939 0.079239 -0.493132
v -0.156332 0.075097 -0.492182
v -0.152485 0.078588 -0.487245
v -0.167112 0.079234 -0.489686
v -0.156176 0.078558 -0.494554
v -0.109985 0.072539 -0.492490
v -0.101254 0.076285 -0.484985
v -0.107117 0.078334 -0.483939
v -0.285039 0.078961 -0.482521
v -0.241135 0.079120 -0.489212
v -0.238645 0.079325 -0.493194
v -0.227509 0.079403 -0.491500
v -0.294453 0.073721 -0.493861
v 0.210466 0.079216 -0.494114
v 0.215528 0.075728 -0.495077
v 0.209202 0.077610 -0.489610
v 0.220289 0.078234 -0.488220
v 0.292429 0.079497 -0.493670
v 0.289049 0.079224 -0.496079
v 0.278532 0.079517 -0.495253
v -0.144260 0.081853 -0.488603
v -0.141192 0.079252 -0.491658
v -0.138736 0.079244 -0.488220
v -0.258393 0.079918 -0.479311
v -0.248096 0.082189 -0.482986
v 0.318644 0.076158 -0.491391
v 0.311273 0.079440 -0.495818
v 0.320308 0.077318 -0.494758
v 0.158741 0.077569 -0.488237
v 0.164909 0.074226 -0.489848
v -0.078248 0.080054 -0.485000
v -0.136219 0.077964 -0.465505
v -0.133825 0.078010 -0.469557
v -0.130878 0.078009 -0.462681
v -0.288044 0.078068 -0.471399
v -0.287633 0.078932 -0.481055
v -0.314811 0.077866 -0.471399
v -0.327240 0.078055 -0.483474
v -0.329311 0.076639 -0.379420
v -0.320889 0.077890 -0.385940
v -0.256403 0.079366 -0.459508
v -0.243970 0.086888 -0.467535
v -0.248695 0.081100 -0.460995
v -0.231071 0.077888 -0.462668
v -0.231562 0.077975 -0.467592
v -0.223239 0.078196 -0.463309
v -0.078687 0.078266 -0.463612
v -0.309899 0.079022 -0.292684
v -0.303023 0.079011 -0.277643
v -0.309899 0.079027 -0.248052
v -0.299544 0.078811 -0.254221
v -0.300591 0.079571 -0.246171
v -0.310114 0.077488 -0.228349
v -0.314906 0.077878 -0.230742
v -0.303171 0.078065 -0.225381
v -0.324694 0.078970 -0.289973
v 0.014500 0.078120 -0.468575
v 0.015536 0.081060 -0.463076
v -0.007601 0.079000 -0.461576
v -0.008092 0.078401 -0.467592
v -0.003414 0.075075 -0.468777
v -0.303466 0.081762 -0.223388
v -0.298921 0.079517 -0.224981
v -0.301809 0.077501 -0.208232
v -0.299061 0.079729 -0.209089
v 0.327348 0.077767 0.438322
v 0.327358 0.077866 -0.392459
v 0.314305 0.079456 0.347706
v 0.326634 0.077972 0.356649
v -0.308479 0.078931 0.496141
v -0.305724 0.078274 0.494064
v -0.321442 0.078157 0.495114
v 0.325876 0.079096 0.015693
v 0.326370 0.078932 -0.312990
v 0.179059 0.078303 -0.497558
v 0.269902 0.078286 -0.497558
v -0.304717 0.086343 -0.235058
v -0.316405 0.086360 0.234970
v -0.305003 0.086266 0.242608
v -0.304910 0.086072 -0.262578
v -0.346033 0.086426 0.152193
v -0.320562 0.084247 0.233517
v -0.328555 0.086222 0.228935
v -0.348958 0.086782 0.228274
v -0.349074 0.086941 0.168959
v -0.344548 0.086397 -0.218620
v -0.320397 0.086498 -0.230856
v -0.347222 0.086860 -0.195075
v -0.340551 0.087847 -0.230970
v -0.348663 0.087220 0.164103
v -0.346512 0.087218 0.165213
v -0.328180 0.086190 0.232284
v -0.347587 0.088485 -0.209964
v -0.317086 0.085657 -0.260783
v -0.348218 0.087337 -0.179410
v -0.318616 0.088304 -0.241785
v -0.316369 0.086228 0.314876
v -0.320605 0.086866 0.321435
v -0.305187 0.086054 0.309022
v -0.302883 0.086182 0.473407
v -0.306536 0.086358 0.496151
v -0.347288 0.087268 0.445974
v -0.346583 0.087131 0.500921
v -0.348893 0.087296 0.447246
v -0.346134 0.086519 0.382469
v -0.347742 0.087263 0.385364
v -0.345058 0.087507 0.331156
v -0.343384 0.086061 0.325673
v -0.328769 0.088365 0.324011
v -0.347035 0.087740 0.408961
v -0.345937 0.086223 0.431576
v -0.282609 0.086333 0.495835
v -0.298947 0.087491 0.473198
v -0.259863 0.086038 0.472404
v -0.258188 0.088328 0.467153
v -0.277136 0.086263 0.496444
v -0.181868 0.087522 0.501975
v -0.216232 0.086395 0.473977
v -0.151424 0.086999 0.500676
v -0.074858 0.086406 0.498237
v -0.053437 0.086215 0.497818
v -0.036141 0.086962 0.498422
v -0.063750 0.086398 0.472418
v -0.006667 0.086157 0.498021
v 0.022020 0.086385 0.476832
v 0.002201 0.085989 0.499558
v 0.010758 0.087402 0.498079
v 0.047652 0.086196 0.491117
v 0.069775 0.086327 0.496243
v 0.071132 0.086596 0.472408
v 0.126969 0.086281 0.496417
v 0.130074 0.086118 0.495350
v 0.156127 0.087103 0.497286
v 0.181599 0.086349 0.497927
v 0.217897 0.086776 0.498268
v 0.225552 0.086215 0.472943
v 0.237865 0.086303 0.495786
v 0.225695 0.087888 0.498899
v 0.260063 0.086436 0.496721
v 0.280008 0.086538 0.497666
v 0.299824 0.085738 0.495634
v 0.304899 0.085840 0.496931
v 0.346733 0.086922 0.500466
v 0.336258 0.086015 0.325450
v 0.290546 0.086151 0.462919
v 0.321779 0.086386 0.321003
v 0.321785 0.086365 0.233523
v 0.335715 0.086530 0.232135
v 0.335897 0.085959 0.228657
v 0.347161 0.086697 0.080091
v 0.339765 0.086310 0.080698
v 0.335930 0.086342 0.081193
v 0.302133 0.086160 0.410359
v 0.302336 0.086230 -0.000548
v 0.335213 0.086415 0.074859
v 0.335167 0.086592 -0.069206
v 0.336580 0.087481 -0.075744
v 0.347243 0.086594 -0.080057
v 0.346933 0.086538 -0.228491
v 0.335680 0.087027 -0.231194
v 0.320374 0.086238 -0.242539
v 0.335952 0.086100 -0.325300
v 0.302041 0.086256 -0.464869
v 0.278877 0.085892 -0.498175
v 0.192974 0.087598 -0.497608
v 0.163342 0.085705 -0.498356
v 0.150886 0.086312 -0.498193
v 0.129935 0.086852 -0.498332
v 0.111929 0.086026 -0.498198
v 0.080819 0.086117 -0.498195
v 0.091787 0.086427 -0.498552
v 0.065698 0.086565 -0.498760
v 0.042272 0.086734 -0.498708
v -0.009007 0.086140 -0.463022
v -0.073713 0.086806 -0.496856
v -0.058183 0.087407 -0.497183
v -0.050534 0.087751 -0.497455
v -0.089718 0.087925 -0.497405
v -0.182188 0.086399 -0.496221
v -0.105298 0.086936 -0.497403
v -0.081758 0.087158 -0.496363
v -0.121114 0.087007 -0.497608
v -0.137548 0.086138 -0.498685
v -0.164386 0.086444 -0.497939
v -0.176883 0.085968 -0.496274
v -0.202153 0.086193 -0.497904
v -0.246790 0.086103 -0.497767
v -0.293156 0.086470 -0.498255
v -0.316423 0.086720 -0.313063
v -0.305133 0.086069 -0.308018
v -0.303260 0.085737 -0.310769
v -0.319730 0.086221 -0.313593
v -0.328160 0.086125 -0.321853
v -0.328528 0.086187 -0.325113
v -0.349407 0.086534 -0.325218
v -0.343410 0.086539 -0.385574
v -0.348508 0.087798 -0.380472
v -0.346256 0.086485 -0.413279
v -0.346216 0.086342 -0.411768
v -0.331093 0.086506 -0.498106
v 0.294343 0.086306 0.433019
v 0.297823 0.087327 0.417606
v 0.290506 0.086343 0.469771
v 0.281166 0.086391 0.472618
v 0.287405 0.084148 0.436501
v 0.190262 0.086276 0.476014
v 0.158277 0.086688 0.475645
v 0.105923 0.086353 0.473957
v 0.063977 0.086485 0.472293
v 0.048721 0.086354 0.472475
v 0.052200 0.086474 0.468826
v 0.027389 0.086705 0.472814
v -0.127715 0.086289 0.473169
v -0.163155 0.086689 0.475372
v -0.231985 0.086252 0.472453
v -0.069158 0.086022 0.497777
v -0.348579 0.085892 -0.414306
v -0.299647 0.083480 0.495400
v 0.347084 0.086779 0.325647
v 0.335838 0.086929 0.322556
v -0.134190 0.087433 -0.498877
v 0.328014 0.086452 -0.233364
v 0.059886 0.086189 0.468973
v -0.053190 0.086255 0.501260
v 0.169947 0.086310 0.497993
v -0.348841 0.087652 -0.500095
v -0.043248 0.085961 -0.496308
v 0.311936 0.087406 -0.498301
v -0.348757 0.087940 0.432769
v -0.321731 0.087522 0.501285
v -0.189365 0.087624 -0.498365
v 0.194772 0.086006 -0.498017
v -0.348934 0.087028 0.382819
v 0.293062 0.085404 0.428875
v -0.347652 0.087824 -0.381494
v -0.045115 0.086724 0.500646
v -0.148003 0.090034 -0.497696
v 0.298966 0.085664 0.399422
v -0.348676 0.087852 -0.420847
v -0.287725 0.089271 0.499281
v -0.106772 0.084302 -0.498315
v -0.319660 0.086524 0.315611
v -0.348532 0.085591 -0.410567
v 0.347019 0.086355 -0.325750
v -0.077019 0.088743 0.501526
v -0.347508 0.088911 -0.202276
v 0.339151 0.087248 -0.500391
v -0.349146 0.087125 0.496550
v -0.068186 0.085385 0.499959
v -0.059638 0.086066 0.499814
v 0.323355 0.086861 -0.239336
v -0.347172 0.087248 -0.420259
v -0.348284 0.087497 0.152392
v 0.321757 0.087569 -0.256212
v -0.175215 0.085792 -0.496232
v 0.300775 0.085754 -0.428908
v -0.349096 0.084847 -0.191538
v -0.062377 0.086840 -0.498766
v -0.082593 0.086178 -0.497987
v 0.335636 0.086388 -0.321911
v -0.349556 0.085218 0.329887
v -0.316816 0.084808 0.310678
v -0.183351 0.085264 -0.499882
v -0.316972 0.084715 -0.299148
v 0.346913 0.086714 0.228633
v -0.041673 0.085708 -0.496273
v -0.306030 0.087806 0.500001
v -0.328972 0.088077 -0.231141
v -0.315929 0.083999 0.298150
v -0.043343 0.086680 -0.498243
v 0.335971 0.086319 -0.079654
v -0.304493 0.086673 -0.257920
v 0.334324 0.089251 -0.063576
v -0.303245 0.085707 0.314606
v 0.300789 0.085719 0.397220
v 0.226753 0.088596 0.459970
v -0.316108 0.083814 -0.282832
v -0.174880 0.085746 -0.498012
v -0.075231 0.084734 -0.498619
v 0.306610 0.086122 0.501399
v -0.247795 0.087383 -0.499122
v -0.292395 0.085666 0.497284
v -0.293465 0.086954 0.495924
v -0.303353 0.085736 0.239349
v -0.303228 0.085698 -0.234154
v -0.347404 0.089574 -0.404999
v 0.078433 0.086484 0.472410
v 0.076112 0.088209 0.470749
v -0.343398 0.085571 -0.228136
v 0.291340 0.087616 0.433398
v -0.347166 0.088630 0.414363
v -0.253917 0.086827 0.465253
v -0.253381 0.086033 0.472296
v -0.348789 0.086938 0.392808
v -0.346165 0.085827 0.391851
v -0.345831 0.085629 -0.388066
v -0.347806 0.085774 -0.388065
v -0.234801 0.089078 0.464997
v 0.286015 0.087882 0.401937
v 0.283472 0.088604 0.406974
v 0.229493 0.086083 0.472580
v 0.299266 0.085420 -0.430133
v -0.142961 0.087083 0.501127
v -0.345987 0.086081 -0.191915
v 0.289263 0.089062 0.431559
v -0.282607 0.086283 0.501265
v -0.277645 0.087190 0.502222
v 0.346911 0.089672 -0.501549
v 0.322560 0.089961 0.320632
v 0.323105 0.089537 0.234371
v 0.331011 0.091560 0.234983
v 0.321500 0.086830 0.234519
v 0.321411 0.086848 0.321425
v 0.322971 0.089618 0.320694
v -0.349259 0.133483 0.503299
v -0.348436 0.150882 0.499393
v -0.345753 0.125474 0.501841
v -0.348787 0.099174 0.502851
v -0.349150 0.093140 0.501100
v -0.345016 0.096558 0.501918
v -0.345671 0.046868 0.233453
v -0.346656 0.073728 0.234714
v -0.345678 0.094600 -0.059802
v -0.345674 0.123338 0.229068
v -0.345628 0.213791 -0.104915
v -0.345700 0.208818 -0.116925
v -0.345963 0.120731 0.233150
v -0.345662 0.213820 0.348720
v -0.346128 0.123819 0.320995
v -0.345720 0.208429 0.494984
v -0.345496 0.213994 0.454437
v -0.345770 0.211617 0.491505
v -0.344222 0.122342 0.325492
v -0.345619 0.094631 0.325910
v -0.345868 0.119924 -0.232552
v -0.345669 0.213853 -0.298370
v -0.345445 0.118894 -0.228987
v -0.345638 0.098157 -0.228420
v -0.345566 0.213833 -0.452443
v -0.345858 0.123790 -0.325241
v -0.345694 0.123581 -0.321204
v -0.345412 0.213454 -0.497395
v -0.345659 0.162609 -0.497507
v -0.345497 0.094577 -0.497630
v -0.345286 0.213256 0.497367
v -0.346282 0.121032 -0.320910
v -0.346575 0.046871 -0.321070
v -0.346720 0.046933 -0.235761
v -0.346219 0.094354 -0.232918
v -0.346637 0.046849 0.321385
v -0.346820 0.072815 0.237586
v -0.344151 0.214080 0.440195
v -0.345340 0.213282 0.489644
v -0.346146 0.098101 -0.232195
v -0.345533 0.045553 -0.233171
v -0.342021 0.125421 0.231548
v -0.345525 0.116751 -0.229647
v -0.173565 0.216055 0.497907
v -0.111345 0.094524 0.497953
v -0.186282 0.211897 0.498011
v -0.255383 0.094748 0.497612
v -0.318600 0.213686 0.497791
v -0.312704 0.216713 0.496680
v -0.345444 0.213243 0.497849
v -0.009232 0.217036 0.497604
v 0.068436 0.216864 0.497556
v 0.102856 0.217214 0.497597
v 0.103537 0.208049 0.498026
v 0.191311 0.215143 0.497992
v 0.191311 0.123571 0.498004
v 0.191311 0.145050 0.498004
v 0.207353 0.214743 0.497976
v 0.246597 0.145685 0.498005
v 0.247845 0.217011 0.497420
v 0.312444 0.214057 0.497711
v 0.343158 0.184298 0.497945
v 0.343229 0.094581 0.497635
v 0.111441 0.094544 0.497916
v 0.329116 0.211568 0.495423
v 0.026441 0.094803 0.496294
v 0.325305 0.211753 0.494958
v 0.310970 0.217248 0.497555
v 0.318929 0.213973 0.495901
v -0.329774 0.094565 0.232483
v -0.303039 0.094446 -0.078447
v -0.329828 0.094572 -0.232176
v -0.303122 0.094429 0.189614
v -0.320307 0.094081 0.320455
v -0.300964 0.094217 0.464024
v -0.329825 0.094438 0.485889
v -0.345553 0.094488 0.325392
v -0.334368 0.094472 0.485517
v -0.330123 0.094207 0.321729
v -0.320177 0.094131 -0.321167
v -0.329913 0.094431 -0.486255
v 0.327543 0.094335 -0.486242
v 0.343181 0.094286 -0.497607
v 0.332353 0.094023 -0.485315
v 0.332298 0.094591 -0.321414
v 0.343318 0.094491 -0.321737
v 0.247747 0.094521 -0.462658
v 0.029529 0.094387 -0.462664
v -0.012225 0.094396 -0.462626
v -0.301153 0.094119 -0.458661
v -0.269843 0.094388 -0.458742
v -0.249661 0.094289 -0.462393
v -0.243539 0.094156 -0.462715
v -0.277198 0.095538 -0.447154
v -0.294285 0.093647 -0.444069
v -0.011421 0.093733 -0.451490
v 0.252972 0.094299 -0.462414
v 0.294548 0.093936 -0.458905
v 0.300616 0.094177 -0.432848
v 0.300594 0.094105 0.091836
v 0.327293 0.094678 -0.012083
v 0.326513 0.095882 0.002600
v 0.325996 0.095553 0.016626
v 0.327005 0.094886 0.046662
v 0.327410 0.094596 0.314264
v 0.300623 0.094386 0.400913
v 0.327503 0.094476 0.486065
v 0.296301 0.093559 0.435711
v 0.294649 0.094528 0.467432
v 0.275608 0.093827 0.470576
v 0.263215 0.094176 0.472439
v 0.238081 0.094145 0.471855
v 0.226535 0.094357 0.476528
v 0.103648 0.093578 0.474175
v 0.026365 0.094332 0.497451
v 0.066266 0.094156 0.471056
v 0.025452 0.094326 0.470144
v 0.029468 0.094267 0.472080
v -0.037586 0.093946 0.459415
v -0.043726 0.093965 0.468711
v -0.059851 0.094200 0.472531
v -0.108060 0.094356 0.474916
v -0.233348 0.094407 0.471660
v -0.345531 0.094446 0.497602
v -0.256067 0.094403 0.472088
v -0.263402 0.094813 0.463569
v -0.295089 0.094176 0.462674
v -0.298751 0.094356 0.472168
v -0.294903 0.094202 0.472382
v -0.257994 0.093644 0.465221
v -0.098251 0.093908 0.472662
v 0.025177 0.094199 0.463077
v 0.040889 0.094373 0.470137
v 0.033417 0.094507 0.470863
v 0.052940 0.093833 0.472233
v 0.332355 0.094579 0.485846
v 0.332307 0.094523 0.321335
v 0.343200 0.094403 0.321979
v 0.241677 0.093916 -0.459321
v 0.077617 0.093666 0.471602
v 0.084350 0.092993 0.472500
v 0.015516 0.094156 -0.462515
v 0.286740 0.094259 0.468548
v -0.259096 0.091442 0.460857
v 0.089770 0.093428 0.472226
v -0.290782 0.094735 -0.458314
v -0.334531 0.094514 -0.485958
v -0.334842 0.094586 -0.325736
v 0.253696 0.093739 -0.459248
v -0.284630 0.093028 -0.443772
v -0.252361 0.092667 -0.450253
v -0.254529 0.093114 -0.438178
v 0.054482 0.094864 0.471365
v 0.256319 0.094794 0.469743
v 0.262502 0.093736 0.465062
v -0.255828 0.093872 -0.450792
v 0.052636 0.092421 0.469743
v 0.273325 0.091266 0.460856
v -0.055856 0.092953 0.469557
v -0.093804 0.093799 0.469578
v -0.265928 0.092024 -0.450104
v 0.246724 0.092992 -0.459366
v 0.276706 0.093695 0.463816
v -0.269147 0.092002 -0.453049
v 0.062029 0.093202 0.468205
v 0.257164 0.093306 0.464673
v -0.294278 0.093261 -0.450355
v 0.043562 0.091789 0.465959
v 0.055718 0.093375 0.464833
v 0.072593 0.092388 0.472728
v -0.234049 0.090062 0.465537
v -0.096694 0.089542 0.464058
v 0.059100 0.091243 0.460621
v 0.294939 0.093531 0.405898
v 0.294247 0.091300 0.404132
v 0.284487 0.090804 0.442339
v -0.064113 0.092889 0.471270
v -0.067572 0.094214 0.472336
v -0.043575 0.095013 0.462898
v -0.055571 0.090849 0.461478
v 0.029828 0.093603 0.459255
v 0.220446 0.092325 0.475068
v 0.225624 0.093569 0.472500
v 0.230967 0.097060 0.466289
v 0.243394 0.094009 0.470373
v 0.242669 0.092565 0.459736
v 0.238226 0.092113 0.460857
v 0.296299 0.092241 -0.435617
v -0.273188 0.092387 -0.438546
v -0.133836 0.092885 0.474567
v -0.102630 0.093605 0.471439
v -0.104739 0.090832 0.461117
v 0.018245 0.091429 -0.461946
v 0.229636 0.093636 0.472662
v -0.220462 0.092511 0.475010
v -0.246561 0.090302 -0.463044
v -0.255580 0.094564 -0.458378
v 0.239359 0.093795 -0.462836
v -0.297305 0.091325 0.460140
v -0.038315 0.092591 0.459424
v 0.028406 0.092992 -0.459597
v 0.030526 0.092841 0.461957
v 0.296934 0.092150 0.461754
v -0.301355 0.093714 0.275726
v 0.008144 0.091461 -0.452589
v 0.241978 0.092957 -0.460125
v 0.238240 0.093650 -0.461120
v 0.237196 0.089771 -0.459172
v 0.163222 0.089645 -0.459975
v 0.160893 0.090998 -0.462129
v 0.121660 0.089709 -0.459972
v 0.031716 0.088520 -0.459905
v 0.029719 0.091227 -0.462083
v 0.217677 0.091854 -0.461830
v 0.206915 0.089599 -0.459889
v 0.028845 0.089987 -0.459499
v 0.286688 0.090099 0.434850
v 0.292655 0.090193 0.462763
v 0.289667 0.091452 0.433699
v 0.295882 0.089426 0.433371
v 0.286338 0.089763 0.441087
v 0.286839 0.090611 0.462383
v 0.296287 0.090850 0.457646
v 0.284267 0.088323 0.430221
v 0.332084 0.213441 -0.099988
v 0.332086 0.213315 0.210938
v 0.343154 0.213522 -0.130844
v 0.343132 0.213522 0.318034
v 0.332196 0.213097 0.481499
v 0.342900 0.212405 0.481287
v 0.332200 0.213198 -0.479862
v 0.343092 0.213797 -0.451268
v 0.343094 0.212756 -0.481473
v 0.331976 0.212829 -0.487025
v 0.343217 0.212721 -0.494177
v 0.343422 0.213823 -0.497396
v 0.316578 0.213189 -0.489221
v 0.309185 0.213288 -0.492599
v 0.286769 0.212941 -0.497288
v 0.342978 0.207743 0.486355
v 0.332629 0.210701 0.486222
v 0.326754 0.213237 0.488728
v -0.339182 0.213262 0.488622
v -0.201106 0.210392 0.487945
v -0.339500 0.210485 0.488021
v 0.326335 0.210497 0.487668
v 0.331391 0.206439 0.487455
v 0.342475 0.212211 0.487768
v 0.332820 0.210132 0.486330
v 0.344254 0.210637 0.485639
v -0.334635 0.213353 0.481090
v -0.345735 0.214020 0.460085
v -0.341547 0.212928 0.483756
v -0.340245 0.213258 0.488618
v -0.344574 0.213433 0.476046
v -0.316958 0.214717 0.497493
v -0.282007 0.215987 0.497428
v -0.280185 0.213894 0.494066
v -0.250765 0.215999 0.491803
v -0.266035 0.217046 0.496909
v -0.240629 0.213920 0.494049
v -0.236166 0.213592 0.490992
v -0.192023 0.213886 0.494065
v -0.170195 0.217061 0.496773
v -0.159600 0.213937 0.494031
v -0.191172 0.211517 0.489253
v -0.126839 0.214633 0.495116
v -0.158261 0.215685 0.496109
v -0.183921 0.213895 0.494064
v -0.268691 0.214916 0.496184
v -0.116969 0.214667 0.491709
v -0.050647 0.214975 0.494488
v -0.003470 0.214044 0.494773
v -0.038553 0.216993 0.496847
v -0.011507 0.216784 0.497227
v -0.048603 0.216939 0.497048
v 0.006147 0.216617 0.496918
v -0.125575 0.213534 0.490175
v -0.345005 0.213598 0.438907
v -0.339549 0.214879 0.416509
v -0.345384 0.213756 0.342264
v -0.334500 0.213332 0.404430
v -0.337805 0.214913 0.360778
v -0.334503 0.213308 0.363051
v -0.334485 0.213405 0.236957
v -0.345076 0.214299 0.276691
v -0.345392 0.213792 0.272848
v -0.337806 0.214543 0.202651
v -0.345389 0.213779 0.081237
v -0.338105 0.213865 0.234456
v -0.345197 0.214415 0.333488
v -0.345207 0.214369 0.069248
v -0.345360 0.214280 0.004117
v -0.334604 0.213398 0.033293
v -0.344640 0.213149 -0.093860
v -0.334624 0.213284 -0.162636
v -0.345474 0.214179 -0.134112
v -0.345547 0.214092 -0.275685
v -0.338124 0.214443 -0.352868
v -0.345635 0.214522 -0.450732
v -0.340815 0.214147 -0.390851
v -0.334500 0.213305 -0.358313
v -0.334493 0.213341 -0.389576
v -0.334680 0.212448 -0.475801
v -0.338562 0.214191 -0.487806
v -0.334509 0.213304 0.413148
v -0.198901 0.213572 0.490626
v -0.334710 0.213019 0.224310
v 0.008843 0.214545 0.494454
v 0.043033 0.216656 0.496325
v 0.122542 0.213243 0.488657
v 0.145495 0.214499 0.495373
v 0.125069 0.213571 0.491117
v 0.154423 0.215514 0.495557
v 0.141513 0.216564 0.496845
v 0.271618 0.213272 0.488677
v 0.264491 0.213549 0.491117
v 0.214644 0.218017 0.496120
v 0.300233 0.216959 0.496994
v 0.312055 0.214398 0.497693
v 0.317348 0.213307 0.488893
v 0.274683 0.213622 0.491240
v 0.330652 0.212081 0.496671
v 0.342976 0.213125 0.486924
v 0.343024 0.213416 0.496694
v 0.082406 0.214127 0.497851
v 0.203154 0.215814 0.496351
v -0.320570 0.214214 -0.497503
v -0.329436 0.212522 -0.488853
v -0.309420 0.212703 -0.495718
v -0.277552 0.214258 -0.489912
v -0.272608 0.216306 -0.497400
v -0.305371 0.214731 -0.492645
v -0.317521 0.213847 -0.489641
v -0.207895 0.215891 -0.496083
v -0.222783 0.213617 -0.491082
v -0.178050 0.214799 -0.488896
v -0.200807 0.213598 -0.494602
v -0.170154 0.212511 -0.493544
v -0.203362 0.216094 -0.497728
v -0.168024 0.211037 -0.496866
v -0.334342 0.211954 -0.486280
v -0.339368 0.213934 0.417661
v -0.335755 0.213246 0.405940
v -0.334497 0.213351 0.346573
v -0.337894 0.213777 0.202418
v -0.334497 0.213342 0.191030
v -0.334500 0.213315 0.207239
v -0.334492 0.213367 0.044609
v -0.334493 0.213377 -0.259027
v -0.339813 0.214102 -0.289669
v -0.334492 0.213347 -0.287475
v -0.338017 0.213857 -0.352849
v -0.334501 0.213306 -0.349718
v 0.131565 0.213261 0.488608
v 0.273267 0.212835 0.490041
v 0.267935 0.213886 0.494088
v -0.134807 0.213276 0.488649
v -0.209591 0.213279 0.488648
v -0.310659 0.214628 -0.495149
v -0.317508 0.212562 -0.489938
v -0.304649 0.214016 -0.493068
v -0.345390 0.213760 -0.004708
v -0.345391 0.213747 -0.125781
v 0.099522 0.216689 0.497212
v -0.343738 0.220428 0.490756
v -0.335697 0.224199 0.485035
v -0.333650 0.219235 0.490191
v -0.346141 0.220556 0.495295
v -0.346511 0.225222 0.495977
v -0.342866 0.218117 0.488474
v -0.346119 0.224731 0.487356
v 0.065851 0.218955 0.489689
v 0.158732 0.217551 0.489925
v 0.320900 0.217405 0.490386
v 0.314307 0.221783 0.499692
v 0.325486 0.218882 0.494161
v 0.341842 0.219937 0.491475
v 0.341885 0.221371 0.500903
v 0.309510 0.221279 0.496261
v 0.288203 0.219096 0.496164
v 0.127330 0.220672 0.492965
v 0.241334 0.220741 0.492924
v -0.012658 0.220617 0.493187
v -0.162221 0.218842 0.491835
v -0.124557 0.220642 0.492992
v -0.112044 0.218488 0.491479
v -0.088166 0.220564 0.492790
v -0.187855 0.218344 0.491596
v -0.290403 0.220933 0.492866
v -0.319479 0.218496 0.491293
v -0.319913 0.218776 0.495075
v -0.322140 0.223759 0.497149
v -0.344790 0.220736 0.493946
v -0.346005 0.225196 0.495866
v 0.341457 0.218794 0.495198
v 0.341285 0.225970 0.498760
v 0.346958 0.223053 0.486505
v 0.341999 0.220196 0.488187
v -0.079825 0.218990 -0.495331
v 0.000154 0.220998 -0.498595
v 0.044170 0.218389 -0.497810
v -0.096651 0.220724 -0.500381
v 0.047651 0.221188 -0.496746
v -0.136759 0.218966 -0.495397
v -0.183181 0.221053 -0.497852
v -0.181431 0.218490 -0.497543
v -0.349409 0.219741 0.466696
v -0.348986 0.222511 0.482784
v -0.347870 0.220466 0.464561
v -0.348519 0.218272 0.356110
v -0.338191 0.218427 -0.466595
v -0.340245 0.220294 -0.470345
v -0.342001 0.217669 -0.464593
v -0.347822 0.219948 -0.466098
v -0.348579 0.220143 -0.470267
v 0.345595 0.218452 -0.240800
v 0.347201 0.218614 -0.240281
v 0.346277 0.219239 -0.255284
v 0.088937 0.217553 0.182588
v 0.069443 0.218072 0.181795
v 0.046475 0.217560 0.208259
v 0.050614 0.217548 0.183401
v 0.062416 0.220563 0.179417
v 0.030973 0.220299 0.179562
v 0.038075 0.217546 0.182066
v 0.103765 0.217552 0.178001
v 0.032258 0.217549 0.186502
v 0.084780 0.218814 0.179685
v -0.008829 0.217545 0.196064
v -0.092745 0.217544 0.219830
v -0.102591 0.217544 0.226591
v -0.104525 0.217545 0.240896
v 0.060660 0.217543 0.327467
v -0.162771 0.217546 0.110620
v -0.119114 0.217545 0.098670
v -0.150907 0.217543 0.085695
v -0.061531 0.217545 0.087855
v -0.046908 0.217545 0.033787
v 0.031352 0.217543 -0.006717
v 0.035803 0.217545 0.006728
v -0.002726 0.217544 -0.079968
v 0.039947 0.217545 0.001234
v -0.056700 0.217545 0.039773
v -0.084488 0.217544 0.017111
v 0.010602 0.217546 0.088534
v 0.075340 0.217540 0.050992
v 0.014639 0.217556 0.094337
v -0.046609 0.217544 0.104320
v -0.094790 0.217545 0.013309
v -0.009831 0.217546 0.096956
v -0.002183 0.217547 0.089992
v -0.121474 0.217544 -0.056367
v -0.114056 0.217546 0.109745
v 0.136958 0.217547 -0.069251
v 0.140892 0.217548 -0.061034
v -0.064344 0.217546 0.039865
v -0.105699 0.217545 -0.078954
v -0.097971 0.217545 0.019896
v -0.121109 0.217546 0.034878
v 0.161776 0.217545 -0.055209
v 0.126419 0.217546 -0.071118
v -0.086215 0.217544 -0.056353
v 0.009788 0.217548 0.088450
v 0.005103 0.217520 0.134730
v 0.118463 0.217547 -0.074010
v 0.124485 0.217546 -0.082552
v 0.112959 0.217544 -0.104040
v 0.092730 0.217542 -0.136977
v 0.099069 0.217546 -0.099957
v 0.128933 0.217548 -0.078133
v 0.111869 0.217541 -0.122811
v -0.101517 0.217543 -0.070458
v 0.105010 0.217546 0.031875
v -0.002706 0.217544 -0.080561
v 0.130241 0.217542 -0.141879
v 0.132712 0.217542 -0.150345
v -0.109118 0.217546 0.104921
v 0.084795 0.217546 0.042520
v -0.009118 0.217549 0.108012
v 0.005676 0.217909 0.177749
v -0.159924 0.217542 0.084781
v -0.128999 0.217544 0.024806
v 0.098792 0.217542 -0.131590
v 0.110111 0.217542 -0.107907
v 0.188311 0.217548 -0.086550
v 0.169317 0.217549 -0.080864
v 0.164180 0.217547 -0.066003
v -0.122283 0.217544 -0.063996
v 0.092758 0.217558 0.097116
v -0.101010 0.217545 0.125554
v -0.107119 0.217546 0.126874
v -0.285451 0.217538 0.072828
v 0.125431 0.218011 0.129330
v 0.165502 0.217789 0.133626
v 0.113468 0.218229 0.134156
v 0.161920 0.217552 0.086769
v 0.140975 0.217550 -0.063708
v -0.167146 0.217546 0.103504
v 0.179650 0.217548 -0.082620
v -0.095230 0.217545 -0.146585
v -0.227480 0.217544 -0.014360
v -0.218163 0.217545 -0.070059
v -0.183567 0.217546 0.025583
v 0.020854 0.217545 -0.143960
v 0.020386 0.217544 -0.154835
v 0.066953 0.217544 -0.224158
v -0.258667 0.217542 0.130711
v -0.057416 0.217545 -0.216493
v -0.067336 0.217547 -0.227347
v -0.150865 0.217546 -0.264228
v -0.114904 0.217546 -0.223952
v -0.110725 0.217542 -0.187961
v -0.233189 0.217547 -0.172201
v -0.120834 0.217545 -0.185794
v -0.215724 0.217545 0.010975
v -0.221816 0.217543 -0.006594
v 0.001539 0.217543 0.366912
v 0.049667 0.217543 0.325575
v 0.054712 0.217544 0.335364
v -0.136533 0.217546 -0.272894
v -0.177091 0.217549 -0.424541
v -0.212092 0.217545 -0.063577
v -0.093384 0.217545 0.239106
v -0.004782 0.217545 0.284958
v -0.142704 0.217544 0.283786
v -0.325684 0.217572 -0.013077
v 0.218662 0.217547 -0.141888
v 0.144717 0.217544 -0.195271
v 0.144381 0.217541 -0.149419
v 0.160214 0.217545 -0.195825
v 0.023233 0.217550 -0.307403
v 0.166935 0.217546 -0.208687
v 0.281228 0.217526 -0.071399
v 0.165465 0.217546 -0.060497
v 0.240873 0.217549 -0.195697
v -0.008575 0.217552 0.187251
v -0.190976 0.217547 -0.224959
v -0.223740 0.217543 -0.008486
v 0.117302 0.217546 0.306448
v 0.110465 0.217544 0.297606
v 0.283032 0.217534 -0.199275
v -0.241435 0.217543 0.167997
v -0.222687 0.217545 0.197352
v -0.306971 0.217533 0.249417
v 0.051169 0.217545 0.382376
v 0.074619 0.217542 0.325495
v -0.017986 0.217549 0.193417
v -0.247079 0.217544 -0.305960
v -0.181343 0.217546 -0.349227
v 0.231923 0.217549 -0.106419
v 0.272791 0.217535 0.143527
v 0.244614 0.217541 0.154248
v -0.212870 0.217545 0.195673
v 0.071963 0.218238 0.178199
v -0.140325 0.217546 -0.277144
v 0.057751 0.217547 0.375177
v -0.116501 0.217543 0.238513
v -0.198339 0.217544 0.352615
v -0.263440 0.217537 0.313048
v -0.273359 0.217534 0.307405
v -0.259144 0.217542 0.291816
v 0.204480 0.217544 0.236798
v 0.212992 0.217544 0.262822
v 0.106266 0.217544 0.268765
v 0.341949 0.217901 0.088799
v 0.332410 0.217558 -0.000402
v 0.339033 0.216859 0.016846
v 0.336321 0.217560 0.042090
v 0.343706 0.219062 0.014398
v 0.346624 0.219809 0.045197
v 0.347167 0.219740 0.007356
v 0.093328 0.217556 0.114289
v 0.110903 0.218345 0.131769
v 0.081307 0.217558 0.122131
v -0.188019 0.217545 -0.365665
v 0.073192 0.217547 -0.243754
v 0.125744 0.217548 -0.297903
v 0.030551 0.217549 -0.262370
v 0.026328 0.217548 -0.254970
v 0.036939 0.217549 -0.307275
v 0.078927 0.217546 -0.228665
v 0.132804 0.217551 -0.305577
v 0.246150 0.217545 -0.172892
v 0.211272 0.217543 0.229961
v 0.239297 0.217541 0.158929
v 0.280937 0.217527 0.214290
v 0.282848 0.217525 0.201036
v 0.286455 0.217525 0.192856
v 0.085722 0.218220 0.134176
v 0.003769 0.219208 0.158201
v 0.277875 0.217527 0.152076
v 0.226131 0.217549 -0.134786
v 0.327723 0.217575 -0.081838
v -0.119674 0.217548 0.432825
v -0.091553 0.217517 0.480877
v -0.046106 0.217552 0.458312
v 0.094925 0.217546 -0.375380
v 0.098601 0.217545 -0.378909
v 0.081571 0.217544 -0.386308
v 0.023617 0.217546 0.185166
v 0.080033 0.218256 0.130861
v 0.020394 0.217586 0.179733
v -0.261379 0.217541 -0.195417
v 0.038513 0.217537 -0.476594
v -0.055084 0.217563 -0.481234
v -0.340203 0.217999 -0.040944
v -0.050221 0.217899 -0.495869
v 0.343847 0.217688 -0.175993
v 0.285327 0.217523 0.239522
v 0.295563 0.217537 0.295097
v 0.338957 0.217759 0.255631
v 0.342329 0.219379 0.280884
v 0.334510 0.217562 0.355439
v 0.328624 0.217555 0.260058
v -0.250450 0.217543 -0.222474
v -0.242421 0.217545 -0.205515
v -0.239598 0.217546 -0.170392
v -0.245897 0.217545 -0.176744
v 0.344115 0.216960 0.343960
v 0.272518 0.217537 -0.317766
v -0.339336 0.219179 -0.049853
v 0.316994 0.217569 -0.010884
v -0.258556 0.217539 0.149802
v -0.149787 0.217543 0.278545
v -0.333114 0.217511 0.004152
v -0.304254 0.217550 0.065324
v -0.329883 0.217558 0.062626
v -0.128016 0.217551 0.437770
v 0.092592 0.217544 -0.383730
v 0.146983 0.217517 -0.440786
v 0.137352 0.217543 -0.447312
v -0.331333 0.217572 -0.007001
v -0.345109 0.218779 -0.035141
v 0.000645 0.217544 0.375635
v 0.087680 0.217598 0.132583
v -0.280467 0.217532 0.151462
v -0.332860 0.217589 0.157386
v -0.343444 0.218242 0.186113
v -0.345145 0.218767 0.157144
v -0.328256 0.217577 0.148699
v 0.243034 0.217545 -0.185699
v 0.197352 0.217512 0.188674
v 0.184038 0.217815 0.168074
v 0.181801 0.217997 0.177699
v 0.188810 0.217522 0.150771
v 0.184627 0.220549 0.147153
v -0.136772 0.217636 -0.496079
v -0.149846 0.217603 -0.491018
v -0.080094 0.217758 -0.496626
v -0.058556 0.217392 -0.497837
v -0.062924 0.217582 -0.488896
v -0.122306 0.218380 -0.497839
v 0.019434 0.217548 -0.316516
v 0.021353 0.217551 0.438450
v 0.342812 0.218164 -0.002691
v 0.007846 0.217543 0.383380
v 0.057498 0.217545 0.390072
v 0.265149 0.217548 -0.437898
v 0.330612 0.217576 -0.362729
v -0.203363 0.217555 -0.465211
v -0.256207 0.217525 -0.448066
v -0.164552 0.217564 -0.476740
v -0.203396 0.218105 -0.487549
v -0.149449 0.217567 -0.480299
v 0.071432 0.218267 0.134745
v -0.314804 0.217568 0.076021
v 0.036295 0.217552 0.441512
v 0.340168 0.217599 -0.402816
v 0.337058 0.217458 -0.363048
v 0.041794 0.217425 -0.483793
v 0.017502 0.219615 -0.496627
v 0.045796 0.218119 -0.493043
v 0.220918 0.217544 0.261585
v 0.110590 0.217547 -0.391865
v -0.192271 0.217546 -0.236756
v 0.341570 0.217648 -0.394535
v -0.324106 0.217585 -0.090871
v -0.333439 0.217601 -0.135195
v -0.153456 0.217546 0.433423
v -0.217094 0.217529 0.485165
v 0.272687 0.217561 -0.467439
v 0.253440 0.217577 -0.481284
v 0.339672 0.217581 0.139040
v -0.150794 0.218148 -0.497705
v 0.167445 0.217550 0.432994
v 0.158251 0.217555 0.450322
v 0.156348 0.217554 0.458698
v 0.210384 0.217544 0.389364
v -0.157020 0.217531 -0.496501
v -0.136412 0.217543 0.400096
v -0.128760 0.217545 0.425918
v -0.151813 0.217544 0.401422
v -0.212155 0.217548 -0.357389
v -0.205071 0.217547 -0.352757
v -0.313502 0.217561 -0.394042
v -0.273401 0.217540 -0.329244
v -0.214833 0.217606 -0.482864
v -0.221448 0.217547 -0.359910
v -0.216153 0.217546 -0.351499
v -0.223520 0.217547 -0.368320
v -0.190138 0.217547 -0.430446
v -0.211910 0.217548 -0.375196
v 0.224463 0.217548 -0.110778
v -0.303883 0.217541 0.289994
v -0.311681 0.217553 0.305797
v -0.335573 0.217587 0.263587
v -0.276133 0.217533 0.318113
v -0.306461 0.217544 0.312096
v -0.332019 0.217493 0.314281
v -0.342254 0.218376 0.261692
v -0.345118 0.218789 0.259049
v -0.273688 0.217531 0.296209
v 0.100511 0.217548 0.410877
v 0.103497 0.217547 0.425066
v 0.135659 0.217546 0.377264
v 0.133029 0.217554 0.445386
v 0.155572 0.217552 0.441668
v 0.043504 0.217553 0.446435
v 0.075587 0.217554 0.445505
v 0.069299 0.217578 0.490136
v 0.152449 0.217533 0.484761
v 0.041442 0.217271 0.492554
v 0.008901 0.217577 -0.492140
v -0.265512 0.217541 -0.444049
v -0.254244 0.217353 -0.473663
v 0.291811 0.217540 -0.205261
v 0.288174 0.217539 -0.195791
v 0.046317 0.217548 -0.257061
v 0.194522 0.217709 -0.487110
v 0.191370 0.220805 -0.498079
v 0.273203 0.218855 -0.497670
v 0.263455 0.217851 -0.478083
v -0.271299 0.217541 -0.318239
v -0.322563 0.217569 -0.349782
v -0.331784 0.217513 -0.434686
v -0.345099 0.218791 -0.432651
v -0.345094 0.218762 -0.267267
v -0.344876 0.219143 -0.256018
v -0.334632 0.217661 -0.212415
v -0.344769 0.218662 -0.210341
v 0.164943 0.217537 0.477258
v -0.334894 0.217622 0.398973
v -0.339861 0.218003 0.336038
v -0.344830 0.218971 0.368502
v -0.343626 0.218478 0.387921
v -0.286273 0.217550 0.477542
v 0.339167 0.218386 -0.072394
v -0.252190 0.217544 -0.177880
v -0.336176 0.217692 0.382990
v 0.346230 0.215677 -0.375968
v 0.336959 0.217560 -0.349536
v 0.345956 0.217536 -0.384939
v 0.344680 0.219164 -0.224660
v 0.343808 0.217879 -0.209540
v 0.347507 0.217840 -0.208880
v 0.343729 0.219130 -0.363805
v 0.345416 0.215260 -0.333662
v 0.055766 0.217807 -0.488146
v 0.088012 0.217613 -0.485580
v 0.077707 0.216179 -0.490779
v -0.336864 0.217677 -0.150842
v -0.335934 0.217630 0.094800
v 0.338152 0.218609 -0.077542
v 0.345563 0.217318 -0.105446
v 0.281597 0.217537 -0.313535
v 0.298485 0.217549 -0.228548
v 0.343695 0.218132 -0.293532
v 0.284313 0.217533 -0.324626
v 0.336068 0.217446 -0.244648
v 0.330934 0.217567 -0.344276
v 0.345191 0.218999 -0.303360
v 0.005433 0.219314 -0.496938
v 0.345337 0.218498 -0.271553
v -0.318772 0.217571 -0.371623
v 0.338779 0.217562 0.247496
v 0.346245 0.219710 0.223358
v 0.341237 0.218274 0.203099
v 0.346458 0.217206 0.197639
v 0.046528 0.219209 -0.497525
v 0.029106 0.220927 -0.496035
v 0.268513 0.217535 0.393349
v 0.261364 0.217535 0.386541
v -0.141509 0.217555 0.451433
v -0.126462 0.217624 0.490137
v 0.303113 0.217548 0.220662
v 0.021491 0.217544 0.484125
v -0.035670 0.217557 0.447222
v -0.034629 0.217546 0.471334
v 0.045810 0.217555 0.453253
v -0.340863 0.219734 -0.439778
v -0.241292 0.217545 -0.223387
v -0.129397 0.217556 0.455456
v 0.347616 0.221752 0.097440
v 0.032432 0.217216 0.491489
v 0.341837 0.217665 -0.469217
v -0.336084 0.217614 -0.100740
v -0.345141 0.218761 -0.127427
v -0.327719 0.217575 0.073232
v 0.189939 0.223278 0.136473
v 0.344445 0.215357 -0.237601
v -0.344679 0.218632 -0.203365
v -0.344961 0.218728 -0.168403
v 0.040038 0.217616 0.490139
v 0.339974 0.217625 -0.229542
v -0.101554 0.217857 -0.496787
v -0.183622 0.220118 -0.497334
v -0.175531 0.219872 -0.500950
v 0.279860 0.217565 0.490137
v 0.312394 0.217562 0.463038
v 0.316699 0.217546 0.484109
v 0.293939 0.217536 0.306771
v 0.280039 0.217527 0.389801
v 0.258197 0.217521 0.378242
v 0.319026 0.217569 0.375099
v 0.249869 0.217542 0.389171
v 0.211571 0.217546 0.378492
v 0.299730 0.217546 0.311544
v 0.326989 0.217562 0.361333
v 0.337329 0.219707 0.361255
v 0.337987 0.221153 0.376378
v 0.340229 0.218417 0.351288
v -0.252190 0.217680 -0.485765
v 0.343564 0.217655 -0.241495
v -0.288854 0.216923 -0.486601
v -0.300427 0.217846 -0.492749
v -0.178818 0.218760 0.490712
v 0.275604 0.217532 0.397432
v 0.344901 0.218649 0.376615
v 0.337518 0.217593 -0.319789
v 0.344461 0.216334 -0.326874
v -0.249612 0.217541 0.159903
v -0.320773 0.219170 -0.494371
v 0.327183 0.217562 0.375950
v 0.339622 0.217636 0.428492
v 0.344535 0.218614 0.388386
v 0.343065 0.218355 0.424321
v 0.347275 0.219695 0.378409
v 0.346092 0.219675 0.406001
v 0.336889 0.217569 0.383204
v 0.343136 0.219018 -0.076631
v 0.053303 0.217527 0.483220
v 0.255850 0.217538 0.160041
v 0.347185 0.217762 -0.395031
v 0.294388 0.217553 -0.451383
v 0.284229 0.217550 -0.441101
v -0.155650 0.217644 -0.487262
v 0.347450 0.220012 0.415758
v 0.344944 0.218180 0.455330
v 0.341978 0.218178 0.432610
v -0.345126 0.218781 0.268389
v 0.346948 0.219880 -0.303620
v 0.346488 0.221417 -0.318170
v 0.126306 0.220531 -0.497052
v 0.104328 0.220594 -0.501098
v 0.344280 0.217954 0.356122
v 0.346870 0.216073 -0.295558
v 0.345872 0.220874 -0.082026
v 0.346946 0.219241 -0.096190
v 0.315656 0.217566 0.258045
v -0.280607 0.220831 -0.501013
v -0.211078 0.218977 -0.492463
v -0.246725 0.218898 -0.490808
v -0.330402 0.217583 0.190036
v -0.340013 0.218072 0.191981
v -0.345144 0.218753 0.215842
v 0.342302 0.219199 0.152303
v -0.168988 0.217521 0.485254
v 0.164859 0.218201 -0.493056
v 0.167152 0.219433 -0.500320
v 0.277480 0.217569 -0.479437
v 0.084487 0.220298 -0.499850
v 0.336935 0.217597 -0.237554
v -0.345163 0.218744 0.388599
v 0.072388 0.217548 0.127223
v 0.339144 0.217589 0.453300
v 0.341733 0.221589 0.461750
v 0.343789 0.218233 -0.201262
v 0.346905 0.217381 -0.467672
v 0.342352 0.218586 -0.482827
v 0.347456 0.220632 -0.480544
v -0.258135 0.217842 0.490698
v -0.218617 0.218669 0.490632
v 0.136433 0.219374 -0.496271
v 0.347459 0.218222 -0.326656
v -0.336549 0.217658 0.428089
v -0.210932 0.217883 -0.488225
v 0.158868 0.216601 -0.498316
v -0.227607 0.217628 -0.483018
v -0.283966 0.219334 -0.500779
v -0.251613 0.221034 -0.497094
v 0.345743 0.217081 -0.255982
v -0.235489 0.221747 -0.482452
v -0.336482 0.217786 0.389942
v -0.333553 0.218257 0.489283
v 0.342552 0.219127 -0.496063
v 0.340080 0.217130 -0.487561
v 0.347791 0.221775 0.227973
v 0.346289 0.219015 0.245797
v 0.276882 0.217563 -0.472471
v 0.289610 0.217566 -0.481771
v 0.305318 0.217555 -0.478797
v 0.287448 0.219617 -0.492151
v 0.311089 0.217560 -0.487545
v 0.320473 0.218735 -0.497213
v 0.347505 0.220460 0.149494
v 0.345796 0.219645 0.104179
v 0.200266 0.217608 -0.484375
v 0.085102 0.220153 -0.495262
v 0.196166 0.218566 -0.500372
v 0.342925 0.219053 0.251624
v -0.292709 0.217524 0.484640
v -0.241631 0.217606 -0.480792
v -0.318228 0.220168 -0.497591
v -0.296155 0.218963 -0.498716
v 0.133121 0.219278 -0.500376
v -0.345029 0.218859 0.428619
v -0.339980 0.218244 0.412115
v 0.148451 0.221849 -0.501775
v 0.055885 0.219754 -0.496853
v -0.288333 0.220824 -0.499527
v -0.301869 0.220193 -0.501379
v -0.314791 0.220536 -0.498948
v -0.343490 0.220172 0.479006
v -0.329707 0.217584 0.148145
v 0.282661 0.219083 -0.500616
v 0.347401 0.218130 -0.175622
v 0.342657 0.220068 -0.488043
v 0.346795 0.217702 -0.239522
v 0.347065 0.217982 -0.271393
v -0.342052 0.217501 0.469085
v 0.321027 0.217547 0.211925
v -0.339587 0.216823 -0.465349
v -0.325916 0.217842 -0.491930
v -0.335070 0.217604 -0.480731
v -0.339644 0.218172 -0.473299
v -0.342103 0.218280 -0.473819
v -0.349644 0.219389 -0.480163
v -0.332286 0.218610 -0.487780
v -0.342534 0.220187 -0.490683
v -0.348239 0.218371 -0.466139
v -0.346584 0.218546 -0.444331
v -0.329484 0.219861 -0.495825
v -0.338313 0.220758 -0.453238
v -0.191090 0.219542 0.491263
v -0.116211 0.219444 0.491511
v -0.077764 0.218081 0.491384
v -0.285835 0.220580 0.487686
v -0.294782 0.219475 0.490332
v -0.163004 0.219829 0.491204
v -0.345105 0.218775 -0.091528
v 0.281328 0.220360 -0.496486
v -0.323041 0.217979 0.495079
v -0.311804 0.220133 0.490539
v -0.278773 0.219826 -0.495180
v -0.342142 0.218652 0.439977
v -0.262934 0.218430 -0.489379
v -0.254370 0.218688 -0.490093
v -0.314780 0.217567 -0.486594
v -0.344623 0.220406 -0.497455
v 0.281892 0.219485 -0.498984
v 0.347270 0.220008 0.289026
v -0.268821 0.219509 -0.493029
v 0.346420 0.220972 -0.284869
v 0.214808 0.221420 -0.501266
v 0.199538 0.220803 -0.497996
v 0.325643 0.217563 0.494617
v 0.332710 0.216324 0.482381
v 0.331993 0.217802 0.488416
v 0.341329 0.216911 0.492457
v 0.342982 0.218508 0.489269
v 0.344399 0.218731 -0.097491
v -0.341333 0.218254 0.149405
v -0.345109 0.218800 0.007097
v 0.346438 0.217666 -0.125537
v 0.341601 0.217620 -0.314110
v -0.345114 0.218791 -0.041771
v -0.342315 0.218407 0.009000
v -0.345101 0.218769 0.347155
v 0.346583 0.220073 0.461317
v 0.043859 0.220552 -0.498800
v 0.054755 0.220940 -0.501392
v 0.078901 0.220628 -0.496806
v 0.345530 0.217954 -0.230371
v -0.344678 0.221096 0.463550
v -0.340861 0.217075 0.465787
v 0.342366 0.218903 0.244349
v 0.347028 0.216823 -0.201603
v -0.345111 0.219051 0.490786
v -0.345658 0.219180 0.495961
v -0.348484 0.219322 -0.474619
v -0.003157 0.221253 -0.498518
v -0.097373 0.221619 -0.499119
v -0.172111 0.220984 -0.498793
v 0.347290 0.217588 -0.225213
v -0.344662 0.217815 0.468089
v -0.346010 0.219547 0.466579
v -0.333349 0.225127 -0.499272
v -0.349012 0.224540 -0.501434
v -0.345294 0.223876 -0.497460
v -0.348740 0.219420 -0.433148
v -0.348022 0.223926 -0.483608
v -0.346229 0.226764 -0.488716
v -0.335398 0.221502 -0.484407
v 0.207008 0.217551 0.219225
v 0.292318 0.217539 0.199862
v 0.285730 0.217554 0.192773
v 0.247916 0.217539 0.162911
v 0.271892 0.217531 0.155680
v 0.271617 0.217530 0.139406
v 0.255854 0.217534 0.159305
v 0.237192 0.217545 0.151087
v 0.198023 0.217543 0.139899
v 0.190068 0.217541 0.136294
v 0.234217 0.217545 0.147157
v 0.184829 0.217572 0.123809
v 0.167998 0.217554 0.090541
v 0.079945 0.217563 0.130373
v -0.002442 0.217541 0.098830
v -0.018848 0.217545 0.092252
v -0.112606 0.217547 0.132039
v -0.105814 0.217546 0.133151
v -0.102763 0.217544 0.125569
v 0.328205 0.217560 0.077676
v 0.300320 0.217533 0.085883
v 0.320567 0.217564 0.038858
v 0.114647 0.217542 0.028477
v 0.104579 0.217546 0.032559
v 0.086492 0.217549 0.019088
v 0.089737 0.217546 0.011241
v 0.081174 0.217547 0.044668
v 0.068150 0.217546 0.045352
v 0.002175 0.217546 0.085817
v 0.085694 0.217548 0.019671
v 0.175578 0.217545 -0.063397
v -0.242843 0.217542 0.167393
v -0.242154 0.217541 0.156172
v -0.226833 0.217539 0.160548
v -0.259007 0.217542 0.150037
v -0.254393 0.217538 0.145335
v -0.262868 0.217541 0.142478
v -0.265477 0.217544 0.127836
v -0.226758 0.217543 0.159704
v -0.265205 0.217542 0.127696
v -0.324298 0.217569 0.138537
v -0.166793 0.217545 0.104466
v -0.160613 0.217542 0.084907
v -0.119152 0.217546 0.109500
v -0.108999 0.217548 0.104399
v -0.119474 0.217546 0.099078
v -0.061457 0.217548 0.040905
v -0.055712 0.217545 0.046963
v 0.135766 0.217548 -0.049492
v 0.179164 0.217549 -0.081901
v 0.164024 0.217546 -0.059668
v 0.187436 0.217547 -0.076958
v 0.180660 0.217548 -0.082875
v 0.220112 0.217547 -0.106902
v 0.338471 0.217668 -0.077551
v 0.339454 0.217619 -0.072512
v 0.325827 0.217546 -0.066891
v 0.041375 0.217545 0.001822
v -0.094533 0.217545 0.013666
v -0.182809 0.217542 0.024901
v -0.082378 0.217542 -0.051718
v 0.291380 0.217537 -0.185686
v 0.108001 0.217544 -0.107493
v -0.090420 0.217542 -0.051902
v -0.084670 0.217546 -0.052970
v -0.087122 0.217542 -0.066770
v -0.320958 0.217567 0.003190
v -0.230398 0.217545 -0.008948
v -0.129903 0.217544 -0.057066
v -0.233811 0.217548 -0.006998
v -0.110120 0.217543 -0.064115
v -0.128852 0.217544 -0.057734
v -0.109544 0.217544 -0.065009
v 0.011470 0.217547 -0.090205
v -0.213304 0.217544 -0.063177
v -0.205133 0.217546 -0.069859
v -0.225528 0.217546 -0.085965
v -0.103190 0.217544 -0.139632
v 0.129642 0.217542 -0.142426
v 0.144176 0.217538 -0.148295
v 0.081447 0.217543 -0.142524
v 0.098237 0.217544 -0.133074
v 0.098393 0.217543 -0.139172
v 0.017921 0.217545 -0.163470
v 0.016956 0.217543 -0.163575
v 0.145453 0.217545 -0.150329
v 0.156670 0.217541 -0.153914
v 0.159824 0.217541 -0.159684
v 0.210435 0.217545 -0.145188
v 0.213767 0.217546 -0.145006
v 0.225093 0.217547 -0.149087
v 0.225239 0.217548 -0.134836
v 0.243311 0.217546 -0.181441
v 0.287941 0.217538 -0.193778
v 0.306033 0.217556 -0.218782
v 0.344707 0.218081 -0.237152
v 0.328481 0.217576 -0.239053
v 0.161393 0.217545 -0.196061
v -0.102480 0.217544 -0.141506
v -0.090403 0.217544 -0.147400
v -0.085954 0.217544 -0.146708
v 0.064049 0.217542 -0.206583
v 0.064487 0.217544 -0.206888
v 0.082741 0.217544 -0.204353
v 0.053446 0.217546 -0.236032
v 0.079180 0.217546 -0.228994
v 0.085501 0.217547 -0.231783
v 0.337674 0.217578 -0.311409
v 0.341811 0.219320 -0.313708
v 0.343341 0.219940 -0.325124
v 0.285006 0.217539 -0.324331
v 0.141491 0.217543 -0.309905
v 0.042943 0.217547 -0.247601
v 0.046156 0.217549 -0.256286
v 0.022027 0.217548 -0.261318
v -0.102759 0.217544 -0.149920
v -0.289446 0.217536 -0.072523
v -0.239703 0.217546 -0.169390
v -0.128821 0.217544 -0.194671
v -0.121335 0.217544 -0.185573
v -0.099069 0.217546 -0.226280
v -0.128167 0.217547 -0.226686
v -0.112399 0.217547 -0.224078
v -0.071750 0.217547 -0.219127
v -0.058156 0.217546 -0.216093
v 0.025704 0.217547 -0.255450
v 0.028214 0.217549 -0.300151
v 0.041942 0.217549 -0.262356
v 0.033862 0.217547 -0.251467
v 0.028040 0.217547 -0.255062
v 0.139813 0.217547 -0.310277
v 0.133785 0.217545 -0.316199
v -0.247805 0.217545 -0.177796
v -0.262013 0.217543 -0.175885
v -0.251940 0.217544 -0.178788
v -0.241088 0.217545 -0.197988
v -0.251185 0.217544 -0.222305
v -0.200799 0.217547 -0.226766
v -0.190214 0.217545 -0.224753
v -0.192932 0.217545 -0.235189
v -0.196691 0.217546 -0.221960
v -0.335530 0.217601 -0.261099
v -0.150677 0.217547 -0.285808
v -0.171175 0.217545 -0.347568
v -0.144126 0.217547 -0.291833
v -0.142942 0.217546 -0.282831
v -0.143893 0.217546 -0.291272
v 0.031705 0.217549 -0.308877
v 0.020486 0.217548 -0.316351
v 0.025967 0.217549 -0.319265
v 0.015960 0.217545 -0.333415
v 0.016311 0.217548 -0.335015
v 0.330694 0.217567 -0.345115
v 0.103980 0.217546 -0.395824
v 0.331951 0.217584 -0.482293
v 0.236667 0.217589 -0.477058
v 0.259224 0.217573 -0.471207
v 0.275970 0.217560 -0.471987
v 0.254277 0.217590 -0.481803
v 0.316954 0.217558 -0.481869
v -0.223204 0.217545 -0.329578
v -0.280139 0.217537 -0.333096
v -0.267653 0.217545 -0.328110
v -0.212542 0.217547 -0.358078
v -0.228215 0.217544 -0.375520
v -0.211379 0.217547 -0.376010
v -0.211303 0.217547 -0.356963
v -0.188635 0.217546 -0.354279
v -0.187788 0.217545 -0.352251
v 0.137430 0.217455 -0.446502
v 0.160286 0.217540 -0.433189
v 0.152259 0.217507 -0.449074
v 0.141706 0.217532 -0.449482
v 0.194281 0.217574 -0.475336
v 0.200131 0.217603 -0.483600
v -0.229598 0.217547 -0.376562
v -0.257745 0.217532 -0.437724
v -0.177303 0.217548 -0.425130
v -0.179179 0.217542 -0.435509
v -0.158275 0.217578 -0.482833
v -0.155817 0.217704 -0.495127
v -0.150356 0.217632 -0.496048
v 0.055723 0.218966 -0.488049
v -0.050440 0.219202 -0.495402
v -0.058465 0.215425 -0.498446
v -0.266180 0.217532 -0.444395
v -0.278726 0.217544 -0.446822
v -0.323914 0.217581 -0.390550
v -0.314381 0.217562 -0.392970
v -0.333859 0.217587 -0.042410
v -0.315014 0.217550 0.075858
v -0.328970 0.217582 0.148173
v -0.331386 0.217584 0.130491
v -0.315855 0.217561 0.310193
v -0.318465 0.217567 0.302155
v -0.311158 0.217554 0.306356
v -0.328703 0.218447 0.148343
v -0.342253 0.218355 0.155729
v -0.320237 0.217585 0.002576
v -0.326537 0.217576 -0.013040
v -0.335438 0.217605 -0.090640
v -0.247019 0.217540 -0.471231
v -0.241017 0.217668 -0.485274
v -0.233404 0.217605 -0.481344
v -0.265236 0.217526 -0.443496
v -0.274077 0.217532 -0.441408
v 0.106453 0.217633 -0.486233
v -0.266080 0.217543 -0.329106
v -0.245048 0.217545 -0.311956
v -0.245437 0.217545 -0.311716
v -0.238960 0.217546 -0.306528
v 0.279614 0.217561 -0.485418
v 0.206062 0.217564 -0.467403
v 0.283352 0.217550 -0.440460
v 0.098887 0.217548 -0.380160
v 0.345530 0.217818 -0.397359
v 0.345530 0.217901 -0.385572
v 0.035983 0.217549 -0.307573
v -0.146722 0.217549 -0.268012
v -0.135636 0.217546 -0.272517
v -0.331344 0.217574 -0.202403
v -0.307104 0.217554 -0.100350
v -0.314688 0.217561 -0.087326
v -0.324411 0.217573 -0.090357
v 0.274784 0.217541 -0.325546
v 0.284521 0.217539 -0.325146
v 0.305801 0.217556 -0.219297
v 0.284902 0.217539 -0.208154
v 0.230910 0.217549 -0.143991
v 0.004228 0.217546 -0.150612
v -0.165224 0.217543 0.027152
v 0.110610 0.217543 -0.113141
v 0.227973 0.217548 -0.107612
v 0.219640 0.217548 -0.117872
v -0.111892 0.217546 0.031750
v 0.055810 0.217546 -0.003137
v 0.118039 0.217546 -0.074402
v -0.111213 0.217546 0.031813
v 0.070590 0.217547 0.046298
v 0.008686 0.217548 0.089393
v 0.004800 0.217549 0.096791
v -0.000756 0.217548 0.097989
v -0.051266 0.217543 0.098651
v 0.099949 0.217550 0.101798
v 0.104770 0.217538 0.092804
v 0.093359 0.217554 0.097375
v 0.112071 0.221551 0.131307
v 0.114041 0.214641 0.135762
v 0.126711 0.217562 0.128271
v 0.162349 0.217557 0.097697
v 0.167798 0.217555 0.091266
v 0.194528 0.217555 0.120801
v 0.184435 0.217565 0.149037
v 0.184092 0.219962 0.138580
v 0.270938 0.217530 0.156895
v -0.094994 0.217545 0.229124
v -0.196471 0.217542 0.195160
v -0.136572 0.217543 0.224531
v -0.128852 0.217542 0.220897
v -0.136096 0.217543 0.225102
v -0.095116 0.217545 0.234960
v -0.102510 0.217545 0.248329
v -0.096172 0.217546 0.240768
v -0.129174 0.217542 0.229139
v -0.311664 0.217555 0.304821
v -0.273248 0.217533 0.307952
v -0.273037 0.217534 0.306703
v -0.136909 0.217544 0.270526
v -0.133365 0.217543 0.278053
v -0.136927 0.217545 0.270947
v -0.150155 0.217543 0.287170
v -0.150774 0.217543 0.286910
v 0.206789 0.217545 0.219003
v 0.105607 0.217544 0.268630
v 0.108669 0.217547 0.260917
v 0.100143 0.217543 0.265253
v 0.338608 0.217684 0.195429
v 0.307421 0.217553 0.206607
v 0.299946 0.217543 0.222257
v 0.290599 0.217529 0.230950
v 0.297306 0.217540 0.225594
v 0.280734 0.217524 0.232519
v 0.335788 0.217563 0.249817
v 0.227426 0.217549 0.262914
v 0.110670 0.217544 0.298141
v 0.109229 0.217546 0.316486
v 0.015169 0.217545 0.292896
v 0.013042 0.217544 0.282796
v 0.014928 0.217545 0.292472
v -0.153112 0.217544 0.392952
v -0.154084 0.217543 0.410079
v 0.307982 0.217559 0.309707
v 0.283339 0.217527 0.307921
v 0.334541 0.217558 0.294353
v 0.339640 0.217606 0.297610
v 0.342159 0.220083 0.280993
v 0.345067 0.219948 0.284660
v 0.283829 0.217528 0.307764
v 0.051167 0.217543 0.326942
v -0.151865 0.217541 0.394531
v -0.118112 0.217545 0.424972
v 0.001147 0.217543 0.376390
v -0.088691 0.217550 0.420856
v -0.073869 0.217549 0.427084
v -0.127118 0.217549 0.437199
v -0.118730 0.217546 0.425082
v -0.140493 0.217549 0.438721
v -0.128489 0.217551 0.438238
v -0.141837 0.217554 0.451918
v -0.129710 0.217555 0.454730
v -0.140589 0.217550 0.438254
v -0.332397 0.217552 0.480923
v -0.300084 0.217532 0.481410
v -0.059501 0.217555 0.449255
v 0.051827 0.217544 0.382329
v 0.316429 0.217570 0.335648
v 0.307656 0.217556 0.309852
v 0.211018 0.217545 0.389881
v 0.148455 0.217545 0.374104
v 0.152266 0.217547 0.366336
v 0.148797 0.217545 0.374686
v 0.143204 0.217545 0.364880
v 0.137191 0.217545 0.375897
v 0.216881 0.217545 0.386964
v 0.335155 0.217562 0.362254
v 0.339636 0.217576 0.357527
v 0.339636 0.217591 0.351633
v 0.274730 0.217531 0.397762
v 0.261238 0.217537 0.385829
v 0.260834 0.217536 0.387017
v 0.270651 0.217536 0.402644
v 0.338484 0.218375 0.389403
v 0.338851 0.217339 0.372465
v 0.331440 0.217556 0.383496
v 0.332737 0.217562 0.440519
v 0.341361 0.218681 0.448100
v 0.335341 0.217573 0.453506
v 0.165649 0.217513 0.476843
v 0.157821 0.217540 0.475155
v 0.151011 0.217554 0.453575
v 0.135720 0.217556 0.452839
v 0.132551 0.217554 0.446078
v 0.065920 0.217555 0.460685
v 0.076678 0.217551 0.444000
v 0.048503 0.217565 0.453813
v 0.057567 0.217554 0.458487
v 0.041758 0.217554 0.444042
v -0.046227 0.217538 0.459143
v -0.116850 0.217525 0.486006
v 0.001076 0.217775 0.491741
v -0.178053 0.218357 0.489173
v 0.030217 0.217627 0.490135
v -0.229812 0.217514 0.486534
v -0.276913 0.217534 0.482383
v -0.218670 0.217626 0.490135
v -0.150194 0.217556 0.449854
v -0.165974 0.217551 0.472550
v -0.046015 0.217556 0.457693
v 0.089199 0.217548 0.414484
v 0.101168 0.217547 0.411017
v 0.102783 0.217547 0.416586
v 0.161910 0.217548 0.425464
v 0.154844 0.217551 0.441635
v 0.161367 0.217548 0.423478
v 0.126235 0.217626 0.490135
v 0.158528 0.217567 0.489153
v 0.166570 0.217521 0.485929
v 0.323084 0.217572 0.419619
v -0.285833 0.217514 0.487188
v -0.294183 0.217612 0.490135
v -0.285318 0.216589 0.488918
v -0.090497 0.217546 0.420915
v -0.073031 0.217547 0.417170
v 0.222145 0.217541 0.274279
v 0.227901 0.217544 0.263995
v 0.276347 0.217530 0.246262
v 0.280811 0.217523 0.232962
v 0.287175 0.217543 0.220711
v -0.017251 0.217551 0.193171
v -0.008215 0.217555 0.186241
v 0.280094 0.217200 -0.485632
v 0.287560 0.217583 -0.491152
v 0.282502 0.221920 -0.496247
v 0.272818 0.218221 -0.498520
v -0.344124 0.218711 -0.203441
v -0.342192 0.218357 -0.211339
v -0.325747 0.218346 -0.491812
v -0.340108 0.222866 -0.439989
v -0.331371 0.217572 -0.451431
v -0.338702 0.217203 -0.453178
v 0.201503 0.219276 -0.493848
v -0.208556 0.214834 -0.490113
v -0.339200 0.219854 -0.049851
v -0.345440 0.218918 -0.036843
v -0.345143 0.218767 -0.139265
v -0.343147 0.218821 0.388307
v -0.344368 0.219035 0.368973
v -0.334668 0.217612 -0.294210
v -0.344312 0.218812 -0.256115
v -0.345106 0.218791 0.019281
v -0.336142 0.217588 0.441507
v -0.343887 0.218148 0.156622
v -0.345125 0.218777 0.147073
v -0.344139 0.218426 0.186396
v -0.292256 0.219300 -0.495276
v -0.300522 0.218626 -0.492649
v -0.345512 0.219269 -0.102934
v 0.338103 0.217601 -0.270093
v 0.344397 0.218382 -0.272006
v 0.342698 0.219201 -0.275658
v -0.341629 0.218562 -0.439997
v -0.345679 0.219521 -0.443524
v 0.193891 0.218669 -0.492196
v 0.197580 0.223415 -0.499224
v 0.159053 0.214223 -0.498939
v 0.166940 0.217162 -0.499479
v 0.164870 0.217656 -0.493279
v 0.135789 0.213787 -0.498035
v 0.133602 0.220970 -0.499815
v 0.080098 0.218495 -0.490940
v 0.083873 0.217363 -0.499347
v 0.070868 0.218848 -0.492659
v 0.064296 0.220401 -0.497156
v 0.328801 0.222398 -0.500669
v 0.346453 0.225909 -0.501352
v 0.345417 0.225014 -0.498081
v 0.346198 0.224710 -0.484197
v -0.347965 0.220619 -0.436328
v -0.347959 0.220571 0.350615
v -0.349355 0.219622 0.353934
v 0.347156 0.221170 -0.294913
v 0.342740 0.218209 0.152307
v 0.346390 0.217041 0.158843
v 0.347272 0.219696 0.149159
v 0.338105 0.219964 0.016888
v 0.343909 0.218331 0.014355
v 0.342564 0.218987 -0.002880
v 0.342033 0.218848 0.190773
v 0.344548 0.219246 0.197414
v 0.345925 0.219465 -0.081289
v 0.340509 0.220227 0.245061
v 0.340408 0.219998 0.351275
v 0.343008 0.222474 0.343978
v 0.343901 0.219801 0.355598
v 0.340432 0.216565 0.376859
v 0.344878 0.218189 0.389040
v 0.345530 0.219979 0.377172
v 0.345097 0.219602 0.460475
v 0.341601 0.217900 0.463366
v 0.341601 0.217904 0.447897
v 0.347278 0.219702 0.369301
v -0.349964 0.222563 0.484322
v -0.348669 0.224740 0.484725
v -0.347638 0.223423 0.500173
v -0.350136 0.225177 0.483611
v -0.337135 0.217963 0.482466
v -0.335394 0.224603 0.483680
v -0.347963 0.220649 -0.449648
v -0.345025 0.218977 -0.103062
v -0.344969 0.219105 0.449454
v -0.344913 0.218959 0.379208
v -0.344027 0.221412 0.464576
v -0.344802 0.218884 -0.192833
v -0.345005 0.218937 -0.440684
v -0.347849 0.222801 0.483633
v -0.343021 0.221383 0.470061
v -0.343124 0.219830 0.478327
v -0.342689 0.218268 0.469317
v -0.336474 0.219014 0.481603
v -0.333075 0.216339 0.481264
v -0.336729 0.224688 0.485122
v -0.334165 0.217106 0.488400
v 0.065455 0.220685 0.500566
v -0.043442 0.219950 0.501178
v 0.105292 0.220732 0.492889
v 0.089438 0.219879 0.500680
v 0.153480 0.219906 0.501024
v -0.014164 0.220573 0.493153
v 0.230322 0.220251 0.492934
v 0.215203 0.219892 0.500702
v -0.102622 0.220228 0.492945
v 0.274460 0.220175 0.500758
v 0.285034 0.218921 0.493889
v 0.304091 0.219052 0.501165
v 0.313146 0.220906 0.499562
v -0.142564 0.220896 0.501008
v -0.213648 0.220455 0.492908
v -0.217364 0.220565 0.501084
v -0.317663 0.220918 0.501022
v -0.257556 0.220792 0.492782
v -0.320366 0.220947 0.493355
v 0.342367 0.225248 0.501089
v 0.346253 0.223589 0.500682
v 0.344651 0.222285 0.488844
v 0.345414 0.222449 0.482712
v 0.346700 0.223334 0.463583
v 0.342678 0.225213 0.486434
v 0.333780 0.222418 0.486172
v 0.333477 0.224770 0.484824
v -0.328149 0.221680 0.500513
v -0.345844 0.220565 0.499537
v -0.348577 0.224535 0.485230
v -0.345432 0.225301 0.487291
v -0.336511 0.220305 0.484768
v -0.321712 0.223971 0.497481
v -0.320595 0.220424 0.494366
v -0.315501 0.222259 0.500913
v -0.344264 0.084105 0.448320
v -0.346555 0.081695 0.445333
v -0.346202 0.089436 0.451062
v -0.340596 0.218640 0.466902
v -0.340042 0.222185 0.469162
v -0.343959 0.220867 0.467237
v -0.344047 0.084115 0.428779
v -0.342917 0.085736 0.412467
v -0.345371 0.085521 0.431308
v -0.348603 0.081953 0.386117
v -0.346124 0.082040 0.380917
v -0.348141 0.085995 0.385841
v -0.347583 0.082737 0.352565
v -0.349277 0.082201 0.329607
v -0.348210 0.083783 0.332759
v -0.349310 0.085218 0.388580
v -0.347794 0.081994 0.401590
v -0.349181 0.085896 0.409608
v -0.349115 0.083530 0.413338
v -0.346010 0.084310 0.409582
v -0.347656 0.081052 0.411965
v -0.347992 0.084317 0.409607
v -0.343967 0.084013 0.404782
v -0.343931 0.083930 0.392918
v -0.347972 0.082305 0.389364
v -0.343869 0.085441 0.409608
v -0.347815 0.085642 0.391806
v -0.337052 0.042003 0.324371
v -0.335441 0.070422 0.326415
v -0.345781 0.078247 0.325981
v -0.335101 0.079383 -0.229057
v -0.345648 0.078642 -0.227841
v -0.345236 0.078190 0.159260
v -0.345122 0.078353 0.200660
v -0.335104 0.079319 0.229240
v -0.342999 0.079401 -0.231286
v -0.342267 0.042631 0.302722
v -0.345730 0.041048 0.228813
v -0.342266 0.042436 0.233075
v -0.345519 0.040836 0.324874
v -0.341491 0.043201 0.321260
v -0.339673 0.044383 0.231368
v -0.345426 0.041676 0.228663
v -0.337802 0.064545 0.230962
v -0.338996 0.043263 0.230392
v -0.336212 0.077817 0.227849
v -0.339607 0.066507 0.231526
v -0.335424 0.077708 0.228874
v -0.336706 0.078512 0.232153
v -0.342552 0.042924 0.232775
v -0.342172 0.042822 0.320476
v -0.346597 0.046741 0.234220
v -0.346521 0.046850 0.320106
v -0.330831 0.093804 0.322492
v -0.335398 0.075146 0.320301
v -0.345746 0.123139 0.321384
v -0.331059 0.121985 0.321896
v -0.332597 0.081673 0.321491
v -0.327154 0.086161 0.320250
v -0.345726 0.046488 0.321095
v -0.337047 0.043110 0.323448
v -0.333870 0.123679 0.324448
v -0.320279 0.093518 0.321490
v -0.342042 0.042755 0.322240
v -0.344959 0.120530 0.326428
v -0.334728 0.125541 0.325077
v -0.345484 0.095143 0.325652
v -0.344258 0.124131 0.327446
v -0.331139 0.094070 0.230758
v -0.345669 0.120207 0.233326
v -0.333543 0.081324 0.232801
v -0.327586 0.084225 0.235294
v -0.335684 0.119396 0.233107
v -0.330385 0.121193 0.233513
v -0.335770 0.077977 0.233904
v -0.345325 0.046260 0.233329
v -0.342277 0.043782 0.231345
v -0.335993 0.125265 0.232836
v -0.320376 0.093991 0.232981
v -0.337356 0.063552 0.232683
v -0.338788 0.041570 0.232578
v -0.320618 0.087610 0.231667
v -0.344673 0.123600 0.232669
v -0.328119 0.085183 0.226602
v -0.348687 0.085620 0.227874
v -0.349182 0.082687 0.225782
v -0.347566 0.078485 0.156699
v -0.349031 0.085399 0.150894
v -0.348929 0.082913 0.140673
v -0.348593 0.084400 0.076516
v -0.346709 0.083101 0.168792
v -0.348850 0.082264 0.165914
v -0.349668 0.082759 0.224600
v -0.348120 0.083058 0.220108
v -0.345599 0.094522 0.228512
v -0.345313 0.124113 0.229444
v -0.334778 0.126122 0.228742
v -0.334637 0.094743 0.125941
v -0.334912 0.094992 -0.228176
v -0.334730 0.094828 0.227904
v -0.342249 0.093639 -0.231164
v -0.345417 0.094665 -0.232884
v -0.345557 0.098393 -0.229047
v -0.341987 0.095982 -0.227672
v -0.334927 0.125085 -0.228495
v -0.342764 0.118011 -0.227780
v -0.345452 0.120138 -0.230609
v -0.339150 0.124003 -0.230306
v -0.345425 0.082859 0.149167
v -0.345640 0.085863 0.150164
v -0.345902 0.085981 -0.179546
v -0.345114 0.083182 -0.179481
v -0.345885 0.088148 0.151636
v -0.346243 0.084450 0.150192
v -0.352739 0.084678 0.151120
v -0.347491 -0.358678 -0.278557
v -0.346532 -0.358994 -0.431016
v -0.343796 -0.355233 -0.387853
v -0.344400 -0.355795 -0.501668
v -0.345921 -0.359318 -0.501001
v -0.343810 -0.355395 -0.237156
v -0.346373 -0.358603 -0.256758
v -0.346541 -0.358829 -0.209377
v -0.346721 -0.358905 -0.111489
v -0.343062 -0.356235 -0.161767
v -0.344012 -0.356815 -0.108579
v -0.340657 -0.355297 -0.498596
v -0.345275 -0.355080 -0.500969
v -0.333768 -0.352540 -0.499507
v -0.339845 0.082532 -0.232533
v -0.342630 0.086022 -0.229999
v -0.345839 0.040787 -0.229415
v -0.334936 0.045025 -0.228990
v -0.334998 0.078691 -0.228436
v -0.345126 0.075553 -0.227673
v -0.343119 0.077462 -0.225575
v -0.346453 0.046908 -0.319875
v -0.341835 0.046022 -0.233911
v -0.344378 0.048077 -0.234925
v -0.342206 0.045017 -0.320671
v -0.343897 0.094223 -0.235643
v -0.331423 0.094800 -0.232054
v -0.340093 0.086992 -0.231469
v -0.328296 0.087383 -0.230748
v -0.320576 0.092227 -0.231892
v -0.341575 0.097648 -0.232637
v -0.342401 0.119037 -0.231828
v -0.345959 0.099106 -0.232730
v -0.331086 0.121980 -0.231907
v -0.334193 0.121786 -0.233029
v -0.320195 0.087041 -0.230709
v -0.340525 0.082356 -0.231920
v -0.345904 0.073855 -0.233241
v -0.342863 0.078111 -0.233986
v -0.342417 0.076594 -0.235046
v -0.335471 0.042058 -0.233053
v -0.345035 0.046477 -0.233329
v -0.342335 0.044673 -0.229998
v -0.333596 0.081828 -0.232597
v -0.336070 0.126103 -0.233544
v -0.346344 0.119458 -0.230559
v -0.338073 0.120295 -0.230818
v -0.336298 0.124397 -0.231705
v -0.332264 0.121908 -0.229601
v -0.345522 0.123602 -0.320182
v -0.332991 0.081484 -0.320746
v -0.330632 0.094016 -0.321625
v -0.334037 0.121445 -0.321473
v -0.327603 0.085274 -0.319032
v -0.335196 0.076126 -0.320494
v -0.345577 0.046382 -0.320565
v -0.339661 0.043921 -0.320091
v -0.320436 0.093685 -0.321346
v -0.320517 0.087317 -0.321926
v -0.334524 0.125372 -0.321427
v -0.345703 0.040941 -0.323913
v -0.336986 0.074432 -0.323779
v -0.338910 0.041952 -0.324274
v -0.345276 0.079877 -0.326588
v -0.334861 0.076923 -0.326696
v -0.350889 0.085417 -0.328937
v -0.328035 0.085225 -0.328066
v -0.337117 0.083934 -0.327378
v -0.349529 0.082531 -0.377953
v -0.347573 0.082913 -0.380207
v -0.349584 0.082322 -0.325349
v -0.347953 0.082954 -0.326076
v -0.347835 0.083627 -0.384382
v -0.349523 0.083271 -0.385562
v -0.349684 0.085523 -0.388193
v -0.345643 0.094510 -0.325501
v -0.345524 0.123421 -0.325012
v -0.335040 0.123964 -0.325149
v -0.334870 0.094730 -0.325230
v -0.347967 0.082413 -0.385352
v -0.343325 0.084255 -0.389682
v -0.343743 0.085583 -0.406285
v -0.346460 0.083553 -0.405281
v -0.345434 0.083900 -0.410128
v -0.348758 0.081956 -0.408940
v -0.350962 0.086659 -0.405043
v -0.349248 0.084252 -0.416731
v -0.346589 0.083068 -0.420618
v -0.346661 0.081729 -0.483273
v -0.348514 0.083275 -0.500362
v -0.349277 0.082152 -0.501413
v -0.346157 0.081900 -0.422621
v -0.349383 0.082152 -0.423546
v -0.291368 0.082281 -0.501231
v -0.291886 0.080286 -0.497351
v -0.290072 0.082559 -0.499476
v -0.244930 0.082143 -0.501544
v -0.246564 0.083064 -0.499988
v -0.347970 0.083291 -0.416260
v -0.347815 0.082324 -0.420556
v -0.346406 0.078925 -0.422312
v -0.232242 -0.183867 -0.501978
v -0.098103 0.029313 -0.501978
v 0.053300 -0.215563 -0.501978
v -0.270188 -0.354783 -0.501808
v -0.303600 -0.355084 -0.501331
v -0.348852 -0.337926 -0.501569
v -0.345349 -0.355093 -0.502003
v -0.202624 -0.346795 -0.501972
v -0.198617 -0.342008 -0.502143
v -0.159996 -0.354059 -0.501786
v -0.137292 -0.354567 -0.501821
v -0.087230 -0.354759 -0.501911
v -0.020451 -0.354563 -0.501585
v 0.024905 -0.354502 -0.501879
v 0.060101 -0.355310 -0.501604
v 0.135297 -0.355045 -0.501888
v 0.181589 -0.354666 -0.501899
v 0.304512 -0.354468 -0.501675
v 0.343387 -0.355397 -0.501827
v 0.346289 -0.311796 -0.501014
v 0.346980 -0.140016 -0.501933
v 0.346867 0.046470 -0.501928
v 0.346892 0.069114 -0.499930
v 0.346830 0.082067 -0.501689
v 0.295534 0.082233 -0.501864
v 0.275312 0.081916 -0.502043
v 0.346886 -0.263081 -0.501936
v 0.185256 -0.065350 -0.501978
v 0.238680 0.059434 -0.501982
v 0.266900 0.088049 -0.502047
v 0.126285 -0.065422 -0.501974
v 0.204083 -0.027697 -0.501978
v 0.135321 -0.165221 -0.501978
v 0.135321 -0.221766 -0.501978
v 0.134585 -0.094988 -0.501978
v 0.131392 -0.095970 -0.501978
v 0.107432 -0.103125 -0.501977
v 0.050387 -0.224537 -0.501979
v 0.057453 -0.203096 -0.501978
v 0.235449 0.054213 -0.501981
v 0.252908 0.082585 -0.501997
v 0.125317 0.081984 -0.501913
v 0.064654 -0.034606 -0.501977
v 0.137267 0.082878 -0.499672
v -0.004163 -0.203530 -0.501978
v -0.005603 -0.207035 -0.501978
v 0.098341 0.081811 -0.501675
v 0.070971 0.076785 -0.501978
v 0.053524 0.082774 -0.501400
v 0.037929 0.082884 -0.501746
v -0.036558 0.016000 -0.501978
v -0.014368 0.081787 -0.501898
v -0.161802 -0.297808 -0.501978
v -0.108075 0.072461 -0.502025
v -0.056525 0.079250 -0.501972
v -0.055355 0.082324 -0.500784
v -0.134757 0.082795 -0.501942
v -0.102832 0.083138 -0.501225
v -0.100918 0.041425 -0.501979
v -0.162289 0.082069 -0.501426
v -0.174100 0.080528 -0.501927
v -0.349130 -0.286697 -0.501893
v -0.230089 -0.177745 -0.501978
v -0.183892 0.082315 -0.501951
v -0.196445 0.082633 -0.501672
v -0.349202 0.050356 -0.501942
v -0.198467 0.088662 -0.501987
v -0.124780 0.088417 -0.501910
v -0.088731 0.088933 -0.501912
v -0.018880 0.088761 -0.501842
v 0.045975 0.088748 -0.501828
v 0.173849 0.088579 -0.501932
v 0.200962 0.089346 -0.501893
v 0.310358 0.089243 -0.501938
v 0.340833 0.088281 -0.501139
v 0.346435 0.142868 -0.502041
v 0.347257 0.183228 -0.501841
v 0.276081 0.220087 -0.501719
v 0.346655 0.224942 -0.501501
v 0.329518 0.224486 -0.501662
v 0.225598 0.221185 -0.501899
v 0.191994 0.220716 -0.501087
v 0.128206 0.220646 -0.501464
v 0.042477 0.221290 -0.501954
v 0.053367 0.219983 -0.501919
v -0.127959 0.221360 -0.501935
v -0.181687 0.220733 -0.501877
v -0.245894 0.091655 -0.501978
v -0.245975 0.082364 -0.501620
v -0.283351 0.220656 -0.501757
v -0.285724 0.088647 -0.501878
v -0.350167 0.135863 -0.501642
v -0.301070 0.220171 -0.501699
v -0.349559 0.199398 -0.500666
v -0.304907 0.089045 -0.501361
v -0.348786 0.088248 -0.501755
v -0.316214 0.222605 -0.501801
v -0.348699 0.224917 -0.502022
v -0.227358 -0.169847 -0.501977
v -0.348826 -0.218371 -0.501415
v -0.348863 -0.161063 -0.501076
v -0.348092 -0.048821 -0.501950
v -0.349048 -0.071673 -0.502041
v -0.286518 0.081921 -0.501867
v -0.349490 -0.020635 -0.501011
v -0.344499 0.082282 -0.501737
v -0.318311 0.065707 -0.501978
v -0.349119 -0.191746 -0.501325
v -0.348446 -0.306041 -0.499927
v -0.348776 0.161418 -0.500200
v -0.347620 0.070527 -0.501719
v 0.104060 0.220442 -0.500653
v 0.345991 0.159314 -0.499497
v 0.077075 0.082739 -0.500304
v -0.199788 -0.354751 -0.501062
v -0.175791 -0.354869 -0.500914
v 0.219599 -0.354826 -0.501116
v 0.345711 -0.328382 -0.500167
v 0.208164 0.088059 -0.501246
v -0.336245 -0.353578 -0.498577
v -0.347929 -0.315313 -0.499802
v -0.348126 -0.358441 -0.499689
v 0.021629 0.082406 -0.500450
v 0.106317 0.082880 -0.499718
v -0.076504 0.081910 -0.503250
v -0.071327 0.082687 -0.501380
v 0.146050 0.082296 -0.497319
v -0.178124 0.085409 -0.504006
v -0.290792 0.082471 -0.500839
v 0.068759 0.082636 -0.497998
v -0.089351 0.082201 -0.500114
v 0.210239 0.220244 -0.500281
v 0.115282 0.082787 -0.499058
v -0.200718 0.085676 -0.503664
v -0.086856 0.082647 -0.499590
v 0.148211 0.082418 -0.501722
v 0.159335 0.082252 -0.501535
v -0.079555 0.083188 -0.500937
v -0.018069 0.082934 -0.500539
v 0.309695 0.221278 -0.501356
v -0.245823 0.088576 -0.501444
v 0.042666 0.082864 -0.500843
v 0.045741 0.083187 -0.502048
v -0.190164 0.083676 -0.502197
v -0.118562 0.083433 -0.501265
v -0.111572 0.083365 -0.501867
v -0.109216 0.082249 -0.501532
v 0.192384 0.083016 -0.501239
v 0.099156 0.082068 -0.497196
v 0.169730 0.082887 -0.501949
v 0.292823 0.084239 -0.501393
v 0.279167 0.084786 -0.501167
v 0.175976 0.088443 -0.498395
v 0.082769 0.083545 -0.501952
v 0.347096 -0.316071 -0.501177
v 0.164377 0.082293 -0.501534
v 0.161887 0.083853 -0.501326
v -0.039343 0.082338 -0.501964
v -0.042739 0.081573 -0.500324
v -0.041130 0.083852 -0.500695
v 0.205440 0.085226 -0.499775
v -0.049837 0.083099 -0.501469
v -0.349030 0.081298 -0.500591
v 0.346315 -0.359013 -0.500254
v 0.171447 -0.354752 -0.500382
v 0.007459 -0.355765 -0.501922
v 0.198424 0.086513 -0.499187
v -0.349661 0.117780 -0.500898
v -0.345947 -0.326247 -0.497845
v -0.349501 -0.306046 -0.501310
v -0.346843 -0.312828 -0.500811
v -0.348004 -0.348446 -0.500425
v -0.345327 -0.276084 -0.498005
v -0.345421 -0.203929 -0.497869
v -0.342149 -0.179143 -0.498047
v -0.330326 -0.168445 -0.498049
v -0.345468 0.035400 -0.497989
v -0.345348 -0.182035 -0.497506
v -0.324477 0.078758 -0.497537
v -0.345281 0.078893 -0.497391
v -0.172680 0.078341 -0.497991
v 0.316461 0.073292 -0.498048
v 0.070406 0.078299 -0.498051
v 0.203961 -0.151709 -0.498048
v 0.283832 0.008032 -0.498049
v 0.343120 -0.015548 -0.497963
v -0.345411 -0.351309 -0.497898
v 0.001515 -0.351269 -0.497990
v 0.341934 -0.194691 -0.497911
v 0.337426 -0.201842 -0.498048
v 0.342992 -0.233553 -0.497863
v 0.278892 -0.351286 -0.497935
v 0.169629 -0.351283 -0.497286
v 0.328249 0.079139 -0.496590
v 0.343111 -0.192972 -0.497519
v -0.309198 0.078577 -0.496089
v 0.302012 0.078356 -0.496207
v -0.291540 0.086019 -0.498518
v -0.285843 0.089260 -0.501311
v -0.284114 0.088650 -0.501459
v -0.248137 0.086910 -0.499321
v -0.332185 0.086578 -0.498110
v -0.305647 0.089993 -0.500941
v -0.344586 0.089134 -0.501156
v -0.347003 0.086745 -0.500616
v 0.009156 0.094559 -0.497974
v 0.339977 0.098315 -0.498047
v 0.342933 0.162755 -0.497808
v 0.309580 0.212836 -0.497794
v 0.269015 0.209544 -0.497869
v 0.197710 0.215435 -0.497816
v 0.139166 0.215451 -0.497860
v -0.001826 0.212295 -0.497962
v -0.010286 0.209285 -0.497905
v -0.047944 0.203691 -0.498049
v -0.105023 0.209621 -0.497902
v -0.176503 0.213525 -0.497963
v -0.157633 0.094558 -0.497982
v -0.321324 0.213509 -0.498049
v -0.128501 0.209444 -0.498448
v -0.127168 0.212851 -0.497126
v -0.065148 0.209969 -0.498156
v -0.064468 0.212777 -0.497087
v -0.045400 0.212357 -0.495734
v -0.043004 0.209176 -0.497650
v -0.033016 0.211911 -0.496848
v 0.019909 0.209232 -0.497670
v 0.051794 0.215079 -0.497795
v 0.258739 0.214175 -0.496166
v 0.286797 0.209439 -0.497236
v 0.230363 0.094561 -0.497913
v 0.031233 0.213481 -0.497621
v -0.319238 0.215125 -0.497371
v 0.343134 0.094657 -0.497277
v -0.014588 0.213108 -0.498457
v 0.287798 0.213097 -0.496751
v 0.028919 0.211426 -0.499313
v 0.016668 0.212948 -0.497377
v -0.095070 0.213510 -0.496188
v -0.076679 0.210171 -0.498431
v -0.194487 0.215480 -0.497919
v -0.107021 0.213191 -0.497213
v 0.266406 0.211578 -0.494077
v -0.327169 0.215335 -0.498192
v -0.338826 0.217747 -0.471704
v -0.345295 0.222913 -0.471717
v -0.340163 0.221234 -0.469591
v -0.341869 0.219398 -0.474594
v -0.348905 0.221568 -0.476114
v -0.339521 0.217932 -0.466730
v -0.340258 0.218426 -0.471517
v -0.341003 0.222163 -0.467488
v -0.344443 0.220483 -0.496986
v -0.329145 0.225796 -0.498355
v -0.343814 0.226320 -0.496609
v -0.314518 0.220332 -0.500850
v -0.295646 0.220671 -0.498094
v -0.349149 0.218329 -0.480609
v -0.334038 0.218256 -0.480954
v -0.335561 0.224812 -0.483620
v -0.348732 0.224832 -0.484610
v -0.344206 0.222032 -0.487689
v -0.341355 0.219663 -0.491609
v -0.335370 0.213544 -0.485329
v -0.333892 0.213347 -0.486764
v -0.345665 0.218478 -0.496636
v -0.347748 0.221163 -0.487787
v -0.345860 0.225386 -0.488312
v -0.346210 0.218923 -0.490890
v -0.344094 0.220848 -0.496838
v -0.344781 0.224404 -0.497904
v -0.333903 0.218515 -0.486288
v -0.335805 0.224428 -0.484954
v -0.346719 0.222313 -0.484278
v -0.340667 0.218644 -0.488273
v -0.142545 -0.341950 -0.485426
v -0.077208 -0.343365 -0.485465
v 0.331126 -0.343593 0.166569
v 0.331107 -0.343527 0.344443
v 0.331031 -0.343319 0.484997
v 0.210267 -0.343369 0.485393
v 0.189523 -0.343572 0.486049
v 0.117147 -0.343111 0.485520
v 0.024545 -0.343176 0.485969
v -0.042263 -0.343372 0.484500
v -0.093888 -0.342560 0.485686
v -0.161605 -0.343046 0.484725
v -0.266621 -0.343530 0.484823
v -0.333163 -0.343382 0.485396
v 0.081824 -0.343610 0.478877
v 0.088593 -0.342299 0.485287
v 0.330942 -0.343556 -0.223034
v 0.331205 -0.343477 -0.381627
v 0.256360 -0.343611 -0.306715
v 0.115496 -0.343609 -0.165852
v 0.034116 -0.343606 0.431168
v 0.330961 -0.343675 -0.470394
v 0.047489 -0.343612 -0.435563
v 0.275427 -0.343151 -0.485461
v 0.208220 -0.343595 -0.483881
v -0.318993 -0.343590 0.078059
v 0.109232 -0.343258 -0.484517
v 0.065298 -0.343463 -0.485735
v -0.032224 -0.342960 -0.485487
v -0.125953 -0.343608 -0.444973
v -0.333429 -0.343482 0.321069
v -0.333337 -0.343449 0.264768
v -0.333524 -0.343532 0.092611
v -0.323433 -0.343800 0.082475
v -0.333476 -0.342485 0.022517
v -0.333525 -0.343578 -0.147136
v -0.189164 -0.343683 -0.485434
v -0.229547 -0.342188 -0.485039
v -0.282509 -0.342391 -0.485643
v -0.333462 -0.343548 -0.485134
v 0.331005 -0.342606 -0.485610
v -0.185771 -0.342500 0.485333
v -0.301076 -0.343846 0.485201
v 0.293520 -0.344037 0.486651
v 0.180131 -0.341726 -0.485133
v -0.018841 -0.342821 0.485571
v -0.115872 -0.342091 0.485242
v 0.227554 -0.341692 -0.484619
v 0.022316 -0.343405 -0.485418
v 0.110928 -0.341574 -0.484866
v -0.333863 -0.343279 0.018403
v -0.334379 -0.340746 0.152379
v -0.334524 0.079613 -0.014426
v -0.334296 -0.343654 0.333583
v -0.334346 0.078203 0.232246
v -0.334346 0.070387 0.323759
v -0.333152 0.079988 0.320787
v -0.334813 0.079675 0.380464
v -0.334203 -0.253432 0.485533
v -0.334069 -0.315575 0.485798
v -0.334348 -0.204019 0.485775
v -0.333662 -0.164866 0.486291
v -0.334229 -0.038164 0.485552
v -0.334128 0.079674 0.486518
v -0.333680 0.013577 0.486377
v -0.334961 0.079497 0.326768
v -0.333204 -0.343366 -0.011542
v -0.334373 0.042538 -0.179685
v -0.334394 0.077198 -0.203199
v -0.334350 0.056587 -0.189217
v -0.334947 0.079426 -0.228035
v -0.334386 0.044966 -0.228659
v -0.333389 0.080084 -0.280382
v -0.334372 -0.341544 -0.200962
v -0.333923 0.081312 -0.320083
v -0.335051 0.074041 -0.321994
v -0.334639 0.077547 -0.368008
v -0.334368 0.043531 -0.235171
v -0.334472 0.078701 -0.419425
v -0.334218 0.075229 -0.440271
v -0.334931 0.078195 -0.461068
v -0.334023 0.026804 -0.486196
v -0.334208 -0.127626 -0.485746
v -0.334351 -0.338572 -0.485842
v -0.334109 -0.280905 -0.486018
v -0.334343 -0.281368 -0.483464
v -0.333913 -0.343392 -0.268638
v -0.335920 0.077886 -0.349393
v -0.333474 0.081057 -0.233289
v -0.333857 -0.343379 0.486240
v -0.335001 0.079472 0.223329
v -0.334247 0.045891 -0.232421
v -0.332874 -0.253782 -0.485321
v -0.333479 -0.343222 -0.483306
v -0.332612 -0.049368 -0.485317
v -0.331732 0.043368 0.484584
v -0.333579 -0.091507 0.485435
v -0.331738 -0.075791 0.484867
v -0.331962 -0.153670 0.484843
v -0.332643 0.073205 0.483918
v -0.331906 0.045540 0.482486
v -0.333819 0.055152 0.485085
v 0.091843 -0.342757 0.484390
v -0.028530 -0.340684 0.485546
v 0.022329 -0.342579 0.484957
v -0.038716 -0.343311 0.484058
v 0.231665 -0.340704 0.485512
v 0.208331 -0.342869 0.484138
v 0.284278 -0.342548 0.484230
v 0.327701 -0.340569 0.485851
v -0.093115 -0.342356 0.484793
v -0.192494 -0.340720 0.485457
v 0.330832 -0.342830 0.484611
v 0.329793 -0.334478 0.484914
v 0.330899 -0.254429 0.485763
v 0.328894 -0.285876 0.485501
v -0.116407 -0.342400 0.485143
v -0.161526 -0.342996 0.483896
v -0.189013 -0.342484 0.483560
v 0.328992 -0.188169 0.485290
v 0.331060 -0.134989 0.485690
v 0.328883 -0.143251 0.485693
v 0.329010 -0.103422 0.485795
v 0.328858 -0.063993 0.485437
v 0.328926 -0.032664 0.484713
v 0.330878 0.004215 0.484574
v 0.328910 -0.007849 0.485915
v 0.329757 0.030048 0.483451
v -0.263027 -0.342838 0.484006
v -0.302540 -0.343011 0.484656
v -0.331028 -0.340373 0.487349
v -0.332940 -0.342712 0.485352
v -0.331539 -0.257578 0.484828
v -0.333576 -0.311045 0.483978
v -0.333109 -0.254138 0.484991
v -0.331866 -0.239684 0.485054
v -0.331339 -0.203520 0.485827
v -0.332907 -0.186102 0.484974
v -0.332898 -0.157653 0.484235
v -0.331318 -0.082752 0.484867
v -0.333614 -0.092870 0.484522
v -0.332692 -0.078081 0.485113
v -0.331837 -0.061162 0.484910
v -0.331420 -0.005633 0.483784
v -0.333253 -0.031355 0.484317
v -0.332981 0.019684 0.485152
v 0.331246 0.044507 0.485347
v 0.330121 0.065730 0.481778
v 0.328971 0.077168 0.486746
v 0.331274 0.077519 0.487004
v -0.329862 0.077724 0.484229
v -0.330426 0.075699 0.422809
v -0.331388 0.041284 0.483719
v -0.330854 -0.009737 0.485251
v -0.330609 -0.083060 0.485613
v -0.330561 -0.210767 0.485733
v -0.330403 0.077953 -0.151134
v -0.330425 0.075156 -0.150224
v -0.329778 0.077667 -0.217391
v -0.331102 -0.252852 0.485670
v -0.330446 -0.339760 0.485771
v -0.330085 0.078022 -0.296674
v -0.330373 0.077944 -0.486103
v -0.330255 -0.339526 0.386933
v -0.330407 -0.339627 -0.011962
v -0.330470 -0.099596 -0.481365
v -0.330425 -0.117970 -0.482931
v -0.331266 -0.145515 -0.484961
v -0.330843 -0.182648 -0.485771
v -0.330547 -0.244669 -0.485573
v -0.330325 -0.339604 -0.484092
v -0.332156 -0.089078 -0.485188
v -0.331395 -0.009760 -0.485458
v -0.332020 0.063863 -0.484936
v -0.332581 -0.061248 0.484981
v -0.329628 0.069063 0.485981
v -0.330918 -0.129122 -0.484855
v -0.332135 -0.337890 -0.485226
v -0.329746 -0.339664 0.137918
v -0.329731 -0.339494 0.261811
v -0.329752 -0.339577 0.379319
v -0.329087 -0.339670 0.390405
v -0.329719 -0.339409 0.255838
v -0.327393 -0.339672 -0.080818
v -0.328187 -0.339676 -0.080613
v -0.329735 -0.339582 -0.165450
v -0.329712 -0.339510 -0.296132
v -0.329829 -0.339709 -0.484141
v -0.244823 -0.339718 -0.483633
v -0.244823 -0.339682 -0.210787
v 0.189878 -0.339709 -0.483592
v 0.044638 -0.339823 -0.485953
v 0.327557 -0.340160 -0.485723
v 0.327365 -0.339423 -0.324670
v -0.244823 -0.339675 0.053018
v -0.132575 -0.339679 -0.059230
v 0.101993 -0.339677 -0.029212
v 0.327349 -0.339674 -0.179387
v 0.218815 -0.339678 -0.107094
v 0.077225 -0.339677 0.176086
v -0.097681 -0.339680 0.097790
v 0.155482 -0.339680 0.019573
v -0.259026 -0.339682 0.283318
v -0.294201 -0.339679 0.275502
v 0.327339 -0.339619 0.296745
v -0.045930 -0.339680 0.330673
v -0.329911 -0.340097 0.485751
v -0.192685 -0.339884 0.485984
v -0.039821 -0.340101 0.485808
v 0.107817 -0.339676 0.448700
v 0.237021 -0.339753 0.486001
v 0.107817 -0.339703 0.479689
v 0.107817 -0.339791 0.483575
v 0.327539 -0.339862 0.485807
v -0.329719 -0.339406 -0.080080
v -0.334138 -0.340881 -0.485432
v -0.325862 -0.339680 0.257333
v -0.334366 0.205544 -0.160972
v -0.334434 0.094639 -0.167845
v -0.334246 0.213370 -0.157270
v -0.334385 0.129326 -0.233489
v -0.334468 0.124745 -0.324564
v -0.334317 0.213355 -0.475646
v -0.334565 0.094662 -0.407882
v -0.334033 0.154877 -0.486147
v -0.334416 0.209445 -0.479583
v -0.334231 0.208665 -0.484497
v -0.334385 0.125255 0.325309
v -0.334813 0.094697 0.325800
v -0.334473 0.094654 0.443963
v -0.334372 0.096497 0.443967
v -0.334616 0.094791 0.484015
v -0.334396 0.125176 0.321739
v -0.334422 0.121750 0.320765
v -0.331206 0.122919 0.234332
v -0.333955 0.123526 0.228957
v -0.335450 0.125674 -0.228350
v -0.334327 0.213364 -0.157264
v -0.334331 0.213363 0.259607
v -0.334232 0.210572 0.443949
v -0.334446 0.213322 0.481923
v -0.334318 0.209969 0.482515
v -0.332855 0.210052 0.485314
v -0.334677 0.125313 -0.232802
v -0.333837 0.194847 -0.485554
v -0.333958 0.121825 -0.320678
v -0.333312 0.093909 0.485939
v -0.333570 0.210044 0.484839
v -0.331239 0.209270 0.486034
v -0.333001 0.095844 0.487711
v -0.331707 0.140284 0.484781
v -0.333321 0.151567 0.485433
v -0.331113 0.181025 0.483937
v -0.330904 0.094340 0.485618
v -0.330355 0.094540 0.049919
v -0.330208 0.094586 0.231398
v -0.330669 0.121992 0.232563
v -0.330164 0.209513 -0.091309
v -0.330628 0.122055 0.321329
v -0.330377 0.094477 0.322657
v -0.330330 0.094550 0.485744
v -0.330256 0.209549 0.304376
v -0.330855 0.136724 0.485723
v -0.330009 0.209423 0.475125
v -0.330280 0.209550 -0.309718
v -0.329947 0.209419 -0.485268
v -0.330726 0.122045 -0.232537
v -0.330133 0.094619 -0.166914
v -0.329986 0.094571 -0.321687
v -0.330789 0.181250 -0.485822
v -0.330267 0.094642 -0.485492
v -0.330814 0.094142 -0.232300
v -0.331324 0.181609 0.484339
v -0.331514 0.153873 -0.485514
v -0.330656 0.209678 0.485892
v -0.338023 0.212683 0.486953
v -0.333878 0.210410 0.484135
v -0.334720 0.214807 0.483531
v -0.156544 0.210980 -0.493342
v -0.159188 0.215120 -0.496924
v -0.139698 0.211391 -0.493526
v -0.138595 0.212926 -0.497393
v -0.126735 0.213287 -0.497143
v -0.115427 0.210433 -0.494491
v -0.110865 0.214746 -0.496476
v -0.108709 0.209760 -0.493851
v -0.125184 0.212422 -0.492859
v 0.009813 0.213854 -0.496245
v 0.009229 0.213020 -0.492525
v 0.000465 0.210547 -0.493715
v -0.001836 0.213120 -0.497453
v 0.016101 0.211243 -0.496882
v -0.050508 0.214313 -0.497320
v -0.054188 0.209724 -0.492690
v -0.062230 0.212099 -0.493384
v -0.052802 0.212372 -0.493406
v 0.327249 0.209612 0.483874
v 0.327567 0.210032 0.488070
v -0.200865 0.209777 0.488173
v -0.329839 0.209563 0.485694
v 0.327315 0.209574 0.257439
v 0.327405 0.209588 -0.407562
v 0.327452 0.209507 -0.485658
v -0.238016 0.209650 0.109224
v 0.288742 0.210037 -0.492326
v 0.266544 0.209683 -0.492446
v 0.267353 0.210848 -0.497696
v 0.240211 0.209940 -0.488776
v 0.241373 0.210569 -0.492017
v 0.154438 0.210034 -0.488421
v 0.073513 0.210116 -0.488821
v 0.047849 0.209686 -0.492368
v 0.016830 0.208948 -0.492635
v 0.031317 0.210231 -0.492219
v 0.009463 0.209838 -0.492439
v 0.000044 0.209825 -0.492218
v -0.002033 0.209415 -0.497466
v -0.049118 0.209632 -0.457485
v -0.031456 0.210858 -0.492274
v -0.046522 0.209709 -0.492092
v -0.033615 0.209448 -0.497408
v -0.062743 0.209992 -0.492940
v -0.094228 0.209765 -0.492206
v -0.077381 0.210003 -0.491790
v -0.108905 0.209365 -0.492247
v -0.329738 0.209578 0.384363
v -0.329769 0.209586 -0.485957
v -0.125826 0.210107 -0.492203
v -0.137974 0.210008 -0.492357
v -0.157037 0.209726 -0.492138
v -0.167918 0.210417 -0.491583
v -0.177608 0.209623 -0.488310
v -0.175216 0.210303 -0.491167
v -0.137867 0.209866 -0.497548
v -0.127403 0.208854 -0.497102
v -0.074260 0.210751 -0.496463
v -0.027001 0.209684 -0.490185
v -0.105357 0.209321 -0.497436
v -0.014985 0.208973 -0.492606
v 0.029176 0.209987 -0.497622
v -0.021799 0.210330 -0.492203
v 0.016678 0.210141 -0.497589
v -0.081062 0.213394 -0.494547
v 0.043937 0.212603 -0.493492
v -0.018850 0.213688 -0.494829
v 0.312903 0.212857 -0.489798
v -0.043287 0.207396 -0.496658
v -0.095930 0.208756 -0.496930
v -0.320746 0.210306 -0.487969
v 0.069234 0.210334 -0.491902
v -0.112660 0.213778 -0.494977
v 0.012333 0.215490 -0.494699
v -0.208582 0.210652 -0.488320
v -0.158943 0.213820 -0.494199
v 0.116931 0.210379 -0.488274
v -0.114405 0.210144 -0.492263
v -0.012918 0.212418 -0.497312
v -0.339856 0.210095 0.487884
v -0.334422 0.212133 0.484746
v -0.128059 0.209979 -0.497508
v -0.124200 0.210673 -0.492985
v -0.125209 0.213012 -0.496576
v -0.320527 0.083437 0.316394
v -0.320281 0.086200 0.315521
v -0.315513 0.085028 0.318160
v -0.322789 0.084205 0.281893
v -0.321894 0.083887 0.261934
v -0.319855 0.093554 0.233041
v -0.322833 0.083644 0.254343
v -0.320358 0.087255 0.233174
v -0.320240 0.083105 0.236290
v -0.322584 0.084028 0.293609
v -0.320563 0.083690 0.313502
v -0.320315 0.093063 0.320614
v -0.321249 0.085922 0.315168
v -0.320698 0.086958 0.320993
v -0.316180 0.083024 0.302432
v -0.316597 0.085748 0.297711
v -0.316605 0.082920 0.234962
v -0.315353 0.083066 0.314815
v -0.316790 0.085848 0.314941
v -0.316235 0.085841 0.234619
v -0.330629 0.121391 0.232836
v -0.333912 0.121786 0.320919
v -0.330370 0.120576 0.319988
v -0.334271 0.120280 0.233830
v -0.339717 0.083451 -0.228630
v -0.322779 0.084174 -0.301280
v -0.319947 0.093543 -0.321329
v -0.322259 0.084491 -0.239897
v -0.320507 0.093573 -0.233173
v -0.322383 0.085510 -0.313564
v -0.320336 0.087133 -0.232039
v -0.320183 0.086994 -0.321283
v -0.317915 0.081495 -0.238711
v -0.318494 0.085301 -0.240351
v -0.320867 0.083950 -0.241198
v -0.322657 0.083125 -0.244265
v -0.321767 0.083139 -0.302233
v -0.316679 0.083177 -0.247045
v -0.316543 0.086025 -0.283048
v -0.315892 0.083166 -0.313540
v -0.318263 0.085344 -0.240801
v -0.316860 0.086091 -0.312872
v -0.330743 0.121847 -0.321404
v -0.333856 0.121885 -0.232672
v -0.335859 0.079166 -0.431297
v -0.335382 0.077743 -0.460680
v -0.335218 0.077313 -0.368147
v -0.335350 0.079349 -0.326210
v -0.334650 0.078385 -0.349841
v -0.333370 0.075457 -0.338945
v -0.337911 0.074463 -0.323797
v -0.336255 0.079215 -0.453746
v -0.336729 0.079200 -0.486381
v -0.333660 0.076405 -0.485671
v -0.333375 -0.050764 -0.485752
v -0.331907 -0.075687 -0.484599
v -0.331490 -0.102922 -0.485947
v -0.333452 -0.132694 -0.483875
v -0.331512 -0.002881 -0.485894
v -0.333101 0.027008 -0.486050
v -0.331054 0.060808 -0.484742
v -0.333582 0.078383 -0.485307
v -0.330986 0.077349 -0.486238
v -0.331039 -0.142615 -0.484331
v -0.331281 -0.181994 -0.485539
v -0.333226 -0.287996 -0.485697
v -0.331208 -0.315782 -0.485563
v -0.333586 -0.343104 -0.483803
v -0.331540 -0.341655 -0.484986
v -0.327855 -0.127607 -0.484997
v -0.330153 -0.089214 -0.486151
v -0.331785 -0.099511 -0.481291
v 0.108480 -0.342389 -0.485553
v 0.182659 -0.340761 -0.483531
v 0.150720 -0.342926 -0.484250
v 0.071045 -0.342571 -0.483881
v 0.068736 -0.340671 -0.485557
v 0.054739 -0.343035 -0.486107
v 0.022816 -0.342854 -0.484540
v -0.109342 -0.340670 -0.485534
v -0.027500 -0.342366 -0.486009
v -0.035373 -0.343345 -0.485321
v -0.144617 -0.342279 -0.485001
v -0.203729 -0.340946 -0.482768
v -0.224538 -0.342511 -0.483910
v -0.283563 -0.342346 -0.485379
v -0.330444 -0.340526 -0.485782
v -0.331881 -0.342643 -0.485465
v 0.208219 -0.342523 -0.483315
v 0.241917 -0.342427 -0.486097
v 0.278834 -0.342724 -0.484348
v 0.330766 -0.342475 -0.485021
v 0.328680 -0.340122 -0.485507
v 0.330928 -0.315641 -0.485548
v 0.329101 -0.290507 -0.485224
v 0.331092 -0.220585 -0.485360
v 0.329183 -0.259644 -0.484239
v 0.329256 -0.193993 -0.486636
v 0.328998 -0.144186 -0.484985
v 0.330916 -0.081960 -0.484858
v 0.329345 -0.064566 -0.484868
v 0.329006 -0.020404 -0.484613
v 0.331217 0.077925 -0.486157
v 0.329224 0.032317 -0.485482
v 0.328995 0.076057 -0.485593
v -0.167859 0.212001 -0.492777
v -0.167653 0.213732 -0.495623
v -0.169327 0.210183 -0.492224
v -0.175847 0.210379 -0.489354
v -0.330258 0.210265 -0.486388
v -0.281012 0.212856 -0.490932
v -0.339412 0.213592 -0.487546
v -0.205820 0.210252 -0.488732
v -0.335207 0.209331 -0.486732
v -0.231573 0.214238 -0.491882
v -0.180067 0.213230 -0.489732
v -0.333421 0.207205 -0.483252
v -0.331564 0.179895 -0.485611
v -0.333137 0.151848 -0.484492
v -0.331368 0.156169 -0.486029
v -0.333718 0.094616 -0.485873
v -0.330591 0.094161 -0.485513
v -0.162669 0.210740 -0.494386
v -0.299090 0.088510 0.009007
v -0.299093 0.088162 -0.060815
v -0.298902 0.078714 0.011835
v -0.298360 0.084392 0.018330
v -0.299268 0.089235 0.021076
v -0.300700 0.091649 0.010796
v -0.299867 0.092204 0.053122
v -0.300236 0.093726 0.060057
v -0.301335 0.093630 0.135038
v -0.300519 0.091242 0.133354
v -0.298063 0.083242 0.116790
v -0.298446 0.081151 0.147454
v -0.300430 0.093815 0.144595
v -0.297724 0.081526 0.159054
v -0.298290 0.078855 0.192431
v -0.299794 0.089309 0.246397
v -0.299014 0.089583 0.269617
v -0.300246 0.093257 0.268273
v -0.300933 0.091723 0.236307
v -0.299555 0.088955 0.208884
v -0.298055 0.079582 0.289534
v -0.299136 0.080051 0.215300
v -0.297956 0.084140 0.286985
v -0.298521 0.088645 0.312268
v -0.301613 0.093457 0.313584
v -0.300366 0.086642 0.275005
v -0.297965 0.087854 0.287201
v -0.297844 0.084353 0.279128
v -0.299220 0.088611 0.237593
v -0.299137 0.088687 0.224673
v -0.298895 0.078984 0.171439
v -0.298025 0.080106 0.154984
v -0.299407 0.078598 0.184043
v -0.298780 0.087207 -0.049743
v -0.300409 0.080041 0.113154
v -0.298079 0.079982 -0.037338
v -0.301384 0.093609 0.013970
v -0.298236 0.082731 0.105369
v -0.301365 0.093618 -0.158169
v -0.299072 0.088210 -0.137422
v -0.298806 0.082537 -0.066880
v -0.298427 0.082839 -0.057875
v -0.299125 0.078705 -0.042508
v -0.298494 0.081553 -0.045408
v -0.297869 0.084356 -0.132961
v -0.298191 0.078944 -0.091775
v -0.298330 0.080935 -0.147471
v -0.298818 0.081603 -0.174231
v -0.300345 0.091634 -0.162315
v -0.301615 0.093461 -0.291447
v -0.300722 0.090434 -0.254995
v -0.297813 0.080981 -0.220182
v -0.299112 0.089379 -0.249430
v -0.298128 0.085912 -0.251700
v -0.298735 0.079556 -0.193191
v -0.299731 0.079816 -0.202499
v -0.299123 0.078713 -0.185064
v -0.299458 0.091773 -0.287819
v -0.299052 0.090379 -0.265518
v -0.298565 0.090157 -0.256749
v -0.301157 0.092170 -0.299919
v -0.299068 0.093943 -0.332087
v -0.301732 0.088197 -0.346423
v -0.297795 0.080681 -0.356201
v -0.298043 0.084380 -0.355472
v -0.299570 0.079372 -0.359370
v -0.298686 0.080981 -0.390930
v -0.297747 0.085678 -0.378597
v -0.299010 0.088566 -0.357709
v -0.301306 0.093590 -0.339669
v -0.298276 0.085855 -0.390727
v -0.298501 0.086250 -0.424376
v -0.301223 0.093645 -0.458447
v -0.295059 0.080945 -0.458275
v -0.298610 0.077909 -0.452053
v -0.298179 0.083559 -0.419804
v -0.298076 0.080334 -0.442049
v -0.299111 0.078675 -0.435792
v -0.297881 0.080347 -0.141479
v -0.298252 0.084071 -0.406430
v -0.298199 0.083678 -0.140907
v -0.297225 0.081761 0.344192
v -0.299534 0.079480 0.352178
v -0.300826 0.091716 0.321737
v -0.301564 0.093426 0.361181
v -0.299356 0.086682 0.458108
v -0.300911 0.084379 0.453535
v -0.299217 0.078759 0.468002
v -0.300110 0.090211 0.459276
v -0.300798 0.093740 0.464799
v -0.301902 0.088868 0.462521
v -0.296344 0.085065 0.461318
v -0.298443 0.093814 0.471916
v -0.298818 0.087269 0.324513
v -0.300053 0.081057 0.472311
v -0.297229 0.085441 0.472471
v -0.299113 0.081514 -0.045639
v -0.292928 0.084391 -0.066060
v -0.297945 0.084044 0.218250
v -0.298439 0.089332 0.208745
v -0.296190 0.084560 -0.133147
v -0.301039 0.082637 -0.174558
v -0.297081 0.079609 -0.191427
v -0.297805 0.077177 -0.194547
v -0.298768 0.089727 0.246458
v -0.298294 0.086123 0.243752
v -0.301255 0.093657 -0.167798
v -0.301369 0.093617 0.005621
v -0.302193 0.092980 0.313483
v -0.299036 0.088367 0.312219
v -0.301384 0.093612 0.352121
v -0.299201 0.088781 0.336436
v -0.297547 0.082350 0.343251
v -0.297138 0.085642 -0.378728
v -0.299583 0.080840 -0.391172
v -0.297653 0.080884 -0.401542
v -0.300158 0.084995 -0.423826
v -0.299242 0.088868 -0.419932
v -0.296993 0.077204 0.467698
v -0.298490 0.084770 0.453299
v -0.295432 0.085283 0.458960
v -0.301499 0.081887 0.469947
v -0.299140 0.078717 -0.098498
v -0.024763 0.078795 0.459589
v -0.026608 0.080112 0.458708
v -0.041781 0.077627 0.460653
v -0.043626 0.079157 0.459503
v 0.000479 0.080476 0.461194
v 0.009980 0.080324 0.458665
v 0.019055 0.080715 0.461242
v -0.043597 0.078204 0.471908
v -0.050474 0.078441 0.474668
v -0.243110 0.081496 0.473613
v -0.239465 0.079065 0.474680
v -0.157505 0.079358 0.475694
v -0.122459 0.082187 0.474517
v -0.211568 0.082075 0.474407
v -0.120292 0.079879 0.474701
v -0.043326 0.082159 0.472355
v -0.043672 0.078790 0.472730
v -0.298573 0.079329 0.473343
v -0.297730 0.082273 0.472351
v -0.242041 0.081536 0.476142
v -0.301075 0.082706 0.496395
v -0.306654 0.084268 0.495883
v -0.301129 0.085747 0.496396
v -0.306468 0.084106 0.496769
v -0.300689 0.082576 0.501426
v -0.298351 0.085376 0.495134
v -0.300270 0.086204 0.501272
v -0.293185 0.083037 0.496171
v -0.286430 0.084993 0.495655
v -0.292668 0.085745 0.496825
v -0.297772 0.085032 0.493065
v -0.286759 0.082661 0.501606
v -0.284839 0.085249 0.497896
v -0.287119 0.087124 0.500311
v -0.300986 0.084340 0.469951
v -0.303668 0.085304 0.474645
v -0.299066 0.085974 0.473998
v -0.304657 0.082961 0.241650
v -0.304751 0.084660 0.239377
v -0.303943 0.082951 0.313350
v -0.303545 0.083823 0.217853
v -0.303173 0.083399 0.348914
v -0.306263 0.084644 -0.231644
v -0.305134 0.085539 -0.261563
v -0.303743 0.085708 -0.309870
v -0.304290 0.082968 -0.310744
v -0.304943 0.084187 -0.338813
v -0.302911 0.085906 -0.462737
v -0.303289 0.084343 -0.462706
v -0.302445 0.085296 -0.261481
v -0.303110 0.084367 0.237749
v -0.303878 0.084296 -0.233045
v -0.304387 0.085587 -0.233914
v -0.303072 0.085762 0.472558
v -0.303394 0.084269 0.351143
v -0.302685 0.085518 0.311625
v -0.304597 0.084312 0.312235
v -0.305333 0.085697 0.312372
v -0.304247 0.084339 0.240471
v -0.298444 0.086708 0.472784
v -0.295793 0.089791 0.470722
v -0.260480 0.089171 0.471673
v -0.259659 0.086540 0.472574
v -0.298186 0.089926 0.471429
v -0.258898 0.086337 0.465984
v -0.259037 0.090210 0.468079
v -0.254071 0.087858 0.465981
v -0.294088 0.090605 0.472954
v -0.292006 0.091861 0.462075
v -0.294722 0.093746 0.472546
v -0.294824 0.090014 0.471987
v -0.294492 0.090622 0.462822
v -0.259637 0.090517 0.465845
v -0.259979 0.089526 0.472007
v -0.264009 0.088613 0.463544
v -0.259343 0.089100 0.460586
v -0.297389 0.086903 0.458901
v -0.297675 0.087302 0.461924
v -0.298330 0.087041 0.461717
v -0.264227 0.091426 0.459590
v -0.294264 0.091357 0.460318
v -0.258423 0.087002 0.461400
v -0.259020 0.092669 0.460557
v -0.298043 0.093054 0.461111
v -0.297928 0.093754 0.458206
v -0.258918 0.093537 0.459314
v -0.259020 0.086826 0.459233
v -0.297824 0.086571 0.457553
v -0.283237 0.089972 -0.449788
v -0.289903 0.089911 -0.458548
v -0.271118 0.090163 -0.458196
v -0.293936 0.089977 -0.449665
v -0.293980 0.091056 -0.443975
v -0.282096 0.091956 -0.444790
v -0.272789 0.088865 -0.451252
v -0.254994 0.087018 -0.448071
v -0.262292 0.087798 -0.450134
v -0.282142 0.086120 -0.448000
v -0.257274 0.085257 -0.453468
v -0.256011 0.082656 -0.458289
v -0.253837 0.085922 -0.453294
v -0.252564 0.085115 -0.451076
v -0.254741 0.083323 -0.451482
v -0.255460 0.083185 -0.458812
v -0.252814 0.082515 -0.458356
v -0.282781 0.086446 -0.447054
v -0.256610 0.086584 -0.447415
v -0.253702 0.089647 -0.448058
v -0.275547 0.091089 -0.446972
v -0.254701 0.084730 -0.454014
v -0.282707 0.091765 -0.445293
v -0.275600 0.094052 -0.446359
v -0.293253 0.092265 -0.446536
v -0.273996 0.093351 -0.439807
v -0.273196 0.091962 -0.446937
v -0.271054 0.092116 -0.439037
v -0.255595 0.085167 -0.453018
v -0.255701 0.093721 -0.458693
v -0.256102 0.086020 -0.458825
v -0.254990 0.082818 -0.459412
v -0.258231 0.084938 -0.463861
v -0.267237 0.087047 -0.450756
v -0.264979 0.092895 -0.449749
v -0.255491 0.093465 -0.450325
v -0.271410 0.089724 -0.449647
v -0.282337 0.088965 -0.447540
v -0.256427 0.086225 -0.453482
v -0.266889 0.091541 -0.452296
v -0.260254 0.085221 -0.450436
v -0.269228 0.085919 -0.451852
v -0.281945 0.087778 -0.448408
v -0.181453 0.081499 -0.459397
v -0.222815 0.089337 -0.459049
v -0.144668 0.080046 -0.459669
v -0.132603 0.088263 -0.460419
v -0.096690 0.090017 -0.459934
v -0.091775 0.079541 -0.460900
v -0.230695 0.079137 -0.459215
v -0.254173 0.082329 -0.460159
v -0.246389 0.093612 -0.462651
v -0.224927 0.079703 -0.460203
v -0.182075 0.080301 -0.460910
v -0.026991 0.087811 -0.459400
v -0.033109 0.079655 -0.461064
v -0.012580 0.078916 -0.459131
v -0.012878 0.088346 -0.460736
v -0.263296 0.079972 -0.457875
v -0.248362 0.090102 -0.456289
v -0.274703 0.089775 -0.458646
v -0.257102 0.085854 -0.458912
v -0.297355 0.079343 -0.458243
v -0.297140 0.083297 -0.458472
v -0.269900 0.093042 -0.461857
v -0.300920 0.092997 -0.460285
v -0.291373 0.093541 -0.458607
v -0.012276 0.089755 -0.458585
v -0.009409 0.080447 -0.453248
v -0.013367 0.079233 -0.458790
v -0.011680 0.093313 -0.462831
v 0.014705 0.079251 -0.453188
v -0.011159 0.079974 -0.452979
v 0.007187 0.092583 -0.451760
v 0.014727 0.093524 -0.451778
v -0.011156 0.093339 -0.451820
v -0.257720 0.083023 -0.462886
v -0.302422 0.083029 -0.462696
v -0.257629 0.085633 -0.462788
v -0.277013 0.082660 0.501397
v -0.277687 0.086729 0.500975
v -0.274581 0.085304 0.495069
v -0.251850 0.086967 0.471021
v -0.236055 0.093581 0.472973
v -0.236045 0.086599 0.472591
v -0.257023 0.093018 0.473766
v -0.254265 0.086853 0.472651
v -0.256523 0.093406 0.471725
v -0.258780 0.093176 0.465309
v -0.273195 0.090986 -0.438049
v -0.253615 0.090059 -0.447165
v -0.254380 0.091573 -0.438383
v -0.275197 0.089808 -0.445519
v -0.252489 0.089719 -0.446345
v -0.253585 0.083082 -0.458196
v -0.254842 0.083940 -0.452183
v -0.252747 0.093401 -0.448669
v -0.248869 0.092786 -0.460717
v -0.256873 0.092266 -0.440383
v -0.270924 0.093204 -0.454879
v -0.272720 0.093477 -0.460038
v -0.271330 0.088466 -0.453110
v -0.007995 0.085607 -0.463344
v -0.255692 0.085805 -0.463013
v -0.256112 0.083266 -0.463583
v -0.007109 0.083759 -0.462799
v -0.007671 0.089329 -0.461371
v -0.235086 0.086902 0.464934
v -0.236067 0.093921 0.472392
v -0.235693 0.092855 0.464817
v -0.234026 0.087336 0.464735
v -0.235743 0.091906 0.467764
v -0.236981 0.087871 0.472873
v -0.051549 0.089335 0.471953
v 0.021523 0.089232 0.471417
v -0.064438 0.086764 0.472369
v -0.057923 0.090612 0.470881
v 0.021397 0.086495 0.472541
v -0.060015 0.094144 0.471581
v 0.025734 0.092839 0.470971
v 0.027361 0.086354 0.472211
v 0.031178 0.091288 0.471457
v 0.048290 0.088303 0.469959
v 0.023332 0.080370 0.474836
v 0.027308 0.082173 0.472774
v 0.100298 0.079390 0.474421
v 0.105758 0.081743 0.474742
v 0.032946 0.094102 0.472023
v -0.044230 0.090781 0.467560
v -0.043679 0.093416 0.468392
v 0.224189 0.081957 0.473820
v 0.238316 0.079367 0.473244
v 0.282944 0.081324 0.475761
v 0.295773 0.080307 0.470946
v 0.294400 0.082070 0.468671
v -0.065103 0.093309 0.471757
v -0.111730 0.086616 0.472758
v -0.098282 0.090104 0.472471
v -0.099486 0.092817 0.474231
v -0.129886 0.086616 0.473982
v -0.106242 0.090158 0.473765
v -0.132591 0.093527 0.474776
v -0.162858 0.087063 0.475799
v -0.220919 0.093365 0.474260
v -0.185094 0.086837 0.475484
v -0.217179 0.086954 0.474561
v -0.231759 0.086841 0.471423
v -0.232112 0.093654 0.472464
v -0.106447 0.093840 0.472408
v -0.092460 0.093853 0.472532
v 0.042648 0.092912 0.466984
v 0.045692 0.090004 0.466068
v 0.049085 0.092898 0.471314
v 0.156531 0.086836 0.476243
v 0.105416 0.086539 0.474419
v 0.221256 0.093631 0.474717
v 0.184829 0.087328 0.476772
v 0.225807 0.086852 0.473906
v 0.225239 0.092998 0.472000
v 0.092185 0.087721 0.472474
v 0.085961 0.093353 0.472162
v 0.074391 0.088403 0.469745
v 0.076601 0.093178 0.470830
v 0.073620 0.085830 0.470210
v 0.064036 0.086809 0.471321
v 0.066832 0.092872 0.473686
v 0.059435 0.089155 0.466975
v 0.049109 0.086582 0.472035
v 0.048299 0.090146 0.470322
v 0.053128 0.090131 0.469277
v 0.056515 0.092671 0.466685
v 0.050075 0.092956 0.470474
v 0.057207 0.090916 0.464635
v 0.052999 0.094726 0.462452
v 0.060093 0.092156 0.461769
v -0.125603 0.086629 -0.460361
v -0.012415 0.093657 -0.463274
v -0.093579 0.090036 -0.460119
v -0.024918 0.086805 -0.460083
v -0.224273 0.089045 -0.459382
v -0.243271 0.093717 -0.462986
v -0.243504 0.090853 -0.459556
v -0.010763 0.087336 -0.460393
v -0.244070 0.090113 -0.459752
v -0.244492 0.092832 -0.462900
v -0.244531 0.093113 -0.459369
v -0.196399 0.082320 -0.498889
v -0.200267 0.085610 -0.499831
v -0.245954 0.083179 -0.497571
v -0.245770 0.085779 -0.497642
v 0.080087 0.086389 -0.498137
v 0.046122 0.089112 -0.501311
v 0.080789 0.088706 -0.501384
v 0.065516 0.087530 -0.498195
v 0.052314 0.086489 -0.498147
v 0.043001 0.085779 -0.499431
v 0.091737 0.087334 -0.498128
v 0.111552 0.087304 -0.497460
v 0.122638 0.088695 -0.501480
v -0.007126 0.086880 -0.498887
v -0.019556 0.089221 -0.501233
v -0.016680 0.086227 -0.497808
v -0.028919 0.086992 -0.499124
v -0.044166 0.087476 -0.496958
v -0.050063 0.084908 -0.498242
v -0.051862 0.086685 -0.498717
v -0.099250 0.089008 -0.501249
v -0.062803 0.087635 -0.498438
v -0.075523 0.086410 -0.498082
v -0.058019 0.086049 -0.497676
v -0.090614 0.085719 -0.498427
v -0.105545 0.087180 -0.496974
v 0.130089 0.085062 -0.498680
v -0.080299 0.085883 -0.497743
v -0.112633 0.086705 -0.497842
v -0.118449 0.086464 -0.498195
v -0.121483 0.088213 -0.496988
v -0.135033 0.086398 -0.499119
v -0.142544 0.086004 -0.498192
v -0.150831 0.087356 -0.499483
v -0.165170 0.088806 -0.496460
v -0.166532 0.088258 -0.497897
v -0.179987 0.089949 -0.499667
v -0.137029 0.088198 -0.496844
v -0.175620 0.086820 -0.497483
v -0.178416 0.084553 -0.500935
v -0.190279 0.086974 -0.497577
v -0.198446 0.089227 -0.500850
v -0.200374 0.085869 -0.498017
v 0.135937 0.086780 -0.497992
v 0.175159 0.088003 -0.501371
v 0.148834 0.085716 -0.498445
v 0.161403 0.086863 -0.497561
v 0.169451 0.087917 -0.496630
v 0.193204 0.086995 -0.497663
v 0.182381 0.088595 -0.501790
v 0.201226 0.089770 -0.501465
v 0.200475 0.088953 -0.497825
v 0.207534 0.086092 -0.502790
v -0.190325 0.082161 -0.500954
v -0.190794 0.085779 -0.498108
v -0.193884 0.083372 -0.497552
v -0.189246 0.087092 -0.501984
v -0.184797 0.084936 -0.495623
v -0.182928 0.086243 -0.499769
v -0.184500 0.082663 -0.501844
v -0.182918 0.085054 -0.493522
v -0.178527 0.083149 -0.497405
v -0.175284 0.082243 -0.499100
v -0.179905 0.086677 -0.499221
v -0.139186 0.083562 -0.497843
v -0.135759 0.085807 -0.498281
v -0.135171 0.082919 -0.501408
v -0.133843 0.086538 -0.501038
v -0.121325 0.084798 -0.501781
v -0.167149 0.081025 -0.496767
v -0.165487 0.082278 -0.499090
v -0.167585 0.080176 -0.501038
v -0.174875 0.087519 -0.502321
v -0.142345 0.082747 -0.501444
v -0.145893 0.081088 -0.497604
v -0.142921 0.082111 -0.498490
v -0.176369 0.081291 -0.500461
v -0.177481 0.087072 -0.501606
v -0.182695 0.082280 -0.500163
v -0.183452 0.086853 -0.501852
v -0.159750 0.212065 -0.493178
v -0.157368 0.210235 -0.492210
v -0.138932 0.213185 -0.492903
v -0.125292 0.212322 -0.493714
v -0.114079 0.211711 -0.488081
v -0.102643 0.090357 0.472068
v -0.106241 0.089685 0.471441
v -0.102324 0.088303 0.467896
v -0.104762 0.093751 0.462134
v -0.106509 0.088100 0.466152
v -0.104331 0.092284 0.472150
v -0.104543 0.092728 0.461115
v -0.100820 0.093622 0.473486
v -0.100354 0.087698 0.466716
v -0.099588 0.089997 0.467992
v -0.096173 0.092403 0.472875
v -0.099310 0.093567 0.464052
v -0.097800 0.088794 0.462231
v -0.097945 0.090785 0.472233
v -0.095030 0.090249 0.465569
v -0.092255 0.090500 0.472249
v -0.098545 0.090200 0.464603
v -0.095641 0.089025 0.462800
v -0.091832 0.090724 0.471323
v -0.097985 0.088685 0.462772
v -0.095182 0.092231 0.472542
v -0.096664 0.092373 0.463691
v -0.120111 0.085644 -0.496272
v -0.120551 0.079517 -0.499344
v -0.118650 0.084557 -0.498891
v -0.106099 0.085681 -0.496309
v -0.101837 0.083173 -0.501093
v -0.102807 0.082951 -0.496481
v -0.089612 0.080761 -0.497671
v -0.089736 0.083103 -0.501754
v -0.101445 0.083628 -0.500818
v -0.087049 0.080515 -0.497923
v -0.096604 0.209885 -0.497647
v -0.092533 0.210629 -0.493142
v -0.094070 0.213146 -0.496347
v -0.076861 0.210123 -0.493506
v -0.080444 0.211051 -0.496315
v -0.084637 0.210788 -0.493914
v -0.093876 0.211333 -0.496842
v -0.076252 0.212808 -0.497396
v -0.093980 0.212602 -0.493128
v -0.094009 0.210799 -0.494611
v -0.084372 0.212596 -0.494011
v -0.084640 0.210425 -0.492177
v -0.068336 0.083675 0.500555
v -0.059572 0.083178 0.500557
v -0.052249 0.083708 0.497175
v -0.075526 0.083623 0.496829
v -0.074619 0.082707 0.500134
v -0.053367 0.083400 0.500618
v -0.075604 0.084468 0.501742
v -0.075964 0.084179 0.498131
v -0.080911 0.085571 -0.497835
v -0.084622 0.083960 -0.500349
v -0.088212 0.081972 -0.500564
v -0.078586 0.082476 -0.500862
v -0.082110 0.080473 -0.496702
v -0.089517 0.081157 -0.497244
v -0.048527 0.084160 -0.500458
v -0.053043 0.084608 -0.502810
v -0.054826 0.082938 -0.500526
v -0.043082 0.081095 -0.499331
v -0.069873 0.085099 -0.496059
v -0.069799 0.084437 -0.502698
v -0.070175 0.082933 -0.499970
v -0.057630 0.080875 -0.497190
v -0.060081 0.082207 -0.498933
v -0.072924 0.085594 -0.498003
v -0.074719 0.212340 -0.491856
v -0.078846 0.211604 -0.496097
v -0.075144 0.209639 -0.496801
v -0.052526 0.210849 -0.491408
v -0.052799 0.212985 -0.493908
v -0.062948 0.212007 -0.489811
v -0.065131 0.209793 -0.497474
v -0.062232 0.212633 -0.496660
v -0.060177 0.210748 -0.493652
v -0.044537 0.078668 0.460004
v -0.045247 0.084043 0.463451
v -0.039289 0.079391 0.474649
v -0.045476 0.083768 0.496281
v -0.047573 0.083178 0.497259
v -0.012682 0.082386 0.500784
v -0.004448 0.083444 0.497859
v -0.045221 0.085592 0.499878
v -0.043679 0.085618 0.500598
v -0.011284 0.090479 0.499923
v -0.037532 0.087469 0.497695
v -0.011969 0.086341 0.497985
v -0.023719 0.089697 0.471771
v 0.001579 0.090198 0.459145
v -0.019938 0.090853 0.459381
v -0.022228 0.088903 0.461476
v 0.022462 0.089929 0.472150
v 0.024940 0.090442 0.462903
v -0.044014 0.090770 0.468897
v -0.038472 0.090863 0.460898
v -0.042512 0.090155 0.463290
v 0.025036 0.090045 0.469919
v -0.057727 0.091848 0.473204
v -0.028132 0.079258 0.460438
v -0.021219 0.083928 0.457606
v -0.045187 0.078882 0.459160
v -0.036832 0.093610 0.459240
v -0.020494 0.091158 0.460802
v -0.038412 0.090574 0.457892
v 0.015764 0.078699 0.458637
v 0.000379 0.080910 0.459311
v 0.029828 0.093345 0.459849
v 0.002530 0.090845 0.460198
v 0.002984 0.087127 0.459225
v 0.026012 0.086939 0.459710
v -0.040028 0.093298 0.458720
v -0.057890 0.087498 0.461058
v -0.056279 0.093322 0.459875
v -0.043246 0.086169 0.458845
v 0.019439 0.079991 0.460893
v -0.043893 0.093338 0.462354
v -0.041590 0.090005 0.460255
v -0.055657 0.093234 0.461633
v -0.042696 0.084359 0.465029
v -0.021261 0.088142 0.461474
v -0.023672 0.082557 0.462598
v -0.057845 0.088285 0.460955
v -0.043903 0.086881 0.460129
v -0.043392 0.086214 0.462380
v -0.058546 0.087208 0.461234
v -0.044150 0.090916 0.468223
v -0.043066 0.093521 0.468670
v -0.041355 0.091882 0.462642
v -0.050800 0.081651 -0.498561
v -0.048116 0.082702 -0.495859
v -0.046675 0.082123 -0.500363
v -0.041272 0.081841 -0.500631
v -0.042114 0.080529 -0.497209
v -0.038747 0.082982 -0.499946
v -0.018846 0.082269 -0.501603
v -0.019716 0.078956 -0.496152
v -0.016293 0.081385 -0.499295
v -0.041630 0.085565 -0.497769
v -0.045827 0.210524 -0.492211
v -0.044169 0.208274 -0.497356
v -0.047072 0.211822 -0.496926
v -0.033913 0.210698 -0.496945
v -0.031237 0.209742 -0.492078
v -0.021971 0.213910 -0.495538
v -0.015219 0.210724 -0.496705
v -0.009707 0.085607 0.499336
v -0.005396 0.082022 0.499086
v -0.002841 0.080803 0.500269
v -0.023661 0.082717 0.461858
v -0.020662 0.082461 0.458994
v -0.023560 0.090816 0.459941
v 0.027286 0.087140 0.462463
v 0.024924 0.091519 0.459869
v 0.002964 0.087332 0.461462
v 0.001912 0.090024 0.462613
v 0.029693 0.092581 0.459939
v 0.022824 0.092724 0.471402
v 0.025114 0.091056 0.463356
v 0.025440 0.093568 0.462939
v 0.298602 0.085787 -0.463248
v 0.011740 0.085808 -0.462936
v 0.011051 0.083245 -0.463546
v 0.005683 0.086226 -0.455445
v -0.007292 0.082982 -0.455761
v 0.010932 0.084906 -0.455633
v -0.008210 0.090191 -0.462149
v 0.005562 0.089647 -0.455708
v -0.007401 0.089615 -0.455671
v -0.008376 0.088596 -0.465592
v 0.005184 0.089698 -0.462026
v 0.003992 0.086639 -0.456645
v 0.004597 0.089456 -0.461721
v 0.005600 0.086416 -0.462564
v 0.020297 0.081858 -0.498850
v 0.020850 0.083666 -0.501797
v -0.015332 0.084302 -0.500657
v -0.014245 0.080831 -0.500943
v 0.022981 0.081427 -0.498067
v 0.040269 0.083165 -0.499634
v 0.038823 0.084524 -0.502499
v 0.035918 0.082248 -0.499073
v 0.023607 0.082885 -0.500481
v 0.042493 0.081529 -0.496174
v 0.046099 0.082312 -0.500340
v -0.014270 0.210132 -0.494671
v -0.015299 0.212725 -0.494298
v -0.020910 0.212343 -0.496788
v 0.020569 0.078948 0.470992
v 0.021366 0.081624 0.470664
v 0.017398 0.079242 0.460795
v 0.007630 0.084703 0.499967
v 0.014820 0.084043 0.500024
v 0.014101 0.083248 0.501623
v 0.220528 0.081431 0.500795
v 0.220527 0.081946 0.498899
v 0.043051 0.083721 0.500538
v 0.042187 0.082666 0.498644
v 0.224645 0.082025 0.499173
v 0.299703 0.083042 0.499963
v 0.300375 0.082031 0.501366
v 0.115773 0.088745 0.501494
v 0.131075 0.088656 0.500950
v 0.069681 0.087105 0.496065
v 0.057668 0.086007 0.496000
v 0.039459 0.086216 0.497999
v 0.047559 0.085383 0.491133
v 0.130020 0.085556 0.495470
v 0.156118 0.086000 0.497428
v 0.163218 0.087874 0.501114
v 0.167245 0.086096 0.492529
v 0.181600 0.086879 0.497806
v 0.202098 0.087815 0.500698
v 0.207111 0.085936 0.497626
v 0.219808 0.088913 0.499693
v 0.216851 0.086170 0.497011
v 0.011301 0.086317 0.498137
v 0.008806 0.087496 0.499704
v 0.055796 0.088592 0.501711
v 0.016358 0.089088 0.501542
v 0.223201 0.088431 0.499547
v 0.233581 0.086460 0.497633
v 0.238326 0.086306 0.495186
v 0.280594 0.086627 0.497467
v 0.299655 0.088143 0.501679
v 0.299782 0.084664 0.495687
v 0.238531 0.088655 0.501312
v 0.040823 0.090483 0.470160
v 0.044028 0.094478 0.467139
v 0.050684 0.087834 0.468775
v 0.036773 0.088845 0.471009
v 0.009032 0.355258 0.138756
v 0.009066 0.355399 0.173572
v 0.009136 0.214028 0.173654
v 0.149391 0.235382 0.173596
v 0.035382 0.233930 0.173708
v 0.178190 0.214190 0.173429
v 0.178036 0.355224 0.173475
v 0.150172 0.321336 0.173687
v 0.009650 0.355252 0.173463
v 0.037479 0.319820 0.173677
v 0.143689 0.320119 0.173273
v 0.149331 0.318213 0.173414
v 0.036851 0.238929 0.173086
v 0.039360 0.235272 0.173180
v 0.009483 0.214187 0.138717
v 0.009691 0.214167 0.173526
v 0.178072 0.213960 0.140030
v 0.173039 0.214277 0.138747
v 0.178176 0.355160 0.138892
v 0.178337 0.214468 0.138988
v 0.145590 0.316204 0.177515
v 0.181919 0.358844 0.177308
v 0.039700 0.317589 0.177608
v 0.040759 0.239248 0.177473
v 0.145674 0.239144 0.177327
v 0.040774 0.312778 0.177329
v 0.005190 0.359352 0.134602
v 0.005122 0.218600 0.134540
v 0.005363 0.218443 0.177618
v 0.005256 0.359141 0.177576
v 0.005959 0.358975 0.177320
v 0.005851 0.359043 0.134922
v 0.109332 0.359727 0.136939
v 0.181881 0.359410 0.177446
v 0.182208 0.218062 0.177224
v 0.150458 0.322162 0.138704
v 0.177925 0.212466 0.138925
v 0.149433 0.235356 0.138776
v 0.009702 0.355246 0.138934
v 0.037227 0.319842 0.138597
v 0.027340 0.272868 0.138508
v 0.028961 0.271954 0.138809
v 0.027297 0.271023 0.138437
v 0.035819 0.234155 0.138572
v 0.142670 0.320146 0.139100
v 0.036879 0.238906 0.139031
v 0.039337 0.235279 0.138982
v 0.149176 0.235856 0.138975
v 0.149133 0.235864 0.173382
v 0.149323 0.318264 0.138823
v 0.040419 0.317817 0.134754
v 0.029252 0.272977 0.134988
v 0.145576 0.316272 0.134896
v 0.181927 0.358898 0.135075
v 0.145697 0.239166 0.134961
v 0.040752 0.239205 0.134771
v 0.073431 0.218250 0.134415
v 0.182009 0.217972 0.134825
v 0.027248 0.272920 0.134816
v 0.028227 0.271018 0.134028
v 0.005679 0.218172 0.134592
v 0.044565 0.316336 0.134926
v 0.040779 0.313770 0.135109
v 0.144746 0.239768 0.177466
v 0.159215 0.077698 -0.462553
v 0.223739 0.080143 -0.459487
v 0.295115 0.079634 -0.459079
v 0.274357 0.079997 -0.463361
v 0.099819 0.079868 -0.459295
v 0.030289 0.078015 -0.462685
v 0.022233 0.080114 -0.461926
v 0.059094 0.083495 -0.459095
v 0.296285 0.078961 -0.460694
v 0.017575 0.081659 -0.459936
v 0.015622 0.079313 -0.459349
v 0.118221 0.083310 -0.457991
v 0.103100 0.083241 -0.459759
v 0.169147 0.084194 -0.460468
v 0.211339 0.085402 -0.461297
v 0.200901 0.083478 -0.461770
v 0.017340 0.087109 -0.456554
v 0.016389 0.088940 -0.458009
v 0.013557 0.080423 -0.452773
v 0.016279 0.078991 -0.458986
v 0.014733 0.093648 -0.462876
v 0.217965 0.091197 -0.462248
v 0.239012 0.091064 -0.461113
v 0.030239 0.090794 -0.461910
v 0.029234 0.093786 -0.462903
v 0.161862 0.090807 -0.462204
v 0.016200 0.087971 -0.457048
v 0.017794 0.093047 -0.459695
v 0.015692 0.092057 -0.465166
v 0.246044 0.093363 -0.461085
v 0.252094 0.093821 -0.461381
v 0.253491 0.093598 -0.458689
v 0.168929 0.083781 -0.459216
v 0.211131 0.084381 -0.458822
v 0.164465 0.089259 -0.460816
v 0.132939 0.089763 -0.459545
v 0.200558 0.082064 -0.460470
v 0.132684 0.083728 -0.458404
v 0.102753 0.082861 -0.459467
v 0.102407 0.081166 -0.460625
v 0.030516 0.089479 -0.459667
v 0.017762 0.080947 -0.458879
v 0.019903 0.088699 -0.458820
v 0.207649 0.089451 -0.460261
v 0.238070 0.089450 -0.459746
v 0.224269 0.079699 -0.458051
v 0.266953 0.079719 -0.459154
v 0.241735 0.093859 -0.460697
v 0.294835 0.080335 -0.459799
v 0.294329 0.092404 -0.456883
v 0.027828 0.093132 -0.460367
v 0.011261 0.210656 -0.495817
v 0.017338 0.210226 -0.492388
v 0.016537 0.212573 -0.494276
v 0.009672 0.213361 -0.496124
v 0.243169 0.215003 -0.491973
v 0.068954 0.215213 -0.492958
v 0.255532 0.214732 -0.497393
v 0.229388 0.213128 -0.490348
v 0.240237 0.212536 -0.489271
v 0.044501 0.213854 -0.497210
v 0.073163 0.212543 -0.490472
v 0.047048 0.212046 -0.493831
v 0.252495 0.211198 -0.494735
v 0.266440 0.210616 -0.494484
v 0.039697 0.211243 -0.493677
v 0.030410 0.213378 -0.493136
v 0.028298 0.210501 -0.497177
v 0.029332 0.212754 -0.497391
v 0.034981 0.210933 -0.495466
v 0.239672 0.211233 -0.486880
v 0.242959 0.211321 -0.490342
v 0.245601 0.213593 -0.493645
v 0.253142 0.213390 -0.491324
v 0.267184 0.212045 -0.489200
v 0.046951 0.212768 -0.493844
v 0.043718 0.210111 -0.494425
v 0.045725 0.210836 -0.490470
v 0.040663 0.213945 -0.493981
v 0.134511 0.210326 -0.488307
v 0.075414 0.213045 -0.491177
v 0.072478 0.211042 -0.487957
v 0.158634 0.210147 -0.489230
v 0.236257 0.213378 -0.490154
v 0.069023 0.214458 -0.494009
v 0.031667 0.212995 -0.493574
v 0.058456 0.087673 0.467968
v 0.052911 0.090013 0.468337
v 0.062043 0.091918 0.467491
v 0.054345 0.092324 0.465165
v 0.056870 0.092182 0.463520
v 0.059744 0.092925 0.460978
v 0.062276 0.088952 0.471833
v 0.066176 0.091480 0.471140
v 0.063083 0.091356 0.467710
v 0.058553 0.091540 0.461891
v 0.061797 0.093234 0.468815
v 0.063006 0.092789 0.473595
v 0.037549 0.236983 0.173478
v 0.037587 0.236731 0.138736
v 0.037530 0.317558 0.138702
v 0.037388 0.317664 0.173512
v 0.148413 0.236028 0.138691
v 0.148588 0.235853 0.173567
v 0.037664 0.235894 0.138782
v 0.038095 0.235473 0.173203
v 0.043903 0.314989 0.136794
v 0.041532 0.239992 0.134708
v 0.040417 0.314250 0.135604
v 0.041126 0.313596 0.177060
v 0.041437 0.239810 0.177507
v 0.041943 0.315165 0.172401
v 0.144581 0.315811 0.177505
v 0.041661 0.314302 0.175855
v 0.046155 0.315632 0.134861
v 0.143889 0.315086 0.148022
v 0.041945 0.315035 0.139363
v 0.144899 0.316231 0.135048
v 0.043238 0.316417 0.177193
v 0.036793 0.318822 0.138534
v 0.150239 0.319667 0.138945
v 0.149988 0.319876 0.173207
v 0.037067 0.318455 0.174062
v 0.145089 0.239707 0.135008
v 0.145507 0.310264 0.135185
v 0.145312 0.315836 0.177170
v 0.145341 0.239735 0.177143
v 0.144144 0.315484 0.134734
v 0.168069 0.081382 -0.497913
v 0.169752 0.082425 -0.501194
v 0.162046 0.082013 -0.500816
v 0.162111 0.082253 -0.498841
v 0.148318 0.085138 -0.502310
v 0.170153 0.081796 -0.498889
v 0.191824 0.080578 -0.499463
v 0.160269 0.081260 -0.498136
v 0.193338 0.087135 -0.501459
v 0.199004 0.086493 -0.500398
v 0.192638 0.082476 -0.500513
v 0.206071 0.086512 -0.501720
v 0.195653 0.083191 -0.497140
v 0.199816 0.085846 -0.499346
v 0.273092 0.082773 -0.498256
v 0.269180 0.085686 -0.497266
v 0.194372 0.083358 -0.500471
v 0.193055 0.084961 -0.494327
v 0.225473 0.086620 0.472295
v 0.226276 0.087263 0.459594
v 0.225837 0.093462 0.471873
v 0.230122 0.093801 0.471769
v 0.229339 0.087091 0.472041
v 0.230458 0.092976 0.459931
v 0.227776 0.087312 0.461190
v 0.226583 0.093294 0.459920
v 0.230547 0.092430 0.461549
v 0.226954 0.087964 0.462546
v 0.263297 0.093771 0.473428
v 0.276681 0.091625 0.473728
v 0.261786 0.089584 0.475042
v 0.290173 0.086817 0.471474
v 0.229044 0.086973 0.473396
v 0.239617 0.089967 0.472399
v 0.238354 0.093417 0.473418
v 0.283251 0.089253 0.471902
v 0.290966 0.089757 0.466786
v 0.286637 0.093296 0.469763
v 0.293929 0.093213 0.464708
v 0.285529 0.088931 0.470808
v 0.286446 0.091393 0.462944
v 0.281931 0.090699 0.459352
v 0.271224 0.091721 0.459763
v 0.276599 0.090117 0.463256
v 0.276448 0.093667 0.472333
v 0.240665 0.092569 0.468397
v 0.236953 0.090441 0.471926
v 0.238208 0.093464 0.472847
v 0.257053 0.092119 0.466282
v 0.262924 0.089134 0.471765
v 0.262734 0.090692 0.464748
v 0.243409 0.091501 0.469574
v 0.238614 0.089276 0.471432
v 0.239695 0.094479 0.461911
v 0.283164 0.089979 0.441005
v 0.282546 0.093633 0.442379
v 0.282936 0.086604 0.462108
v 0.285546 0.090580 0.459335
v 0.282509 0.089851 0.432286
v 0.285130 0.088017 0.403058
v 0.284328 0.093092 0.401995
v 0.284238 0.093251 0.428563
v 0.282622 0.093823 0.458679
v 0.283633 0.089740 0.461337
v 0.291104 0.087346 0.460666
v 0.283249 0.086876 0.462838
v 0.285093 0.087293 -0.433806
v 0.284730 0.088349 -0.445789
v 0.286477 0.092739 -0.436029
v 0.285517 0.088068 -0.443701
v 0.283740 0.092823 -0.450254
v 0.283419 0.090200 -0.448290
v 0.283827 0.088587 -0.450594
v 0.273038 0.086416 -0.449072
v 0.282416 0.086607 -0.448941
v 0.266207 0.086490 -0.448632
v 0.257199 0.086688 -0.453139
v 0.284583 0.088596 -0.445151
v 0.269597 0.090094 -0.449342
v 0.285288 0.089478 -0.451520
v 0.284568 0.089627 -0.435753
v 0.287883 0.086853 -0.436630
v 0.263533 0.087696 -0.451202
v 0.268824 0.090172 -0.445416
v 0.266734 0.094980 -0.448893
v 0.283078 0.088387 -0.448389
v 0.257506 0.086703 -0.445386
v 0.262370 0.090671 -0.445497
v 0.257147 0.093092 -0.447286
v 0.256766 0.086800 -0.452706
v 0.257636 0.093509 -0.446024
v 0.257632 0.086921 -0.445685
v 0.257646 0.093724 -0.452560
v 0.262665 0.085918 -0.447280
v 0.256430 0.089746 -0.449058
v 0.260421 0.088150 -0.451607
v 0.261080 0.088798 -0.449260
v 0.257694 0.086723 -0.453352
v 0.257774 0.093265 -0.452090
v 0.271227 0.087860 -0.452718
v 0.265939 0.087977 -0.446585
v 0.267368 0.094977 -0.447015
v 0.263409 0.091093 -0.447624
v 0.282446 0.089816 -0.445029
v 0.282173 0.088479 -0.450462
v 0.271504 0.088272 -0.453778
v 0.268897 0.089851 -0.445946
v 0.286463 0.092068 -0.447691
v 0.285280 0.086864 -0.452415
v 0.282957 0.090233 -0.450777
v 0.282475 0.086380 -0.449474
v 0.286750 0.089497 -0.450636
v 0.273331 0.088152 -0.449133
v 0.267649 0.084203 -0.499597
v 0.276082 0.084948 -0.502084
v 0.273081 0.083537 -0.498011
v 0.311155 0.089000 -0.501672
v 0.288436 0.086137 -0.498097
v 0.278193 0.086279 -0.498363
v 0.268977 0.086141 -0.497937
v 0.268075 0.087338 -0.501962
v 0.313549 0.087130 -0.498646
v 0.340920 0.086144 -0.502409
v 0.288878 0.085726 -0.499894
v 0.296722 0.081508 -0.499349
v 0.277620 0.082671 -0.498621
v 0.278394 0.085712 -0.499674
v 0.328751 0.196811 -0.484605
v 0.331150 0.211665 -0.488508
v 0.330767 0.143422 -0.485763
v 0.329410 0.138057 -0.484355
v 0.327750 0.208570 -0.486606
v 0.331164 0.132903 -0.485562
v 0.330888 0.095108 -0.485991
v 0.328662 0.094764 -0.486036
v 0.314946 0.213432 -0.490437
v 0.312385 0.210867 -0.490186
v 0.289644 0.212839 -0.492775
v 0.286458 0.210815 -0.497531
v 0.289253 0.213269 -0.493379
v 0.288454 0.210415 -0.492250
v 0.304470 0.085822 0.500186
v 0.305039 0.084540 0.495639
v 0.309420 0.082781 0.500008
v 0.298254 0.079216 0.007529
v 0.297408 0.079014 0.139319
v 0.297370 0.079079 0.369354
v 0.296291 0.087220 0.279749
v 0.296593 0.087899 0.203160
v 0.296797 0.087538 0.232292
v 0.296245 0.087311 0.343895
v 0.296000 0.087038 0.167789
v 0.296630 0.088454 0.400276
v 0.296443 0.088207 0.159219
v 0.296346 0.088855 0.314538
v 0.297355 0.078848 -0.084086
v 0.296513 0.087863 -0.055399
v 0.296266 0.086891 -0.158103
v 0.296430 0.087859 -0.173036
v 0.296735 0.087544 -0.240078
v 0.296542 0.087447 -0.285041
v 0.297577 0.079008 -0.278856
v 0.296369 0.088128 -0.312715
v 0.296802 0.078870 -0.435292
v 0.294513 0.088505 -0.431481
v 0.294549 0.086349 -0.445126
v 0.294993 0.088617 -0.444080
v 0.295655 0.078506 -0.459499
v 0.294740 0.092812 -0.457069
v 0.293954 0.090645 -0.446855
v 0.295477 0.092935 -0.436002
v 0.295285 0.081304 0.418368
v 0.294536 0.084550 0.416113
v 0.295533 0.093365 0.403245
v 0.295114 0.090014 0.427868
v 0.296472 0.089260 0.431317
v 0.296767 0.093484 0.462598
v 0.294863 0.090709 0.460985
v 0.293700 0.087476 0.429978
v 0.297953 0.079894 0.438468
v 0.295711 0.081649 0.465508
v 0.298466 0.081797 0.469249
v 0.295274 0.091932 0.467902
v 0.291569 0.087437 0.462793
v 0.290026 0.091111 0.467862
v 0.290667 0.086664 0.470740
v 0.294589 0.082020 0.417854
v 0.298457 0.083350 0.417041
v 0.294728 0.081765 0.465284
v 0.296776 0.083873 0.461118
v 0.292718 0.085921 0.418602
v 0.287403 0.090016 0.468125
v 0.286489 0.090435 0.441085
v 0.286271 0.093216 0.441718
v 0.286299 0.093664 0.468586
v 0.283540 0.087643 0.438147
v 0.286844 0.086808 0.401970
v 0.286746 0.090293 0.431287
v 0.285661 0.093229 0.430171
v 0.286257 0.093673 0.401969
v 0.296832 0.085357 -0.461101
v 0.299146 0.083424 -0.463138
v 0.300496 0.085720 -0.429490
v 0.301946 0.083555 0.030632
v 0.301052 0.083216 0.398070
v 0.300545 0.085727 0.398011
v 0.302366 0.083826 -0.026795
v 0.299264 0.085463 0.417683
v 0.298503 0.083219 0.419546
v 0.294160 0.092701 0.404595
v 0.300300 0.093943 0.401365
v 0.297625 0.090048 0.401597
v 0.295169 0.093395 -0.435132
v 0.300839 0.093677 -0.433598
v 0.300984 0.093507 0.399305
v 0.300854 0.092286 0.401630
v 0.299481 0.090518 -0.239255
v 0.296022 0.088047 -0.132466
v 0.295926 0.088451 -0.044768
v 0.296031 0.088404 0.158785
v 0.295942 0.088339 -0.313245
v 0.297427 0.089326 -0.435514
v 0.296482 0.088410 0.401585
v 0.296064 0.087731 -0.163636
v 0.296846 0.087013 -0.056327
v 0.296192 0.087641 -0.177849
v 0.297574 0.087428 0.201365
v 0.298437 0.086645 0.231099
v 0.298570 0.086862 0.278799
v 0.296206 0.086774 0.302392
v 0.298039 0.086697 0.343632
v 0.297604 0.087507 -0.238618
v 0.297652 0.087061 -0.285357
v 0.295890 0.088327 -0.432740
v 0.286489 0.087114 -0.434271
v 0.284444 0.092828 -0.435211
v 0.286551 0.092913 -0.450052
v 0.284670 0.087341 -0.452515
v 0.318618 0.218897 -0.495908
v 0.332643 0.226058 -0.497733
v 0.315017 0.220996 -0.498431
v 0.342077 0.220105 -0.494870
v 0.281792 0.220324 -0.497818
v 0.287328 0.218274 -0.497557
v 0.342764 0.218864 -0.482574
v 0.345882 0.224366 -0.497140
v 0.341686 0.221021 -0.497062
v 0.345484 0.224333 -0.480068
v 0.344204 -0.358934 -0.095481
v 0.344328 -0.359062 -0.175310
v 0.344478 -0.358047 0.130673
v 0.344104 -0.359187 0.216330
v 0.344129 -0.358864 0.363838
v 0.344443 -0.358837 0.500785
v 0.344136 -0.358758 -0.421892
v 0.343886 -0.358847 -0.452114
v 0.345324 -0.357171 -0.500366
v 0.347080 -0.359102 0.501235
v 0.346799 -0.358675 -0.497257
v 0.344146 -0.358833 0.092303
v 0.343165 -0.356286 0.180892
v 0.343982 -0.358757 0.226073
v 0.343048 -0.356653 -0.090450
v 0.343174 -0.356325 -0.157121
v 0.345284 -0.358641 -0.180336
v 0.344174 -0.359127 0.351653
v 0.343171 -0.356274 0.437089
v 0.344117 -0.358863 0.379606
v 0.343302 -0.356601 0.481174
v 0.340975 -0.356438 0.500926
v 0.344192 -0.358769 -0.282444
v 0.343074 -0.356498 -0.348992
v 0.344182 -0.358915 -0.416353
v 0.344633 -0.358276 -0.500514
v 0.344032 -0.358820 -0.445490
v 0.339581 -0.357430 -0.502166
v 0.347665 0.040724 0.004904
v 0.347807 0.040871 -0.079592
v 0.347672 0.082574 -0.080187
v 0.347640 0.040996 -0.228714
v 0.347789 0.040903 -0.325213
v 0.347518 0.082177 -0.325291
v 0.347602 0.082345 -0.499471
v 0.346179 0.046475 -0.501326
v 0.347612 -0.097681 -0.452790
v 0.347353 -0.101093 -0.501566
v 0.347466 -0.248385 -0.501613
v 0.347614 -0.134394 -0.442301
v 0.347618 0.008971 -0.237410
v 0.347581 -0.357049 0.264623
v 0.347616 -0.210813 -0.127519
v 0.347615 -0.316156 -0.074847
v 0.347337 -0.359265 0.351223
v 0.347511 -0.359315 -0.378037
v 0.347563 -0.311417 -0.501957
v 0.347198 -0.358847 -0.501231
v 0.347541 -0.212667 0.501292
v 0.347425 -0.046829 0.501005
v 0.347550 0.043366 0.501244
v 0.347831 0.040870 0.228972
v 0.347833 0.041070 0.079980
v 0.347429 0.082245 0.228463
v 0.347878 0.040984 0.325286
v 0.347348 0.082282 0.325763
v 0.346837 -0.000865 0.501687
v 0.347603 -0.291383 0.500827
v 0.345408 -0.328465 -0.501257
v 0.347263 0.069436 -0.500739
v 0.345960 -0.090833 0.501164
v 0.346355 -0.169709 0.501187
v 0.346913 0.081853 -0.501241
v 0.345480 -0.305403 0.501058
v 0.355494 0.041344 0.229247
v 0.355575 0.041460 0.324935
v 0.355852 0.133406 0.325000
v 0.354805 0.041726 0.230354
v 0.351740 0.045490 -0.233196
v 0.351656 0.129381 -0.233189
v 0.352015 0.129586 -0.321028
v 0.351563 0.045463 -0.320813
v 0.351144 0.046101 -0.233519
v 0.347219 0.045746 -0.320914
v 0.344094 0.044607 -0.322232
v 0.343527 -0.351395 -0.497592
v 0.343703 -0.323326 -0.158484
v 0.343689 0.044594 -0.321915
v 0.343504 0.078485 -0.232087
v 0.343694 -0.307236 -0.190438
v 0.343997 0.044854 -0.232681
v 0.343800 0.078709 -0.322588
v 0.343673 -0.153584 -0.497741
v 0.342499 -0.233317 -0.497592
v 0.343301 0.079622 -0.497483
v 0.343611 -0.016569 -0.497790
v 0.343557 -0.349799 -0.144472
v 0.343677 -0.351459 0.472449
v 0.344294 0.078716 -0.076881
v 0.343699 0.044605 -0.075714
v 0.343749 0.044674 0.076009
v 0.343510 0.078469 0.076597
v 0.344006 0.044851 0.232637
v 0.343494 0.078392 0.191966
v 0.343679 0.078601 0.231402
v 0.343704 0.044436 0.321184
v 0.343570 -0.293834 0.497645
v 0.343678 0.026585 0.472454
v 0.343670 -0.087422 0.472454
v 0.344962 0.077089 0.322340
v 0.343309 0.078314 0.323238
v 0.343371 -0.040265 0.497587
v 0.343264 0.078233 0.497273
v 0.343508 0.078481 -0.474518
v 0.343019 -0.351259 -0.143439
v 0.332061 0.078321 0.083237
v 0.331438 0.082087 -0.075390
v 0.331972 0.078366 -0.077828
v 0.332069 0.078350 0.231708
v 0.331723 0.082217 0.233084
v 0.331649 0.082039 0.320955
v 0.332064 0.044239 0.319967
v 0.332191 0.078366 0.324739
v 0.332060 0.040982 0.323223
v 0.331704 0.066403 0.485390
v 0.332108 0.078357 0.486103
v 0.332056 -0.255264 0.191193
v 0.332035 -0.119191 0.483393
v 0.332059 0.068849 -0.201205
v 0.331239 0.081828 -0.320781
v 0.332046 0.078324 -0.330703
v 0.332139 0.078765 -0.436508
v 0.331882 0.079452 -0.486099
v 0.331845 -0.254438 0.486274
v 0.331454 -0.084632 -0.485808
v 0.331769 -0.220219 -0.485840
v 0.332056 -0.201630 -0.381522
v 0.332057 -0.285060 0.220989
v 0.331810 -0.343527 0.485706
v 0.332023 -0.340983 0.109154
v 0.331931 -0.343948 -0.476352
v 0.332061 -0.339922 -0.341134
v 0.331263 -0.343560 -0.219622
v 0.331794 -0.343568 0.103934
v 0.332047 -0.283333 -0.086551
v 0.331576 -0.343409 -0.392702
v 0.332071 -0.227730 0.163659
v 0.332397 0.078343 -0.230588
v 0.330599 0.018188 0.485325
v 0.330000 -0.342778 -0.114398
v 0.330328 0.081706 -0.232977
v 0.332930 0.079516 0.075848
v 0.330054 -0.124751 0.485056
v 0.328056 -0.339708 0.145665
v 0.328016 -0.339726 0.485430
v 0.327894 -0.339589 -0.332516
v 0.328137 -0.337287 -0.474165
v 0.328746 -0.289544 -0.485491
v 0.328754 -0.208878 -0.485810
v 0.328197 -0.162875 -0.485126
v 0.328104 0.078029 -0.485852
v 0.328064 0.078253 -0.320806
v 0.327925 0.078180 -0.072690
v 0.328107 0.078258 0.233067
v 0.328109 0.078082 0.081961
v 0.327884 0.078259 0.332066
v 0.328268 0.034614 0.485578
v 0.328363 -0.158286 0.485580
v 0.328199 -0.025078 0.485787
v 0.328028 0.078055 0.486082
v 0.329561 -0.286052 0.485157
v 0.327873 -0.339674 -0.485741
v 0.329241 -0.051061 -0.485642
v 0.329178 0.014649 -0.485566
v 0.330123 0.066337 0.484228
v 0.328205 0.078439 0.005394
v 0.327848 0.078074 -0.229271
v 0.328993 -0.173809 -0.486021
v 0.327261 0.078023 -0.047131
v 0.329806 -0.330690 0.485626
v 0.341485 0.079033 0.497189
v 0.342781 0.077740 0.496587
v 0.342573 0.077047 0.321449
v 0.343469 0.078416 0.320632
v 0.334650 0.077037 0.320181
v 0.347647 0.219619 0.015522
v 0.348058 0.134052 0.079813
v 0.347490 0.086712 0.228434
v 0.347620 0.133921 0.228730
v 0.347531 0.219576 0.216032
v 0.347677 0.219705 0.290973
v 0.347308 0.126999 0.501289
v 0.347599 0.219627 0.461428
v 0.347338 0.086758 0.501216
v 0.347744 0.217839 -0.112891
v 0.346644 0.219130 -0.104936
v 0.347911 0.217900 -0.175681
v 0.347938 0.218182 -0.201677
v 0.347586 0.217722 -0.235837
v 0.349754 0.219160 -0.225464
v 0.347949 0.215905 -0.259720
v 0.347463 0.139057 -0.265868
v 0.350191 0.218216 -0.272850
v 0.347694 0.133917 -0.079625
v 0.347418 0.086698 -0.228512
v 0.349142 0.219358 -0.305603
v 0.347986 0.215905 -0.326635
v 0.348019 0.216396 -0.334125
v 0.348027 0.215878 -0.375387
v 0.347891 0.216764 -0.481991
v 0.347143 0.162893 -0.502671
v 0.347423 0.086705 -0.325656
v 0.347567 0.133979 -0.325531
v 0.347484 0.089688 -0.501539
v 0.348630 0.215895 -0.295158
v 0.348206 0.219561 -0.373693
v 0.346919 0.223043 0.463117
v 0.347898 0.135424 -0.251742
v 0.346137 0.220040 -0.255344
v 0.348247 0.219837 -0.335962
v 0.348105 0.219278 -0.324771
v 0.347534 0.221312 -0.201224
v 0.347789 0.219868 -0.209265
v 0.344469 0.222727 -0.483704
v 0.348248 0.134246 -0.246799
v 0.345655 0.224207 -0.500599
v 0.346771 0.086827 -0.496627
v 0.346621 0.221184 -0.176207
v 0.345176 0.141921 -0.501025
v 0.347175 0.220887 -0.241513
v 0.355792 0.042987 -0.079409
v 0.355972 0.133568 -0.079623
v 0.356201 0.043247 0.075534
v 0.355734 0.133541 0.079559
v 0.353841 0.042320 0.078314
v 0.348295 0.134158 -0.079846
v 0.355218 0.133278 -0.079312
v 0.355247 0.133395 0.078721
v 0.343627 0.213628 0.194364
v 0.343935 0.129994 0.075625
v 0.343947 0.130642 0.232619
v 0.343656 0.213581 0.310425
v 0.343982 0.094294 0.321600
v 0.342809 0.213327 0.496971
v 0.343926 0.210252 0.483034
v 0.343716 0.119081 0.084252
v 0.343650 0.137525 -0.080783
v 0.343646 0.213531 -0.251605
v 0.343576 0.213623 -0.441232
v 0.343643 0.131144 -0.320125
v 0.343880 0.212904 -0.481720
v 0.343599 0.166481 -0.497835
v 0.345865 0.130076 -0.321692
v 0.343597 0.094427 -0.232286
v 0.343746 0.098768 0.159965
v 0.343163 0.094609 0.168477
v 0.343473 0.094381 0.232646
v 0.343931 0.130721 0.320144
v 0.344456 0.112994 0.130596
v 0.343828 0.094318 0.076622
v 0.343815 0.119703 0.079417
v 0.344241 0.128988 -0.232345
v 0.346522 0.129436 0.322586
v 0.341667 0.131181 -0.074989
v 0.344871 0.130565 -0.033257
v 0.344457 0.131476 -0.234679
v 0.343790 0.211692 0.487225
v 0.343170 0.213384 -0.497658
v 0.343369 0.213390 0.481639
v 0.341928 0.211759 -0.494244
v 0.352222 0.066841 0.234883
v 0.351948 0.046801 0.321113
v 0.351231 0.129465 0.320650
v 0.351703 0.129471 0.233273
v 0.350692 0.047275 0.233795
v 0.352382 0.047271 0.271686
v 0.344664 0.131392 0.233016
v 0.344296 0.129847 0.321070
v 0.350690 0.128553 0.320131
v 0.351320 0.129625 0.234729
v 0.327925 0.209582 -0.017803
v 0.328029 0.094566 -0.014024
v 0.327911 0.209573 -0.253283
v 0.328080 0.094393 -0.305859
v 0.327831 0.209448 -0.410398
v 0.327750 0.094609 -0.396220
v 0.327891 0.209062 -0.485281
v 0.328774 0.139323 -0.485576
v 0.328319 0.097258 -0.485449
v 0.327439 0.095601 0.016337
v 0.327895 0.209570 0.269953
v 0.328472 0.204626 0.485273
v 0.328012 0.094531 0.485850
v 0.329490 0.136947 0.485274
v 0.326017 0.208773 0.487052
v 0.327756 0.096042 0.043378
v 0.325218 0.096340 0.001482
v 0.327995 0.094497 -0.486155
v 0.325910 0.095452 -0.013429
v 0.329813 0.208764 0.486593
v 0.325666 0.094951 0.017521
v 0.327653 0.094586 0.047285
v 0.327208 0.095766 0.015173
v 0.328961 0.144292 0.485411
v 0.331136 0.198679 0.484798
v 0.330835 0.094899 0.484470
v 0.328477 0.095314 0.486967
v 0.328963 0.204802 0.484159
v 0.332130 0.095582 -0.235284
v 0.332031 0.213397 -0.481441
v 0.330999 0.211248 -0.486743
v 0.331704 0.206671 -0.485850
v 0.331063 0.139542 -0.485884
v 0.332391 0.094581 -0.486343
v 0.331917 0.092133 -0.234790
v 0.332159 0.094634 -0.232791
v 0.332286 0.094713 0.046549
v 0.331963 0.213339 -0.083624
v 0.331797 0.094962 0.486021
v 0.331775 0.210189 0.485698
v 0.332277 0.213235 0.483293
v 0.332004 0.092135 -0.320824
v 0.330923 0.201224 0.485265
v 0.330058 0.145554 -0.485178
v 0.331478 0.090630 0.233166
v 0.331436 0.090613 0.320993
v 0.322176 0.211032 0.497123
v 0.319021 0.215175 0.496996
v 0.332286 0.209979 0.494033
v 0.334108 0.223905 0.484458
v 0.343511 0.219737 0.487126
v 0.343177 0.222459 0.483171
v 0.331621 0.218366 0.486564
v 0.331019 0.220420 0.482390
v 0.342846 0.218309 0.482623
v 0.344126 0.224103 0.482175
v 0.333137 0.218577 0.480859
v 0.336249 0.222980 0.488025
v 0.347527 0.222035 0.460225
v 0.343394 0.218780 0.461253
v 0.345032 0.224507 0.482585
v 0.342262 0.218963 0.481932
v 0.348264 0.133933 0.228725
v 0.355277 0.133270 0.229291
v 0.347888 0.082778 0.325642
v 0.355233 0.133402 0.324590
v 0.354825 0.041973 0.324242
v 0.348044 0.133589 0.325239
v 0.347943 0.086108 0.326372
v 0.335345 0.084960 0.326362
v 0.335440 0.085679 0.320742
v 0.344515 0.094177 0.321269
v 0.331012 0.092539 0.324594
v 0.344432 0.079674 0.321142
v 0.331387 0.081101 0.324189
v 0.351327 0.046034 0.320879
v 0.344225 0.045410 0.320956
v 0.344798 0.129782 0.322358
v 0.322423 0.087801 0.320927
v 0.352374 0.046476 0.320372
v 0.344291 0.044110 0.321258
v 0.351696 0.047209 0.233777
v 0.351789 0.047484 0.277680
v 0.354904 0.041730 0.229501
v 0.354843 0.132836 0.229493
v 0.347942 0.133337 0.228737
v 0.347707 0.086259 0.228732
v 0.347844 0.041421 0.229048
v 0.347497 0.082402 0.229258
v 0.334823 0.085195 0.226202
v 0.335342 0.081926 0.231109
v 0.341493 0.093162 0.231107
v 0.336287 0.084233 0.231479
v 0.351239 0.083163 0.233333
v 0.332027 0.093801 0.233019
v 0.321788 0.086640 0.234065
v 0.344302 0.094978 0.233085
v 0.344287 0.131157 0.232432
v 0.350880 0.129914 0.234398
v 0.351090 0.045816 0.233546
v 0.344953 0.079265 0.229902
v 0.335318 0.086369 0.233109
v 0.325156 0.089601 0.233449
v 0.323704 0.089310 0.235298
v 0.343539 0.079058 0.076849
v 0.332278 0.078733 0.230953
v 0.332472 0.078283 0.077266
v 0.343199 0.078513 0.231142
v 0.343257 0.094284 0.076445
v 0.343124 0.094261 0.231627
v 0.332289 0.094634 0.232817
v 0.337390 0.093633 0.073422
v 0.332467 0.094374 0.040727
v 0.335290 0.093086 -0.055258
v 0.332453 0.094721 -0.076761
v 0.337582 0.093990 -0.075595
v 0.343181 0.094236 -0.231482
v 0.332398 0.094398 -0.232219
v 0.343360 0.094503 -0.076248
v 0.333518 0.084803 0.228544
v 0.334349 0.085713 0.232641
v 0.337456 0.082416 0.230723
v 0.347708 0.082170 0.078407
v 0.347915 0.086467 0.080002
v 0.354968 0.041709 0.078773
v 0.354972 0.132564 0.079105
v 0.348107 0.133560 0.079921
v 0.340065 0.085671 0.080945
v 0.335186 0.084398 0.083503
v 0.355840 0.042875 -0.077847
v 0.354226 0.041611 0.078555
v 0.347998 0.040903 0.079509
v 0.355487 0.043504 0.075682
v 0.348055 0.133522 -0.079716
v 0.347974 0.041280 -0.079410
v 0.355253 0.042425 -0.078988
v 0.347832 0.086064 -0.079890
v 0.334560 0.084768 -0.082623
v 0.351776 0.045267 0.075468
v 0.351981 0.045208 -0.075507
v 0.351764 0.129535 -0.075537
v 0.351913 0.129497 0.075520
v 0.351167 0.045803 0.075129
v 0.344108 0.044916 0.074663
v 0.351187 0.045679 -0.074306
v 0.344365 0.044298 -0.075246
v 0.344171 0.078938 0.076091
v 0.344270 0.093818 0.077097
v 0.335712 0.082627 0.073612
v 0.335124 0.086942 0.073723
v 0.351281 0.128653 0.075311
v 0.331787 0.081265 0.078639
v 0.344563 0.043975 0.076447
v 0.344832 0.129901 0.076957
v 0.335140 0.092859 0.072999
v 0.333538 0.084964 0.081839
v 0.336249 0.086310 0.076096
v 0.335444 0.082941 0.076337
v 0.335404 0.087081 -0.063505
v 0.335681 0.093266 -0.055852
v 0.335293 0.090989 0.072857
v 0.334503 0.093300 0.057263
v 0.336733 0.086723 -0.073178
v 0.344860 0.130755 0.075909
v 0.344921 0.131613 -0.040327
v 0.344799 0.131188 -0.076866
v 0.351296 0.129217 0.075713
v 0.344079 0.080311 -0.077237
v 0.351318 0.129300 -0.075380
v 0.344111 0.129671 -0.075685
v 0.344169 0.093982 -0.076307
v 0.344386 0.044899 -0.075523
v 0.351269 0.045148 -0.075176
v 0.331972 0.080732 -0.077172
v 0.335406 0.082128 -0.075595
v 0.337428 0.093284 -0.075674
v 0.336373 0.086398 -0.076872
v 0.332838 0.077623 -0.074143
v 0.332184 0.078849 -0.233433
v 0.343483 0.079011 -0.075075
v 0.343379 0.078859 -0.233392
v 0.328125 -0.236191 -0.132756
v 0.328124 -0.229446 -0.131904
v 0.328126 -0.237611 -0.124439
v 0.343620 0.218203 -0.175978
v 0.347156 0.221410 -0.176529
v 0.346568 0.216261 -0.200925
v 0.343605 0.219637 -0.225135
v 0.346671 0.221040 -0.209968
v 0.346714 0.220943 -0.224318
v 0.355518 0.041391 -0.229136
v 0.355188 0.132956 -0.322470
v 0.355301 0.041547 -0.324779
v 0.356174 0.081711 -0.322851
v 0.356163 0.053173 -0.266586
v 0.355964 0.043866 -0.248312
v 0.354055 0.132625 -0.324145
v 0.347732 0.086172 -0.228692
v 0.347940 0.041192 -0.229067
v 0.354963 0.042321 -0.229428
v 0.354839 0.132463 -0.229460
v 0.347787 0.133510 -0.228812
v 0.335401 0.084369 -0.227014
v 0.354811 0.041494 -0.327147
v 0.354793 0.041873 -0.229632
v 0.333427 0.082115 -0.235231
v 0.344210 0.094475 -0.231924
v 0.343875 0.080052 -0.232325
v 0.335712 0.087433 -0.232224
v 0.332179 0.092617 -0.230229
v 0.351173 0.128559 -0.233456
v 0.332461 0.080404 -0.232895
v 0.344527 0.129475 -0.232012
v 0.328147 0.087219 -0.234180
v 0.341601 0.093737 -0.231541
v 0.327970 0.087204 -0.233447
v 0.323418 0.087824 -0.239185
v 0.321837 0.086668 -0.321326
v 0.323017 0.089141 -0.319997
v 0.320999 0.087685 -0.255792
v 0.332757 0.091571 -0.320891
v 0.332202 0.091881 -0.233698
v 0.344182 0.130752 -0.320882
v 0.345111 0.131938 -0.231808
v 0.351211 0.129084 -0.233241
v 0.351236 0.129169 -0.320555
v 0.348241 0.133889 -0.228637
v 0.355205 0.133051 -0.229259
v 0.354225 0.130862 -0.322424
v 0.344251 0.218715 -0.257133
v 0.346072 0.221019 -0.241564
v 0.346776 0.220725 -0.255506
v 0.343447 0.218689 -0.239670
v 0.352021 0.219022 -0.328890
v 0.344803 0.218181 -0.324635
v 0.348085 0.218996 -0.335610
v 0.347619 0.221533 -0.303607
v 0.347644 0.219063 -0.305926
v 0.347890 0.217872 -0.301198
v 0.350440 0.217633 -0.296351
v 0.348257 0.219834 -0.293736
v 0.348598 0.221529 -0.272417
v 0.347015 0.220995 -0.333680
v 0.346395 0.217726 -0.374834
v 0.348622 0.216155 -0.375642
v 0.347702 0.215700 -0.431126
v 0.347466 0.217942 -0.482746
v 0.347847 0.216093 -0.481553
v 0.346659 0.220823 -0.375756
v 0.345662 0.221406 -0.273276
v 0.345733 0.221323 -0.295250
v 0.345690 0.217919 -0.270784
v 0.344103 0.218519 -0.296285
v 0.343437 0.218627 -0.303215
v 0.343667 0.222128 -0.328132
v 0.342570 0.219351 -0.325612
v 0.345737 0.221034 -0.304112
v 0.343549 0.079981 -0.323322
v 0.343782 0.093892 -0.321691
v 0.331195 0.093154 -0.324225
v 0.344569 0.129894 -0.321426
v 0.351180 0.045955 -0.320352
v 0.344153 0.044601 -0.320854
v 0.336248 0.085997 -0.320903
v 0.331907 0.080997 -0.323073
v 0.351129 0.045690 -0.319862
v 0.347626 0.086197 -0.325141
v 0.347008 0.082884 -0.324533
v 0.354864 0.132653 -0.324551
v 0.348114 0.133772 -0.325346
v 0.354967 0.042453 -0.324588
v 0.348416 0.042978 -0.325105
v 0.348709 0.060095 -0.326329
v 0.335045 0.085035 -0.327263
v 0.344531 0.218322 -0.332746
v 0.345899 0.221127 -0.375497
v 0.343603 0.218578 -0.363801
v 0.346329 0.220711 -0.334051
v 0.345219 0.218475 -0.376399
v 0.332899 0.223928 -0.486122
v 0.339031 0.218856 -0.488665
v 0.331963 0.217936 -0.486125
v 0.331519 0.218759 -0.483090
v 0.328819 0.219758 -0.486245
v 0.337753 0.222549 -0.484846
v 0.333437 0.223946 -0.484708
v 0.339525 0.224129 -0.481714
v 0.339377 0.219198 -0.480073
v 0.331473 0.218187 -0.481998
v 0.333861 0.220484 -0.486477
v 0.338842 0.223148 -0.483854
v 0.338780 0.224556 -0.487458
v 0.339751 0.218758 -0.488156
v 0.337266 0.224251 -0.486619
v 0.339662 0.218712 -0.481795
vn -0.8938 -0.4473 0.0337
vn 0.7768 -0.6273 0.0545
vn 0.7167 -0.6947 -0.0611
vn 0.7144 -0.6995 -0.0185
vn 0.7273 -0.6863 -0.0038
vn -0.9595 -0.2815 0.0069
vn -0.1200 -0.9851 -0.1230
vn 0.6792 -0.7337 -0.0164
vn -0.8248 -0.5654 -0.0109
vn 0.3685 -0.9275 0.0631
vn -0.1462 -0.9893 0.0015
vn -0.9282 -0.3539 -0.1154
vn 0.4363 -0.8957 0.0854
vn -0.7468 -0.6650 -0.0021
vn -0.5006 -0.6150 -0.6092
vn -0.9976 0.0657 -0.0217
vn -0.9754 -0.2192 -0.0232
vn -0.9998 -0.0093 0.0185
vn -0.9997 -0.0219 0.0076
vn -0.9977 -0.0655 0.0199
vn -0.9998 0.0199 0.0079
vn -0.9999 -0.0135 0.0088
vn -0.9886 0.1008 0.1115
vn -0.9795 -0.1734 -0.1026
vn -0.8331 0.5498 0.0604
vn -0.9341 0.3483 0.0783
vn -0.9992 0.0119 0.0376
vn -0.7050 -0.1315 0.6969
vn -0.9999 0.0045 0.0132
vn -0.9982 0.0326 0.0498
vn -0.9999 -0.0013 0.0126
vn -0.9983 -0.0072 0.0586
vn -0.9991 -0.0084 0.0409
vn -1.0000 -0.0001 -0.0000
vn -0.9996 -0.0112 0.0254
vn -0.9997 -0.0025 0.0249
vn -0.9948 -0.1017 0.0047
vn -0.9999 -0.0131 -0.0050
vn -0.9971 -0.0764 -0.0058
vn -1.0000 0.0024 -0.0034
vn -1.0000 -0.0001 -0.0001
vn -0.9389 0.1387 -0.3150
vn -0.8940 0.3876 0.2246
vn -0.9975 -0.0481 0.0510
vn -0.9426 0.1838 0.2788
vn -0.8521 0.0143 0.5232
vn -0.9702 -0.2415 -0.0217
vn -0.9990 0.0326 0.0293
vn -0.9907 0.1111 -0.0789
vn -0.9997 -0.0014 0.0252
vn -0.9998 0.0135 0.0145
vn -1.0000 -0.0026 0.0040
vn -0.7367 0.6670 -0.1114
vn -0.9674 -0.0037 -0.2532
vn -0.8054 0.0295 0.5920
vn -0.9935 0.0526 -0.1014
vn -0.9427 0.0744 0.3252
vn -0.9036 0.1368 -0.4059
vn -0.9364 -0.0314 0.3495
vn -1.0000 -0.0061 0.0071
vn -1.0000 0.0006 0.0013
vn -0.9990 -0.0427 -0.0099
vn -0.9993 0.0384 -0.0034
vn -0.9966 0.0760 0.0321
vn -0.9728 0.2260 -0.0517
vn -0.9934 0.0066 0.1143
vn -0.9844 0.1090 0.1378
vn -0.9990 -0.0442 0.0051
vn -0.7634 0.0123 0.6459
vn -0.9819 0.1117 -0.1530
vn -1.0000 0.0008 0.0067
vn -0.9911 -0.0035 0.1334
vn -0.9727 -0.0826 0.2170
vn -0.9181 0.3191 0.2351
vn -1.0000 -0.0005 -0.0001
vn -0.8612 -0.3294 0.3871
vn -0.9471 -0.2624 0.1847
vn -0.6183 -0.0005 0.7859
vn -0.9919 -0.0958 -0.0833
vn -0.9990 0.0439 -0.0056
vn -0.9980 -0.0291 0.0565
vn -0.9563 0.1279 -0.2631
vn -0.9996 -0.0298 -0.0012
vn -0.9943 -0.1066 -0.0012
vn -1.0000 0.0015 -0.0000
vn -1.0000 -0.0002 -0.0001
vn -1.0000 -0.0000 -0.0000
vn -1.0000 0.0001 -0.0001
vn -1.0000 -0.0025 -0.0020
vn -1.0000 -0.0025 -0.0006
vn -0.9998 -0.0185 0.0113
vn -0.9995 0.0223 -0.0206
vn -0.0261 -0.9793 0.2005
vn -0.9094 0.4129 0.0498
vn -0.2940 -0.9407 -0.1695
vn -0.4319 0.7397 0.5160
vn -0.9998 0.0207 0.0023
vn -1.0000 -0.0016 0.0017
vn -1.0000 0.0004 0.0003
vn -1.0000 -0.0020 -0.0052
vn -1.0000 -0.0018 -0.0003
vn -0.9999 -0.0046 -0.0119
vn -1.0000 0.0036 0.0007
vn -0.9853 -0.1247 -0.1167
vn -0.9968 -0.0257 0.0751
vn -1.0000 -0.0016 -0.0001
vn -0.9995 -0.0311 -0.0011
vn -1.0000 0.0031 -0.0027
vn -0.9998 0.0187 0.0053
vn -1.0000 -0.0004 0.0004
vn -1.0000 -0.0000 -0.0002
vn -1.0000 -0.0000 -0.0001
vn -1.0000 -0.0004 -0.0003
vn -1.0000 -0.0015 0.0006
vn -0.9955 0.0709 0.0633
vn -0.9974 -0.0653 -0.0308
vn -0.9216 -0.3382 -0.1904
vn -0.9984 -0.0537 -0.0167
vn -1.0000 0.0002 -0.0021
vn -1.0000 0.0019 -0.0002
vn -0.9999 0.0133 0.0036
vn -1.0000 -0.0016 -0.0002
vn -0.9011 -0.3604 0.2412
vn -0.9720 -0.2330 -0.0311
vn -0.9908 -0.0007 0.1352
vn -1.0000 -0.0029 -0.0040
vn -1.0000 -0.0019 -0.0009
vn -1.0000 0.0001 -0.0009
vn -1.0000 -0.0000 0.0001
vn -1.0000 -0.0003 0.0002
vn -1.0000 -0.0001 -0.0002
vn -1.0000 -0.0009 -0.0014
vn -1.0000 -0.0003 0.0030
vn -0.9995 0.0307 0.0031
vn -0.9955 0.0761 -0.0557
vn -0.9866 0.1624 -0.0142
vn -0.7918 0.1445 0.5934
vn -0.7748 0.1365 0.6173
vn -0.7911 0.1685 0.5880
vn -0.9944 -0.0920 0.0511
vn -0.9991 -0.0153 0.0391
vn -0.9899 -0.0630 0.1268
vn -0.8765 0.4658 -0.1216
vn -0.9988 0.0303 -0.0391
vn -0.4189 -0.8830 -0.2117
vn -0.8999 0.4360 0.0049
vn -0.9998 0.0040 0.0201
vn -1.0000 0.0071 0.0058
vn -1.0000 -0.0007 0.0008
vn -1.0000 0.0046 -0.0000
vn -0.9908 -0.1295 -0.0392
vn -1.0000 -0.0001 0.0002
vn -1.0000 0.0002 0.0001
vn -1.0000 -0.0070 0.0002
vn -0.9998 0.0151 0.0165
vn -1.0000 0.0002 -0.0013
vn -0.9692 0.2455 0.0212
vn -0.9981 0.0580 0.0195
vn -1.0000 0.0079 0.0004
vn -0.9953 0.0460 -0.0853
vn -0.9466 -0.3009 -0.1154
vn -0.9797 0.1930 0.0535
vn -0.9953 -0.0170 -0.0953
vn -0.9985 -0.0264 0.0470
vn -0.9965 -0.0723 0.0426
vn -0.9988 -0.0472 -0.0087
vn -0.9963 -0.0687 -0.0522
vn -0.8738 -0.4213 0.2429
vn -1.0000 0.0012 0.0003
vn -1.0000 0.0009 -0.0007
vn -1.0000 0.0009 0.0001
vn -1.0000 0.0049 0.0012
vn -1.0000 -0.0005 -0.0002
vn -0.9993 0.0036 0.0377
vn -0.9997 -0.0228 -0.0109
vn -0.9993 0.0374 -0.0008
vn -0.9979 0.0640 -0.0105
vn -0.9991 0.0028 0.0421
vn -0.9087 -0.1872 0.3732
vn -0.9822 -0.0280 0.1855
vn -0.9607 0.1973 -0.1952
vn -0.9594 0.2313 -0.1612
vn -0.9414 0.3243 -0.0922
vn -0.9998 0.0142 0.0128
vn -0.9894 0.1360 0.0516
vn -0.9562 -0.1453 -0.2542
vn -0.9997 0.0095 0.0246
vn -0.9996 0.0291 -0.0006
vn -0.9985 0.0538 0.0120
vn -0.9999 0.0084 -0.0112
vn -0.9999 0.0083 0.0090
vn -1.0000 0.0057 0.0005
vn -0.9999 -0.0137 0.0095
vn -1.0000 -0.0008 -0.0001
vn -0.9999 0.0117 0.0077
vn -0.9999 0.0094 0.0099
vn -1.0000 -0.0085 -0.0014
vn -0.9995 0.0272 -0.0175
vn -0.9971 -0.0690 -0.0326
vn -1.0000 -0.0001 0.0011
vn -0.9995 -0.0294 0.0081
vn -1.0000 0.0019 0.0005
vn -0.9954 0.0842 -0.0450
vn -0.9960 0.0872 0.0168
vn -0.9990 0.0444 0.0083
vn -0.9976 0.0685 -0.0117
vn -0.9996 -0.0265 0.0047
vn -0.9942 0.1058 0.0180
vn -0.9846 0.1744 -0.0126
vn -0.9730 0.2058 0.1042
vn -0.9996 0.0270 -0.0017
vn -1.0000 0.0011 0.0010
vn -0.9997 -0.0022 -0.0243
vn -0.9842 0.1202 0.1303
vn -0.9764 0.2160 0.0076
vn -0.9992 -0.0335 0.0208
vn -1.0000 0.0001 -0.0000
vn -0.9998 -0.0184 -0.0044
vn -0.9990 -0.0411 -0.0166
vn -0.9960 -0.0369 -0.0811
vn -1.0000 -0.0009 0.0013
vn -0.9995 0.0137 0.0287
vn -1.0000 0.0047 -0.0023
vn -0.9933 -0.0245 -0.1126
vn -0.9999 0.0152 -0.0013
vn -0.9903 0.1390 -0.0083
vn -1.0000 -0.0017 0.0003
vn -0.9996 -0.0082 -0.0274
vn -1.0000 -0.0013 -0.0006
vn -1.0000 -0.0059 0.0009
vn -0.9988 0.0491 0.0041
vn -0.8265 0.5618 -0.0352
vn -0.9998 -0.0207 -0.0012
vn -0.9999 0.0109 -0.0020
vn -1.0000 0.0002 -0.0001
vn -0.9966 0.0251 -0.0787
vn -0.9996 0.0012 0.0295
vn -0.9988 0.0066 -0.0483
vn -0.9952 0.0642 -0.0738
vn -0.9165 0.1976 0.3480
vn -0.9203 0.3710 0.1244
vn -0.8466 -0.2203 -0.4844
vn -0.9941 0.1082 0.0015
vn -0.9922 0.0781 0.0976
vn -0.9791 -0.2023 -0.0209
vn -0.9963 0.0858 -0.0060
vn -0.9947 0.0017 -0.1032
vn -0.9994 0.0184 -0.0277
vn -1.0000 -0.0078 0.0034
vn -0.9964 0.0791 0.0300
vn -0.9982 0.0600 -0.0085
vn -0.9995 0.0321 0.0004
vn -0.9995 0.0303 -0.0062
vn -0.9966 0.0797 -0.0229
vn -0.9871 -0.1592 0.0177
vn -0.9870 -0.0273 -0.1583
vn -0.9966 -0.0821 -0.0088
vn -0.9969 -0.0354 0.0699
vn -0.9986 -0.0536 0.0024
vn -0.9994 -0.0337 -0.0092
vn -1.0000 -0.0042 0.0042
vn -0.9985 0.0472 -0.0286
vn -0.9997 0.0227 0.0052
vn -0.9861 0.1480 -0.0755
vn -0.9999 0.0118 -0.0052
vn -0.9984 0.0548 -0.0099
vn -0.9842 0.1591 0.0781
vn -0.9208 0.1651 -0.3534
vn -0.9996 -0.0175 0.0200
vn -1.0000 0.0005 -0.0002
vn -1.0000 0.0006 -0.0002
vn -1.0000 0.0001 -0.0003
vn -1.0000 -0.0061 -0.0019
vn -0.8772 0.3886 0.2819
vn -0.9988 -0.0206 0.0434
vn -0.9990 -0.0435 0.0140
vn -1.0000 -0.0005 0.0003
vn -1.0000 0.0042 -0.0014
vn -0.9999 0.0105 -0.0032
vn -0.8647 0.4081 0.2928
vn -0.9719 0.1758 0.1565
vn -0.9367 -0.1070 -0.3333
vn -0.9958 -0.0806 -0.0442
vn -0.9672 -0.2537 -0.0148
vn -0.9884 0.0678 0.1362
vn -0.9870 0.0990 -0.1263
vn -0.9955 -0.0946 -0.0042
vn -0.9990 -0.0048 0.0450
vn -0.9944 -0.1054 -0.0044
vn -1.0000 0.0019 0.0004
vn -1.0000 -0.0003 0.0001
vn -1.0000 -0.0005 0.0001
vn -1.0000 0.0002 -0.0002
vn -1.0000 -0.0002 0.0002
vn -1.0000 -0.0005 -0.0000
vn -0.9987 0.0281 -0.0421
vn -0.9434 0.3315 -0.0123
vn -0.9359 -0.3491 -0.0477
vn -0.9992 -0.0386 -0.0045
vn -1.0000 -0.0060 0.0016
vn -0.9995 -0.0297 -0.0115
vn -1.0000 -0.0001 0.0001
vn -1.0000 -0.0001 0.0003
vn -1.0000 0.0001 0.0001
vn -1.0000 0.0003 0.0003
vn -1.0000 -0.0006 -0.0000
vn -1.0000 -0.0002 -0.0000
vn -0.9992 0.0341 -0.0207
vn -0.9670 -0.2474 -0.0608
vn -1.0000 0.0016 0.0001
vn -1.0000 0.0003 -0.0001
vn -1.0000 0.0009 0.0003
vn -1.0000 -0.0000 0.0003
vn -1.0000 -0.0009 -0.0000
vn -1.0000 -0.0000 0.0017
vn -1.0000 0.0019 -0.0011
vn -1.0000 -0.0006 0.0004
vn -1.0000 -0.0067 0.0006
vn -0.8431 -0.5372 0.0251
vn -0.9995 -0.0308 0.0027
vn -0.4929 0.8430 0.2156
vn -0.9977 0.0319 -0.0599
vn -0.9998 -0.0003 -0.0206
vn -0.9734 -0.2174 -0.0725
vn -0.9300 -0.3621 0.0625
vn -0.9914 -0.1137 0.0650
vn -0.9823 -0.1872 0.0034
vn -0.9910 -0.1342 -0.0020
vn -1.0000 0.0042 -0.0003
vn -0.9995 0.0007 0.0305
vn -0.9879 0.1454 0.0545
vn -0.8358 -0.5461 -0.0566
vn -0.9991 -0.0396 -0.0169
vn -0.9934 0.0588 0.0984
vn -1.0000 0.0010 -0.0001
vn -1.0000 -0.0002 -0.0003
vn -1.0000 -0.0004 -0.0004
vn -1.0000 -0.0006 -0.0001
vn -1.0000 -0.0011 0.0003
vn -1.0000 -0.0020 -0.0004
vn -1.0000 -0.0005 0.0006
vn -0.9935 0.1032 -0.0483
vn -0.9909 0.1340 -0.0095
vn -0.9970 -0.0615 0.0473
vn -0.9809 0.1890 -0.0466
vn -0.9607 0.2620 -0.0921
vn -0.9187 0.3886 -0.0710
vn -1.0000 -0.0000 -0.0004
vn -0.9992 0.0394 -0.0085
vn -0.9980 0.0574 -0.0256
vn -0.8969 -0.4195 -0.1400
vn -0.9284 -0.1698 0.3304
vn -0.9935 -0.1068 -0.0382
vn -1.0000 -0.0003 -0.0001
vn -1.0000 0.0001 -0.0002
vn -1.0000 0.0002 -0.0000
vn -1.0000 0.0095 -0.0014
vn -1.0000 -0.0015 -0.0000
vn -0.9820 0.1872 0.0252
vn -1.0000 -0.0007 -0.0000
vn -0.9886 0.1493 -0.0175
vn -0.9998 0.0203 0.0031
vn -0.9904 -0.1305 -0.0465
vn -0.9857 -0.0691 -0.1535
vn -0.4665 -0.8810 -0.0788
vn -0.9728 -0.0514 -0.2257
vn -0.9838 0.1204 0.1328
vn -0.9801 -0.1472 -0.1329
vn -0.9999 0.0097 -0.0051
vn -0.9996 -0.0296 -0.0000
vn -0.9792 -0.0503 0.1965
vn -1.0000 -0.0008 0.0002
vn -1.0000 0.0071 0.0005
vn -0.9983 0.0389 0.0429
vn -0.9983 -0.0476 0.0324
vn -0.9920 0.1234 0.0275
vn -0.6486 -0.7381 -0.1861
vn -0.6598 -0.6407 -0.3927
vn -0.7715 0.6360 0.0168
vn -0.9977 -0.0296 -0.0618
vn -0.9918 0.1274 -0.0103
vn -0.9336 0.0465 0.3553
vn -1.0000 -0.0050 -0.0015
vn -1.0000 -0.0037 -0.0033
vn -1.0000 -0.0013 0.0033
vn -0.9989 0.0478 0.0019
vn -0.9956 0.0313 -0.0878
vn -0.9989 0.0216 0.0418
vn -0.5192 0.8037 -0.2908
vn -1.0000 -0.0008 -0.0009
vn -1.0000 0.0006 -0.0001
vn -1.0000 -0.0004 0.0001
vn -1.0000 -0.0008 0.0003
vn -1.0000 -0.0010 0.0001
vn -1.0000 0.0011 0.0019
vn -0.9997 0.0239 0.0067
vn -1.0000 -0.0000 -0.0003
vn -1.0000 0.0005 0.0020
vn -1.0000 0.0006 0.0020
vn -0.9998 0.0165 0.0087
vn -1.0000 -0.0009 0.0009
vn -0.9972 0.0694 -0.0291
vn -0.9998 -0.0197 -0.0094
vn -1.0000 -0.0090 0.0016
vn -1.0000 -0.0006 0.0009
vn -1.0000 0.0029 0.0033
vn -1.0000 0.0001 0.0024
vn -1.0000 0.0018 0.0001
vn -1.0000 0.0008 -0.0001
vn -1.0000 0.0001 0.0005
vn -1.0000 -0.0002 -0.0006
vn -0.9870 -0.1561 -0.0372
vn -0.9989 0.0411 0.0206
vn -1.0000 -0.0003 -0.0000
vn -1.0000 0.0005 -0.0001
vn -0.9995 -0.0223 -0.0245
vn -0.9885 -0.1491 0.0244
vn -0.9921 -0.1246 -0.0154
vn -0.8501 -0.5266 0.0058
vn -0.9957 -0.0928 0.0018
vn -0.9963 0.0849 -0.0099
vn -0.9581 -0.2593 -0.1215
vn -0.9999 -0.0046 0.0166
vn -1.0000 0.0003 -0.0000
vn -1.0000 0.0008 -0.0002
vn -1.0000 0.0007 -0.0000
vn -1.0000 0.0004 0.0001
vn -0.9900 -0.0877 0.1102
vn -0.9996 -0.0283 -0.0057
vn -0.9987 0.0477 -0.0156
vn -0.9998 0.0205 0.0064
vn -0.9998 -0.0133 -0.0152
vn -1.0000 0.0004 -0.0003
vn -1.0000 -0.0003 -0.0005
vn -1.0000 0.0030 0.0049
vn -0.9965 -0.0768 0.0326
vn -0.9965 -0.0839 0.0004
vn -0.5578 -0.8244 0.0964
vn -0.9837 -0.0970 -0.1511
vn -0.9248 0.3207 -0.2047
vn -0.8653 0.4270 -0.2624
vn -0.8577 0.4454 -0.2571
vn -1.0000 -0.0026 0.0006
vn -1.0000 0.0011 0.0002
vn -1.0000 0.0009 0.0007
vn -1.0000 0.0003 0.0001
vn -0.5441 -0.8390 0.0058
vn -0.9994 0.0206 0.0279
vn -0.9935 0.1137 -0.0076
vn -0.9991 -0.0332 -0.0248
vn -0.9989 0.0153 -0.0438
vn -0.9998 -0.0046 -0.0178
vn -1.0000 0.0015 0.0006
vn -1.0000 0.0003 -0.0006
vn -1.0000 -0.0020 0.0013
vn -0.9999 0.0088 0.0118
vn -0.9944 0.0570 -0.0892
vn -0.9474 0.2921 -0.1309
vn -0.9060 0.3694 -0.2064
vn 0.0570 0.9872 0.1487
vn -0.9725 -0.2327 0.0123
vn -1.0000 0.0008 0.0003
vn -0.9999 0.0168 0.0027
vn -0.9882 -0.0240 0.1516
vn -0.9996 -0.0299 0.0016
vn -1.0000 0.0005 0.0002
vn -0.9984 0.0259 0.0512
vn -0.9992 -0.0358 0.0190
vn -0.9981 0.0580 -0.0222
vn -0.9578 -0.0971 0.2707
vn -0.3013 0.9002 0.3145
vn -0.1383 -0.9805 0.1394
vn -0.9757 -0.0952 0.1974
vn -0.7390 -0.1905 -0.6463
vn -0.9956 -0.0369 0.0861
vn -0.9992 0.0362 0.0170
vn -1.0000 0.0020 0.0026
vn -1.0000 0.0003 -0.0008
vn -1.0000 0.0009 -0.0004
vn -1.0000 0.0014 0.0002
vn -0.9997 0.0202 -0.0158
vn -0.9406 0.1933 -0.2791
vn -0.9919 0.0578 0.1128
vn -1.0000 0.0007 0.0002
vn -1.0000 0.0005 0.0004
vn -1.0000 0.0003 0.0002
vn -1.0000 -0.0000 0.0002
vn -1.0000 -0.0001 -0.0005
vn -0.9999 -0.0098 0.0042
vn -0.9984 0.0041 0.0561
vn -0.9961 0.0165 0.0867
vn -0.9985 -0.0391 0.0391
vn -0.9545 0.1349 0.2660
vn -0.7344 0.6604 0.1568
vn -0.7908 0.5175 0.3268
vn -0.6593 0.6727 0.3359
vn -0.9998 -0.0012 -0.0201
vn -0.9994 -0.0325 0.0128
vn -0.9992 0.0217 -0.0321
vn -0.9794 0.1778 -0.0963
vn -0.9988 -0.0222 -0.0438
vn -0.9025 -0.4306 0.0019
vn -0.9998 -0.0149 -0.0160
vn -0.9841 0.1558 0.0857
vn -0.9954 0.0945 -0.0163
vn -0.9992 0.0165 -0.0353
vn -1.0000 -0.0040 -0.0007
vn -1.0000 0.0013 0.0028
vn -1.0000 0.0021 0.0006
vn -1.0000 0.0006 0.0003
vn -0.9994 -0.0343 0.0009
vn -0.9995 -0.0273 -0.0134
vn -0.9998 0.0166 0.0092
vn -0.9996 0.0267 0.0026
vn -0.9999 0.0115 -0.0074
vn -0.9999 0.0125 -0.0040
vn -0.9927 0.0980 0.0699
vn -0.9407 0.1046 0.3226
vn -0.9152 0.3262 0.2365
vn -0.9911 -0.0795 -0.1065
vn -0.9965 0.0788 -0.0288
vn -0.9965 0.0827 -0.0092
vn -0.9986 0.0536 -0.0027
vn -0.9616 0.2193 0.1649
vn -0.9762 0.0958 -0.1946
vn -0.9552 0.2956 -0.0122
vn -0.5647 0.8243 -0.0394
vn -0.9147 0.4003 -0.0551
vn -0.8906 -0.4433 -0.1019
vn -0.9971 -0.0755 0.0101
vn -1.0000 0.0048 -0.0017
vn -1.0000 -0.0008 -0.0004
vn -1.0000 0.0007 -0.0005
vn -1.0000 0.0002 0.0003
vn -1.0000 -0.0001 -0.0003
vn -1.0000 -0.0015 -0.0064
vn -1.0000 -0.0019 0.0040
vn -1.0000 0.0059 -0.0010
vn -0.9999 0.0077 -0.0110
vn -0.9965 0.0703 0.0461
vn -0.9996 0.0144 -0.0244
vn -0.9997 0.0246 -0.0087
vn -0.9998 0.0158 -0.0158
vn -0.9999 0.0156 -0.0068
vn -0.8115 0.5176 0.2711
vn -0.9880 0.1134 -0.1051
vn -1.0000 -0.0046 0.0001
vn -1.0000 0.0006 0.0011
vn -1.0000 -0.0024 -0.0047
vn -1.0000 0.0021 0.0022
vn -1.0000 -0.0042 -0.0005
vn -0.9998 -0.0184 0.0010
vn -1.0000 -0.0020 -0.0006
vn -0.9995 -0.0271 -0.0131
vn -0.9999 -0.0082 -0.0116
vn -0.9943 -0.0238 -0.1042
vn -0.9920 -0.1093 -0.0625
vn -0.7111 -0.3216 -0.6253
vn -0.9906 -0.1357 -0.0158
vn -0.9975 0.0471 -0.0535
vn -0.9540 -0.1478 -0.2608
vn -0.9897 -0.0847 -0.1151
vn -0.3896 0.5927 -0.7049
vn -0.2456 0.6439 -0.7246
vn -0.9982 0.0504 -0.0312
vn -0.9989 -0.0440 -0.0136
vn -0.8756 -0.4517 -0.1712
vn -0.9023 -0.3381 0.2675
vn -0.8267 -0.1075 0.5523
vn -0.9999 0.0076 -0.0137
vn -0.7159 -0.3175 0.6218
vn -1.0000 0.0035 -0.0020
vn -0.9995 0.0272 0.0168
vn -0.9770 0.1855 0.1051
vn -0.9715 0.1618 0.1734
vn -0.9841 0.1562 0.0849
vn -0.9952 0.0973 0.0079
vn -1.0000 -0.0072 0.0026
vn -0.9999 -0.0131 -0.0027
vn -0.9573 -0.2871 -0.0329
vn -0.9518 -0.3054 0.0292
vn -0.9269 -0.3728 0.0424
vn -0.9753 -0.2172 0.0401
vn -0.9994 -0.0052 -0.0353
vn -0.6651 0.5944 0.4519
vn -0.9920 -0.0416 0.1192
vn -0.9993 -0.0101 0.0353
vn -1.0000 -0.0008 0.0015
vn -1.0000 -0.0012 -0.0003
vn -1.0000 -0.0022 -0.0006
vn -0.9983 -0.0335 -0.0475
vn -0.9997 0.0063 -0.0230
vn -0.9857 -0.1644 -0.0366
vn -0.9974 0.0445 -0.0562
vn -0.9988 -0.0413 -0.0278
vn -0.8696 0.4695 -0.1529
vn -0.8536 -0.5164 0.0690
vn -0.7182 0.6664 0.2005
vn -0.9775 0.1021 0.1846
vn -0.9998 0.0196 0.0017
vn -1.0000 -0.0067 -0.0035
vn -0.9999 0.0158 -0.0027
vn -1.0000 0.0021 -0.0001
vn -1.0000 -0.0013 0.0013
vn -0.9999 0.0162 -0.0003
vn -1.0000 -0.0047 0.0051
vn -0.9999 0.0100 -0.0064
vn -0.9392 -0.2984 -0.1699
vn -0.9975 -0.0696 -0.0109
vn -0.9991 0.0416 -0.0023
vn -0.9160 0.1622 0.3668
vn -0.8970 -0.3877 -0.2122
vn -0.9990 -0.0023 0.0448
vn -0.7911 0.5938 0.1467
vn -1.0000 -0.0045 -0.0049
vn -0.9895 -0.1415 0.0301
vn -0.9999 -0.0055 0.0092
vn -1.0000 0.0014 -0.0004
vn -1.0000 0.0017 -0.0005
vn -1.0000 -0.0002 0.0001
vn -1.0000 -0.0000 0.0005
vn -1.0000 -0.0000 0.0012
vn -1.0000 0.0026 -0.0023
vn -0.9995 0.0291 -0.0115
vn -0.9998 0.0199 0.0088
vn -0.9938 -0.1031 -0.0425
vn -0.9960 -0.0241 0.0856
vn -0.9991 0.0195 0.0386
vn -0.9758 0.1261 -0.1784
vn -0.9779 0.0692 -0.1975
vn -0.9766 0.1230 -0.1765
vn -0.9455 0.3236 0.0354
vn -0.9471 0.3169 -0.0515
vn -0.8430 -0.2367 -0.4831
vn -0.0704 -0.9644 0.2550
vn -0.9637 -0.2026 -0.1739
vn -0.9418 0.3361 -0.0088
vn -0.8797 0.4679 -0.0846
vn -0.9788 -0.1429 -0.1465
vn -0.9998 -0.0025 0.0186
vn -0.9570 0.2803 0.0742
vn -1.0000 -0.0036 -0.0006
vn -1.0000 0.0002 0.0002
vn -1.0000 0.0005 0.0005
vn -0.9845 -0.1696 0.0445
vn -0.9802 -0.1960 -0.0280
vn -0.9988 -0.0017 -0.0485
vn -0.9882 -0.1122 -0.1041
vn -1.0000 -0.0001 -0.0006
vn -0.9989 -0.0199 -0.0435
vn -0.9999 0.0001 -0.0120
vn -0.9997 0.0037 -0.0221
vn -0.9997 -0.0080 -0.0243
vn -0.9993 0.0144 -0.0342
vn -1.0000 0.0025 -0.0053
vn -1.0000 0.0016 0.0059
vn -1.0000 0.0005 0.0003
vn -1.0000 0.0004 -0.0000
vn -1.0000 0.0006 -0.0000
vn -0.9978 -0.0238 -0.0619
vn -0.9999 0.0143 0.0010
vn -0.9613 0.2733 0.0359
vn -1.0000 0.0021 -0.0077
vn -0.9999 0.0010 -0.0172
vn -0.9998 -0.0161 -0.0095
vn -0.9994 0.0269 0.0196
vn -0.9986 -0.0517 -0.0126
vn -0.9999 -0.0162 0.0004
vn -0.9966 -0.0057 0.0821
vn -0.9602 -0.0018 0.2794
vn -0.5721 0.0149 -0.8200
vn -0.9349 0.0013 -0.3550
vn -0.9856 -0.1513 -0.0759
vn -0.9791 -0.1824 -0.0899
vn -0.9997 0.0093 -0.0210
vn -0.9677 0.0106 -0.2520
vn -0.9907 -0.1323 -0.0323
vn -0.9992 -0.0040 -0.0398
vn -0.9974 -0.0263 -0.0671
vn -0.9560 0.0218 -0.2926
vn -0.9631 0.0165 -0.2685
vn -0.9867 0.0078 -0.1624
vn -0.9995 0.0041 -0.0306
vn -0.9984 -0.0485 -0.0306
vn -0.9542 0.1077 -0.2791
vn -0.9630 -0.1930 -0.1883
vn -0.9986 -0.0352 -0.0387
vn -0.8695 -0.2941 -0.3968
vn -0.5854 0.0436 -0.8095
vn -0.9734 -0.2291 -0.0005
vn -0.8660 -0.3640 -0.3429
vn -0.9936 -0.0661 -0.0916
vn -0.9994 0.0096 -0.0347
vn 0.6846 0.0801 -0.7245
vn -0.9995 -0.0232 0.0212
vn -0.9995 0.0110 -0.0301
vn -0.9899 -0.0158 -0.1407
vn -0.9996 -0.0055 0.0286
vn -0.9592 0.2753 -0.0640
vn -0.9812 -0.1847 -0.0566
vn 0.3868 0.0469 0.9210
vn 0.2123 0.0133 0.9771
vn 0.2629 0.0020 0.9648
vn 0.3799 -0.3913 0.8382
vn -0.7073 -0.0398 -0.7058
vn -0.0142 -0.0126 0.9998
vn -0.9147 -0.0120 -0.4040
vn -0.0118 -0.0230 0.9997
vn -0.9850 -0.1728 0.0012
vn 0.4027 -0.0855 0.9113
vn -0.0345 -0.0037 0.9994
vn -0.9657 -0.0137 -0.2595
vn -0.7676 -0.0303 -0.6402
vn -0.4378 -0.2111 0.8739
vn -0.0427 0.0140 0.9990
vn -0.0558 -0.0267 0.9981
vn -0.0456 -0.1171 0.9921
vn 0.0071 -0.0713 0.9974
vn 0.0092 -0.9999 0.0057
vn 0.0315 -0.0146 0.9994
vn -0.2905 -0.0123 0.9568
vn -0.0171 -0.0035 0.9998
vn -0.0416 0.0024 0.9991
vn -0.1452 -0.0475 0.9883
vn -0.1323 0.0253 0.9909
vn 0.0515 -0.8200 0.5701
vn -0.0021 -0.0079 1.0000
vn -0.0030 0.0004 1.0000
vn -0.0059 0.0006 1.0000
vn -0.0025 0.0002 1.0000
vn -0.0003 0.0001 1.0000
vn -0.0652 0.1132 0.9914
vn -0.0086 0.3315 0.9434
vn -0.5717 -0.5387 0.6189
vn -0.0481 -0.0839 0.9953
vn 0.0150 0.0038 0.9999
vn 0.0010 -0.0041 1.0000
vn -0.0278 -0.0149 0.9995
vn -0.1002 -0.0313 0.9945
vn 0.0036 0.0351 0.9994
vn -0.6935 0.1396 0.7068
vn 0.0074 0.0988 0.9951
vn -0.0582 0.4895 0.8700
vn -0.0007 0.5017 0.8650
vn 0.0121 0.0159 0.9998
vn -0.1028 0.1383 0.9850
vn -0.0964 0.0222 0.9951
vn -0.2040 -0.6432 0.7380
vn 0.0133 0.1021 0.9947
vn -0.1882 0.7397 0.6460
vn -0.1279 -0.8583 0.4969
vn 0.0753 0.5842 0.8081
vn 0.3521 0.9277 -0.1238
vn 0.3364 -0.2485 0.9083
vn 0.0064 0.0248 0.9997
vn 0.2239 -0.0414 0.9737
vn -0.0976 0.1832 0.9782
vn -0.1147 0.4223 0.8991
vn -0.7146 0.6808 -0.1607
vn 0.1693 0.3993 0.9010
vn -0.3905 -0.7219 0.5713
vn -0.1518 -0.4802 0.8639
vn -0.1224 -0.6177 0.7769
vn 0.1930 0.4006 0.8957
vn 0.0419 -0.1370 0.9897
vn -0.0172 0.0081 0.9998
vn 0.0002 0.0440 0.9990
vn -0.0000 -0.0000 1.0000
vn 0.1206 -0.3124 0.9423
vn -0.0211 -0.2950 0.9553
vn -0.1838 -0.3156 0.9309
vn 0.0610 0.0418 0.9973
vn 0.0695 -0.2519 0.9653
vn -0.0077 -0.7418 0.6706
vn -0.0013 -0.0253 0.9997
vn -0.1377 0.4981 0.8561
vn -0.0246 0.2051 0.9784
vn -0.2678 -0.1285 0.9549
vn 0.0099 -0.0087 0.9999
vn -0.0006 0.0040 1.0000
vn 0.0855 -0.6855 0.7231
vn -0.0256 -0.1217 0.9922
vn 0.0465 0.8885 -0.4565
vn 0.5804 -0.7167 0.3866
vn -0.0019 -0.0018 1.0000
vn 0.0007 -0.0015 1.0000
vn -0.0016 -0.0007 1.0000
vn -0.0004 -0.0223 0.9998
vn -0.3037 0.0163 0.9526
vn -0.0012 0.0039 1.0000
vn -0.0066 -0.0819 0.9966
vn 0.3066 -0.2796 0.9098
vn 0.0508 -0.5258 0.8491
vn -0.0025 -0.4383 0.8988
vn -0.0001 0.0042 1.0000
vn -0.0925 0.0862 0.9920
vn 0.0135 -0.0270 0.9995
vn -0.0104 0.0233 0.9997
vn -0.0001 -0.0000 1.0000
vn -0.0187 0.0787 0.9967
vn 0.0767 0.0109 0.9970
vn -0.0004 -0.0090 1.0000
vn -0.7615 -0.2985 0.5754
vn 0.0472 -0.7020 0.7106
vn -0.0008 0.0467 0.9989
vn -0.0121 0.0027 0.9999
vn 0.0005 -0.0133 0.9999
vn -0.2198 0.3608 0.9064
vn -0.0983 0.1056 0.9895
vn 0.0024 0.8808 0.4734
vn -0.0113 -0.2069 0.9783
vn 0.0042 0.0007 1.0000
vn 0.2414 -0.2320 0.9423
vn -0.0001 -0.0060 1.0000
vn -0.3555 0.5477 0.7574
vn -0.2969 0.9509 -0.0873
vn -0.1876 -0.2963 0.9365
vn 0.2163 -0.3142 0.9244
vn -0.1354 0.8242 0.5498
vn -0.2386 -0.0939 0.9666
vn -0.0342 -0.4917 0.8701
vn -0.0013 -0.0995 0.9950
vn -0.0325 -0.0857 0.9958
vn -0.0003 -0.0079 1.0000
vn 0.0001 -0.0002 1.0000
vn 0.1771 -0.7920 -0.5843
vn -0.3030 -0.1473 0.9415
vn -0.5238 0.4861 -0.6995
vn -0.0561 -0.1596 0.9856
vn -0.1358 -0.0675 0.9884
vn -0.0268 -0.2673 0.9632
vn -0.0030 -0.0715 0.9974
vn 0.0087 -0.6015 0.7988
vn 0.0056 -0.2042 0.9789
vn -0.0001 0.0002 1.0000
vn 0.0111 0.0816 0.9966
vn 0.0263 0.0896 0.9956
vn -0.0611 0.1661 0.9842
vn -0.0309 -0.1134 0.9931
vn -0.2578 -0.1597 0.9529
vn 0.0060 0.3060 0.9520
vn 0.0076 0.1819 0.9833
vn 0.1160 0.2925 0.9492
vn 0.3048 -0.0422 0.9515
vn 0.0773 -0.7870 -0.6121
vn -0.0487 -0.2185 0.9746
vn 0.0213 0.2406 0.9704
vn -0.3050 0.5975 0.7416
vn 0.0652 -0.2568 0.9643
vn -0.0119 -0.4722 0.8814
vn -0.0068 -0.3455 0.9384
vn 0.0222 0.0340 0.9992
vn 0.0040 -0.0605 0.9982
vn 0.1040 0.1080 0.9887
vn -0.0413 0.0207 0.9989
vn -0.0206 -0.0723 0.9972
vn -0.0442 0.4855 0.8731
vn -0.0087 -0.6426 0.7661
vn 0.0871 0.6724 0.7350
vn -0.0577 0.4408 0.8958
vn 0.0022 -0.0087 1.0000
vn 0.1905 0.4221 0.8863
vn -0.0398 0.0161 0.9991
vn -0.0253 0.3172 0.9480
vn -0.5618 -0.0997 0.8212
vn 0.1478 -0.0520 0.9876
vn 0.0457 -0.0087 0.9989
vn 0.0037 0.0020 1.0000
vn -0.0085 0.0695 0.9975
vn -0.1202 0.0226 0.9925
vn -0.0495 0.1703 0.9841
vn -0.0869 0.0811 0.9929
vn -0.0144 0.0357 0.9993
vn 0.0215 -0.2936 0.9557
vn 0.7250 0.0810 0.6840
vn -0.6235 0.0841 0.7773
vn -0.0199 0.9829 -0.1832
vn 0.1164 0.0315 0.9927
vn -0.0487 -0.0407 0.9980
vn 0.0004 -0.0006 1.0000
vn -0.0127 -0.1361 0.9906
vn 0.0580 0.0001 0.9983
vn 0.0003 -0.0000 1.0000
vn 0.0022 -0.7074 -0.7068
vn 0.0030 -0.0158 0.9999
vn -0.0173 0.0038 0.9998
vn -0.0538 -0.2196 0.9741
vn -0.0157 0.0012 0.9999
vn 0.0127 -0.3611 0.9324
vn 0.5453 -0.2387 0.8036
vn 0.0264 -0.1162 0.9929
vn -0.0028 -0.3125 0.9499
vn 0.1062 0.5601 0.8216
vn 0.3220 0.4087 0.8540
vn -0.1152 -0.7438 0.6584
vn 0.0437 -0.0202 0.9988
vn 0.1152 0.2519 0.9609
vn -0.4552 -0.1265 0.8814
vn 0.5523 -0.1815 0.8137
vn 0.0055 -0.5578 0.8300
vn -0.0582 0.9390 0.3390
vn 0.0001 -0.0000 1.0000
vn 0.0015 0.9749 0.2228
vn 0.0026 -0.8295 0.5584
vn 0.1178 -0.9512 0.2853
vn -0.0475 0.0562 0.9973
vn -0.3143 0.9152 -0.2524
vn 0.0242 -0.3613 0.9321
vn -0.4461 -0.5817 0.6802
vn 0.0658 -0.8574 0.5105
vn -0.0820 -0.2431 0.9665
vn 0.0781 -0.7584 0.6471
vn -0.0007 -0.0004 1.0000
vn 0.0147 0.0424 0.9990
vn -0.0855 0.0765 0.9934
vn 0.0045 0.0334 0.9994
vn -0.1942 -0.2625 0.9452
vn -0.0016 -0.0864 0.9963
vn -0.0744 0.0803 0.9940
vn 0.2038 0.4315 0.8788
vn -0.0099 -0.1231 0.9923
vn 0.1020 -0.5083 0.8551
vn 0.0153 -0.0335 0.9993
vn -0.0011 -0.0019 1.0000
vn 0.0022 0.0024 1.0000
vn 0.0020 0.0009 1.0000
vn 0.0070 0.0243 0.9997
vn -0.1976 0.4512 0.8703
vn 0.0636 0.1550 0.9859
vn 0.0826 0.2669 0.9602
vn -0.0064 0.0467 0.9989
vn 0.0849 0.8558 -0.5103
vn 0.0147 -0.6749 -0.7378
vn 0.0138 -0.0153 0.9998
vn -0.0328 -0.1806 0.9830
vn -0.0161 0.0153 0.9998
vn 0.0039 0.0043 1.0000
vn 0.0139 0.0249 0.9996
vn 0.2556 0.0039 0.9668
vn 0.0044 0.0019 1.0000
vn -0.4588 0.2564 0.8508
vn 0.0202 -0.5073 0.8615
vn 0.1087 -0.0164 0.9939
vn 0.0044 -0.0055 1.0000
vn 0.0095 0.0137 0.9999
vn -0.0575 0.4005 0.9145
vn -0.0423 0.0677 0.9968
vn -0.1146 0.0217 0.9932
vn -0.1024 -0.0065 0.9947
vn 0.0483 -0.4490 0.8922
vn 0.0787 0.4334 0.8978
vn 0.0746 -0.2889 0.9545
vn 0.4656 -0.0592 0.8830
vn 0.1730 0.1449 0.9742
vn 0.6260 0.4114 0.6625
vn 0.0074 0.0132 0.9999
vn 0.0925 -0.1582 0.9831
vn 0.4922 -0.1618 0.8553
vn -0.0317 0.3909 0.9199
vn -0.2537 -0.0302 0.9668
vn 0.0619 -0.0021 0.9981
vn 0.1055 -0.0135 0.9943
vn 0.2740 -0.0059 0.9617
vn 0.4975 -0.6767 0.5428
vn 0.3852 0.7362 0.5565
vn -0.0294 0.0290 0.9991
vn -0.0545 -0.0629 0.9965
vn -0.1709 0.0083 0.9853
vn 0.1828 -0.0704 0.9806
vn 0.0334 0.0310 0.9990
vn -0.0079 -0.0264 0.9996
vn 0.0061 -0.0262 0.9996
vn 0.1089 0.0062 0.9940
vn 0.0987 -0.3874 0.9166
vn -0.5755 -0.0137 0.8177
vn 0.1149 0.4345 0.8933
vn -0.0920 -0.0783 0.9927
vn 0.0433 0.6248 0.7796
vn 0.0454 0.0225 0.9987
vn -0.2235 0.5737 0.7880
vn 0.1513 0.0506 0.9872
vn 0.2445 0.2425 0.9388
vn 0.0704 -0.9974 -0.0130
vn 0.9331 -0.3594 0.0063
vn 0.0124 -0.9999 0.0005
vn -0.9555 0.2947 -0.0109
vn -0.0036 -0.9998 -0.0175
vn -0.0034 -1.0000 -0.0050
vn -0.8393 -0.5295 0.1237
vn -0.0151 -0.9993 -0.0349
vn 0.0683 -0.9948 -0.0762
vn -0.0195 -0.9998 -0.0089
vn 0.0820 -0.9243 -0.3727
vn -0.1285 -0.9910 0.0374
vn 0.0684 -0.9977 0.0011
vn 0.4048 -0.9084 0.1047
vn 0.6945 -0.7194 0.0118
vn 0.2867 -0.7444 0.6031
vn 0.5728 -0.8170 0.0664
vn 0.3841 -0.8528 -0.3537
vn -0.0638 -0.9979 -0.0120
vn 0.9451 0.3256 -0.0270
vn 0.0649 -0.9978 0.0106
vn -0.4073 -0.8228 -0.3964
vn -0.6618 -0.6847 0.3055
vn 0.0254 -0.1823 0.9829
vn -0.0213 -0.9989 0.0426
vn 0.0015 -1.0000 0.0004
vn -0.0032 -1.0000 -0.0030
vn 0.0009 -1.0000 0.0005
vn 0.4291 -0.9030 0.0215
vn 0.0155 -0.9999 0.0004
vn 0.0071 -1.0000 -0.0025
vn -0.0628 -0.9976 -0.0302
vn 0.4095 -0.9122 0.0132
vn -0.0002 -1.0000 -0.0008
vn -0.0986 -0.5126 0.8530
vn -0.0228 -0.9992 -0.0336
vn 0.0119 -0.9999 0.0006
vn -0.0006 -0.7804 -0.6253
vn -0.0000 -0.9476 -0.3194
vn 0.0038 -1.0000 0.0026
vn -0.0000 -1.0000 -0.0000
vn 0.0142 -0.9999 -0.0025
vn 0.0315 -0.9312 -0.3632
vn 0.6493 -0.6191 0.4418
vn 0.0865 -0.4264 0.9004
vn -0.3245 -0.6701 0.6676
vn -0.0819 -0.9964 -0.0202
vn 0.0219 0.6260 -0.7795
vn -0.0162 -0.9996 0.0234
vn 0.1230 -0.9875 0.0983
vn 0.2057 -0.9786 -0.0032
vn -0.0073 -1.0000 -0.0043
vn 0.0008 -0.5036 -0.8639
vn -0.0016 -1.0000 -0.0033
vn 0.0062 0.2075 0.9782
vn -0.0085 -0.9999 -0.0061
vn -0.1110 -0.3599 0.9264
vn 0.0002 -0.9944 0.1056
vn 0.0001 -1.0000 0.0001
vn 0.0051 -1.0000 0.0061
vn 0.0063 -0.2427 -0.9701
vn -0.0000 -1.0000 0.0028
vn 0.0037 -0.8524 0.5228
vn -0.0009 -1.0000 -0.0003
vn -0.0667 0.2664 0.9615
vn 0.0649 -0.9976 0.0229
vn -0.0876 -0.3548 0.9308
vn 0.0037 -0.9975 0.0711
vn -0.2056 -0.9147 0.3479
vn -0.0136 -0.9997 0.0185
vn -0.0308 -0.9994 0.0152
vn -0.0083 0.7296 -0.6838
vn -0.0183 -0.9996 0.0229
vn -0.0060 -0.5000 0.8660
vn -0.0009 -1.0000 0.0001
vn -0.0194 -0.9998 0.0010
vn -0.0110 -0.9865 -0.1631
vn 0.6622 -0.4881 -0.5686
vn -0.1513 -0.9881 0.0284
vn -0.1586 -0.9850 -0.0673
vn -0.1154 -0.9898 -0.0831
vn -0.8243 0.5582 -0.0952
vn -0.8139 0.5810 0.0018
vn -0.8270 0.5623 0.0035
vn 1.0000 -0.0003 -0.0022
vn 1.0000 -0.0001 -0.0017
vn 1.0000 0.0017 -0.0054
vn 1.0000 -0.0051 0.0002
vn 0.9982 -0.0600 -0.0027
vn 0.9954 -0.0412 -0.0861
vn 1.0000 0.0004 -0.0015
vn 0.9918 0.0758 -0.1031
vn 0.9999 -0.0121 0.0005
vn 1.0000 -0.0001 -0.0011
vn 0.9999 0.0044 -0.0151
vn 0.0176 -0.0611 0.9980
vn 1.0000 -0.0022 0.0028
vn 0.9999 -0.0154 0.0037
vn 0.9972 -0.0281 -0.0687
vn 1.0000 0.0001 -0.0000
vn 1.0000 -0.0051 -0.0002
vn 0.8998 0.2942 0.3221
vn 0.9997 0.0222 0.0084
vn 0.6743 -0.5428 -0.5007
vn 0.4688 -0.8831 0.0201
vn 0.6204 -0.7635 -0.1793
vn -0.8525 0.0638 0.5188
vn 0.7433 0.6115 0.2712
vn 1.0000 0.0005 -0.0003
vn 0.9999 -0.0104 -0.0022
vn 0.7255 -0.6779 0.1187
vn 0.3733 -0.9263 0.0515
vn 0.6973 -0.6376 -0.3276
vn 0.9988 -0.0473 -0.0091
vn 0.9989 -0.0440 -0.0140
vn 1.0000 0.0018 0.0002
vn 1.0000 -0.0056 -0.0011
vn 0.9991 -0.0427 -0.0054
vn -0.4330 -0.9012 -0.0203
vn 1.0000 0.0015 0.0007
vn 0.8096 -0.5136 -0.2841
vn 0.8839 -0.4671 -0.0218
vn 0.9201 -0.3910 0.0250
vn 0.9529 -0.1961 0.2314
vn 0.8636 0.0020 -0.5042
vn 0.9920 -0.1210 0.0363
vn -0.0818 -0.5601 0.8244
vn 0.7834 0.2292 0.5777
vn 0.8918 0.1883 0.4114
vn 0.8281 0.3422 -0.4440
vn 0.0039 -0.0014 -1.0000
vn 0.0035 -0.0054 -1.0000
vn 0.0012 0.0003 -1.0000
vn 0.0061 -0.0056 -1.0000
vn 0.2446 -0.0896 -0.9655
vn 0.0096 -0.0042 -0.9999
vn 0.0041 -0.0381 -0.9993
vn -0.0706 -0.8186 -0.5700
vn -0.5613 -0.8012 0.2073
vn -0.0006 0.0026 -1.0000
vn 0.0016 0.0218 -0.9998
vn 0.0007 0.0003 -1.0000
vn 0.0014 -0.0054 -1.0000
vn 0.0014 0.0007 -1.0000
vn -0.0000 -0.0000 -1.0000
vn 0.0001 0.0001 -1.0000
vn 0.0048 -0.0031 -1.0000
vn 0.0039 0.0141 -0.9999
vn -0.0032 0.0012 -1.0000
vn -0.0004 -0.0010 -1.0000
vn 0.0074 -0.0079 -0.9999
vn -0.0237 0.0588 -0.9980
vn 0.0040 0.0516 -0.9987
vn -0.0009 0.0044 -1.0000
vn -0.0000 -0.0002 -1.0000
vn 0.0009 0.0071 -1.0000
vn -0.0046 0.0301 -0.9995
vn 0.0033 0.0484 -0.9988
vn -0.0002 0.0004 -1.0000
vn 0.0344 0.9875 0.1539
vn -0.0085 -0.0051 -1.0000
vn 0.0005 -0.0020 -1.0000
vn -0.0005 -0.0018 -1.0000
vn -0.0000 -0.0018 -1.0000
vn 0.0245 -0.1025 -0.9944
vn 0.0056 -0.0031 -1.0000
vn -0.0000 0.0001 -1.0000
vn -0.0003 -0.0008 -1.0000
vn -0.0025 0.0016 -1.0000
vn 0.0082 0.0158 -0.9998
vn -0.0002 0.0049 -1.0000
vn -0.0001 -0.0000 -1.0000
vn -0.0001 0.0001 -1.0000
vn -0.0001 -0.0006 -1.0000
vn -0.0044 0.0059 -1.0000
vn 0.0009 -0.0046 -1.0000
vn -0.0103 0.0050 -0.9999
vn 0.0142 -0.1644 -0.9863
vn -0.0029 -0.0764 -0.9971
vn -0.0965 -0.1661 -0.9814
vn 0.3585 0.9317 -0.0586
vn 0.0953 0.9954 0.0027
vn 0.7607 0.5921 0.2662
vn 0.2892 0.8713 -0.3965
vn 0.0249 0.9997 -0.0043
vn 0.0078 0.9932 0.1163
vn -0.0007 1.0000 -0.0014
vn 0.0018 1.0000 0.0005
vn 0.0013 1.0000 0.0037
vn 0.0007 1.0000 -0.0002
vn 0.0001 1.0000 -0.0011
vn 0.0003 1.0000 0.0002
vn 0.0001 1.0000 -0.0000
vn 0.0002 1.0000 0.0001
vn -0.0098 0.9984 -0.0566
vn 0.0015 0.9999 -0.0124
vn 0.0071 1.0000 0.0009
vn -0.0000 1.0000 -0.0000
vn 0.0026 1.0000 0.0003
vn 0.0160 0.9435 -0.3309
vn 0.0317 0.9714 0.2352
vn -0.0047 0.9510 -0.3091
vn 0.1572 0.9837 -0.0879
vn -0.0019 1.0000 -0.0047
vn -0.0001 1.0000 -0.0000
vn 0.0003 1.0000 -0.0000
vn -0.0007 0.9999 -0.0133
vn -0.0066 0.7027 0.7115
vn 0.0004 1.0000 0.0053
vn -0.0022 0.7108 0.7034
vn 0.0021 1.0000 0.0007
vn 0.0008 1.0000 -0.0000
vn 0.0009 1.0000 0.0030
vn 0.0066 0.9998 -0.0166
vn -0.0000 1.0000 -0.0002
vn 0.0002 1.0000 0.0005
vn -0.0017 1.0000 -0.0004
vn 0.0030 1.0000 0.0001
vn -0.5772 0.6139 0.5386
vn -0.4389 0.8963 0.0642
vn -0.7963 0.5936 0.1166
vn -0.0068 0.9950 0.1000
vn -0.9725 0.1405 -0.1857
vn -0.9804 -0.1947 -0.0286
vn -0.8541 -0.0775 0.5143
vn -0.2890 0.4004 -0.8695
vn -0.9209 0.3071 -0.2402
vn -0.1605 0.5623 -0.8112
vn 0.1056 0.9722 0.2092
vn 0.0407 0.9188 0.3927
vn -0.0343 0.9319 0.3611
vn -0.0963 0.9933 0.0631
vn -0.0309 0.9994 -0.0164
vn -0.0106 0.9999 0.0014
vn -0.2316 0.9720 0.0390
vn -0.0295 0.9995 0.0146
vn -0.1834 0.9830 0.0044
vn -0.7684 0.6303 -0.1106
vn 0.2579 0.9590 -0.1171
vn -0.0336 0.9976 -0.0610
vn 0.0087 0.9949 -0.1010
vn -0.0763 0.9962 -0.0413
vn 0.0158 0.9856 -0.1683
vn 0.1664 0.9849 0.0473
vn -0.1374 0.9900 0.0327
vn -0.3700 0.8410 -0.3947
vn 0.0258 0.9936 -0.1100
vn -0.2799 0.7862 -0.5509
vn -0.4423 0.8808 0.1691
vn 0.2525 0.9605 0.1173
vn -0.2313 0.9612 -0.1505
vn 0.0031 0.9994 -0.0335
vn -0.0362 0.9993 0.0049
vn -0.1124 0.9931 -0.0336
vn -0.0780 0.9964 0.0331
vn -0.1051 0.9931 -0.0530
vn -0.4537 0.8559 0.2483
vn -0.1053 0.9937 0.0382
vn -0.0222 0.9974 0.0689
vn 0.0050 0.9998 0.0204
vn 0.1211 0.9780 0.1701
vn -0.6123 0.7713 0.1738
vn -0.1921 0.9811 0.0246
vn -0.0483 0.9988 0.0019
vn 0.8536 0.5152 0.0770
vn 0.2733 0.9619 -0.0016
vn 0.2568 0.9665 0.0049
vn 0.4081 0.8873 0.2147
vn 0.0258 0.9987 0.0450
vn -0.3119 0.9278 -0.2046
vn -0.0762 0.9971 0.0053
vn 0.0950 0.9775 0.1883
vn 0.0801 0.9706 -0.2271
vn 0.0133 0.9999 -0.0038
vn -0.0052 0.9999 -0.0132
vn -0.0227 0.9996 0.0173
vn 0.0324 0.9699 -0.2414
vn 0.0149 0.9993 -0.0339
vn -0.0067 0.9969 0.0787
vn 0.3295 0.9441 0.0071
vn -0.0113 0.9999 0.0061
vn 0.0455 0.9969 -0.0635
vn -0.0087 0.9999 0.0067
vn 0.3491 0.9250 -0.1501
vn 0.2423 0.9680 -0.0648
vn -0.0132 0.9999 -0.0072
vn -0.0183 0.9998 -0.0000
vn 0.1454 0.9894 0.0006
vn 0.0897 0.9516 -0.2939
vn -0.0196 0.9998 0.0034
vn -0.0291 0.9996 0.0022
vn -0.0412 0.9507 0.3073
vn -0.0452 0.9989 -0.0135
vn -0.1028 0.9151 -0.3898
vn -0.1092 0.9939 -0.0156
vn -0.0503 0.9955 -0.0804
vn 0.4285 0.8756 0.2231
vn 0.0489 0.9979 0.0426
vn 0.4083 0.8955 0.1772
vn -0.1037 0.9946 0.0028
vn -0.2039 0.9487 -0.2417
vn 0.1271 0.9723 -0.1964
vn 0.0275 0.9996 -0.0091
vn 0.8209 0.5616 0.1033
vn 0.8001 0.5683 0.1921
vn 0.0762 0.9950 0.0638
vn 0.1093 0.9887 0.1027
vn 0.1121 0.9922 0.0542
vn 0.5068 0.8172 0.2747
vn -0.0212 0.9997 -0.0087
vn -0.0688 0.9969 -0.0375
vn -0.0274 0.9994 0.0204
vn 0.1515 0.9682 0.1990
vn 0.0335 0.9994 0.0131
vn -0.0618 0.9958 -0.0671
vn -0.1175 0.9930 -0.0096
vn -0.8398 0.5418 0.0346
vn -0.3525 0.9297 -0.1071
vn 0.2282 0.8990 0.3738
vn -0.0469 0.9922 -0.1155
vn -0.7776 0.5981 0.1939
vn -0.0339 0.9991 -0.0248
vn -0.0342 0.9993 -0.0144
vn -0.0190 0.9998 -0.0036
vn -0.0104 0.9999 -0.0015
vn 0.0377 0.9987 0.0345
vn -0.0116 0.9998 0.0189
vn -0.0280 0.9996 0.0068
vn 0.0003 0.9979 0.0651
vn -0.0221 0.9997 0.0082
vn -0.0110 0.9999 0.0042
vn -0.0637 0.9656 -0.2520
vn -0.0577 0.9687 0.2415
vn 0.3505 -0.1405 0.9259
vn -0.0925 0.9223 0.3752
vn 0.1955 0.9795 0.0482
vn -0.0096 0.9997 0.0218
vn 0.0152 0.9998 0.0100
vn -0.0189 0.9997 -0.0134
vn -0.0504 0.9987 -0.0085
vn -0.0239 0.9997 -0.0015
vn -0.0198 0.9994 -0.0295
vn -0.0258 0.9996 -0.0119
vn -0.0130 0.9999 -0.0019
vn 0.0970 0.9843 -0.1474
vn -0.0542 0.9985 -0.0005
vn 0.0111 0.9999 -0.0072
vn -0.1123 0.9930 0.0374
vn -0.0139 0.9993 0.0355
vn 0.0412 0.9973 -0.0603
vn -0.2051 0.9524 -0.2256
vn -0.4895 0.8710 -0.0430
vn 0.1923 0.9811 -0.0208
vn -0.1655 0.9862 -0.0057
vn -0.2465 0.9424 -0.2263
vn -0.1620 0.9857 -0.0463
vn 0.2450 0.9573 -0.1535
vn -0.9012 0.4334 -0.0012
vn 0.4543 0.8802 -0.1372
vn -0.6764 0.7305 0.0936
vn -0.6521 0.7550 -0.0695
vn -0.4917 0.8703 0.0273
vn -0.3129 0.9498 0.0048
vn -0.5465 0.8369 0.0306
vn 0.0258 0.9993 -0.0267
vn -0.3415 0.9395 0.0266
vn -0.4641 0.8858 -0.0013
vn 0.0798 0.9928 0.0891
vn -0.4238 0.9041 -0.0539
vn -0.3231 0.9415 0.0960
vn 0.0194 0.9998 -0.0103
vn -0.5834 0.8121 -0.0098
vn -0.1975 0.9802 0.0146
vn -0.3678 0.9298 -0.0132
vn -0.2752 0.9554 0.1072
vn -0.1051 0.9587 0.2644
vn -0.2783 0.9521 0.1269
vn -0.4260 0.8992 -0.0998
vn -0.8710 0.3537 -0.3410
vn -0.2679 0.9629 -0.0312
vn -0.2829 0.8827 -0.3753
vn -0.0125 0.9969 -0.0775
vn -0.4560 0.7135 0.5321
vn -0.3317 0.9422 0.0471
vn -0.2326 0.9714 0.0477
vn -0.1194 0.9927 0.0149
vn -0.0682 0.9977 -0.0045
vn -0.1212 0.9910 0.0563
vn -0.0141 0.9950 -0.0988
vn -0.0893 0.9746 0.2055
vn -0.0549 0.9745 0.2176
vn -0.0792 0.9933 -0.0840
vn 0.0283 0.9972 0.0698
vn 0.0040 0.9997 0.0251
vn -0.0714 0.9974 0.0076
vn -0.0894 0.9957 0.0247
vn -0.0119 0.9999 -0.0003
vn -0.0198 0.9998 -0.0087
vn -0.0245 0.9997 -0.0051
vn -0.0302 0.9995 -0.0077
vn -0.0251 0.9996 -0.0145
vn -0.0293 0.9996 0.0051
vn -0.0220 0.9997 -0.0121
vn 0.0050 0.9996 0.0277
vn -0.0244 0.9996 0.0119
vn -0.0150 0.9999 0.0028
vn 0.0135 0.9978 -0.0655
vn -0.0128 0.9999 0.0037
vn -0.0538 0.9985 0.0087
vn -0.0417 0.9991 0.0041
vn 0.0401 0.9988 0.0283
vn 0.0594 0.9960 0.0664
vn 0.0532 0.9942 0.0937
vn -0.0193 0.9998 0.0018
vn -0.0151 0.9999 0.0013
vn -0.0207 0.9998 0.0012
vn -0.0818 0.9966 0.0085
vn 0.1117 0.9937 0.0107
vn -0.0164 0.9994 -0.0305
vn -0.0038 1.0000 0.0041
vn 0.2204 0.9750 -0.0296
vn -0.0503 0.9923 -0.1128
vn -0.0643 0.9910 -0.1174
vn -0.0648 0.9915 -0.1125
vn -0.0258 0.9997 -0.0008
vn -0.0277 0.9996 -0.0000
vn -0.0358 0.9989 -0.0305
vn 0.0140 0.9931 -0.1168
vn 0.0232 0.9935 -0.1112
vn 0.0140 0.9935 -0.1132
vn -0.0277 0.9995 -0.0153
vn -0.0045 0.9999 0.0130
vn -0.0243 0.9997 0.0063
vn -0.0508 0.9926 -0.1101
vn -0.0297 0.9995 -0.0104
vn 0.0497 0.9987 0.0110
vn -0.0381 0.9988 -0.0301
vn -0.0257 0.9997 -0.0007
vn 0.0089 0.9998 -0.0199
vn -0.0694 0.9968 0.0385
vn -0.0756 0.9906 -0.1140
vn -0.0257 0.9996 0.0118
vn -0.0130 0.9999 -0.0102
vn 0.0104 0.9997 -0.0206
vn 0.0350 0.9993 0.0117
vn 0.4426 0.8955 0.0468
vn 0.0073 0.9991 0.0422
vn -0.0686 0.9932 0.0944
vn -0.1759 0.9175 0.3568
vn -0.0869 0.9829 -0.1623
vn -0.3210 0.9456 -0.0522
vn -0.2343 0.9721 -0.0100
vn -0.1103 0.9636 0.2437
vn 0.0059 0.9956 -0.0940
vn 0.1020 0.9923 -0.0702
vn -0.1546 0.9879 -0.0081
vn 0.1625 0.9767 -0.1404
vn -0.1078 0.9924 -0.0595
vn -0.4975 0.8674 -0.0118
vn -0.2607 0.9647 -0.0372
vn -0.3875 0.9219 0.0011
vn -0.0414 0.9991 0.0085
vn 0.0270 0.9551 -0.2951
vn -0.1668 0.9849 -0.0469
vn -0.6985 0.6746 -0.2389
vn -0.4658 0.8774 -0.1145
vn -0.2501 0.9682 0.0036
vn -0.5174 0.8542 -0.0522
vn 0.5235 0.8509 -0.0434
vn 0.1703 0.9836 0.0588
vn 0.0335 0.9993 -0.0164
vn -0.0945 0.9955 -0.0035
vn -0.3857 0.9226 0.0047
vn -0.3769 0.9263 -0.0016
vn 0.0414 0.9991 0.0055
vn 0.5121 0.8547 0.0849
vn 0.5208 0.8450 0.1210
vn -0.5203 0.8471 -0.1079
vn -0.1496 0.9871 0.0571
vn 0.1332 0.9902 0.0418
vn 0.0746 0.9942 0.0773
vn 0.0114 0.9993 0.0351
vn 0.2547 0.9311 0.2610
vn -0.3059 0.9511 0.0427
vn -0.2306 0.9487 -0.2164
vn -0.0701 0.9975 0.0012
vn -0.4494 0.7679 -0.4564
vn 0.0156 0.9994 -0.0302
vn -0.0112 0.9993 0.0345
vn 0.0946 0.9917 0.0876
vn 0.3571 0.8873 0.2919
vn 0.0254 0.9995 0.0209
vn 0.1323 0.9870 0.0911
vn 0.0226 0.9997 0.0131
vn -0.0322 0.9994 0.0126
vn -0.0158 0.9998 0.0142
vn 0.0360 0.9993 0.0116
vn 0.0240 0.9997 -0.0104
vn -0.0062 0.9999 -0.0091
vn -0.0588 0.9975 -0.0401
vn 0.3321 0.9046 0.2672
vn -0.0561 0.9984 0.0004
vn -0.0284 0.9996 -0.0075
vn 0.1423 0.9820 0.1243
vn -0.1357 0.9906 -0.0152
vn -0.0660 0.9977 -0.0159
vn -0.0038 0.9999 0.0103
vn -0.0044 0.9994 0.0355
vn -0.0136 0.9999 -0.0021
vn -0.0106 0.9999 0.0017
vn -0.0861 0.9905 -0.1077
vn 0.0537 0.9985 -0.0053
vn 0.0078 0.9999 0.0141
vn -0.0262 0.9996 0.0039
vn -0.0144 0.9999 -0.0004
vn 0.0058 0.9999 0.0142
vn 0.0108 0.9999 -0.0105
vn -0.0135 0.9998 -0.0158
vn -0.0273 0.9996 -0.0026
vn 0.0741 0.9960 -0.0490
vn 0.4415 0.8427 -0.3082
vn 0.0283 0.9981 -0.0555
vn 0.1668 0.9836 -0.0684
vn 0.3599 0.4845 -0.7973
vn 0.5807 0.8049 -0.1222
vn 0.3287 0.5151 -0.7916
vn 0.0543 0.9699 -0.2373
vn 0.3978 0.8260 0.3994
vn 0.3460 0.9382 -0.0077
vn -0.1073 0.9915 -0.0735
vn -0.1676 0.9598 -0.2253
vn -0.6184 0.5164 -0.5924
vn -0.2178 0.9723 -0.0852
vn -0.1774 0.9517 -0.2508
vn 0.3136 0.9496 0.0035
vn -0.3544 0.9351 0.0051
vn -0.9035 0.4279 -0.0251
vn -0.7002 0.5953 -0.3941
vn -0.9978 -0.0570 0.0331
vn -0.1333 0.9904 0.0379
vn -0.2481 0.9670 0.0587
vn -0.1837 0.9371 -0.2969
vn -0.1850 0.9365 -0.2980
vn -0.1842 0.9368 -0.2974
vn -0.1669 0.9711 -0.1705
vn -0.4481 0.8931 0.0406
vn -0.9656 0.2592 0.0222
vn -0.5826 0.7935 -0.1760
vn 0.0119 0.9999 0.0010
vn -0.1625 0.9867 0.0006
vn -0.3947 0.9166 0.0638
vn -0.2595 0.9626 0.0780
vn -0.2146 0.9346 0.2836
vn -0.0915 0.9009 0.4242
vn -0.3099 0.9456 -0.0987
vn -0.3040 0.9525 0.0168
vn -0.1600 0.9857 -0.0534
vn -0.0270 0.9845 -0.1730
vn -0.2280 0.9688 -0.0975
vn -0.5009 0.8620 0.0779
vn -0.6675 0.7445 -0.0142
vn 0.0338 0.9988 -0.0351
vn -0.9386 0.1296 0.3198
vn -0.1540 0.9827 -0.1032
vn -0.3431 0.8562 -0.3862
vn 0.1574 0.9859 0.0561
vn 0.0932 0.8534 0.5129
vn 0.0950 0.9745 -0.2035
vn -0.0065 1.0000 0.0058
vn -0.0111 0.9721 0.2341
vn 0.0064 0.9987 0.0515
vn -0.0009 0.9998 -0.0176
vn 0.0116 0.7133 -0.7007
vn 0.4192 0.3721 -0.8281
vn 0.0002 -0.3806 -0.9247
vn -0.0086 0.8025 -0.5966
vn 0.0065 0.9999 0.0091
vn 0.0005 1.0000 0.0062
vn 0.0199 0.9998 0.0036
vn 0.0008 0.9860 -0.1669
vn 0.0017 1.0000 -0.0037
vn 0.0005 0.9986 0.0524
vn -0.0841 0.9955 0.0440
vn -0.0003 0.9992 0.0406
vn 0.0299 0.9936 -0.1089
vn -0.1733 0.9452 -0.2765
vn 0.0881 0.6970 -0.7117
vn -0.1415 0.8482 -0.5104
vn 0.0429 0.9972 -0.0606
vn 0.1335 0.9873 0.0865
vn 0.0958 0.8755 -0.4736
vn -0.0977 0.9417 -0.3221
vn 0.0002 1.0000 0.0051
vn 0.1258 0.9902 -0.0605
vn 0.0079 0.9929 -0.1185
vn 0.0250 0.9867 -0.1607
vn -0.0007 1.0000 -0.0037
vn 0.0008 1.0000 0.0009
vn -0.1386 0.9482 0.2859
vn -0.3900 0.9186 -0.0636
vn -0.0762 0.9522 0.2959
vn -0.2775 0.9579 0.0740
vn -0.0173 0.9948 -0.1002
vn -0.1165 0.9894 -0.0871
vn 0.0011 1.0000 -0.0036
vn -0.0530 0.9915 -0.1185
vn -0.0126 0.9969 0.0774
vn 0.0156 0.9996 0.0239
vn -0.0024 0.9999 0.0128
vn -0.1586 0.9868 0.0330
vn -0.2953 0.9022 -0.3143
vn -0.2362 0.7440 -0.6251
vn 0.0254 0.9942 0.1042
vn 0.2139 0.9592 0.1848
vn 0.1482 0.9716 0.1844
vn -0.4967 0.7243 0.4781
vn -0.2210 0.5797 0.7843
vn 0.0008 1.0000 -0.0085
vn -0.0113 0.0385 0.9992
vn 0.0236 -0.3955 0.9182
vn 0.0150 0.9993 0.0355
vn 0.0008 1.0000 0.0029
vn -0.0294 0.9977 -0.0618
vn 0.0015 1.0000 -0.0054
vn -0.2971 0.9497 -0.0992
vn 0.0023 1.0000 0.0043
vn -0.0018 0.9999 -0.0125
vn 0.0004 0.9999 -0.0113
vn -0.0015 0.9999 -0.0128
vn 0.0006 1.0000 -0.0040
vn 0.0009 1.0000 -0.0053
vn 0.0038 1.0000 -0.0055
vn 0.0702 0.9919 0.1059
vn 0.0958 0.1565 0.9830
vn 0.0211 0.9835 0.1796
vn 0.1032 0.8630 0.4945
vn 0.1967 0.9690 -0.1498
vn -0.0079 0.9920 0.1256
vn 0.0687 0.9845 0.1612
vn -0.0024 0.8628 -0.5055
vn -0.0160 0.9925 -0.1209
vn -0.2332 0.8038 -0.5472
vn 0.0020 0.9992 -0.0388
vn -0.1279 0.9876 0.0907
vn -0.2489 0.9107 0.3297
vn -0.0213 0.7676 0.6406
vn 0.0065 0.9934 0.1147
vn -0.0713 0.9949 -0.0708
vn -0.7591 0.3852 0.5248
vn -0.0300 0.9607 0.2759
vn -0.3045 0.8141 0.4945
vn -0.0536 0.9967 0.0604
vn -0.0379 0.9990 -0.0232
vn -0.0063 0.8790 -0.4768
vn -0.0921 0.9948 -0.0441
vn 0.1716 0.7069 -0.6861
vn 0.0027 1.0000 -0.0075
vn -0.0106 0.9999 0.0040
vn 0.0004 1.0000 -0.0061
vn -0.0017 0.9999 0.0108
vn -0.0545 0.9984 0.0115
vn -0.0962 0.9953 -0.0132
vn -0.1236 0.9921 -0.0226
vn 0.0058 0.9765 -0.2155
vn 0.0060 0.9997 0.0250
vn 0.2730 0.8706 0.4092
vn 0.3332 0.9417 0.0456
vn 0.0204 0.9991 -0.0362
vn 0.4276 0.9026 -0.0489
vn -0.2065 0.9677 -0.1445
vn 0.2690 0.9631 -0.0072
vn -0.0269 0.9991 -0.0321
vn -0.1869 0.9795 -0.0750
vn 0.1467 0.9808 -0.1283
vn -0.1127 0.9908 -0.0751
vn 0.0191 0.9997 -0.0153
vn -0.0303 0.9976 -0.0628
vn 0.0037 1.0000 -0.0041
vn -0.0021 1.0000 -0.0036
vn -0.5076 -0.0691 -0.8588
vn -0.2110 0.9588 -0.1899
vn 0.2138 0.9242 0.3165
vn 0.2508 0.9604 0.1209
vn -0.1792 0.9808 0.0766
vn -0.4004 0.9163 0.0072
vn -0.0400 0.9885 0.1455
vn -0.2578 0.9337 0.2483
vn -0.1279 0.9914 -0.0289
vn -0.0593 0.9945 0.0858
vn -0.1725 0.9506 -0.2579
vn -0.1850 0.9527 -0.2412
vn -0.0058 0.9905 -0.1376
vn -0.1721 0.9805 0.0946
vn -0.0869 0.9919 0.0925
vn 0.0417 0.9991 -0.0041
vn -0.0140 0.9996 0.0265
vn -0.0437 0.9981 0.0434
vn -0.0544 0.9901 0.1291
vn -0.1773 0.8814 -0.4378
vn 0.0357 0.9993 0.0060
vn 0.1505 0.9832 -0.1028
vn -0.2902 0.8723 -0.3936
vn -0.0005 1.0000 0.0040
vn 0.0170 0.9997 -0.0196
vn 0.2093 0.9715 0.1114
vn 0.0019 0.9910 0.1340
vn 0.2564 0.9480 0.1888
vn 0.2595 0.9510 -0.1684
vn 0.1966 0.9696 0.1459
vn -0.0253 0.9430 0.3319
vn 0.3900 0.3000 0.8706
vn -0.1733 0.8496 0.4981
vn -0.0184 0.9934 0.1136
vn -0.1421 0.9435 -0.2992
vn -0.3867 0.8464 -0.3662
vn -0.0383 0.9915 -0.1241
vn -0.0041 0.9604 -0.2785
vn 0.0557 0.9935 0.0996
vn 0.0463 0.9975 0.0539
vn 0.1629 0.9005 0.4031
vn -0.0252 0.9988 -0.0411
vn -0.1047 0.9089 0.4036
vn -0.4405 0.8301 -0.3419
vn -0.0050 0.9840 -0.1779
vn -0.0291 0.9793 -0.2003
vn 0.1012 0.9941 -0.0388
vn 0.2796 0.9531 -0.1154
vn 0.0143 0.9825 -0.1859
vn 0.0162 0.9849 -0.1721
vn -0.1357 0.9785 -0.1554
vn -0.0335 0.9901 -0.1362
vn 0.0924 0.9952 -0.0331
vn -0.5071 0.8024 -0.3147
vn -0.0012 1.0000 -0.0088
vn 0.0002 1.0000 -0.0015
vn 0.0071 0.9932 0.1160
vn -0.1307 0.9884 -0.0779
vn -0.0603 0.2682 -0.9615
vn 0.0979 0.9941 -0.0464
vn 0.0127 0.9997 -0.0220
vn -0.0094 0.9858 -0.1678
vn 0.0497 0.9968 -0.0620
vn 0.1642 0.9410 -0.2960
vn 0.2009 0.9540 -0.2223
vn 0.1107 0.9339 -0.3401
vn 0.2165 0.9609 -0.1727
vn 0.0283 0.9987 -0.0423
vn -0.0189 0.9998 0.0044
vn -0.0097 0.9999 -0.0027
vn 0.0259 0.9990 0.0362
vn 0.4038 0.9122 -0.0690
vn 0.0105 0.9963 0.0850
vn 0.0025 1.0000 0.0076
vn -0.0289 0.9545 0.2969
vn -0.2309 0.9729 -0.0104
vn 0.0989 0.9936 0.0547
vn 0.2496 0.2552 0.9341
vn -0.1438 0.8161 -0.5597
vn 0.2939 0.8227 -0.4866
vn -0.0970 0.9687 -0.2285
vn -0.0002 1.0000 -0.0040
vn 0.0294 0.9855 0.1672
vn -0.0381 0.9965 0.0739
vn -0.0922 0.9919 -0.0868
vn -0.3241 0.9158 -0.2372
vn -0.3770 0.9124 0.1593
vn -0.1219 0.7788 -0.6153
vn 0.1039 0.9665 0.2348
vn 0.6292 0.6279 -0.4581
vn 0.3539 0.8787 -0.3203
vn 0.4387 0.8557 -0.2742
vn -0.1075 0.9258 -0.3625
vn 0.1097 0.9603 -0.2564
vn -0.1581 0.9768 0.1446
vn -0.0051 0.9945 -0.1046
vn 0.0113 0.9999 -0.0115
vn 0.0315 0.9983 -0.0482
vn -0.0073 0.9979 -0.0639
vn -0.3370 0.6237 -0.7052
vn -0.0016 1.0000 -0.0019
vn -0.0037 1.0000 0.0019
vn -0.0043 1.0000 0.0081
vn -0.0050 1.0000 0.0058
vn -0.0036 1.0000 0.0001
vn 0.0501 0.9985 0.0231
vn -0.1082 0.9829 -0.1491
vn -0.1719 0.9687 -0.1790
vn -0.2390 0.9460 0.2189
vn -0.1995 0.8106 0.5505
vn -0.2145 0.9098 0.3553
vn 0.5106 0.7846 -0.3518
vn 0.2616 0.9078 -0.3278
vn 0.4759 0.1450 -0.8675
vn -0.2449 0.8874 -0.3905
vn -0.4378 0.4477 -0.7797
vn -0.1807 0.9650 -0.1901
vn -0.3048 0.9141 -0.2673
vn -0.7824 0.4774 -0.3999
vn -0.7292 0.5826 -0.3589
vn 0.0096 0.9870 0.1606
vn 0.0671 0.9876 -0.1423
vn -0.1030 0.9919 -0.0738
vn 0.2553 0.9648 0.0630
vn -0.0023 1.0000 0.0085
vn 0.0017 1.0000 0.0048
vn -0.0751 0.9920 -0.1018
vn 0.0579 0.9884 0.1407
vn 0.1093 0.9070 0.4067
vn -0.4040 0.7889 -0.4631
vn 0.1964 0.9665 0.1652
vn -0.2924 0.9547 -0.0559
vn -0.1019 0.9690 -0.2250
vn -0.0274 0.9993 0.0244
vn -0.3744 0.9272 -0.0074
vn -0.0166 0.9990 -0.0426
vn -0.0061 0.9992 -0.0396
vn -0.0454 0.9719 0.2311
vn 0.0851 0.9961 0.0227
vn 0.0043 0.9999 -0.0107
vn 0.0519 0.9969 -0.0588
vn -0.0107 0.9988 -0.0483
vn -0.0009 1.0000 0.0029
vn -0.0005 1.0000 -0.0069
vn -0.0076 0.9995 -0.0293
vn 0.0456 0.9972 0.0601
vn 0.0161 0.9998 -0.0108
vn -0.0429 0.9987 0.0284
vn -0.0021 -0.8739 0.4861
vn 0.0271 0.7636 -0.6451
vn 0.0385 0.7268 0.6858
vn 0.1458 0.7865 0.6002
vn -0.1375 0.9812 -0.1351
vn 0.2914 0.8783 0.3791
vn 0.1555 0.9472 0.2804
vn 0.1919 0.9602 0.2028
vn 0.1824 0.9827 0.0310
vn 0.0923 0.9870 -0.1314
vn -0.0265 0.9996 -0.0034
vn -0.2300 0.9726 0.0337
vn -0.0384 0.9993 -0.0051
vn -0.0017 0.9942 -0.1072
vn -0.0590 0.9834 0.1717
vn -0.0370 0.9979 -0.0526
vn -0.0016 0.9977 0.0674
vn 0.0078 0.9995 -0.0307
vn 0.0246 0.9991 0.0344
vn 0.0481 0.9957 -0.0793
vn 0.2179 0.9476 0.2336
vn -0.0036 0.9997 -0.0250
vn -0.0044 1.0000 -0.0016
vn -0.0174 0.9997 -0.0172
vn -0.0008 0.9997 0.0227
vn 0.0403 0.9921 0.1187
vn -0.2844 0.9495 0.1323
vn 0.2235 0.9648 0.1386
vn 0.1037 0.9922 -0.0697
vn 0.2073 0.9760 -0.0662
vn 0.0006 0.9869 0.1610
vn 0.0479 0.9728 0.2267
vn 0.0055 1.0000 0.0059
vn -0.0861 0.9866 -0.1384
vn 0.0134 0.9999 -0.0026
vn -0.0157 0.9994 0.0304
vn 0.0888 0.9934 0.0724
vn 0.1264 0.9857 0.1113
vn 0.1603 0.9837 0.0811
vn -0.0061 0.9995 0.0306
vn 0.0027 1.0000 -0.0038
vn -0.0434 0.9810 0.1891
vn -0.0429 0.9977 -0.0525
vn -0.0419 0.4631 -0.8853
vn 0.2070 0.9725 -0.1069
vn 0.1596 0.9814 -0.1062
vn 0.0541 0.9971 -0.0536
vn 0.0157 0.9998 0.0149
vn -0.0299 0.9990 0.0329
vn -0.0350 0.9990 0.0272
vn 0.0176 0.9957 -0.0906
vn -0.2126 0.9731 0.0891
vn 0.1279 0.8838 -0.4501
vn -0.1095 0.9843 -0.1387
vn 0.1535 0.9879 -0.0217
vn -0.0723 0.9905 -0.1173
vn 0.0841 0.9742 -0.2092
vn -0.3366 0.7611 -0.5545
vn 0.0058 0.9843 -0.1765
vn 0.0614 0.9555 -0.2884
vn 0.5397 0.6874 -0.4860
vn -0.0147 0.9999 -0.0035
vn -0.1583 -0.9634 -0.2163
vn 0.1945 -0.9378 -0.2876
vn -0.0730 0.9934 -0.0880
vn -0.0050 0.9996 -0.0291
vn -0.0005 1.0000 0.0064
vn 0.0270 0.9996 0.0129
vn 0.0965 0.9952 0.0184
vn 0.0064 1.0000 -0.0054
vn 0.0098 0.9999 -0.0026
vn 0.2421 0.9618 -0.1282
vn -0.0171 0.9998 0.0120
vn 0.2527 0.9674 0.0144
vn 0.0116 0.9999 0.0005
vn -0.0247 0.9988 0.0432
vn -0.0356 0.9994 -0.0009
vn 0.0109 0.9999 -0.0094
vn 0.0028 1.0000 0.0012
vn 0.0037 1.0000 0.0043
vn 0.0290 0.9995 0.0093
vn 0.2159 0.9757 -0.0362
vn 0.0395 0.9988 0.0298
vn -0.0081 1.0000 -0.0019
vn -0.0041 1.0000 -0.0070
vn -0.0065 1.0000 -0.0012
vn 0.0233 0.9997 0.0053
vn -0.0137 0.9999 -0.0031
vn 0.0065 1.0000 -0.0014
vn -0.0016 1.0000 -0.0048
vn 0.0779 0.9970 0.0041
vn 0.0140 0.9998 0.0107
vn 0.0206 0.9998 -0.0045
vn 0.0556 0.9984 0.0033
vn -0.0073 1.0000 0.0054
vn -0.0057 1.0000 -0.0015
vn 0.0906 0.9959 -0.0001
vn 0.0867 0.9960 -0.0216
vn 0.0167 0.9998 -0.0064
vn 0.0521 0.9986 0.0048
vn -0.0450 0.9990 0.0011
vn -0.0066 0.9998 0.0167
vn 0.0324 0.9994 0.0079
vn 0.1107 0.9938 -0.0015
vn 0.0275 0.9994 -0.0232
vn 0.0437 0.9981 -0.0442
vn 0.0345 0.9994 0.0036
vn 0.0117 0.9999 0.0041
vn 0.0567 0.9825 0.1777
vn 0.0299 0.9990 0.0342
vn 0.0086 0.9999 0.0128
vn -0.0041 1.0000 -0.0012
vn -0.0195 0.9998 0.0006
vn 0.0486 0.9969 -0.0622
vn -0.0164 0.9999 -0.0025
vn -0.0102 0.9999 0.0025
vn 0.0070 1.0000 0.0010
vn 0.0418 0.9991 0.0103
vn -0.0249 0.9997 0.0046
vn 0.0156 0.9998 0.0106
vn 0.0117 0.9998 -0.0167
vn -0.0068 0.9997 -0.0215
vn 0.0389 0.9991 -0.0140
vn 0.0447 0.9988 0.0208
vn 0.0597 0.9981 0.0132
vn 0.0209 0.9996 0.0187
vn -0.0084 0.9998 0.0177
vn -0.0177 0.9998 -0.0005
vn -0.0336 0.9992 0.0204
vn -0.0005 1.0000 -0.0014
vn 0.4411 0.8949 -0.0679
vn 0.0047 0.9998 -0.0178
vn -0.0166 0.9982 -0.0574
vn 0.3815 0.9077 -0.1748
vn -0.0217 0.9997 0.0067
vn -0.0003 0.9999 -0.0104
vn 0.3008 0.9534 -0.0235
vn -0.0438 0.9990 0.0019
vn 0.0059 0.9988 -0.0484
vn -0.0002 0.9996 -0.0300
vn -0.0039 0.9964 -0.0844
vn -0.1744 0.8741 -0.4533
vn -0.2599 -0.7619 0.5933
vn 0.1206 0.5102 -0.8516
vn 0.1961 0.9524 -0.2332
vn -0.0006 0.9998 -0.0182
vn 0.0030 0.9998 -0.0194
vn -0.0054 0.9990 -0.0448
vn 0.0407 0.9989 0.0233
vn 0.0310 0.9995 -0.0093
vn 0.0072 0.9971 -0.0760
vn 0.1516 0.9880 0.0284
vn 0.7806 0.6228 -0.0530
vn 0.7123 0.6931 0.1109
vn -0.2300 0.9651 0.1251
vn 0.1064 0.9925 -0.0607
vn 0.0698 0.9974 0.0190
vn 0.1749 0.9814 -0.0789
vn 0.1133 0.9920 0.0551
vn 0.0478 0.9982 -0.0375
vn 0.0441 0.9990 -0.0091
vn 0.1614 0.9841 0.0744
vn 0.6686 0.7188 0.1908
vn 0.1852 0.9826 0.0150
vn 0.0297 0.9995 -0.0138
vn 0.0258 0.9997 0.0001
vn -0.0527 0.9961 -0.0705
vn 0.7944 0.6051 0.0528
vn 0.9944 0.0722 -0.0771
vn -0.1374 0.9554 -0.2614
vn 0.6300 0.7766 -0.0062
vn -0.0206 0.9991 0.0370
vn 0.1252 0.9919 0.0235
vn 0.1336 0.9881 -0.0765
vn 0.0365 0.9953 -0.0896
vn 0.3878 0.7923 0.4710
vn 0.8779 0.3976 -0.2668
vn 0.6104 0.7892 0.0679
vn -0.0744 0.9896 0.1230
vn -0.3538 0.9265 0.1285
vn -0.1156 0.9846 0.1312
vn 0.0340 0.9722 -0.2315
vn 0.0726 0.9973 -0.0150
vn -0.0174 0.9994 -0.0299
vn 0.0124 0.9999 -0.0015
vn 0.0339 0.9989 0.0311
vn 0.0065 0.9998 -0.0197
vn 0.0123 0.9999 0.0018
vn 0.9927 0.1177 0.0282
vn -0.0312 0.9960 0.0832
vn -0.0972 0.9897 -0.1051
vn -0.0688 0.9976 0.0108
vn 0.0895 0.9959 0.0151
vn 0.1678 0.9856 -0.0187
vn 0.9445 -0.3275 0.0267
vn 0.2011 0.9791 -0.0312
vn 0.0718 0.9968 -0.0362
vn 0.0211 0.9996 -0.0167
vn 0.0145 0.9997 -0.0185
vn 0.0172 0.9997 -0.0195
vn 0.1863 0.9498 0.2514
vn 0.7897 0.5933 0.1559
vn 0.2289 0.9734 -0.0044
vn 0.8955 -0.1296 -0.4257
vn -0.0494 0.9981 0.0370
vn 0.1572 0.9875 0.0131
vn 0.8683 0.4907 0.0729
vn 0.1468 0.9888 0.0254
vn -0.0042 0.9411 0.3382
vn -0.0821 0.9963 0.0243
vn -0.0621 0.9941 0.0889
vn 0.0029 0.9993 0.0379
vn 0.0226 0.9994 -0.0250
vn -0.0444 0.9987 -0.0269
vn 0.2209 0.9753 -0.0059
vn 0.4856 0.8727 -0.0515
vn 0.1490 0.9887 0.0138
vn 0.0310 0.9938 -0.1070
vn 0.6543 0.7559 0.0229
vn 0.9326 -0.3608 0.0063
vn 0.7321 0.6600 -0.1686
vn 0.1336 0.9886 -0.0697
vn 0.4224 0.9062 -0.0179
vn 0.7485 0.6616 -0.0462
vn 0.7163 0.6974 -0.0247
vn 0.1748 0.9683 0.1784
vn 0.1522 0.9883 -0.0129
vn 0.1867 0.9534 0.2369
vn -0.0393 0.9938 -0.1040
vn 0.0553 0.9984 -0.0153
vn -0.4586 0.8194 0.3440
vn -0.0575 0.9652 0.2550
vn -0.0389 0.9851 -0.1677
vn -0.0392 0.9977 0.0557
vn 0.3347 0.8533 -0.3998
vn 0.1912 0.9780 0.0829
vn 0.2210 0.9586 -0.1793
vn 0.1466 0.9887 -0.0327
vn 0.0849 0.9963 0.0159
vn -0.0113 0.9999 0.0039
vn 0.0651 0.9972 -0.0358
vn 0.4673 0.8823 -0.0567
vn 0.0483 0.9933 0.1051
vn 0.0085 0.9998 -0.0178
vn 0.0949 0.9954 0.0147
vn 0.3174 0.9379 0.1401
vn 0.1598 0.9870 -0.0170
vn -0.3051 0.9522 -0.0174
vn 0.0516 0.9986 -0.0132
vn 0.1506 0.9881 -0.0316
vn 0.2292 0.9685 -0.0970
vn 0.1224 0.9925 -0.0052
vn 0.1805 0.9825 0.0470
vn 0.4926 0.8693 0.0407
vn 0.0106 0.9999 0.0047
vn 0.0655 0.9961 0.0589
vn 0.3235 0.9426 -0.0824
vn 0.0048 1.0000 0.0034
vn 0.0497 0.9945 -0.0921
vn -0.2429 0.9678 -0.0655
vn 0.0116 0.9999 0.0058
vn 0.0431 0.9966 -0.0706
vn -0.2061 0.9457 -0.2513
vn 0.0207 0.9997 -0.0121
vn 0.1803 -0.9834 0.0208
vn -0.1268 -0.9919 -0.0043
vn -0.1580 -0.9858 0.0576
vn 0.1637 -0.9858 -0.0377
vn 0.0293 -0.9996 0.0036
vn 0.2375 -0.9705 -0.0406
vn 0.1006 -0.9910 -0.0887
vn 0.0795 -0.9958 0.0448
vn 0.0043 -0.9999 -0.0095
vn 0.0364 -0.9990 0.0242
vn 0.2994 -0.9513 -0.0730
vn -0.0140 -0.9997 -0.0196
vn 0.0484 -0.9988 0.0033
vn -0.0697 -0.9972 0.0275
vn 0.1833 -0.9765 0.1134
vn 0.0304 -0.9986 0.0430
vn 0.0239 -0.9907 0.1340
vn 0.1086 -0.9879 -0.1104
vn -0.0667 -0.9967 -0.0460
vn -0.8759 -0.3437 -0.3386
vn -0.0260 -0.9236 0.3825
vn 0.1912 -0.9438 0.2696
vn 0.0553 -0.9089 0.4134
vn 0.0169 -0.9962 0.0852
vn 0.0641 -0.9972 -0.0373
vn 0.0058 -1.0000 0.0053
vn -0.1972 -0.9802 0.0182
vn 0.0764 -0.9965 -0.0335
vn -0.0669 -0.9977 0.0101
vn 0.0513 -0.9986 0.0102
vn 0.0319 -0.9995 0.0041
vn 0.5613 -0.8232 0.0854
vn 0.1464 -0.9887 0.0307
vn 0.0152 -0.9974 -0.0703
vn 0.1088 -0.9938 0.0242
vn -0.0576 -0.9808 0.1861
vn 0.4951 -0.8674 -0.0496
vn -0.2461 -0.9681 0.0478
vn 0.1009 -0.9942 0.0376
vn 0.1576 -0.9869 0.0335
vn 0.1180 -0.9918 -0.0498
vn 0.0135 -0.9999 -0.0071
vn -0.2467 -0.9609 -0.1256
vn -0.2540 -0.9282 -0.2720
vn -0.1896 -0.9423 0.2759
vn -0.1417 -0.7165 0.6830
vn -0.5570 -0.7598 0.3354
vn 0.0056 -0.9998 -0.0186
vn 0.3209 -0.9471 0.0001
vn 0.1558 -0.9851 -0.0726
vn 0.0303 -0.9995 -0.0102
vn 0.0032 -1.0000 -0.0004
vn 0.2818 -0.9592 -0.0220
vn 0.1887 -0.9809 0.0473
vn 0.1318 -0.9906 -0.0369
vn 0.0445 -0.9990 -0.0037
vn 0.0771 -0.9947 0.0682
vn 0.0196 -0.9996 0.0179
vn 0.0954 -0.9938 0.0566
vn 0.1282 -0.9894 0.0679
vn 0.1247 -0.9830 0.1350
vn 0.1080 -0.9940 -0.0196
vn 0.0298 -0.9995 -0.0089
vn 0.1003 -0.9931 0.0615
vn -0.0026 -0.9999 -0.0107
vn 0.0533 -0.9981 -0.0312
vn 0.4414 -0.8906 -0.1096
vn -0.2783 -0.9605 -0.0079
vn 0.0088 -1.0000 0.0016
vn 0.1299 -0.9915 0.0017
vn -0.0014 -0.9997 0.0230
vn 0.0199 -0.9998 0.0060
vn 0.0280 -0.9995 0.0131
vn 0.1845 -0.9828 0.0086
vn 0.1248 -0.9919 0.0247
vn 0.0144 -0.9999 -0.0038
vn 0.0445 -0.9990 0.0018
vn 0.0076 -0.9997 -0.0214
vn 0.1051 -0.9944 -0.0147
vn 0.1502 -0.9882 0.0296
vn 0.0693 -0.9976 0.0034
vn 0.0158 -0.9999 -0.0000
vn 0.0003 -1.0000 -0.0053
vn 0.0386 -0.9992 0.0087
vn 0.0675 -0.9974 -0.0238
vn 0.0703 -0.9975 0.0008
vn 0.0654 -0.9977 0.0171
vn 0.2275 -0.9699 0.0869
vn 0.0324 -0.9995 -0.0050
vn 0.0030 -1.0000 -0.0061
vn 0.0035 -1.0000 -0.0060
vn 0.2815 -0.9593 -0.0233
vn 0.2584 -0.9055 -0.3367
vn -0.2130 -0.9770 -0.0078
vn 0.1352 -0.9907 -0.0163
vn 0.2422 -0.9702 0.0049
vn 0.0052 -0.9998 -0.0189
vn 0.0014 -1.0000 0.0069
vn 0.0016 -1.0000 0.0028
vn 0.0010 -1.0000 0.0001
vn 0.1790 -0.9826 0.0501
vn 0.0684 -0.9977 0.0014
vn 0.0024 -1.0000 0.0002
vn 0.0088 -1.0000 -0.0015
vn 0.0697 -0.9976 -0.0054
vn 0.0536 -0.9977 -0.0422
vn 0.1508 -0.9886 0.0007
vn 0.0853 -0.9960 0.0254
vn 0.0099 -0.9999 -0.0077
vn 0.0256 -0.9997 0.0006
vn 0.0207 -0.9997 0.0138
vn -0.0065 -0.9998 -0.0197
vn 0.0046 -1.0000 0.0030
vn -0.1145 -0.9751 0.1901
vn 0.0083 -1.0000 0.0017
vn 0.0043 -1.0000 -0.0069
vn 0.0164 -0.9998 -0.0099
vn 0.0019 -1.0000 -0.0034
vn 0.4848 -0.8552 0.1832
vn 0.3473 -0.9101 -0.2259
vn 0.0088 -0.9967 0.0805
vn -0.0585 -0.9882 0.1417
vn 0.0020 -1.0000 -0.0079
vn 0.2098 -0.9643 -0.1617
vn 0.2061 -0.8767 -0.4346
vn 0.1482 -0.9351 -0.3218
vn -0.1891 -0.9820 0.0012
vn 0.4601 -0.8658 -0.1968
vn -0.0033 -0.9999 -0.0144
vn 0.0258 -0.9996 -0.0077
vn 0.0052 -1.0000 -0.0024
vn 0.1093 -0.9776 0.1799
vn 0.0023 -1.0000 0.0007
vn 0.7026 -0.7112 -0.0233
vn 0.0747 -0.9971 -0.0175
vn 0.7249 0.1643 -0.6690
vn 0.2353 -0.9661 -0.1064
vn 0.0139 -0.9996 -0.0245
vn 0.2491 -0.9571 0.1479
vn 0.0108 -0.9999 -0.0032
vn 0.0911 -0.9958 -0.0094
vn 0.0246 -0.9996 -0.0132
vn 0.1015 -0.9934 -0.0534
vn 0.0948 -0.9944 0.0464
vn 0.1711 -0.9741 0.1476
vn 0.0711 -0.9974 -0.0148
vn 0.0155 -0.9996 -0.0241
vn 0.0703 -0.9970 0.0320
vn 0.0251 -0.9971 -0.0723
vn 0.0455 -0.9814 -0.1862
vn 0.1681 -0.9858 -0.0038
vn 0.0935 -0.9955 -0.0122
vn 0.2819 -0.8784 -0.3860
vn 0.0874 -0.9846 0.1515
vn 0.0082 -1.0000 -0.0023
vn 0.0222 -0.9997 -0.0088
vn 0.0218 -0.9998 0.0001
vn 0.0211 -0.9997 0.0081
vn -0.0490 -0.9575 -0.2841
vn -0.1565 -0.9833 0.0927
vn -0.0109 -0.9984 -0.0551
vn -0.0678 -0.9798 -0.1880
vn 0.0312 -0.9975 -0.0627
vn 0.0046 -0.9998 -0.0204
vn -0.0051 -0.9998 -0.0186
vn -0.0298 -0.9996 -0.0021
vn 0.6609 -0.7501 -0.0251
vn 0.2540 -0.7874 0.5617
vn -0.0141 -0.9858 -0.1670
vn -0.0359 -0.5212 -0.8527
vn 0.2906 -0.6579 0.6948
vn 0.0142 -0.9937 0.1114
vn 0.0121 -0.9991 -0.0397
vn 0.0686 -0.9618 -0.2649
vn 0.0604 -0.9979 0.0249
vn 0.0693 -0.9976 -0.0053
vn 0.1375 0.2741 -0.9518
vn 0.0111 -0.9999 -0.0104
vn -0.0120 -0.5064 0.8622
vn -0.2918 -0.9550 -0.0535
vn -0.3252 -0.9445 -0.0467
vn -0.3127 -0.9089 -0.2757
vn -0.3577 -0.9077 0.2196
vn -0.0319 -0.9907 0.1321
vn 0.2896 -0.9544 -0.0724
vn 0.5956 -0.7859 -0.1661
vn 0.4730 -0.8788 -0.0629
vn 0.2865 -0.9535 -0.0937
vn 0.1126 -0.9911 0.0709
vn 0.0268 -0.9946 0.1001
vn 0.0328 -0.9858 0.1645
vn 0.0705 -0.9975 -0.0110
vn -0.8510 -0.4152 -0.3217
vn 0.0550 -0.9920 0.1137
vn 0.0362 -0.9992 0.0147
vn 0.0433 -0.9990 -0.0135
vn 0.1254 -0.9916 -0.0308
vn 0.3324 -0.9373 0.1050
vn -0.1183 -0.9820 0.1469
vn 0.8988 -0.4384 0.0002
vn 0.9279 -0.3725 0.0171
vn 0.0462 -0.9989 0.0030
vn 0.4983 -0.8376 0.2237
vn 0.2288 -0.9727 -0.0403
vn 0.1987 -0.9800 0.0130
vn 0.2834 -0.9588 -0.0176
vn 0.3763 -0.9234 -0.0756
vn 0.4749 -0.8789 -0.0452
vn 0.2345 -0.9716 0.0312
vn -0.2736 -0.9518 -0.1385
vn -0.0175 -0.9996 -0.0207
vn 0.1286 -0.9917 -0.0015
vn 0.0578 -0.9974 0.0434
vn -0.5938 -0.8021 -0.0634
vn -0.2433 -0.9694 0.0318
vn 0.5672 -0.8023 0.1861
vn 0.1415 -0.7847 -0.6035
vn 0.1676 -0.7758 -0.6083
vn 0.0457 -0.8253 -0.5629
vn -0.1143 -0.9660 0.2318
vn 0.6473 -0.7622 0.0002
vn 0.0393 -0.9989 0.0243
vn 0.5742 -0.8172 0.0489
vn 0.3272 -0.9373 -0.1201
vn -0.0022 -0.9991 0.0419
vn 0.2427 -0.9694 0.0376
vn 0.0035 -1.0000 0.0039
vn 0.0265 -0.9992 -0.0292
vn 0.0815 -0.9947 -0.0631
vn 0.4540 -0.8840 0.1116
vn 0.0030 -1.0000 -0.0000
vn 0.0232 -0.9997 -0.0007
vn 0.0073 -0.9999 0.0078
vn -0.0053 -0.9795 -0.2012
vn 0.3537 -0.9144 0.1969
vn 0.3965 -0.9176 0.0286
vn -0.1522 -0.9841 -0.0911
vn 0.7738 -0.6166 0.1451
vn 0.2610 -0.9097 0.3229
vn 0.5600 -0.8241 -0.0854
vn 0.6313 -0.7660 0.1215
vn -0.5763 -0.6044 0.5500
vn 0.1666 -0.9281 -0.3331
vn -0.4826 -0.8414 -0.2433
vn 0.4016 -0.8931 -0.2027
vn 0.0410 -0.9943 0.0984
vn 0.0237 -0.9948 0.0986
vn 0.0318 -0.9939 0.1060
vn 0.5221 -0.8520 -0.0384
vn 0.2420 -0.9686 -0.0577
vn 0.0157 -0.9999 -0.0007
vn 0.0830 -0.9964 -0.0166
vn 0.0398 -0.9983 0.0435
vn 0.1208 -0.9925 -0.0204
vn 0.6228 -0.7823 -0.0083
vn 0.0611 -0.9979 0.0212
vn -0.1272 -0.9911 -0.0383
vn 0.4455 -0.8930 -0.0638
vn 0.1145 -0.9924 0.0448
vn 0.2089 -0.9715 0.1117
vn 0.4292 -0.8324 0.3505
vn -0.1525 -0.9499 -0.2730
vn 0.0541 -0.9934 0.1007
vn -0.4525 -0.8866 -0.0956
vn 0.3535 -0.9040 0.2405
vn 0.2388 -0.9711 0.0049
vn 0.6578 -0.7532 0.0106
vn 0.0435 -0.9974 0.0578
vn 0.0479 -0.9968 0.0645
vn -0.1490 -0.9569 0.2491
vn -0.0535 -0.9955 -0.0778
vn 0.0511 -0.9860 0.1589
vn -0.0123 -0.9759 0.2179
vn 0.0234 -0.9407 0.3384
vn 0.0375 0.7042 0.7090
vn -0.0148 -0.9998 0.0127
vn 0.0267 -0.9974 -0.0670
vn -0.0074 -0.9996 -0.0280
vn 0.1473 -0.9884 0.0382
vn 0.0350 -0.9956 -0.0871
vn 0.0457 -0.9959 -0.0778
vn 0.0375 -0.9936 -0.1066
vn 0.0703 -0.9966 0.0422
vn -0.0577 -0.9887 0.1385
vn 0.2639 -0.9568 -0.1223
vn 0.6848 -0.6181 0.3861
vn 0.3968 -0.8836 0.2488
vn -0.0086 -0.9363 0.3510
vn 0.3937 -0.6268 -0.6724
vn 0.0338 -0.9994 0.0107
vn -0.0024 -0.9998 0.0189
vn 0.0226 0.6590 -0.7518
vn -0.0050 -1.0000 -0.0037
vn 0.0126 -0.9997 0.0195
vn 0.2023 -0.9746 -0.0963
vn 0.2225 -0.9743 -0.0351
vn 0.1406 -0.9890 -0.0459
vn -0.0412 -0.9975 -0.0580
vn 0.4937 -0.5451 0.6776
vn -0.4727 -0.8247 0.3105
vn 0.3769 -0.9097 -0.1746
vn -0.0034 -1.0000 0.0068
vn -0.0781 -0.9832 -0.1651
vn -0.0655 -0.5208 -0.8512
vn 0.0058 -0.9998 -0.0198
vn 0.0476 -0.7597 -0.6485
vn -0.1035 -0.6868 -0.7195
vn 0.1177 -0.7836 -0.6101
vn -0.2167 -0.5995 0.7705
vn -0.1243 -0.8872 0.4444
vn -0.2167 -0.9304 0.2955
vn 0.0637 -0.9473 0.3140
vn 0.0032 -0.9995 -0.0327
vn 0.0365 -0.9992 -0.0134
vn 0.0080 -0.9940 0.1095
vn -0.0014 -0.9982 -0.0607
vn -0.1271 -0.8576 -0.4984
vn -0.0558 -0.9934 -0.0999
vn 0.0138 -0.9896 -0.1435
vn -0.2319 -0.9511 -0.2041
vn 0.0992 -0.9931 -0.0624
vn 0.0269 -0.9996 0.0087
vn -0.0050 -1.0000 -0.0075
vn 0.0094 -0.9999 0.0083
vn 0.0253 -0.9931 0.1145
vn -0.0904 -0.9917 0.0911
vn 0.0492 -0.9887 0.1419
vn -0.0029 -0.8027 0.5964
vn -0.0629 -0.9852 0.1593
vn 0.0185 -0.9997 0.0182
vn 0.2928 -0.7410 0.6043
vn 0.0554 -0.9698 0.2377
vn -0.0351 -0.9986 -0.0390
vn 0.0753 -0.9782 -0.1936
vn -0.0734 -0.9605 0.2685
vn 0.2789 -0.8940 0.3508
vn 0.0021 -0.9869 0.1615
vn -0.2145 -0.2115 0.9536
vn -0.2485 -0.9678 -0.0409
vn -0.0077 -0.9745 0.2241
vn 0.1925 -0.9746 -0.1143
vn 0.0259 -0.9993 -0.0276
vn -0.0756 -0.9963 -0.0416
vn -0.1476 -0.9391 -0.3104
vn -0.1141 -0.8009 0.5878
vn 0.0084 -0.9976 -0.0682
vn -0.0635 -0.9980 -0.0010
vn -0.0652 -0.9979 -0.0032
vn 0.0057 -1.0000 -0.0080
vn 0.0783 -0.8689 -0.4888
vn 0.0244 -0.9994 -0.0255
vn -0.0057 -0.9999 -0.0103
vn 0.0043 -1.0000 0.0027
vn 0.0091 -0.9995 -0.0303
vn 0.0754 -0.9852 0.1538
vn -0.3334 -0.7572 0.5617
vn 0.0227 -0.9778 0.2082
vn 0.0006 -1.0000 -0.0022
vn 0.0180 -0.9997 0.0135
vn -0.0885 -0.7708 0.6309
vn -0.0841 -0.9317 -0.3533
vn 0.0002 -0.9999 0.0170
vn -0.0010 -0.9999 -0.0135
vn 0.5677 -0.7937 0.2185
vn 0.0578 -0.9798 0.1912
vn -0.0250 -0.9937 0.1089
vn 0.0843 -0.9873 0.1350
vn -0.3366 -0.9050 0.2603
vn -0.4239 -0.8375 0.3447
vn -0.4724 -0.8492 0.2361
vn -0.0017 -0.9853 -0.1707
vn -0.5295 -0.7176 -0.4524
vn 0.0437 -0.9990 -0.0046
vn -0.0006 -0.9999 -0.0156
vn -0.0086 -0.9999 -0.0085
vn -0.1313 -0.9896 -0.0594
vn -0.0535 -0.9880 0.1448
vn -0.0422 -0.9985 0.0342
vn -0.0079 -0.9999 0.0148
vn -0.0490 -0.9984 0.0294
vn 0.0510 -0.9765 0.2093
vn -0.2094 -0.7454 0.6329
vn -0.1642 -0.7853 0.5970
vn -0.2332 -0.7719 0.5915
vn 0.0194 -0.9740 -0.2258
vn -0.0882 -0.9591 0.2690
vn 0.0188 -0.9965 -0.0812
vn -0.0024 -1.0000 -0.0010
vn -0.1027 -0.9779 -0.1822
vn -0.0189 -0.9996 -0.0192
vn -0.0357 -0.9202 -0.3897
vn -0.2933 -0.9560 0.0046
vn -0.0088 -0.3176 0.9482
vn -0.0551 -0.9726 0.2257
vn 0.0183 -0.8117 0.5838
vn 0.1099 -0.9892 0.0972
vn -0.0040 -0.9982 -0.0598
vn 0.0073 -0.9997 0.0254
vn -0.0065 -0.4205 -0.9073
vn -0.0443 -0.9985 -0.0323
vn -0.0462 -0.9989 -0.0011
vn 0.0624 -0.9942 -0.0877
vn 0.0289 -0.9990 -0.0336
vn -0.0238 -0.9949 -0.0978
vn -0.1131 -0.9794 -0.1673
vn 0.0167 -0.9992 -0.0349
vn 0.0380 -0.9965 0.0743
vn 0.0084 -0.8814 0.4722
vn -0.6076 -0.7904 0.0778
vn 0.0118 -0.9999 -0.0126
vn 0.2733 -0.9581 -0.0860
vn 0.3504 -0.9355 -0.0448
vn 0.2690 -0.9593 -0.0854
vn -0.0456 -0.9968 0.0651
vn 0.0045 -1.0000 0.0002
vn -0.0095 -0.9825 -0.1860
vn 0.0396 -0.9992 -0.0052
vn -0.1125 -0.9834 0.1427
vn -0.0411 -0.9985 0.0351
vn 0.0001 -0.9990 -0.0457
vn -0.1789 -0.9838 0.0135
vn -0.1241 -0.9890 -0.0803
vn -0.1785 -0.9795 -0.0930
vn 0.0078 -0.9966 -0.0825
vn 0.0513 -0.9967 -0.0631
vn 0.0377 -0.9989 0.0262
vn 0.0646 -0.9584 -0.2780
vn -0.0313 -0.9718 -0.2336
vn -0.0641 -0.9532 -0.2954
vn -0.0078 -0.9891 0.1471
vn -0.1794 -0.9799 -0.0867
vn 0.0845 -0.9879 -0.1300
vn 0.1240 -0.9912 -0.0454
vn 0.0998 -0.9845 0.1441
vn 0.1504 -0.9800 0.1306
vn 0.0044 -0.9989 -0.0476
vn 0.1036 -0.9856 0.1334
vn -0.0024 -0.9996 -0.0265
vn -0.0319 -0.9985 -0.0441
vn 0.1591 -0.9872 0.0123
vn 0.2852 -0.9580 -0.0309
vn 0.1765 -0.9829 0.0527
vn -0.2388 -0.9609 0.1399
vn -0.0492 -0.9971 -0.0584
vn -0.0186 -0.9970 0.0758
vn -0.5618 -0.8237 0.0766
vn -0.5339 -0.8361 0.1264
vn -0.5926 -0.7928 0.1424
vn 0.0498 -0.9947 -0.0899
vn -0.1684 -0.9841 -0.0572
vn 0.0300 -0.9864 -0.1618
vn -0.1171 -0.9791 0.1661
vn 0.0477 -0.9972 0.0581
vn 0.0100 -0.8726 -0.4884
vn -0.0232 -0.9389 -0.3433
vn 0.2496 -0.9588 -0.1356
vn -0.0610 -0.7494 0.6594
vn 0.0581 -0.7153 0.6964
vn -0.0623 -0.9870 -0.1478
vn 0.1435 -0.6575 0.7397
vn -0.0648 -0.9620 0.2654
vn -0.1271 -0.9126 -0.3886
vn 0.0388 -0.9801 0.1946
vn -0.0597 -0.9927 -0.1050
vn 0.3704 -0.6922 0.6194
vn 0.5254 -0.7852 0.3276
vn 0.3305 -0.7057 0.6267
vn 0.0027 -0.9856 -0.1690
vn -0.2606 -0.8986 0.3530
vn 0.3181 -0.9480 -0.0112
vn 0.0178 -0.9869 -0.1604
vn -0.6154 -0.7303 0.2967
vn 0.0090 -0.9978 0.0656
vn -0.3912 -0.8044 0.4471
vn -0.3557 -0.7949 0.4914
vn -0.4083 -0.7553 0.5126
vn -0.0627 -0.9942 -0.0879
vn -0.1995 -0.9712 -0.1302
vn -0.0284 -0.9996 0.0047
vn 0.0812 -0.9909 0.1073
vn -0.0475 -0.9988 -0.0082
vn 0.0700 -0.9975 -0.0066
vn 0.1197 -0.9909 0.0609
vn 0.5028 -0.8039 -0.3178
vn -0.5412 -0.7833 0.3059
vn -0.4472 -0.8476 0.2856
vn -0.5425 -0.7848 0.2998
vn 0.0509 -0.8922 -0.4488
vn -0.0948 -0.8566 -0.5072
vn -0.0960 -0.9863 0.1342
vn -0.0448 -0.9908 0.1279
vn 0.1551 -0.9796 0.1278
vn -0.0126 -0.9831 -0.1824
vn -0.1629 -0.9590 -0.2319
vn -0.1731 -0.9393 -0.2964
vn 0.0093 -0.9999 0.0042
vn -0.0787 -0.8951 -0.4389
vn -0.0644 -0.9979 -0.0021
vn -0.0371 -0.9984 -0.0429
vn 0.0122 -0.9998 -0.0137
vn 0.0138 -0.9979 -0.0634
vn -0.0012 -0.9999 -0.0159
vn -0.0018 -0.9584 -0.2853
vn 0.0232 -0.9918 -0.1254
vn -0.0114 -0.9991 -0.0415
vn -0.0397 -0.9940 0.1023
vn -0.2360 -0.8272 0.5100
vn -0.0054 -0.9987 0.0508
vn -0.0207 -0.9965 -0.0806
vn 0.5969 -0.7573 0.2650
vn -0.0801 -0.5388 0.8386
vn -0.2214 -0.7579 0.6137
vn -0.0304 -0.8050 -0.5926
vn 0.0817 -0.9914 -0.1027
vn 0.0789 -0.0210 -0.9967
vn 0.0563 -0.5950 -0.8017
vn -0.1833 -0.5536 -0.8124
vn -0.3006 -0.5069 -0.8079
vn 0.0065 -0.9280 -0.3726
vn -0.1273 -0.9911 0.0399
vn -0.0621 -0.9980 -0.0092
vn 0.0983 -0.9951 0.0084
vn 0.0971 -0.9918 -0.0834
vn 0.0488 -0.9714 -0.2325
vn -0.0367 -0.9970 -0.0677
vn 0.1952 -0.9690 -0.1517
vn 0.0493 -0.9307 0.3625
vn 0.0277 -0.9529 -0.3019
vn 0.0015 -1.0000 -0.0009
vn 0.0142 -0.9999 -0.0053
vn -0.0793 -0.9968 -0.0094
vn 0.0115 -0.9857 -0.1683
vn -0.0542 -0.9922 0.1123
vn 0.0112 -0.9805 0.1962
vn 0.0025 -1.0000 0.0024
vn -0.0298 -0.9915 0.1265
vn -0.0593 -0.4006 -0.9143
vn -0.0726 -0.9953 -0.0649
vn 0.0037 -0.9999 -0.0168
vn -0.0500 -0.9810 0.1874
vn -0.2487 -0.9190 0.3058
vn -0.0126 -0.9993 0.0362
vn -0.0105 -0.9945 0.1039
vn -0.0031 -1.0000 0.0078
vn 0.0288 -0.9995 -0.0095
vn 0.0284 -0.9996 -0.0076
vn 0.0248 -0.9997 -0.0072
vn -0.0327 -0.9994 -0.0082
vn -0.0069 -0.9958 0.0912
vn 0.0067 -0.9971 0.0755
vn 0.0349 -0.9959 -0.0838
vn -0.4044 -0.4789 -0.7791
vn -0.4799 -0.5185 -0.7077
vn -0.4937 -0.4660 -0.7342
vn -0.2449 -0.9537 -0.1747
vn 0.1051 -0.9476 0.3018
vn -0.0230 -0.9995 0.0235
vn -0.1819 -0.5541 0.8124
vn 0.0008 -0.8739 -0.4861
vn -0.3884 -0.9103 0.1431
vn -0.3292 -0.9337 0.1410
vn -0.3941 -0.9155 0.0815
vn -0.0374 -0.9984 -0.0435
vn -0.0115 -0.9999 -0.0006
vn -0.0019 -0.9989 0.0460
vn 0.0020 -1.0000 -0.0012
vn 0.0103 -0.9982 -0.0586
vn 0.0478 -0.9874 -0.1509
vn -0.0227 -0.9888 0.1476
vn -0.1053 -0.9650 -0.2400
vn 0.1261 -0.9236 0.3620
vn -0.3781 -0.9250 -0.0372
vn -0.5692 -0.7265 -0.3849
vn -0.1748 -0.9714 0.1607
vn -0.0025 -0.8988 0.4384
vn 0.0429 -0.9970 -0.0641
vn 0.0179 -0.9998 -0.0030
vn 0.0054 -1.0000 -0.0023
vn -0.0180 -0.9989 -0.0425
vn 0.0667 -0.9963 -0.0534
vn -0.0015 -0.9999 -0.0164
vn -0.0173 -0.9998 -0.0005
vn 0.0048 -0.9998 -0.0206
vn -0.0318 -0.9757 -0.2168
vn -0.0057 -0.9990 0.0441
vn 0.0331 -0.9989 -0.0317
vn 0.0495 -0.9770 0.2073
vn -0.0587 -0.9950 0.0807
vn -0.0078 -0.9999 -0.0078
vn 0.0006 -0.9999 -0.0105
vn 0.0068 -1.0000 -0.0036
vn -0.0087 -0.9994 -0.0322
vn -0.0131 -0.9997 -0.0212
vn -0.0745 -0.0654 0.9951
vn -0.0878 -0.9961 -0.0020
vn -0.2681 -0.7332 0.6250
vn 0.1087 -0.9894 -0.0967
vn 0.1875 -0.5490 0.8145
vn 0.0924 -0.8503 -0.5182
vn -0.0958 -0.9897 0.1065
vn 0.0976 -0.9523 0.2893
vn -0.0324 -0.9217 0.3865
vn -0.0577 -0.9693 0.2391
vn -0.0425 -0.9988 -0.0225
vn -0.1089 -0.9925 0.0560
vn 0.0828 -0.9902 0.1125
vn 0.0514 -0.9958 0.0753
vn -0.0726 -0.9967 0.0357
vn -0.0275 -0.9992 -0.0273
vn -0.0150 -0.9995 0.0263
vn -0.0395 -0.9984 -0.0399
vn -0.0114 -0.9986 0.0522
vn -0.0032 -1.0000 -0.0032
vn -0.0420 -0.9986 0.0309
vn -0.1128 -0.9930 0.0356
vn -0.2355 -0.9693 0.0703
vn -0.0562 -0.9974 -0.0445
vn -0.0639 -0.9976 0.0247
vn -0.1334 -0.9825 0.1299
vn 0.0303 -0.9990 -0.0342
vn -0.1058 -0.9943 -0.0154
vn -0.2324 -0.9681 0.0941
vn 0.0726 -0.9916 -0.1069
vn 0.0249 -0.9997 -0.0082
vn -0.0457 -0.9954 -0.0845
vn 0.0660 -0.9897 -0.1267
vn -0.0043 -1.0000 -0.0040
vn 0.1588 -0.9601 0.2302
vn -0.1869 -0.9807 -0.0579
vn -0.0506 -0.9982 0.0333
vn 0.0015 -1.0000 -0.0037
vn -0.0019 -1.0000 -0.0003
vn -0.1966 -0.9801 -0.0284
vn -0.0372 -0.9982 0.0464
vn -0.0858 -0.9896 0.1152
vn -0.0827 -0.9963 -0.0236
vn -0.1257 -0.9919 -0.0188
vn -0.1490 -0.9888 -0.0021
vn -0.1232 -0.9891 -0.0801
vn -0.6542 -0.7500 -0.0974
vn 0.0010 -1.0000 -0.0016
vn -0.0882 -0.9961 0.0048
vn -0.1948 -0.9506 0.2417
vn -0.0093 -1.0000 -0.0014
vn -0.0169 -0.9999 0.0033
vn -0.0770 -0.9970 0.0071
vn -0.0835 -0.9936 0.0757
vn 0.2823 -0.9567 0.0717
vn -0.0297 -0.9996 0.0005
vn -0.0089 -1.0000 -0.0006
vn -0.1335 -0.9874 0.0854
vn -0.0225 -0.9997 -0.0007
vn -0.0178 -0.9998 -0.0006
vn -0.0543 -0.9985 -0.0029
vn -0.1490 -0.9429 0.2977
vn -0.0352 -0.9992 0.0162
vn -0.0188 -0.9998 0.0073
vn 0.3588 -0.8324 -0.4223
vn 0.2759 -0.8275 -0.4890
vn 0.1773 -0.8689 -0.4621
vn -0.0870 -0.9959 0.0241
vn -0.0825 -0.9966 -0.0035
vn -0.1549 -0.9863 0.0574
vn -0.0820 -0.9966 -0.0083
vn -0.0049 -1.0000 0.0075
vn -0.0453 -0.9980 -0.0444
vn -0.0033 -0.9999 0.0118
vn -0.4843 -0.8749 0.0072
vn -0.2092 -0.9777 -0.0175
vn -0.0489 -0.9988 -0.0062
vn -0.2497 -0.9670 0.0500
vn -0.0325 -0.9995 0.0030
vn -0.1227 -0.9924 -0.0022
vn -0.0978 -0.9951 0.0170
vn -0.2074 -0.9778 -0.0282
vn -0.0123 -0.9999 -0.0097
vn -0.0495 -0.9732 -0.2247
vn -0.2767 -0.9468 -0.1642
vn -0.0353 -0.9994 -0.0028
vn -0.0059 -0.9999 0.0099
vn -0.0553 -0.9984 0.0072
vn -0.1253 -0.9253 -0.3580
vn -0.2509 -0.9658 0.0661
vn -0.2992 -0.9515 0.0721
vn -0.0321 -0.9991 0.0290
vn -0.0671 -0.9973 0.0296
vn 0.1633 -0.9854 0.0473
vn -0.0985 -0.9950 -0.0172
vn 0.0360 -0.9949 0.0946
vn 0.0073 -1.0000 0.0046
vn 0.0068 -0.9989 0.0474
vn -0.2131 -0.9769 0.0185
vn -0.0054 -0.9992 -0.0387
vn -0.0940 -0.9956 0.0022
vn -0.3755 -0.9256 -0.0479
vn -0.0021 -1.0000 0.0030
vn -0.0153 -0.9998 0.0116
vn 0.0085 -0.9979 0.0642
vn 0.8924 -0.4507 -0.0235
vn -0.7702 0.0687 0.6341
vn -0.1359 -0.9878 0.0759
vn -0.1589 -0.9597 0.2316
vn 0.0057 -0.9998 0.0174
vn -0.1054 -0.9944 -0.0058
vn -0.0464 -0.9986 -0.0255
vn -0.0456 -0.9989 -0.0069
vn -0.0371 -0.9993 0.0089
vn -0.0886 -0.9853 0.1462
vn -0.0286 -0.9995 0.0100
vn 0.0318 -0.9995 0.0010
vn -0.1739 -0.9845 0.0215
vn -0.2199 -0.9614 0.1656
vn -0.0323 -0.9995 -0.0031
vn 0.0348 -0.9993 -0.0116
vn -0.4260 -0.8986 -0.1056
vn -0.0299 -0.9916 -0.1257
vn -0.0918 -0.9949 -0.0426
vn -0.7064 -0.6104 0.3585
vn -0.8168 -0.5107 0.2684
vn -0.7259 -0.6244 0.2884
vn -0.3983 -0.8538 0.3352
vn -0.4654 -0.8297 -0.3081
vn -0.4670 -0.8491 -0.2467
vn -0.5393 -0.7937 -0.2813
vn 0.0151 -0.9989 -0.0445
vn 0.0013 -0.9990 -0.0454
vn -0.0078 -0.9993 -0.0377
vn -0.0781 -0.9969 -0.0058
vn -0.0904 -0.9808 -0.1728
vn -0.0103 -0.9999 -0.0014
vn -0.1061 -0.9361 0.3353
vn 0.0253 -0.9993 0.0284
vn -0.0986 -0.9950 0.0139
vn -0.0333 -0.9992 0.0203
vn 0.0074 -0.9998 0.0158
vn -0.0501 -0.9985 0.0229
vn -0.0665 -0.9977 0.0123
vn -0.0560 -0.9984 0.0113
vn -0.1286 -0.9913 -0.0264
vn -0.7764 -0.6298 -0.0213
vn -0.0039 -1.0000 0.0007
vn -0.0508 -0.9962 0.0710
vn -0.1005 -0.9949 0.0125
vn -0.0840 -0.9965 0.0015
vn -0.5189 -0.8409 0.1534
vn 0.0112 -0.9892 -0.1458
vn -0.1097 -0.9939 -0.0075
vn -0.0772 -0.9969 -0.0122
vn 0.0580 -0.9903 -0.1259
vn -0.1391 -0.9902 -0.0148
vn -0.2434 -0.9698 0.0172
vn 0.0108 -0.9998 -0.0188
vn -0.1106 -0.9937 0.0155
vn 0.1967 -0.9478 -0.2510
vn 0.0798 -0.9956 0.0500
vn 0.0688 -0.9903 -0.1205
vn 0.1191 -0.9885 -0.0929
vn -0.6357 -0.7423 0.2119
vn -0.0934 -0.9951 0.0337
vn 0.0807 -0.9868 -0.1404
vn 0.1244 -0.9573 -0.2611
vn 0.2442 -0.9618 -0.1237
vn -0.0771 -0.9954 0.0573
vn -0.1034 -0.9908 0.0868
vn 0.0034 -0.9513 -0.3081
vn -0.0739 -0.9973 0.0009
vn -0.0010 -1.0000 -0.0088
vn 0.0059 -0.9999 0.0132
vn -0.0973 -0.9890 0.1118
vn -0.1557 -0.9802 0.1221
vn -0.0678 -0.9973 -0.0293
vn 0.6323 -0.7619 0.1403
vn 0.1751 -0.9845 -0.0051
vn -0.0728 -0.9963 -0.0462
vn -0.2120 -0.9772 -0.0131
vn -0.0948 -0.9955 -0.0083
vn -0.2688 -0.9628 -0.0268
vn -0.0767 -0.9970 -0.0142
vn -0.1923 -0.9771 -0.0906
vn 0.1081 -0.9916 0.0707
vn -0.1944 -0.9797 0.0486
vn -0.0685 -0.9976 0.0039
vn -0.2319 -0.9726 0.0154
vn -0.5815 -0.8125 0.0407
vn -0.2532 -0.9642 -0.0785
vn -0.1875 -0.9819 -0.0277
vn -0.2764 -0.9202 -0.2772
vn -0.0135 -0.9998 -0.0125
vn -0.2745 -0.9616 -0.0014
vn -0.0350 -0.9993 0.0125
vn -0.0262 -0.9997 0.0022
vn -0.0011 -0.9993 -0.0365
vn -0.1504 -0.9876 -0.0441
vn -0.1511 -0.9876 -0.0421
vn -0.0255 -0.9996 -0.0079
vn -0.1679 -0.9857 -0.0169
vn -0.2102 -0.9755 -0.0646
vn -0.0093 -0.9998 -0.0148
vn -0.1145 -0.9933 -0.0163
vn -0.0574 -0.9978 -0.0328
vn -0.0187 -0.9997 0.0179
vn 0.0274 -0.9967 -0.0771
vn -0.0208 -0.9685 0.2480
vn -0.0538 -0.9912 0.1207
vn -0.0845 -0.9959 0.0320
vn -0.1057 -0.9938 -0.0342
vn -0.0917 -0.9952 -0.0335
vn 0.1291 -0.9768 0.1709
vn 0.0423 -0.9991 0.0067
vn 0.2646 -0.9488 0.1725
vn 0.6350 -0.7723 0.0181
vn 0.1338 -0.9908 0.0196
vn -0.0101 -0.9986 -0.0524
vn 0.0201 -0.9997 -0.0107
vn -0.0509 -0.9972 -0.0544
vn -0.1326 -0.9907 0.0317
vn -0.0665 -0.9967 -0.0460
vn 0.0298 -0.9957 -0.0873
vn 0.0002 -0.9999 -0.0168
vn -0.2460 -0.9688 0.0315
vn -0.0028 -0.9999 0.0110
vn -0.1001 -0.9949 -0.0139
vn -0.0137 -0.9999 0.0030
vn 0.0487 -0.9985 0.0232
vn -0.0540 -0.9985 0.0126
vn -0.0189 -0.9997 -0.0153
vn -0.1189 -0.9876 -0.1025
vn -0.0345 -0.9994 -0.0027
vn 0.1260 -0.6827 -0.7198
vn 0.1351 -0.6999 -0.7014
vn 0.0653 -0.6575 -0.7506
vn -0.0034 -0.9998 0.0211
vn -0.0386 -0.9933 -0.1091
vn 0.0412 -0.9927 0.1130
vn -0.6610 -0.7276 -0.1838
vn -0.5377 -0.8352 -0.1154
vn 0.0972 -0.9730 0.2095
vn 0.1127 -0.9706 0.2126
vn 0.1054 -0.9700 0.2190
vn -0.3984 -0.9027 -0.1624
vn 0.1142 -0.9929 0.0343
vn 0.0917 -0.9958 -0.0021
vn 0.0050 -0.9997 -0.0252
vn 0.0143 -0.9984 -0.0540
vn 0.1301 -0.9484 -0.2892
vn -0.1776 -0.9839 -0.0211
vn 0.3890 -0.4186 0.8206
vn -0.2207 -0.9098 0.3516
vn -0.1779 -0.8821 -0.4363
vn -0.1613 -0.8995 -0.4060
vn -0.2085 -0.9195 -0.3332
vn -0.0118 -0.9723 -0.2333
vn 0.4850 -0.8444 -0.2273
vn 0.1836 -0.9810 0.0629
vn 0.0354 -0.9990 0.0262
vn 0.0008 -1.0000 0.0043
vn 0.0389 -0.9487 0.3139
vn 0.4300 -0.8062 0.4065
vn 0.0404 -0.9937 -0.1048
vn 0.0339 -0.9966 -0.0749
vn -0.1031 -0.9942 0.0293
vn -0.2202 -0.9651 -0.1420
vn 0.2403 -0.9609 -0.1375
vn -0.1493 -0.9690 -0.1970
vn -0.0153 -0.9999 0.0005
vn -0.0634 -0.9980 0.0014
vn -0.1338 -0.9906 0.0301
vn -0.0820 -0.9966 -0.0078
vn -0.3076 -0.9514 -0.0124
vn -0.0585 -0.9983 0.0005
vn -0.2226 -0.8621 0.4552
vn -0.0319 -0.9986 0.0418
vn -0.2806 -0.9598 0.0101
vn -0.2841 -0.9568 -0.0611
vn -0.4702 -0.8443 -0.2570
vn -0.4288 -0.8857 -0.1779
vn -0.4587 -0.8467 -0.2695
vn -0.2139 -0.9768 0.0115
vn -0.7192 -0.6927 0.0541
vn 0.9509 0.3088 -0.0194
vn 0.2425 -0.9656 0.0944
vn -0.0634 -0.9979 -0.0087
vn -0.0419 -0.9929 0.1115
vn -0.2183 -0.9091 0.3547
vn -0.2087 -0.9547 0.2123
vn -0.3075 -0.9515 0.0106
vn 0.3084 -0.9123 0.2696
vn -0.2219 -0.8286 -0.5140
vn -0.2798 -0.8414 0.4623
vn -0.1640 -0.9783 0.1264
vn -0.2722 -0.9593 -0.0753
vn -0.0830 -0.9957 0.0410
vn -0.0826 -0.9859 0.1457
vn 0.5037 -0.6675 0.5484
vn -0.2003 -0.9790 -0.0392
vn -0.0096 -0.9997 -0.0236
vn -0.0269 -0.9990 0.0364
vn 0.3025 -0.8335 0.4624
vn 0.3144 -0.8291 0.4624
vn 0.2663 -0.8429 0.4676
vn -0.5395 -0.8391 -0.0697
vn -0.3205 -0.9404 0.1139
vn -0.0405 -0.9986 -0.0348
vn -0.4130 -0.9107 -0.0093
vn -0.1281 -0.9911 -0.0368
vn 0.0526 -0.9962 -0.0689
vn -0.4692 -0.8146 0.3410
vn -0.0482 -0.9812 0.1867
vn -0.2946 -0.9418 -0.1621
vn -0.2140 -0.9751 -0.0587
vn -0.0265 -0.9971 0.0707
vn -0.0442 -0.9982 -0.0408
vn -0.0069 -0.9875 -0.1574
vn -0.1563 -0.9861 0.0557
vn -0.0979 -0.9941 -0.0469
vn -0.0635 -0.9975 0.0315
vn -0.0467 -0.9975 -0.0533
vn -0.1472 -0.9889 -0.0223
vn -0.0684 -0.9969 0.0388
vn -0.2700 -0.9622 -0.0355
vn -0.7004 -0.5295 -0.4787
vn -0.6344 -0.7641 0.1170
vn -0.9928 0.1164 0.0285
vn -0.7190 -0.6789 -0.1491
vn -0.5575 -0.8291 -0.0435
vn -0.0947 -0.9951 -0.0272
vn -0.0703 -0.9974 0.0147
vn -0.1644 -0.9863 -0.0103
vn -0.2002 -0.9749 -0.0972
vn -0.1665 -0.9819 -0.0904
vn -0.0112 -0.9998 -0.0161
vn 0.0478 -0.9974 -0.0543
vn 0.0708 -0.9971 0.0270
vn -0.0351 -0.9930 -0.1126
vn -0.0269 -0.9996 0.0007
vn -0.1578 -0.9866 -0.0417
vn 0.3781 -0.9170 -0.1269
vn 0.1187 -0.9929 -0.0055
vn 0.0346 -0.9994 -0.0044
vn 0.0272 -0.9938 -0.1076
vn 0.2898 -0.9463 -0.1430
vn 0.0620 -0.9970 -0.0464
vn -0.0198 -0.9998 0.0080
vn -0.0689 -0.9971 0.0308
vn -0.5706 -0.8127 0.1184
vn -0.4971 -0.8664 0.0462
vn -0.1175 -0.9891 0.0891
vn -0.5393 -0.8413 0.0386
vn -0.9345 -0.3493 -0.0681
vn -0.3617 -0.9323 -0.0031
vn 0.7852 0.5070 0.3554
vn -0.3154 -0.9094 -0.2713
vn -0.0943 -0.9394 -0.3295
vn 0.0264 -0.8929 -0.4496
vn -0.3254 -0.9456 0.0046
vn -0.1182 -0.9930 -0.0067
vn -0.5478 -0.8213 -0.1592
vn -0.1262 -0.9920 0.0096
vn -0.0649 -0.9969 0.0434
vn 0.3323 -0.9407 0.0683
vn 0.0396 -0.9989 -0.0264
vn -0.2922 -0.9563 -0.0127
vn -0.1451 -0.9583 -0.2463
vn 0.9176 0.3396 0.2066
vn -0.4801 -0.8764 -0.0381
vn -0.8020 -0.5847 -0.1222
vn -0.4368 -0.8963 0.0766
vn 0.9070 -0.2421 0.3446
vn 0.1503 -0.9856 -0.0774
vn -0.2640 -0.9636 -0.0410
vn 0.0051 -0.9979 0.0653
vn -0.0298 -0.9995 -0.0036
vn -0.4939 -0.6684 -0.5562
vn -0.5458 -0.7375 0.3977
vn 0.2963 -0.8427 0.4496
vn -0.6464 -0.7629 -0.0090
vn 0.6871 -0.7250 0.0487
vn 0.0675 -0.9966 -0.0469
vn 0.4906 -0.7384 0.4627
vn 0.3406 -0.9220 -0.1842
vn -0.2705 -0.9612 -0.0533
vn -0.7975 -0.4510 0.4008
vn 0.1277 -0.9901 0.0580
vn -0.0350 -0.9994 -0.0048
vn -0.0117 -0.9997 0.0195
vn 0.0439 -0.9983 -0.0391
vn -0.0175 -0.9993 -0.0332
vn -0.0226 -0.9997 -0.0097
vn -0.0925 -0.9955 0.0222
vn -0.0445 -0.9990 -0.0008
vn -0.0327 -0.9968 0.0732
vn 0.1396 -0.9896 0.0332
vn 0.8505 -0.5244 0.0407
vn 0.9045 0.4183 -0.0832
vn -0.0626 -0.9980 -0.0069
vn 0.0429 -0.9825 -0.1812
vn 0.2312 -0.0071 -0.9729
vn 0.0665 -0.9818 -0.1777
vn 0.0080 -0.9998 -0.0165
vn -0.0780 -0.9962 0.0376
vn -0.0239 -0.9997 -0.0078
vn 0.1082 -0.9941 0.0012
vn -0.1635 -0.9836 0.0760
vn -0.0277 -0.9939 -0.1068
vn -0.0099 0.0324 -0.9994
vn -0.0648 -0.9971 0.0394
vn 0.0459 -0.9988 0.0170
vn -0.0753 -0.9970 0.0175
vn 0.7153 0.6767 0.1743
vn 0.9985 -0.0270 -0.0473
vn 0.0244 -0.9991 -0.0335
vn 0.1138 0.9922 -0.0506
vn 0.2315 -0.9642 -0.1294
vn 0.1017 -0.9923 -0.0702
vn 0.0431 -0.9989 -0.0183
vn -0.0856 -0.9961 0.0233
vn -0.0086 -0.9999 -0.0122
vn 0.4369 -0.5073 0.7428
vn 0.0369 0.2845 -0.9580
vn -0.1139 -0.9905 0.0768
vn 0.3025 -0.5755 -0.7598
vn -0.0201 -0.7932 0.6086
vn -0.3913 -0.7491 0.5346
vn 0.1913 -0.9635 -0.1874
vn -0.0697 -0.9957 -0.0604
vn -0.2047 -0.9538 0.2200
vn -0.7050 -0.7024 0.0979
vn -0.7217 -0.6504 0.2369
vn -0.6950 -0.7094 -0.1173
vn 0.3991 -0.9167 0.0184
vn -0.3636 -0.9154 0.1726
vn -0.0904 -0.9947 -0.0501
vn -0.3493 -0.9299 0.1153
vn 0.0045 -0.9986 0.0518
vn 0.0106 -0.9996 0.0259
vn 0.4732 -0.8651 -0.1662
vn -0.2701 0.5592 -0.7838
vn -0.4941 -0.7622 -0.4182
vn 0.0090 -0.8541 -0.5200
vn 0.0021 -0.9840 -0.1782
vn 0.0629 -0.6536 -0.7542
vn 0.0004 -0.9998 0.0202
vn -0.3708 -0.7942 0.4814
vn -0.0927 -0.9866 -0.1343
vn -0.0787 -0.9650 -0.2501
vn -0.0136 -0.9976 -0.0673
vn -0.0605 -0.9763 0.2076
vn 0.0088 -0.9999 -0.0086
vn 0.0047 -0.9997 0.0254
vn -0.0160 -0.8736 -0.4863
vn -0.0096 -0.9996 0.0255
vn -0.0182 -0.9997 0.0188
vn -0.0035 -0.9742 -0.2257
vn 0.0626 0.0284 0.9976
vn 0.0504 0.5095 0.8590
vn 0.0185 0.5803 0.8142
vn -0.3621 -0.6757 0.6421
vn -0.0321 -0.6479 0.7610
vn -0.0476 -0.9947 -0.0915
vn 0.0204 -0.9826 0.1845
vn -0.0207 -0.8260 0.5633
vn -0.0090 -0.9901 0.1402
vn -0.0065 -0.9998 0.0169
vn 0.0102 -0.9817 -0.1904
vn -0.0231 0.3164 -0.9483
vn -0.0101 -0.9547 -0.2975
vn 0.0229 -0.9982 0.0550
vn -0.0068 -0.9995 0.0297
vn 0.0140 -0.2672 0.9635
vn -0.0227 -0.2827 0.9589
vn -0.0020 -0.9998 0.0174
vn -0.1870 -0.9779 -0.0939
vn 0.0405 0.4305 -0.9017
vn -0.2517 -0.9658 -0.0630
vn 0.0498 -0.9981 -0.0357
vn -0.1234 -0.9786 0.1649
vn -0.0592 -0.9432 0.3268
vn 0.0969 0.4978 0.8619
vn -0.0208 -0.9298 0.3676
vn -0.2196 -0.8409 0.4947
vn 0.1509 -0.7995 0.5814
vn 0.0362 -0.9966 -0.0742
vn 0.0808 -0.9886 0.1272
vn 0.0706 -0.9922 -0.1023
vn 0.0663 -0.9977 -0.0115
vn 0.0087 -0.9996 0.0279
vn 0.0325 -0.9991 -0.0273
vn -0.0144 -0.9995 0.0288
vn -0.0266 0.4114 0.9111
vn 0.0986 -0.8235 -0.5587
vn 0.1311 0.1011 0.9862
vn -0.1020 -0.9802 -0.1695
vn -0.1478 -0.6718 -0.7258
vn 0.0476 -0.9973 0.0560
vn 0.0549 -0.9961 0.0690
vn 0.0080 -1.0000 -0.0010
vn -0.0724 -0.9936 -0.0866
vn 0.2725 -0.8974 -0.3471
vn -0.0089 -0.9881 0.1533
vn -0.0150 -0.9992 -0.0358
vn 0.1251 -0.9883 0.0871
vn -0.0206 -0.9998 0.0027
vn 0.0093 -0.9998 -0.0188
vn -0.2982 -0.7799 -0.5504
vn -0.6514 -0.5551 -0.5173
vn -0.0000 -1.0000 -0.0024
vn 0.0002 -0.8284 -0.5601
vn 0.0126 -0.9998 0.0161
vn -0.0057 -1.0000 -0.0052
vn 0.0022 -0.9999 -0.0101
vn 0.0095 -0.9999 0.0071
vn 0.0089 -0.9999 0.0126
vn -0.0153 -0.9968 -0.0786
vn -0.0034 -1.0000 -0.0017
vn 0.0800 -0.9685 0.2359
vn -0.0200 -0.9991 -0.0380
vn 0.0105 -0.9999 0.0040
vn -0.0206 -0.9997 0.0129
vn -0.0284 -0.8711 -0.4902
vn 0.1308 -0.1621 -0.9781
vn -0.0031 -0.9998 -0.0182
vn 0.0043 -0.9998 -0.0184
vn -0.0457 -0.7411 -0.6698
vn 0.0084 -0.9999 -0.0073
vn 0.0317 -0.9991 -0.0275
vn 0.0388 -0.9755 -0.2167
vn 0.0025 -1.0000 -0.0006
vn 0.0396 -0.9344 0.3541
vn -0.0278 -0.9918 0.1244
vn -0.0318 -0.9832 0.1796
vn -0.0074 -0.9847 0.1743
vn -0.0065 -0.9984 0.0554
vn 0.0164 -0.9998 0.0111
vn -0.0027 -1.0000 -0.0078
vn -0.0600 -0.5209 -0.8515
vn 0.0729 -0.9973 -0.0025
vn -0.0146 -0.9994 -0.0312
vn 0.0289 -0.9969 0.0738
vn -0.0141 -0.9989 0.0449
vn 0.0565 -0.7320 0.6790
vn -0.0037 -0.9994 0.0351
vn 0.0129 -0.9994 0.0314
vn 0.0047 -1.0000 0.0060
vn -0.0414 -0.9911 -0.1269
vn 0.3143 -0.9261 -0.2086
vn 0.1974 0.2780 0.9401
vn -0.0142 -0.9999 0.0006
vn -0.0727 -0.9973 0.0086
vn -0.0034 -0.9999 -0.0146
vn -0.2732 -0.9406 -0.2018
vn -0.4262 -0.9040 -0.0333
vn -0.3248 -0.9458 -0.0066
vn -0.6979 -0.7035 -0.1342
vn -0.0008 -0.9997 0.0257
vn 0.0249 -0.9997 -0.0077
vn 0.0296 -0.9918 -0.1241
vn -0.4442 0.3403 -0.8288
vn -0.5860 -0.7404 0.3292
vn -0.6351 -0.7624 0.1241
vn -0.3112 -0.9249 -0.2185
vn 0.4838 -0.8743 0.0400
vn -0.2227 -0.9294 -0.2942
vn -0.0882 -0.9960 0.0163
vn 0.2775 -0.9569 0.0859
vn 0.6620 -0.7336 0.1537
vn 0.0008 -1.0000 0.0066
vn 0.0060 -0.9999 -0.0142
vn 0.1397 -0.9901 0.0166
vn 0.0163 -0.9998 0.0079
vn 0.4695 -0.8510 -0.2353
vn -0.0358 -0.9993 -0.0077
vn 0.0024 -1.0000 0.0055
vn 0.1329 -0.9911 -0.0119
vn -0.0242 -0.9965 0.0794
vn -0.0151 -0.9831 -0.1824
vn 0.6687 -0.6980 -0.2562
vn 0.0292 -0.5330 -0.8456
vn -0.4095 -0.6100 0.6784
vn -0.0908 -0.9647 0.2471
vn 0.0416 -0.9969 -0.0666
vn 0.5051 -0.7315 -0.4580
vn -0.0439 -0.9548 -0.2941
vn 0.6612 -0.6771 0.3229
vn 0.8358 -0.5457 -0.0610
vn 0.7546 -0.6446 -0.1227
vn 0.1345 -0.9824 -0.1294
vn 0.3316 -0.9427 0.0358
vn 0.0754 -0.9972 -0.0005
vn 0.5201 -0.8255 0.2192
vn 0.2483 -0.9686 -0.0101
vn 0.0157 -0.9991 0.0393
vn 0.0263 -0.9993 0.0266
vn 0.0040 -1.0000 -0.0073
vn 0.0280 -0.9862 0.1633
vn 0.0911 -0.6597 0.7460
vn 0.0435 -0.9990 -0.0126
vn -0.2907 -0.9348 -0.2043
vn 0.5384 0.8318 -0.1350
vn -0.0386 -0.9895 -0.1394
vn 0.2845 0.9586 -0.0107
vn -0.1588 -0.9824 -0.0979
vn -0.0283 0.9993 0.0224
vn 0.7600 -0.3382 -0.5550
vn 0.9360 -0.3521 -0.0040
vn -0.0308 -0.9992 -0.0241
vn 0.5198 -0.7233 0.4546
vn 0.4465 -0.7768 0.4441
vn 0.1335 -0.9781 -0.1598
vn 0.5531 -0.3955 -0.7333
vn -0.4399 -0.7231 0.5325
vn 0.1621 -0.2227 0.9613
vn -0.6650 -0.0326 0.7461
vn 0.0818 0.5683 0.8187
vn 0.4659 0.0098 0.8848
vn -0.3359 -0.1593 0.9283
vn -0.0951 0.2230 0.9702
vn -0.2246 0.5246 0.8212
vn 0.7498 -0.4652 -0.4705
vn 1.0000 0.0006 -0.0056
vn 0.9973 -0.0229 -0.0694
vn 0.8385 -0.5445 -0.0234
vn 1.0000 -0.0066 0.0012
vn 0.9965 -0.0405 -0.0731
vn 0.9706 -0.2408 0.0001
vn 0.7765 -0.6103 -0.1565
vn -0.1579 -0.9874 -0.0072
vn 0.9995 -0.0055 0.0319
vn 0.9992 0.0364 0.0173
vn 0.9931 0.0316 -0.1130
vn 0.9999 -0.0104 -0.0010
vn 0.9815 0.1357 0.1350
vn 0.9733 0.1871 0.1332
vn 0.9138 0.3061 0.2669
vn 0.9921 -0.0363 0.1201
vn 0.9993 0.0365 0.0073
vn 0.9999 -0.0044 0.0147
vn -0.8971 0.3322 0.2913
vn 0.9993 0.0026 -0.0380
vn 1.0000 0.0004 -0.0001
vn 1.0000 -0.0017 0.0002
vn 1.0000 -0.0048 0.0053
vn 0.9989 -0.0459 -0.0065
vn 0.9307 0.3656 0.0101
vn 0.9917 0.1279 -0.0147
vn 0.9957 -0.0800 0.0460
vn 0.9980 0.0375 0.0507
vn 0.7915 0.2837 -0.5413
vn 0.9790 0.0528 -0.1968
vn 0.9183 -0.1997 -0.3418
vn 0.3887 0.5393 -0.7470
vn 1.0000 -0.0074 -0.0019
vn 0.9932 -0.1166 -0.0012
vn 0.6123 0.7896 0.0386
vn 1.0000 0.0078 0.0005
vn 1.0000 -0.0009 -0.0006
vn 0.9494 0.2883 0.1242
vn 0.9836 0.0636 0.1689
vn 0.9992 -0.0396 0.0017
vn 0.0187 0.9995 0.0237
vn 0.0005 0.0006 -1.0000
vn -0.0005 -0.1577 -0.9875
vn 0.0250 -0.1378 -0.9901
vn 0.1499 -0.7329 -0.6636
vn -0.0014 0.0008 -1.0000
vn 0.0012 0.0032 -1.0000
vn -0.0008 0.0033 -1.0000
vn -0.0941 -0.2321 -0.9681
vn 0.0551 -0.1209 -0.9911
vn 0.1858 -0.7356 0.6515
vn 0.2967 -0.1768 -0.9385
vn 0.0019 0.8903 0.4553
vn -0.0100 0.0153 -0.9998
vn 0.0003 -0.0027 -1.0000
vn 0.0012 -0.0025 -1.0000
vn -0.0000 0.0017 -1.0000
vn -0.0298 -0.8031 -0.5951
vn -0.0004 0.0036 -1.0000
vn 0.0049 -0.0187 -0.9998
vn 0.3693 -0.5848 -0.7222
vn -0.0009 -0.0811 -0.9967
vn 0.2667 0.0798 -0.9605
vn -0.0017 0.0038 -1.0000
vn -0.0017 -0.0000 -1.0000
vn -0.0001 -0.0003 -1.0000
vn -0.0001 -0.0005 -1.0000
vn 0.0032 -0.0509 -0.9987
vn -0.0018 0.0034 -1.0000
vn -0.0351 -0.0340 -0.9988
vn -0.0536 -0.1732 -0.9834
vn -0.2538 -0.7594 -0.5991
vn -0.1419 -0.3280 -0.9340
vn 0.1555 -0.0622 -0.9859
vn 0.0902 -0.0450 -0.9949
vn 0.0416 0.9990 0.0138
vn 0.1011 0.9846 -0.1426
vn -0.1468 0.9892 0.0003
vn -0.0039 1.0000 -0.0005
vn -0.0135 0.9995 0.0296
vn -0.0531 0.9978 0.0403
vn 0.0031 1.0000 -0.0065
vn 0.0118 0.9999 -0.0025
vn 0.0106 0.9999 0.0111
vn 0.0241 0.9848 -0.1721
vn 0.0265 0.9996 0.0127
vn 0.1781 0.9840 -0.0056
vn 0.0285 0.9995 0.0144
vn 0.1512 0.9884 0.0145
vn 0.0877 0.9960 -0.0145
vn -0.0315 0.9995 0.0062
vn 0.0128 0.9999 -0.0020
vn -0.0610 0.9966 -0.0550
vn 0.0405 0.9992 0.0045
vn 0.0055 1.0000 -0.0014
vn 0.0035 0.9994 -0.0338
vn 0.0197 0.9990 0.0394
vn -0.0565 0.9878 -0.1452
vn 0.0190 0.8845 -0.4661
vn -0.0554 0.6456 -0.7617
vn -0.4655 0.3418 -0.8164
vn 0.0010 0.9993 0.0378
vn -0.0148 0.9980 0.0618
vn -0.0277 0.9882 -0.1506
vn -0.1096 0.9920 -0.0629
vn -0.6222 0.7803 -0.0624
vn 0.0263 0.9995 -0.0185
vn 0.0075 0.9999 -0.0142
vn 0.0370 0.9198 -0.3905
vn 0.2140 0.9598 -0.1818
vn -0.1557 0.9213 -0.3564
vn -0.2503 -0.5842 -0.7720
vn 0.1009 0.9756 0.1952
vn 0.1584 0.9766 0.1457
vn -0.0209 0.7611 -0.6483
vn 0.3783 0.9216 0.0866
vn -0.1112 0.9915 -0.0678
vn 0.1297 0.6677 0.7330
vn 0.0379 0.9852 0.1674
vn -0.3731 0.8368 0.4008
vn -0.1659 0.3314 -0.9288
vn -0.1177 -0.4855 0.8663
vn 0.0074 0.9567 0.2909
vn -0.0155 0.9974 -0.0702
vn -0.0633 -0.9979 -0.0162
vn -0.0146 -0.2600 -0.9655
vn 0.0031 1.0000 -0.0049
vn 0.0011 0.9998 0.0185
vn 0.0021 0.9896 -0.1440
vn 0.2949 0.8785 -0.3759
vn -0.1864 0.9467 -0.2626
vn 0.2140 0.9638 -0.1593
vn 0.1433 0.9161 -0.3745
vn 0.0391 0.7657 -0.6420
vn -0.2322 0.5075 -0.8298
vn -0.0385 0.9929 -0.1127
vn -0.0307 0.9863 -0.1623
vn 0.0611 0.6853 -0.7257
vn 0.0018 1.0000 -0.0068
vn 0.0368 0.9991 -0.0191
vn -0.1188 0.8743 -0.4707
vn -0.7236 0.4219 -0.5463
vn -0.4693 0.8623 0.1903
vn -0.0677 0.9425 -0.3273
vn 0.3420 -0.5296 -0.7762
vn 0.0158 0.9930 0.1168
vn 0.0056 0.9703 0.2419
vn 0.0716 0.6284 0.7746
vn -0.0807 0.9881 0.1310
vn 0.0449 0.9938 -0.1015
vn 0.3598 0.8229 -0.4399
vn 0.2589 0.9553 0.1425
vn 0.1584 -0.8463 0.5087
vn 0.1788 0.3869 0.9046
vn -0.0285 0.7135 0.7000
vn 0.6216 0.7033 0.3448
vn 0.1300 0.7349 0.6656
vn 0.3932 0.4239 0.8159
vn 0.0058 0.9999 0.0104
vn 0.0435 0.9927 -0.1123
vn 0.0334 0.9064 0.4212
vn -0.3656 0.7218 -0.5877
vn 0.0002 0.7461 -0.6659
vn -0.1019 0.9928 -0.0628
vn 0.0173 0.9987 -0.0474
vn -0.1353 0.6372 -0.7587
vn -0.7639 0.6030 -0.2297
vn 0.0499 0.9740 -0.2209
vn 0.1959 0.9021 -0.3845
vn 0.2546 0.8159 -0.5191
vn -0.0027 0.5658 0.8245
vn 0.0925 0.9925 0.0795
vn -0.0044 1.0000 -0.0011
vn -0.1421 0.9899 -0.0009
vn 0.0698 0.9974 0.0151
vn 0.0018 -0.9029 -0.4298
vn -0.1102 0.9794 -0.1694
vn -0.0726 0.9974 0.0005
vn 0.0962 0.9185 0.3834
vn -0.0871 0.9961 -0.0149
vn -0.3757 0.7207 -0.5826
vn -0.0112 0.8389 0.5441
vn -0.0099 0.3725 0.9280
vn 0.0867 0.6676 0.7394
vn 0.0218 -0.3144 0.9490
vn 0.0100 0.9999 -0.0115
vn -0.1383 0.9811 0.1350
vn -0.0241 0.9994 -0.0250
vn -0.6870 0.6392 -0.3456
vn -0.5415 0.8240 -0.1671
vn 0.5718 0.7805 -0.2528
vn -0.1477 0.9871 0.0617
vn 0.2066 0.8260 -0.5244
vn -0.2656 0.9536 -0.1417
vn -0.2766 0.9251 -0.2603
vn -0.1484 0.9769 -0.1540
vn -0.5309 0.6838 -0.5005
vn -0.0932 0.6152 0.7828
vn -0.0470 0.0267 0.9985
vn 0.3358 0.6175 0.7113
vn 0.0776 0.9935 0.0836
vn 0.1118 0.8946 0.4327
vn 0.0192 0.9925 0.1207
vn 0.0209 0.9997 -0.0126
vn 0.0424 0.9914 -0.1235
vn -0.0209 0.9992 -0.0327
vn -0.2034 0.8910 -0.4059
vn -0.0305 0.9974 -0.0648
vn 0.0334 0.7654 -0.6427
vn 0.0918 0.9922 -0.0842
vn 0.2319 0.8020 -0.5504
vn -0.0293 0.9710 -0.2373
vn -0.2090 0.9601 -0.1858
vn -0.2852 0.9581 0.0279
vn 0.2083 0.9774 0.0372
vn -0.3521 0.6227 -0.6988
vn 0.0119 0.9952 0.0973
vn 0.0018 1.0000 0.0043
vn -0.0984 0.9946 0.0334
vn -0.0492 0.9987 0.0138
vn -0.5676 -0.8145 0.1202
vn -0.0656 0.9968 0.0464
vn 0.0679 0.9957 -0.0631
vn -0.0090 0.9994 -0.0325
vn 0.0246 0.9906 0.1347
vn 0.2330 0.9712 0.0494
vn -0.5441 0.8267 -0.1431
vn -0.2044 0.9783 -0.0341
vn -0.3004 0.9227 -0.2417
vn -0.5411 0.6454 -0.5391
vn -0.7434 -0.6604 0.1059
vn -0.0149 0.9989 0.0447
vn -0.0281 0.9996 0.0035
vn -0.0006 0.9998 0.0202
vn -0.0027 0.9998 0.0204
vn -0.3653 0.9268 -0.0877
vn -0.0502 0.9987 -0.0074
vn -0.0806 0.9966 0.0199
vn -0.4180 0.9062 0.0645
vn 0.0510 0.9941 0.0958
vn -0.0537 0.9983 0.0235
vn 0.0466 0.9987 0.0210
vn 0.0087 0.9996 -0.0287
vn -0.0174 0.9993 -0.0333
vn 0.0683 0.9961 -0.0561
vn 0.0319 -0.9995 0.0086
vn -0.0471 -0.9974 -0.0543
vn 0.0410 -0.9886 0.1448
vn 0.0388 -0.9979 -0.0528
vn 0.0071 -0.9987 -0.0503
vn 0.0202 -0.9991 -0.0367
vn 0.6834 -0.7134 -0.1552
vn 0.1237 -0.9922 0.0136
vn 0.7859 -0.6154 -0.0601
vn -0.0316 -0.9853 0.1678
vn -0.3206 -0.9472 -0.0115
vn -0.4377 -0.8991 0.0023
vn 0.0706 -0.9877 -0.1397
vn -0.1547 -0.9868 0.0484
vn 0.0926 -0.9938 -0.0619
vn -0.1183 -0.9929 -0.0083
vn 0.9702 -0.2422 -0.0029
vn -0.0905 -0.9935 0.0696
vn -0.1897 -0.9817 -0.0185
vn 0.9390 -0.3437 -0.0148
vn -0.0817 -0.9966 0.0045
vn -0.3341 -0.9425 -0.0004
vn 0.0652 -0.9913 -0.1146
vn 0.0775 -0.9848 -0.1555
vn -0.0863 -0.9963 0.0040
vn 0.8747 0.4843 -0.0194
vn 0.2600 -0.9551 -0.1421
vn -0.0864 -0.9963 -0.0018
vn 0.9880 0.1528 -0.0207
vn -0.0465 -0.9984 -0.0319
vn -0.2520 -0.9675 -0.0235
vn 0.1222 -0.9906 -0.0607
vn -0.2621 -0.9646 -0.0282
vn -0.0957 -0.9953 -0.0175
vn -0.1471 -0.9891 -0.0027
vn 0.0399 -0.9963 -0.0763
vn -0.3135 -0.9448 0.0946
vn -0.2922 -0.9559 0.0283
vn -0.1128 -0.9933 -0.0237
vn -0.3475 -0.9356 -0.0618
vn 0.2488 -0.8671 0.4315
vn 0.0063 -0.9918 0.1279
vn -0.5193 -0.8536 -0.0419
vn -0.1043 -0.9939 0.0365
vn -0.1052 -0.9938 0.0354
vn -0.3354 -0.9411 0.0435
vn -0.4690 -0.8829 -0.0237
vn -0.6018 -0.7938 0.0882
vn -0.1235 -0.9923 -0.0022
vn -0.4142 -0.9102 0.0010
vn -0.4959 -0.8684 -0.0021
vn -0.3350 -0.9414 -0.0402
vn -0.1287 -0.9917 0.0038
vn -0.3973 -0.9177 0.0036
vn -0.3606 -0.9327 -0.0005
vn -0.5521 -0.8337 -0.0106
vn -0.2309 -0.9648 0.1260
vn -0.0855 -0.9675 -0.2381
vn -0.1647 -0.9122 -0.3752
vn 0.0104 -0.9368 -0.3497
vn 0.0714 -0.9154 -0.3962
vn 0.0333 -0.8923 -0.4503
vn -0.0066 -0.9156 -0.4019
vn -0.0250 -0.9365 -0.3497
vn -0.1238 -0.9913 -0.0439
vn 0.0102 -0.8494 0.5276
vn 0.0046 -0.9840 -0.1783
vn 0.0010 -0.2099 0.9777
vn 0.1960 -0.2001 0.9600
vn 0.2237 -0.5466 0.8070
vn 0.0680 -0.7870 -0.6132
vn 0.0836 -0.9957 0.0398
vn -0.0132 -0.8809 -0.4732
vn 0.0638 -0.9709 0.2309
vn 0.0086 -0.9875 0.1573
vn 0.0513 -0.9533 0.2976
vn 0.1066 -0.8834 0.4564
vn -0.0006 -0.6379 0.7701
vn 0.0016 -0.3274 0.9449
vn -0.0623 -0.7701 -0.6349
vn 0.0586 -0.8908 -0.4506
vn -0.1275 -0.9192 -0.3726
vn -0.5505 -0.8348 -0.0120
vn 0.0865 -0.6694 0.7378
vn 0.0072 -0.8421 0.5392
vn 0.0155 -0.9966 0.0806
vn 0.0170 -0.9848 -0.1729
vn -0.0213 -0.9828 0.1836
vn -0.1788 -0.9515 0.2504
vn 0.5011 -0.8486 -0.1699
vn -0.0045 -0.9324 0.3614
vn 0.0395 -0.9150 0.4014
vn -0.7252 -0.0219 0.6882
vn 0.0177 -0.4276 0.9038
vn 0.0069 -0.7781 0.6281
vn 0.6376 -0.3257 0.6982
vn 0.0043 -0.9887 0.1496
vn 0.0044 -0.9770 0.2132
vn 0.0268 -0.9529 0.3021
vn 0.4961 -0.6683 0.5543
vn -0.0118 -0.9784 0.2062
vn -0.6683 -0.7365 0.1047
vn -0.0349 -0.9251 0.3780
vn 0.0011 -0.7231 0.6907
vn -0.0409 -0.9582 0.2833
vn 0.0263 -0.7109 0.7028
vn 0.0062 -0.9986 0.0518
vn 0.0470 -0.6378 0.7687
vn -0.0325 -0.1612 0.9864
vn -0.1011 -0.9739 -0.2034
vn 0.0131 -0.9961 -0.0871
vn 0.0561 -0.9961 0.0676
vn 0.0104 0.2091 0.9778
vn -0.0546 -0.7495 0.6598
vn 0.0009 -0.9806 0.1959
vn -0.2042 -0.5763 0.7913
vn -0.1419 -0.6000 0.7873
vn 0.0181 -0.9862 0.1646
vn 0.0216 -0.8856 0.4639
vn -0.0150 -0.7141 0.6998
vn 0.1309 -0.9417 0.3099
vn 0.7649 -0.5529 0.3306
vn -0.4003 0.7611 -0.5104
vn -0.0490 -0.9863 0.1573
vn -0.3970 -0.9020 0.1696
vn -0.0464 -0.9738 0.2228
vn -0.0007 -0.9956 0.0933
vn -0.0512 -0.9878 0.1471
vn -0.1201 -0.5997 0.7912
vn -0.0538 -0.9893 0.1356
vn 0.3737 -0.8902 0.2606
vn -0.0135 -0.9945 -0.1038
vn 0.1869 -0.9683 -0.1659
vn -0.1647 -0.9769 -0.1361
vn 0.1041 -0.7709 -0.6284
vn -0.0257 -0.9732 -0.2287
vn 0.7760 -0.4956 0.3901
vn 0.1405 -0.4161 0.8984
vn 0.0319 -0.9994 -0.0148
vn 0.0767 -0.9966 -0.0293
vn -0.0909 -0.3410 -0.9356
vn 0.5593 -0.7984 0.2228
vn -0.0581 -0.9211 0.3849
vn -0.2336 -0.8745 -0.4251
vn -0.0866 -0.9574 -0.2753
vn -0.1550 -0.7022 -0.6949
vn -0.0801 -0.9163 -0.3923
vn -0.0138 -0.9998 -0.0130
vn 0.0513 -0.9987 -0.0026
vn -0.0422 -0.9986 -0.0317
vn 0.0130 -0.9999 -0.0048
vn 0.0089 -1.0000 -0.0001
vn -0.0030 -0.9989 -0.0469
vn -0.1071 -0.9938 0.0280
vn 0.0128 -0.9999 0.0101
vn -0.1749 -0.9520 -0.2511
vn 0.9530 0.2635 0.1494
vn 0.8975 0.4077 0.1681
vn 0.9538 0.2018 0.2223
vn 0.9594 0.1938 0.2051
vn 0.3825 0.7392 0.5543
vn 0.1652 0.6915 0.7032
vn 0.2818 0.5596 0.7794
vn 0.1088 0.7552 0.6464
vn 0.2606 0.6291 -0.7324
vn 0.1361 0.3925 -0.9096
vn 0.0361 0.2937 -0.9552
vn -0.0885 0.5082 -0.8567
vn 0.0799 0.9957 0.0469
vn -0.3820 0.8749 0.2976
vn 0.0989 0.5359 -0.8385
vn 0.0258 0.6049 -0.7958
vn 0.0012 0.8494 -0.5278
vn 0.2998 0.8282 -0.4736
vn -0.0107 0.7492 -0.6622
vn -0.0037 0.7304 -0.6830
vn 0.1803 0.5466 -0.8177
vn 0.1316 0.7572 -0.6398
vn 0.0560 0.9443 -0.3243
vn 0.2187 0.7775 -0.5896
vn 0.0059 0.7133 -0.7008
vn 0.2477 0.8427 -0.4780
vn 0.0461 0.9273 -0.3715
vn 0.0551 0.9795 0.1936
vn -0.0711 0.8977 -0.4349
vn 0.0778 0.9147 -0.3967
vn -0.1340 0.8653 -0.4830
vn -0.1684 0.9850 -0.0364
vn 0.0194 0.9818 -0.1891
vn -0.8426 0.4315 -0.3222
vn -0.8703 0.4769 -0.1231
vn -0.7836 0.6056 -0.1388
vn -0.3587 0.9077 0.2176
vn -0.8084 0.5847 -0.0677
vn -0.4652 0.8775 0.1164
vn 0.1814 0.9830 0.0292
vn 0.5659 0.7265 0.3899
vn 0.5071 0.8488 0.1498
vn 0.7232 0.6497 0.2341
vn 0.0714 -0.8120 0.5793
vn 0.3441 0.9381 0.0402
vn 0.2443 0.9697 -0.0038
vn 0.1154 0.9932 -0.0168
vn 0.1766 0.9842 -0.0161
vn -0.7815 0.3118 -0.5405
vn -0.9334 -0.3394 -0.1167
vn 0.2784 0.9604 0.0029
vn 0.1327 0.9910 -0.0189
vn 0.1967 0.9804 -0.0095
vn -0.7026 0.6931 0.1611
vn 0.1577 0.9875 0.0055
vn 0.2792 0.9602 -0.0124
vn 0.2142 0.9753 0.0545
vn 0.2405 0.9674 -0.0793
vn 0.1153 0.9933 0.0116
vn 0.3235 0.9454 0.0393
vn 0.0907 0.9957 0.0179
vn 0.2979 0.9520 -0.0701
vn 0.1702 0.9851 -0.0247
vn 0.0460 0.9989 -0.0020
vn 0.1540 0.9683 0.1966
vn 0.2216 0.9751 0.0072
vn 0.1147 0.9886 0.0979
vn 0.3437 0.9294 0.1343
vn 0.2223 0.9732 -0.0584
vn 0.0701 0.9975 -0.0050
vn 0.2898 0.9564 -0.0358
vn 0.0646 0.9979 -0.0012
vn -0.5642 0.6268 0.5374
vn -0.0261 0.9917 0.1261
vn -0.8916 0.4428 -0.0950
vn 0.2664 0.9638 0.0136
vn 0.0596 0.9982 -0.0052
vn 0.1060 0.9944 -0.0043
vn 0.3029 0.9520 -0.0433
vn 0.0778 0.9969 0.0059
vn 0.1805 0.9836 -0.0039
vn 0.4070 0.9091 0.0890
vn 0.1619 0.9638 0.2120
vn -0.0100 0.9844 -0.1758
vn 0.1158 0.9933 -0.0024
vn 0.1723 0.9849 -0.0179
vn 0.1418 0.9869 -0.0775
vn 0.0629 0.9980 -0.0010
vn 0.2739 0.9595 -0.0662
vn 0.1407 0.9900 0.0055
vn -0.3791 0.7563 -0.5332
vn 0.2011 0.9734 -0.1095
vn 0.0684 0.9975 -0.0168
vn 0.2357 0.9694 0.0691
vn 0.2342 0.9667 0.1033
vn 0.1344 0.9907 -0.0193
vn 0.0590 0.9976 0.0364
vn 0.2470 0.9688 0.0187
vn 0.1738 0.9846 0.0189
vn 0.3430 0.9393 0.0137
vn 0.1859 0.8759 0.4453
vn -0.0110 0.9988 -0.0481
vn 0.1178 0.9930 -0.0101
vn 0.0963 0.9851 -0.1427
vn 0.1488 0.9531 0.2636
vn 0.0938 0.9190 0.3830
vn 0.1513 0.9732 0.1731
vn 0.0014 0.8987 0.4386
vn -0.1719 0.9795 -0.1055
vn 0.3503 0.9012 -0.2552
vn 0.2199 0.9748 -0.0381
vn 0.1886 0.9795 0.0703
vn -0.0316 0.9392 0.3418
vn 0.1679 0.8383 0.5187
vn -0.3800 0.9220 -0.0747
vn -0.3203 0.8979 -0.3020
vn -0.1106 0.9900 -0.0874
vn 0.0791 0.9961 0.0393
vn 0.1429 0.9883 -0.0530
vn 0.0357 0.9992 -0.0205
vn -0.0493 0.9987 0.0149
vn 0.0847 0.3835 -0.9196
vn 0.3067 0.9164 -0.2571
vn 0.0461 0.9970 -0.0616
vn 0.0537 0.9974 -0.0475
vn 0.0211 0.9988 -0.0444
vn 0.0724 0.9973 0.0099
vn 0.1068 0.9941 -0.0161
vn 0.1209 0.9927 -0.0048
vn -0.0002 1.0000 -0.0001
vn 0.0006 1.0000 0.0048
vn -0.0008 1.0000 0.0002
vn 0.0017 1.0000 -0.0000
vn 0.0016 1.0000 0.0003
vn 0.0618 0.9981 -0.0074
vn 0.0018 1.0000 -0.0002
vn 0.0007 1.0000 0.0002
vn 0.0221 0.9998 0.0008
vn 0.1548 0.9871 0.0405
vn -0.0053 0.9995 0.0314
vn 0.0529 0.9985 -0.0117
vn 0.0523 0.9986 -0.0066
vn 0.0514 0.9892 0.1376
vn 0.0016 1.0000 -0.0000
vn -0.0031 1.0000 -0.0004
vn 0.0222 0.9998 0.0023
vn 0.0044 1.0000 -0.0074
vn 0.0013 1.0000 -0.0005
vn -0.0001 1.0000 -0.0019
vn 0.0065 1.0000 -0.0047
vn 0.0027 1.0000 -0.0007
vn -0.0000 1.0000 -0.0016
vn 0.0001 1.0000 0.0003
vn -0.0016 1.0000 0.0019
vn 0.0005 1.0000 0.0001
vn -0.0101 0.9999 0.0057
vn -0.0002 1.0000 -0.0000
vn 0.0084 1.0000 0.0036
vn -0.0003 1.0000 -0.0006
vn 0.0856 0.9933 0.0776
vn 0.0345 0.9993 -0.0109
vn 0.0644 0.9979 0.0094
vn 0.0126 0.9999 -0.0034
vn 0.0026 1.0000 -0.0082
vn 0.0011 1.0000 0.0001
vn 0.0008 1.0000 0.0003
vn 0.2709 0.9623 0.0221
vn 0.0427 0.9990 -0.0112
vn 0.0358 0.9994 -0.0026
vn 0.0855 0.9963 0.0067
vn 0.0842 0.9963 -0.0147
vn 0.0891 0.9956 -0.0278
vn 0.0614 0.9981 0.0014
vn 0.1255 0.9915 -0.0336
vn 0.0786 0.9969 -0.0022
vn 0.0003 1.0000 0.0008
vn 0.0047 1.0000 0.0004
vn -0.0228 0.9996 0.0190
vn 0.0018 1.0000 -0.0004
vn 0.0006 1.0000 -0.0006
vn 0.2095 0.9721 0.1050
vn -0.2640 0.9633 0.0486
vn 0.1004 0.9934 -0.0555
vn 0.0535 0.9036 -0.4249
vn 0.0422 0.9275 -0.3715
vn 0.0149 0.9309 -0.3649
vn 0.1405 0.9806 -0.1369
vn 0.1361 0.9843 0.1126
vn 0.2181 0.9758 0.0180
vn 0.0577 0.9679 0.2448
vn 0.3231 0.9434 0.0748
vn 0.0068 0.9942 0.1074
vn -0.0261 0.9865 0.1619
vn 0.1054 0.9942 0.0187
vn 0.1077 0.9417 0.3187
vn 0.0438 0.9984 0.0367
vn 0.0125 0.8859 0.4637
vn -0.0309 0.9657 0.2579
vn 0.0747 0.9494 0.3052
vn 0.0953 0.8278 0.5529
vn 0.0939 0.9734 -0.2088
vn -0.2186 0.9091 0.3547
vn 0.0711 0.4459 0.8923
vn 0.0098 0.9409 -0.3387
vn -0.0370 0.9848 -0.1697
vn 0.1183 0.9922 -0.0394
vn 0.0425 0.9986 -0.0329
vn 0.1164 0.9927 0.0304
vn -0.0011 1.0000 -0.0055
vn 0.0213 0.9947 -0.1001
vn -0.0383 0.9987 -0.0329
vn -0.2944 0.9166 -0.2707
vn -0.0000 1.0000 -0.0001
vn 0.0010 1.0000 -0.0003
vn 0.0023 1.0000 -0.0000
vn -0.0003 1.0000 0.0001
vn -0.0011 1.0000 -0.0002
vn 0.0003 1.0000 0.0001
vn -0.0000 1.0000 0.0001
vn 0.0004 1.0000 -0.0001
vn 0.0004 1.0000 0.0005
vn 0.0002 1.0000 -0.0001
vn 0.0004 1.0000 0.0007
vn 0.0071 1.0000 -0.0008
vn 0.0774 0.9873 0.1388
vn -0.1675 0.8793 0.4459
vn -0.0713 0.9895 0.1256
vn -0.0264 0.9628 0.2688
vn -0.0154 0.9607 0.2773
vn -0.0342 0.9693 0.2436
vn 0.0075 0.9999 0.0076
vn 0.6100 0.4585 -0.6463
vn 0.3376 0.8439 0.4169
vn 0.1056 0.9833 -0.1485
vn -0.0018 0.8918 0.4525
vn -0.0312 0.9974 -0.0647
vn -0.0003 1.0000 -0.0000
vn -0.0004 1.0000 -0.0001
vn -0.0004 1.0000 0.0001
vn -0.0008 1.0000 -0.0002
vn -0.0001 1.0000 0.0001
vn -0.0002 1.0000 0.0002
vn 0.0002 1.0000 0.0002
vn -0.0005 1.0000 0.0001
vn -0.0007 1.0000 0.0002
vn -0.0001 1.0000 -0.0003
vn -0.0004 1.0000 0.0020
vn -0.0004 1.0000 0.0025
vn 0.0005 1.0000 0.0006
vn -0.0003 1.0000 -0.0007
vn 0.0007 1.0000 0.0004
vn -0.0318 0.9990 0.0302
vn -0.0216 0.9995 0.0220
vn 0.0335 0.9707 0.2379
vn -0.0390 0.9978 -0.0532
vn 0.0246 0.9866 0.1611
vn -0.0070 0.9780 0.2087
vn 0.0521 0.9967 -0.0615
vn -0.1895 0.8789 0.4378
vn -0.0482 0.9934 -0.1042
vn -0.0004 0.9935 -0.1141
vn -0.0028 0.9980 -0.0626
vn -0.0000 1.0000 -0.0003
vn 0.0002 1.0000 -0.0000
vn 0.0004 1.0000 -0.0003
vn 0.0003 1.0000 -0.0001
vn 0.0006 1.0000 0.0002
vn -0.0003 1.0000 0.0002
vn -0.0002 1.0000 -0.0006
vn -0.0002 1.0000 0.0001
vn 0.0004 1.0000 -0.0005
vn -0.0001 1.0000 -0.0005
vn 0.0809 0.9919 0.0979
vn -0.0065 0.9999 0.0084
vn 0.1318 0.9749 0.1796
vn -0.3901 0.8935 -0.2222
vn 0.0037 0.9955 0.0942
vn -0.0016 0.9999 0.0170
vn 0.0784 0.8824 0.4639
vn 0.0348 0.9943 0.1009
vn 0.0053 0.9920 0.1259
vn 0.7347 0.6592 -0.1599
vn -0.0187 0.3546 -0.9348
vn 0.0526 0.9864 -0.1559
vn 0.0589 0.9687 -0.2410
vn -0.0062 1.0000 0.0072
vn 0.0010 1.0000 -0.0014
vn 0.0006 1.0000 -0.0011
vn -0.0001 1.0000 -0.0001
vn 0.0001 1.0000 -0.0001
vn 0.0001 1.0000 -0.0006
vn -0.0005 1.0000 -0.0002
vn -0.0347 0.9989 0.0322
vn 0.0038 1.0000 0.0023
vn 0.0211 0.9872 0.1580
vn 0.6094 0.7085 0.3560
vn 0.1138 0.9373 -0.3295
vn -0.0182 0.9939 -0.1090
vn -0.0440 0.9927 -0.1123
vn 0.1115 0.9935 0.0229
vn -0.0204 0.9997 -0.0092
vn 0.0054 0.9981 0.0617
vn -0.0005 1.0000 0.0059
vn -0.0003 1.0000 0.0037
vn 0.0102 0.9999 0.0054
vn 0.1352 0.4113 0.9014
vn -0.0367 0.9740 0.2235
vn -0.0428 0.1643 0.9855
vn 0.0321 0.0704 -0.9970
vn -0.2893 0.5147 -0.8071
vn -0.0141 0.8291 -0.5589
vn 0.0001 1.0000 -0.0005
vn -0.0002 1.0000 -0.0004
vn -0.0000 1.0000 -0.0005
vn -0.0001 1.0000 -0.0002
vn -0.0001 1.0000 -0.0010
vn 0.0001 1.0000 0.0001
vn 0.0001 1.0000 -0.0002
vn 0.0116 0.9999 0.0031
vn 0.0167 0.9988 0.0470
vn 0.0913 0.9909 0.0985
vn 0.1867 0.9663 0.1774
vn -0.2555 0.9295 0.2660
vn -0.1573 0.9863 0.0486
vn 0.1500 0.7596 -0.6329
vn 0.0205 0.8981 -0.4394
vn 0.0257 0.8578 -0.5134
vn 0.0844 0.9423 -0.3238
vn 0.0169 0.9989 -0.0431
vn -0.0001 1.0000 0.0002
vn 0.0001 1.0000 -0.0003
vn -0.0000 1.0000 -0.0004
vn 0.0002 1.0000 -0.0002
vn 0.0002 1.0000 0.0004
vn -0.0002 1.0000 -0.0003
vn -0.0143 0.9998 0.0133
vn 0.0335 0.9917 0.1239
vn 0.0380 0.6875 0.7252
vn 0.1015 0.7068 0.7001
vn 0.0625 0.9954 0.0720
vn 0.1476 0.9800 -0.1333
vn -0.0007 1.0000 0.0008
vn -0.0006 1.0000 -0.0001
vn 0.0006 1.0000 -0.0002
vn -0.1327 0.9894 -0.0589
vn -0.0944 0.9902 0.1032
vn 0.0187 0.5636 0.8258
vn -0.1230 0.9850 -0.1206
vn 0.0079 1.0000 0.0044
vn -0.0006 1.0000 0.0006
vn -0.0012 1.0000 0.0005
vn 0.0008 1.0000 -0.0013
vn 0.0078 0.9999 0.0077
vn 0.0045 1.0000 0.0044
vn -0.0000 1.0000 0.0003
vn 0.0002 1.0000 -0.0008
vn -0.2028 0.9688 -0.1422
vn -0.2983 0.9021 -0.3119
vn -0.0058 0.9970 -0.0776
vn -0.0986 0.9777 0.1855
vn -0.1486 0.0255 0.9886
vn 0.0114 0.9994 -0.0312
vn 0.0004 1.0000 0.0010
vn 0.0007 1.0000 0.0008
vn -0.0047 1.0000 0.0078
vn -0.1435 0.9864 0.0805
vn 0.0482 0.9988 -0.0082
vn -0.6756 -0.7370 -0.0197
vn -0.0012 1.0000 -0.0012
vn -0.0004 1.0000 0.0002
vn -0.0537 0.8548 0.5163
vn 0.4051 0.9115 -0.0709
vn -0.2845 0.9563 -0.0671
vn 0.0007 0.9972 -0.0752
vn -0.0032 0.9999 0.0104
vn 0.0002 1.0000 0.0006
vn -0.0009 1.0000 0.0026
vn -0.0042 1.0000 0.0010
vn -0.0086 0.9999 -0.0081
vn 0.0174 0.9973 0.0712
vn -0.0648 0.8809 0.4688
vn 0.1330 0.8707 0.4734
vn 0.0011 0.9959 0.0901
vn -0.0916 0.1787 0.9796
vn 0.0073 0.9973 -0.0737
vn -0.0009 1.0000 -0.0007
vn -0.0002 1.0000 -0.0005
vn 0.0002 1.0000 0.0003
vn 0.0086 1.0000 0.0030
vn -0.0668 0.9575 0.2807
vn -0.0869 0.9914 0.0974
vn -0.0685 0.3465 0.9355
vn -0.0397 -0.3182 0.9472
vn 0.0656 0.9593 0.2748
vn 0.1842 0.9803 0.0713
vn 0.1524 0.9807 -0.1225
vn 0.0112 0.9968 -0.0785
vn 0.0001 1.0000 0.0007
vn -0.0061 0.9863 0.1651
vn 0.0039 0.9925 0.1222
vn -0.0485 0.7158 0.6967
vn -0.0868 0.9954 0.0400
vn -0.0191 0.8963 -0.4430
vn 0.0006 1.0000 -0.0003
vn -0.0005 1.0000 -0.0003
vn -0.0706 0.9954 0.0650
vn -0.1135 0.9935 0.0126
vn -0.0650 0.9977 -0.0166
vn 0.0279 0.9962 0.0825
vn 0.0658 0.8136 0.5777
vn -0.0292 0.9614 0.2736
vn 0.0187 0.9990 -0.0396
vn 0.0324 0.9673 0.2515
vn 0.0019 1.0000 -0.0042
vn 0.0040 0.9980 0.0637
vn -0.0428 0.9233 0.3816
vn 0.1037 0.9345 0.3405
vn -0.0015 1.0000 -0.0035
vn -0.0258 0.9989 -0.0395
vn 0.0630 0.9051 -0.4204
vn 0.3302 0.8244 -0.4597
vn -0.0258 0.9979 -0.0589
vn -0.0315 0.9938 0.1062
vn -0.0204 0.9998 -0.0000
vn -0.0053 0.9998 -0.0193
vn -0.0048 1.0000 -0.0035
vn -0.0007 1.0000 -0.0032
vn 0.0011 1.0000 -0.0007
vn -0.0000 1.0000 0.0012
vn 0.0005 1.0000 0.0009
vn 0.0008 1.0000 0.0014
vn -0.0003 1.0000 0.0041
vn 0.0103 0.9878 0.1554
vn 0.1378 0.9904 -0.0091
vn -0.0702 0.9527 -0.2958
vn -0.1735 0.9622 -0.2097
vn 0.0694 0.9949 0.0733
vn -0.5613 0.7622 -0.3225
vn 0.0386 0.9965 0.0742
vn 0.0094 0.8751 0.4838
vn -0.0830 0.9953 -0.0505
vn -0.0121 0.9999 0.0072
vn -0.0496 0.9957 0.0783
vn 0.0153 0.9978 -0.0639
vn 0.0475 0.9923 -0.1147
vn 0.0736 0.9352 -0.3465
vn 0.3635 0.6236 0.6921
vn 0.3137 0.5710 0.7586
vn 0.3173 0.5723 0.7562
vn 0.0003 0.9999 -0.0101
vn -0.0562 0.9981 -0.0261
vn 0.0003 1.0000 -0.0002
vn -0.0006 1.0000 0.0004
vn -0.0007 1.0000 -0.0004
vn 0.0697 0.9925 0.1002
vn 0.0282 0.9677 -0.2504
vn -0.0923 0.9946 -0.0470
vn 0.0013 0.9937 -0.1118
vn 0.0045 1.0000 -0.0029
vn 0.0001 1.0000 0.0013
vn 0.0013 1.0000 -0.0008
vn 0.0004 1.0000 0.0003
vn 0.0036 1.0000 -0.0001
vn 0.1441 0.9888 0.0382
vn 0.0505 0.9982 0.0313
vn 0.0032 1.0000 0.0069
vn 0.4205 0.9012 -0.1048
vn 0.0788 0.9873 -0.1377
vn 0.0005 1.0000 0.0002
vn 0.0004 1.0000 -0.0002
vn -0.0013 1.0000 -0.0008
vn 0.0020 0.9999 0.0099
vn 0.0008 1.0000 0.0022
vn 0.0053 0.9994 0.0347
vn 0.0024 1.0000 0.0069
vn -0.0076 0.9987 0.0500
vn 0.3124 0.2871 0.9055
vn 0.3057 0.3139 0.8989
vn 0.3456 0.3757 0.8599
vn 0.0452 0.9855 -0.1633
vn 0.1135 0.9736 0.1983
vn 0.2075 0.9706 0.1218
vn 0.0274 0.9996 -0.0036
vn 0.0791 0.9968 -0.0116
vn 0.0571 0.9980 0.0258
vn 0.4358 0.8138 0.3844
vn 0.2994 0.8772 0.3754
vn 0.4000 0.8971 0.1879
vn 0.4260 0.8849 0.1881
vn 0.4728 0.8291 0.2984
vn 0.0015 1.0000 0.0006
vn 0.1049 0.9943 -0.0205
vn -0.2526 0.9625 -0.0991
vn -0.5263 0.8345 -0.1633
vn 0.0032 1.0000 0.0013
vn 0.0554 0.9984 -0.0099
vn 0.0069 1.0000 -0.0062
vn 0.0001 1.0000 0.0002
vn -0.0005 1.0000 -0.0000
vn -0.0000 1.0000 0.0002
vn -0.0003 1.0000 0.0013
vn 0.0017 0.9963 0.0857
vn -0.0935 0.9022 0.4211
vn -0.3540 0.9197 -0.1699
vn -0.3599 0.9120 -0.1968
vn -0.3586 0.9153 -0.1835
vn -0.2459 0.9104 -0.3328
vn -0.0616 0.9922 0.1081
vn 0.5280 0.3938 -0.7525
vn -0.0004 1.0000 0.0006
vn -0.0001 1.0000 0.0003
vn 0.0003 1.0000 0.0004
vn -0.0041 1.0000 0.0020
vn 0.6071 0.7869 -0.1103
vn -0.0010 1.0000 0.0028
vn -0.0045 0.9996 0.0281
vn 0.0011 0.9996 0.0272
vn 0.0100 0.9426 0.3338
vn 0.0939 0.9591 0.2669
vn -0.1159 0.8644 0.4892
vn -0.0521 0.9417 0.3324
vn -0.0980 0.9887 -0.1134
vn -0.1388 0.8216 -0.5529
vn 0.0948 0.9947 -0.0409
vn 0.0418 0.9989 -0.0218
vn 0.0004 1.0000 -0.0008
vn 0.0003 1.0000 -0.0007
vn 0.0002 1.0000 -0.0018
vn 0.0006 1.0000 -0.0000
vn 0.0005 1.0000 -0.0002
vn 0.0004 1.0000 0.0004
vn 0.0005 1.0000 0.0003
vn -0.0004 1.0000 -0.0000
vn -0.0000 1.0000 0.0004
vn -0.0168 0.9998 0.0041
vn 0.0005 1.0000 0.0008
vn 0.0008 1.0000 -0.0001
vn 0.0186 0.9982 0.0575
vn 0.0179 0.9991 0.0385
vn 0.0089 0.9999 0.0075
vn 0.0003 1.0000 -0.0003
vn 0.0006 1.0000 -0.0004
vn 0.0005 1.0000 -0.0003
vn 0.0005 1.0000 -0.0004
vn 0.0006 1.0000 -0.0001
vn -0.0004 1.0000 -0.0004
vn 0.0008 1.0000 -0.0020
vn -0.0013 1.0000 -0.0000
vn -0.0004 1.0000 -0.0002
vn 0.0017 1.0000 0.0003
vn -0.0011 1.0000 -0.0008
vn -0.0014 1.0000 0.0008
vn 0.0001 1.0000 0.0009
vn -0.0008 1.0000 0.0009
vn -0.0011 1.0000 -0.0005
vn 0.0009 1.0000 0.0019
vn 0.0004 1.0000 -0.0000
vn 0.0005 1.0000 -0.0001
vn 0.0006 1.0000 0.0008
vn 0.0007 1.0000 -0.0000
vn 0.0004 1.0000 0.0001
vn -0.0010 1.0000 -0.0003
vn -0.0008 1.0000 0.0007
vn -0.0003 1.0000 -0.0001
vn -0.0002 1.0000 -0.0002
vn 0.0012 1.0000 0.0014
vn -0.0025 1.0000 -0.0007
vn -0.0016 1.0000 -0.0011
vn 0.0001 1.0000 0.0010
vn 0.0041 1.0000 0.0032
vn 0.0049 0.9974 -0.0717
vn 0.0156 0.9993 -0.0342
vn 0.0204 0.9998 0.0026
vn -0.0325 0.9946 0.0981
vn -0.0007 1.0000 0.0039
vn -0.1212 0.9671 0.2238
vn 0.0039 0.9883 0.1523
vn 0.0305 0.9897 -0.1400
vn 0.6413 0.5591 -0.5254
vn -0.0944 0.9202 0.3799
vn 0.2722 0.8539 0.4436
vn -0.1974 0.8916 0.4074
vn -0.0935 0.8906 0.4450
vn -0.0641 0.9979 0.0004
vn -0.0139 0.9999 0.0047
vn -0.0296 0.9995 0.0141
vn -0.0240 0.9997 -0.0061
vn -0.0017 1.0000 0.0001
vn -0.0014 1.0000 -0.0001
vn -0.0000 1.0000 -0.0010
vn -0.0016 1.0000 -0.0001
vn -0.0008 1.0000 -0.0000
vn -0.0013 1.0000 -0.0001
vn -0.0012 1.0000 -0.0001
vn -0.0017 1.0000 0.0025
vn 0.0049 0.9999 -0.0123
vn 0.0018 1.0000 0.0036
vn 0.0002 1.0000 0.0007
vn -0.1562 0.9875 -0.0220
vn -0.2587 0.9659 -0.0126
vn -0.0145 0.9999 0.0056
vn 0.0049 0.9999 -0.0096
vn -0.0060 1.0000 0.0030
vn -0.0119 0.9998 -0.0137
vn -0.0017 1.0000 -0.0003
vn -0.0008 1.0000 -0.0001
vn 0.0045 1.0000 -0.0041
vn -0.0647 0.9971 -0.0399
vn -0.0066 1.0000 -0.0019
vn -0.0010 1.0000 -0.0005
vn 0.0091 1.0000 0.0028
vn -0.0158 0.9999 0.0024
vn -0.0200 0.9990 0.0390
vn -0.0008 0.9994 0.0353
vn -0.0023 0.9997 0.0239
vn 0.0074 0.9993 0.0376
vn 0.0634 0.9733 0.2206
vn 0.3399 0.9199 0.1955
vn 0.0262 0.9985 -0.0476
vn -0.1658 0.9851 0.0468
vn -0.1126 0.9931 -0.0312
vn -0.1452 0.9688 0.2007
vn -0.2602 0.8279 0.4969
vn -0.4426 0.8954 -0.0485
vn -0.7228 0.6903 -0.0332
vn -0.0649 0.9938 0.0908
vn -0.5067 0.8484 -0.1532
vn -0.2280 0.9356 -0.2696
vn -0.5964 0.7787 -0.1945
vn -0.2291 0.9728 -0.0334
vn -0.0819 0.9966 0.0122
vn -0.3963 0.9126 -0.1007
vn 0.0194 0.9997 -0.0123
vn -0.6061 0.7953 -0.0051
vn -0.5179 0.6450 0.5619
vn 0.1260 0.9920 -0.0039
vn -0.1164 0.9932 0.0064
vn -0.0987 0.9951 0.0109
vn -0.2174 0.9754 -0.0372
vn -0.0956 0.9844 0.1476
vn -0.4564 0.8657 -0.2057
vn -0.2024 0.9792 -0.0128
vn -0.2657 0.9548 0.1329
vn 0.0944 0.9905 -0.1001
vn -0.0146 0.9965 0.0828
vn -0.0448 0.9946 -0.0934
vn 0.0146 0.9699 0.2432
vn -0.1188 0.9907 0.0665
vn -0.5571 0.8226 0.1133
vn -0.4504 0.8152 0.3642
vn -0.3197 0.9385 0.1302
vn -0.6649 0.7468 0.0170
vn 0.0485 0.9984 -0.0278
vn -0.0385 0.9988 -0.0295
vn -0.1257 0.9855 -0.1136
vn 0.1478 0.9843 -0.0963
vn -0.2084 0.9650 -0.1593
vn -0.0011 1.0000 -0.0000
vn -0.0077 0.9998 -0.0171
vn -0.1140 0.9935 0.0012
vn -0.1495 0.9887 0.0140
vn 0.1856 0.9808 -0.0604
vn -0.1383 0.9876 0.0743
vn -0.2461 0.9426 0.2256
vn -0.0887 0.9140 0.3958
vn -0.0219 0.9943 0.1044
vn -0.1736 0.9761 0.1308
vn 0.0089 0.9990 0.0441
vn -0.3195 0.9469 0.0361
vn 0.0012 0.9995 -0.0302
vn -0.1561 0.9838 0.0885
vn 0.0065 0.9758 -0.2186
vn -0.0779 0.9696 0.2319
vn -0.1940 0.9804 -0.0327
vn -0.1308 0.9858 0.1056
vn -0.0228 0.9997 0.0059
vn -0.0229 0.9997 -0.0001
vn -0.2080 0.9781 -0.0047
vn -0.0566 0.9378 0.3425
vn -0.0960 0.9951 -0.0257
vn -0.1180 0.9929 -0.0143
vn -0.1656 0.9862 -0.0037
vn -0.1961 0.9758 0.0968
vn -0.4730 0.8651 -0.1669
vn -0.3339 0.9417 0.0425
vn -0.0809 0.9964 0.0237
vn -0.1983 0.9801 -0.0121
vn 0.0828 0.9962 0.0278
vn -0.1579 0.9866 -0.0403
vn -0.1254 0.9920 -0.0110
vn 0.4828 0.7141 0.5070
vn 0.3839 0.8931 -0.2343
vn -0.3845 0.9231 0.0027
vn -0.2888 0.9132 0.2874
vn 0.3586 0.8904 0.2804
vn -0.1651 0.8760 0.4533
vn -0.4042 0.9142 -0.0305
vn -0.2285 0.9734 0.0148
vn -0.5877 0.8002 -0.1197
vn -0.3560 0.9328 0.0564
vn 0.0582 0.9981 0.0195
vn -0.1535 0.9880 0.0150
vn -0.3047 0.9523 0.0173
vn -0.0222 0.9996 0.0166
vn -0.3256 0.9451 0.0277
vn 0.3431 0.9362 -0.0761
vn 0.3055 0.9519 0.0227
vn 0.2163 0.9763 0.0008
vn -0.2035 0.9791 0.0020
vn 0.7665 0.6422 -0.0054
vn 0.2811 0.9391 -0.1976
vn 0.0296 0.9994 0.0206
vn -0.2872 0.9555 0.0676
vn -0.0087 0.9999 0.0066
vn -0.0135 0.9998 0.0130
vn -0.0595 0.9982 0.0044
vn -0.0312 0.9989 -0.0348
vn -0.3787 0.9156 -0.1351
vn -0.0082 0.9998 0.0189
vn -0.0660 0.9978 -0.0111
vn -0.3043 0.9478 -0.0950
vn -0.0484 0.9988 0.0123
vn -0.1687 0.9571 -0.2356
vn 0.1327 0.9681 -0.2125
vn -0.9740 -0.0582 0.2190
vn -0.0876 0.9961 0.0109
vn 0.1020 0.9892 0.1051
vn 0.1727 0.9772 -0.1235
vn 0.0354 0.9948 -0.0952
vn 0.0799 0.9932 -0.0852
vn -0.0355 0.9977 -0.0585
vn 0.5713 0.7857 -0.2371
vn -0.0748 0.9971 0.0163
vn -0.0524 0.9854 0.1623
vn -0.0619 0.9979 -0.0190
vn -0.4753 0.8439 0.2490
vn 0.0394 0.9992 -0.0074
vn -0.4746 0.7605 0.4432
vn -0.0077 0.9908 0.1352
vn 0.0082 0.9884 0.1519
vn 0.2171 0.9446 0.2463
vn 0.7034 0.7016 0.1144
vn -0.1716 0.9120 0.3725
vn -0.4738 0.8777 0.0710
vn -0.5931 0.7099 0.3799
vn 0.2040 0.8807 0.4274
vn -0.3537 0.8267 -0.4375
vn 0.1521 0.9498 -0.2735
vn 0.1252 0.9910 -0.0471
vn -0.4318 0.8982 0.0827
vn 0.4675 0.8671 -0.1720
vn 0.1849 0.9620 0.2008
vn 0.0309 0.9991 -0.0293
vn -0.4039 0.9128 -0.0608
vn -0.1076 0.9899 -0.0919
vn -0.1933 0.9100 -0.3668
vn 0.1976 0.9793 -0.0435
vn -0.4058 0.8880 0.2163
vn -0.2884 0.9350 -0.2062
vn -0.0345 0.9895 -0.1406
vn 0.0754 0.9888 0.1288
vn 0.0015 1.0000 0.0004
vn -0.0312 0.9992 -0.0250
vn -0.5149 0.8493 -0.1164
vn 0.0596 0.9957 0.0704
vn 0.1073 0.9915 -0.0736
vn -0.0265 0.9996 0.0055
vn 0.0300 0.9995 0.0016
vn 0.0448 0.9990 -0.0072
vn -0.0581 0.9967 -0.0559
vn -0.0410 0.9991 0.0121
vn 0.0443 0.9980 0.0445
vn -0.4247 0.9014 0.0846
vn -0.2415 0.9664 0.0876
vn -0.0042 0.9955 0.0949
vn -0.1851 0.9726 0.1408
vn -0.2140 0.9639 0.1582
vn -0.9018 0.4243 -0.0817
vn -0.6085 0.7892 0.0826
vn -0.3645 0.8810 0.3015
vn 0.1254 0.9666 -0.2237
vn -0.3446 0.7462 0.5697
vn -0.8034 0.3588 0.4752
vn -0.6041 0.7864 -0.1289
vn -0.9147 0.4036 -0.0218
vn -0.4995 0.2289 -0.8355
vn 0.0961 0.3555 -0.9297
vn 0.0025 0.1976 -0.9803
vn 0.4922 0.8527 -0.1750
vn 0.4185 0.9081 0.0128
vn 0.5369 0.8435 -0.0164
vn 0.9166 0.2998 0.2644
vn -0.3003 0.9422 -0.1488
vn -0.4995 0.8616 -0.0909
vn 0.3529 0.9356 0.0129
vn 0.4562 0.8892 0.0341
vn 0.3951 0.8285 -0.3969
vn 0.4904 0.8713 0.0178
vn 0.4526 0.8912 0.0317
vn 0.4745 0.8798 -0.0274
vn 0.6241 0.4680 -0.6257
vn 0.4236 0.9031 -0.0707
vn 0.7868 0.5485 -0.2831
vn 0.7640 0.6304 -0.1374
vn -0.5834 0.1850 0.7908
vn -0.9310 0.1584 0.3288
vn -0.5648 0.8252 -0.0039
vn -0.1017 0.6014 0.7925
vn 0.4489 0.8918 -0.0560
vn 0.4880 0.5290 -0.6943
vn -0.4482 0.7633 0.4653
vn -0.2273 0.7304 -0.6441
vn 0.1942 0.9650 0.1764
vn 0.1425 0.7141 -0.6854
vn 0.0062 0.9998 -0.0171
vn -0.0958 0.9952 0.0205
vn -0.1253 0.9890 -0.0783
vn -0.0183 0.9986 -0.0504
vn -0.1479 0.9712 -0.1868
vn 0.0063 0.9962 -0.0872
vn -0.1719 0.9737 -0.1494
vn -0.1718 0.9768 0.1279
vn -0.0265 0.9983 0.0524
vn 0.1593 0.9872 0.0126
vn -0.0489 0.9936 0.1017
vn 0.0209 0.8452 0.5340
vn -0.0137 0.9979 0.0634
vn -0.1335 0.9895 0.0555
vn 0.0407 0.9988 0.0269
vn 0.1649 0.9855 0.0390
vn 0.0126 0.9918 -0.1270
vn -0.1016 0.8887 0.4471
vn -0.0818 0.9775 0.1946
vn -0.2975 0.9336 0.1995
vn 0.6339 0.7670 0.0994
vn 0.0238 0.9781 0.2067
vn 0.4928 0.8701 0.0113
vn -0.0710 0.9882 -0.1360
vn -0.0515 0.5891 0.8064
vn 0.1037 0.9910 -0.0844
vn -0.6234 0.7273 -0.2869
vn -0.1791 0.7547 0.6312
vn -0.5644 0.6142 -0.5515
vn -0.0311 0.4210 -0.9065
vn 0.2781 0.5539 -0.7848
vn 0.4493 0.6120 -0.6509
vn -0.4274 0.2475 -0.8695
vn 0.4062 0.6014 -0.6879
vn 0.2333 0.5172 -0.8235
vn 0.8033 0.5904 0.0783
vn 0.6693 0.4709 0.5748
vn 0.8029 0.2802 -0.5261
vn -0.7632 -0.4828 0.4295
vn -0.8839 -0.4544 -0.1109
vn -0.8169 -0.5763 0.0248
vn -0.9123 -0.0167 -0.4093
vn -0.9683 -0.2475 -0.0344
vn -0.9277 -0.1841 -0.3247
vn -0.0215 0.9687 -0.2475
vn -0.1692 0.9856 0.0024
vn -0.8098 0.3392 -0.4787
vn -0.7091 0.7050 -0.0157
vn 0.9045 0.2111 0.3706
vn 0.6868 -0.1893 0.7018
vn -0.5678 0.1807 0.8031
vn 0.7605 -0.1630 0.6285
vn 0.6766 0.7347 -0.0491
vn 0.0042 0.9958 -0.0911
vn 0.7686 0.5820 -0.2655
vn 0.5729 0.3094 -0.7590
vn 0.4862 0.4810 -0.7296
vn 0.0788 -0.0274 0.9965
vn -0.1205 -0.0983 0.9878
vn -0.1106 -0.0940 0.9894
vn 0.4895 -0.7925 -0.3638
vn 0.4151 -0.9097 0.0071
vn 0.2493 -0.9626 -0.1057
vn 0.5089 -0.8353 0.2082
vn 0.4291 -0.8989 0.0883
vn 0.4122 -0.8835 -0.2223
vn 0.2799 0.0323 -0.9595
vn 0.1681 -0.2072 -0.9637
vn 0.2432 -0.1799 -0.9531
vn 0.1225 -0.9900 -0.0705
vn 0.1838 -0.9823 -0.0353
vn 0.0897 -0.9960 0.0008
vn 0.1545 -0.9845 -0.0825
vn -0.0034 -0.9990 0.0445
vn 0.2072 -0.9735 -0.0971
vn 0.1620 -0.9808 0.1089
vn 0.5996 -0.7584 -0.2555
vn 0.4725 -0.2024 -0.8578
vn 0.5394 -0.7468 0.3889
vn 0.8717 -0.2358 0.4297
vn 0.5635 0.3702 0.7385
vn 0.0945 -0.1313 -0.9868
vn 0.7050 0.7092 -0.0058
vn 0.6725 0.7401 -0.0059
vn 0.6972 0.7168 0.0011
vn 0.6489 0.7483 0.1380
vn 0.2461 0.0293 -0.9688
vn 0.0812 0.0410 -0.9959
vn -0.6796 0.2248 -0.6983
vn 0.3508 0.0952 -0.9316
vn 0.2705 -0.0308 -0.9622
vn 0.3585 -0.1886 -0.9143
vn 0.2190 0.1291 -0.9672
vn -0.1635 0.2454 -0.9555
vn -0.0157 0.1648 -0.9862
vn 0.2573 0.1885 -0.9478
vn 0.0450 0.2972 -0.9538
vn 0.3598 0.7962 -0.4864
vn 0.0156 0.0396 0.9991
vn -0.2656 0.2784 0.9230
vn -0.0390 -0.2143 0.9760
vn 0.2008 -0.1249 0.9716
vn 0.2060 -0.1931 0.9593
vn 0.3920 -0.1192 0.9122
vn -0.0099 0.0479 0.9988
vn 0.0729 0.0499 0.9961
vn -0.2621 0.0106 0.9650
vn 0.2879 0.6222 0.7281
vn -0.0386 -0.0473 0.9981
vn -0.0529 -0.4470 0.8930
vn 0.3910 -0.0787 0.9170
vn 0.0859 0.1369 0.9868
vn -0.1790 0.3515 0.9189
vn 0.0184 0.1437 0.9894
vn 0.1711 0.1008 0.9801
vn 0.0431 0.1049 0.9935
vn -0.0215 -0.0764 0.9968
vn -0.1821 -0.1706 0.9684
vn 0.5074 -0.1693 -0.8449
vn 0.1096 0.2366 -0.9654
vn 0.2949 0.5922 -0.7499
vn -0.6037 -0.1794 -0.7768
vn -0.2511 0.9343 0.2532
vn -0.1407 0.9886 -0.0528
vn -0.6155 0.7512 -0.2387
vn 0.0233 0.9991 0.0352
vn -0.9750 0.2023 0.0917
vn -0.8868 -0.4217 -0.1893
vn -0.9365 -0.3503 -0.0177
vn -0.8973 -0.0182 0.4410
vn 0.5264 0.7485 -0.4032
vn -0.1368 -0.0116 -0.9905
vn -0.7972 0.5487 0.2517
vn -0.0686 0.0244 -0.9973
vn -0.9827 0.0849 0.1648
vn 0.1352 0.9896 0.0485
vn 0.5675 0.5730 0.5913
vn -0.1296 0.0657 0.9894
vn -0.1013 0.0957 0.9902
vn -0.2379 0.2222 0.9455
vn -0.2674 -0.0985 0.9585
vn -0.5217 -0.2975 0.7995
vn -0.2241 0.9744 0.0198
vn 0.0591 0.0525 0.9969
vn -0.6208 0.7840 -0.0007
vn 0.9951 0.0912 -0.0372
vn 0.9117 -0.1207 0.3928
vn 0.8284 -0.2879 -0.4804
vn 0.9497 0.3130 0.0134
vn -0.5068 -0.4750 0.7194
vn 0.0898 -0.2774 0.9565
vn 0.0695 -0.5040 0.8609
vn 0.3038 -0.9176 -0.2565
vn 0.4485 -0.8934 -0.0277
vn 0.6074 -0.7943 -0.0140
vn 0.8240 -0.5153 -0.2355
vn 0.8911 -0.4270 -0.1537
vn 0.7601 -0.6461 -0.0696
vn 0.8472 -0.5065 -0.1605
vn 0.9139 -0.4058 0.0110
vn 0.6941 -0.6653 -0.2751
vn 0.2216 -0.9004 -0.3743
vn -0.2606 -0.7617 -0.5932
vn 0.6968 -0.6045 -0.3861
vn 0.6996 0.4930 0.5172
vn 0.6753 0.7325 -0.0861
vn 0.9307 0.3368 -0.1429
vn 0.0049 0.0139 0.9999
vn -0.0401 -0.0055 0.9992
vn 0.1015 -0.2233 0.9695
vn 0.1871 -0.3378 0.9225
vn 0.1098 -0.9335 0.3412
vn 0.6420 0.7662 -0.0287
vn 0.7652 0.5656 0.3075
vn 0.4121 0.9111 -0.0092
vn 0.6822 0.5455 -0.4869
vn -0.0004 -0.1677 -0.9858
vn -0.0918 -0.2974 -0.9503
vn -0.4084 -0.8715 -0.2714
vn 0.4444 0.1736 -0.8789
vn -0.2758 -0.0917 -0.9568
vn 0.1121 0.3805 -0.9180
vn 0.2745 -0.0100 -0.9615
vn -0.5763 0.5967 -0.5584
vn 0.3707 -0.0739 -0.9258
vn -0.0276 -0.1870 -0.9820
vn -0.0172 -0.0729 -0.9972
vn 0.0323 0.0718 -0.9969
vn 0.1383 0.2597 -0.9557
vn 0.0848 -0.1005 -0.9913
vn -0.4337 -0.3001 -0.8496
vn 0.4958 -0.1805 -0.8495
vn 0.0023 -0.0680 -0.9977
vn -0.0235 -0.2072 -0.9780
vn -0.0329 -0.1789 -0.9833
vn 0.0398 -0.2761 -0.9603
vn -0.0980 0.1484 -0.9841
vn 0.0829 -0.6710 -0.7368
vn -0.4996 0.0098 0.8662
vn 0.5716 0.1941 0.7973
vn -0.2073 0.1634 0.9645
vn -0.0463 0.0134 0.9988
vn -0.0340 0.0941 0.9950
vn 0.1461 -0.0118 0.9892
vn 0.0283 -0.1697 0.9851
vn 0.0082 0.0655 0.9978
vn -0.0665 0.2357 0.9695
vn 0.0548 0.1980 0.9787
vn 0.1819 0.5400 0.8218
vn 0.0150 0.1498 0.9886
vn 0.1209 -0.0375 0.9920
vn 0.3919 0.3593 0.8469
vn 0.6426 0.2731 0.7159
vn 0.0229 0.0496 -0.9985
vn 0.1759 -0.2779 -0.9444
vn 0.0612 -0.3438 -0.9370
vn -0.1331 0.0450 -0.9901
vn -0.2731 -0.6872 -0.6732
vn -0.0327 -0.0905 -0.9954
vn 0.0518 -0.6039 -0.7954
vn -0.0540 -0.6029 -0.7960
vn -0.5126 0.7188 0.4696
vn 0.0132 0.9836 0.1799
vn -0.0689 0.9538 -0.2926
vn -0.6136 0.7699 -0.1753
vn -0.4853 0.7393 0.4668
vn -0.1447 0.9828 0.1146
vn -0.6765 0.6059 0.4187
vn -0.6012 0.7905 0.1169
vn -0.0204 0.0439 -0.9988
vn 0.0054 0.0103 -0.9999
vn -0.1096 -0.0353 -0.9933
vn 0.0135 0.0082 -0.9999
vn 0.5977 0.7549 0.2698
vn -0.1437 0.9853 0.0925
vn 0.4799 0.7076 0.5187
vn 0.2484 0.8305 0.4986
vn 0.1446 0.8804 -0.4517
vn 0.0014 0.8237 -0.5670
vn -0.1331 0.9908 0.0248
vn -0.3814 0.9237 -0.0360
vn -0.1501 0.9819 0.1154
vn -0.0959 0.8625 -0.4968
vn 0.0542 0.9885 0.1412
vn 0.1906 0.8846 -0.4255
vn -0.7014 0.1867 -0.6879
vn 0.5082 0.8605 -0.0360
vn -0.2337 0.9101 -0.3423
vn -0.1335 0.9426 -0.3059
vn 0.1917 0.9401 0.2819
vn -0.0453 0.9722 0.2296
vn 0.4691 0.6590 -0.5879
vn 0.1422 0.9794 -0.1432
vn 0.8741 0.2134 -0.4363
vn 0.7715 0.6240 0.1243
vn 0.9576 0.2879 -0.0140
vn -0.5185 -0.5913 -0.6177
vn 0.0072 -0.0347 -0.9994
vn -0.2097 -0.0085 -0.9777
vn -0.8059 0.0354 0.5909
vn -0.1026 -0.0860 -0.9910
vn -0.7445 -0.5741 0.3408
vn -0.5425 0.3967 -0.7405
vn -0.6261 -0.0519 0.7780
vn -0.9572 0.0557 0.2841
vn -0.0324 -0.0018 -0.9995
vn -0.0027 0.0033 -1.0000
vn 0.3241 -0.0834 -0.9423
vn 0.0281 0.0246 -0.9993
vn -0.0085 0.0098 -0.9999
vn -0.2164 0.0252 -0.9760
vn -0.0986 0.0246 -0.9948
vn -0.6542 0.4473 -0.6099
vn -0.0129 0.0180 -0.9998
vn -0.9215 0.0277 0.3874
vn -0.0242 0.0140 -0.9996
vn -0.7225 -0.0768 0.6870
vn -0.0196 -0.0095 -0.9998
vn 0.0618 -0.2311 -0.9710
vn -0.0132 -0.0303 -0.9995
vn -0.0055 0.0062 -1.0000
vn -0.0021 0.0002 -1.0000
vn 0.2449 -0.0057 -0.9695
vn -0.0117 -0.0031 -0.9999
vn -0.0061 -0.0026 -1.0000
vn -0.0030 0.0098 -0.9999
vn 0.0003 0.3697 -0.9292
vn -0.0666 0.8726 -0.4839
vn 0.0057 -0.6799 0.7333
vn -0.0200 -0.0106 -0.9997
vn -0.0018 -0.0454 -0.9990
vn -0.0051 -0.0014 -1.0000
vn 0.0079 -0.0657 -0.9978
vn 0.0039 -0.0511 -0.9987
vn -0.0014 0.0012 -1.0000
vn 0.0003 -0.0007 -1.0000
vn -0.0319 -0.0157 -0.9994
vn -0.0006 0.0001 -1.0000
vn -0.0008 0.0066 -1.0000
vn -0.0088 -0.0970 -0.9952
vn 0.0143 0.5028 -0.8643
vn -0.9143 -0.2921 -0.2806
vn -0.0317 -0.0520 -0.9981
vn 0.0339 -0.0785 -0.9963
vn -0.0200 -0.2014 -0.9793
vn 0.0347 -0.0494 -0.9982
vn -0.0335 -0.6551 -0.7548
vn -0.0139 -0.0467 -0.9988
vn -0.0211 0.3546 -0.9348
vn 0.0209 -0.0649 -0.9977
vn -0.0274 0.1375 -0.9901
vn -0.0148 -0.1687 -0.9856
vn 0.0003 -0.0046 -1.0000
vn -0.0000 -0.0001 -1.0000
vn -0.0142 -0.0712 -0.9974
vn -0.0534 0.5041 -0.8620
vn 0.0479 0.0113 -0.9988
vn -0.0393 -0.3424 -0.9387
vn 0.0003 -0.0000 -1.0000
vn -0.0002 0.0002 -1.0000
vn 0.0010 -0.0024 -1.0000
vn -0.0007 -0.0004 -1.0000
vn 0.0057 0.0439 -0.9990
vn -0.0150 0.9869 0.1606
vn -0.0000 -0.0004 -1.0000
vn 0.0813 -0.0374 -0.9960
vn -0.0665 0.9670 -0.2458
vn 0.0945 0.0507 -0.9942
vn -0.0531 -0.4077 0.9116
vn 0.3081 -0.0552 -0.9498
vn 0.0001 -0.0005 -1.0000
vn 0.0002 -0.0007 -1.0000
vn 0.0001 0.0002 -1.0000
vn -0.2318 0.6045 -0.7621
vn -0.0925 0.8621 -0.4983
vn -0.0060 0.2122 -0.9772
vn 0.0133 0.1444 -0.9894
vn 0.0634 0.8320 -0.5511
vn -0.1159 0.6394 -0.7601
vn 0.0007 0.0002 -1.0000
vn 0.0001 -0.0018 -1.0000
vn -0.0004 0.1126 -0.9936
vn -0.0208 0.6729 -0.7394
vn 0.0405 0.2766 -0.9601
vn -0.1955 0.9769 -0.0864
vn -0.0420 0.0371 -0.9984
vn -0.4596 0.6003 -0.6545
vn 0.0007 -0.0012 -1.0000
vn 0.0123 -0.1592 -0.9872
vn -0.0209 0.0068 -0.9998
vn -0.0196 0.2262 -0.9739
vn 0.0017 -0.0027 -1.0000
vn -0.0058 0.1213 -0.9926
vn -0.0624 0.9932 0.0987
vn -0.0003 -0.0010 -1.0000
vn -0.0023 -0.0021 -1.0000
vn 0.0005 -0.0000 -1.0000
vn 0.1091 0.2237 -0.9685
vn 0.0733 0.9898 0.1219
vn -0.1045 -0.8768 -0.4693
vn -0.0357 0.6426 -0.7654
vn 0.0001 -0.0000 -1.0000
vn -0.0773 0.4381 -0.8956
vn 0.0073 0.1299 -0.9915
vn -0.0214 0.2835 -0.9587
vn -0.0275 -0.5984 -0.8007
vn 0.0079 0.0051 -1.0000
vn 0.0012 -0.3061 -0.9520
vn 0.0003 -0.0003 -1.0000
vn 0.0001 -0.0001 -1.0000
vn -0.2817 0.9509 0.1283
vn 0.0993 0.8965 -0.4318
vn 0.0288 0.9978 -0.0593
vn 0.0155 0.0102 -0.9998
vn 0.0020 0.0332 -0.9994
vn -0.0885 0.9939 -0.0657
vn -0.0186 -0.9932 -0.1149
vn 0.0006 -0.0264 -0.9997
vn -0.0125 -0.0613 -0.9980
vn 0.0004 -0.0004 -1.0000
vn 0.0002 -0.0001 -1.0000
vn 0.0002 -0.0000 -1.0000
vn -0.0026 0.0055 -1.0000
vn 0.0155 0.0023 -0.9999
vn 0.2165 -0.4829 -0.8485
vn 0.1636 0.9864 0.0153
vn 0.0098 0.3155 -0.9489
vn -0.0003 0.9804 -0.1970
vn -0.0479 0.9302 0.3639
vn 0.0054 -0.0015 -1.0000
vn 0.0216 0.8113 -0.5842
vn -0.0333 0.6881 -0.7248
vn 0.0213 -0.2062 -0.9783
vn -0.0030 0.9977 -0.0683
vn -0.1175 -0.9849 0.1270
vn -0.0684 -0.0589 -0.9959
vn 0.0003 -0.0001 -1.0000
vn -0.2712 0.2076 -0.9399
vn 0.1745 -0.3264 -0.9290
vn 0.0770 -0.7787 -0.6227
vn 0.0138 0.7425 0.6697
vn 0.0112 -0.9917 0.1278
vn -0.0318 0.0040 -0.9995
vn -0.0000 -0.0008 -1.0000
vn 0.0392 0.0381 -0.9985
vn 0.0028 -0.0070 -1.0000
vn -0.0149 -0.0087 -0.9999
vn 0.0270 -0.0027 -0.9996
vn -0.0093 0.4976 -0.8673
vn 0.0113 0.0517 -0.9986
vn 0.0700 0.3933 -0.9167
vn 0.0490 -0.0022 -0.9988
vn 0.0150 -0.0006 -0.9999
vn 0.0350 0.0038 -0.9994
vn 0.0062 0.0086 -0.9999
vn 0.0205 -0.1233 0.9922
vn 0.2997 0.0241 -0.9537
vn 0.8809 -0.0776 0.4669
vn 0.6071 -0.5338 -0.5887
vn 0.4809 0.0074 -0.8767
vn 0.5648 -0.1028 -0.8188
vn 0.0926 0.0058 -0.9957
vn 0.9939 -0.0745 -0.0809
vn 0.0174 -0.0636 -0.9978
vn 0.0065 -0.3108 -0.9505
vn 0.9108 -0.0400 0.4109
vn 0.0080 0.0038 -1.0000
vn 0.3046 -0.2407 0.9216
vn 0.0409 -0.0114 0.9991
vn 0.2193 -0.0483 0.9745
vn 0.0232 -0.0171 0.9996
vn 0.0034 -0.0487 0.9988
vn 0.0241 -0.0227 0.9995
vn 0.0449 0.0627 0.9970
vn 0.0121 0.0010 0.9999
vn -0.0301 0.0014 0.9995
vn -0.0024 -0.0064 1.0000
vn 0.0233 -0.9644 -0.2635
vn -0.0001 0.0008 1.0000
vn -0.0002 0.0009 1.0000
vn 0.0002 0.0005 1.0000
vn -0.0617 -0.0024 0.9981
vn 0.0012 0.0019 1.0000
vn 0.0074 -0.1380 0.9904
vn 0.0767 -0.4868 0.8701
vn -0.0087 0.0262 0.9996
vn -0.0039 0.0015 1.0000
vn -0.0317 0.1794 0.9833
vn -0.0222 0.0036 0.9997
vn -0.0592 -0.0020 0.9982
vn -0.4250 0.0008 0.9052
vn -0.6836 0.1371 0.7169
vn -0.1137 -0.1247 0.9857
vn 0.0306 -0.3289 0.9439
vn 0.0674 -0.3691 -0.9269
vn -0.0190 -0.0636 -0.9978
vn 0.0253 -0.8121 -0.5830
vn -0.0055 -0.2135 -0.9769
vn -0.1346 -0.6389 -0.7575
vn 0.4270 -0.4443 -0.7876
vn -0.1401 -0.7608 -0.6337
vn -0.1115 -0.2908 -0.9503
vn 0.4588 -0.5172 -0.7225
vn 0.0597 -0.8407 -0.5383
vn 0.0001 0.0008 1.0000
vn 0.0032 -0.0482 0.9988
vn 0.0025 -0.0099 0.9999
vn -0.0139 -0.1458 0.9892
vn 0.0475 -0.4178 0.9073
vn 0.0521 -0.0910 0.9945
vn 0.0012 0.0003 1.0000
vn -0.0251 0.0046 0.9997
vn 0.0223 -0.1029 0.9944
vn 0.0532 -0.0592 0.9968
vn -0.0115 -0.0595 0.9982
vn -0.0362 -0.0565 0.9977
vn 0.0353 -0.3587 0.9328
vn 0.0039 -0.0942 0.9955
vn -0.2125 -0.5731 0.7914
vn 0.0453 -0.2276 0.9727
vn -0.2417 -0.6032 0.7601
vn 0.2852 -0.6776 0.6779
vn -0.2498 0.3409 0.9063
vn 0.1852 -0.1090 0.9766
vn -0.0395 -0.3900 0.9200
vn 0.0129 0.0209 0.9997
vn 0.1730 -0.2103 0.9622
vn 0.0611 -0.3012 0.9516
vn 0.0403 -0.3684 0.9288
vn 0.0010 0.0001 1.0000
vn 0.0170 -0.0310 0.9994
vn 0.0233 0.1020 0.9945
vn 0.1416 -0.1613 0.9767
vn -0.3173 -0.6904 0.6502
vn -0.3659 -0.1265 0.9220
vn -0.0039 -0.0094 0.9999
vn -0.1714 0.0055 0.9852
vn 0.0085 -0.0042 1.0000
vn 0.0005 -0.0003 1.0000
vn -0.1046 0.0833 0.9910
vn -0.0012 -0.0114 0.9999
vn -0.0860 -0.2209 0.9715
vn -0.0658 -0.5470 0.8345
vn 0.0797 -0.0448 0.9958
vn -0.3899 -0.9045 0.1728
vn -0.3842 0.3898 0.8369
vn 0.0184 -0.0185 0.9997
vn 0.0082 0.0219 0.9997
vn 0.2330 -0.4589 0.8574
vn -0.2331 0.2188 0.9475
vn 0.2279 0.7432 -0.6291
vn 0.4289 0.7211 -0.5441
vn 0.3891 0.9184 0.0717
vn 0.4729 0.7752 -0.4188
vn 0.9809 0.0393 0.1907
vn 0.8979 0.3942 0.1958
vn 0.9641 0.2440 -0.1043
vn 0.5736 0.6618 -0.4827
vn 0.9158 0.1015 0.3885
vn 0.9249 -0.1487 0.3500
vn 0.9027 -0.1943 0.3840
vn 0.7784 0.4669 -0.4195
vn 0.4279 0.9031 -0.0377
vn 0.3197 0.9403 -0.1169
vn 0.8743 0.3234 0.3619
vn 0.9736 0.1647 0.1580
vn -0.0279 0.4847 0.8742
vn 0.2242 0.6473 0.7285
vn -0.2794 0.7521 0.5970
vn 0.4414 0.8969 -0.0255
vn 0.3049 0.8737 0.3791
vn -0.0505 0.3848 0.9216
vn 0.2069 0.0185 0.9782
vn 0.0131 -0.1722 0.9850
vn -0.0032 0.0824 0.9966
vn -0.1301 0.9826 0.1324
vn 0.2594 0.9613 -0.0925
vn 0.3493 0.5061 -0.7886
vn -0.0299 0.4714 -0.8814
vn 0.2244 0.9574 0.1819
vn 0.1542 0.5404 -0.8271
vn 0.0020 -0.9998 -0.0177
vn -0.0019 -1.0000 0.0004
vn -0.0023 -1.0000 0.0002
vn -0.0112 -0.9999 0.0049
vn -0.0021 -1.0000 0.0003
vn -0.0035 -1.0000 0.0005
vn -0.2119 -0.9700 -0.1192
vn -0.0373 -0.9989 -0.0291
vn -0.0416 -0.9990 -0.0149
vn -0.0434 -0.9990 0.0046
vn -0.0019 -1.0000 -0.0060
vn -0.0142 -0.3872 -0.9219
vn 0.0216 -0.9998 -0.0014
vn 0.0025 -0.9999 -0.0145
vn 0.0002 -1.0000 -0.0017
vn 0.0054 -0.9945 -0.1049
vn -0.0025 -0.9994 -0.0335
vn -0.0094 -0.9983 0.0570
vn 0.0021 -0.9994 0.0350
vn -0.0269 -0.6898 0.7235
vn -0.0017 -1.0000 0.0021
vn 0.0313 -0.9993 0.0189
vn 0.0161 0.4549 -0.8904
vn -0.1443 -0.0007 0.9895
vn -0.0041 -0.9994 0.0352
vn -0.0398 -0.9989 -0.0239
vn 0.0001 -1.0000 -0.0000
vn 0.0003 -1.0000 -0.0025
vn 0.0348 -0.9992 0.0176
vn -0.0059 -0.9995 -0.0296
vn 0.0009 -0.9962 0.0875
vn -0.1036 -0.8830 0.4578
vn -0.0678 -0.9918 0.1080
vn -0.1646 -0.9205 0.3544
vn 0.0910 -0.9806 -0.1735
vn -0.0200 -0.8313 -0.5555
vn 0.0024 -1.0000 0.0045
vn -0.0085 -0.9928 0.1196
vn 0.0052 -0.9997 -0.0239
vn -0.1306 0.2071 -0.9696
vn 0.2661 -0.3031 -0.9150
vn -0.0066 -0.4938 -0.8695
vn 0.0005 -1.0000 0.0002
vn -0.0219 -0.0379 -0.9990
vn 0.0102 -0.9999 -0.0010
vn 0.0009 -1.0000 0.0009
vn 0.0008 -1.0000 -0.0001
vn 0.0002 -1.0000 0.0013
vn -0.0013 -0.9995 -0.0306
vn -0.0149 -0.9029 -0.4295
vn -0.0025 -0.9999 -0.0110
vn 0.0013 -1.0000 -0.0005
vn -0.1686 -0.9848 -0.0419
vn 0.9026 -0.0316 0.4293
vn -0.9970 0.0174 -0.0752
vn -0.6300 -0.0269 0.7761
vn -0.8886 0.0230 -0.4580
vn -1.0000 -0.0007 0.0060
vn 0.5731 -0.0459 0.8182
vn 0.9134 -0.0356 0.4054
vn -0.9946 -0.0510 -0.0905
vn -0.9996 0.0274 0.0040
vn -0.9970 0.0681 -0.0363
vn -1.0000 -0.0020 -0.0001
vn -0.9948 -0.0014 0.1014
vn -1.0000 -0.0027 0.0022
vn -0.9999 0.0121 0.0031
vn -0.9957 -0.0928 0.0010
vn -0.9847 -0.1694 0.0409
vn -0.9975 -0.0617 0.0355
vn -0.9919 0.1247 -0.0229
vn -0.9741 0.2254 0.0201
vn -0.9986 0.0532 0.0062
vn -0.9072 0.4204 -0.0174
vn -0.8490 -0.5283 -0.0103
vn -0.9998 -0.0095 -0.0170
vn -0.7753 -0.6028 0.1882
vn -0.9852 -0.1711 -0.0078
vn -0.9599 -0.2092 0.1864
vn -0.9517 -0.1187 0.2833
vn -0.9939 -0.1060 0.0315
vn -0.9998 0.0137 0.0115
vn -1.0000 -0.0012 0.0050
vn -0.9998 -0.0118 -0.0149
vn -0.8328 -0.3101 -0.4586
vn -0.9992 -0.0196 -0.0349
vn -0.9991 0.0404 0.0111
vn -0.9918 0.1185 0.0475
vn -0.9997 -0.0065 0.0225
vn -0.9993 -0.0370 -0.0055
vn -0.8084 -0.5872 -0.0398
vn -0.9890 -0.1447 -0.0315
vn -0.7681 -0.5833 -0.2641
vn -0.9951 -0.0964 0.0212
vn -0.9931 -0.1165 -0.0100
vn -0.9998 -0.0180 0.0023
vn -0.9994 0.0085 -0.0338
vn -0.9060 0.4209 -0.0439
vn -1.0000 0.0042 -0.0000
vn -0.9987 0.0413 -0.0285
vn -0.9956 0.0474 -0.0814
vn -0.6202 -0.2773 -0.7338
vn 0.7051 -0.0170 -0.7089
vn -0.9964 -0.0842 -0.0119
vn -0.6321 -0.6609 0.4045
vn -0.0204 -0.6527 0.7573
vn 0.0591 0.1398 0.9884
vn 0.6745 -0.0042 0.7382
vn -0.7445 -0.3858 0.5448
vn -0.1353 -0.3136 0.9399
vn 0.6158 -0.0143 0.7878
vn -0.5427 0.2636 0.7975
vn -0.8025 0.0286 0.5959
vn -0.9487 -0.0089 0.3159
vn 0.5250 -0.0306 0.8505
vn -0.5198 0.0031 0.8543
vn -0.2219 0.0066 0.9751
vn -0.0666 0.1825 0.9809
vn -0.6593 0.0147 0.7518
vn 0.5719 0.4023 0.7149
vn 0.4345 0.0539 0.8991
vn 0.7558 0.4378 0.4869
vn 0.3583 -0.0382 0.9328
vn 0.8668 -0.2760 0.4152
vn 0.7850 -0.0352 0.6185
vn 0.0023 -0.2981 0.9545
vn 0.1136 -0.8557 0.5049
vn -0.0101 -0.9690 0.2470
vn -0.0008 -0.9465 0.3226
vn 0.0125 0.0464 0.9988
vn -0.0111 -0.8353 0.5496
vn 0.0204 -0.8637 0.5036
vn -0.0422 0.2326 0.9717
vn 0.2365 -0.0396 0.9708
vn 0.0082 -0.4676 0.8839
vn 0.0014 -0.7670 0.6417
vn 0.0014 -0.0473 0.9989
vn 0.0087 -0.8777 0.4791
vn -0.0049 -0.8774 0.4797
vn -0.1596 0.1457 0.9764
vn 0.3846 0.2721 0.8821
vn -0.3248 0.0629 0.9437
vn 0.3869 0.0023 0.9221
vn -0.0543 -0.2823 0.9578
vn -0.1944 -0.2162 0.9568
vn 0.4079 0.1478 0.9010
vn -0.2689 -0.4192 0.8672
vn -0.4055 0.0019 0.9141
vn 0.4943 -0.2473 0.8334
vn -0.0493 -0.2397 0.9696
vn 0.8227 0.0465 0.5665
vn 0.7120 -0.0396 0.7011
vn 0.2330 0.6023 0.7635
vn -0.8282 -0.4144 0.3774
vn -0.3869 0.0260 0.9217
vn -0.7082 0.6348 0.3090
vn -0.3544 -0.1038 0.9293
vn -0.0399 -0.9034 0.4269
vn 0.3258 -0.0176 0.9453
vn 1.0000 0.0009 0.0060
vn 1.0000 0.0005 0.0052
vn -0.0752 -0.0471 0.9961
vn -0.2031 -0.0471 0.9780
vn 0.9995 -0.0032 0.0309
vn 0.9998 -0.0100 0.0143
vn 0.9983 -0.0218 -0.0547
vn 1.0000 -0.0076 0.0043
vn 0.9504 -0.2208 -0.2189
vn 0.9912 -0.1320 0.0090
vn 1.0000 0.0021 0.0003
vn 1.0000 0.0003 0.0001
vn 1.0000 -0.0007 -0.0000
vn 0.9954 -0.0515 -0.0805
vn 0.9996 -0.0262 -0.0071
vn 0.8426 -0.5351 -0.0608
vn 0.9995 0.0090 -0.0307
vn 0.9991 0.0022 -0.0420
vn 0.9307 0.0218 -0.3652
vn 0.9819 -0.1896 -0.0014
vn 0.9971 -0.0024 -0.0755
vn 0.9847 0.1739 0.0127
vn 0.9922 0.0022 -0.1243
vn 0.8957 -0.0263 -0.4439
vn 0.0966 -0.2157 -0.9717
vn 0.8907 0.0574 -0.4509
vn 0.3561 -0.0876 0.9303
vn 0.9190 -0.0182 -0.3939
vn 0.7646 -0.0322 -0.6437
vn -0.5539 -0.0907 -0.8276
vn 0.0199 0.9998 0.0068
vn 0.0056 1.0000 0.0004
vn -0.0011 0.9999 -0.0114
vn 0.0155 0.9999 -0.0053
vn 0.1737 0.9820 -0.0739
vn -0.0170 0.9993 0.0342
vn 0.4588 0.7678 -0.4472
vn 0.0802 0.9968 -0.0049
vn 0.1165 0.9867 0.1137
vn 0.0227 0.9997 0.0045
vn 0.0014 1.0000 0.0004
vn 0.0042 1.0000 0.0014
vn 0.0022 1.0000 0.0025
vn 0.1138 0.9935 0.0012
vn 0.0017 1.0000 -0.0001
vn -0.0016 1.0000 0.0045
vn -0.0001 1.0000 0.0026
vn 0.0025 0.9778 -0.2095
vn 0.0129 0.8983 -0.4392
vn -0.0002 1.0000 0.0004
vn -0.4531 0.5982 -0.6609
vn -0.3163 0.9205 -0.2296
vn 0.1442 0.9702 0.1948
vn -0.0002 1.0000 0.0013
vn -0.0128 0.9981 -0.0598
vn -0.0013 0.9979 0.0641
vn -0.0008 1.0000 0.0003
vn -0.1120 0.9519 -0.2851
vn 0.0188 0.9997 -0.0136
vn 0.0075 0.9999 0.0145
vn 0.0012 1.0000 0.0013
vn -0.0013 1.0000 0.0001
vn -0.0024 1.0000 0.0003
vn -0.5361 -0.4301 0.7264
vn -0.9836 -0.0661 0.1677
vn -0.9300 0.1278 0.3447
vn -0.9871 -0.0068 0.1602
vn -0.9997 0.0235 0.0005
vn -0.8901 0.3461 0.2965
vn -0.9986 -0.0529 0.0069
vn -0.9101 -0.2070 -0.3589
vn -0.9996 0.0250 -0.0164
vn -1.0000 0.0049 0.0015
vn -0.9989 0.0453 0.0115
vn -0.9939 -0.0178 -0.1086
vn -0.9985 0.0481 0.0274
vn -0.9197 -0.3265 0.2180
vn -0.9134 -0.0532 0.4035
vn -0.9964 -0.0295 0.0800
vn -1.0000 0.0031 0.0045
vn -1.0000 0.0007 0.0018
vn -0.9999 0.0136 -0.0096
vn -0.9993 0.0309 -0.0204
vn -0.9999 0.0091 -0.0082
vn -0.7760 0.4399 0.4519
vn -0.9990 0.0346 0.0296
vn -0.8228 0.1750 -0.5407
vn -0.9962 -0.0147 -0.0854
vn -0.9973 -0.0727 0.0103
vn -1.0000 -0.0065 -0.0011
vn -0.9256 -0.3297 -0.1859
vn -1.0000 -0.0056 0.0020
vn -0.9964 -0.0607 -0.0584
vn -0.9999 0.0144 -0.0039
vn -1.0000 0.0064 -0.0016
vn -1.0000 0.0067 -0.0016
vn -0.9999 -0.0083 0.0110
vn -0.9995 -0.0170 -0.0268
vn -0.4782 0.0343 -0.8776
vn 0.8071 -0.2029 0.5544
vn 0.8138 -0.4087 0.4132
vn 0.6436 0.3959 0.6550
vn -0.2785 0.0097 0.9604
vn 0.2395 0.1317 0.9619
vn -0.6906 0.4759 0.5447
vn -0.7848 -0.1296 0.6060
vn 0.8540 0.0108 0.5202
vn 0.9867 0.0076 0.1621
vn 0.9978 -0.0257 0.0609
vn 0.9739 0.1041 0.2016
vn 1.0000 -0.0017 0.0063
vn 1.0000 -0.0042 -0.0006
vn 1.0000 0.0015 -0.0016
vn 1.0000 -0.0024 -0.0033
vn 1.0000 0.0005 0.0011
vn 1.0000 -0.0007 0.0004
vn 0.9999 0.0169 -0.0008
vn 1.0000 -0.0021 -0.0004
vn 1.0000 -0.0050 0.0008
vn 1.0000 -0.0056 -0.0055
vn 0.9903 0.1300 0.0489
vn 0.8628 -0.4985 -0.0838
vn 0.9682 -0.2495 -0.0184
vn 1.0000 0.0041 -0.0087
vn 0.9751 0.1927 -0.1101
vn 0.9999 0.0130 0.0100
vn -0.6228 0.0042 -0.7824
vn 0.9994 -0.0355 0.0027
vn -0.5497 -0.2471 -0.7980
vn -0.6953 -0.5274 -0.4882
vn -0.6346 -0.1907 -0.7489
vn -0.5529 -0.7631 -0.3347
vn -0.1964 -0.7216 -0.6639
vn 0.0297 -0.9995 -0.0130
vn -0.1511 -0.9872 0.0506
vn 0.0015 -1.0000 0.0001
vn 0.0002 -1.0000 -0.0000
vn 0.0225 -0.9993 -0.0296
vn -0.0012 -1.0000 -0.0053
vn -0.0477 -0.7007 -0.7118
vn -0.0088 -0.0736 -0.9972
vn 0.0025 -0.9989 -0.0461
vn 0.0148 -0.9241 -0.3820
vn -0.0312 -0.9599 -0.2785
vn -0.0227 -0.9899 -0.1398
vn 0.0577 -0.2616 -0.9634
vn 0.0244 -0.9984 0.0508
vn -0.0317 -0.9573 -0.2873
vn 0.2533 -0.1266 -0.9591
vn 0.0074 -0.7233 -0.6905
vn -0.1863 -0.8381 -0.5127
vn -0.5113 -0.8575 0.0567
vn 0.0194 -0.9903 0.1374
vn -0.1119 -0.9548 0.2754
vn -0.2130 -0.3048 -0.9283
vn 0.1343 -0.9643 0.2283
vn 0.6866 -0.4899 -0.5372
vn 0.0172 -0.9768 0.2133
vn 0.0049 -0.9935 0.1136
vn -0.2225 0.1129 -0.9684
vn -0.0558 -0.6019 -0.7966
vn 0.0929 -0.7904 -0.6055
vn -0.1266 -0.9510 -0.2819
vn -0.0833 -0.6791 -0.7293
vn -0.3416 -0.1495 -0.9279
vn -0.0522 -0.6814 0.7300
vn -0.6643 -0.7120 -0.2275
vn 0.0482 -0.9948 0.0899
vn 0.0168 -0.9930 -0.1172
vn -0.0000 -1.0000 0.0001
vn 0.0632 -0.9820 -0.1779
vn 0.0747 -0.2406 -0.9677
vn 0.0074 -0.6463 -0.7631
vn 0.0328 -0.9994 -0.0057
vn -0.0783 -0.9946 0.0686
vn 0.3438 -0.9245 -0.1648
vn -0.0287 -0.9832 -0.1802
vn -0.1312 -0.7250 -0.6762
vn 0.0568 -0.9412 -0.3330
vn -0.1573 -0.9582 -0.2389
vn 0.4876 -0.8718 0.0468
vn -0.0021 -0.9983 0.0578
vn 0.0932 -0.9951 -0.0332
vn -0.0376 -0.9992 0.0151
vn 0.0353 -0.7737 -0.6325
vn 0.0871 -0.9329 0.3496
vn 0.1801 -0.8751 0.4491
vn -0.0011 -1.0000 -0.0005
vn 0.0208 -0.9995 0.0242
vn -0.1037 -0.8949 -0.4340
vn 0.0710 -0.9934 -0.0898
vn -0.1459 -0.9500 -0.2761
vn -0.1162 -0.9629 -0.2436
vn -0.1411 -0.5734 -0.8070
vn -0.3114 -0.5898 -0.7451
vn -0.0960 -0.9954 0.0041
vn 0.2081 -0.5703 -0.7946
vn 0.0333 -0.8096 0.5860
vn 0.0140 -0.8738 -0.4861
vn 0.6488 -0.7595 0.0464
vn -0.0057 -0.9541 -0.2995
vn -0.0579 -0.0000 -0.9983
vn -0.9159 0.0688 0.3955
vn 0.0516 -0.9881 -0.1448
vn 0.0516 -0.9985 -0.0161
vn 0.0890 -0.1886 -0.9780
vn 0.0185 -0.9649 -0.2620
vn 0.1167 0.0351 -0.9925
vn 0.1740 -0.8424 -0.5099
vn 0.0264 -0.9980 -0.0574
vn 0.0042 0.8898 -0.4564
vn -0.0078 -0.9995 0.0293
vn 0.2932 -0.8851 0.3613
vn -0.0002 -1.0000 0.0001
vn 0.0411 -0.9990 0.0156
vn -0.0204 -0.9979 -0.0611
vn -0.0368 -0.9943 -0.0999
vn 0.0111 -0.9937 -0.1119
vn -0.0503 -0.9780 -0.2025
vn -0.0344 -0.9895 0.1407
vn -0.0299 -0.9954 -0.0910
vn 0.1272 -0.3473 -0.9291
vn -0.3540 0.3317 0.8745
vn -0.7624 -0.2307 0.6046
vn -0.1962 -0.0231 0.9803
vn -0.9379 0.3154 -0.1448
vn -0.9942 -0.0116 -0.1071
vn -0.1720 0.6637 -0.7280
vn -0.9707 0.2137 -0.1100
vn -0.9970 0.0732 -0.0256
vn -0.6563 0.7469 0.1065
vn -0.9220 0.3850 0.0399
vn -0.9788 0.2033 -0.0245
vn -0.8756 0.4785 0.0662
vn -0.9799 0.1802 -0.0857
vn -0.9630 0.0300 0.2679
vn 0.2998 0.7657 -0.5691
vn 0.9321 0.3593 0.0467
vn 0.9047 0.4191 -0.0763
vn 0.9956 -0.0368 0.0863
vn 0.9631 0.2008 0.1790
vn 0.8121 -0.4415 0.3816
vn -0.3020 -0.9531 -0.0217
vn 0.4738 -0.8122 0.3405
vn 0.2290 -0.8996 0.3718
vn -0.1370 -0.9444 -0.2988
vn -0.9804 0.0499 0.1905
vn -0.9765 0.2135 -0.0295
vn -0.9842 0.1685 0.0538
vn -0.7522 0.1664 0.6376
vn -0.6313 -0.4436 0.6361
vn -0.0213 0.9989 -0.0406
vn -0.1110 -0.7482 0.6541
vn -0.9582 0.2857 -0.0146
vn -0.3570 0.7764 0.5195
vn -0.9937 -0.1011 -0.0482
vn -0.9414 0.3293 -0.0725
vn -0.9138 0.3768 0.1516
vn 0.9128 0.3894 -0.1232
vn 0.6130 0.7395 0.2780
vn 0.9613 0.2742 0.0261
vn 0.9966 0.0799 0.0196
vn 0.8221 0.4983 0.2753
vn 0.9718 0.2349 0.0181
vn -0.1820 -0.9222 -0.3412
vn -0.4095 -0.8474 -0.3381
vn -0.8673 0.3754 -0.3270
vn -0.8624 -0.1868 -0.4706
vn -0.9645 -0.2609 -0.0420
vn 0.0566 -0.9976 0.0394
vn -0.9992 -0.0367 0.0124
vn -0.5830 -0.8042 0.1157
vn -0.3614 -0.9324 -0.0088
vn -0.9050 -0.4077 0.1219
vn -0.0280 -0.8021 0.5965
vn -0.7623 -0.6397 0.0989
vn -0.6362 -0.4884 -0.5973
vn 0.0611 -0.2958 -0.9533
vn -0.5119 -0.0123 -0.8590
vn 0.1170 0.2535 -0.9602
vn -0.2555 -0.1970 -0.9465
vn -0.6555 0.2585 -0.7096
vn -0.1131 -0.0078 -0.9935
vn -0.0542 -0.0185 -0.9984
vn -0.2370 -0.0114 -0.9714
vn 0.9053 -0.0804 0.4171
vn 0.7266 0.6532 0.2132
vn 0.7788 0.1412 0.6112
vn 0.9135 -0.2703 -0.3040
vn 0.0668 -0.1896 -0.9796
vn -0.1591 0.0157 -0.9871
vn 0.1922 -0.2007 -0.9606
vn -0.5303 0.3241 -0.7834
vn -0.2314 0.5339 -0.8133
vn -0.1429 -0.4330 -0.8900
vn -0.2372 0.3342 -0.9121
vn 0.0311 -0.0056 -0.9995
vn 0.5130 0.3333 -0.7911
vn 0.0383 -0.2859 -0.9575
vn -0.2349 0.2381 -0.9424
vn -0.5449 0.2699 -0.7939
vn -0.0055 0.3528 -0.9357
vn 0.0104 -0.7976 -0.6031
vn -0.1317 0.9316 -0.3389
vn -0.0860 -0.3154 -0.9451
vn 0.0767 0.0710 -0.9945
vn -0.0154 -0.0016 -0.9999
vn 0.0152 -0.9172 -0.3981
vn 0.5072 0.0349 -0.8611
vn -0.0223 0.7188 -0.6949
vn 0.0553 -0.5078 -0.8597
vn -0.0942 -0.7435 -0.6620
vn -0.4814 -0.2383 -0.8435
vn -0.0962 0.9588 -0.2675
vn 0.0131 -0.6587 -0.7523
vn 0.3174 -0.3525 -0.8803
vn -0.3555 0.3431 -0.8695
vn 0.4033 0.0039 -0.9151
vn -0.3040 0.1700 -0.9374
vn 0.7218 -0.0304 -0.6914
vn -0.9999 0.0137 0.0102
vn 0.4008 0.0175 -0.9160
vn 0.0387 0.0478 -0.9981
vn 0.6124 -0.0059 -0.7905
vn -0.4883 0.0083 -0.8726
vn -0.7748 0.0016 -0.6321
vn 0.0087 0.4623 -0.8867
vn 0.1843 0.3092 -0.9329
vn -0.2224 -0.0373 -0.9742
vn -0.0785 0.2957 -0.9520
vn -0.4480 -0.2277 -0.8646
vn 0.4445 -0.4481 -0.7757
vn -0.9873 0.0123 -0.1582
vn -0.5978 -0.0791 -0.7978
vn -0.6720 0.1736 0.7199
vn -0.1384 -0.0762 -0.9874
vn -0.1636 -0.3552 -0.9204
vn 0.4740 -0.4164 -0.7758
vn 0.0408 -0.9847 0.1697
vn -0.0158 -0.8041 -0.5943
vn -0.0891 -0.6607 -0.7454
vn -0.2007 -0.5623 -0.8022
vn -0.3953 -0.4721 -0.7880
vn -0.6591 -0.2805 -0.6977
vn -0.1702 -0.4093 -0.8964
vn -0.6123 -0.6382 -0.4666
vn -0.4409 -0.8477 -0.2949
vn 0.0856 -0.9943 -0.0641
vn -0.0734 -0.0985 -0.9924
vn 0.9947 -0.0460 -0.0919
vn 0.9526 0.1264 -0.2768
vn 0.9222 0.1961 0.3334
vn 0.9533 -0.3012 0.0218
vn 0.9775 -0.1551 0.1433
vn 0.8409 0.2332 0.4884
vn 0.8899 -0.4159 -0.1873
vn 0.7038 0.4514 0.5485
vn 0.8462 0.4445 -0.2941
vn 0.9299 0.2961 -0.2182
vn 0.8069 -0.4663 -0.3626
vn 0.9934 -0.1133 0.0151
vn 0.9624 0.2493 0.1083
vn 0.9365 0.3484 0.0390
vn 0.9983 0.0543 -0.0225
vn 0.9047 0.4228 -0.0532
vn 0.5332 -0.8460 -0.0002
vn 0.9198 0.3918 0.0200
vn 0.9878 0.1550 -0.0138
vn 0.9656 0.2600 -0.0079
vn 0.9971 0.0673 0.0366
vn 0.9573 0.2884 0.0200
vn 0.8613 0.3948 -0.3197
vn 0.9818 0.1880 -0.0255
vn 0.8280 0.5596 -0.0361
vn 0.9037 0.4280 -0.0130
vn 0.8159 0.5767 -0.0416
vn 0.9993 -0.0041 0.0376
vn 0.9967 0.0806 0.0003
vn 0.4697 0.8801 -0.0691
vn 0.8685 0.4910 -0.0686
vn 0.9935 0.1115 0.0231
vn 0.9950 0.0992 0.0094
vn 0.7179 0.6957 0.0227
vn 0.9972 -0.0126 0.0731
vn 0.9163 0.3996 -0.0256
vn 0.9719 -0.2353 0.0103
vn 0.9816 0.0984 0.1637
vn -0.8371 -0.5470 -0.0009
vn 0.9972 0.0724 0.0163
vn 0.9989 -0.0476 0.0048
vn 0.9157 0.4015 0.0161
vn 0.9089 0.4143 -0.0480
vn 0.9862 0.1588 0.0463
vn 0.9921 -0.1240 0.0192
vn 0.9418 0.3340 0.0384
vn 0.9808 0.1830 -0.0669
vn 0.9770 0.1848 0.1067
vn 0.9078 0.4190 -0.0181
vn 0.9722 0.2327 -0.0272
vn 0.9980 -0.0079 0.0631
vn 0.0550 -0.9985 0.0027
vn 0.7169 -0.6966 -0.0274
vn -0.4695 -0.8828 -0.0133
vn 0.9709 -0.2241 -0.0844
vn 0.7639 -0.5836 -0.2755
vn 0.9939 -0.1089 -0.0191
vn 0.9846 0.1742 0.0128
vn 0.9658 -0.2584 -0.0216
vn -0.6942 0.7195 0.0211
vn 0.9508 0.3098 0.0039
vn 0.8077 -0.5887 -0.0315
vn 0.9949 0.0891 -0.0465
vn 0.9850 0.1718 0.0147
vn 0.9421 0.3351 -0.0065
vn 0.9998 -0.0176 -0.0088
vn 0.9233 0.3840 0.0027
vn 0.7886 0.6066 -0.1003
vn 0.9751 0.2211 -0.0183
vn 0.9935 0.1095 0.0321
vn 0.9081 0.4188 0.0037
vn 0.9155 0.4020 -0.0134
vn 0.8052 0.5921 0.0328
vn 0.7439 -0.6346 -0.2095
vn 0.9951 -0.0978 0.0132
vn 0.9711 0.2383 0.0122
vn 0.7492 0.6599 -0.0569
vn 0.9376 -0.2781 0.2089
vn 0.9961 -0.0794 0.0394
vn 0.9562 -0.2916 -0.0244
vn 1.0000 0.0097 0.0024
vn 0.9560 0.2119 0.2029
vn 0.7262 0.3768 0.5751
vn 0.9058 0.4237 0.0037
vn 0.9977 0.0648 0.0181
vn 0.9761 0.2145 -0.0354
vn 0.1905 -0.9816 -0.0112
vn 0.9363 -0.3476 0.0509
vn 0.9937 0.1121 0.0021
vn 0.9619 -0.1313 -0.2397
vn 0.9810 0.1917 -0.0288
vn 0.9928 0.0847 0.0853
vn 0.8495 0.4035 -0.3398
vn 0.9104 0.3444 -0.2295
vn 0.9774 0.2093 -0.0295
vn 0.9945 0.0993 -0.0325
vn 0.7544 -0.6555 0.0342
vn 0.9160 -0.3328 0.2239
vn 0.6938 -0.6553 0.2986
vn 0.9816 0.1872 -0.0371
vn 0.9931 0.1108 -0.0373
vn -0.0571 -0.9980 0.0279
vn 0.9750 0.2202 0.0285
vn 0.7828 0.6203 -0.0499
vn 0.7578 0.6484 0.0728
vn 0.5061 0.8111 -0.2931
vn 0.9945 0.1044 0.0035
vn 0.8112 0.5836 -0.0376
vn 0.9957 -0.0104 -0.0919
vn 0.1855 0.9683 0.1672
vn 0.8604 0.5084 0.0352
vn 0.9980 0.0229 0.0593
vn 0.6682 0.7390 0.0855
vn 0.9534 -0.3016 0.0060
vn 0.7959 -0.0042 0.6055
vn 0.9281 0.3704 -0.0381
vn 0.9808 0.0164 0.1945
vn 0.9172 -0.3388 0.2096
vn 0.9446 0.3281 -0.0048
vn 0.9794 -0.1661 0.1144
vn 0.7260 0.6821 0.0872
vn 0.9783 0.2043 0.0354
vn 0.4576 -0.8879 0.0482
vn 0.9457 -0.3077 -0.1050
vn 0.6835 -0.7288 -0.0410
vn 0.9190 0.3920 -0.0431
vn 0.9497 -0.2453 -0.1948
vn 0.9725 -0.2237 0.0655
vn 0.9980 0.0134 -0.0613
vn 0.9169 0.3925 -0.0718
vn 0.9455 0.2249 0.2357
vn -0.8094 0.5673 -0.1517
vn 0.9892 -0.1286 -0.0698
vn 0.9931 0.1087 -0.0441
vn 0.9428 0.2671 0.1996
vn 0.9947 0.0915 -0.0472
vn 0.4204 0.5087 0.7513
vn 0.0641 -0.3284 -0.9424
vn -0.2516 0.0910 -0.9636
vn -0.0105 -0.3349 -0.9422
vn -0.1175 -0.7182 -0.6858
vn 0.0534 -0.3743 -0.9258
vn 0.2161 -0.2343 -0.9478
vn -0.3073 -0.6293 -0.7138
vn 0.2374 -0.1154 -0.9645
vn -0.1334 0.0422 -0.9902
vn 0.3284 0.2206 -0.9184
vn -0.0600 -0.0913 -0.9940
vn -0.2301 -0.9652 -0.1247
vn -0.4843 -0.8219 -0.2999
vn -0.6830 -0.3274 -0.6530
vn -0.0018 -0.2008 -0.9796
vn 0.0710 -0.7269 -0.6830
vn -0.2813 -0.9542 0.1015
vn 0.0529 -0.9531 -0.2980
vn 0.2605 -0.9532 0.1535
vn 0.4255 -0.0656 -0.9026
vn -0.2178 -0.4079 -0.8867
vn 0.0174 0.0325 -0.9993
vn 0.9511 -0.0820 0.2979
vn 0.9137 -0.0937 0.3955
vn 0.8580 -0.5024 -0.1067
vn 0.3135 0.2540 -0.9150
vn 0.1480 -0.2275 -0.9625
vn -0.2873 0.2716 -0.9185
vn 0.9486 -0.0027 -0.3164
vn 0.8004 0.5452 0.2494
vn 0.9114 0.3576 -0.2035
vn 0.4451 0.1780 0.8776
vn 0.7894 -0.5106 0.3408
vn -0.2036 -0.9790 0.0003
vn 0.3665 -0.9259 0.0917
vn -0.8395 0.3853 -0.3832
vn -0.7381 -0.4723 -0.4818
vn -0.4804 0.8770 0.0077
vn -0.7175 0.3241 0.6166
vn -0.9853 0.1703 0.0159
vn -0.8519 -0.4481 -0.2711
vn -0.7250 -0.6886 0.0101
vn -0.7093 0.7047 0.0183
vn -0.9290 -0.3663 -0.0523
vn -0.9262 -0.3602 -0.1111
vn -0.6223 -0.6940 -0.3621
vn -0.8380 0.5405 0.0756
vn -0.8796 0.0944 0.4662
vn -0.7792 -0.0916 0.6201
vn -0.8749 0.4519 -0.1745
vn -0.7649 -0.2609 -0.5889
vn -0.9247 0.2268 0.3057
vn -0.6142 -0.5667 0.5492
vn -0.8383 -0.5426 -0.0537
vn -0.7660 -0.6344 0.1040
vn -0.9174 -0.2278 -0.3263
vn -0.7679 0.6278 -0.1269
vn -0.9773 -0.1717 0.1242
vn -0.4216 0.9013 -0.0998
vn -0.8505 -0.3005 0.4317
vn -0.7479 0.5362 0.3913
vn -0.0911 -0.4755 -0.8750
vn -0.1907 -0.5250 -0.8295
vn 0.0192 -0.8308 -0.5562
vn 0.3569 -0.5531 -0.7528
vn -0.0268 -0.3608 -0.9323
vn -0.0943 0.5113 -0.8542
vn 0.4675 0.6167 -0.6333
vn 0.3062 0.4143 -0.8571
vn -0.9302 -0.1897 -0.3141
vn -0.9617 0.2062 0.1806
vn -0.9556 -0.2198 -0.1962
vn 0.0587 -0.9946 -0.0854
vn 0.0166 -0.9998 -0.0093
vn -0.0277 -0.9969 0.0740
vn -0.0279 -0.9762 -0.2152
vn -0.0766 -0.6671 0.7411
vn -0.2318 -0.8899 0.3928
vn 0.0704 -0.9733 0.2183
vn -0.0385 -0.9900 0.1359
vn 0.5536 0.0944 0.8274
vn 0.0589 0.2037 0.9773
vn -0.0407 0.5339 0.8446
vn 0.0119 0.2516 0.9678
vn 0.0513 0.3383 0.9396
vn 0.0419 0.4248 0.9043
vn -0.1056 0.0641 -0.9923
vn 0.0580 0.0502 -0.9971
vn 0.0079 0.0305 -0.9995
vn -0.0177 -0.0030 -0.9998
vn 0.0523 -0.9744 0.2185
vn 0.0613 -0.9976 0.0335
vn -0.0089 -0.9533 0.3020
vn 0.0270 -0.9870 0.1584
vn 0.0483 -0.9970 0.0607
vn -0.0772 -0.9909 -0.1099
vn -0.4224 -0.7682 -0.4810
vn -0.4130 -0.8958 0.1645
vn -0.2741 -0.8967 -0.3476
vn 0.2114 -0.9147 -0.3443
vn -0.5718 -0.7283 0.3776
vn -0.2405 -0.0382 0.9699
vn -0.8441 0.0424 0.5346
vn -0.9477 -0.3147 -0.0541
vn -0.2972 -0.7992 0.5224
vn -0.4797 -0.8434 -0.2420
vn 0.1697 -0.8932 -0.4163
vn 0.3232 -0.1124 0.9396
vn 0.2891 -0.3314 0.8981
vn -0.0706 -0.1033 0.9921
vn 0.5918 0.3165 0.7413
vn -0.4513 0.4292 0.7824
vn -0.0065 -0.8331 0.5531
vn -0.3056 -0.9493 0.0732
vn -0.4137 -0.8984 0.1470
vn 0.2525 -0.6144 0.7475
vn 0.2206 -0.4340 0.8735
vn 0.6665 -0.7442 -0.0434
vn -0.6220 -0.7179 0.3125
vn -0.1293 -0.9825 -0.1344
vn 0.2179 -0.9656 0.1420
vn -0.2930 0.0500 -0.9548
vn -0.1341 -0.3161 -0.9392
vn -0.5148 -0.3076 -0.8002
vn -0.0289 -0.3715 -0.9280
vn -0.1032 0.3216 -0.9412
vn -0.0073 0.0510 -0.9987
vn -0.2051 0.0681 -0.9764
vn -0.4345 0.6773 -0.5936
vn -0.9975 -0.0560 0.0428
vn -0.9626 -0.2596 -0.0777
vn -0.9118 -0.2340 0.3373
vn -0.8398 -0.4346 0.3252
vn -0.8514 -0.2937 0.4346
vn -0.1385 -0.7786 0.6120
vn -0.1044 0.0806 0.9913
vn -0.0339 0.1170 0.9925
vn -0.0582 -0.0008 0.9983
vn -0.0044 0.0734 0.9973
vn -0.2121 -0.1275 0.9689
vn -0.0592 0.1824 0.9814
vn 0.1061 0.1106 0.9882
vn 0.1407 0.2780 0.9502
vn -0.2460 0.1813 0.9522
vn -0.2705 0.9348 0.2303
vn 0.0071 -0.3214 0.9469
vn 0.1794 0.1713 0.9688
vn 0.3061 -0.6688 0.6775
vn 0.0594 0.1082 0.9924
vn -0.0200 -0.0984 0.9949
vn 0.4777 0.8613 0.1730
vn 0.1051 -0.3189 0.9419
vn -0.0344 -0.7762 0.6296
vn -0.0567 -0.2885 0.9558
vn -0.0021 0.1024 0.9947
vn -0.0186 0.2513 0.9677
vn -0.1313 -0.0733 0.9886
vn -0.0460 -0.0559 0.9974
vn -0.0878 -0.1284 0.9878
vn -0.0503 -0.1515 0.9872
vn -0.9127 0.0417 0.4064
vn -0.9823 -0.1014 0.1574
vn -0.9492 0.1409 0.2813
vn -0.7749 0.1285 0.6188
vn 0.0021 -0.0819 0.9966
vn -0.0133 0.0103 0.9999
vn -0.1124 0.0344 0.9931
vn -0.0018 0.1007 0.9949
vn 0.2350 0.0523 0.9706
vn -0.9730 0.2098 0.0963
vn 0.0073 -0.1006 0.9949
vn 0.1862 0.0817 0.9791
vn 0.0146 0.0213 -0.9997
vn 0.3934 -0.3509 -0.8498
vn -0.1984 -0.2235 -0.9543
vn -0.3692 0.4111 -0.8335
vn 0.9021 0.2312 0.3644
vn 0.5623 -0.5160 0.6462
vn 0.9215 -0.3884 0.0046
vn 0.2925 0.2692 -0.9176
vn 0.0569 0.1078 -0.9925
vn 0.1911 0.6298 -0.7529
vn 0.8348 0.4400 -0.3310
vn 0.8647 0.4916 -0.1029
vn -0.2361 0.8479 -0.4747
vn 0.9354 0.3500 0.0502
vn 0.0702 0.1083 -0.9916
vn 0.0523 -0.9905 0.1273
vn 0.0157 -0.9817 0.1898
vn 0.0003 -0.9876 0.1571
vn 0.2272 -0.9380 0.2618
vn 0.5322 -0.7558 0.3815
vn 0.8793 -0.4343 0.1956
vn 0.9559 0.2409 0.1682
vn 0.9419 -0.2846 0.1783
vn 0.3784 0.3084 0.8727
vn 0.8304 0.3479 0.4351
vn 0.9648 -0.2613 0.0282
vn 0.8654 -0.4835 0.1315
vn 0.8969 -0.2578 -0.3594
vn 0.6426 0.6440 -0.4150
vn 0.1307 -0.0318 -0.9909
vn -0.1935 0.2888 -0.9376
vn -0.5053 -0.5141 -0.6931
vn 0.9020 0.2824 0.3266
vn 0.8600 0.0363 -0.5090
vn 0.8130 -0.2225 0.5380
vn -0.7902 0.3874 -0.4749
vn -0.9917 -0.0695 -0.1082
vn -0.9985 -0.0441 -0.0320
vn -0.9885 -0.1482 -0.0302
vn 0.9640 0.1770 0.1984
vn 0.8825 0.1582 0.4430
vn 0.9353 -0.0611 0.3486
vn 0.1819 0.1356 -0.9739
vn -0.1301 0.3082 -0.9424
vn 0.1651 -0.0057 -0.9863
vn -0.0183 -0.0415 -0.9990
vn 0.0137 -0.1040 -0.9945
vn 0.0004 -0.1421 -0.9898
vn -0.0296 -0.0557 -0.9980
vn -0.0753 0.0905 -0.9930
vn 0.2827 -0.0732 -0.9564
vn -0.0234 -0.2200 -0.9752
vn -0.0374 0.4003 -0.9156
vn 0.1524 0.4619 -0.8737
vn -0.0904 0.1497 -0.9846
vn 0.0190 -0.0608 -0.9980
vn -0.2158 0.2077 -0.9541
vn -0.2418 -0.1375 -0.9605
vn 0.0210 -0.0729 -0.9971
vn -0.3570 0.3133 -0.8800
vn 0.1489 0.1531 -0.9769
vn 0.0383 -0.2306 -0.9723
vn 0.1179 -0.2059 -0.9715
vn -0.0378 0.1011 -0.9942
vn 0.3181 0.5983 -0.7354
vn 0.1013 -0.3792 -0.9198
vn -0.1769 -0.5754 -0.7985
vn -0.0815 -0.2185 -0.9724
vn -0.0991 -0.3746 -0.9219
vn 0.1861 -0.4003 -0.8973
vn 0.2012 -0.1860 -0.9617
vn -0.0254 -0.0738 -0.9969
vn 0.1616 -0.9022 -0.4000
vn 0.6832 0.2987 -0.6664
vn -0.3343 -0.8751 -0.3499
vn -0.1747 0.1681 -0.9702
vn 0.6479 0.1998 -0.7350
vn 0.1580 0.1504 -0.9759
vn 0.0628 -0.0093 -0.9980
vn 0.3689 0.2481 -0.8958
vn 0.5195 0.6131 -0.5951
vn 0.6851 0.3241 -0.6523
vn -0.1806 -0.5417 -0.8210
vn 0.0837 -0.7905 -0.6068
vn -0.1875 -0.3629 -0.9128
vn -0.3606 -0.7269 -0.5845
vn -0.3971 -0.1458 -0.9061
vn -0.4406 0.2701 -0.8561
vn -0.1882 -0.5234 -0.8310
vn -0.6594 -0.3864 -0.6449
vn 0.0729 -0.6747 -0.7345
vn -0.2218 0.3220 -0.9204
vn 0.1152 0.5309 -0.8396
vn 0.3004 0.2405 -0.9230
vn -0.0249 0.0873 -0.9959
vn 0.2182 0.3916 -0.8939
vn 0.1183 0.2417 -0.9631
vn 0.2183 0.0914 -0.9716
vn 0.0693 -0.3616 -0.9298
vn 0.2974 -0.1188 -0.9473
vn -0.3943 -0.5123 -0.7629
vn -0.0483 -0.0943 -0.9944
vn -0.0688 0.1929 -0.9788
vn -0.0225 -0.0896 -0.9957
vn -0.1185 -0.5126 -0.8504
vn -0.4606 -0.2017 -0.8644
vn -0.5728 -0.3185 -0.7552
vn 0.0301 0.4223 -0.9059
vn 0.0283 0.3927 -0.9192
vn -0.3362 -0.8088 -0.4824
vn -0.5786 -0.7273 -0.3692
vn 0.0141 -0.5199 -0.8541
vn 0.5468 0.7753 -0.3161
vn 0.5978 -0.2978 0.7443
vn 0.9952 0.0975 -0.0014
vn -0.1794 0.6204 0.7635
vn 0.0948 0.7005 0.7074
vn 0.1188 0.7155 0.6885
vn -0.0061 0.3802 0.9249
vn 0.0030 0.6522 0.7581
vn 0.0248 -0.6680 0.7438
vn 0.0327 0.0063 0.9994
vn 0.2479 0.1834 0.9513
vn 0.2547 0.2457 0.9353
vn 0.0027 0.0335 0.9994
vn 0.4008 -0.3473 0.8478
vn -0.6738 0.4654 0.5739
vn 0.1316 -0.6542 -0.7448
vn -0.0931 -0.4448 -0.8908
vn 0.1012 -0.6665 -0.7386
vn 0.6245 -0.5333 -0.5706
vn 0.6070 0.4004 -0.6864
vn 0.1113 0.1479 -0.9827
vn 0.2371 -0.2711 -0.9329
vn -0.0329 -0.8457 -0.5326
vn 0.1202 -0.5720 -0.8114
vn -0.0422 -0.9075 0.4179
vn -0.0336 0.6216 -0.7826
vn 0.0401 -0.7774 -0.6278
vn 0.1459 -0.7605 0.6327
vn -0.2294 0.9590 -0.1665
vn -0.0755 -0.9887 0.1292
vn -0.1957 0.2361 -0.9518
vn -0.0268 -0.9435 -0.3304
vn -0.0322 -0.9614 -0.2732
vn 0.0998 -0.7260 -0.6804
vn -0.0677 -0.8566 -0.5116
vn -0.0266 -0.6109 -0.7912
vn -0.0541 -0.9217 0.3841
vn 0.0017 -0.6168 -0.7871
vn -0.3240 -0.6571 -0.6807
vn 0.1919 -0.5309 -0.8255
vn -0.0480 -0.4295 -0.9018
vn 0.1321 -0.6366 0.7598
vn 0.0835 -0.2671 -0.9600
vn 0.0376 -0.6263 -0.7786
vn -0.0159 -0.6991 -0.7149
vn -0.0729 -0.9968 0.0316
vn 0.0227 -0.8130 -0.5818
vn 0.0262 -0.5922 -0.8053
vn -0.0645 -0.8947 -0.4420
vn -0.0863 -0.9452 -0.3149
vn 0.0857 -0.5676 -0.8189
vn 0.0626 -0.4914 -0.8687
vn -0.0164 -0.8117 -0.5838
vn -0.0472 -0.9386 -0.3417
vn -0.1153 -0.4121 -0.9038
vn 0.1550 -0.9879 -0.0081
vn 0.1247 -0.9594 0.2532
vn 0.0113 -0.8862 -0.4632
vn 0.0366 -0.6406 -0.7670
vn -0.2629 -0.8179 -0.5119
vn -0.0662 -0.9315 -0.3577
vn -0.8145 -0.5645 -0.1338
vn -0.2928 0.8659 -0.4056
vn -0.7855 0.2533 -0.5647
vn -0.8534 0.4194 -0.3094
vn -0.7301 0.1380 -0.6693
vn -0.8123 0.4894 -0.3172
vn -0.5367 0.1210 -0.8351
vn -0.8311 0.2333 -0.5048
vn 0.4177 0.8973 -0.1426
vn 0.6103 0.7038 0.3636
vn 0.4193 0.1042 0.9018
vn 0.1449 0.6883 0.7108
vn -0.2803 0.1976 -0.9393
vn 0.1384 0.0922 -0.9861
vn -0.5002 -0.3863 -0.7750
vn -0.1146 -0.6704 -0.7331
vn 0.0426 0.1609 -0.9861
vn 0.1484 0.8564 -0.4945
vn 0.1573 0.9423 -0.2955
vn -0.0702 0.9463 -0.3155
vn -0.3650 0.9247 -0.1082
vn 0.1614 0.8866 0.4334
vn -0.1236 0.8219 0.5561
vn 0.5606 0.8074 0.1842
vn -0.5267 0.6050 -0.5972
vn 0.2463 0.0635 -0.9671
vn -0.6902 0.1811 -0.7006
vn -0.6386 0.5527 -0.5354
vn -0.6727 0.3934 -0.6266
vn -0.1520 -0.7999 -0.5805
vn 0.5410 -0.5148 -0.6650
vn -0.0060 -0.2226 -0.9749
vn 0.2399 -0.3920 -0.8881
vn -0.0335 -0.7730 -0.6336
vn 0.4322 -0.7501 -0.5006
vn 0.6769 -0.5324 -0.5083
vn -0.2246 -0.9641 -0.1418
vn -0.3039 -0.9177 0.2559
vn 0.4315 -0.3860 0.8154
vn -0.5608 -0.4164 -0.7156
vn -0.9302 0.3642 -0.0460
vn -0.7658 0.4809 -0.4270
vn -0.8988 0.4342 0.0600
vn 0.9649 0.1685 -0.2015
vn 0.8492 0.4201 -0.3200
vn 0.6826 0.5684 -0.4593
vn 0.8159 -0.4039 -0.4137
vn -0.7395 -0.2119 0.6389
vn -0.7282 -0.4384 0.5268
vn -0.6858 -0.7262 0.0480
vn -0.0433 -0.9321 -0.3596
vn -0.2372 -0.9154 -0.3252
vn 0.1424 -0.9513 0.2732
vn -0.1787 -0.9836 0.0255
vn -0.3671 -0.8768 0.3106
vn 0.2299 -0.9375 0.2612
vn -0.0950 -0.9827 0.1587
vn 0.7459 0.6495 -0.1475
vn 0.9582 0.2304 -0.1696
vn 0.5178 0.7384 -0.4321
vn 0.9365 -0.0569 -0.3460
vn 0.6465 0.0843 0.7582
vn 0.7115 -0.2645 0.6510
vn 0.5473 -0.4404 0.7117
vn 0.1506 0.5199 0.8408
vn 0.6162 0.7519 0.2345
vn -0.0976 0.3202 -0.9423
vn -0.1864 0.8804 0.4361
vn 0.3581 0.7367 0.5736
vn 0.3012 0.9285 0.2171
vn 0.2287 0.7910 0.5675
vn -0.1080 -0.2351 -0.9660
vn 0.1052 -0.9823 0.1547
vn 0.7002 -0.3430 -0.6262
vn 0.0476 -0.9979 0.0429
vn 0.3481 -0.7734 0.5298
vn -0.0325 -0.8732 -0.4862
vn -0.4860 -0.8671 0.1097
vn -0.4829 0.8266 -0.2892
vn -0.1545 -0.3011 -0.9410
vn 0.1964 -0.9371 -0.2886
vn 0.1509 -0.6840 -0.7137
vn 0.4134 -0.8418 -0.3472
vn 0.3913 0.7464 0.5383
vn 0.0125 0.9946 0.1029
vn -0.0947 0.9955 -0.0088
vn -0.3314 0.8841 0.3295
vn 0.0153 0.9993 0.0341
vn -0.2566 0.9557 -0.1443
vn -0.7474 -0.6630 -0.0422
vn -0.3079 -0.5426 0.7816
vn -0.9898 0.0942 -0.1069
vn -0.0814 0.5564 -0.8269
vn -0.0480 0.9299 0.3647
vn -0.7005 0.3403 -0.6273
vn -0.5951 0.7823 -0.1840
vn 0.2390 0.8440 0.4802
vn 0.9559 0.1736 0.2367
vn 0.2067 0.9714 0.1165
vn 0.5560 0.8227 -0.1187
vn 0.4649 0.3577 0.8099
vn 0.2123 0.8637 0.4571
vn 0.4220 0.8551 0.3010
vn 0.1024 0.8659 0.4896
vn 0.2816 0.8846 -0.3717
vn 0.4305 -0.0210 -0.9024
vn -0.1504 0.9802 -0.1285
vn -0.4234 0.7564 0.4985
vn -0.3499 -0.8284 0.4374
vn -0.0742 -0.8800 0.4691
vn -0.1015 -0.9663 0.2364
vn 0.0369 -0.9819 -0.1860
vn -0.1936 -0.7602 -0.6202
vn 0.2219 -0.9378 -0.2671
vn -0.1432 -0.3568 -0.9231
vn 0.5600 -0.4709 -0.6817
vn 0.8378 -0.5453 -0.0282
vn -0.4636 -0.1482 0.8736
vn -0.9544 0.2527 -0.1592
vn -0.9488 -0.0286 0.3147
vn -0.9508 -0.0124 -0.3094
vn 0.0971 0.5543 0.8266
vn 0.0597 0.9506 -0.3045
vn 0.0096 0.9798 0.1999
vn -0.5270 0.7703 0.3589
vn -0.1433 0.9341 -0.3269
vn -0.0117 -0.9765 0.2150
vn 0.2389 -0.9254 0.2943
vn -0.0825 -0.9458 0.3139
vn -0.1218 -0.3697 0.9211
vn 0.1604 -0.6236 0.7651
vn 0.0485 -0.9982 0.0362
vn -0.0129 -0.9985 0.0523
vn -0.0338 -0.9965 -0.0759
vn 0.2903 -0.9349 0.2042
vn -0.0422 -0.9988 -0.0259
vn 0.4698 -0.8709 0.1445
vn 0.1426 -0.9897 0.0163
vn -0.0581 -0.9981 -0.0204
vn 0.0129 -0.9998 -0.0135
vn 0.0145 -0.9980 -0.0618
vn -0.0290 -0.9982 0.0523
vn -0.0590 -0.9972 -0.0460
vn -0.0003 0.0608 -0.9981
vn -0.0629 0.0504 -0.9967
vn -0.4471 -0.1996 -0.8719
vn -0.0089 -0.3358 -0.9419
vn -0.0853 0.2412 -0.9667
vn -0.0010 -0.1194 -0.9928
vn 0.0773 0.0916 -0.9928
vn 0.0251 -0.5410 -0.8407
vn 0.2430 0.1821 -0.9528
vn -0.2443 0.7661 -0.5946
vn 0.0237 0.0212 -0.9995
vn 0.1483 -0.1227 -0.9813
vn 0.0951 -0.3838 -0.9185
vn -0.1438 -0.1434 -0.9792
vn 0.0241 0.1024 -0.9945
vn 0.5339 0.7587 -0.3733
vn -0.0110 0.2390 -0.9710
vn 0.0295 -0.1484 -0.9885
vn 0.0032 0.1315 0.9913
vn 0.0880 -0.4071 0.9092
vn -0.0448 -0.1289 0.9906
vn -0.0795 0.3239 0.9428
vn 0.0048 0.6411 0.7675
vn 0.0463 0.3076 0.9504
vn -0.0417 0.4234 0.9050
vn -0.6227 -0.7426 -0.2467
vn 0.2750 -0.6420 -0.7157
vn 0.1811 -0.9804 -0.0779
vn -0.8085 0.4504 -0.3788
vn -0.6240 0.7811 0.0217
vn -0.2223 0.9626 -0.1547
vn -0.2736 0.7390 -0.6156
vn -0.3785 0.9245 0.0459
vn -0.1444 0.9699 -0.1960
vn 0.2088 0.9293 -0.3046
vn -0.3286 0.8620 0.3860
vn -0.5183 0.7720 0.3679
vn 0.1843 0.9828 0.0083
vn 0.1315 0.8864 0.4439
vn -0.0566 0.8528 0.5191
vn -0.7554 -0.6549 -0.0231
vn -0.0087 -0.8626 0.5058
vn -0.3854 -0.8691 0.3101
vn 0.3382 -0.8019 -0.4924
vn 0.4608 -0.8753 0.1468
vn -0.0300 -0.8268 0.5617
vn -0.0182 -0.6316 -0.7751
vn -0.5207 -0.1965 0.8308
vn 0.0499 0.8806 -0.4711
vn 0.9265 0.3132 -0.2087
vn 0.4551 0.7886 -0.4134
vn 0.7678 0.2180 0.6025
vn 0.9353 -0.2451 0.2552
vn 0.7091 0.0883 0.6996
vn 0.1584 -0.2783 0.9473
vn -0.0956 0.2682 0.9586
vn 0.4608 -0.5395 0.7047
vn -0.0019 0.3772 0.9261
vn 0.9544 -0.0656 0.2913
vn 0.8650 0.3137 -0.3917
vn 0.7323 -0.0080 0.6810
vn 0.3248 0.7088 0.6261
vn -0.1636 -0.9702 -0.1787
vn 0.6167 0.6326 -0.4686
vn -0.5056 0.4841 -0.7141
vn 0.1143 -0.9930 -0.0291
vn -0.0275 -0.9995 0.0126
vn -0.9187 -0.3165 0.2362
vn -0.4952 -0.8621 0.1074
vn -0.4794 -0.8567 0.1905
vn 0.1365 -0.5559 0.8200
vn -0.3668 -0.4828 0.7952
vn -0.2263 -0.2762 0.9341
vn -0.1680 0.2664 -0.9491
vn -0.1099 0.6661 0.7377
vn -0.2485 -0.3036 -0.9198
vn -0.3082 0.7322 0.6074
vn 0.0719 0.7473 0.6606
vn -0.3178 0.8050 0.5010
vn -0.0680 0.6424 0.7634
vn 0.0329 0.9660 -0.2565
vn 0.2062 0.9324 0.2968
vn 0.4360 0.8971 0.0715
vn 0.1717 0.7520 0.6364
vn 0.3075 0.3162 -0.8975
vn 0.6892 0.2130 -0.6925
vn 0.0818 -0.2914 -0.9531
vn 0.8706 -0.4421 0.2158
vn 0.5308 -0.3788 -0.7581
vn 0.8792 -0.3661 -0.3049
vn -0.5841 0.7723 0.2497
vn -0.0034 0.5710 0.8210
vn -0.0084 0.9997 -0.0249
vn 0.5305 0.8447 -0.0707
vn 0.2798 0.5568 -0.7821
vn -0.2776 -0.0293 0.9603
vn 0.3740 0.7234 0.5804
vn -0.2320 0.5945 0.7699
vn 0.2517 0.9677 0.0151
vn -0.4240 0.8277 0.3677
vn 0.1550 0.9184 0.3640
vn -0.0808 0.9963 -0.0279
vn 0.4704 0.4873 0.7357
vn 0.0342 -0.7845 0.6192
vn -0.0977 -0.9413 0.3231
vn -0.0302 -0.8451 0.5338
vn -0.2029 -0.7406 0.6405
vn 0.0182 -0.9991 0.0385
vn 0.0916 -0.8960 0.4345
vn -0.1007 -0.9125 0.3964
vn -0.0008 -0.9895 0.1444
vn 0.0353 -0.9289 0.3688
vn 0.0049 -0.9060 0.4232
vn -0.0597 -0.8910 0.4500
vn -0.0865 -0.9198 0.3827
vn 0.0030 -0.9481 0.3179
vn 0.0048 -0.9709 0.2394
vn 0.0022 -0.9750 0.2223
vn -0.0261 -0.8658 0.4998
vn 0.0625 -0.8284 0.5567
vn 0.0207 -0.7554 0.6549
vn 0.1310 -0.7686 0.6262
vn -0.6006 -0.6594 0.4522
vn 0.0183 -0.8614 0.5075
vn -0.0401 -0.6128 0.7892
vn -0.0327 -0.9981 -0.0518
vn -0.0184 -0.9076 0.4194
vn -0.2826 -0.6527 0.7029
vn 0.0600 -0.9396 0.3371
vn 0.1415 -0.8150 0.5619
vn 0.1993 -0.0402 -0.9791
vn -0.2288 -0.2584 -0.9385
vn -0.5989 -0.2890 -0.7469
vn -0.2851 -0.2247 -0.9318
vn 1.0000 0.0023 0.0044
vn 1.0000 0.0047 -0.0003
vn 1.0000 0.0001 -0.0027
vn 1.0000 0.0013 0.0024
vn 0.0083 -0.7038 -0.7103
vn 0.0027 -0.7105 0.7037
vn -0.2562 -0.5093 -0.8216
vn -0.3641 -0.8579 0.3624
vn 0.0283 0.0227 -0.9993
vn -0.0357 -0.0142 -0.9993
vn 0.0052 0.0424 -0.9991
vn -0.6704 -0.1094 -0.7339
vn -0.1721 -0.5679 -0.8049
vn -0.3937 0.3918 -0.8316
vn 0.1453 0.0677 -0.9871
vn 0.0435 0.6336 -0.7724
vn 0.0282 0.0452 -0.9986
vn 0.5400 0.2951 -0.7883
vn 0.2103 0.0646 0.9755
vn -0.0317 0.9945 0.1002
vn -0.1002 -0.0012 0.9950
vn -1.0000 -0.0002 -0.0012
vn -1.0000 -0.0008 0.0056
vn -1.0000 0.0002 0.0023
vn -1.0000 -0.0005 0.0048
vn 0.0133 -0.0083 0.9999
vn -0.0100 0.0109 0.9999
vn -0.0028 0.0042 1.0000
vn 0.0063 -0.0312 0.9995
vn -1.0000 0.0005 0.0015
vn 0.5275 -0.0895 0.8449
vn 0.1133 -0.4803 0.8697
vn -0.0451 0.0369 0.9983
vn -0.0012 0.0065 1.0000
vn 0.0330 -0.0406 0.9986
vn 0.0009 0.0060 1.0000
vn 0.0015 1.0000 -0.0048
vn 0.0042 1.0000 -0.0010
vn -0.0589 0.7517 -0.6569
vn 0.0164 0.9910 -0.1330
vn 0.6331 0.5195 -0.5739
vn 1.0000 0.0012 0.0008
vn 0.6896 0.0003 -0.7241
vn 1.0000 0.0036 0.0014
vn -0.0293 -0.0441 0.9986
vn -0.0657 -0.0187 0.9977
vn -0.0776 -0.0015 0.9970
vn -0.0259 0.0956 0.9951
vn -0.1347 -0.0076 0.9909
vn -0.1451 -0.5467 0.8247
vn -0.5065 -0.1617 0.8470
vn 0.0084 -0.0159 0.9998
vn 0.0453 0.4989 0.8655
vn 0.0045 -0.0030 1.0000
vn 1.0000 -0.0011 0.0012
vn 1.0000 -0.0030 -0.0002
vn 1.0000 -0.0009 0.0013
vn 1.0000 -0.0012 0.0018
vn 0.0302 0.0526 0.9982
vn -0.0316 -0.0314 0.9990
vn -0.0020 0.0013 -1.0000
vn 0.0366 0.1524 -0.9876
vn 0.0056 0.0002 -1.0000
vn -0.0492 0.0258 -0.9985
vn 0.1073 0.0266 -0.9939
vn 0.0042 -0.0096 -0.9999
vn 0.0012 0.0180 -0.9998
vn 0.7788 -0.1398 -0.6115
vn 0.1012 -0.4471 -0.8887
vn 0.7037 0.7105 0.0058
vn 0.0011 1.0000 -0.0013
vn 0.7033 0.7109 -0.0018
vn 0.0017 1.0000 -0.0028
vn -0.0004 0.0102 -0.9999
vn -0.1229 -0.0093 -0.9924
vn 0.9379 -0.0023 0.3469
vn 0.8594 0.2368 0.4531
vn 0.9861 0.0100 0.1659
vn 0.7285 0.3049 0.6135
vn 0.8377 -0.1318 0.5300
vn 0.5253 -0.0769 0.8474
vn 0.4840 -0.8280 0.2832
vn 0.9278 0.1781 0.3279
vn 0.0727 -0.6519 0.7548
vn -0.2120 -0.3680 0.9054
vn -0.0527 -0.5281 0.8475
vn -0.0635 -0.6511 0.7563
vn 0.1727 -0.3232 0.9304
vn 0.2319 0.1713 0.9575
vn 0.0148 -0.3485 0.9372
vn -0.0151 -0.0928 0.9956
vn -0.0043 -0.6365 0.7713
vn -0.0017 0.8403 0.5422
vn -0.0195 0.2450 0.9693
vn -0.1554 -0.9639 0.2164
vn 0.0054 -0.9299 -0.3678
vn 0.1378 -0.9824 0.1264
vn 0.2983 0.7861 0.5414
vn 0.1916 0.1158 0.9746
vn -0.6852 0.5731 0.4495
vn -0.9109 -0.1206 0.3947
vn 0.0535 0.0315 0.9981
vn -0.0126 0.1026 0.9946
vn 0.0022 -0.0767 0.9971
vn 0.1704 0.5778 0.7982
vn -0.0471 0.1344 0.9898
vn -0.0166 -0.2847 0.9585
vn 0.0010 0.3222 0.9467
vn 0.2918 0.7056 0.6458
vn -0.4319 0.5657 0.7024
vn -0.1078 0.2655 0.9581
vn -0.1780 -0.6400 0.7475
vn -0.0053 0.0554 0.9984
vn 0.0008 0.1263 0.9920
vn -0.1703 0.2869 0.9427
vn -0.0428 0.3265 0.9442
vn 0.0160 0.1821 0.9832
vn 0.0240 -0.6668 0.7449
vn -0.1328 0.3232 0.9370
vn 0.0021 0.1155 0.9933
vn 0.0836 0.1940 0.9774
vn 0.0098 0.0580 0.9983
vn -0.0558 0.5390 0.8405
vn 0.0450 0.1668 0.9850
vn 0.0984 0.2894 0.9521
vn -0.2680 -0.1140 0.9567
vn -0.5672 -0.6175 0.5449
vn -0.1453 -0.1166 0.9825
vn -0.0563 -0.2442 0.9681
vn 0.8707 -0.4811 0.1026
vn 0.3363 -0.0166 -0.9416
vn 0.0434 -0.7726 -0.6334
vn 0.5411 -0.1514 -0.8272
vn -0.0275 -0.7947 -0.6064
vn -0.3750 -0.4647 -0.8021
vn 0.3720 -0.5414 -0.7540
vn 0.0194 -0.9979 -0.0619
vn 0.6017 -0.6029 0.5238
vn -0.6330 -0.7556 -0.1682
vn -0.2152 -0.4349 -0.8744
vn 0.3090 -0.5158 -0.7990
vn 0.1678 -0.9032 -0.3950
vn 0.0387 -0.9992 -0.0098
vn -0.1066 -0.6673 -0.7371
vn 0.0828 -0.4833 -0.8715
vn 0.0221 -0.8887 -0.4580
vn 0.1204 -0.9904 0.0674
vn -0.0514 -0.3156 -0.9475
vn -0.2604 -0.2756 -0.9253
vn -0.0673 -0.5770 -0.8140
vn -0.3966 -0.5249 -0.7531
vn 0.1001 -0.3995 -0.9112
vn -0.1755 -0.3201 -0.9310
vn 0.0178 -0.4858 -0.8739
vn 0.2243 -0.9241 -0.3095
vn 0.1106 -0.8435 -0.5256
vn 0.0168 -0.8958 -0.4442
vn -0.2117 -0.9072 -0.3635
vn 0.0065 -0.9700 -0.2428
vn -0.1967 -0.9199 -0.3394
vn -0.1231 -0.4207 -0.8988
vn 0.0414 -0.8664 -0.4977
vn -0.4610 -0.7734 -0.4352
vn -0.0584 -0.9591 -0.2770
vn -0.0367 -0.9413 -0.3356
vn 0.0516 -0.6963 -0.7159
vn -0.0618 -0.6245 -0.7786
vn -0.0232 -0.6831 -0.7300
vn -0.5186 -0.4288 -0.7397
vn -0.4224 -0.7432 -0.5189
vn 0.1221 -0.9605 -0.2500
vn 0.4691 -0.6687 -0.5769
vn 0.1850 -0.3364 -0.9233
vn 0.3546 -0.8195 -0.4501
vn 0.6071 -0.6768 -0.4163
vn 0.6444 0.4097 -0.6457
vn 0.5137 0.5774 -0.6346
vn 0.1661 0.9696 -0.1798
vn 0.6379 0.6713 -0.3775
vn -1.0000 0.0001 -0.0021
vn -1.0000 -0.0017 -0.0033
vn -1.0000 -0.0007 -0.0011
vn -1.0000 -0.0020 -0.0041
vn 0.0012 -0.9999 -0.0123
vn 0.0030 -1.0000 -0.0064
vn 0.0016 -0.9999 -0.0109
vn 0.0032 -1.0000 -0.0065
vn 0.9954 -0.0953 -0.0062
vn 0.8414 -0.5398 -0.0238
vn -0.2788 -0.9077 0.3135
vn 0.5418 -0.8373 -0.0728
vn 0.2359 -0.9672 0.0940
vn 0.7643 -0.5871 0.2668
vn 0.0683 -0.9977 -0.0037
vn -0.1898 -0.1669 0.9675
vn -0.1217 -0.9921 0.0314
vn -0.0021 -0.9997 -0.0242
vn -0.1026 -0.9916 -0.0787
vn 0.1348 0.9895 -0.0520
vn -0.0706 0.9960 -0.0543
vn -0.0115 0.9999 0.0073
vn -0.0082 1.0000 -0.0007
vn -1.0000 0.0031 0.0012
vn -1.0000 0.0023 0.0047
vn -0.9914 -0.1297 0.0161
vn -0.9993 -0.0274 -0.0253
vn -0.9338 -0.3469 0.0876
vn 0.1955 0.9444 0.2642
vn -0.0081 0.9226 -0.3857
vn -0.4566 0.8729 0.1716
vn 0.0686 0.9961 0.0555
vn 0.0339 0.9944 0.1003
vn 0.0178 0.9991 -0.0395
vn 0.2694 0.9137 0.3043
vn 0.3344 0.9186 0.2106
vn -0.3703 -0.1422 -0.9180
vn -0.0234 0.5730 -0.8193
vn -0.2474 -0.4350 -0.8658
vn 0.2799 0.4513 -0.8473
vn -0.1161 0.9550 -0.2728
vn 0.0135 0.9772 0.2120
vn 0.5201 0.7285 -0.4458
vn -0.0832 0.6930 0.7161
vn -0.6920 0.0227 0.7215
vn -0.0237 -0.3718 0.9280
vn -0.9483 0.2357 -0.2126
vn -0.9937 0.0941 0.0605
vn -0.9972 0.0145 0.0735
vn -0.9947 0.0581 0.0851
vn 0.9845 -0.1745 0.0174
vn 0.9800 -0.1970 -0.0286
vn 0.9799 -0.1558 -0.1244
vn 0.7098 -0.6060 -0.3592
vn -0.0017 -0.8091 -0.5876
vn -0.0006 -0.2053 -0.9787
vn 0.2390 -0.4160 -0.8774
vn -0.1663 -0.0142 -0.9860
vn -0.1431 0.0928 -0.9854
vn -0.1333 -0.6107 -0.7806
vn -0.1789 0.1276 -0.9756
vn 0.0073 0.3675 -0.9300
vn -0.6498 -0.3243 -0.6875
vn -0.1487 0.0546 -0.9874
vn 0.0120 -0.3997 -0.9166
vn -0.3829 -0.9222 -0.0547
vn -0.0939 -0.9955 -0.0158
vn -0.1054 -0.9809 0.1637
vn 0.0065 -0.9993 -0.0378
vn -0.3316 -0.9182 -0.2166
vn 0.2867 -0.9307 -0.2271
vn -0.2219 -0.3637 -0.9047
vn -0.0368 -0.9678 -0.2490
vn -0.7574 -0.2566 -0.6004
vn -0.3787 0.6772 -0.6309
vn -0.6393 0.5288 -0.5582
vn -0.5775 0.7746 0.2578
vn -0.5031 0.3604 -0.7855
vn 0.1994 -0.5755 -0.7931
vn 0.0200 -0.9227 -0.3851
vn -0.2047 -0.9040 -0.3753
vn -0.0722 -0.6199 -0.7813
vn 0.2737 -0.8970 -0.3470
vn -0.3043 -0.9325 -0.1943
vn -0.9529 0.2142 0.2149
vn -0.8382 -0.4693 0.2777
vn -0.9407 -0.3233 0.1026
vn -0.7724 0.6351 -0.0033
vn -0.9401 0.3157 0.1285
vn -0.9268 -0.3612 -0.1028
vn -0.8416 -0.4450 -0.3059
vn -0.9051 0.4253 0.0046
vn -0.9862 -0.1563 -0.0549
vn -0.0009 0.0282 0.9996
vn 0.6184 0.3571 0.7001
vn 0.2538 0.4089 0.8766
vn -0.9756 0.2172 0.0322
vn -0.9779 0.0822 0.1921
vn -0.1596 -0.9848 -0.0689
vn -0.9654 0.2384 -0.1061
vn -0.9549 0.2946 -0.0370
vn -0.3428 0.8840 0.3179
vn -0.9632 -0.1730 -0.2058
vn -0.7349 -0.5867 0.3400
vn -0.2476 -0.9682 0.0345
vn -0.6669 -0.7017 0.2507
vn -0.3942 -0.8189 0.4172
vn 0.0618 -0.9961 -0.0634
vn 0.1366 -0.9869 -0.0854
vn 0.0567 -0.9911 0.1201
vn -0.0857 0.1771 -0.9804
vn 0.4954 -0.2366 -0.8358
vn 0.3359 -0.8936 0.2977
vn 0.4889 -0.8453 0.2156
vn -0.7414 -0.2645 0.6167
vn -0.9804 0.0237 -0.1955
vn -0.9945 0.0736 0.0741
vn 0.2774 -0.0931 0.9562
vn -0.1951 0.6829 0.7039
vn -0.4594 0.4808 0.7469
vn 0.1729 -0.1818 0.9680
vn 0.1064 0.8202 0.5621
vn -0.5246 0.7171 -0.4588
vn 0.0840 -0.3898 0.9171
vn 0.3940 0.9116 0.1172
vn 0.3482 0.8465 -0.4026
vn 0.4871 0.8515 0.1938
vn 0.5703 -0.0966 -0.8157
vn 0.3708 0.6483 -0.6650
vn 0.8918 -0.0047 -0.4524
vn 0.6123 0.5119 -0.6026
vn -0.4189 -0.0121 -0.9080
vn -0.5034 0.2838 -0.8161
vn -0.4571 0.6158 -0.6417
vn 0.1671 0.9209 -0.3522
vn 0.1772 0.9538 -0.2426
vn 0.2831 0.9553 -0.0850
vn -0.1250 0.9394 -0.3192
vn -0.1056 0.9839 -0.1441
vn 0.0565 -0.6190 -0.7833
vn -0.6074 -0.2554 -0.7522
vn 0.4315 -0.4697 -0.7702
vn 0.0627 0.6251 -0.7781
vn 0.3103 0.5536 -0.7728
vn 0.2901 0.1499 -0.9452
vn 0.0178 0.8672 0.4977
vn -0.0670 0.9295 0.3628
vn 0.0676 0.9437 0.3237
vn 0.0063 -0.9540 -0.2997
vn -0.2731 -0.8141 -0.5126
vn 0.0020 -0.8869 -0.4620
vn 0.1433 -0.7261 -0.6725
vn -0.1964 -0.8165 -0.5429
vn -0.0493 -0.9335 -0.3551
vn 0.2848 -0.8386 -0.4644
vn 0.2795 0.4582 0.8438
vn 0.0684 0.1833 0.9807
vn 0.1818 0.0644 0.9812
vn -0.4644 0.3264 0.8232
vn -0.2233 -0.2325 -0.9466
vn 0.0571 -0.7164 -0.6954
vn 0.2107 -0.3374 -0.9175
vn -0.3721 -0.3999 -0.8377
vn 0.0948 -0.2125 -0.9726
vn 0.9187 -0.3761 -0.1207
vn 0.8397 -0.4466 -0.3090
vn 0.6881 -0.6735 0.2701
vn -0.4668 -0.5195 -0.7157
vn -0.4581 0.6592 -0.5963
vn -0.3709 0.0590 -0.9268
vn -0.0972 0.1017 -0.9901
vn -0.6730 -0.4376 -0.5963
vn -0.9947 0.0084 -0.1025
vn 0.0219 -0.1438 -0.9894
vn -0.2744 -0.5964 -0.7543
vn 0.2633 0.9234 -0.2794
vn 0.1787 0.9324 -0.3142
vn 0.5096 0.8456 -0.1590
vn -0.5260 -0.8350 -0.1614
vn -0.7476 0.4172 -0.5168
vn -0.6277 -0.5348 -0.5657
vn -0.3567 0.9226 -0.1470
vn -0.6938 0.7199 0.0173
vn -0.8516 0.5226 -0.0413
vn -0.7012 -0.6623 0.2639
vn -0.4077 -0.9046 0.1241
vn 0.0367 -0.9622 0.2698
vn -0.8335 -0.4984 -0.2383
vn -0.9751 0.2045 0.0859
vn -0.9486 -0.1423 -0.2826
vn -0.9705 -0.1318 -0.2019
vn -0.3081 0.9486 0.0729
vn -0.9059 0.3878 -0.1699
vn -0.9989 -0.0383 -0.0262
vn -0.9952 -0.0977 0.0095
vn -0.9908 -0.0172 -0.1343
vn -0.9737 -0.2184 -0.0653
vn -0.5989 0.8003 -0.0288
vn -0.9966 -0.0813 -0.0144
vn -0.9631 -0.2610 -0.0658
vn -0.9992 0.0251 -0.0323
vn -0.9946 -0.0801 -0.0659
vn -0.9980 -0.0616 0.0113
vn -0.9936 -0.1124 0.0139
vn -0.9977 0.0625 -0.0277
vn -0.9825 -0.1862 0.0049
vn -0.9997 -0.0228 0.0082
vn -0.9965 -0.0784 0.0283
vn -0.9878 -0.1449 -0.0572
vn -0.9955 -0.0920 0.0210
vn -0.9946 -0.1037 -0.0000
vn -0.9958 0.0914 -0.0082
vn -0.9997 0.0239 0.0019
vn -0.9996 -0.0274 0.0049
vn -1.0000 0.0014 0.0063
vn -0.9778 -0.1994 0.0640
vn -0.9948 -0.0812 -0.0619
vn -0.9941 -0.1073 0.0142
vn -0.9951 -0.0443 0.0883
vn -0.9743 -0.2242 0.0213
vn -0.8175 0.5500 0.1708
vn -0.7477 0.6407 0.1744
vn -0.9678 -0.2176 -0.1264
vn -0.6783 0.3886 0.6236
vn -0.2119 0.7945 0.5690
vn -0.5087 0.4467 0.7360
vn -0.7579 0.6509 -0.0436
vn -0.0882 -0.2520 0.9637
vn 0.8915 0.4177 -0.1753
vn 0.8786 0.3554 0.3189
vn 0.9946 0.1003 -0.0284
vn 0.7217 0.5762 0.3837
vn 0.5481 -0.6751 0.4938
vn 0.9722 0.2328 0.0235
vn 0.9274 -0.3724 0.0354
vn 0.9523 0.3036 -0.0308
vn 0.8436 0.4290 -0.3230
vn 0.4794 0.3235 -0.8158
vn 0.8287 0.5500 0.1032
vn 0.9712 -0.2099 0.1125
vn 0.8950 -0.4454 0.0239
vn 0.8218 0.5693 -0.0232
vn 0.9695 -0.2086 0.1289
vn -0.9560 0.2934 -0.0014
vn 0.6313 0.7575 -0.1666
vn 0.3476 0.8720 0.3446
vn 0.9363 0.2763 0.2168
vn -0.7090 0.3197 -0.6285
vn -0.0789 0.4937 -0.8660
vn -0.4896 0.2938 -0.8210
vn -0.5672 -0.8235 -0.0093
vn -0.6827 0.7307 0.0040
vn -0.7841 0.6203 -0.0207
vn -0.4010 -0.9155 0.0327
vn -0.5281 -0.8492 -0.0009
vn 0.0530 -0.9984 0.0180
vn -0.9825 0.1792 -0.0509
vn -0.6201 0.7845 -0.0063
vn -0.8558 0.5156 -0.0426
vn -0.9373 0.3367 -0.0901
vn -0.5196 0.8544 -0.0070
vn -0.8643 0.4920 0.1048
vn -0.5511 0.8335 0.0382
vn -0.7101 -0.7039 0.0183
vn -0.7448 0.6659 -0.0425
vn -0.9305 0.3663 -0.0049
vn -0.9379 0.3463 -0.0183
vn -0.9533 -0.2981 0.0480
vn -0.4761 0.8714 0.1180
vn -0.7079 0.4840 0.5145
vn -0.7400 0.6683 -0.0767
vn -0.2032 -0.2268 0.9525
vn 0.9735 0.2168 0.0723
vn 0.9840 -0.1782 0.0049
vn 0.9320 0.3402 0.1252
vn 0.9624 -0.2699 -0.0298
vn 0.0261 0.4220 0.9062
vn -0.0412 0.7140 0.6989
vn -0.0403 0.1727 0.9842
vn -0.1422 0.6867 0.7129
vn 0.0169 0.4204 0.9072
vn -0.8398 0.5424 -0.0229
vn -0.8406 0.5199 0.1520
vn -0.5369 0.8230 0.1854
vn -0.2465 0.8147 0.5249
vn -0.1079 0.4581 0.8823
vn -0.7476 0.6146 0.2516
vn -0.7612 -0.6449 0.0691
vn -0.0935 -0.8634 -0.4958
vn -0.7309 -0.6756 -0.0965
vn -0.7862 -0.6162 0.0468
vn -0.0818 -0.9965 -0.0194
vn -0.1351 -0.9904 0.0304
vn 0.3498 -0.7858 0.5102
vn -0.7554 -0.6552 0.0001
vn -0.9494 -0.2971 0.1015
vn -0.9758 -0.2061 0.0724
vn -0.7959 -0.6054 -0.0012
vn 0.1086 -0.9941 0.0065
vn -0.2264 -0.9588 -0.1714
vn -0.7207 -0.6792 -0.1386
vn -0.6844 0.7291 -0.0010
vn -0.7858 -0.6182 0.0183
vn 0.3213 -0.9470 -0.0035
vn -0.9732 -0.1865 0.1347
vn -0.5381 -0.8428 -0.0108
vn -0.6029 -0.7810 0.1629
vn -0.9214 -0.3885 -0.0003
vn -0.3094 -0.9508 0.0145
vn -0.7327 -0.6805 -0.0023
vn 0.1138 -0.9934 -0.0142
vn -0.9224 -0.3494 0.1645
vn -0.9870 -0.1605 -0.0111
vn 0.0462 -0.9874 -0.1512
vn 0.0709 -0.9460 0.3164
vn 0.3935 -0.9193 -0.0101
vn -0.6448 -0.7640 0.0222
vn 0.9696 0.0426 -0.2409
vn 0.9983 -0.0177 0.0552
vn -0.4653 0.0507 0.8837
vn -0.4857 -0.0115 0.8740
vn 0.9998 -0.0089 0.0162
vn -0.3117 0.0085 0.9502
vn 0.9999 -0.0134 -0.0002
vn 1.0000 -0.0003 0.0032
vn 1.0000 0.0065 0.0006
vn 0.9999 0.0153 0.0022
vn 0.9861 -0.1494 -0.0728
vn 0.9596 -0.0773 0.2704
vn 1.0000 -0.0000 0.0046
vn 0.9988 -0.0492 0.0040
vn 0.9682 -0.2502 0.0067
vn 1.0000 0.0066 -0.0011
vn 1.0000 0.0063 0.0010
vn 0.9999 0.0116 0.0112
vn 1.0000 -0.0008 0.0009
vn 1.0000 -0.0007 -0.0003
vn 1.0000 -0.0008 -0.0000
vn 1.0000 0.0012 0.0004
vn 1.0000 -0.0000 0.0001
vn 1.0000 -0.0034 0.0013
vn 1.0000 0.0038 -0.0004
vn 1.0000 0.0015 -0.0013
vn 1.0000 0.0015 -0.0006
vn 1.0000 -0.0002 -0.0024
vn 0.9868 0.0317 -0.1591
vn 1.0000 -0.0065 -0.0009
vn 1.0000 0.0036 0.0005
vn 1.0000 -0.0004 -0.0077
vn 0.9993 -0.0025 -0.0384
vn 1.0000 -0.0021 -0.0009
vn 1.0000 -0.0000 -0.0010
vn 1.0000 -0.0005 -0.0015
vn -0.1671 -0.2399 -0.9563
vn 1.0000 0.0009 -0.0081
vn 0.7617 -0.0285 -0.6473
vn 0.8881 0.2225 0.4023
vn 0.4560 0.0920 -0.8852
vn 0.1177 -0.9930 0.0057
vn 0.0319 -0.0151 0.9994
vn 1.0000 -0.0014 -0.0036
vn 1.0000 -0.0011 -0.0028
vn 1.0000 -0.0030 -0.0008
vn 1.0000 0.0010 -0.0047
vn -1.0000 0.0014 -0.0017
vn -0.9999 -0.0001 -0.0121
vn -0.9999 0.0056 -0.0159
vn -0.9999 -0.0000 -0.0119
vn -1.0000 -0.0035 -0.0055
vn -1.0000 -0.0058 -0.0048
vn -0.9998 0.0053 -0.0168
vn -0.9291 0.0307 -0.3686
vn -0.9999 -0.0060 -0.0149
vn -0.9972 0.0746 -0.0049
vn -0.5003 0.0499 -0.8644
vn -1.0000 0.0018 0.0027
vn -0.9990 -0.0313 -0.0319
vn -1.0000 -0.0039 -0.0044
vn -0.9994 -0.0302 -0.0193
vn -1.0000 -0.0032 -0.0034
vn -0.9977 0.0672 -0.0006
vn -0.9992 0.0391 -0.0056
vn -1.0000 0.0015 0.0001
vn -0.9908 0.1316 0.0319
vn -0.6328 0.7340 0.2464
vn -0.9998 0.0176 0.0051
vn -0.9999 -0.0102 -0.0039
vn -0.8347 0.2961 -0.4643
vn -0.9990 -0.0381 -0.0213
vn -0.9995 0.0084 0.0300
vn -1.0000 -0.0002 0.0003
vn -0.8189 0.5580 0.1345
vn -0.9999 0.0008 0.0131
vn 0.5527 0.7302 -0.4017
vn -0.3320 0.9409 -0.0669
vn -0.2474 0.9682 0.0385
vn 0.0278 0.9996 -0.0039
vn -0.5221 0.7877 -0.3271
vn -1.0000 0.0033 0.0019
vn -0.9990 0.0424 0.0106
vn -1.0000 -0.0015 0.0010
vn -1.0000 0.0015 0.0025
vn 0.0797 0.0007 0.9968
vn -1.0000 0.0021 -0.0011
vn -1.0000 -0.0010 -0.0041
vn -1.0000 0.0023 -0.0009
vn -1.0000 0.0054 0.0020
vn 0.1376 0.0132 0.9904
vn 0.9994 -0.0301 0.0181
vn 0.9021 0.0402 0.4297
vn 0.2359 -0.3011 0.9240
vn 0.9986 -0.0174 0.0503
vn 1.0000 -0.0019 0.0012
vn 0.9979 0.0005 -0.0654
vn 0.9995 -0.0316 0.0007
vn 1.0000 0.0012 -0.0022
vn 1.0000 -0.0000 0.0004
vn 0.9990 0.0135 -0.0421
vn 0.9955 -0.0926 0.0203
vn 1.0000 -0.0005 0.0006
vn 0.9821 -0.0010 -0.1884
vn 0.9997 0.0252 0.0007
vn 0.9961 0.0886 0.0010
vn 0.6709 -0.2226 -0.7073
vn 0.9990 -0.0417 -0.0165
vn 1.0000 -0.0045 -0.0027
vn 1.0000 -0.0021 -0.0006
vn 1.0000 -0.0017 -0.0014
vn 1.0000 0.0002 0.0004
vn -0.9939 -0.1024 0.0410
vn 0.9647 -0.2449 -0.0972
vn 1.0000 -0.0024 0.0006
vn 0.9994 0.0343 0.0044
vn 0.9896 0.1441 -0.0033
vn 0.9965 -0.0829 0.0047
vn -0.4114 -0.9083 0.0761
vn 0.9738 -0.2222 -0.0486
vn 0.9999 -0.0112 -0.0017
vn 0.9915 0.0561 -0.1170
vn 0.9836 0.1761 0.0384
vn 0.9077 0.4110 -0.0849
vn 0.8832 -0.4203 -0.2084
vn 0.9998 0.0194 0.0016
vn 1.0000 -0.0000 -0.0003
vn 1.0000 -0.0054 -0.0006
vn 1.0000 -0.0001 -0.0022
vn 1.0000 -0.0037 -0.0016
vn 0.9978 -0.0033 -0.0667
vn 0.9998 -0.0028 0.0208
vn 1.0000 -0.0026 -0.0052
vn 0.9998 -0.0001 0.0216
vn 0.3359 -0.0251 0.9416
vn 0.1493 0.2053 0.9672
vn -0.9934 0.0269 0.1114
vn -1.0000 0.0080 0.0036
vn 0.7925 0.0292 0.6091
vn -0.9941 -0.0202 0.1063
vn -0.9998 -0.0018 0.0177
vn -0.9944 0.0279 0.1024
vn -1.0000 0.0001 0.0009
vn -0.9999 -0.0158 -0.0020
vn -1.0000 -0.0008 0.0001
vn -0.9995 -0.0112 -0.0287
vn -0.9972 0.0698 0.0268
vn -0.8424 0.5389 -0.0015
vn 0.5451 -0.8383 -0.0104
vn -0.1594 -0.9863 -0.0418
vn -0.8495 0.4239 0.3141
vn -0.9998 -0.0057 -0.0189
vn 0.8995 -0.4369 0.0007
vn -0.9999 -0.0002 -0.0109
vn -0.9526 0.1796 0.2454
vn -0.9994 -0.0160 -0.0298
vn -0.9942 -0.0594 -0.0895
vn -0.9971 -0.0270 -0.0708
vn 0.0877 -0.0030 -0.9961
vn -0.1452 -0.0234 -0.9891
vn -0.5540 -0.0472 -0.8312
vn -0.5081 -0.8095 -0.2943
vn -0.2355 -0.9355 0.2632
vn -0.9073 -0.2771 -0.3162
vn -0.7780 -0.4323 0.4559
vn -0.3162 -0.5545 -0.7698
vn 0.4574 -0.2786 -0.8445
vn 0.4722 -0.6969 -0.5398
vn 0.9995 -0.0315 -0.0027
vn 1.0000 -0.0007 0.0031
vn 0.9988 0.0480 0.0064
vn 0.9845 0.1478 0.0945
vn 1.0000 0.0049 0.0009
vn 1.0000 -0.0032 0.0022
vn 0.9999 -0.0111 -0.0004
vn 1.0000 -0.0031 -0.0001
vn 1.0000 0.0029 0.0015
vn 1.0000 -0.0031 -0.0018
vn 0.9997 -0.0056 0.0225
vn 1.0000 -0.0020 -0.0013
vn 1.0000 -0.0088 0.0019
vn 1.0000 -0.0053 -0.0016
vn 1.0000 -0.0033 0.0011
vn 0.5529 0.6396 0.5341
vn 0.0918 0.9958 -0.0051
vn 0.0848 0.9959 0.0311
vn 0.9996 0.0243 0.0130
vn 0.7510 0.6600 0.0194
vn 1.0000 -0.0055 -0.0004
vn 0.9999 -0.0071 -0.0093
vn 0.9962 -0.0153 0.0853
vn 0.9993 -0.0357 0.0076
vn 0.5039 -0.8636 0.0165
vn 0.9427 -0.3335 -0.0072
vn 0.9901 0.1352 0.0386
vn 0.7231 0.6282 0.2874
vn 0.5347 -0.8411 0.0814
vn 0.9527 0.1701 0.2518
vn 0.3639 0.9303 0.0466
vn 0.9617 0.2740 0.0079
vn 0.9989 0.0462 -0.0116
vn 0.9799 0.1987 -0.0182
vn 0.9958 0.0645 0.0643
vn 0.9252 0.3729 0.0708
vn 0.9893 -0.1453 -0.0090
vn 0.9998 0.0135 0.0151
vn 0.9998 -0.0176 -0.0064
vn 0.7233 0.1750 -0.6680
vn 0.9934 -0.0466 -0.1047
vn 0.9934 0.0916 0.0690
vn 0.9995 -0.0318 -0.0018
vn 0.9993 -0.0257 -0.0271
vn 0.9998 -0.0206 -0.0016
vn 0.9904 0.0982 -0.0973
vn 0.9995 -0.0306 -0.0031
vn 1.0000 -0.0052 -0.0018
vn 0.9994 -0.0226 -0.0252
vn 0.9996 -0.0222 -0.0161
vn 0.9987 0.0171 0.0474
vn 0.8063 -0.5841 -0.0934
vn 0.9909 0.1032 0.0860
vn 0.9999 0.0071 -0.0082
vn -0.9754 0.0202 -0.2195
vn 0.9940 0.1078 -0.0174
vn 0.9990 0.0358 0.0266
vn 0.7908 0.5890 0.1663
vn 0.5484 -0.3269 0.7697
vn 0.9378 -0.0115 0.3469
vn 0.9977 -0.0663 0.0171
vn 1.0000 0.0004 -0.0012
vn 1.0000 -0.0020 -0.0026
vn 0.0056 0.9999 -0.0142
vn -0.9932 -0.0034 -0.1162
vn -0.9637 0.0260 0.2656
vn -1.0000 -0.0020 -0.0056
vn -0.9968 0.0098 0.0791
vn -0.9372 0.3115 -0.1567
vn -1.0000 -0.0028 -0.0020
vn -0.9745 -0.0115 -0.2239
vn -1.0000 0.0064 -0.0027
vn 0.5735 -0.0911 -0.8141
vn -1.0000 0.0027 0.0002
vn -0.1620 -0.9863 -0.0299
vn -0.2480 -0.9688 -0.0055
vn -0.3326 -0.9430 0.0072
vn -0.1921 -0.9813 -0.0148
vn -1.0000 -0.0037 0.0003
vn -0.9940 0.0493 -0.0979
vn -0.9856 0.1686 -0.0153
vn -0.9988 0.0472 -0.0124
vn -0.9999 -0.0162 -0.0000
vn -0.9887 -0.1495 -0.0092
vn -0.9333 0.1268 -0.3360
vn -0.9999 -0.0100 -0.0138
vn -0.9508 0.1277 0.2822
vn -0.9995 0.0286 0.0111
vn -0.9998 -0.0048 0.0192
vn -0.9985 0.0458 -0.0285
vn -0.9610 -0.2543 0.1089
vn -0.9946 -0.0651 0.0806
vn -0.9705 -0.2238 0.0898
vn -0.9993 0.0078 0.0354
vn -0.9964 0.0512 0.0673
vn -0.8816 -0.4699 -0.0454
vn -0.9674 -0.2380 -0.0863
vn -1.0000 0.0017 -0.0017
vn -0.9267 -0.3076 -0.2160
vn -0.9989 0.0351 0.0325
vn -0.9999 -0.0104 0.0138
vn -0.9983 -0.0172 0.0553
vn -1.0000 0.0070 0.0020
vn -0.9923 -0.0498 -0.1138
vn -0.9297 -0.3437 -0.1324
vn -0.9975 0.0712 0.0007
vn -0.9999 -0.0100 -0.0071
vn -0.9153 0.0340 0.4013
vn -0.9999 -0.0086 -0.0053
vn -0.9156 0.2800 0.2886
vn -0.9634 -0.2681 0.0092
vn 0.2381 -0.0494 0.9700
vn -0.9257 -0.3152 0.2090
vn -0.9997 0.0031 0.0222
vn 0.5080 -0.6139 0.6042
vn -0.3137 -0.9075 0.2795
vn -0.9906 -0.0040 -0.1369
vn -1.0000 0.0001 -0.0006
vn -0.9993 0.0343 0.0147
vn -0.9925 0.1210 0.0186
vn 0.9893 -0.0417 -0.1396
vn -0.1890 0.9760 0.1079
vn -0.4038 0.8446 -0.3517
vn -0.4988 0.7608 0.4151
vn -0.8919 0.4521 -0.0113
vn 0.6615 0.7414 -0.1125
vn 0.7006 0.6440 0.3071
vn -1.0000 -0.0004 -0.0002
vn -1.0000 -0.0016 0.0002
vn -1.0000 -0.0041 -0.0023
vn -0.8405 0.5066 0.1920
vn -0.9993 0.0377 0.0058
vn -0.7934 0.4318 0.4291
vn -0.9998 0.0047 -0.0169
vn -0.9999 -0.0127 -0.0007
vn 0.7356 0.0193 0.6771
vn 0.8369 -0.2567 0.4834
vn -0.0132 0.0050 0.9999
vn 0.4227 0.1227 0.8979
vn -0.2274 -0.0063 0.9738
vn -0.8305 0.0149 0.5568
vn 0.9807 0.0548 -0.1877
vn 0.9947 -0.0990 0.0291
vn 0.9974 -0.0702 -0.0147
vn 0.6293 0.7738 -0.0726
vn 0.9999 -0.0103 0.0122
vn 0.8341 -0.5198 -0.1846
vn 0.7351 -0.5531 0.3920
vn 0.7172 -0.5704 -0.4004
vn 1.0000 0.0023 -0.0006
vn 0.9999 0.0088 -0.0057
vn 0.9999 -0.0163 -0.0026
vn 0.9905 -0.1198 0.0676
vn 0.9846 -0.1604 -0.0693
vn 0.9999 -0.0146 -0.0008
vn 0.9976 0.0176 -0.0668
vn 0.9976 0.0663 0.0180
vn 0.9987 0.0099 -0.0508
vn 0.9950 0.0335 -0.0939
vn 0.9686 0.1008 -0.2275
vn -0.8823 -0.0410 -0.4689
vn -0.1740 0.2681 -0.9476
vn -0.0396 -0.3941 -0.9182
vn -0.5028 -0.2005 -0.8409
vn -0.3706 0.7415 0.5593
vn -0.2170 0.8581 0.4654
vn 0.0108 0.4352 0.9003
vn 0.3528 0.8214 0.4482
vn 0.0345 0.7572 -0.6523
vn -0.0557 0.0200 -0.9982
vn 0.2698 0.8832 -0.3836
vn -0.2697 0.3721 -0.8881
vn -0.5981 0.7088 -0.3741
vn -0.8485 0.4488 -0.2805
vn -0.5070 0.8596 -0.0638
vn -0.4204 0.8493 0.3194
vn -0.4450 0.7929 -0.4163
vn 0.0488 -0.2167 0.9750
vn 0.1431 -0.0471 0.9886
vn 0.7838 -0.4697 0.4063
vn 0.0672 0.0201 0.9975
vn 0.5575 0.8184 -0.1392
vn 0.0844 0.9951 0.0515
vn 0.1044 0.9945 0.0050
vn -0.3235 -0.3868 -0.8636
vn -0.1570 -0.1870 -0.9697
vn -0.0265 0.0213 -0.9994
vn 0.0661 0.0524 -0.9964
vn -0.0054 0.1587 -0.9873
vn 0.0886 0.5298 -0.8435
vn -0.0496 0.4435 -0.8949
vn -0.5416 -0.5355 -0.6479
vn -0.1282 -0.0541 -0.9903
vn -0.3826 -0.0228 -0.9236
vn -0.2255 0.9739 -0.0251
vn -0.3679 0.9280 -0.0590
vn -0.2802 0.9592 0.0367
vn -0.6505 -0.7594 -0.0089
vn -0.4322 0.8737 0.2231
vn 0.2518 0.2569 -0.9331
vn -0.4345 0.1103 -0.8939
vn 0.1516 -0.0257 -0.9881
vn 0.2454 -0.1514 -0.9575
vn 0.0577 -0.0020 -0.9983
vn 0.1034 -0.0022 -0.9946
vn 0.1639 -0.0272 -0.9861
vn -0.0005 -0.0384 0.9993
vn -0.3260 -0.0655 0.9431
vn -0.3281 -0.4611 0.8245
vn 0.5489 -0.2513 0.7972
vn 0.7772 0.0258 0.6287
vn 0.1753 -0.1194 0.9772
vn 0.1006 -0.1598 0.9820
vn 0.5524 -0.8221 -0.1383
vn -0.0085 -0.1533 0.9881
vn -0.1473 -0.0911 0.9849
vn 0.7233 -0.2021 0.6603
vn -0.3661 0.0257 0.9302
vn -0.2332 -0.0825 0.9689
vn -0.2899 -0.0262 0.9567
vn -0.2923 0.1405 0.9460
vn 0.2045 -0.9773 0.0547
vn 0.0658 -0.9978 0.0027
vn -0.0130 -0.9999 -0.0045
vn -0.0827 -0.9840 -0.1580
vn 0.2839 0.9316 -0.2271
vn -0.0278 0.9975 -0.0645
vn -0.1193 0.9927 0.0145
vn -0.0138 0.9999 0.0071
vn 0.6288 0.7775 0.0123
vn 0.7532 -0.6397 -0.1533
vn 0.5522 0.7509 -0.3622
vn 0.3260 0.9444 -0.0430
vn 0.0643 0.9979 0.0005
vn -0.0144 0.9991 0.0400
vn -0.5613 0.6995 -0.4423
vn 0.0637 0.9978 0.0194
vn -0.1974 -0.6067 0.7701
vn -0.4946 -0.8621 0.1103
vn -0.2960 -0.7391 0.6051
vn 0.4127 0.3704 0.8322
vn 0.0877 0.0273 0.9958
vn -0.2625 -0.1327 0.9558
vn 0.1417 -0.1167 0.9830
vn 0.8519 0.2210 0.4748
vn 0.2713 -0.2105 0.9392
vn 0.1004 -0.0567 0.9933
vn 0.1198 -0.0025 0.9928
vn 0.2131 0.0304 -0.9765
vn -0.1731 -0.2762 -0.9454
vn 0.1375 0.0154 -0.9904
vn 0.0775 -0.0094 -0.9969
vn 0.3197 -0.9474 -0.0121
vn 0.3537 -0.9185 0.1765
vn 0.9550 -0.2783 0.1030
vn 0.1392 -0.9874 -0.0757
vn 0.2383 -0.9712 -0.0044
vn 0.0609 -0.0134 -0.9981
vn 0.0165 0.0012 -0.9999
vn 0.0416 -0.0079 -0.9991
vn -0.0650 0.9975 -0.0259
vn -0.1184 0.9929 -0.0047
vn -0.1568 0.9861 0.0550
vn -0.2018 0.9794 0.0009
vn -1.0000 0.0016 -0.0014
vn -1.0000 -0.0012 0.0002
vn -1.0000 -0.0026 0.0010
vn -0.1484 -0.0050 -0.9889
vn -0.0065 -0.0754 -0.9971
vn -0.1678 0.0172 -0.9857
vn -0.2260 -0.8587 -0.4599
vn 0.0831 -0.3450 -0.9349
vn -0.1657 0.1733 -0.9708
vn 0.4534 0.0446 -0.8902
vn 0.6021 -0.3463 -0.7194
vn -0.3613 -0.0486 -0.9312
vn -0.5357 0.3495 -0.7687
vn -0.8475 -0.2221 -0.4822
vn -0.9589 -0.2800 0.0450
vn -0.8731 0.3002 -0.3841
vn 0.8619 -0.3628 0.3543
vn 0.9802 -0.1543 0.1242
vn 0.9962 -0.0648 -0.0590
vn 0.9406 0.3064 0.1464
vn 0.9462 -0.2849 0.1533
vn 0.9923 -0.0550 0.1113
vn 0.9328 -0.2375 0.2712
vn -0.3295 -0.9442 0.0027
vn -0.2932 -0.9559 0.0196
vn -0.2195 -0.9747 -0.0429
vn -0.2450 -0.9693 0.0211
vn -0.4589 -0.8548 -0.2423
vn -0.0333 0.0586 0.9977
vn -0.1966 0.2019 0.9595
vn -0.1158 -0.0184 0.9931
vn -0.3520 -0.7539 0.5548
vn -0.1658 -0.2248 0.9602
vn 0.0211 -0.2718 0.9621
vn -0.0328 -0.6028 0.7972
vn -0.0083 -0.1063 0.9943
vn -0.1730 -0.0920 0.9806
vn -0.0437 -0.0289 0.9986
vn 0.1566 -0.9842 -0.0826
vn 0.1035 -0.9938 0.0410
vn 0.1221 -0.9925 -0.0079
vn 0.0008 -1.0000 0.0010
vn 1.0000 0.0002 -0.0001
vn -0.6753 0.7239 -0.1414
vn -0.6955 0.7046 -0.1407
vn -0.6670 0.7438 0.0432
vn -0.6753 0.7350 0.0612
vn -0.4956 0.8337 0.2436
vn -0.4286 0.9034 0.0088
vn -0.0361 0.9473 -0.3182
vn 0.7662 0.4597 -0.4489
vn 0.0876 0.0312 0.9957
vn 0.1594 0.0260 0.9869
vn 0.1653 0.0582 0.9845
vn 0.9908 -0.1307 -0.0341
vn 0.9954 0.0850 0.0439
vn 0.9968 -0.0390 -0.0693
vn 0.2787 -0.1791 0.9435
vn 0.0877 -0.0081 0.9961
vn 0.1654 -0.0294 0.9858
vn 0.9175 0.0287 -0.3966
vn 0.9769 0.0084 -0.2133
vn 1.0000 0.0014 -0.0019
vn 0.9361 0.3478 -0.0518
vn 0.4496 0.3685 -0.8137
vn 0.1421 -0.9886 -0.0503
vn 0.0726 -0.9974 0.0027
vn 0.1173 -0.9931 0.0015
vn 0.1351 -0.9908 0.0078
vn -0.0375 -0.0360 -0.9986
vn -0.2455 -0.0099 -0.9693
vn 0.2504 0.5000 -0.8290
vn 0.2631 0.3968 -0.8794
vn -0.0275 0.3997 -0.9163
vn -0.1743 -0.8678 -0.4654
vn 0.0912 -0.5390 -0.8373
vn -0.2888 0.1593 -0.9440
vn -0.3979 0.5824 -0.7089
vn -0.1954 0.8486 -0.4916
vn -0.4360 0.2748 -0.8570
vn 0.5482 -0.4981 -0.6719
vn 0.5773 -0.7870 -0.2174
vn 0.4979 -0.8321 -0.2444
vn 0.3834 -0.9233 -0.0232
vn 0.2514 -0.9677 0.0169
vn 0.9209 -0.0368 0.3881
vn 0.6648 -0.7464 0.0305
vn -0.4079 -0.9130 0.0079
vn -0.2082 -0.9780 0.0100
vn -0.4303 -0.9022 -0.0294
vn -0.2135 -0.9769 0.0021
vn 0.1424 0.9898 -0.0055
vn 0.1048 0.9755 -0.1936
vn 0.4559 0.8900 -0.0045
vn 0.7077 0.6681 -0.2300
vn -0.4855 0.8104 -0.3280
vn -0.6967 0.6746 -0.2439
vn -0.6125 0.7895 -0.0391
vn -0.2891 0.9444 -0.1564
vn 0.9109 0.3877 0.1414
vn 0.4279 0.8591 -0.2809
vn 0.7169 0.5806 0.3860
vn 0.9068 0.4058 -0.1139
vn -0.2906 0.7951 0.5323
vn 0.9443 -0.2937 -0.1485
vn -0.3679 0.9035 0.2197
vn 0.8580 0.5014 0.1111
vn 0.8000 0.1378 -0.5839
vn 0.5956 0.8030 0.0203
vn 0.9184 0.2996 -0.2585
vn 0.3475 0.9353 -0.0669
vn 0.8948 -0.3904 -0.2165
vn 0.8861 0.2071 -0.4147
vn 0.7184 0.6787 0.1522
vn 0.9999 0.0035 0.0109
vn 0.3363 0.8934 0.2979
vn 0.8816 0.3640 -0.3005
vn 0.9908 -0.0425 -0.1288
vn -0.9654 0.1718 -0.1961
vn -0.9973 0.0370 0.0630
vn -0.8433 0.5034 0.1881
vn -0.9145 0.4041 0.0187
vn -0.7244 0.6838 0.0878
vn -0.2910 0.8776 0.3809
vn -0.7251 0.5825 -0.3673
vn -0.9097 0.4107 0.0608
vn -0.2138 -0.1636 0.9631
vn -0.1254 0.2514 0.9597
vn -0.3789 -0.2130 0.9006
vn -0.3400 -0.1773 0.9236
vn -0.1393 -0.0184 0.9901
vn -0.0831 0.0726 0.9939
vn -0.3354 0.2373 0.9117
vn -0.3034 -0.1701 0.9376
vn -0.1101 -0.0064 0.9939
vn 0.2826 -0.2246 -0.9326
vn 0.2091 -0.0524 -0.9765
vn -0.2207 -0.0135 -0.9752
vn 0.5366 -0.5287 -0.6576
vn 0.2039 -0.1226 -0.9713
vn 0.7288 0.0175 0.6845
vn 0.1384 0.0263 -0.9900
vn 0.2776 -0.2224 -0.9346
vn -0.7138 0.6903 -0.1185
vn -0.5683 0.7982 0.1997
vn -0.9657 0.2493 -0.0731
vn -0.5994 0.7945 -0.0974
vn -0.8903 0.4291 0.1524
vn -0.5834 0.5934 0.5546
vn 0.2700 0.8651 0.4228
vn -0.3096 0.7775 0.5474
vn -0.4214 0.4886 -0.7640
vn 0.0741 0.1188 -0.9901
vn -0.4373 0.3404 -0.8324
vn 0.0276 0.3683 -0.9293
vn 0.1112 0.6978 0.7076
vn -0.2652 0.3277 0.9068
vn -0.3104 0.3752 0.8734
vn -0.1693 0.5920 0.7879
vn 0.9064 0.0531 0.4190
vn 0.9112 0.4105 0.0336
vn 0.7795 0.6264 0.0083
vn -0.5672 0.7745 0.2802
vn -0.3709 0.9264 -0.0657
vn -0.8677 0.3899 0.3085
vt 0.614478 0.698571
vt 0.608803 0.698992
vt 0.623232 0.699490
vt 0.606875 0.700785
vt 0.621770 0.700178
vt 0.602238 0.699168
vt 0.580486 0.699822
vt 0.550272 0.701725
vt 0.601670 0.701555
vt 0.517357 0.699209
vt 0.550405 0.699772
vt 0.518341 0.698455
vt 0.516816 0.700323
vt 0.547214 0.701923
vt 0.671788 0.730991
vt 0.671754 0.723794
vt 0.672411 0.729603
vt 0.674787 0.723946
vt 0.674466 0.730562
vt 0.019998 0.445287
vt 0.021486 0.443178
vt 0.024315 0.446132
vt 0.675925 0.732801
vt 0.680173 0.726529
vt 0.680040 0.723637
vt 0.323501 0.028765
vt 0.322538 0.027623
vt 0.320258 0.029653
vt 0.317948 0.026004
vt 0.682902 0.723615
vt 0.694038 0.723529
vt 0.681328 0.724560
vt 0.683677 0.727797
vt 0.693974 0.731071
vt 0.699655 0.723651
vt 0.701579 0.727008
vt 0.697946 0.730057
vt 0.701091 0.735387
vt 0.717526 0.723454
vt 0.718175 0.728325
vt 0.728128 0.723629
vt 0.728510 0.729856
vt 0.730548 0.723882
vt 0.745916 0.734355
vt 0.741770 0.738874
vt 0.744096 0.723499
vt 0.743413 0.725596
vt 0.748678 0.727909
vt 0.241299 0.629506
vt 0.242730 0.630869
vt 0.243334 0.628193
vt 0.247174 0.632882
vt 0.745846 0.723706
vt 0.748764 0.724245
vt 0.745659 0.724853
vt 0.749478 0.723570
vt 0.243323 0.634034
vt 0.249320 0.635553
vt 0.752884 0.730093
vt 0.757227 0.723342
vt 0.768760 0.734446
vt 0.768581 0.723552
vt 0.766767 0.723873
vt 0.328337 0.134230
vt 0.327813 0.132764
vt 0.326463 0.135497
vt 0.768749 0.723557
vt 0.774177 0.723601
vt 0.769549 0.724770
vt 0.778616 0.723712
vt 0.782757 0.723849
vt 0.778308 0.734914
vt 0.788212 0.723831
vt 0.788356 0.734661
vt 0.787315 0.737489
vt 0.790777 0.723563
vt 0.797912 0.725155
vt 0.790078 0.724699
vt 0.789949 0.740713
vt 0.798751 0.723561
vt 0.807291 0.723856
vt 0.806613 0.729797
vt 0.816480 0.724090
vt 0.818487 0.725748
vt 0.817705 0.723610
vt 0.815737 0.741807
vt 0.259135 0.673549
vt 0.256770 0.670164
vt 0.259671 0.670723
vt 0.817798 0.723612
vt 0.826362 0.723731
vt 0.820482 0.724307
vt 0.820714 0.736666
vt 0.825887 0.727294
vt 0.825308 0.732197
vt 0.024662 0.442062
vt 0.675060 0.744238
vt 0.672110 0.733277
vt 0.077822 0.984945
vt 0.078820 0.980384
vt 0.075919 0.980383
vt 0.677066 0.749731
vt 0.699425 0.737787
vt 0.739912 0.739947
vt 0.724431 0.743533
vt 0.772237 0.748539
vt 0.536267 0.983351
vt 0.533016 0.982207
vt 0.526596 0.983358
vt 0.781942 0.737020
vt 0.785136 0.737928
vt 0.786721 0.748104
vt 0.789773 0.736340
vt 0.788835 0.737255
vt 0.789743 0.737589
vt 0.789255 0.737457
vt 0.796180 0.740681
vt 0.794401 0.743559
vt 0.800317 0.742610
vt 0.818496 0.737464
vt 0.903936 0.009313
vt 0.902346 0.010493
vt 0.901838 0.006222
vt 0.824807 0.753742
vt 0.672192 0.739921
vt 0.244775 0.997817
vt 0.241882 0.992835
vt 0.245164 0.988799
vt 0.241407 0.988869
vt 0.675922 0.747885
vt 0.721626 0.744917
vt 0.712796 0.752343
vt 0.728223 0.746232
vt 0.724315 0.745388
vt 0.727187 0.750667
vt 0.549753 0.815823
vt 0.550364 0.813472
vt 0.543037 0.813412
vt 0.741715 0.742142
vt 0.778649 0.751601
vt 0.788346 0.740574
vt 0.788380 0.747069
vt 0.788752 0.745184
vt 0.789711 0.745478
vt 0.607834 0.196189
vt 0.605178 0.200292
vt 0.604932 0.193887
vt 0.794906 0.748176
vt 0.846712 0.021442
vt 0.843810 0.019124
vt 0.845634 0.016346
vt 0.638781 0.887318
vt 0.638462 0.884580
vt 0.634809 0.884895
vt 0.904739 0.003256
vt 0.819500 0.740388
vt 0.820158 0.751258
vt 0.672812 0.748154
vt 0.671736 0.758855
vt 0.675986 0.748012
vt 0.675076 0.750548
vt 0.302224 0.000903
vt 0.300382 0.002224
vt 0.299049 0.000456
vt 0.701230 0.755384
vt 0.711291 0.754912
vt 0.706320 0.756652
vt 0.724483 0.745554
vt 0.268155 0.676796
vt 0.270174 0.680201
vt 0.274178 0.676551
vt 0.742574 0.745383
vt 0.753549 0.774964
vt 0.593021 0.970716
vt 0.593315 0.977941
vt 0.589458 0.974519
vt 0.782086 0.763278
vt 0.788366 0.748652
vt 0.788545 0.752351
vt 0.947292 0.569799
vt 0.946541 0.572452
vt 0.945358 0.571064
vt 0.789607 0.748043
vt 0.791870 0.749373
vt 0.970515 0.287153
vt 0.973404 0.286040
vt 0.973174 0.288595
vt 0.790035 0.751886
vt 0.790171 0.749904
vt 0.789695 0.753258
vt 0.789134 0.753046
vt 0.792253 0.761775
vt 0.797517 0.743162
vt 0.801130 0.763546
vt 0.803848 0.764874
vt 0.821997 0.760236
vt 0.672808 0.770630
vt 0.677884 0.763670
vt 0.678200 0.753186
vt 0.677884 0.763670
vt 0.706781 0.758730
vt 0.738168 0.244726
vt 0.737586 0.238105
vt 0.741583 0.241913
vt 0.731495 0.784843
vt 0.713722 0.754749
vt 0.774011 0.753472
vt 0.769394 0.771390
vt 0.786445 0.757202
vt 0.785915 0.759553
vt 0.788395 0.758040
vt 0.573985 0.789690
vt 0.571601 0.787885
vt 0.573985 0.786953
vt 0.785943 0.759562
vt 0.787811 0.759047
vt 0.571083 0.789130
vt 0.790679 0.759222
vt 0.790356 0.761675
vt 0.280259 0.885389
vt 0.281915 0.888097
vt 0.279981 0.888027
vt 0.789779 0.765877
vt 0.823505 0.759382
vt 0.825069 0.760663
vt 0.937621 0.335747
vt 0.937834 0.333259
vt 0.939555 0.336223
vt 0.939555 0.331678
vt 0.671810 0.771717
vt 0.676687 0.768403
vt 0.675101 0.770820
vt 0.639749 0.870894
vt 0.635985 0.865160
vt 0.639648 0.863180
vt 0.679478 0.769877
vt 0.703288 0.760291
vt 0.704306 0.764014
vt 0.707283 0.768047
vt 0.706781 0.758789
vt 0.711254 0.759263
vt 0.750193 0.775714
vt 0.779362 0.771046
vt 0.778059 0.775163
vt 0.784857 0.769057
vt 0.787901 0.764346
vt 0.784852 0.769064
vt 0.789191 0.766548
vt 0.789945 0.767603
vt 0.291586 0.021433
vt 0.288868 0.019957
vt 0.291625 0.015120
vt 0.799330 0.766027
vt 0.790795 0.767194
vt 0.789192 0.766548
vt 0.796505 0.770117
vt 0.802249 0.765564
vt 0.890263 0.738595
vt 0.893134 0.734146
vt 0.888638 0.736352
vt 0.892010 0.731881
vt 0.889722 0.734054
vt 0.988464 0.288777
vt 0.986361 0.291225
vt 0.985977 0.289429
vt 0.802082 0.765725
vt 0.800784 0.768676
vt 0.813261 0.772726
vt 0.818711 0.772480
vt 0.824531 0.771621
vt 0.825106 0.763050
vt 0.673709 0.774615
vt 0.676636 0.790349
vt 0.694774 0.786642
vt 0.704429 0.781524
vt 0.711171 0.776921
vt 0.708923 0.779739
vt 0.743133 0.779083
vt 0.019758 0.815560
vt 0.021295 0.813698
vt 0.024662 0.816150
vt 0.955719 0.974613
vt 0.960148 0.975776
vt 0.958879 0.973242
vt 0.954062 0.972172
vt 0.964700 0.972172
vt 0.779375 0.777636
vt 0.781094 0.773248
vt 0.782504 0.779296
vt 0.785740 0.778207
vt 0.798453 0.778099
vt 0.887564 0.737573
vt 0.798513 0.771809
vt 0.799158 0.770472
vt 0.799554 0.773196
vt 0.804638 0.773848
vt 0.882572 0.733001
vt 0.798512 0.771902
vt 0.799452 0.776972
vt 0.224189 0.820712
vt 0.225434 0.822536
vt 0.229691 0.822377
vt 0.800392 0.777964
vt 0.537297 0.986460
vt 0.537406 0.984945
vt 0.539168 0.985196
vt 0.809675 0.779170
vt 0.812793 0.777051
vt 0.823616 0.774726
vt 0.812864 0.776997
vt 0.544971 0.715785
vt 0.541235 0.716460
vt 0.544855 0.717610
vt 0.672291 0.790546
vt 0.671811 0.771780
vt 0.701462 0.791651
vt 0.708164 0.781965
vt 0.711083 0.780884
vt 0.712689 0.792860
vt 0.760638 0.207573
vt 0.757222 0.211124
vt 0.754025 0.209649
vt 0.731236 0.785941
vt 0.732572 0.787065
vt 0.751180 0.780201
vt 0.581459 0.937461
vt 0.585566 0.941910
vt 0.580801 0.942333
vt 0.580896 0.946268
vt 0.751192 0.780202
vt 0.752545 0.776452
vt 0.758856 0.784530
vt 0.774505 0.791081
vt 0.775724 0.788443
vt 0.779362 0.777546
vt 0.783343 0.781243
vt 0.780715 0.790181
vt 0.415843 0.477646
vt 0.413570 0.479547
vt 0.417849 0.481291
vt 0.787940 0.780058
vt 0.785942 0.781038
vt 0.797281 0.785523
vt 0.799451 0.786001
vt 0.798451 0.784050
vt 0.814188 0.778426
vt 0.799694 0.790419
vt 0.108544 0.848084
vt 0.107834 0.850207
vt 0.112458 0.849000
vt 0.816550 0.785661
vt 0.825123 0.774876
vt 0.824458 0.794221
vt 0.825066 0.790446
vt 0.752901 0.052331
vt 0.750121 0.053333
vt 0.750683 0.048818
vt 0.690087 0.795239
vt 0.249020 0.728465
vt 0.249033 0.724909
vt 0.245781 0.724909
vt 0.697366 0.789003
vt 0.671861 0.501321
vt 0.670696 0.497243
vt 0.673598 0.498396
vt 0.716367 0.796404
vt 0.736924 0.798957
vt 0.753304 0.785396
vt 0.755266 0.787271
vt 0.746144 0.799767
vt 0.583974 0.954836
vt 0.579787 0.948485
vt 0.585590 0.952663
vt 0.372824 0.231296
vt 0.367021 0.231158
vt 0.372832 0.227641
vt 0.786116 0.792238
vt 0.788419 0.793135
vt 0.786962 0.789928
vt 0.711258 0.002523
vt 0.714217 0.003193
vt 0.713608 0.000456
vt 0.788783 0.791714
vt 0.789746 0.791796
vt 0.790412 0.792531
vt 0.282190 0.337463
vt 0.283751 0.338960
vt 0.286658 0.337554
vt 0.796608 0.787817
vt 0.795923 0.790281
vt 0.797889 0.792596
vt 0.797372 0.795572
vt 0.263599 0.687632
vt 0.266441 0.687809
vt 0.266441 0.691150
vt 0.732592 0.492586
vt 0.733654 0.490793
vt 0.735493 0.493157
vt 0.796680 0.787857
vt 0.735493 0.489507
vt 0.799698 0.790421
vt 0.816935 0.791446
vt 0.673558 0.792455
vt 0.672366 0.796506
vt 0.671975 0.804645
vt 0.674946 0.804061
vt 0.675368 0.806190
vt 0.698885 0.792462
vt 0.677934 0.816459
vt 0.697238 0.788886
vt 0.695093 0.790947
vt 0.710301 0.795283
vt 0.716519 0.799549
vt 0.736684 0.803124
vt 0.762960 0.810350
vt 0.788253 0.797500
vt 0.784041 0.799955
vt 0.787875 0.799069
vt 0.840347 0.213686
vt 0.844377 0.215785
vt 0.844778 0.213242
vt 0.790039 0.796077
vt 0.791373 0.793872
vt 0.790686 0.799779
vt 0.790269 0.803202
vt 0.796071 0.802121
vt 0.993714 0.314977
vt 0.994603 0.312148
vt 0.994449 0.318109
vt 0.810900 0.802602
vt 0.805316 0.804723
vt 0.047490 0.846259
vt 0.051741 0.847866
vt 0.050478 0.845059
vt 0.811258 0.800953
vt 0.824390 0.807663
vt 0.825069 0.793857
vt 0.329999 0.169007
vt 0.330271 0.171875
vt 0.326405 0.168357
vt 0.327474 0.171989
vt 0.709045 0.805153
vt 0.738249 0.811457
vt 0.739467 0.804605
vt 0.416290 0.776978
vt 0.406673 0.776916
vt 0.416148 0.781192
vt 0.413102 0.782390
vt 0.741007 0.807253
vt 0.766253 0.811686
vt 0.787559 0.809428
vt 0.785995 0.817239
vt 0.787246 0.801555
vt 0.787909 0.799147
vt 0.788552 0.806271
vt 0.790313 0.803278
vt 0.792622 0.803364
vt 0.790175 0.804992
vt 0.788903 0.806725
vt 0.788449 0.809015
vt 0.790152 0.810624
vt 0.261522 0.952081
vt 0.255281 0.949956
vt 0.261428 0.948452
vt 0.792547 0.819011
vt 0.798487 0.825655
vt 0.811727 0.805412
vt 0.874949 0.102180
vt 0.873791 0.099300
vt 0.875725 0.098084
vt 0.810304 0.806475
vt 0.810515 0.808200
vt 0.812769 0.803918
vt 0.814409 0.815840
vt 0.992737 0.975402
vt 0.991542 0.978978
vt 0.989884 0.981450
vt 0.672016 0.812810
vt 0.672476 0.816527
vt 0.675263 0.819680
vt 0.671846 0.807549
vt 0.712923 0.813231
vt 0.787907 0.219434
vt 0.788685 0.222485
vt 0.786023 0.221379
vt 0.715628 0.814513
vt 0.737779 0.814817
vt 0.728928 0.826699
vt 0.735210 0.812810
vt 0.741095 0.812976
vt 0.739428 0.813137
vt 0.742380 0.812351
vt 0.744611 0.812520
vt 0.055541 0.190625
vt 0.062230 0.187568
vt 0.062218 0.190785
vt 0.762880 0.821062
vt 0.335566 0.116634
vt 0.332278 0.115787
vt 0.336445 0.117907
vt 0.340770 0.115789
vt 0.764397 0.812331
vt 0.766135 0.813420
vt 0.765247 0.814557
vt 0.780948 0.827457
vt 0.766528 0.821082
vt 0.789003 0.813127
vt 0.789569 0.811388
vt 0.810747 0.816363
vt 0.808354 0.807604
vt 0.809503 0.810915
vt 0.588491 0.723084
vt 0.588431 0.730053
vt 0.584623 0.728112
vt 0.817087 0.814900
vt 0.814558 0.815951
vt 0.816758 0.817262
vt 0.834139 0.798814
vt 0.831132 0.798814
vt 0.832569 0.801356
vt 0.990214 0.983120
vt 0.992729 0.983035
vt 0.672054 0.822730
vt 0.672825 0.820483
vt 0.672735 0.823056
vt 0.704065 0.834272
vt 0.164553 0.818401
vt 0.160808 0.817062
vt 0.155222 0.819405
vt 0.713060 0.815722
vt 0.707903 0.835691
vt 0.722189 0.828241
vt 0.730323 0.829905
vt 0.753655 0.824472
vt 0.343743 0.112682
vt 0.344778 0.116107
vt 0.765171 0.817707
vt 0.786328 0.817691
vt 0.787452 0.824938
vt 0.789011 0.824506
vt 0.789804 0.819796
vt 0.791264 0.821184
vt 0.790393 0.823689
vt 0.336073 0.128193
vt 0.338576 0.127543
vt 0.336285 0.125456
vt 0.643617 0.869879
vt 0.644419 0.871111
vt 0.646271 0.869069
vt 0.651975 0.872217
vt 0.819740 0.826806
vt 0.814122 0.821788
vt 0.825051 0.826689
vt 0.673159 0.828880
vt 0.674882 0.837772
vt 0.672911 0.833511
vt 0.722077 0.833836
vt 0.722560 0.830273
vt 0.235406 0.369975
vt 0.229941 0.368468
vt 0.235493 0.367245
vt 0.722585 0.830483
vt 0.727202 0.828370
vt 0.724162 0.834558
vt 0.727269 0.828326
vt 0.763540 0.521442
vt 0.763499 0.523753
vt 0.759612 0.522259
vt 0.728540 0.839569
vt 0.752149 0.831238
vt 0.560628 0.935850
vt 0.562195 0.932511
vt 0.560487 0.931828
vt 0.762061 0.834828
vt 0.753880 0.830793
vt 0.571192 0.929375
vt 0.777920 0.829286
vt 0.765029 0.839642
vt 0.720018 0.004884
vt 0.716582 0.002873
vt 0.720986 0.000456
vt 0.785139 0.832811
vt 0.781819 0.831625
vt 0.788154 0.829039
vt 0.788913 0.827399
vt 0.789532 0.823221
vt 0.790392 0.823681
vt 0.789189 0.833214
vt 0.901838 0.539686
vt 0.904641 0.541078
vt 0.906437 0.540359
vt 0.911239 0.541231
vt 0.791854 0.825774
vt 0.811341 0.848159
vt 0.822172 0.833811
vt 0.823113 0.836756
vt 0.823064 0.827943
vt 0.825052 0.826688
vt 0.824795 0.832308
vt 0.672855 0.843328
vt 0.673672 0.841307
vt 0.707875 0.847207
vt 0.705041 0.835160
vt 0.213641 0.860611
vt 0.211315 0.857984
vt 0.213746 0.853558
vt 0.712365 0.841171
vt 0.709562 0.839835
vt 0.715574 0.837407
vt 0.557544 0.837135
vt 0.554642 0.835328
vt 0.557544 0.833251
vt 0.717058 0.840523
vt 0.715741 0.842550
vt 0.718539 0.838046
vt 0.555402 0.830924
vt 0.720071 0.839178
vt 0.536345 0.017182
vt 0.535422 0.013453
vt 0.534640 0.019963
vt 0.532398 0.012318
vt 0.722654 0.836344
vt 0.574787 0.924807
vt 0.781903 0.838789
vt 0.781861 0.831866
vt 0.912359 0.538502
vt 0.917290 0.534237
vt 0.909681 0.534274
vt 0.914625 0.539560
vt 0.787437 0.836364
vt 0.788565 0.845056
vt 0.788231 0.839114
vt 0.789112 0.836823
vt 0.636847 0.902828
vt 0.634913 0.901782
vt 0.636281 0.899246
vt 0.789092 0.839017
vt 0.824752 0.835014
vt 0.604012 0.692062
vt 0.603965 0.694799
vt 0.606436 0.694501
vt 0.676617 0.851546
vt 0.673547 0.849797
vt 0.690606 0.848777
vt 0.686757 0.850331
vt 0.709562 0.839835
vt 0.709865 0.846300
vt 0.626486 0.898804
vt 0.625242 0.894215
vt 0.629552 0.900043
vt 0.712780 0.845772
vt 0.723122 0.838210
vt 0.725678 0.839009
vt 0.736506 0.854286
vt 0.731707 0.856339
vt 0.738925 0.851554
vt 0.742859 0.854294
vt 0.779926 0.860945
vt 0.782547 0.845889
vt 0.786941 0.846602
vt 0.789092 0.839017
vt 0.789103 0.847365
vt 0.278257 0.852793
vt 0.279603 0.848407
vt 0.279348 0.855188
vt 0.810827 0.850909
vt 0.825014 0.858279
vt 0.673035 0.850591
vt 0.673199 0.859543
vt 0.681380 0.864107
vt 0.689548 0.851865
vt 0.669729 0.705748
vt 0.665861 0.705748
vt 0.668463 0.707635
vt 0.710389 0.849553
vt 0.052465 0.121737
vt 0.047570 0.121698
vt 0.052570 0.118268
vt 0.753622 0.873324
vt 0.777867 0.893970
vt 0.785197 0.856482
vt 0.789139 0.850694
vt 0.789055 0.859375
vt 0.279589 0.858845
vt 0.799972 0.876292
vt 0.806903 0.864708
vt 0.809378 0.862053
vt 0.780469 0.058890
vt 0.779014 0.061035
vt 0.787757 0.065817
vt 0.037874 0.369581
vt 0.040178 0.367697
vt 0.033366 0.367245
vt 0.815227 0.853341
vt 0.035437 0.369982
vt 0.824455 0.863358
vt 0.700166 0.873013
vt 0.722051 0.878275
vt 0.730554 0.860788
vt 0.734656 0.860426
vt 0.624247 0.945170
vt 0.627176 0.942062
vt 0.624386 0.942897
vt 0.800290 0.296989
vt 0.800290 0.302464
vt 0.794921 0.298153
vt 0.736544 0.854284
vt 0.734663 0.860381
vt 0.784780 0.863075
vt 0.709381 0.717610
vt 0.703846 0.718244
vt 0.706887 0.719434
vt 0.787285 0.861021
vt 0.844778 0.736770
vt 0.844775 0.740392
vt 0.841876 0.740058
vt 0.005319 0.778840
vt 0.002768 0.781478
vt 0.004682 0.774576
vt 0.788863 0.877928
vt 0.792238 0.865867
vt 0.804827 0.865485
vt 0.811722 0.853047
vt 0.672368 0.868942
vt 0.687892 0.870855
vt 0.690172 0.869329
vt 0.686626 0.869064
vt 0.484027 0.489507
vt 0.480174 0.489507
vt 0.482491 0.491332
vt 0.690142 0.869312
vt 0.690325 0.871704
vt 0.695386 0.871542
vt 0.706000 0.874798
vt 0.732589 0.861905
vt 0.749544 0.873059
vt 0.779908 0.860946
vt 0.781629 0.863081
vt 0.784843 0.863120
vt 0.785338 0.865042
vt 0.004397 0.776807
vt 0.789109 0.874714
vt 0.006286 0.001369
vt 0.009938 0.004106
vt 0.011867 0.001682
vt 0.808640 0.865911
vt 0.824455 0.863238
vt 0.824158 0.897795
vt 0.672804 0.875216
vt 0.673714 0.876363
vt 0.672094 0.875542
vt 0.672932 0.879384
vt 0.687830 0.882672
vt 0.975305 0.993391
vt 0.975261 0.998586
vt 0.972806 0.994314
vt 0.699838 0.877330
vt 0.695387 0.871542
vt 0.700162 0.873054
vt 0.515014 0.816518
vt 0.518618 0.815237
vt 0.519922 0.817918
vt 0.705981 0.874810
vt 0.702201 0.875659
vt 0.707685 0.879495
vt 0.652549 0.884851
vt 0.651148 0.887318
vt 0.656081 0.885522
vt 0.718726 0.873455
vt 0.708623 0.877188
vt 0.719574 0.881315
vt 0.489012 0.650817
vt 0.492747 0.647739
vt 0.492747 0.650874
vt 0.740060 0.882311
vt 0.751915 0.875167
vt 0.756558 0.891465
vt 0.663320 0.000456
vt 0.659091 0.000456
vt 0.660712 0.003003
vt 0.753683 0.873314
vt 0.762034 0.886095
vt 0.787116 0.884694
vt 0.789412 0.879208
vt 0.790181 0.885051
vt 0.803373 0.874849
vt 0.802880 0.878915
vt 0.976306 0.669338
vt 0.973404 0.667100
vt 0.976276 0.664934
vt 0.805541 0.877072
vt 0.802876 0.878929
vt 0.804999 0.880057
vt 0.812602 0.887559
vt 0.671943 0.883369
vt 0.676047 0.882092
vt 0.277135 0.277701
vt 0.279052 0.274457
vt 0.272466 0.277484
vt 0.672033 0.889122
vt 0.672711 0.891201
vt 0.684672 0.886196
vt 0.677517 0.893530
vt 0.002426 0.601453
vt 0.004657 0.597274
vt 0.005319 0.603558
vt 0.696751 0.894159
vt 0.645551 0.882755
vt 0.705676 0.897935
vt 0.722409 0.881042
vt 0.722903 0.883902
vt 0.722514 0.881139
vt 0.727991 0.884758
vt 0.181692 0.037058
vt 0.174565 0.036953
vt 0.179855 0.039683
vt 0.740775 0.887239
vt 0.743041 0.885189
vt 0.545938 0.840785
vt 0.545621 0.845536
vt 0.542095 0.844343
vt 0.747589 0.885721
vt 0.744649 0.885606
vt 0.745447 0.887568
vt 0.746071 0.886260
vt 0.732462 0.007776
vt 0.734532 0.008668
vt 0.732944 0.005931
vt 0.764091 0.887437
vt 0.782288 0.891045
vt 0.789436 0.883424
vt 0.788596 0.885950
vt 0.789449 0.883422
vt 0.789868 0.887933
vt 0.935725 0.349266
vt 0.938327 0.347369
vt 0.938588 0.349909
vt 0.800322 0.888297
vt 0.803148 0.881866
vt 0.812862 0.543339
vt 0.812834 0.549579
vt 0.809592 0.549484
vt 0.807470 0.894887
vt 0.671792 0.890006
vt 0.672576 0.891201
vt 0.672109 0.893188
vt 0.539858 0.688564
vt 0.534350 0.688443
vt 0.538141 0.690939
vt 0.580715 0.792648
vt 0.576903 0.797131
vt 0.577957 0.793319
vt 0.676564 0.895778
vt 0.679090 0.898557
vt 0.690110 0.896971
vt 0.686929 0.888726
vt 0.689609 0.895398
vt 0.694330 0.891342
vt 0.692669 0.894162
vt 0.694968 0.892889
vt 0.694787 0.895348
vt 0.122340 0.842610
vt 0.133601 0.844185
vt 0.130211 0.843108
vt 0.720360 0.919207
vt 0.239362 0.668339
vt 0.237839 0.671077
vt 0.239873 0.670783
vt 0.795456 0.010493
vt 0.798356 0.010444
vt 0.796772 0.007755
vt 0.761727 0.888441
vt 0.764088 0.887457
vt 0.765214 0.903216
vt 0.787256 0.891247
vt 0.787211 0.213960
vt 0.782882 0.213960
vt 0.784023 0.216496
vt 0.789705 0.892638
vt 0.787702 0.894738
vt 0.788886 0.895315
vt 0.789863 0.895406
vt 0.789685 0.899874
vt 0.790948 0.423801
vt 0.791586 0.433951
vt 0.785820 0.428847
vt 0.671997 0.902452
vt 0.672463 0.895423
vt 0.530464 0.689862
vt 0.674152 0.905215
vt 0.693804 0.898006
vt 0.694666 0.907504
vt 0.083786 0.827099
vt 0.084045 0.824182
vt 0.082689 0.825527
vt 0.691919 0.896688
vt 0.690198 0.896949
vt 0.089350 0.823891
vt 0.084003 0.821624
vt 0.701208 0.896975
vt 0.701114 0.901146
vt 0.060445 0.086330
vt 0.064313 0.083485
vt 0.064165 0.088359
vt 0.591393 0.822536
vt 0.587524 0.822536
vt 0.589008 0.826792
vt 0.702696 0.899440
vt 0.362913 0.223996
vt 0.372693 0.223451
vt 0.360251 0.222874
vt 0.780271 0.903615
vt 0.778396 0.905537
vt 0.785011 0.894108
vt 0.789405 0.898183
vt 0.788863 0.904155
vt 0.788845 0.896725
vt 0.789576 0.898677
vt 0.789089 0.896503
vt 0.790337 0.901915
vt 0.797077 0.910887
vt 0.800537 0.894522
vt 0.810748 0.899044
vt 0.807488 0.894906
vt 0.601064 0.727096
vt 0.603127 0.725211
vt 0.602508 0.728766
vt 0.815342 0.906673
vt 0.823932 0.906445
vt 0.824964 0.907530
vt 0.672254 0.911728
vt 0.679317 0.901303
vt 0.693365 0.913233
vt 0.694649 0.907485
vt 0.693378 0.913237
vt 0.697699 0.913022
vt 0.696062 0.908914
vt 0.004844 0.336959
vt 0.002418 0.335037
vt 0.005178 0.331871
vt 0.698557 0.908953
vt 0.715213 0.918474
vt 0.727263 0.920872
vt 0.761889 0.924966
vt 0.773372 0.914494
vt 0.322535 0.188395
vt 0.325435 0.185578
vt 0.325040 0.189884
vt 0.323480 0.182938
vt 0.785258 0.905423
vt 0.790031 0.904186
vt 0.794754 0.909110
vt 0.783175 0.907102
vt 0.506331 0.896446
vt 0.507736 0.898032
vt 0.509143 0.896791
vt 0.801923 0.911186
vt 0.798460 0.913649
vt 0.817074 0.901821
vt 0.245955 0.707069
vt 0.247163 0.715447
vt 0.244197 0.710562
vt 0.821990 0.920400
vt 0.822260 0.912980
vt 0.824801 0.909477
vt 0.671937 0.914224
vt 0.672256 0.911693
vt 0.674477 0.914686
vt 0.361219 0.578923
vt 0.357315 0.578923
vt 0.358924 0.580740
vt 0.356383 0.579950
vt 0.672072 0.914394
vt 0.674176 0.915945
vt 0.674879 0.918601
vt 0.677471 0.916720
vt 0.040135 0.765055
vt 0.036516 0.765164
vt 0.038755 0.768086
vt 0.036521 0.769617
vt 0.700044 0.917444
vt 0.685900 0.932022
vt 0.539168 0.944573
vt 0.540865 0.939515
vt 0.543037 0.947536
vt 0.697765 0.913122
vt 0.774160 0.925625
vt 0.779241 0.924141
vt 0.794352 0.913496
vt 0.988000 0.344591
vt 0.983141 0.344974
vt 0.985918 0.338080
vt 0.993714 0.025091
vt 0.988878 0.025091
vt 0.992059 0.028680
vt 0.795794 0.921728
vt 0.797428 0.914548
vt 0.990310 0.028741
vt 0.799600 0.913595
vt 0.018242 0.385493
vt 0.017214 0.385017
vt 0.018569 0.382778
vt 0.798460 0.913649
vt 0.799467 0.916072
vt 0.799304 0.918424
vt 0.801097 0.919583
vt 0.015802 0.378850
vt 0.803757 0.918164
vt 0.018852 0.378770
vt 0.822284 0.916133
vt 0.824350 0.912865
vt 0.440766 0.993157
vt 0.439555 0.995007
vt 0.441839 0.996812
vt 0.824976 0.915241
vt 0.443909 0.994912
vt 0.445683 0.997719
vt 0.448340 0.996977
vt 0.671927 0.933187
vt 0.674012 0.937109
vt 0.676671 0.920274
vt 0.258704 0.783303
vt 0.258646 0.789255
vt 0.254844 0.783487
vt 0.681273 0.924991
vt 0.714912 0.922175
vt 0.343841 0.050683
vt 0.338008 0.050683
vt 0.339817 0.053376
vt 0.717457 0.922551
vt 0.707237 0.952717
vt 0.720361 0.924205
vt 0.715209 0.918468
vt 0.717429 0.922564
vt 0.272947 0.359044
vt 0.269912 0.355448
vt 0.272948 0.353558
vt 0.722826 0.920456
vt 0.269342 0.356942
vt 0.612669 0.739209
vt 0.618407 0.744596
vt 0.614619 0.742051
vt 0.722023 0.924079
vt 0.722835 0.920459
vt 0.613605 0.214872
vt 0.613475 0.211721
vt 0.609248 0.211542
vt 0.774159 0.925625
vt 0.767933 0.926210
vt 0.787535 0.923735
vt 0.786877 0.926241
vt 0.791576 0.926691
vt 0.798515 0.922207
vt 0.795169 0.929410
vt 0.797652 0.925550
vt 0.132012 0.997719
vt 0.127967 0.997719
vt 0.128825 0.999506
vt 0.799705 0.929534
vt 0.822627 0.929508
vt 0.823800 0.918703
vt 0.824918 0.915289
vt 0.824773 0.926106
vt 0.821375 0.918441
vt 0.822595 0.927701
vt 0.682594 0.926774
vt 0.681444 0.944190
vt 0.681387 0.925319
vt 0.964122 0.355510
vt 0.960264 0.357127
vt 0.962175 0.359311
vt 0.689628 0.940876
vt 0.639564 0.703923
vt 0.631785 0.706621
vt 0.634776 0.708431
vt 0.760566 0.927414
vt 0.763382 0.926439
vt 0.774078 0.956972
vt 0.223034 0.967723
vt 0.217162 0.967609
vt 0.219127 0.971228
vt 0.217118 0.971259
vt 0.772821 0.929011
vt 0.774737 0.928857
vt 0.776457 0.931880
vt 0.778577 0.934342
vt 0.788490 0.931446
vt 0.785034 0.927734
vt 0.786921 0.929099
vt 0.786590 0.935966
vt 0.678537 0.422695
vt 0.681081 0.420533
vt 0.681335 0.422901
vt 0.678333 0.419191
vt 0.676997 0.418944
vt 0.790465 0.927790
vt 0.788756 0.928850
vt 0.789799 0.928541
vt 0.675136 0.418972
vt 0.674594 0.414325
vt 0.678306 0.416382
vt 0.679163 0.417662
vt 0.679798 0.415396
vt 0.681266 0.415853
vt 0.791450 0.930223
vt 0.793456 0.932971
vt 0.791226 0.931729
vt 0.680309 0.413825
vt 0.799617 0.934596
vt 0.791405 0.933102
vt 0.801857 0.951087
vt 0.959865 0.966178
vt 0.962430 0.964167
vt 0.962230 0.968201
vt 0.960037 0.968399
vt 0.824611 0.929241
vt 0.824646 0.958551
vt 0.561768 0.651016
vt 0.559514 0.646698
vt 0.562195 0.646870
vt 0.562379 0.643763
vt 0.560805 0.643704
vt 0.672079 0.937089
vt 0.672968 0.940049
vt 0.672031 0.950919
vt 0.683783 0.943318
vt 0.689823 0.944081
vt 0.697209 0.681961
vt 0.691296 0.681449
vt 0.692795 0.677259
vt 0.693154 0.942262
vt 0.780612 0.938742
vt 0.415016 0.491332
vt 0.414020 0.488023
vt 0.408963 0.489668
vt 0.407169 0.486834
vt 0.787422 0.940484
vt 0.781915 0.207573
vt 0.780156 0.205497
vt 0.781915 0.202375
vt 0.788300 0.937724
vt 0.789965 0.932224
vt 0.792279 0.940509
vt 0.780530 0.202099
vt 0.789876 0.941718
vt 0.788554 0.940574
vt 0.788853 0.942142
vt 0.788942 0.944079
vt 0.793351 0.938600
vt 0.459865 0.229471
vt 0.462715 0.229189
vt 0.459909 0.226734
vt 0.463733 0.226734
vt 0.798564 0.953419
vt 0.813419 0.955074
vt 0.818172 0.955897
vt 0.679719 0.962681
vt 0.162247 0.851777
vt 0.163743 0.855383
vt 0.165861 0.851734
vt 0.165577 0.854589
vt 0.692482 0.943880
vt 0.690520 0.952365
vt 0.770991 0.954031
vt 0.780612 0.938742
vt 0.783346 0.938264
vt 0.784206 0.947246
vt 0.787240 0.946379
vt 0.785545 0.946365
vt 0.788795 0.949839
vt 0.785422 0.953528
vt 0.789314 0.942742
vt 0.789096 0.948165
vt 0.789777 0.949406
vt 0.789156 0.948726
vt 0.794333 0.949597
vt 0.794457 0.941230
vt 0.671989 0.954620
vt 0.674894 0.960008
vt 0.535979 0.727558
vt 0.544004 0.725860
vt 0.540504 0.733984
vt 0.541144 0.732857
vt 0.691341 0.961567
vt 0.688397 0.959023
vt 0.060314 0.163777
vt 0.052708 0.163777
vt 0.060337 0.168270
vt 0.062190 0.168066
vt 0.695020 0.953720
vt 0.701430 0.957591
vt 0.694522 0.955429
vt 0.884129 0.215785
vt 0.883854 0.208501
vt 0.886364 0.212898
vt 0.707395 0.956803
vt 0.604716 0.803636
vt 0.602998 0.799996
vt 0.605899 0.799726
vt 0.010155 0.431113
vt 0.007698 0.435675
vt 0.006342 0.434049
vt 0.773911 0.960126
vt 0.217154 0.084398
vt 0.212414 0.083138
vt 0.212715 0.085399
vt 0.784407 0.955375
vt 0.786628 0.957892
vt 0.779166 0.970337
vt 0.787804 0.951997
vt 0.785457 0.953551
vt 0.788528 0.954853
vt 0.780948 0.267792
vt 0.777098 0.267938
vt 0.779709 0.270529
vt 0.788688 0.951724
vt 0.789674 0.951228
vt 0.789248 0.950512
vt 0.789593 0.953441
vt 0.789162 0.952404
vt 0.788989 0.952100
vt 0.788593 0.954843
vt 0.791941 0.951068
vt 0.790114 0.957823
vt 0.788602 0.957589
vt 0.632012 0.872516
vt 0.632012 0.875456
vt 0.630086 0.872144
vt 0.016925 0.979471
vt 0.019824 0.978744
vt 0.018988 0.974929
vt 0.796061 0.958333
vt 0.431815 0.780252
vt 0.435687 0.777828
vt 0.435687 0.781389
vt 0.285783 0.235858
vt 0.281915 0.233643
vt 0.284951 0.230534
vt 0.802203 0.953107
vt 0.672204 0.967860
vt 0.673144 0.964674
vt 0.778903 0.984033
vt 0.778046 0.986621
vt 0.783325 0.986465
vt 0.540115 0.735858
vt 0.700421 0.967250
vt 0.692933 0.972010
vt 0.687886 0.960107
vt 0.688054 0.961747
vt 0.543273 0.735613
vt 0.694413 0.955312
vt 0.209381 0.006518
vt 0.206867 0.007729
vt 0.207937 0.003119
vt 0.696692 0.957754
vt 0.709330 0.956827
vt 0.712796 0.969446
vt 0.741367 0.968106
vt 0.614000 0.954771
vt 0.623308 0.954421
vt 0.620957 0.951190
vt 0.752344 0.968197
vt 0.748180 0.969013
vt 0.757864 0.969191
vt 0.767951 0.961157
vt 0.739362 0.982250
vt 0.741212 0.984945
vt 0.746172 0.982250
vt 0.483829 0.459528
vt 0.481723 0.463095
vt 0.478240 0.463836
vt 0.772758 0.962826
vt 0.773934 0.960163
vt 0.776748 0.967001
vt 0.775938 0.959437
vt 0.787216 0.959526
vt 0.788600 0.959871
vt 0.875597 0.243730
vt 0.877468 0.244982
vt 0.880561 0.244551
vt 0.801496 0.956085
vt 0.802166 0.964142
vt 0.798040 0.972350
vt 0.802889 0.960854
vt 0.810414 0.972402
vt 0.819796 0.972370
vt 0.824817 0.963339
vt 0.678922 0.972015
vt 0.672031 0.972438
vt 0.682253 0.972324
vt 0.688940 0.972698
vt 0.695382 0.972504
vt 0.263956 0.683446
vt 0.259237 0.680627
vt 0.261352 0.683850
vt 0.695380 0.972504
vt 0.697972 0.970604
vt 0.709990 0.972769
vt 0.720592 0.972590
vt 0.725473 0.971375
vt 0.726021 0.972406
vt 0.729659 0.971840
vt 0.736541 0.972470
vt 0.745618 0.972387
vt 0.748180 0.969013
vt 0.753848 0.972788
vt 0.224855 0.844434
vt 0.221964 0.842426
vt 0.224436 0.839879
vt 0.748951 0.972142
vt 0.760820 0.972380
vt 0.764106 0.972464
vt 0.766231 0.971849
vt 0.776649 0.971774
vt 0.767253 0.972500
vt 0.775009 0.972589
vt 0.977273 0.307026
vt 0.980250 0.310675
vt 0.982665 0.308367
vt 0.982887 0.310472
vt 0.786695 0.961647
vt 0.788495 0.972447
vt 0.778417 0.972431
vt 0.785704 0.972837
vt 0.788618 0.964171
vt 0.790225 0.972371
vt 0.802726 0.972454
vt 0.824234 0.967515
vt 0.826157 0.972510
vt 0.825383 0.964180
vt 0.826239 0.968289
vt 0.430549 0.792134
vt 0.429761 0.792613
vt 0.420309 0.792279
vt 0.420322 0.791681
vt 0.408884 0.791874
vt 0.402720 0.791780
vt 0.372141 0.791647
vt 0.378538 0.791857
vt 0.358522 0.791914
vt 0.353750 0.791808
vt 0.346788 0.792013
vt 0.342210 0.791845
vt 0.330287 0.791834
vt 0.319905 0.791582
vt 0.323974 0.791706
vt 0.314742 0.794249
vt 0.314501 0.792105
vt 0.535372 0.076269
vt 0.535992 0.077440
vt 0.536483 0.075084
vt 0.535648 0.061707
vt 0.536529 0.063079
vt 0.535785 0.055778
vt 0.535367 0.043574
vt 0.536512 0.042434
vt 0.429523 0.798406
vt 0.429027 0.804268
vt 0.414918 0.802934
vt 0.402386 0.804794
vt 0.384869 0.791886
vt 0.385451 0.816574
vt 0.314414 0.802047
vt 0.314007 0.803756
vt 0.542637 0.077379
vt 0.546454 0.077975
vt 0.535710 0.074360
vt 0.535948 0.066458
vt 0.543816 0.043643
vt 0.540192 0.042859
vt 0.543320 0.042715
vt 0.956734 0.788250
vt 0.956725 0.796027
vt 0.955582 0.792536
vt 0.955049 0.795353
vt 0.427647 0.813960
vt 0.315008 0.806967
vt 0.315264 0.812324
vt 0.314645 0.805903
vt 0.314841 0.809531
vt 0.313845 0.802600
vt 0.547877 0.078181
vt 0.548512 0.077658
vt 0.313978 0.804569
vt 0.549169 0.078655
vt 0.552192 0.076678
vt 0.313315 0.806868
vt 0.550385 0.078914
vt 0.313491 0.808616
vt 0.314337 0.807305
vt 0.313061 0.809410
vt 0.552145 0.077453
vt 0.553616 0.077579
vt 0.552201 0.076677
vt 0.956509 0.800080
vt 0.429578 0.813409
vt 0.429020 0.810440
vt 0.428591 0.807004
vt 0.401919 0.822401
vt 0.554881 0.077126
vt 0.429384 0.819567
vt 0.024969 0.185807
vt 0.031068 0.186371
vt 0.029672 0.187441
vt 0.033980 0.185776
vt 0.428417 0.824010
vt 0.376851 0.839611
vt 0.314467 0.820391
vt 0.314470 0.814581
vt 0.315079 0.820769
vt 0.586598 0.077032
vt 0.570560 0.043904
vt 0.040238 0.186899
vt 0.429218 0.824975
vt 0.428836 0.832272
vt 0.041758 0.185922
vt 0.429381 0.846344
vt 0.417423 0.831093
vt 0.417164 0.831581
vt 0.397571 0.834524
vt 0.416212 0.832312
vt 0.409460 0.861643
vt 0.390687 0.842620
vt 0.315007 0.826313
vt 0.315236 0.829508
vt 0.315752 0.831911
vt 0.818271 0.996771
vt 0.811398 0.996873
vt 0.818665 0.995894
vt 0.801922 0.997133
vt 0.806481 0.997601
vt 0.429497 0.836494
vt 0.388624 0.845755
vt 0.316369 0.850165
vt 0.314554 0.836182
vt 0.602543 0.072046
vt 0.616199 0.043943
vt 0.388964 0.845511
vt 0.589825 0.077466
vt 0.599591 0.077176
vt 0.590358 0.069821
vt 0.778529 0.232723
vt 0.778086 0.222646
vt 0.778907 0.229112
vt 0.428562 0.847915
vt 0.429336 0.849916
vt 0.347692 0.841085
vt 0.313990 0.867590
vt 0.314427 0.859083
vt 0.588555 0.043817
vt 0.429337 0.856620
vt 0.429026 0.866209
vt 0.778798 0.215910
vt 0.428318 0.870434
vt 0.313383 0.861398
vt 0.313144 0.859815
vt 0.607803 0.077596
vt 0.313863 0.861499
vt 0.313691 0.864184
vt 0.609394 0.077728
vt 0.789245 0.084397
vt 0.791395 0.086093
vt 0.786750 0.085216
vt 0.428451 0.876380
vt 0.377397 0.875059
vt 0.359565 0.899190
vt 0.314410 0.866446
vt 0.613582 0.078344
vt 0.313609 0.867277
vt 0.615932 0.077780
vt 0.613579 0.077753
vt 0.618451 0.077072
vt 0.623356 0.077135
vt 0.797757 0.084474
vt 0.797656 0.085876
vt 0.376945 0.875852
vt 0.376458 0.876821
vt 0.315279 0.878381
vt 0.314630 0.876521
vt 0.313866 0.875517
vt 0.313575 0.876904
vt 0.312900 0.875607
vt 0.576886 0.715491
vt 0.575759 0.713047
vt 0.575558 0.714230
vt 0.575980 0.715768
vt 0.574212 0.713848
vt 0.626358 0.077737
vt 0.627836 0.078172
vt 0.628580 0.078544
vt 0.627752 0.044946
vt 0.626261 0.043909
vt 0.806878 0.085812
vt 0.806534 0.084398
vt 0.429561 0.884720
vt 0.428420 0.891946
vt 0.428458 0.885034
vt 0.359564 0.899185
vt 0.315248 0.882230
vt 0.314697 0.880823
vt 0.313525 0.880627
vt 0.766004 0.006547
vt 0.765474 0.005030
vt 0.767185 0.006628
vt 0.630787 0.077331
vt 0.766469 0.005227
vt 0.766697 0.003625
vt 0.637632 0.077164
vt 0.289252 0.996807
vt 0.292009 0.995317
vt 0.287799 0.995364
vt 0.637901 0.044176
vt 0.629760 0.044088
vt 0.300016 0.048017
vt 0.300103 0.057945
vt 0.298356 0.055153
vt 0.410542 0.905913
vt 0.315008 0.932388
vt 0.314041 0.888830
vt 0.314356 0.883586
vt 0.314452 0.889584
vt 0.650974 0.043806
vt 0.299122 0.995731
vt 0.306860 0.995157
vt 0.645016 0.043880
vt 0.429646 0.895492
vt 0.428653 0.902120
vt 0.339377 0.924978
vt 0.429631 0.905031
vt 0.428988 0.909624
vt 0.363045 0.913318
vt 0.658627 0.077181
vt 0.662032 0.077302
vt 0.663937 0.043928
vt 0.429575 0.910916
vt 0.428836 0.919189
vt 0.738858 0.317974
vt 0.738395 0.308038
vt 0.740297 0.312055
vt 0.411014 0.904379
vt 0.428905 0.923683
vt 0.314489 0.931848
vt 0.740124 0.308063
vt 0.429798 0.923097
vt 0.428987 0.927578
vt 0.545687 0.931091
vt 0.550632 0.930456
vt 0.543248 0.930370
vt 0.429469 0.930102
vt 0.428962 0.933197
vt 0.410609 0.936696
vt 0.671724 0.077413
vt 0.681361 0.077791
vt 0.685652 0.077428
vt 0.697717 0.043991
vt 0.684230 0.043896
vt 0.670278 0.043968
vt 0.674054 0.521270
vt 0.673899 0.530810
vt 0.673402 0.524657
vt 0.429298 0.938946
vt 0.428343 0.941639
vt 0.674414 0.535368
vt 0.672631 0.533669
vt 0.391303 0.949196
vt 0.316252 0.946177
vt 0.314777 0.955238
vt 0.315008 0.941378
vt 0.581093 0.831895
vt 0.591003 0.832528
vt 0.582470 0.832708
vt 0.595599 0.833485
vt 0.706258 0.077383
vt 0.673698 0.536674
vt 0.429265 0.944800
vt 0.408787 0.962702
vt 0.408777 0.962699
vt 0.393807 0.951582
vt 0.349642 0.964747
vt 0.314094 0.953299
vt 0.596245 0.831659
vt 0.314516 0.945710
vt 0.708656 0.044174
vt 0.705249 0.043838
vt 0.429334 0.949873
vt 0.429524 0.953350
vt 0.429368 0.959143
vt 0.418990 0.964251
vt 0.401280 0.963483
vt 0.401177 0.963432
vt 0.393054 0.964221
vt 0.341409 0.964525
vt 0.313529 0.954697
vt 0.706712 0.078409
vt 0.708630 0.077780
vt 0.718798 0.068699
vt 0.718060 0.044334
vt 0.713591 0.043309
vt 0.429547 0.963179
vt 0.430442 0.964747
vt 0.191046 0.367236
vt 0.201513 0.366665
vt 0.187071 0.366539
vt 0.209754 0.865396
vt 0.210285 0.868549
vt 0.209827 0.877998
vt 0.392460 0.964862
vt 0.377328 0.964338
vt 0.729803 0.535306
vt 0.730244 0.536400
vt 0.745637 0.536568
vt 0.743069 0.535128
vt 0.372396 0.964330
vt 0.368058 0.964434
vt 0.947551 0.423774
vt 0.947678 0.419416
vt 0.948114 0.431327
vt 0.364960 0.964096
vt 0.358797 0.964651
vt 0.336105 0.964676
vt 0.326680 0.964722
vt 0.321210 0.963801
vt 0.315591 0.964076
vt 0.318181 0.964358
vt 0.661114 0.730383
vt 0.656680 0.731972
vt 0.664330 0.731322
vt 0.667659 0.731747
vt 0.666296 0.730383
vt 0.653283 0.734104
vt 0.652781 0.726968
vt 0.652660 0.736577
vt 0.718635 0.077702
vt 0.651790 0.726739
vt 0.026889 0.371417
vt 0.042641 0.371179
vt 0.047576 0.371600
vt 0.142679 0.370150
vt 0.152969 0.370194
vt 0.131719 0.370200
vt 0.169377 0.370018
vt 0.176608 0.370291
vt 0.183012 0.370308
vt 0.180377 0.372774
vt 0.186991 0.370084
vt 0.187502 0.371203
vt 0.200851 0.371580
vt 0.611297 0.834246
vt 0.609938 0.849935
vt 0.610501 0.825395
vt 0.610705 0.840412
vt 0.611075 0.852445
vt 0.610143 0.868152
vt 0.609877 0.862141
vt 0.610857 0.922897
vt 0.611578 0.922768
vt 0.026086 0.370787
vt 0.025958 0.376668
vt 0.026406 0.379503
vt 0.099079 0.371059
vt 0.131540 0.370987
vt 0.114944 0.402607
vt 0.260533 0.371466
vt 0.289994 0.371341
vt 0.290579 0.381255
vt 0.290403 0.375166
vt 0.220784 0.371541
vt 0.248310 0.440401
vt 0.026033 0.385635
vt 0.026045 0.392847
vt 0.026095 0.402792
vt 0.290605 0.381563
vt 0.290470 0.389326
vt 0.290340 0.407601
vt 0.025879 0.413280
vt 0.202040 0.458697
vt 0.290247 0.428630
vt 0.290487 0.415169
vt 0.614275 0.803906
vt 0.612669 0.802256
vt 0.613932 0.800432
vt 0.026052 0.427558
vt 0.290526 0.422390
vt 0.027692 0.434417
vt 0.026588 0.437560
vt 0.267530 0.455799
vt 0.290592 0.452081
vt 0.290390 0.461767
vt 0.290435 0.435191
vt 0.290273 0.471793
vt 0.025946 0.451994
vt 0.026581 0.437624
vt 0.026119 0.465014
vt 0.026222 0.475606
vt 0.207924 0.477652
vt 0.290332 0.501424
vt 0.290368 0.487342
vt 0.029070 0.502752
vt 0.026112 0.483476
vt 0.290304 0.494904
vt 0.290447 0.534361
vt 0.025851 0.508156
vt 0.026070 0.521375
vt 0.110169 0.542307
vt 0.199197 0.542249
vt 0.290321 0.510164
vt 0.026125 0.533741
vt 0.025840 0.525670
vt 0.089307 0.514596
vt 0.248527 0.542299
vt 0.289661 0.541929
vt 0.290377 0.542439
vt 0.025998 0.541760
vt 0.031482 0.542344
vt 0.042913 0.542148
vt 0.140555 0.542195
vt 0.163588 0.542300
vt 0.180824 0.542342
vt 0.947263 0.751460
vt 0.947005 0.771621
vt 0.920912 0.751609
vt 0.850447 0.751517
vt 0.833424 0.763364
vt 0.833562 0.751439
vt 0.908004 0.751523
vt 0.843484 0.794207
vt 0.833521 0.779545
vt 0.890634 0.834735
vt 0.833398 0.789430
vt 0.833673 0.793897
vt 0.843420 0.818082
vt 0.833458 0.825995
vt 0.833706 0.818304
vt 0.974707 0.907366
vt 0.833850 0.866631
vt 0.911039 0.886891
vt 0.833578 0.932669
vt 0.843731 0.932038
vt 0.935407 0.685889
vt 0.934811 0.697728
vt 0.934085 0.686859
vt 0.834634 0.932104
vt 0.834184 0.932753
vt 0.974706 0.907369
vt 0.843510 0.955746
vt 0.935451 0.709129
vt 0.934919 0.707564
vt 0.933528 0.708968
vt 0.833265 0.962884
vt 0.833348 0.956223
vt 0.928495 0.998446
vt 0.833462 0.998508
vt 0.833282 0.979014
vt 0.833196 0.967705
vt 0.947247 0.998432
vt 0.950483 0.969580
vt 0.931686 0.685494
vt 0.238328 0.634279
vt 0.226501 0.633670
vt 0.238238 0.635308
vt 0.214688 0.635347
vt 0.215846 0.634152
vt 0.626636 0.877720
vt 0.627649 0.877428
vt 0.626499 0.886359
vt 0.627949 0.886325
vt 0.527561 0.016350
vt 0.514668 0.033528
vt 0.527450 0.055884
vt 0.527563 0.016363
vt 0.527257 0.000701
vt 0.517060 0.010844
vt 0.518453 0.001962
vt 0.518457 0.001044
vt 0.517845 0.000623
vt 0.527393 0.082842
vt 0.475986 0.105263
vt 0.503835 0.051354
vt 0.494436 0.000313
vt 0.502399 0.060549
vt 0.502976 0.046277
vt 0.488015 0.070098
vt 0.494097 0.107837
vt 0.527481 0.107737
vt 0.495220 0.006942
vt 0.473056 -0.012208
vt 0.484635 0.107667
vt 0.450024 0.046043
vt 0.462699 0.107635
vt 0.442178 0.107621
vt 0.428847 0.049615
vt 0.431834 0.040529
vt 0.422687 0.094298
vt 0.427517 0.107614
vt 0.393427 0.107655
vt 0.422096 0.066235
vt 0.418044 0.108122
vt 0.422657 0.067156
vt 0.433573 0.000762
vt 0.404361 0.012725
vt 0.473084 -0.012170
vt 0.408080 0.002066
vt 0.404443 0.000902
vt 0.379780 0.045739
vt 0.371890 0.026432
vt 0.346021 0.083757
vt 0.374694 0.107940
vt 0.360583 0.107732
vt 0.372390 0.036129
vt 0.360812 0.033048
vt 0.346576 0.023603
vt 0.345827 0.107820
vt 0.345831 0.098877
vt 0.345927 0.091746
vt 0.345898 0.003137
vt 0.351336 0.000560
vt 0.345915 0.000538
vt 0.669636 0.395675
vt 0.669309 0.401827
vt 0.669665 0.401590
vt 0.669665 0.401596
vt 0.668162 0.402643
vt 0.669075 0.413585
vt 0.636021 0.395848
vt 0.670321 0.509040
vt 0.568917 0.616207
vt 0.669564 0.642599
vt 0.600535 0.442110
vt 0.672890 0.510817
vt 0.665583 0.464490
vt 0.647313 0.522079
vt 0.630841 0.545174
vt 0.553237 0.642171
vt 0.645553 0.642690
vt 0.584351 0.395553
vt 0.599789 0.455254
vt 0.558476 0.417154
vt 0.579020 0.395716
vt 0.575826 0.396076
vt 0.509526 0.591599
vt 0.569160 0.395813
vt 0.552918 0.454567
vt 0.539650 0.492495
vt 0.573915 0.495108
vt 0.551511 0.436058
vt 0.532704 0.485349
vt 0.516831 0.395734
vt 0.536083 0.515206
vt 0.525021 0.621157
vt 0.542503 0.642788
vt 0.541606 0.625443
vt 0.533660 0.642573
vt 0.504556 0.395589
vt 0.502225 0.536187
vt 0.522766 0.618158
vt 0.487914 0.609543
vt 0.489522 0.531774
vt 0.488022 0.642482
vt 0.488066 0.395601
vt 0.489523 0.531782
vt 0.832655 0.230946
vt 0.831210 0.224658
vt 0.830959 0.216943
vt 0.830664 0.216832
vt 0.830808 0.212754
vt 0.832063 0.213617
vt 0.832355 0.208599
vt 0.596886 0.739513
vt 0.597183 0.740851
vt 0.596909 0.741351
vt 0.480054 0.983326
vt 0.478156 0.982098
vt 0.481963 0.982438
vt 0.479765 0.981056
vt 0.481666 0.976800
vt 0.481095 0.968682
vt 0.479913 0.968629
vt 0.480126 0.964749
vt 0.481046 0.965516
vt 0.480066 0.964284
vt 0.479027 0.962877
vt 0.480233 0.960947
vt 0.478358 0.960495
vt 0.479398 0.959668
vt 0.834337 0.529909
vt 0.834140 0.528163
vt 0.836074 0.530566
vt 0.479571 0.959270
vt 0.479116 0.958396
vt 0.479506 0.955622
vt 0.480220 0.954936
vt 0.479934 0.954168
vt 0.479582 0.953207
vt 0.479893 0.951468
vt 0.478079 0.950939
vt 0.479091 0.949753
vt 0.218928 0.878337
vt 0.217439 0.877668
vt 0.217488 0.879482
vt 0.219739 0.879710
vt 0.479321 0.948435
vt 0.477445 0.949427
vt 0.479549 0.945631
vt 0.478356 0.940984
vt 0.475685 0.939691
vt 0.477927 0.939355
vt 0.477632 0.914167
vt 0.476289 0.914937
vt 0.476809 0.909125
vt 0.476229 0.899544
vt 0.476583 0.905813
vt 0.475094 0.899233
vt 0.476080 0.899011
vt 0.475139 0.895813
vt 0.475813 0.896079
vt 0.472102 0.895349
vt 0.474802 0.895094
vt 0.474967 0.894976
vt 0.473965 0.893199
vt 0.473758 0.891535
vt 0.473613 0.877089
vt 0.473767 0.876927
vt 0.473111 0.875376
vt 0.472599 0.869958
vt 0.472880 0.865087
vt 0.473125 0.869401
vt 0.472062 0.863975
vt 0.472700 0.862706
vt 0.470264 0.838203
vt 0.471487 0.846531
vt 0.470802 0.837433
vt 0.470255 0.838177
vt 0.469395 0.833893
vt 0.470503 0.833466
vt 0.470503 0.833466
vt 0.469336 0.832103
vt 0.469966 0.827069
vt 0.799427 0.448412
vt 0.788847 0.448514
vt 0.793566 0.450670
vt 0.468892 0.819186
vt 0.468673 0.816695
vt 0.468859 0.814391
vt 0.469438 0.810523
vt 0.469739 0.813323
vt 0.468513 0.810648
vt 0.466035 0.806624
vt 0.468426 0.809851
vt 0.469361 0.809453
vt 0.468510 0.808027
vt 0.468947 0.806621
vt 0.468298 0.805536
vt 0.467620 0.804143
vt 0.006233 0.806629
vt 0.006322 0.809065
vt 0.005313 0.809074
vt 0.477792 0.803401
vt 0.475256 0.803048
vt 0.478509 0.790565
vt 0.476480 0.790970
vt 0.478030 0.789634
vt 0.478811 0.788792
vt 0.477828 0.789509
vt 0.478244 0.787504
vt 0.479939 0.780973
vt 0.479251 0.782176
vt 0.478740 0.780211
vt 0.479736 0.781718
vt 0.479992 0.771879
vt 0.476984 0.767778
vt 0.481308 0.764783
vt 0.478939 0.760079
vt 0.481941 0.760247
vt 0.742433 0.468877
vt 0.745978 0.466831
vt 0.747835 0.469373
vt 0.748066 0.467523
vt 0.476771 0.980882
vt 0.475467 0.977978
vt 0.477422 0.979647
vt 0.471874 0.982402
vt 0.472471 0.981302
vt 0.471418 0.983646
vt 0.471053 0.983195
vt 0.469518 0.976366
vt 0.481238 0.970064
vt 0.479283 0.969340
vt 0.474544 0.965446
vt 0.476965 0.964225
vt 0.295303 0.616209
vt 0.295081 0.614546
vt 0.296422 0.613595
vt 0.468668 0.958172
vt 0.516924 0.879119
vt 0.514990 0.882755
vt 0.515212 0.880302
vt 0.516925 0.882581
vt 0.476427 0.963063
vt 0.474018 0.953858
vt 0.469867 0.956548
vt 0.469646 0.947445
vt 0.474316 0.940032
vt 0.467572 0.945141
vt 0.479238 0.941013
vt 0.473445 0.939574
vt 0.473960 0.938391
vt 0.471818 0.936906
vt 0.470778 0.937092
vt 0.467993 0.936253
vt 0.475460 0.938102
vt 0.473056 0.935155
vt 0.474182 0.933713
vt 0.475222 0.935175
vt 0.473254 0.933060
vt 0.965529 0.761274
vt 0.960267 0.761350
vt 0.962699 0.762427
vt 0.474291 0.932241
vt 0.471766 0.931761
vt 0.470767 0.934954
vt 0.472995 0.930443
vt 0.473615 0.929923
vt 0.959937 0.763230
vt 0.958418 0.762061
vt 0.472094 0.929039
vt 0.470344 0.933807
vt 0.957736 0.760706
vt 0.472612 0.928728
vt 0.472936 0.926455
vt 0.473931 0.916540
vt 0.955996 0.761683
vt 0.956087 0.762932
vt 0.471735 0.926467
vt 0.470453 0.923818
vt 0.471857 0.928331
vt 0.471052 0.921983
vt 0.466346 0.919265
vt 0.469133 0.920814
vt 0.470587 0.921532
vt 0.472402 0.918924
vt 0.470817 0.919610
vt 0.624275 0.863595
vt 0.622415 0.862242
vt 0.624228 0.861022
vt 0.470733 0.918200
vt 0.472329 0.916415
vt 0.469310 0.917209
vt 0.465865 0.918454
vt 0.471961 0.915005
vt 0.466928 0.911033
vt 0.463607 0.885627
vt 0.465282 0.910508
vt 0.470409 0.894940
vt 0.073680 0.042404
vt 0.073017 0.039664
vt 0.075919 0.039579
vt 0.075919 0.041322
vt 0.073398 0.037905
vt 0.471978 0.893252
vt 0.470843 0.889257
vt 0.471202 0.876900
vt 0.463965 0.874228
vt 0.733644 0.519567
vt 0.735493 0.517792
vt 0.732592 0.517792
vt 0.470450 0.868927
vt 0.471026 0.864903
vt 0.464841 0.865192
vt 0.737200 0.528340
vt 0.736460 0.526780
vt 0.738630 0.527453
vt 0.470310 0.863754
vt 0.738746 0.525361
vt 0.471609 0.862372
vt 0.467024 0.853837
vt 0.468881 0.839282
vt 0.462219 0.856932
vt 0.461523 0.847976
vt 0.467248 0.839477
vt 0.462330 0.831646
vt 0.461863 0.844901
vt 0.211315 0.084398
vt 0.208019 0.085234
vt 0.210260 0.086223
vt 0.468830 0.837811
vt 0.467349 0.833125
vt 0.464981 0.833467
vt 0.106277 0.974871
vt 0.108801 0.973084
vt 0.106269 0.973084
vt 0.272532 0.237428
vt 0.276093 0.238599
vt 0.271775 0.235173
vt 0.276218 0.236175
vt 0.467119 0.833000
vt 0.467762 0.822983
vt 0.463943 0.830410
vt 0.460682 0.823295
vt 0.466765 0.816654
vt 0.468874 0.819253
vt 0.459025 0.814346
vt 0.981141 0.021442
vt 0.984747 0.024093
vt 0.984537 0.021442
vt 0.463530 0.805667
vt 0.457424 0.806401
vt 0.008820 0.804789
vt 0.010778 0.806631
vt 0.009018 0.807011
vt 0.464948 0.804944
vt 0.465349 0.803337
vt 0.465496 0.801139
vt 0.461772 0.803914
vt 0.006180 0.809474
vt 0.007070 0.810233
vt 0.009138 0.809098
vt 0.011675 0.808836
vt 0.008483 0.810449
vt 0.005820 0.810340
vt 0.008053 0.811853
vt 0.460228 0.801087
vt 0.010624 0.812241
vt 0.012089 0.812123
vt 0.457025 0.800915
vt 0.011130 0.813347
vt 0.460475 0.799583
vt 0.471692 0.825992
vt 0.470910 0.825421
vt 0.471365 0.821154
vt 0.469124 0.823135
vt 0.468371 0.825623
vt 0.468052 0.824682
vt 0.473135 0.814466
vt 0.472166 0.819220
vt 0.471498 0.814626
vt 0.472332 0.815320
vt 0.460458 0.797127
vt 0.459930 0.797899
vt 0.458613 0.789078
vt 0.456982 0.794638
vt 0.470403 0.808655
vt 0.976285 0.312635
vt 0.977862 0.311737
vt 0.977887 0.313574
vt 0.472567 0.813438
vt 0.472864 0.804613
vt 0.459256 0.787913
vt 0.455467 0.781082
vt 0.457593 0.781549
vt 0.458717 0.781364
vt 0.473742 0.804493
vt 0.470254 0.805958
vt 0.468741 0.803903
vt 0.469283 0.805804
vt 0.786484 0.386364
vt 0.785417 0.385436
vt 0.788685 0.384535
vt 0.786325 0.383619
vt 0.472373 0.803468
vt 0.469534 0.799422
vt 0.472894 0.802898
vt 0.466759 0.802474
vt 0.472621 0.799489
vt 0.473101 0.797352
vt 0.466990 0.799775
vt 0.666944 0.861078
vt 0.665861 0.862754
vt 0.668601 0.863039
vt 0.468045 0.798126
vt 0.468876 0.791837
vt 0.475779 0.789816
vt 0.771277 0.403741
vt 0.771277 0.405566
vt 0.768614 0.404753
vt 0.471585 0.783405
vt 0.473089 0.777612
vt 0.479228 0.783127
vt 0.468168 0.782167
vt 0.273199 0.706999
vt 0.271485 0.707499
vt 0.271277 0.704038
vt 0.477088 0.779926
vt 0.479647 0.779138
vt 0.477319 0.770102
vt 0.468639 0.775943
vt 0.471155 0.766681
vt 0.474327 0.768371
vt 0.014990 0.026916
vt 0.013056 0.024723
vt 0.014313 0.022518
vt 0.476927 0.767734
vt 0.013056 0.147256
vt 0.015951 0.148201
vt 0.014423 0.145529
vt 0.019717 0.146544
vt 0.475858 0.766137
vt 0.476328 0.759868
vt 0.471851 0.759676
vt 0.468977 0.768332
vt 0.471025 0.982399
vt 0.469602 0.982311
vt 0.470546 0.981542
vt 0.471365 0.438280
vt 0.471323 0.439687
vt 0.469536 0.438036
vt 0.469106 0.983323
vt 0.468682 0.982416
vt 0.469769 0.440237
vt 0.467513 0.982460
vt 0.463309 0.978330
vt 0.465928 0.983305
vt 0.464960 0.983651
vt 0.463884 0.982592
vt 0.464430 0.976909
vt 0.471096 0.980202
vt 0.468344 0.976597
vt 0.468856 0.956423
vt 0.468502 0.958008
vt 0.467543 0.936720
vt 0.463345 0.886759
vt 0.462539 0.872450
vt 0.462374 0.866104
vt 0.021129 0.692455
vt 0.022790 0.691356
vt 0.023694 0.693887
vt 0.462121 0.864593
vt 0.461619 0.857616
vt 0.461084 0.856639
vt 0.461141 0.856607
vt 0.997582 0.931113
vt 0.995877 0.930610
vt 0.997433 0.927227
vt 0.995648 0.928198
vt 0.460725 0.845713
vt 0.458947 0.824669
vt 0.602031 0.088047
vt 0.599991 0.086981
vt 0.601748 0.085402
vt 0.458887 0.822573
vt 0.458354 0.819132
vt 0.456440 0.780204
vt 0.784816 0.383074
vt 0.788503 0.381867
vt 0.465954 0.803873
vt 0.466615 0.797935
vt 0.468574 0.780626
vt 0.468206 0.779000
vt 0.468786 0.773964
vt 0.469330 0.761684
vt 0.471016 0.762098
vt 0.466820 0.759004
vt 0.467842 0.759285
vt 0.471767 0.759681
vt 0.470007 0.759218
vt 0.463321 0.983849
vt 0.459242 0.984011
vt 0.454326 0.984636
vt 0.452687 0.983551
vt 0.453502 0.978658
vt 0.462689 0.977324
vt 0.453453 0.977446
vt 0.464048 0.976749
vt 0.454390 0.977809
vt 0.458185 0.759158
vt 0.457044 0.767472
vt 0.450212 0.759611
vt 0.458405 0.758224
vt 0.449355 0.979332
vt 0.452013 0.984734
vt 0.442208 0.985094
vt 0.442931 0.983899
vt 0.250000 0.903097
vt 0.245374 0.903074
vt 0.247319 0.903696
vt 0.453502 0.978658
vt 0.451159 0.978488
vt 0.453262 0.977604
vt 0.447854 0.979849
vt 0.449284 0.979335
vt 0.448717 0.978629
vt 0.445931 0.978035
vt 0.962607 0.368965
vt 0.959277 0.368678
vt 0.962090 0.369982
vt 0.445895 0.979389
vt 0.440150 0.765717
vt 0.443400 0.760456
vt 0.454981 0.758463
vt 0.455354 0.757961
vt 0.450899 0.758285
vt 0.003385 0.873631
vt 0.000520 0.873124
vt 0.003385 0.871807
vt 0.439458 0.980849
vt 0.431702 0.979178
vt 0.434269 0.764633
vt 0.442440 0.758700
vt 0.448289 0.758293
vt 0.443496 0.757903
vt 0.954189 0.811588
vt 0.955996 0.809763
vt 0.953388 0.809763
vt 0.440157 0.757081
vt 0.440786 0.756514
vt 0.438437 0.757545
vt 0.952313 0.810921
vt 0.442164 0.757290
vt 0.442373 0.756610
vt 0.443137 0.756998
vt 0.439074 0.756322
vt 0.433938 0.981963
vt 0.439746 0.985473
vt 0.431124 0.985993
vt 0.429244 0.985898
vt 0.432118 0.982914
vt 0.433822 0.981957
vt 0.432402 0.980569
vt 0.600097 0.984945
vt 0.599957 0.982208
vt 0.597999 0.984491
vt 0.433210 0.765175
vt 0.437338 0.765336
vt 0.748122 0.347983
vt 0.751224 0.347861
vt 0.751934 0.350821
vt 0.432129 0.764207
vt 0.431139 0.764999
vt 0.431491 0.762033
vt 0.434727 0.757160
vt 0.437319 0.757131
vt 0.436095 0.757345
vt 0.436301 0.756279
vt 0.434829 0.756498
vt 0.428623 0.756063
vt 0.433736 0.756724
vt 0.433328 0.756169
vt 0.418357 0.981405
vt 0.421563 0.979491
vt 0.423615 0.758698
vt 0.425790 0.756567
vt 0.426578 0.755656
vt 0.427733 0.755584
vt 0.422473 0.755880
vt 0.421455 0.756367
vt 0.425871 0.755861
vt 0.425307 0.755435
vt 0.421463 0.754717
vt 0.410885 0.987110
vt 0.417666 0.983498
vt 0.416312 0.980363
vt 0.478697 0.456253
vt 0.476306 0.455748
vt 0.478722 0.459098
vt 0.401009 0.980353
vt 0.413702 0.762419
vt 0.419560 0.758599
vt 0.411476 0.760239
vt 0.416011 0.757322
vt 0.535300 0.939607
vt 0.537636 0.940692
vt 0.536280 0.942062
vt 0.538132 0.941803
vt 0.538192 0.936619
vt 0.419796 0.756589
vt 0.417927 0.755354
vt 0.421519 0.755189
vt 0.420184 0.754798
vt 0.420085 0.754797
vt 0.417397 0.754475
vt 0.420731 0.755733
vt 0.417226 0.755687
vt 0.414200 0.755253
vt 0.417040 0.754683
vt 0.414170 0.754438
vt 0.410034 0.986277
vt 0.403932 0.986609
vt 0.400290 0.981004
vt 0.766480 0.364557
vt 0.769321 0.363728
vt 0.769342 0.367245
vt 0.413189 0.755447
vt 0.412299 0.754807
vt 0.411824 0.755326
vt 0.410885 0.755082
vt 0.409853 0.755100
vt 0.412775 0.754350
vt 0.410985 0.753887
vt 0.409187 0.753647
vt 0.408810 0.754891
vt 0.406101 0.754679
vt 0.406158 0.753792
vt 0.408762 0.753972
vt 0.403388 0.987662
vt 0.402159 0.986881
vt 0.402162 0.986547
vt 0.394252 0.987087
vt 0.395192 0.985978
vt 0.396422 0.980208
vt 0.398414 0.980032
vt 0.400487 0.977990
vt 0.396865 0.978896
vt 0.410212 0.763157
vt 0.391589 0.761847
vt 0.398799 0.757792
vt 0.402809 0.754520
vt 0.404753 0.754683
vt 0.401981 0.754293
vt 0.404635 0.754637
vt 0.403777 0.754421
vt 0.404623 0.753669
vt 0.402244 0.753435
vt 0.403224 0.753489
vt 0.400640 0.754246
vt 0.395038 0.753038
vt 0.395794 0.753281
vt 0.400489 0.753264
vt 0.000484 0.414768
vt 0.000557 0.413026
vt 0.002418 0.415602
vt 0.392639 0.986730
vt 0.394161 0.987095
vt 0.391300 0.987795
vt 0.387976 0.987627
vt 0.390872 0.988178
vt 0.389807 0.988404
vt 0.384061 0.982468
vt 0.393673 0.980886
vt 0.570151 0.724500
vt 0.571083 0.727646
vt 0.569149 0.725989
vt 0.387203 0.981548
vt 0.395042 0.979727
vt 0.395217 0.977373
vt 0.389087 0.977697
vt 0.386203 0.978766
vt 0.391141 0.763545
vt 0.386468 0.763149
vt 0.386325 0.761443
vt 0.389086 0.755023
vt 0.385151 0.752618
vt 0.390160 0.752809
vt 0.394192 0.752669
vt 0.386558 0.988183
vt 0.378462 0.987389
vt 0.382628 0.982236
vt 0.385589 0.980589
vt 0.385621 0.981750
vt 0.383927 0.980894
vt 0.897002 0.001369
vt 0.899513 0.002879
vt 0.899407 0.001369
vt 0.385641 0.978392
vt 0.385782 0.978201
vt 0.384708 0.978432
vt 0.384464 0.761032
vt 0.383042 0.757501
vt 0.790063 0.260630
vt 0.790624 0.264090
vt 0.786750 0.261895
vt 0.788450 0.263827
vt 0.379949 0.752508
vt 0.380685 0.756671
vt 0.388194 0.753118
vt 0.845745 0.272016
vt 0.848646 0.271442
vt 0.848654 0.273269
vt 0.385502 0.752067
vt 0.390033 0.752857
vt 0.379435 0.752024
vt 0.383859 0.752335
vt 0.380162 0.751465
vt 0.383922 0.751866
vt 0.379488 0.988492
vt 0.367740 0.757573
vt 0.378673 0.757400
vt 0.369734 0.755208
vt 0.369774 0.753404
vt 0.374678 0.752172
vt 0.377063 0.751944
vt 0.378620 0.751960
vt 0.377894 0.750820
vt 0.376147 0.751720
vt 0.069414 0.086104
vt 0.071369 0.086223
vt 0.069898 0.084834
vt 0.375982 0.751298
vt 0.072798 0.084714
vt 0.378833 0.988697
vt 0.358459 0.989947
vt 0.365829 0.985696
vt 0.365373 0.983975
vt 0.361382 0.983096
vt 0.382516 0.981669
vt 0.358726 0.757193
vt 0.373316 0.485918
vt 0.374434 0.482673
vt 0.370939 0.482261
vt 0.371377 0.486770
vt 0.366186 0.754940
vt 0.370668 0.751596
vt 0.014023 0.669301
vt 0.011122 0.669301
vt 0.013101 0.671609
vt 0.011948 0.671401
vt 0.013175 0.673699
vt 0.013471 0.672940
vt 0.011972 0.672784
vt 0.372525 0.750344
vt 0.373755 0.751097
vt 0.370021 0.751634
vt 0.369990 0.750377
vt 0.370868 0.751277
vt 0.364383 0.750985
vt 0.364092 0.750134
vt 0.369714 0.753341
vt 0.368361 0.750475
vt 0.365456 0.749814
vt 0.357038 0.758631
vt 0.357528 0.755332
vt 0.363985 0.750593
vt 0.361924 0.750872
vt 0.362386 0.749563
vt 0.363869 0.750085
vt 0.361991 0.749874
vt 0.360044 0.749341
vt 0.361491 0.749640
vt 0.355987 0.750245
vt 0.354338 0.748845
vt 0.348414 0.984279
vt 0.350733 0.989734
vt 0.349609 0.990479
vt 0.331815 0.991509
vt 0.341794 0.989177
vt 0.354208 0.758417
vt 0.350162 0.757865
vt 0.356205 0.757461
vt 0.344487 0.753704
vt 0.347015 0.753033
vt 0.354246 0.750187
vt 0.352430 0.753328
vt 0.986944 0.365135
vt 0.988878 0.363591
vt 0.987078 0.367245
vt 0.348542 0.750003
vt 0.355384 0.750331
vt 0.352805 0.750162
vt 0.352485 0.749841
vt 0.354526 0.749864
vt 0.354493 0.749873
vt 0.353938 0.749950
vt 0.353944 0.749084
vt 0.352862 0.749556
vt 0.351843 0.748876
vt 0.345741 0.749682
vt 0.348292 0.748843
vt 0.345827 0.984593
vt 0.335648 0.756654
vt 0.346505 0.749405
vt 0.339302 0.748998
vt 0.344948 0.748454
vt 0.339859 0.748093
vt 0.338338 0.749245
vt 0.326994 0.988914
vt 0.330916 0.991638
vt 0.333716 0.985013
vt 0.321255 0.755076
vt 0.328247 0.749782
vt 0.329682 0.748431
vt 0.334876 0.748352
vt 0.329021 0.747850
vt 0.323907 0.992031
vt 0.326633 0.991083
vt 0.561307 0.950274
vt 0.564165 0.948989
vt 0.559568 0.948454
vt 0.320115 0.992261
vt 0.323620 0.991159
vt 0.315043 0.985644
vt 0.320161 0.754497
vt 0.320503 0.748927
vt 0.247099 0.952099
vt 0.245164 0.952099
vt 0.246216 0.954753
vt 0.327368 0.748755
vt 0.329021 0.747850
vt 0.321017 0.747506
vt 0.318390 0.991537
vt 0.317976 0.992391
vt 0.312096 0.992072
vt 0.330692 0.984841
vt 0.320905 0.755567
vt 0.310859 0.754909
vt 0.312048 0.746981
vt 0.317604 0.749055
vt 0.819597 0.985858
vt 0.817698 0.988595
vt 0.820572 0.988217
vt 0.821422 0.986089
vt 0.319133 0.747294
vt 0.318261 0.746453
vt 0.317165 0.746586
vt 0.317418 0.745964
vt 0.312656 0.746279
vt 0.311037 0.992669
vt 0.810928 0.075274
vt 0.813506 0.076163
vt 0.813830 0.075274
vt 0.309388 0.992957
vt 0.305692 0.993219
vt 0.308944 0.992529
vt 0.310050 0.991967
vt 0.310405 0.991131
vt 0.307483 0.986749
vt 0.313190 0.985349
vt 0.311904 0.984662
vt 0.311232 0.983424
vt 0.306858 0.983679
vt 0.309989 0.973220
vt 0.300221 0.973959
vt 0.309272 0.967801
vt 0.305818 0.963617
vt 0.308243 0.958298
vt 0.575206 0.933441
vt 0.577853 0.934763
vt 0.577616 0.932938
vt 0.308166 0.956257
vt 0.307072 0.956140
vt 0.306714 0.949210
vt 0.300535 0.945744
vt 0.300598 0.943809
vt 0.304489 0.940529
vt 0.306951 0.941404
vt 0.547051 0.971920
vt 0.549660 0.970350
vt 0.549695 0.973088
vt 0.306042 0.925882
vt 0.307022 0.939249
vt 0.299751 0.935489
vt 0.301619 0.923460
vt 0.305819 0.923181
vt 0.302548 0.917307
vt 0.301788 0.911653
vt 0.298939 0.910460
vt 0.304640 0.907022
vt 0.866054 0.049225
vt 0.868817 0.047119
vt 0.868955 0.049726
vt 0.301397 0.909500
vt 0.303476 0.887619
vt 0.299024 0.894897
vt 0.298225 0.892735
vt 0.298848 0.880928
vt 0.302359 0.875239
vt 0.301109 0.875992
vt 0.895873 0.737821
vt 0.897969 0.737682
vt 0.895144 0.739145
vt 0.897969 0.739507
vt 0.299455 0.870129
vt 0.298795 0.868548
vt 0.302261 0.873898
vt 0.301018 0.868181
vt 0.260592 0.085852
vt 0.263540 0.085585
vt 0.259301 0.083644
vt 0.262530 0.083485
vt 0.301708 0.865715
vt 0.300490 0.866004
vt 0.637996 0.696802
vt 0.639749 0.696624
vt 0.637813 0.699216
vt 0.301578 0.863757
vt 0.296924 0.863094
vt 0.299706 0.852110
vt 0.300786 0.847976
vt 0.294080 0.848549
vt 0.298787 0.850595
vt 0.298787 0.850595
vt 0.298741 0.840421
vt 0.300347 0.847470
vt 0.301135 0.847238
vt 0.301801 0.837379
vt 0.302852 0.829118
vt 0.297397 0.829108
vt 0.303468 0.822860
vt 0.302891 0.821783
vt 0.299203 0.822905
vt 0.298599 0.814719
vt 0.303625 0.821217
vt 0.302891 0.821783
vt 0.300992 0.810400
vt 0.305723 0.796122
vt 0.298462 0.803573
vt 0.299158 0.786988
vt 0.302140 0.786223
vt 0.308455 0.768182
vt 0.304072 0.777720
vt 0.306265 0.765979
vt 0.308887 0.766742
vt 0.308071 0.764972
vt 0.309352 0.763308
vt 0.309767 0.762969
vt 0.310232 0.756750
vt 0.307294 0.756520
vt 0.306371 0.762695
vt 0.310372 0.756669
vt 0.309509 0.755395
vt 0.481152 0.882413
vt 0.483075 0.880018
vt 0.483075 0.882680
vt 0.310397 0.748267
vt 0.308571 0.746891
vt 0.315187 0.746462
vt 0.310314 0.745950
vt 0.312528 0.745286
vt 0.310227 0.745971
vt 0.963393 0.977834
vt 0.963733 0.980383
vt 0.961799 0.979937
vt 0.297948 0.983837
vt 0.298719 0.993929
vt 0.297912 0.981319
vt 0.298035 0.978333
vt 0.297203 0.974552
vt 0.297837 0.976811
vt 0.298754 0.976641
vt 0.298392 0.971566
vt 0.299918 0.961509
vt 0.032641 0.040886
vt 0.033163 0.038001
vt 0.035289 0.038267
vt 0.297627 0.972800
vt 0.297561 0.972781
vt 0.297969 0.961607
vt 0.300088 0.956972
vt 0.298598 0.960115
vt 0.487911 0.908847
vt 0.485624 0.909034
vt 0.486280 0.907468
vt 0.296813 0.959993
vt 0.297048 0.972321
vt 0.484174 0.907422
vt 0.485741 0.904295
vt 0.298533 0.956815
vt 0.298676 0.949765
vt 0.295495 0.950300
vt 0.299576 0.949064
vt 0.299635 0.942080
vt 0.299084 0.940480
vt 0.300380 0.936801
vt 0.299340 0.937784
vt 0.444242 0.903741
vt 0.445358 0.901916
vt 0.442660 0.902677
vt 0.299561 0.927899
vt 0.299156 0.937515
vt 0.298055 0.926953
vt 0.298702 0.928441
vt 0.298159 0.926909
vt 0.297074 0.926839
vt 0.296916 0.925922
vt 0.293815 0.926010
vt 0.294454 0.921448
vt 0.293226 0.911648
vt 0.295015 0.906373
vt 0.293722 0.905070
vt 0.298901 0.910448
vt 0.295521 0.904231
vt 0.544971 0.024103
vt 0.551592 0.023991
vt 0.551120 0.022354
vt 0.826044 0.390967
vt 0.827369 0.392203
vt 0.825435 0.393091
vt 0.292814 0.910219
vt 0.291349 0.889241
vt 0.581583 0.801571
vt 0.575803 0.803913
vt 0.576328 0.801833
vt 0.294210 0.889374
vt 0.294449 0.888202
vt 0.295365 0.887729
vt 0.295612 0.881973
vt 0.295333 0.884385
vt 0.295915 0.879423
vt 0.294596 0.874678
vt 0.003270 0.476795
vt 0.003233 0.480022
vt 0.000665 0.479239
vt 0.295444 0.881891
vt 0.294777 0.877314
vt 0.294347 0.861547
vt 0.292801 0.849834
vt 0.294688 0.853883
vt 0.213448 0.925639
vt 0.214217 0.927888
vt 0.212693 0.931108
vt 0.293402 0.850929
vt 0.214167 0.930197
vt 0.291781 0.849913
vt 0.291794 0.849044
vt 0.292273 0.848052
vt 0.294083 0.848584
vt 0.290971 0.846397
vt 0.288688 0.848718
vt 0.599142 0.898226
vt 0.601202 0.898096
vt 0.602998 0.896442
vt 0.290774 0.840078
vt 0.289203 0.844073
vt 0.291253 0.833126
vt 0.289986 0.839679
vt 0.290688 0.833570
vt 0.290344 0.832158
vt 0.290454 0.832047
vt 0.292802 0.819830
vt 0.291227 0.822956
vt 0.339947 0.212873
vt 0.337585 0.212228
vt 0.334260 0.213495
vt 0.296297 0.815033
vt 0.334842 0.212461
vt 0.292962 0.817068
vt 0.295328 0.812138
vt 0.291606 0.819927
vt 0.292219 0.812002
vt 0.296411 0.811161
vt 0.298185 0.805243
vt 0.295510 0.811329
vt 0.297749 0.803512
vt 0.298385 0.794992
vt 0.298545 0.789311
vt 0.297701 0.788203
vt 0.294493 0.787772
vt 0.298515 0.780354
vt 0.617505 0.898189
vt 0.619436 0.895530
vt 0.619439 0.898266
vt 0.295894 0.774536
vt 0.296614 0.777369
vt 0.298622 0.773510
vt 0.297042 0.775356
vt 0.845865 0.204733
vt 0.843561 0.204574
vt 0.848121 0.205381
vt 0.296396 0.774271
vt 0.848646 0.203923
vt 0.301720 0.761531
vt 0.297352 0.773155
vt 0.296394 0.774262
vt 0.296787 0.767164
vt 0.299421 0.751303
vt 0.296856 0.764910
vt 0.303465 0.749648
vt 0.299392 0.745362
vt 0.298595 0.746511
vt 0.280948 0.915602
vt 0.276123 0.915602
vt 0.280368 0.919086
vt 0.301583 0.746777
vt 0.299421 0.751303
vt 0.299536 0.747822
vt 0.277824 0.918921
vt 0.298943 0.744085
vt 0.279103 0.921077
vt 0.034386 0.641694
vt 0.030618 0.644399
vt 0.033414 0.642187
vt 0.041009 0.641456
vt 0.058283 0.643674
vt 0.057343 0.641124
vt 0.244869 0.647748
vt 0.251985 0.647769
vt 0.244596 0.649800
vt 0.256654 0.647922
vt 0.269857 0.648114
vt 0.271702 0.650510
vt 0.280462 0.650594
vt 0.273296 0.650177
vt 0.288817 0.648652
vt 0.285301 0.650740
vt 0.030592 0.645382
vt 0.027437 0.641921
vt 0.028184 0.647664
vt 0.027549 0.650882
vt 0.804158 0.259977
vt 0.799323 0.259581
vt 0.800171 0.260494
vt 0.028548 0.651476
vt 0.034807 0.652000
vt 0.035071 0.645714
vt 0.045527 0.652450
vt 0.055212 0.645542
vt 0.051480 0.651606
vt 0.061773 0.649624
vt 0.069462 0.645730
vt 0.067763 0.645263
vt 0.064277 0.652409
vt 0.071031 0.648669
vt 0.072251 0.641039
vt 0.072710 0.643681
vt 0.070082 0.645028
vt 0.073279 0.645458
vt 0.069462 0.645730
vt 0.072071 0.647713
vt 0.070272 0.651571
vt 0.077853 0.638230
vt 0.079219 0.634650
vt 0.080754 0.635394
vt 0.919527 0.679159
vt 0.921200 0.677215
vt 0.918664 0.676846
vt 0.917311 0.677036
vt 0.072102 0.647750
vt 0.073313 0.647216
vt 0.075254 0.646019
vt 0.072340 0.652058
vt 0.081176 0.647714
vt 0.078379 0.650256
vt 0.087205 0.645298
vt 0.095271 0.646516
vt 0.089051 0.645204
vt 0.094489 0.647260
vt 0.095973 0.647753
vt 0.093956 0.652405
vt 0.097969 0.645339
vt 0.742263 0.338677
vt 0.740329 0.340002
vt 0.740413 0.338047
vt 0.096889 0.647002
vt 0.742263 0.340785
vt 0.101347 0.645217
vt 0.103128 0.646051
vt 0.099062 0.650136
vt 0.101248 0.648738
vt 0.473028 0.438413
vt 0.475032 0.437569
vt 0.475338 0.435675
vt 0.104372 0.645527
vt 0.115466 0.646087
vt 0.103128 0.646052
vt 0.117905 0.646257
vt 0.106641 0.650676
vt 0.126796 0.653786
vt 0.116761 0.653353
vt 0.123232 0.646492
vt 0.126060 0.646798
vt 0.138083 0.654326
vt 0.134252 0.647304
vt 0.133410 0.648254
vt 0.532384 0.988595
vt 0.533366 0.985858
vt 0.530466 0.988536
vt 0.136370 0.648366
vt 0.134372 0.647327
vt 0.146231 0.647819
vt 0.145421 0.649074
vt 0.146457 0.650805
vt 0.606121 0.942974
vt 0.606494 0.941150
vt 0.603965 0.942681
vt 0.147501 0.648755
vt 0.154897 0.654272
vt 0.158937 0.648257
vt 0.161375 0.649957
vt 0.161801 0.648686
vt 0.429884 0.972172
vt 0.432529 0.970601
vt 0.430233 0.970347
vt 0.157080 0.654532
vt 0.161984 0.648498
vt 0.165041 0.649087
vt 0.163321 0.650962
vt 0.167475 0.648966
vt 0.217268 0.958912
vt 0.218275 0.956661
vt 0.219970 0.957469
vt 0.219253 0.961223
vt 0.163351 0.651042
vt 0.171017 0.649028
vt 0.167107 0.650289
vt 0.169987 0.650305
vt 0.534333 0.651774
vt 0.532393 0.651926
vt 0.534333 0.649179
vt 0.169966 0.654741
vt 0.171637 0.651724
vt 0.170956 0.649135
vt 0.173571 0.648988
vt 0.181152 0.656448
vt 0.189524 0.653272
vt 0.192668 0.651562
vt 0.529497 0.802262
vt 0.533315 0.806551
vt 0.531360 0.807028
vt 0.191264 0.652957
vt 0.202723 0.653923
vt 0.194010 0.656079
vt 0.217121 0.651105
vt 0.203310 0.652434
vt 0.635644 0.852010
vt 0.633659 0.850888
vt 0.631157 0.852625
vt 0.204361 0.654473
vt 0.209384 0.656547
vt 0.211082 0.655368
vt 0.218038 0.651671
vt 0.215956 0.657956
vt 0.218460 0.656078
vt 0.219139 0.654896
vt 0.550934 0.873577
vt 0.552624 0.873176
vt 0.550509 0.872719
vt 0.223005 0.658440
vt 0.219187 0.656641
vt 0.222878 0.651497
vt 0.223182 0.652485
vt 0.222369 0.654436
vt 0.770309 0.043215
vt 0.772874 0.043339
vt 0.771732 0.041515
vt 0.223565 0.656363
vt 0.774178 0.041515
vt 0.224188 0.651829
vt 0.234768 0.653210
vt 0.223039 0.651388
vt 0.239726 0.652453
vt 0.224547 0.654449
vt 0.223623 0.656480
vt 0.228550 0.657498
vt 0.230648 0.656926
vt 0.243853 0.652697
vt 0.240659 0.656860
vt 0.243916 0.655937
vt 0.243077 0.656637
vt 0.247045 0.659486
vt 0.254458 0.652166
vt 0.250338 0.658974
vt 0.258346 0.652266
vt 0.260040 0.654445
vt 0.793483 0.506882
vt 0.790806 0.506843
vt 0.790619 0.508668
vt 0.273696 0.658509
vt 0.260390 0.652852
vt 0.258353 0.652283
vt 0.285688 0.652184
vt 0.276938 0.654527
vt 0.281993 0.654559
vt 0.252913 0.773045
vt 0.254836 0.770529
vt 0.254836 0.772596
vt 0.282519 0.655890
vt 0.278839 0.655971
vt 0.286412 0.651937
vt 0.286551 0.650609
vt 0.289276 0.653250
vt 0.285615 0.653731
vt 0.782870 0.285410
vt 0.779981 0.287115
vt 0.780837 0.285128
vt 0.782540 0.289547
vt 0.289408 0.657755
vt 0.028549 0.651476
vt 0.028225 0.652960
vt 0.027568 0.656411
vt 0.028777 0.652584
vt 0.030128 0.657611
vt 0.031291 0.658032
vt 0.028053 0.657871
vt 0.029937 0.658339
vt 0.033893 0.655028
vt 0.034292 0.653221
vt 0.033782 0.661737
vt 0.034004 0.656755
vt 0.053398 0.652908
vt 0.054088 0.652522
vt 0.063715 0.652877
vt 0.053576 0.652975
vt 0.062560 0.651966
vt 0.063767 0.652880
vt 0.069436 0.652666
vt 0.071670 0.652708
vt 0.981253 0.009844
vt 0.983075 0.008808
vt 0.982301 0.010927
vt 0.074384 0.652323
vt 0.090619 0.652773
vt 0.071569 0.652735
vt 0.079732 0.651696
vt 0.010795 0.742538
vt 0.014613 0.741497
vt 0.010155 0.740420
vt 0.091912 0.651804
vt 0.098292 0.652769
vt 0.104226 0.652689
vt 0.103616 0.653144
vt 0.109697 0.653232
vt 0.111373 0.653298
vt 0.113588 0.653688
vt 0.135627 0.654465
vt 0.127452 0.654425
vt 0.151676 0.655404
vt 0.137736 0.654758
vt 0.155280 0.655279
vt 0.654255 0.829986
vt 0.652321 0.832034
vt 0.652793 0.829836
vt 0.161917 0.655908
vt 0.155394 0.655187
vt 0.164855 0.655999
vt 0.168818 0.655234
vt 0.171846 0.656279
vt 0.620964 0.764142
vt 0.622340 0.762318
vt 0.619761 0.763134
vt 0.172851 0.655187
vt 0.174503 0.655560
vt 0.249865 0.990420
vt 0.251834 0.989672
vt 0.248543 0.989196
vt 0.173456 0.656520
vt 0.179162 0.656800
vt 0.192559 0.657015
vt 0.181837 0.656932
vt 0.201164 0.657443
vt 0.192565 0.657008
vt 0.193508 0.657503
vt 0.202467 0.656829
vt 0.631141 0.850898
vt 0.204312 0.656767
vt 0.212909 0.658481
vt 0.210701 0.656993
vt 0.701644 0.414550
vt 0.698743 0.414690
vt 0.701489 0.412045
vt 0.212671 0.657215
vt 0.349563 0.992394
vt 0.347743 0.996807
vt 0.348158 0.992578
vt 0.217369 0.658828
vt 0.214077 0.659197
vt 0.217171 0.657603
vt 0.548864 0.874185
vt 0.349558 0.996530
vt 0.217371 0.657640
vt 0.641683 0.898266
vt 0.641659 0.901740
vt 0.639813 0.900212
vt 0.225237 0.659048
vt 0.229714 0.659362
vt 0.124274 0.825071
vt 0.122543 0.822947
vt 0.124275 0.821624
vt 0.231250 0.658413
vt 0.235287 0.656895
vt 0.231287 0.658506
vt 0.232785 0.659980
vt 0.238900 0.658509
vt 0.851141 0.060675
vt 0.853154 0.059700
vt 0.849613 0.058850
vt 0.777079 0.520529
vt 0.779981 0.520861
vt 0.778689 0.524052
vt 0.245088 0.659760
vt 0.232800 0.659987
vt 0.242968 0.658772
vt 0.251161 0.660582
vt 0.779981 0.523067
vt 0.244515 0.658836
vt 0.248560 0.658167
vt 0.247097 0.659671
vt 0.248581 0.659011
vt 0.252249 0.659892
vt 0.263513 0.659846
vt 0.265558 0.659600
vt 0.279092 0.659977
vt 0.277126 0.655351
vt 0.280490 0.658959
vt 0.283149 0.661033
vt 0.280234 0.660081
vt 0.279313 0.660084
vt 0.279255 0.670254
vt 0.279068 0.667048
vt 0.281637 0.673112
vt 0.282596 0.662521
vt 0.283135 0.669096
vt 0.284504 0.655462
vt 0.285132 0.662494
vt 0.517892 0.953527
vt 0.519826 0.953011
vt 0.519746 0.955686
vt 0.285439 0.663211
vt 0.288462 0.660917
vt 0.287866 0.662077
vt 0.922276 0.013379
vt 0.925042 0.014128
vt 0.924508 0.012318
vt 0.287869 0.662072
vt 0.289463 0.662942
vt 0.288331 0.674690
vt 0.027609 0.657863
vt 0.028152 0.657930
vt 0.027879 0.664919
vt 0.029015 0.666112
vt 0.029938 0.658339
vt 0.033652 0.663231
vt 0.033760 0.668617
vt 0.284667 0.669854
vt 0.726676 0.209398
vt 0.725826 0.207718
vt 0.726382 0.204702
vt 0.284915 0.671437
vt 0.287042 0.673704
vt 0.289521 0.680152
vt 0.027830 0.667131
vt 0.029303 0.668022
vt 0.028175 0.673129
vt 0.027733 0.675103
vt 0.033597 0.688204
vt 0.820672 0.406547
vt 0.822064 0.405030
vt 0.822115 0.408929
vt 0.279608 0.672184
vt 0.280518 0.673303
vt 0.279307 0.677705
vt 0.280343 0.676572
vt 0.281582 0.676473
vt 0.268375 0.750545
vt 0.267067 0.751369
vt 0.266981 0.748769
vt 0.280608 0.678343
vt 0.286772 0.679760
vt 0.286852 0.678012
vt 0.286973 0.689285
vt 0.287538 0.678032
vt 0.251934 0.843520
vt 0.250000 0.842754
vt 0.251225 0.839614
vt 0.287538 0.678033
vt 0.288352 0.680043
vt 0.288454 0.677815
vt 0.028967 0.675339
vt 0.279350 0.688537
vt 0.280576 0.687740
vt 0.623064 0.902645
vt 0.619439 0.901737
vt 0.623169 0.900109
vt 0.289185 0.683001
vt 0.287541 0.690600
vt 0.027996 0.675517
vt 0.280045 0.693869
vt 0.281720 0.689455
vt 0.279254 0.695062
vt 0.281004 0.700022
vt 0.278751 0.688851
vt 0.286723 0.696008
vt 0.287442 0.692068
vt 0.287003 0.699401
vt 0.282055 0.700617
vt 0.289059 0.692965
vt 0.287532 0.692252
vt 0.287514 0.694947
vt 0.474174 0.243157
vt 0.473410 0.241347
vt 0.470681 0.241841
vt 0.030871 0.693820
vt 0.028254 0.703427
vt 0.033249 0.697744
vt 0.033886 0.696295
vt 0.782882 0.541515
vt 0.785787 0.544252
vt 0.787718 0.544214
vt 0.279720 0.695700
vt 0.279436 0.702023
vt 0.279254 0.695087
vt 0.280246 0.701343
vt 0.691006 0.433961
vt 0.692940 0.433850
vt 0.691172 0.435612
vt 0.279657 0.705551
vt 0.692940 0.435675
vt 0.287149 0.698063
vt 0.285802 0.707173
vt 0.287894 0.706472
vt 0.667795 0.894617
vt 0.668524 0.896316
vt 0.669729 0.894617
vt 0.287917 0.696777
vt 0.288300 0.695168
vt 0.289359 0.694567
vt 0.630625 0.969804
vt 0.629110 0.970258
vt 0.629965 0.971259
vt 0.287908 0.698810
vt 0.028247 0.727102
vt 0.034227 0.697999
vt 0.030733 0.704986
vt 0.849870 0.055887
vt 0.847827 0.053376
vt 0.849613 0.054265
vt 0.281276 0.701768
vt 0.279481 0.708089
vt 0.281580 0.714182
vt 0.285257 0.709062
vt 0.285897 0.708642
vt 0.289219 0.705448
vt 0.800295 0.482940
vt 0.801609 0.480457
vt 0.801926 0.483990
vt 0.285903 0.708633
vt 0.287471 0.710948
vt 0.286189 0.715496
vt 0.920213 0.538618
vt 0.918339 0.539689
vt 0.918766 0.534107
vt 0.029710 0.706533
vt 0.029837 0.713999
vt 0.028836 0.725143
vt 0.032775 0.709803
vt 0.034252 0.713769
vt 0.279590 0.710943
vt 0.280148 0.714271
vt 0.279585 0.716653
vt 0.280230 0.714392
vt 0.281078 0.731373
vt 0.281599 0.715671
vt 0.286117 0.714471
vt 0.283711 0.714947
vt 0.953804 0.716478
vt 0.950193 0.715785
vt 0.952125 0.717610
vt 0.286108 0.710347
vt 0.283501 0.716782
vt 0.949226 0.901327
vt 0.951194 0.899204
vt 0.952132 0.900072
vt 0.950568 0.903145
vt 0.285254 0.720383
vt 0.289479 0.708606
vt 0.029183 0.722725
vt 0.033590 0.714158
vt 0.031236 0.721115
vt 0.762573 0.432938
vt 0.760697 0.431973
vt 0.761907 0.431272
vt 0.034633 0.716683
vt 0.032962 0.722673
vt 0.037778 0.716828
vt 0.038241 0.721003
vt 0.279499 0.725582
vt 0.284957 0.721809
vt 0.284785 0.724976
vt 0.828655 0.804104
vt 0.830252 0.803506
vt 0.828547 0.805832
vt 0.286298 0.722733
vt 0.285923 0.727236
vt 0.287593 0.727633
vt 0.769790 0.372739
vt 0.769788 0.377247
vt 0.768400 0.375673
vt 0.288144 0.722083
vt 0.830271 0.807026
vt 0.499534 0.915651
vt 0.500914 0.916376
vt 0.500961 0.918090
vt 0.500009 0.912865
vt 0.502344 0.919623
vt 0.502418 0.913031
vt 0.029772 0.724064
vt 0.029424 0.726629
vt 0.033674 0.731445
vt 0.037907 0.726373
vt 0.038024 0.732125
vt 0.277643 0.731072
vt 0.279452 0.730543
vt 0.279826 0.731597
vt 0.277735 0.737186
vt 0.279504 0.730516
vt 0.282009 0.732763
vt 0.645551 0.808850
vt 0.647009 0.810675
vt 0.648305 0.809660
vt 0.285257 0.729209
vt 0.287632 0.727684
vt 0.333172 0.097780
vt 0.330270 0.098084
vt 0.331849 0.094434
vt 0.287981 0.731363
vt 0.288140 0.733407
vt 0.289269 0.732237
vt 0.286991 0.739085
vt 0.028504 0.727487
vt 0.027441 0.732887
vt 0.023694 0.741539
vt 0.026324 0.735354
vt 0.024288 0.744520
vt 0.029840 0.735345
vt 0.027994 0.735495
vt 0.026211 0.744060
vt 0.026331 0.743886
vt 0.033852 0.733362
vt 0.032597 0.737512
vt 0.060222 0.589877
vt 0.061412 0.591886
vt 0.059797 0.592110
vt 0.034564 0.738624
vt 0.034765 0.732873
vt 0.034896 0.732611
vt 0.280424 0.736252
vt 0.279291 0.737396
vt 0.280910 0.737297
vt 0.271319 0.066842
vt 0.273211 0.066150
vt 0.272406 0.067517
vt 0.284675 0.742862
vt 0.279917 0.738857
vt 0.281433 0.746189
vt 0.280196 0.746418
vt 0.285501 0.743398
vt 0.288590 0.740405
vt 0.289386 0.738737
vt 0.289501 0.732927
vt 0.577492 0.785128
vt 0.577574 0.787760
vt 0.575287 0.786980
vt 0.024684 0.760626
vt 0.025431 0.749392
vt 0.034193 0.851416
vt 0.031431 0.850821
vt 0.031633 0.852646
vt 0.029101 0.741798
vt 0.470496 0.481211
vt 0.468559 0.479593
vt 0.470503 0.477646
vt 0.030533 0.747215
vt 0.029088 0.741884
vt 0.030533 0.747215
vt 0.631045 0.963960
vt 0.631219 0.965785
vt 0.633946 0.963960
vt 0.862605 0.530548
vt 0.866054 0.527828
vt 0.862920 0.527828
vt 0.283807 0.747594
vt 0.285923 0.752280
vt 0.281255 0.748163
vt 0.283808 0.747584
vt 0.895230 0.725847
vt 0.895662 0.727006
vt 0.899233 0.727646
vt 0.900853 0.726052
vt 0.285354 0.746468
vt 0.287409 0.748834
vt 0.286734 0.750532
vt 0.289001 0.750223
vt 0.072050 0.044252
vt 0.069149 0.046077
vt 0.071097 0.045965
vt 0.069450 0.044252
vt 0.289451 0.739848
vt 0.289447 0.753937
vt 0.026069 0.761943
vt 0.024641 0.760640
vt 0.025892 0.763253
vt 0.024939 0.768542
vt 0.968788 0.390049
vt 0.967602 0.387940
vt 0.968890 0.386448
vt 0.030673 0.752894
vt 0.030917 0.763853
vt 0.280326 0.761058
vt 0.285394 0.763520
vt 0.286941 0.751868
vt 0.285656 0.762064
vt 0.286745 0.761443
vt 0.286933 0.750410
vt 0.288061 0.751523
vt 0.289429 0.755799
vt 0.025335 0.770740
vt 0.032222 0.792305
vt 0.252646 0.780546
vt 0.250000 0.779109
vt 0.252660 0.777856
vt 0.280226 0.761103
vt 0.281593 0.762903
vt 0.280231 0.766923
vt 0.286176 0.764383
vt 0.285656 0.762067
vt 0.287215 0.762904
vt 0.288264 0.762120
vt 0.289173 0.768154
vt 0.028276 0.782961
vt 0.285833 0.777259
vt 0.286954 0.773045
vt 0.287120 0.774519
vt 0.287889 0.773960
vt 0.289055 0.773134
vt 0.289521 0.775654
vt 0.026510 0.783326
vt 0.026382 0.785888
vt 0.027279 0.785088
vt 0.564726 0.008560
vt 0.566248 0.006843
vt 0.563716 0.006940
vt 0.280245 0.769282
vt 0.280214 0.795930
vt 0.287095 0.777271
vt 0.286942 0.785922
vt 0.287788 0.779820
vt 0.786697 0.465860
vt 0.784816 0.466525
vt 0.785588 0.467590
vt 0.287889 0.773959
vt 0.288787 0.776137
vt 0.815494 0.199361
vt 0.814797 0.201186
vt 0.818337 0.199928
vt 0.288341 0.777697
vt 0.289064 0.776390
vt 0.621179 0.868119
vt 0.620530 0.866505
vt 0.617826 0.866746
vt 0.026543 0.789055
vt 0.527563 0.644620
vt 0.528529 0.643749
vt 0.528118 0.648042
vt 0.027278 0.785098
vt 0.027298 0.788658
vt 0.285726 0.789347
vt 0.287434 0.787677
vt 0.289021 0.787142
vt 0.287896 0.785458
vt 0.289525 0.777996
vt 0.523025 0.764699
vt 0.523304 0.766206
vt 0.525229 0.766500
vt 0.526596 0.764142
vt 0.028013 0.815537
vt 0.032492 0.800579
vt 0.030107 0.803162
vt 0.032991 0.798891
vt 0.033040 0.801793
vt 0.283833 0.793862
vt 0.280989 0.795779
vt 0.513356 0.885500
vt 0.517829 0.884580
vt 0.516739 0.887978
vt 0.514238 0.888704
vt 0.285646 0.792743
vt 0.286818 0.795079
vt 0.280620 0.798220
vt 0.517492 0.890573
vt 0.289238 0.798223
vt 0.287646 0.801479
vt 0.030229 0.807548
vt 0.615017 0.876251
vt 0.617368 0.875183
vt 0.617504 0.880931
vt 0.033678 0.809570
vt 0.030861 0.804724
vt 0.279804 0.802155
vt 0.279657 0.808208
vt 0.279618 0.806936
vt 0.288558 0.805984
vt 0.287984 0.803361
vt 0.288540 0.802826
vt 0.516634 0.913960
vt 0.516210 0.918121
vt 0.515957 0.914964
vt 0.289473 0.800435
vt 0.030118 0.813511
vt 0.029654 0.814380
vt 0.030119 0.817164
vt 0.030954 0.815876
vt 0.034891 0.811957
vt 0.042643 0.811979
vt 0.874853 0.743157
vt 0.875197 0.741203
vt 0.873358 0.742014
vt 0.034784 0.816733
vt 0.876917 0.741589
vt 0.040533 0.817684
vt 0.048918 0.813009
vt 0.046448 0.813685
vt 0.047344 0.814924
vt 0.050772 0.811473
vt 0.240970 0.563057
vt 0.241089 0.560108
vt 0.243229 0.559776
vt 0.243230 0.562517
vt 0.049925 0.814165
vt 0.052835 0.815631
vt 0.508341 0.785123
vt 0.510137 0.783372
vt 0.511122 0.784084
vt 0.511075 0.780782
vt 0.508325 0.783781
vt 0.051943 0.812126
vt 0.051245 0.813683
vt 0.057343 0.816023
vt 0.055478 0.816665
vt 0.058696 0.816760
vt 0.073597 0.810941
vt 0.064198 0.812792
vt 0.059808 0.817346
vt 0.065413 0.814284
vt 0.063951 0.816337
vt 0.066941 0.815039
vt 0.065599 0.816102
vt 0.607427 0.839822
vt 0.607513 0.838047
vt 0.605899 0.838047
vt 0.066971 0.816123
vt 0.070477 0.816887
vt 0.075362 0.810534
vt 0.075185 0.813408
vt 0.071165 0.815777
vt 0.078954 0.812618
vt 0.276139 0.007467
vt 0.279981 0.005018
vt 0.279816 0.009005
vt 0.085316 0.814066
vt 0.077362 0.814449
vt 0.083654 0.816433
vt 0.087901 0.810135
vt 0.088590 0.812341
vt 0.095951 0.815505
vt 0.086320 0.816092
vt 0.144584 0.038777
vt 0.145644 0.040602
vt 0.147351 0.038799
vt 0.089607 0.810751
vt 0.087981 0.810372
vt 0.099153 0.810025
vt 0.096325 0.811537
vt 0.798583 0.050929
vt 0.801244 0.051064
vt 0.799893 0.054984
vt 0.098004 0.812066
vt 0.107717 0.813982
vt 0.096944 0.816855
vt 0.109059 0.813138
vt 0.116362 0.808722
vt 0.113802 0.811649
vt 0.117353 0.809206
vt 0.112724 0.812392
vt 0.114408 0.812338
vt 0.110399 0.815669
vt 0.118354 0.808638
vt 0.123185 0.810848
vt 0.122561 0.812628
vt 0.122083 0.815783
vt 0.121950 0.811947
vt 0.123184 0.810849
vt 0.124531 0.811681
vt 0.951158 0.683850
vt 0.948803 0.686400
vt 0.950504 0.685431
vt 0.124982 0.815722
vt 0.126241 0.811615
vt 0.134422 0.807933
vt 0.128002 0.810493
vt 0.133692 0.812158
vt 0.126886 0.813224
vt 0.129381 0.812472
vt 0.130015 0.815057
vt 0.946325 0.686590
vt 0.948404 0.688413
vt 0.950401 0.688812
vt 0.946510 0.689325
vt 0.836117 0.951710
vt 0.839818 0.951406
vt 0.839942 0.953011
vt 0.137676 0.808169
vt 0.142648 0.807658
vt 0.141872 0.809337
vt 0.137676 0.809429
vt 0.143192 0.812602
vt 0.135654 0.812763
vt 0.142648 0.807658
vt 0.148804 0.807358
vt 0.144436 0.811851
vt 0.146130 0.812908
vt 0.145752 0.813697
vt 0.152677 0.810768
vt 0.748066 0.239507
vt 0.748066 0.242245
vt 0.746200 0.241633
vt 0.153939 0.809283
vt 0.150268 0.812713
vt 0.158338 0.811104
vt 0.159572 0.808978
vt 0.158133 0.809909
vt 0.152570 0.809162
vt 0.155930 0.807001
vt 0.538207 0.721259
vt 0.538428 0.723013
vt 0.540135 0.721259
vt 0.628143 0.859033
vt 0.628143 0.860858
vt 0.626002 0.859495
vt 0.625242 0.860830
vt 0.163354 0.808382
vt 0.170993 0.811487
vt 0.160478 0.810418
vt 0.158385 0.811127
vt 0.165442 0.807875
vt 0.171662 0.807225
vt 0.166439 0.809503
vt 0.017955 0.963960
vt 0.019826 0.962135
vt 0.015628 0.962206
vt 0.173738 0.808222
vt 0.119060 0.981348
vt 0.117505 0.980551
vt 0.118406 0.979692
vt 0.172232 0.810688
vt 0.184236 0.824361
vt 0.184236 0.826186
vt 0.182339 0.825196
vt 0.787431 0.204472
vt 0.789575 0.206600
vt 0.790619 0.203923
vt 0.174580 0.810149
vt 0.173823 0.811456
vt 0.175789 0.807987
vt 0.174133 0.807353
vt 0.181518 0.807589
vt 0.181897 0.810991
vt 0.328900 0.060013
vt 0.329304 0.062500
vt 0.327221 0.062146
vt 0.181328 0.809694
vt 0.177281 0.814824
vt 0.729691 0.564325
vt 0.731450 0.564226
vt 0.730989 0.562500
vt 0.182525 0.810125
vt 0.185444 0.811023
vt 0.326402 0.059763
vt 0.183621 0.809088
vt 0.794487 0.062500
vt 0.795561 0.064564
vt 0.796585 0.063589
vt 0.183906 0.807923
vt 0.185507 0.809063
vt 0.185919 0.808045
vt 0.183935 0.807777
vt 0.198184 0.807566
vt 0.186602 0.811070
vt 0.798189 0.065220
vt 0.798742 0.062501
vt 0.799013 0.063797
vt 0.187395 0.809766
vt 0.190449 0.811345
vt 0.186488 0.810459
vt 0.194776 0.810467
vt 0.192159 0.812647
vt 0.193211 0.811641
vt 0.323442 0.034153
vt 0.321567 0.031478
vt 0.323501 0.031703
vt 0.193248 0.811651
vt 0.196772 0.810920
vt 0.284000 0.084511
vt 0.285384 0.082639
vt 0.285364 0.086223
vt 0.197544 0.810178
vt 0.196811 0.810903
vt 0.575622 0.909136
vt 0.573017 0.908303
vt 0.574100 0.910128
vt 0.201424 0.807718
vt 0.218438 0.808076
vt 0.199089 0.810755
vt 0.205559 0.810302
vt 0.198031 0.811497
vt 0.204983 0.811824
vt 0.197149 0.814856
vt 0.206610 0.811149
vt 0.207232 0.810219
vt 0.650237 0.724419
vt 0.648453 0.724913
vt 0.649421 0.725821
vt 0.208656 0.810859
vt 0.209192 0.811625
vt 0.212838 0.810934
vt 0.210605 0.812131
vt 0.206753 0.812024
vt 0.252545 0.663752
vt 0.253871 0.663040
vt 0.250000 0.663040
vt 0.212855 0.810934
vt 0.212807 0.811747
vt 0.213887 0.812050
vt 0.214943 0.811048
vt 0.215656 0.812404
vt 0.318665 0.057026
vt 0.320477 0.056702
vt 0.318822 0.055201
vt 0.219195 0.809099
vt 0.218098 0.813436
vt 0.225375 0.807885
vt 0.226911 0.814730
vt 0.220018 0.807652
vt 0.232959 0.807526
vt 0.238715 0.808491
vt 0.231369 0.813738
vt 0.239322 0.807521
vt 0.241099 0.810422
vt 0.240890 0.814536
vt 0.090426 0.849879
vt 0.090860 0.848582
vt 0.093311 0.848115
vt 0.093265 0.851708
vt 0.246064 0.810775
vt 0.244858 0.812018
vt 0.245028 0.812109
vt 0.246897 0.811667
vt 0.246643 0.814464
vt 0.256610 0.809816
vt 0.249474 0.811000
vt 0.267624 0.225681
vt 0.270623 0.223996
vt 0.267395 0.224301
vt 0.271277 0.225744
vt 0.248750 0.812335
vt 0.250370 0.811763
vt 0.241642 0.807547
vt 0.251915 0.811187
vt 0.255745 0.812201
vt 0.252963 0.813280
vt 0.257711 0.807356
vt 0.261388 0.809507
vt 0.257875 0.810997
vt 0.730854 0.088822
vt 0.731343 0.087018
vt 0.733559 0.088285
vt 0.733348 0.085926
vt 0.259970 0.807284
vt 0.261858 0.808588
vt 0.262266 0.810548
vt 0.261781 0.812166
vt 0.273145 0.807226
vt 0.262875 0.809178
vt 0.263708 0.811548
vt 0.649420 0.983604
vt 0.651280 0.984033
vt 0.650175 0.982208
vt 0.278776 0.198449
vt 0.278046 0.200274
vt 0.279822 0.199610
vt 0.273809 0.809105
vt 0.285355 0.814667
vt 0.274873 0.807789
vt 0.274741 0.807301
vt 0.274976 0.807881
vt 0.953111 0.888428
vt 0.954133 0.890967
vt 0.955018 0.888395
vt 0.276506 0.810161
vt 0.278767 0.811134
vt 0.276599 0.810122
vt 0.285713 0.812905
vt 0.751846 0.263205
vt 0.749381 0.260824
vt 0.751901 0.259763
vt 0.289178 0.807820
vt 0.287471 0.812365
vt 0.289474 0.806592
vt 0.288902 0.810631
vt 0.295416 0.741441
vt 0.295455 0.744069
vt 0.293783 0.741824
vt 0.288374 0.812671
vt 0.288916 0.810680
vt 0.289524 0.815376
vt 0.027917 0.823539
vt 0.872814 0.739501
vt 0.030478 0.819413
vt 0.030873 0.820879
vt 0.031791 0.817371
vt 0.033236 0.818411
vt 0.030426 0.819332
vt 0.876327 0.739540
vt 0.041637 0.819025
vt 0.031170 0.819871
vt 0.044457 0.821513
vt 0.038301 0.823094
vt 0.856383 0.035128
vt 0.854621 0.036953
vt 0.856208 0.036922
vt 0.042854 0.818220
vt 0.055755 0.818356
vt 0.041759 0.818967
vt 0.043260 0.819275
vt 0.042564 0.823618
vt 0.058251 0.818596
vt 0.056058 0.817537
vt 0.058257 0.817901
vt 0.670696 0.725707
vt 0.669613 0.726570
vt 0.669017 0.724711
vt 0.064689 0.818142
vt 0.058250 0.818596
vt 0.047034 0.821355
vt 0.073423 0.822058
vt 0.065596 0.816095
vt 0.071171 0.817521
vt 0.073525 0.824359
vt 0.071590 0.818015
vt 0.071243 0.817412
vt 0.074664 0.817890
vt 0.073169 0.817952
vt 0.076703 0.816520
vt 0.039168 0.574157
vt 0.037483 0.573915
vt 0.037930 0.575274
vt 0.076703 0.816520
vt 0.076700 0.817708
vt 0.592090 0.875799
vt 0.589571 0.876465
vt 0.590946 0.879042
vt 0.587524 0.875456
vt 0.088116 0.816946
vt 0.088373 0.816951
vt 0.108968 0.816419
vt 0.110399 0.815669
vt 0.756267 0.984033
vt 0.756076 0.985609
vt 0.759671 0.985363
vt 0.112321 0.816243
vt 0.133565 0.812766
vt 0.137628 0.815144
vt 0.139839 0.814710
vt 0.147566 0.813362
vt 0.150235 0.813766
vt 0.154835 0.814462
vt 0.655219 0.914690
vt 0.650382 0.914687
vt 0.654516 0.916215
vt 0.154311 0.813923
vt 0.154323 0.813917
vt 0.155394 0.813719
vt 0.159274 0.812924
vt 0.154844 0.814461
vt 0.167764 0.814352
vt 0.172507 0.811668
vt 0.170058 0.814462
vt 0.174713 0.814673
vt 0.218015 0.815173
vt 0.218233 0.813605
vt 0.219026 0.814571
vt 0.218078 0.815217
vt 0.230518 0.814502
vt 0.231876 0.814943
vt 0.231897 0.814894
vt 0.239171 0.814905
vt 0.244870 0.813459
vt 0.245384 0.814796
vt 0.368956 0.745836
vt 0.370334 0.744314
vt 0.370737 0.747233
vt 0.246428 0.814449
vt 0.243856 0.818163
vt 0.259418 0.819777
vt 0.244283 0.820296
vt 0.257823 0.813108
vt 0.261809 0.814598
vt 0.264327 0.814522
vt 0.265106 0.816904
vt 0.267957 0.816804
vt 0.284188 0.818766
vt 0.286332 0.814823
vt 0.286590 0.815718
vt 0.289596 0.818242
vt 0.271240 0.824833
vt 0.259026 0.824882
vt 0.258353 0.825290
vt 0.270237 0.824361
vt 0.255301 0.825092
vt 0.255051 0.825669
vt 0.250982 0.825589
vt 0.249946 0.825756
vt 0.244405 0.825897
vt 0.245867 0.826043
vt 0.246084 0.825425
vt 0.243690 0.825557
vt 0.231187 0.826106
vt 0.231505 0.826867
vt 0.243637 0.826154
vt 0.186278 0.826989
vt 0.186186 0.827504
vt 0.189115 0.826837
vt 0.098309 0.828733
vt 0.087927 0.829124
vt 0.098248 0.828272
vt 0.094906 0.828300
vt 0.094979 0.828722
vt 0.094077 0.828505
vt 0.092179 0.828777
vt 0.090404 0.828432
vt 0.085393 0.829408
vt 0.084604 0.830222
vt 0.046248 0.826804
vt 0.044535 0.827846
vt 0.060378 0.827316
vt 0.045530 0.826778
vt 0.043986 0.826729
vt 0.043913 0.827171
vt 0.039257 0.826357
vt 0.037795 0.826780
vt 0.037340 0.826760
vt 0.038143 0.826301
vt 0.037169 0.826294
vt 0.035466 0.826589
vt 0.035139 0.825972
vt 0.015347 0.824968
vt 0.015074 0.828954
vt 0.271740 0.830297
vt 0.270624 0.833673
vt 0.265256 0.834782
vt 0.230285 0.827380
vt 0.229891 0.830745
vt 0.229476 0.832506
vt 0.226693 0.836187
vt 0.228119 0.832731
vt 0.227942 0.833531
vt 0.226952 0.833365
vt 0.223862 0.833556
vt 0.210125 0.836998
vt 0.208077 0.834147
vt 0.207696 0.833260
vt 0.207271 0.831324
vt 0.206422 0.831286
vt 0.189501 0.827367
vt 0.205886 0.826341
vt 0.190626 0.826602
vt 0.083555 0.839124
vt 0.084642 0.835118
vt 0.084551 0.833024
vt 0.081752 0.835954
vt 0.076778 0.835873
vt 0.076238 0.839025
vt 0.071229 0.835700
vt 0.066727 0.835534
vt 0.063071 0.835608
vt 0.061080 0.834553
vt 0.063029 0.834864
vt 0.060942 0.832575
vt 0.060107 0.832478
vt 0.023788 0.836677
vt 0.014317 0.838297
vt 0.271495 0.833537
vt 0.270715 0.835361
vt 0.270847 0.838889
vt 0.271056 0.836749
vt 0.270727 0.836557
vt 0.271810 0.837909
vt 0.265424 0.835640
vt 0.265675 0.844080
vt 0.271819 0.838691
vt 0.228056 0.836547
vt 0.083795 0.839455
vt 0.209293 0.837432
vt 0.077453 0.839084
vt 0.076532 0.839608
vt 0.064240 0.838560
vt 0.063488 0.838954
vt 0.270998 0.840039
vt 0.266514 0.853548
vt 0.265749 0.845512
vt 0.265987 0.849236
vt 0.264410 0.844270
vt 0.264152 0.845403
vt 0.013419 0.849717
vt 0.012913 0.849343
vt 0.273302 0.860734
vt 0.272041 0.839960
vt 0.266032 0.850143
vt 0.264317 0.849655
vt 0.022675 0.848284
vt 0.012170 0.865439
vt 0.012230 0.860530
vt 0.267231 0.860339
vt 0.011703 0.863760
vt 0.267433 0.865077
vt 0.273441 0.867365
vt 0.011363 0.869857
vt 0.010597 0.876205
vt 0.012022 0.866755
vt 0.011979 0.867159
vt 0.011341 0.865267
vt 0.011599 0.866187
vt 0.011512 0.867173
vt 0.273684 0.869272
vt 0.274472 0.883762
vt 0.273509 0.884296
vt 0.267321 0.872819
vt 0.010209 0.877235
vt 0.010591 0.873697
vt 0.010301 0.880345
vt 0.267587 0.886868
vt 0.016527 0.908759
vt 0.010062 0.884272
vt 0.009777 0.884007
vt 0.009746 0.888098
vt 0.273999 0.885724
vt 0.273523 0.885519
vt 0.273991 0.887614
vt 0.273628 0.888983
vt 0.016135 0.913995
vt 0.009303 0.891984
vt 0.009581 0.889986
vt 0.009190 0.889803
vt 0.009149 0.890216
vt 0.008972 0.891722
vt 0.008806 0.895698
vt 0.008433 0.894749
vt 0.274429 0.889078
vt 0.274301 0.890819
vt 0.273852 0.892826
vt 0.008735 0.897758
vt 0.007504 0.906084
vt 0.008602 0.899542
vt 0.008178 0.899441
vt 0.008558 0.899928
vt 0.008151 0.899899
vt 0.007514 0.903040
vt 0.273867 0.899372
vt 0.274446 0.899737
vt 0.268790 0.905957
vt 0.274315 0.901405
vt 0.267986 0.905777
vt 0.016299 0.912386
vt 0.005861 0.920702
vt 0.274065 0.903405
vt 0.274115 0.909781
vt 0.267964 0.907098
vt 0.018107 0.912582
vt 0.017969 0.913913
vt 0.005802 0.923229
vt 0.006961 0.908436
vt 0.273607 0.913948
vt 0.272495 0.911665
vt 0.273897 0.916720
vt 0.267931 0.915506
vt 0.267978 0.911951
vt 0.267990 0.917194
vt 0.267159 0.912777
vt 0.267329 0.914411
vt 0.005367 0.926579
vt 0.268571 0.925145
vt 0.274524 0.929872
vt 0.268080 0.918795
vt 0.267627 0.918350
vt 0.005131 0.930373
vt 0.004468 0.938257
vt 0.004723 0.933162
vt 0.274048 0.930654
vt 0.269245 0.937414
vt 0.011520 0.987013
vt 0.004078 0.942812
vt 0.273581 0.939414
vt 0.274838 0.936662
vt 0.003677 0.948123
vt 0.003507 0.951331
vt 0.274973 0.940008
vt 0.274977 0.942786
vt 0.275259 0.948860
vt 0.269644 0.945036
vt 0.011780 0.986535
vt 0.003283 0.958848
vt 0.269022 0.953477
vt 0.275507 0.951470
vt 0.002065 0.981200
vt 0.275825 0.953307
vt 0.275050 0.956257
vt 0.269739 0.967093
vt 0.275629 0.961613
vt 0.265939 0.953994
vt 0.269036 0.954535
vt 0.003052 0.959425
vt 0.276230 0.966461
vt 0.269240 0.969376
vt 0.275912 0.971294
vt 0.266943 0.967729
vt 0.251438 0.969223
vt 0.260515 0.969131
vt 0.252652 0.968210
vt 0.267315 0.969474
vt 0.276403 0.972546
vt 0.259638 0.970945
vt 0.259567 0.970182
vt 0.259186 0.969630
vt 0.258668 0.970526
vt 0.258582 0.970818
vt 0.255540 0.972229
vt 0.253823 0.972970
vt 0.250945 0.972640
vt 0.250366 0.973020
vt 0.207436 0.981968
vt 0.230728 0.979824
vt 0.141405 0.982182
vt 0.165266 0.989126
vt 0.021043 0.987149
vt 0.077844 0.998610
vt 0.076861 0.995587
vt 0.073308 0.991759
vt 0.051162 0.992820
vt 0.002027 0.999079
vt 0.020684 0.986832
vt 0.001700 0.989862
vt 0.277478 0.972824
vt 0.277841 0.982484
vt 0.232221 0.983249
vt 0.232663 0.986047
vt 0.231486 0.983215
vt 0.536145 0.780539
vt 0.536148 0.802461
vt 0.534535 0.780705
vt 0.150245 0.086944
vt 0.127590 0.086447
vt 0.150350 0.084409
vt 0.534523 0.802418
vt 0.127527 0.084423
vt 0.206308 0.985553
vt 0.165280 0.992191
vt 0.206427 0.988545
vt 0.207167 0.985417
vt 0.165224 0.990139
vt 0.163403 0.989115
vt 0.122767 0.992438
vt 0.124453 0.992774
vt 0.120919 0.992931
vt 0.119798 0.992838
vt 0.119873 0.995923
vt 0.076082 0.993397
vt 0.074256 0.992408
vt 0.069438 0.992290
vt 0.050022 0.996517
vt 0.050918 0.996431
vt 0.049854 0.999519
vt 0.001043 0.997058
vt 0.000560 0.999152
vt 0.800296 0.536953
vt 0.801153 0.538485
vt 0.801885 0.537502
vt 0.810842 0.537644
vt 0.808867 0.538415
vt 0.813838 0.538777
vt 0.815354 0.537654
vt 0.984476 0.642747
vt 0.953250 0.642725
vt 0.983238 0.641950
vt 0.984524 0.640855
vt 0.984107 0.605769
vt 0.984182 0.641295
vt 0.984668 0.632097
vt 0.984524 0.640855
vt 0.984903 0.628577
vt 0.953432 0.600204
vt 0.960526 0.599990
vt 0.960919 0.599010
vt 0.940740 0.598830
vt 0.960140 0.577187
vt 0.960947 0.576053
vt 0.940670 0.577201
vt 0.947826 0.577493
vt 0.940811 0.598786
vt 0.947598 0.578165
vt 0.961056 0.576513
vt 0.953955 0.504176
vt 0.953365 0.575890
vt 0.984800 0.493114
vt 0.983542 0.490150
vt 0.960144 0.461468
vt 0.959880 0.462248
vt 0.953340 0.461413
vt 0.954467 0.462406
vt 0.984249 0.445260
vt 0.940584 0.461230
vt 0.940938 0.460518
vt 0.954482 0.461509
vt 0.959612 0.462376
vt 0.940853 0.439507
vt 0.960391 0.439358
vt 0.961158 0.439355
vt 0.961194 0.438362
vt 0.971443 0.395524
vt 0.953535 0.438200
vt 0.984805 0.395701
vt 0.984965 0.406764
vt 0.953715 0.395629
vt 0.042109 0.558960
vt 0.049160 0.558807
vt 0.084082 0.558698
vt 0.050707 0.558166
vt 0.042092 0.588613
vt 0.065868 0.588541
vt 0.103990 0.588307
vt 0.088373 0.557963
vt 0.087497 0.558090
vt 0.088360 0.557962
vt 0.130828 0.558123
vt 0.140392 0.588873
vt 0.151558 0.580134
vt 0.151346 0.558072
vt 0.161086 0.558809
vt 0.179346 0.561154
vt 0.184456 0.577904
vt 0.161590 0.560449
vt 0.161086 0.558809
vt 0.188282 0.558443
vt 0.198552 0.558085
vt 0.223787 0.588480
vt 0.184158 0.575436
vt 0.199717 0.574885
vt 0.222594 0.569859
vt 0.215816 0.558717
vt 0.215225 0.558324
vt 0.217459 0.558590
vt 0.219200 0.559200
vt 0.220098 0.559293
vt 0.223859 0.558878
vt 0.486035 0.793617
vt 0.486580 0.751445
vt 0.489491 0.754544
vt 0.486052 0.957147
vt 0.488624 0.957199
vt 0.486485 0.998960
vt 0.490548 0.754373
vt 0.488774 0.793622
vt 0.498255 0.759825
vt 0.490265 0.795017
vt 0.492872 0.795440
vt 0.497640 0.806470
vt 0.492802 0.817141
vt 0.497356 0.828103
vt 0.490253 0.817381
vt 0.497130 0.895023
vt 0.490086 0.933259
vt 0.492745 0.933578
vt 0.492722 0.955290
vt 0.498179 0.989269
vt 0.490219 0.955566
vt 0.490372 0.996076
vt 0.489429 0.996043
vt 0.498810 0.757757
vt 0.499769 0.757848
vt 0.499787 0.760170
vt 0.509375 0.760447
vt 0.499021 0.760724
vt 0.499913 0.985818
vt 0.502425 0.985661
vt 0.506456 0.989294
vt 0.504366 0.986427
vt 0.499839 0.987367
vt 0.500717 0.989259
vt 0.510100 0.757892
vt 0.508089 0.759835
vt 0.509540 0.759529
vt 0.516255 0.758006
vt 0.515335 0.757708
vt 0.505458 0.984447
vt 0.510894 0.987336
vt 0.507630 0.987547
vt 0.506549 0.988220
vt 0.510227 0.984422
vt 0.509890 0.987483
vt 0.511524 0.990321
vt 0.509969 0.989310
vt 0.515315 0.759598
vt 0.512052 0.990302
vt 0.513130 0.990333
vt 0.549255 0.757005
vt 0.519476 0.757385
vt 0.542394 0.757292
vt 0.584966 0.751579
vt 0.574109 0.990610
vt 0.549634 0.757693
vt 0.550682 0.757913
vt 0.551634 0.757756
vt 0.553404 0.757673
vt 0.553014 0.758359
vt 0.550041 0.760450
vt 0.552413 0.759832
vt 0.562018 0.757676
vt 0.559966 0.757704
vt 0.560941 0.758004
vt 0.584624 0.758322
vt 0.566275 0.758628
vt 0.563046 0.758466
vt 0.563128 0.760416
vt 0.566334 0.760106
vt 0.567944 0.760816
vt 0.567717 0.761046
vt 0.574400 0.987921
vt 0.581288 0.988009
vt 0.581513 0.990680
vt 0.585193 0.990699
vt 0.584564 0.760102
vt 0.585719 0.761058
vt 0.585927 0.760450
vt 0.579597 0.987623
vt 0.582101 0.990496
vt 0.584941 0.989877
vt 0.452930 0.914693
vt 0.453137 0.915573
vt 0.452129 0.914949
vt 0.585673 0.757812
vt 0.588683 0.758355
vt 0.586799 0.758120
vt 0.591888 0.757844
vt 0.591850 0.758316
vt 0.592373 0.758122
vt 0.595357 0.758107
vt 0.589310 0.759498
vt 0.592592 0.759678
vt 0.594376 0.758914
vt 0.593405 0.760778
vt 0.452493 0.948108
vt 0.643070 0.990751
vt 0.668191 0.751801
vt 0.605467 0.757509
vt 0.598409 0.758056
vt 0.597022 0.757922
vt 0.600159 0.757950
vt 0.601651 0.757973
vt 0.453313 0.938207
vt 0.637613 0.757392
vt 0.635957 0.757647
vt 0.453319 0.948693
vt 0.452567 0.962214
vt 0.453453 0.959553
vt 0.640793 0.990747
vt 0.664339 0.996547
vt 0.668256 0.999283
vt 0.640697 0.758149
vt 0.637447 0.757984
vt 0.638698 0.759600
vt 0.638536 0.757993
vt 0.645392 0.758780
vt 0.642136 0.758530
vt 0.638591 0.761106
vt 0.637675 0.761016
vt 0.641926 0.760991
vt 0.640755 0.760867
vt 0.453565 0.966840
vt 0.452372 0.967836
vt 0.453152 0.968432
vt 0.641495 0.989975
vt 0.642846 0.989915
vt 0.644458 0.990738
vt 0.647292 0.758050
vt 0.647085 0.759832
vt 0.650370 0.758672
vt 0.645720 0.759913
vt 0.653530 0.759024
vt 0.650777 0.760121
vt 0.652275 0.761455
vt 0.652626 0.765478
vt 0.649838 0.760896
vt 0.312446 0.036978
vt 0.311133 0.036767
vt 0.312321 0.037865
vt 0.309411 0.037064
vt 0.644655 0.989956
vt 0.655443 0.989749
vt 0.655514 0.759175
vt 0.655878 0.767122
vt 0.655639 0.760969
vt 0.664289 0.754740
vt 0.318549 0.037020
vt 0.318609 0.035392
vt 0.310906 0.035523
vt 0.310193 0.034567
vt 0.317235 0.034306
vt 0.657152 0.775648
vt 0.655563 0.774436
vt 0.655214 0.774807
vt 0.657030 0.776110
vt 0.657155 0.852623
vt 0.663886 0.797168
vt 0.664236 0.863893
vt 0.663951 0.871382
vt 0.664216 0.874843
vt 0.664038 0.878529
vt 0.656989 0.983344
vt 0.655778 0.983992
vt 0.665248 0.754741
vt 0.668735 0.794513
vt 0.665867 0.794777
vt 0.665844 0.955876
vt 0.668757 0.956102
vt 0.665373 0.996377
vt 0.290218 0.544386
vt 0.286533 0.545290
vt 0.287822 0.545735
vt 0.284677 0.544577
vt 0.285955 0.546870
vt 0.280461 0.544356
vt 0.274852 0.544279
vt 0.268955 0.545892
vt 0.249405 0.544275
vt 0.254291 0.546216
vt 0.265785 0.547049
vt 0.254870 0.547077
vt 0.247024 0.544510
vt 0.250513 0.547067
vt 0.232141 0.544645
vt 0.221598 0.547115
vt 0.231067 0.544309
vt 0.212543 0.546242
vt 0.220943 0.546206
vt 0.180521 0.544313
vt 0.170918 0.547088
vt 0.209481 0.547126
vt 0.177337 0.544506
vt 0.160240 0.544425
vt 0.167855 0.546859
vt 0.157848 0.544264
vt 0.134342 0.544356
vt 0.116234 0.547083
vt 0.125912 0.544288
vt 0.123664 0.544476
vt 0.092444 0.547114
vt 0.086085 0.545150
vt 0.089707 0.547116
vt 0.066838 0.547169
vt 0.082678 0.545842
vt 0.065989 0.546266
vt 0.040230 0.544481
vt 0.055994 0.545567
vt 0.054734 0.547166
vt 0.030302 0.546228
vt 0.033451 0.547304
vt 0.028072 0.544484
vt 0.290565 0.551228
vt 0.268076 0.547050
vt 0.556576 0.780219
vt 0.553227 0.780068
vt 0.554949 0.781478
vt 0.218273 0.547105
vt 0.213761 0.547101
vt 0.682767 0.468522
vt 0.686170 0.467609
vt 0.681335 0.467609
vt 0.083229 0.547198
vt 0.081350 0.547177
vt 0.820689 0.059763
vt 0.822534 0.058850
vt 0.819632 0.058850
vt 0.056665 0.547149
vt 0.064570 0.547161
vt 0.030569 0.547001
vt 0.027708 0.550564
vt 0.030114 0.548448
vt 0.028390 0.553365
vt 0.739020 0.557955
vt 0.737433 0.552517
vt 0.739145 0.554613
vt 0.738260 0.550966
vt 0.027695 0.562495
vt 0.290473 0.559989
vt 0.289809 0.560551
vt 0.929794 0.532175
vt 0.893211 0.532229
vt 0.929773 0.531570
vt 0.029693 0.551345
vt 0.028845 0.554344
vt 0.029628 0.561267
vt 0.290425 0.563411
vt 0.289402 0.567896
vt 0.288705 0.578183
vt 0.289983 0.570414
vt 0.291532 0.587971
vt 0.291043 0.564060
vt 0.289194 0.571542
vt 0.029580 0.574878
vt 0.028101 0.578582
vt 0.027681 0.579639
vt 0.290234 0.582534
vt 0.290274 0.584558
vt 0.289289 0.580840
vt 0.028603 0.580354
vt 0.030169 0.586069
vt 0.029007 0.588120
vt 0.027684 0.579714
vt 0.290469 0.590618
vt 0.289395 0.583207
vt 0.028312 0.588753
vt 0.291222 0.590930
vt 0.291086 0.598824
vt 0.291507 0.588004
vt 0.289244 0.596844
vt 0.289860 0.599060
vt 0.290267 0.601232
vt 0.289830 0.599156
vt 0.291752 0.661293
vt 0.292599 0.618254
vt 0.291764 0.617800
vt 0.292689 0.620746
vt 0.292089 0.629565
vt 0.292923 0.627514
vt 0.292813 0.631899
vt 0.292203 0.632593
vt 0.293227 0.641253
vt 0.292813 0.631897
vt 0.293356 0.651180
vt 0.293820 0.666995
vt 0.294124 0.655416
vt 0.294291 0.665923
vt 0.292440 0.661905
vt 0.753555 0.532070
vt 0.753398 0.531553
vt 0.291852 0.663598
vt 0.294126 0.669235
vt 0.294335 0.697767
vt 0.294616 0.681467
vt 0.294198 0.666367
vt 0.295101 0.684363
vt 0.293589 0.696957
vt 0.292914 0.698731
vt 0.089738 0.980383
vt 0.090426 0.978558
vt 0.087818 0.979404
vt 0.293532 0.699467
vt 0.295121 0.708932
vt 0.295390 0.705901
vt 0.292875 0.710197
vt 0.292914 0.698729
vt 0.294988 0.713551
vt 0.763100 0.460976
vt 0.748939 0.459639
vt 0.757993 0.460088
vt 0.756301 0.458964
vt 0.763563 0.462137
vt 0.752539 0.533336
vt 0.292409 0.716689
vt 0.294916 0.716659
vt 0.751788 0.532494
vt 0.749046 0.532334
vt 0.749222 0.531774
vt 0.756561 0.215249
vt 0.756605 0.216799
vt 0.753898 0.215086
vt 0.753839 0.216494
vt 0.753520 0.256512
vt 0.757761 0.283312
vt 0.759790 0.370138
vt 0.762744 0.362596
vt 0.752510 0.455743
vt 0.751192 0.448632
vt 0.749705 0.455741
vt 0.752377 0.457740
vt 0.749077 0.458859
vt 0.982447 0.650581
vt 0.983074 0.648297
vt 0.980636 0.651008
vt 0.980357 0.648304
vt 0.293413 0.945364
vt 0.291890 0.943055
vt 0.291590 0.945693
vt 0.294131 0.943023
vt 0.997522 0.516598
vt 0.996160 0.516878
vt 0.996584 0.510919
vt 0.997873 0.510386
vt 0.998563 0.510055
vt 0.997750 0.502902
vt 0.998160 0.477376
vt 0.997550 0.483770
vt 0.997681 0.461492
vt 0.998081 0.470946
vt 0.998254 0.458361
vt 0.997908 0.452364
vt 0.997825 0.433470
vt 0.998979 0.413861
vt 0.998023 0.398494
vt 0.999421 0.390619
vt 0.998073 0.369707
vt 0.999012 0.349892
vt 0.997161 0.357859
vt 0.997103 0.352621
vt 0.996288 0.351323
vt 0.998206 0.348692
vt 0.998897 0.344708
vt 0.996251 0.344697
vt 0.876811 0.727220
vt 0.878186 0.728415
vt 0.878533 0.725123
vt 0.877235 0.725168
vt 0.148605 0.003190
vt 0.152894 0.001474
vt 0.148073 0.002599
vt 0.485138 0.502197
vt 0.484612 0.501794
vt 0.484718 0.503049
vt 0.483658 0.502429
vt 0.483967 0.508858
vt 0.484725 0.511682
vt 0.483329 0.515753
vt 0.484769 0.521649
vt 0.117494 0.001368
vt 0.118926 0.002154
vt 0.481960 0.519092
vt 0.484152 0.521859
vt 0.277793 0.284507
vt 0.275145 0.283424
vt 0.277621 0.279768
vt 0.484751 0.526588
vt 0.483322 0.534746
vt 0.484723 0.531850
vt 0.484720 0.534535
vt 0.483911 0.553264
vt 0.484683 0.551598
vt 0.481378 0.540658
vt 0.484671 0.553922
vt 0.483911 0.553264
vt 0.484658 0.564690
vt 0.483273 0.570625
vt 0.484279 0.572015
vt 0.484181 0.572099
vt 0.483850 0.579657
vt 0.484609 0.579309
vt 0.811251 0.487514
vt 0.809961 0.485579
vt 0.811896 0.484945
vt 0.484625 0.581814
vt 0.483616 0.581230
vt 0.482038 0.594899
vt 0.745064 0.450635
vt 0.744197 0.449826
vt 0.745165 0.255133
vt 0.484531 0.613648
vt 0.481330 0.617399
vt 0.483776 0.616199
vt 0.484518 0.616672
vt 0.483176 0.628638
vt 0.484492 0.627192
vt 0.541651 0.005253
vt 0.541422 0.006895
vt 0.539494 0.008171
vt 0.484493 0.628846
vt 0.483023 0.630688
vt 0.484469 0.641249
vt 0.640693 0.798808
vt 0.638452 0.802099
vt 0.637814 0.800503
vt 0.484428 0.653134
vt 0.482263 0.656016
vt 0.484020 0.660423
vt 0.744471 0.254095
vt 0.483891 0.671281
vt 0.481587 0.671339
vt 0.484296 0.682359
vt 0.484235 0.726182
vt 0.484339 0.684994
vt 0.480760 0.726668
vt 0.938588 0.395529
vt 0.940471 0.397354
vt 0.941489 0.395529
vt 0.484599 0.726009
vt 0.483748 0.728852
vt 0.484688 0.733935
vt 0.481897 0.731051
vt 0.845173 0.251423
vt 0.844620 0.253606
vt 0.847055 0.252193
vt 0.843844 0.251722
vt 0.847256 0.253399
vt 0.485172 0.736651
vt 0.483446 0.736523
vt 0.485431 0.738024
vt 0.486733 0.740419
vt 0.483372 0.739653
vt 0.485775 0.741550
vt 0.485592 0.744973
vt 0.484812 0.743652
vt 0.484794 0.496172
vt 0.484945 0.495015
vt 0.481740 0.496657
vt 0.478960 0.495092
vt 0.476007 0.496037
vt 0.484391 0.499234
vt 0.481464 0.498586
vt 0.484025 0.501603
vt 0.472914 0.498518
vt 0.482300 0.508555
vt 0.273148 0.058653
vt 0.271701 0.057026
vt 0.275145 0.057114
vt 0.482594 0.511384
vt 0.482464 0.521320
vt 0.275578 0.285128
vt 0.482376 0.523051
vt 0.474492 0.540690
vt 0.476969 0.541170
vt 0.009305 0.375303
vt 0.005052 0.374544
vt 0.004275 0.376643
vt 0.475728 0.542123
vt 0.003385 0.374598
vt 0.477658 0.543194
vt 0.482091 0.552713
vt 0.475701 0.542223
vt 0.476047 0.555980
vt 0.480615 0.571029
vt 0.013056 0.462113
vt 0.012522 0.464747
vt 0.011069 0.461223
vt 0.482402 0.572767
vt 0.481359 0.579237
vt 0.481541 0.581893
vt 0.830923 0.915602
vt 0.829304 0.913368
vt 0.830938 0.911133
vt 0.480146 0.581396
vt 0.479137 0.584071
vt 0.480963 0.585974
vt 0.875741 0.135323
vt 0.876800 0.132785
vt 0.874767 0.130931
vt 0.476652 0.599400
vt 0.479953 0.600193
vt 0.480517 0.602836
vt 0.652321 0.974516
vt 0.653714 0.971408
vt 0.654255 0.976734
vt 0.476662 0.599413
vt 0.473656 0.601939
vt 0.478125 0.617633
vt 0.469593 0.636496
vt 0.480855 0.620177
vt 0.783849 0.273266
vt 0.779995 0.273398
vt 0.783009 0.276279
vt 0.479541 0.621597
vt 0.781341 0.277828
vt 0.478125 0.617633
vt 0.481501 0.628993
vt 0.542070 0.008474
vt 0.481888 0.641010
vt 0.949226 0.540602
vt 0.947048 0.540602
vt 0.949124 0.543055
vt 0.944516 0.542840
vt 0.476415 0.640172
vt 0.478978 0.640933
vt 0.549807 0.941662
vt 0.547232 0.940237
vt 0.544116 0.942967
vt 0.482051 0.643525
vt 0.484606 0.644054
vt 0.478979 0.640934
vt 0.481338 0.652095
vt 0.474349 0.643242
vt 0.484445 0.650188
vt 0.640693 0.802464
vt 0.480774 0.668830
vt 0.484191 0.668939
vt 0.310906 0.915741
vt 0.308027 0.918232
vt 0.308418 0.916180
vt 0.310925 0.919153
vt 0.481762 0.683444
vt 0.328554 0.109752
vt 0.331239 0.108902
vt 0.328923 0.106323
vt 0.481424 0.691718
vt 0.478111 0.706226
vt 0.477487 0.711053
vt 0.478654 0.715701
vt 0.277212 0.034274
vt 0.279147 0.029766
vt 0.279981 0.035128
vt 0.476140 0.716502
vt 0.482826 0.728012
vt 0.482889 0.727962
vt 0.480500 0.730927
vt 0.291382 0.927116
vt 0.286750 0.926551
vt 0.287559 0.928171
vt 0.482606 0.734289
vt 0.481548 0.738164
vt 0.482600 0.736163
vt 0.479097 0.740994
vt 0.480988 0.739867
vt 0.472421 0.741141
vt 0.476195 0.739615
vt 0.483753 0.741066
vt 0.480069 0.742076
vt 0.484055 0.742507
vt 0.477742 0.741704
vt 0.740175 0.407467
vt 0.740166 0.411040
vt 0.738402 0.408398
vt 0.477739 0.741700
vt 0.477070 0.742517
vt 0.481464 0.743645
vt 0.472697 0.743673
vt 0.476191 0.742886
vt 0.471363 0.496342
vt 0.470970 0.497710
vt 0.790619 0.518704
vt 0.787891 0.517610
vt 0.790619 0.516880
vt 0.750967 0.208485
vt 0.750542 0.205748
vt 0.748157 0.207679
vt 0.469274 0.499473
vt 0.469159 0.497071
vt 0.466494 0.539174
vt 0.473798 0.546194
vt 0.473649 0.542948
vt 0.465681 0.544459
vt 0.465727 0.541703
vt 0.467533 0.580681
vt 0.463429 0.586585
vt 0.468792 0.600235
vt 0.828841 0.208578
vt 0.829304 0.215992
vt 0.826642 0.211737
vt 0.466189 0.605180
vt 0.455086 0.620084
vt 0.468451 0.700081
vt 0.467146 0.701363
vt 0.476141 0.716297
vt 0.465480 0.728335
vt 0.466466 0.729868
vt 0.466466 0.729868
vt 0.469340 0.739824
vt 0.471234 0.742638
vt 0.470228 0.741787
vt 0.622340 0.867223
vt 0.625500 0.868953
vt 0.624573 0.866332
vt 0.628222 0.866332
vt 0.629110 0.868235
vt 0.469173 0.742893
vt 0.466658 0.741740
vt 0.468080 0.743217
vt 0.471591 0.496254
vt 0.461831 0.496194
vt 0.469133 0.496922
vt 0.466803 0.498264
vt 0.454383 0.497203
vt 0.463143 0.540428
vt 0.821567 0.473401
vt 0.818085 0.470989
vt 0.821567 0.470347
vt 0.463143 0.540428
vt 0.462111 0.545778
vt 0.465669 0.541782
vt 0.955930 0.366615
vt 0.955442 0.371658
vt 0.953151 0.368358
vt 0.459399 0.578561
vt 0.457321 0.576775
vt 0.461769 0.581101
vt 0.718326 0.440604
vt 0.719469 0.438453
vt 0.714217 0.436086
vt 0.720401 0.441002
vt 0.462928 0.583013
vt 0.722514 0.435702
vt 0.722921 0.437578
vt 0.461770 0.585837
vt 0.452892 0.639781
vt 0.462463 0.662197
vt 0.456667 0.660787
vt 0.462325 0.667060
vt 0.568266 0.696023
vt 0.570175 0.698102
vt 0.573970 0.698246
vt 0.459870 0.662689
vt 0.458210 0.662403
vt 0.456945 0.667700
vt 0.330795 0.141177
vt 0.332965 0.146442
vt 0.329613 0.144739
vt 0.699764 0.087846
vt 0.704943 0.084541
vt 0.699710 0.082573
vt 0.457343 0.669559
vt 0.459577 0.673753
vt 0.464823 0.697658
vt 0.458441 0.694585
vt 0.456298 0.694722
vt 0.463440 0.700361
vt 0.458004 0.696018
vt 0.921565 0.746807
vt 0.917951 0.743157
vt 0.917750 0.746638
vt 0.465371 0.700399
vt 0.453785 0.712159
vt 0.461173 0.727408
vt 0.463146 0.728849
vt 0.612669 0.785775
vt 0.612385 0.788468
vt 0.610735 0.785128
vt 0.780296 0.537588
vt 0.782198 0.535128
vt 0.779014 0.535128
vt 0.463264 0.728910
vt 0.460761 0.729982
vt 0.458325 0.735747
vt 0.460233 0.736354
vt 0.464242 0.741444
vt 0.462511 0.740297
vt 0.459678 0.739358
vt 0.460251 0.740481
vt 0.993786 0.970347
vt 0.992747 0.972536
vt 0.994831 0.971492
vt 0.997174 0.970347
vt 0.994710 0.973945
vt 0.999516 0.971054
vt 0.459526 0.742133
vt 0.467172 0.742922
vt 0.451482 0.496286
vt 0.265474 0.919252
vt 0.265474 0.921077
vt 0.261606 0.919277
vt 0.451024 0.497535
vt 0.433350 0.506289
vt 0.434200 0.510383
vt 0.446114 0.530618
vt 0.449726 0.569605
vt 0.452263 0.569167
vt 0.453370 0.578597
vt 0.313830 0.028908
vt 0.310928 0.029878
vt 0.311321 0.027828
vt 0.457430 0.579486
vt 0.461742 0.581105
vt 0.313127 0.033173
vt 0.460474 0.582295
vt 0.437458 0.592523
vt 0.450166 0.615748
vt 0.452571 0.620241
vt 0.559768 0.824321
vt 0.557884 0.825576
vt 0.560445 0.825989
vt 0.453451 0.621949
vt 0.449174 0.622474
vt 0.449453 0.634125
vt 0.450959 0.635815
vt 0.452898 0.660735
vt 0.456554 0.660816
vt 0.456339 0.662483
vt 0.705513 0.082573
vt 0.456966 0.674017
vt 0.457326 0.669518
vt 0.448259 0.956661
vt 0.442633 0.956664
vt 0.447218 0.959074
vt 0.444024 0.677317
vt 0.857137 0.537142
vt 0.859284 0.535276
vt 0.859284 0.537865
vt 0.452185 0.700421
vt 0.458006 0.696056
vt 0.452187 0.710102
vt 0.451645 0.708006
vt 0.450253 0.705908
vt 0.884515 0.150804
vt 0.885003 0.148343
vt 0.882032 0.151315
vt 0.879667 0.152450
vt 0.300940 0.072536
vt 0.299874 0.076667
vt 0.297555 0.074672
vt 0.449841 0.738554
vt 0.446817 0.734439
vt 0.455272 0.738495
vt 0.456895 0.738124
vt 0.549807 0.899179
vt 0.549807 0.902563
vt 0.547872 0.902171
vt 0.459678 0.739357
vt 0.458234 0.740586
vt 0.548012 0.904653
vt 0.448832 0.741014
vt 0.453215 0.738623
vt 0.457779 0.897354
vt 0.459870 0.900385
vt 0.456963 0.902369
vt 0.441464 0.742329
vt 0.438775 0.743250
vt 0.444162 0.495751
vt 0.440871 0.496187
vt 0.451334 0.496263
vt 0.437546 0.500551
vt 0.434352 0.516198
vt 0.433296 0.546771
vt 0.445398 0.569742
vt 0.435690 0.597218
vt 0.753898 0.979375
vt 0.754599 0.976812
vt 0.750967 0.976734
vt 0.448214 0.616639
vt 0.440163 0.613449
vt 0.447521 0.635758
vt 0.440163 0.613450
vt 0.881044 0.064325
vt 0.882495 0.070616
vt 0.879419 0.070657
vt 0.443529 0.674432
vt 0.445199 0.673635
vt 0.446280 0.674834
vt 0.177464 0.088960
vt 0.176499 0.087324
vt 0.179400 0.088704
vt 0.179087 0.085622
vt 0.433020 0.689509
vt 0.447329 0.706215
vt 0.441070 0.705322
vt 0.563346 0.734033
vt 0.565821 0.728558
vt 0.563401 0.730481
vt 0.778928 0.207573
vt 0.776112 0.204249
vt 0.778926 0.202067
vt 0.563676 0.728558
vt 0.448970 0.707266
vt 0.442975 0.706552
vt 0.449007 0.707414
vt 0.442822 0.709420
vt 0.879778 0.148266
vt 0.449140 0.711994
vt 0.444969 0.726875
vt 0.439902 0.724077
vt 0.443360 0.725513
vt 0.805711 0.411825
vt 0.807648 0.408412
vt 0.804763 0.408893
vt 0.801257 0.414263
vt 0.440689 0.726552
vt 0.448792 0.739959
vt 0.436561 0.737070
vt 0.010105 0.833348
vt 0.004404 0.830751
vt 0.005050 0.832551
vt 0.458905 0.902471
vt 0.446751 0.739832
vt 0.440887 0.496144
vt 0.424575 0.497265
vt 0.438331 0.497484
vt 0.472658 0.996449
vt 0.475095 0.997719
vt 0.478240 0.995894
vt 0.275145 0.792124
vt 0.277066 0.789690
vt 0.276190 0.794997
vt 0.434116 0.520480
vt 0.431270 0.547645
vt 0.433136 0.548954
vt 0.429749 0.550991
vt 0.429589 0.562249
vt 0.436457 0.590784
vt 0.025391 0.632475
vt 0.023805 0.633668
vt 0.025400 0.627034
vt 0.022991 0.626369
vt 0.427507 0.612011
vt 0.433311 0.596985
vt 0.437138 0.611890
vt 0.441692 0.612145
vt 0.441882 0.612136
vt 0.427403 0.632694
vt 0.420582 0.653076
vt 0.427310 0.666798
vt 0.433094 0.684277
vt 0.735569 0.209537
vt 0.736460 0.214272
vt 0.733936 0.214872
vt 0.430294 0.687346
vt 0.438379 0.704880
vt 0.008221 0.347102
vt 0.001451 0.345347
vt 0.003495 0.347997
vt 0.434469 0.739770
vt 0.434578 0.741895
vt 0.338109 0.063760
vt 0.339984 0.062293
vt 0.335591 0.063045
vt 0.337495 0.066768
vt 0.102549 0.638742
vt 0.114462 0.638272
vt 0.102126 0.639335
vt 0.436765 0.495687
vt 0.424149 0.495548
vt 0.427114 0.496242
vt 0.431080 0.505761
vt 0.427867 0.504882
vt 0.430837 0.509188
vt 0.391981 0.966114
vt 0.392674 0.970347
vt 0.389260 0.968387
vt 0.504698 0.882599
vt 0.499962 0.879196
vt 0.500358 0.882641
vt 0.505268 0.879257
vt 0.430830 0.509186
vt 0.427680 0.512238
vt 0.427254 0.509427
vt 0.075919 0.842610
vt 0.072050 0.842610
vt 0.073155 0.844788
vt 0.075709 0.845347
vt 0.429648 0.518710
vt 0.019826 0.789690
vt 0.022928 0.794209
vt 0.024153 0.789794
vt 0.433747 0.518352
vt 0.324880 0.207865
vt 0.327369 0.205748
vt 0.324468 0.210371
vt 0.329304 0.069961
vt 0.328185 0.071772
vt 0.327021 0.069799
vt 0.324536 0.072779
vt 0.326391 0.073997
vt 0.427666 0.561247
vt 0.425340 0.557362
vt 0.397792 0.776741
vt 0.399903 0.778231
vt 0.397002 0.778741
vt 0.427576 0.563299
vt 0.423235 0.585420
vt 0.424982 0.593616
vt 0.424948 0.591038
vt 0.425441 0.609538
vt 0.418393 0.614891
vt 0.832205 0.746807
vt 0.830938 0.748589
vt 0.829378 0.746924
vt 0.427632 0.632710
vt 0.425666 0.634249
vt 0.420453 0.655498
vt 0.425341 0.664528
vt 0.427310 0.666798
vt 0.427125 0.674819
vt 0.422884 0.668367
vt 0.429241 0.686132
vt 0.422519 0.675251
vt 0.306400 0.019960
vt 0.309732 0.021442
vt 0.309961 0.019617
vt 0.940522 0.481872
vt 0.938371 0.479471
vt 0.937162 0.482208
vt 0.430981 0.688763
vt 0.935687 0.479471
vt 0.432309 0.694763
vt 0.432574 0.737948
vt 0.434327 0.736629
vt 0.335732 0.066990
vt 0.432673 0.740624
vt 0.429220 0.741870
vt 0.432883 0.742199
vt 0.125260 0.640056
vt 0.437689 0.742442
vt 0.418267 0.742629
vt 0.438583 0.743247
vt 0.378730 0.743229
vt 0.424345 0.495805
vt 0.417712 0.498376
vt 0.409422 0.506385
vt 0.427332 0.509230
vt 0.425287 0.510512
vt 0.417582 0.513461
vt 0.425020 0.512497
vt 0.412971 0.514384
vt 0.393501 0.524538
vt 0.394882 0.547271
vt 0.428803 0.549067
vt 0.420656 0.556677
vt 0.941840 0.294713
vt 0.944865 0.293999
vt 0.942787 0.298878
vt 0.421170 0.558304
vt 0.418230 0.558744
vt 0.420651 0.561866
vt 0.942008 0.301551
vt 0.945358 0.301502
vt 0.424328 0.558905
vt 0.826402 0.005931
vt 0.822776 0.006541
vt 0.826281 0.009580
vt 0.418049 0.563544
vt 0.421444 0.585139
vt 0.573985 0.947536
vt 0.572050 0.946352
vt 0.573156 0.944303
vt 0.421784 0.586704
vt 0.421437 0.590219
vt 0.413369 0.585253
vt 0.420171 0.587029
vt 0.423604 0.590973
vt 0.905706 0.737682
vt 0.904665 0.744982
vt 0.903772 0.741278
vt 0.161992 0.826997
vt 0.159142 0.825882
vt 0.161992 0.824361
vt 0.160542 0.827099
vt 0.422297 0.592171
vt 0.422982 0.610412
vt 0.247723 0.581674
vt 0.245164 0.582918
vt 0.250202 0.584356
vt 0.419245 0.613430
vt 0.986527 0.470289
vt 0.988878 0.466680
vt 0.988878 0.469941
vt 0.268233 0.994069
vt 0.270311 0.991332
vt 0.263540 0.992033
vt 0.415745 0.614027
vt 0.425470 0.632342
vt 0.417267 0.631219
vt 0.826647 0.749215
vt 0.422305 0.634494
vt 0.420183 0.635847
vt 0.422482 0.634446
vt 0.421134 0.637881
vt 0.990812 0.314325
vt 0.988436 0.312835
vt 0.989494 0.310583
vt 0.619752 0.937784
vt 0.622926 0.940940
vt 0.626209 0.937784
vt 0.543795 0.024134
vt 0.542855 0.028946
vt 0.541103 0.026306
vt 0.416030 0.654828
vt 0.418392 0.654601
vt 0.450914 0.960806
vt 0.450492 0.964612
vt 0.448301 0.961522
vt 0.425301 0.664479
vt 0.422738 0.665327
vt 0.571287 0.773652
vt 0.576886 0.765055
vt 0.572544 0.776004
vt 0.423608 0.674181
vt 0.576886 0.768134
vt 0.419441 0.674653
vt 0.407669 0.738149
vt 0.419916 0.742023
vt 0.425402 0.742265
vt 0.414278 0.741914
vt 0.129748 0.638267
vt 0.414207 0.495939
vt 0.405841 0.504120
vt 0.413200 0.511877
vt 0.413244 0.511898
vt 0.211794 0.871225
vt 0.216151 0.869982
vt 0.216151 0.872719
vt 0.418648 0.561231
vt 0.398363 0.570145
vt 0.409711 0.596438
vt 0.979632 0.978849
vt 0.985021 0.981298
vt 0.984435 0.977856
vt 0.408308 0.606708
vt 0.856781 0.208512
vt 0.852826 0.206661
vt 0.851971 0.209273
vt 0.410444 0.608348
vt 0.850580 0.207138
vt 0.395836 0.636063
vt 0.415145 0.631168
vt 0.619188 0.939883
vt 0.416155 0.632325
vt 0.416505 0.634726
vt 0.408562 0.672056
vt 0.412210 0.672875
vt 0.586557 0.904620
vt 0.589486 0.901892
vt 0.589458 0.905471
vt 0.411068 0.674900
vt 0.758967 0.203011
vt 0.757097 0.198449
vt 0.755803 0.202449
vt 0.409741 0.740037
vt 0.408503 0.742002
vt 0.151165 0.639545
vt 0.393475 0.495820
vt 0.388072 0.497549
vt 0.402873 0.500872
vt 0.609946 0.192247
vt 0.614603 0.190237
vt 0.611429 0.196161
vt 0.405850 0.504162
vt 0.403133 0.506877
vt 0.405620 0.506887
vt 0.395895 0.569414
vt 0.397558 0.591761
vt 0.407087 0.593719
vt 0.405805 0.592285
vt 0.398474 0.595274
vt 0.228727 0.763243
vt 0.230149 0.768705
vt 0.234488 0.763230
vt 0.405840 0.609852
vt 0.408428 0.608367
vt 0.761495 0.975184
vt 0.762366 0.977581
vt 0.766441 0.974909
vt 0.394167 0.640414
vt 0.392134 0.655673
vt 0.388868 0.658968
vt 0.387123 0.694786
vt 0.371682 0.714403
vt 0.580754 0.713378
vt 0.583656 0.712135
vt 0.583601 0.716410
vt 0.581231 0.716017
vt 0.406289 0.741712
vt 0.390833 0.740728
vt 0.162864 0.638749
vt 0.393759 0.742300
vt 0.388170 0.497564
vt 0.388083 0.509029
vt 0.391612 0.522752
vt 0.393375 0.524497
vt 0.393266 0.526857
vt 0.885397 0.039690
vt 0.885387 0.045044
vt 0.882495 0.043681
vt 0.870714 0.717774
vt 0.870890 0.720347
vt 0.867988 0.719695
vt 0.395913 0.571706
vt 0.392088 0.574011
vt 0.392158 0.584474
vt 0.392498 0.578809
vt 0.395914 0.591343
vt 0.393704 0.593835
vt 0.461627 0.971686
vt 0.462308 0.974792
vt 0.457055 0.974443
vt 0.396097 0.594097
vt 0.394075 0.595827
vt 0.639749 0.877281
vt 0.638038 0.877213
vt 0.639749 0.874544
vt 0.392923 0.596865
vt 0.385167 0.619894
vt 0.387852 0.654081
vt 0.513217 0.865178
vt 0.508900 0.865525
vt 0.510859 0.870156
vt 0.387285 0.683241
vt 0.387893 0.697141
vt 0.388932 0.701666
vt 0.391700 0.742146
vt 0.407871 0.742225
vt 0.393225 0.495792
vt 0.385281 0.495782
vt 0.788432 0.377446
vt 0.788858 0.372748
vt 0.790619 0.379106
vt 0.379655 0.502024
vt 0.378541 0.504017
vt 0.381639 0.505327
vt 0.064658 0.847172
vt 0.072050 0.850304
vt 0.070348 0.847921
vt 0.384858 0.520028
vt 0.407965 0.788744
vt 0.408178 0.783303
vt 0.405355 0.789690
vt 0.392009 0.525521
vt 0.380052 0.523034
vt 0.383351 0.535566
vt 0.380542 0.537124
vt 0.389658 0.545258
vt 0.390178 0.547800
vt 0.380239 0.566693
vt 0.433752 0.892792
vt 0.430994 0.891287
vt 0.433752 0.889142
vt 0.385048 0.571771
vt 0.387327 0.572109
vt 0.388174 0.573464
vt 0.385431 0.573656
vt 0.383511 0.572872
vt 0.385971 0.573874
vt 0.389640 0.594736
vt 0.392237 0.594130
vt 0.374427 0.586520
vt 0.390811 0.596092
vt 0.636394 0.875170
vt 0.390701 0.596183
vt 0.384001 0.616542
vt 0.390237 0.597153
vt 0.532199 0.975821
vt 0.533185 0.973529
vt 0.529699 0.972172
vt 0.390283 0.640468
vt 0.286740 0.307285
vt 0.284943 0.311588
vt 0.281965 0.307296
vt 0.387969 0.656789
vt 0.376378 0.669590
vt 0.379151 0.677004
vt 0.386503 0.681845
vt 0.384353 0.680848
vt 0.713194 0.509022
vt 0.712282 0.510511
vt 0.714731 0.510567
vt 0.720555 0.509763
vt 0.385813 0.692977
vt 0.851547 0.246899
vt 0.854449 0.246807
vt 0.854111 0.249397
vt 0.386518 0.697685
vt 0.384887 0.695148
vt 0.757737 0.000456
vt 0.759671 0.000565
vt 0.758891 0.005500
vt 0.383068 0.736992
vt 0.388416 0.742087
vt 0.381053 0.741011
vt 0.385402 0.741953
vt 0.163787 0.639178
vt 0.381481 0.742518
vt 0.787718 0.375005
vt 0.383187 0.496138
vt 0.382806 0.495754
vt 0.379700 0.497960
vt 0.375466 0.496128
vt 0.644346 0.801984
vt 0.646305 0.803257
vt 0.642378 0.799790
vt 0.373940 0.507498
vt 0.382244 0.507027
vt 0.650420 0.799694
vt 0.384143 0.508257
vt 0.370168 0.514957
vt 0.366402 0.512313
vt 0.378516 0.521056
vt 0.980996 0.282986
vt 0.977273 0.280566
vt 0.978208 0.283303
vt 0.379217 0.534683
vt 0.378440 0.524765
vt 0.373959 0.537129
vt 0.270703 0.739507
vt 0.276112 0.736770
vt 0.269800 0.736853
vt 0.377643 0.536646
vt 0.367187 0.552118
vt 0.279014 0.271353
vt 0.282701 0.272346
vt 0.280447 0.269617
vt 0.283849 0.269617
vt 0.380203 0.572532
vt 0.375178 0.572905
vt 0.377058 0.573729
vt 0.372382 0.585619
vt 0.374685 0.584526
vt 0.376873 0.589486
vt 0.368917 0.593886
vt 0.373598 0.605495
vt 0.374844 0.606894
vt 0.378726 0.618958
vt 0.370813 0.613298
vt 0.382905 0.617908
vt 0.367244 0.643076
vt 0.371716 0.653622
vt 0.375630 0.674022
vt 0.381945 0.679881
vt 0.772208 0.332175
vt 0.769342 0.335445
vt 0.770817 0.330014
vt 0.381064 0.682234
vt 0.373981 0.678904
vt 0.360083 0.692360
vt 0.770309 0.086386
vt 0.770387 0.082573
vt 0.772244 0.083118
vt 0.772089 0.087439
vt 0.382214 0.683555
vt 0.386362 0.681866
vt 0.385260 0.683636
vt 0.718837 0.512318
vt 0.774375 0.981296
vt 0.777079 0.983504
vt 0.774878 0.986829
vt 0.383476 0.694609
vt 0.368166 0.711674
vt 0.382300 0.738976
vt 0.096949 0.975840
vt 0.096685 0.980961
vt 0.095531 0.977480
vt 0.369877 0.739295
vt 0.378545 0.739825
vt 0.380844 0.742190
vt 0.378376 0.742003
vt 0.094294 0.979527
vt 0.094751 0.982208
vt 0.372584 0.740583
vt 0.376155 0.742085
vt 0.353524 0.497418
vt 0.376313 0.503501
vt 0.224168 0.857096
vt 0.227746 0.853675
vt 0.224784 0.855014
vt 0.367181 0.515849
vt 0.364822 0.539352
vt 0.366321 0.543710
vt 0.370092 0.572712
vt 0.371172 0.573436
vt 0.374568 0.573848
vt 0.860416 0.057026
vt 0.860275 0.059495
vt 0.862612 0.057762
vt 0.370912 0.584744
vt 0.370910 0.584744
vt 0.364202 0.585227
vt 0.370393 0.585167
vt 0.372432 0.585725
vt 0.372085 0.587698
vt 0.368891 0.589720
vt 0.850580 0.257423
vt 0.850580 0.259619
vt 0.848161 0.261361
vt 0.968629 0.277828
vt 0.967012 0.280566
vt 0.970503 0.279337
vt 0.365857 0.595066
vt 0.000484 0.494234
vt 0.002206 0.492432
vt 0.002418 0.495894
vt 0.371098 0.607600
vt 0.365897 0.610089
vt 0.370812 0.613298
vt 0.369775 0.615387
vt 0.367297 0.650954
vt 0.368893 0.652299
vt 0.606560 0.766177
vt 0.606341 0.770107
vt 0.602053 0.768275
vt 0.376335 0.669578
vt 0.265474 0.662865
vt 0.261902 0.662865
vt 0.262831 0.665272
vt 0.371446 0.669113
vt 0.284806 0.362976
vt 0.289644 0.362766
vt 0.289652 0.368157
vt 0.375630 0.674023
vt 0.371446 0.669113
vt 0.372525 0.675109
vt 0.370741 0.675916
vt 0.372536 0.675154
vt 0.370893 0.678488
vt 0.357950 0.696911
vt 0.784645 0.557026
vt 0.784005 0.558369
vt 0.789652 0.558558
vt 0.368776 0.713754
vt 0.365764 0.716760
vt 0.356852 0.729453
vt 0.364792 0.739198
vt 0.147226 0.645501
vt 0.149775 0.646442
vt 0.151097 0.643799
vt 0.145533 0.643702
vt 0.151354 0.645143
vt 0.359813 0.742069
vt 0.370677 0.741629
vt 0.370835 0.742663
vt 0.372306 0.741965
vt 0.365620 0.743157
vt 0.370772 0.742661
vt 0.360444 0.496094
vt 0.357918 0.505377
vt 0.358695 0.507044
vt 0.366585 0.514425
vt 0.601064 0.794252
vt 0.597195 0.791165
vt 0.600964 0.790722
vt 0.357887 0.524199
vt 0.035300 0.788777
vt 0.038523 0.791515
vt 0.040940 0.788788
vt 0.364511 0.544053
vt 0.362686 0.541847
vt 0.365749 0.551235
vt 0.230002 0.575333
vt 0.224873 0.573696
vt 0.226002 0.575076
vt 0.002993 0.287643
vt 0.003385 0.286040
vt 0.000484 0.286040
vt 0.364935 0.553193
vt 0.363590 0.584727
vt 0.822770 0.252749
vt 0.818665 0.252789
vt 0.822934 0.254079
vt 0.360461 0.586000
vt 0.367151 0.592833
vt 0.344754 0.587298
vt 0.363213 0.611080
vt 0.957060 0.832344
vt 0.963469 0.833485
vt 0.957018 0.829836
vt 0.365953 0.611885
vt 0.350672 0.631915
vt 0.357593 0.630486
vt 0.362259 0.636694
vt 0.360045 0.635877
vt 0.357223 0.635452
vt 0.359353 0.637642
vt 0.480174 0.846259
vt 0.477273 0.845568
vt 0.480174 0.843522
vt 0.478065 0.843677
vt 0.362254 0.636700
vt 0.363576 0.644084
vt 0.360549 0.638726
vt 0.363852 0.648760
vt 0.736460 0.272354
vt 0.739362 0.276004
vt 0.737394 0.275977
vt 0.704545 0.975140
vt 0.710348 0.973996
vt 0.707285 0.973996
vt 0.364742 0.645232
vt 0.358336 0.655605
vt 0.359041 0.653663
vt 0.367397 0.652843
vt 0.355137 0.666794
vt 0.349243 0.670042
vt 0.125242 0.591697
vt 0.119824 0.591768
vt 0.120117 0.594434
vt 0.367051 0.712626
vt 0.973288 0.019735
vt 0.973393 0.024096
vt 0.970503 0.023635
vt 0.367079 0.712687
vt 0.363951 0.715689
vt 0.354383 0.727943
vt 0.357190 0.741836
vt 0.357966 0.742803
vt 0.360444 0.496094
vt 0.351925 0.496319
vt 0.921661 0.730555
vt 0.921180 0.728413
vt 0.924081 0.731296
vt 0.924081 0.727646
vt 0.350223 0.499278
vt 0.352101 0.499806
vt 0.323613 0.981360
vt 0.323501 0.974157
vt 0.327681 0.981720
vt 0.328794 0.977840
vt 0.323644 0.972193
vt 0.329304 0.983120
vt 0.352653 0.503791
vt 0.351972 0.505991
vt 0.352825 0.508226
vt 0.201241 0.999544
vt 0.200059 0.994138
vt 0.198774 0.998266
vt 0.351133 0.512675
vt 0.197061 0.993614
vt 0.354508 0.524833
vt 0.482511 0.846588
vt 0.484540 0.848996
vt 0.486010 0.846259
vt 0.486944 0.848613
vt 0.355888 0.527279
vt 0.353499 0.526911
vt 0.370092 0.572712
vt 0.345782 0.573848
vt 0.366154 0.573649
vt 0.341470 0.571160
vt 0.363590 0.584727
vt 0.349865 0.585028
vt 0.350671 0.593812
vt 0.350777 0.596534
vt 0.353916 0.631547
vt 0.356233 0.633357
vt 0.350086 0.634581
vt 0.348721 0.638279
vt 0.335665 0.653449
vt 0.352013 0.656480
vt 0.632979 0.953011
vt 0.632333 0.957364
vt 0.631045 0.954441
vt 0.355216 0.655301
vt 0.552435 0.889491
vt 0.549400 0.890916
vt 0.548637 0.892792
vt 0.355202 0.655314
vt 0.351177 0.657916
vt 0.351052 0.666927
vt 0.352160 0.668566
vt 0.358215 0.694267
vt 0.350867 0.726090
vt 0.064144 0.975058
vt 0.064156 0.982228
vt 0.061583 0.978179
vt 0.062655 0.975681
vt 0.341891 0.736510
vt 0.349452 0.740905
vt 0.186170 0.633668
vt 0.185562 0.636021
vt 0.184236 0.635219
vt 0.351175 0.742131
vt 0.357890 0.742758
vt 0.353965 0.743072
vt 0.310231 0.497399
vt 0.349799 0.497118
vt 0.349535 0.510301
vt 0.336463 0.521736
vt 0.351133 0.512675
vt 0.338066 0.520991
vt 0.337859 0.523849
vt 0.337532 0.552668
vt 0.339642 0.559144
vt 0.338980 0.563519
vt 0.344916 0.576296
vt 0.343723 0.580578
vt 0.344975 0.581513
vt 0.343374 0.584193
vt 0.385397 0.784215
vt 0.381528 0.784215
vt 0.382709 0.785594
vt 0.792553 0.070483
vt 0.794445 0.067062
vt 0.795037 0.070795
vt 0.345494 0.584598
vt 0.343424 0.584167
vt 0.784495 0.514647
vt 0.787718 0.512318
vt 0.782810 0.512318
vt 0.349229 0.595411
vt 0.342196 0.588040
vt 0.349152 0.595433
vt 0.720986 0.385440
vt 0.718085 0.385493
vt 0.718161 0.383206
vt 0.238879 0.950232
vt 0.240329 0.957536
vt 0.237442 0.956330
vt 0.347225 0.634089
vt 0.349750 0.633209
vt 0.476928 0.468784
vt 0.479790 0.470640
vt 0.476306 0.470492
vt 0.480096 0.475437
vt 0.476822 0.474624
vt 0.343944 0.637296
vt 0.345792 0.638630
vt 0.345728 0.638773
vt 0.632979 0.741332
vt 0.632105 0.738595
vt 0.630283 0.741073
vt 0.343707 0.639684
vt 0.348695 0.656826
vt 0.337833 0.654275
vt 0.329814 0.666839
vt 0.354317 0.695489
vt 0.353184 0.729811
vt 0.338912 0.734711
vt 0.341873 0.739459
vt 0.341982 0.740733
vt 0.606990 0.923712
vt 0.606374 0.921348
vt 0.608801 0.922260
vt 0.342645 0.742293
vt 0.349169 0.742703
vt 0.341703 0.742702
vt 0.301541 0.015967
vt 0.302680 0.017277
vt 0.300447 0.018752
vt 0.335004 0.549798
vt 0.307386 0.074361
vt 0.304198 0.074566
vt 0.305923 0.077994
vt 0.335320 0.552961
vt 0.333479 0.552357
vt 0.014872 0.613595
vt 0.013056 0.611613
vt 0.014870 0.608989
vt 0.049122 0.977935
vt 0.048190 0.974020
vt 0.045357 0.978474
vt 0.044971 0.975860
vt 0.341214 0.580331
vt 0.330408 0.578517
vt 0.331740 0.581452
vt 0.341202 0.583156
vt 0.335304 0.644734
vt 0.335421 0.647467
vt 0.308375 0.221693
vt 0.309814 0.219693
vt 0.306147 0.219434
vt 0.333911 0.651627
vt 0.330512 0.662237
vt 0.961851 0.652742
vt 0.964404 0.649554
vt 0.964663 0.654411
vt 0.340263 0.738790
vt 0.334272 0.733981
vt 0.340252 0.738745
vt 0.338714 0.739774
vt 0.321067 0.741947
vt 0.339972 0.741165
vt 0.026596 0.580329
vt 0.024409 0.578535
vt 0.026596 0.578011
vt 0.023694 0.580748
vt 0.339971 0.741165
vt 0.336487 0.743019
vt 0.340490 0.742266
vt 0.341378 0.742964
vt 0.351864 0.496314
vt 0.320126 0.495831
vt 0.327832 0.521151
vt 0.326489 0.525150
vt 0.271203 0.989381
vt 0.269076 0.986914
vt 0.267385 0.988714
vt 0.318884 0.541399
vt 0.320686 0.556745
vt 0.337846 0.560843
vt 0.615571 0.205850
vt 0.615929 0.203455
vt 0.618307 0.202204
vt 0.618017 0.207282
vt 0.321779 0.582317
vt 0.329014 0.579636
vt 0.318318 0.634926
vt 0.332738 0.635049
vt 0.332188 0.644607
vt 0.334153 0.645697
vt 0.315855 0.660564
vt 0.333934 0.651688
vt 0.179253 0.645529
vt 0.183269 0.643933
vt 0.176499 0.642792
vt 0.870890 0.738595
vt 0.867302 0.738443
vt 0.870651 0.734810
vt 0.867021 0.736502
vt 0.333964 0.655238
vt 0.332432 0.653965
vt 0.328393 0.661154
vt 0.329202 0.664346
vt 0.329814 0.666839
vt 0.318154 0.669942
vt 0.321345 0.697221
vt 0.323227 0.727170
vt 0.320586 0.699349
vt 0.324753 0.735287
vt 0.331015 0.736379
vt 0.321209 0.734497
vt 0.326278 0.737956
vt 0.319117 0.739091
vt 0.311317 0.502727
vt 0.319248 0.518248
vt 0.322298 0.517811
vt 0.095355 0.660454
vt 0.094006 0.656473
vt 0.096228 0.657469
vt 0.322845 0.520115
vt 0.324821 0.521957
vt 0.322298 0.517811
vt 0.320977 0.519095
vt 0.038025 0.638230
vt 0.039984 0.633890
vt 0.037241 0.633297
vt 0.324760 0.521993
vt 0.319796 0.521126
vt 0.325557 0.523883
vt 0.316082 0.541663
vt 0.318313 0.558418
vt 0.716235 0.539690
vt 0.713779 0.537865
vt 0.712282 0.539578
vt 0.299245 0.567008
vt 0.294534 0.568525
vt 0.295577 0.565649
vt 0.319456 0.564705
vt 0.319521 0.560165
vt 0.317658 0.562954
vt 0.820696 0.266880
vt 0.818953 0.264661
vt 0.821567 0.263333
vt 0.328136 0.577520
vt 0.316394 0.568249
vt 0.432515 0.803376
vt 0.430852 0.798935
vt 0.433752 0.797956
vt 0.318943 0.568005
vt 0.543037 0.880079
vt 0.543037 0.882646
vt 0.541617 0.884580
vt 0.317987 0.570040
vt 0.322058 0.579005
vt 0.326041 0.578230
vt 0.320225 0.580201
vt 0.951538 0.002345
vt 0.952565 0.004106
vt 0.955996 0.002281
vt 0.311331 0.596934
vt 0.318646 0.667703
vt 0.409399 0.994982
vt 0.407535 0.992245
vt 0.406673 0.994462
vt 0.318954 0.696162
vt 0.218085 0.950646
vt 0.220986 0.948449
vt 0.220986 0.952059
vt 0.318175 0.699052
vt 0.315064 0.699168
vt 0.249494 0.758668
vt 0.248120 0.754111
vt 0.249826 0.750456
vt 0.315493 0.730486
vt 0.320037 0.735756
vt 0.416059 0.970268
vt 0.419699 0.969482
vt 0.419962 0.967651
vt 0.413632 0.968097
vt 0.323611 0.737191
vt 0.319938 0.737479
vt 0.320040 0.735763
vt 0.334139 0.205906
vt 0.330270 0.203923
vt 0.330595 0.206627
vt 0.319075 0.739046
vt 0.316738 0.738058
vt 0.317413 0.740565
vt 0.318824 0.742097
vt 0.318633 0.742772
vt 0.451150 0.927902
vt 0.448734 0.928376
vt 0.448277 0.925710
vt 0.450337 0.924048
vt 0.309064 0.495766
vt 0.308468 0.513540
vt 0.309507 0.524630
vt 0.310511 0.534724
vt 0.314558 0.540471
vt 0.458898 0.774966
vt 0.463806 0.774869
vt 0.456963 0.772560
vt 0.310302 0.553744
vt 0.312521 0.540886
vt 0.286228 0.865917
vt 0.284831 0.864242
vt 0.288512 0.866057
vt 0.290612 0.868157
vt 0.290612 0.863595
vt 0.315644 0.544569
vt 0.316917 0.560550
vt 0.315144 0.561880
vt 0.309478 0.565715
vt 0.818665 0.262318
vt 0.312266 0.566516
vt 0.313633 0.563174
vt 0.983031 0.289356
vt 0.977216 0.290785
vt 0.980018 0.293125
vt 0.303904 0.583407
vt 0.303195 0.595900
vt 0.306941 0.598695
vt 0.308842 0.608283
vt 0.309668 0.620808
vt 0.306939 0.638439
vt 0.312640 0.672669
vt 0.316452 0.664314
vt 0.316326 0.669189
vt 0.317291 0.666833
vt 0.410944 0.993141
vt 0.645534 0.853346
vt 0.652321 0.853377
vt 0.651717 0.849909
vt 0.314550 0.674985
vt 0.307281 0.679865
vt 0.304161 0.695599
vt 0.318151 0.699037
vt 0.306023 0.703885
vt 0.305991 0.708386
vt 0.303437 0.718353
vt 0.318180 0.727931
vt 0.305555 0.738214
vt 0.309522 0.738065
vt 0.312593 0.737307
vt 0.311065 0.739483
vt 0.487911 0.834636
vt 0.485249 0.836697
vt 0.485010 0.834398
vt 0.308567 0.741991
vt 0.318928 0.741883
vt 0.307835 0.494984
vt 0.306155 0.496402
vt 0.305981 0.497886
vt 0.303742 0.495266
vt 0.303243 0.496223
vt 0.303440 0.498015
vt 0.303030 0.503132
vt 0.305491 0.505152
vt 0.304248 0.505143
vt 0.158124 0.088959
vt 0.156344 0.088189
vt 0.156528 0.086579
vt 0.305930 0.508330
vt 0.303534 0.506466
vt 0.642173 0.643902
vt 0.642049 0.645465
vt 0.643514 0.646451
vt 0.158124 0.084398
vt 0.302646 0.504664
vt 0.302073 0.503130
vt 0.301988 0.514486
vt 0.645881 0.643704
vt 0.303517 0.506424
vt 0.303465 0.510267
vt 0.648453 0.645190
vt 0.304127 0.511303
vt 0.303266 0.512364
vt 0.304411 0.521054
vt 0.302362 0.516926
vt 0.306235 0.522527
vt 0.302750 0.521309
vt 0.301668 0.523755
vt 0.308130 0.522305
vt 0.304799 0.522602
vt 0.304070 0.524045
vt 0.602627 0.845591
vt 0.601209 0.846866
vt 0.603960 0.842615
vt 0.603965 0.846556
vt 0.819477 0.499548
vt 0.819667 0.503024
vt 0.817698 0.500102
vt 0.302337 0.524090
vt 0.307356 0.524413
vt 0.304841 0.528220
vt 0.307397 0.528055
vt 0.304096 0.524161
vt 0.302702 0.524165
vt 0.302817 0.529374
vt 0.995027 0.727340
vt 0.997241 0.727646
vt 0.997123 0.725861
vt 0.305410 0.529520
vt 0.998500 0.726448
vt 0.998549 0.724909
vt 0.303835 0.530474
vt 0.301906 0.526027
vt 0.766952 0.359632
vt 0.765487 0.360298
vt 0.766973 0.357351
vt 0.302985 0.532343
vt 0.304059 0.530463
vt 0.301986 0.545956
vt 0.305363 0.544734
vt 0.304020 0.543919
vt 0.302370 0.547086
vt 0.738395 0.305086
vt 0.736460 0.305201
vt 0.738118 0.300642
vt 0.736683 0.301191
vt 0.306903 0.553278
vt 0.303163 0.548050
vt 0.304168 0.554366
vt 0.304272 0.556456
vt 0.599185 0.786040
vt 0.602031 0.784299
vt 0.596173 0.784301
vt 0.691006 0.720347
vt 0.689072 0.718989
vt 0.690193 0.716979
vt 0.303095 0.555359
vt 0.302455 0.556855
vt 0.303249 0.557170
vt 0.301915 0.561254
vt 0.302295 0.562428
vt 0.304240 0.569380
vt 0.303524 0.567458
vt 0.302464 0.568591
vt 0.829304 0.054288
vt 0.833172 0.056025
vt 0.832061 0.054288
vt 0.830751 0.056113
vt 0.303325 0.570519
vt 0.301781 0.578468
vt 0.304240 0.569379
vt 0.303067 0.580130
vt 0.511426 0.977340
vt 0.514023 0.978558
vt 0.513753 0.976741
vt 0.301565 0.580848
vt 0.302305 0.592028
vt 0.301853 0.593751
vt 0.302134 0.606794
vt 0.304737 0.607558
vt 0.303873 0.613861
vt 0.302971 0.614500
vt 0.306201 0.617575
vt 0.301861 0.616225
vt 0.595044 0.909352
vt 0.596228 0.910193
vt 0.594764 0.914690
vt 0.303047 0.618728
vt 0.309668 0.620808
vt 0.301737 0.638431
vt 0.301258 0.641960
vt 0.307439 0.634663
vt 0.302656 0.637121
vt 0.797160 0.676738
vt 0.796601 0.680665
vt 0.792947 0.678231
vt 0.794772 0.680739
vt 0.303802 0.635980
vt 0.304228 0.637510
vt 0.302320 0.642314
vt 0.504319 0.730434
vt 0.505652 0.731278
vt 0.510155 0.730434
vt 0.302392 0.644309
vt 0.302588 0.661887
vt 0.302035 0.649297
vt 0.301613 0.661725
vt 0.302615 0.668137
vt 0.302602 0.670216
vt 0.306602 0.677563
vt 0.301610 0.670054
vt 0.301727 0.668229
vt 0.302405 0.673977
vt 0.303604 0.675208
vt 0.302196 0.675406
vt 0.301701 0.674161
vt 0.304401 0.677205
vt 0.301798 0.677625
vt 0.016281 0.676551
vt 0.014303 0.676551
vt 0.014388 0.678640
vt 0.016925 0.679288
vt 0.302587 0.677075
vt 0.017733 0.528782
vt 0.014990 0.528741
vt 0.015651 0.530930
vt 0.304629 0.678976
vt 0.302412 0.678209
vt 0.304074 0.685321
vt 0.302115 0.681982
vt 0.302243 0.685649
vt 0.301700 0.685548
vt 0.942456 0.641880
vt 0.942456 0.643650
vt 0.940570 0.643567
vt 0.302712 0.686645
vt 0.612824 0.946007
vt 0.613374 0.945900
vt 0.613142 0.950109
vt 0.302429 0.689304
vt 0.302542 0.691151
vt 0.302346 0.693712
vt 0.301593 0.691690
vt 0.301790 0.693664
vt 0.775674 0.474006
vt 0.778357 0.471917
vt 0.778198 0.474221
vt 0.779436 0.472558
vt 0.303123 0.696270
vt 0.302796 0.697523
vt 0.776675 0.475376
vt 0.779966 0.475779
vt 0.302202 0.699514
vt 0.301767 0.701076
vt 0.304196 0.697687
vt 0.304297 0.705093
vt 0.301675 0.699367
vt 0.707468 0.207450
vt 0.702611 0.205748
vt 0.702690 0.207516
vt 0.304292 0.708465
vt 0.302294 0.708607
vt 0.706251 0.205748
vt 0.301628 0.711778
vt 0.302038 0.713917
vt 0.303080 0.716300
vt 0.298092 0.598429
vt 0.299323 0.600821
vt 0.296476 0.598657
vt 0.296423 0.596659
vt 0.301841 0.716359
vt 0.302967 0.734899
vt 0.301689 0.734617
vt 0.301571 0.737673
vt 0.302843 0.738268
vt 0.305554 0.739093
vt 0.302795 0.741571
vt 0.303503 0.739498
vt 0.302660 0.739563
vt 0.993869 0.963015
vt 0.993701 0.967375
vt 0.992746 0.967420
vt 0.997251 0.968398
vt 0.958031 0.998718
vt 0.962607 0.998687
vt 0.962666 0.999520
vt 0.010212 0.475447
vt 0.014017 0.474936
vt 0.013748 0.476559
vt 0.003480 0.009421
vt 0.004483 0.010117
vt 0.004251 0.011391
vt 0.004507 0.011478
vt 0.004246 0.012333
vt 0.003458 0.012377
vt 0.004281 0.015319
vt 0.004545 0.030776
vt 0.005279 0.243184
vt 0.004948 0.157719
vt 0.005572 0.179336
vt 0.006099 0.240852
vt 0.005329 0.009508
vt 0.005840 0.009596
vt 0.005931 0.008849
vt 0.005119 0.008974
vt 0.246542 0.679356
vt 0.247947 0.679314
vt 0.251233 0.678552
vt 0.246859 0.683198
vt 0.250532 0.679410
vt 0.251322 0.681903
vt 0.246891 0.687567
vt 0.247272 0.686000
vt 0.248403 0.686310
vt 0.207682 0.971282
vt 0.191828 0.973305
vt 0.208119 0.973177
vt 0.181256 0.970977
vt 0.180291 0.973167
vt 0.161538 0.970667
vt 0.150996 0.972663
vt 0.127695 0.972242
vt 0.135446 0.970181
vt 0.106740 0.970029
vt 0.096226 0.971794
vt 0.100411 0.969730
vt 0.083555 0.969323
vt 0.063295 0.971272
vt 0.067313 0.969226
vt 0.051723 0.968946
vt 0.048883 0.970734
vt 0.043910 0.968539
vt 0.042468 0.969833
vt 0.041485 0.969026
vt 0.033814 0.969027
vt 0.033074 0.968807
vt 0.033366 0.971816
vt 0.035908 0.972376
vt 0.033745 0.972581
vt 0.032979 0.973571
vt 0.036131 0.973126
vt 0.032499 0.978398
vt 0.287274 0.882901
vt 0.286687 0.883652
vt 0.286333 0.882943
vt 0.621152 0.007118
vt 0.621022 0.008640
vt 0.619649 0.007496
vt 0.806050 0.432438
vt 0.805479 0.436526
vt 0.805206 0.432023
vt 0.020576 0.587080
vt 0.019514 0.586313
vt 0.019442 0.583879
vt 0.017820 0.581268
vt 0.018254 0.580376
vt 0.016928 0.580357
vt 0.017283 0.578758
vt 0.019149 0.571829
vt 0.020806 0.566054
vt 0.020171 0.566769
vt 0.143368 0.606876
vt 0.142340 0.607183
vt 0.142531 0.606296
vt 0.141062 0.607604
vt 0.949437 0.793443
vt 0.952749 0.794292
vt 0.953136 0.792714
vt 0.948353 0.793151
vt 0.954039 0.793178
vt 0.473366 0.443877
vt 0.470519 0.444175
vt 0.473396 0.453879
vt 0.469875 0.451829
vt 0.469658 0.453924
vt 0.669636 0.799722
vt 0.668529 0.805495
vt 0.668156 0.800888
vt 0.669653 0.824369
vt 0.668568 0.823305
vt 0.667534 0.824166
vt 0.899800 0.672022
vt 0.899822 0.681844
vt 0.897332 0.678245
vt 0.680343 0.433162
vt 0.680166 0.439955
vt 0.677729 0.433094
vt 0.680144 0.450219
vt 0.677492 0.546941
vt 0.680377 0.546659
vt 0.679677 0.547478
vt 0.666871 0.800242
vt 0.897813 0.672537
vt 0.267553 0.349037
vt 0.268006 0.352473
vt 0.266455 0.352544
vt 0.897038 0.681882
vt 0.731992 0.042723
vt 0.731877 0.044564
vt 0.754425 0.042603
vt 0.754783 0.044051
vt 0.774918 0.226123
vt 0.770429 0.238012
vt 0.771817 0.233252
vt 0.775021 0.245265
vt 0.773916 0.225104
vt 0.772253 0.225223
vt 0.771081 0.234980
vt 0.769681 0.236241
vt 0.767410 0.236277
vt 0.767429 0.237881
vt 0.770854 0.244870
vt 0.771963 0.245874
vt 0.947144 0.724712
vt 0.943508 0.724864
vt 0.943426 0.716682
vt 0.947156 0.718252
vt 0.946856 0.717185
vt 0.884255 0.195413
vt 0.881582 0.187400
vt 0.884087 0.176853
vt 0.881691 0.175695
vt 0.883924 0.175970
vt 0.883528 0.196104
vt 0.882774 0.196555
vt 0.882192 0.191106
vt 0.881058 0.186697
vt 0.879693 0.186012
vt 0.879929 0.183267
vt 0.877674 0.185337
vt 0.877656 0.183527
vt 0.881554 0.177055
vt 0.880339 0.176545
vt 0.345458 0.783448
vt 0.344123 0.784615
vt 0.345641 0.785075
vt 0.339224 0.784290
vt 0.876439 0.217157
vt 0.860523 0.216795
vt 0.859696 0.217334
vt 0.875132 0.216823
vt 0.856752 0.218045
vt 0.855415 0.216967
vt 0.852994 0.217462
vt 0.836491 0.219231
vt 0.508205 0.692902
vt 0.516833 0.689372
vt 0.508352 0.689419
vt 0.516291 0.692803
vt 0.573051 0.390079
vt 0.600380 0.393669
vt 0.695449 0.391318
vt 0.695837 0.390059
vt 0.248973 0.734871
vt 0.249494 0.733994
vt 0.241330 0.732263
vt 0.243403 0.734183
vt 0.242705 0.734742
vt 0.573191 0.393510
vt 0.694594 0.393582
vt 0.249666 0.732227
vt 0.241626 0.733376
vt 0.782569 0.081226
vt 0.869861 0.080057
vt 0.782383 0.080216
vt 0.869863 0.080925
vt 0.313553 0.082883
vt 0.311964 0.082763
vt 0.311995 0.082012
vt 0.565733 0.873380
vt 0.567176 0.860933
vt 0.566593 0.873992
vt 0.567026 0.842076
vt 0.565667 0.848997
vt 0.565723 0.837156
vt 0.565617 0.831701
vt 0.567060 0.804421
vt 0.565703 0.793616
vt 0.566867 0.776129
vt 0.565840 0.776246
vt 0.084623 0.851030
vt 0.083369 0.849986
vt 0.083666 0.852938
vt 0.134912 0.049067
vt 0.135783 0.047904
vt 0.136003 0.049586
vt 0.828428 0.727793
vt 0.829397 0.731234
vt 0.838961 0.731180
vt 0.837979 0.727762
vt 0.838146 0.728352
vt 0.338536 0.108437
vt 0.337414 0.108637
vt 0.338832 0.086532
vt 0.337719 0.086363
vt 0.445812 0.843062
vt 0.443841 0.842188
vt 0.445031 0.842519
vt 0.445725 0.850992
vt 0.446318 0.850496
vt 0.446319 0.850467
vt 0.444663 0.852813
vt 0.445335 0.851654
vt 0.446051 0.855759
vt 0.446251 0.862002
vt 0.445538 0.861950
vt 0.446266 0.857001
vt 0.445190 0.856638
vt 0.442347 0.856051
vt 0.442722 0.852516
vt 0.444640 0.853843
vt 0.441611 0.853999
vt 0.439855 0.855593
vt 0.439668 0.853977
vt 0.442795 0.862650
vt 0.443967 0.863386
vt 0.443352 0.862694
vt 0.479152 0.880708
vt 0.479141 0.882630
vt 0.478791 0.882009
vt 0.625533 0.207646
vt 0.633468 0.210417
vt 0.646052 0.207647
vt 0.624884 0.208784
vt 0.634867 0.210837
vt 0.635697 0.211960
vt 0.638267 0.211503
vt 0.638153 0.213937
vt 0.636405 0.213944
vt 0.645519 0.210500
vt 0.645546 0.211285
vt 0.646516 0.210310
vt 0.291370 0.046349
vt 0.280267 0.046355
vt 0.281644 0.049065
vt 0.290905 0.048309
vt 0.280725 0.049476
vt 0.236433 0.712998
vt 0.234779 0.716590
vt 0.236196 0.710422
vt 0.952340 0.371818
vt 0.952859 0.372013
vt 0.952455 0.385886
vt 0.952139 0.385552
vt 0.952456 0.385879
vt 0.952621 0.387321
vt 0.952190 0.387817
vt 0.952718 0.388639
vt 0.000670 0.934687
vt 0.003352 0.934746
vt 0.000629 0.926567
vt 0.003310 0.926712
vt 0.454043 0.805305
vt 0.452712 0.804296
vt 0.453184 0.806081
vt 0.447926 0.805858
vt 0.811277 0.520475
vt 0.812207 0.519970
vt 0.811296 0.518795
vt 0.812815 0.518765
vt 0.613230 0.082081
vt 0.612739 0.083071
vt 0.611753 0.083084
vt 0.612418 0.083709
vt 0.597182 0.097010
vt 0.600903 0.094162
vt 0.597655 0.097052
vt 0.605274 0.108673
vt 0.605671 0.107443
vt 0.605938 0.108784
vt 0.614556 0.118139
vt 0.614609 0.117443
vt 0.629131 0.920810
vt 0.626729 0.921249
vt 0.627564 0.920813
vt 0.227018 0.806035
vt 0.227316 0.800963
vt 0.226434 0.805063
vt 0.803764 0.249554
vt 0.805078 0.253034
vt 0.804166 0.243894
vt 0.804487 0.254994
vt 0.227390 0.795324
vt 0.227422 0.792978
vt 0.227310 0.788169
vt 0.227433 0.756920
vt 0.227353 0.734726
vt 0.227083 0.729050
vt 0.225418 0.704860
vt 0.227015 0.699425
vt 0.226273 0.696498
vt 0.227279 0.696760
vt 0.226919 0.695055
vt 0.227705 0.687670
vt 0.227523 0.683160
vt 0.227669 0.676849
vt 0.227643 0.667435
vt 0.224015 0.804738
vt 0.215402 0.805182
vt 0.227053 0.771340
vt 0.195499 0.759098
vt 0.227398 0.764589
vt 0.227594 0.722063
vt 0.225390 0.704878
vt 0.219287 0.700665
vt 0.211077 0.696253
vt 0.212070 0.696214
vt 0.215717 0.694787
vt 0.210669 0.694807
vt 0.214715 0.662286
vt 0.210029 0.662100
vt 0.227333 0.661201
vt 0.218727 0.661750
vt 0.183151 0.662216
vt 0.179138 0.791512
vt 0.206528 0.804976
vt 0.196501 0.762634
vt 0.183721 0.696506
vt 0.199845 0.696402
vt 0.200146 0.695045
vt 0.200304 0.694374
vt 0.189322 0.802251
vt 0.195931 0.761111
vt 0.135105 0.726997
vt 0.188011 0.804617
vt 0.186376 0.801785
vt 0.181566 0.805164
vt 0.187930 0.805072
vt 0.177382 0.804900
vt 0.187029 0.696404
vt 0.188093 0.695690
vt 0.187334 0.693948
vt 0.185433 0.696189
vt 0.171391 0.805011
vt 0.136550 0.768378
vt 0.181082 0.696793
vt 0.177991 0.696545
vt 0.170713 0.696266
vt 0.182205 0.695977
vt 0.168006 0.694849
vt 0.169225 0.661655
vt 0.158146 0.805053
vt 0.161757 0.706665
vt 0.161079 0.699607
vt 0.172661 0.696492
vt 0.161014 0.709650
vt 0.162282 0.696234
vt 0.166397 0.696194
vt 0.164622 0.696182
vt 0.163953 0.696514
vt 0.158752 0.696452
vt 0.158530 0.694872
vt 0.121735 0.772739
vt 0.142266 0.710410
vt 0.158029 0.696327
vt 0.156151 0.696179
vt 0.155293 0.696511
vt 0.149996 0.697448
vt 0.153848 0.696355
vt 0.149688 0.696498
vt 0.123814 0.662082
vt 0.140480 0.805012
vt 0.138844 0.696762
vt 0.139932 0.696321
vt 0.148243 0.696303
vt 0.146372 0.696493
vt 0.145467 0.696476
vt 0.145941 0.696136
vt 0.140048 0.694805
vt 0.133109 0.805191
vt 0.128620 0.804888
vt 0.136165 0.767521
vt 0.116578 0.698264
vt 0.119132 0.805222
vt 0.102011 0.716067
vt 0.125008 0.696244
vt 0.129350 0.696490
vt 0.122877 0.694834
vt 0.104111 0.802335
vt 0.120964 0.770511
vt 0.118889 0.767697
vt 0.120862 0.696277
vt 0.123765 0.696344
vt 0.122943 0.696321
vt 0.116790 0.696302
vt 0.109042 0.696517
vt 0.101878 0.696578
vt 0.114640 0.696340
vt 0.113189 0.696159
vt 0.120926 0.662335
vt 0.089051 0.694938
vt 0.095927 0.756167
vt 0.102409 0.739971
vt 0.072789 0.703486
vt 0.108434 0.696135
vt 0.106978 0.696193
vt 0.104565 0.696223
vt 0.101146 0.662243
vt 0.075350 0.662100
vt 0.107511 0.662136
vt 0.089715 0.805295
vt 0.104100 0.802340
vt 0.087020 0.804942
vt 0.098551 0.770707
vt 0.043382 0.751749
vt 0.100305 0.740803
vt 0.099461 0.740559
vt 0.082121 0.724386
vt 0.070903 0.696265
vt 0.098694 0.696073
vt 0.096695 0.696150
vt 0.095839 0.696442
vt 0.092906 0.696529
vt 0.084264 0.662134
vt 0.043413 0.782335
vt 0.091573 0.696517
vt 0.092232 0.696127
vt 0.090181 0.696302
vt 0.084163 0.696312
vt 0.088533 0.695375
vt 0.081839 0.694660
vt 0.083266 0.737814
vt 0.080730 0.695661
vt 0.082451 0.695673
vt 0.079974 0.695039
vt 0.079461 0.662127
vt 0.076976 0.805098
vt 0.054535 0.804948
vt 0.071912 0.702188
vt 0.062307 0.696540
vt 0.064317 0.695351
vt 0.052945 0.694706
vt 0.043518 0.705444
vt 0.061188 0.695878
vt 0.056853 0.696540
vt 0.057589 0.696091
vt 0.043427 0.681424
vt 0.062040 0.662249
vt 0.043355 0.671409
vt 0.047938 0.661130
vt 0.053162 0.661954
vt 0.044261 0.805327
vt 0.043590 0.798552
vt 0.043482 0.806107
vt 0.043298 0.795483
vt 0.043580 0.794332
vt 0.043335 0.696653
vt 0.043009 0.699885
vt 0.043327 0.694645
vt 0.044954 0.695100
vt 0.043355 0.677348
vt 0.043497 0.661109
vt 0.024646 0.927975
vt 0.026069 0.921930
vt 0.025312 0.922459
vt 0.024608 0.868170
vt 0.030212 0.857383
vt 0.024721 0.857376
vt 0.028310 0.919275
vt 0.024718 0.945857
vt 0.070184 0.858033
vt 0.034259 0.857352
vt 0.024740 0.964660
vt 0.176998 0.925009
vt 0.115891 0.964182
vt 0.134391 0.857565
vt 0.151601 0.964597
vt 0.160787 0.964581
vt 0.189473 0.964384
vt 0.184851 0.875839
vt 0.202282 0.862409
vt 0.195587 0.857332
vt 0.206367 0.935407
vt 0.206441 0.964776
vt 0.206389 0.880949
vt 0.204964 0.927446
vt 0.206047 0.925703
vt 0.206480 0.925230
vt 0.206480 0.925230
vt 0.206269 0.857258
vt 0.202501 0.857249
vt 0.257868 0.631452
vt 0.258536 0.631009
vt 0.261817 0.632387
vt 0.268883 0.630959
vt 0.272527 0.632732
vt 0.274150 0.631016
vt 0.272664 0.632717
vt 0.274626 0.631274
vt 0.284831 0.631552
vt 0.284190 0.632365
vt 0.487029 0.686722
vt 0.493694 0.656813
vt 0.487475 0.657025
vt 0.492136 0.656567
vt 0.494241 0.656478
vt 0.527119 0.656881
vt 0.539407 0.686512
vt 0.531872 0.657292
vt 0.544492 0.658317
vt 0.542003 0.658270
vt 0.541748 0.657575
vt 0.550609 0.658439
vt 0.544831 0.657602
vt 0.565621 0.659972
vt 0.550071 0.657482
vt 0.552838 0.658340
vt 0.558128 0.657702
vt 0.553261 0.657399
vt 0.558072 0.658310
vt 0.561113 0.658367
vt 0.561325 0.657683
vt 0.575516 0.658512
vt 0.567620 0.659110
vt 0.569497 0.657965
vt 0.566420 0.657707
vt 0.581812 0.687600
vt 0.577734 0.657887
vt 0.574454 0.657625
vt 0.583456 0.658502
vt 0.582690 0.657621
vt 0.585930 0.658056
vt 0.591798 0.657065
vt 0.586419 0.657495
vt 0.638928 0.686877
vt 0.614726 0.656854
vt 0.667659 0.684982
vt 0.630099 0.656693
vt 0.648833 0.657910
vt 0.646148 0.656890
vt 0.653415 0.657751
vt 0.648506 0.657202
vt 0.668750 0.686601
vt 0.659462 0.656985
vt 0.668242 0.656712
vt 0.653788 0.657083
vt 0.668338 0.669428
vt 0.739300 0.333540
vt 0.740314 0.334570
vt 0.738474 0.335094
vt 0.738503 0.336102
vt 0.298179 0.697527
vt 0.298919 0.696159
vt 0.297426 0.696326
vt 0.740209 0.336206
vt 0.883593 0.225813
vt 0.882606 0.224470
vt 0.882691 0.225365
vt 0.480396 0.454512
vt 0.482417 0.454664
vt 0.482757 0.456399
vt 0.885263 0.225153
vt 0.885171 0.224020
vt 0.989731 0.503377
vt 0.986984 0.507221
vt 0.986977 0.503207
vt 0.481662 0.451885
vt 0.482563 0.451588
vt 0.989607 0.507604
vt 0.741338 0.439318
vt 0.743119 0.435389
vt 0.742967 0.439115
vt 0.742521 0.431287
vt 0.742100 0.426563
vt 0.776180 0.513697
vt 0.779840 0.512562
vt 0.777713 0.512389
vt 0.779535 0.514660
vt 0.009409 0.363218
vt 0.052680 0.363339
vt 0.009582 0.346735
vt 0.067525 0.363377
vt 0.120020 0.350076
vt 0.113407 0.363498
vt 0.131380 0.363564
vt 0.122213 0.357108
vt 0.113410 0.363498
vt 0.140379 0.363266
vt 0.176163 0.363070
vt 0.009454 0.355340
vt 0.264919 0.363256
vt 0.245913 0.318515
vt 0.265295 0.350734
vt 0.265133 0.337582
vt 0.265272 0.327478
vt 0.009607 0.320493
vt 0.009385 0.326556
vt 0.035741 0.284001
vt 0.265237 0.299468
vt 0.265454 0.315815
vt 0.009266 0.309083
vt 0.009277 0.303624
vt 0.009710 0.290712
vt 0.184751 0.245266
vt 0.234723 0.254909
vt 0.265381 0.274703
vt 0.265270 0.288302
vt 0.008142 0.263022
vt 0.009329 0.284897
vt 0.009423 0.273915
vt 0.209845 0.287189
vt 0.009387 0.258048
vt 0.264762 0.253039
vt 0.265241 0.263943
vt 0.011865 0.234510
vt 0.009483 0.250912
vt 0.093069 0.197910
vt 0.264762 0.228293
vt 0.265280 0.252574
vt 0.265101 0.242638
vt 0.265292 0.235313
vt 0.196130 0.197789
vt 0.265146 0.223462
vt 0.265301 0.211521
vt 0.048336 0.202165
vt 0.218678 0.211095
vt 0.009625 0.227712
vt 0.042699 0.195192
vt 0.237946 0.197698
vt 0.261160 0.197862
vt 0.009451 0.206899
vt 0.009501 0.197605
vt 0.237903 0.197700
vt 0.265244 0.197674
vt 0.319869 0.148117
vt 0.319471 0.119428
vt 0.319745 0.150893
vt 0.319580 0.132691
vt 0.318918 0.159931
vt 0.319744 0.128793
vt 0.319758 0.099157
vt 0.319874 0.090334
vt 0.319720 0.106597
vt 0.319757 0.195158
vt 0.319511 0.188172
vt 0.279689 0.195285
vt 0.319515 0.172912
vt 0.276928 0.092368
vt 0.291684 0.090082
vt 0.277785 0.090202
vt 0.231918 0.194458
vt 0.276094 0.089914
vt 0.253059 0.090006
vt 0.252793 0.090504
vt 0.196592 0.195272
vt 0.250425 0.090246
vt 0.187737 0.091096
vt 0.188532 0.195641
vt 0.138543 0.195448
vt 0.120946 0.195327
vt 0.143987 0.100129
vt 0.131491 0.090526
vt 0.138567 0.092118
vt 0.129542 0.099097
vt 0.141647 0.095917
vt 0.131207 0.098962
vt 0.130489 0.098635
vt 0.129933 0.090114
vt 0.117625 0.090255
vt 0.107224 0.089942
vt 0.106687 0.091733
vt 0.094526 0.091001
vt 0.099443 0.090778
vt 0.080955 0.090796
vt 0.064318 0.195654
vt 0.063778 0.194451
vt 0.063680 0.141940
vt 0.063411 0.103511
vt 0.069988 0.090754
vt 0.075453 0.091517
vt 0.063764 0.180401
vt 0.070590 0.177072
vt 0.063764 0.180399
vt 0.063566 0.173392
vt 0.063471 0.122561
vt 0.063504 0.091283
vt 0.768420 0.461603
vt 0.771032 0.454558
vt 0.769305 0.461309
vt 0.786798 0.471760
vt 0.775646 0.465278
vt 0.787161 0.472566
vt 0.789843 0.474561
vt 0.795419 0.480395
vt 0.797653 0.483466
vt 0.801246 0.488407
vt 0.808655 0.501816
vt 0.807351 0.500160
vt 0.808814 0.502763
vt 0.810326 0.505745
vt 0.811977 0.511003
vt 0.814157 0.515269
vt 0.815314 0.519585
vt 0.816729 0.523314
vt 0.817062 0.525238
vt 0.817006 0.523681
vt 0.817993 0.527956
vt 0.780597 0.427570
vt 0.774409 0.445062
vt 0.780265 0.426550
vt 0.782442 0.419356
vt 0.786869 0.407688
vt 0.789148 0.401669
vt 0.794568 0.387785
vt 0.796501 0.385912
vt 0.797105 0.382857
vt 0.801714 0.373169
vt 0.808883 0.357751
vt 0.817665 0.331188
vt 0.816690 0.335138
vt 0.814300 0.324394
vt 0.810168 0.319282
vt 0.809525 0.319313
vt 0.810516 0.318350
vt 0.815860 0.303774
vt 0.814485 0.310254
vt 0.818431 0.288539
vt 0.817212 0.273365
vt 0.818113 0.275906
vt 0.816814 0.263605
vt 0.814618 0.250458
vt 0.812567 0.239454
vt 0.808621 0.226340
vt 0.810416 0.230554
vt 0.807468 0.218047
vt 0.806956 0.216517
vt 0.804585 0.211439
vt 0.802217 0.203294
vt 0.802112 0.198893
vt 0.800786 0.198910
vt 0.889279 0.274016
vt 0.923488 0.274021
vt 0.912303 0.274056
vt 0.962738 0.274155
vt 0.957520 0.273916
vt 0.976386 0.273853
vt 0.997187 0.273946
vt 0.989864 0.273638
vt 0.999515 0.273682
vt 0.998581 0.258423
vt 0.889573 0.249547
vt 0.913148 0.130929
vt 0.971771 0.143738
vt 0.994957 0.119177
vt 0.999215 0.099199
vt 0.913148 0.130929
vt 0.952597 0.033606
vt 0.889388 0.032891
vt 0.999355 0.079479
vt 0.999397 0.032459
vt 0.914055 0.032413
vt 0.930685 0.032495
vt 0.976267 0.032568
vt 0.889827 0.032510
vt 0.940493 0.032744
vt 0.947761 0.033271
vt 0.944823 0.032747
vt 0.955405 0.032849
vt 0.995682 0.032514
vt 0.706357 0.381281
vt 0.681215 0.365115
vt 0.675446 0.381302
vt 0.674260 0.380338
vt 0.673871 0.381305
vt 0.637677 0.383785
vt 0.585304 0.381412
vt 0.585162 0.381057
vt 0.562806 0.381487
vt 0.585197 0.380000
vt 0.549969 0.366204
vt 0.528304 0.381311
vt 0.709307 0.380882
vt 0.675657 0.360957
vt 0.585304 0.381412
vt 0.734275 0.381433
vt 0.734490 0.347227
vt 0.605572 0.345544
vt 0.483512 0.347220
vt 0.478624 0.381203
vt 0.668103 0.329209
vt 0.478418 0.381781
vt 0.599477 0.328769
vt 0.479983 0.301693
vt 0.632748 0.324032
vt 0.733895 0.309034
vt 0.726354 0.271958
vt 0.592714 0.271314
vt 0.649901 0.271795
vt 0.479205 0.252191
vt 0.733580 0.273101
vt 0.564428 0.216544
vt 0.478534 0.217629
vt 0.734392 0.240258
vt 0.732643 0.272083
vt 0.599223 0.257300
vt 0.611538 0.258708
vt 0.734466 0.217612
vt 0.684792 0.217785
vt 0.520867 0.217642
vt 0.929885 0.715720
vt 0.929823 0.686470
vt 0.929225 0.715421
vt 0.928867 0.686518
vt 0.915583 0.713430
vt 0.913074 0.709122
vt 0.917255 0.688219
vt 0.928651 0.685738
vt 0.887441 0.707926
vt 0.887681 0.715566
vt 0.873576 0.688484
vt 0.886628 0.707972
vt 0.886316 0.708837
vt 0.863531 0.708342
vt 0.862339 0.708298
vt 0.834991 0.715502
vt 0.861767 0.715504
vt 0.758171 0.713882
vt 0.760407 0.686796
vt 0.759253 0.688074
vt 0.740252 0.706916
vt 0.760328 0.686097
vt 0.741309 0.707985
vt 0.741700 0.715452
vt 0.740434 0.707922
vt 0.740241 0.708850
vt 0.717081 0.707870
vt 0.676463 0.685707
vt 0.717281 0.708816
vt 0.716228 0.708031
vt 0.673653 0.700362
vt 0.715943 0.715622
vt 0.694113 0.715603
vt 0.673637 0.715543
vt 0.675396 0.686523
vt 0.673957 0.686956
vt 0.673898 0.690326
vt 0.569688 0.021173
vt 0.570055 0.019646
vt 0.557792 0.020301
vt 0.554755 0.020988
vt 0.546851 0.019618
vt 0.539260 0.021380
vt 0.539353 0.019935
vt 0.271755 0.028737
vt 0.272241 0.017550
vt 0.269256 0.035020
vt 0.272211 0.035842
vt 0.272243 0.006918
vt 0.224412 0.035529
vt 0.229309 0.006848
vt 0.228756 0.013650
vt 0.205568 0.013618
vt 0.157194 0.007244
vt 0.204956 0.006931
vt 0.120045 0.035533
vt 0.062449 0.035277
vt 0.100159 0.007315
vt 0.082983 0.006868
vt 0.082713 0.013724
vt 0.059440 0.013786
vt 0.015963 0.028786
vt 0.016041 0.007187
vt 0.059188 0.006921
vt 0.016096 0.021975
vt 0.016687 0.035719
vt 0.003021 0.625899
vt 0.004355 0.627857
vt 0.002967 0.628072
vt 0.291667 0.232258
vt 0.292834 0.233238
vt 0.294035 0.232994
vt 0.328239 0.232260
vt 0.282657 0.252108
vt 0.282662 0.252123
vt 0.294402 0.474743
vt 0.374713 0.471272
vt 0.296887 0.475205
vt 0.326388 0.475374
vt 0.334572 0.475290
vt 0.337107 0.476236
vt 0.339934 0.476253
vt 0.335206 0.476007
vt 0.339563 0.477057
vt 0.344955 0.476270
vt 0.348170 0.476245
vt 0.978602 0.685196
vt 0.979748 0.684823
vt 0.978713 0.689787
vt 0.980076 0.690176
vt 0.344990 0.477516
vt 0.347642 0.477480
vt 0.262574 0.670164
vt 0.263357 0.671096
vt 0.264379 0.670403
vt 0.352474 0.476262
vt 0.356472 0.476253
vt 0.351133 0.476264
vt 0.351453 0.477047
vt 0.997810 0.581097
vt 0.999189 0.581526
vt 0.997908 0.578318
vt 0.997724 0.576843
vt 0.998957 0.577243
vt 0.999267 0.576206
vt 0.353564 0.477532
vt 0.355928 0.477446
vt 0.332858 0.301083
vt 0.360851 0.476237
vt 0.358967 0.476264
vt 0.359605 0.476992
vt 0.361669 0.477237
vt 0.364139 0.477532
vt 0.364644 0.476383
vt 0.366918 0.476422
vt 0.367127 0.477016
vt 0.364598 0.477421
vt 0.367491 0.477516
vt 0.364320 0.478559
vt 0.467673 0.233600
vt 0.369000 0.476272
vt 0.372929 0.476277
vt 0.367451 0.477535
vt 0.372426 0.477559
vt 0.369855 0.477466
vt 0.467442 0.455308
vt 0.381261 0.476269
vt 0.383734 0.476277
vt 0.374135 0.475728
vt 0.375457 0.476276
vt 0.377285 0.476278
vt 0.376177 0.477009
vt 0.377497 0.477486
vt 0.380705 0.477592
vt 0.271844 0.712878
vt 0.274816 0.711836
vt 0.274586 0.713017
vt 0.271276 0.711326
vt 0.385704 0.476355
vt 0.384654 0.476990
vt 0.276787 0.711545
vt 0.385685 0.477553
vt 0.388913 0.477602
vt 0.389512 0.476286
vt 0.393581 0.476280
vt 0.392861 0.476781
vt 0.399452 0.476176
vt 0.400461 0.475558
vt 0.411996 0.475332
vt 0.421860 0.475318
vt 0.467719 0.232444
vt 0.467819 0.289924
vt 0.444482 0.475442
vt 0.451353 0.476407
vt 0.444763 0.476285
vt 0.466382 0.474464
vt 0.451454 0.477608
vt 0.456622 0.477643
vt 0.457173 0.476380
vt 0.463594 0.475921
vt 0.963508 0.660116
vt 0.962976 0.660990
vt 0.962111 0.659892
vt 0.272766 0.761414
vt 0.274750 0.761619
vt 0.272200 0.762954
vt 0.271399 0.763568
vt 0.275052 0.784101
vt 0.271689 0.768516
vt 0.271667 0.771707
vt 0.271667 0.776740
vt 0.271449 0.778687
vt 0.271787 0.783399
vt 0.272772 0.784171
vt 0.443346 0.907584
vt 0.443366 0.910374
vt 0.442709 0.907443
vt 0.442481 0.911439
vt 0.443386 0.927437
vt 0.442517 0.927516
vt 0.852082 0.077356
vt 0.828679 0.078802
vt 0.852328 0.078301
vt 0.828726 0.077373
vt 0.526158 0.723297
vt 0.528242 0.723670
vt 0.525435 0.725540
vt 0.435904 0.879010
vt 0.436621 0.877881
vt 0.437537 0.877058
vt 0.435687 0.878207
vt 0.524913 0.740851
vt 0.437318 0.862001
vt 0.528520 0.745830
vt 0.525077 0.743940
vt 0.526136 0.745889
vt 0.756260 0.355202
vt 0.756036 0.353074
vt 0.756872 0.354558
vt 0.757558 0.343987
vt 0.756794 0.336208
vt 0.757581 0.336358
vt 0.333511 0.763882
vt 0.357372 0.762363
vt 0.333349 0.762390
vt 0.357154 0.763809
vt 0.896450 0.549749
vt 0.895863 0.548820
vt 0.892569 0.550165
vt 0.889654 0.549616
vt 0.884842 0.550142
vt 0.868064 0.549415
vt 0.871253 0.549983
vt 0.865689 0.550598
vt 0.862122 0.549279
vt 0.860264 0.549694
vt 0.853565 0.548827
vt 0.853733 0.549956
vt 0.937945 0.491473
vt 0.937023 0.498233
vt 0.936871 0.491856
vt 0.937799 0.505087
vt 0.937293 0.531493
vt 0.938266 0.543698
vt 0.936724 0.541305
vt 0.937313 0.551181
vt 0.938040 0.564176
vt 0.636427 0.732701
vt 0.625838 0.732589
vt 0.628679 0.734040
vt 0.937402 0.557975
vt 0.937261 0.576113
vt 0.938048 0.583524
vt 0.937132 0.591921
vt 0.938533 0.596168
vt 0.937084 0.596029
vt 0.628073 0.789690
vt 0.628428 0.790522
vt 0.621380 0.799900
vt 0.610174 0.816640
vt 0.612938 0.812217
vt 0.601980 0.829172
vt 0.597354 0.836785
vt 0.586424 0.852016
vt 0.585508 0.853781
vt 0.578353 0.864320
vt 0.572418 0.874263
vt 0.573931 0.871040
vt 0.571604 0.874446
vt 0.556070 0.897677
vt 0.566504 0.882424
vt 0.560311 0.891123
vt 0.551991 0.903071
vt 0.547833 0.910505
vt 0.542519 0.918214
vt 0.535313 0.929175
vt 0.536320 0.928922
vt 0.541300 0.932741
vt 0.547181 0.935672
vt 0.562502 0.945305
vt 0.554074 0.939718
vt 0.568673 0.948479
vt 0.579841 0.954962
vt 0.593520 0.963504
vt 0.597530 0.965587
vt 0.607459 0.971323
vt 0.629004 0.984870
vt 0.619164 0.978351
vt 0.628928 0.984106
vt 0.881449 0.037704
vt 0.881097 0.022141
vt 0.880472 0.037883
vt 0.881446 0.023260
vt 0.881350 0.016179
vt 0.882512 0.009555
vt 0.882456 0.008740
vt 0.881177 0.008936
vt 0.883407 0.007924
vt 0.868272 0.008110
vt 0.854969 0.007976
vt 0.848014 0.009250
vt 0.841094 0.008608
vt 0.839828 0.009345
vt 0.837006 0.008445
vt 0.837778 0.009053
vt 0.835211 0.008488
vt 0.837184 0.007896
vt 0.715656 0.386527
vt 0.715328 0.384915
vt 0.715391 0.388811
vt 0.714397 0.384636
vt 0.681920 0.385250
vt 0.710664 0.386103
vt 0.240016 0.864198
vt 0.238704 0.866901
vt 0.238470 0.864097
vt 0.712714 0.386188
vt 0.713057 0.387252
vt 0.240007 0.868157
vt 0.713603 0.388821
vt 0.712092 0.387714
vt 0.686429 0.388659
vt 0.711829 0.386761
vt 0.679864 0.387149
vt 0.684000 0.384237
vt 0.676000 0.388084
vt 0.932727 0.549726
vt 0.932726 0.555244
vt 0.930851 0.552086
vt 0.667514 0.384716
vt 0.676764 0.386777
vt 0.683977 0.388692
vt 0.674074 0.388798
vt 0.673548 0.387182
vt 0.010155 0.836223
vt 0.007253 0.836223
vt 0.008220 0.837894
vt 0.666836 0.385917
vt 0.664762 0.385942
vt 0.666894 0.387032
vt 0.673995 0.388720
vt 0.663666 0.387056
vt 0.655398 0.386403
vt 0.663456 0.386936
vt 0.661921 0.388671
vt 0.656053 0.387420
vt 0.662243 0.387539
vt 0.661746 0.388584
vt 0.647881 0.384262
vt 0.641889 0.384290
vt 0.653409 0.388216
vt 0.653799 0.387140
vt 0.970503 0.994801
vt 0.970503 0.996807
vt 0.968622 0.994417
vt 0.648657 0.385742
vt 0.653767 0.387143
vt 0.650355 0.387112
vt 0.961799 0.686596
vt 0.963463 0.683899
vt 0.963457 0.688412
vt 0.629139 0.388463
vt 0.646188 0.387070
vt 0.632994 0.384901
vt 0.639613 0.384023
vt 0.636271 0.384189
vt 0.631924 0.384488
vt 0.629935 0.384779
vt 0.621090 0.384458
vt 0.621803 0.385427
vt 0.604937 0.388023
vt 0.618791 0.385284
vt 0.626190 0.387848
vt 0.626637 0.388574
vt 0.594042 0.384139
vt 0.606762 0.388521
vt 0.596481 0.387200
vt 0.595749 0.385797
vt 0.593751 0.388012
vt 0.594605 0.388627
vt 0.593271 0.386976
vt 0.578979 0.384949
vt 0.574797 0.386751
vt 0.592365 0.388583
vt 0.579652 0.383841
vt 0.581027 0.384359
vt 0.577731 0.386489
vt 0.549048 0.388311
vt 0.579652 0.383841
vt 0.575586 0.385264
vt 0.579073 0.384783
vt 0.645366 0.695066
vt 0.645094 0.698432
vt 0.643920 0.696242
vt 0.643617 0.699284
vt 0.645232 0.700705
vt 0.554542 0.386649
vt 0.566683 0.384180
vt 0.573233 0.385235
vt 0.564857 0.383860
vt 0.553476 0.384262
vt 0.555676 0.385561
vt 0.541912 0.383857
vt 0.551882 0.384455
vt 0.553613 0.385267
vt 0.565069 0.773610
vt 0.562379 0.773693
vt 0.563790 0.775091
vt 0.547961 0.387688
vt 0.544790 0.384737
vt 0.575911 0.101096
vt 0.576753 0.101595
vt 0.581363 0.101618
vt 0.546493 0.388325
vt 0.539845 0.384006
vt 0.537315 0.383945
vt 0.532607 0.384756
vt 0.524995 0.387085
vt 0.523491 0.387531
vt 0.513823 0.388503
vt 0.524278 0.385929
vt 0.520671 0.387305
vt 0.522999 0.386885
vt 0.514652 0.387806
vt 0.496715 0.384397
vt 0.511580 0.387985
vt 0.503054 0.388294
vt 0.513804 0.388503
vt 0.499261 0.387010
vt 0.496901 0.385568
vt 0.499105 0.387237
vt 0.496308 0.386784
vt 0.501033 0.388419
vt 0.487537 0.384443
vt 0.490765 0.385933
vt 0.495886 0.383880
vt 0.484703 0.384554
vt 0.475663 0.383726
vt 0.487577 0.386002
vt 0.968558 0.338047
vt 0.964563 0.338087
vt 0.965302 0.339873
vt 0.961799 0.339755
vt 0.483423 0.385456
vt 0.479835 0.386849
vt 0.469540 0.388292
vt 0.474017 0.384479
vt 0.587508 0.973996
vt 0.585895 0.969695
vt 0.587508 0.970279
vt 0.479884 0.385311
vt 0.471575 0.383946
vt 0.478668 0.386075
vt 0.469609 0.384478
vt 0.046936 0.183909
vt 0.047293 0.185341
vt 0.061975 0.184257
vt 0.583766 0.780124
vt 0.584501 0.779211
vt 0.585505 0.786994
vt 0.583773 0.800429
vt 0.585392 0.809144
vt 0.583888 0.809704
vt 0.585548 0.828925
vt 0.584209 0.828898
vt 0.017498 0.559257
vt 0.017318 0.557347
vt 0.017562 0.557014
vt 0.014190 0.556406
vt 0.014588 0.555744
vt 0.014581 0.551901
vt 0.015127 0.551453
vt 0.016479 0.544952
vt 0.016156 0.542418
vt 0.017214 0.539918
vt 0.989111 0.012522
vt 0.990187 0.014097
vt 0.990673 0.013430
vt 0.298196 0.742229
vt 0.297910 0.740563
vt 0.299316 0.741551
vt 0.540472 0.089150
vt 0.541434 0.089158
vt 0.541638 0.090627
vt 0.540981 0.088055
vt 0.296433 0.631913
vt 0.298342 0.631912
vt 0.298078 0.630941
vt 0.520125 0.725843
vt 0.518868 0.726733
vt 0.520561 0.726689
vt 0.474403 0.309692
vt 0.475242 0.309772
vt 0.474465 0.279421
vt 0.475194 0.269585
vt 0.766563 0.389454
vt 0.767208 0.380460
vt 0.766859 0.389857
vt 0.766639 0.407840
vt 0.767342 0.408258
vt 0.034332 0.099914
vt 0.034779 0.099839
vt 0.034664 0.081997
vt 0.035128 0.081663
vt 0.766980 0.413925
vt 0.017549 0.400514
vt 0.016976 0.400080
vt 0.017857 0.518349
vt 0.017438 0.518474
vt 0.000952 0.674783
vt 0.003450 0.681632
vt 0.002809 0.680964
vt 0.002131 0.693648
vt 0.003060 0.693569
vt 0.000970 0.700287
vt 0.004353 0.732995
vt 0.003621 0.733072
vt 0.008205 0.309674
vt 0.006873 0.309639
vt 0.006385 0.308743
vt 0.008091 0.299729
vt 0.007120 0.299951
vt 0.276242 0.940834
vt 0.277556 0.940255
vt 0.277053 0.942006
vt 0.966406 0.976748
vt 0.966543 0.975820
vt 0.963784 0.976232
vt 0.040161 0.089932
vt 0.042617 0.089894
vt 0.042095 0.098877
vt 0.040445 0.098856
vt 0.043014 0.097757
vt 0.220678 0.899589
vt 0.219781 0.900036
vt 0.220641 0.889275
vt 0.038995 0.180353
vt 0.037942 0.181273
vt 0.039058 0.181850
vt 0.029090 0.181711
vt 0.027561 0.180322
vt 0.027658 0.181766
vt 0.805067 0.511847
vt 0.802389 0.511920
vt 0.804960 0.502305
vt 0.802484 0.502264
vt 0.819544 0.053271
vt 0.816533 0.051512
vt 0.816329 0.053158
vt 0.819575 0.051523
vt 0.818444 0.048833
vt 0.813060 0.049200
vt 0.813764 0.050698
vt 0.754121 0.495381
vt 0.761438 0.495260
vt 0.755868 0.496076
vt 0.754322 0.496775
vt 0.326786 0.773034
vt 0.327962 0.772437
vt 0.327223 0.770652
vt 0.276521 0.692168
vt 0.278012 0.694562
vt 0.276598 0.694771
vt 0.636795 0.977665
vt 0.638455 0.975667
vt 0.636395 0.976126
vt 0.638271 0.974925
vt 0.633081 0.977134
vt 0.815615 0.197595
vt 0.814959 0.196762
vt 0.813078 0.197621
vt 0.643950 0.976002
vt 0.644595 0.974933
vt 0.645514 0.977510
vt 0.617901 0.715514
vt 0.617636 0.712160
vt 0.618406 0.709463
vt 0.255037 0.957721
vt 0.258143 0.957506
vt 0.259493 0.958052
vt 0.259440 0.956550
vt 0.259677 0.958047
vt 0.259876 0.956215
vt 0.262535 0.955744
vt 0.262494 0.958465
vt 0.799216 0.267473
vt 0.799150 0.265057
vt 0.796922 0.265657
vt 0.797690 0.268452
vt 0.797480 0.267633
vt 0.796491 0.268298
vt 0.926922 0.556235
vt 0.925624 0.554256
vt 0.924406 0.556096
vt 0.925495 0.553392
vt 0.924825 0.556778
vt 0.921053 0.556807
vt 0.918081 0.555185
vt 0.916103 0.555965
vt 0.917065 0.558611
vt 0.920076 0.557883
vt 0.917000 0.556611
vt 0.913395 0.557956
vt 0.914797 0.557800
vt 0.910131 0.555118
vt 0.908015 0.557545
vt 0.914268 0.558868
vt 0.908574 0.555005
vt 0.897442 0.554751
vt 0.897180 0.555344
vt 0.887310 0.554575
vt 0.883976 0.556891
vt 0.874057 0.557050
vt 0.872765 0.553782
vt 0.854621 0.555968
vt 0.856439 0.553479
vt 0.772794 0.386660
vt 0.773195 0.390679
vt 0.771285 0.389647
vt 0.771012 0.386518
vt 0.705714 0.463371
vt 0.710991 0.459678
vt 0.705663 0.459439
vt 0.850688 0.553414
vt 0.850875 0.556273
vt 0.770339 0.390869
vt 0.713158 0.463649
vt 0.713170 0.459439
vt 0.233704 0.950449
vt 0.234444 0.950307
vt 0.234526 0.962105
vt 0.233668 0.962074
vt 0.062138 0.012286
vt 0.061739 0.010708
vt 0.063111 0.011293
vt 0.571904 0.848968
vt 0.572019 0.843518
vt 0.569434 0.848286
vt 0.586169 0.731637
vt 0.583807 0.733777
vt 0.586447 0.733952
vt 0.583812 0.731300
vt 0.569220 0.843526
vt 0.880956 0.129587
vt 0.886295 0.127377
vt 0.885837 0.129931
vt 0.880547 0.127346
vt 0.002041 0.421627
vt 0.001579 0.419942
vt 0.003989 0.422974
vt 0.004660 0.418811
vt 0.004819 0.425522
vt 0.005215 0.422409
vt 0.756816 0.450327
vt 0.756814 0.452982
vt 0.755895 0.451686
vt 0.737388 0.720373
vt 0.737437 0.721117
vt 0.804067 0.720524
vt 0.804055 0.721228
vt 0.781017 0.450274
vt 0.783774 0.450551
vt 0.780995 0.452009
vt 0.783280 0.451965
vt 0.581708 0.037867
vt 0.578852 0.037867
vt 0.581570 0.040476
vt 0.579239 0.040542
vt 0.950558 0.777277
vt 0.951187 0.775219
vt 0.952910 0.776415
vt 0.776973 0.424610
vt 0.775688 0.424645
vt 0.775725 0.422594
vt 0.776979 0.421892
vt 0.776889 0.416133
vt 0.776658 0.412100
vt 0.775226 0.406848
vt 0.776521 0.406326
vt 0.774875 0.402395
vt 0.775509 0.402327
vt 0.776200 0.403236
vt 0.775487 0.400990
vt 0.775429 0.400087
vt 0.774915 0.401281
vt 0.775924 0.395857
vt 0.774847 0.395982
vt 0.774893 0.400108
vt 0.774822 0.395093
vt 0.775598 0.393717
vt 0.775295 0.394667
vt 0.775407 0.392610
vt 0.774991 0.392506
vt 0.775541 0.380374
vt 0.776207 0.380458
vt 0.777507 0.380013
vt 0.776047 0.379013
vt 0.777023 0.378916
vt 0.774439 0.379545
vt 0.774893 0.378207
vt 0.776026 0.374392
vt 0.774350 0.377755
vt 0.775313 0.374458
vt 0.777914 0.358704
vt 0.275468 0.635714
vt 0.274356 0.634186
vt 0.275102 0.636332
vt 0.757939 0.482540
vt 0.758354 0.481618
vt 0.755828 0.482194
vt 0.279856 0.635912
vt 0.276557 0.635258
vt 0.279667 0.634685
vt 0.278271 0.634835
vt 0.277410 0.634179
vt 0.279063 0.633718
vt 0.264539 0.948484
vt 0.263477 0.949231
vt 0.266212 0.949000
vt 0.271957 0.636046
vt 0.555374 0.945827
vt 0.557372 0.948354
vt 0.555910 0.949705
vt 0.271364 0.633704
vt 0.556783 0.946214
vt 0.776956 0.357018
vt 0.554698 0.952836
vt 0.556883 0.952495
vt 0.777419 0.317018
vt 0.555016 0.966255
vt 0.776088 0.314185
vt 0.557650 0.982678
vt 0.555284 0.973486
vt 0.555402 0.984051
vt 0.557285 0.983884
vt 0.776971 0.308725
vt 0.775637 0.289576
vt 0.775510 0.285514
vt 0.774459 0.285544
vt 0.516952 0.975472
vt 0.518599 0.975570
vt 0.517800 0.974932
vt 0.989052 0.634705
vt 0.989429 0.639501
vt 0.987236 0.634680
vt 0.987121 0.692973
vt 0.988983 0.672584
vt 0.989819 0.664392
vt 0.989864 0.689810
vt 0.989249 0.692814
vt 0.979185 0.317361
vt 0.991483 0.316451
vt 0.979301 0.316153
vt 0.992405 0.317537
vt 0.764931 0.303354
vt 0.763712 0.302759
vt 0.764907 0.300898
vt 0.764282 0.298581
vt 0.765207 0.297608
vt 0.765553 0.297073
vt 0.765345 0.295002
vt 0.764580 0.278241
vt 0.765922 0.294289
vt 0.765259 0.291086
vt 0.765810 0.289045
vt 0.765952 0.287972
vt 0.765564 0.287060
vt 0.765633 0.283875
vt 0.765958 0.283003
vt 0.766012 0.281583
vt 0.765988 0.279885
vt 0.765853 0.276016
vt 0.765894 0.273455
vt 0.765600 0.272238
vt 0.765316 0.269059
vt 0.765314 0.266382
vt 0.765628 0.267853
vt 0.763713 0.258204
vt 0.765874 0.265817
vt 0.765324 0.264372
vt 0.764799 0.260562
vt 0.765036 0.257464
vt 0.764578 0.255057
vt 0.763585 0.241536
vt 0.764799 0.242350
vt 0.764977 0.239962
vt 0.764884 0.236673
vt 0.765248 0.232937
vt 0.764044 0.232776
vt 0.765155 0.229965
vt 0.765672 0.225041
vt 0.764669 0.222240
vt 0.766122 0.220273
vt 0.765994 0.218828
vt 0.765348 0.209157
vt 0.766201 0.215600
vt 0.766342 0.212567
vt 0.766324 0.210487
vt 0.766320 0.204768
vt 0.765103 0.207361
vt 0.764732 0.202861
vt 0.765741 0.203193
vt 0.765122 0.201239
vt 0.562306 0.967609
vt 0.563015 0.968408
vt 0.561434 0.968768
vt 0.562707 0.969092
vt 0.772125 0.355096
vt 0.771471 0.356293
vt 0.770298 0.355349
vt 0.781904 0.412051
vt 0.780377 0.411729
vt 0.780900 0.412510
vt 0.779789 0.411827
vt 0.309581 0.072813
vt 0.309447 0.071654
vt 0.310258 0.072892
vt 0.310477 0.071131
vt 0.309567 0.071131
vt 0.310566 0.069581
vt 0.309211 0.070117
vt 0.309591 0.069353
vt 0.310738 0.063794
vt 0.309643 0.064878
vt 0.310050 0.063506
vt 0.310521 0.061522
vt 0.309067 0.061051
vt 0.309500 0.056333
vt 0.310544 0.061344
vt 0.309567 0.062835
vt 0.309182 0.061624
vt 0.997583 0.946163
vt 0.996709 0.946822
vt 0.996647 0.941441
vt 0.997582 0.941151
vt 0.154255 0.824361
vt 0.154093 0.825120
vt 0.150285 0.824162
vt 0.953636 0.984606
vt 0.952233 0.985405
vt 0.953589 0.985759
vt 0.950269 0.984555
vt 0.308701 0.227061
vt 0.309796 0.230239
vt 0.308092 0.228854
vt 0.454561 0.855371
vt 0.456025 0.853655
vt 0.455494 0.857186
vt 0.454100 0.855174
vt 0.953074 0.734801
vt 0.955189 0.735712
vt 0.956379 0.734918
vt 0.373835 0.227619
vt 0.375898 0.227980
vt 0.375686 0.226945
vt 0.374007 0.225832
vt 0.376877 0.228367
vt 0.377430 0.227587
vt 0.451984 0.821236
vt 0.452073 0.823634
vt 0.450792 0.821095
vt 0.450193 0.823344
vt 0.749014 0.356105
vt 0.748313 0.355586
vt 0.748733 0.354962
vt 0.800112 0.321554
vt 0.798815 0.323060
vt 0.798947 0.320724
vt 0.766926 0.241349
vt 0.767671 0.243781
vt 0.766768 0.244391
vt 0.767269 0.244853
vt 0.954062 0.796987
vt 0.953080 0.796249
vt 0.953791 0.795288
vt 0.015452 0.748647
vt 0.016661 0.748904
vt 0.015085 0.751760
vt 0.015921 0.754102
vt 0.015378 0.752754
vt 0.014082 0.753504
vt 0.571572 0.897493
vt 0.572125 0.900063
vt 0.573016 0.899871
vt 0.326070 0.049727
vt 0.326050 0.050304
vt 0.328059 0.051260
vt 0.332620 0.050334
vt 0.330570 0.051005
vt 0.332643 0.051357
vt 0.436663 0.972427
vt 0.438577 0.972421
vt 0.438160 0.973018
vt 0.322476 0.222516
vt 0.321774 0.224681
vt 0.322405 0.221605
vt 0.324116 0.222404
vt 0.323356 0.223038
vt 0.996194 0.879921
vt 0.995699 0.880058
vt 0.997319 0.879961
vt 0.997147 0.879110
vt 0.996469 0.882338
vt 0.996358 0.884001
vt 0.997342 0.882433
vt 0.997139 0.885540
vt 0.997159 0.887076
vt 0.996136 0.884585
vt 0.331126 0.479096
vt 0.332874 0.478582
vt 0.332784 0.478084
vt 0.296287 0.612152
vt 0.293557 0.611697
vt 0.293768 0.610861
vt 0.222922 0.630018
vt 0.223695 0.630851
vt 0.224634 0.629912
vt 0.345201 0.482212
vt 0.343293 0.485492
vt 0.345603 0.486125
vt 0.343126 0.486692
vt 0.135043 0.632829
vt 0.134515 0.633375
vt 0.144257 0.634075
vt 0.146224 0.633376
vt 0.135247 0.634577
vt 0.385389 0.966490
vt 0.383684 0.965921
vt 0.382749 0.967522
vt 0.376579 0.967154
vt 0.376735 0.965783
vt 0.385408 0.995470
vt 0.381723 0.994585
vt 0.376283 0.995348
vt 0.381296 0.992907
vt 0.380284 0.992062
vt 0.375905 0.992121
vt 0.375269 0.991585
vt 0.369428 0.991578
vt 0.369361 0.992578
vt 0.364094 0.995450
vt 0.363184 0.992790
vt 0.363158 0.994963
vt 0.530297 0.798524
vt 0.525127 0.798082
vt 0.526437 0.799192
vt 0.529626 0.797199
vt 0.525592 0.797393
vt 0.526540 0.800968
vt 0.520662 0.799746
vt 0.522456 0.801238
vt 0.524558 0.797398
vt 0.511313 0.802330
vt 0.515116 0.801026
vt 0.520230 0.798233
vt 0.506260 0.797088
vt 0.514138 0.798004
vt 0.510230 0.801957
vt 0.513878 0.798934
vt 0.507249 0.798932
vt 0.644553 0.766113
vt 0.641766 0.769428
vt 0.642682 0.766303
vt 0.642499 0.770518
vt 0.644007 0.770297
vt 0.642064 0.775884
vt 0.643626 0.775600
vt 0.204487 0.639050
vt 0.203715 0.634916
vt 0.205159 0.634589
vt 0.641562 0.736664
vt 0.640723 0.736425
vt 0.642304 0.735478
vt 0.614692 0.866719
vt 0.615664 0.865462
vt 0.615523 0.867445
vt 0.735942 0.983234
vt 0.736199 0.984308
vt 0.734844 0.984134
vt 0.736460 0.977563
vt 0.735593 0.978209
vt 0.736141 0.976730
vt 0.850152 0.019638
vt 0.850377 0.021409
vt 0.851293 0.021212
vt 0.142809 0.843783
vt 0.142470 0.842256
vt 0.145661 0.842519
vt 0.145600 0.844021
vt 0.147952 0.842143
vt 0.978011 0.976326
vt 0.976334 0.975922
vt 0.976970 0.976483
vt 0.433693 0.912250
vt 0.433062 0.911146
vt 0.431866 0.913088
vt 0.069372 0.632808
vt 0.075362 0.632489
vt 0.069148 0.632114
vt 0.075692 0.633529
vt 0.731402 0.551274
vt 0.731568 0.549745
vt 0.728743 0.549815
vt 0.076850 0.632360
vt 0.014006 0.821523
vt 0.012152 0.821575
vt 0.013124 0.817726
vt 0.013991 0.816395
vt 0.012168 0.817788
vt 0.013530 0.816153
vt 0.695725 0.009593
vt 0.695883 0.010477
vt 0.772225 0.009704
vt 0.772153 0.010473
vt 0.338070 0.197672
vt 0.337977 0.199167
vt 0.341784 0.197682
vt 0.341802 0.199201
vt 0.765741 0.312275
vt 0.765529 0.309791
vt 0.764507 0.310101
vt 0.538200 0.873631
vt 0.538302 0.874439
vt 0.542026 0.873742
vt 0.849702 0.203710
vt 0.859771 0.202934
vt 0.849952 0.202323
vt 0.859979 0.202246
vt 0.861191 0.203199
vt 0.774557 0.530256
vt 0.774270 0.527281
vt 0.774884 0.526172
vt 0.774394 0.525802
vt 0.774629 0.524254
vt 0.773225 0.525293
vt 0.152147 0.607778
vt 0.151863 0.605645
vt 0.153048 0.607265
vt 0.330384 0.044786
vt 0.331118 0.041620
vt 0.332167 0.044481
vt 0.236775 0.805754
vt 0.235818 0.804311
vt 0.236543 0.804195
vt 0.236653 0.797277
vt 0.237382 0.797187
vt 0.236055 0.796854
vt 0.236104 0.752144
vt 0.236922 0.752142
vt 0.236125 0.752132
vt 0.236936 0.732373
vt 0.236308 0.751185
vt 0.236285 0.732199
vt 0.974078 0.385154
vt 0.973697 0.384274
vt 0.973665 0.377495
vt 0.975003 0.383269
vt 0.971611 0.375455
vt 0.973027 0.372950
vt 0.975130 0.373465
vt 0.973315 0.370047
vt 0.973736 0.355969
vt 0.975314 0.358656
vt 0.975000 0.354906
vt 0.973055 0.355194
vt 0.973400 0.348787
vt 0.974379 0.346842
vt 0.971470 0.345965
vt 0.973154 0.345192
vt 0.972847 0.342240
vt 0.973827 0.336964
vt 0.972517 0.335764
vt 0.973930 0.332689
vt 0.972201 0.333298
vt 0.973227 0.331593
vt 0.972708 0.329043
vt 0.974052 0.327843
vt 0.971880 0.327792
vt 0.972816 0.322415
vt 0.975221 0.312888
vt 0.973611 0.317376
vt 0.973473 0.312541
vt 0.811666 0.070940
vt 0.812788 0.071487
vt 0.815703 0.071730
vt 0.813284 0.073182
vt 0.712311 0.988657
vt 0.749864 0.997453
vt 0.749908 0.988824
vt 0.712496 0.997510
vt 0.777960 0.068689
vt 0.777925 0.059911
vt 0.732735 0.068766
vt 0.732589 0.059776
vt 0.774105 0.473197
vt 0.736434 0.473100
vt 0.768598 0.479731
vt 0.746170 0.480230
vt 0.767539 0.480013
vt 0.768463 0.480522
vt 0.774146 0.515055
vt 0.768393 0.507719
vt 0.745837 0.506451
vt 0.745945 0.507808
vt 0.746427 0.507733
vt 0.736516 0.514817
vt 0.256845 0.746714
vt 0.257078 0.704957
vt 0.266333 0.746788
vt 0.266169 0.705043
vt 0.266409 0.706170
vt 0.963525 0.298904
vt 0.954113 0.334325
vt 0.954180 0.299016
vt 0.963728 0.334387
vt 0.637835 0.936653
vt 0.638065 0.972065
vt 0.649422 0.936618
vt 0.734467 0.477516
vt 0.724884 0.472701
vt 0.734456 0.442305
vt 0.725070 0.452975
vt 0.649333 0.972110
vt 0.725032 0.453804
vt 0.724466 0.452959
vt 0.687158 0.477294
vt 0.697145 0.471995
vt 0.697231 0.452923
vt 0.687683 0.442189
vt 0.673739 0.409130
vt 0.720799 0.409066
vt 0.673696 0.398336
vt 0.701331 0.398844
vt 0.720933 0.398354
vt 0.725768 0.421998
vt 0.725770 0.432925
vt 0.688189 0.422158
vt 0.688215 0.432721
vt 0.216285 0.942442
vt 0.223378 0.937273
vt 0.220790 0.928458
vt 0.221316 0.928173
vt 0.223688 0.916490
vt 0.220797 0.927936
vt 0.216164 0.907360
vt 0.224009 0.937303
vt 0.223473 0.936448
vt 0.252847 0.916164
vt 0.251268 0.916152
vt 0.260565 0.907432
vt 0.252906 0.937269
vt 0.259299 0.942660
vt 0.853441 0.025971
vt 0.843839 0.026006
vt 0.853439 0.046979
vt 0.843929 0.046993
vt 0.252870 0.916678
vt 0.260432 0.942765
vt 0.728730 0.527828
vt 0.714623 0.522154
vt 0.722984 0.518785
vt 0.714030 0.522388
vt 0.691067 0.527679
vt 0.714029 0.521837
vt 0.702369 0.518707
vt 0.728547 0.510708
vt 0.703119 0.518882
vt 0.702527 0.517960
vt 0.782950 0.323454
vt 0.782978 0.349900
vt 0.794426 0.323458
vt 0.794429 0.349894
vt 0.728685 0.483132
vt 0.722919 0.492554
vt 0.702507 0.492620
vt 0.691088 0.483336
vt 0.615988 0.084903
vt 0.618751 0.082970
vt 0.620267 0.085183
vt 0.615647 0.082868
vt 0.534338 0.816152
vt 0.535156 0.816745
vt 0.536947 0.816403
vt 0.620416 0.081656
vt 0.533829 0.817866
vt 0.535872 0.827421
vt 0.535007 0.838056
vt 0.533366 0.819983
vt 0.534707 0.853208
vt 0.536301 0.838846
vt 0.536060 0.842833
vt 0.536683 0.856033
vt 0.536028 0.870283
vt 0.536158 0.864240
vt 0.537276 0.867069
vt 0.536092 0.888834
vt 0.534778 0.883416
vt 0.535379 0.889117
vt 0.943632 0.380602
vt 0.944131 0.379585
vt 0.945600 0.380116
vt 0.946240 0.380870
vt 0.941778 0.380085
vt 0.944658 0.376596
vt 0.942616 0.368603
vt 0.945571 0.377384
vt 0.944971 0.348576
vt 0.943014 0.356701
vt 0.311726 0.890677
vt 0.310997 0.838045
vt 0.310939 0.890969
vt 0.311836 0.857588
vt 0.942003 0.356689
vt 0.943060 0.348605
vt 0.943368 0.339205
vt 0.945105 0.340349
vt 0.311710 0.843464
vt 0.943682 0.328891
vt 0.942858 0.331348
vt 0.945140 0.329652
vt 0.945098 0.322687
vt 0.942689 0.325758
vt 0.942707 0.316181
vt 0.311736 0.838170
vt 0.945955 0.321829
vt 0.945975 0.320642
vt 0.946115 0.319302
vt 0.945885 0.319035
vt 0.942241 0.309983
vt 0.945336 0.309935
vt 0.887197 0.254098
vt 0.886514 0.252103
vt 0.888067 0.253434
vt 0.887200 0.251365
vt 0.747675 0.439146
vt 0.746447 0.437583
vt 0.746139 0.438556
vt 0.784396 0.001550
vt 0.783850 0.002540
vt 0.787576 0.003104
vt 0.786758 0.001875
vt 0.788429 0.002297
vt 0.787635 0.003121
vt 0.794193 0.002597
vt 0.843468 0.004025
vt 0.795494 0.001421
vt 0.836540 0.001888
vt 0.840170 0.002494
vt 0.839391 0.001493
vt 0.842553 0.002303
vt 0.846527 0.002626
vt 0.602142 0.651004
vt 0.604024 0.652365
vt 0.604605 0.651914
vt 0.602089 0.651523
vt 0.605606 0.652481
vt 0.605512 0.651553
vt 0.610974 0.653586
vt 0.612062 0.652587
vt 0.613159 0.653333
vt 0.629433 0.651607
vt 0.636186 0.651666
vt 0.657423 0.652739
vt 0.657934 0.652000
vt 0.659375 0.652252
vt 0.660456 0.653005
vt 0.662399 0.652401
vt 0.665769 0.651291
vt 0.278963 0.088938
vt 0.279890 0.087940
vt 0.279789 0.086899
vt 0.279518 0.085450
vt 0.276535 0.087272
vt 0.277988 0.087903
vt 0.277693 0.086035
vt 0.276120 0.085756
vt 0.277675 0.929444
vt 0.277637 0.931144
vt 0.277088 0.931072
vt 0.277875 0.933682
vt 0.807644 0.352877
vt 0.798413 0.332578
vt 0.798481 0.353000
vt 0.807964 0.332583
vt 0.905981 0.019056
vt 0.935674 0.018812
vt 0.906088 0.027656
vt 0.935678 0.027781
vt 0.928934 0.725889
vt 0.928938 0.736670
vt 0.948642 0.726158
vt 0.948546 0.736681
vt 0.949170 0.736285
vt 0.948861 0.727133
vt 0.040640 0.144857
vt 0.050484 0.144960
vt 0.051640 0.146040
vt 0.040160 0.145330
vt 0.040244 0.171063
vt 0.048139 0.170711
vt 0.051699 0.171053
vt 0.732460 0.384611
vt 0.732465 0.412890
vt 0.723039 0.384616
vt 0.723173 0.413012
vt 0.016930 0.152951
vt 0.016950 0.163754
vt 0.035351 0.153227
vt 0.037234 0.163726
vt 0.037206 0.152835
vt 0.437098 0.229650
vt 0.438078 0.228940
vt 0.433967 0.228757
vt 0.438239 0.229528
vt 0.439227 0.229791
vt 0.440065 0.228983
vt 0.440188 0.229703
vt 0.446172 0.229544
vt 0.987315 0.009559
vt 0.987561 0.008102
vt 0.988508 0.010311
vt 0.988201 0.006375
vt 0.690508 0.552414
vt 0.691870 0.552794
vt 0.691174 0.553182
vt 0.691880 0.551403
vt 0.690737 0.532367
vt 0.691768 0.533414
vt 0.250509 0.741338
vt 0.250327 0.743780
vt 0.253650 0.743994
vt 0.253859 0.742025
vt 0.879826 0.081529
vt 0.882439 0.081395
vt 0.879883 0.085227
vt 0.882482 0.084671
vt 0.292996 0.489515
vt 0.291588 0.491012
vt 0.293354 0.491077
vt 0.651374 0.738632
vt 0.653773 0.740927
vt 0.654326 0.739887
vt 0.651356 0.741010
vt 0.660518 0.739757
vt 0.668301 0.738783
vt 0.664291 0.741179
vt 0.660939 0.741121
vt 0.666433 0.739511
vt 0.950603 0.356438
vt 0.949998 0.357927
vt 0.948225 0.358474
vt 0.948251 0.355720
vt 0.947435 0.357274
vt 0.667651 0.741285
vt 0.951164 0.359029
vt 0.668853 0.739423
vt 0.669724 0.740385
vt 0.886158 0.565345
vt 0.886361 0.566606
vt 0.884950 0.566212
vt 0.921080 0.737725
vt 0.926226 0.739746
vt 0.927876 0.738168
vt 0.922385 0.738499
vt 0.920727 0.741099
vt 0.927912 0.739866
vt 0.267885 0.758400
vt 0.269273 0.758604
vt 0.269167 0.762731
vt 0.266508 0.757762
vt 0.267925 0.763142
vt 0.267738 0.765349
vt 0.266804 0.772896
vt 0.269106 0.766266
vt 0.268865 0.773115
vt 0.742510 0.526852
vt 0.744699 0.526788
vt 0.742532 0.526085
vt 0.173457 0.843605
vt 0.173075 0.846632
vt 0.172786 0.846202
vt 0.175353 0.844189
vt 0.174924 0.848273
vt 0.173919 0.847669
vt 0.173558 0.848513
vt 0.724758 0.561448
vt 0.725150 0.559204
vt 0.723958 0.561082
vt 0.732517 0.558151
vt 0.732485 0.556198
vt 0.730004 0.557652
vt 0.728081 0.557456
vt 0.728435 0.556431
vt 0.730641 0.556651
vt 0.725348 0.557593
vt 0.724435 0.556885
vt 0.814798 0.264352
vt 0.813872 0.262376
vt 0.812647 0.265030
vt 0.985971 0.677369
vt 0.984731 0.676036
vt 0.983684 0.677364
vt 0.984877 0.674179
vt 0.983104 0.674908
vt 0.811896 0.263054
vt 0.985597 0.670273
vt 0.438537 0.753809
vt 0.437626 0.752791
vt 0.439408 0.751575
vt 0.102973 0.369357
vt 0.101170 0.369979
vt 0.101657 0.368677
vt 0.962127 0.745538
vt 0.963660 0.745272
vt 0.962008 0.746935
vt 0.963367 0.748429
vt 0.592539 0.738451
vt 0.594144 0.737394
vt 0.595158 0.737929
vt 0.592704 0.734970
vt 0.594690 0.735300
vt 0.608694 0.883688
vt 0.607481 0.886184
vt 0.606803 0.882731
vt 0.472437 0.288407
vt 0.471247 0.289581
vt 0.470568 0.287133
vt 0.858051 0.729055
vt 0.857131 0.729889
vt 0.858022 0.727610
vt 0.051390 0.854591
vt 0.051547 0.853566
vt 0.049064 0.854847
vt 0.040035 0.853631
vt 0.046152 0.855329
vt 0.039377 0.854734
vt 0.031729 0.853889
vt 0.870768 0.062405
vt 0.867229 0.063150
vt 0.870359 0.063360
vt 0.864878 0.061908
vt 0.847569 0.241927
vt 0.845298 0.239154
vt 0.845136 0.239861
vt 0.842181 0.234946
vt 0.841892 0.235417
vt 0.340746 0.168866
vt 0.340494 0.167607
vt 0.341831 0.167751
vt 0.881185 0.235519
vt 0.867800 0.238562
vt 0.881225 0.236639
vt 0.869426 0.238644
vt 0.867773 0.238562
vt 0.850962 0.241342
vt 0.866225 0.239120
vt 0.847260 0.243152
vt 0.237276 0.823208
vt 0.236698 0.824358
vt 0.236590 0.822729
vt 0.327608 0.043146
vt 0.327474 0.042417
vt 0.326719 0.042909
vt 0.327402 0.042030
vt 0.326332 0.042129
vt 0.326744 0.041630
vt 0.328326 0.043699
vt 0.322836 0.044400
vt 0.328993 0.043899
vt 0.318757 0.043602
vt 0.321476 0.041928
vt 0.322215 0.040997
vt 0.315956 0.040700
vt 0.320653 0.041673
vt 0.321057 0.042337
vt 0.318323 0.042671
vt 0.308068 0.043713
vt 0.314964 0.041720
vt 0.302458 0.042007
vt 0.295287 0.041669
vt 0.292237 0.042102
vt 0.286328 0.041896
vt 0.273257 0.041864
vt 0.264936 0.041644
vt 0.245961 0.044117
vt 0.254606 0.042205
vt 0.252034 0.041647
vt 0.206367 0.045128
vt 0.187902 0.042102
vt 0.180055 0.045996
vt 0.165947 0.041739
vt 0.127079 0.043881
vt 0.158829 0.041983
vt 0.154718 0.041703
vt 0.136686 0.041714
vt 0.125082 0.041706
vt 0.118159 0.041575
vt 0.089599 0.043697
vt 0.090354 0.041489
vt 0.087662 0.042141
vt 0.084779 0.043777
vt 0.087872 0.041636
vt 0.087361 0.041330
vt 0.089515 0.040639
vt 0.085265 0.040741
vt 0.144587 0.659636
vt 0.131802 0.658380
vt 0.131862 0.659939
vt 0.143329 0.658718
vt 0.131369 0.658381
vt 0.990930 0.632199
vt 0.990858 0.625458
vt 0.991544 0.625642
vt 0.991772 0.632755
vt 0.383140 0.780572
vt 0.373014 0.780718
vt 0.381426 0.781452
vt 0.381095 0.782198
vt 0.372900 0.782306
vt 0.656191 0.747355
vt 0.650785 0.747360
vt 0.655663 0.748428
vt 0.650776 0.748454
vt 0.553635 0.747035
vt 0.431475 0.747886
vt 0.538456 0.746868
vt 0.431814 0.746836
vt 0.423538 0.747600
vt 0.423491 0.748402
vt 0.670870 0.458555
vt 0.671597 0.460322
vt 0.672609 0.459248
vt 0.271926 0.553642
vt 0.286593 0.552916
vt 0.264395 0.553446
vt 0.286612 0.551530
vt 0.261255 0.553993
vt 0.255139 0.553883
vt 0.242662 0.554221
vt 0.234897 0.554074
vt 0.226115 0.554775
vt 0.223721 0.554320
vt 0.114664 0.552309
vt 0.285749 0.551022
vt 0.168926 0.554791
vt 0.066261 0.550815
vt 0.144211 0.554412
vt 0.165684 0.555182
vt 0.135460 0.554184
vt 0.131452 0.554274
vt 0.114668 0.553495
vt 0.102156 0.553190
vt 0.094974 0.552855
vt 0.065961 0.552034
vt 0.066457 0.552583
vt 0.065529 0.551817
vt 0.977989 0.012317
vt 0.973298 0.014093
vt 0.978010 0.013738
vt 0.972457 0.012408
vt 0.248635 0.770102
vt 0.248892 0.778203
vt 0.247995 0.768681
vt 0.247705 0.777282
vt 0.246248 0.781869
vt 0.301399 0.479834
vt 0.302922 0.483927
vt 0.301649 0.483770
vt 0.248928 0.784465
vt 0.246180 0.785127
vt 0.303049 0.479479
vt 0.993088 0.670932
vt 0.994542 0.670937
vt 0.993720 0.666070
vt 0.993917 0.655116
vt 0.009120 0.455826
vt 0.008404 0.489908
vt 0.008236 0.455788
vt 0.993111 0.640841
vt 0.992951 0.633893
vt 0.993118 0.602691
vt 0.993947 0.591478
vt 0.008320 0.526532
vt 0.007827 0.703889
vt 0.993048 0.569464
vt 0.008534 0.547815
vt 0.008489 0.557361
vt 0.993988 0.524063
vt 0.008316 0.623860
vt 0.993009 0.522761
vt 0.008404 0.603975
vt 0.993930 0.507503
vt 0.992855 0.501736
vt 0.993087 0.476337
vt 0.008443 0.650489
vt 0.993952 0.459839
vt 0.008664 0.685157
vt 0.993051 0.443101
vt 0.993075 0.435861
vt 0.993103 0.422180
vt 0.994820 0.422271
vt 0.008809 0.692672
vt 0.008882 0.704686
vt 0.670966 0.670757
vt 0.671065 0.653952
vt 0.670701 0.657522
vt 0.670877 0.623676
vt 0.671075 0.634387
vt 0.670823 0.604007
vt 0.671233 0.593009
vt 0.671133 0.570622
vt 0.717179 0.560873
vt 0.670971 0.561051
vt 0.710353 0.670697
vt 0.717428 0.571147
vt 0.670793 0.581533
vt 0.739899 0.660239
vt 0.742639 0.571037
vt 0.781878 0.560761
vt 0.742850 0.560815
vt 0.782109 0.571143
vt 0.801792 0.571152
vt 0.902757 0.670833
vt 0.831888 0.657213
vt 0.824016 0.570956
vt 0.834383 0.635219
vt 0.862799 0.585542
vt 0.863324 0.560648
vt 0.824233 0.560694
vt 0.863543 0.570943
vt 0.916488 0.597757
vt 0.934974 0.560907
vt 0.888792 0.570975
vt 0.889056 0.560687
vt 0.935006 0.670812
vt 0.935380 0.659087
vt 0.902756 0.670833
vt 0.935133 0.643332
vt 0.921395 0.615447
vt 0.935406 0.663249
vt 0.934838 0.606790
vt 0.935769 0.569916
vt 0.935230 0.564038
vt 0.935412 0.560938
vt 0.020777 0.956680
vt 0.018944 0.932376
vt 0.018915 0.956488
vt 0.020779 0.932019
vt 0.539285 0.784394
vt 0.564189 0.808631
vt 0.539335 0.808728
vt 0.564167 0.784251
vt 0.919376 0.525909
vt 0.852300 0.525746
vt 0.926023 0.494519
vt 0.863869 0.521308
vt 0.840017 0.512679
vt 0.821198 0.525365
vt 0.934467 0.525805
vt 0.820930 0.482415
vt 0.829778 0.481814
vt 0.926023 0.494519
vt 0.821322 0.482038
vt 0.829771 0.459883
vt 0.820981 0.449661
vt 0.820828 0.421215
vt 0.820852 0.459385
vt 0.829723 0.420802
vt 0.829849 0.383185
vt 0.829916 0.321796
vt 0.936134 0.363438
vt 0.934289 0.366066
vt 0.934672 0.366324
vt 0.820887 0.382626
vt 0.820822 0.344359
vt 0.934672 0.366324
vt 0.934639 0.278321
vt 0.881452 0.279057
vt 0.922723 0.350887
vt 0.829837 0.343962
vt 0.662998 0.703926
vt 0.664861 0.704153
vt 0.663821 0.726336
vt 0.664863 0.726150
vt 0.662959 0.726755
vt 0.820849 0.321532
vt 0.820927 0.283849
vt 0.846273 0.278018
vt 0.820819 0.278193
vt 0.903322 0.277825
vt 0.521541 0.928564
vt 0.499703 0.928591
vt 0.499732 0.950025
vt 0.521582 0.950107
vt 0.345805 0.160849
vt 0.345902 0.193252
vt 0.351284 0.160621
vt 0.345834 0.125117
vt 0.346045 0.113044
vt 0.379632 0.129838
vt 0.388344 0.109972
vt 0.345725 0.110046
vt 0.386439 0.116984
vt 0.431283 0.162533
vt 0.389274 0.109125
vt 0.443077 0.214680
vt 0.419504 0.204729
vt 0.345977 0.215402
vt 0.412928 0.110474
vt 0.412611 0.109038
vt 0.449190 0.210795
vt 0.452097 0.110049
vt 0.467082 0.202107
vt 0.453980 0.109661
vt 0.454179 0.109035
vt 0.492845 0.197936
vt 0.494518 0.109870
vt 0.494046 0.109075
vt 0.562879 0.219441
vt 0.504304 0.215740
vt 0.532009 0.215713
vt 0.532488 0.109728
vt 0.534952 0.109984
vt 0.558748 0.109043
vt 0.535560 0.109013
vt 0.577726 0.215519
vt 0.561395 0.110084
vt 0.574914 0.178248
vt 0.597374 0.215709
vt 0.602497 0.150780
vt 0.589332 0.109995
vt 0.602310 0.184722
vt 0.602616 0.110024
vt 0.602222 0.215323
vt 0.872795 0.093162
vt 0.872699 0.104329
vt 0.872488 0.090851
vt 0.872715 0.136291
vt 0.872687 0.192525
vt 0.872825 0.195505
vt 0.872684 0.184576
vt 0.782905 0.091311
vt 0.872622 0.169635
vt 0.832314 0.195511
vt 0.806216 0.195575
vt 0.766815 0.196046
vt 0.619688 0.091740
vt 0.746175 0.195640
vt 0.732322 0.195625
vt 0.725585 0.195647
vt 0.657028 0.091175
vt 0.660136 0.195648
vt 0.684279 0.195654
vt 0.616576 0.195659
vt 0.616739 0.090909
vt 0.616880 0.135253
vt 0.616707 0.103567
vt 0.616606 0.123770
vt 0.616703 0.179753
vt 0.616641 0.132551
vt 0.616643 0.163297
vt 0.635610 0.919241
vt 0.635768 0.963033
vt 0.634933 0.919391
vt 0.635174 0.963044
vt 0.940716 0.705624
vt 0.942306 0.708560
vt 0.941758 0.708435
vt 0.994498 0.948110
vt 0.968669 0.948214
vt 0.993152 0.938411
vt 0.994058 0.938832
vt 0.993134 0.896021
vt 0.958119 0.948159
vt 0.957974 0.904714
vt 0.970360 0.904393
vt 0.993137 0.877356
vt 0.970331 0.880606
vt 0.993200 0.827335
vt 0.957923 0.880378
vt 0.957941 0.843456
vt 0.970395 0.843289
vt 0.970442 0.803720
vt 0.806090 0.271431
vt 0.806088 0.311616
vt 0.804219 0.271603
vt 0.992811 0.795324
vt 0.993163 0.797303
vt 0.957954 0.803439
vt 0.957987 0.766521
vt 0.992793 0.771396
vt 0.970420 0.766299
vt 0.992877 0.779664
vt 0.992824 0.773217
vt 0.993551 0.773403
vt 0.993737 0.779594
vt 0.993022 0.767374
vt 0.993278 0.771300
vt 0.970644 0.761963
vt 0.970932 0.760750
vt 0.972432 0.758277
vt 0.992674 0.764710
vt 0.992216 0.758764
vt 0.993493 0.759669
vt 0.993627 0.763374
vt 0.992904 0.755513
vt 0.993258 0.750309
vt 0.970644 0.761969
vt 0.970577 0.742425
vt 0.992401 0.749912
vt 0.993188 0.747411
vt 0.992222 0.742124
vt 0.992352 0.740262
vt 0.993028 0.742605
vt 0.958049 0.742344
vt 0.992128 0.716103
vt 0.992219 0.730002
vt 0.993065 0.730464
vt 0.993260 0.739804
vt 0.958241 0.699852
vt 0.958938 0.698724
vt 0.978290 0.698559
vt 0.972729 0.698601
vt 0.992453 0.703602
vt 0.994421 0.698770
vt 0.994241 0.703234
vt 0.014071 0.101977
vt 0.014450 0.102744
vt 0.038141 0.101836
vt 0.038088 0.141862
vt 0.014332 0.141573
vt 0.804305 0.311262
vt 0.018038 0.618928
vt 0.021747 0.618730
vt 0.021971 0.589996
vt 0.022041 0.619446
vt 0.020528 0.618923
vt 0.066820 0.624729
vt 0.066761 0.604266
vt 0.067370 0.595150
vt 0.066564 0.603805
vt 0.089233 0.606506
vt 0.241921 0.751566
vt 0.242193 0.774125
vt 0.239454 0.773855
vt 0.239814 0.752007
vt 0.097447 0.627505
vt 0.090218 0.597559
vt 0.106466 0.599203
vt 0.108623 0.600069
vt 0.117883 0.601083
vt 0.130044 0.608911
vt 0.130057 0.600172
vt 0.127899 0.606148
vt 0.129005 0.606309
vt 0.169825 0.610142
vt 0.157719 0.609405
vt 0.168171 0.609239
vt 0.168381 0.600293
vt 0.208564 0.597905
vt 0.216321 0.626684
vt 0.209050 0.605937
vt 0.209980 0.606895
vt 0.232216 0.604860
vt 0.267030 0.621721
vt 0.232193 0.604437
vt 0.231569 0.595529
vt 0.280413 0.607975
vt 0.277693 0.620198
vt 0.277602 0.590097
vt 0.280744 0.619786
vt 0.281919 0.619769
vt 0.956515 0.662138
vt 0.969431 0.661975
vt 0.947881 0.667907
vt 0.969252 0.682702
vt 0.946460 0.662081
vt 0.946540 0.682577
vt 0.587010 0.022120
vt 0.587118 0.039160
vt 0.586923 0.011413
vt 0.586557 0.040198
vt 0.586828 0.040383
vt 0.643531 0.039598
vt 0.718830 0.039901
vt 0.702475 0.011547
vt 0.710654 0.011715
vt 0.703490 0.011824
vt 0.687195 0.009894
vt 0.687508 0.002582
vt 0.687871 0.010410
vt 0.718639 0.011754
vt 0.714491 0.011505
vt 0.718522 0.011440
vt 0.795447 0.011948
vt 0.781584 0.039767
vt 0.822897 0.040356
vt 0.819253 0.011678
vt 0.842130 0.012489
vt 0.842721 0.011514
vt 0.842923 0.023120
vt 0.842724 0.040364
vt 0.644365 0.857967
vt 0.644172 0.856592
vt 0.631056 0.857593
vt 0.616284 0.856339
vt 0.614612 0.857814
vt 0.013283 0.053756
vt 0.013148 0.080404
vt 0.013323 0.051435
vt 0.080002 0.080672
vt 0.056493 0.080675
vt 0.163479 0.051320
vt 0.013921 0.050740
vt 0.056700 0.081620
vt 0.079789 0.081651
vt 0.129090 0.080547
vt 0.202598 0.080856
vt 0.203460 0.080434
vt 0.203329 0.081304
vt 0.226035 0.081320
vt 0.226272 0.080796
vt 0.268261 0.050724
vt 0.269707 0.080705
vt 0.269702 0.069362
vt 0.269603 0.052524
vt 0.269867 0.051223
vt 0.269713 0.067899
vt 0.727994 0.073737
vt 0.728367 0.072581
vt 0.728281 0.075907
vt 0.600095 0.645546
vt 0.603819 0.645035
vt 0.600574 0.643846
vt 0.603302 0.644150
vt 0.208458 0.897647
vt 0.211328 0.897131
vt 0.208932 0.896431
vt 0.212026 0.898404
vt 0.336024 0.771568
vt 0.334103 0.771563
vt 0.335981 0.777384
vt 0.209603 0.899069
vt 0.335133 0.777658
vt 0.853059 0.071579
vt 0.853936 0.068357
vt 0.852740 0.068352
vt 0.840039 0.066148
vt 0.839941 0.068143
vt 0.865113 0.068167
vt 0.864729 0.066350
vt 0.194821 0.968333
vt 0.194521 0.965941
vt 0.168977 0.966025
vt 0.168752 0.968421
vt 0.046806 0.119061
vt 0.046665 0.110133
vt 0.048763 0.118726
vt 0.046574 0.106239
vt 0.044258 0.108779
vt 0.040346 0.107893
vt 0.043171 0.106666
vt 0.043137 0.109627
vt 0.047041 0.097296
vt 0.048662 0.097512
vt 0.144518 0.643305
vt 0.144161 0.641200
vt 0.120405 0.643690
vt 0.132641 0.641006
vt 0.120609 0.641422
vt 0.548661 0.864506
vt 0.548450 0.853940
vt 0.548498 0.852895
vt 0.545047 0.853055
vt 0.550669 0.864351
vt 0.550727 0.840960
vt 0.548695 0.840785
vt 0.451167 0.773378
vt 0.440510 0.772582
vt 0.441992 0.773947
vt 0.439929 0.779594
vt 0.440026 0.775908
vt 0.438092 0.776756
vt 0.439251 0.778710
vt 0.439242 0.779328
vt 0.441104 0.775869
vt 0.438008 0.774235
vt 0.440601 0.775745
vt 0.437703 0.773539
vt 0.427985 0.773442
vt 0.428419 0.771630
vt 0.450907 0.771502
vt 0.613854 0.899465
vt 0.617272 0.899467
vt 0.614092 0.938227
vt 0.617296 0.938255
vt 0.625160 0.708190
vt 0.624968 0.704980
vt 0.583934 0.704844
vt 0.583069 0.706630
vt 0.574521 0.708248
vt 0.578846 0.707657
vt 0.549195 0.707313
vt 0.543519 0.707711
vt 0.543851 0.706735
vt 0.502658 0.705051
vt 0.543584 0.704967
vt 0.502744 0.708336
vt 0.968402 0.963232
vt 0.967833 0.964046
vt 0.968907 0.964663
vt 0.250044 0.568111
vt 0.249884 0.566268
vt 0.238901 0.568255
vt 0.237775 0.568206
vt 0.238293 0.570683
vt 0.238066 0.569967
vt 0.225185 0.566322
vt 0.224850 0.568107
vt 0.532430 0.910709
vt 0.535817 0.910371
vt 0.535863 0.911468
vt 0.536107 0.898263
vt 0.475311 0.358738
vt 0.475766 0.319345
vt 0.476068 0.358023
vt 0.473448 0.359043
vt 0.473442 0.318881
vt 0.536027 0.922003
vt 0.538200 0.921606
vt 0.538123 0.898404
vt 0.287018 0.951333
vt 0.289436 0.951507
vt 0.286954 0.989489
vt 0.289529 0.989142
vt 0.639722 0.849840
vt 0.617718 0.849707
vt 0.639509 0.811751
vt 0.617556 0.811661
vt 0.787556 0.251345
vt 0.787256 0.242534
vt 0.789578 0.251000
vt 0.783951 0.241962
vt 0.785016 0.241355
vt 0.787256 0.238610
vt 0.784476 0.240274
vt 0.784751 0.238881
vt 0.789591 0.229825
vt 0.787832 0.229419
vt 0.346702 0.227092
vt 0.346080 0.228336
vt 0.344853 0.227955
vt 0.003385 0.820712
vt 0.003103 0.855205
vt 0.001884 0.820980
vt 0.000538 0.824898
vt 0.000986 0.853346
vt 0.003212 0.857570
vt 0.000882 0.858111
vt 0.986228 0.525083
vt 0.988757 0.516317
vt 0.986708 0.554159
vt 0.986533 0.516064
vt 0.988873 0.554076
vt 0.522627 0.849025
vt 0.524646 0.849199
vt 0.522226 0.858034
vt 0.519042 0.858126
vt 0.519906 0.858612
vt 0.520481 0.859703
vt 0.520522 0.861521
vt 0.522312 0.861759
vt 0.524580 0.870706
vt 0.522545 0.870835
vt 0.566516 0.722032
vt 0.608770 0.721528
vt 0.566543 0.718491
vt 0.608709 0.718546
vt 0.228723 0.842069
vt 0.230658 0.843522
vt 0.230658 0.839872
vt 0.427864 0.490429
vt 0.426272 0.490163
vt 0.427458 0.483240
vt 0.265503 0.576120
vt 0.265629 0.574366
vt 0.270123 0.575503
vt 0.270251 0.574542
vt 0.558932 0.920583
vt 0.570127 0.920320
vt 0.557787 0.920489
vt 0.558344 0.923718
vt 0.276479 0.208937
vt 0.279321 0.213497
vt 0.276288 0.203993
vt 0.569750 0.918493
vt 0.545325 0.918406
vt 0.544972 0.920281
vt 0.289308 0.225355
vt 0.301097 0.227706
vt 0.301021 0.204120
vt 0.276270 0.228323
vt 0.301057 0.228548
vt 0.235451 0.858107
vt 0.233548 0.882588
vt 0.233584 0.858291
vt 0.235435 0.882596
vt 0.537207 0.767865
vt 0.546828 0.768123
vt 0.560081 0.766032
vt 0.548902 0.772271
vt 0.550538 0.771084
vt 0.548761 0.770086
vt 0.546878 0.771062
vt 0.547442 0.770864
vt 0.550875 0.768034
vt 0.550697 0.768622
vt 0.560364 0.767707
vt 0.537645 0.766014
vt 0.937550 0.425551
vt 0.936376 0.423792
vt 0.939486 0.425110
vt 0.935960 0.419553
vt 0.940496 0.403088
vt 0.936185 0.402819
vt 0.937208 0.403169
vt 0.822550 0.072855
vt 0.846499 0.072782
vt 0.822950 0.070772
vt 0.846273 0.070850
vt 0.234465 0.844500
vt 0.234659 0.846562
vt 0.260577 0.844513
vt 0.260032 0.847065
vt 0.771209 0.676055
vt 0.771734 0.677213
vt 0.776110 0.676036
vt 0.775789 0.676946
vt 0.022140 0.374312
vt 0.021661 0.374737
vt 0.020947 0.369224
vt 0.023160 0.374843
vt 0.022541 0.377370
vt 0.022777 0.376254
vt 0.021923 0.377030
vt 0.022506 0.382159
vt 0.022388 0.383262
vt 0.022184 0.385048
vt 0.021625 0.384648
vt 0.021796 0.394924
vt 0.021087 0.394983
vt 0.022617 0.395137
vt 0.022949 0.409030
vt 0.022952 0.422119
vt 0.023694 0.421859
vt 0.210481 0.973411
vt 0.211262 0.972179
vt 0.218054 0.973459
vt 0.217955 0.972175
vt 0.281892 0.935312
vt 0.282173 0.934405
vt 0.288558 0.934056
vt 0.288062 0.935161
vt 0.236610 0.901012
vt 0.236887 0.897281
vt 0.234664 0.898107
vt 0.235839 0.900831
vt 0.238429 0.898183
vt 0.238734 0.895262
vt 0.234671 0.895091
vt 0.247977 0.894709
vt 0.247537 0.892912
vt 0.225164 0.892793
vt 0.225025 0.894544
vt 0.816815 0.215297
vt 0.820211 0.215177
vt 0.820019 0.216096
vt 0.820376 0.203027
vt 0.822293 0.203364
vt 0.820561 0.221895
vt 0.820756 0.226462
vt 0.822425 0.226388
vt 0.721905 0.718941
vt 0.721628 0.717939
vt 0.710763 0.717793
vt 0.713763 0.719153
vt 0.710350 0.718876
vt 0.231673 0.663139
vt 0.231783 0.665159
vt 0.231037 0.664150
vt 0.005319 0.516172
vt 0.004211 0.515127
vt 0.003571 0.517698
vt 0.002597 0.516068
vt 0.569765 0.098034
vt 0.570893 0.100074
vt 0.568468 0.099701
vt 0.569625 0.100758
vt 0.940015 0.747644
vt 0.938604 0.746591
vt 0.940246 0.745304
vt 0.958451 0.808884
vt 0.957959 0.809907
vt 0.959408 0.810458
s 1
f 3/1/1 4/2/2 8/3/3
f 8/3/3 10/4/4 12/5/5
f 8/3/3 4/2/2 10/4/4
f 2/6/6 1/7/7 4/2/2
f 4/2/2 9/8/8 10/4/4
f 10/4/4 9/8/8 11/9/9
f 1/7/7 7/10/10 4/2/2
f 4/2/2 7/10/10 9/8/8
f 1/7/7 5/11/11 7/10/10
f 6/12/12 7/10/10 5/11/11
f 7/10/10 13/13/13 9/8/8
f 9/8/8 13/13/13 14/14/14
f 459/15/15 458/16/16 457/17/17
f 458/16/16 470/18/18 457/17/17
f 470/18/18 456/19/19 457/17/17
f 703/20/20 456/21/19 704/22/21
f 470/18/18 417/23/22 456/19/19
f 470/18/18 419/24/23 417/23/22
f 467/25/24 419/24/23 470/18/18
f 613/26/25 612/27/26 419/28/23
f 612/27/26 418/29/27 419/28/23
f 424/30/28 422/31/29 423/32/30
f 418/33/27 423/32/30 422/31/29
f 418/33/27 422/31/29 421/34/31
f 422/31/29 425/35/32 426/36/33
f 422/31/29 426/36/33 421/34/31
f 421/37/31 426/36/33 377/38/34
f 400/39/35 426/36/33 425/35/32
f 400/39/35 401/40/36 426/36/33
f 399/41/37 401/40/36 400/39/35
f 401/40/36 399/41/37 614/42/38
f 399/41/37 398/43/39 614/42/38
f 614/42/38 398/43/39 622/44/40
f 614/42/38 622/44/40 277/45/41
f 449/46/42 450/47/43 398/43/39
f 398/43/39 615/48/44 622/44/40
f 450/47/43 615/48/44 398/43/39
f 449/49/42 617/50/45 450/51/43
f 450/51/43 617/50/45 615/52/44
f 510/53/46 616/54/47 511/55/48
f 510/53/46 346/56/49 616/54/47
f 616/57/47 615/52/44 617/50/45
f 615/52/44 616/57/47 280/58/50
f 280/59/50 346/56/49 281/60/51
f 346/56/49 280/59/50 616/54/47
f 281/60/51 279/61/52 280/59/50
f 347/62/53 625/63/54 281/60/51
f 281/60/51 625/63/54 279/61/52
f 626/64/55 405/65/56 625/66/54
f 347/67/57 407/68/58 405/69/56
f 407/68/58 406/70/59 405/69/56
f 405/69/56 404/71/60 621/72/61
f 406/70/59 404/71/60 405/69/56
f 405/69/56 621/72/61 625/63/54
f 625/63/54 621/72/61 279/61/52
f 404/71/60 465/73/62 455/74/63
f 404/71/60 455/74/63 623/75/64
f 500/76/65 499/77/66 3125/78/67
f 3125/78/67 499/77/66 494/79/68
f 500/76/65 538/80/69 499/77/66
f 538/80/69 482/81/70 499/77/66
f 482/81/70 786/82/71 499/77/66
f 483/83/72 785/84/73 482/81/70
f 482/81/70 484/85/74 483/83/72
f 786/82/71 482/81/70 785/84/73
f 786/82/71 785/84/73 481/86/75
f 784/87/76 488/88/77 785/89/73
f 484/90/78 487/91/79 488/92/77
f 488/92/77 487/91/79 782/93/80
f 488/92/77 782/93/80 785/84/73
f 782/93/80 486/94/81 489/95/82
f 487/91/79 486/94/81 782/93/80
f 456/21/19 417/96/22 704/22/21
f 417/23/22 378/97/83 420/98/84
f 417/23/22 418/33/27 378/97/83
f 419/24/23 418/33/27 417/23/22
f 418/99/27 421/100/31 377/101/34
f 373/102/85 418/33/27 377/103/34
f 426/36/33 401/40/36 377/38/34
f 401/40/36 185/104/86 628/105/87
f 614/42/38 277/45/41 401/40/36
f 401/40/36 277/45/41 185/104/86
f 622/44/40 275/106/88 277/45/41
f 615/48/44 280/59/50 622/44/40
f 280/59/50 279/61/52 622/44/40
f 622/44/40 279/61/52 275/106/88
f 621/72/61 404/71/60 623/75/64
f 623/107/64 624/108/89 621/109/61
f 239/110/90 238/111/91 151/112/92
f 3125/78/67 494/79/68 495/113/93
f 455/74/63 464/114/94 623/75/64
f 495/113/93 494/79/68 501/115/95
f 495/113/93 501/115/95 502/116/96
f 494/79/68 493/117/97 775/118/98
f 494/79/68 499/77/66 493/117/97
f 493/117/97 499/77/66 492/119/99
f 499/77/66 786/82/71 492/119/99
f 492/119/99 786/82/71 481/86/75
f 785/84/73 485/120/100 481/86/75
f 785/84/73 782/93/80 485/120/100
f 781/121/101 782/122/80 490/123/102
f 782/93/80 489/95/82 491/124/103
f 374/125/104 420/98/84 378/97/83
f 707/126/105 378/127/106 706/128/107
f 378/127/106 705/129/108 706/128/107
f 378/97/83 373/102/85 379/130/109
f 378/97/83 418/33/27 373/102/85
f 377/103/34 627/131/110 606/132/87
f 377/103/34 628/105/87 627/131/110
f 401/40/36 628/105/87 377/103/34
f 628/105/87 609/133/111 397/134/87
f 628/105/87 185/104/86 609/133/111
f 609/133/111 185/104/86 610/135/112
f 185/136/86 611/137/113 184/138/112
f 277/45/41 275/106/88 278/139/112
f 621/72/61 276/140/114 279/61/52
f 621/72/61 239/110/90 151/112/92
f 623/75/64 389/141/115 238/111/91
f 151/112/92 238/111/91 237/142/116
f 238/111/91 345/143/117 237/142/116
f 623/75/64 464/114/94 389/141/115
f 494/79/68 775/118/98 496/144/118
f 238/111/91 389/141/115 345/143/117
f 493/145/97 492/146/99 775/147/98
f 496/144/118 775/118/98 497/148/119
f 775/149/98 774/150/120 497/151/119
f 481/152/75 490/153/102 18/154/121
f 783/155/122 781/121/101 490/123/102
f 490/156/102 491/124/103 18/157/121
f 490/156/102 782/93/80 491/124/103
f 374/125/123 706/158/124 370/159/125
f 706/158/124 379/160/126 371/161/127
f 706/158/124 371/161/127 370/159/125
f 604/162/128 373/163/85 371/164/127
f 377/103/34 354/165/87 373/102/85
f 377/103/34 606/132/87 354/165/87
f 354/165/87 606/132/87 375/166/129
f 354/165/87 375/166/129 376/167/129
f 397/168/130 606/132/87 627/131/110
f 397/168/130 610/135/112 606/132/87
f 608/169/131 609/170/111 610/171/112
f 185/104/86 184/172/112 610/135/112
f 278/139/112 275/106/88 184/172/112
f 610/135/112 184/172/112 139/173/87
f 184/172/112 275/106/88 139/173/87
f 618/174/132 276/175/114 595/176/133
f 275/106/88 279/61/52 276/140/114
f 621/72/61 151/112/92 276/140/114
f 276/140/114 151/112/92 596/177/134
f 151/112/92 241/178/135 236/179/136
f 151/180/137 619/181/138 620/182/139
f 498/183/140 496/144/118 846/184/141
f 496/144/118 497/148/119 846/184/141
f 498/185/140 846/186/141 847/187/142
f 503/188/143 480/189/144 504/190/145
f 503/188/143 504/190/145 505/191/146
f 846/184/141 767/192/147 480/189/144
f 774/193/120 776/194/148 497/148/119
f 774/193/120 492/119/99 776/194/148
f 776/194/148 492/119/99 21/195/149
f 481/86/75 21/195/149 492/119/99
f 481/86/75 18/157/121 21/195/149
f 18/157/121 491/124/103 778/196/150
f 370/159/125 371/161/127 369/197/151
f 371/161/127 605/198/85 369/197/151
f 371/161/127 373/199/85 605/198/85
f 373/102/85 354/165/87 605/200/85
f 376/167/129 375/166/129 363/201/129
f 607/202/152 600/203/153 319/204/129
f 606/132/87 144/205/87 600/206/153
f 606/132/87 610/135/112 144/205/87
f 275/106/88 595/207/133 190/208/154
f 595/207/133 276/140/114 596/177/134
f 596/177/134 246/209/155 597/210/156
f 151/112/92 246/209/155 596/177/134
f 151/112/92 236/179/136 246/209/155
f 236/179/136 240/211/157 246/209/155
f 246/212/155 598/213/158 599/214/159
f 597/215/156 233/216/160 596/177/134
f 246/212/155 240/217/157 598/213/158
f 504/190/145 480/189/144 766/218/161
f 480/189/144 767/192/147 766/218/161
f 504/190/145 766/218/161 523/219/162
f 766/220/161 767/221/147 523/222/162
f 523/219/162 767/192/147 508/223/163
f 846/184/141 497/148/119 767/192/147
f 497/148/119 776/194/148 767/192/147
f 778/196/150 491/124/103 16/224/164
f 491/124/103 17/225/165 16/224/164
f 16/226/164 779/227/166 778/228/150
f 778/228/150 779/227/166 780/229/167
f 370/159/125 369/197/151 708/230/168
f 369/197/151 372/231/169 440/232/170
f 369/197/151 605/198/85 372/231/169
f 605/233/85 603/234/171 602/235/172
f 603/236/171 605/200/85 354/165/87
f 393/237/87 601/238/34 354/165/87
f 601/238/34 339/239/173 354/165/87
f 363/240/34 319/241/129 339/239/173
f 319/241/129 600/206/153 144/205/87
f 610/135/112 594/242/34 144/205/87
f 610/135/112 139/173/87 594/242/34
f 139/173/87 275/106/88 190/208/154
f 190/208/154 595/207/133 150/243/174
f 190/208/154 150/243/174 762/244/175
f 595/207/133 596/177/134 150/243/174
f 596/177/134 760/245/176 150/243/174
f 233/216/160 232/246/177 596/177/134
f 596/177/134 232/246/177 760/245/176
f 760/247/178 175/248/179 173/249/180
f 504/190/145 523/219/162 508/223/163
f 756/250/181 758/251/182 757/252/183
f 508/223/163 767/192/147 479/253/184
f 508/223/163 479/253/184 174/254/185
f 175/255/186 508/223/163 174/254/185
f 479/253/184 172/256/187 174/254/185
f 174/254/185 172/256/187 173/249/180
f 776/194/148 479/253/184 767/192/147
f 776/194/148 20/257/188 479/253/184
f 172/258/187 479/259/184 25/260/189
f 479/259/184 771/261/190 22/262/191
f 479/259/184 22/262/191 25/260/189
f 776/263/148 21/264/149 777/265/192
f 20/266/193 21/195/149 22/267/191
f 21/195/149 18/157/121 526/268/194
f 18/157/121 778/196/150 526/268/194
f 526/268/194 778/196/150 516/269/195
f 778/196/150 19/270/196 516/269/195
f 778/196/150 780/271/167 19/270/196
f 440/232/170 603/236/171 369/272/151
f 369/272/151 603/236/171 358/273/197
f 603/236/171 354/165/87 358/273/197
f 354/165/87 634/274/112 358/273/197
f 634/274/112 354/165/87 177/275/87
f 354/165/87 339/239/173 633/276/112
f 354/165/87 633/276/112 229/277/41
f 339/239/173 319/241/129 633/276/112
f 633/276/112 319/241/129 144/205/87
f 594/242/34 160/278/87 144/205/87
f 594/279/34 139/280/87 593/281/34
f 762/282/175 150/283/174 761/284/198
f 762/282/175 761/284/198 120/285/199
f 150/283/174 760/286/176 761/284/198
f 120/287/199 306/288/200 307/289/201
f 306/288/200 760/247/178 305/290/202
f 760/247/178 173/249/180 172/256/187
f 760/247/178 172/256/187 171/291/203
f 172/258/187 25/260/189 772/292/204
f 176/293/205 25/294/189 24/295/206
f 25/294/189 773/296/207 24/295/206
f 25/260/189 22/262/191 773/297/207
f 172/256/187 176/298/208 171/291/203
f 171/291/203 176/298/208 524/299/209
f 845/300/210 24/301/206 524/302/209
f 24/295/206 841/303/211 524/299/209
f 171/304/203 524/305/209 841/306/211
f 773/296/207 841/303/211 24/295/206
f 22/267/191 21/195/149 773/296/207
f 841/303/211 773/296/207 23/307/212
f 773/296/207 526/308/194 23/307/212
f 773/296/207 21/195/149 526/268/194
f 516/269/195 848/309/213 526/310/194
f 516/269/195 19/270/196 848/309/213
f 848/311/213 849/312/214 515/313/215
f 360/314/216 369/272/151 358/273/197
f 708/315/168 369/272/151 360/314/216
f 177/275/87 230/316/217 634/274/112
f 177/275/87 354/165/87 229/277/41
f 177/317/87 631/318/112 127/319/87
f 633/320/112 631/321/112 632/322/88
f 633/276/112 590/323/41 631/318/112
f 633/276/112 144/205/87 590/323/41
f 144/205/87 160/278/87 142/324/75
f 594/242/34 183/325/87 160/278/87
f 160/326/87 183/327/87 591/328/34
f 591/328/34 183/327/87 592/329/87
f 183/330/87 139/331/87 592/332/87
f 139/331/87 190/208/154 592/332/87
f 190/208/154 113/333/218 592/332/87
f 190/208/154 635/334/219 113/333/218
f 762/244/175 635/334/219 190/208/154
f 762/244/175 120/335/199 635/334/219
f 306/288/200 305/290/202 307/289/201
f 120/335/199 307/336/201 138/337/220
f 305/338/202 759/339/221 307/340/201
f 305/290/202 760/247/178 170/341/222
f 307/336/201 168/342/223 138/337/220
f 171/291/203 169/343/224 760/247/178
f 170/341/222 169/343/224 168/342/223
f 170/341/222 760/247/178 169/343/224
f 171/291/203 841/303/211 770/344/225
f 169/343/224 171/291/203 522/345/226
f 171/291/203 770/344/225 522/345/226
f 841/303/211 23/307/212 770/344/225
f 787/346/227 227/347/228 23/307/212
f 788/348/229 787/349/227 23/350/212
f 787/346/227 526/310/194 848/309/213
f 787/346/227 848/309/213 517/351/230
f 848/309/213 515/352/215 513/353/231
f 515/352/215 514/354/232 513/353/231
f 359/355/233 709/356/234 358/357/197
f 358/273/197 634/274/112 197/358/112
f 634/359/112 629/360/111 197/361/112
f 634/274/112 230/316/217 231/362/88
f 630/363/235 230/364/217 196/365/112
f 230/316/217 177/317/87 127/319/87
f 127/319/87 631/318/112 590/323/41
f 127/319/87 590/323/41 583/366/129
f 590/323/41 142/324/75 589/367/87
f 160/278/87 135/368/87 142/324/75
f 589/367/87 142/324/75 135/368/87
f 135/368/87 114/369/87 100/370/87
f 113/371/218 114/372/87 592/373/87
f 114/369/87 113/333/218 100/370/87
f 120/335/199 138/337/220 635/334/219
f 635/374/219 138/375/220 113/376/218
f 138/337/220 478/377/236 113/333/218
f 478/377/236 110/378/237 113/333/218
f 138/337/220 168/342/223 437/379/238
f 138/337/220 437/379/238 478/377/236
f 437/380/238 763/381/239 478/382/236
f 478/377/236 228/383/240 110/378/237
f 437/379/238 168/342/223 193/384/241
f 437/379/238 193/384/241 228/383/242
f 193/384/241 168/342/223 842/385/243
f 842/386/243 843/387/244 844/388/245
f 169/343/224 521/389/246 168/342/223
f 168/342/223 521/389/246 442/390/247
f 168/342/223 167/391/248 842/385/243
f 168/342/223 442/390/247 167/391/248
f 842/385/243 167/391/248 391/392/249
f 769/393/250 770/394/251 764/395/252
f 764/396/253 765/397/254 442/398/247
f 521/399/255 770/344/225 227/347/228
f 442/398/247 765/397/254 227/400/228
f 442/390/247 227/401/228 167/391/248
f 770/344/225 23/307/212 227/347/228
f 227/347/228 787/346/227 517/402/230
f 848/309/213 513/353/231 517/402/230
f 360/314/256 359/403/233 461/404/257
f 360/314/256 461/404/257 396/405/258
f 396/405/258 461/404/257 359/403/233
f 396/405/258 359/403/233 711/406/259
f 359/403/233 358/273/197 711/406/259
f 358/273/197 197/358/112 308/407/260
f 197/358/112 196/408/112 559/409/261
f 231/410/41 196/408/112 197/411/112
f 196/408/112 230/316/217 145/412/129
f 230/316/217 127/319/87 145/412/129
f 590/323/41 584/413/129 583/366/129
f 590/323/41 589/367/87 584/413/129
f 589/367/87 123/414/87 584/413/129
f 135/368/87 100/370/87 589/367/87
f 100/370/87 113/333/218 96/415/34
f 110/378/237 194/416/262 113/333/218
f 113/333/218 194/416/262 68/417/263
f 68/417/263 194/416/262 288/418/264
f 68/419/263 586/420/265 164/421/266
f 844/422/245 843/423/244 795/424/267
f 844/422/245 795/424/267 475/425/268
f 842/385/243 391/392/249 843/423/244
f 843/423/244 391/392/249 795/424/267
f 795/424/267 391/392/249 793/426/269
f 167/427/248 227/428/228 391/429/249
f 391/392/249 839/430/270 54/431/271
f 227/432/228 839/433/270 391/434/249
f 839/430/270 227/347/228 838/435/272
f 227/347/228 517/402/230 838/435/272
f 517/402/230 513/353/231 28/436/273
f 513/353/231 512/437/274 28/436/273
f 710/438/275 711/439/259 712/440/276
f 712/440/276 711/439/259 308/441/260
f 711/406/259 358/273/197 308/407/260
f 308/407/260 197/358/112 559/409/261
f 559/409/261 196/408/112 145/412/129
f 145/412/129 584/442/129 559/409/261
f 123/414/87 124/443/87 584/413/129
f 123/414/87 367/444/217 124/443/87
f 587/445/129 100/446/87 588/447/87
f 588/447/87 100/446/87 367/448/217
f 367/444/217 100/370/87 98/449/217
f 124/443/87 367/444/217 98/449/217
f 100/370/87 96/415/34 98/449/217
f 113/333/218 68/417/263 96/415/34
f 96/415/34 68/417/263 99/450/277
f 68/417/263 109/451/278 159/452/279
f 164/453/266 109/451/278 68/417/263
f 164/453/266 288/454/280 109/451/278
f 109/451/278 288/454/280 132/455/281
f 475/456/282 52/457/283 53/458/284
f 109/451/278 133/459/285 115/460/286
f 132/455/281 133/459/285 109/451/278
f 53/458/284 52/457/283 51/461/287
f 795/462/267 793/463/269 794/464/288
f 51/461/287 52/457/283 796/465/289
f 52/457/283 793/426/269 796/465/289
f 793/426/269 391/392/249 799/466/290
f 793/426/269 799/466/290 796/465/289
f 391/392/249 54/431/271 799/466/290
f 839/430/270 520/467/152 54/431/271
f 789/468/291 790/469/292 520/470/152
f 54/431/271 520/467/152 537/471/293
f 537/471/293 520/467/152 518/472/294
f 520/467/152 790/473/292 518/472/294
f 518/472/294 790/473/292 26/474/295
f 838/435/272 517/402/230 790/473/292
f 517/402/230 28/436/273 790/473/292
f 790/473/292 28/436/273 26/474/295
f 702/475/296 392/476/297 701/477/298
f 310/478/299 559/409/261 392/479/297
f 392/479/297 559/409/261 558/480/300
f 310/478/299 309/481/301 559/409/261
f 309/481/301 308/407/260 559/409/261
f 559/409/261 584/442/129 564/482/87
f 575/483/34 574/484/87 126/485/34
f 564/482/87 584/413/129 574/486/87
f 584/413/129 124/443/87 574/486/87
f 124/443/87 122/487/302 245/488/87
f 124/443/87 129/489/129 122/487/302
f 124/443/87 98/449/217 121/490/129
f 128/491/302 121/490/152 122/487/302
f 121/490/152 166/492/303 576/493/129
f 98/494/217 576/495/129 585/496/304
f 98/449/217 64/497/87 576/493/129
f 98/449/217 96/415/34 64/497/87
f 580/498/34 96/499/34 99/500/277
f 580/498/34 66/501/34 96/499/34
f 83/502/305 99/503/277 65/504/291
f 99/503/277 68/417/263 65/504/291
f 68/417/263 63/505/306 65/504/291
f 63/505/306 579/506/307 65/504/291
f 68/417/263 159/452/279 63/505/306
f 159/452/279 109/451/278 116/507/308
f 50/508/309 51/461/287 796/465/289
f 799/466/290 54/431/271 48/509/310
f 54/431/271 791/510/311 519/511/312
f 54/431/271 519/511/312 48/509/310
f 518/472/294 26/474/295 519/511/302
f 519/512/312 792/513/313 48/514/310
f 28/436/273 27/515/314 26/474/295
f 48/509/310 26/516/315 29/517/316
f 840/518/317 27/519/314 29/520/316
f 27/515/314 28/436/273 29/517/316
f 701/477/298 392/476/297 700/521/318
f 392/476/297 558/522/300 700/521/318
f 415/523/319 414/524/320 416/525/321
f 559/409/261 564/482/87 557/526/87
f 564/527/87 126/528/34 557/529/87
f 126/530/34 574/486/87 560/531/34
f 124/443/87 125/532/217 574/486/87
f 124/443/87 245/488/87 125/532/217
f 245/488/87 122/487/302 576/493/129
f 122/487/302 121/490/152 576/493/129
f 576/493/129 67/533/87 245/488/87
f 576/493/129 64/497/87 581/534/41
f 96/499/34 66/501/34 578/535/34
f 578/535/34 66/501/34 579/536/307
f 65/504/291 579/506/307 66/537/34
f 159/538/279 72/539/322 63/505/306
f 159/538/279 76/540/323 72/539/322
f 159/452/279 116/507/308 76/540/323
f 50/508/309 796/465/289 247/541/324
f 247/541/325 49/542/326 179/543/327
f 797/544/328 796/545/289 49/546/326
f 179/547/327 49/548/326 36/549/329
f 796/465/289 799/466/290 49/542/326
f 49/548/326 799/550/290 36/549/329
f 29/517/316 28/436/273 836/551/330
f 29/517/316 836/551/330 48/552/310
f 28/436/273 46/553/331 836/551/330
f 416/525/321 414/524/320 472/554/332
f 472/554/332 414/524/320 146/555/333
f 414/524/320 558/480/300 146/555/333
f 472/554/332 146/555/333 181/556/334
f 558/480/300 559/409/261 557/526/87
f 126/530/34 560/531/34 557/526/87
f 574/486/87 125/532/217 560/531/34
f 560/531/34 125/532/217 162/557/217
f 125/532/217 199/558/335 162/557/217
f 125/559/112 565/560/112 566/561/112
f 199/562/34 102/563/112 111/564/87
f 125/532/217 245/488/87 102/565/112
f 573/566/112 245/567/87 67/568/87
f 102/563/112 67/533/87 553/569/87
f 581/534/41 60/570/87 576/493/129
f 576/493/129 60/570/87 67/533/87
f 572/571/113 70/572/336 60/573/337
f 581/534/41 582/574/131 70/575/336
f 70/572/336 582/576/131 60/573/337
f 581/534/41 64/497/87 582/574/131
f 64/497/87 579/506/307 582/574/131
f 579/506/307 62/577/338 582/574/131
f 582/574/131 62/577/338 636/578/302
f 579/506/307 63/505/306 62/577/338
f 62/579/338 63/580/306 577/581/339
f 63/505/306 77/582/340 74/583/341
f 72/539/322 78/584/342 63/505/306
f 63/505/306 78/584/342 77/582/340
f 72/539/322 76/540/323 97/585/343
f 336/586/344 179/587/327 38/588/345
f 72/589/322 570/590/346 78/591/342
f 78/591/342 570/590/346 569/592/347
f 179/587/327 36/593/329 38/588/345
f 799/466/290 48/552/310 834/594/348
f 48/552/310 837/595/349 835/596/350
f 48/552/310 836/551/330 837/595/349
f 836/597/330 46/598/331 161/599/351
f 473/600/352 181/556/334 195/601/353
f 181/556/334 146/555/333 195/601/353
f 558/480/300 557/526/87 146/555/333
f 146/555/333 557/526/87 95/602/87
f 557/526/87 560/531/34 137/603/131
f 555/604/354 560/605/34 130/606/87
f 560/531/34 394/607/87 130/608/87
f 560/531/34 561/609/304 394/607/87
f 394/610/87 561/611/304 562/612/217
f 394/607/87 562/613/217 86/614/355
f 560/531/34 162/557/217 561/609/304
f 163/615/217 561/609/304 162/557/217
f 561/611/304 563/616/153 562/612/217
f 162/557/217 225/617/356 163/615/217
f 111/618/87 198/619/304 567/620/217
f 567/620/217 198/619/304 225/621/293
f 102/563/112 553/569/87 111/564/87
f 198/622/304 111/564/87 553/569/87
f 60/573/337 582/576/131 571/623/336
f 62/577/338 73/624/357 636/578/302
f 73/624/357 62/577/338 74/625/358
f 79/626/359 73/627/357 568/628/360
f 73/627/357 79/626/359 304/629/361
f 78/591/342 569/592/347 79/626/359
f 73/624/357 304/630/361 69/631/362
f 304/630/361 75/632/363 69/631/362
f 569/592/347 304/629/361 79/626/359
f 304/630/364 38/588/345 39/633/365
f 304/634/364 39/635/365 768/636/366
f 39/633/365 38/588/345 37/637/367
f 836/597/330 161/599/351 31/638/368
f 836/597/330 31/638/368 837/595/349
f 837/639/349 798/640/369 835/641/350
f 473/600/352 195/601/353 713/642/370
f 195/601/353 146/555/333 713/642/370
f 473/600/352 713/642/370 180/643/371
f 146/555/333 640/644/87 556/645/217
f 146/555/333 95/602/87 640/644/87
f 557/526/87 130/646/87 95/602/87
f 130/646/87 286/647/217 95/602/87
f 641/648/88 547/649/217 94/650/87
f 286/647/217 130/646/87 547/651/217
f 547/651/217 130/646/87 86/614/355
f 225/617/293 198/652/304 562/613/217
f 562/613/217 554/653/129 86/614/355
f 86/614/355 554/653/129 547/651/217
f 562/613/217 198/652/304 554/653/129
f 554/653/129 642/654/34 84/655/87
f 554/653/129 553/569/87 642/654/34
f 553/569/87 67/533/87 642/654/34
f 67/533/87 80/656/87 642/654/34
f 67/533/87 60/570/87 80/656/87
f 80/656/87 60/570/87 81/657/87
f 60/570/87 636/578/302 61/658/372
f 636/578/302 73/624/357 61/658/372
f 73/624/357 552/659/373 61/658/372
f 73/624/357 69/631/362 552/659/373
f 552/659/373 69/631/362 40/660/374
f 38/588/345 36/593/329 37/637/367
f 75/632/363 37/661/375 69/631/362
f 69/631/362 541/662/376 40/660/374
f 753/663/377 754/664/378 541/665/379
f 834/594/348 34/666/129 799/466/290
f 48/552/310 835/596/350 834/594/348
f 834/594/348 835/596/350 30/667/380
f 835/596/350 31/638/381 30/667/380
f 205/668/382 180/643/371 713/642/370
f 205/668/382 713/642/370 204/669/383
f 146/555/333 556/645/217 713/642/370
f 713/642/370 556/645/217 200/670/384
f 200/670/384 556/645/217 637/671/88
f 639/672/293 637/673/88 556/674/217
f 640/644/87 95/602/87 94/675/87
f 640/644/87 94/675/87 637/671/88
f 547/651/217 554/653/129 84/655/87
f 80/676/87 81/677/87 548/678/112
f 81/657/87 60/570/87 58/679/87
f 60/570/87 61/658/372 56/680/385
f 552/659/373 40/660/374 41/681/386
f 40/660/374 35/682/387 41/681/386
f 41/681/386 35/682/387 551/683/388
f 40/660/374 541/662/376 35/682/387
f 541/665/379 754/664/378 755/684/389
f 35/682/387 37/637/367 36/593/329
f 35/682/387 36/593/329 551/683/388
f 36/593/329 799/466/290 830/685/390
f 802/686/391 34/666/129 182/687/392
f 34/688/129 33/689/393 182/690/392
f 34/691/129 800/692/338 801/693/394
f 834/594/348 30/667/380 32/694/395
f 34/691/129 801/693/394 33/695/393
f 32/694/395 30/667/380 805/696/396
f 204/669/383 713/642/370 200/670/384
f 637/671/88 94/675/87 638/697/87
f 638/697/87 94/675/87 547/651/217
f 547/651/217 87/698/87 638/697/87
f 547/651/217 85/699/87 87/698/87
f 84/655/87 85/699/87 547/651/217
f 84/655/87 88/700/129 85/699/87
f 85/701/87 643/702/397 648/703/112
f 84/704/87 642/705/34 546/706/41
f 81/657/87 58/679/87 642/707/87
f 642/707/87 58/679/87 88/708/112
f 60/570/87 56/680/385 58/679/87
f 552/659/373 71/709/303 61/658/372
f 552/659/373 41/681/386 71/709/303
f 61/710/372 550/711/398 57/712/399
f 41/681/386 101/713/400 71/709/303
f 41/714/386 551/715/388 101/716/400
f 549/717/401 101/718/400 55/719/402
f 101/713/400 551/683/388 55/720/402
f 36/593/329 45/721/403 551/683/388
f 36/593/329 830/685/390 45/721/403
f 34/666/129 802/686/391 799/466/290
f 802/686/391 806/722/391 799/466/290
f 182/687/392 33/723/393 805/696/396
f 32/694/395 805/696/396 33/723/393
f 204/669/383 200/670/384 203/724/404
f 200/670/384 224/725/405 203/724/404
f 200/670/384 637/671/88 201/726/87
f 200/670/384 201/726/87 732/727/406
f 200/670/384 732/727/406 224/725/405
f 732/728/406 733/729/407 224/730/405
f 224/725/405 201/731/408 223/732/409
f 637/671/88 638/697/87 202/733/87
f 637/671/88 202/733/87 201/726/87
f 87/698/87 178/734/410 638/697/87
f 85/699/87 648/735/112 87/698/87
f 648/735/112 88/708/112 89/736/87
f 88/708/112 58/679/87 89/736/87
f 61/737/372 55/720/402 56/680/385
f 55/720/402 61/737/372 57/738/399
f 71/739/411 92/740/412 57/738/399
f 57/738/399 92/740/412 55/720/402
f 549/717/401 55/719/402 92/741/412
f 55/720/402 551/683/388 44/742/413
f 551/683/388 45/721/403 44/742/413
f 45/721/403 830/685/390 44/742/413
f 182/743/392 803/744/414 804/745/415
f 182/687/392 805/696/396 803/746/414
f 805/747/396 30/667/380 47/748/416
f 539/749/417 203/724/404 698/750/418
f 539/749/417 698/750/418 533/751/419
f 533/751/419 698/750/418 532/752/420
f 203/724/404 224/725/405 698/750/418
f 224/725/405 223/732/409 222/753/41
f 646/754/87 202/755/87 223/756/409
f 223/732/409 320/757/87 222/753/41
f 202/758/87 638/759/87 223/732/409
f 223/732/409 638/759/87 320/757/87
f 650/760/87 134/761/87 320/762/87
f 638/697/87 178/763/410 134/764/87
f 134/764/87 178/763/410 108/765/87
f 210/766/87 108/767/87 647/768/41
f 87/769/87 210/770/87 178/734/410
f 87/769/87 140/771/87 210/770/87
f 140/772/87 87/773/87 728/774/217
f 87/698/87 648/735/112 649/775/112
f 648/735/112 89/736/87 649/775/112
f 89/736/87 82/776/87 658/777/34
f 89/778/87 731/779/87 82/780/87
f 82/776/87 58/781/87 658/777/34
f 58/781/87 59/782/34 658/777/34
f 58/679/87 56/680/385 59/782/34
f 56/680/385 55/720/402 741/783/421
f 147/784/422 44/742/413 148/785/423
f 44/742/413 830/685/390 148/785/423
f 799/466/290 806/722/391 830/685/390
f 830/685/390 806/722/391 42/786/424
f 830/685/390 42/786/424 43/787/307
f 42/788/424 833/789/311 832/790/425
f 42/786/424 806/722/391 833/791/311
f 43/792/426 833/791/311 154/793/427
f 806/722/391 803/746/414 833/791/311
f 833/791/311 803/746/414 807/794/360
f 807/794/360 803/746/414 805/696/396
f 533/751/419 532/752/420 334/795/428
f 532/752/420 699/796/429 334/795/428
f 532/797/420 698/798/418 699/799/429
f 334/795/428 699/796/429 333/800/430
f 333/800/430 699/796/429 332/801/431
f 698/750/418 644/802/307 699/796/429
f 699/796/429 644/802/307 714/803/432
f 698/750/418 224/725/405 222/753/41
f 698/750/418 222/753/41 644/802/307
f 644/804/307 645/805/87 321/806/87
f 222/753/41 320/757/87 651/807/87
f 320/757/87 134/764/87 108/765/87
f 320/757/87 108/765/87 651/807/87
f 210/766/87 140/808/87 108/767/87
f 108/765/87 140/771/87 270/809/87
f 90/810/87 106/811/87 140/771/87
f 90/812/304 87/698/87 105/813/112
f 729/814/112 105/815/112 106/816/87
f 87/698/87 649/775/112 105/813/112
f 105/813/112 649/775/112 659/817/112
f 89/736/87 91/818/217 649/775/112
f 649/819/112 655/820/355 659/821/112
f 89/736/87 93/822/217 91/818/217
f 91/818/217 93/822/217 471/823/111
f 471/823/302 656/824/111 659/817/112
f 471/823/111 93/822/217 165/825/87
f 89/736/87 658/777/34 93/822/217
f 657/826/433 93/827/217 656/828/111
f 93/822/217 658/777/34 656/824/111
f 59/782/34 56/680/385 660/829/434
f 741/783/421 131/830/435 56/680/385
f 741/783/421 55/720/402 104/831/436
f 55/720/402 147/784/422 104/831/436
f 147/784/422 148/785/423 104/831/436
f 112/832/437 104/833/438 152/834/439
f 739/835/440 740/836/441 741/837/442
f 148/785/423 830/685/390 809/838/443
f 830/685/390 153/839/444 809/838/443
f 830/840/390 831/841/445 153/842/444
f 809/838/443 153/839/444 154/793/427
f 154/793/427 807/794/360 155/843/446
f 154/793/427 833/791/311 807/794/360
f 807/794/360 805/747/396 47/748/416
f 525/844/447 332/845/431 448/846/448
f 716/847/449 715/848/450 390/849/451
f 332/850/431 714/851/432 448/852/448
f 448/846/448 714/803/432 715/853/450
f 699/796/429 714/803/432 332/801/431
f 714/803/432 451/854/452 715/853/450
f 714/803/432 644/802/307 451/854/452
f 644/802/307 271/855/41 451/854/452
f 644/802/307 321/856/87 271/855/41
f 271/855/41 321/856/87 413/857/453
f 321/856/87 222/753/41 653/858/217
f 321/856/87 653/858/217 322/859/129
f 321/856/87 322/859/129 413/857/453
f 222/753/41 651/807/87 653/858/217
f 439/860/217 651/807/87 268/861/217
f 108/765/87 270/809/87 651/807/87
f 651/862/87 270/863/87 269/864/112
f 270/809/87 140/771/87 106/811/87
f 270/809/87 106/811/87 191/865/87
f 106/811/87 105/813/112 191/865/87
f 659/817/112 656/824/111 658/777/34
f 658/866/34 59/867/34 107/868/454
f 59/869/34 730/870/34 107/871/454
f 107/872/454 660/873/434 658/777/34
f 660/829/434 56/680/385 103/874/455
f 131/830/435 741/783/421 734/875/456
f 741/783/421 112/832/437 734/875/456
f 734/876/456 528/877/457 131/878/435
f 734/875/456 117/879/458 528/880/457
f 112/832/437 152/834/439 117/879/458
f 148/785/423 117/879/458 152/834/439
f 112/832/437 117/879/458 734/875/456
f 528/880/457 117/879/458 529/881/459
f 117/879/458 148/785/423 226/882/460
f 148/785/423 809/838/443 141/883/461
f 154/793/427 155/843/446 809/838/443
f 809/884/443 810/885/462 156/886/463
f 258/887/464 390/888/451 451/854/452
f 390/849/451 715/848/450 451/889/452
f 258/887/464 451/854/452 257/890/465
f 267/891/304 663/892/466 271/855/41
f 413/893/453 322/894/129 652/895/87
f 322/896/129 267/891/304 271/897/41
f 322/894/129 653/898/217 267/899/304
f 268/861/217 651/807/87 269/900/112
f 268/861/217 269/900/112 267/891/304
f 267/891/304 269/900/112 287/901/87
f 269/902/112 270/903/87 654/904/112
f 287/905/87 248/906/87 249/907/129
f 270/809/87 191/865/87 248/908/87
f 105/813/112 659/817/112 191/865/87
f 191/865/87 659/817/112 658/777/34
f 658/909/34 660/910/434 103/911/455
f 56/680/385 119/912/467 118/913/468
f 56/680/385 131/914/435 119/912/467
f 119/912/467 131/914/435 143/915/469
f 131/914/435 528/880/457 143/915/469
f 143/915/469 211/916/470 119/912/467
f 528/880/457 529/881/459 362/917/471
f 528/880/457 362/917/471 143/915/469
f 226/882/460 148/785/423 409/918/472
f 409/918/472 527/919/473 226/882/460
f 409/918/472 143/915/474 527/919/473
f 409/918/472 148/785/423 141/883/461
f 143/915/469 141/883/461 211/916/470
f 141/883/461 534/920/475 211/916/470
f 141/883/461 809/838/443 158/921/476
f 141/883/461 158/921/476 534/920/475
f 809/838/443 156/922/463 158/921/476
f 156/922/463 157/923/477 158/921/476
f 156/922/463 155/924/478 157/923/477
f 808/925/479 807/926/360 157/927/477
f 157/923/477 807/794/360 207/928/480
f 244/929/481 47/748/416 531/930/482
f 258/887/464 257/890/465 259/931/483
f 451/932/452 271/855/41 257/890/465
f 271/855/41 253/933/484 257/890/465
f 271/855/41 663/934/466 253/933/484
f 253/935/484 663/934/466 665/936/485
f 663/934/466 364/937/486 665/936/485
f 664/938/487 249/939/129 665/940/153
f 267/891/304 249/941/129 663/892/466
f 267/891/304 287/901/87 249/941/129
f 249/941/129 248/908/87 192/942/87
f 248/908/87 191/865/87 192/942/87
f 206/943/488 191/865/87 661/944/86
f 191/865/87 658/777/34 661/944/86
f 658/777/34 103/874/455 661/944/86
f 103/874/455 118/913/468 136/945/489
f 103/874/455 56/680/385 118/913/468
f 119/946/467 212/947/490 118/948/468
f 119/946/467 477/949/491 212/947/490
f 211/916/470 477/950/491 119/912/467
f 477/950/491 530/951/492 209/952/493
f 477/950/491 209/952/493 212/953/490
f 477/950/491 211/916/470 530/951/492
f 851/954/494 852/955/495 853/956/496
f 534/920/475 158/921/476 530/951/492
f 530/951/492 158/921/476 209/952/493
f 158/921/476 811/957/497 208/958/498
f 158/921/476 157/923/477 207/928/480
f 158/921/476 207/928/480 811/957/497
f 807/794/360 47/959/416 207/928/480
f 207/960/480 47/961/416 244/962/481
f 186/963/499 207/928/480 816/964/500
f 244/929/481 242/965/501 207/928/480
f 258/887/464 259/931/483 313/966/502
f 259/967/483 257/890/465 303/968/503
f 259/969/483 303/970/503 697/971/504
f 697/971/504 303/970/503 335/972/505
f 313/973/506 335/974/505 314/975/507
f 303/968/503 257/890/465 256/976/508
f 335/974/505 303/968/503 256/976/508
f 335/977/505 256/978/508 314/979/507
f 314/979/507 256/978/508 667/980/509
f 257/890/465 253/933/484 256/976/508
f 253/933/484 250/981/356 252/982/153
f 666/983/510 250/984/356 253/985/484
f 665/986/153 249/941/129 250/981/356
f 103/874/455 136/945/489 661/944/86
f 136/945/489 118/913/468 213/987/511
f 118/913/468 212/953/490 214/988/512
f 209/952/493 158/921/476 743/989/513
f 209/990/493 743/991/513 212/992/490
f 743/993/513 744/994/514 745/995/515
f 743/989/513 742/996/516 212/953/490
f 743/989/513 745/997/515 742/996/516
f 745/995/515 744/994/514 208/998/517
f 811/957/497 813/999/518 208/958/498
f 208/1000/498 813/1001/518 812/1002/519
f 745/997/515 208/1003/517 380/1004/520
f 745/997/515 380/1004/520 468/1005/521
f 380/1004/520 290/1006/522 468/1005/521
f 813/1001/518 294/1007/523 812/1002/519
f 811/957/497 294/1008/523 813/999/518
f 812/1002/519 294/1007/523 290/1009/522
f 811/957/497 207/928/480 294/1008/523
f 207/928/480 186/963/499 294/1008/523
f 207/928/480 242/965/501 816/964/500
f 816/964/500 814/1010/524 186/963/499
f 242/965/501 243/1011/525 816/964/500
f 816/1012/500 243/1013/525 815/1014/526
f 243/1011/525 242/965/501 189/1015/527
f 816/1012/500 815/1014/526 814/1016/524
f 814/1016/524 187/1017/528 186/1018/499
f 814/1016/524 815/1014/526 187/1017/528
f 315/1019/529 313/973/506 312/1020/530
f 313/973/506 314/975/507 312/1020/530
f 314/975/507 668/1021/531 312/1020/530
f 256/1022/508 254/1023/532 668/1024/531
f 256/976/508 253/933/484 254/1025/532
f 253/933/484 252/982/153 254/1025/532
f 252/982/153 250/981/356 251/1026/87
f 249/941/129 251/1026/87 250/981/356
f 249/941/129 192/942/87 251/1026/87
f 192/1027/87 670/1028/34 251/1029/87
f 251/1026/87 235/1030/129 718/1031/533
f 438/1032/302 718/1031/533 235/1030/129
f 192/1033/87 191/865/87 235/1034/87
f 669/1035/302 438/1036/302 670/1037/87
f 191/865/87 283/1038/34 235/1034/87
f 438/1036/302 669/1035/302 282/1039/87
f 191/1040/87 206/1041/488 662/1042/534
f 282/1043/87 283/1044/356 206/943/488
f 149/1045/41 661/1046/86 671/1047/535
f 661/944/86 213/1048/511 672/1049/536
f 136/945/489 213/1048/511 661/944/86
f 213/987/511 118/913/468 214/988/512
f 214/988/512 15/1050/537 746/1051/538
f 212/953/490 742/996/516 214/988/512
f 742/996/516 15/1050/537 214/988/512
f 15/1050/537 742/996/516 215/1052/539
f 15/1050/537 215/1052/539 746/1051/538
f 742/996/516 745/997/515 216/1053/540
f 215/1052/539 742/996/516 234/1054/541
f 742/996/516 365/1055/542 234/1054/541
f 745/997/515 468/1005/521 216/1053/540
f 468/1005/521 290/1006/522 216/1053/540
f 742/996/516 216/1053/540 365/1055/542
f 216/1056/540 366/1057/543 365/1058/542
f 216/1053/540 290/1006/522 366/1059/543
f 366/1059/543 290/1006/522 294/1008/523
f 294/1008/523 186/963/499 817/1060/544
f 187/1061/528 189/1062/545 188/1063/546
f 186/1064/499 188/1063/546 826/1065/547
f 817/1060/544 186/1064/499 826/1065/547
f 186/1064/499 187/1061/528 188/1063/546
f 668/1021/531 311/1066/548 684/1067/549
f 668/1021/531 254/1068/532 311/1066/548
f 683/1069/550 252/1070/153 311/1071/548
f 252/982/153 251/1026/87 255/1072/34
f 438/1073/302 282/1074/87 718/1075/533
f 282/1043/87 206/943/488 718/1031/533
f 206/943/488 149/1076/41 718/1031/533
f 206/943/488 661/944/86 149/1076/41
f 274/1077/535 672/1049/354 149/1076/41
f 149/1076/41 672/1049/354 273/1078/393
f 673/1079/551 674/1080/552 675/1081/553
f 674/1080/552 536/1082/554 675/1081/553
f 675/1083/553 536/1084/554 676/1085/555
f 213/987/511 214/988/512 536/1084/554
f 536/1084/554 214/988/512 676/1086/555
f 214/988/512 218/1087/556 676/1086/555
f 214/988/512 746/1051/538 217/1088/557
f 217/1088/557 218/1087/556 214/988/512
f 217/1088/557 219/1089/558 218/1087/556
f 676/1086/555 218/1087/556 220/1090/559
f 746/1091/538 747/1092/560 217/1093/557
f 747/1092/560 746/1091/538 748/1094/561
f 746/1091/538 221/1095/562 748/1094/561
f 746/1051/538 215/1052/539 221/1096/562
f 219/1089/558 344/1097/563 218/1087/556
f 219/1089/558 460/1098/564 344/1097/563
f 215/1099/539 750/1100/565 221/1095/562
f 748/1094/561 221/1095/562 291/1101/566
f 748/1094/561 291/1101/566 749/1102/567
f 749/1102/567 402/1103/568 751/1104/569
f 749/1102/567 291/1101/566 402/1103/568
f 291/1105/566 289/1106/570 402/1107/568
f 751/1104/569 402/1103/568 752/1108/571
f 221/1095/562 750/1100/565 291/1101/566
f 289/1106/570 820/1109/572 446/1110/573
f 234/1054/541 289/1106/570 291/1105/566
f 234/1054/541 365/1055/542 366/1059/543
f 234/1054/541 366/1059/543 289/1106/570
f 289/1106/570 366/1059/543 820/1109/572
f 366/1059/543 294/1008/523 820/1109/572
f 294/1008/523 817/1060/544 820/1109/572
f 820/1109/572 817/1060/544 824/1111/270
f 826/1112/574 827/1113/575 828/1114/576
f 826/1112/574 828/1114/576 829/1115/577
f 435/1116/578 302/1117/579 817/1060/544
f 735/1118/580 312/1119/581 736/1120/582
f 736/1120/582 312/1119/581 737/1121/583
f 737/1121/583 312/1119/581 738/1122/584
f 454/1123/585 317/1124/586 316/1125/587
f 317/1124/586 312/1020/530 316/1125/587
f 312/1020/530 668/1021/531 684/1067/549
f 684/1067/549 311/1066/548 691/1126/588
f 311/1066/548 318/1127/87 691/1126/588
f 311/1128/548 255/1129/34 318/1130/87
f 252/982/153 255/1072/34 311/1066/548
f 251/1026/87 284/1131/217 255/1072/34
f 251/1026/87 718/1031/533 284/1131/217
f 672/1049/354 675/1083/553 273/1078/393
f 675/1083/553 677/1132/589 273/1078/393
f 675/1133/553 676/1134/555 677/1135/589
f 677/1135/589 676/1134/555 678/1136/590
f 676/1086/555 220/1090/559 727/1137/591
f 220/1138/559 726/1139/592 727/1140/591
f 220/1090/559 218/1087/556 540/1141/593
f 751/1142/594 446/1110/573 443/1143/595
f 727/1140/591 726/1139/592 544/1144/596
f 447/1145/597 751/1142/594 443/1143/595
f 727/1137/591 544/1146/596 507/1147/598
f 727/1137/591 507/1147/598 506/1148/599
f 820/1109/572 822/1149/600 446/1110/573
f 446/1110/573 822/1149/600 443/1143/595
f 821/1150/601 822/1151/600 823/1152/602
f 822/1151/600 820/1153/572 823/1152/602
f 820/1109/572 824/1111/270 368/1154/603
f 817/1060/544 825/1155/604 824/1111/270
f 825/1155/604 817/1060/544 292/1156/605
f 312/1020/530 684/1067/549 316/1125/587
f 684/1067/549 691/1157/588 316/1125/587
f 685/1158/217 284/1159/217 686/1160/304
f 284/1159/217 687/1161/153 686/1160/304
f 687/1162/153 265/1163/87 318/1127/87
f 718/1031/533 149/1076/41 272/1164/304
f 272/1164/304 149/1076/41 273/1078/393
f 677/1165/589 353/1166/606 355/1167/607
f 727/1137/591 506/1148/599 353/1166/606
f 353/1166/606 411/1168/608 357/1169/336
f 353/1166/606 357/1169/336 355/1167/607
f 355/1167/607 356/1170/609 724/1171/610
f 411/1168/608 356/1170/609 355/1167/607
f 447/1145/597 443/1143/595 542/1172/611
f 506/1148/599 452/1173/612 353/1166/606
f 443/1143/595 444/1174/613 542/1172/611
f 353/1166/606 452/1173/612 411/1168/608
f 411/1168/608 452/1173/612 356/1170/609
f 444/1174/613 445/1175/614 542/1172/611
f 443/1143/595 819/1176/615 444/1174/613
f 823/1177/602 819/1176/615 443/1143/595
f 823/1177/602 820/1109/572 368/1154/603
f 823/1177/602 368/1154/603 819/1176/615
f 292/1156/605 817/1060/544 302/1117/579
f 431/1178/616 316/1125/587 430/1179/617
f 316/1125/587 691/1157/588 430/1179/617
f 691/1180/588 265/1181/87 383/1182/618
f 383/1182/618 265/1181/87 266/1183/619
f 691/1157/588 318/1127/87 265/1163/87
f 265/1163/87 694/1184/111 266/1185/619
f 265/1186/87 687/1187/153 285/1188/620
f 265/1186/87 285/1188/620 690/1189/621
f 687/1162/153 284/1131/217 285/1190/620
f 285/1190/620 284/1131/217 263/1191/41
f 285/1190/620 263/1191/41 264/1192/620
f 717/1193/294 263/1194/41 462/1195/34
f 284/1131/217 718/1031/533 689/1196/622
f 284/1131/217 689/1196/622 263/1191/41
f 263/1197/41 689/1198/622 260/1199/129
f 718/1200/533 260/1201/129 688/1202/302
f 272/1164/304 330/1203/623 718/1031/533
f 355/1167/607 724/1171/610 677/1132/589
f 677/1204/589 724/1205/610 725/1206/624
f 725/1207/624 850/1208/625 340/1209/626
f 356/1170/609 427/1210/627 724/1171/610
f 724/1211/610 403/1212/628 725/1207/624
f 427/1213/629 679/1214/630 680/1215/631
f 725/1207/624 403/1212/628 850/1208/625
f 356/1170/609 428/1216/632 427/1210/627
f 444/1174/613 476/1217/633 545/1218/634
f 476/1217/633 444/1174/613 351/1219/635
f 476/1217/633 351/1219/635 474/1220/636
f 428/1216/632 429/1221/637 427/1210/627
f 427/1210/627 429/1221/637 403/1222/638
f 444/1174/613 819/1176/615 349/1223/639
f 351/1219/635 444/1174/613 350/1224/640
f 403/1212/628 361/1225/641 850/1208/625
f 819/1226/615 348/1227/642 349/1228/639
f 348/1229/642 819/1230/615 368/1231/603
f 444/1174/613 349/1223/639 348/1232/642
f 348/1233/642 368/1234/603 295/1235/486
f 295/1236/486 368/1237/603 818/1238/643
f 293/1239/644 824/1111/270 825/1155/604
f 432/1240/645 431/1178/616 388/1241/646
f 431/1178/616 430/1179/617 388/1241/646
f 388/1242/646 430/1243/617 691/1244/588
f 383/1182/618 266/1183/619 692/1245/446
f 691/1157/588 695/1246/647 385/1247/648
f 383/1248/618 384/1249/649 691/1157/588
f 691/1157/588 384/1249/649 695/1246/647
f 266/1183/619 693/1250/88 692/1245/446
f 265/1163/87 264/1251/620 694/1184/111
f 384/1252/649 694/1253/111 695/1254/647
f 264/1251/620 462/1255/34 694/1184/111
f 694/1184/111 462/1255/34 695/1246/647
f 462/1255/34 263/1191/41 695/1246/647
f 260/1256/129 695/1246/647 263/1191/41
f 260/1256/129 434/1257/650 695/1246/647
f 260/1256/129 261/1258/651 434/1257/650
f 718/1031/533 261/1258/651 260/1256/129
f 718/1259/533 395/1260/652 261/1261/651
f 718/1031/533 408/1262/653 395/1263/652
f 718/1031/533 327/1264/654 408/1262/653
f 718/1031/533 331/1265/655 327/1264/654
f 718/1031/533 330/1203/623 331/1265/655
f 682/1266/152 323/1267/656 331/1268/655
f 681/1269/657 273/1270/393 682/1271/658
f 323/1272/656 330/1273/659 721/1274/660
f 273/1078/393 677/1132/589 682/1275/658
f 682/1275/658 721/1274/660 330/1273/659
f 677/1132/589 340/1209/626 682/1275/658
f 682/1275/658 340/1209/626 721/1274/660
f 725/1207/624 340/1209/626 677/1132/589
f 340/1209/626 850/1208/625 352/1276/661
f 850/1208/625 361/1277/641 352/1276/661
f 352/1278/661 361/1279/641 342/1280/662
f 444/1174/613 348/1232/642 350/1224/640
f 295/1281/486 299/1282/663 348/1232/642
f 301/1283/664 348/1232/642 299/1282/663
f 295/1281/486 293/1239/644 299/1284/663
f 293/1239/644 825/1155/604 299/1284/663
f 299/1284/663 825/1155/604 298/1285/665
f 825/1155/604 297/1286/666 298/1285/665
f 825/1155/604 292/1156/605 297/1286/666
f 302/1117/579 296/1287/667 292/1156/605
f 432/1240/645 388/1241/646 386/1288/668
f 432/1240/645 386/1288/668 412/1289/669
f 691/1157/588 386/1288/668 388/1241/646
f 691/1157/588 385/1247/648 386/1288/668
f 386/1288/668 385/1247/648 387/1290/670
f 385/1247/648 441/1291/671 387/1290/670
f 385/1247/648 696/1292/672 441/1291/671
f 385/1293/648 695/1294/647 696/1295/672
f 696/1296/672 695/1297/647 338/1298/673
f 695/1297/647 434/1257/650 338/1298/673
f 434/1257/650 262/1299/674 338/1298/673
f 434/1257/650 381/1300/675 262/1299/674
f 434/1257/650 261/1258/651 381/1300/675
f 381/1300/675 543/1301/676 262/1299/674
f 543/1301/676 381/1302/675 337/1303/677
f 261/1258/651 337/1303/677 381/1302/675
f 261/1258/651 382/1304/678 337/1303/677
f 261/1258/651 395/1305/652 382/1304/678
f 395/1263/652 408/1262/653 328/1306/679
f 395/1307/680 719/1308/681 720/1309/682
f 395/1263/652 328/1306/679 329/1310/683
f 408/1262/653 327/1264/654 328/1306/679
f 327/1264/654 325/1311/684 328/1306/679
f 327/1264/654 331/1265/655 325/1311/684
f 331/1265/655 535/1312/685 325/1311/684
f 331/1265/655 463/1313/686 535/1312/685
f 323/1272/656 721/1274/660 331/1265/655
f 721/1274/660 324/1314/687 331/1265/655
f 331/1265/655 326/1315/688 463/1313/686
f 331/1265/655 324/1314/687 326/1315/688
f 324/1314/687 453/1316/689 326/1315/688
f 721/1317/660 340/1318/626 722/1319/690
f 722/1319/690 340/1318/626 723/1320/691
f 340/1209/626 352/1321/661 343/1322/692
f 340/1209/626 343/1322/692 341/1323/693
f 341/1323/693 343/1322/692 469/1324/694
f 352/1321/661 342/1325/662 343/1322/692
f 350/1224/640 301/1283/664 509/1326/695
f 348/1232/642 301/1283/664 350/1224/640
f 299/1282/663 300/1327/696 301/1283/664
f 299/1282/663 298/1285/665 300/1327/696
f 292/1156/605 466/1328/697 297/1286/666
f 292/1156/605 296/1287/667 466/1328/697
f 297/1286/666 466/1328/697 4190/1329/698
f 296/1287/667 433/1330/699 466/1328/697
f 466/1328/697 436/1331/700 4190/1329/698
f 933/1332/701 934/1333/702 927/1334/703
f 928/1335/704 927/1334/703 926/1336/705
f 926/1336/705 927/1334/703 937/1337/706
f 932/1338/707 938/1339/708 930/1340/709
f 931/1341/710 930/1340/709 963/1342/711
f 935/1343/712 963/1342/711 936/1344/713
f 1040/1345/714 939/1346/715 1029/1347/716
f 1040/1345/714 1029/1347/716 1030/1348/717
f 886/1349/718 2980/1350/719 3197/1351/720
f 918/1352/721 911/1353/722 865/1354/723
f 864/1355/724 865/1354/723 879/1356/725
f 1051/1357/726 1015/1358/727 934/1333/702
f 934/1333/702 1015/1358/727 927/1334/703
f 927/1334/703 1015/1358/727 1017/1359/728
f 937/1337/706 927/1334/703 976/1360/729
f 927/1334/703 1017/1359/728 976/1360/729
f 937/1337/706 976/1360/729 929/1361/730
f 938/1339/708 929/1361/730 974/1362/731
f 930/1340/709 938/1339/708 963/1342/711
f 938/1339/708 974/1362/731 963/1342/711
f 963/1342/711 939/1346/715 936/1344/713
f 1029/1347/716 939/1346/715 1713/1363/732
f 939/1346/715 954/1364/733 1713/1363/732
f 3107/1365/734 3197/1351/720 2980/1350/719
f 3107/1365/734 910/1366/735 3197/1351/720
f 3197/1351/720 910/1366/735 912/1367/736
f 911/1353/722 909/1368/737 870/1369/738
f 911/1353/722 870/1369/738 865/1354/723
f 865/1354/723 880/1370/739 879/1356/725
f 865/1354/723 870/1369/738 880/1370/739
f 880/1370/739 870/1369/738 896/1371/740
f 1069/1372/741 1065/1373/742 1067/1374/743
f 1065/1373/742 1066/1375/744 1067/1374/743
f 1015/1358/727 1014/1376/745 1017/1359/728
f 976/1360/729 974/1362/731 929/1361/730
f 939/1346/715 963/1342/711 943/1377/746
f 943/1377/746 963/1342/711 959/1378/747
f 939/1346/715 943/1377/746 954/1364/733
f 954/1364/733 943/1377/746 1031/1379/748
f 959/1378/747 946/1380/749 943/1377/746
f 1713/1363/732 954/1364/733 1049/1381/750
f 916/1382/751 899/1383/752 910/1366/735
f 954/1364/733 1031/1379/748 955/1384/753
f 897/1385/754 898/1386/755 899/1383/752
f 899/1383/752 898/1386/755 910/1366/735
f 1031/1379/748 943/1377/746 1055/1387/756
f 897/1385/754 915/1388/757 898/1386/755
f 943/1377/746 945/1389/758 944/1390/759
f 943/1377/746 946/1380/749 945/1389/758
f 945/1389/758 946/1380/749 947/1391/760
f 921/1392/761 922/1393/762 898/1394/763
f 910/1366/735 898/1386/755 909/1368/737
f 912/1367/736 910/1366/735 909/1368/737
f 1065/1373/742 1068/1395/764 1066/1375/744
f 1020/1396/765 1014/1376/745 1037/1397/766
f 1037/1397/766 1014/1376/745 1016/1398/767
f 1016/1398/767 1014/1376/745 1015/1358/727
f 1017/1359/728 1014/1376/745 974/1362/731
f 1014/1376/745 979/1399/768 974/1362/731
f 898/1394/763 922/1393/762 914/1400/769
f 1020/1396/765 1021/1401/770 1014/1376/745
f 1113/1402/771 1045/1403/772 1114/1404/773
f 1113/1402/771 1115/1405/774 1045/1403/772
f 1021/1401/770 1013/1406/775 1014/1376/745
f 974/1362/731 975/1407/768 963/1342/711
f 959/1378/747 1096/1408/776 1028/1409/777
f 959/1378/747 1094/1410/778 1096/1408/776
f 914/1400/769 867/1411/779 898/1394/763
f 909/1368/737 898/1386/755 868/1412/780
f 909/1368/737 868/1412/780 870/1369/738
f 1115/1405/774 1117/1413/781 1045/1403/772
f 1045/1414/782 1022/1415/783 1013/1406/775
f 1115/1405/774 1116/1416/784 1117/1413/781
f 1022/1415/783 1012/1417/785 1013/1406/775
f 1013/1406/775 1012/1417/785 1014/1376/745
f 1014/1376/745 1012/1417/785 1019/1418/786
f 1012/1417/785 1018/1419/786 1019/1418/786
f 1014/1376/745 1018/1419/768 980/1420/768
f 1018/1419/768 984/1421/768 980/1420/768
f 1018/1419/786 1012/1417/785 985/1422/787
f 984/1421/768 985/1422/787 980/1420/768
f 1014/1376/745 980/1420/768 979/1399/768
f 974/1362/731 979/1399/768 977/1423/768
f 974/1362/731 977/1423/768 975/1407/768
f 963/1342/711 975/1407/768 959/1378/747
f 1027/1424/788 1094/1410/778 1026/1425/789
f 1094/1410/778 959/1378/747 1026/1425/789
f 959/1378/747 958/1426/790 1026/1425/789
f 1094/1427/778 1095/1428/791 1096/1429/776
f 1095/1428/791 1097/1430/792 1096/1429/776
f 1095/1428/791 1098/1431/793 1097/1430/792
f 1022/1415/783 1035/1432/794 1012/1417/785
f 980/1420/768 985/1422/787 977/1423/768
f 977/1423/768 978/1433/768 975/1407/768
f 975/1407/768 957/1434/795 959/1378/747
f 959/1378/747 957/1434/795 958/1426/790
f 958/1426/790 957/1434/795 956/1435/796
f 890/1436/797 868/1412/780 898/1386/755
f 890/1436/797 877/1437/798 868/1412/780
f 985/1422/787 983/1438/799 977/1423/768
f 862/1439/800 863/1440/801 867/1411/779
f 867/1411/779 913/1441/802 898/1394/763
f 867/1411/779 890/1436/797 913/1441/802
f 1087/1442/803 1089/1443/804 1088/1444/805
f 993/1445/806 994/1446/807 985/1422/787
f 1012/1417/785 993/1445/806 985/1422/787
f 983/1438/799 985/1422/787 978/1433/768
f 1024/1447/768 952/1448/808 957/1434/795
f 957/1434/795 952/1448/808 942/1449/809
f 957/1434/795 942/1449/809 956/1435/796
f 867/1411/779 863/1440/801 890/1436/797
f 868/1412/780 877/1437/798 869/1450/810
f 994/1446/807 1047/1451/811 1083/1452/812
f 1089/1443/804 1090/1453/813 1088/1444/805
f 1083/1452/812 985/1422/787 994/1446/807
f 1083/1452/812 996/1454/814 985/1422/787
f 942/1449/809 941/1455/815 940/1456/816
f 863/1440/801 917/1457/817 890/1436/797
f 941/1455/815 942/1449/809 1059/1458/818
f 942/1449/809 1044/1459/819 1059/1458/818
f 917/1457/817 907/1460/820 890/1436/797
f 1078/1461/821 1081/1462/822 1083/1463/823
f 996/1454/814 1080/1464/824 985/1422/787
f 985/1422/787 981/1465/825 978/1433/768
f 975/1407/768 1025/1466/768 1024/1447/768
f 942/1449/809 952/1448/808 1044/1459/819
f 952/1448/808 951/1467/826 1044/1459/819
f 907/1460/820 895/1468/827 890/1436/797
f 951/1467/826 952/1448/808 953/1469/828
f 888/1470/829 890/1436/797 891/1471/830
f 895/1468/827 891/1471/830 890/1436/797
f 888/1470/829 889/1472/831 890/1436/797
f 889/1472/831 892/1473/832 890/1436/797
f 1078/1461/821 1079/1474/833 1080/1475/834
f 1078/1461/821 1080/1475/834 1081/1462/822
f 978/1433/768 981/1465/825 854/1476/835
f 854/1476/835 855/1477/731 978/1433/768
f 855/1477/731 975/1407/768 978/1433/768
f 952/1448/808 1024/1447/768 961/1478/836
f 952/1448/808 961/1478/836 960/1479/837
f 960/1479/837 950/1480/838 952/1448/808
f 950/1480/838 960/1479/837 949/1481/839
f 950/1480/838 949/1481/839 948/1482/840
f 960/1483/837 961/1484/836 1118/1485/841
f 960/1483/837 1118/1485/841 1119/1486/842
f 961/1484/836 1120/1487/843 1118/1485/841
f 892/1473/832 900/1488/844 901/1489/845
f 901/1489/845 902/1490/846 892/1473/832
f 892/1473/832 877/1437/798 890/1436/797
f 877/1437/798 892/1473/832 1103/1491/847
f 877/1437/798 1103/1491/847 878/1492/848
f 1079/1474/833 1082/1493/849 1080/1475/834
f 1079/1474/833 1046/1494/850 1082/1493/849
f 1046/1495/851 1011/1496/852 997/1497/853
f 1080/1464/824 855/1477/731 985/1422/787
f 985/1422/787 855/1477/731 981/1465/825
f 855/1477/731 1025/1498/768 975/1407/768
f 1024/1447/768 1025/1466/768 961/1478/836
f 961/1478/836 1108/1499/854 1111/1500/855
f 961/1478/836 1111/1500/855 1041/1501/856
f 1111/1502/855 1108/1503/854 1110/1504/857
f 902/1490/846 903/1505/858 892/1473/832
f 1108/1503/854 1109/1506/859 1110/1504/857
f 1108/1503/854 1112/1507/860 1109/1506/859
f 903/1505/858 884/1508/861 892/1473/832
f 1103/1509/847 1104/1510/862 878/1511/848
f 1103/1491/847 908/1512/863 919/1513/864
f 1106/1514/865 1107/1515/866 1011/1516/867
f 997/1497/853 1011/1496/852 995/1517/868
f 997/1497/853 995/1517/868 1080/1464/824
f 1080/1464/824 995/1517/868 855/1477/731
f 961/1478/836 964/1518/869 1108/1499/854
f 1108/1499/854 1036/1519/870 962/1520/871
f 1108/1499/854 1058/1521/872 1036/1519/870
f 892/1473/832 884/1508/861 1103/1491/847
f 884/1508/861 875/1522/873 1103/1491/847
f 1103/1491/847 875/1522/873 908/1512/863
f 1105/1523/874 885/1524/875 1104/1510/876
f 908/1512/863 875/1522/873 885/1525/877
f 1011/1496/852 998/1526/878 995/1517/868
f 998/1526/878 1010/1527/879 995/1517/868
f 1025/1466/768 968/1528/880 961/1478/836
f 1039/1529/881 995/1517/868 1010/1527/879
f 1039/1529/881 999/1530/882 995/1517/868
f 855/1477/731 982/1531/883 1025/1498/768
f 961/1478/836 968/1528/880 964/1518/869
f 1108/1499/854 964/1518/869 1058/1521/872
f 894/1532/884 904/1533/885 884/1508/861
f 884/1508/861 876/1534/886 875/1522/873
f 1052/1535/887 1101/1536/888 999/1530/882
f 1102/1537/889 1099/1538/890 1101/1539/891
f 999/1530/882 1101/1536/888 995/1540/868
f 1101/1536/888 1004/1541/892 995/1540/868
f 1058/1521/872 964/1518/869 1056/1542/893
f 884/1508/861 904/1533/885 876/1534/886
f 1099/1538/890 1100/1543/894 1101/1539/891
f 1057/1544/895 1005/1545/896 1004/1541/892
f 995/1517/868 982/1531/883 855/1477/731
f 1127/1546/897 1128/1547/898 1126/1548/899
f 1048/1549/900 1006/1550/901 1005/1545/896
f 1005/1545/896 995/1540/868 1004/1541/892
f 995/1517/868 990/1551/902 982/1531/883
f 871/1552/903 872/1553/904 904/1533/885
f 872/1553/904 887/1554/905 904/1533/885
f 904/1533/885 893/1555/906 876/1534/886
f 876/1534/886 874/1556/907 873/1557/908
f 1091/1558/909 1043/1559/910 1006/1560/901
f 1006/1550/901 1043/1561/910 1003/1562/911
f 1006/1550/901 1003/1562/911 1005/1545/896
f 1091/1558/909 1092/1563/912 1043/1559/910
f 1092/1563/912 1003/1564/911 1043/1559/910
f 990/1551/902 986/1565/913 982/1531/883
f 968/1528/880 966/1566/914 964/1518/869
f 968/1528/880 967/1567/915 966/1566/914
f 966/1566/914 965/1568/916 964/1518/869
f 923/1569/917 965/1570/918 924/1571/919
f 965/1570/918 1050/1572/920 924/1571/919
f 887/1554/905 906/1573/921 904/1533/885
f 904/1533/885 906/1573/921 893/1555/906
f 876/1534/886 893/1555/906 874/1556/907
f 1092/1563/912 1093/1574/922 1003/1564/911
f 1005/1545/896 1003/1562/911 995/1540/868
f 1003/1562/911 1007/1575/923 1000/1576/924
f 995/1540/868 1003/1562/911 1000/1576/924
f 990/1551/902 1000/1577/925 986/1565/913
f 986/1565/913 973/1578/926 982/1531/883
f 982/1531/883 973/1578/926 972/1579/927
f 982/1531/883 972/1579/927 968/1528/880
f 968/1528/880 972/1579/927 967/1567/915
f 966/1566/914 967/1567/915 1042/1580/928
f 965/1570/918 925/1581/929 1050/1572/920
f 966/1566/914 1042/1580/928 1050/1582/930
f 905/1583/931 920/1584/932 893/1555/906
f 1008/1585/933 1009/1586/934 1007/1575/923
f 1009/1586/934 1038/1587/935 1001/1588/936
f 1007/1575/923 1009/1586/934 1001/1588/936
f 1007/1575/923 1001/1588/936 1000/1576/924
f 1000/1577/925 992/1589/937 986/1565/913
f 973/1578/926 992/1590/938 991/1591/939
f 967/1567/915 972/1579/927 969/1592/940
f 1042/1580/928 967/1567/915 1060/1593/941
f 861/1594/942 859/1595/943 906/1573/921
f 906/1573/921 866/1596/944 893/1555/906
f 893/1555/906 866/1596/944 905/1583/931
f 866/1596/944 881/1597/945 905/1583/931
f 905/1583/931 881/1597/945 883/1598/946
f 1038/1587/935 1002/1599/947 1001/1588/936
f 1002/1599/947 1054/1600/948 1001/1588/936
f 1085/1601/949 1084/1602/950 1086/1603/951
f 1064/1604/952 1063/1605/953 1062/1606/954
f 992/1590/938 1061/1607/955 991/1591/939
f 991/1591/939 988/1608/956 973/1578/926
f 1074/1609/957 1075/1610/958 1076/1611/959
f 1074/1609/957 1076/1611/959 1077/1612/960
f 973/1578/926 988/1608/956 989/1613/961
f 973/1578/926 989/1613/961 1033/1614/962
f 856/1615/963 858/1616/964 857/1617/965
f 973/1578/926 1033/1614/962 1023/1618/966
f 1023/1618/966 987/1619/967 973/1578/926
f 973/1578/926 987/1619/967 972/1579/927
f 969/1592/940 1053/1620/968 1034/1621/969
f 967/1567/915 969/1592/940 971/1622/970
f 1034/1621/969 971/1622/970 969/1592/940
f 967/1567/915 971/1622/970 970/1623/971
f 971/1622/970 1032/1624/972 970/1623/971
f 1124/1625/973 1125/1626/974 1121/1627/975
f 1121/1627/975 1125/1626/974 1122/1628/976
f 1121/1627/975 1122/1628/976 1123/1629/977
f 1070/1630/978 1072/1631/979 1071/1632/980
f 859/1595/943 860/1633/981 906/1573/921
f 1072/1631/979 1073/1634/982 1071/1632/980
f 860/1633/981 866/1596/944 906/1573/921
f 1131/1635/983 1180/1636/984 1154/1637/985
f 1186/1638/986 1164/1639/987 1167/1640/988
f 1179/1641/989 1162/1642/990 1164/1639/987
f 1162/1642/990 1174/1643/991 1173/1644/992
f 1174/1643/991 1185/1645/993 1175/1646/994
f 1175/1646/994 1176/1647/995 1173/1644/992
f 1201/1648/996 1200/1649/997 1202/1650/998
f 1201/1648/996 1199/1651/999 1200/1649/997
f 1199/1651/999 258/1652/1000 1200/1649/997
f 258/1652/1000 1197/1653/1001 1200/1649/997
f 1197/1653/1001 1198/1654/1002 1200/1649/997
f 258/1652/1000 1195/1655/1003 1197/1653/1001
f 258/1652/1000 1196/1656/1004 1195/1655/1003
f 1188/1657/1005 1131/1635/983 1187/1658/1006
f 1187/1658/1006 1131/1635/983 1130/1659/1007
f 1131/1635/983 1154/1637/985 1130/1659/1007
f 1165/1660/1008 1166/1661/1009 1163/1662/1010
f 1166/1661/1009 1164/1639/987 1163/1662/1010
f 1167/1640/988 1164/1639/987 1166/1661/1009
f 1174/1643/991 1175/1646/994 1173/1644/992
f 4820/1663/1011 1177/1664/1012 1172/1665/1013
f 1177/1664/1012 1183/1666/1014 1172/1665/1013
f 1154/1637/985 1163/1662/1010 1130/1659/1007
f 1173/1644/992 4823/1667/1015 1160/1668/1016
f 1176/1647/995 4823/1667/1015 1173/1644/992
f 4823/1667/1015 4820/1663/1011 1160/1668/1016
f 4820/1663/1011 1172/1665/1013 1160/1668/1016
f 1181/1669/1017 1130/1659/1007 1132/1670/1018
f 1129/1671/1019 1132/1670/1018 1163/1662/1010
f 1130/1659/1007 1163/1662/1010 1132/1670/1018
f 1154/1637/985 1165/1660/1008 1163/1662/1010
f 1162/1642/990 1173/1644/992 1160/1668/1016
f 1172/1672/1013 1171/1673/1020 1169/1674/1021
f 1129/1671/1019 1163/1662/1010 1133/1675/1022
f 1163/1662/1010 1164/1639/987 1162/1642/990
f 1163/1662/1010 1162/1642/990 1155/1676/1023
f 1160/1668/1016 1155/1676/1023 1162/1642/990
f 1172/1672/1013 1169/1674/1021 1168/1677/1024
f 1169/1674/1021 1170/1678/1025 1168/1677/1024
f 1203/1679/1026 993/1680/1027 1204/1681/1028
f 1133/1675/1022 1163/1662/1010 1134/1682/1029
f 1170/1678/1025 1182/1683/1030 1168/1677/1024
f 1134/1682/1029 1135/1684/1031 1136/1685/1032
f 1134/1682/1029 1163/1662/1010 1135/1684/1031
f 1172/1672/1013 1168/1677/1024 1160/1686/1016
f 1160/1686/1016 1168/1677/1024 1161/1687/1033
f 1161/1687/1033 1159/1688/1034 1160/1686/1016
f 1168/1677/1024 1178/1689/1035 1161/1687/1033
f 1160/1686/1016 1159/1688/1034 1158/1690/1036
f 1192/1691/1037 1136/1692/1038 1137/1693/1039
f 1137/1693/1039 1136/1692/1038 1138/1694/1040
f 1136/1692/1038 1163/1662/1041 1148/1695/1023
f 1160/1686/1016 1158/1690/1036 1153/1696/1042
f 1158/1690/1036 1157/1697/1043 1153/1696/1042
f 1136/1692/1038 1146/1698/1044 1138/1694/1040
f 1139/1699/1045 1138/1694/1040 1146/1698/1044
f 1136/1692/1038 1148/1695/1023 1146/1698/1044
f 1160/1686/1016 1148/1695/1046 1155/1676/1023
f 1153/1696/1042 1157/1697/1043 1156/1700/1047
f 1160/1686/1016 1151/1701/1048 1148/1695/1046
f 1160/1686/1016 1153/1696/1042 1151/1701/1048
f 1191/1702/1049 1146/1698/1050 1140/1703/1051
f 1194/1704/1052 1148/1695/1046 1145/1705/1053
f 1153/1696/1042 1152/1706/1054 1151/1701/1048
f 1140/1703/1051 1142/1707/1055 1141/1708/1056
f 1146/1698/1050 1142/1707/1055 1140/1703/1051
f 1142/1707/1055 1146/1698/1050 1147/1709/1057
f 1147/1709/1057 1194/1704/1052 1142/1707/1055
f 1147/1709/1057 1148/1695/1046 1194/1704/1052
f 1145/1705/1053 1148/1695/1046 1151/1701/1048
f 1145/1705/1053 1151/1701/1048 1149/1710/1058
f 1150/1711/1059 1151/1701/1048 1189/1712/1060
f 1184/1713/1061 1142/1707/1055 1143/1714/1062
f 1142/1707/1055 6851/1715/1063 1143/1714/1062
f 1142/1707/1055 1194/1704/1052 6851/1715/1063
f 1194/1704/1052 1145/1705/1053 1144/1716/1064
f 1145/1705/1053 1190/1717/1065 1144/1716/1064
f 1145/1705/1053 1193/1718/1066 1190/1717/1065
f 1149/1710/1058 1151/1701/1048 1150/1711/1059
f 1251/1719/1067 1241/1720/1068 1229/1721/1069
f 1227/1722/1070 1224/1723/1071 1286/1724/1072
f 1229/1721/1069 1241/1720/1068 1228/1725/1073
f 1228/1725/1073 1241/1720/1068 1227/1722/1070
f 1241/1720/1068 1223/1726/1074 1227/1722/1070
f 1224/1723/1071 1227/1722/1070 1225/1727/1075
f 1241/1720/1068 1230/1728/1076 1223/1726/1074
f 1227/1722/1070 1223/1726/1074 1225/1727/1075
f 1223/1726/1074 1226/1729/1077 1225/1727/1075
f 1223/1726/1074 4732/1730/1078 1226/1729/1077
f 1223/1726/1074 1230/1728/1076 4740/1731/1079
f 4740/1731/1079 1231/1732/1080 1232/1733/1081
f 1241/1720/1068 1242/1734/1082 1230/1728/1076
f 4740/1731/1079 1233/1735/1083 1231/1732/1080
f 1243/1736/1082 4740/1731/1079 1230/1728/1076
f 1233/1735/1083 4740/1731/1079 1234/1737/1084
f 1243/1736/1082 1235/1738/1085 4740/1731/1079
f 4740/1731/1079 1235/1738/1085 1234/1737/1084
f 1219/1739/1086 1217/1740/1087 1218/1741/1088
f 1235/1738/1085 1221/1742/1089 1234/1737/1084
f 1221/1742/1089 1222/1743/1090 1234/1737/1084
f 1243/1736/1082 1242/1744/1091 1236/1745/1092
f 1243/1736/1082 1236/1745/1092 1235/1738/1085
f 1219/1739/1086 1214/1746/1093 1217/1740/1087
f 1214/1746/1093 1216/1747/1094 1217/1740/1087
f 1216/1747/1094 1214/1746/1093 1215/1748/1095
f 1236/1745/1092 1238/1749/1096 1237/1750/1097
f 1242/1744/1091 1244/1751/1098 1236/1745/1092
f 1236/1745/1092 1240/1752/1099 1239/1753/1100
f 1236/1745/1092 1239/1753/1100 1238/1749/1096
f 1238/1749/1096 1239/1753/1100 1245/1754/1101
f 1236/1745/1092 1244/1751/1098 1240/1752/1099
f 1295/1755/1102 1244/1751/1098 1242/1756/1091
f 1219/1739/1086 1218/1741/1088 1220/1757/1103
f 1206/1758/1104 1205/1759/1105 1208/1760/1106
f 1205/1759/1105 1209/1761/1107 1208/1760/1106
f 1205/1759/1105 1207/1762/1108 1209/1761/1107
f 1213/1763/1109 1210/1764/1110 1211/1765/1111
f 1211/1765/1111 1210/1764/1110 1212/1766/1112
f 1288/1767/1113 1279/1768/1114 1283/1769/1115
f 1288/1770/1116 1286/1771/1117 1285/1772/1118
f 1287/1773/1119 1286/1771/1117 1284/1774/1120
f 1286/1771/1117 1287/1773/1119 1285/1772/1118
f 1284/1774/1120 1286/1771/1117 1290/1775/1121
f 1281/1776/1122 1283/1769/1115 1249/1777/1123
f 1280/1778/1124 1283/1769/1115 1279/1768/1114
f 1278/1779/1125 1285/1772/1125 1284/1774/1125
f 1249/1777/1123 1283/1769/1115 1277/1780/1126
f 1283/1769/1115 1280/1778/1124 1277/1780/1126
f 1280/1778/1124 1279/1768/1114 1282/1781/1127
f 1280/1778/1124 1282/1781/1127 1274/1782/1128
f 1288/1767/1113 1278/1779/1129 1279/1768/1114
f 1250/1783/1130 1251/1784/1131 1281/1776/1122
f 1280/1778/1124 1274/1782/1128 1249/1777/1123
f 1279/1768/1114 1278/1779/1129 1276/1785/1132
f 1276/1785/1132 1278/1779/1129 1271/1786/1133
f 1250/1783/1130 1249/1777/1123 1248/1787/1134
f 1250/1783/1130 1281/1776/1122 1249/1777/1123
f 1274/1782/1127 1279/1768/1127 1275/1788/1127
f 1248/1787/1134 1249/1777/1123 1252/1789/1135
f 1249/1777/1123 1269/1790/1136 1252/1789/1135
f 1249/1777/1123 1274/1782/1128 1269/1790/1136
f 1274/1782/1127 1275/1788/1127 1267/1791/1127
f 1275/1788/1127 1276/1785/1132 1273/1792/1137
f 1276/1785/1132 1271/1786/1133 1273/1792/1137
f 1269/1790/1136 1268/1793/1138 1253/1794/1139
f 1269/1790/1136 1274/1782/1128 1268/1793/1138
f 1253/1794/1139 1268/1793/1138 1255/1795/1140
f 1270/1796/1141 1274/1782/1127 1267/1791/1127
f 1254/1797/1142 1253/1794/1139 1255/1795/1140
f 1274/1782/1127 1270/1798/1141 1255/1795/1143
f 1247/1799/1144 1272/1800/1145 1271/1801/1146
f 1247/1799/1144 1246/1802/1147 1272/1800/1145
f 1267/1791/1127 1273/1792/1137 1270/1798/1141
f 1272/1800/1145 1246/1802/1147 1263/1803/1148
f 1273/1792/1137 1266/1804/1149 1270/1798/1141
f 1266/1804/1149 1273/1792/1137 1262/1805/1150
f 1273/1792/1137 1271/1786/1133 1262/1805/1150
f 1270/1798/1141 1266/1804/1149 1259/1806/1151
f 1255/1795/1143 1270/1798/1141 1325/1807/1152
f 1270/1798/1141 1256/1808/1153 1325/1807/1152
f 1262/1805/1150 1265/1809/1154 1266/1804/1149
f 1256/1808/1153 1270/1798/1141 1259/1806/1151
f 1259/1806/1151 1266/1804/1149 1264/1810/1155
f 1264/1810/1156 1265/1809/1154 1262/1805/1150
f 1272/1800/1145 1263/1803/1148 1262/1805/1150
f 1264/1811/1156 1262/1805/1150 1263/1803/1148
f 1316/1812/1157 1256/1808/1153 1257/1813/1158
f 1257/1813/1158 1256/1808/1153 1258/1814/1159
f 1264/1811/1156 1263/1803/1148 1261/1815/1160
f 1256/1808/1153 1259/1806/1151 1258/1814/1159
f 1263/1803/1148 1260/1816/1161 1261/1815/1160
f 1260/1816/1161 1289/1817/1162 1261/1815/1160
f 1251/1818/1163 1292/1819/1164 1327/1820/1165
f 1327/1821/1166 1291/1822/1167 1293/1823/1168
f 1251/1818/1163 1319/1824/1169 1292/1819/1164
f 1292/1819/1164 1319/1824/1169 1291/1822/1167
f 1291/1822/1167 1319/1824/1169 1293/1823/1168
f 1294/1825/1170 1298/1826/1171 1295/1827/1172
f 1319/1824/1169 1309/1828/1173 1293/1823/1168
f 1309/1828/1173 1294/1829/1174 1293/1830/1168
f 1294/1825/1170 1307/1831/1175 1304/1832/1176
f 1294/1825/1170 1304/1832/1176 1298/1826/1171
f 1298/1826/1171 1297/1833/1177 1296/1834/1178
f 1296/1834/1178 1295/1827/1172 1298/1826/1171
f 1322/1835/1179 1309/1828/1173 1319/1824/1169
f 1294/1825/1170 1308/1836/1180 1307/1831/1175
f 1322/1835/1179 1321/1837/1181 1309/1828/1173
f 1326/1838/1182 1323/1839/1183 1322/1835/1179
f 1322/1835/1179 1323/1839/1183 1321/1837/1181
f 1308/1836/1180 1306/1840/1180 1307/1831/1175
f 1307/1831/1175 1306/1840/1180 1298/1826/1180
f 1326/1838/1184 1324/1841/1185 1321/1837/1186
f 1309/1828/1173 1318/1842/1187 1308/1836/1180
f 1308/1836/1180 1310/1843/1180 1313/1844/1180
f 1313/1844/1180 1310/1843/1180 1306/1840/1188
f 1321/1837/1181 1320/1845/1180 1309/1828/1173
f 1309/1828/1173 1320/1845/1180 1318/1842/1187
f 1308/1836/1180 1318/1842/1187 1315/1846/1175
f 1308/1836/1180 1315/1846/1175 1310/1843/1180
f 1324/1841/1185 1325/1847/1189 1321/1837/1186
f 1310/1843/1180 1312/1848/1175 1306/1840/1188
f 1298/1826/1180 1306/1840/1180 1301/1849/1180
f 1298/1826/1171 1299/1850/1190 1297/1833/1177
f 1298/1826/1171 1300/1851/1191 1299/1850/1190
f 1299/1850/1190 1300/1851/1191 5111/1852/1192
f 1325/1847/1189 1317/1853/1193 1321/1837/1186
f 1312/1848/1175 1311/1854/1194 1306/1840/1188
f 1321/1837/1186 1317/1853/1193 1318/1842/1187
f 1312/1848/1175 1315/1846/1175 1311/1854/1194
f 1301/1849/1195 1303/1855/1188 1305/1856/1196
f 1301/1849/1195 5111/1852/1192 1300/1851/1191
f 1301/1849/1195 1305/1856/1196 5111/1852/1192
f 1318/1842/1187 1317/1853/1193 1315/1846/1175
f 1311/1854/1194 1305/1856/1196 1306/1840/1188
f 1306/1840/1188 1305/1856/1196 1303/1855/1188
f 1315/1846/1175 1317/1853/1193 1314/1857/1197
f 1305/1856/1196 1302/1858/1198 5111/1852/1192
f 1317/1853/1193 1316/1859/1199 1314/1857/1197
f 1314/1860/1200 1305/1856/1196 1311/1854/1194
f 1331/1861/1201 1330/1862/1202 1328/1863/1203
f 1328/1863/1203 1330/1862/1202 1329/1864/1204
f 1328/1863/1203 1329/1864/1204 1332/1865/1205
f 1328/1863/1203 1332/1865/1205 1333/1866/1206
f 1333/1866/1206 1332/1865/1205 1334/1867/1207
f 1335/1868/1208 496/1869/1209 1336/1870/1210
f 1712/1871/1211 1963/1872/1212 1719/1873/1213
f 1719/1873/1214 1718/1874/1215 1701/1875/1216
f 1709/1876/1217 1708/1877/1218 1707/1878/1219
f 1709/1876/1217 1707/1878/1219 1725/1879/1220
f 1707/1880/1221 1745/1881/1222 1747/1882/1223
f 1747/1882/1223 1744/1883/1224 1752/1884/1225
f 2079/1885/1226 1744/1886/1224 1751/1887/1227
f 1752/1888/1228 1751/1889/1227 1750/1890/1229
f 1751/1889/1227 1744/1883/1224 1750/1890/1229
f 1754/1891/1230 1750/1890/1229 1753/1892/1231
f 1753/1892/1231 1750/1890/1229 1738/1893/1232
f 1739/1894/1233 1738/1893/1232 1729/1895/1234
f 1739/1894/1233 1729/1895/1234 1741/1896/1235
f 1959/1897/1236 1729/1898/1234 1740/1899/1237
f 1959/1897/1236 1740/1899/1237 1960/1900/1238
f 1737/1901/1239 1740/1902/1237 1733/1903/1240
f 1735/1904/1241 1736/1905/1242 1889/1906/1243
f 1853/1907/1244 1881/1908/1245 1783/1909/1246
f 1785/1910/1247 1784/1911/1248 1786/1912/1249
f 1789/1913/1250 1788/1914/1251 1790/1915/1252
f 1789/1913/1250 1786/1912/1249 1788/1914/1251
f 1788/1914/1251 1787/1916/1253 1794/1917/1254
f 1794/1918/1255 1868/1919/1256 1793/1920/1257
f 1794/1918/1255 1793/1920/1257 1797/1921/1258
f 1797/1922/1259 1799/1923/1260 1848/1924/1261
f 1849/1925/1262 1848/1926/1261 1850/1927/1263
f 1807/1928/1264 1809/1929/1265 1811/1930/1266
f 1829/1931/1267 1809/1932/1268 1816/1933/1269
f 1829/1931/1267 1816/1933/1269 1823/1934/1270
f 1823/1935/1271 1820/1936/1272 1923/1937/1273
f 1925/1938/1274 1923/1939/1273 1924/1940/1275
f 1842/1941/1276 1841/1942/1277 1824/1943/1278
f 1826/1944/1279 1825/1945/1280 1845/1946/1281
f 1825/1945/1280 1932/1947/1282 1845/1946/1281
f 1845/1946/1281 1932/1947/1282 1828/1948/1283
f 1844/1949/1284 1828/1948/1283 1830/1950/1285
f 1828/1948/1283 1932/1947/1282 1830/1950/1285
f 1843/1951/1286 1830/1950/1285 1833/1952/1287
f 1830/1950/1285 1831/1953/1288 1833/1952/1287
f 1928/1954/1289 1930/1955/1290 1936/1956/1291
f 4889/1957/1292 1642/1958/1293 1635/1959/1294
f 1635/1959/1294 2030/1960/1295 1627/1961/1296
f 1629/1962/1297 1627/1963/1298 1628/1964/1299
f 4916/1965/1300 1908/1966/1301 1496/1967/1302
f 1909/1968/1303 1908/1966/1301 4916/1965/1300
f 1492/1969/1304 2026/1970/1305 1504/1971/1306
f 1504/1971/1306 2107/1972/1307 4907/1973/1308
f 1964/1974/1309 1963/1975/1212 1962/1976/1310
f 1963/1975/1212 1714/1977/1311 1962/1976/1310
f 1714/1978/1311 1716/1979/1312 1961/1980/1313
f 1712/1871/1211 1711/1981/1314 1963/1872/1212
f 1963/1872/1212 1711/1981/1314 1700/1982/1315
f 1963/1872/1212 1700/1982/1315 1714/1978/1311
f 1713/1983/1316 1715/1984/1317 1712/1871/1211
f 1712/1871/1211 1715/1984/1317 1711/1981/1314
f 1714/1978/1311 1700/1982/1315 1716/1979/1312
f 1718/1874/1215 1961/1980/1313 1701/1875/1216
f 1961/1980/1313 1716/1979/1312 1701/1875/1216
f 1700/1982/1315 1697/1985/1318 1716/1979/1312
f 1702/1986/1319 1701/1875/1216 1777/1987/1320
f 1701/1875/1216 1716/1979/1312 1777/1987/1320
f 1777/1987/1320 1716/1979/1312 1703/1988/1321
f 1708/1877/1218 1777/1987/1320 1707/1878/1219
f 1777/1987/1320 1703/1988/1321 1707/1878/1219
f 1707/1878/1219 1703/1988/1321 1710/1989/1322
f 1703/1990/1321 1728/1991/1323 1710/1992/1322
f 1716/1979/1312 1704/1993/1324 1703/1988/1321
f 1745/1881/1222 1744/1883/1224 1747/1882/1223
f 2078/1994/1325 1728/1995/1323 1745/1996/1222
f 2078/1994/1325 1710/1997/1322 1728/1995/1323
f 1745/1881/1222 1728/1998/1323 1744/1883/1224
f 1703/1988/1321 1704/1993/1324 1958/1999/1326
f 1958/1999/1326 1704/1993/1324 1730/2000/1327
f 1728/1998/1323 1703/1988/1321 1958/1999/1326
f 1744/1883/1224 1728/1998/1323 1740/1902/1237
f 1750/1890/1229 1744/1883/1224 1729/1895/1234
f 1744/1883/1224 1740/1902/1237 1729/1895/1234
f 1728/1998/1323 1958/1999/1326 1740/1902/1237
f 1750/1890/1229 1729/1895/1234 1738/1893/1232
f 1958/1999/1326 1730/2000/1327 1957/2001/1328
f 1740/1902/1237 1957/2001/1328 1736/1905/1242
f 1958/1999/1326 1957/2001/1328 1740/1902/1237
f 1740/1902/1237 1736/1905/1242 1733/1903/1240
f 1957/2001/1328 2080/2002/1329 1736/1905/1242
f 1957/2001/1328 1731/2003/1330 2080/2002/1329
f 1734/2004/1331 1733/1903/1240 1735/1904/1241
f 1733/1903/1240 1736/1905/1242 1735/1904/1241
f 1742/2005/1332 1731/2003/1330 1743/2006/1333
f 2080/2002/1329 1731/2003/1330 1742/2005/1332
f 1743/2006/1333 1731/2003/1330 1755/2007/1334
f 1731/2003/1330 1759/2008/1335 1755/2007/1334
f 1731/2003/1330 1763/2009/1336 1759/2008/1335
f 1746/2010/1337 1743/2006/1333 1748/2011/1338
f 1746/2010/1337 1748/2011/1338 1912/2012/1339
f 1749/2013/1340 1746/2010/1337 1912/2012/1339
f 1912/2012/1339 1748/2011/1338 1894/2014/1341
f 2101/2015/1342 1757/2016/1343 2102/2017/1344
f 2123/2018/1345 1912/2012/1339 1894/2014/1341
f 1743/2006/1333 1755/2007/1334 1748/2011/1338
f 1748/2011/1338 1755/2007/1334 1756/2019/1346
f 1759/2008/1335 1763/2009/1336 1760/2020/1347
f 1748/2011/1338 1756/2019/1346 1757/2021/1348
f 2123/2018/1345 1894/2014/1341 2103/2022/1349
f 2103/2023/1350 2102/2017/1344 2104/2024/1351
f 2102/2017/1344 1757/2016/1343 2104/2024/1351
f 1757/2021/1348 1756/2019/1346 1758/2025/1352
f 1760/2020/1347 1763/2009/1336 1761/2026/1353
f 1757/2016/1343 2105/2027/1354 2104/2024/1351
f 2103/2022/1349 1895/2028/1355 2106/2029/1356
f 2123/2018/1345 2103/2022/1349 1883/2030/1357
f 2103/2022/1349 2106/2029/1356 1883/2030/1357
f 2104/2024/1358 1893/2031/1359 2106/2032/1356
f 2106/2029/1356 1893/2033/1359 1891/2034/1360
f 1893/2033/1359 1906/2035/1361 1891/2034/1360
f 2106/2029/1356 1891/2034/1360 1890/2036/1362
f 2106/2029/1356 1890/2036/1362 1883/2030/1357
f 1761/2026/1353 1762/2037/1363 1778/2038/1364
f 1891/2034/1360 1892/2039/1365 1890/2036/1362
f 1883/2030/1357 1890/2036/1362 1910/2040/1366
f 1890/2036/1362 1903/2041/1367 1910/2040/1366
f 1910/2042/1368 2109/2043/1369 2110/2044/1370
f 1910/2040/1366 1888/2045/1371 1883/2030/1357
f 1883/2030/1357 1888/2045/1371 1855/2046/1372
f 1888/2045/1371 1854/2047/1373 1855/2046/1372
f 1854/2047/1373 1778/2038/1364 1779/2048/1374
f 1855/2046/1372 1854/2047/1373 1782/2049/1375
f 1854/2047/1373 1779/2048/1374 1782/2049/1375
f 1779/2048/1374 1781/2050/1376 1782/2049/1375
f 1881/1908/1245 1782/2049/1375 1783/1909/1246
f 1782/2049/1375 1781/2050/1376 1796/2051/1377
f 1781/2050/1376 1780/2052/1378 1796/2051/1377
f 1784/1911/1248 1783/1909/1246 1786/1912/1249
f 1782/2049/1375 1796/2051/1377 1783/1909/1246
f 1783/1909/1246 1796/2051/1377 1791/2053/1379
f 1786/1912/1249 1783/1909/1246 1787/1916/1253
f 1783/1909/1246 1791/2053/1379 1787/1916/1253
f 1788/1914/1251 1786/1912/1249 1787/1916/1253
f 1943/2054/1380 1940/2055/1381 1942/2056/1382
f 1943/2054/1380 1942/2056/1382 1868/2057/1383
f 1940/2055/1381 1941/2058/1384 1942/2056/1382
f 1868/1919/1256 1795/2059/1385 1793/1920/1257
f 1793/1920/1257 1795/2059/1385 1796/2051/1377
f 1793/1920/1257 1796/2051/1377 1939/2060/1386
f 1795/2059/1385 1791/2053/1379 1796/2051/1377
f 1939/2060/1386 1796/2051/1377 1792/2061/1387
f 1793/1920/1257 1939/2060/1386 1792/2061/1387
f 1796/2051/1377 1798/2062/1388 1792/2061/1387
f 1793/1920/1257 1792/2061/1387 1797/1921/1258
f 1938/2063/1389 1792/2064/1387 1799/2065/1260
f 1792/2061/1387 1917/2066/1390 1799/1923/1260
f 1792/2061/1387 1798/2062/1388 1917/2066/1390
f 1799/1923/1260 1917/2066/1390 1848/1924/1261
f 1848/1926/1261 1917/2066/1390 1847/2067/1391
f 1917/2066/1390 1798/2062/1388 1954/2068/1392
f 1848/1926/1261 1847/2067/1391 1850/1927/1263
f 1847/2069/1391 1918/2070/1393 1919/2071/1394
f 1847/2067/1391 1917/2066/1390 1918/2072/1393
f 1919/2071/1394 1918/2070/1393 1920/2073/1395
f 1851/2074/1396 1918/2072/1393 1800/2075/1397
f 1851/2074/1396 1800/2075/1397 1807/1928/1264
f 1918/2072/1393 1917/2066/1390 1800/2075/1397
f 1917/2066/1390 1954/2068/1392 1800/2075/1397
f 1807/1928/1264 1800/2075/1397 1944/2076/1398
f 1800/2075/1397 1954/2068/1392 1804/2077/1399
f 1800/2075/1397 1804/2077/1399 1808/2078/1400
f 1807/1928/1264 1944/2076/1398 1809/1929/1265
f 1800/2075/1397 1808/2078/1400 1944/2076/1398
f 1944/2076/1398 1808/2078/1400 1945/2079/1401
f 1945/2079/1401 1808/2078/1400 1946/2080/1402
f 1808/2078/1400 1810/2081/1403 1946/2080/1402
f 1956/2082/1404 1955/2083/1405 1814/2084/1406
f 1809/1932/1268 1814/2085/1407 1816/1933/1269
f 1814/2085/1407 1821/2086/1408 1816/1933/1269
f 1814/2085/1407 1945/2079/1401 1821/2086/1408
f 1945/2079/1401 1837/2087/1409 1821/2086/1408
f 1945/2079/1401 1946/2080/1402 1837/2087/1409
f 1921/2088/1410 1922/2089/1411 1820/2090/1412
f 1837/2091/1409 1946/2092/1402 1947/2093/1413
f 1947/2093/1413 1946/2092/1402 1822/2094/1414
f 1820/1936/1272 1821/2095/1415 1924/2096/1275
f 1821/2095/1415 1822/2097/1414 1924/2096/1275
f 1820/1936/1272 1924/2096/1275 1923/1937/1273
f 1946/2080/1402 1817/2098/1416 1822/2097/1414
f 1822/2097/1414 1817/2098/1416 1924/2096/1275
f 1924/2096/1275 1927/2099/1417 1842/2100/1418
f 1924/2096/1275 1817/2098/1416 1818/2101/1419
f 1926/2102/1420 1927/2103/1417 1841/2104/1277
f 1841/1942/1277 1927/2099/1417 1824/1943/1278
f 1924/2096/1275 1818/2101/1419 1927/2099/1417
f 1927/2099/1417 1818/2101/1419 1827/2105/1421
f 1825/1945/1280 1824/1943/1278 1932/1947/1282
f 1824/1943/1278 1927/2099/1417 1932/1947/1282
f 1932/1947/1282 1927/2099/1417 1827/2105/1421
f 1827/2105/1421 1818/2101/1419 1852/2106/1422
f 1830/1950/1285 1932/1947/1282 1831/1953/1288
f 1932/2107/1282 1827/2108/1421 1929/2109/1423
f 1932/1947/1282 1832/2110/1424 1831/1953/1288
f 1839/2111/1425 1827/2105/1421 1838/2112/1426
f 1827/2105/1421 1935/2113/1427 1838/2112/1426
f 1827/2105/1421 1852/2106/1422 1935/2113/1427
f 1930/1955/1290 5580/2114/1428 1936/1956/1291
f 1928/1954/1289 1929/2109/1429 1930/1955/1290
f 1930/1955/1290 1929/2109/1429 1931/2115/1430
f 1838/2116/1426 1935/2117/1427 1840/2118/1431
f 5580/2114/1432 1931/2115/1433 1933/2119/1434
f 1931/2115/1433 1934/2120/1435 1933/2119/1434
f 1931/2115/1433 1840/2118/1431 1934/2120/1435
f 1840/2118/1431 1935/2117/1427 1934/2120/1435
f 1935/2113/1427 1852/2106/1422 1834/2121/1436
f 1935/2117/1427 1654/2122/1437 1934/2120/1435
f 1935/2117/1427 1834/2123/1436 1654/2122/1437
f 1834/2121/1436 1852/2106/1422 1835/2124/1438
f 1654/2122/1437 1834/2123/1436 1937/2125/1439
f 1834/2121/1436 1835/2124/1438 1836/2126/1440
f 1650/2127/1441 1648/2128/1442 1647/2129/1443
f 1648/2128/1442 5591/2130/1444 1647/2129/1443
f 1654/2131/1445 1649/2132/1446 1648/2128/1442
f 1648/2128/1442 1649/2132/1446 5591/2130/1444
f 1651/2133/1447 1650/2127/1441 1652/2134/1448
f 1650/2127/1441 1647/2129/1443 1652/2134/1448
f 1647/2129/1443 1646/2135/1449 1655/2136/1450
f 1647/2129/1443 5591/2130/1444 1646/2135/1449
f 1880/2137/1451 1846/2138/1452 1875/2139/1453
f 1846/2138/1452 1873/2140/1454 1875/2139/1453
f 5591/2130/1444 1643/2141/1455 1646/2135/1449
f 1651/2133/1447 1652/2134/1448 1655/2136/1456
f 2118/2142/1457 2116/2143/1458 2117/2144/1459
f 1646/2135/1449 1643/2141/1455 1644/2145/1460
f 1644/2145/1460 1643/2141/1455 1884/2146/1461
f 1878/2147/1462 1875/2139/1453 1876/2148/1463
f 1878/2147/1462 1877/2149/1464 1879/2150/1465
f 1878/2147/1462 1876/2148/1463 1877/2149/1464
f 1644/2145/1460 1884/2146/1461 1653/2151/1466
f 1643/2141/1455 1645/2152/1467 1884/2146/1461
f 1884/2146/1461 1645/2152/1467 2083/2153/1468
f 1645/2152/1467 1867/2154/1469 2083/2153/1468
f 2084/2155/1470 1877/2156/1464 2083/2157/1471
f 1877/2156/1464 1896/2158/1472 2083/2157/1471
f 1641/2159/1473 1884/2146/1461 1637/2160/1474
f 1641/2159/1473 1637/2160/1474 1636/2161/1475
f 1884/2146/1461 2083/2153/1468 1637/2160/1474
f 2083/2153/1468 1638/2162/1476 1637/2160/1474
f 1642/1958/1293 1636/2161/1475 2032/2163/1477
f 1635/1959/1294 1642/1958/1293 1633/2164/1478
f 1642/1958/1293 2032/2163/1477 1633/2164/1478
f 1636/2161/1475 1637/2160/1474 2032/2163/1477
f 1638/2162/1476 1639/2165/1479 1637/2160/1474
f 2032/2166/1477 1637/2167/1474 1633/2168/1478
f 1637/2160/1474 1639/2165/1479 2033/2169/1480
f 1633/2164/1478 1637/2160/1474 1634/2170/1481
f 1637/2160/1474 2033/2169/1480 1634/2170/1481
f 1635/1959/1294 1633/2164/1478 2030/1960/1295
f 1633/2164/1478 1630/2171/1482 2030/1960/1295
f 1633/2164/1478 1634/2170/1481 1630/2171/1482
f 2030/2172/1295 1630/2173/1482 2031/2174/1483
f 1630/2171/1482 1634/2170/1481 2029/2175/1484
f 1627/1963/1298 1630/2171/1482 2027/2176/1485
f 1630/2171/1482 2029/2175/1484 2027/2176/1485
f 1628/1964/1299 1627/1963/1298 1526/2177/1486
f 1627/1963/1298 2027/2176/1485 1526/2177/1486
f 1634/2170/1481 1631/2178/1487 2029/2175/1484
f 2029/2179/1484 2028/2180/1488 2027/2181/1485
f 1908/1966/1301 1864/2182/1489 1496/1967/1302
f 1908/1966/1301 1526/2177/1486 1864/2182/1489
f 1526/2177/1486 2027/2176/1485 1864/2182/1489
f 1496/1967/1302 1864/2182/1489 1493/2183/1490
f 1864/2182/1489 2027/2176/1485 1493/2183/1490
f 1493/2183/1490 2027/2176/1485 1492/1969/1491
f 1492/1969/1491 2027/2176/1485 1490/2184/1492
f 1511/2185/1493 1494/2186/1494 2027/2176/1485
f 2027/2176/1485 1494/2186/1494 2023/2187/1495
f 2025/2188/1496 1490/2189/1492 2026/2190/1497
f 1490/2184/1492 2027/2176/1485 2023/2187/1495
f 1490/2184/1492 2023/2187/1495 2026/2191/1497
f 2024/2192/1498 2023/2193/1495 1495/2194/1499
f 1495/2194/1499 2023/2193/1495 1494/2195/1494
f 1504/1971/1306 2026/1970/1305 1495/2196/1499
f 1504/1971/1306 1495/2196/1499 2107/1972/1307
f 1495/2196/1499 2108/2197/1500 2107/1972/1307
f 1495/2196/1499 1494/2186/1494 1489/2198/1501
f 1494/2186/1494 1485/2199/1502 1489/2198/1501
f 1495/2196/1499 1489/2198/1501 2108/2197/1500
f 5825/2200/1503 1717/2201/1504 1696/2202/1505
f 2077/2203/1506 2075/2204/1507 1700/2205/1315
f 1727/2206/1508 1695/2207/1509 1717/2201/1504
f 1717/2201/1504 1695/2207/1509 1696/2202/1505
f 1700/2205/1315 2075/2204/1507 2076/2208/1510
f 1775/2209/1511 1690/2210/1512 1695/2207/1509
f 1775/2209/1511 1706/2211/1513 1690/2210/1512
f 1706/2211/1513 1705/2212/1514 1693/2213/1515
f 1706/2211/1513 1693/2213/1515 1690/2210/1512
f 1690/2210/1512 1694/2214/1516 1695/2207/1509
f 1700/1982/1315 2076/2215/1510 1697/1985/1318
f 2076/2215/1510 1696/2202/1505 1697/1985/1318
f 1697/1985/1318 1696/2202/1505 1698/2216/1517
f 1695/2207/1509 1694/2214/1516 1698/2216/1517
f 1695/2207/1509 1698/2216/1517 1696/2202/1505
f 1716/1979/1312 1697/1985/1318 1704/1993/1324
f 1732/2217/1518 1704/2218/1519 1731/2003/1330
f 1730/2000/1327 1731/2003/1330 1957/2001/1328
f 1730/2000/1327 1732/2217/1518 1731/2003/1330
f 1763/2009/1336 1731/2003/1330 1887/2219/1520
f 1761/2026/1353 1763/2009/1336 1762/2037/1363
f 1778/2038/1364 1762/2037/1363 1779/2048/1374
f 1781/2050/1376 1779/2048/1374 1780/2052/1378
f 1780/2052/1378 1812/2220/1521 1796/2051/1377
f 1798/2062/1388 1796/2051/1377 1803/2221/1522
f 1798/2062/1388 1803/2221/1522 1802/2222/1523
f 1798/2062/1388 1802/2222/1523 1954/2068/1392
f 1952/2223/1524 1953/2224/1525 1954/2225/1526
f 1954/2068/1392 1801/2226/1527 1804/2077/1399
f 1804/2077/1399 1801/2226/1527 1806/2227/1528
f 1806/2227/1528 1801/2226/1527 1805/2228/1529
f 1804/2077/1399 1805/2229/1530 1808/2078/1400
f 1951/2230/1531 1950/2231/1532 1810/2232/1403
f 1810/2232/1403 1950/2231/1532 1813/2233/1533
f 1808/2078/1400 1805/2229/1530 1813/2234/1533
f 1810/2081/1403 1813/2234/1533 1946/2080/1402
f 1813/2234/1533 1805/2229/1530 1815/2235/1534
f 1946/2080/1402 1813/2234/1533 1815/2235/1534
f 1946/2080/1402 1815/2235/1534 1817/2098/1416
f 1817/2236/1416 1948/2237/1535 1949/2238/1536
f 1817/2098/1416 1949/2239/1536 1819/2240/1537
f 1817/2098/1416 1819/2240/1537 1818/2101/1419
f 1818/2101/1419 1819/2240/1537 1852/2106/1422
f 1835/2124/1438 1873/2140/1454 1836/2126/1440
f 1846/2138/1452 1836/2126/1440 1873/2140/1454
f 1875/2139/1453 1873/2140/1454 1876/2148/1463
f 1877/2149/1464 1876/2148/1463 1896/2241/1472
f 1896/2158/1472 2085/2242/1538 2082/2243/1539
f 1896/2158/1472 2082/2243/1539 2083/2157/1471
f 1638/2162/1476 1640/2244/1540 1639/2165/1479
f 2033/2169/1480 1632/2245/1541 1634/2170/1481
f 1634/2170/1481 1632/2245/1541 1631/2178/1487
f 2028/2246/1488 1510/2247/1542 1511/2185/1493
f 2027/2176/1485 2028/2246/1488 1511/2185/1493
f 1511/2185/1493 1491/2248/1543 1494/2186/1494
f 1494/2186/1494 1491/2248/1543 1485/2199/1502
f 1485/2199/1502 2008/2249/1544 1488/2250/1545
f 1489/2198/1501 1485/2199/1502 1488/2250/1545
f 2008/2249/1544 1485/2199/1502 1484/2251/1546
f 2008/2249/1544 1484/2251/1546 1486/2252/1547
f 2008/2249/1544 1486/2252/1547 1489/2253/1548
f 1489/2253/1548 1486/2252/1547 1487/2254/1549
f 1699/2255/1550 1724/2256/1551 1693/2213/1515
f 1693/2213/1515 1724/2256/1551 1690/2210/1512
f 1724/2256/1551 2089/2257/1552 1687/2258/1553
f 1724/2256/1551 1687/2258/1553 1690/2210/1512
f 1687/2258/1553 1965/2259/1554 1690/2210/1512
f 1691/2260/1555 1721/2261/1556 1694/2262/1557
f 1690/2210/1512 1965/2259/1554 1691/2260/1555
f 1965/2259/1554 1692/2263/1558 1691/2260/1555
f 1691/2260/1555 1692/2263/1558 1721/2261/1556
f 1485/2199/1502 2007/2264/1559 1484/2251/1546
f 1485/2199/1502 1483/2265/1560 2007/2264/1559
f 1483/2265/1560 1470/2266/1561 2007/2264/1559
f 2007/2264/1559 1872/2267/1562 1484/2251/1546
f 1687/2258/1553 1966/2268/1563 1965/2259/1554
f 1688/2269/1564 1680/2270/1565 1687/2258/1553
f 1680/2270/1565 1681/2271/1566 1687/2258/1553
f 1687/2258/1553 1681/2271/1566 1966/2268/1563
f 1965/2272/1554 1966/2273/1563 1967/2274/1567
f 1965/2275/1568 1722/2276/1569 1721/2277/1570
f 1681/2271/1566 1686/2278/1571 1966/2268/1563
f 1966/2279/1572 1720/2280/1573 1722/2276/1569
f 1722/2276/1569 1720/2280/1573 1721/2277/1570
f 1720/2280/1573 1689/2281/1574 1721/2277/1570
f 1968/2282/1575 1969/2283/1576 1720/2284/1577
f 1720/2280/1573 1685/2285/1578 1689/2281/1574
f 1483/2265/1560 1465/2286/1579 1470/2266/1561
f 1465/2286/1579 2004/2287/1580 1470/2266/1561
f 2007/2264/1559 6078/2288/1581 1626/2289/1582
f 2007/2264/1559 1501/2290/1583 6078/2288/1581
f 2007/2264/1559 1470/2266/1561 1501/2290/1583
f 1470/2291/1561 2081/2292/1584 1501/2293/1583
f 1681/2271/1566 1685/2285/1578 1686/2278/1571
f 1681/2271/1566 1682/2294/1585 1685/2285/1578
f 1682/2294/1585 1683/2295/1586 1685/2285/1578
f 1685/2285/1578 1683/2295/1586 1689/2281/1574
f 2004/2287/1580 1465/2286/1579 1464/2296/1587
f 2004/2287/1580 1464/2296/1587 2005/2297/1588
f 1470/2266/1561 2004/2287/1580 1471/2298/1589
f 2004/2287/1580 1472/2299/1590 1471/2298/1589
f 2003/2300/1591 2004/2301/1580 2005/2302/1588
f 2005/2297/1588 1467/2303/1592 1505/2304/1593
f 2005/2297/1588 1466/2305/1594 1467/2303/1592
f 2003/2300/1591 2005/2302/1588 2006/2306/1595
f 2005/2297/1588 1505/2304/1593 1506/2307/1596
f 1506/2307/1596 1513/2308/1597 1625/2309/1598
f 1506/2307/1596 1505/2304/1593 1513/2308/1597
f 1467/2303/1592 1466/2305/1594 1468/2310/1599
f 1681/2271/1566 1684/2311/1600 1682/2294/1585
f 2121/2312/1601 2120/2313/1602 1680/2270/1565
f 2120/2313/1602 1677/2314/1603 1680/2270/1565
f 1680/2270/1565 1677/2314/1603 1681/2271/1566
f 1681/2271/1566 1679/2315/1604 1684/2316/1600
f 1684/2311/1600 1683/2295/1586 1682/2294/1585
f 1684/2311/1600 1971/2317/1605 1683/2295/1586
f 1970/2318/1606 1679/2319/1604 1971/2320/1605
f 1497/2321/1607 1464/2296/1587 2013/2322/1608
f 2010/2323/1609 2011/2324/1610 2012/2325/1611
f 1451/2326/1612 1450/2327/1613 2012/2328/1614
f 2013/2322/1608 1464/2296/1587 1465/2286/1579
f 1464/2296/1587 2012/2328/1614 2005/2297/1588
f 2005/2297/1588 2012/2328/1614 1461/2329/1615
f 2005/2297/1588 1863/2330/1616 1466/2305/1594
f 2005/2297/1588 1462/2331/1617 1863/2330/1616
f 2005/2297/1588 1461/2329/1615 1462/2331/1617
f 1462/2331/1617 1461/2329/1615 1463/2332/1618
f 1461/2329/1615 1474/2333/1619 1463/2332/1618
f 1461/2329/1615 2012/2328/1614 1452/2334/1620
f 1461/2329/1615 1452/2334/1620 1771/2335/1621
f 1771/2335/1621 1452/2334/1620 1478/2336/1622
f 1681/2271/1566 1677/2314/1603 1679/2315/1604
f 1971/2317/1605 1679/2315/1604 1675/2337/1623
f 1679/2315/1604 1677/2314/1603 1675/2337/1623
f 1971/2317/1605 1675/2337/1623 1683/2295/1586
f 1675/2337/1623 1676/2338/1624 1683/2295/1586
f 1450/2327/1613 2009/2339/1625 2012/2328/1614
f 2012/2328/1614 2009/2339/1625 1453/2340/1626
f 2012/2328/1614 1453/2340/1626 1452/2334/1620
f 1452/2334/1620 1453/2340/1626 1454/2341/1627
f 1452/2334/1620 1454/2341/1627 1469/2342/1628
f 1453/2340/1626 2009/2339/1625 1498/2343/1629
f 2009/2339/1625 1770/2344/1630 1498/2343/1629
f 1454/2341/1627 1453/2340/1626 1473/2345/1631
f 1453/2340/1626 1498/2343/1629 1499/2346/1632
f 1498/2343/1629 1500/2347/1633 1499/2346/1632
f 1673/2348/1634 1674/2349/1635 1677/2314/1603
f 1677/2314/1603 1674/2349/1635 1675/2337/1623
f 1674/2349/1635 1673/2348/1634 1973/2350/1636
f 1972/2351/1637 1674/2352/1635 1973/2353/1636
f 1675/2337/1623 1973/2350/1636 1676/2338/1624
f 1973/2350/1636 1678/2354/1638 1676/2338/1624
f 1450/2327/1613 1449/2355/1639 2009/2339/1625
f 1449/2355/1639 1447/2356/1640 2009/2339/1625
f 1449/2355/1639 1438/2357/1641 1447/2356/1640
f 1447/2356/1640 1438/2357/1641 1458/2358/1642
f 2009/2339/1625 1447/2356/1640 1770/2344/1630
f 1447/2359/1640 2000/2360/1643 2001/2361/1644
f 2001/2361/1644 2000/2360/1643 2002/2362/1645
f 1447/2359/1640 1458/2363/1642 2000/2360/1643
f 1512/2364/1646 1458/2358/1642 1459/2365/1647
f 1885/2366/1648 1886/2367/1649 1500/2347/1633
f 1498/2343/1629 1885/2366/1648 1500/2347/1633
f 1512/2364/1646 1459/2365/1647 1886/2368/1650
f 1886/2368/1650 1459/2365/1647 1915/2369/1651
f 1624/2370/1652 1512/2364/1646 1886/2368/1650
f 1458/2358/1642 1457/2371/1653 1459/2365/1647
f 1458/2358/1642 1446/2372/1654 1457/2371/1653
f 1457/2371/1653 1446/2372/1654 1456/2373/1655
f 1446/2372/1654 1455/2374/1656 1456/2373/1655
f 1673/2348/1634 1672/2375/1657 1973/2350/1636
f 1672/2375/1657 6207/2376/1658 1973/2350/1636
f 1973/2350/1636 1668/2377/1659 1678/2354/1638
f 2014/2378/1660 2015/2379/1661 1438/2380/1641
f 1458/2358/1642 1460/2381/1662 1446/2372/1654
f 1458/2358/1642 1438/2357/1641 1445/2382/1663
f 1458/2358/1642 1445/2382/1663 1460/2381/1662
f 1445/2382/1663 1438/2357/1641 1448/2383/1664
f 1438/2357/1641 1481/2384/1665 1448/2383/1664
f 1438/2357/1641 1442/2385/1666 1481/2384/1665
f 1460/2381/1662 1445/2382/1663 1865/2386/1667
f 1481/2384/1665 1442/2385/1666 1916/2387/1668
f 1442/2385/1666 1482/2388/1669 1916/2387/1668
f 1438/2357/1641 1441/2389/1670 1442/2385/1666
f 1438/2357/1641 1443/2390/1671 1441/2389/1670
f 1441/2389/1670 1519/2391/1672 6225/2392/1673
f 1441/2389/1670 1443/2390/1671 1519/2391/1672
f 1897/2393/1674 1898/2394/1675 6207/2376/1676
f 6207/2376/1658 1667/2395/1677 1668/2377/1659
f 1663/2396/1678 1974/2397/1679 1668/2377/1659
f 6207/2376/1658 1668/2377/1659 1973/2350/1636
f 1667/2395/1677 1663/2396/1678 1668/2377/1659
f 1668/2377/1659 1666/2398/1680 1901/2399/1681
f 1678/2354/1682 1901/2399/1681 1766/2400/1683
f 1901/2399/1681 1767/2401/1684 1766/2400/1683
f 1901/2399/1681 1666/2398/1680 1767/2401/1684
f 2015/2402/1661 1435/2403/1685 2016/2404/1686
f 2015/2402/1661 1437/2405/1687 1438/2357/1641
f 2015/2402/1661 2016/2404/1686 1437/2405/1687
f 1438/2357/1641 1444/2406/1688 1443/2390/1671
f 1438/2357/1641 1437/2405/1687 1444/2406/1688
f 1437/2405/1687 2016/2404/1686 1440/2407/1689
f 1444/2408/1690 1860/2409/1691 1859/2410/1692
f 1437/2405/1687 1440/2407/1689 1518/2411/1693
f 1860/2409/1691 1861/2412/1694 1859/2410/1692
f 2016/2404/1686 1439/2413/1695 1440/2407/1689
f 2016/2404/1686 1434/2414/1696 1436/2415/1697
f 2016/2404/1686 1436/2415/1697 1439/2413/1695
f 1439/2413/1695 1436/2415/1697 6296/2416/1698
f 1975/2417/1699 1662/2418/1700 1974/2419/1679
f 1974/2397/1679 1662/2420/1700 1668/2377/1659
f 1663/2421/1701 1723/2422/1702 1662/2420/1700
f 1723/2422/1702 1661/2423/1703 1662/2420/1700
f 1723/2422/1702 1726/2424/1704 1661/2423/1703
f 1726/2424/1704 1900/2425/1705 1661/2423/1703
f 1662/2420/1700 1661/2423/1703 1659/2426/1706
f 1668/2377/1659 1662/2420/1700 1659/2426/1706
f 1668/2377/1659 2115/2427/1707 1666/2398/1680
f 2114/2428/1708 2115/2429/1707 1665/2430/1709
f 1668/2377/1659 1659/2426/1706 1664/2431/1710
f 1668/2377/1659 1664/2431/1710 2115/2427/1707
f 2115/2427/1707 1664/2431/1710 1665/2432/1709
f 1666/2398/1680 1669/2433/1711 1767/2401/1684
f 1666/2398/1680 1665/2432/1709 1669/2433/1711
f 1669/2433/1711 1665/2432/1709 1670/2434/1712
f 1665/2432/1709 2113/2435/1713 1670/2434/1712
f 1435/2403/1685 1434/2414/1696 2016/2404/1686
f 6326/2436/1714 1477/2437/1715 1432/2438/1716
f 6326/2436/1714 1432/2438/1716 1435/2403/1685
f 1435/2403/1685 1998/2439/1717 1434/2414/1696
f 1435/2403/1685 1432/2438/1716 1998/2439/1717
f 1998/2439/1717 1432/2438/1716 1430/2440/1718
f 1998/2439/1717 2100/2441/1719 1434/2414/1696
f 1434/2414/1696 2100/2441/1719 1476/2442/1720
f 1661/2423/1703 1658/2443/1721 1659/2426/1706
f 1658/2443/1721 1657/2444/1722 1671/2445/1723
f 1664/2431/1710 2111/2446/1724 1665/2432/1709
f 1659/2426/1706 1765/2447/1725 1664/2431/1710
f 1765/2447/1725 1764/2448/1726 2111/2446/1724
f 1765/2447/1725 1659/2426/1706 1764/2448/1726
f 1658/2443/1721 1671/2445/1723 1659/2426/1706
f 1665/2432/1709 2111/2446/1724 2113/2435/1713
f 2111/2449/1724 2112/2450/1727 2113/2451/1713
f 2111/2446/1724 1764/2448/1726 2112/2452/1727
f 2113/2435/1713 2112/2453/1727 1670/2434/1712
f 1768/2454/1728 2112/2452/1727 1764/2448/1726
f 1432/2438/1716 1431/2455/1729 1430/2440/1718
f 1431/2455/1729 1429/2456/1730 1430/2440/1718
f 1431/2457/1729 1428/2458/1731 1429/2459/1730
f 1429/2459/1730 1428/2458/1731 1423/2460/1732
f 1430/2440/1718 1429/2456/1730 1508/2461/1733
f 1429/2456/1730 1423/2462/1732 1508/2461/1733
f 1998/2439/1717 1430/2440/1718 1433/2463/1734
f 1998/2464/1717 1433/2465/1734 1999/2466/1735
f 1433/2463/1734 1475/2467/1736 2100/2468/1737
f 1433/2463/1734 1430/2440/1718 1475/2467/1736
f 1508/2461/1733 1423/2462/1732 1427/2469/1738
f 1772/2470/1739 1507/2471/1740 1914/2472/1741
f 1772/2470/1739 1430/2440/1718 1507/2471/1740
f 1430/2440/1718 1508/2461/1733 1507/2471/1740
f 1658/2443/1721 1660/2473/1742 1657/2444/1722
f 1431/2455/1729 1417/2474/1743 1428/2475/1731
f 1417/2474/1743 1421/2476/1744 1428/2475/1731
f 1428/2475/1731 1421/2476/1744 1420/2477/1745
f 1428/2475/1731 1422/2478/1746 1423/2462/1732
f 1428/2475/1731 1420/2477/1745 1422/2478/1746
f 1427/2469/1738 1423/2462/1732 1502/2479/1747
f 1427/2469/1738 1502/2479/1747 1503/2480/1748
f 1503/2480/1748 1502/2479/1747 1528/2481/1749
f 1423/2462/1732 1514/2482/1750 1502/2479/1747
f 1423/2462/1732 1422/2478/1746 1514/2482/1750
f 2098/2483/1751 2095/2484/1752 2097/2485/1753
f 1502/2479/1747 1911/2486/1754 1528/2481/1749
f 2095/2484/1752 2096/2487/1755 2097/2485/1753
f 1616/2488/1756 1615/2489/1757 1657/2444/1722
f 1657/2444/1722 1976/2490/1758 1617/2491/1759
f 1657/2444/1722 1615/2489/1757 1976/2490/1758
f 1657/2444/1722 1617/2491/1759 1671/2445/1723
f 1671/2445/1723 1614/2492/1760 6014/2493/1761
f 1671/2445/1723 1617/2491/1759 1614/2492/1760
f 1431/2455/1729 1415/2494/1762 1417/2474/1743
f 2017/2495/1763 2018/2496/1764 1413/2497/1765
f 2017/2495/1763 1413/2497/1765 1991/2498/1766
f 1417/2474/1743 1415/2494/1762 1413/2499/1767
f 1420/2477/1745 1424/2500/1768 1422/2478/1746
f 1991/2501/1769 1992/2502/1770 1993/2503/1771
f 1993/2503/1771 1992/2502/1770 1994/2504/1772
f 1997/2505/1773 1995/2506/1774 1996/2507/1775
f 1422/2478/1746 1424/2500/1768 1623/2508/1776
f 1422/2478/1746 1623/2508/1776 1425/2509/1777
f 1993/2503/1771 1994/2504/1772 1995/2506/1774
f 1995/2506/1774 1994/2504/1772 1996/2507/1775
f 1426/2510/1778 1515/2511/1779 1517/2512/1780
f 1413/2499/1767 1418/2513/1781 1419/2514/1782
f 1413/2499/1767 1419/2514/1782 1420/2515/1783
f 1420/2515/1783 1419/2514/1782 1516/2516/1784
f 1516/2516/1784 1419/2514/1782 1902/2517/1785
f 1426/2510/1778 1420/2515/1783 1516/2516/1784
f 1426/2510/1778 1516/2516/1784 1515/2511/1779
f 1976/2490/1758 1614/2492/1760 1617/2491/1759
f 1976/2490/1758 1615/2489/1757 1614/2492/1760
f 1431/2455/1729 1416/2518/1786 1415/2494/1762
f 1415/2494/1762 2019/2519/1787 1413/2499/1767
f 1418/2513/1781 1413/2499/1767 1479/2520/1788
f 1413/2499/1767 1414/2521/1789 1479/2520/1788
f 1479/2520/1788 1480/2522/1790 1419/2523/1791
f 1479/2520/1788 1509/2524/1792 1480/2522/1790
f 1479/2520/1788 1414/2521/1789 1509/2524/1792
f 1414/2521/1789 1905/2525/1793 1913/2526/1794
f 2019/2519/1787 1869/2527/1795 1413/2499/1767
f 1413/2499/1767 1869/2527/1795 1414/2521/1789
f 1414/2521/1789 1869/2527/1795 1905/2525/1793
f 1869/2527/1795 1870/2528/1796 1905/2525/1793
f 1615/2489/1757 1612/2529/1797 1614/2492/1760
f 1613/2530/1798 1612/2529/1797 1615/2489/1757
f 1611/2531/1799 1610/2532/1800 1613/2530/1798
f 1613/2530/1798 1609/2533/1801 1612/2529/1797
f 1412/2534/1802 1402/2535/1803 2020/2536/1804
f 1402/2535/1803 1398/2537/1805 2021/2538/1806
f 2019/2519/1787 1405/2539/1807 1869/2527/1795
f 2019/2519/1787 1410/2540/1808 1405/2539/1807
f 2019/2541/1787 2020/2542/1804 1410/2543/1808
f 1410/2540/1808 1404/2544/1809 1405/2539/1807
f 1402/2535/1803 2021/2538/1806 2020/2536/1804
f 2020/2536/1804 2021/2538/1806 1410/2540/1808
f 1410/2540/1808 2021/2538/1806 1404/2544/1809
f 1869/2527/1795 1405/2539/1807 1406/2545/1810
f 1405/2539/1807 1404/2544/1809 1407/2546/1811
f 1404/2544/1809 1408/2547/1812 1407/2546/1811
f 1406/2545/1810 1405/2539/1807 1871/2548/1813
f 1869/2527/1795 1871/2548/1814 1870/2528/1796
f 1871/2549/1815 1776/2550/1816 1774/2551/1817
f 1856/2552/1818 1409/2553/1819 1774/2551/1817
f 1856/2552/1818 1408/2547/1812 1409/2553/1819
f 1776/2550/1816 1856/2552/1818 1774/2551/1817
f 2021/2538/1806 1403/2554/1820 1404/2544/1809
f 1404/2544/1809 1409/2553/1819 1408/2547/1812
f 1409/2553/1819 1404/2544/1809 1411/2555/1821
f 1613/2530/1798 1610/2532/1800 1609/2533/1801
f 1609/2533/1801 1607/2556/1822 1612/2529/1797
f 1402/2535/1803 1399/2557/1823 1398/2537/1805
f 2021/2538/1806 1398/2537/1805 1403/2554/1820
f 1403/2554/1820 1773/2558/1824 1404/2544/1809
f 1403/2554/1820 1400/2559/1825 1858/2560/1826
f 1403/2554/1820 1398/2537/1805 1400/2559/1825
f 1858/2560/1826 1400/2559/1825 1401/2561/1827
f 1398/2537/1805 1990/2562/1828 1400/2559/1825
f 1610/2532/1800 1978/2563/1829 1609/2533/1801
f 1610/2532/1800 1608/2564/1830 1978/2563/1829
f 1609/2533/1801 1978/2563/1829 1607/2556/1822
f 1978/2563/1829 1604/2565/1831 1607/2556/1822
f 1398/2537/1805 1399/2557/1823 1394/2566/1832
f 1398/2537/1805 1987/2567/1833 1990/2562/1828
f 1398/2537/1805 1394/2566/1832 1987/2567/1833
f 1990/2562/1828 1397/2568/1834 1396/2569/1835
f 1990/2562/1828 1987/2567/1833 1397/2568/1834
f 1396/2569/1835 1397/2568/1834 1390/2570/1836
f 1608/2564/1830 1622/2571/1837 1619/2572/1838
f 1608/2564/1830 1619/2572/1838 1978/2563/1829
f 1619/2573/1838 1977/2574/1839 1978/2575/1829
f 1622/2571/1840 2090/2576/1841 1603/2577/1842
f 1978/2563/1829 1601/2578/1843 1604/2565/1831
f 1978/2563/1829 1603/2577/1842 1601/2578/1843
f 1394/2566/1832 2022/2579/1844 1987/2567/1833
f 1987/2567/1833 2022/2579/1844 1389/2580/1845
f 1987/2581/1833 1988/2582/1846 1989/2583/1847
f 1987/2567/1833 1389/2580/1845 1988/2584/1846
f 1988/2584/1846 1389/2580/1845 1390/2585/1848
f 1389/2580/1845 1391/2586/1849 1390/2585/1848
f 2090/2576/1841 1602/2587/1850 1603/2577/1842
f 1603/2577/1842 1602/2587/1850 1601/2578/1843
f 1606/2588/1851 2072/2589/1852 1602/2587/1850
f 1604/2565/1831 1601/2578/1843 1605/2590/1853
f 1602/2587/1850 2072/2589/1852 1601/2578/1843
f 1395/2591/1854 1393/2592/1855 2022/2579/1844
f 1393/2592/1855 1384/2593/1856 2022/2579/1844
f 2022/2579/1844 1388/2594/1857 1389/2580/1845
f 2022/2579/1844 1384/2593/1856 1388/2594/1857
f 1389/2595/1845 1388/2596/1857 1524/2597/1858
f 1389/2595/1845 1524/2597/1858 2034/2598/1859
f 1524/2599/1858 1388/2594/1857 1522/2600/1860
f 1388/2594/1857 1521/2601/1861 1522/2600/1860
f 1522/2600/1860 1521/2601/1861 1523/2602/1862
f 1388/2594/1857 1520/2603/1863 1521/2601/1861
f 1606/2588/1851 1618/2604/1864 2072/2589/1852
f 2072/2605/1852 2073/2606/1865 2074/2607/1866
f 1899/2608/1867 1596/2609/1868 1597/2610/1869
f 1598/2611/1870 1597/2610/1869 2074/2612/1866
f 1597/2610/1869 1596/2609/1868 2068/2613/1871
f 2072/2589/1852 2074/2612/1866 1601/2578/1843
f 2074/2612/1866 1597/2610/1869 1601/2578/1843
f 1597/2610/1869 2068/2613/1871 1601/2578/1843
f 1904/2614/1872 1601/2578/1843 1907/2615/1873
f 1601/2578/1843 1621/2616/1874 1907/2615/1873
f 1601/2578/1843 2068/2613/1871 1621/2616/1874
f 2068/2613/1871 1592/2617/1875 1621/2616/1874
f 1621/2616/1874 1592/2617/1875 1583/2618/1876
f 1583/2618/1876 2067/2619/1877 1582/2620/1878
f 1582/2620/1878 2067/2619/1877 2065/2621/1879
f 1582/2620/1878 2065/2621/1879 1584/2622/1880
f 1979/2623/1881 1586/2624/1882 1866/2625/1883
f 1866/2626/1883 1586/2627/1882 1572/2628/1884
f 1584/2622/1880 2065/2621/1879 1586/2627/1882
f 1586/2627/1882 2065/2621/1879 1572/2628/1884
f 1572/2628/1884 1574/2629/1885 1571/2630/1886
f 1572/2628/1884 1571/2630/1886 1591/2631/1887
f 1572/2628/1884 1591/2631/1887 1590/2632/1888
f 1590/2633/1888 1591/2634/1887 1980/2635/1889
f 1564/2636/1890 1980/2637/1889 1591/2631/1887
f 1591/2631/1887 1567/2638/1891 1564/2636/1890
f 1564/2636/1890 2069/2639/1892 1560/2640/1893
f 1560/2640/1893 2069/2639/1892 1559/2641/1894
f 1560/2640/1893 1559/2641/1894 2062/2642/1895
f 1559/2641/1894 1557/2643/1896 2062/2642/1895
f 1560/2640/1893 2062/2642/1895 1558/2644/1897
f 2062/2645/1895 2063/2646/1898 1556/2647/1899
f 2062/2642/1895 1556/2648/1899 1558/2644/1897
f 1558/2644/1897 1556/2648/1899 1548/2649/1900
f 1556/2648/1899 1551/2650/1901 1548/2649/1900
f 1551/2650/1901 1550/2651/1902 1548/2649/1900
f 1548/2649/1900 1550/2651/1902 1544/2652/1903
f 1548/2649/1900 1544/2652/1903 1543/2653/1904
f 1543/2653/1904 1544/2652/1903 1982/2654/1905
f 1981/2655/1906 1982/2656/1905 1539/2657/1907
f 1982/2656/1905 1538/2658/1908 1539/2657/1907
f 1982/2654/1905 1544/2652/1903 1538/2659/1908
f 1538/2659/1908 1544/2652/1903 1536/2660/1909
f 1539/2661/1907 1538/2659/1908 2056/2662/1910
f 2056/2663/1910 1538/2664/1908 2055/2665/1911
f 1538/2664/1908 2054/2666/1912 2055/2665/1911
f 1539/2661/1907 2056/2662/1910 1542/2667/1913
f 1542/2667/1913 2056/2662/1910 1882/2668/1914
f 1542/2669/1913 1882/2670/1914 1534/2671/1915
f 1882/2668/1914 1536/2660/1909 1534/2672/1915
f 1536/2660/1909 1535/2673/1916 1534/2672/1915
f 1534/2672/1915 1535/2673/1916 1541/2674/1917
f 1534/2672/1915 1541/2674/1917 1540/2675/1918
f 1541/2674/1917 1535/2673/1916 2050/2676/1919
f 1541/2674/1917 2050/2676/1919 2071/2677/1920
f 1541/2674/1917 2071/2678/1920 1540/2675/1918
f 2071/2677/1920 2070/2679/1921 1656/2680/1922
f 1656/2680/1922 2070/2679/1921 1360/2681/1923
f 2071/2677/1920 2050/2676/1919 2070/2679/1921
f 1360/2681/1923 2070/2679/1921 1358/2682/1924
f 1358/2682/1924 2070/2679/1921 1337/2683/1925
f 1337/2683/1925 2070/2679/1921 1339/2684/1926
f 1983/2685/1927 1337/2683/1925 1338/2686/1928
f 1338/2686/1928 1337/2683/1925 2049/2687/1929
f 1337/2683/1925 1339/2684/1926 2049/2687/1929
f 2049/2687/1929 1342/2688/1930 2048/2689/1931
f 1338/2690/1928 2049/2687/1929 2048/2689/1931
f 2048/2689/1931 1342/2688/1930 1340/2691/1932
f 1352/2692/1933 2048/2689/1931 1340/2691/1932
f 1340/2691/1932 1351/2693/1934 1352/2692/1933
f 1354/2694/1935 2047/2695/1936 1352/2692/1933
f 1352/2692/1933 2047/2695/1936 1373/2696/1937
f 1373/2696/1937 2047/2695/1936 2046/2697/1938
f 1373/2696/1937 2046/2697/1938 1985/2698/1939
f 1386/2699/1940 1984/2700/1941 1378/2701/1942
f 1380/2702/1943 1378/2701/1942 1379/2703/1944
f 1984/2700/1941 2042/2704/1945 1378/2701/1942
f 1378/2701/1942 2042/2704/1945 1379/2703/1944
f 1984/2700/1941 1985/2705/1939 2042/2704/1945
f 1379/2706/1946 1392/2707/1947 1393/2592/1855
f 1393/2592/1855 1392/2707/1947 1384/2593/1856
f 1392/2707/1947 2042/2704/1945 1384/2593/1856
f 1986/2708/1948 2042/2709/1945 1392/2710/1947
f 1384/2593/1856 2042/2704/1945 1525/2711/1949
f 1525/2711/1949 2042/2704/1945 1383/2712/1950
f 1388/2594/1857 1384/2593/1856 1520/2603/1863
f 1769/2713/1951 1387/2714/1952 1385/2715/1953
f 1384/2593/1856 1525/2711/1949 1387/2716/1954
f 1525/2717/1955 2035/2718/1956 2036/2719/1957
f 1387/2714/1952 1383/2712/1950 1385/2715/1953
f 1596/2609/1868 1592/2617/1875 2068/2613/1871
f 1596/2609/1868 1594/2720/1958 1592/2617/1875
f 1595/2721/1959 1594/2720/1958 1596/2609/1868
f 1592/2617/1875 1594/2720/1958 1593/2722/1960
f 1592/2617/1875 1593/2722/1960 1583/2618/1876
f 1593/2722/1960 2099/2723/1961 1583/2618/1876
f 1583/2618/1876 2099/2723/1961 2067/2619/1877
f 2099/2723/1961 1593/2722/1960 2122/2724/1962
f 2099/2723/1961 2122/2724/1962 1589/2725/1963
f 2099/2723/1961 1587/2726/1964 2067/2619/1877
f 2067/2619/1877 2066/2727/1965 1579/2728/1966
f 2067/2729/1877 1588/2730/1967 2066/2731/1965
f 2067/2619/1877 1587/2726/1964 1588/2732/1967
f 1587/2726/1964 1589/2725/1963 1588/2732/1967
f 1589/2725/1963 2122/2724/1962 1588/2732/1967
f 2067/2619/1877 1579/2728/1966 2065/2621/1879
f 2066/2727/1965 1588/2733/1967 1579/2728/1966
f 1579/2728/1966 1588/2733/1967 1580/2734/1968
f 1576/2735/1969 2065/2621/1879 1578/2736/1970
f 1579/2737/1966 1580/2738/1968 1578/2739/1970
f 1580/2734/1968 1588/2733/1967 1577/2740/1971
f 1588/2733/1967 1581/2741/1972 1577/2740/1971
f 1579/2728/1966 1578/2736/1970 2065/2621/1879
f 1578/2739/1970 1580/2738/1968 2064/2742/1973
f 1578/2739/1970 2064/2742/1973 1576/2743/1969
f 1576/2744/1969 1577/2740/1971 1573/2745/1974
f 1573/2745/1974 1577/2740/1971 6888/2746/1975
f 1577/2740/1971 1581/2741/1972 6888/2746/1975
f 2065/2621/1879 1573/2745/1974 1572/2628/1884
f 2065/2621/1879 1576/2744/1969 1573/2745/1974
f 1572/2628/1884 1573/2745/1974 1575/2747/1976
f 1572/2628/1884 1575/2747/1976 1574/2629/1885
f 1574/2629/1885 1575/2747/1976 1585/2748/1977
f 1585/2748/1977 1575/2747/1976 1620/2749/1978
f 1571/2630/1886 1585/2748/1977 2086/2750/1979
f 2086/2750/1979 1585/2748/1977 1620/2749/1978
f 1571/2630/1886 2086/2750/1979 1591/2631/1887
f 2086/2750/1979 1620/2749/1978 1570/2751/1980
f 1591/2631/1887 2086/2750/1979 1567/2638/1891
f 2086/2752/1981 2088/2753/1982 2087/2754/1983
f 1567/2638/1891 1566/2755/1984 1564/2636/1890
f 1567/2638/1891 1570/2756/1985 1563/2757/1986
f 1566/2755/1984 1567/2638/1891 1568/2758/1987
f 1567/2638/1891 1563/2757/1986 1568/2758/1987
f 1564/2636/1890 1563/2759/1988 2069/2639/1892
f 1564/2636/1890 1566/2755/1984 1563/2759/1988
f 1563/2759/1988 1565/2760/1989 1561/2761/1990
f 1563/2759/1988 1561/2761/1990 2069/2639/1892
f 1561/2761/1990 1569/2762/1991 1562/2763/1992
f 1561/2761/1990 1562/2763/1992 2069/2639/1892
f 2069/2639/1892 1562/2763/1992 1559/2641/1894
f 1562/2763/1992 1569/2762/1991 1857/2764/1993
f 1562/2763/1992 1600/2765/1994 1559/2641/1894
f 1559/2641/1894 1600/2765/1994 1557/2643/1896
f 1562/2763/1992 1857/2764/1993 1600/2765/1994
f 1600/2765/1994 1857/2764/1993 2059/2766/1995
f 1556/2648/1899 1557/2767/1896 1551/2650/1901
f 1557/2767/1896 2061/2768/1996 1551/2650/1901
f 1557/2769/1896 1600/2770/1994 2061/2771/1996
f 2060/2772/1997 2059/2773/1995 2061/2774/1996
f 1857/2764/1993 1599/2775/1998 1555/2776/1999
f 2059/2766/1995 1857/2764/1993 1555/2776/1999
f 2061/2777/1996 2059/2778/1995 1551/2779/1901
f 1551/2650/1901 1549/2780/2000 1550/2651/1902
f 1551/2650/1901 2059/2766/1995 1549/2780/2000
f 1549/2780/2000 2059/2766/1995 1555/2776/1999
f 1550/2651/1902 1552/2781/2001 1547/2782/2002
f 1550/2651/1902 1549/2780/2000 1552/2781/2001
f 1550/2651/1902 1545/2783/2003 1544/2652/1903
f 1550/2651/1902 1547/2782/2002 1545/2783/2003
f 1545/2783/2003 1547/2782/2002 1546/2784/2004
f 1544/2652/1903 1553/2785/2005 1537/2786/2006
f 1544/2787/2007 2057/2788/2008 2058/2789/2009
f 1553/2785/2005 1545/2790/2010 1554/2791/2011
f 1553/2785/2005 1554/2791/2011 1537/2786/2006
f 1544/2652/1903 1537/2786/2006 1536/2660/1909
f 1537/2786/2006 1535/2673/1916 1536/2660/1909
f 1537/2786/2006 1532/2792/2012 1535/2673/1916
f 1532/2792/2012 1537/2786/2006 1529/2793/2013
f 1535/2673/1916 1532/2792/2012 1533/2794/2014
f 2050/2676/1919 1535/2673/1916 1533/2794/2014
f 1533/2795/2014 2053/2796/2015 2050/2797/1919
f 1533/2794/2014 1532/2792/2012 1531/2798/2016
f 1532/2792/2012 1529/2793/2013 1531/2798/2016
f 2050/2797/1919 2053/2796/2015 2052/2799/2017
f 1530/2800/2018 1375/2801/2019 1529/2793/2020
f 1529/2793/2020 1527/2802/2021 2050/2803/1919
f 1529/2793/2020 1375/2801/2019 1527/2802/2021
f 1527/2802/2021 1375/2801/2019 2051/2804/2022
f 1375/2801/2019 6863/2805/2023 2051/2804/2022
f 2050/2806/1919 1527/2807/2021 2051/2808/2022
f 2051/2804/2022 6863/2805/2023 1359/2809/2024
f 6863/2805/2023 1374/2810/2025 1359/2809/2024
f 2051/2804/2022 1359/2809/2024 2050/2676/1919
f 2070/2679/1921 2050/2676/1919 1339/2684/1926
f 2050/2676/1919 1359/2809/2024 1350/2811/2026
f 1359/2809/2024 1356/2812/2027 1350/2811/2026
f 1350/2811/2026 1356/2812/2027 1357/2813/2028
f 1357/2813/2028 1356/2812/2027 1355/2814/2029
f 2050/2676/1919 1350/2811/2026 1339/2684/1926
f 1350/2811/2026 1355/2815/2030 1349/2816/2031
f 1355/2815/2030 1361/2817/2032 1349/2816/2031
f 2049/2687/1929 1339/2684/1926 1342/2688/1930
f 1339/2684/1926 1350/2811/2026 1349/2816/2031
f 2094/2818/2033 2093/2819/2034 2091/2820/2035
f 1339/2684/1926 1349/2816/2031 1344/2821/2036
f 2091/2820/2035 2093/2819/2034 2092/2822/2037
f 1339/2684/1926 1344/2821/2036 1342/2688/1930
f 1349/2816/2031 1348/2823/2038 1344/2821/2036
f 1344/2821/2036 1348/2823/2038 1345/2824/2039
f 1348/2823/2038 1347/2825/2040 1346/2826/2041
f 1348/2823/2038 1346/2826/2041 1345/2824/2039
f 1340/2691/1932 1342/2688/1930 1341/2827/2042
f 1341/2827/2042 1344/2821/2036 1345/2824/2039
f 1342/2688/1930 1344/2821/2036 1341/2827/2042
f 1340/2691/1932 1341/2827/2042 1343/2828/2043
f 1345/2824/2039 1862/2829/2044 1341/2827/2042
f 1343/2828/2043 1351/2693/1934 1340/2691/1932
f 1343/2828/2043 1341/2827/2042 1353/2830/2045
f 1353/2830/2045 1341/2827/2042 2119/2831/2046
f 1351/2693/1934 1353/2830/2045 2119/2831/2046
f 1351/2693/1934 1354/2694/1935 1352/2692/1933
f 1351/2693/1934 2119/2831/2046 1354/2694/1935
f 2119/2831/2046 1362/2832/2047 1354/2694/1935
f 1362/2832/2047 1372/2833/2048 1354/2694/1935
f 1372/2833/2048 1363/2834/2049 1354/2694/1935
f 1354/2694/1935 1363/2834/2049 1366/2835/2050
f 2047/2695/1936 1354/2694/1935 2046/2697/1938
f 1354/2836/1935 1366/2837/2050 2046/2838/1938
f 1363/2834/2049 1364/2839/2051 1365/2840/2052
f 1366/2835/2050 1363/2834/2049 1365/2840/2052
f 1366/2835/2050 1367/2841/2053 2046/2697/1938
f 1366/2835/2050 1365/2840/2052 1368/2842/2054
f 1366/2835/2050 1368/2842/2054 1367/2841/2053
f 1368/2843/2054 2045/2844/2055 2044/2845/2056
f 1365/2840/2052 1364/2839/2051 1370/2846/2057
f 1367/2847/2053 1368/2843/2054 2044/2845/2056
f 1367/2841/2053 2043/2848/2058 2046/2697/1938
f 1369/2849/2059 1370/2850/2060 1371/2851/2061
f 1367/2841/2053 1369/2849/2059 1371/2851/2061
f 1985/2698/1939 2046/2697/1938 2043/2848/2058
f 2043/2848/2058 1367/2841/2053 1371/2851/2061
f 1985/2698/1939 2043/2848/2058 2042/2704/1945
f 2043/2848/2058 1371/2851/2061 1382/2852/2062
f 1371/2851/2061 1376/2853/2063 1382/2852/2062
f 2043/2848/2058 1382/2852/2062 2042/2704/1945
f 2042/2704/1945 1382/2852/2062 2041/2854/2064
f 2042/2704/1945 2041/2854/2064 1383/2712/1950
f 1382/2852/2062 1376/2853/2063 1377/2855/2065
f 1376/2853/2063 2124/2856/2066 1377/2855/2065
f 2041/2857/2064 2040/2858/2067 2037/2859/2068
f 2041/2854/2064 2037/2860/2068 1383/2712/1950
f 1382/2861/2062 1377/2855/2065 1381/2862/2069
f 2040/2858/2067 2038/2863/2070 2037/2859/2068
f 1383/2712/1950 2037/2860/2068 1377/2855/2071
f 1383/2712/1950 6895/2864/2072 1385/2715/1953
f 2037/2859/2068 2038/2863/2070 2039/2865/2073
f 1383/2712/1950 1377/2855/2071 6895/2864/2072
f 2508/2866/2074 2485/2867/2075 2484/2868/2076
f 2508/2866/2074 2507/2869/2077 2485/2867/2075
f 2507/2869/2077 2512/2870/2078 2485/2867/2075
f 2507/2869/2077 2511/2871/2079 2512/2870/2078
f 2693/2872/2080 1238/2873/2081 5603/2874/2082
f 2692/2875/2083 2691/2876/2084 2690/2877/2085
f 2691/2876/2084 2688/2878/2086 2689/2879/2087
f 2691/2876/2084 2686/2880/2088 2687/2881/2089
f 2691/2876/2084 2687/2881/2089 2688/2878/2086
f 2485/2867/2075 2481/2882/2090 2482/2883/2091
f 2482/2883/2091 2481/2882/2090 2486/2884/2092
f 2486/2884/2092 2533/2885/2093 2482/2883/2091
f 2949/2886/2094 2948/2887/2095 2947/2888/2096
f 2486/2884/2092 2481/2882/2090 2536/2889/2097
f 2481/2882/2090 2480/2890/2098 2536/2889/2097
f 2483/2891/2099 2480/2890/2098 2481/2882/2090
f 2482/2883/2091 2484/2868/2076 2485/2867/2075
f 2483/2891/2099 2732/2892/2100 2480/2890/2098
f 2483/2891/2099 2475/2893/2101 2732/2892/2100
f 2732/2892/2100 2475/2893/2101 2477/2894/2102
f 2475/2893/2101 2476/2895/2103 2477/2894/2102
f 2475/2893/2101 2731/2896/2104 2476/2895/2103
f 2475/2893/2101 2474/2897/2105 2731/2896/2104
f 2731/2896/2104 2471/2898/2106 2476/2895/2103
f 2731/2896/2104 2468/2899/2107 2471/2898/2106
f 2511/2871/2079 2534/2900/2108 2512/2870/2078
f 2534/2900/2108 2535/2901/2109 2512/2870/2078
f 2456/2902/2110 2455/2903/2111 2731/2904/2112
f 2731/2904/2112 2455/2903/2111 2509/2905/2113
f 2468/2899/2107 2469/2906/2114 2471/2898/2106
f 2731/2907/2104 2730/2908/2115 2468/2909/2107
f 2733/2910/2116 2736/2911/2117 2734/2912/2118
f 2733/2910/2116 2734/2912/2118 2735/2913/2119
f 2509/2914/2120 2470/2915/2121 2468/2899/2107
f 2470/2915/2121 2467/2916/2122 2466/2917/2123
f 2467/2916/2122 2724/2918/2124 2466/2917/2123
f 2466/2917/2123 2724/2918/2124 2465/2919/2125
f 2456/2902/2110 2454/2920/2126 2455/2903/2111
f 2455/2903/2111 2454/2920/2126 2452/2921/2127
f 2455/2903/2111 2452/2921/2127 2467/2916/2122
f 2467/2916/2122 2452/2921/2127 2724/2918/2124
f 2454/2920/2126 2458/2922/2128 2452/2921/2127
f 2452/2921/2127 2726/2923/2129 2724/2918/2124
f 2726/2923/2129 2451/2924/2130 2724/2918/2124
f 2724/2918/2124 2451/2924/2130 2450/2925/2131
f 2458/2922/2128 2459/2926/2132 2452/2921/2127
f 2725/2927/2133 2451/2928/2130 2726/2929/2129
f 2452/2921/2127 2459/2926/2132 2727/2930/2134
f 2725/2927/2133 2727/2931/2134 2451/2928/2130
f 2460/2932/2135 2461/2933/2136 2459/2926/2132
f 2451/2924/2130 2727/2930/2134 2703/2934/2137
f 2727/2930/2134 2459/2926/2132 2703/2934/2137
f 2459/2926/2132 2462/2935/2138 2703/2934/2137
f 2459/2926/2132 2461/2933/2136 2462/2935/2138
f 2461/2936/2136 2704/2937/2139 2462/2938/2138
f 2163/2939/2140 2162/2940/2141 2461/2941/2136
f 2162/2940/2141 2156/2942/2142 2461/2941/2136
f 2461/2941/2136 2156/2942/2142 2704/2943/2139
f 2156/2942/2142 2154/2944/2143 2704/2943/2139
f 2704/2943/2139 2154/2944/2143 2157/2945/2144
f 2156/2942/2142 2155/2946/2145 2154/2944/2143
f 2155/2946/2145 2153/2947/2146 2154/2944/2143
f 2153/2947/2146 2146/2948/2147 2154/2944/2143
f 2148/2949/2148 2706/2950/2149 2153/2947/2146
f 2153/2947/2146 2706/2950/2149 2146/2948/2147
f 2705/2951/2150 2151/2952/2151 2706/2953/2149
f 2706/2950/2149 2151/2954/2151 2146/2948/2147
f 2148/2955/2152 2150/2956/2153 2149/2957/2154
f 2148/2955/2152 2149/2957/2154 2151/2954/2151
f 2149/2957/2154 2702/2958/2155 2151/2954/2151
f 2149/2959/2154 2713/2960/2156 2702/2961/2155
f 2136/2962/2157 2707/2963/2158 2702/2958/2155
f 2136/2962/2157 2135/2964/2159 2707/2963/2158
f 2135/2964/2159 2134/2965/2160 2707/2963/2158
f 2135/2964/2159 2141/2966/2161 2134/2965/2160
f 2714/2967/2162 2715/2968/2163 2134/2969/2164
f 2134/2965/2160 2708/2970/2165 2707/2963/2158
f 2141/2971/2166 2142/2972/2167 2143/2973/2168
f 2141/2971/2166 2140/2974/2169 2142/2972/2167
f 2716/2975/2170 2140/2976/2169 2717/2977/2171
f 2716/2975/2170 2717/2977/2171 2718/2978/2172
f 2134/2965/2160 2143/2979/2173 2708/2970/2165
f 2141/2971/2166 2128/2980/2174 2140/2974/2169
f 2140/2974/2169 2128/2980/2174 2717/2981/2171
f 2128/2980/2174 2710/2982/2175 2717/2981/2171
f 2717/2981/2171 2710/2982/2175 2143/2979/2173
f 2143/2979/2173 2710/2982/2175 2708/2970/2165
f 2710/2983/2175 2711/2984/2176 2712/2985/2177
f 2710/2982/2175 2129/2986/2178 2708/2970/2165
f 2710/2982/2175 2712/2987/2177 2129/2986/2178
f 2128/2988/2179 2127/2989/2180 2712/2987/2177
f 2127/2989/2180 2125/2990/2181 2712/2987/2177
f 2712/2987/2177 2125/2990/2181 2129/2986/2178
f 2127/2989/2180 2166/2991/2182 2125/2990/2181
f 2127/2989/2180 2696/2992/2183 2166/2991/2182
f 2166/2993/2182 2167/2994/2184 2695/2995/2185
f 2166/2996/2182 2175/2997/2186 2167/2998/2184
f 2166/2996/2182 2696/2992/2183 2175/2997/2186
f 2127/2989/2180 2174/2999/2187 2696/2992/2183
f 2696/2992/2183 2174/2999/2187 2173/3000/2188
f 2696/2992/2183 2173/3000/2188 2175/2997/2186
f 2699/3001/2189 2698/3002/2190 2697/3003/2191
f 2173/3000/2188 2174/2999/2187 2698/3004/2190
f 2698/3004/2190 2174/2999/2187 2172/3005/2192
f 2174/2999/2187 2177/3006/2193 2172/3005/2192
f 2174/2999/2187 2192/3007/2194 2177/3006/2193
f 2192/3007/2194 2178/3008/2195 2177/3006/2193
f 2192/3007/2194 2179/3009/2196 2178/3008/2195
f 2192/3007/2194 2931/3010/2197 2179/3009/2196
f 2930/3011/2198 2931/3012/2197 2666/3013/2199
f 2931/3010/2197 2190/3014/2200 2666/3015/2199
f 2192/3007/2194 2193/3016/2201 2931/3010/2197
f 2193/3016/2201 2186/3017/2202 2931/3010/2197
f 2931/3010/2197 2186/3017/2202 2191/3018/2203
f 2931/3010/2197 2191/3018/2203 2190/3014/2200
f 2186/3019/2202 2187/3020/2204 2191/3021/2203
f 2191/3018/2203 2182/3022/2205 2190/3014/2200
f 2191/3021/2203 2187/3020/2204 2927/3023/2206
f 2185/3024/2207 2933/3025/2208 2186/3017/2202
f 2193/3026/2209 2198/3027/2210 2185/3024/2207
f 2198/3027/2210 2933/3025/2208 2185/3024/2207
f 2186/3017/2202 2933/3025/2208 2187/3028/2204
f 2187/3028/2204 2933/3025/2208 2182/3029/2211
f 2933/3025/2208 2183/3030/2212 2182/3029/2211
f 2183/3030/2212 2933/3025/2208 2184/3031/2213
f 2198/3027/2210 2199/3032/2214 2933/3025/2208
f 2933/3025/2208 2199/3032/2214 2200/3033/2215
f 2199/3032/2214 2202/3034/2216 2201/3035/2217
f 2202/3034/2216 2199/3032/2214 2203/3036/2218
f 2199/3032/2214 2204/3037/2219 2222/3038/2220
f 2206/3039/2221 2917/3040/2222 2204/3037/2219
f 2204/3037/2219 2917/3040/2222 2222/3038/2220
f 1238/2873/2081 2692/2875/2083 5603/2874/2082
f 2692/2875/2083 2690/2877/2085 5603/2874/2082
f 2916/3041/2223 2208/3042/2224 2917/3043/2222
f 2222/3038/2220 2917/3040/2222 2675/3044/2225
f 2917/3040/2222 2208/3045/2224 2675/3044/2225
f 2206/3046/2226 2211/3047/2227 2208/3045/2224
f 2675/3044/2225 2208/3045/2224 2214/3048/2228
f 2690/2877/2085 2691/2876/2084 2689/2879/2087
f 2211/3047/2227 2214/3048/2228 2208/3045/2224
f 2214/3048/2228 2211/3047/2227 2212/3049/2229
f 2214/3050/2228 2212/3051/2229 2213/3052/2230
f 2212/3049/2229 2914/3053/2231 2213/3054/2230
f 2541/3055/2232 2540/3056/2233 2539/3057/2234
f 2211/3047/2235 2539/3057/2234 2220/3058/2236
f 2541/3055/2232 2539/3057/2234 2211/3047/2235
f 2212/3059/2229 2215/3060/2237 2914/3061/2231
f 2212/3059/2229 2915/3062/2238 2215/3060/2237
f 2539/3057/2234 2218/3063/2239 2220/3058/2236
f 2687/2881/2089 2686/2880/2088 2540/3056/2233
f 2686/2880/2088 2539/3057/2234 2540/3056/2233
f 2533/2885/2240 2536/3064/2241 2491/3065/2242
f 2533/2885/2240 2491/3065/2242 2679/3066/2243
f 2491/3065/2242 2493/3067/2244 2490/3068/2245
f 2493/3067/2244 2536/2889/2097 2497/3069/2246
f 2493/3067/2244 2497/3069/2246 2490/3068/2245
f 2536/2889/2097 2480/2890/2098 2497/3069/2246
f 2679/3066/2243 2491/3065/2242 2743/3070/2247
f 2743/3070/2247 2491/3065/2242 2492/3071/2248
f 2491/3065/2242 2490/3068/2245 2492/3071/2248
f 2497/3069/2246 2480/2890/2098 2487/3072/2249
f 2480/2890/2098 2488/3073/2250 2487/3072/2249
f 2497/3069/2246 2487/3072/2249 2744/3074/2251
f 2487/3072/2249 2489/3075/2252 2744/3074/2251
f 2480/2890/2098 2732/2892/2100 2488/3073/2250
f 2477/2894/2102 2479/3076/2253 2732/2892/2100
f 2732/2892/2100 2479/3076/2253 2488/3073/2250
f 2478/3077/2254 2472/3078/2255 2479/3079/2256
f 2477/2894/2102 2476/2895/2103 2538/3080/2257
f 2477/2894/2102 2538/3080/2257 2478/3077/2254
f 2478/3077/2254 2538/3080/2257 2472/3078/2255
f 2476/2895/2103 2471/2898/2106 2538/3080/2257
f 2471/2898/2106 2469/2906/2114 2472/3081/2258
f 2469/2906/2114 2473/3082/2259 2472/3081/2258
f 2468/2899/2107 2470/2915/2121 2466/2917/2123
f 2468/2899/2107 2466/2917/2123 2469/2906/2114
f 2469/2906/2114 2466/2917/2123 2728/3083/2260
f 2469/3084/2114 2728/3085/2260 2729/3086/2261
f 2463/3087/2262 2453/3088/2263 2728/3089/2264
f 2466/2917/2123 2465/2919/2125 2463/3087/2262
f 2463/3087/2262 2465/2919/2125 2464/3090/2265
f 2465/3091/2125 2724/3092/2124 2464/3093/2265
f 2464/3090/2265 2453/3088/2263 2463/3087/2262
f 2724/2918/2124 2453/3088/2263 2464/3090/2265
f 2724/2918/2124 2457/3094/2266 2453/3088/2263
f 2724/2918/2124 2450/2925/2131 2457/3094/2266
f 2450/2925/2131 2451/2924/2130 2449/3095/2267
f 2451/2924/2130 2703/2934/2137 2449/3095/2267
f 2703/2934/2137 2161/3096/2268 2449/3095/2267
f 2703/2934/2137 2462/2935/2138 2161/3096/2268
f 2449/3095/2267 2161/3096/2268 2673/3097/2269
f 2161/3096/2268 2462/2935/2138 2704/2943/2139
f 2704/2943/2139 2160/3098/2270 2161/3096/2268
f 2704/2943/2139 2158/3099/2271 2160/3098/2270
f 2704/2943/2139 2157/2945/2144 2158/3099/2271
f 2158/3099/2271 2157/2945/2144 2159/3100/2272
f 2146/2948/2147 2152/3101/2273 2154/2944/2143
f 2154/2944/2143 2152/3101/2273 2164/3102/2274
f 2151/2954/2151 2702/2958/2155 2146/2948/2147
f 2702/2958/2155 2137/3103/2275 2146/2948/2147
f 2146/2948/2147 2137/3103/2275 2147/3104/2276
f 2702/2958/2155 2707/2963/2158 2137/3103/2275
f 2137/3103/2275 2707/2963/2158 2138/3105/2277
f 2707/3106/2158 2708/3107/2165 2709/3108/2278
f 2708/2970/2165 2133/3109/2279 2138/3110/2280
f 2708/2970/2165 2144/3111/2281 2133/3109/2279
f 2708/2970/2165 2132/3112/2282 2144/3111/2281
f 2132/3112/2282 2139/3113/2283 2144/3111/2281
f 2708/2970/2165 2129/2986/2178 2132/3112/2282
f 2129/3114/2284 2720/3115/2285 2719/3116/2286
f 2129/2986/2178 2721/3117/2287 2139/3113/2288
f 2129/2986/2178 2125/2990/2181 2721/3117/2287
f 2125/2990/2181 2126/3118/2289 2721/3117/2287
f 2721/3119/2290 2722/3120/2291 2723/3121/2292
f 2126/3118/2289 2125/2990/2181 2145/3122/2293
f 2125/2990/2181 2165/3123/2294 2145/3122/2293
f 2166/2991/2182 2130/3124/2295 2125/2990/2181
f 2125/2990/2181 2130/3124/2295 2131/3125/2296
f 2167/2998/2184 2176/3126/2297 2130/3127/2298
f 2130/3127/2298 2176/3126/2297 2168/3128/2299
f 2175/2997/2186 2176/3126/2297 2167/2998/2184
f 2176/3126/2297 2175/2997/2186 2444/3129/2300
f 2697/3003/2191 2698/3002/2190 2170/3130/2301
f 2444/3129/2300 2170/3131/2301 2176/3126/2297
f 2698/3004/2190 2169/3132/2302 2170/3131/2301
f 2170/3131/2301 2169/3132/2302 2176/3126/2297
f 2176/3126/2297 2169/3132/2302 2168/3128/2299
f 2698/3004/2190 2172/3005/2192 2169/3132/2302
f 2172/3005/2192 2171/3133/2303 2169/3132/2302
f 2177/3134/2304 2701/3135/2305 2700/3136/2306
f 2171/3133/2303 2694/3137/2307 2169/3132/2302
f 2177/3006/2193 2178/3008/2195 2694/3137/2308
f 2941/3138/2309 2940/3139/2310 2942/3140/2311
f 2169/3132/2312 2940/3141/2313 2180/3142/2314
f 2178/3008/2195 2179/3009/2196 2676/3143/2315
f 2930/3011/2198 2666/3013/2199 2932/3144/2316
f 2939/3145/2317 2940/3139/2310 2941/3138/2309
f 2666/3015/2199 2190/3014/2200 2676/3146/2318
f 2676/3146/2318 2190/3014/2200 2940/3141/2313
f 2927/3147/2319 2928/3148/2320 2929/3149/2321
f 2190/3014/2200 2194/3150/2322 2940/3141/2313
f 2182/3029/2211 2181/3151/2323 2194/3150/2322
f 2194/3150/2322 2181/3151/2323 2940/3141/2313
f 2183/3152/2212 2184/3153/2213 2926/3154/2324
f 2183/3030/2212 2188/3155/2325 2182/3029/2211
f 2182/3029/2211 2188/3155/2325 2181/3151/2323
f 2184/3031/2213 2933/3025/2208 2925/3156/2326
f 2184/3031/2213 2925/3156/2326 2188/3157/2327
f 2940/3141/2313 2181/3151/2323 2180/3142/2314
f 2181/3151/2323 2189/3158/2328 2180/3142/2314
f 2925/3156/2326 2224/3159/2329 2188/3157/2327
f 2925/3160/2326 2933/3161/2208 2224/3162/2329
f 2933/3025/2208 2200/3033/2215 2224/3159/2329
f 2224/3163/2329 2200/3164/2215 2197/3165/2330
f 2224/3159/2329 2196/3166/2331 2188/3157/2327
f 2188/3157/2327 2196/3166/2331 2189/3167/2332
f 2224/3159/2329 2197/3168/2330 2196/3166/2331
f 2189/3167/2332 2196/3166/2331 2195/3169/2333
f 2200/3033/2215 2199/3032/2214 2201/3035/2217
f 2200/3164/2215 2201/3170/2217 2197/3165/2330
f 2201/3035/2217 2684/3171/2334 2197/3168/2330
f 2202/3034/2216 2203/3036/2218 2684/3171/2335
f 2197/3168/2330 2684/3171/2334 2196/3166/2331
f 2199/3032/2214 2205/3172/2336 2203/3036/2218
f 2196/3166/2331 2203/3173/2337 2195/3169/2333
f 2203/3036/2218 2205/3172/2336 2445/3174/2338
f 2199/3032/2214 2222/3038/2220 2205/3172/2336
f 2445/3174/2338 2221/3175/2339 2203/3036/2218
f 2445/3174/2338 2222/3038/2220 2221/3175/2339
f 2222/3038/2220 2207/3176/2340 2221/3175/2339
f 2222/3038/2220 2209/3177/2341 2207/3176/2340
f 2222/3038/2220 2675/3044/2225 2209/3177/2341
f 2675/3044/2225 2210/3178/2342 2209/3177/2341
f 2675/3044/2225 2214/3179/2228 2210/3178/2342
f 2214/3048/2228 2213/3054/2230 2210/3178/2342
f 2213/3054/2230 2914/3053/2231 2210/3178/2342
f 2210/3178/2342 2914/3053/2231 2223/3180/2343
f 2223/3180/2343 2217/3181/2344 2225/3182/2345
f 2210/3183/2346 2227/3184/2347 2542/3185/2348
f 2210/3183/2346 2225/3182/2345 2227/3184/2347
f 2227/3184/2347 2225/3182/2345 2226/3186/2349
f 2225/3182/2345 2217/3181/2344 2232/3187/2350
f 2225/3182/2345 2232/3187/2350 2228/3188/2351
f 2225/3182/2345 2228/3188/2351 2226/3186/2349
f 2215/3189/2237 2216/3190/2352 2914/3053/2231
f 2914/3053/2231 2216/3190/2352 2223/3180/2343
f 2223/3180/2343 2216/3190/2352 2217/3181/2344
f 2215/3189/2237 2220/3058/2236 2216/3190/2352
f 2216/3190/2352 2220/3058/2236 2218/3063/2239
f 2912/3191/2353 2217/3192/2354 2913/3193/2355
f 2232/3187/2350 2886/3194/2356 2228/3188/2351
f 2232/3187/2350 2216/3190/2352 2886/3194/2356
f 2216/3190/2352 2218/3063/2239 2219/3195/2357
f 2216/3190/2352 2219/3195/2357 2886/3194/2356
f 2219/3195/2357 2255/3196/2358 2886/3194/2356
f 2890/3197/2359 2441/3198/2360 2255/3199/2358
f 2255/3200/2358 2441/3201/2360 2888/3202/2361
f 2505/3203/2362 2743/3204/2247 2496/3205/2363
f 2743/3204/2247 2494/3206/2364 2496/3205/2363
f 2743/3204/2247 2744/3074/2251 2494/3206/2364
f 2492/3207/2248 2497/3069/2246 2744/3074/2251
f 2492/3207/2248 2744/3074/2251 2743/3204/2247
f 2744/3074/2251 2495/3208/2365 2498/3209/2366
f 2886/3194/2356 2230/3210/2367 2228/3188/2351
f 2886/3194/2356 2255/3200/2358 2888/3202/2361
f 2886/3194/2356 2888/3202/2361 2230/3210/2367
f 2228/3211/2368 2901/3212/2369 2902/3213/2370
f 2228/3188/2351 2229/3214/2371 2226/3186/2349
f 2230/3210/2367 2888/3202/2361 2680/3215/2372
f 2888/3202/2361 2441/3201/2360 2231/3216/2373
f 2504/3217/2374 2499/3218/2375 2500/3219/2376
f 2504/3217/2374 2500/3219/2376 2502/3220/2377
f 2499/3218/2375 5813/3221/2378 2500/3219/2376
f 2494/3206/2364 2498/3209/2366 2499/3218/2375
f 2494/3206/2364 2744/3074/2251 2498/3209/2366
f 2499/3218/2375 2498/3209/2366 5813/3221/2378
f 2920/3222/2379 2918/3223/2380 2919/3224/2381
f 2254/3225/2382 2253/3226/2383 2237/3227/2384
f 2237/3227/2384 2253/3226/2383 2921/3228/2385
f 2253/3226/2383 2226/3186/2349 2921/3228/2385
f 2921/3228/2385 2226/3186/2349 2922/3229/2386
f 2921/3230/2385 2922/3231/2386 2923/3232/2387
f 2237/3227/2384 2921/3228/2385 2235/3233/2388
f 2226/3186/2349 2229/3214/2371 2922/3229/2386
f 2229/3214/2371 2249/3234/2389 2922/3229/2386
f 2229/3214/2371 2680/3215/2390 2233/3235/2391
f 2229/3214/2371 2233/3235/2391 2249/3234/2389
f 2922/3229/2386 2249/3234/2389 2235/3233/2388
f 2249/3234/2389 2234/3236/2392 2235/3233/2388
f 2233/3235/2391 2680/3215/2390 2236/3237/2393
f 2887/3238/2394 2888/3239/2395 2889/3240/2396
f 2236/3241/2397 2248/3242/2398 2249/3234/2389
f 2544/3243/2399 2888/3202/2361 2231/3216/2373
f 2500/3219/2376 5813/3221/2378 2501/3244/2400
f 2237/3227/2384 2235/3233/2388 2252/3245/2401
f 2252/3245/2401 2235/3233/2388 2238/3246/2402
f 2235/3233/2388 2234/3236/2392 2238/3246/2402
f 2238/3247/2402 2234/3248/2392 2240/3249/2403
f 2234/3236/2392 2249/3234/2389 2248/3242/2398
f 2248/3242/2398 2231/3216/2404 2250/3250/2405
f 2234/3236/2392 2248/3242/2398 2243/3251/2406
f 2248/3242/2398 2250/3250/2405 2243/3251/2406
f 2501/3244/2400 5813/3221/2378 2502/3252/2407
f 2252/3245/2401 2238/3246/2402 2244/3253/2408
f 2238/3246/2402 2240/3254/2403 2244/3253/2408
f 2252/3245/2401 2244/3253/2408 2251/3255/2409
f 2244/3253/2408 2240/3254/2403 2239/3256/2410
f 5933/3257/2411 2252/3245/2401 2251/3255/2409
f 2240/3254/2403 2234/3236/2392 2239/3256/2410
f 2234/3236/2392 2880/3258/2412 2239/3256/2410
f 2234/3236/2392 2245/3259/2413 2880/3258/2412
f 2239/3256/2410 2242/3260/2414 2910/3261/2415
f 2243/3251/2406 2250/3250/2405 2677/3262/2416
f 2243/3251/2406 2677/3262/2416 2245/3263/2417
f 2880/3258/2412 2245/3259/2413 2241/3264/2418
f 2881/3265/2419 2677/3266/2420 2882/3267/2421
f 2502/3252/2407 2543/3268/2422 2531/3269/2423
f 2543/3268/2422 2741/3270/2424 2531/3269/2423
f 2502/3252/2407 5813/3221/2378 2543/3268/2422
f 2543/3268/2422 5813/3221/2378 2503/3271/2425
f 2543/3272/2422 2742/3273/2426 2741/3274/2424
f 2247/3275/2427 2286/3276/2428 2251/3277/2429
f 2247/3275/2427 2244/3253/2408 2286/3276/2428
f 2286/3276/2428 2244/3253/2408 2911/3278/2430
f 2244/3253/2408 2239/3256/2410 2911/3278/2430
f 2911/3279/2430 2909/3280/2431 2256/3281/2432
f 2286/3276/2428 2911/3278/2430 2284/3282/2433
f 2909/3280/2431 2910/3283/2415 2256/3281/2432
f 2246/3284/2434 2242/3260/2414 2239/3256/2410
f 2910/3261/2415 2242/3260/2414 2885/3285/2435
f 2885/3285/2435 2242/3260/2414 2270/3286/2436
f 2880/3287/2412 2879/3288/2437 2273/3289/2438
f 2880/3258/2412 2273/3290/2438 2246/3284/2434
f 2880/3258/2412 2246/3284/2434 2239/3256/2410
f 2348/3291/2439 2271/3292/2440 2273/3290/2438
f 2898/3293/2441 2899/3294/2442 2900/3295/2443
f 2246/3284/2434 2273/3290/2438 2899/3296/2444
f 2273/3290/2438 2271/3292/2440 2899/3296/2444
f 2242/3260/2414 2899/3296/2444 2270/3286/2436
f 2502/3252/2407 2531/3269/2423 2532/3297/2445
f 2531/3269/2423 2741/3270/2424 2506/3298/2446
f 2531/3269/2423 2506/3298/2446 2737/3299/2447
f 2531/3300/2423 2737/3301/2447 2740/3302/2448
f 2503/3271/2449 2506/3298/2446 2741/3270/2424
f 2911/3278/2430 2256/3303/2432 2284/3282/2433
f 2284/3282/2433 2256/3303/2432 2257/3304/2450
f 2257/3304/2450 2885/3285/2435 2258/3305/2451
f 2256/3303/2432 2910/3261/2415 2885/3285/2435
f 2256/3303/2432 2885/3285/2435 2257/3304/2450
f 2885/3285/2435 2261/3306/2452 2258/3305/2451
f 2885/3285/2435 2267/3307/2453 2261/3306/2452
f 2899/3296/2444 2271/3292/2440 2272/3308/2454
f 2885/3309/2455 2883/3310/2456 2884/3311/2457
f 2899/3296/2444 2272/3308/2454 2270/3286/2436
f 2267/3312/2458 2270/3286/2436 2266/3313/2459
f 2270/3286/2436 2272/3308/2454 2266/3313/2459
f 2266/3313/2459 2272/3308/2454 2264/3314/2460
f 2740/3315/2448 2739/3316/2461 2738/3317/2462
f 2531/3269/2423 2740/3318/2448 2513/3319/2463
f 2532/3297/2445 2531/3269/2423 2514/3320/2464
f 2531/3269/2423 2513/3319/2463 2514/3320/2464
f 2740/3318/2448 2738/3321/2462 2513/3319/2463
f 2737/3299/2447 2510/3322/2465 2738/3321/2462
f 2737/3299/2447 2506/3298/2446 2510/3322/2465
f 2738/3321/2462 2510/3322/2465 2513/3319/2463
f 2259/3323/2466 2257/3304/2450 2260/3324/2467
f 2257/3304/2450 2258/3305/2451 2260/3324/2467
f 2281/3325/2468 2260/3326/2469 2277/3327/2470
f 2260/3326/2469 2282/3328/2471 2277/3327/2470
f 2258/3305/2451 2261/3306/2452 2262/3329/2472
f 2258/3305/2451 2262/3329/2472 2349/3330/2473
f 2924/3331/2474 2349/3332/2475 2282/3333/2471
f 2261/3306/2452 2263/3334/2476 2262/3329/2472
f 2262/3329/2472 2263/3334/2476 2264/3314/2460
f 2282/3328/2471 2349/3330/2475 2283/3335/2477
f 2349/3336/2475 2908/3337/2478 2264/3338/2460
f 2349/3336/2475 2264/3338/2460 2283/3339/2477
f 2283/3335/2477 2268/3340/2479 2282/3328/2471
f 2283/3335/2477 2264/3314/2460 2268/3340/2479
f 2264/3314/2460 2265/3341/2480 2268/3340/2479
f 2263/3334/2476 2266/3313/2459 2264/3314/2460
f 2264/3314/2460 2272/3308/2454 2265/3341/2480
f 2514/3320/2464 2513/3319/2463 2515/3342/2481
f 2513/3319/2463 2527/3343/2482 2516/3344/2483
f 2510/3322/2465 2527/3343/2482 2513/3319/2463
f 2752/3345/2484 2753/3346/2485 2754/3347/2486
f 2527/3343/2482 2518/3348/2487 2517/3349/2488
f 2518/3348/2487 5804/3350/2489 2517/3349/2488
f 2517/3349/2488 5804/3350/2489 2528/3351/2490
f 2281/3325/2468 2277/3327/2470 2280/3352/2491
f 2282/3328/2471 2268/3340/2479 2277/3327/2470
f 2268/3340/2479 2276/3353/2492 2277/3327/2470
f 2277/3327/2470 2276/3353/2492 2275/3354/2493
f 2276/3355/2494 2875/3356/2495 2876/3357/2496
f 2276/3353/2492 2274/3358/2497 2275/3354/2493
f 2277/3327/2470 2275/3354/2493 2278/3359/2498
f 2275/3354/2493 2274/3358/2497 2279/3360/2499
f 2874/3361/2500 2279/3362/2501 2873/3363/2502
f 2268/3340/2479 2265/3341/2480 2877/3364/2503
f 2875/3356/2495 2877/3365/2504 2876/3357/2496
f 2274/3358/2497 2877/3364/2503 2279/3360/2499
f 2877/3364/2503 2265/3341/2480 2279/3360/2499
f 2513/3319/2463 2516/3344/2483 2515/3342/2481
f 2749/3366/2505 2748/3367/2506 2750/3368/2507
f 2749/3366/2505 2516/3369/2483 2748/3367/2506
f 2750/3368/2507 2748/3367/2506 2751/3370/2508
f 2516/3344/2483 2527/3343/2482 2517/3349/2488
f 2516/3369/2483 2517/3371/2488 2748/3367/2506
f 2748/3372/2506 2517/3349/2488 2521/3373/2509
f 2517/3349/2488 2519/3374/2510 2521/3373/2509
f 2517/3349/2488 2528/3351/2490 2520/3375/2511
f 2517/3349/2488 2520/3375/2511 2519/3374/2510
f 2519/3374/2510 2520/3375/2511 2529/3376/2512
f 2670/3377/2513 2672/3378/2514 2671/3379/2515
f 2670/3377/2513 2671/3379/2515 2312/3380/2516
f 2280/3352/2491 2277/3327/2470 2672/3381/2517
f 2312/3380/2516 2671/3379/2515 2309/3382/2518
f 2936/3383/2519 2937/3384/2520 2938/3385/2521
f 2277/3327/2470 2278/3359/2498 2309/3382/2518
f 2872/3386/2522 2278/3359/2498 2279/3387/2499
f 2872/3388/2522 2279/3389/2499 2285/3390/2523
f 2278/3359/2498 2872/3386/2522 2309/3382/2518
f 2872/3386/2522 2285/3391/2523 2309/3382/2518
f 2285/3391/2523 2287/3392/2524 2309/3382/2518
f 2279/3360/2499 2265/3341/2480 2285/3391/2523
f 2285/3391/2523 2265/3341/2480 2269/3393/2525
f 2287/3392/2524 2869/3394/2526 2309/3382/2518
f 2532/3395/2527 2521/3373/2509 2525/3396/2528
f 2641/3397/2529 2525/3398/2530 2642/3399/2531
f 2525/3396/2528 2521/3373/2509 2522/3400/2532
f 2525/3396/2528 2522/3400/2532 2526/3401/2533
f 2641/3397/2529 2642/3399/2531 2640/3402/2534
f 2526/3401/2533 2522/3400/2532 2640/3403/2535
f 2521/3373/2509 2519/3374/2510 2523/3404/2536
f 2521/3373/2509 2523/3404/2536 2522/3400/2532
f 2522/3400/2532 2523/3404/2536 2524/3405/2537
f 2745/3406/2538 2747/3407/2539 2746/3408/2540
f 2523/3404/2536 2765/3409/2541 2524/3405/2537
f 2523/3404/2536 2530/3410/2542 2765/3409/2541
f 2519/3374/2510 2529/3376/2512 2530/3411/2543
f 2312/3380/2516 2309/3382/2518 2310/3412/2544
f 2310/3412/2544 2311/3413/2545 2312/3380/2516
f 2310/3412/2544 2309/3382/2518 2307/3414/2546
f 1432/3415/2547 2934/3416/2548 2935/3417/2549
f 2309/3382/2518 2289/3418/2550 2307/3414/2546
f 2307/3414/2546 2289/3418/2550 2298/3419/2551
f 2298/3419/2551 2299/3420/2552 2301/3421/2553
f 2309/3382/2518 2848/3422/2554 2289/3418/2550
f 2309/3382/2518 2869/3394/2526 2848/3422/2554
f 2869/3394/2526 2290/3423/2555 2848/3422/2554
f 2869/3394/2526 2287/3392/2524 2288/3424/2556
f 2287/3392/2524 2269/3425/2557 2288/3424/2556
f 2869/3426/2558 2870/3427/2559 2871/3428/2560
f 2641/3397/2529 2640/3402/2534 2634/3429/2561
f 2640/3402/2534 2757/3430/2562 2634/3429/2561
f 2755/3431/2563 2756/3432/2564 2757/3433/2562
f 2522/3400/2532 2524/3405/2537 2756/3434/2565
f 2767/3435/2566 2768/3436/2567 2764/3437/2568
f 2524/3405/2537 2765/3409/2541 2764/3438/2569
f 2756/3439/2564 2764/3440/2569 2757/3430/2562
f 2764/3441/2569 2765/3442/2541 2766/3443/2570
f 2298/3419/2551 2289/3418/2550 2299/3420/2552
f 2849/3444/2571 2300/3445/2572 2295/3446/2573
f 2300/3447/2572 2294/3448/2574 2295/3449/2573
f 2289/3418/2550 2300/3450/2575 2299/3420/2552
f 2847/3451/2576 2848/3452/2554 2293/3453/2577
f 2847/3451/2576 2293/3453/2577 2300/3454/2572
f 2300/3447/2572 2293/3455/2577 2294/3448/2574
f 2293/3455/2577 2848/3422/2554 2294/3448/2574
f 2848/3422/2554 2291/3456/2578 2296/3457/2579
f 2848/3422/2554 2296/3457/2579 2294/3448/2574
f 2848/3422/2554 2290/3423/2555 2291/3456/2578
f 2291/3456/2578 2290/3423/2555 2866/3458/2580
f 2291/3459/2578 2867/3460/2581 2868/3461/2582
f 2291/3459/2578 2866/3462/2580 2867/3460/2581
f 2290/3423/2555 2292/3463/2583 2866/3458/2580
f 2866/3458/2580 2292/3463/2583 2306/3464/2584
f 2634/3429/2561 2757/3430/2562 2633/3465/2585
f 2757/3430/2562 2764/3440/2569 2633/3465/2585
f 2634/3466/2586 2632/3467/2587 2635/3468/2588
f 2758/3469/2589 2633/3470/2590 2759/3471/2591
f 2764/3440/2569 2766/3472/2570 2636/3473/2592
f 2301/3421/2593 2295/3449/2573 2297/3474/2594
f 2295/3449/2573 2294/3448/2574 2297/3474/2594
f 2297/3474/2594 2294/3448/2574 2314/3475/2595
f 2294/3448/2574 2305/3476/2596 2302/3477/2597
f 2314/3475/2595 2294/3448/2574 2302/3477/2597
f 2302/3477/2597 2305/3476/2596 2303/3478/2598
f 2296/3479/2599 2867/3480/2581 2305/3476/2596
f 2867/3480/2581 2866/3458/2580 2306/3464/2584
f 2867/3480/2581 2306/3464/2584 2304/3481/2600
f 2305/3476/2596 2867/3480/2581 2303/3478/2598
f 2867/3480/2581 2304/3481/2600 2303/3478/2598
f 2633/3465/2585 2764/3440/2569 2632/3467/2587
f 2635/3468/2588 2632/3467/2587 2637/3482/2601
f 2637/3482/2601 2632/3467/2587 2626/3483/2602
f 2632/3467/2587 2764/3440/2569 2626/3483/2602
f 2764/3440/2569 2636/3473/2592 2626/3483/2602
f 2297/3484/2594 2314/3485/2595 2313/3486/2603
f 2297/3487/2594 2313/3488/2603 2850/3489/2604
f 2313/3488/2603 2342/3490/2605 2850/3489/2604
f 2313/3488/2603 2314/3475/2595 2342/3490/2605
f 2302/3491/2597 2303/3492/2598 2342/3490/2605
f 2303/3478/2598 2304/3481/2600 2878/3493/2606
f 2878/3493/2606 2304/3481/2600 2308/3494/2607
f 2637/3482/2601 2626/3483/2602 2628/3495/2608
f 2850/3489/2604 2342/3490/2605 2320/3496/2609
f 2342/3490/2605 2303/3492/2598 2318/3497/2610
f 2320/3496/2609 2342/3490/2605 2317/3498/2611
f 2342/3490/2605 2318/3497/2610 2317/3498/2611
f 2303/3492/2598 2878/3493/2606 2318/3497/2610
f 2878/3493/2606 2308/3494/2607 2318/3497/2610
f 2318/3497/2610 2308/3494/2607 2315/3499/2612
f 2315/3499/2612 2308/3494/2607 2864/3500/2613
f 2864/3500/2613 2308/3494/2607 2316/3501/2614
f 2637/3482/2601 2628/3495/2608 2630/3502/2615
f 2637/3482/2601 2630/3502/2615 2631/3503/2616
f 2630/3502/2615 2629/3504/2617 2631/3503/2616
f 2630/3505/2618 2761/3506/2619 2760/3507/2620
f 2850/3508/2604 2320/3496/2609 2324/3509/2621
f 2317/3498/2611 2322/3510/2622 2320/3496/2609
f 2320/3496/2609 2322/3510/2622 2321/3511/2623
f 2321/3511/2623 2322/3510/2622 2323/3512/2624
f 2906/3513/2625 2315/3514/2626 2907/3515/2627
f 2317/3498/2611 2315/3516/2628 2319/3517/2629
f 2315/3518/2612 2864/3519/2613 2865/3520/2630
f 2317/3498/2611 2319/3517/2629 2325/3521/2631
f 2317/3498/2611 2325/3521/2631 2322/3510/2622
f 2864/3500/2613 2316/3501/2614 2319/3522/2632
f 2863/3523/2633 2861/3524/2634 2862/3525/2635
f 2325/3521/2631 2319/3517/2629 2323/3512/2624
f 2637/3482/2601 2631/3503/2616 2625/3526/2636
f 2631/3527/2616 2629/3528/2617 2762/3529/2637
f 2629/3530/2638 2628/3495/2608 2638/3531/2639
f 2638/3531/2639 2628/3495/2608 2626/3483/2602
f 2638/3531/2639 2626/3483/2602 2625/3526/2636
f 2320/3496/2609 2321/3511/2623 2324/3509/2621
f 2324/3509/2621 2321/3511/2623 2669/3532/2640
f 2321/3511/2623 2335/3533/2641 2669/3532/2640
f 2323/3512/2624 2319/3517/2629 2333/3534/2642
f 2321/3511/2623 2323/3512/2624 2343/3535/2643
f 2323/3512/2624 2333/3534/2642 2343/3535/2643
f 2319/3517/2629 2952/3536/2644 2333/3534/2642
f 2893/3537/2645 2891/3538/2646 2892/3539/2647
f 2893/3537/2645 2892/3539/2647 2894/3540/2648
f 2637/3482/2601 2625/3526/2636 2617/3541/2649
f 2625/3526/2636 2624/3542/2650 2620/3543/2651
f 2625/3526/2636 2626/3483/2602 2624/3542/2650
f 2626/3483/2602 2627/3544/2652 2624/3542/2650
f 2620/3543/2651 2624/3542/2650 2639/3545/2653
f 2324/3509/2621 2327/3546/2654 2326/3547/2655
f 2324/3548/2621 2669/3549/2640 2845/3550/2656
f 2324/3548/2621 2845/3550/2656 2327/3551/2654
f 2669/3532/2640 2335/3533/2641 2845/3552/2656
f 2327/3546/2654 2328/3553/2657 2326/3547/2655
f 2326/3547/2655 2328/3553/2657 2336/3554/2658
f 2845/3550/2656 2846/3555/2659 2327/3551/2654
f 2845/3552/2656 2335/3533/2641 2328/3553/2657
f 2333/3534/2642 2952/3536/2644 2334/3556/2660
f 2328/3553/2657 2335/3533/2641 2329/3557/2661
f 2335/3533/2641 2333/3534/2642 2329/3557/2661
f 2625/3526/2636 2620/3543/2651 2619/3558/2662
f 2620/3559/2651 2763/3560/2663 2619/3561/2662
f 2625/3526/2636 2619/3558/2662 2617/3541/2649
f 2617/3541/2649 2619/3558/2662 2616/3562/2664
f 2639/3545/2665 2616/3562/2664 2618/3563/2666
f 2618/3563/2666 2616/3562/2664 2619/3558/2662
f 2332/3564/2667 2336/3554/2658 2344/3565/2668
f 2332/3564/2667 2344/3565/2668 6465/3566/2669
f 2336/3554/2658 2340/3567/2670 2344/3565/2668
f 2328/3553/2657 2329/3557/2661 2336/3554/2658
f 2336/3554/2658 2329/3557/2661 2340/3567/2670
f 2329/3557/2661 2333/3534/2642 2334/3556/2660
f 2329/3557/2661 2337/3568/2671 2340/3567/2670
f 2329/3557/2661 2334/3556/2660 2339/3569/2672
f 2895/3570/2673 2897/3571/2674 2896/3572/2675
f 2334/3556/2660 2953/3573/2676 2339/3569/2672
f 2339/3569/2672 2953/3573/2676 2340/3567/2670
f 2617/3541/2649 2616/3562/2664 2614/3574/2677
f 2617/3541/2649 2614/3574/2677 2623/3575/2678
f 2617/3541/2649 2623/3575/2678 2621/3576/2679
f 2623/3575/2678 2681/3577/2680 2621/3576/2679
f 2614/3574/2677 2616/3562/2664 2612/3578/2681
f 2614/3574/2677 2612/3578/2681 2606/3579/2682
f 2681/3580/2683 2644/3581/2684 2774/3582/2685
f 2681/3577/2683 2614/3574/2677 2613/3583/2686
f 2681/3580/2683 2613/3584/2686 2644/3581/2684
f 2614/3574/2677 2606/3579/2682 2613/3583/2686
f 2613/3583/2686 2606/3579/2682 2772/3585/2687
f 2607/3586/2688 2769/3587/2689 2606/3579/2682
f 2772/3585/2687 2606/3579/2682 2771/3588/2690
f 2606/3579/2682 2769/3587/2689 2771/3588/2690
f 2606/3579/2682 2608/3589/2691 2607/3586/2688
f 2769/3590/2689 2607/3591/2688 2770/3592/2692
f 2769/3590/2689 2770/3592/2692 2771/3593/2690
f 2605/3594/2693 2595/3595/2694 2771/3588/2690
f 2607/3586/2688 2608/3589/2691 2605/3594/2695
f 2779/3596/2696 2664/3597/2697 2781/3598/2698
f 2781/3598/2698 2664/3597/2697 2595/3599/2694
f 2779/3596/2696 2780/3600/2699 2664/3597/2697
f 2594/3601/2700 2595/3595/2694 2664/3602/2697
f 2594/3601/2700 2600/3603/2701 2595/3595/2694
f 2595/3595/2694 2600/3603/2701 2603/3604/2702
f 2594/3601/2700 2596/3605/2703 2600/3603/2701
f 2594/3601/2700 2585/3606/2704 2586/3607/2705
f 2597/3608/2706 2598/3609/2707 2599/3610/2708
f 2598/3609/2707 2584/3611/2709 2589/3612/2710
f 2945/3613/2711 2588/3614/2712 2589/3615/2710
f 2588/3616/2712 2584/3611/2709 2587/3617/2713
f 2594/3601/2700 2586/3607/2705 2596/3605/2703
f 2586/3607/2705 2597/3608/2706 2596/3605/2703
f 2586/3607/2705 2598/3609/2707 2597/3608/2706
f 2586/3607/2705 2584/3611/2709 2598/3609/2707
f 2586/3607/2705 2585/3606/2704 2584/3611/2709
f 2577/3618/2714 2583/3619/2715 2585/3606/2704
f 2585/3606/2704 2583/3619/2715 2790/3620/2716
f 2584/3611/2709 2790/3620/2716 2587/3617/2713
f 2585/3606/2704 2790/3620/2716 2584/3611/2709
f 2577/3618/2714 2579/3621/2717 2583/3619/2715
f 2583/3622/2715 2579/3623/2717 2785/3624/2718
f 2579/3621/2717 2577/3618/2714 2784/3625/2719
f 2579/3621/2717 2784/3625/2719 2582/3626/2720
f 2582/3626/2720 2784/3625/2719 2578/3627/2721
f 2577/3618/2714 2564/3628/2722 2576/3629/2723
f 2577/3618/2714 2576/3629/2723 2784/3625/2719
f 2784/3625/2719 2574/3630/2724 2575/3631/2725
f 2786/3632/2726 2565/3633/2727 2576/3634/2723
f 2565/3635/2727 2564/3636/2728 2563/3637/2729
f 2784/3625/2719 2576/3629/2723 2574/3630/2724
f 2565/3635/2727 2563/3637/2729 2576/3629/2723
f 2563/3637/2729 2566/3638/2730 2576/3629/2723
f 2787/3639/2731 2788/3640/2732 2789/3641/2733
f 2563/3637/2729 2562/3642/2734 2566/3638/2730
f 2562/3642/2734 2568/3643/2735 2561/3644/2736
f 2573/3645/2737 2568/3643/2735 2562/3642/2734
f 2563/3637/2729 2559/3646/2738 2573/3645/2737
f 2563/3637/2729 2573/3645/2737 2562/3642/2734
f 2559/3646/2738 2560/3647/2739 2573/3645/2737
f 2559/3646/2738 2558/3648/2740 2560/3647/2739
f 2573/3645/2737 2674/3649/2741 2557/3650/2742
f 2557/3650/2742 2837/3651/2743 2573/3645/2737
f 2573/3645/2737 2560/3647/2739 2674/3649/2741
f 2558/3648/2740 2792/3652/2744 2795/3653/2745
f 2558/3648/2740 2795/3653/2745 2560/3647/2739
f 2557/3650/2742 2570/3654/2746 2569/3655/2747
f 2556/3656/2748 2570/3654/2746 2557/3650/2742
f 2560/3647/2739 2556/3656/2748 2557/3650/2742
f 2560/3647/2739 2795/3653/2745 2556/3656/2748
f 2795/3657/2745 2571/3658/2749 2570/3654/2746
f 2795/3659/2745 2572/3660/2750 2571/3661/2749
f 2571/3658/2749 2655/3662/2751 2570/3654/2746
f 2571/3658/2749 2572/3663/2750 2655/3662/2751
f 2795/3653/2745 2792/3652/2744 2647/3664/2752
f 2795/3653/2745 2647/3664/2752 2602/3665/2753
f 2647/3664/2752 2555/3666/2754 2602/3665/2753
f 2654/3667/2755 2656/3668/2756 2653/3669/2757
f 2795/3659/2745 2602/3670/2753 2572/3660/2750
f 2572/3663/2750 2654/3667/2755 2655/3662/2751
f 2572/3660/2750 2602/3670/2753 2794/3671/2758
f 2572/3660/2750 2794/3671/2758 2796/3672/2759
f 2602/3665/2753 2555/3666/2754 2656/3668/2760
f 2602/3670/2753 2797/3673/2761 2794/3671/2758
f 2793/3674/2762 2649/3675/2763 2651/3676/2764
f 2649/3677/2763 2548/3678/2765 2650/3679/2766
f 2647/3664/2752 2651/3680/2764 2555/3666/2754
f 2651/3680/2764 2553/3681/2767 2555/3666/2754
f 2555/3666/2754 2553/3681/2767 2554/3682/2768
f 2651/3680/2764 2649/3677/2763 2553/3681/2767
f 2649/3677/2763 2650/3679/2766 2553/3681/2767
f 2650/3679/2766 2548/3683/2765 2546/3684/2769
f 2549/3685/2770 2550/3686/2771 2551/3687/2772
f 2549/3685/2770 2545/3688/2773 2550/3686/2771
f 2650/3689/2766 2549/3690/2770 2553/3691/2767
f 2549/3685/2770 2551/3687/2772 2553/3681/2767
f 2546/3684/2769 2545/3688/2773 2650/3679/2766
f 2650/3679/2766 2545/3688/2773 2549/3685/2770
f 2545/3688/2773 2434/3692/2774 2817/3693/2775
f 2434/3692/2774 2667/3694/2776 2817/3693/2775
f 2820/3695/2777 2435/3696/2778 2434/3692/2774
f 2434/3692/2774 2435/3696/2778 2667/3694/2776
f 2546/3684/2769 2547/3697/2779 2545/3688/2773
f 2546/3684/2769 2665/3698/2780 2547/3697/2779
f 2547/3699/2779 2434/3700/2774 2816/3701/2781
f 2665/3698/2780 2434/3692/2774 2547/3697/2779
f 2434/3692/2774 2665/3698/2780 2820/3695/2777
f 2820/3702/2777 2431/3703/2782 2435/3704/2778
f 2435/3704/2778 2431/3703/2782 2819/3705/2783
f 2820/3695/2777 2429/3706/2784 2424/3707/2785
f 2820/3695/2777 2424/3707/2785 2431/3708/2782
f 2431/3708/2782 2424/3707/2785 2667/3709/2776
f 2428/3710/2786 2665/3698/2780 2425/3711/2787
f 2429/3706/2784 2812/3712/2788 2424/3707/2785
f 2665/3698/2780 2429/3706/2784 2820/3695/2777
f 2665/3698/2780 2428/3710/2786 2429/3706/2784
f 2428/3713/2786 2812/3714/2788 2811/3715/2789
f 2428/3710/2786 2425/3711/2787 2812/3712/2788
f 2425/3711/2787 2426/3716/2790 2424/3707/2785
f 2823/3717/2791 2821/3718/2792 2822/3719/2793
f 2424/3707/2785 2426/3716/2790 2427/3720/2794
f 2825/3721/2795 2826/3722/2796 2824/3723/2797
f 2425/3711/2787 2424/3707/2785 2812/3712/2788
f 2798/3724/2798 2799/3725/2799 2417/3726/2800
f 2426/3716/2790 2417/3727/2801 2420/3728/2802
f 2426/3716/2790 2420/3728/2802 2427/3720/2794
f 2419/3729/2803 2421/3730/2804 2418/3731/2805
f 2419/3729/2803 2418/3731/2805 2417/3727/2801
f 2417/3727/2801 2412/3732/2806 2420/3728/2802
f 2803/3733/2807 2804/3734/2808 2414/3735/2809
f 2417/3727/2801 2683/3736/2810 2412/3732/2806
f 2420/3728/2802 2412/3732/2806 2407/3737/2811
f 2683/3738/2810 2833/3739/2812 2412/3740/2806
f 2833/3741/2812 2413/3742/2813 2412/3732/2806
f 2418/3731/2805 2683/3736/2810 2417/3727/2801
f 2803/3733/2807 2414/3735/2809 2683/3743/2810
f 2683/3736/2810 2414/3744/2809 2833/3741/2812
f 2801/3745/2814 2442/3746/2815 2415/3747/2816
f 2443/3748/2817 2415/3749/2816 2414/3744/2809
f 2442/3750/2815 2443/3751/2818 2410/3752/2819
f 2833/3741/2812 2414/3744/2809 2413/3742/2813
f 2413/3742/2813 2405/3753/2820 2412/3732/2806
f 2415/3747/2816 2442/3746/2815 2800/3754/2821
f 2413/3755/2813 2800/3754/2821 2802/3756/2822
f 2800/3757/2821 2408/3758/2823 2685/3759/2824
f 2685/3759/2824 2408/3758/2823 2405/3753/2820
f 2442/3750/2815 2410/3752/2819 2800/3757/2821
f 2408/3758/2823 2800/3757/2821 2409/3760/2825
f 2408/3758/2823 2406/3761/2826 2405/3753/2820
f 2408/3758/2823 2409/3760/2825 2416/3762/2827
f 2414/3744/2809 2415/3749/2816 2413/3742/2813
f 2415/3747/2816 2800/3754/2821 2413/3755/2813
f 2410/3752/2819 2409/3760/2825 2800/3757/2821
f 2834/3763/2828 2832/3764/2829 2406/3765/2830
f 2416/3766/2831 2404/3767/2832 2406/3761/2826
f 2830/3768/2833 2831/3769/2834 2832/3770/2835
f 2409/3760/2825 2411/3771/2836 2404/3772/2837
f 2827/3773/2838 2828/3774/2839 2829/3775/2840
f 2410/3752/2819 2411/3771/2836 2409/3760/2825
f 2411/3771/2836 2410/3776/2819 2389/3777/2841
f 2828/3778/2839 2395/3779/2842 2829/3780/2840
f 2829/3780/2840 2396/3781/2843 2397/3782/2844
f 2395/3779/2842 2396/3781/2843 2829/3780/2840
f 2395/3779/2842 2537/3783/2845 2396/3781/2843
f 2411/3771/2836 2389/3777/2841 2828/3778/2839
f 2389/3777/2841 2395/3779/2842 2828/3778/2839
f 2389/3777/2841 2392/3784/2846 2395/3779/2842
f 2810/3785/2847 2392/3786/2846 2537/3787/2848
f 2392/3784/2846 2389/3777/2841 2391/3788/2849
f 2392/3784/2846 2391/3788/2849 2537/3783/2848
f 2839/3789/2850 2391/3788/2849 2390/3790/2851
f 2839/3789/2852 2399/3791/2853 2398/3792/2854
f 2399/3793/2853 2839/3794/2852 2840/3795/2855
f 2399/3791/2853 2390/3796/2856 2400/3797/2857
f 2400/3797/2857 2402/3798/2858 2399/3791/2853
f 2389/3777/2841 2388/3799/2859 2390/3790/2851
f 2389/3777/2841 2390/3790/2851 2391/3788/2849
f 2390/3790/2851 2388/3799/2859 2402/3798/2858
f 2388/3799/2859 2403/3800/2860 2402/3798/2858
f 2805/3801/2861 2806/3802/2862 2374/3803/2863
f 2389/3777/2841 2374/3804/2863 2388/3799/2859
f 2375/3805/2864 2376/3806/2865 2380/3807/2866
f 2374/3804/2863 2806/3808/2862 2376/3806/2865
f 2375/3805/2864 2374/3804/2863 2376/3806/2865
f 2388/3799/2859 2374/3804/2863 2375/3805/2864
f 2369/3809/2867 2368/3810/2868 2376/3806/2865
f 2376/3806/2865 2368/3810/2868 2373/3811/2869
f 2368/3810/2868 2369/3809/2867 2808/3812/2870
f 2368/3810/2868 2807/3813/2871 2951/3814/2872
f 2368/3815/2868 2808/3816/2870 2367/3817/2873
f 2368/3815/2868 2367/3817/2873 2807/3818/2871
f 2807/3813/2871 2366/3819/2874 2448/3820/2875
f 2448/3821/2876 2447/3822/2877 2362/3823/2878
f 2366/3819/2874 2364/3824/2879 2365/3825/2880
f 2859/3826/2881 2446/3827/2882 2860/3828/2883
f 2859/3826/2881 2365/3829/2880 2446/3827/2882
f 2447/3822/2877 2446/3830/2882 2362/3823/2878
f 2365/3825/2880 2856/3831/2884 2446/3830/2882
f 2367/3832/2873 2366/3819/2874 2807/3813/2871
f 2367/3832/2873 2364/3824/2879 2366/3819/2874
f 2365/3825/2880 2378/3833/2885 2856/3831/2884
f 2365/3825/2880 2364/3824/2879 2378/3833/2885
f 2378/3833/2885 2363/3834/2886 2387/3835/2887
f 2378/3833/2885 2364/3824/2879 2363/3834/2886
f 2367/3832/2873 2809/3836/2888 2364/3824/2879
f 2364/3824/2879 2359/3837/2889 2360/3838/2890
f 2855/3839/2891 2360/3840/2890 2363/3841/2886
f 2363/3841/2886 2360/3840/2890 2854/3842/2892
f 2809/3836/2888 2359/3837/2889 2364/3824/2879
f 2809/3836/2888 2358/3843/2893 2357/3844/2894
f 2359/3837/2889 2354/3845/2895 2360/3838/2890
f 2360/3838/2890 2354/3845/2895 2361/3846/2896
f 2357/3844/2894 2358/3843/2893 2356/3847/2897
f 2355/3848/2898 2852/3849/2899 2354/3845/2900
f 2853/3850/2901 2852/3851/2899 2361/3852/2896
f 2357/3844/2894 2356/3847/2897 2355/3848/2898
f 2809/3836/2888 2357/3844/2894 2359/3837/2889
f 2813/3853/2902 2814/3854/2903 2815/3855/2904
f 2356/3847/2897 2352/3856/2905 2852/3849/2899
f 2852/3849/2899 2352/3856/2905 2350/3857/2906
f 2356/3847/2897 2347/3858/2907 2352/3856/2905
f 2355/3848/2898 2356/3847/2897 2852/3849/2899
f 2345/3859/2908 6465/3566/2669 2344/3565/2668
f 2345/3859/2908 2344/3565/2668 2347/3860/2909
f 2841/3861/2910 2843/3862/2911 2842/3863/2912
f 2352/3856/2905 2346/3864/2913 2338/3865/2914
f 2344/3565/2668 2346/3866/2915 2347/3860/2909
f 2344/3565/2668 2851/3867/2916 2338/3865/2914
f 2344/3868/2668 2338/3869/2914 2844/3870/2917
f 2338/3865/2914 2851/3867/2916 2350/3857/2906
f 2344/3565/2668 2340/3567/2670 2851/3867/2916
f 2340/3567/2670 2331/3871/2918 2330/3872/2919
f 2340/3567/2670 2953/3573/2676 2341/3873/2920
f 2340/3567/2670 2341/3873/2920 2331/3871/2918
f 2340/3567/2670 2330/3872/2919 2851/3867/2916
f 2330/3872/2919 2331/3871/2918 2437/3874/2921
f 2903/3875/2922 2904/3876/2923 2905/3877/2924
f 2385/3878/2925 2437/3879/2926 2383/3880/2927
f 2617/3541/2649 2621/3576/2679 2622/3881/2928
f 2774/3582/2685 2644/3581/2684 2778/3882/2929
f 2622/3881/2928 2621/3576/2679 2645/3883/2930
f 2645/3883/2930 6948/3884/2931 2622/3881/2928
f 2644/3885/2684 2643/3886/2932 2645/3887/2933
f 2644/3581/2684 2613/3584/2686 2643/3888/2932
f 2643/3886/2932 2610/3889/2934 2645/3887/2933
f 2645/3887/2933 2610/3889/2934 2611/3890/2935
f 2613/3583/2686 2772/3585/2687 2643/3886/2932
f 2772/3585/2687 2610/3889/2934 2643/3886/2932
f 6948/3884/2931 2659/3891/2936 2622/3881/2928
f 2622/3881/2928 2659/3891/2936 2646/3892/2937
f 2772/3893/2687 2609/3894/2938 2773/3895/2939
f 2772/3585/2687 2771/3588/2690 2609/3896/2938
f 2609/3896/2938 2604/3897/2940 2610/3898/2941
f 2610/3898/2941 2604/3897/2940 2943/3899/2942
f 2609/3896/2938 2771/3588/2690 2604/3897/2940
f 2659/3891/2936 2660/3900/2943 2646/3892/2937
f 2771/3588/2690 2595/3595/2694 2604/3897/2940
f 2604/3897/2940 2615/3901/2944 2943/3899/2942
f 2595/3595/2694 2603/3604/2702 2604/3897/2940
f 2603/3604/2702 2648/3902/2945 2604/3897/2940
f 2600/3603/2701 2601/3903/2946 2648/3902/2947
f 2600/3603/2701 2596/3605/2703 2601/3903/2946
f 2777/3904/2948 2776/3905/2949 2775/3906/2950
f 2597/3608/2706 2946/3907/2951 2615/3908/2952
f 2661/3909/2953 2662/3910/2954 2659/3891/2936
f 2599/3610/2708 2946/3907/2951 2597/3608/2706
f 2598/3609/2707 2589/3612/2710 2599/3610/2708
f 2599/3610/2708 2589/3911/2710 2946/3907/2951
f 2589/3911/2710 2591/3912/2955 2946/3907/2951
f 2589/3911/2710 2588/3616/2712 2591/3912/2955
f 2659/3891/2936 2662/3910/2954 2660/3900/2943
f 2660/3900/2943 2662/3910/2954 2663/3913/2956
f 2588/3616/2712 2587/3617/2713 2591/3912/2955
f 2591/3912/2955 2590/3914/2957 2946/3907/2951
f 2790/3620/2716 2583/3619/2715 2591/3915/2958
f 2591/3915/2958 2592/3916/2959 2593/3917/2960
f 2583/3619/2715 2592/3916/2959 2591/3915/2958
f 2583/3619/2715 2581/3918/2961 2592/3916/2959
f 2790/3919/2716 2791/3920/2962 2587/3921/2713
f 2582/3626/2720 2578/3627/2721 2581/3922/2963
f 2581/3922/2963 2578/3627/2721 2580/3923/2964
f 2784/3924/2719 2575/3925/2725 2782/3926/2965
f 2575/3925/2725 2783/3927/2966 2782/3926/2965
f 2578/3627/2721 2668/3928/2967 2580/3923/2964
f 2575/3631/2725 2574/3630/2724 2668/3929/2968
f 2576/3629/2723 2566/3638/2730 2574/3630/2724
f 2562/3642/2734 2561/3644/2736 2574/3630/2724
f 2574/3630/2724 2561/3644/2736 2668/3929/2968
f 2561/3644/2736 2568/3643/2735 2567/3930/2969
f 2568/3643/2735 2837/3931/2970 2567/3930/2969
f 2835/3932/2971 2836/3933/2972 2837/3934/2973
f 2557/3650/2742 2569/3655/2747 2837/3651/2743
f 2837/3651/2743 2569/3655/2747 2838/3935/2974
f 2570/3654/2746 2655/3662/2751 2569/3655/2747
f 2654/3667/2755 2653/3669/2757 2655/3662/2751
f 2656/3668/2756 2678/3936/2975 2653/3669/2757
f 2678/3936/2975 2554/3682/2768 2653/3669/2757
f 2653/3669/2757 2554/3682/2768 2652/3937/2976
f 2554/3682/2768 2553/3681/2767 2652/3937/2976
f 2553/3681/2767 2552/3938/2977 2652/3937/2976
f 2553/3681/2767 2551/3687/2772 2552/3938/2977
f 2551/3687/2772 2658/3939/2978 2552/3938/2977
f 2550/3686/2771 2545/3688/2773 2658/3939/2978
f 2658/3939/2978 2657/3940/2979 2552/3938/2977
f 2545/3688/2773 2817/3693/2775 2658/3939/2978
f 2658/3939/2978 2817/3693/2775 2657/3940/2979
f 2552/3938/2977 2657/3940/2979 2432/3941/2980
f 2817/3942/2775 2950/3943/2981 2818/3944/2982
f 2657/3940/2979 2950/3945/2983 2432/3941/2980
f 2817/3693/2775 2667/3694/2776 2950/3946/2981
f 2667/3694/2776 2433/3947/2984 2950/3946/2981
f 2667/3694/2776 2436/3948/2985 2433/3947/2984
f 2433/3947/2984 2436/3948/2985 2432/3949/2986
f 2667/3709/2776 2424/3707/2785 2436/3948/2985
f 2436/3948/2985 2430/3950/2987 2432/3949/2986
f 2436/3948/2985 2424/3707/2785 2430/3950/2987
f 2424/3707/2785 2422/3951/2988 2430/3950/2987
f 2430/3950/2987 2422/3951/2988 2423/3952/2989
f 2422/3951/2988 2682/3953/2990 2423/3952/2989
f 2422/3951/2988 2420/3728/2802 2682/3953/2990
f 2420/3728/2802 2407/3737/2811 2682/3953/2990
f 2412/3732/2806 2405/3753/2820 2407/3737/2811
f 2405/3753/2820 2397/3782/2844 2407/3737/2811
f 2405/3753/2820 2406/3761/2826 2397/3782/2844
f 2406/3761/2826 2404/3767/2832 2397/3782/2844
f 2404/3767/2832 2829/3780/2840 2397/3782/2844
f 2396/3781/2843 2398/3792/2854 2397/3782/2844
f 2397/3782/2844 2398/3792/2854 2401/3954/2991
f 2398/3792/2854 2399/3791/2853 2401/3954/2991
f 2402/3798/2858 2401/3954/2991 2399/3791/2853
f 2402/3798/2858 2403/3800/2860 2401/3954/2991
f 2403/3800/2860 2375/3955/2992 2401/3954/2991
f 2375/3805/2864 2380/3807/2866 2377/3956/2993
f 2377/3956/2993 2380/3807/2866 2401/3957/2994
f 2376/3806/2865 2373/3811/2869 2380/3807/2866
f 2380/3807/2866 2373/3811/2869 2379/3958/2995
f 2379/3958/2995 2372/3959/2996 2380/3807/2866
f 2373/3811/2869 2951/3814/2872 2372/3960/2997
f 2372/3960/2997 2951/3814/2872 2370/3961/2998
f 2373/3811/2869 2368/3810/2868 2951/3814/2872
f 2448/3820/2875 2381/3962/2999 2807/3813/2871
f 2807/3813/2871 2371/3963/3000 2951/3814/2872
f 2807/3813/2871 2381/3962/2999 2371/3963/3000
f 2381/3964/3001 2857/3965/3002 2858/3966/3003
f 2381/3962/2999 2362/3967/3004 2371/3963/3000
f 2446/3830/2882 2856/3831/2884 2362/3823/2878
f 2438/3968/3005 2440/3969/3006 2439/3970/3007
f 2856/3831/2884 2387/3835/2887 2362/3823/2878
f 2363/3834/2886 2854/3971/2892 2387/3835/2887
f 2387/3835/2887 2854/3971/2892 2362/3823/2878
f 2854/3971/2892 2944/3972/3008 2362/3823/2878
f 2360/3838/2890 2361/3846/2896 2944/3972/3008
f 2360/3838/2890 2944/3972/3008 2854/3971/2892
f 2361/3846/2896 2852/3849/2899 2944/3972/3008
f 2944/3972/3008 2852/3849/2899 2353/3973/3009
f 2438/3968/3005 2394/3974/3010 2440/3969/3006
f 2353/3973/3009 2852/3849/2899 2350/3857/2906
f 2394/3974/3010 2393/3975/3011 2440/3969/3006
f 2440/3969/3006 2393/3975/3011 2386/3976/3012
f 2352/3856/2905 2338/3865/2914 2350/3857/2906
f 2851/3867/2916 2351/3977/3013 2350/3857/2906
f 2851/3867/2916 2330/3872/2919 2385/3878/2925
f 2851/3867/2916 2385/3878/2925 2351/3977/3013
f 2382/3978/3014 2386/3976/3012 2393/3975/3011
f 2351/3977/3013 2385/3878/2925 2383/3880/2927
f 2351/3977/3013 2383/3880/2927 2382/3978/3014
f 2382/3978/3014 2383/3880/2927 2386/3976/3012
f 2386/3976/3012 2383/3880/2927 2384/3979/3015
f 2980/3980/719 2981/3981/3016 2979/3982/3017
f 3125/3983/3018 2981/3981/3016 2980/3980/719
f 3106/3984/3019 2988/3985/3020 2979/3982/3017
f 2988/3985/3020 3168/3986/3021 2987/3987/3022
f 2983/3988/3023 2988/3985/3020 2987/3987/3022
f 2987/3987/3022 3172/3989/3024 2983/3988/3023
f 3171/3990/3025 2983/3988/3023 3172/3989/3024
f 3110/3991/3026 3138/3992/3027 2984/3993/3028
f 3110/3991/3026 2984/3993/3028 2982/3994/3029
f 3130/3995/3030 2958/3996/3031 2967/3997/3032
f 4813/3998/3033 2963/3999/3034 2958/3996/3031
f 2972/4000/3035 2963/3999/3034 4813/3998/3033
f 3134/4001/3036 3181/4002/3037 2972/4000/3035
f 2972/4000/3035 3181/4002/3037 2963/3999/3034
f 3181/4002/3037 2965/4003/3038 2963/3999/3034
f 3123/4004/3039 2963/3999/3034 2965/4003/3038
f 3123/4004/3039 2970/4005/3040 2963/3999/3034
f 2963/3999/3034 3166/4006/3041 2966/4007/3042
f 3074/4008/3043 3073/4009/3044 3072/4010/3045
f 3074/4008/3043 3112/4011/3046 3073/4009/3044
f 3112/4011/3046 3174/4012/3047 3173/4013/3048
f 3112/4011/3046 3173/4013/3048 3073/4009/3044
f 3173/4013/3048 3163/4014/3049 3076/4015/3050
f 3173/4013/3048 3076/4015/3050 3073/4009/3044
f 3076/4015/3050 3075/4016/3051 3073/4009/3044
f 3163/4014/3049 3120/4017/3052 3076/4015/3050
f 3075/4016/3051 3094/4018/3053 3129/4019/3054
f 3116/4020/3055 3103/4021/3056 3129/4019/3054
f 3129/4019/3054 3103/4021/3056 3077/4022/3057
f 3107/4023/734 2980/3980/719 2978/4024/3058
f 2980/3980/719 2979/3982/3017 2978/4024/3058
f 2979/3982/3017 2977/4025/3059 2978/4024/3058
f 2979/3982/3017 2988/3985/3020 2977/4025/3059
f 2988/3985/3020 2982/3994/3029 2977/4025/3059
f 2988/3985/3020 2983/3988/3023 2982/3994/3029
f 2984/3993/3028 2985/4026/3060 2982/3994/3029
f 2985/4026/3060 2986/4027/3061 2977/4025/3059
f 2982/3994/3029 2985/4026/3060 2977/4025/3059
f 2977/4025/3059 2986/4027/3061 2975/4028/3062
f 2977/4025/3059 2975/4028/3062 2976/4029/3063
f 2975/4028/3062 3119/4030/3064 2974/4031/3065
f 2975/4028/3062 2974/4031/3065 2976/4029/3063
f 3139/4032/3066 3146/4033/3067 2974/4031/3065
f 2974/4031/3065 2956/4034/3068 2976/4029/3063
f 3146/4033/3067 2955/4035/3069 2974/4031/3065
f 2974/4031/3065 2955/4035/3069 2956/4034/3068
f 2959/4036/3070 2969/4037/3071 2955/4035/3069
f 2969/4037/3071 2960/4038/3072 2955/4035/3069
f 2960/4038/3072 2968/4039/3073 2955/4035/3069
f 2961/4040/3074 2968/4039/3073 2960/4038/3072
f 2962/4041/3075 2968/4039/3073 2961/4040/3074
f 2968/4039/3073 2958/3996/3031 2955/4035/3069
f 2955/4035/3069 2958/3996/3031 2956/4034/3068
f 2968/4039/3073 2967/3997/3032 2958/3996/3031
f 2958/3996/3031 2963/3999/3034 2956/4034/3068
f 2963/3999/3034 2954/4042/3076 2956/4034/3068
f 2963/3999/3034 2964/4043/3077 2954/4042/3076
f 2963/3999/3034 2966/4007/3042 2964/4043/3077
f 2964/4043/3077 2966/4007/3042 3145/4044/3078
f 2973/4045/3079 2954/4042/3076 2964/4043/3077
f 2973/4045/3079 2971/4046/3080 2954/4042/3076
f 2954/4042/3076 2971/4046/3080 2957/4047/3081
f 3154/4048/3082 3141/4049/3083 2971/4046/3080
f 3141/4049/3083 3066/4050/3084 2971/4046/3080
f 5587/4051/3085 3066/4050/3084 3069/4052/3086
f 5587/4051/3085 3070/4053/3087 3066/4050/3084
f 3070/4053/3087 3071/4054/3088 3066/4050/3084
f 3071/4054/3088 3073/4009/3044 3066/4050/3084
f 3071/4054/3088 3072/4010/3045 3073/4009/3044
f 3073/4009/3044 3075/4016/3051 3066/4050/3084
f 3129/4019/3054 3077/4022/3057 3075/4016/3051
f 3075/4016/3051 5849/4055/3089 3066/4050/3084
f 3075/4016/3051 3077/4022/3057 5849/4055/3089
f 3077/4022/3057 3065/4056/3090 5849/4055/3089
f 3107/4023/734 2978/4024/3058 3144/4057/3091
f 3095/4058/3092 2978/4024/3058 2989/4059/3093
f 2978/4024/3058 2977/4025/3059 2989/4059/3093
f 3159/4060/3094 3160/4061/3095 2989/4059/3093
f 3160/4061/3095 3095/4058/3092 2989/4059/3093
f 3159/4060/3094 2989/4059/3093 3117/4062/3096
f 2989/4059/3093 2990/4063/3097 2991/4064/3098
f 3117/4062/3096 2989/4059/3093 3183/4065/3099
f 2989/4059/3093 2977/4025/3059 2990/4063/3097
f 2977/4025/3059 2976/4029/3063 3151/4066/3100
f 2956/4034/3068 3162/4067/3101 3161/4068/3102
f 2956/4034/3068 2954/4042/3076 3162/4067/3101
f 2957/4047/3081 3149/4069/3103 2954/4042/3076
f 2957/4047/3081 5851/4070/3104 3149/4069/3103
f 2971/4046/3080 3067/4071/3105 2957/4047/3081
f 2971/4046/3080 3066/4050/3084 3067/4071/3105
f 3067/4071/3105 3066/4050/3084 3068/4072/3106
f 3066/4050/3084 5849/4055/3089 3068/4072/3106
f 2989/4059/3093 2991/4064/3098 2993/4073/3107
f 2991/4064/3098 2995/4074/3108 2993/4073/3107
f 2991/4064/3098 3170/4075/3109 5974/4076/3110
f 2991/4064/3098 2992/4077/3111 3169/4078/3112
f 2991/4064/3098 3169/4078/3112 3170/4075/3109
f 5849/4055/3089 3065/4056/3090 3064/4079/3113
f 3065/4056/3090 3158/4080/3114 3064/4079/3113
f 2993/4073/3107 2995/4074/3108 2994/4081/3115
f 3184/4082/3116 2993/4073/3107 2994/4081/3115
f 2995/4074/3108 2991/4064/3098 3092/4083/3117
f 2991/4064/3098 5974/4076/3110 3092/4083/3117
f 5974/4076/3110 3175/4084/3118 3092/4083/3117
f 5993/4085/3119 5849/4055/3089 3056/4086/3120
f 5849/4055/3089 3063/4087/3121 3056/4086/3120
f 5849/4055/3089 3064/4079/3113 3063/4087/3121
f 2994/4081/3115 2995/4074/3108 6034/4088/3122
f 3056/4086/3120 3063/4087/3121 3108/4089/3123
f 6034/4088/3122 3091/4090/3124 2994/4081/3115
f 2994/4081/3115 3091/4090/3124 2996/4091/3125
f 3056/4086/3120 3061/4092/3126 3060/4093/3127
f 3056/4086/3120 3062/4094/3128 3061/4092/3126
f 3062/4094/3128 3132/4095/3129 3061/4092/3126
f 3056/4086/3120 3108/4089/3123 3140/4096/3130
f 3056/4086/3120 6137/4097/3131 3062/4094/3128
f 3132/4095/3129 3155/4098/3132 3061/4092/3126
f 3180/4099/3133 2996/4091/3125 3122/4100/3134
f 2996/4091/3125 2997/4101/3135 3122/4100/3134
f 2996/4091/3125 3090/4102/3136 2997/4101/3135
f 2996/4091/3125 3091/4090/3124 3090/4102/3136
f 3060/4093/3127 3098/4103/3137 3056/4086/3120
f 3061/4092/3126 3114/4104/3138 3060/4093/3127
f 3056/4086/3120 3098/4103/3137 3059/4105/3139
f 2997/4101/3135 3090/4102/3136 3000/4106/3140
f 5993/4085/3119 3056/4086/3120 3051/4107/3141
f 3056/4086/3120 3059/4105/3139 3057/4108/3142
f 3059/4105/3139 3118/4109/3143 3057/4108/3142
f 3057/4108/3142 3055/4110/3144 3056/4086/3120
f 3126/4111/3145 3093/4112/3146 3127/4113/3147
f 3093/4112/3146 2997/4101/3135 2998/4114/3148
f 3093/4112/3146 2998/4114/3148 3127/4113/3147
f 2997/4101/3135 3000/4106/3140 2998/4114/3148
f 3051/4107/3141 3056/4086/3120 6323/4115/3149
f 3056/4086/3120 3055/4110/3144 6323/4115/3149
f 6323/4115/3149 3055/4110/3144 3052/4116/3150
f 3055/4110/3144 3058/4117/3151 3052/4116/3150
f 3055/4110/3144 3136/4118/3152 3058/4117/3151
f 3058/4117/3151 6213/4119/3153 3052/4116/3150
f 3052/4116/3150 6213/4119/3153 3156/4120/3154
f 3052/4116/3150 3053/4121/3155 6323/4115/3149
f 3052/4116/3150 3135/4122/3156 3053/4121/3155
f 3101/4123/3157 2998/4114/3148 3113/4124/3158
f 3113/4124/3158 2998/4114/3148 2999/4125/3159
f 2999/4125/3159 2998/4114/3148 3000/4106/3140
f 3053/4121/3155 3054/4126/3160 6323/4115/3149
f 6323/4115/3149 3054/4126/3160 6091/4127/3161
f 3054/4126/3160 3104/4128/3162 6091/4127/3161
f 3054/4126/3160 3147/4129/3163 3104/4128/3162
f 6091/4127/3161 3104/4128/3162 3143/4130/3164
f 3143/4130/3164 6300/4131/3165 6091/4127/3161
f 6091/4127/3161 6300/4131/3165 6092/4132/3166
f 2999/4125/3159 3000/4106/3140 3001/4133/3167
f 900/4134/3168 3001/4133/3167 3002/4135/3169
f 900/4134/3168 3002/4135/3169 3003/4136/3170
f 3001/4133/3167 3000/4106/3140 3002/4135/3169
f 3002/4135/3169 3000/4106/3140 6007/4137/3171
f 3051/4107/3141 6323/4115/3149 6335/4138/3172
f 6091/4127/3161 3050/4139/3173 6323/4115/3149
f 3003/4136/3170 3002/4135/3169 3004/4140/3174
f 3004/4140/3174 3002/4135/3169 6367/4141/3175
f 3002/4135/3169 3089/4142/3176 6367/4141/3175
f 6325/4143/3177 6323/4115/3149 6327/4144/3178
f 6325/4143/3177 6335/4138/3172 6323/4115/3149
f 6323/4115/3149 3050/4139/3173 6084/4145/3179
f 6091/4127/3161 6089/4146/3180 3050/4139/3173
f 6366/4147/3181 3005/4148/3182 3006/4149/3183
f 3005/4148/3182 3086/4150/3184 3006/4149/3183
f 6367/4141/3175 3089/4142/3176 3005/4148/3182
f 3089/4142/3176 3087/4151/3185 3005/4148/3182
f 3005/4148/3182 3087/4151/3185 3086/4150/3184
f 3086/4150/3184 3007/4152/3186 3006/4149/3183
f 3087/4151/3185 3088/4153/3187 3086/4150/3184
f 3086/4150/3184 3088/4153/3187 3100/4154/3188
f 6323/4115/3149 6084/4145/3179 3049/4155/3189
f 3006/4149/3183 3085/4156/3190 3008/4157/3191
f 3006/4149/3183 3007/4152/3186 3085/4156/3190
f 3007/4152/3186 3164/4158/3192 3085/4156/3190
f 3007/4152/3186 3165/4159/3193 3164/4158/3192
f 6323/4115/3149 3047/4160/3194 3046/4161/3195
f 6323/4115/3149 3049/4155/3189 3047/4160/3194
f 3047/4160/3194 3048/4162/3196 3046/4161/3195
f 3008/4157/3191 3085/4156/3190 3009/4163/3175
f 3009/4163/3175 3085/4156/3190 3084/4164/3197
f 6323/4115/3149 3046/4161/3195 3040/4165/3198
f 3046/4161/3195 3045/4166/3199 3040/4165/3198
f 3009/4163/3175 6372/4167/3200 3010/4168/3201
f 3009/4163/3175 3084/4164/3197 6372/4167/3200
f 3040/4165/3198 3045/4166/3199 3044/4169/3202
f 3044/4169/3202 3043/4170/3203 3040/4165/3198
f 3102/4171/3204 6372/4167/3200 3011/4172/3205
f 3011/4172/3205 6372/4167/3200 6375/4173/3206
f 6372/4167/3200 3083/4174/3207 6375/4173/3206
f 6372/4167/3200 3084/4164/3197 3083/4174/3207
f 6322/4175/3208 6323/4115/3149 3040/4165/3198
f 3043/4170/3203 3042/4176/3209 3040/4165/3198
f 6375/4173/3206 3013/4177/3210 3012/4178/3211
f 6375/4173/3206 3083/4174/3207 3013/4177/3210
f 3040/4165/3198 3042/4176/3209 3041/4179/3212
f 3015/4180/3213 3012/4178/3211 3014/4181/3214
f 3012/4178/3211 3013/4177/3210 3014/4181/3214
f 3014/4181/3214 3081/4182/3215 3016/4183/3216
f 3014/4181/3214 3013/4177/3210 3081/4182/3215
f 3013/4177/3210 3153/4184/3217 3178/4185/3218
f 3013/4177/3210 3178/4185/3218 3081/4182/3215
f 3042/4176/3209 3109/4186/3219 3041/4179/3212
f 3081/4182/3215 3017/4187/3220 3016/4183/3216
f 3017/4187/3220 3080/4188/3221 3018/4189/3222
f 3017/4187/3220 3081/4182/3215 3080/4188/3221
f 6641/4190/3223 3176/4191/3224 3082/4192/3225
f 6641/4190/3223 3177/4193/3226 3176/4191/3224
f 3018/4189/3222 3022/4194/3227 3019/4195/3228
f 3018/4189/3222 3080/4188/3221 3022/4194/3227
f 6641/4190/3223 3082/4192/3225 3022/4194/3227
f 3082/4192/3225 3078/4196/3229 3022/4194/3227
f 3082/4192/3225 3167/4197/3230 3078/4196/3229
f 3167/4197/3231 3182/4198/3232 3111/4199/3233
f 3111/4200/3234 3079/4201/3235 3078/4196/3229
f 3022/4194/3227 3078/4196/3229 3030/4202/3236
f 3079/4201/3235 3030/4202/3236 3078/4196/3229
f 3079/4201/3235 3115/4203/3237 3030/4202/3236
f 3115/4203/3237 3152/4204/3238 3030/4202/3236
f 3030/4202/3236 3024/4205/3239 3023/4206/3240
f 3152/4204/3238 3031/4207/3241 3030/4202/3236
f 3030/4202/3236 3031/4207/3241 3024/4205/3239
f 3031/4207/3241 3029/4208/3242 3024/4205/3239
f 3152/4204/3238 3133/4209/3243 3031/4207/3241
f 3036/4210/3244 3031/4207/3241 3037/4211/3245
f 3031/4207/3241 3038/4212/3246 3037/4211/3245
f 3133/4209/3243 3040/4165/3198 3031/4207/3241
f 3031/4207/3241 3040/4165/3198 3038/4212/3246
f 3040/4165/3198 7320/4213/3247 3038/4212/3246
f 3040/4165/3198 7049/4214/3248 7320/4213/3247
f 3179/4215/3249 6322/4175/3208 3133/4209/3243
f 3133/4209/3243 6322/4175/3208 3040/4165/3198
f 3040/4165/3198 3041/4179/3212 7049/4214/3248
f 3041/4179/3212 3105/4216/3250 7049/4214/3248
f 3157/4217/3251 3019/4195/3228 3020/4218/3252
f 3019/4195/3228 3022/4194/3227 3020/4218/3252
f 3022/4194/3227 3021/4219/3253 3020/4218/3252
f 3030/4202/3236 3021/4219/3253 3022/4194/3227
f 3021/4219/3253 3030/4202/3236 3023/4206/3240
f 3021/4219/3253 3096/4220/3254 3020/4218/3252
f 3023/4206/3240 3097/4221/3255 3021/4219/3253
f 3190/4222/3256 3189/4223/3257 3191/4224/3258
f 3186/4225/3259 3187/4226/3260 7148/4227/3261
f 3189/4223/3257 7206/4228/3262 3191/4224/3258
f 3187/4226/3260 3188/4229/3263 7148/4227/3261
f 3026/4230/3264 3027/4231/3265 3142/4232/3266
f 3025/4233/3267 3024/4205/3239 3026/4230/3264
f 3026/4230/3264 3024/4205/3239 3027/4231/3265
f 3024/4205/3239 3029/4208/3242 3027/4231/3265
f 3029/4208/3242 3028/4234/3268 3027/4231/3265
f 3031/4207/3241 3032/4235/3269 3029/4208/3242
f 3032/4235/3269 3033/4236/3270 3150/4237/3271
f 3031/4207/3241 3033/4236/3270 3032/4235/3269
f 3033/4236/3270 3031/4207/3241 3034/4238/3272
f 3148/4239/3273 3034/4238/3272 3035/4240/3274
f 3031/4207/3241 3036/4210/3244 3034/4238/3272
f 3034/4238/3272 3036/4210/3244 3035/4240/3274
f 3038/4212/3246 3099/4241/3275 3037/4211/3245
f 3038/4212/3246 3128/4242/3276 3099/4241/3275
f 3038/4212/3246 3131/4243/3277 3128/4242/3276
f 3038/4212/3246 7320/4213/3247 3131/4243/3277
f 7320/4213/3247 3039/4244/3278 3137/4245/3279
f 3039/4244/3278 7049/4214/3248 3121/4246/3280
f 7320/4213/3247 7049/4214/3248 3039/4244/3278
f 3105/4216/3250 3124/4247/3281 7049/4214/3248
f 3124/4247/3281 3185/4248/3282 7049/4214/3248
f 3196/4249/3283 3197/4250/3284 3195/4251/3285
f 3196/4249/3283 3195/4251/3285 3192/4252/3286
f 3192/4252/3286 3195/4251/3285 3194/4253/3287
f 3192/4252/3288 911/4254/3289 3193/4255/3290
f 3222/4256/3291 3315/4257/3292 3207/4258/3293
f 3207/4258/3293 3230/4259/3294 3222/4256/3291
f 3207/4258/3293 3315/4257/3292 3205/4260/3295
f 3209/4261/3296 3208/4262/3297 3230/4263/3298
f 3207/4258/3293 3208/4262/3297 3209/4261/3296
f 3207/4258/3293 3205/4260/3295 3208/4262/3297
f 3208/4262/3297 3205/4260/3295 3229/4264/3299
f 3315/4257/3292 3211/4265/3300 3205/4260/3295
f 3211/4265/3300 3210/4266/3301 3205/4260/3295
f 3210/4266/3301 3206/4267/3302 3205/4260/3295
f 3227/4268/3303 3204/4269/3304 3206/4267/3302
f 3206/4267/3302 3204/4269/3304 3205/4260/3295
f 3205/4260/3295 3204/4269/3304 3201/4270/3305
f 3198/4271/3306 3199/4272/3307 3227/4273/3308
f 3228/4274/3309 3199/4272/3307 3204/4269/3304
f 3228/4274/3309 3204/4269/3304 3227/4268/3303
f 3199/4272/3307 3198/4271/3306 3204/4269/3304
f 3204/4269/3304 3233/4275/3310 3201/4270/3305
f 3200/4276/3311 3201/4270/3305 4797/4277/3312
f 3201/4270/3305 3202/4278/3313 3205/4260/3295
f 3201/4270/3305 3203/4279/3314 3202/4278/3313
f 3200/4276/3311 3203/4279/3314 3201/4270/3305
f 3200/4276/3311 3212/4280/3315 3203/4279/3314
f 3200/4276/3311 3214/4281/3316 3212/4280/3315
f 3200/4276/3311 3226/4282/3317 3215/4283/3318
f 3200/4276/3311 3215/4283/3318 3214/4281/3316
f 3212/4280/3315 3213/4284/3319 3203/4279/3314
f 3202/4278/3313 3203/4279/3314 3213/4284/3319
f 3232/4285/3320 3225/4286/3321 3226/4282/3317
f 3215/4283/3318 3226/4282/3317 3231/4287/3322
f 3231/4287/3322 3226/4282/3317 3212/4280/3315
f 3226/4282/3317 3225/4286/3321 3212/4280/3315
f 3234/4288/3323 3212/4280/3315 3214/4281/3316
f 3225/4286/3321 3224/4289/3324 3212/4280/3315
f 3224/4289/3324 3223/4290/3325 3212/4280/3315
f 3223/4290/3325 3218/4291/3326 3212/4280/3315
f 3218/4291/3326 3217/4292/3327 3212/4280/3315
f 3217/4292/3327 3213/4284/3319 3212/4280/3315
f 3217/4292/3327 3220/4293/3328 3213/4284/3319
f 3217/4292/3327 4893/4294/3329 3220/4293/3328
f 3213/4284/3319 3219/4295/3330 3216/4296/3331
f 3221/4297/3332 3220/4293/3328 4893/4294/3329
f 3213/4284/3319 3220/4293/3328 3219/4295/3330
f 3241/4298/3333 3239/4299/3334 3237/4300/3335
f 3239/4299/3334 3240/4301/3336 3237/4300/3335
f 3315/4302/3337 3241/4298/3333 3238/4303/3338
f 3238/4303/3338 3241/4298/3333 3236/4304/3339
f 3237/4300/3335 3240/4301/3336 3455/4305/3340
f 3241/4298/3333 3237/4300/3335 3236/4304/3339
f 3237/4300/3335 3235/4306/3341 3236/4304/3339
f 3235/4306/3341 3455/4307/3342 3242/4308/3343
f 3236/4304/3339 3235/4306/3341 3242/4308/3343
f 3257/4309/3344 3236/4304/3339 3255/4310/3345
f 3236/4304/3339 3243/4311/3346 3255/4310/3345
f 3236/4304/3339 3242/4308/3343 3243/4311/3346
f 3255/4310/3345 3243/4311/3346 3244/4312/3347
f 3255/4310/3348 3246/4313/3349 3247/4314/3350
f 3255/4310/3348 3245/4315/3351 3246/4313/3349
f 3246/4313/3349 3245/4315/3351 3244/4316/3352
f 3246/4313/3349 3244/4316/3352 3249/4317/3353
f 3244/4316/3352 3251/4318/3354 3249/4317/3353
f 3255/4310/3348 3247/4314/3350 3254/4319/3355
f 3248/4320/3356 3246/4313/3349 3249/4317/3353
f 3248/4320/3356 3249/4317/3353 3247/4314/3357
f 3247/4314/3357 3249/4317/3353 3250/4321/3358
f 3250/4321/3358 3249/4317/3353 3253/4322/3359
f 3253/4322/3359 3249/4317/3353 3251/4318/3354
f 3254/4319/3355 3247/4314/3350 3253/4322/3360
f 3253/4322/3359 3251/4318/3354 3252/4323/3361
f 3251/4318/3354 3259/4324/3362 3252/4323/3361
f 3252/4323/3361 3260/4325/3363 3258/4326/3364
f 3252/4323/3361 3258/4326/3364 3253/4322/3359
f 3253/4322/3359 3258/4326/3364 3256/4327/3365
f 3253/4322/3359 3256/4327/3365 7066/4328/3366
f 3268/4329/3367 3315/4330/3368 3269/4331/3369
f 4893/4332/3329 3339/4333/3370 3221/4334/3332
f 3315/4330/3368 3267/4335/3371 3269/4331/3369
f 3268/4329/3367 3269/4331/3369 5422/4336/3372
f 3267/4335/3371 3266/4337/3373 3270/4338/3374
f 3270/4338/3374 3266/4337/3373 3265/4339/3375
f 3265/4339/3375 3395/4340/3376 4781/4341/3377
f 4781/4341/3377 3395/4340/3376 3264/4342/3378
f 4781/4341/3377 3264/4342/3378 3261/4343/3379
f 3261/4343/3379 3262/4344/3380 3263/4345/3381
f 3263/4345/3381 3262/4344/3380 5584/4346/3382
f 5584/4346/3382 3262/4344/3380 3271/4347/3383
f 3271/4347/3383 3281/4348/3384 5462/4349/3385
f 5462/4349/3385 3281/4348/3384 3272/4350/3386
f 3339/4333/3370 3338/4351/3387 3221/4334/3332
f 3338/4351/3387 3272/4350/3386 3221/4334/3332
f 3267/4335/3371 3319/4352/3388 3266/4337/3373
f 3319/4352/3388 3267/4335/3371 3320/4353/3389
f 3318/4354/3390 3335/4355/3391 3390/4356/3392
f 3265/4339/3375 3266/4337/3373 3395/4340/3376
f 3264/4342/3378 3395/4340/3376 3262/4344/3380
f 3261/4343/3379 3264/4342/3378 3262/4344/3380
f 3262/4344/3380 3395/4340/3376 3281/4348/3384
f 3271/4347/3383 3262/4344/3380 3281/4348/3384
f 3286/4357/3393 3341/4358/3394 3282/4359/3395
f 3341/4358/3394 3285/4360/3396 3282/4359/3395
f 3358/4361/3397 3286/4357/3393 3337/4362/3398
f 3286/4357/3393 3282/4359/3395 3337/4362/3398
f 3281/4348/3384 3337/4362/3398 3272/4350/3386
f 3267/4335/3371 3315/4330/3368 3316/4363/3399
f 3320/4353/3389 3267/4335/3371 3317/4364/3400
f 3267/4335/3371 3316/4363/3399 3317/4364/3400
f 3316/4363/3399 3321/4365/3401 3317/4364/3400
f 3314/4366/3402 5998/4367/3403 3316/4363/3399
f 3320/4353/3389 3317/4364/3400 3318/4354/3390
f 3318/4354/3390 3317/4364/3400 3335/4355/3391
f 3380/4368/3404 3342/4369/3405 3285/4360/3396
f 3285/4360/3396 3342/4369/3405 3352/4370/3406
f 3285/4360/3396 3352/4370/3406 3355/4371/3407
f 3285/4360/3396 3355/4371/3407 3282/4359/3395
f 3343/4372/3408 3342/4369/3405 3380/4368/3404
f 3342/4369/3405 3347/4373/3409 3352/4370/3406
f 3347/4373/3409 3342/4369/3405 3283/4374/3410
f 3337/4362/3398 3282/4359/3395 3272/4350/3386
f 3282/4359/3395 3388/4375/3411 3283/4374/3410
f 3388/4375/3411 3347/4373/3409 3283/4374/3410
f 3282/4359/3395 3283/4374/3410 3272/4350/3386
f 3316/4363/3399 3315/4330/3368 3314/4366/3402
f 5998/4367/3403 3314/4366/3402 3362/4376/3412
f 3387/4377/3413 3284/4378/3414 3283/4374/3410
f 3283/4374/3410 3284/4378/3414 3272/4350/3386
f 3314/4366/3402 3315/4330/3368 3313/4379/3415
f 3314/4366/3402 3313/4379/3415 3386/4380/3416
f 3313/4379/3415 3381/4381/3417 3386/4380/3416
f 3315/4330/3368 3306/4382/3418 3313/4379/3415
f 3284/4378/3414 3280/4383/3419 3272/4350/3386
f 3280/4383/3419 3221/4334/3332 3272/4350/3386
f 3313/4379/3415 6038/4384/3420 3381/4381/3417
f 3313/4379/3415 3382/4385/3421 6038/4384/3420
f 3313/4379/3415 3322/4386/3422 3382/4385/3421
f 3322/4386/3422 6039/4387/3423 3351/4388/3424
f 6038/4384/3420 3382/4385/3421 3383/4389/3425
f 3322/4386/3422 3351/4388/3424 3363/4390/3426
f 3306/4382/3418 3312/4391/3427 3313/4379/3415
f 3313/4379/3415 3312/4391/3427 3322/4386/3422
f 3322/4386/3422 3312/4391/3427 6039/4387/3423
f 3312/4391/3427 3369/4392/3428 6039/4387/3423
f 3312/4391/3427 3368/4393/3429 3369/4392/3428
f 3306/4382/3418 3308/4394/3430 3312/4391/3427
f 3308/4394/3430 3311/4395/3431 3312/4391/3427
f 3312/4391/3427 3311/4395/3431 3350/4396/3432
f 3371/4397/3433 3370/4398/3434 3310/4399/3435
f 3371/4397/3433 3310/4399/3435 3391/4400/3436
f 3370/4398/3434 3311/4395/3431 3310/4399/3435
f 3311/4395/3431 3308/4394/3430 3310/4399/3435
f 3287/4401/3437 5964/4402/3438 3280/4383/3419
f 3280/4383/3419 3333/4403/3439 3279/4404/3440
f 3280/4383/3419 3279/4404/3440 3221/4334/3332
f 3308/4394/3430 3323/4405/3441 3310/4399/3435
f 3310/4399/3435 3323/4405/3441 3372/4406/3442
f 3323/4405/3441 3393/4407/3443 3372/4406/3442
f 3396/4408/3444 5964/4402/3438 3287/4401/3437
f 5964/4402/3438 3333/4403/3439 3280/4383/3419
f 3333/4403/3439 3384/4409/3445 3279/4404/3440
f 3392/4410/3446 3279/4404/3440 3384/4409/3445
f 3407/4411/3447 3403/4412/3448 3404/4413/3449
f 3308/4394/3430 3306/4382/3418 3309/4414/3450
f 3306/4382/3418 3324/4415/3451 3309/4414/3450
f 3309/4414/3450 3324/4415/3451 3325/4416/3452
f 3324/4415/3451 3306/4382/3418 3326/4417/3453
f 3324/4415/3451 3326/4417/3453 3348/4418/3454
f 3306/4382/3418 3344/4419/3455 3326/4417/3453
f 3306/4382/3418 3307/4420/3456 3344/4419/3455
f 3324/4415/3451 3348/4418/3454 3359/4421/3457
f 3348/4418/3458 3344/4419/3455 3360/4422/3459
f 3344/4419/3455 3356/4423/3460 3360/4422/3459
f 3344/4419/3455 3307/4420/3456 3356/4423/3460
f 3360/4422/3459 3356/4423/3460 3364/4424/3461
f 3403/4412/3448 3401/4425/3462 3404/4413/3449
f 3279/4404/3440 3278/4426/3463 3221/4334/3332
f 3254/4427/3464 3305/4428/3465 3306/4382/3418
f 3306/4382/3418 3331/4429/3466 3307/4420/3456
f 3307/4420/3456 3331/4429/3466 3361/4430/3467
f 3306/4382/3418 3332/4431/3468 3331/4429/3466
f 3332/4431/3468 3306/4382/3418 3336/4432/3469
f 3306/4382/3418 3305/4428/3465 3336/4432/3469
f 3403/4412/3448 3402/4433/3470 3401/4425/3462
f 3254/4427/3464 3304/4434/3471 3305/4428/3465
f 3304/4434/3471 3373/4435/3472 3305/4428/3465
f 3402/4433/3470 3400/4436/3473 3401/4425/3462
f 3400/4436/3473 3405/4437/3474 3401/4425/3462
f 3400/4436/3473 3406/4438/3475 3405/4437/3474
f 3389/4439/3476 3278/4426/3463 3279/4404/3440
f 3278/4426/3463 3273/4440/3477 3221/4334/3332
f 3221/4334/3332 3273/4440/3477 3274/4441/3478
f 3304/4434/3471 3254/4427/3464 3303/4442/3479
f 3373/4435/3472 3304/4434/3471 3374/4443/3480
f 3374/4443/3480 3304/4434/3471 3375/4444/3481
f 3304/4434/3471 3385/4445/3482 3375/4444/3481
f 3304/4434/3471 3303/4442/3479 3385/4445/3482
f 3303/4442/3479 3345/4446/3483 3376/4447/3484
f 3374/4443/3480 3375/4444/3481 6608/4448/3485
f 3374/4443/3480 6608/4448/3485 6610/4449/3486
f 3303/4442/3479 3377/4450/3487 3378/4451/3488
f 3303/4442/3479 3376/4447/3484 3377/4450/3487
f 3406/4438/3475 3399/4452/3489 3405/4437/3474
f 3399/4452/3489 3398/4453/3490 3405/4437/3474
f 3399/4452/3489 3397/4454/3491 3398/4453/3490
f 3330/4455/3492 3278/4426/3463 3389/4439/3476
f 3353/4456/3493 3278/4426/3463 3330/4455/3492
f 3278/4426/3463 3288/4457/3494 3273/4440/3477
f 3303/4442/3479 3254/4427/3464 3302/4458/3495
f 3302/4458/3495 3345/4446/3483 3303/4442/3479
f 3345/4446/3483 3302/4458/3495 3346/4459/3496
f 3254/4427/3464 3301/4460/3497 3302/4458/3495
f 3345/4446/3483 3346/4459/3496 3357/4461/3498
f 3301/4460/3497 3334/4462/3499 3354/4463/3500
f 6647/4464/3501 3334/4462/3499 3367/4465/3502
f 3354/4463/3500 3334/4462/3499 3349/4466/3503
f 3334/4462/3499 6647/4464/3501 3349/4466/3503
f 3412/4467/3504 3408/4468/3505 6639/4469/3506
f 6639/4469/3506 3408/4468/3505 3415/4470/3507
f 3340/4471/3508 3289/4472/3509 3288/4457/3494
f 3301/4460/3497 3254/4427/3464 3300/4473/3510
f 3301/4460/3497 3300/4473/3510 3334/4462/3499
f 3300/4473/3510 3299/4474/3511 3394/4475/3512
f 3300/4473/3510 3298/4476/3513 3299/4474/3511
f 3412/4467/3504 3413/4477/3514 3408/4468/3505
f 3413/4477/3514 3409/4478/3515 3408/4468/3505
f 3408/4468/3505 3409/4478/3515 3410/4479/3516
f 3409/4478/3515 3411/4480/3517 3410/4479/3516
f 3409/4478/3515 3414/4481/3518 3411/4480/3517
f 3299/4474/3511 3298/4476/3513 3297/4482/3519
f 3365/4483/3520 3299/4474/3511 3297/4482/3519
f 3365/4483/3520 3297/4482/3519 3366/4484/3521
f 6799/4485/3522 3297/4482/3519 3291/4486/3523
f 3297/4482/3519 3296/4487/3524 3291/4486/3523
f 3291/4486/3523 3295/4488/3525 3294/4489/3526
f 3291/4486/3523 3294/4489/3526 3293/4490/3527
f 3291/4486/3523 3293/4490/3527 3292/4491/3528
f 3291/4486/3523 3273/4440/3477 3290/4492/3529
f 3379/4493/3530 3290/4492/3529 3289/4472/3509
f 3290/4492/3529 3273/4440/3477 3289/4472/3509
f 3288/4457/3494 3289/4472/3509 3273/4440/3477
f 3254/4427/3464 3327/4494/3531 3298/4476/3513
f 3300/4473/3510 3254/4427/3464 3298/4476/3513
f 3327/4494/3531 3254/4427/3464 3329/4495/3532
f 3298/4476/3513 3296/4487/3524 3297/4482/3519
f 3327/4494/3531 3329/4495/3532 3328/4496/3533
f 3291/4486/3523 3296/4487/3524 3295/4488/3525
f 3291/4486/3523 3292/4491/3528 3273/4440/3477
f 3276/4497/3534 3277/4498/3535 3274/4441/3478
f 3276/4497/3534 3274/4441/3478 3275/4499/3536
f 3275/4499/3536 3274/4441/3478 3273/4440/3477
f 3222/4500/3537 3444/4501/3538 3445/4502/3539
f 3222/4500/3537 3446/4503/3540 3444/4501/3538
f 3446/4503/3540 3442/4504/3541 3444/4501/3538
f 3446/4503/3540 3443/4505/3542 3442/4504/3541
f 3470/4506/3543 3471/4507/3544 3443/4505/3542
f 3471/4507/3544 3442/4504/3541 3443/4505/3542
f 3470/4506/3543 3472/4508/3545 3471/4507/3544
f 3472/4508/3545 3474/4509/3546 3471/4507/3544
f 3471/4507/3544 3474/4509/3546 3473/4510/3547
f 3474/4509/3546 3475/4511/3548 3473/4510/3547
f 3472/4508/3545 3482/4512/3549 3474/4509/3546
f 3474/4509/3546 3482/4512/3549 3536/4513/3550
f 3482/4512/3549 3477/4514/3551 3536/4513/3550
f 3477/4514/3551 3476/4515/3552 3536/4513/3550
f 3478/4516/3553 3479/4517/3554 3477/4514/3551
f 3477/4514/3551 3479/4517/3554 3481/4518/3555
f 3478/4516/3553 3480/4519/3556 3479/4517/3554
f 3479/4517/3554 3540/4520/3557 3538/4521/3558
f 3480/4519/3556 3483/4522/3559 3479/4517/3554
f 3479/4517/3554 3483/4522/3559 3540/4520/3557
f 3483/4522/3559 3484/4523/3560 3485/4524/3561
f 3554/4525/3562 3486/4526/3563 3484/4523/3560
f 3484/4523/3560 3487/4527/3564 3485/4524/3561
f 3484/4523/3560 3486/4526/3563 3487/4527/3564
f 3555/4528/3565 3488/4529/3566 3486/4526/3563
f 3486/4526/3563 3488/4529/3566 3487/4527/3564
f 3488/4529/3566 3541/4530/3567 3487/4527/3564
f 3489/4531/3568 3541/4532/3567 3488/4529/3566
f 3489/4531/3568 3545/4533/3569 3542/4534/3570
f 3489/4531/3568 3490/4535/3571 3545/4533/3569
f 3489/4531/3568 3491/4536/3572 3490/4535/3571
f 3491/4536/3572 3492/4537/3573 3490/4535/3571
f 3491/4536/3572 3494/4538/3574 3492/4537/3573
f 3491/4536/3572 3496/4539/3575 3495/4540/3576
f 3491/4536/3572 3219/4541/3577 3496/4539/3575
f 3222/4500/3537 3445/4502/3539 3447/4542/3578
f 3442/4504/3541 3471/4507/3544 3497/4543/3579
f 3534/4544/3580 3535/4545/3581 3497/4546/3582
f 3477/4514/3551 3481/4518/3555 3476/4515/3552
f 3481/4518/3555 3479/4517/3554 3499/4547/3583
f 3479/4517/3554 3539/4548/3584 3499/4547/3583
f 3537/4549/3585 3538/4550/3586 3539/4551/3587
f 3483/4522/3559 3485/4524/3561 3540/4520/3557
f 3489/4531/3568 3543/4552/3588 3541/4532/3567
f 3489/4531/3568 3542/4534/3570 3543/4552/3588
f 3542/4534/3570 3545/4533/3569 3543/4553/3588
f 3544/4554/3589 3493/4555/3590 3545/4556/3591
f 3490/4535/3571 3494/4557/3574 3493/4558/3592
f 3490/4535/3571 3492/4537/3573 3494/4557/3574
f 3491/4536/3572 3495/4540/3576 3494/4538/3574
f 3533/4559/3593 3495/4540/3576 3496/4539/3575
f 3496/4539/3575 3219/4541/3577 3519/4560/3594
f 3496/4539/3575 3519/4560/3594 3520/4561/3595
f 3520/4561/3595 3519/4560/3594 3521/4562/3596
f 3520/4563/3597 3551/4564/3598 3552/4565/3599
f 3552/4565/3599 3551/4564/3598 3553/4566/3600
f 3519/4560/3594 3523/4567/3601 3521/4562/3596
f 3448/4568/3602 3447/4542/3578 3449/4569/3603
f 3447/4542/3578 3445/4502/3539 3449/4569/3603
f 3436/4570/3604 3435/4571/3605 3434/4572/3606
f 3525/4573/3607 3524/4574/3608 3522/4575/3609
f 3522/4575/3609 3524/4574/3608 3523/4567/3601
f 3521/4562/3596 3523/4567/3601 3524/4574/3608
f 3461/4576/3610 3449/4569/3603 3450/4577/3611
f 3449/4569/3603 3445/4502/3539 3450/4577/3611
f 3450/4577/3611 3445/4502/3539 3550/4578/3612
f 3461/4576/3610 3450/4577/3611 3452/4579/3613
f 3461/4576/3610 3455/4580/3614 3451/4581/3615
f 3461/4576/3610 3452/4579/3613 3455/4580/3614
f 3450/4577/3611 3550/4578/3612 3453/4582/3616
f 3452/4579/3613 3453/4582/3616 3550/4578/3612
f 3522/4575/3609 3523/4567/3601 3527/4583/3617
f 3526/4584/3618 3523/4567/3601 3531/4585/3619
f 3523/4567/3601 3526/4584/3618 3527/4583/3617
f 3455/4580/3614 3452/4579/3613 3454/4586/3620
f 3452/4579/3613 3550/4578/3612 3454/4586/3620
f 3455/4580/3614 3454/4586/3620 3460/4587/3621
f 3454/4586/3620 3550/4578/3612 3498/4588/3622
f 3527/4583/3617 3526/4584/3618 3529/4589/3623
f 3528/4590/3624 3527/4583/3617 3529/4589/3623
f 3529/4589/3623 3530/4591/3625 3528/4590/3624
f 3529/4589/3623 3531/4592/3626 3530/4591/3625
f 3455/4580/3614 3460/4587/3621 3456/4593/3627
f 3460/4587/3621 3457/4594/3628 3456/4593/3627
f 3530/4591/3625 3531/4592/3626 3532/4595/3629
f 3459/4596/3630 3456/4593/3627 3458/4597/3631
f 3459/4596/3630 3458/4597/3631 3455/4598/3632
f 3456/4593/3627 3457/4594/3628 3549/4599/3633
f 3456/4593/3627 3549/4599/3633 3469/4600/3634
f 3456/4593/3627 3469/4600/3634 3458/4597/3631
f 3462/4601/3635 3469/4602/3636 3502/4603/3637
f 3458/4597/3631 3467/4604/3638 3455/4598/3632
f 3458/4597/3631 3463/4605/3639 3467/4604/3638
f 3458/4597/3631 3462/4601/3635 3463/4605/3639
f 3463/4605/3639 3462/4601/3635 3502/4603/3637
f 3465/4606/3640 3463/4605/3639 3464/4607/3641
f 3463/4605/3639 3502/4603/3637 3464/4607/3641
f 3464/4607/3641 3466/4608/3642 3465/4606/3640
f 3464/4607/3641 3468/4609/3643 3466/4608/3642
f 3500/4610/3644 3501/4611/3645 3468/4612/3646
f 3500/4610/3644 3464/4607/3641 3502/4603/3637
f 3501/4611/3645 3500/4610/3644 3517/4613/3647
f 3517/4613/3647 3500/4610/3644 3503/4614/3648
f 3556/4615/3649 3517/4613/3647 3506/4616/3650
f 3500/4610/3644 3502/4603/3637 3504/4617/3651
f 3500/4610/3644 3504/4617/3651 3503/4614/3648
f 3435/4571/3605 3437/4618/3652 3434/4572/3606
f 3437/4618/3652 3433/4619/3653 3434/4572/3606
f 3517/4613/3647 3503/4614/3648 3506/4616/3650
f 3503/4614/3648 3504/4617/3651 3546/4620/3654
f 3503/4614/3648 3546/4620/3654 3505/4621/3655
f 3505/4621/3655 3546/4620/3654 3548/4622/3656
f 3505/4621/3655 3518/4623/3657 3506/4624/3658
f 3505/4621/3655 3548/4622/3656 3518/4623/3657
f 3518/4623/3657 3548/4622/3656 3509/4625/3659
f 3548/4622/3656 3546/4620/3654 3508/4626/3660
f 3546/4620/3654 3507/4627/3661 3508/4626/3660
f 3548/4628/3656 3508/4629/3660 3547/4630/3662
f 3548/4622/3656 3513/4631/3663 3511/4632/3664
f 3548/4622/3656 3511/4632/3664 3510/4633/3665
f 3548/4622/3656 3510/4633/3665 3509/4625/3659
f 3511/4632/3664 3513/4631/3663 3512/4634/3666
f 3513/4631/3663 3507/4635/3667 3512/4634/3666
f 3511/4632/3664 3512/4634/3666 3514/4636/3668
f 6722/4637/3669 3427/4638/3670 3429/4639/3671
f 3429/4639/3671 3427/4638/3670 3428/4640/3672
f 6722/4637/3669 3430/4641/3673 3427/4638/3670
f 3437/4618/3652 3438/4642/3674 3433/4619/3653
f 3514/4636/3668 3515/4643/3675 3516/4644/3676
f 3514/4636/3668 3512/4634/3666 3515/4643/3675
f 3440/4645/3677 3441/4646/3678 3439/4647/3679
f 3440/4645/3677 3439/4647/3679 3438/4642/3674
f 3438/4642/3674 3439/4647/3679 3433/4619/3653
f 3432/4648/3680 3420/4649/3681 3431/4650/3682
f 3420/4649/3681 3421/4651/3683 3431/4650/3682
f 3421/4651/3683 3420/4649/3681 3419/4652/3684
f 3420/4649/3681 3417/4653/3685 3419/4652/3684
f 3417/4653/3685 3418/4654/3686 3419/4652/3684
f 3417/4653/3685 3416/4655/3687 3418/4654/3686
f 3416/4655/3687 3422/4656/3688 3418/4654/3686
f 3422/4656/3688 3423/4657/3689 3418/4654/3686
f 3422/4656/3688 3424/4658/3690 3423/4657/3689
f 3425/4659/3691 3424/4658/3690 3422/4656/3688
f 3424/4658/3690 3425/4659/3691 3426/4660/3692
f 3428/4640/3672 3427/4638/3670 3425/4659/3691
f 3425/4659/3691 3427/4638/3670 3426/4660/3692
f 3560/4661/3693 3562/4662/3694 3561/4663/3695
f 3562/4662/3694 3563/4664/3696 3561/4663/3695
f 3557/4665/3697 3558/4666/3698 4698/4667/3699
f 3557/4665/3697 3559/4668/3700 3558/4666/3698
f 3585/4669/3701 3586/4670/3702 3584/4671/3703
f 3585/4669/3701 3584/4671/3703 3583/4672/3704
f 3582/4673/3705 3583/4672/3706 3581/4674/3707
f 3582/4673/3705 3581/4674/3707 3580/4675/3708
f 3580/4675/3708 3581/4674/3707 4682/4676/3709
f 3580/4675/3708 4682/4676/3709 3577/4677/3710
f 3580/4675/3708 3577/4677/3710 3576/4678/3711
f 3576/4678/3711 3577/4677/3710 3578/4679/3712
f 3578/4679/3712 3577/4677/3710 3579/4680/3713
f 3578/4679/3712 3579/4680/3713 3575/4681/3714
f 3578/4679/3712 3575/4681/3714 3564/4682/3715
f 3564/4682/3715 3575/4681/3714 3573/4683/3716
f 3564/4682/3715 3573/4683/3716 3565/4684/3717
f 3565/4684/3717 3573/4683/3716 3574/4685/3718
f 3566/4686/3719 3565/4684/3717 3574/4685/3718
f 3566/4686/3719 3574/4685/3718 3572/4687/3720
f 3566/4686/3719 3572/4687/3720 3571/4688/3721
f 3571/4688/3721 3567/4689/3722 3566/4686/3719
f 3566/4686/3719 3567/4689/3722 3568/4690/3723
f 3568/4690/3723 3567/4689/3722 3569/4691/3724
f 3567/4689/3722 3570/4692/3725 3569/4691/3724
f 3587/4693/3726 3588/4694/3727 3589/4695/3728
f 3587/4693/3726 3589/4695/3728 3590/4696/3729
f 3599/4697/3730 3600/4698/3731 3601/4699/3732
f 4188/4700/3733 4187/4701/3734 4176/4702/3735
f 4187/4701/3734 4177/4703/3736 4176/4702/3735
f 4176/4702/3735 4177/4703/3736 4147/4704/3737
f 4176/4702/3735 4147/4704/3737 4108/4705/3738
f 4108/4705/3738 4109/4706/3739 4065/4707/3740
f 3599/4697/3730 3601/4699/3732 4624/4708/3741
f 3599/4697/3730 4624/4708/3741 3602/4709/3742
f 4065/4707/3740 3934/4710/3743 3937/4711/3744
f 4591/4712/3745 3941/4713/3746 4592/4714/3747
f 3936/4715/3748 3935/4716/3749 4170/4717/3750
f 4170/4718/3750 3902/4719/3751 4042/4720/3752
f 4170/4718/3750 3901/4721/3753 3902/4719/3751
f 3903/4722/3754 3902/4723/3751 4057/4724/3755
f 4057/4724/3755 4056/4725/3756 4599/4726/3757
f 4599/4727/3758 4393/4728/3759 3831/4729/3760
f 4597/4730/3761 4164/4731/3762 4598/4732/3763
f 4598/4733/3763 4164/4734/3762 3954/4735/3764
f 4625/4736/3765 4624/4737/3766 410/4738/3767
f 4598/4733/3763 3954/4735/3764 4595/4739/3768
f 4595/4739/3768 3954/4735/3764 3817/4740/3769
f 4595/4739/3768 3817/4740/3769 4169/4741/3770
f 4165/4742/3771 4169/4741/3770 3798/4743/3772
f 4165/4742/3771 3798/4743/3772 3825/4744/3773
f 4589/4745/3774 3798/4746/3772 4588/4747/3775
f 4168/4748/3776 3813/4749/3777 4142/4750/3778
f 3989/4751/3779 3953/4752/3780 4590/4753/3781
f 4590/4754/3781 3953/4755/3780 3994/4756/3782
f 410/4738/3767 4624/4737/3766 4623/4757/3783
f 3932/4758/3784 3931/4759/3785 3930/4760/3786
f 3928/4761/3787 3929/4762/3788 3927/4763/3789
f 3928/4764/3790 4606/4765/3791 4607/4766/3792
f 4192/4767/3793 4133/4768/3794 4132/4769/3795
f 4132/4769/3795 4133/4768/3794 4135/4770/3796
f 3605/4771/3797 3604/4772/3798 3606/4773/3799
f 3605/4771/3797 3603/4774/3800 3604/4772/3798
f 3607/4775/3801 3606/4773/3799 3604/4772/3798
f 4182/4776/3802 4128/4777/3803 4129/4778/3804
f 4193/4779/3805 4195/4780/3806 4194/4781/3807
f 4190/4782/3808 4193/4779/3805 4191/4783/3809
f 4193/4779/3805 4194/4781/3807 4191/4783/3809
f 4180/4784/3810 4181/4785/3811 4086/4786/3812
f 4181/4785/3811 4144/4787/3813 4086/4786/3812
f 4144/4787/3813 4145/4788/3814 4086/4786/3812
f 4115/4789/3815 4507/4790/3816 4122/4791/3817
f 4086/4786/3812 4508/4792/3818 4507/4790/3816
f 4177/4703/3736 4122/4791/3817 4147/4704/3737
f 4147/4704/3737 4122/4791/3817 4596/4793/3819
f 4147/4794/3737 4596/4795/3819 4077/4796/3820
f 4147/4704/3737 4077/4797/3820 4108/4705/3738
f 4108/4705/3738 4077/4797/3820 4109/4706/3739
f 4109/4706/3739 4077/4797/3820 3934/4710/3743
f 4077/4797/3820 4596/4793/3819 3934/4710/3743
f 4065/4707/3740 4109/4706/3739 3934/4710/3743
f 3937/4711/3744 3934/4710/3743 4085/4798/3821
f 4591/4712/3745 4085/4799/3821 3941/4713/3746
f 4085/4798/3821 3934/4710/3743 3941/4800/3746
f 3941/4800/3746 3934/4710/3743 3935/4716/3749
f 3936/4715/3748 3941/4800/3746 3935/4716/3749
f 3935/4716/3749 3934/4710/3743 3901/4721/3753
f 3934/4710/3743 4596/4793/3819 3901/4721/3753
f 4596/4793/3819 3900/4801/3822 3901/4721/3753
f 3935/4716/3749 3901/4721/3753 4170/4718/3750
f 3900/4801/3822 4389/4802/3823 3901/4721/3753
f 3901/4803/3753 4389/4804/3823 4390/4805/3824
f 4389/4802/3823 3900/4801/3822 3897/4806/3825
f 4389/4804/3823 4391/4807/3826 4390/4805/3824
f 3901/4721/3753 4390/4808/3824 3898/4809/3827
f 3901/4721/3753 3898/4809/3827 3902/4719/3751
f 4390/4808/3824 3897/4810/3828 3898/4809/3827
f 3898/4809/3827 3897/4810/3828 3736/4811/3829
f 3902/4723/3751 3898/4809/3827 4057/4724/3755
f 4057/4724/3755 3898/4809/3827 4056/4725/3756
f 4056/4725/3756 3898/4809/3827 4055/4812/3830
f 3898/4809/3827 3736/4811/3829 4055/4812/3830
f 4056/4813/3756 4055/4814/3830 3830/4815/3831
f 3830/4816/3831 4055/4812/3830 3829/4817/3832
f 4599/4727/3758 3830/4816/3831 3829/4817/3832
f 4599/4727/3758 3829/4817/3832 4393/4728/3759
f 4393/4728/3833 4116/4818/3834 4164/4734/3762
f 4393/4819/3759 3829/4820/3832 4392/4821/3835
f 4164/4734/3762 4116/4818/3834 3954/4735/3764
f 3829/4817/3832 4055/4812/3830 3832/4822/3836
f 3832/4822/3836 4055/4812/3830 4236/4823/3837
f 3954/4735/3764 4116/4818/3834 4388/4824/3838
f 4387/4825/3839 4236/4826/3837 4388/4827/3838
f 3954/4735/3764 4388/4824/3838 3858/4828/3840
f 3954/4735/3764 3858/4828/3840 3990/4829/3841
f 3954/4735/3764 3990/4829/3841 3819/4830/3842
f 3990/4831/3841 4386/4832/3843 3819/4833/3842
f 3954/4735/3764 3819/4830/3842 3817/4740/3769
f 3858/4834/3844 3818/4835/3845 3817/4740/3769
f 3858/4834/3844 3817/4740/3769 3819/4830/3842
f 3817/4740/3769 3818/4835/3845 4262/4836/3846
f 3818/4835/3845 4312/4837/3847 4262/4836/3846
f 4169/4741/3770 3817/4740/3769 3798/4743/3772
f 3817/4740/3769 3824/4838/3848 3798/4743/3772
f 3817/4839/3769 4394/4840/3849 3824/4841/3848
f 3824/4838/3848 3718/4842/3850 3798/4743/3772
f 3824/4841/3848 4394/4840/3849 4395/4843/3851
f 4262/4844/3846 4312/4837/3847 3718/4842/3850
f 3798/4743/3772 3718/4842/3850 4385/4845/3852
f 3718/4842/3850 4312/4837/3847 4385/4845/3852
f 3798/4746/3772 4385/4846/3852 4588/4747/3775
f 4142/4750/3778 3813/4749/3777 4396/4847/3853
f 3813/4749/3777 4385/4845/3852 4396/4847/3853
f 4385/4845/3852 4312/4837/3847 4396/4847/3853
f 4142/4848/3778 4396/4849/3853 3988/4850/3854
f 4396/4849/3853 3869/4851/3855 3988/4850/3854
f 4396/4847/3853 4418/4852/3856 3869/4853/3855
f 4419/4854/3857 4418/4855/3856 4417/4856/3858
f 4142/4750/3778 3988/4857/3854 4602/4858/3859
f 3988/4857/3854 3869/4859/3855 3870/4860/3860
f 3869/4859/3855 4417/4861/3858 3870/4860/3860
f 3988/4857/3854 3870/4860/3860 4602/4858/3859
f 4602/4858/3859 3870/4860/3860 3989/4862/3779
f 3989/4751/3779 3870/4863/3860 3953/4752/3780
f 3870/4860/3860 4417/4861/3858 4416/4864/3861
f 3870/4860/3860 4416/4864/3861 3953/4755/3780
f 3994/4756/3782 3953/4755/3780 3993/4865/3862
f 3953/4755/3780 4416/4864/3861 3993/4865/3862
f 4580/4866/3863 3931/4867/3785 4581/4868/3864
f 4580/4866/3863 4416/4869/3861 3931/4867/3785
f 3931/4759/3785 4416/4864/3861 4337/4870/3865
f 3931/4759/3785 4337/4870/3865 3930/4760/3786
f 4594/4871/3866 4337/4872/3865 3929/4873/3788
f 3929/4762/3788 4337/4870/3865 4593/4874/3867
f 3929/4762/3788 4593/4874/3867 3927/4763/3789
f 4593/4874/3867 4337/4870/3865 3926/4875/3868
f 3927/4763/3789 4593/4874/3867 3926/4875/3868
f 3966/4876/3869 4383/4877/3870 3926/4875/3868
f 3927/4763/3789 3926/4875/3868 4383/4877/3870
f 4383/4878/3870 3966/4879/3869 4384/4880/3871
f 4383/4877/3870 3887/4881/3872 3927/4763/3789
f 3928/4761/3787 3927/4763/3789 3982/4882/3873
f 3982/4883/3874 4135/4770/3796 4133/4768/3794
f 3982/4882/3873 3927/4763/3789 4584/4884/3875
f 4583/4885/3876 4584/4886/3877 4585/4887/3878
f 4135/4770/3796 4124/4888/3879 4132/4769/3795
f 4135/4770/3796 4584/4884/3875 4124/4888/3879
f 4128/4777/3803 4126/4889/3880 4129/4778/3804
f 4128/4777/3803 4127/4890/3881 4126/4889/3880
f 4127/4890/3881 4124/4888/3879 4126/4889/3880
f 4126/4889/3880 4125/4891/3882 4130/4892/3883
f 4126/4889/3880 4124/4888/3879 4125/4891/3882
f 4584/4884/3875 3927/4763/3789 4017/4893/3884
f 4584/4884/3875 4017/4893/3884 4124/4888/3879
f 4124/4888/3879 4150/4894/3885 4125/4891/3882
f 4124/4888/3879 4017/4893/3884 4150/4894/3885
f 4131/4895/3886 4134/4896/3887 4151/4897/3888
f 4130/4892/3883 4125/4891/3882 4131/4895/3886
f 4131/4895/3886 4125/4891/3882 4134/4896/3887
f 4125/4891/3882 4024/4898/3889 4134/4896/3887
f 4582/4899/3890 4150/4900/3885 4024/4901/3891
f 4150/4894/3885 4017/4893/3884 4024/4902/3891
f 4024/4902/3891 4017/4893/3884 4105/4903/3892
f 4191/4783/3809 4189/4904/3893 4190/4782/3808
f 4189/4904/3893 4113/4905/3894 4190/4782/3808
f 4189/4904/3893 4114/4906/3895 4113/4905/3894
f 4145/4788/3814 4140/4907/3896 4086/4786/3812
f 4140/4907/3896 4508/4792/3818 4086/4786/3812
f 4140/4907/3896 4103/4908/3897 4508/4792/3818
f 4565/4909/3898 4566/4910/3899 4103/4911/3900
f 4564/4912/3901 4549/4913/3902 3938/4914/3903
f 4508/4792/3818 3938/4915/3903 4507/4790/3816
f 4103/4908/3897 4139/4916/3904 3938/4915/3903
f 4508/4792/3818 4103/4908/3897 3938/4915/3903
f 4507/4790/3816 3938/4915/3903 4122/4791/3817
f 4122/4791/3817 3938/4915/3903 4596/4793/3819
f 3938/4915/3903 3899/4917/3905 3900/4801/3822
f 3938/4915/3903 3900/4801/3822 4596/4793/3819
f 3900/4801/3822 3896/4918/3906 4460/4919/3907
f 3900/4801/3822 3904/4920/3908 3896/4918/3906
f 3900/4801/3822 3899/4917/3905 3904/4920/3908
f 3899/4917/3905 3752/4921/3909 3904/4920/3908
f 3897/4810/3828 3896/4918/3906 3736/4811/3829
f 3904/4920/3908 3736/4811/3829 3896/4918/3906
f 3736/4811/3829 3828/4922/3910 4055/4812/3830
f 4055/4812/3830 3828/4922/3910 3858/4828/3840
f 4236/4823/3837 4055/4812/3830 3858/4828/3840
f 3858/4828/3840 3828/4922/3910 4235/4923/3911
f 4388/4824/3838 4236/4823/3837 3858/4828/3840
f 4235/4923/3911 3684/4924/3912 3858/4828/3840
f 4386/4925/3913 3684/4926/3912 3818/4927/3845
f 3818/4835/3845 3684/4928/3912 4312/4837/3847
f 3684/4928/3912 4265/4929/1175 4312/4837/3847
f 4396/4847/3853 4312/4837/3847 4418/4852/3856
f 4418/4852/3856 4312/4837/3847 4417/4861/3858
f 4417/4861/3858 4312/4837/3847 4416/4864/3861
f 4416/4864/3861 4357/4930/3914 4337/4870/3865
f 4337/4870/3865 4357/4930/3914 3926/4875/3868
f 3926/4875/3868 4357/4931/3914 3887/4932/3872
f 3926/4875/3868 3887/4932/3872 3966/4876/3869
f 3887/4932/3872 4357/4931/3914 4401/4933/3915
f 3887/4932/3872 4401/4933/3915 3927/4763/3789
f 3927/4763/3789 4401/4933/3915 4382/4934/3916
f 3927/4763/3789 4382/4935/3916 4017/4893/3884
f 4017/4893/3884 4382/4935/3916 4016/4936/3917
f 4017/4893/3884 4106/4937/3918 4105/4903/3892
f 4017/4893/3884 4600/4938/3919 4106/4937/3918
f 4601/4939/3920 4016/4940/3917 4600/4941/3919
f 4016/4940/3917 4146/4942/3921 4600/4941/3919
f 4016/4940/3917 4154/4943/3922 4146/4942/3921
f 4106/4937/3918 4112/4944/3923 4113/4905/3894
f 4106/4937/3918 4600/4938/3919 4112/4944/3923
f 4600/4938/3919 4146/4945/3921 4112/4944/3923
f 4113/4905/3894 4112/4944/3923 4081/4946/3924
f 4114/4906/3895 4106/4937/3918 4113/4905/3894
f 4140/4947/3925 4073/4948/3926 4139/4949/3927
f 4139/4949/3927 4073/4948/3926 4549/4950/3902
f 4073/4948/3926 4548/4951/3928 4549/4950/3902
f 3938/4915/3903 3751/4952/3929 3899/4917/3905
f 3899/4953/3905 3751/4954/3929 4461/4955/3930
f 3751/4956/3929 3753/4957/3908 3752/4958/3931
f 4462/4959/3932 3753/4960/3908 3904/4961/3908
f 3904/4920/3908 3753/4957/3908 3736/4811/3829
f 3736/4811/3829 4023/4962/3849 3828/4922/3910
f 4023/4962/3849 3736/4811/3829 3734/4963/1187
f 4023/4962/3849 3815/4964/3929 3828/4922/3910
f 4230/4965/3905 4232/4966/3933 3828/4967/3910
f 4230/4965/3905 4231/4968/3934 4232/4966/3933
f 4232/4969/3933 4235/4923/3911 3828/4922/3910
f 4232/4966/3933 4231/4968/3934 4233/4970/3935
f 4233/4970/3935 4231/4968/3934 3699/4971/3911
f 4235/4923/3911 3699/4972/3911 3684/4928/3912
f 4265/4929/1175 4272/4973/1187 4312/4837/3847
f 4416/4864/3861 4312/4837/3847 4329/4974/1175
f 4329/4974/1175 4312/4837/3847 4313/4975/3849
f 4416/4864/3861 4329/4974/1175 3795/4976/1176
f 4313/4977/3849 4328/4978/3933 4329/4979/1175
f 4329/4974/1175 3940/4980/3822 3795/4976/1176
f 3940/4980/1187 3810/4981/1187 4331/4982/3849
f 4416/4983/3861 3795/4984/1176 3807/4985/1175
f 4330/4986/3822 4331/4987/3849 3795/4988/1176
f 3795/4976/1176 3808/4989/3849 3807/4990/1175
f 4416/4864/3861 3807/4990/1175 4357/4930/3914
f 4357/4930/3914 3807/4990/1175 3925/4991/3936
f 3807/4990/1175 3740/4992/1187 3925/4991/3936
f 3807/4990/1175 4406/4993/1187 3740/4992/1187
f 3925/4991/3936 3740/4992/1187 4403/4994/3849
f 4403/4994/3849 3740/4992/1187 4404/4995/1187
f 4357/4996/3914 3925/4997/3936 4358/4998/3937
f 3888/4999/3931 4403/4994/3849 4357/4931/3914
f 4403/4994/3849 4371/5000/3822 4357/4931/3914
f 4357/4931/3914 4371/5000/3822 4401/4933/3915
f 4401/4933/3915 4372/5001/3938 3916/5002/3939
f 4401/5003/3915 4381/5004/3940 4382/5005/3916
f 4372/5006/3938 3853/5007/3941 4400/5008/3942
f 3916/5009/3943 3853/5010/3941 4397/5011/3944
f 4382/4935/3916 3916/5009/3943 4397/5011/3944
f 4382/4935/3916 4397/5011/3944 3917/5012/3945
f 4382/4935/3916 3917/5012/3945 4016/4936/3917
f 4016/4936/3917 3917/5012/3945 4154/5013/3922
f 3917/5012/3945 4148/5014/3946 4154/5013/3922
f 3917/5012/3945 4397/5011/3944 4014/5015/3947
f 3917/5012/3945 4149/5016/3948 4148/5014/3946
f 3917/5012/3945 4014/5015/3947 4149/5016/3948
f 4014/5017/3947 4054/5018/3949 4149/5019/3948
f 4148/5020/3946 4082/5021/3950 4154/5022/3922
f 4146/4945/3921 4082/5023/3950 4052/5024/3951
f 4146/4945/3921 4154/5013/3922 4082/5023/3950
f 4148/5020/3946 4149/5019/3948 4082/5021/3950
f 4149/5019/3948 4054/5018/3949 4082/5021/3950
f 4073/4948/3926 4074/5025/3952 4548/4951/3928
f 4550/5026/3953 3872/5027/3954 4548/5028/3928
f 4548/4951/3928 3872/5029/3954 4549/4950/3902
f 3938/4915/3903 4549/4950/3902 4551/5030/1197
f 4549/4950/3902 3872/5029/3954 4551/5030/1197
f 4551/5030/1197 3871/5031/3955 3938/4915/3903
f 3938/4915/3903 3871/5031/3955 3751/4952/3929
f 3871/5031/3955 3750/5032/1187 3751/4952/3929
f 3751/4956/3929 3750/5032/1187 3753/4957/3908
f 3736/4811/3829 3753/4957/3908 3734/4963/1187
f 3753/4957/3908 3745/5033/1176 3735/5034/1180
f 3734/4963/1187 3753/4957/3908 3735/5034/1180
f 3734/4963/1187 3735/5034/1180 4234/5035/1180
f 4227/5036/1180 4228/5037/3911 4023/5038/3849
f 4023/4962/3849 4228/5039/3911 3815/5040/3929
f 4227/5036/1180 4229/5041/3956 4228/5037/3911
f 4228/5039/3911 4231/5042/3934 3815/5040/3929
f 4231/5042/3934 4228/5039/3911 3699/4972/3911
f 4228/5039/3911 4234/5035/1180 3699/4972/3911
f 3699/4972/3911 4234/5035/1180 3690/5043/3905
f 3699/4972/3911 3690/5043/3905 3684/4928/3912
f 4265/4929/1175 3684/4928/3912 3707/5044/1197
f 4265/4929/1175 3707/5044/1197 3730/5045/3957
f 4263/5046/3958 3708/5047/1175 3693/5048/3959
f 3693/5049/3959 3708/5050/1175 3714/5051/1180
f 4265/4929/1175 3693/5049/3959 3714/5051/1180
f 4265/4929/1175 3714/5051/1180 3694/5052/1175
f 4265/4929/1175 3694/5052/1175 4272/4973/1187
f 4272/4973/1187 4313/4975/3849 4312/4837/3847
f 4313/4975/3849 4272/4973/1187 3705/5053/1187
f 4313/5054/3960 3809/5055/3908 3810/4981/1187
f 3810/4981/1187 3809/5055/3908 4331/4982/3849
f 3795/4988/1176 4331/4987/3849 3808/5056/3849
f 4331/4982/3849 3983/5057/3961 3808/5058/3849
f 4331/4982/3849 3809/5055/3908 3983/5057/3961
f 3809/5055/3908 3705/5053/1187 3983/5057/3961
f 4332/5059/3849 3808/5060/3849 3983/5061/3961
f 3807/4990/1175 3983/5057/3961 3867/5062/1180
f 3807/4990/1175 3867/5062/1180 4406/4993/1187
f 3740/5063/1187 4406/5064/1187 4405/5065/3962
f 4406/4993/1187 3867/5062/1180 4356/5066/1180
f 4406/4993/1187 4356/5066/1180 4404/5067/1187
f 4404/5067/1187 4356/5066/1180 4403/4994/3849
f 4403/4994/3849 4356/5066/1180 3892/5068/3963
f 4403/4994/3849 3892/5068/3963 4371/5000/3822
f 4356/5066/1180 3890/5069/3911 3892/5068/3963
f 3890/5069/3911 4356/5066/1180 3891/5070/3911
f 3890/5071/3911 4359/5072/1187 3892/5073/3963
f 3892/5073/3963 4359/5072/1187 4360/5074/1197
f 4371/5000/3822 4372/5001/3938 4401/4933/3915
f 4371/5075/3822 3893/5076/3964 4372/5077/3938
f 4397/5011/3944 3853/5010/3941 3889/5078/3965
f 3853/5010/3941 3852/5079/3966 3889/5078/3965
f 4397/5011/3944 4084/5080/3967 4104/5081/3968
f 4397/5011/3944 4104/5081/3968 4014/5015/3947
f 4014/5082/3947 4104/5083/3968 4398/5084/3969
f 4014/5085/3947 4084/5080/3967 4054/5086/3949
f 4104/5083/3968 4399/5087/3970 4398/5084/3969
f 4084/5080/3967 4053/5088/3971 4054/5086/3949
f 4397/5011/3944 3889/5078/3965 4080/5089/3972
f 4397/5011/3944 4080/5089/3972 4084/5080/3967
f 4084/5080/3967 4080/5089/3972 4053/5088/3971
f 4080/5090/3972 3889/5091/3965 4053/5092/3971
f 4054/5086/3949 4053/5088/3971 4082/5023/3950
f 4082/5023/3950 3998/5093/3973 4052/5024/3951
f 3998/5093/3973 3999/5094/3974 4052/5024/3951
f 4136/5095/3975 4018/5096/3976 4074/5097/3977
f 4074/5097/3977 4018/5096/3976 3872/5029/3954
f 3872/5029/3954 4018/5096/3976 4552/5098/3978
f 3750/5032/1187 3871/5031/3955 4486/5099/3905
f 3753/4957/3908 3750/5032/1187 4467/5100/1180
f 3745/5033/1176 3753/4957/3908 4452/5101/1180
f 3735/5034/1180 4452/5101/1180 4234/5035/1180
f 3690/5043/3905 3673/5102/3905 3684/4928/3912
f 3684/5103/3912 3695/5104/3979 3707/5105/1197
f 3707/5106/1197 4255/5107/3980 3708/5050/1175
f 3708/5050/1175 4271/5108/1180 3714/5051/1180
f 4271/5108/1180 3708/5050/1175 4255/5109/3980
f 4272/5110/1187 4270/5111/3933 4271/5112/1180
f 3705/5053/1187 3729/5113/1180 4336/5114/3981
f 3983/5057/3961 3705/5053/1187 4333/5115/1180
f 3705/5053/1187 4336/5114/3981 4333/5115/1180
f 3983/5057/3961 4333/5115/1180 3867/5062/1180
f 4336/5116/3981 4334/5117/1175 4333/5118/1180
f 4333/5118/1180 4334/5117/1175 4335/5119/3982
f 4356/5066/1180 3867/5062/1180 4338/5120/1180
f 4356/5066/1180 4338/5120/1180 3886/5121/3911
f 3886/5121/3911 4338/5120/1180 3741/5122/1175
f 4356/5123/1180 3886/5124/3911 3891/5125/3911
f 3886/5126/3911 3741/5127/1175 4363/5128/3982
f 3891/5125/3911 3886/5124/3911 4362/5129/3911
f 3891/5070/3911 3885/5130/3962 3890/5069/3911
f 3886/5121/3911 4363/5131/3982 3885/5132/1175
f 3885/5132/1175 4363/5131/3982 3767/5133/1180
f 4360/5074/1197 4359/5072/1187 4361/5134/3849
f 3885/5132/1175 3767/5133/1180 3894/5135/1180
f 3893/5136/3964 4371/5000/3822 3894/5135/1180
f 3894/5135/1180 3767/5133/1180 3893/5136/3964
f 3767/5133/1180 3713/5137/3849 3893/5138/3964
f 3853/5010/3941 4372/5001/3938 3893/5136/3964
f 3893/5139/3964 4373/5140/3983 4374/5141/3984
f 3893/5139/3964 4374/5141/3984 3853/5142/3941
f 3853/5010/3941 4374/5143/3984 3852/5079/3966
f 3889/5078/3965 3852/5079/3966 4078/5144/3985
f 3852/5079/3966 4374/5143/3984 3854/5145/3986
f 3852/5146/3966 3855/5147/3987 4078/5148/3985
f 3889/5091/3965 4587/5149/3988 4053/5092/3971
f 3855/5150/3987 3852/5079/3966 3854/5145/3986
f 3855/5150/3987 3998/5093/3973 4053/5088/3971
f 4053/5088/3971 3998/5093/3973 4082/5023/3950
f 4018/5151/3989 4544/5152/3990 4059/5153/3991
f 4546/5154/3992 4059/5155/3991 4552/5156/3978
f 4059/5153/3991 4544/5152/3990 4552/5098/3978
f 3872/5157/3954 4552/5158/3978 4551/5159/1197
f 4486/5099/3905 4485/5160/1180 3750/5032/1187
f 4485/5160/1180 3717/5161/1180 3750/5032/1187
f 3750/5032/1187 3717/5161/1180 4467/5100/1180
f 4467/5100/1180 3816/5162/1180 3753/4957/3908
f 3753/4957/3908 3816/5162/1180 4463/5163/1180
f 4452/5101/1180 3753/4957/3908 4453/5164/1180
f 4234/5035/1180 4452/5101/1180 3626/5165/1180
f 4234/5035/1180 3626/5165/1180 3690/5043/3905
f 4237/5166/3981 3626/5167/1180 4238/5168/3905
f 3626/5167/1180 3628/5169/3981 4238/5168/3905
f 3673/5102/3905 3674/5170/1187 3684/4928/3912
f 3673/5102/3905 3628/5171/3981 3674/5170/1187
f 4426/5172/1187 3684/4928/3912 3674/5170/1187
f 3684/4928/3912 4426/5172/1187 3695/5173/3979
f 3707/5106/1197 3695/5174/3979 4255/5107/3980
f 4426/5172/1187 4264/5175/1180 4255/5109/3980
f 4272/4973/1187 4271/5108/1180 4273/5176/1180
f 3705/5053/1187 4272/4973/1187 3729/5113/1180
f 4272/4973/1187 4314/5177/1180 3729/5113/1180
f 3729/5113/1180 3702/5178/1180 3867/5062/1180
f 3867/5179/1180 3702/5180/1180 4338/5181/1180
f 4338/5120/1180 3702/5178/1180 3747/5182/1187
f 4338/5120/1180 4339/5183/1187 3741/5122/1175
f 4339/5184/1187 3767/5185/1180 4364/5186/1180
f 3854/5145/3986 4038/5187/3993 3881/5188/3994
f 4375/5189/3995 3854/5190/3986 3856/5191/3996
f 4375/5189/3995 3856/5191/3996 4376/5192/3997
f 3855/5150/3987 3881/5188/3994 3998/5093/3973
f 3854/5145/3986 3881/5188/3994 3855/5150/3987
f 3598/5193/3998 3596/5194/3999 3597/5195/4000
f 4141/5196/4001 4137/5197/4002 4018/5151/3989
f 4137/5197/4002 3976/5198/4003 4018/5151/3989
f 4018/5151/3989 3976/5198/4003 4544/5152/3990
f 4552/5098/3978 3975/5199/3982 4551/5030/1197
f 4552/5098/3978 3984/5200/1198 3975/5199/3982
f 4551/5030/1197 3975/5199/3982 4502/5201/4004
f 3871/5202/3955 4551/5203/1197 4506/5204/3964
f 4504/5205/3938 4503/5206/3938 4502/5207/4005
f 4504/5205/3938 4505/5208/3911 4503/5206/3938
f 4502/5209/4006 3883/5210/1197 3871/5031/3955
f 4502/5209/4006 3820/5211/4005 3883/5210/1197
f 3883/5212/3938 4500/5213/3938 3786/5214/3938
f 3786/5214/3938 4501/5215/3938 3883/5212/3938
f 4486/5099/3905 3871/5031/3955 3882/5216/3905
f 3871/5031/3955 3883/5210/1197 3882/5216/3905
f 4486/5217/3905 3882/5218/3905 4495/5219/3981
f 4486/5099/3905 3884/5220/3933 4485/5160/1180
f 3883/5221/1197 4496/5222/4007 3882/5223/3905
f 3882/5216/3905 3717/5161/1180 4485/5160/1180
f 4466/5224/1187 3717/5225/1180 3816/5226/1187
f 3816/5226/1187 3717/5225/1180 4465/5227/3911
f 4465/5227/3911 3717/5225/1180 4464/5228/1180
f 3753/4957/3908 4463/5163/1180 4459/5229/1180
f 3753/4957/3908 4459/5229/1180 4453/5164/1180
f 4463/5163/1180 3749/5230/1187 4459/5229/1180
f 4459/5231/1180 4454/5232/1180 4455/5233/1175
f 4452/5101/1180 4453/5164/1180 4454/5234/1180
f 4452/5101/1180 4454/5234/1180 3626/5165/1180
f 3626/5165/1180 4454/5234/1180 4212/5235/1180
f 3628/5171/3981 3626/5165/1180 3627/5236/1180
f 3626/5165/1180 4239/5237/4008 3627/5236/1180
f 3627/5236/1180 3651/5238/3981 3628/5171/3981
f 3628/5171/3981 3651/5238/3981 3674/5170/1187
f 4426/5172/1187 3674/5170/1187 3641/5239/3982
f 4426/5172/1187 3641/5239/3982 4264/5175/1180
f 4267/5240/1175 3644/5241/1180 3680/5242/1180
f 4255/5109/3980 4264/5243/1180 4271/5108/1180
f 4264/5243/1180 3680/5244/1180 4271/5108/1180
f 4273/5176/1180 4311/5245/3982 3706/5246/1180
f 4272/4973/1187 4273/5176/1180 4314/5177/1180
f 4273/5176/1180 3706/5246/1180 4314/5177/1180
f 4314/5247/1180 4317/5248/1180 3729/5113/1180
f 4314/5247/1180 4315/5249/4009 4317/5248/1180
f 3729/5113/1180 4317/5248/1180 3702/5178/1180
f 3702/5178/1180 4317/5248/1180 3712/5250/1187
f 4317/5248/1180 4318/5251/1180 3712/5250/1187
f 4414/5252/4010 4415/5253/4010 3747/5254/4010
f 3747/5255/1187 4341/5256/1180 4338/5257/1180
f 3747/5182/1187 3712/5250/1187 4341/5258/1180
f 4338/5257/1180 4341/5256/1180 4342/5259/1175
f 4341/5258/1180 3712/5250/1187 4340/5260/1175
f 4338/5120/1180 4340/5260/1175 4339/5183/1187
f 4339/5183/1187 3713/5137/3849 3767/5133/1180
f 3713/5137/3849 3856/5261/3996 4374/5143/3984
f 4374/5143/3984 3856/5261/3996 3854/5262/3986
f 4376/5192/3997 3856/5191/3996 4377/5263/4011
f 3840/5264/4012 3839/5265/4013 3876/5266/4014
f 3597/5195/4000 3596/5194/3999 3594/5267/4015
f 4185/5268/4016 4184/5269/4017 3999/5270/4018
f 3999/5270/4018 4184/5269/4017 4173/5271/4019
f 4137/5272/4020 3787/5273/4021 4544/5152/3990
f 4544/5152/3990 3984/5200/1198 4552/5098/3978
f 4544/5152/3990 3787/5273/4021 3984/5200/1198
f 3984/5200/1198 3787/5273/4021 4509/5274/4022
f 3820/5275/4023 3984/5200/1198 3786/5276/4024
f 3984/5200/1198 4567/5277/1180 3786/5276/4024
f 4567/5277/1180 3984/5200/1198 4509/5274/4022
f 3786/5276/4024 4567/5277/1180 4496/5278/4007
f 4496/5278/4007 4567/5277/1180 4568/5279/1197
f 4496/5278/4007 4568/5279/1197 3882/5216/3905
f 4568/5279/1197 3826/5280/1175 3882/5216/3905
f 3717/5161/1180 3716/5281/1180 4464/5282/1180
f 4464/5282/1180 4457/5283/1187 4463/5163/1180
f 4464/5282/1180 3716/5281/1180 4457/5283/1187
f 4463/5163/1180 4457/5283/1187 3749/5230/1187
f 4457/5284/1187 4458/5285/3849 3749/5286/1187
f 3624/5287/3981 3715/5288/3905 3623/5289/3905
f 4459/5290/1180 3749/5286/1187 4454/5291/1180
f 3749/5292/1187 3624/5287/3981 4454/5234/1180
f 4454/5234/1180 3624/5287/3981 3623/5289/3905
f 3623/5293/3905 4456/5294/1180 3622/5295/1187
f 3623/5289/3905 3622/5296/1187 4454/5234/1180
f 4454/5234/1180 4213/5297/1175 4212/5235/1180
f 4212/5298/1180 4213/5299/1175 4214/5300/4025
f 4212/5235/1180 3683/5301/3956 3669/5302/1180
f 4213/5297/1175 3629/5303/1180 3682/5304/4007
f 3626/5165/1180 4212/5235/1180 3645/5305/1187
f 4212/5306/1180 3669/5307/1180 3645/5308/1187
f 3626/5165/1180 3645/5305/1187 4239/5237/4008
f 3683/5301/3956 3682/5304/4007 3669/5302/1180
f 4239/5309/4008 4240/5310/3849 4241/5311/3849
f 4239/5309/4008 3645/5312/1187 4240/5310/3849
f 3669/5313/1180 4433/5314/1180 3627/5236/1180
f 3627/5236/1180 4433/5314/1180 3651/5238/3981
f 3651/5315/3981 4430/5316/1197 3674/5317/1187
f 4433/5314/1180 3650/5318/1175 3641/5239/3982
f 3650/5319/1175 3636/5320/3982 4254/5321/4009
f 3674/5322/1187 4433/5323/1180 3641/5324/3982
f 3641/5239/3982 3636/5325/3982 4264/5175/1180
f 4264/5175/1180 3636/5325/3982 3644/5326/1180
f 3644/5326/1180 3636/5325/3982 4259/5327/1187
f 3644/5241/1180 4266/5328/1180 3680/5242/1180
f 3644/5326/1180 4259/5327/1187 4266/5329/1180
f 4266/5329/1180 4259/5327/1187 3664/5330/4009
f 4266/5331/1180 3649/5332/1175 3680/5244/1180
f 4268/5333/1176 3664/5334/4009 3649/5335/1175
f 3680/5244/1180 3649/5332/1175 4271/5108/1180
f 4259/5336/1187 4261/5337/1180 3664/5338/4009
f 3649/5339/1175 4273/5340/1180 4271/5341/1180
f 3649/5332/1175 4296/5342/1180 4273/5176/1180
f 4273/5176/1180 4296/5342/1180 3692/5343/4026
f 4294/5344/4027 4295/5345/4027 4311/5346/4027
f 3706/5347/1180 4311/5245/3982 3704/5348/1175
f 4311/5245/3982 4296/5342/1180 3704/5348/1175
f 3704/5349/1175 4316/5350/1180 4315/5351/4009
f 4317/5248/1180 4315/5249/4009 3703/5352/3911
f 4315/5351/4009 4316/5350/1180 3703/5353/3911
f 4318/5251/1180 4316/5354/1180 3713/5137/3849
f 4318/5251/1180 3713/5137/3849 3712/5250/1187
f 3712/5250/1187 3713/5137/3849 4340/5260/1175
f 4340/5260/1175 3713/5137/3849 4339/5183/1187
f 3713/5137/3849 3797/5355/4028 3856/5261/3996
f 3840/5264/4012 3997/5356/4029 3839/5265/4013
f 3839/5265/4013 3997/5356/4029 3844/5357/4030
f 3840/5264/4012 3841/5358/4031 3997/5356/4029
f 3596/5194/3999 3591/5359/4032 3594/5267/4015
f 4137/5272/4020 4138/5360/4033 3787/5273/4021
f 3787/5273/4021 3788/5361/4034 4509/5274/4022
f 4499/5362/1197 4509/5274/4022 4568/5279/1197
f 4509/5274/4022 4499/5363/1197 4567/5277/1180
f 4498/5364/4025 4499/5365/1197 4568/5366/1197
f 3882/5216/3905 3826/5280/1175 3717/5161/1180
f 3826/5280/1175 3716/5281/1180 3717/5161/1180
f 4457/5283/1187 3716/5281/1180 3715/5288/1180
f 3715/5288/1180 3716/5281/1180 4451/5367/1180
f 3716/5281/1180 3739/5368/1180 4451/5367/1180
f 4451/5367/1180 3739/5368/1180 3622/5296/1187
f 3622/5296/1187 3739/5368/1180 4454/5234/1180
f 4213/5297/1175 4454/5234/1180 3629/5303/1180
f 3682/5304/4007 3629/5369/1180 3669/5313/1180
f 3669/5370/1180 3629/5371/1180 4433/5372/1180
f 4433/5314/1180 3629/5369/1180 4243/5373/1175
f 4433/5374/1180 3648/5375/1180 3650/5376/1175
f 4433/5314/1180 4243/5373/1175 3648/5377/1180
f 3650/5376/1175 3648/5375/1180 3636/5378/3982
f 3636/5325/3982 3633/5379/3938 4256/5380/1180
f 3636/5325/3982 4256/5380/1180 4259/5327/1187
f 4260/5381/4035 4261/5337/1180 4259/5336/1187
f 3654/5382/4036 4256/5380/1180 4261/5383/1180
f 3664/5330/4009 4261/5383/1180 3649/5332/1175
f 3704/5348/1175 4296/5342/1180 4316/5354/1180
f 3700/5384/1180 4319/5385/1180 4296/5342/1180
f 4316/5354/1180 4296/5342/1180 4319/5385/1180
f 4319/5386/1180 4320/5387/1180 3701/5388/3982
f 4319/5385/1180 3713/5137/3849 4316/5354/1180
f 4319/5385/1180 3701/5389/3982 3713/5137/3849
f 3701/5390/3982 3700/5391/1180 3713/5392/3849
f 3856/5261/3996 3797/5355/4028 3840/5264/4012
f 3797/5355/4028 3843/5393/4037 3840/5264/4012
f 3840/5264/4012 3842/5394/4038 3841/5358/4031
f 3840/5264/4012 3843/5393/4037 3842/5394/4038
f 3591/5359/4032 3592/5395/4039 3594/5267/4015
f 4138/5360/4033 4545/5396/4040 3787/5273/4021
f 4545/5396/4040 3978/5397/4041 3787/5273/4021
f 3787/5273/4021 3980/5398/4042 3788/5361/4034
f 3787/5273/4021 3978/5397/4041 3980/5398/4042
f 4543/5399/4043 3980/5400/4042 3979/5401/4044
f 3788/5402/4045 3979/5403/4044 4553/5404/4046
f 3979/5403/4044 4568/5279/1197 4553/5404/4046
f 4509/5274/4022 4553/5404/4046 4568/5279/1197
f 3716/5281/1180 3621/5405/4047 3739/5368/1180
f 3739/5368/1180 3671/5406/4048 4454/5234/1180
f 3629/5369/1180 4454/5234/1180 4438/5407/1180
f 4438/5407/1180 4454/5234/1180 3640/5408/1187
f 4454/5234/1180 3671/5406/4048 3640/5408/1187
f 3671/5406/4048 4211/5409/3905 3640/5408/1187
f 3629/5410/1180 3640/5411/1187 4243/5412/1175
f 4243/5373/1175 3640/5408/1187 4211/5409/3905
f 4243/5373/1175 4211/5409/3905 3630/5413/1180
f 3635/5414/4009 3630/5413/1180 3648/5377/1180
f 4242/5415/3910 4243/5416/1175 3630/5417/1180
f 3648/5377/1180 3630/5413/1180 3636/5325/3982
f 3636/5325/3982 3630/5413/1180 3633/5379/3938
f 4261/5383/1180 4256/5380/1180 3666/5418/4027
f 4256/5380/1180 3633/5379/3938 3666/5418/4027
f 3649/5332/1175 4261/5383/1180 4296/5342/1180
f 4261/5383/1180 4425/5419/3905 4296/5342/1180
f 4296/5342/1180 4425/5419/3905 4280/5420/1180
f 3700/5384/1180 3723/5421/1180 3713/5137/3849
f 3713/5137/3849 3791/5422/1180 3797/5355/4028
f 3843/5423/4037 3797/5424/4028 4379/5425/4049
f 3843/5423/4037 4379/5425/4049 4380/5426/4050
f 3799/5427/4051 3797/5355/4028 3915/5428/4052
f 3591/5359/4032 3593/5429/4053 3592/5395/4039
f 4184/5269/4017 4183/5430/4054 4173/5271/4019
f 3980/5398/4042 3978/5431/4041 3979/5403/4044
f 3979/5403/4044 3978/5431/4041 4568/5279/1197
f 3978/5431/4041 3846/5432/1187 4568/5279/1197
f 4568/5279/1197 3848/5433/1180 3826/5434/1175
f 3826/5280/1175 3709/5435/1188 3716/5281/1180
f 3716/5436/1180 4484/5437/1180 4483/5438/3911
f 4574/5439/4055 3621/5440/4055 4575/5441/4056
f 3739/5368/1180 3728/5442/4057 3671/5406/4048
f 3728/5442/4057 3672/5443/4058 3671/5406/4048
f 3671/5406/4048 3672/5443/4058 3656/5444/4059
f 3672/5443/4058 3782/5445/4060 3656/5444/4059
f 3671/5446/4048 3656/5444/4059 4437/5447/4047
f 3671/5448/4048 4210/5449/3963 4211/5450/3905
f 3642/5451/3981 4437/5447/4047 3643/5452/4061
f 4437/5453/4047 4436/5454/4062 3643/5455/4061
f 3642/5451/3981 3643/5452/4061 4224/5456/3905
f 3642/5451/3981 4224/5456/3905 4211/5409/3905
f 4211/5409/3905 4224/5456/3905 3630/5413/1180
f 3630/5413/1180 3631/5457/1187 3633/5379/3938
f 3666/5418/4027 3696/5458/1180 4261/5383/1180
f 4261/5383/1180 3696/5458/1180 4425/5419/3905
f 4296/5342/1180 4280/5420/1180 3700/5384/1180
f 3700/5459/1180 4280/5460/1180 4310/5461/3911
f 3700/5384/1180 4310/5462/3911 3723/5421/1180
f 3723/5421/1180 3845/5463/3905 3713/5137/3849
f 3713/5137/3849 3845/5463/3905 4347/5464/1180
f 3713/5137/3849 4347/5464/1180 3791/5422/1180
f 3915/5428/4052 3964/5465/4063 3799/5427/4051
f 3799/5427/4051 3964/5465/4063 3842/5466/4064
f 4545/5467/4040 3986/5468/4065 3978/5397/4041
f 4547/5469/4066 4033/5470/4067 3978/5471/4041
f 3978/5431/4041 4538/5472/4068 4541/5473/4069
f 3978/5431/4041 4541/5473/4069 3981/5474/3933
f 3978/5431/4041 3981/5474/3933 3846/5432/1187
f 3846/5475/1187 3981/5476/3933 4542/5477/1187
f 4568/5279/1197 3846/5432/1187 3848/5433/1180
f 3846/5432/1187 3737/5478/3981 3848/5433/1180
f 3848/5479/1180 3737/5480/3981 4497/5481/1180
f 4497/5482/1180 3737/5483/3981 3709/5435/1188
f 3709/5435/1188 3737/5483/3981 3716/5281/1180
f 3737/5483/3981 3710/5484/1180 3716/5281/1180
f 3716/5281/1180 3710/5485/1180 4482/5486/1180
f 4482/5486/1180 3710/5485/1180 4483/5487/3911
f 3613/5488/4070 3728/5442/4057 3621/5405/4047
f 3728/5489/4057 3613/5490/4070 3792/5491/4071
f 3613/5488/4070 3619/5492/4072 3792/5493/4071
f 3728/5442/4057 3792/5493/4071 3672/5443/4058
f 3792/5493/4071 3794/5494/4073 3672/5443/4058
f 3792/5493/4071 3619/5492/4072 3616/5495/4074
f 3619/5492/4072 3617/5496/4075 3616/5495/4074
f 3794/5494/4073 3616/5497/4076 3672/5443/4058
f 3656/5444/4059 3639/5498/3984 4436/5499/4062
f 3656/5444/4059 4436/5499/4062 4437/5447/4047
f 3656/5444/4059 4066/5500/4077 3639/5498/3984
f 4436/5499/4062 3639/5498/3984 3655/5501/4078
f 4436/5454/4062 4435/5502/4007 3643/5455/4061
f 3643/5452/4061 3655/5503/4007 4224/5456/3905
f 4224/5456/3905 3632/5504/3905 3630/5413/1180
f 4224/5456/3905 3637/5505/4079 3632/5504/3905
f 3630/5413/1180 3632/5504/3905 3631/5457/1187
f 3632/5506/3905 4253/5507/3905 3631/5508/1187
f 3666/5418/4027 4269/5509/3933 3696/5458/1180
f 4425/5510/3905 3696/5511/1180 4279/5512/1175
f 4280/5420/1180 3697/5513/1180 4297/5514/1180
f 4280/5420/1180 4297/5514/1180 4300/5515/3911
f 4280/5420/1180 3771/5516/1187 4310/5462/3911
f 4280/5420/1180 4300/5515/3911 4324/5517/3911
f 3771/5516/1187 4280/5420/1180 4324/5517/3911
f 4310/5518/3911 4321/5519/4080 3770/5520/3933
f 3770/5520/3933 4322/5521/1180 4310/5518/3911
f 4310/5462/3911 4322/5522/1180 3723/5421/1180
f 3723/5523/1180 4322/5524/1180 4413/5525/1180
f 3723/5421/1180 4345/5526/3905 3845/5463/3905
f 3723/5421/1180 4343/5527/3982 4345/5526/3905
f 4344/5528/3822 4345/5529/3964 4346/5530/3822
f 4347/5464/1180 4345/5526/3905 3791/5422/1180
f 3791/5422/1180 3915/5428/4052 3797/5355/4028
f 3791/5422/1180 3796/5531/4081 3915/5428/4052
f 3915/5428/4052 3863/5532/4082 3964/5465/4063
f 3915/5428/4052 3796/5531/4081 3863/5532/4082
f 3863/5532/4082 3864/5533/4083 3972/5534/4084
f 3593/5429/4053 3595/5535/4085 3592/5395/4039
f 4183/5430/4054 4172/5536/4086 4173/5271/4019
f 4547/5469/4066 3995/5537/4087 4033/5470/4067
f 3995/5538/4087 3914/5539/4088 4033/5540/4067
f 3914/5539/4088 3912/5541/4089 4033/5540/4067
f 3978/5431/4041 4033/5540/4067 4538/5472/4068
f 4541/5542/4069 4538/5543/4068 4540/5544/4090
f 3981/5474/1197 3911/5545/3914 3910/5546/1197
f 4538/5543/4068 4539/5547/3847 4540/5544/4090
f 3859/5548/1197 3910/5546/1197 4554/5549/3905
f 3910/5546/1197 3911/5545/3914 3906/5550/3981
f 4554/5549/3905 3910/5546/1197 3906/5550/3981
f 3859/5548/1197 4554/5549/3905 3846/5432/1187
f 3846/5432/1187 3849/5551/1187 3737/5478/3981
f 3846/5432/1187 4554/5549/3905 3849/5551/1187
f 3849/5552/1187 3748/5553/3849 4510/5554/3960
f 3737/5483/3981 3711/5555/3981 3710/5484/1180
f 3737/5483/3981 3748/5556/3849 3711/5555/3981
f 3711/5555/3981 3748/5556/3849 3738/5557/3905
f 3711/5558/3981 3738/5559/3905 4494/5560/3905
f 3625/5561/3905 3738/5557/3905 3710/5485/1180
f 3710/5485/1180 4471/5562/3962 4483/5487/3911
f 4483/5487/3911 4471/5562/3962 3613/5488/4070
f 4483/5487/3911 3613/5488/4070 3716/5281/1180
f 3716/5281/1180 3613/5488/4070 3621/5405/4047
f 3619/5563/4072 3613/5564/4070 3617/5565/4075
f 3613/5564/4070 3614/5566/4091 3617/5565/4075
f 3617/5496/4075 3614/5567/4091 3616/5495/4074
f 3613/5488/4070 3612/5568/4092 3614/5567/4091
f 3614/5567/4091 3615/5569/4093 3616/5495/4074
f 3614/5567/4091 3612/5568/4092 3615/5569/4093
f 3656/5444/4059 3793/5570/4094 4066/5500/4077
f 3656/5444/4059 3857/5571/4095 3793/5570/4094
f 3639/5498/3984 4066/5572/4077 3681/5573/4096
f 3681/5573/4096 3638/5574/1174 3639/5498/3984
f 3639/5498/3984 3638/5574/1174 3637/5505/4079
f 3637/5505/4079 4434/5575/4080 3632/5504/3905
f 3632/5504/3905 4434/5575/4080 4431/5576/1180
f 4434/5575/4080 4225/5577/1180 4431/5576/1180
f 3634/5578/3981 4431/5576/1180 3631/5457/1187
f 3631/5457/1187 4431/5576/1180 3633/5379/3938
f 4431/5576/1180 3661/5579/3982 3633/5379/3938
f 3633/5379/3938 3661/5579/3982 4269/5509/3933
f 4269/5509/3933 3661/5579/3982 3696/5458/1180
f 3696/5458/1180 4276/5580/1175 3697/5513/1180
f 4297/5514/1180 3698/5581/3911 4300/5515/3911
f 4324/5517/3911 4300/5515/3911 4308/5582/4022
f 4308/5583/4022 4300/5584/3911 4309/5585/3911
f 4324/5517/3911 4308/5582/4022 3920/5586/3911
f 4300/5515/3911 3698/5581/3911 3768/5587/1180
f 4300/5515/3911 3768/5587/1180 3769/5588/4097
f 4324/5589/3911 3920/5590/3911 4323/5591/3911
f 4324/5589/3911 4323/5591/3911 4325/5592/3933
f 3920/5586/3911 4300/5515/3911 3769/5588/4097
f 3920/5586/3911 3769/5588/4097 4323/5593/3911
f 3771/5594/1180 4323/5593/3911 3770/5595/3933
f 3770/5520/3933 4323/5596/3911 4322/5521/1180
f 4322/5597/1180 4323/5598/3911 3772/5599/1180
f 4343/5527/3982 3772/5600/1180 4345/5526/3905
f 4345/5526/3905 3789/5601/1180 3791/5422/1180
f 3796/5531/4081 3862/5602/4098 3863/5532/4082
f 3796/5603/4081 4378/5604/4099 3862/5605/4098
f 3796/5531/4081 3951/5606/4100 3950/5607/4101
f 3863/5532/4082 3862/5602/4098 3864/5533/4083
f 3864/5533/4083 3971/5608/4102 3972/5534/4084
f 3971/5608/4102 4111/5609/4103 4172/5536/4086
f 3862/5605/4098 4378/5604/4099 3864/5610/4083
f 3864/5610/4083 4378/5604/4099 4111/5611/4103
f 3864/5533/4083 4111/5609/4103 3971/5608/4102
f 3950/5607/4101 3951/5606/4100 3952/5612/4104
f 4111/5609/4103 3950/5607/4101 3952/5612/4104
f 3952/5612/4104 4618/5613/4105 4111/5609/4103
f 4111/5609/4103 4618/5613/4105 4172/5536/4086
f 3912/5541/4089 3913/5614/4106 4033/5540/4067
f 4033/5540/4067 3913/5614/4106 4538/5615/4068
f 3911/5545/3914 4538/5615/4068 3906/5550/3981
f 4554/5616/3905 3748/5617/3849 3849/5618/1187
f 3748/5556/3849 4554/5549/3905 3905/5619/1175
f 3748/5556/3849 4481/5620/1187 3738/5557/3905
f 3710/5485/1180 3738/5557/3905 4471/5562/3962
f 4471/5562/3962 3738/5557/3905 3732/5621/3849
f 4471/5562/3962 3611/5622/4107 3613/5488/4070
f 3613/5488/4070 3611/5622/4107 3612/5568/4092
f 3611/5622/4107 3620/5623/4108 3612/5568/4092
f 3612/5568/4092 3620/5623/4108 3746/5624/4109
f 4209/5625/4110 3766/5626/4111 4066/5627/4077
f 3857/5571/4095 3781/5628/4112 3793/5570/4094
f 3781/5629/4113 3765/5630/4114 3827/5631/4115
f 3827/5631/4115 3765/5630/4114 3793/5632/4116
f 3766/5633/4111 3764/5634/4117 4066/5572/4077
f 4066/5572/4077 3764/5634/4117 3681/5573/4096
f 3766/5633/4111 3793/5632/4116 3764/5634/4117
f 3764/5635/4117 4439/5636/4118 3681/5637/4096
f 4439/5638/4118 4440/5639/4119 4441/5640/4120
f 3681/5573/4096 4440/5641/4119 3638/5574/1174
f 3637/5505/4079 3638/5574/1174 4434/5575/4080
f 3638/5642/4121 4222/5643/4121 4223/5644/4121
f 3670/5645/4122 3638/5574/1174 3665/5646/4123
f 4434/5575/4080 3670/5645/4122 4225/5577/1180
f 3670/5645/4122 3665/5646/4123 4225/5647/1180
f 4225/5577/1180 4221/5648/3982 4431/5576/1180
f 4431/5576/1180 4221/5648/3982 3661/5579/3982
f 3661/5579/3982 3675/5649/1175 3660/5650/3982
f 3696/5458/1180 3661/5579/3982 4276/5580/1175
f 3661/5579/3982 3660/5650/3982 4276/5580/1175
f 4277/5651/3905 4278/5652/1180 4276/5653/1175
f 3697/5513/1180 4276/5580/1175 4297/5654/1180
f 4276/5655/1175 4278/5656/1180 4299/5657/1180
f 4297/5654/1180 4276/5580/1175 4299/5658/1180
f 3698/5659/3911 4298/5660/1180 4299/5661/1180
f 3698/5662/3911 4299/5663/1180 3773/5664/3933
f 3773/5664/3933 4299/5663/1180 4302/5665/1187
f 3698/5581/3911 3773/5666/3933 3768/5587/1180
f 3768/5587/1180 4301/5667/1180 3769/5588/4097
f 4302/5665/1187 3769/5588/4097 4301/5667/1180
f 4323/5593/3911 3769/5588/4097 3772/5600/1180
f 3769/5588/4097 4327/5668/3905 3772/5600/1180
f 3772/5600/1180 3789/5601/1180 4345/5526/3905
f 3772/5600/1180 4327/5668/3905 3789/5601/1180
f 3789/5669/1180 4410/5670/3962 3791/5671/1180
f 3821/5672/1187 3796/5531/4081 3791/5422/1180
f 3821/5672/1187 4349/5673/1187 3796/5531/4081
f 3796/5531/4081 3823/5674/4124 3951/5606/4100
f 3823/5674/4124 4402/5675/4125 3951/5606/4100
f 4617/5676/4126 4615/5677/4127 4616/5678/4128
f 4617/5676/4126 4616/5678/4128 4618/5679/4129
f 4615/5677/4127 4100/5680/4130 4616/5678/4128
f 3952/5612/4104 4045/5681/4131 4100/5682/4132
f 3951/5606/4100 4045/5681/4131 3952/5612/4104
f 4618/5613/4105 4063/5683/4133 4172/5536/4086
f 4172/5536/4086 4063/5683/4133 4173/5271/4019
f 4618/5613/4105 4174/5684/4134 4063/5683/4133
f 4100/5682/4132 4046/5685/4135 4063/5686/4136
f 3912/5541/4089 4560/5687/4137 3913/5614/4106
f 4538/5615/4068 4536/5688/3935 3908/5689/1197
f 3906/5550/3981 4538/5615/4068 3908/5689/1197
f 3906/5550/3981 3908/5689/1197 4556/5690/1180
f 4554/5691/3905 3906/5692/3981 4555/5693/1175
f 4556/5690/1180 3907/5694/1175 3905/5619/1175
f 3748/5556/3849 3905/5619/1175 4481/5620/1187
f 3905/5619/1175 3907/5694/1175 4481/5620/1187
f 4481/5620/1187 3732/5621/3849 3738/5557/3905
f 4481/5695/1187 3731/5696/1187 4480/5697/3981
f 3732/5698/3849 3731/5699/1187 3756/5700/3936
f 3732/5701/3849 3756/5702/3936 4471/5703/3962
f 4471/5704/3962 4469/5705/4062 4470/5706/3962
f 4471/5562/3962 4470/5707/3962 3611/5622/4107
f 3781/5629/4113 3687/5708/4138 3765/5630/4114
f 4443/5709/4139 4444/5710/4140 4442/5711/4141
f 3793/5632/4116 3765/5630/4114 3764/5634/4117
f 3765/5630/4114 3685/5712/4142 3764/5634/4117
f 3764/5634/4117 3685/5712/4142 4439/5713/4118
f 3685/5712/4142 4440/5641/4119 4439/5713/4118
f 4440/5641/4119 3685/5712/4142 4207/5714/4143
f 4440/5641/4119 4218/5715/1180 3638/5574/1174
f 3665/5646/4123 3638/5574/1174 4218/5715/1180
f 4220/5716/4144 4219/5717/4144 4221/5718/3982
f 4219/5719/4144 4218/5715/1180 4221/5648/3982
f 4218/5715/1180 3652/5720/4009 4221/5648/3982
f 4221/5648/3982 3652/5720/4009 4244/5721/4009
f 4221/5648/3982 4244/5721/4009 3661/5579/3982
f 3661/5579/3982 4244/5721/4009 3657/5722/4145
f 4244/5721/4009 3653/5723/1180 3657/5722/4145
f 4244/5721/4009 3646/5724/1187 3653/5723/1180
f 3653/5723/1180 3646/5724/1187 3662/5725/3849
f 4432/5726/1187 3653/5727/1180 3658/5728/3908
f 3653/5727/1180 3662/5729/3849 3658/5728/3908
f 3657/5730/4145 3659/5731/3982 3661/5579/3982
f 3657/5730/4145 3658/5732/3908 3659/5731/3982
f 3659/5731/3982 3658/5732/3908 3662/5725/3849
f 3659/5731/3982 3662/5725/3849 3663/5733/3905
f 3661/5734/3982 3659/5735/3982 4258/5736/3982
f 3659/5737/3982 3663/5738/3905 4427/5739/4144
f 3661/5579/3982 3676/5740/3914 3675/5649/1175
f 3676/5740/3914 3663/5733/3905 3675/5649/1175
f 3675/5649/1175 3663/5733/3905 3668/5741/3911
f 3668/5741/3911 3663/5733/3905 3667/5742/3981
f 3675/5649/1175 3668/5741/3911 4278/5743/1180
f 4299/5658/1180 4278/5743/1180 3720/5744/3911
f 4278/5743/1180 3668/5741/3911 3720/5744/3911
f 4299/5663/1180 3720/5744/3911 3724/5745/1180
f 4299/5663/1180 3724/5745/1180 4302/5665/1187
f 3769/5746/4097 4326/5747/4027 4327/5748/3905
f 3789/5601/1180 4327/5668/3905 3790/5749/1180
f 4410/5750/3981 3866/5751/1197 4349/5752/1187
f 3790/5753/3849 4349/5673/1187 3821/5672/1187
f 4349/5673/1187 3866/5754/1197 3796/5531/4081
f 3866/5754/1197 3822/5755/4146 3796/5531/4081
f 3796/5531/4081 3822/5755/4146 3823/5674/4124
f 4402/5675/4125 4045/5681/4131 3951/5606/4100
f 4402/5675/4125 4075/5756/4147 4045/5681/4131
f 4100/5682/4132 4045/5681/4131 4046/5685/4135
f 4045/5681/4131 4107/5757/4148 4046/5685/4135
f 4560/5758/4137 3565/5759/4149 3913/5614/4106
f 4561/5760/4150 4562/5761/4151 3913/5762/4106
f 3913/5762/4106 4562/5761/4151 3933/5763/4152
f 3913/5614/4106 3933/5764/4152 4534/5765/4153
f 3913/5614/4106 4536/5688/3935 4538/5615/4068
f 3913/5766/4106 4534/5767/4153 4536/5768/3935
f 4534/5767/4153 4535/5769/4154 4536/5768/3935
f 4534/5767/4153 4533/5770/4155 4535/5769/4154
f 4536/5768/3935 4535/5769/4154 4537/5771/4023
f 3879/5772/4047 3878/5773/3905 3908/5689/1197
f 3908/5689/1197 3878/5773/3905 3909/5774/3955
f 3878/5775/3905 3877/5776/1197 4558/5777/3938
f 4556/5690/1180 3908/5689/1197 4559/5778/3905
f 3908/5689/1197 3909/5774/3955 4559/5778/3905
f 4558/5777/3938 3877/5776/1197 4557/5779/3938
f 4556/5690/1180 4559/5778/3905 4514/5780/1180
f 4556/5690/1180 4514/5780/1180 3907/5694/1175
f 4518/5781/1175 4516/5782/3933 4517/5783/3933
f 4516/5782/3933 4515/5784/3933 4517/5783/3933
f 3907/5694/1175 4517/5785/3933 4481/5620/1187
f 4517/5785/3933 4515/5786/3933 4481/5620/1187
f 4481/5620/1187 4515/5786/3933 3731/5699/1187
f 3756/5700/3936 3731/5699/1187 4470/5707/3962
f 3611/5787/4107 3836/5788/4156 3618/5789/4157
f 3611/5787/4107 3834/5790/4158 3836/5788/4156
f 3687/5791/4159 3686/5792/4160 3685/5712/4142
f 4440/5641/4119 4207/5714/4143 4445/5793/4027
f 4440/5641/4119 4445/5793/4027 4218/5715/1180
f 4445/5793/4027 3688/5794/3981 4218/5715/1180
f 4244/5721/4009 3652/5720/4009 3689/5795/1175
f 4244/5721/4009 3647/5796/1187 3646/5724/1187
f 3689/5795/1175 3652/5720/4009 3679/5797/4009
f 3689/5795/1175 3679/5797/4009 3662/5725/3849
f 3662/5725/3849 3679/5797/4009 3678/5798/1197
f 3663/5733/3905 3662/5725/3849 3667/5742/3981
f 3662/5725/3849 3719/5799/3981 4282/5800/1175
f 3662/5725/3849 4282/5800/1175 3667/5742/3981
f 4274/5801/1174 4275/5802/1174 3668/5803/1174
f 3667/5742/3981 4282/5800/1175 3721/5804/4005
f 4281/5805/4161 4282/5806/1175 4283/5807/1180
f 3668/5741/3911 3721/5808/4009 4283/5809/1180
f 3668/5741/3911 4283/5809/1180 3720/5744/3911
f 4283/5809/1180 3722/5810/1187 3720/5744/3911
f 3720/5744/3911 4293/5811/1187 3724/5745/1180
f 4302/5665/1187 3724/5745/1180 3774/5812/4162
f 4302/5665/1187 3774/5812/4162 3769/5588/4097
f 3790/5749/1180 4327/5668/3905 3866/5754/1197
f 4327/5668/3905 4366/5813/4163 3866/5754/1197
f 3866/5754/1197 4366/5813/4163 3822/5755/4146
f 4365/5814/4164 4366/5815/4163 4367/5816/4165
f 4365/5814/4164 4367/5816/4165 4368/5817/4166
f 3823/5674/4124 4369/5818/4167 4402/5675/4125
f 4369/5818/4167 4060/5819/4168 4402/5675/4125
f 4402/5675/4125 4060/5819/4168 4075/5756/4147
f 4045/5820/4169 4613/5821/4170 4614/5822/4171
f 4075/5756/4147 4060/5819/4168 4079/5823/4172
f 4075/5756/4147 4079/5823/4172 4107/5824/4173
f 4107/5824/4173 4079/5823/4172 4110/5825/4174
f 3933/5764/4152 4002/5826/4175 3879/5772/4047
f 3933/5764/4152 4562/5827/4151 4002/5826/4175
f 3879/5772/4047 4002/5826/4175 3878/5773/3905
f 3878/5773/3905 4002/5826/4175 3877/5828/1197
f 3877/5828/1197 4002/5826/4175 4519/5829/1187
f 3877/5828/1197 4519/5829/1187 4559/5830/3905
f 4559/5830/3905 4519/5829/1187 3880/5831/4005
f 4514/5780/1180 4559/5830/3905 4008/5832/3956
f 4559/5830/3905 3880/5831/4005 4008/5832/3956
f 4514/5780/1180 4008/5832/3956 4515/5786/3933
f 3731/5699/1187 4515/5786/3933 3755/5833/4009
f 3731/5699/1187 3755/5833/4009 4470/5707/3962
f 3755/5833/4009 3754/5834/4009 4470/5707/3962
f 4470/5707/3962 3754/5834/4009 4196/5835/4068
f 4470/5707/3962 4196/5835/4068 3611/5622/4107
f 3611/5787/4107 4196/5835/4068 3834/5790/4158
f 3834/5790/4158 3835/5836/4176 3836/5788/4156
f 3835/5836/4176 3837/5837/4177 3838/5838/4178
f 3838/5838/4178 3837/5837/4177 3991/5839/4179
f 4448/5840/4180 4205/5841/4181 4449/5842/4182
f 4205/5843/4183 3837/5844/4177 4204/5845/4184
f 3686/5792/4160 4207/5714/4143 3685/5712/4142
f 3686/5792/4160 6450/5846/4185 4207/5714/4143
f 6450/5846/4185 3991/5847/4186 4207/5714/4143
f 4207/5848/4143 4205/5849/4187 4447/5850/4188
f 4445/5793/4027 4207/5714/4143 4208/5851/4189
f 4207/5714/4143 4447/5852/4188 4208/5853/4189
f 4445/5854/4027 4446/5855/3964 3688/5856/3981
f 3688/5794/3981 4208/5853/4189 4218/5715/1180
f 3652/5720/4009 4218/5715/1180 4447/5852/4188
f 3652/5857/4009 4447/5858/4188 4226/5859/1187
f 3652/5720/4009 4226/5860/1187 3726/5861/4026
f 4246/5862/4009 4226/5863/4190 3679/5864/4009
f 3679/5864/4009 4226/5863/4190 4245/5865/4190
f 3679/5864/4009 4245/5865/4190 3678/5866/1197
f 4226/5860/1187 4247/5867/4191 3691/5868/4192
f 3662/5725/3849 3678/5798/1197 3691/5869/1197
f 4248/5870/4009 4247/5871/4191 3677/5872/1180
f 3691/5869/1197 3677/5873/1180 3662/5725/3849
f 3662/5725/3849 3677/5873/1180 3719/5799/3981
f 4282/5874/1175 3719/5799/3981 4284/5875/3955
f 4282/5874/1175 4284/5875/3955 4283/5809/1180
f 3722/5810/1187 4283/5809/1180 3724/5745/1180
f 4283/5809/1180 3727/5876/1175 3724/5745/1180
f 3774/5812/4162 3724/5745/1180 4307/5877/3956
f 3823/5674/4124 4367/5878/4165 4369/5818/4167
f 4367/5878/4165 4408/5879/4193 4369/5818/4167
f 4369/5818/4167 3921/5880/4194 4060/5819/4168
f 3921/5880/4194 4608/5881/4195 4060/5819/4168
f 4610/5882/4196 4612/5883/4197 4611/5884/4198
f 4608/5881/4195 3922/5885/4199 4060/5819/4168
f 4060/5819/4168 3922/5885/4199 4061/5886/4200
f 4061/5886/4200 3922/5885/4199 4101/5887/4201
f 4513/5888/1175 4519/5889/1187 4008/5890/3956
f 4515/5786/3933 4008/5832/3956 4569/5891/4190
f 4515/5786/3933 4569/5891/4190 3755/5833/4009
f 4569/5892/4190 4479/5893/4202 3755/5894/4009
f 3755/5833/4009 3865/5895/4203 3754/5834/4009
f 3754/5834/4009 3865/5895/4203 4570/5896/4204
f 3754/5897/4009 3776/5898/4205 4468/5899/1176
f 3834/5900/4158 4196/5901/4068 4204/5902/4184
f 4196/5901/4068 3777/5903/1176 4204/5902/4184
f 3834/5790/4158 4204/5904/4184 3835/5836/4176
f 4204/5904/4184 3777/5905/1176 4206/5906/4190
f 3837/5837/4177 3835/5836/4176 4204/5904/4184
f 3991/5839/4206 4204/5907/4184 4447/5852/4188
f 4204/5907/4184 4206/5906/4190 4447/5852/4188
f 4208/5853/4189 4447/5852/4188 4218/5715/1180
f 4226/5860/1187 4447/5852/4188 4247/5867/4191
f 4447/5852/4188 3677/5873/1180 4247/5867/4191
f 4447/5852/4188 4249/5908/4009 3677/5873/1180
f 3677/5873/1180 4249/5908/4009 4429/5909/1180
f 3719/5799/3981 3677/5873/1180 4429/5909/1180
f 4249/5910/4009 4428/5911/3911 4429/5912/1180
f 4429/5909/1180 3784/5913/1180 3719/5799/3981
f 4284/5875/3955 3727/5876/1175 4283/5809/1180
f 4288/5914/4009 3727/5876/1175 4284/5875/3955
f 4367/5878/4165 4366/5813/4163 4408/5879/4193
f 4369/5915/4167 4408/5916/4193 4370/5917/4207
f 4369/5818/4167 4099/5918/4208 3921/5880/4194
f 4408/5879/4193 4351/5919/4209 4099/5920/4208
f 4099/5920/4208 4351/5919/4209 3921/5921/4194
f 4351/5919/4209 3923/5922/4210 3921/5921/4194
f 3921/5880/4194 4586/5923/4211 4608/5881/4195
f 4608/5924/4195 4609/5925/4212 3922/5926/4199
f 4608/5924/4195 4586/5927/4211 4609/5925/4212
f 4586/5928/4211 4156/5929/4213 4157/5930/4214
f 3921/5921/4194 3923/5922/4210 4586/5928/4211
f 4586/5928/4211 3923/5922/4210 4156/5929/4213
f 4157/5930/4214 4156/5929/4213 4101/5931/4215
f 3565/5932/4216 4000/5933/4217 4562/5827/4151
f 4000/5933/4217 4002/5826/4175 4562/5827/4151
f 4519/5829/1187 4002/5826/4175 4008/5832/3956
f 4002/5826/4175 4007/5934/4218 4008/5832/3956
f 4008/5832/3956 4007/5934/4218 4005/5935/4219
f 4007/5936/4218 4525/5937/4220 4005/5938/4219
f 4008/5832/3956 4005/5935/4219 4493/5939/3849
f 4008/5832/3956 4493/5939/3849 4569/5891/4190
f 4569/5891/4190 4571/5940/4221 4570/5896/4204
f 3754/5834/4009 4570/5896/4204 3776/5941/4205
f 4570/5896/4204 4196/5835/4068 3776/5941/4205
f 4570/5896/4204 4571/5940/4221 4196/5835/4068
f 4571/5940/4221 3777/5905/1176 4196/5835/4068
f 3777/5942/1176 4199/5943/4222 4202/5944/3912
f 3777/5942/1176 4202/5944/3912 4203/5945/4223
f 4206/5906/4190 3743/5946/4224 4447/5852/4188
f 4206/5906/4190 3744/5947/1174 3743/5946/4224
f 4447/5852/4188 3725/5948/4225 4249/5949/4009
f 4249/5949/4009 3725/5948/4225 3742/5950/4226
f 3742/5950/4226 3784/5913/1180 3895/5951/1187
f 3895/5951/1187 3784/5913/1180 4429/5909/1180
f 3742/5950/4226 4257/5952/4191 3784/5953/1180
f 3784/5954/1180 4257/5955/4191 4424/5956/1175
f 4287/5957/1187 4424/5958/1175 4285/5959/3981
f 4285/5959/3981 4424/5958/1175 4286/5960/3981
f 4286/5961/3981 4288/5914/4009 4284/5875/3955
f 4286/5961/3981 4424/5962/1175 4288/5914/4009
f 4424/5962/1175 3775/5963/3956 4288/5914/4009
f 3833/5964/4227 3775/5963/3956 3727/5965/1175
f 3727/5876/1175 4423/5966/4203 3812/5967/3910
f 3724/5745/1180 3727/5876/1175 3812/5967/3910
f 3724/5745/1180 3812/5967/3910 3850/5968/3845
f 3850/5968/3845 3812/5967/3910 4420/5969/4080
f 3724/5745/1180 3850/5968/3845 4307/5877/3956
f 4307/5877/3956 3850/5968/3845 4327/5668/3905
f 4327/5668/3905 3850/5968/3845 4366/5813/4163
f 4366/5813/4163 3850/5968/3845 4408/5879/4193
f 4408/5879/4193 3850/5968/3845 4352/5970/4228
f 4408/5879/4193 4352/5970/4228 4351/5971/4209
f 3850/5968/3845 3873/5972/4229 4352/5970/4228
f 4351/5971/4209 4352/5970/4228 3874/5973/4230
f 4351/5971/4209 3874/5973/4230 3923/5922/4210
f 3874/5973/4230 4576/5974/4231 3923/5922/4210
f 4002/5826/4175 4001/5975/4232 4523/5976/4233
f 4007/5934/4218 4002/5826/4175 4526/5977/4234
f 4002/5826/4175 4523/5976/4233 4526/5977/4234
f 4007/5978/4218 4526/5979/4234 3973/5980/4235
f 4007/5934/4218 3973/5981/4235 3974/5982/4236
f 4526/5983/4234 4019/5984/4096 3973/5981/4235
f 4524/5985/4237 4523/5986/4233 4004/5987/4238
f 3974/5988/4239 4004/5989/4238 4005/5990/4219
f 4004/5989/4238 4493/5939/3849 4005/5935/4219
f 4004/5989/4238 4003/5991/4240 4493/5939/3849
f 4569/5891/4190 4493/5939/3849 4571/5940/4221
f 4493/5939/3849 3801/5992/4241 4571/5940/4221
f 4571/5993/4221 3801/5994/4241 4477/5995/3847
f 4571/5996/4221 4572/5997/4242 3778/5998/4243
f 3778/5999/4243 4572/6000/4242 4573/6001/4244
f 4477/6002/4245 4475/6003/4246 4573/6004/4244
f 3777/5905/1176 4571/5940/4221 4199/6005/4222
f 4571/5940/4221 3778/5999/4243 4199/6005/4222
f 4573/6001/4244 4197/6006/4247 3778/5999/4243
f 3778/6007/4243 4197/6008/4247 4198/6009/4248
f 3778/5999/4243 3779/6010/4249 4199/6005/4222
f 4199/6011/4222 3779/6012/4249 3780/6013/4225
f 4199/6005/4222 3780/6014/4225 4450/6015/4250
f 4199/6005/4222 4450/6015/4250 4034/6016/4251
f 4450/6015/4250 3780/6014/4225 3783/6017/3962
f 4034/6016/4251 4450/6015/4250 3744/5947/1174
f 4200/6018/4252 3783/6019/4253 4201/6020/4252
f 3783/6017/3962 4216/6021/4254 3743/5946/4224
f 3744/5947/1174 4450/6015/4250 3743/5946/4224
f 3743/5946/4224 4216/6021/4254 4447/5852/4188
f 4447/5852/4188 4216/6021/4254 3725/5948/4225
f 3725/5948/4225 4257/5952/4191 3742/5950/4226
f 4424/5962/1175 4257/5952/4191 3775/5963/3956
f 4257/5952/4191 3733/6022/4192 3775/5963/3956
f 3727/5965/1175 3775/5963/3956 3733/6022/4192
f 3733/6023/4192 3918/6024/4255 4423/6025/4203
f 3727/5876/1175 3733/6022/4192 4423/5966/4203
f 4423/5966/4203 3957/6026/4256 3812/5967/3910
f 3957/6027/4256 4421/6028/4257 3812/6029/3910
f 3812/5967/3910 3960/6030/4258 4420/5969/4080
f 4420/5969/4080 4306/6031/4259 3850/5968/3845
f 3850/6032/3845 4409/6033/4047 4036/6034/4260
f 3850/5968/3845 4036/6035/4260 4091/6036/4062
f 3850/5968/3845 4091/6036/4062 3873/5972/4229
f 4352/6037/4228 3873/6038/4229 4353/6039/4261
f 4352/6037/4228 4353/6039/4261 4354/6040/4262
f 3924/6041/4263 4062/6042/4264 4576/5974/4231
f 3874/5973/4230 3924/6041/4263 4576/5974/4231
f 3924/6041/4263 4091/6043/4265 4062/6042/4264
f 4091/6044/4062 4092/6045/4266 4407/6046/4267
f 4576/6047/4268 4092/6048/4266 4094/6049/4269
f 3923/5922/4210 4152/6050/4270 4156/5929/4213
f 4156/5929/4213 4152/6050/4270 4117/6051/4271
f 4576/6052/4272 4577/6053/4273 4578/6054/4274
f 4576/6052/4272 4578/6054/4274 4579/6055/4275
f 4000/5933/4217 3566/6056/4276 4002/5826/4175
f 4001/5975/4232 4563/6057/4277 4004/5989/4238
f 4523/5976/4233 4001/5975/4232 4004/5989/4238
f 4004/5989/4238 4563/6057/4277 4006/6058/4278
f 4004/5989/4238 4006/6058/4278 4003/5991/4240
f 4006/6058/4278 4511/6059/4279 4003/5991/4240
f 4003/5991/4240 4511/6059/4279 4009/6060/4280
f 4009/6061/4280 4511/6062/4279 4512/6063/4281
f 4511/6059/4279 4051/6064/4282 4512/6065/4281
f 4009/6066/4280 4487/6067/4283 4003/6068/4240
f 4488/6069/4284 4003/6068/4240 3802/6070/4285
f 3801/5992/4241 4493/5939/3849 3802/6071/4286
f 4003/6068/4240 4487/6067/4283 3802/6070/4285
f 3802/6071/4286 4512/6065/4281 4051/6064/4282
f 3802/6071/4286 4051/6064/4282 4475/6072/4246
f 3801/5992/4241 3802/6071/4286 4475/6072/4246
f 4475/6072/4246 4051/6064/4282 4476/6073/3936
f 4051/6064/4282 4123/6074/4287 4476/6073/3936
f 3801/5992/4241 4475/6072/4246 4572/6000/4204
f 4475/6003/4246 4476/6075/3936 4573/6004/4244
f 4573/6001/4244 4476/6073/3936 4197/6006/4247
f 4197/6006/4247 4476/6073/3936 4473/6076/4288
f 4476/6073/3936 4123/6074/4287 3977/6077/4289
f 4474/6078/4290 4123/6079/4287 4473/6080/4288
f 4197/6006/4247 4473/6076/4288 4123/6074/4287
f 4197/6006/4247 3875/6081/4291 3780/6014/4225
f 4197/6006/4247 4123/6074/4287 3875/6081/4291
f 3783/6017/3962 3780/6014/4225 3875/6081/4291
f 3783/6017/3962 3875/6081/4291 4216/6021/4254
f 3875/6081/4291 3757/6082/4292 4216/6021/4254
f 4215/6083/4293 4217/6084/4294 4216/6021/4254
f 4216/6021/4254 4217/6084/4294 3814/6085/4295
f 4216/6021/4254 3814/6085/4295 3725/5948/4225
f 3814/6085/4295 3785/6086/4296 3725/5948/4225
f 3785/6086/4296 4257/5952/4191 3725/5948/4225
f 3785/6086/4296 4290/6087/4297 4257/5952/4191
f 4257/6088/4191 3918/6089/4255 3919/6090/4190
f 4257/6088/4191 4290/6087/4297 3918/6089/4255
f 3733/6023/4192 4289/6091/4298 3918/6024/4255
f 4423/5966/4203 3918/6089/4255 4290/6087/4297
f 4423/6092/4203 4422/6093/4146 3958/6094/4284
f 3958/6095/4284 4290/6087/4297 4292/6096/4299
f 4423/5966/4203 3958/6095/4284 3957/6026/4256
f 3958/6095/4284 4292/6096/4299 4306/6031/4259
f 4292/6096/4299 4303/6097/4300 4306/6031/4259
f 3958/6095/4284 4306/6031/4259 3957/6026/4256
f 3957/6026/4256 4306/6031/4259 3960/6098/4301
f 4306/6031/4259 3962/6099/4302 3851/6100/4303
f 3850/5968/3845 4306/6031/4259 3851/6100/4303
f 3851/6100/4303 3860/6101/4304 4037/6102/4284
f 3850/5968/3845 3851/6100/4303 4037/6102/4284
f 4037/6102/4284 3860/6101/4304 4350/6103/4305
f 4037/6102/4284 4350/6103/4305 4036/6035/4260
f 4350/6103/4305 4355/6104/4306 4036/6035/4260
f 4091/6043/4062 4036/6035/4260 4092/6048/4266
f 4036/6035/4260 4093/6105/4307 4092/6048/4266
f 4355/6104/4306 4093/6105/4307 4036/6035/4260
f 4093/6105/4307 4094/6049/4269 4092/6048/4266
f 4094/6049/4269 4093/6105/4307 4095/6106/4308
f 4093/6107/4307 4355/6108/4306 4095/6109/4308
f 4094/6049/4269 4095/6106/4308 4096/6110/4309
f 4094/6049/4269 4096/6110/4309 4143/6111/4310
f 4095/6106/4308 4355/6104/4306 4096/6110/4309
f 3566/6056/4276 4158/6112/4311 4002/5826/4175
f 4158/6112/4311 4160/6113/4312 4159/6114/4313
f 4158/6112/4311 4159/6114/4313 4002/5826/4175
f 4158/6112/4311 4161/6115/4314 4160/6113/4312
f 4161/6115/4314 4162/6116/4315 4160/6113/4312
f 4002/5826/4175 4159/6114/4313 4001/5975/4232
f 4159/6114/4313 7164/6117/4316 4068/6118/4317
f 4001/5975/4232 4159/6114/4313 4532/6119/4318
f 4159/6114/4313 4067/6120/4319 4532/6119/4318
f 4159/6114/4313 4068/6118/4317 4067/6120/4319
f 4644/6121/4320 4643/6122/4321 4040/6123/4322
f 4001/5975/4232 4532/6119/4318 4563/6057/4277
f 4563/6057/4277 4532/6119/4318 4530/6124/4323
f 4067/6120/4319 4068/6118/4317 4531/6125/4324
f 4532/6126/4318 4067/6127/4319 4531/6128/4324
f 4644/6121/4320 4040/6123/4322 4645/6129/4325
f 4040/6130/4326 4171/6131/4327 4039/6132/4328
f 4530/6133/4323 4532/6126/4318 4531/6128/4324
f 4531/6134/4324 4040/6130/4326 4041/6135/4329
f 4530/6133/4323 4531/6128/4324 4026/6136/4330
f 4531/6134/4324 4041/6135/4329 4026/6137/4330
f 4041/6135/4329 4040/6130/4326 4028/6138/4331
f 4040/6130/4326 4039/6132/4328 4028/6138/4331
f 4563/6057/4277 4530/6124/4323 4026/6137/4330
f 4563/6057/4277 4026/6137/4330 4527/6139/4332
f 4028/6138/4331 4039/6132/4328 4030/6140/4333
f 4028/6138/4331 4030/6140/4333 4026/6137/4330
f 4563/6057/4277 4527/6139/4332 4529/6141/4334
f 4026/6137/4330 4030/6140/4333 4027/6142/4335
f 4026/6137/4330 4027/6142/4335 4527/6139/4332
f 4027/6142/4335 4030/6140/4333 4029/6143/4336
f 4563/6057/4277 4025/6144/4337 4006/6058/4278
f 4563/6057/4277 4529/6141/4334 4025/6144/4337
f 4529/6141/4334 4527/6139/4332 4031/6145/4338
f 4527/6139/4332 4027/6142/4335 4012/6146/4339
f 4031/6147/4338 4527/6148/4332 4528/6149/4340
f 4529/6150/4334 4031/6147/4338 4528/6149/4340
f 4640/6151/4341 4641/6152/4342 4642/6153/4343
f 4027/6142/4335 4029/6143/4336 4020/6154/4344
f 4025/6155/4337 4011/6156/4345 4006/6058/4278
f 4006/6058/4278 4011/6156/4345 4010/6157/4346
f 4025/6155/4337 4529/6141/4334 4011/6156/4345
f 4529/6141/4334 4012/6158/4347 4011/6156/4345
f 4012/6158/4347 4020/6159/4348 4047/6160/4349
f 4012/6158/4347 4047/6160/4349 4011/6156/4345
f 4006/6058/4278 4010/6157/4346 4511/6059/4279
f 4010/6161/4346 4520/6162/4350 3805/6163/4351
f 4010/6157/4346 3805/6164/4351 4511/6059/4279
f 4520/6162/4350 4521/6165/4352 3805/6163/4351
f 3805/6163/4351 4521/6165/4352 4522/6166/4353
f 4011/6156/4345 4047/6160/4349 4013/6167/4354
f 4020/6159/4348 4646/6168/4355 4047/6160/4349
f 4637/6169/4356 4639/6170/4357 4638/6171/4358
f 4047/6160/4349 4646/6168/4355 3811/6172/4359
f 4511/6059/4279 3805/6164/4351 4013/6173/4360
f 3811/6172/4359 4646/6168/4355 4153/6174/4361
f 3811/6172/4359 4153/6174/4361 4013/6173/4360
f 4511/6059/4279 4013/6173/4360 4051/6064/4282
f 4051/6064/4282 4013/6173/4360 4489/6175/4362
f 4013/6173/4360 4153/6174/4361 4490/6176/4363
f 4490/6176/4363 4153/6174/4361 4492/6177/4364
f 4013/6173/4360 4490/6176/4363 4489/6175/4362
f 4489/6178/4362 4490/6179/4363 4491/6180/4365
f 4490/6179/4363 4492/6181/4364 4491/6180/4365
f 4051/6064/4282 4489/6175/4362 3806/6182/4080
f 3804/6183/4366 4492/6177/4364 3803/6184/4367
f 4489/6175/4362 3804/6183/4366 3803/6184/4367
f 3803/6184/4367 4492/6177/4364 4153/6174/4361
f 4489/6175/4362 3967/6185/4368 3806/6182/4080
f 3806/6186/4080 4478/6187/4369 4051/6188/4282
f 4489/6175/4362 3803/6184/4367 3967/6185/4368
f 3803/6189/4367 4102/6190/4370 4636/6191/4371
f 4153/6174/4361 4102/6192/4370 3803/6184/4367
f 4102/6192/4370 4153/6174/4361 4090/6193/4372
f 4051/6064/4282 3967/6185/4373 4123/6074/4287
f 4102/6192/4370 4090/6193/4372 4178/6194/4374
f 4178/6194/4375 4089/6195/4376 3967/6185/4373
f 3967/6185/4373 4089/6195/4376 3968/6196/4377
f 4123/6074/4287 3967/6185/4373 4472/6197/4378
f 3967/6185/4373 3968/6196/4377 3969/6198/4379
f 4472/6197/4378 3967/6185/4373 3969/6198/4379
f 3968/6196/4377 3970/6199/4380 3969/6198/4379
f 3969/6200/4379 4633/6201/4381 4472/6202/4378
f 3969/6200/4379 4634/6203/4382 4633/6201/4381
f 4633/6204/4381 3970/6199/4383 4628/6205/4384
f 4123/6074/4287 4472/6206/4378 3875/6081/4291
f 4472/6206/4378 4633/6204/4381 3875/6081/4291
f 3875/6081/4291 4633/6204/4381 4058/6207/4385
f 4633/6204/4381 4628/6205/4384 4058/6207/4385
f 4628/6208/4386 4629/6209/4387 4627/6210/4388
f 4058/6207/4385 4097/6211/4389 3875/6081/4291
f 3875/6081/4291 4097/6211/4389 3757/6082/4292
f 3757/6082/4292 4097/6211/4389 4098/6212/4390
f 4216/6021/4254 3757/6082/4292 4215/6083/4293
f 3757/6082/4292 3985/6213/4391 3762/6214/4392
f 4217/6084/4294 4215/6083/4293 3757/6082/4292
f 3757/6082/4292 3760/6215/4393 4217/6084/4294
f 4217/6084/4294 3760/6215/4393 3759/6216/4394
f 3757/6082/4292 3762/6214/4392 3761/6217/4395
f 3760/6215/4393 3757/6082/4292 3759/6216/4394
f 3757/6082/4292 3761/6217/4395 3759/6216/4394
f 4217/6084/4294 3759/6216/4394 3758/6218/4396
f 3761/6217/4395 3762/6214/4392 3763/6219/4397
f 3814/6085/4295 4217/6084/4294 3758/6218/4396
f 4630/6220/4398 4631/6221/4399 4632/6222/4400
f 3761/6217/4395 3763/6219/4397 3847/6223/4401
f 3758/6218/4396 3847/6223/4401 3814/6224/4295
f 3758/6218/4396 3759/6216/4394 3847/6223/4401
f 3847/6223/4401 3763/6219/4397 4049/6225/4402
f 3763/6219/4397 4050/6226/4403 4049/6225/4402
f 3847/6223/4401 4252/6227/4404 3814/6224/4295
f 3814/6224/4295 4252/6227/4404 3785/6086/4296
f 3847/6223/4401 4049/6225/4402 4032/6228/4405
f 4252/6229/4404 4251/6230/4406 3785/6231/4296
f 4251/6230/4406 4250/6232/4407 3785/6231/4296
f 3847/6223/4401 3939/6233/4408 4252/6227/4404
f 3847/6223/4401 4032/6228/4405 3939/6233/4408
f 3939/6233/4408 4032/6228/4405 3955/6234/4409
f 3955/6234/4409 4032/6228/4405 4163/6235/4410
f 4032/6236/4405 4635/6237/4411 4163/6238/4410
f 3955/6234/4409 4163/6235/4410 3956/6239/4412
f 4049/6225/4402 4050/6226/4403 4163/6235/4413
f 3955/6234/4409 3956/6239/4412 3785/6086/4296
f 3785/6086/4296 3956/6239/4412 3800/6240/4414
f 3785/6086/4296 3800/6240/4414 4290/6087/4297
f 3956/6239/4412 4166/6241/4415 3800/6240/4414
f 3800/6240/4414 4166/6241/4415 4118/6242/4416
f 3800/6240/4414 4069/6243/4417 3946/6244/4418
f 4290/6087/4297 3800/6240/4414 4292/6245/4299
f 3800/6240/4414 3946/6244/4418 4292/6245/4299
f 4069/6243/4417 3947/6246/4419 3946/6244/4418
f 4069/6243/4417 4179/6247/4420 3947/6246/4419
f 4292/6245/4299 3946/6244/4418 3945/6248/4421
f 3945/6248/4421 3996/6249/4422 4292/6245/4299
f 3945/6248/4421 4175/6250/4423 3996/6249/4422
f 3945/6248/4421 4186/6251/4424 4175/6250/4423
f 3996/6249/4422 4064/6252/4425 4292/6245/4299
f 4175/6250/4423 4186/6251/4424 4120/6253/4426
f 3996/6254/4422 4175/6255/4423 4291/6256/4427
f 4064/6257/4425 3996/6254/4422 4291/6256/4427
f 4175/6250/4423 4120/6253/4426 3992/6258/4428
f 4292/6259/4299 4064/6260/4425 3961/6261/4429
f 4064/6252/4425 3992/6258/4428 3961/6262/4429
f 3992/6258/4428 4120/6253/4426 4015/6263/4430
f 3992/6258/4428 4015/6263/4430 3961/6262/4429
f 4292/6096/4299 3961/6262/4429 4603/6264/4431
f 3961/6262/4429 4015/6263/4430 4083/6265/4432
f 4603/6264/4431 3961/6262/4429 3965/6266/4433
f 3961/6262/4429 4083/6265/4432 3965/6266/4433
f 4083/6265/4432 4121/6267/4434 3965/6266/4433
f 4292/6096/4299 4603/6264/4431 4303/6097/4300
f 4603/6268/4431 4604/6269/4435 4605/6270/4436
f 4603/6264/4431 4605/6271/4436 4303/6097/4300
f 3608/6272/4437 3609/6273/4438 3610/6274/4439
f 3965/6266/4433 4121/6267/4434 4155/6275/4440
f 4303/6097/4300 4605/6271/4436 3959/6276/4441
f 4303/6097/4300 3959/6276/4441 3963/6277/4442
f 3959/6276/4441 4048/6278/4443 3963/6277/4442
f 4303/6097/4300 3962/6099/4302 4306/6031/4259
f 3963/6277/4442 4048/6278/4443 4043/6279/4444
f 3962/6280/4302 4303/6281/4300 4021/6282/4445
f 4303/6281/4300 4304/6283/4446 4021/6282/4445
f 4303/6097/4300 3963/6277/4442 4167/6284/4447
f 3963/6277/4442 4043/6279/4444 4044/6285/4448
f 3962/6280/4302 4021/6282/4445 3943/6286/4449
f 4021/6282/4445 4304/6283/4446 4305/6287/4450
f 4022/6288/4451 3949/6289/4452 4021/6290/4445
f 4021/6290/4445 3949/6289/4452 3943/6291/4449
f 4022/6288/4451 4076/6292/4453 3949/6289/4452
f 4348/6293/4454 3861/6294/4455 3851/6295/4303
f 3943/6291/4449 3949/6289/4452 3861/6296/4455
f 3861/6296/4455 3949/6289/4452 3948/6297/4456
f 4348/6293/4454 3943/6298/4449 3861/6294/4455
f 3851/6100/4303 3861/6296/4455 3860/6101/4304
f 3861/6296/4455 3948/6297/4456 3942/6299/4457
f 3861/6296/4455 3942/6299/4457 3944/6300/4458
f 3860/6101/4304 3861/6296/4455 3868/6301/4459
f 3861/6296/4455 3944/6300/4458 3868/6301/4459
f 3868/6302/4459 4412/6303/4460 4411/6304/4461
f 3868/6302/4459 4411/6304/4461 3860/6305/4304
f 3860/6101/4304 4035/6306/4462 3987/6307/4463
f 3860/6101/4304 3987/6307/4463 4350/6103/4305
f 3987/6307/4463 4035/6306/4462 4070/6308/4464
f 3987/6307/4463 4072/6309/4465 4071/6310/4466
f 4355/6104/4306 7384/6311/4467 4096/6110/4309
f 4355/6104/4306 4350/6103/4305 7384/6311/4467
f 3987/6307/4463 4071/6310/4466 4350/6103/4305
f 7384/6311/4467 4087/6312/4468 4096/6110/4309
f 7384/6311/4467 4088/6313/4469 4087/6312/4468
f 4088/6313/4469 4119/6314/4470 4087/6312/4468
f 4619/6315/4471 4621/6316/4472 4620/6317/4473
f 4622/6318/4474 4620/6317/4473 4621/6316/4472
f 4649/6319/4475 4648/6320/4476 4647/6321/4477
f 4650/6322/4478 4652/6323/4479 4651/6324/4480
f 4660/6325/4481 4662/6326/4482 4661/6327/4483
f 4662/6326/4482 4663/6328/4484 4661/6327/4483
f 4661/6327/4483 4657/6329/4485 4660/6325/4481
f 3601/6330/4486 4657/6329/4485 4655/6331/4487
f 3601/6330/4486 4660/6325/4481 4657/6329/4485
f 3601/6330/4486 4655/6331/4487 4656/6332/4488
f 3601/6330/4486 4656/6332/4488 4653/6333/4489
f 4653/6333/4489 4656/6332/4488 4654/6334/4490
f 4653/6333/4489 4654/6334/4490 4658/6335/4491
f 4653/6333/4489 4658/6335/4491 4659/6336/4492
f 4660/6325/4481 4664/6337/4493 4662/6326/4482
f 4664/6337/4493 4665/6338/4494 4662/6326/4482
f 4664/6337/4493 4667/6339/4495 4665/6338/4494
f 4667/6339/4495 4664/6337/4493 4666/6340/4496
f 4696/6341/4497 3561/6342/4498 4697/6343/4499
f 4696/6341/4497 4695/6344/4500 3561/6342/4498
f 4697/6343/4499 3561/6342/4498 4698/6345/4501
f 4698/6345/4501 4699/6346/4502 4697/6343/4499
f 4695/6344/4503 4702/6347/4504 4700/6348/4505
f 4701/6349/4506 4700/6348/4505 4702/6347/4504
f 4684/6350/4507 4685/6351/4508 4686/6352/4509
f 4684/6350/4507 4683/6353/4510 4685/6351/4508
f 4685/6351/4508 4683/6353/4510 4682/6354/4511
f 4683/6353/4510 4681/6355/4512 4682/6354/4511
f 4681/6355/4512 4676/6356/4513 4682/6354/4511
f 4681/6355/4512 4673/6357/4514 4676/6356/4513
f 4681/6355/4512 4669/6358/4515 4673/6357/4514
f 4669/6358/4515 4668/6359/4516 4673/6357/4514
f 4668/6359/4516 4670/6360/4517 4673/6357/4514
f 4668/6359/4516 4671/6361/4518 4670/6360/4517
f 4671/6361/4518 4672/6362/4519 4670/6360/4517
f 4672/6362/4519 4674/6363/4520 4670/6360/4517
f 4672/6362/4519 4675/6364/4521 4674/6363/4520
f 4675/6364/4521 4677/6365/4522 4674/6363/4520
f 4677/6365/4522 4678/6366/4523 4674/6363/4520
f 4677/6365/4522 4679/6367/4524 4678/6366/4523
f 4679/6367/4524 3571/6368/4525 4678/6366/4523
f 4679/6367/4524 4680/6369/4526 3571/6368/4525
f 4679/6367/4524 4687/6370/4527 4680/6369/4526
f 4687/6370/4528 4688/6371/4529 4689/6372/4530
f 4693/6373/4531 4692/6374/4532 4690/6375/4533
f 4693/6373/4531 4690/6375/4533 4694/6376/4534
f 4692/6374/4532 4689/6372/4530 4690/6375/4533
f 4689/6372/4530 4688/6371/4529 4690/6375/4533
f 4690/6375/4533 4688/6371/4529 4691/6377/4535
f 4705/6378/4536 4703/6379/4537 4704/6380/4538
f 4708/6381/4539 4707/6382/4540 4706/6383/4541
f 4709/6384/4542 4710/6385/4543 4711/6386/4544
f 4721/6387/4545 4720/6388/4546 4719/6389/4547
f 4719/6389/4547 4720/6388/4546 4718/6390/4548
f 4719/6389/4547 4718/6390/4548 4712/6391/4549
f 4712/6391/4549 4718/6390/4548 4714/6392/4550
f 4712/6391/4549 4714/6392/4550 4713/6393/4551
f 4712/6391/4549 4713/6393/4551 4715/6394/4552
f 4712/6391/4549 4715/6394/4552 4716/6395/4553
f 4716/6395/4553 4715/6394/4552 4717/6396/4554
f 4723/6397/4555 4722/6398/4556 4724/6399/4557
f 4722/6398/4556 4723/6397/4555 619/6400/4558
f 4725/6401/4559 4726/6402/4560 4729/6403/4561
f 4725/6401/4559 4729/6403/4561 4728/6404/4562
f 4726/6402/4560 4727/6405/4563 4729/6403/4561
f 1223/6406/1074 4730/6407/4564 4732/6408/1078
f 4730/6407/4564 4731/6409/4565 4732/6408/1078
f 4731/6409/4565 2535/6410/4566 4732/6408/1078
f 4742/6411/4567 4739/6412/4568 4743/6413/4569
f 4742/6411/4567 4740/6414/4570 4739/6412/4568
f 4740/6414/4570 4741/6415/4571 4739/6412/4568
f 4740/6414/4570 4744/6416/4572 4741/6415/4571
f 4745/6417/4573 1232/6418/4574 4746/6419/4575
f 1232/6420/4576 4736/6421/4577 4737/6422/4578
f 4735/6423/4579 4733/6424/4580 4737/6422/4578
f 4735/6423/4579 4734/6425/4581 4733/6424/4580
f 4734/6425/4581 4738/6426/4582 4733/6424/4580
f 4742/6411/4567 4743/6413/4569 4763/6427/4583
f 4745/6417/4573 4746/6419/4575 4747/6428/4584
f 4749/6429/4585 4750/6430/4586 4751/6431/4587
f 4746/6419/4575 1232/6418/4574 4748/6432/4588
f 4736/6421/4577 4735/6423/4579 4737/6422/4578
f 4755/6433/4589 4753/6434/4590 4754/6435/4591
f 4753/6434/4590 4752/6436/4592 4754/6435/4591
f 4762/6437/4593 4756/6438/4594 4757/6439/4595
f 4762/6437/4593 4758/6440/4596 4756/6438/4594
f 4766/6441/4597 4762/6437/4593 4763/6442/4598
f 4762/6437/4593 4757/6439/4595 4763/6442/4598
f 4757/6439/4595 4756/6438/4594 4760/6443/4599
f 4760/6443/4599 4756/6438/4594 4761/6444/4600
f 4761/6444/4600 4756/6438/4594 2975/6445/4601
f 2975/6445/4601 4756/6438/4594 4765/6446/4602
f 4758/6440/4596 4759/6447/4603 4756/6438/4594
f 4759/6447/4603 4758/6440/4596 4764/6448/4604
f 4769/6449/4605 5422/6450/4606 4768/6451/4607
f 4769/6449/4605 4768/6451/4607 4767/6452/4608
f 4767/6452/4608 4768/6451/4607 4770/6453/4609
f 4778/6454/4610 4777/6455/4611 4772/6456/4612
f 4772/6456/4612 4780/6457/4613 4785/6458/4614
f 4778/6454/4610 4779/6459/4615 4777/6455/4611
f 4779/6459/4615 4783/6460/4616 4782/6461/4617
f 4779/6459/4615 4782/6461/4617 4777/6455/4611
f 4777/6455/4611 4773/6462/4618 4772/6456/4612
f 4773/6462/4618 4774/6463/4619 4771/6464/4620
f 4774/6463/4619 4784/6465/4621 4781/6466/4622
f 4774/6463/4619 4781/6466/4622 4771/6464/4620
f 4772/6456/4612 4773/6462/4618 4771/6464/4620
f 4772/6456/4612 4771/6464/4620 4775/6467/4623
f 4775/6467/4623 4771/6464/4620 4776/6468/4624
f 4772/6456/4612 4775/6467/4623 4780/6457/4613
f 4787/6469/4625 1881/6470/4626 4788/6471/4627
f 1881/6470/4626 4787/6469/4625 4786/6472/4628
f 4795/6473/4629 4793/6474/4630 4794/6475/4631
f 4795/6473/4629 4796/6476/4632 4793/6474/4630
f 4794/6475/4631 4793/6474/4630 4789/6477/4633
f 4789/6477/4633 4793/6474/4630 4790/6478/4634
f 4789/6477/4633 4790/6478/4634 4791/6479/4635
f 4791/6479/4635 4790/6478/4634 4792/6480/4636
f 4797/6481/4637 4799/6482/4638 4802/6483/4639
f 4797/6481/4637 4798/6484/4640 4799/6482/4638
f 4797/6485/4637 4800/6486/4641 4803/6487/4642
f 4797/6485/4637 4803/6487/4642 4804/6488/4643
f 4805/6489/4644 4806/6490/4645 4807/6491/4646
f 4805/6489/4644 4807/6491/4646 4808/6492/4647
f 4805/6489/4644 4808/6492/4647 4809/6493/4648
f 4797/6485/4637 4802/6494/4639 4800/6486/4641
f 4803/6487/4642 4800/6486/4641 4801/6495/4649
f 4806/6490/4645 4801/6496/4650 4807/6491/4646
f 4808/6492/4647 4807/6491/4646 4810/6497/4651
f 4811/6498/4652 4813/6499/4653 4812/6500/4654
f 4811/6498/4652 4814/6501/4655 4813/6499/4653
f 4817/6502/4656 4816/6503/4657 4815/6504/4658
f 4826/6505/4659 4827/6506/4660 4828/6507/4661
f 4826/6505/4659 4823/6508/1015 4827/6506/4660
f 4826/6505/4659 4825/6509/4662 4823/6508/1015
f 4825/6509/4662 4824/6510/4663 4823/6508/1015
f 4824/6510/4663 4818/6511/4664 4823/6508/1015
f 4818/6511/4664 4820/6512/1011 4823/6508/1015
f 4818/6511/4664 4819/6513/4665 4820/6512/1011
f 4819/6513/4665 4821/6514/4666 4820/6512/1011
f 4819/6513/4665 4822/6515/4667 4821/6514/4666
f 4829/6516/4668 4830/6517/4669 4831/6518/4670
f 5580/6519/4671 4832/6520/4672 4833/6521/4673
f 4834/6522/4674 4835/6523/4675 4836/6524/4676
f 4834/6522/4674 4836/6524/4676 4837/6525/4677
f 4837/6525/4677 4836/6524/4676 4838/6526/4678
f 4841/6527/4679 4840/6528/4680 4839/6529/4681
f 4839/6529/4681 4840/6528/4680 4842/6530/4682
f 4859/6531/4683 4858/6532/4684 4860/6533/4685
f 4859/6531/4683 4857/6534/4686 4858/6532/4684
f 4859/6531/4683 4855/6535/4687 4857/6534/4686
f 4855/6536/4688 4854/6537/4689 4856/6538/4690
f 4855/6536/4688 4843/6539/4691 4854/6537/4689
f 4863/6540/4692 4849/6541/4693 4850/6542/4694
f 4850/6542/4694 4849/6541/4693 4848/6543/4695
f 4849/6541/4693 4844/6544/4696 4848/6543/4695
f 4858/6532/4684 4854/6537/4689 4861/6545/4697
f 4858/6532/4684 4857/6534/4686 4854/6537/4689
f 4857/6534/4686 4856/6538/4690 4854/6537/4689
f 4854/6537/4689 4843/6539/4691 4845/6546/4698
f 4843/6539/4691 4844/6544/4696 4845/6546/4698
f 4843/6539/4691 4848/6543/4695 4844/6544/4696
f 4845/6546/4698 4844/6544/4696 4846/6547/4699
f 4846/6547/4699 4844/6544/4696 4847/6548/4700
f 4846/6547/4699 4847/6548/4700 4853/6549/4701
f 4849/6541/4693 4851/6550/4702 4844/6544/4696
f 4849/6541/4693 4862/6551/4703 4852/6552/4704
f 4849/6541/4693 4852/6552/4704 4851/6550/4702
f 4864/6553/4705 4866/6554/4706 4865/6555/4707
f 4873/6556/4708 4872/6557/4709 4867/6558/4710
f 4874/6559/4711 4872/6557/4709 4873/6556/4708
f 4867/6558/4710 4872/6557/4709 4868/6560/4712
f 4868/6560/4712 4871/6561/4713 4869/6562/4714
f 4868/6560/4712 4869/6562/4714 4867/6558/4710
f 4871/6561/4713 4875/6563/4715 4869/6562/4714
f 4871/6561/4713 4876/6564/4716 4875/6563/4715
f 4867/6558/4710 4869/6562/4714 4870/6565/4717
f 4869/6562/4714 5598/6566/4718 4870/6565/4717
f 4867/6558/4710 4870/6565/4717 4877/6567/4719
f 4878/6568/4720 4881/6569/4721 4879/6570/4722
f 4878/6568/4720 4879/6570/4722 4880/6571/4723
f 4881/6569/4721 4882/6572/4724 4879/6570/4722
f 4885/6573/4725 4883/6574/4726 4884/6575/4727
f 4888/6576/4728 4889/6577/4729 4887/6578/4730
f 4888/6576/4728 4887/6578/4730 4886/6579/4731
f 4887/6580/4732 4890/6581/4733 4891/6582/4734
f 4891/6582/4734 4890/6581/4733 4892/6583/4735
f 4896/6584/4736 4893/6585/4737 4895/6586/4738
f 4893/6585/4737 4894/6587/4739 4895/6586/4738
f 4897/6588/4740 4898/6589/4741 3174/6590/4742
f 4898/6589/4741 4899/6591/4743 3174/6590/4742
f 4903/6592/4744 4900/6593/4745 4902/6594/4746
f 4900/6593/4745 4901/6595/4747 4902/6594/4746
f 4904/6596/4748 4905/6597/4749 4910/6598/4750
f 4910/6598/4750 4905/6597/4749 4909/6599/4751
f 4910/6598/4750 4909/6599/4751 4908/6600/4752
f 4908/6600/4752 4909/6599/4751 4906/6601/4753
f 4908/6600/4752 4906/6601/4753 4907/6602/4754
f 4907/6602/4754 4911/6603/4755 4908/6600/4752
f 4907/6602/4754 4912/6604/4756 4911/6603/4755
f 4912/6604/4756 4913/6605/4757 4911/6603/4755
f 4913/6605/4757 4914/6606/4758 4911/6603/4755
f 4913/6605/4757 4915/6607/4759 4914/6606/4758
f 4916/6608/4760 4918/6609/4761 4917/6610/4762
f 5040/6611/4763 4924/6612/4764 4925/6613/4765
f 5087/6614/4766 5089/6615/4767 5090/6616/4768
f 5087/6614/4766 5088/6617/4769 5089/6615/4767
f 5039/6618/4770 5027/6619/4771 4924/6612/4764
f 4924/6612/4764 5027/6619/4771 4980/6620/4772
f 5019/6621/4773 5021/6622/4774 5020/6623/4775
f 4984/6624/4776 5029/6625/4777 5024/6626/4778
f 5081/6627/4779 5024/6626/4778 5029/6625/4777
f 5014/6628/4780 5086/6629/4781 5010/6630/4782
f 5028/6631/4783 5012/6632/4784 5010/6630/4782
f 5038/6633/4785 4924/6612/4764 4923/6634/4786
f 4925/6613/4765 4924/6612/4764 5038/6633/4785
f 4923/6634/4786 4924/6612/4764 4980/6620/4772
f 4980/6620/4772 5018/6635/4787 5017/6636/4788
f 5018/6635/4787 5026/6637/4789 5019/6621/4773
f 5018/6635/4787 5019/6621/4773 5017/6636/4788
f 5019/6621/4773 5020/6623/4775 5017/6636/4788
f 5020/6623/4775 5023/6638/4790 5017/6636/4788
f 5023/6638/4790 4984/6639/4791 5017/6636/4788
f 5024/6626/4778 5025/6640/4792 4984/6624/4776
f 5025/6640/4792 5024/6626/4778 5022/6641/4793
f 5024/6626/4778 5047/6642/4794 5022/6641/4793
f 5013/6643/4795 5014/6628/4780 5009/6644/4796
f 5012/6632/4784 5011/6645/4797 5008/6646/4798
f 5012/6632/4784 5016/6647/4799 5015/6648/4800
f 5012/6632/4784 5015/6648/4800 5011/6645/4797
f 5010/6630/4782 5008/6646/4798 5005/6649/4801
f 5010/6630/4782 5012/6632/4784 5008/6646/4798
f 4923/6634/4786 4971/6650/4802 4922/6651/4803
f 4971/6650/4802 4923/6634/4786 4980/6620/4772
f 4980/6620/4772 5017/6636/4788 4919/6652/4804
f 5022/6641/4805 4982/6653/4806 4984/6639/4791
f 5022/6641/4805 5007/6654/4807 4982/6653/4806
f 5059/6655/4808 5009/6644/4796 5006/6656/4809
f 5010/6630/4782 5005/6649/4801 5014/6628/4780
f 5014/6628/4780 5005/6649/4801 5009/6644/4796
f 4922/6651/4803 4971/6650/4802 4926/6657/4810
f 4980/6620/4772 4919/6652/4804 4971/6650/4802
f 4981/6658/1127 5017/6636/4788 4961/6659/1127
f 5007/6654/4807 5059/6655/4808 5006/6656/4809
f 5009/6644/4796 5005/6649/4801 5006/6656/4809
f 4922/6651/4803 4926/6657/4810 5033/6660/4811
f 5033/6660/4811 4926/6657/4810 4927/6661/4812
f 5034/6662/4813 5033/6663/4811 4927/6661/4812
f 5034/6662/4813 4927/6661/4812 4928/6664/4814
f 4919/6652/4804 4961/6659/1127 4971/6650/4802
f 4919/6652/4804 4981/6658/1127 4961/6659/1127
f 4984/6639/4791 4982/6653/4806 5017/6636/4788
f 4982/6653/4806 5007/6654/4807 4983/6665/4815
f 5007/6654/4807 5052/6666/4816 4983/6665/4815
f 5007/6654/4807 4985/6667/4817 5052/6666/4816
f 5007/6654/4807 5006/6656/4809 4985/6667/4817
f 4983/6665/4815 5062/6668/4818 4982/6653/4806
f 4928/6664/4814 4927/6661/4812 4929/6669/4819
f 4927/6661/4812 4971/6650/4802 4929/6669/4819
f 4971/6650/4802 4961/6659/1127 4964/6670/4820
f 4982/6653/4806 4979/6671/4821 5017/6636/4788
f 4979/6671/4821 4978/6672/4822 4975/6673/4823
f 4982/6653/4806 5046/6674/4824 4979/6671/4821
f 5006/6656/4809 4986/6675/4825 4985/6667/4817
f 5006/6656/4809 5004/6676/4826 4986/6675/4825
f 5006/6656/4809 5005/6649/4801 5004/6676/4826
f 4971/6650/4802 4930/6677/4827 4929/6669/4819
f 5017/6636/4788 4979/6671/4821 4977/6678/4828
f 4977/6678/4828 4979/6671/4821 4972/6679/4829
f 4972/6679/4829 4979/6671/4821 4975/6673/4823
f 4978/6672/4822 6149/6680/4830 4975/6673/4823
f 4930/6677/4827 4971/6650/4802 4964/6670/4820
f 5017/6636/4788 4977/6678/4828 4920/6681/4831
f 4975/6673/4823 4976/6682/4832 4972/6679/4829
f 4975/6673/4823 5063/6683/4833 5064/6684/4834
f 4975/6673/4823 5064/6684/4834 5065/6685/4835
f 4975/6673/4823 5065/6685/4835 4976/6682/4832
f 4972/6679/4829 4976/6682/4832 5049/6686/4836
f 4986/6675/4825 5004/6676/4826 4987/6687/4837
f 4930/6677/4827 4964/6670/4820 4956/6688/4838
f 5017/6636/4788 4920/6681/4831 4969/6689/4839
f 4972/6679/4829 5049/6686/4836 5053/6690/4840
f 4972/6679/4829 5053/6690/4840 5056/6691/4841
f 4972/6679/4829 5043/6692/4842 4973/6693/4843
f 4972/6679/4829 5056/6691/4841 5043/6692/4842
f 4973/6693/4843 5043/6692/4842 5044/6694/4844
f 4973/6693/4843 5044/6694/4844 4974/6695/4845
f 4987/6687/4837 5004/6676/4826 5002/6696/4846
f 4930/6677/4827 4956/6688/4838 4931/6697/4847
f 4961/6659/1127 5017/6636/4788 4969/6689/4839
f 4920/6681/4831 4972/6679/4829 4969/6689/4839
f 4973/6693/4843 4970/6698/4848 4972/6679/4829
f 4972/6679/4829 4970/6698/4848 4969/6689/4839
f 4970/6698/4848 4973/6693/4843 5057/6699/4849
f 4973/6693/4843 4974/6695/4845 5080/6700/4850
f 4973/6693/4843 5080/6700/4850 5077/6701/4851
f 4973/6693/4843 5077/6701/4851 5076/6702/4852
f 5077/6701/4851 5078/6703/4853 5076/6702/4852
f 4973/6693/4843 5076/6702/4852 5057/6699/4849
f 4987/6687/4837 5002/6696/4846 4988/6704/4854
f 5084/6705/4855 4931/6697/4847 4932/6706/4856
f 4931/6697/4847 4956/6688/4838 4932/6706/4856
f 4964/6670/4820 4963/6707/1127 4956/6688/4838
f 4963/6707/1127 4961/6659/1127 4956/6688/4838
f 4969/6689/4839 4970/6698/4848 4966/6708/4857
f 4933/6709/4858 4932/6706/4856 4956/6688/4838
f 4969/6689/4839 4966/6708/4857 4949/6710/1127
f 4966/6708/4857 4970/6698/4848 4968/6711/4859
f 4970/6698/4848 5041/6712/4860 4968/6711/4859
f 4988/6704/4854 5002/6696/4846 4989/6713/4861
f 4933/6709/4858 4956/6688/4838 4934/6714/4862
f 4956/6688/4838 4961/6659/1127 4921/6715/4863
f 4961/6659/1127 4957/6716/1127 4921/6715/4863
f 4968/6711/4859 4967/6717/4864 4966/6708/4857
f 4968/6711/4859 5060/6718/4865 4967/6717/4864
f 4967/6717/4864 5060/6718/4865 5061/6719/4866
f 4966/6708/4857 4967/6717/4864 5048/6720/4867
f 4957/6716/1127 4961/6659/1127 4949/6710/4868
f 4966/6708/4857 4965/6721/4869 4960/6722/4870
f 4966/6708/4857 5032/6723/4871 4965/6721/4869
f 5048/6720/4867 5032/6723/4871 4966/6708/4857
f 5032/6723/4871 5072/6724/4872 4965/6721/4869
f 5002/6696/4846 5003/6725/4873 4990/6726/4874
f 4956/6688/4838 4957/6716/4875 4934/6714/4862
f 4957/6716/4875 4951/6727/4876 4934/6714/4862
f 4957/6716/4875 4955/6728/1127 4951/6727/4876
f 4966/6708/4857 4960/6722/4870 4958/6729/1137
f 4966/6708/4857 4958/6729/1137 4949/6710/1127
f 4965/6721/4869 5067/6730/4877 5042/6731/4878
f 4965/6721/4869 5042/6731/4878 4960/6722/4870
f 4960/6722/4870 5042/6731/4878 5051/6732/4879
f 4989/6713/4861 5002/6696/4846 4990/6726/4874
f 4990/6726/4874 5003/6725/4873 5001/6733/4880
f 4990/6726/4874 5001/6733/4880 4999/6734/4881
f 5003/6725/4873 5030/6735/4882 5001/6733/4880
f 5083/6736/4883 4934/6737/4884 4935/6738/4885
f 4934/6737/4884 4952/6739/4886 4939/6740/4887
f 4952/6739/4886 4951/6727/4888 4939/6740/4887
f 4951/6727/4876 4955/6728/1127 4954/6741/1127
f 4951/6727/4876 4954/6741/1127 4953/6742/1127
f 4955/6728/1149 4949/6710/1127 4953/6742/1127
f 4949/6710/1127 4950/6743/4889 4953/6742/1127
f 4958/6729/1137 4960/6722/4870 4959/6744/4890
f 4960/6722/4870 4962/6745/4891 5045/6746/4892
f 4960/6722/4870 5045/6746/4892 5054/6747/4893
f 4960/6722/4870 5054/6747/4893 5055/6748/4894
f 4960/6722/4870 5055/6748/4894 4959/6744/4890
f 4999/6734/4881 5001/6733/4880 5000/6749/4895
f 4935/6738/4885 4934/6737/4884 4945/6750/4896
f 4953/6742/1127 4950/6743/4889 4951/6727/4876
f 4959/6744/4890 5055/6748/4894 5074/6751/4897
f 5055/6748/4894 5075/6752/4898 5074/6751/4897
f 4959/6744/4890 5074/6751/4897 5068/6753/4899
f 4959/6744/4890 5068/6753/4899 5066/6754/4900
f 5071/6755/4901 4990/6726/4874 4991/6756/4902
f 4945/6750/4896 4934/6737/4884 4939/6740/4887
f 4951/6727/4888 4946/6757/4903 4939/6740/4887
f 4959/6744/4890 5066/6754/4900 5079/6758/4904
f 5085/6759/4905 5037/6760/4906 5079/6758/4904
f 4959/6744/4890 5079/6758/4904 5037/6760/4906
f 5037/6760/4906 4991/6756/4902 4959/6744/4890
f 5000/6749/4895 5050/6761/4907 4999/6734/4881
f 5035/6762/4908 4935/6738/4885 4936/6763/4909
f 4947/6764/4910 4959/6744/4890 4944/6765/4911
f 4959/6744/4890 4991/6756/4902 4948/6766/4912
f 4948/6766/4912 4999/6734/4881 4992/6767/4913
f 4991/6756/4902 4999/6734/4881 4948/6766/4912
f 4990/6726/4874 4999/6734/4881 4991/6756/4902
f 4946/6757/4903 4940/6768/4914 4939/6740/4887
f 4946/6757/4903 4950/6743/4889 4940/6768/4914
f 4950/6743/4889 4949/6710/1127 4940/6768/4914
f 4949/6710/1127 4958/6729/1137 4940/6768/4914
f 4958/6729/1137 4947/6764/4910 4940/6768/4914
f 4947/6764/4910 4944/6765/4911 4940/6768/4914
f 4944/6765/4911 4959/6744/4890 4948/6766/4912
f 4944/6765/4911 5070/6769/4915 4943/6770/4916
f 4943/6770/4916 5070/6769/4915 5069/6771/4917
f 4936/6763/4909 4935/6738/4885 4945/6750/4896
f 4944/6765/4911 4943/6770/4916 4940/6768/4914
f 4992/6767/4913 4999/6734/4881 4994/6772/4918
f 4994/6772/4918 4996/6773/4919 4995/6774/4920
f 4994/6772/4918 4999/6734/4881 4996/6773/4919
f 4996/6773/4919 4998/6775/4921 4995/6774/4920
f 4996/6773/4919 5058/6776/4922 4998/6775/4921
f 4937/6777/4923 5036/6778/4924 5082/6779/4925
f 4936/6763/4909 4945/6750/4896 4937/6777/4923
f 5036/6778/4924 4937/6777/4923 5073/6780/4926
f 4937/6777/4923 4938/6781/4927 5073/6780/4926
f 4945/6750/4896 4938/6781/4927 4937/6777/4923
f 4940/6768/4914 4943/6770/4916 4942/6782/4928
f 4940/6768/4914 4942/6782/4928 4941/6783/4929
f 4992/6767/4913 3185/6784/4930 4993/6785/4931
f 4992/6767/4913 4994/6772/4918 3185/6784/4930
f 4994/6772/4918 4995/6774/4920 5031/6786/4932
f 4995/6774/4920 4998/6775/4921 4997/6787/4933
f 5092/6788/4934 5093/6789/4935 5096/6790/4936
f 5095/6791/4937 5097/6792/4938 5098/6793/4939
f 5096/6790/4940 5094/6794/4941 5095/6791/4937
f 5091/6795/4942 5093/6789/4935 5092/6788/4934
f 5095/6791/4937 5099/6796/4943 5097/6792/4938
f 5097/6792/4938 5099/6796/4943 5114/6797/4944
f 5091/6795/4942 5105/6798/4945 5093/6789/4935
f 5093/6789/4935 5105/6798/4945 5094/6794/4941
f 5095/6791/4937 5094/6794/4941 5102/6799/4946
f 5095/6791/4937 5102/6799/4946 5099/6796/4943
f 5105/6798/4945 5106/6800/4947 5094/6794/4941
f 5102/6799/4946 5101/6801/4948 5099/6796/4943
f 5094/6794/4941 5106/6800/4947 5102/6799/4946
f 5106/6800/4947 1299/6802/1190 5102/6799/4946
f 1299/6802/1190 5111/6803/1192 5102/6799/4946
f 5111/6803/1192 5110/6804/4949 5102/6799/4946
f 5102/6799/4946 5103/6805/768 5101/6801/4948
f 5100/6806/4950 5115/6807/4951 5101/6801/4948
f 5103/6805/768 5100/6806/4950 5101/6801/4948
f 5110/6804/4949 5109/6808/4952 5102/6799/4946
f 5110/6804/4949 1302/6809/4953 5109/6808/4952
f 5100/6806/4950 5102/6799/4946 5104/6810/4954
f 5102/6799/4946 5109/6808/4952 5108/6811/4955
f 5102/6799/4946 5108/6811/4955 5107/6812/4956
f 5109/6808/4952 5113/6813/4957 5108/6811/4955
f 5102/6799/4946 5107/6812/4956 5104/6810/4954
f 5107/6812/4956 5113/6814/4958 5104/6810/4954
f 5100/6806/4950 5104/6810/4954 2384/6815/4959
f 5100/6806/4950 5112/6816/4960 5115/6807/4951
f 5100/6806/4950 2384/6815/4959 5112/6816/4960
f 5123/6817/4961 5122/6818/4962 5120/6819/4963
f 5120/6819/4963 5122/6818/4962 5121/6820/4964
f 5120/6819/4963 5121/6820/4964 5116/6821/4965
f 5116/6821/4965 5121/6820/4964 5117/6822/4966
f 5116/6823/4967 5118/6824/4968 5059/6825/4969
f 5116/6823/4967 5059/6825/4969 5119/6826/4970
f 3221/6827/4971 5137/6828/4972 3219/6829/4973
f 3219/6829/4973 5137/6828/4972 5162/6830/4974
f 5151/6831/4975 5137/6828/4972 5159/6832/4976
f 3221/6827/4971 5136/6833/4977 5137/6828/4972
f 5137/6828/4972 5135/6834/4978 5159/6832/4976
f 5137/6828/4972 5136/6833/4977 5135/6834/4978
f 5136/6833/4977 5138/6835/4979 5527/6836/4980
f 5135/6834/4978 5136/6833/4977 5475/6837/4981
f 5136/6833/4977 5527/6836/4980 5475/6837/4981
f 5138/6835/4979 5134/6838/4982 5139/6839/4983
f 5134/6838/4982 5136/6833/4977 5133/6840/4984
f 5134/6838/4982 5138/6835/4979 5136/6833/4977
f 5139/6839/4983 5134/6838/4982 5160/6841/4985
f 5134/6838/4982 5133/6840/4984 6193/6842/4986
f 6193/6842/4986 6200/6843/4987 5157/6844/4988
f 6193/6842/4986 5158/6845/4989 6200/6843/4987
f 6193/6842/4986 5140/6846/4990 5158/6845/4989
f 5133/6840/4984 5140/6846/4990 6193/6842/4986
f 5140/6846/4990 5133/6840/4984 5141/6847/4991
f 5136/6833/4977 5132/6848/4992 5133/6840/4984
f 5133/6840/4984 5132/6848/4992 5143/6849/4993
f 5132/6848/4992 5144/6850/4994 5143/6849/4993
f 5133/6840/4984 5142/6851/4995 5141/6847/4991
f 5133/6840/4984 5143/6849/4993 5142/6851/4995
f 5136/6833/4977 5124/6852/4996 5132/6848/4992
f 5132/6848/4992 5124/6852/4996 5131/6853/4997
f 5132/6848/4992 5153/6854/4998 5144/6850/4994
f 5124/6852/4996 5145/6855/4999 5131/6853/4997
f 5131/6853/4997 5145/6855/4999 5156/6856/5000
f 5145/6855/4999 5124/6852/4996 5155/6857/5001
f 5124/6852/4996 5146/6858/5002 5150/6859/5003
f 5124/6852/4996 5150/6859/5003 5155/6857/5001
f 5124/6852/4996 5149/6860/5004 5146/6858/5002
f 5146/6858/5002 5149/6860/5004 5130/6861/5005
f 5149/6860/5004 5125/6862/5006 5130/6861/5005
f 5125/6862/5006 5129/6863/5007 5130/6861/5005
f 5125/6862/5006 5128/6864/5008 5129/6863/5007
f 5129/6863/5007 5128/6864/5008 5147/6865/5009
f 5128/6864/5008 5125/6862/5006 5148/6866/5010
f 5128/6864/5008 5161/6867/5011 5147/6865/5009
f 5152/6868/5012 5125/6862/5006 5149/6860/5004
f 5125/6862/5006 5127/6869/5013 5148/6866/5010
f 5127/6869/5013 5125/6862/5006 7090/6870/5014
f 5148/6866/5010 5127/6869/5013 5154/6871/5015
f 5125/6862/5006 5152/6868/5012 5126/6872/5016
f 5125/6862/5006 5126/6872/5016 7090/6870/5014
f 5167/6873/5017 5164/6874/5018 5166/6875/5019
f 5166/6875/5019 5164/6874/5018 5163/6876/5020
f 5168/6877/5021 5169/6878/5022 5170/6879/5023
f 5163/6876/5020 5164/6874/5018 5165/6880/5024
f 5187/6881/5025 5186/6882/5026 5185/6883/5027
f 5180/6884/5028 5181/6885/5029 5184/6886/5030
f 5187/6881/5025 5188/6887/5031 5186/6882/5026
f 5188/6887/5031 5189/6888/5032 5186/6882/5026
f 5176/6889/5033 5178/6890/5034 5179/6891/5035
f 5180/6884/5028 5182/6892/5036 5181/6885/5029
f 5182/6892/5036 5183/6893/5037 5181/6885/5029
f 5176/6889/5033 5177/6894/5038 5178/6890/5034
f 5171/6895/5039 5172/6896/5040 5173/6897/5041
f 5172/6896/5040 5171/6895/5039 5174/6898/5042
f 5171/6895/5039 5175/6899/5043 5174/6898/5042
f 5192/6900/5044 5190/6901/5045 5193/6902/5046
f 5192/6900/5044 5191/6903/5047 5190/6901/5045
f 5207/6904/5048 5224/6905/5049 5206/6906/5050
f 5224/6905/5049 5225/6907/5051 5219/6908/5052
f 5219/6908/5052 5225/6907/5051 5226/6909/5053
f 5228/6910/5054 5227/6911/5055 5226/6912/5056
f 5228/6910/5054 5260/6913/5057 5227/6911/5055
f 5227/6911/5055 5260/6913/5057 5229/6914/5058
f 5236/6915/5059 5207/6904/5048 5206/6906/5050
f 5224/6905/5049 5219/6908/5052 5206/6906/5050
f 5227/6911/5055 5229/6914/5058 5219/6908/5060
f 5233/6916/5061 5223/6917/5062 5229/6914/5058
f 5233/6916/5061 5232/6918/5063 5223/6917/5062
f 5223/6917/5062 5232/6918/5063 5231/6919/5064
f 5223/6917/5062 5231/6919/5064 5230/6920/5065
f 5206/6906/5050 5205/6921/5066 5235/6922/5067
f 5205/6921/5066 5206/6906/5050 5214/6923/5068
f 5214/6923/5068 5206/6906/5050 5219/6908/5052
f 5229/6914/5058 5223/6917/5062 5219/6908/5060
f 5230/6920/5065 5195/6924/5069 5223/6917/5062
f 5230/6920/5065 5194/6925/5070 5195/6924/5069
f 5240/6926/5071 5205/6921/5066 5204/6927/5072
f 5205/6921/5066 5214/6923/5068 5204/6927/5072
f 5204/6927/5072 5214/6923/5068 5203/6928/5073
f 5219/6908/5060 5223/6917/5062 5213/6929/5074
f 5216/6930/5075 5223/6917/5062 5242/6931/5076
f 5242/6931/5076 5223/6917/5062 5222/6932/5077
f 5223/6917/5062 5195/6924/5069 5222/6932/5077
f 5203/6928/5073 5214/6923/5068 5208/6933/5078
f 5239/6934/5079 5203/6928/5073 5202/6935/5080
f 5208/6933/5078 5202/6935/5080 5203/6928/5073
f 5213/6936/5074 5223/6917/5062 5216/6930/5075
f 5209/6937/5081 5202/6935/5080 5208/6933/5078
f 5242/6931/5076 5220/6938/5082 5216/6930/5075
f 5242/6931/5076 5221/6939/5083 5220/6938/5082
f 5208/6933/5078 5219/6908/5060 5200/6940/5084
f 5209/6937/5081 5208/6933/5078 5201/6941/5085
f 5213/6929/5074 5196/6942/1041 5219/6908/5060
f 5220/6938/5082 5218/6943/5086 5216/6930/5075
f 5220/6938/5082 5243/6944/5087 5630/6945/5088
f 5208/6933/5078 5200/6940/5084 5201/6941/5085
f 5218/6943/5086 5220/6938/5082 5630/6945/5088
f 5219/6908/5060 5196/6942/1041 5200/6940/5084
f 5630/6945/5088 5238/6946/5089 5218/6943/5086
f 5196/6942/1041 5213/6929/5074 5210/6947/5090
f 5218/6943/5086 5241/6948/5091 5217/6949/5092
f 5200/6940/5084 5196/6942/1041 5197/6950/5093
f 5213/6929/5074 5212/6951/5094 5210/6947/5090
f 5216/6930/5075 5218/6943/5086 5217/6949/5092
f 5199/6952/2763 5200/6940/5084 5197/6953/5093
f 5213/6929/5074 5216/6930/5075 5211/6954/5095
f 5217/6949/5092 5215/6955/5096 5216/6930/5075
f 5237/6956/5097 5199/6952/2763 5198/6957/5098
f 5198/6957/5098 5199/6952/2763 5197/6953/5093
f 5212/6951/5094 5211/6958/5099 5210/6947/5090
f 5211/6954/5095 5216/6930/5075 5215/6955/5096
f 5217/6949/5092 5234/6959/5100 5215/6955/5096
f 5292/6960/5101 5256/6961/5102 5255/6962/5103
f 5292/6960/5101 5290/6963/5104 5256/6961/5102
f 5255/6962/5103 5256/6961/5102 5254/6964/5105
f 5290/6963/5104 5291/6965/5106 5256/6961/5102
f 5289/6966/5107 5257/6967/5108 5258/6968/5109
f 5283/6969/5110 5253/6970/5111 5247/6971/5112
f 5253/6970/5111 5252/6972/5113 5247/6971/5112
f 5256/6961/5102 5258/6968/5109 5249/6973/5114
f 5258/6968/5109 5257/6967/5108 5249/6973/5114
f 5249/6973/5114 5257/6967/5108 5251/6974/5115
f 5254/6964/5105 5256/6961/5102 5249/6973/5114
f 5252/6972/5113 5254/6964/5105 5247/6971/5112
f 5251/6974/5115 5259/6975/5116 5249/6973/5114
f 5247/6971/5112 5249/6973/5114 5245/6976/5117
f 5247/6971/5112 5254/6964/5105 5249/6973/5114
f 5249/6973/5114 5250/6977/5118 1883/6978/5119
f 1883/6978/5119 5248/6979/5120 5249/6973/5114
f 5247/6971/5112 5245/6976/5117 5244/6980/5121
f 5248/6979/5120 5284/6981/5122 5246/6982/5123
f 5246/6982/5123 5249/6973/5114 5248/6979/5120
f 5244/6980/5121 5245/6976/5117 5260/6983/5124
f 5245/6976/5117 5249/6973/5114 5267/6984/5125
f 5260/6983/5124 5245/6976/5117 5267/6984/5125
f 5267/6984/5125 5249/6973/5114 5246/6982/5123
f 5260/6983/5124 5267/6984/5125 5280/6985/5126
f 5246/6982/5123 5261/6986/488 5267/6984/5125
f 5246/6982/5123 5264/6987/5127 5262/6988/5128
f 5261/6986/488 5246/6982/5123 5262/6988/5128
f 5267/6984/5125 5261/6986/488 5271/6989/5129
f 5261/6986/488 5263/6990/5130 5265/6991/5131
f 5263/6990/5130 5264/6987/5127 5265/6991/5131
f 5262/6988/5128 5264/6987/5127 5263/6990/5130
f 5261/6986/488 5265/6991/5131 5271/6989/5129
f 5265/6991/5131 5285/6992/5132 5271/6989/5129
f 5285/6992/5132 5282/6993/5133 5271/6989/5129
f 5282/6993/5133 5266/6994/5134 5271/6989/5129
f 5271/6989/5129 5266/6994/5134 5268/6995/5135
f 5268/6995/5135 5269/6996/5136 5271/6989/5129
f 5271/6989/5129 5269/6996/5136 5270/6997/5137
f 5269/6996/5136 5281/6998/5138 5270/6997/5137
f 5271/6989/5129 5270/6997/5137 5272/6999/5139
f 5287/7000/5140 5280/6985/5126 5277/7001/5141
f 5271/6989/5129 5276/7002/5142 5267/6984/5125
f 5280/6985/5126 5267/6984/5125 5277/7001/5141
f 5276/7002/5142 5271/6989/5129 5275/7003/5143
f 5275/7003/5143 5271/6989/5129 5274/7004/5144
f 5272/6999/5139 5273/7005/5145 5271/6989/5129
f 5271/6989/5129 5273/7005/5145 5274/7004/5144
f 5277/7001/5141 5267/6984/5125 5278/7006/5146
f 5267/6984/5125 5276/7002/5142 5279/7007/5147
f 5278/7008/5148 5279/7007/5147 5286/7009/5149
f 5279/7007/5147 5276/7002/5142 5286/7009/5149
f 5276/7002/5142 5275/7003/5143 5288/7010/5150
f 5275/7003/5143 5274/7004/5144 5609/7011/5151
f 5325/7012/5152 5323/7013/5153 5324/7014/5154
f 5325/7012/5152 5324/7014/5154 5326/7015/5155
f 5325/7012/5152 5326/7015/5155 5327/7016/5156
f 5327/7016/5156 5326/7015/5155 5328/7017/5157
f 5328/7017/5157 5326/7015/5155 5329/7018/5158
f 5328/7017/5157 5329/7018/5158 5330/7019/5159
f 5328/7017/5157 5330/7019/5159 5331/7020/5160
f 5331/7020/5160 5330/7019/5159 5332/7021/5161
f 5332/7021/5161 5330/7019/5159 5333/7022/5162
f 5332/7021/5161 5333/7022/5162 5334/7023/5163
f 5334/7023/5163 5333/7022/5162 5335/7024/5164
f 5335/7024/5164 5333/7022/5162 5336/7025/5165
f 5335/7024/5164 5336/7025/5165 5338/7026/5166
f 5336/7025/5165 5337/7027/5167 5338/7026/5166
f 5338/7026/5166 5337/7027/5167 5339/7028/5168
f 5339/7028/5168 5337/7027/5167 5294/7029/5169
f 5295/7030/5170 5294/7031/5171 5293/7032/5172
f 5323/7013/5153 5305/7033/5173 5324/7014/5154
f 5323/7013/5153 5322/7034/5174 5305/7033/5173
f 5322/7034/5174 5312/7035/5175 5305/7033/5173
f 5312/7035/5175 5311/7036/5176 5305/7033/5173
f 5311/7036/5176 5310/7037/5177 5305/7033/5173
f 5310/7037/5177 5304/7038/5178 5305/7033/5173
f 5304/7038/5178 5299/7039/5179 5297/7040/5180
f 5304/7038/5178 5297/7040/5180 5305/7033/5173
f 5299/7039/5179 5239/7041/5181 5297/7040/5180
f 5239/7041/5181 5298/7042/5182 5297/7040/5180
f 5298/7042/5182 5296/7043/5183 5297/7040/5180
f 5296/7043/5183 5300/7044/5184 5297/7040/5180
f 5296/7043/5183 5301/7045/5185 5300/7044/5184
f 5301/7045/5185 5302/7046/5186 5300/7044/5184
f 5302/7046/5186 5303/7047/5187 5300/7044/5184
f 5302/7046/5186 5306/7048/5188 5303/7047/5187
f 5306/7048/5188 5307/7049/5189 5303/7047/5187
f 5307/7049/5189 5306/7048/5188 5308/7050/5190
f 5307/7049/5189 5308/7050/5190 5309/7051/5191
f 5309/7051/5191 5308/7050/5190 5313/7052/5192
f 5313/7052/5192 5308/7050/5190 5314/7053/5193
f 5313/7052/5192 5314/7053/5193 5315/7054/5194
f 5315/7054/5194 5314/7053/5193 5316/7055/5195
f 5316/7055/5195 5314/7053/5193 5317/7056/5196
f 5317/7056/5196 5314/7053/5193 5318/7057/5197
f 5318/7057/5197 5314/7053/5193 5319/7058/5198
f 5318/7057/5197 5319/7058/5198 5320/7059/5199
f 5320/7059/5199 5319/7058/5198 5321/7060/5200
f 5321/7061/5201 5340/7062/5202 5341/7063/5203
f 5342/7064/5204 5341/7063/5205 5343/7065/5206
f 5354/7066/5207 5349/7067/5208 5353/7068/5209
f 5368/7069/5210 5348/7070/5211 5347/7071/5212
f 5369/7072/5213 5346/7073/5214 5344/7074/5215
f 5346/7073/5214 5345/7075/5216 5344/7074/5215
f 5348/7070/5211 5345/7075/5216 5347/7071/5212
f 5345/7075/5216 5346/7073/5214 5347/7071/5212
f 5354/7066/5207 5357/7076/5217 5349/7067/5208
f 5349/7067/5208 5345/7075/5216 5348/7070/5211
f 5357/7076/5217 5358/7077/5218 5349/7067/5208
f 5358/7077/5218 5345/7075/5216 5349/7067/5208
f 5345/7075/5216 5358/7077/5218 5350/7078/5219
f 5345/7075/5216 5350/7078/5219 5344/7074/5215
f 5350/7078/5220 5351/7079/5221 5352/7080/5222
f 5358/7081/5223 5359/7082/5224 5351/7079/5221
f 5358/7081/5223 5364/7083/5225 5359/7082/5224
f 5351/7079/5221 5355/7084/5226 5352/7080/5222
f 5359/7082/5224 5356/7085/5227 5351/7079/5221
f 5351/7079/5221 5356/7085/5227 5355/7084/5226
f 5364/7083/5225 5363/7086/5228 5362/7087/5229
f 5364/7083/5225 5362/7087/5229 5359/7082/5224
f 5359/7082/5224 5366/7088/5230 5356/7085/5227
f 5364/7083/5225 5371/7089/5231 5363/7086/5228
f 5359/7082/5224 5362/7087/5229 5361/7090/5232
f 5359/7082/5224 5361/7090/5232 5360/7091/5233
f 5360/7091/5233 5361/7090/5232 5370/7092/5234
f 5359/7082/5224 5365/7093/5235 5366/7088/5230
f 5356/7085/5227 5366/7088/5230 5367/7094/5236
f 5374/7095/5237 5397/7096/5238 5373/7097/5239
f 5373/7097/5239 5397/7096/5238 5410/7098/5240
f 5376/7099/5241 5410/7098/5240 5372/7100/5242
f 5410/7098/5240 5397/7096/5238 5372/7100/5242
f 5408/7101/5243 5378/7102/5244 5379/7103/5245
f 5379/7103/5245 5378/7102/5244 5377/7104/5246
f 5377/7104/5246 5383/7105/5247 5379/7103/5245
f 5379/7103/5245 5383/7105/5247 5380/7106/5248
f 5374/7095/5237 5375/7107/5249 5397/7096/5238
f 5397/7096/5238 5396/7108/3911 5372/7100/5242
f 5408/7109/5250 5372/7100/5251 5377/7104/5246
f 5377/7104/5246 5372/7100/5251 5383/7105/5247
f 5400/7110/5252 5401/7111/5253 5375/7107/5249
f 5372/7100/5251 5388/7112/1175 5383/7105/5247
f 5380/7106/5248 5383/7105/5247 5382/7113/5254
f 5380/7106/5248 5382/7113/5254 5381/7114/5255
f 5397/7096/5238 5375/7107/5249 5399/7115/5256
f 5381/7114/5255 5382/7113/5254 5409/7116/5257
f 5375/7107/5249 5401/7111/5253 5399/7115/5256
f 5396/7108/3911 5399/7115/1180 5372/7100/5242
f 5388/7112/3905 5389/7117/3905 5382/7113/5254
f 5382/7113/5254 5385/7118/5258 5409/7116/5257
f 5372/7100/5242 5394/7119/1175 5389/7117/1175
f 5402/7120/5259 5403/7121/5260 5401/7111/5253
f 5401/7111/5253 5403/7121/5260 5399/7115/5256
f 5372/7100/5242 5399/7115/1180 5394/7119/1175
f 5389/7117/3905 5390/7122/1180 5382/7113/5254
f 5403/7121/5260 5393/7123/1175 5399/7115/5256
f 5389/7117/3905 5399/7115/5256 5393/7123/1175
f 5389/7117/3905 5393/7123/1175 5390/7122/1180
f 5385/7118/5258 5382/7113/5254 5384/7124/5261
f 5402/7120/5259 5406/7125/5262 5403/7121/5260
f 5390/7122/1180 5391/7126/5263 5382/7113/5254
f 5384/7124/5261 5386/7127/5264 5385/7118/5258
f 5402/7120/5259 5404/7128/5265 5406/7125/5262
f 5406/7125/5262 5404/7128/5265 5405/7129/5266
f 5405/7129/5266 5404/7128/5265 5403/7121/5260
f 5393/7123/1175 5392/7130/1180 5390/7122/1180
f 5395/7131/3981 5393/7123/1175 5391/7126/3849
f 5395/7131/3981 5391/7126/3849 5392/7130/1180
f 5403/7121/5260 5404/7128/5265 5393/7123/1175
f 5393/7123/1175 5404/7128/5265 5391/7126/3849
f 5382/7113/5254 5391/7126/5263 5384/7124/5261
f 5407/7132/5267 5398/7133/5268 5404/7128/5265
f 5404/7128/5265 5398/7133/5268 5391/7126/3849
f 5391/7126/5263 5387/7134/5269 5384/7124/5261
f 5387/7134/5269 5386/7127/5264 5384/7124/5261
f 5440/7135/5270 5436/7136/5271 5425/7137/5272
f 5425/7137/5272 5436/7136/5271 5435/7138/5273
f 5425/7137/5272 5424/7139/5274 5423/7140/5275
f 5425/7137/5272 5435/7138/5273 5424/7139/5274
f 5424/7139/5274 5435/7138/5273 5433/7141/5276
f 5435/7138/5273 5434/7142/5277 5433/7141/5276
f 5423/7140/5278 5421/7143/5279 5422/7144/5280
f 5423/7140/5278 5433/7141/5276 5421/7143/5279
f 5421/7143/5279 5433/7141/5276 5432/7145/5281
f 5433/7141/5276 5434/7142/5277 5432/7145/5281
f 5421/7143/5279 5432/7145/5281 5426/7146/5282
f 5427/7147/5283 5426/7146/5282 5428/7148/5284
f 5426/7146/5282 5432/7145/5281 5428/7148/5284
f 5428/7148/5284 5432/7145/5281 5429/7149/5285
f 5429/7149/5285 5432/7145/5281 4800/7150/4641
f 4802/7151/4639 5429/7149/5285 4800/7150/4641
f 4800/7150/4641 5432/7145/5281 5412/7152/5286
f 5432/7145/5281 5431/7153/5287 5412/7152/5286
f 5412/7152/5286 5431/7153/5287 5411/7154/5288
f 5412/7152/5286 5411/7154/5288 5414/7155/5289
f 5411/7154/5288 5413/7156/5290 5414/7155/5289
f 5412/7152/5286 5430/7157/5291 4801/7158/5292
f 5412/7152/5286 5414/7155/5289 5430/7157/5291
f 5430/7157/5291 5414/7155/5289 5437/7159/5293
f 5437/7159/5293 5414/7155/5289 4852/7160/5294
f 4852/7160/5294 5414/7155/5289 4877/7161/5295
f 5414/7155/5289 5416/7162/5296 4877/7161/5295
f 5414/7155/5289 5413/7156/5290 5416/7162/5296
f 5439/7163/5297 4852/7160/5294 4877/7161/5295
f 4877/7161/5295 5416/7162/5296 5415/7164/5298
f 5415/7164/5298 5416/7162/5296 5418/7165/5299
f 3339/7166/5300 5415/7164/5298 5417/7167/5301
f 5417/7167/5301 5415/7164/5298 5418/7165/5299
f 5417/7167/5301 5418/7165/5299 3338/7168/5302
f 5416/7162/5296 5419/7169/5303 5418/7165/5299
f 5418/7165/5299 5419/7169/5303 5420/7170/5304
f 5420/7170/5304 5438/7171/5305 5418/7165/5299
f 5443/7172/5306 5447/7173/5307 5444/7174/5308
f 5443/7172/5306 5444/7174/5308 5445/7175/5309
f 5445/7175/5309 5444/7174/5308 5446/7176/5310
f 5445/7175/5309 5446/7176/5310 5441/7177/5311
f 5441/7177/5311 5446/7176/5310 5442/7178/5312
f 5466/7179/5313 5456/7180/5314 5457/7181/5315
f 5466/7179/5313 5457/7181/5315 5468/7182/5316
f 5454/7183/5317 5457/7181/5315 5456/7180/5314
f 5454/7183/5317 5455/7184/5318 5457/7181/5315
f 5454/7183/5317 5453/7185/5319 5452/7186/5320
f 5454/7183/5317 5452/7186/5320 5455/7184/5318
f 5450/7187/5321 5455/7184/5318 5452/7186/5320
f 5450/7187/5321 5448/7188/5322 5455/7184/5318
f 5450/7187/5321 5449/7189/5323 5448/7188/5322
f 5448/7188/5322 5451/7190/5324 5455/7184/5318
f 5448/7188/5322 5458/7191/5325 5451/7190/5324
f 5448/7188/5322 5461/7192/5326 5458/7191/5325
f 5465/7193/5327 5460/7194/5328 5461/7192/5326
f 5461/7192/5326 5460/7194/5328 5458/7191/5325
f 5460/7194/5328 5598/7195/5329 5458/7191/5325
f 5458/7191/5325 5598/7195/5329 5463/7196/5330
f 5464/7197/5331 5463/7196/5330 5462/7198/5332
f 5463/7196/5330 5598/7195/5329 5462/7198/5332
f 5463/7196/5330 5464/7197/5331 5467/7199/5333
f 5463/7196/5330 5459/7200/5334 5458/7191/5325
f 5469/7201/5335 5471/7202/5336 5470/7203/5337
f 5551/7204/5338 5552/7205/5339 5493/7206/5340
f 5492/7207/5341 5493/7206/5340 5519/7208/5342
f 5551/7204/5338 5493/7206/5340 5492/7207/5341
f 5519/7209/5343 5520/7210/5344 5511/7211/5345
f 5520/7210/5344 5542/7212/5346 5546/7213/5347
f 5520/7210/5344 5546/7213/5347 5525/7214/5348
f 5525/7214/5348 5524/7215/5349 5523/7216/5350
f 5525/7214/5348 5526/7217/5351 5524/7215/5349
f 5523/7216/5350 5524/7215/5349 5547/7218/5352
f 5525/7214/5348 5523/7216/5350 5522/7219/5353
f 5522/7219/5353 5521/7220/5354 5525/7214/5348
f 5472/7221/5355 5473/7222/5356 5474/7223/5357
f 5473/7222/5356 5475/7224/5358 5474/7223/5357
f 5522/7219/5353 5527/7225/5359 5521/7220/5354
f 5527/7225/5359 5528/7226/5360 5521/7220/5354
f 5553/7227/5361 5555/7228/5362 5554/7229/5363
f 5520/7210/5344 5525/7214/5348 5511/7211/5345
f 5525/7214/5348 5518/7230/5364 5516/7231/5365
f 5525/7214/5348 5521/7220/5354 5518/7230/5364
f 5521/7220/5354 5549/7232/5366 5518/7230/5364
f 5549/7232/5366 5544/7233/5367 5518/7230/5364
f 5480/7234/5368 5476/7235/5369 5477/7236/5370
f 5479/7237/5371 5478/7238/5372 5160/7239/5373
f 5476/7235/5369 5160/7239/5373 5477/7236/5370
f 5477/7236/5370 5160/7239/5373 5478/7238/5372
f 5518/7230/5364 5531/7240/5374 5516/7231/5365
f 5531/7240/5374 5541/7241/5375 5516/7231/5365
f 5492/7207/5341 5519/7208/5342 5497/7242/5376
f 5525/7214/5348 5516/7231/5365 5511/7211/5345
f 5516/7231/5365 5517/7243/5377 5511/7211/5345
f 5517/7243/5377 5516/7231/5365 6204/7244/5378
f 6204/7244/5378 5536/7245/5379 5517/7243/5377
f 5517/7243/5377 5529/7246/5380 5511/7211/5345
f 5511/7211/5345 5529/7246/5380 6235/7247/5381
f 5511/7211/5345 6235/7247/5381 5515/7248/5382
f 5511/7211/5345 5515/7248/5382 5487/7249/5383
f 5489/7250/5384 5488/7251/5385 5486/7252/5386
f 5488/7251/5385 5141/7253/5387 5486/7252/5386
f 5490/7254/5388 5492/7207/5341 5497/7242/5376
f 5513/7255/5389 5512/7256/5390 5511/7211/5345
f 5511/7211/5345 5487/7249/5383 5513/7255/5389
f 5487/7249/5383 5486/7257/5391 5513/7255/5389
f 5513/7255/5389 5514/7258/5392 5512/7256/5390
f 5513/7255/5389 5540/7259/5393 5514/7258/5392
f 5497/7242/5376 5511/7211/5345 5495/7260/5394
f 5511/7211/5345 5509/7261/5395 5508/7262/5396
f 5512/7256/5390 5530/7263/5397 5511/7211/5345
f 5511/7211/5345 5530/7263/5397 5534/7264/5398
f 5511/7211/5345 5534/7264/5398 5532/7265/5399
f 5534/7264/5398 5538/7266/5400 5532/7265/5399
f 5550/7267/5401 5510/7268/5402 5532/7265/5399
f 5511/7211/5345 5532/7265/5399 5509/7261/5395
f 5532/7265/5399 5510/7268/5402 5509/7261/5395
f 5483/7269/5403 5481/7270/5404 5482/7271/5405
f 5483/7269/5403 5484/7272/5406 5481/7270/5404
f 5511/7211/5345 5508/7262/5396 5506/7273/5407
f 5508/7262/5396 5545/7274/5408 5506/7273/5407
f 5481/7270/5404 5484/7272/5406 5485/7275/5409
f 5506/7273/5407 5535/7276/5410 5533/7277/5411
f 5506/7273/5407 5533/7277/5411 5507/7278/5412
f 5506/7273/5407 5507/7278/5412 5505/7279/5413
f 5511/7211/5345 5506/7273/5407 5495/7260/5394
f 5495/7260/5394 5506/7273/5407 5505/7279/5413
f 5505/7279/5413 5507/7278/5412 5537/7280/5414
f 5505/7279/5413 5543/7281/5415 5504/7282/5416
f 5495/7260/5394 5505/7279/5413 5504/7282/5416
f 5504/7282/5416 5548/7283/5417 5503/7284/5418
f 5492/7207/5341 5490/7254/5388 5491/7285/5419
f 5497/7242/5376 5494/7286/5420 5490/7254/5388
f 5495/7260/5394 5504/7282/5416 5503/7284/5418
f 5495/7260/5394 5503/7284/5418 5501/7287/5421
f 5495/7260/5394 5501/7287/5421 5499/7288/5422
f 5501/7287/5421 5502/7289/5423 5499/7288/5422
f 5496/7290/5424 5495/7260/5394 5499/7288/5422
f 5499/7288/5422 5500/7291/5425 5148/7292/5426
f 5499/7288/5422 5148/7292/5426 5498/7293/5427
f 5497/7242/5376 5495/7260/5394 5494/7286/5420
f 5499/7288/5422 5498/7293/5427 5496/7290/5424
f 5496/7290/5424 5498/7293/5427 5539/7294/5428
f 5556/7295/5429 5558/7296/5430 5557/7297/5431
f 5569/7298/5432 5567/7299/5433 5568/7300/5434
f 5568/7300/5434 5567/7299/5433 5566/7301/5435
f 5566/7301/5435 5561/7302/5436 5565/7303/5437
f 5566/7301/5435 5567/7299/5433 5561/7302/5436
f 5565/7303/5437 5561/7302/5436 5559/7304/5438
f 5559/7304/5438 5561/7302/5436 5560/7305/5439
f 5560/7305/5439 5561/7302/5436 5562/7306/5440
f 5562/7306/5440 5561/7302/5436 5564/7307/5441
f 5564/7307/5441 5561/7302/5436 5563/7308/5442
f 5573/7309/5443 5570/7310/5444 5574/7311/5445
f 5574/7311/5445 5570/7310/5444 5571/7312/5446
f 5570/7310/5444 5572/7313/5447 5571/7312/5446
f 5571/7312/5446 5572/7313/5447 5575/7314/5448
f 5577/7315/5449 5576/7316/5450 5578/7317/5451
f 5579/7318/5452 5576/7316/5450 5577/7315/5449
f 5586/7319/5453 5584/7320/5454 5583/7321/5455
f 5588/7322/5456 5590/7323/5457 5591/7324/5458
f 5588/7322/5456 5589/7325/5459 5590/7323/5457
f 5583/7321/5455 5584/7320/5454 5581/7326/5460
f 5591/7324/5458 5590/7323/5457 5592/7327/5461
f 5581/7326/5460 5584/7320/5454 5582/7328/5462
f 5585/7329/5463 5581/7326/5460 5582/7328/5462
f 5585/7329/5463 5582/7328/5462 5587/7330/5464
f 1937/7331/5465 5593/7332/5466 5596/7333/5467
f 5593/7332/5466 5594/7334/5468 5596/7333/5467
f 5593/7332/5466 5595/7335/5469 5594/7334/5468
f 5595/7335/5469 5597/7336/5470 5594/7334/5468
f 5599/7337/5471 5598/7338/5329 5460/7339/5328
f 5599/7337/5471 5439/7340/5472 5598/7338/5329
f 5606/7341/5473 5603/7342/5474 5605/7343/5475
f 5605/7343/5475 5603/7342/5474 5604/7344/5476
f 5604/7344/5476 5603/7342/5474 5602/7345/5477
f 5602/7345/5477 5603/7342/5474 5600/7346/5478
f 5602/7345/5477 5600/7346/5478 5272/7347/5139
f 5272/7347/5139 5600/7346/5478 5273/7348/5145
f 5607/7349/5479 5601/7350/5480 5600/7346/5478
f 5273/7348/5145 5600/7346/5478 5601/7350/5480
f 5601/7350/5480 5607/7349/5479 5608/7351/5481
f 5601/7350/5480 5608/7351/5481 5609/7352/5482
f 5623/7353/5483 5622/7354/5484 5624/7355/5485
f 5623/7353/5483 5621/7356/5486 5622/7354/5484
f 5621/7356/5486 5620/7357/5487 5622/7354/5484
f 5621/7356/5486 5613/7358/5488 5620/7357/5487
f 5613/7358/5488 5619/7359/5489 5620/7357/5487
f 5613/7358/5488 5612/7360/5490 5619/7359/5489
f 5613/7358/5488 5610/7361/5491 5612/7360/5490
f 5625/7362/5492 5626/7363/5493 5627/7364/5494
f 5610/7361/5491 5611/7365/5495 5612/7360/5490
f 5610/7361/5491 5614/7366/5496 5611/7365/5495
f 5610/7361/5491 5615/7367/5497 5614/7366/5496
f 5615/7367/5497 5616/7368/5498 5614/7366/5496
f 5615/7367/5497 5617/7369/5499 5616/7368/5498
f 5617/7369/5499 5618/7370/5500 5616/7368/5498
f 5643/7371/5501 5642/7372/5502 5641/7373/5503
f 5641/7373/5503 5642/7372/5502 5639/7374/5504
f 5641/7373/5503 5639/7374/5504 5640/7375/5505
f 5638/7376/5506 5639/7374/5507 5635/7377/5508
f 5638/7376/5506 5635/7377/5508 5637/7378/5509
f 5637/7378/5509 5635/7377/5508 5636/7379/5510
f 5636/7379/5510 5635/7377/5508 5634/7380/5511
f 5634/7380/5511 5635/7377/5508 5632/7381/5512
f 5634/7380/5511 5632/7381/5512 5633/7382/5513
f 5633/7382/5513 5632/7381/5512 5631/7383/5514
f 5631/7383/5514 5632/7381/5512 5629/7384/5515
f 5631/7383/5514 5629/7384/5515 5628/7385/5516
f 5628/7385/5516 5629/7384/5515 5630/7386/5517
f 5644/7387/5518 5629/7384/5519 5645/7388/5520
f 5645/7388/5520 5629/7384/5519 5646/7389/5521
f 5646/7389/5521 5629/7384/5519 5647/7390/5522
f 5647/7390/5522 5629/7384/5519 5648/7391/5523
f 5648/7391/5523 5649/7392/5524 5647/7390/5522
f 5648/7391/5523 5650/7393/5525 5649/7392/5524
f 5650/7393/5525 5651/7394/5526 5649/7392/5524
f 5650/7393/5525 5652/7395/5527 5651/7394/5526
f 5652/7395/5527 5653/7396/5528 5651/7394/5526
f 5653/7396/5528 5654/7397/5529 5651/7394/5526
f 5654/7397/5529 5655/7398/5530 5651/7394/5526
f 5654/7397/5529 5656/7399/5531 5655/7398/5530
f 5656/7399/5531 5657/7400/5532 5655/7398/5530
f 5657/7400/5532 5658/7401/5533 5655/7398/5530
f 5657/7400/5532 5659/7402/5534 5658/7401/5533
f 5659/7402/5534 5660/7403/5535 5658/7401/5533
f 5676/7404/5536 5675/7405/5537 5677/7406/5538
f 5676/7404/5536 5674/7407/5539 5675/7405/5537
f 5674/7407/5539 5673/7408/5540 5675/7405/5537
f 5674/7407/5539 5672/7409/5541 5673/7408/5540
f 5672/7409/5541 5669/7410/5542 5673/7408/5540
f 5673/7408/5540 5669/7410/5542 5665/7411/5543
f 5669/7410/5542 5667/7412/5544 5665/7411/5543
f 5665/7411/5543 5667/7412/5544 5666/7413/5545
f 5665/7411/5543 5666/7413/5545 5670/7414/5546
f 5665/7411/5543 5670/7414/5546 5668/7415/5547
f 5668/7415/5547 5670/7414/5546 5671/7416/5548
f 5668/7415/5547 5671/7416/5548 5664/7417/5549
f 5664/7417/5549 5661/7418/5550 5663/7419/5551
f 5664/7417/5549 5671/7416/5548 5661/7418/5550
f 5678/7420/5552 5661/7418/5553 5662/7421/5554
f 5774/7422/5555 5773/7423/5556 5771/7424/5557
f 5766/7425/5558 5760/7426/5559 5765/7427/5560
f 5797/7428/5561 5799/7429/5562 5800/7430/5563
f 5773/7423/5556 5770/7431/5564 5771/7424/5557
f 5771/7424/5557 5770/7431/5564 5769/7432/5565
f 5797/7428/5561 5798/7433/5566 5799/7429/5562
f 5771/7424/5557 5769/7432/5565 5768/7434/5567
f 5769/7432/5565 5767/7435/5568 5768/7434/5567
f 5767/7435/5568 5763/7436/5569 5768/7434/5567
f 5760/7426/5559 5764/7437/5570 5765/7427/5560
f 5767/7435/5568 5764/7437/5570 5763/7436/5569
f 5764/7437/5570 5790/7438/5571 5763/7436/5569
f 5764/7437/5570 5760/7426/5559 5790/7438/5571
f 5766/7425/5558 5761/7439/5572 5760/7426/5559
f 5763/7436/5569 5790/7438/5571 5762/7440/5573
f 5791/7441/5574 5772/7442/5575 5790/7443/5571
f 5761/7439/5572 5699/7444/5576 5760/7426/5559
f 5760/7426/5559 5699/7444/5576 5772/7445/5575
f 5763/7436/5569 5762/7440/5573 5789/7446/5577
f 5762/7440/5573 5790/7438/5571 5772/7445/5575
f 5762/7440/5573 5703/7447/5578 5789/7446/5577
f 5699/7444/5576 5702/7448/5579 5772/7445/5575
f 5762/7440/5573 5772/7445/5575 5702/7448/5579
f 5762/7449/5580 5788/7450/5581 5787/7451/5582
f 5702/7448/5579 5699/7444/5576 5701/7452/5583
f 5699/7444/5576 5706/7453/5584 5701/7452/5583
f 5702/7448/5579 5701/7452/5583 5705/7454/5585
f 5703/7455/5586 5702/7448/5579 5704/7456/5587
f 5705/7454/5585 5704/7456/5587 5702/7448/5579
f 5699/7444/5576 5784/7457/5588 5706/7453/5584
f 5706/7453/5584 5784/7457/5588 5704/7458/5589
f 5703/7455/5586 5704/7456/5587 5696/7459/5590
f 5704/7458/5589 5694/7460/5591 5695/7461/5592
f 5694/7460/5591 5704/7458/5589 5784/7457/5588
f 5696/7462/5593 5695/7461/5592 5694/7460/5591
f 5700/7463/5594 5693/7464/5595 5699/7444/5576
f 5699/7444/5576 5693/7464/5595 5784/7457/5588
f 5694/7460/5591 5697/7465/5596 5696/7462/5593
f 5694/7460/5591 5707/7466/5597 5697/7465/5596
f 5784/7467/5588 5707/7468/5598 5783/7469/5599
f 5693/7464/5595 5777/7470/5600 5784/7457/5588
f 5784/7457/5588 5777/7470/5600 5707/7471/5598
f 5777/7470/5600 5708/7472/5601 5707/7471/5598
f 5777/7473/5600 5778/7474/5602 5708/7475/5601
f 5697/7465/5596 5691/7476/5603 5696/7462/5593
f 5697/7465/5596 5708/7472/5604 5698/7477/5605
f 5777/7470/5600 5693/7464/5595 5698/7477/5605
f 5693/7464/5595 5692/7478/5606 5698/7477/5605
f 5697/7465/5596 5698/7477/5605 5691/7476/5603
f 5711/7479/5607 5709/7480/5608 5693/7464/5595
f 5693/7464/5595 5709/7480/5608 5692/7478/5606
f 5709/7480/5608 5710/7481/5609 5692/7478/5606
f 5692/7478/5606 5691/7476/5603 5698/7477/5605
f 5692/7478/5606 5690/7482/5610 5691/7476/5603
f 5709/7480/5608 5690/7482/5610 5710/7481/5609
f 5709/7480/5608 5713/7483/5611 5690/7482/5610
f 5690/7482/5610 5713/7483/5611 5689/7484/5612
f 5690/7482/5610 5689/7484/5612 5691/7476/5603
f 5689/7484/5612 5685/7485/5613 5691/7476/5603
f 5689/7484/5612 5716/7486/5614 5685/7485/5613
f 5691/7476/5603 5685/7485/5613 5688/7487/5615
f 5688/7487/5615 5685/7485/5613 5687/7488/5616
f 5713/7483/5617 5681/7489/5618 5716/7486/5614
f 5687/7488/5616 5685/7485/5613 5686/7490/5619
f 5716/7486/5614 5683/7491/5620 5685/7485/5613
f 5716/7486/5614 5682/7492/5621 5683/7491/5620
f 5685/7485/5613 5683/7491/5620 5684/7493/5622
f 5685/7485/5613 5684/7493/5622 5715/7494/5623
f 5682/7492/5621 5716/7486/5614 5681/7489/5618
f 5682/7492/5621 5681/7489/5618 5679/7495/5624
f 5679/7495/5624 5681/7489/5618 5722/7496/5625
f 5684/7493/5626 5679/7495/5624 5680/7497/5627
f 5684/7493/5626 5680/7497/5627 5786/7498/5628
f 5681/7489/5618 5721/7499/5629 5714/7500/5630
f 5681/7489/5618 5714/7500/5630 5722/7496/5625
f 5722/7496/5625 5712/7501/5631 5679/7495/5624
f 5680/7497/5627 5679/7495/5624 5712/7501/5631
f 5680/7497/5627 5717/7502/5632 5786/7498/5628
f 5721/7503/5633 5720/7504/5634 5722/7505/5635
f 5775/7506/5636 5720/7507/5637 5712/7508/5631
f 5720/7507/5637 5680/7509/5627 5712/7508/5631
f 5720/7507/5637 5776/7510/5638 5680/7509/5627
f 5680/7497/5627 5718/7511/5639 5717/7502/5632
f 5721/7503/5633 5724/7512/5640 5720/7504/5634
f 5720/7504/5634 5724/7512/5640 5719/7513/5641
f 5719/7513/5641 5718/7511/5639 5680/7497/5627
f 5801/7514/5642 5757/7515/5643 5724/7512/5640
f 5719/7513/5641 5724/7512/5640 5723/7516/5644
f 5719/7513/5641 5723/7516/5644 5718/7511/5639
f 5757/7515/5643 5723/7516/5644 5724/7512/5640
f 5801/7514/5642 5735/7517/5645 5757/7515/5643
f 5735/7517/5645 5725/7518/5646 5757/7515/5643
f 5757/7515/5643 5759/7519/5647 5723/7516/5644
f 5779/7520/5648 5759/7521/5649 5718/7522/5639
f 5718/7511/5639 5727/7523/5650 5717/7502/5632
f 5759/7519/5649 5725/7518/5646 5718/7511/5639
f 5718/7511/5639 5725/7518/5646 5727/7523/5650
f 5735/7517/5645 5726/7524/5651 5725/7518/5646
f 5782/7525/5652 5781/7526/5653 5780/7527/5654
f 5725/7518/5646 5726/7524/5651 5727/7523/5650
f 5785/7528/5655 5726/7524/5651 5733/7529/5656
f 5726/7524/5651 5785/7528/5655 5727/7523/5650
f 5733/7529/5656 5734/7530/5657 5730/7531/5658
f 5733/7529/5656 5730/7531/5658 5785/7528/5655
f 5785/7528/5655 5730/7531/5658 5731/7532/5659
f 5785/7528/5655 5731/7532/5659 5729/7533/5660
f 5785/7528/5655 5729/7533/5660 5728/7534/5661
f 5730/7531/5658 5732/7535/5662 5731/7532/5659
f 5732/7535/5662 5737/7536/5663 5738/7537/5664
f 5729/7533/5660 5731/7532/5659 5738/7537/5665
f 5729/7533/5660 5737/7536/5663 5736/7538/5666
f 5729/7533/5660 5736/7538/5666 5728/7534/5661
f 5730/7531/5658 5742/7539/5667 5732/7535/5662
f 5732/7535/5662 5742/7539/5667 5736/7538/5666
f 5736/7538/5666 5737/7536/5663 5732/7535/5662
f 5739/7540/5668 5740/7541/5669 5728/7542/5670
f 5736/7538/5666 5742/7539/5667 5741/7543/5671
f 5739/7540/5668 5736/7538/5666 5740/7541/5669
f 5736/7538/5666 5741/7543/5671 5740/7541/5669
f 5742/7539/5667 5743/7544/5672 5741/7543/5671
f 5741/7545/5673 5747/7546/5674 5748/7547/5675
f 5742/7539/5667 5745/7548/5676 5743/7544/5672
f 5743/7544/5672 5746/7549/5677 5747/7546/5674
f 5744/7550/5678 5745/7548/5676 5742/7539/5667
f 5744/7550/5678 5794/7551/5679 5745/7548/5676
f 5744/7550/5678 5756/7552/5680 5794/7551/5679
f 5743/7544/5672 5745/7548/5676 5746/7549/5677
f 5746/7549/5677 5749/7553/5681 5747/7546/5674
f 5792/7554/5682 5793/7555/5683 5749/7556/5681
f 5748/7547/5675 5747/7546/5674 5749/7553/5681
f 5749/7556/5681 5793/7555/5683 5794/7557/5679
f 5749/7553/5681 5794/7551/5679 5758/7558/5684
f 5749/7553/5681 5796/7559/5685 5748/7547/5675
f 5796/7559/5685 5751/7560/5686 5748/7547/5675
f 5756/7552/5680 5755/7561/5687 5794/7551/5679
f 5758/7562/5684 5795/7563/5688 5796/7564/5685
f 5758/7558/5684 5794/7551/5679 5754/7565/5689
f 5758/7558/5684 5796/7559/5685 5749/7553/5681
f 5754/7565/5689 5794/7551/5679 5755/7561/5687
f 5755/7561/5687 5753/7566/5690 5754/7565/5689
f 5754/7565/5689 5751/7560/5686 5750/7567/5691
f 5754/7565/5689 5753/7566/5690 5751/7560/5686
f 5750/7567/5691 5751/7560/5686 5796/7559/5685
f 5753/7566/5690 5752/7568/5692 5751/7560/5686
f 5819/7569/5693 5820/7570/5694 5821/7571/5695
f 5812/7572/5696 5811/7573/5697 5815/7574/5698
f 5812/7572/5696 5815/7574/5698 5813/7575/5699
f 5813/7575/5699 5814/7576/5700 5816/7577/5701
f 5813/7575/5699 5815/7574/5698 5814/7576/5700
f 5816/7577/5701 5814/7576/5700 5817/7578/5702
f 5816/7577/5701 5817/7578/5702 5818/7579/5703
f 5810/7580/5704 5809/7581/5705 2518/7582/2487
f 5809/7581/5705 5805/7583/5706 5804/7584/2489
f 5809/7581/5705 5804/7584/2489 2518/7582/2487
f 5804/7584/2489 5805/7583/5706 5803/7585/5707
f 5804/7584/2489 5803/7585/5707 5802/7586/5708
f 5802/7586/5708 5803/7585/5707 5806/7587/5709
f 5806/7587/5709 5803/7585/5707 5807/7588/5710
f 5808/7589/5711 5806/7587/5709 5807/7588/5710
f 5823/7590/5712 5824/7591/5713 5822/7592/5714
f 5826/7593/5715 5827/7594/5716 5828/7595/5717
f 5829/7596/5718 5831/7597/5719 5830/7598/5720
f 5829/7596/5718 5832/7599/5721 5831/7597/5719
f 5833/7600/5722 5834/7601/5723 5835/7602/5724
f 5836/7603/5725 5838/7604/5726 5837/7605/5727
f 1697/7606/5728 5855/7607/5729 5856/7608/5730
f 5856/7608/5730 5855/7607/5729 5857/7609/5731
f 5841/7610/5732 5843/7611/5733 1887/7612/5734
f 5841/7610/5732 1887/7612/5734 5839/7613/5735
f 5839/7613/5735 1887/7612/5734 5840/7614/5736
f 5858/7615/5737 5859/7616/5738 5860/7617/5739
f 5860/7617/5739 5859/7616/5738 3161/7618/5740
f 5839/7613/5735 5840/7614/5736 5842/7619/5741
f 5852/7620/5742 3161/7621/5743 5853/7622/5744
f 5853/7622/5744 3161/7621/5743 5854/7623/5745
f 5844/7624/5746 5845/7625/5747 1874/7626/5748
f 1874/7626/5748 5845/7625/5747 5847/7627/5749
f 5845/7625/5747 5846/7628/5750 5847/7627/5749
f 5847/7627/5749 5846/7628/5750 5848/7629/5751
f 5848/7629/5751 5846/7628/5750 5849/7630/5752
f 5848/7629/5751 5849/7630/5752 5850/7631/5753
f 5861/7632/5754 5865/7633/5755 5862/7634/5756
f 5864/7635/5757 5861/7632/5754 5863/7636/5758
f 5861/7632/5754 5862/7634/5756 5863/7636/5758
f 5866/7637/5759 5867/7638/5760 5868/7639/5761
f 5869/7640/5762 5871/7641/5763 5870/7642/5764
f 5872/7643/5765 5873/7644/5766 5874/7645/5767
f 5872/7643/5765 5874/7645/5767 5875/7646/5768
f 5874/7645/5767 5873/7644/5766 5876/7647/5769
f 5879/7648/5770 5878/7649/5771 5877/7650/5772
f 5880/7651/5773 5882/7652/5774 5885/7653/5775
f 5880/7651/5773 5881/7654/5776 5882/7652/5774
f 5880/7651/5773 5883/7655/5777 5881/7654/5776
f 5881/7654/5776 5883/7655/5777 5884/7656/5778
f 5889/7657/5779 5886/7658/5780 5888/7659/5781
f 5886/7658/5780 5887/7660/5782 5888/7659/5781
f 5894/7661/5783 5890/7662/5784 5895/7663/5785
f 5894/7661/5783 5893/7664/5786 5890/7662/5784
f 5893/7664/5786 5891/7665/5787 5890/7662/5784
f 5890/7662/5784 5892/7666/5788 5896/7667/5789
f 5890/7662/5784 5891/7665/5787 5892/7666/5788
f 5897/7668/5790 5899/7669/5791 5898/7670/5792
f 5898/7670/5792 5900/7671/5793 5897/7668/5790
f 5903/7672/5794 5902/7673/5795 5901/7674/5796
f 5904/7675/5797 5905/7676/5798 5906/7677/5799
f 5907/7678/5800 5910/7679/5801 5912/7680/5802
f 5912/7680/5802 5913/7681/5803 5914/7682/5804
f 5912/7680/5802 5910/7679/5801 5913/7681/5803
f 5917/7683/5805 5915/7684/5806 5916/7685/5807
f 5908/7686/5808 5909/7687/5809 5907/7678/5800
f 5907/7678/5800 5909/7687/5809 5910/7679/5801
f 5908/7686/5808 5911/7688/5810 5909/7687/5809
f 5932/7689/5811 5931/7690/5812 5930/7691/5813
f 5927/7692/5814 5926/7693/5815 5923/7694/5816
f 5926/7693/5815 5929/7695/5817 5923/7694/5816
f 5923/7696/5818 5924/7697/5819 5925/7698/5820
f 5923/7696/5818 5925/7698/5820 5928/7699/5821
f 5918/7700/5822 3347/7701/5823 5919/7702/5824
f 5921/7703/5825 5918/7700/5822 5920/7704/5826
f 5918/7700/5822 5919/7702/5824 5920/7704/5826
f 5921/7703/5825 5920/7704/5826 5922/7705/5827
f 5955/7706/5828 5953/7707/5829 5891/7708/5830
f 5953/7707/5829 5952/7709/5831 5891/7708/5830
f 5955/7706/5828 5891/7708/5830 5956/7710/5832
f 5952/7709/5831 5950/7711/5833 5891/7708/5830
f 5952/7709/5831 5948/7712/5834 5950/7711/5833
f 5948/7712/5834 5940/7713/5835 5950/7711/5833
f 5950/7711/5833 5919/7714/5836 5954/7715/5837
f 5940/7713/5835 5951/7716/5838 5950/7711/5833
f 5940/7713/5835 6073/7717/5839 5949/7718/5840
f 5951/7716/5838 5919/7714/5836 5950/7711/5833
f 5948/7712/5834 5939/7719/5841 5940/7713/5835
f 5940/7713/5835 5939/7719/5841 6073/7717/5839
f 5939/7719/5841 5934/7720/5842 6073/7717/5839
f 5949/7718/5840 6073/7717/5839 5941/7721/5843
f 5939/7719/5841 5942/7722/5844 5934/7720/5842
f 5942/7722/5844 5943/7723/5845 5934/7720/5842
f 5943/7723/5845 5933/7724/5846 5934/7720/5842
f 5933/7724/5846 5935/7725/5847 5934/7720/5842
f 5935/7725/5847 5936/7726/5848 5934/7720/5842
f 5935/7725/5847 5937/7727/5849 5936/7726/5848
f 5935/7725/5847 5938/7728/5850 5937/7727/5849
f 5938/7728/5850 5944/7729/5851 5937/7727/5849
f 5938/7728/5850 5945/7730/5852 5944/7729/5851
f 5958/7731/5853 5965/7732/5854 5957/7733/5855
f 5958/7731/5853 5957/7733/5855 5959/7734/5856
f 5962/7735/5857 5963/7736/5858 5965/7737/5859
f 5945/7730/5852 5946/7738/5860 5944/7729/5851
f 5946/7738/5860 5947/7739/5861 5944/7729/5851
f 5957/7733/5855 5965/7732/5854 5960/7740/5862
f 5962/7735/5857 5961/7741/5863 5963/7736/5858
f 5963/7736/5858 5961/7741/5863 5964/7742/5864
f 5967/7743/5865 5849/7744/5866 5968/7745/5867
f 5966/7746/5868 5967/7743/5865 5968/7745/5867
f 5969/7747/5869 5971/7748/5870 5970/7749/5871
f 5975/7750/5872 5973/7751/5873 5972/7752/5874
f 5977/7753/5875 3169/7754/5876 5978/7755/5877
f 5977/7753/5875 5976/7756/5878 3169/7754/5876
f 5972/7752/5874 5973/7751/5873 5974/7757/5879
f 5979/7758/5880 5980/7759/5881 5981/7760/5882
f 5979/7758/5880 5982/7761/5883 5980/7759/5881
f 5985/7762/5884 5984/7763/5885 5983/7764/5886
f 5984/7763/5885 5987/7765/5887 5983/7764/5886
f 5988/7766/5888 5983/7764/5886 5986/7767/5889
f 5983/7764/5886 5987/7765/5887 5986/7767/5889
f 5991/7768/5890 5990/7769/5891 5989/7770/5892
f 5994/7771/5893 5993/7772/5894 1435/7773/5895
f 1435/7773/5895 5993/7772/5894 5992/7774/5896
f 6326/7775/1714 5995/7776/5897 6330/7777/5898
f 6330/7777/5898 5995/7776/5897 5996/7778/5899
f 5974/7779/5900 5998/7780/5901 5997/7781/5902
f 5997/7781/5902 5998/7780/5901 5999/7782/5903
f 6002/7783/5904 6000/7784/5905 6001/7785/5906
f 6036/7786/5907 6037/7787/5908 6033/7788/5909
f 6036/7786/5907 6033/7788/5909 6035/7789/5910
f 6035/7789/5910 6033/7788/5909 6034/7790/5911
f 6034/7790/5911 6033/7788/5909 6032/7791/5912
f 6032/7791/5912 6033/7788/5909 6031/7792/5913
f 6032/7791/5912 6031/7792/5913 6029/7793/5914
f 6029/7793/5914 6031/7792/5913 6038/7794/5915
f 6029/7793/5914 6030/7795/5916 6026/7796/5917
f 6029/7793/5914 6038/7794/5915 6030/7795/5916
f 6026/7796/5918 6027/7797/5919 6176/7798/5920
f 6026/7796/5918 6028/7799/5921 6027/7797/5919
f 6026/7796/5918 6176/7798/5920 6005/7800/5922
f 6005/7800/5922 6176/7798/5920 6025/7801/5923
f 6176/7798/5920 6039/7802/5924 6025/7801/5923
f 6005/7800/5922 6025/7801/5923 6008/7803/5925
f 6003/7804/5926 6005/7800/5922 6006/7805/5927
f 6005/7800/5922 6008/7803/5925 6006/7805/5927
f 6006/7805/5927 6008/7803/5925 6018/7806/5928
f 6008/7803/5925 6019/7807/5929 6018/7806/5928
f 6005/7800/5922 6003/7804/5926 6004/7808/5930
f 6005/7800/5922 6004/7808/5930 6007/7809/5931
f 6013/7810/5932 6007/7809/5931 6010/7811/5933
f 6013/7810/5932 6010/7811/5933 6014/7812/5934
f 6007/7809/5931 6009/7813/5935 6010/7811/5933
f 6007/7809/5931 6004/7808/5930 6009/7813/5935
f 6010/7811/5933 6009/7813/5935 6011/7814/5936
f 6010/7811/5933 6011/7814/5936 3087/7815/5937
f 6011/7814/5936 6009/7813/5935 6017/7816/5938
f 3087/7815/5937 6011/7814/5936 6012/7817/5939
f 6013/7810/5932 6014/7812/5934 6015/7818/5940
f 6549/7819/5941 6055/7820/5942 6054/7821/5943
f 6041/7822/5944 6040/7823/5945 6042/7824/5946
f 6054/7821/5943 6057/7825/5947 6056/7826/5948
f 6058/7827/5949 6059/7828/5950 6057/7825/5947
f 6058/7827/5949 6060/7829/5951 6059/7828/5950
f 6058/7827/5949 6061/7830/5952 6060/7829/5951
f 6057/7825/5947 6059/7828/5950 6056/7826/5948
f 6062/7831/5953 6063/7832/5954 6064/7833/5955
f 6549/7819/5941 6054/7821/5943 6056/7826/5948
f 6054/7821/5943 6055/7820/5942 6053/7834/5956
f 6051/7835/5957 6050/7836/5958 6049/7837/5959
f 6053/7834/5956 6055/7820/5942 6052/7838/5960
f 6050/7836/5958 6051/7835/5957 3331/7839/5961
f 6015/7818/5940 6014/7812/5934 6016/7840/5962
f 6044/7841/5963 6049/7837/5959 3305/7842/5964
f 6049/7837/5959 6050/7836/5958 3305/7842/5964
f 6015/7818/5940 6016/7840/5962 2626/7843/5965
f 6044/7841/5963 3305/7842/5964 6043/7844/5966
f 6016/7840/5962 6020/7845/5967 2626/7843/5965
f 6043/7844/5966 3305/7842/5964 6045/7846/5968
f 6043/7844/5966 6045/7846/5968 6046/7847/5969
f 6046/7847/5969 6045/7846/5968 6047/7848/5970
f 6047/7848/5970 6045/7846/5968 6048/7849/5971
f 2626/7843/5965 6020/7845/5967 6021/7850/5972
f 6021/7850/5972 6020/7845/5967 6022/7851/5973
f 6023/7852/5974 6022/7851/5975 6024/7853/5976
f 6073/7854/5977 6074/7855/5978 6075/7856/5979
f 6071/7857/5980 6069/7858/5981 6070/7859/5982
f 6069/7858/5981 6066/7860/5983 6070/7859/5982
f 6069/7858/5981 6067/7861/5984 6066/7860/5983
f 6069/7858/5981 6065/7862/5985 6067/7861/5984
f 6068/7863/5986 6066/7860/5983 6067/7861/5984
f 6068/7863/5986 6072/7864/5987 6066/7860/5983
f 6078/7865/5988 6077/7866/5989 6079/7867/5990
f 6076/7868/5991 6077/7866/5989 6078/7865/5988
f 6118/7869/5992 6117/7870/5993 6116/7871/5994
f 6116/7871/5994 6117/7870/5993 6112/7872/5995
f 6115/7873/5996 6112/7872/5997 6114/7874/5998
f 6114/7874/5998 6112/7872/5997 6111/7875/5999
f 6111/7875/5999 6112/7872/5997 6096/7876/6000
f 6111/7875/5999 6096/7876/6000 6110/7877/6001
f 6110/7877/6001 6096/7876/6000 6109/7878/6002
f 6109/7878/6002 6096/7876/6000 6108/7879/6003
f 6113/7880/6004 6108/7879/6003 6107/7881/6005
f 6108/7879/6003 6096/7876/6000 6107/7881/6005
f 6107/7881/6005 6096/7876/6000 6106/7882/6006
f 6106/7882/6006 6096/7876/6000 6105/7883/6007
f 6105/7883/6007 6096/7876/6000 6104/7884/6008
f 6104/7884/6008 6096/7876/6000 6101/7885/6009
f 6101/7885/6009 6096/7876/6000 6100/7886/6010
f 6100/7886/6010 6096/7876/6000 6103/7887/6011
f 6103/7887/6011 6096/7876/6000 6098/7888/6012
f 6097/7889/6013 6095/7890/6014 6099/7891/6015
f 6098/7888/6012 6096/7876/6000 6097/7889/6013
f 6097/7889/6013 6096/7876/6000 6095/7890/6014
f 6095/7890/6014 6096/7876/6000 6090/7892/6016
f 6095/7890/6014 6090/7892/6016 6094/7893/6017
f 6094/7893/6017 6090/7892/6016 6093/7894/6018
f 6093/7894/6018 6090/7892/6016 6092/7895/3166
f 6092/7895/3166 6090/7892/6016 6091/7896/3161
f 6091/7896/3161 6090/7892/6016 6089/7897/3180
f 6089/7897/3180 6090/7892/6016 6081/7898/6019
f 6089/7897/3180 6081/7898/6019 6085/7899/6020
f 6085/7899/6020 6081/7898/6019 6084/7900/6021
f 6084/7900/6021 6081/7898/6019 6083/7901/6022
f 6083/7901/6022 6081/7898/6019 6080/7902/6023
f 6080/7902/6023 6081/7898/6019 6082/7903/6024
f 6080/7902/6023 6082/7903/6024 6086/7904/6025
f 6086/7904/6025 6082/7903/6024 6087/7905/6026
f 6087/7905/6026 6082/7903/6024 6088/7906/6027
f 6087/7905/6026 6088/7906/6027 6102/7907/6028
f 6102/7907/6028 6088/7906/6027 6119/7908/6029
f 6119/7908/6029 6088/7906/6027 6120/7909/6030
f 6119/7908/6029 6120/7909/6030 6121/7910/6031
f 6121/7910/6031 6120/7909/6030 6122/7911/6032
f 6123/7912/6033 6120/7909/6030 6124/7913/6034
f 6122/7911/6032 6120/7909/6030 6123/7912/6033
f 6120/7909/6030 6125/7914/6035 6124/7913/6034
f 6124/7913/6034 6125/7914/6035 6126/7915/6036
f 6124/7913/6034 6126/7915/6036 6127/7916/6037
f 6127/7916/6037 6126/7915/6036 6128/7917/6038
f 6131/7918/6039 6130/7919/6040 6129/7920/6041
f 6130/7919/6040 6132/7921/6042 6129/7920/6041
f 6133/7922/6043 6134/7923/6044 6135/7924/6045
f 6136/7925/6046 6137/7926/6047 6139/7927/6048
f 6137/7926/6047 6138/7928/6049 6139/7927/6048
f 6155/7929/6050 6153/7930/6051 6154/7931/6052
f 6153/7930/6051 6152/7932/6053 6154/7931/6052
f 6148/7933/6054 6147/7934/6055 6152/7932/6053
f 6148/7933/6054 6145/7935/6056 6147/7934/6055
f 6153/7930/6051 6148/7933/6054 6152/7932/6053
f 6145/7935/6056 6146/7936/6057 6147/7934/6055
f 6146/7936/6057 6149/7937/6058 6147/7934/6055
f 6146/7936/6057 6150/7938/6059 6149/7937/6058
f 6151/7939/6060 6142/7940/6061 6149/7937/6058
f 6150/7938/6059 6151/7939/6060 6149/7937/6058
f 6143/7941/6062 6144/7942/6063 6142/7943/6064
f 6140/7944/6065 6141/7945/6066 6142/7943/6064
f 6141/7945/6066 6143/7941/6062 6142/7943/6064
f 6157/7946/6067 6156/7947/6068 6158/7948/6069
f 6157/7946/6067 6158/7948/6069 5522/7949/6070
f 5521/7950/6071 6159/7951/6072 6160/7952/6073
f 6162/7953/6074 6163/7954/6075 6161/7955/6076
f 6162/7953/6074 6164/7956/6077 6163/7954/6075
f 6166/7957/6078 6167/7958/6079 6165/7959/6080
f 6170/7960/6081 6167/7961/6082 6168/7962/6083
f 6170/7960/6081 6169/7963/6084 6167/7961/6082
f 6171/7964/6085 6172/7965/6086 6173/7966/6087
f 6174/7967/6088 6177/7968/6089 6175/7969/6090
f 6174/7967/6088 6175/7969/6090 6176/7970/6091
f 6173/7971/6092 6178/7972/6093 6175/7969/6094
f 6179/7973/6095 6180/7974/6096 6181/7975/6097
f 6181/7975/6097 6180/7974/6096 6182/7976/6098
f 6183/7977/6099 6184/7978/6100 6185/7979/6101
f 6188/7980/6102 6187/7981/6103 6186/7982/6104
f 6191/7983/6105 6189/7984/6106 6190/7985/6107
f 6189/7984/6106 6192/7986/6108 6190/7985/6107
f 6193/7987/6109 6195/7988/6110 6194/7989/6111
f 6201/7990/6112 6199/7991/6113 6198/7992/6114
f 6198/7992/6114 6199/7991/6113 6200/7993/6115
f 6198/7992/6114 6200/7993/6115 6197/7994/6116
f 6197/7994/6116 6200/7993/6115 6196/7995/6117
f 6202/7996/6118 6203/7997/6119 6204/7998/6120
f 6208/7999/6121 6209/8000/6122 6205/8001/6123
f 6208/7999/6121 6205/8001/6123 6207/8002/6124
f 6207/8002/6124 6205/8001/6123 6206/8003/6125
f 6207/8002/6124 6206/8003/6125 6210/8004/6126
f 3122/8005/6127 6212/8006/6128 6211/8007/6129
f 6214/8008/6130 6216/8009/6131 6215/8010/6132
f 6218/8011/6133 6214/8008/6130 6215/8010/6132
f 6217/8012/6134 6216/8009/6131 6214/8008/6130
f 6225/8013/6135 6224/8014/6136 6223/8015/6137
f 6228/8016/6138 6223/8015/6137 6224/8014/6136
f 6225/8013/6135 6227/8017/6139 6224/8014/6136
f 6227/8017/6139 6221/8018/6140 6224/8014/6136
f 6227/8017/6139 6226/8019/6141 6221/8018/6140
f 6219/8020/6142 6222/8021/6143 6220/8022/6144
f 6221/8018/6145 6219/8020/6142 6220/8022/6144
f 6229/8023/6146 6230/8024/6147 6231/8025/6148
f 6234/8026/6149 6233/8027/6150 6232/8028/6151
f 6235/8029/6152 6236/8030/6153 6237/8031/6154
f 6240/8032/6155 6239/8033/6156 6238/8034/6157
f 6239/8033/6156 6276/8035/6158 6238/8034/6157
f 6241/8036/6159 6242/8037/6160 6243/8038/6161
f 6241/8036/6159 6243/8038/6161 6244/8039/6162
f 6245/8040/6163 6243/8038/6161 6242/8037/6160
f 6246/8041/6164 6248/8042/6165 889/8043/6166
f 889/8043/6166 6248/8042/6165 6247/8044/6167
f 6248/8042/6165 6249/8045/6168 6247/8044/6167
f 6260/8046/6169 6256/8047/6170 6250/8048/6171
f 6256/8047/6170 6258/8049/6172 6257/8050/6173
f 6256/8047/6170 6257/8050/6173 6253/8051/6174
f 6250/8048/6171 6256/8047/6170 6253/8051/6174
f 6253/8051/6174 6252/8052/6175 6250/8048/6171
f 6250/8048/6171 6252/8052/6175 6251/8053/6176
f 6250/8048/6171 6317/8054/6177 6254/8055/6178
f 6250/8048/6171 6251/8053/6176 6317/8054/6177
f 6254/8055/6178 6317/8054/6177 6255/8056/6179
f 6254/8055/6178 6255/8056/6179 6259/8057/6180
f 6274/8058/6181 6266/8059/6182 6276/8060/6183
f 6275/8061/6184 6273/8062/6185 6274/8058/6181
f 6274/8058/6181 6273/8062/6185 6266/8059/6182
f 6276/8060/6183 6266/8059/6182 6263/8063/6186
f 6263/8063/6186 6266/8059/6182 6262/8064/6187
f 6263/8063/6186 6262/8064/6187 6261/8065/6188
f 6262/8064/6187 6266/8059/6182 6264/8066/6189
f 6267/8067/6190 6261/8065/6191 6268/8068/6192
f 6262/8064/6187 6264/8066/6189 6265/8069/6193
f 6265/8069/6193 6264/8066/6189 6269/8070/6194
f 6265/8069/6193 6269/8070/6194 6270/8071/6195
f 6267/8067/6190 6268/8068/6192 6277/8072/6196
f 6271/8073/6197 6270/8071/6195 6269/8070/6194
f 6271/8073/6197 6269/8070/6194 6272/8074/6198
f 6287/8075/6199 6278/8076/6200 6280/8077/6201
f 6287/8075/6199 6279/8078/6202 6278/8076/6200
f 6281/8079/6203 6282/8080/6204 6279/8078/6202
f 6287/8075/6199 6281/8079/6203 6279/8078/6202
f 6283/8081/6205 6282/8080/6204 6281/8079/6203
f 6284/8082/6206 6285/8083/6207 6286/8084/6208
f 6288/8085/6209 6289/8086/6210 6290/8087/6211
f 6292/8088/6212 6293/8089/6213 6291/8090/6214
f 6296/8091/6215 6294/8092/6216 6295/8093/6217
f 6296/8091/6215 6297/8094/6218 6294/8092/6216
f 6296/8091/6215 6298/8095/6219 6297/8094/6218
f 6298/8095/6219 6299/8096/6220 6297/8094/6218
f 6301/8097/6221 6303/8098/6222 6302/8099/6223
f 6305/8100/6224 6304/8101/6225 6306/8102/6226
f 6305/8100/6224 6306/8102/6226 5534/8103/6227
f 6306/8102/6226 6304/8101/6225 6307/8104/6228
f 6308/8105/6229 6310/8106/6230 6309/8107/6231
f 6311/8108/6232 6312/8109/6233 6313/8110/6234
f 6316/8111/6235 6315/8112/6236 6317/8113/6237
f 6316/8111/6235 6314/8114/6238 6315/8112/6236
f 6320/8115/6239 6321/8116/6240 6319/8117/6241
f 6314/8114/6238 6318/8118/6242 6315/8112/6236
f 6326/8119/1714 6330/8120/5898 6325/8121/3177
f 6326/8119/1714 6325/8121/3177 1477/8122/1715
f 6325/8121/3177 6330/8120/5898 6329/8123/6243
f 1477/8122/1715 6325/8121/3177 6327/8124/3178
f 6324/8125/6244 6323/8126/3149 1393/8127/6245
f 1393/8127/6245 6323/8126/3149 6322/8128/3208
f 6330/8129/5898 6328/8130/6246 6329/8131/6243
f 6328/8130/6246 6332/8132/6247 6329/8131/6243
f 6333/8133/6248 6334/8134/6249 6335/8135/6250
f 6335/8136/6251 6332/8137/6252 6331/8138/6253
f 6338/8139/6254 6336/8140/6255 6339/8141/6256
f 6336/8140/6255 6337/8142/6257 6339/8141/6256
f 6336/8140/6255 6340/8143/6258 6337/8142/6257
f 6344/8144/6259 6343/8145/6260 6342/8146/6261
f 6343/8145/6260 6341/8147/6262 6342/8146/6261
f 6341/8147/6262 6346/8148/6263 6342/8146/6261
f 6345/8149/6264 6346/8148/6263 6341/8147/6262
f 6347/8150/6265 6349/8151/6266 6348/8152/6267
f 6350/8153/6268 6352/8154/6269 6351/8155/6270
f 6353/8156/6271 6355/8157/6272 6354/8158/6273
f 6355/8157/6272 6358/8159/6274 6354/8158/6273
f 6358/8159/6274 6359/8160/6275 6354/8158/6273
f 1058/8161/6276 6356/8162/6277 6358/8159/6278
f 6356/8162/6277 6357/8163/6279 6358/8159/6278
f 6356/8164/6280 6361/8165/6281 6360/8166/6282
f 6356/8164/6280 6362/8167/6283 6361/8165/6281
f 6379/8168/6284 6378/8169/6285 6367/8170/6286
f 6381/8171/6287 6379/8168/6284 6367/8170/6286
f 6367/8170/6286 6368/8172/6288 6366/8173/6289
f 6380/8174/6290 6381/8171/6287 6367/8170/6286
f 6367/8170/6286 6366/8173/6289 6380/8174/6290
f 6380/8174/6290 6366/8173/6289 6365/8175/6291
f 6380/8174/6290 6365/8175/6291 3008/8176/6292
f 6380/8174/6290 3008/8176/6292 6363/8177/6293
f 6363/8177/6293 3008/8176/6292 6364/8178/6294
f 3008/8176/6292 6369/8179/6295 6364/8178/6294
f 6364/8178/6294 6369/8179/6295 6370/8180/6296
f 6364/8178/6294 6370/8180/6296 6371/8181/6297
f 6371/8181/6297 6370/8180/6296 6372/8182/3200
f 6371/8181/6297 6372/8182/3200 3102/8183/3204
f 6371/8181/6297 3102/8183/3204 6373/8184/6298
f 6371/8181/6297 6373/8184/6298 6374/8185/6299
f 6374/8185/6299 6373/8184/6298 6375/8186/6300
f 6374/8185/6299 6375/8186/6300 6376/8187/6301
f 6376/8187/6301 6375/8186/6300 6377/8188/6302
f 6382/8189/6303 6383/8190/6304 6388/8191/6305
f 6383/8190/6304 6384/8192/6306 3016/8193/6307
f 6388/8191/6305 6383/8190/6304 3016/8193/6307
f 6388/8191/6305 3016/8193/6307 6386/8194/6308
f 6386/8194/6308 3016/8193/6307 6385/8195/6309
f 6386/8194/6308 6385/8195/6309 6387/8196/6310
f 6392/8197/6311 6389/8198/6312 6391/8199/6313
f 6389/8198/6312 6390/8200/6314 6391/8199/6313
f 6395/8201/6315 6393/8202/6316 6394/8203/6317
f 6395/8201/6315 6407/8204/6318 6393/8202/6316
f 6401/8205/6319 6431/8206/6320 6399/8207/6321
f 6431/8206/6320 6411/8208/6322 6399/8207/6321
f 6408/8209/6323 6401/8210/6319 6397/8211/6324
f 6397/8211/6324 6401/8210/6319 6402/8212/6325
f 6397/8211/6324 6405/8213/6326 6406/8214/6327
f 6397/8211/6324 6402/8212/6325 6405/8213/6326
f 6408/8209/6323 6397/8211/6324 6398/8215/6328
f 6397/8211/6324 6406/8214/6327 6396/8216/6329
f 6398/8215/6328 6397/8211/6324 6396/8216/6329
f 6403/8217/6330 6402/8212/6325 6400/8218/6331
f 6402/8212/6325 6401/8210/6319 6400/8218/6331
f 6404/8219/6332 6400/8218/6331 6396/8216/6329
f 6403/8217/6330 6400/8218/6331 6404/8219/6332
f 6401/8210/6319 6399/8220/6321 6400/8218/6331
f 6396/8216/6329 6400/8218/6331 6398/8215/6328
f 6398/8215/6328 6400/8218/6331 6399/8220/6321
f 6408/8221/6323 6398/8222/6328 6407/8223/6333
f 6409/8224/6334 6410/8225/6335 6407/8223/6333
f 6407/8223/6333 6398/8222/6328 6409/8224/6334
f 6398/8226/6328 6411/8227/6322 6412/8228/6336
f 6398/8226/6328 6399/8229/6321 6411/8227/6322
f 6421/8230/6337 6422/8231/6338 6420/8232/6339
f 3672/8233/6340 6416/8234/6341 6423/8235/6342
f 6416/8234/6341 6415/8236/6343 6423/8235/6342
f 6420/8232/6339 6422/8231/6338 6419/8237/6344
f 6416/8234/6341 6418/8238/6345 6415/8236/6343
f 6418/8238/6345 6575/8239/6346 6415/8236/6343
f 3672/8233/6340 3836/8240/6347 6417/8241/6348
f 3672/8233/6340 6417/8241/6348 6416/8234/6341
f 6575/8239/6346 6413/8242/6349 6415/8236/6343
f 6415/8236/6343 6413/8242/6349 6414/8243/6350
f 6415/8236/6343 6414/8243/6350 6423/8235/6342
f 6417/8241/6348 6414/8243/6350 6413/8242/6349
f 3836/8240/6347 6414/8243/6350 6417/8241/6348
f 6423/8244/6351 6426/8245/6352 6424/8246/6353
f 6426/8245/6352 6425/8247/6354 6424/8246/6353
f 6426/8245/6352 6446/8248/6355 6425/8247/6354
f 6425/8247/6354 6446/8248/6355 6424/8246/6353
f 6427/8249/6356 6450/8250/6357 6414/8251/6358
f 6414/8251/6358 6450/8250/6357 6446/8252/6355
f 6407/8253/6333 6436/8254/6359 6435/8255/6360
f 6435/8255/6360 6436/8254/6359 6434/8256/6361
f 6434/8256/6361 6432/8257/6362 6433/8258/6363
f 6407/8253/6333 6435/8255/6360 6431/8259/6320
f 6435/8255/6360 6433/8258/6363 6431/8259/6320
f 6431/8259/6320 6433/8258/6363 6432/8257/6362
f 6436/8254/6359 6439/8260/6364 6438/8261/6365
f 6436/8254/6359 6438/8261/6365 6434/8256/6361
f 6434/8256/6361 6438/8261/6365 6432/8257/6362
f 6432/8257/6362 6428/8262/6366 6431/8259/6320
f 6432/8257/6362 6437/8263/6367 6428/8262/6366
f 6428/8262/6366 6411/8264/6322 6431/8259/6320
f 6407/8253/6333 6430/8265/6368 6436/8254/6359
f 6407/8253/6333 6410/8266/6335 6430/8265/6368
f 6436/8254/6359 6430/8265/6368 6439/8260/6364
f 6441/8267/6369 6440/8268/6370 6404/8269/6371
f 6440/8268/6370 6442/8270/6372 6404/8269/6371
f 6442/8271/6373 6429/8272/6374 6428/8262/6366
f 6437/8263/6367 6442/8271/6373 6428/8262/6366
f 6410/8266/6335 6429/8272/6374 6430/8265/6368
f 6430/8265/6368 6429/8272/6374 6442/8271/6373
f 6429/8272/6374 6411/8264/6322 6428/8262/6366
f 6453/8273/6375 6452/8274/6376 6448/8275/6377
f 6452/8274/6376 6453/8273/6375 6451/8276/6378
f 6453/8273/6375 6424/8277/6353 6451/8276/6378
f 6444/8278/6379 6448/8275/6377 6452/8274/6376
f 6444/8278/6379 6451/8276/6378 6443/8279/6380
f 6444/8278/6379 6443/8279/6380 6448/8275/6377
f 6451/8276/6378 6424/8277/6353 6443/8279/6380
f 6453/8273/6375 6448/8275/6377 6449/8280/6381
f 6448/8275/6377 6443/8279/6380 6455/8281/6382
f 6455/8281/6382 6443/8279/6380 6454/8282/6383
f 6567/8283/6384 6456/8284/6385 6564/8285/6386
f 6564/8285/6386 6456/8284/6385 6580/8286/6387
f 6450/8287/6357 6449/8280/6381 6447/8288/6388
f 6449/8280/6381 6448/8275/6377 6447/8288/6388
f 6454/8282/6383 6443/8279/6380 6445/8289/6389
f 6443/8279/6380 6446/8290/6355 6445/8289/6389
f 6424/8277/6353 6446/8290/6355 6443/8279/6380
f 6447/8288/6388 6446/8290/6355 6450/8287/6357
f 6447/8288/6388 6445/8289/6389 6446/8290/6355
f 6475/8291/6390 6474/8292/6391 5964/8293/6392
f 6475/8291/6390 6476/8294/6393 6474/8292/6391
f 6467/8295/6394 6466/8296/6395 6473/8297/6396
f 6474/8292/6391 6477/8298/6397 5964/8293/6392
f 6466/8296/6395 6467/8295/6394 6463/8299/6398
f 6466/8296/6395 6463/8299/6398 6464/8300/6399
f 6463/8299/6398 6461/8301/6400 6464/8300/6399
f 6463/8299/6398 6462/8302/6401 6461/8301/6400
f 6461/8301/6400 6462/8302/6401 6457/8303/6402
f 6461/8301/6400 6469/8304/6403 6464/8300/6399
f 6461/8301/6400 6457/8303/6402 6468/8305/6404
f 6457/8303/6402 6470/8306/6405 6468/8305/6404
f 6457/8303/6402 6458/8307/6406 6470/8306/6405
f 6458/8307/6406 6472/8308/6407 6470/8306/6405
f 6472/8308/6407 6458/8307/6406 6471/8309/6408
f 6458/8307/6406 6457/8303/6402 6459/8310/6409
f 6459/8310/6409 6457/8303/6402 6460/8311/6410
f 6460/8311/6410 6465/8312/6411 6459/8310/6409
f 6483/8313/6412 6499/8314/6413 6484/8315/6414
f 6483/8313/6412 6484/8315/6414 6485/8316/6415
f 6498/8317/6416 6497/8318/6417 6499/8314/6413
f 6498/8317/6416 6464/8319/6418 6497/8318/6417
f 6499/8314/6413 6497/8318/6417 6484/8315/6414
f 6497/8318/6417 6507/8320/6419 6484/8315/6414
f 6497/8318/6417 6464/8319/6418 6492/8321/6420
f 6464/8319/6418 6495/8322/6421 6492/8321/6420
f 6480/8323/6422 3389/8324/6423 6481/8325/6424
f 6480/8323/6422 6482/8326/6425 3389/8324/6423
f 6496/8327/6426 6494/8328/6427 6495/8322/6421
f 6495/8322/6421 6494/8328/6427 6492/8321/6420
f 6494/8328/6427 6489/8329/6428 6492/8321/6420
f 6489/8329/6428 6491/8330/6429 6492/8321/6420
f 6482/8326/6425 6478/8331/6430 3389/8324/6423
f 6489/8329/6428 6490/8332/6431 6491/8330/6429
f 6489/8329/6428 6493/8333/6432 6490/8332/6431
f 6490/8332/6431 6500/8334/6433 6491/8330/6429
f 6490/8332/6431 6501/8335/6434 6500/8334/6433
f 6502/8336/6435 6501/8335/6434 6490/8332/6431
f 6502/8336/6435 6503/8337/6436 6501/8335/6434
f 6478/8331/6430 6479/8338/6437 3389/8324/6423
f 6501/8335/6434 6503/8337/6436 6504/8339/6438
f 6504/8339/6438 6503/8337/6436 6486/8340/6439
f 6503/8337/6436 6487/8341/6440 6486/8340/6439
f 6503/8337/6436 6488/8342/6441 6487/8341/6440
f 6503/8337/6436 6505/8343/6442 6488/8342/6441
f 6488/8342/6441 6505/8343/6442 6506/8344/6443
f 6509/8345/6444 6508/8346/6445 6510/8347/6446
f 6508/8346/6445 6511/8348/6447 6510/8347/6446
f 6526/8349/6448 6524/8350/6449 6525/8351/6450
f 6523/8352/6451 6525/8353/6452 6517/8354/6453
f 6523/8352/6451 6517/8354/6453 6522/8355/6454
f 6519/8356/6455 6517/8357/6456 6513/8358/6457
f 6513/8358/6457 6517/8357/6456 6514/8359/6458
f 6518/8360/6459 6513/8358/6457 6514/8359/6458
f 6518/8360/6459 6514/8359/6458 6515/8361/6460
f 6515/8361/6460 6514/8359/6458 6512/8362/6461
f 6515/8361/6460 6512/8362/6461 6516/8363/6462
f 6512/8362/6461 6514/8359/6458 6520/8364/6463
f 6520/8364/6463 6514/8359/6458 6521/8365/6464
f 5507/8366/6465 6535/8367/6466 6533/8368/6467
f 5507/8366/6465 6542/8369/6468 6535/8367/6466
f 6532/8370/6469 6533/8368/6467 6535/8367/6466
f 6534/8371/6470 6533/8368/6467 6532/8370/6469
f 6534/8371/6470 6532/8370/6469 6541/8372/6471
f 6534/8371/6470 6541/8372/6471 6538/8373/6472
f 6538/8373/6472 6541/8372/6471 6537/8374/6473
f 6538/8373/6472 6537/8374/6473 6536/8375/6474
f 6536/8375/6474 6537/8374/6473 6539/8376/6475
f 6539/8376/6475 6537/8374/6473 6540/8377/6476
f 6539/8376/6475 6540/8377/6476 6527/8378/6477
f 6527/8378/6477 6540/8377/6476 6528/8379/6478
f 6540/8377/6476 6529/8380/6479 6528/8379/6478
f 6528/8379/6478 6529/8380/6479 6530/8381/6480
f 6528/8379/6478 6530/8381/6480 6531/8382/6481
f 6544/8383/6482 6546/8384/6483 6547/8385/6484
f 6544/8383/6482 6547/8385/6484 6548/8386/6485
f 6549/8387/6486 6543/8388/6487 6545/8389/6488
f 6543/8388/6487 6544/8383/6482 6545/8389/6488
f 6549/8387/6486 6545/8389/6488 6550/8390/6489
f 6544/8383/6482 6548/8386/6485 6545/8389/6488
f 6554/8391/6490 6551/8392/6491 6553/8393/6492
f 6551/8392/6491 6552/8394/6493 6553/8393/6492
f 6555/8395/6494 6557/8396/6495 6556/8397/6496
f 6555/8395/6494 6558/8398/6497 6557/8396/6495
f 6561/8399/6498 6559/8400/6499 6562/8401/6500
f 6562/8401/6500 6559/8400/6499 6560/8402/6501
f 6567/8403/6384 6564/8404/6386 6566/8405/6502
f 6564/8404/6386 6565/8406/6503 6566/8405/6502
f 6566/8405/6502 6563/8407/6504 6568/8408/6505
f 6566/8405/6502 6565/8406/6503 6563/8407/6504
f 6570/8409/6506 6573/8410/6507 6571/8411/6508
f 6575/8412/6509 6570/8409/6506 6569/8413/6510
f 6570/8409/6506 6571/8411/6508 6569/8413/6510
f 6571/8411/6508 6572/8414/6511 6569/8413/6510
f 6572/8414/6511 6571/8411/6508 6574/8415/6512
f 6579/8416/6513 6578/8417/6514 6576/8418/6515
f 6576/8418/6515 6578/8417/6514 6577/8419/6516
f 6580/8420/6517 6583/8421/6518 6581/8422/6519
f 6583/8421/6518 6582/8423/6520 6581/8422/6519
f 6582/8423/6520 6584/8424/6521 6581/8422/6519
f 6592/8425/6522 6587/8426/6523 6589/8427/6524
f 6592/8425/6522 6588/8428/6525 6587/8426/6523
f 6588/8428/6525 6585/8429/6526 6587/8426/6523
f 6585/8429/6526 6586/8430/6527 6587/8426/6523
f 6585/8429/6526 6590/8431/6528 6586/8430/6527
f 6590/8431/6528 6591/8432/6529 6586/8430/6527
f 6593/8433/6530 6594/8434/6531 6595/8435/6532
f 6594/8434/6531 6596/8436/6533 6595/8435/6532
f 6597/8437/6534 6601/8438/6535 6602/8439/6536
f 6597/8437/6534 6598/8440/6537 6601/8438/6535
f 6597/8437/6534 6599/8441/6538 6598/8440/6537
f 6599/8441/6538 6600/8442/6539 6598/8440/6537
f 6603/8443/6540 6605/8444/6541 6610/8445/6542
f 6603/8443/6540 6610/8445/6542 6604/8446/6543
f 6606/8447/6544 6607/8448/6545 6608/8449/6546
f 6607/8448/6545 6609/8450/6547 6608/8449/6546
f 6612/8451/6548 6610/8452/6549 6611/8453/6550
f 6617/8454/6551 6619/8455/6552 6618/8456/6553
f 6617/8454/6551 3385/8457/6554 6619/8455/6552
f 6617/8454/6551 6618/8456/6553 6615/8458/6555
f 6617/8454/6551 6615/8458/6555 6616/8459/6556
f 6616/8459/6556 6615/8458/6555 6614/8460/6557
f 6614/8460/6557 6615/8458/6555 6613/8461/6558
f 6616/8459/6556 6614/8460/6557 6620/8462/6559
f 6629/8463/6560 6628/8464/6561 6626/8465/6562
f 6629/8463/6560 6626/8465/6562 6624/8466/6563
f 6624/8466/6563 6626/8465/6562 6625/8467/6564
f 6620/8462/6559 6622/8468/6565 6616/8459/6556
f 6628/8464/6561 6627/8469/6566 6626/8465/6562
f 6616/8459/6556 6622/8468/6565 6621/8470/6567
f 6621/8470/6567 6622/8468/6565 6623/8471/6568
f 6631/8472/6569 6632/8473/6570 6630/8474/6571
f 6637/8475/6572 6633/8476/6573 6634/8477/6574
f 6637/8475/6572 6636/8478/6575 6633/8476/6573
f 6637/8475/6572 6638/8479/6576 6636/8478/6575
f 6633/8476/6573 6635/8480/6577 6634/8477/6574
f 6642/8481/6578 6647/8482/6579 6640/8483/6580
f 6641/8484/6581 6639/8485/6582 6643/8486/6583
f 6641/8484/6581 6642/8481/6578 6640/8483/6580
f 6641/8484/6581 6640/8483/6580 6639/8485/6582
f 6641/8484/6581 6643/8486/6583 6644/8487/6584
f 6643/8486/6583 6646/8488/6585 6645/8489/6586
f 6643/8486/6583 6645/8489/6586 6644/8487/6584
f 6650/8490/6587 6649/8491/6588 6648/8492/6589
f 6651/8493/6590 6652/8494/6591 6654/8495/6592
f 6651/8493/6590 6653/8496/6593 6652/8494/6591
f 6652/8494/6591 6655/8497/6594 6656/8498/6595
f 6652/8494/6591 6653/8496/6593 6655/8497/6594
f 6656/8498/6595 6655/8497/6594 6657/8499/6596
f 6665/8500/6597 6662/8501/6598 6666/8502/6599
f 6671/8503/6600 6661/8504/6601 6660/8505/6602
f 6671/8503/6600 6660/8505/6602 6658/8506/6603
f 6660/8505/6602 6663/8507/6604 6658/8506/6603
f 6661/8504/6601 6667/8508/6605 6660/8505/6602
f 6671/8503/6600 6658/8506/6603 6662/8501/6598
f 6662/8501/6598 6658/8506/6603 6659/8509/6606
f 6659/8509/6606 6664/8510/6607 6662/8501/6598
f 6662/8501/6598 6664/8510/6607 6666/8502/6599
f 6676/8511/6608 6675/8512/6609 6674/8513/6610
f 6671/8514/6611 6672/8515/6612 6673/8516/6613
f 6671/8514/6611 6668/8517/6614 6672/8515/6612
f 6672/8515/6612 6668/8517/6614 6669/8518/6615
f 6674/8513/6610 6675/8512/6609 6677/8519/6616
f 6671/8514/6611 6670/8520/6617 6668/8517/6614
f 6678/8521/6618 6680/8522/6619 6679/8523/6620
f 6682/8524/6621 6683/8525/6622 6681/8526/6623
f 6687/8527/6624 6686/8528/6625 6685/8529/6626
f 6685/8529/6626 6686/8528/6625 6684/8530/6627
f 6691/8531/6628 6697/8532/6629 6690/8533/6630
f 6691/8531/6628 6688/8534/6631 6697/8532/6629
f 6688/8534/6631 6689/8535/6632 6697/8532/6629
f 6695/8536/6633 6697/8537/6634 6696/8538/6635
f 6694/8539/6636 6692/8540/6637 6693/8541/6638
f 6700/8542/6639 6699/8543/6640 6698/8544/6641
f 6704/8545/6642 6705/8546/6643 6703/8547/6644
f 6703/8547/6644 6705/8546/6643 6701/8548/6645
f 6703/8547/6644 6701/8548/6645 6702/8549/6646
f 6702/8549/6646 6701/8548/6645 6706/8550/6647
f 6706/8550/6647 6701/8548/6645 6707/8551/6648
f 6710/8552/6649 6708/8553/6650 6711/8554/6651
f 6710/8552/6649 6709/8555/6652 6708/8553/6650
f 6716/8556/6653 6721/8557/6654 6720/8558/6655
f 6725/8559/6656 6722/8560/6657 6721/8557/6654
f 6723/8561/6658 6724/8562/6659 6725/8563/6660
f 6721/8557/6654 6722/8560/6657 6720/8558/6655
f 6719/8564/6661 6715/8565/6662 6718/8566/6663
f 6715/8565/6662 6717/8567/6664 6718/8566/6663
f 6715/8568/6665 6712/8569/6666 6714/8570/6667
f 6712/8569/6666 6713/8571/6668 6714/8570/6667
f 6712/8569/6666 6716/8556/6653 6713/8571/6668
f 6720/8558/6655 6713/8571/6668 6716/8556/6653
f 6726/8572/6669 6728/8573/6670 6727/8574/6671
f 6770/8575/6672 6769/8576/6673 6768/8577/6674
f 6769/8576/6673 6767/8578/6675 6762/8579/6676
f 6768/8577/6674 6769/8576/6673 6762/8579/6676
f 6762/8579/6676 6767/8578/6675 6761/8580/6677
f 6765/8581/6678 6764/8582/6679 6766/8583/6680
f 6765/8581/6678 6756/8584/6681 6764/8582/6679
f 6762/8579/6676 6761/8580/6677 6760/8585/6682
f 6761/8580/6677 3299/8586/6683 6760/8585/6682
f 6760/8585/6682 3299/8586/6683 6758/8587/6684
f 6760/8585/6682 6758/8587/6684 6759/8588/6685
f 6763/8589/6686 6759/8588/6685 6757/8590/6687
f 6757/8590/6687 6759/8588/6685 6758/8587/6684
f 6756/8584/6681 6731/8591/6688 6764/8582/6679
f 6757/8590/6687 6737/8592/6689 6756/8584/6681
f 6757/8590/6687 6758/8587/6684 6737/8592/6689
f 6756/8584/6681 6737/8592/6689 6731/8591/6688
f 6731/8591/6688 6737/8592/6689 6735/8593/6690
f 6735/8593/6690 6739/8594/6691 6731/8591/6688
f 6731/8591/6688 6739/8594/6691 6814/8595/6692
f 6731/8591/6688 6814/8595/6692 6732/8596/6693
f 6732/8596/6693 6734/8597/6694 6731/8591/6688
f 6731/8591/6688 6734/8597/6694 6733/8598/6695
f 6731/8591/6688 6733/8598/6695 6730/8599/6696
f 6730/8599/6696 6733/8598/6695 6736/8600/6697
f 6736/8600/6697 6738/8601/6698 6730/8599/6696
f 6730/8599/6696 6738/8601/6698 6729/8602/6699
f 6729/8602/6699 6738/8601/6698 6741/8603/6700
f 6729/8602/6699 6741/8603/6700 6740/8604/6701
f 6740/8604/6701 6741/8603/6700 6802/8605/6702
f 6740/8604/6701 6802/8605/6702 6746/8606/6703
f 6802/8605/6702 6742/8607/6704 6746/8606/6703
f 6742/8607/6704 6743/8608/6705 6746/8606/6703
f 6746/8606/6703 6743/8608/6705 6744/8609/6706
f 6746/8606/6703 6744/8609/6706 6745/8610/6707
f 6746/8606/6703 6745/8610/6707 6747/8611/6708
f 6746/8606/6703 6747/8611/6708 6748/8612/6709
f 6748/8612/6709 6747/8611/6708 6749/8613/6710
f 6748/8612/6709 6749/8613/6710 6750/8614/6711
f 6748/8612/6709 6750/8614/6711 6752/8615/6712
f 6750/8614/6711 6749/8613/6710 6751/8616/6713
f 6751/8616/6713 6749/8613/6710 6754/8617/6714
f 6749/8613/6710 6755/8618/6715 6753/8619/6716
f 6753/8619/6716 6754/8617/6714 6749/8613/6710
f 6754/8617/6714 6753/8619/6716 6750/8614/6711
f 6750/8614/6711 6753/8619/6716 6752/8615/6712
f 6773/8620/6717 6772/8621/6718 6771/8622/6719
f 6773/8620/6717 6774/8623/6720 6772/8621/6718
f 6772/8621/6718 6775/8624/6721 6771/8622/6719
f 6776/8625/6722 6777/8626/6723 6778/8627/6724
f 6776/8625/6722 6778/8627/6724 6779/8628/6725
f 6780/8629/6726 6781/8630/6727 6782/8631/6728
f 6782/8631/6728 6781/8630/6727 6783/8632/6729
f 6783/8632/6729 6781/8630/6727 6784/8633/6730
f 6793/8634/6731 6789/8635/6732 6792/8636/6733
f 6792/8636/6733 6789/8635/6732 6790/8637/6734
f 6789/8635/6732 6788/8638/6735 6790/8637/6734
f 6788/8638/6735 6787/8639/6736 6790/8637/6734
f 6791/8640/6737 1378/8641/6738 6788/8638/6735
f 6788/8638/6735 1378/8641/6738 6787/8639/6736
f 1378/8641/6738 6786/8642/6739 6787/8639/6736
f 6786/8642/6739 6785/8643/6740 6787/8639/6736
f 6794/8644/6741 6795/8645/6742 6796/8646/6743
f 6815/8647/6744 6807/8648/6745 6739/8649/6691
f 6807/8648/6745 6800/8650/6746 6739/8649/6691
f 6814/8651/6692 6739/8649/6691 6813/8652/6747
f 6813/8652/6747 6739/8649/6691 6812/8653/6748
f 6812/8653/6748 6739/8649/6691 6811/8654/6749
f 6811/8654/6749 6739/8649/6691 6736/8655/6750
f 6736/8655/6750 6739/8649/6691 6804/8656/6751
f 6739/8649/6691 6800/8650/6746 6804/8656/6751
f 6804/8656/6751 6800/8650/6746 6801/8657/6752
f 6800/8650/6746 6799/8658/6753 6801/8657/6752
f 6804/8656/6751 6801/8657/6752 6803/8659/6754
f 6801/8657/6752 6799/8658/6753 6798/8660/6755
f 6803/8659/6754 6801/8657/6752 6802/8661/6756
f 6809/8662/6757 6803/8659/6754 6802/8661/6756
f 6802/8661/6756 6801/8657/6752 6808/8663/6758
f 6810/8664/6759 6808/8663/6758 6801/8657/6752
f 6810/8664/6759 6801/8657/6752 6816/8665/6760
f 6816/8665/6760 6801/8657/6752 6817/8666/6761
f 6817/8666/6761 6801/8657/6752 6805/8667/6762
f 6805/8667/6762 6801/8657/6752 6806/8668/6763
f 6801/8657/6752 6798/8660/6755 6806/8668/6763
f 6805/8667/6762 6806/8668/6763 6818/8669/6764
f 6797/8670/6765 6806/8668/6763 6798/8660/6755
f 6819/8671/6766 6821/8672/6767 6820/8673/6768
f 6819/8671/6766 6822/8674/6769 6821/8672/6767
f 6828/8675/6770 6823/8676/6771 6827/8677/6772
f 6823/8676/6771 6825/8678/6773 6827/8677/6772
f 6825/8678/6773 6823/8676/6771 6824/8679/6774
f 6829/8680/6775 6830/8681/6776 6831/8682/6777
f 6823/8676/6771 6826/8683/6778 4621/8684/6779
f 6829/8680/6775 6832/8685/6780 6830/8681/6776
f 6823/8676/6771 4621/8684/6779 6824/8679/6774
f 6838/8686/6781 6854/8687/6782 6853/8688/6783
f 6838/8686/6781 6853/8688/6783 6851/8689/6784
f 6838/8690/6785 6837/8691/6786 6842/8692/6787
f 6838/8686/6781 6851/8689/6784 6852/8693/6788
f 6852/8693/6788 6851/8689/6784 6850/8694/6789
f 6850/8694/6789 6851/8689/6784 6846/8695/6790
f 6846/8695/6790 6851/8689/6784 6845/8696/6791
f 6837/8691/6786 6836/8697/6792 6842/8692/6787
f 6836/8697/6792 6843/8698/6793 6842/8692/6787
f 6846/8695/6790 6845/8696/6791 6844/8699/6794
f 6835/8700/6795 6844/8701/6794 6836/8697/6792
f 6836/8697/6792 6844/8701/6794 6843/8698/6793
f 6844/8699/6794 6845/8696/6791 6847/8702/6796
f 6844/8701/6794 6834/8703/6797 6843/8698/6793
f 6844/8699/6794 6847/8702/6796 6833/8704/6798
f 6844/8701/6794 6833/8705/6798 6834/8703/6797
f 6833/8704/6798 6847/8702/6796 6848/8706/6799
f 6849/8707/6800 6833/8704/6798 6848/8706/6799
f 6849/8707/6800 6848/8706/6799 6855/8708/6801
f 6834/8703/6797 6855/8709/6802 6843/8698/6793
f 6855/8708/6801 6848/8706/6799 6856/8710/6803
f 6855/8709/6802 6839/8711/6804 6843/8698/6793
f 6857/8712/6805 6855/8708/6801 6856/8710/6803
f 6857/8712/6805 6856/8710/6803 6859/8713/6806
f 6859/8713/6806 6856/8710/6803 6858/8714/6807
f 6858/8714/6807 6856/8710/6803 6860/8715/6808
f 6840/8716/6809 6841/8717/6810 6839/8711/6804
f 6839/8711/6804 6841/8717/6810 6843/8698/6793
f 6842/8718/6811 6890/8719/6812 6896/8720/6813
f 6894/8721/6814 6881/8722/6815 6893/8723/6816
f 6893/8723/6816 6881/8722/6815 6882/8724/6817
f 6883/8725/6818 6888/8726/6819 1595/8727/6820
f 6842/8718/6811 6877/8728/6821 6890/8719/6812
f 6881/8722/6815 6887/8729/6822 6882/8724/6817
f 6882/8724/6817 6887/8729/6822 6889/8730/6823
f 6889/8730/6823 6887/8729/6822 6883/8725/6818
f 6890/8719/6812 6877/8728/6821 6874/8731/6824
f 6883/8725/6818 6887/8729/6822 6888/8726/6819
f 6890/8719/6812 6874/8731/6824 6881/8722/6815
f 6874/8731/6824 6887/8729/6822 6881/8722/6815
f 6874/8731/6824 6884/8732/6825 6887/8729/6822
f 6884/8732/6825 6874/8731/6824 1555/8733/6826
f 6884/8732/6825 1555/8733/6826 6886/8734/6827
f 6874/8731/6824 6885/8735/6828 1555/8733/6826
f 6874/8731/6824 6861/8736/6829 6885/8735/6828
f 6877/8728/6821 6878/8737/6830 6874/8731/6824
f 6874/8731/6824 6878/8737/6830 6876/8738/6831
f 6874/8731/6824 6862/8739/6832 6861/8736/6829
f 6876/8738/6831 6875/8740/6833 6874/8731/6824
f 6874/8731/6824 6875/8740/6833 6873/8741/6834
f 6873/8741/6834 6862/8739/6832 6874/8731/6824
f 6862/8739/6832 1346/8742/6835 6863/8743/6836
f 6862/8739/6832 6873/8741/6834 6864/8744/6837
f 6862/8739/6832 6864/8744/6837 1346/8742/6835
f 6876/8738/6831 6869/8745/6838 6873/8741/6834
f 6873/8741/6834 6869/8745/6838 6867/8746/6839
f 6873/8741/6834 6865/8747/6840 6864/8744/6837
f 6876/8738/6831 6878/8737/6830 6869/8745/6838
f 6873/8741/6834 6867/8746/6839 6865/8747/6840
f 6865/8747/6840 6867/8746/6839 6866/8748/6841
f 6880/8749/6842 6879/8750/6843 6878/8751/6844
f 6879/8750/6843 6871/8752/6845 6878/8751/6844
f 6878/8751/6844 6871/8752/6845 6872/8753/6846
f 6872/8753/6846 6871/8752/6845 6869/8745/6838
f 6879/8750/6843 6880/8749/6842 6891/8754/6847
f 6871/8752/6845 6870/8755/6848 6869/8745/6838
f 6867/8746/6839 6869/8745/6838 6870/8755/6848
f 6870/8755/6848 6868/8756/6849 6867/8746/6839
f 6868/8756/6849 6892/8757/6850 6867/8746/6839
f 6867/8746/6839 6892/8757/6850 6895/8758/6851
f 6887/8759/6822 6900/8760/6852 7169/8761/6853
f 6887/8759/6822 6884/8762/6825 6900/8760/6852
f 6897/8763/6854 6899/8764/6855 6898/8765/6856
f 6897/8763/6854 7166/8766/6857 6899/8764/6855
f 6929/8767/6858 6934/8768/6859 6920/8769/6860
f 6934/8768/6859 6931/8770/6861 6920/8769/6860
f 6934/8768/6859 6930/8771/6862 6931/8770/6861
f 6934/8768/6859 6935/8772/6863 6930/8771/6862
f 1316/8773/6864 6929/8767/6858 6920/8769/6860
f 6930/8771/6862 6935/8772/6863 6933/8774/6865
f 6930/8771/6862 6928/8775/6866 6920/8776/6867
f 6928/8775/6866 6930/8771/6862 6933/8774/6865
f 6933/8774/6865 6932/8777/6868 6928/8775/6866
f 6928/8775/6866 6925/8778/6869 6920/8776/6867
f 6925/8778/6869 6926/8779/6870 6924/8780/6871
f 6925/8778/6869 6927/8781/6872 6926/8779/6870
f 6920/8776/6867 6925/8778/6869 6924/8780/6871
f 6920/8776/6867 6924/8780/6871 6923/8782/6873
f 6920/8776/6867 6923/8782/6873 6922/8783/6874
f 6920/8776/6867 6910/8784/6875 6909/8785/6876
f 6920/8776/6867 6919/8786/6877 6937/8787/6878
f 6920/8776/6867 6909/8785/6876 6919/8786/6877
f 6922/8783/6874 6921/8788/6879 6911/8789/6880
f 6910/8784/6875 6920/8776/6867 6922/8783/6874
f 6937/8790/6881 6909/8785/6882 6908/8791/6883
f 6909/8785/6876 6910/8784/6875 6915/8792/6884
f 6908/8791/6883 6909/8785/6882 6912/8793/644
f 6910/8784/6875 6922/8783/6874 6913/8794/6885
f 6922/8783/6874 6911/8789/6880 6913/8794/6885
f 6912/8793/644 6915/8792/6886 6908/8791/6883
f 6913/8795/6887 6905/8796/6888 6906/8797/6889
f 6906/8797/6889 6905/8796/6888 7368/8798/6890
f 6913/8795/6887 6906/8797/6889 6907/8799/6891
f 6910/8784/6875 6914/8800/6892 6936/8801/6893
f 6915/8792/6884 6910/8784/6875 6918/8802/6894
f 6936/8801/6893 6917/8803/6895 6910/8784/6875
f 6910/8784/6875 6917/8803/6895 6918/8802/6894
f 6908/8791/6883 6915/8792/6886 6916/8804/6896
f 6901/8805/6897 6902/8806/6898 6903/8807/6899
f 6904/8808/6900 6901/8805/6897 6903/8807/6899
f 6975/8809/6901 6956/8810/6902 6950/8811/6903
f 6975/8809/6901 6950/8811/6903 6971/8812/6904
f 6971/8812/6904 6950/8811/6903 6947/8813/6905
f 6950/8811/6903 6946/8814/6906 6947/8813/6905
f 6947/8813/6905 6946/8814/6906 6945/8815/6907
f 6947/8813/6905 6945/8815/6907 6948/8816/6908
f 6946/8814/6906 6944/8817/6909 6945/8815/6907
f 6956/8810/6902 6949/8818/6910 6950/8811/6903
f 6944/8817/6909 6943/8819/6911 6945/8815/6907
f 6962/8820/6912 6960/8821/6913 6961/8822/6914
f 6961/8822/6914 6960/8821/6913 6956/8810/6902
f 6956/8810/6902 6960/8821/6913 6949/8818/6910
f 6950/8811/6903 6949/8818/6910 6944/8817/6909
f 6943/8819/6911 6941/8823/6915 6942/8824/6916
f 6961/8822/6914 6966/8825/6917 6962/8820/6912
f 6944/8817/6909 6949/8818/6910 6941/8823/6915
f 6944/8817/6909 6941/8823/6915 6943/8819/6911
f 6949/8818/6910 6938/8826/6918 6941/8823/6915
f 6966/8825/6919 6969/8827/6920 6960/8821/6921
f 6949/8818/6910 6969/8827/6922 6938/8826/6918
f 6974/8828/6923 6938/8826/6918 1547/8829/6924
f 6938/8826/6918 6969/8827/6922 1547/8829/6924
f 6966/8825/6919 6967/8830/6925 6969/8827/6920
f 1547/8829/6924 6940/8831/6926 6939/8832/6927
f 6967/8830/6925 6966/8825/6919 6964/8833/6928
f 1547/8829/6924 6969/8827/6922 6940/8831/6926
f 6972/8834/6929 6965/8835/6930 6966/8825/6919
f 6966/8825/6919 6965/8835/6930 6964/8833/6928
f 6969/8827/6922 6964/8833/6928 6951/8836/6931
f 6969/8827/6922 6951/8836/6931 6940/8831/6926
f 6940/8831/6926 6951/8836/6931 6970/8837/6932
f 6970/8837/6932 6952/8838/6933 6973/8839/6934
f 6951/8836/6931 6952/8838/6933 6970/8837/6932
f 6968/8840/6935 6964/8833/6928 6965/8835/6930
f 6951/8836/6931 6953/8841/6936 6952/8838/6933
f 6964/8833/6928 6959/8842/6937 6951/8836/6931
f 6964/8833/6928 6968/8840/6935 6963/8843/6938
f 6964/8833/6928 6963/8843/6938 6959/8842/6937
f 6951/8836/6931 6957/8844/6939 6953/8841/6936
f 6953/8841/6936 6957/8844/6939 6954/8845/6940
f 6951/8836/6931 6963/8843/6941 6957/8844/6939
f 6963/8843/6941 6958/8846/6942 6957/8844/6939
f 6954/8845/6940 6957/8844/6939 6955/8847/6943
f 6963/8843/6941 5234/8848/6944 6958/8846/6942
f 7002/8849/6945 6993/8850/6946 6977/8851/6947
f 6993/8850/6946 6990/8852/6948 6977/8851/6947
f 6997/8853/6949 6992/8854/6950 6989/8855/6951
f 6977/8851/6947 6990/8852/6948 6976/8856/6952
f 6990/8852/6948 6991/8857/6953 6976/8856/6952
f 6989/8855/6951 6992/8854/6950 6988/8858/6954
f 6976/8856/6952 6991/8857/6953 6986/8859/6955
f 6991/8857/6953 6989/8855/6951 6986/8859/6955
f 6989/8855/6951 6988/8858/6954 6986/8859/6955
f 6976/8856/6952 6986/8859/6955 6987/8860/6956
f 6976/8856/6952 6987/8860/6956 6979/8861/6957
f 6987/8860/6956 6998/8862/6958 7001/8863/6959
f 6987/8860/6956 7001/8863/6959 6985/8864/6960
f 6976/8856/6952 6979/8861/6957 6978/8865/6961
f 6987/8860/6956 6985/8864/6960 6984/8866/6962
f 6987/8860/6956 6984/8866/6962 6979/8861/6957
f 6985/8864/6960 6999/8867/6963 6984/8866/6962
f 6979/8861/6957 6984/8866/6962 6983/8868/6964
f 6994/8869/6965 6978/8865/6961 6979/8861/6957
f 6979/8861/6957 6983/8868/6964 6982/8870/6966
f 6980/8871/6967 6979/8861/6957 6981/8872/6968
f 6979/8861/6957 6982/8870/6966 6981/8872/6968
f 6982/8870/6966 6983/8868/6964 6996/8873/6969
f 6979/8861/6957 6980/8871/6967 6994/8869/6965
f 6981/8872/6968 6982/8870/6966 7000/8874/6970
f 6982/8870/6966 6996/8873/6969 6995/8875/6971
f 7003/8876/6972 2663/8877/6973 7004/8878/6974
f 2663/8877/6973 6933/8879/6975 7004/8878/6974
f 7007/8880/6976 7006/8881/6977 7005/8882/6978
f 882/8883/6979 7014/8884/6980 7015/8885/6981
f 7015/8885/6981 7039/8886/6982 882/8883/6979
f 7013/8887/6983 7015/8885/6981 7014/8884/6980
f 7014/8884/6980 7016/8888/6984 7013/8887/6983
f 3096/8889/6985 7170/8890/6986 7016/8888/6984
f 7013/8887/6983 7016/8888/6984 7170/8890/6986
f 7170/8890/6986 7012/8891/6987 7013/8887/6983
f 7170/8890/6986 7011/8892/6988 7012/8891/6987
f 7011/8892/6988 7008/8893/6989 7012/8891/6987
f 7010/8894/6990 3027/8895/6991 7011/8892/6988
f 3027/8895/6991 7009/8896/6992 7011/8892/6988
f 7009/8896/6992 7008/8893/6989 7011/8892/6988
f 7009/8896/6992 7026/8897/6993 7008/8893/6989
f 7058/8898/6994 7009/8899/6995 7059/8900/6996
f 7008/8893/6989 7026/8897/6993 7017/8901/6997
f 7017/8901/6997 7018/8902/6998 7008/8893/6989
f 3035/8903/6999 7027/8904/7000 7026/8897/6993
f 7017/8901/6997 7026/8897/6993 3947/8905/7001
f 7026/8897/6993 7027/8904/7000 3947/8905/7001
f 7304/8906/7002 3947/8905/7001 7027/8904/7000
f 3947/8905/7001 7019/8907/7003 7017/8901/6997
f 7019/8907/7003 7020/8908/7004 7044/8909/7005
f 7019/8907/7003 7044/8909/7005 7050/8910/7006
f 7019/8907/7003 3947/8905/7001 7020/8908/7004
f 3947/8905/7001 7022/8911/7007 7045/8912/7008
f 7047/8913/7009 7040/8914/7010 7304/8906/7002
f 7304/8906/7002 7040/8914/7010 7024/8915/7011
f 7304/8906/7002 7024/8915/7011 3947/8905/7001
f 3947/8905/7001 7021/8916/7012 7022/8911/7007
f 3947/8905/7001 7023/8917/7013 7021/8916/7012
f 3947/8905/7001 7024/8915/7011 7023/8917/7013
f 7021/8916/7012 7023/8917/7013 7041/8918/7014
f 7021/8916/7012 7041/8918/7014 7052/8919/7015
f 7023/8917/7013 7024/8915/7011 7025/8920/7016
f 7024/8915/7011 7343/8921/7017 7025/8920/7016
f 7047/8922/7018 7035/8923/7019 7024/8915/7011
f 7343/8921/7017 7024/8915/7011 7037/8924/7020
f 7024/8915/7011 7028/8925/7021 7037/8924/7020
f 7028/8925/7021 7024/8915/7011 7029/8926/7022
f 7024/8915/7011 7030/8927/7023 7029/8926/7022
f 7028/8925/7021 7029/8926/7022 7043/8928/7024
f 7024/8915/7011 7035/8923/7019 7030/8927/7023
f 7034/8929/7025 7348/8930/7026 7035/8923/7019
f 7035/8923/7019 7031/8931/7027 7038/8932/7028
f 7030/8927/7023 7035/8923/7019 7038/8932/7028
f 7030/8927/7023 7038/8932/7028 7042/8933/7029
f 7049/8934/7030 7036/8935/7031 7034/8929/7025
f 7035/8923/7019 7348/8930/7026 7031/8931/7027
f 7034/8929/7025 7036/8935/7031 7348/8930/7026
f 7348/8930/7026 7036/8935/7031 7033/8936/7032
f 7033/8936/7032 7036/8935/7031 7051/8937/7033
f 7348/8930/7026 7033/8936/7032 7032/8938/7034
f 7033/8936/7032 7048/8939/7035 7032/8938/7034
f 7032/8938/7034 7048/8939/7035 7046/8940/7036
f 7057/8941/7037 7055/8942/7038 7056/8943/7039
f 7056/8943/7039 7055/8942/7038 7054/8944/7040
f 7055/8942/7038 7053/8945/7041 7054/8944/7040
f 7009/8899/6995 7060/8946/7042 7059/8900/6996
f 7066/8947/7043 7067/8948/7044 3254/8949/7045
f 3254/8949/7045 7067/8948/7044 7091/8950/7046
f 7066/8947/7043 7089/8951/7047 7067/8948/7044
f 3254/8949/7045 7091/8950/7046 7064/8952/7048
f 3254/8949/7045 7064/8952/7048 7080/8953/7049
f 3254/8949/7045 7080/8953/7049 7065/8954/7050
f 7080/8953/7049 7085/8955/7051 7065/8954/7050
f 7064/8952/7048 7063/8956/7052 7080/8953/7049
f 7100/8957/7053 7099/8958/7054 7102/8959/7055
f 7100/8957/7053 7102/8959/7055 7101/8960/7056
f 7063/8956/7052 7064/8952/7048 7061/8961/7057
f 7079/8962/7058 7063/8956/7052 7078/8963/7059
f 7078/8963/7059 7063/8956/7052 7077/8964/7060
f 7063/8956/7052 7081/8965/7061 7077/8964/7060
f 7081/8965/7061 7063/8956/7052 7062/8966/7062
f 7063/8956/7052 7061/8961/7057 7062/8966/7062
f 7078/8963/7063 7081/8965/7064 7082/8967/7065
f 7081/8965/7061 7062/8966/7062 7068/8968/7066
f 7082/8967/7065 7081/8965/7064 7083/8969/7067
f 7068/8968/7066 7062/8966/7062 7083/8969/7067
f 7083/8969/7067 7062/8966/7062 7082/8967/7065
f 7062/8966/7062 7069/8970/7068 7087/8971/7069
f 7062/8966/7062 7061/8961/7057 7069/8970/7068
f 7087/8971/7069 7069/8970/7068 7086/8972/7070
f 7221/8973/7071 7086/8972/7070 7069/8970/7068
f 7221/8973/7071 7069/8970/7068 7076/8974/7072
f 7069/8970/7068 7061/8961/7057 7070/8975/466
f 7069/8970/7068 7084/8976/7073 7076/8974/7072
f 7084/8976/7073 7069/8970/7068 7088/8977/7074
f 7088/8977/7074 7069/8970/7068 7072/8978/7075
f 7069/8970/7068 7071/8979/7076 7072/8978/7075
f 7069/8970/7068 7070/8975/466 7071/8979/7076
f 7072/8978/7075 7071/8979/7076 7075/8980/7077
f 7075/8980/7077 7071/8979/7076 3277/8981/7078
f 3277/8981/7078 7071/8979/7076 7074/8982/7079
f 7071/8979/7076 7073/8983/7080 7074/8982/7079
f 3277/8981/7078 7074/8982/7079 5152/8984/7081
f 7074/8982/7079 7073/8983/7080 7092/8985/7082
f 7074/8982/7079 7092/8985/7082 7090/8986/7083
f 7098/8987/7084 7094/8988/7085 7093/8989/7086
f 7094/8988/7085 7095/8990/7087 7093/8989/7086
f 7098/8987/7084 7093/8989/7086 7097/8991/7088
f 7095/8990/7087 7096/8992/7089 7093/8989/7086
f 7093/8989/7086 7096/8992/7089 7097/8991/7088
f 7116/8993/7090 7114/8994/7091 7115/8995/7092
f 7114/8994/7091 7122/8996/7093 7117/8997/7094
f 7115/8995/7092 7114/8994/7091 7113/8998/7095
f 7114/8994/7091 7117/8997/7094 7113/8998/7095
f 7115/8995/7092 7113/8998/7095 7103/8999/7096
f 7124/9000/7097 7115/8995/7092 7103/8999/7096
f 7124/9000/7097 7112/9001/7098 7118/9002/7099
f 7112/9001/7098 7124/9000/7097 7103/8999/7096
f 7123/9003/7100 7124/9004/7101 7125/9005/7102
f 7112/9001/7098 7104/9006/7103 7119/9007/7104
f 7103/8999/7096 7104/9006/7103 7112/9001/7098
f 7119/9007/7104 7104/9006/7103 7121/9008/7105
f 7106/9009/7106 7103/8999/7096 7105/9010/7107
f 7104/9006/7103 7103/8999/7096 7106/9009/7106
f 7106/9009/7106 7105/9010/7107 7107/9011/7108
f 7108/9012/7109 7106/9009/7106 7111/9013/7110
f 7111/9013/7110 7106/9009/7106 7107/9011/7108
f 7108/9012/7109 7111/9013/7110 7120/9014/7111
f 7111/9013/7110 7107/9011/7108 7110/9015/7112
f 7107/9011/7108 7109/9016/7113 7110/9015/7112
f 7129/9017/7114 7128/9018/7115 7126/9019/7116
f 7126/9019/7116 7128/9018/7115 7127/9020/7117
f 7126/9019/7116 7127/9020/7117 7130/9021/7118
f 7145/9022/7119 7141/9023/7120 7142/9024/7121
f 7141/9023/7120 7213/9025/7122 7142/9024/7121
f 7141/9023/7120 3328/9026/7123 7213/9025/7122
f 7142/9024/7121 7140/9027/7124 7143/9028/7125
f 7213/9025/7122 7140/9027/7124 7142/9024/7121
f 7148/9029/7126 7147/9030/7127 3328/9026/7123
f 7147/9030/7127 7213/9025/7122 3328/9026/7123
f 7213/9025/7122 7139/9031/7128 7140/9027/7124
f 7138/9032/7129 7140/9027/7124 7139/9031/7128
f 7138/9032/7129 7131/9033/7130 7140/9027/7124
f 7137/9034/7131 7144/9035/7132 7131/9033/7130
f 7144/9035/7132 3276/9036/7133 7131/9033/7130
f 7131/9033/7130 3276/9036/7133 7140/9027/7124
f 7140/9027/7124 3276/9036/7133 7132/9037/7134
f 3276/9036/7133 7136/9038/7135 7135/9039/7136
f 3276/9036/7133 7135/9039/7136 7132/9037/7134
f 7132/9037/7134 7135/9039/7136 7134/9040/7137
f 7132/9037/7134 7134/9040/7137 7133/9041/7138
f 7135/9039/7136 7146/9042/7139 7134/9040/7137
f 7149/9043/7140 7150/9044/7141 7151/9045/7142
f 7155/9046/7143 7153/9047/7144 7152/9048/7145
f 7152/9048/7145 7153/9047/7144 7154/9049/7146
f 7156/9050/7147 7157/9051/7148 7159/9052/7149
f 7157/9051/7148 7156/9050/7147 7158/9053/7150
f 7164/9054/7151 7163/9055/7152 7162/9056/7153
f 7156/9050/7147 7160/9057/7154 7158/9053/7150
f 7162/9056/7153 7163/9055/7152 7161/9058/7155
f 7172/9059/7156 7167/9060/7157 7171/9061/7158
f 7171/9061/7158 7167/9060/7157 7168/9062/7159
f 7171/9061/7158 7168/9062/7159 7170/9063/7160
f 6887/9064/6822 7169/9065/6853 7167/9060/7157
f 7167/9060/7157 7169/9065/6853 7168/9062/7159
f 7170/9066/7160 7168/9067/7159 7166/9068/7161
f 7170/9066/7160 7166/9068/7161 7165/9069/7162
f 7179/9070/7163 7176/9071/7164 7178/9072/7165
f 7176/9071/7164 7174/9073/7166 7178/9072/7165
f 7173/9074/7167 7181/9075/7168 7175/9076/7169
f 7177/9077/7170 7173/9074/7167 7176/9071/7164
f 7176/9071/7164 7173/9074/7167 7174/9073/7166
f 7173/9074/7167 7175/9076/7169 7174/9073/7166
f 7180/9078/7171 7178/9072/7165 7174/9073/7166
f 7178/9072/7165 7180/9078/7171 7101/9079/7172
f 7183/9080/7173 7182/9081/7174 6925/9082/7175
f 7182/9081/7174 7185/9083/7176 7184/9084/7177
f 6925/9082/7175 7182/9081/7174 7184/9084/7177
f 7190/9085/7178 7191/9086/7179 7189/9087/7180
f 7191/9086/7179 7192/9088/7181 7189/9087/7180
f 7190/9085/7178 7189/9087/7180 7186/9089/7182
f 7189/9087/7180 7187/9090/7183 7186/9089/7182
f 7189/9087/7180 7188/9091/7184 7187/9090/7183
f 6925/9092/7185 7196/9093/7186 7203/9094/7187
f 7198/9095/7188 7204/9096/7189 7197/9097/7190
f 7198/9095/7188 7205/9098/7191 7206/9099/7192
f 7197/9097/7190 7205/9098/7191 7198/9095/7188
f 7193/9100/7193 7194/9101/7194 7195/9102/7195
f 7204/9096/7189 7195/9102/7195 7197/9097/7190
f 7195/9102/7195 7194/9101/7194 7197/9097/7190
f 7203/9094/7187 7196/9093/7186 7193/9100/7193
f 7193/9100/7193 7196/9093/7186 7194/9101/7194
f 7194/9101/7194 7196/9093/7186 7199/9103/7196
f 7199/9103/7196 7196/9093/7186 7200/9104/7197
f 7200/9104/7197 7196/9093/7186 7201/9105/7198
f 6925/9092/7185 7202/9106/7199 7196/9093/7186
f 7209/9107/7200 7207/9108/7201 7208/9109/7202
f 7208/9109/7202 7207/9108/7201 7210/9110/7203
f 7213/9111/7204 7212/9112/7205 7211/9113/7206
f 7214/9114/7207 7213/9111/7204 7211/9113/7206
f 7213/9111/7204 7214/9114/7207 7215/9115/7208
f 7215/9115/7208 7214/9114/7207 7264/9116/7209
f 7215/9115/7208 7264/9116/7209 7216/9117/7210
f 7215/9115/7208 7216/9117/7210 7217/9118/7211
f 7217/9118/7211 7216/9117/7210 7218/9119/7212
f 7218/9119/7212 7219/9120/7213 7217/9118/7211
f 7218/9119/7212 7221/9121/7214 7219/9120/7213
f 7217/9118/7211 7219/9120/7213 7220/9122/7215
f 7224/9123/7216 7223/9124/7217 7222/9125/7218
f 7234/9126/7219 7227/9127/7220 7225/9128/7221
f 7225/9128/7221 7227/9127/7220 7226/9129/7222
f 7231/9130/7223 7225/9128/7221 7230/9131/7224
f 7225/9128/7221 7226/9129/7222 7230/9131/7224
f 7227/9127/7220 7228/9132/7225 7226/9129/7222
f 7226/9129/7222 7228/9132/7225 7229/9133/7226
f 7240/9134/7227 7239/9135/7228 6863/9136/7229
f 7239/9135/7228 7236/9137/7230 6863/9136/7229
f 7233/9138/7231 7232/9139/7232 7235/9140/7233
f 7234/9141/7234 6862/9142/7235 7233/9138/7231
f 7233/9138/7231 6862/9142/7235 7232/9139/7232
f 7237/9143/7236 6863/9136/7229 7238/9144/7237
f 6863/9136/7229 7059/9145/7238 7238/9144/7237
f 6863/9136/7229 7236/9137/7230 7059/9145/7238
f 7246/9146/7239 7245/9147/7240 7248/9148/7241
f 7248/9148/7241 7245/9147/7240 7247/9149/7242
f 7241/9150/7243 7244/9151/454 7242/9152/7244
f 7244/9151/454 7243/9153/7245 7242/9152/7244
f 7255/9154/7246 7249/9155/7247 7245/9156/7248
f 7254/9157/7249 7251/9158/7250 7249/9155/7247
f 7249/9155/7247 7251/9158/7250 7250/9159/7251
f 7252/9160/7252 7250/9159/7251 7251/9158/7250
f 7252/9160/7252 7257/9161/7253 7250/9159/7251
f 7250/9159/7251 7253/9162/7254 7249/9155/7247
f 7250/9159/7251 7256/9163/7255 7253/9162/7254
f 7245/9156/7248 7249/9155/7247 7253/9162/7254
f 7258/9164/7256 7259/9165/7257 7260/9166/7258
f 7252/9167/7259 7261/9168/7260 7263/9169/7261
f 7263/9169/7261 7261/9168/7260 7264/9170/7262
f 7261/9168/7260 7262/9171/7263 7264/9170/7262
f 7261/9168/7260 7265/9172/7264 7262/9171/7263
f 7265/9172/7264 7278/9173/7265 7262/9171/7263
f 7267/9174/7266 7271/9175/7267 7266/9176/7268
f 7267/9174/7266 7268/9177/7269 7271/9175/7267
f 7266/9176/7268 7271/9175/7267 7269/9178/7270
f 7274/9179/7271 7275/9180/7272 7270/9181/7273
f 7276/9182/7274 7270/9181/7273 7277/9183/7275
f 7277/9183/7275 7270/9181/7273 7279/9184/7276
f 7279/9184/7276 7270/9181/7273 7278/9185/7277
f 7270/9181/7273 7273/9186/7278 7278/9185/7277
f 7273/9186/7278 7270/9181/7273 7271/9187/7279
f 7273/9186/7278 7271/9187/7279 7272/9188/7280
f 7270/9181/7273 7275/9180/7272 7271/9187/7279
f 7280/9189/7281 7281/9190/7282 7282/9191/7283
f 7281/9190/7282 7283/9192/7284 7282/9191/7283
f 7284/9193/7285 7285/9194/620 7286/9195/620
f 7287/9196/7286 7288/9197/7287 7289/9198/7288
f 3946/9199/7289 7291/9200/7290 7290/9201/7291
f 7290/9201/7291 7291/9200/7290 7292/9202/7292
f 1346/9203/7293 7301/9204/7294 7300/9205/7295
f 1346/9203/7293 7300/9205/7295 7305/9206/7296
f 7298/9207/7297 7297/9208/7298 7293/9209/7299
f 7301/9204/7294 7302/9210/7300 7300/9205/7295
f 7300/9205/7295 7302/9210/7300 7303/9211/7301
f 7300/9205/7295 7303/9211/7301 7304/9212/7302
f 7297/9208/7298 7296/9213/7303 7293/9209/7299
f 7296/9213/7303 7294/9214/7304 7293/9209/7299
f 7293/9209/7299 7294/9214/7304 7330/9215/7305
f 7298/9207/7297 7295/9216/7306 7296/9213/7303
f 7293/9209/7299 7295/9216/7306 7298/9207/7297
f 7296/9213/7303 7295/9216/7306 7299/9217/7307
f 7296/9213/7303 7299/9217/7307 7294/9214/7304
f 7301/9218/7308 7306/9219/7309 7307/9220/7310
f 7301/9218/7308 6865/9221/7311 7306/9219/7309
f 6913/9222/6887 7310/9223/7312 7313/9224/7313
f 7316/9225/7314 7312/9226/7315 7311/9227/7316
f 7314/9228/7317 7308/9229/7318 7310/9223/7312
f 7308/9229/7318 7309/9230/7319 7310/9223/7312
f 7308/9229/7318 7311/9227/7320 7309/9230/7319
f 7310/9223/7312 7309/9230/7319 7313/9224/7313
f 7311/9227/7316 7312/9226/7315 7317/9231/7321
f 7309/9230/7319 7315/9232/7322 7313/9224/7313
f 6913/9222/6887 7313/9224/7313 6905/9233/6888
f 7318/9234/7323 7319/9235/7324 7324/9236/7325
f 7319/9235/7324 7322/9237/7326 7324/9236/7325
f 7322/9237/7326 7323/9238/7327 7324/9236/7325
f 7322/9237/7326 7320/9239/7328 7321/9240/7329
f 7322/9237/7326 7321/9240/7329 7323/9238/7327
f 7326/9241/7330 7325/9242/7331 7327/9243/7332
f 7325/9242/7331 7328/9244/7333 7327/9243/7332
f 7329/9245/7334 7330/9246/7335 7372/9247/7336
f 7372/9247/7336 7330/9246/7335 7331/9248/7337
f 7335/9249/7338 7333/9250/7339 7332/9251/7340
f 7332/9251/7340 7333/9250/7339 7334/9252/7341
f 7343/9253/7342 4626/9254/7343 7344/9255/7344
f 7342/9256/7345 4626/9254/7343 7343/9253/7342
f 7342/9256/7346 7340/9257/7347 7341/9258/7348
f 7341/9258/7348 7340/9257/7347 7339/9259/7349
f 7340/9257/7347 7337/9260/7350 7339/9259/7349
f 7336/9261/7351 7338/9262/7352 7345/9263/7353
f 7338/9262/7352 7346/9264/7354 7345/9263/7353
f 7346/9264/7354 7351/9265/7355 7345/9263/7353
f 7347/9266/7356 7348/9267/7357 7346/9264/7358
f 7348/9267/7357 7349/9268/7359 7346/9264/7358
f 7348/9267/7357 7350/9269/7360 7349/9268/7359
f 7354/9270/7361 7352/9271/7362 7355/9272/7363
f 7352/9271/7362 7353/9273/7364 7355/9272/7363
f 7356/9274/7365 7359/9275/7366 7357/9276/7367
f 7356/9274/7365 7357/9276/7367 7358/9277/7368
f 7320/9278/7328 7366/9279/7369 7362/9280/7370
f 7320/9278/7328 7362/9280/7370 7321/9281/7329
f 7367/9282/7371 7360/9283/7372 7366/9279/7369
f 7360/9283/7372 7361/9284/7373 7366/9279/7369
f 7366/9279/7369 7361/9284/7373 7362/9280/7370
f 7365/9285/7374 7364/9286/7375 7360/9283/7372
f 7360/9283/7372 7364/9286/7375 7361/9284/7373
f 7361/9284/7373 7364/9286/7375 7328/9287/7376
f 7361/9284/7373 7328/9287/7376 7363/9288/7377
f 7376/9289/7378 7369/9290/7379 7370/9291/7380
f 7372/9292/7381 7371/9293/7382 7369/9290/7379
f 7375/9294/7383 7370/9291/7380 7374/9295/7384
f 7374/9295/7384 7370/9291/7380 7373/9296/7385
f 7370/9291/7380 7369/9290/7379 7373/9296/7385
f 7369/9290/7379 7371/9293/7382 7373/9296/7385
f 7377/9297/7386 7380/9298/7387 7378/9299/7388
f 7377/9297/7386 7378/9299/7388 7379/9300/7389
f 7379/9300/7389 7378/9299/7388 7381/9301/7390
f 7385/9302/7391 7387/9303/7392 7386/9304/7393
f 7384/9305/7394 7382/9306/7395 7383/9307/7396
f 7383/9307/7396 7382/9306/7395 7394/9308/7397
f 7391/9309/7398 7390/9310/7399 7388/9311/7400
f 7388/9311/7400 7390/9310/7399 7389/9312/7401
f 7397/9313/7402 7395/9314/7403 7396/9315/7404
f 7393/9316/7405 7394/9317/7406 7392/9318/7407
l 2136 2150
l 2544 2236
l 4052 4081
l 6376 6382
l 77 79
l 1911 1514
l 1407 1856
l 1776 1405
l 1394 1395
l 2642 2526
l 2311 2298
l 2594 2608
l 2555 2678
l 3448 3461
l 3876 3881
l 3676 3659
l 3985 4098
l 4071 4119
l 5413 5431
l 233 240
l 1873 1874
l 2241 2348
l 4035 3944
l 4072 4070
l 5773 5766
l 302 410
l 881 882
l 2427 2422
l 3457 3498
l 3932 3993
l 3986 3995
l 2277 2671
l 2337 2339
l 4116 3832
l 1770 1624
l 2271 2677
l 2398 2537
l 7336 7337
l 1540 1656
l 4143 4152
l 7364 7368
l 2389 2806
l 4626 7353
l 5007 4915
l 6300 3147
l 1631 2028
