# Blender 5.1.0
# www.blender.org
o geometry_0
v 0.043643 -0.500877 0.489267
v 0.088489 -0.481581 0.489135
v 0.109945 -0.500568 0.489040
v 0.148811 -0.500531 0.489006
v 0.196289 -0.481610 0.489127
v 0.240370 -0.500542 0.489184
v 0.196010 -0.500852 0.488360
v 0.156218 -0.500149 0.488498
v 0.009100 -0.481547 0.489160
v 0.032569 -0.500477 0.488689
v -0.004160 -0.500587 0.489212
v 0.240768 -0.482989 0.488719
v 0.252863 -0.482042 0.489095
v 0.256133 -0.481606 0.489037
v 0.306552 -0.499207 0.489552
v 0.385019 -0.481431 0.489104
v 0.335302 -0.500477 0.487273
v 0.340545 -0.500618 0.489113
v 0.433245 -0.500477 0.488857
v 0.402327 -0.482016 0.488788
v 0.473479 -0.499627 0.489235
v 0.473461 -0.481823 0.488505
v 0.282198 -0.500688 0.488888
v -0.050715 -0.482013 0.488040
v -0.018950 -0.482686 0.488205
v -0.071606 -0.500502 0.488402
v -0.015400 -0.500337 0.487532
v -0.089791 -0.499327 0.489373
v -0.099185 -0.481752 0.488948
v -0.127890 -0.481874 0.489396
v -0.118333 -0.500576 0.489176
v -0.178475 -0.500188 0.489244
v -0.185741 -0.500339 0.489958
v -0.221618 -0.500568 0.487945
v -0.265018 -0.500469 0.488373
v -0.253984 -0.483260 0.489065
v -0.107078 -0.499399 0.487312
v -0.308459 -0.500828 0.489260
v -0.295310 -0.482708 0.489181
v -0.335403 -0.500228 0.489250
v -0.412118 -0.481595 0.489034
v -0.433004 -0.500566 0.489141
v -0.474106 -0.481616 0.488759
v -0.457575 -0.500589 0.488020
v -0.299468 -0.481588 0.489082
v -0.288022 -0.499132 0.486316
v -0.473448 -0.499939 0.488609
v -0.473563 -0.488091 0.486286
v -0.193963 -0.481967 0.487912
v -0.083511 -0.501231 0.488895
v -0.267837 -0.483063 0.488909
v -0.263822 -0.481514 0.488599
v -0.173867 -0.482139 0.487039
v -0.232666 -0.483008 0.487595
v -0.000256 -0.481665 0.487078
v 0.230392 -0.482004 0.486991
v 0.469832 -0.499793 0.486699
v -0.077786 -0.500721 0.488319
v 0.312586 -0.500410 0.488689
v 0.066551 -0.499644 0.486706
v -0.193770 -0.500734 0.488700
v 0.037051 -0.500891 0.487208
v -0.471266 -0.498878 0.487080
v -0.472721 -0.499229 0.486000
v -0.472109 -0.489736 0.486652
v 0.473230 -0.499910 0.487915
v -0.457524 -0.500962 0.406049
v -0.461951 -0.500957 0.015345
v -0.420881 -0.500958 -0.260176
v -0.341134 -0.500962 0.362461
v -0.325425 -0.500960 -0.151125
v -0.139661 -0.500957 -0.046305
v 0.162820 -0.500962 -0.350497
v 0.185201 -0.500962 0.229803
v 0.294248 -0.500957 -0.014103
v 0.361933 -0.500959 0.467974
v -0.469652 -0.500956 0.469926
v -0.473295 -0.499128 0.485840
v -0.457494 -0.500474 0.488538
v -0.288256 -0.500942 0.488447
v -0.221035 -0.500913 0.488037
v -0.190139 -0.500787 0.488767
v -0.182004 -0.500574 0.488987
v -0.119194 -0.500882 0.488806
v -0.078146 -0.500221 0.488044
v -0.073045 -0.500949 0.488401
v -0.014119 -0.500918 0.487530
v 0.032301 -0.501038 0.488724
v 0.032201 -0.500966 0.440383
v 0.061139 -0.500888 0.487497
v 0.119161 -0.500250 0.488989
v 0.155554 -0.500552 0.488843
v 0.259346 -0.500883 0.488851
v 0.284985 -0.500883 0.488362
v 0.307484 -0.498986 0.488753
v 0.336128 -0.499290 0.487710
v 0.348116 -0.500879 0.488703
v 0.432565 -0.500738 0.488740
v 0.463630 -0.500604 0.488700
v 0.470774 -0.500770 0.488051
v 0.473538 -0.500414 0.440829
v 0.472703 -0.500916 0.411144
v 0.472145 -0.500595 0.381128
v 0.471069 -0.500891 0.358581
v 0.472467 -0.501259 0.351833
v 0.469706 -0.500960 0.316660
v 0.472287 -0.500628 0.307794
v 0.473675 -0.501482 0.296496
v 0.473615 -0.500927 0.262201
v 0.472896 -0.500612 0.235102
v 0.472486 -0.500677 0.220661
v 0.358257 -0.500958 0.473458
v 0.340684 -0.500960 0.479569
v 0.310212 -0.500962 0.418624
v 0.221077 -0.500961 0.240356
v 0.472482 -0.500925 0.189987
v 0.472723 -0.500758 0.170092
v 0.473110 -0.500744 0.100437
v 0.471059 -0.500909 0.042547
v 0.473482 -0.501436 0.052229
v 0.473401 -0.500727 -0.000827
v 0.472444 -0.500823 0.032826
v 0.438908 -0.500959 0.025523
v 0.434635 -0.500959 0.024608
v 0.473637 -0.500859 -0.024055
v 0.472110 -0.500936 -0.067625
v 0.472391 -0.500806 -0.083400
v 0.473064 -0.499968 -0.092383
v 0.474016 -0.500789 -0.110855
v 0.472849 -0.500981 -0.126028
v 0.472507 -0.500754 -0.163747
v 0.473964 -0.500521 -0.199477
v 0.471919 -0.500555 -0.216916
v 0.469746 -0.500960 -0.240168
v 0.470999 -0.500935 -0.249764
v 0.472415 -0.500678 -0.294455
v 0.472335 -0.500941 -0.341820
v 0.473022 -0.501173 -0.386992
v 0.470346 -0.500954 -0.414816
v 0.473876 -0.500869 -0.459324
v 0.438125 -0.500904 -0.485059
v 0.472252 -0.501017 -0.486913
v 0.428723 -0.500936 -0.485611
v 0.436106 -0.500963 -0.407652
v 0.369041 -0.500962 -0.393503
v 0.415989 -0.500963 -0.353182
v 0.416424 -0.500963 -0.354052
v 0.398033 -0.500963 -0.317269
v 0.414536 -0.500971 -0.115280
v 0.040979 -0.500960 -0.302056
v 0.347188 -0.500964 -0.148952
v 0.100983 -0.500964 0.327439
v 0.173097 -0.500962 0.358776
v 0.286140 -0.500956 -0.007074
v 0.377297 -0.500939 -0.486519
v 0.316302 -0.501007 -0.485255
v 0.293732 -0.498921 -0.486903
v 0.188020 -0.500960 -0.432811
v 0.221593 -0.500916 -0.484458
v 0.262876 -0.500578 -0.485652
v 0.157323 -0.500962 -0.360228
v 0.158185 -0.500961 0.222016
v 0.096255 -0.500957 0.008480
v 0.191268 -0.500957 0.032411
v 0.192372 -0.500958 0.025911
v 0.026513 -0.500963 0.357323
v 0.015570 -0.500962 0.344926
v -0.017323 -0.500963 0.307721
v 0.062578 -0.500957 -0.008358
v -0.017958 -0.500959 0.126465
v -0.072966 -0.500958 0.053025
v -0.016573 -0.500958 0.118360
v -0.033680 -0.500962 0.379645
v -0.022514 -0.500961 0.152608
v 0.158857 -0.500962 -0.357548
v 0.218369 -0.500386 -0.486332
v 0.176876 -0.500975 -0.485273
v 0.170640 -0.500958 -0.467571
v 0.162414 -0.500796 -0.484254
v 0.142276 -0.500960 -0.486560
v 0.125363 -0.500887 -0.486599
v 0.074300 -0.500946 -0.486559
v 0.075122 -0.500870 -0.487137
v -0.268738 -0.500958 -0.147198
v -0.047662 -0.500957 -0.062577
v -0.072966 -0.500957 -0.027006
v -0.133883 -0.500963 0.288037
v -0.072966 -0.500957 -0.071497
v -0.146392 -0.500957 -0.043470
v 0.031795 -0.500838 -0.486235
v 0.004260 -0.500917 -0.485205
v -0.017622 -0.500296 -0.486819
v -0.048584 -0.500591 -0.485980
v -0.111275 -0.500962 -0.393900
v -0.148610 -0.500957 -0.042546
v -0.283169 -0.500957 0.008338
v -0.212816 -0.500958 -0.089390
v -0.073392 -0.500710 -0.486562
v -0.082834 -0.500932 -0.487282
v -0.093858 -0.500613 -0.486297
v -0.169308 -0.500963 -0.393900
v -0.183776 -0.500962 -0.393900
v -0.122663 -0.500959 -0.454741
v -0.119214 -0.500838 -0.486078
v -0.125272 -0.500959 -0.451364
v -0.358500 -0.500957 -0.089391
v -0.332253 -0.500957 0.032526
v -0.335519 -0.500962 0.360560
v -0.473263 -0.500980 0.366005
v -0.338040 -0.500962 0.361426
v -0.335201 -0.500943 0.488982
v -0.280965 -0.500958 0.005399
v -0.473891 -0.500807 0.432260
v -0.474351 -0.500839 0.414690
v -0.471510 -0.500887 0.405003
v -0.472704 -0.501178 0.404737
v -0.469663 -0.500962 0.287931
v -0.474014 -0.500888 0.211806
v -0.472670 -0.500817 0.245046
v -0.362274 -0.500958 0.053970
v -0.464100 -0.500970 0.157647
v -0.473936 -0.500992 0.199011
v -0.473293 -0.500644 0.192859
v -0.473609 -0.500540 0.168348
v -0.473685 -0.500898 0.138583
v -0.398980 -0.500957 0.080188
v -0.332289 -0.500960 -0.152749
v -0.341227 -0.500958 -0.154887
v -0.153278 -0.500552 -0.486509
v -0.187592 -0.500840 -0.486429
v -0.261550 -0.500950 -0.485254
v -0.337762 -0.500961 -0.357386
v -0.294571 -0.500712 -0.486386
v -0.268352 -0.500605 -0.486765
v -0.321131 -0.500959 -0.440221
v -0.325413 -0.500960 -0.441049
v -0.405101 -0.500958 -0.271108
v -0.473064 -0.500902 0.065659
v -0.460145 -0.500974 0.012003
v -0.472180 -0.500958 0.034618
v -0.472987 -0.500975 -0.016003
v -0.472742 -0.500890 -0.113713
v -0.451833 -0.500975 -0.089368
v -0.473675 -0.500395 -0.095401
v -0.419222 -0.500957 -0.248275
v -0.471816 -0.500829 -0.187373
v -0.473308 -0.500844 -0.203430
v -0.423519 -0.500958 -0.258314
v -0.340795 -0.500960 -0.360674
v -0.330877 -0.500960 -0.438947
v -0.326560 -0.500652 -0.486407
v -0.353065 -0.500654 -0.483445
v -0.365257 -0.500955 -0.481814
v -0.341996 -0.500959 -0.361995
v -0.399935 -0.501125 -0.486544
v -0.372737 -0.500523 -0.484243
v -0.430893 -0.500896 -0.486912
v -0.441035 -0.500902 -0.486060
v -0.472142 -0.500873 -0.456685
v -0.473970 -0.500679 -0.379654
v -0.473116 -0.500873 -0.324355
v -0.471067 -0.500965 -0.290365
v -0.471917 -0.501196 -0.243812
v -0.469073 -0.500947 -0.237962
v -0.422177 -0.500958 -0.243535
v -0.472682 -0.500870 -0.236715
v -0.471884 -0.500859 -0.302775
v -0.473665 -0.500103 -0.365188
v -0.472455 -0.499270 -0.395941
v -0.473637 -0.500343 -0.486578
v -0.357578 -0.500625 -0.486359
v -0.474497 -0.500826 -0.145820
v -0.472418 -0.500843 -0.033961
v -0.471602 -0.500426 0.004264
v -0.471528 -0.500863 0.011047
v -0.468213 -0.500956 0.016818
v -0.473172 -0.501034 0.041971
v -0.472762 -0.500871 0.334879
v -0.472852 -0.500589 0.455215
v -0.473859 -0.500569 -0.244007
v 0.473759 -0.500414 -0.150158
v 0.472918 -0.498097 -0.139184
v 0.474748 -0.500612 0.486228
v -0.472066 -0.501745 0.301107
v -0.472595 -0.500837 -0.005523
v -0.473104 -0.499936 -0.052883
v -0.474129 -0.499563 0.443848
v -0.474149 -0.500530 0.237311
v -0.472265 -0.500818 0.022957
v -0.247012 -0.499605 -0.486097
v 0.473235 -0.499282 -0.045359
v 0.472687 -0.499859 -0.258880
v 0.471956 -0.500823 -0.270869
v -0.472834 -0.500567 0.132812
v 0.472251 -0.500644 -0.236148
v -0.473144 -0.500439 0.158223
v -0.473977 -0.500204 -0.044279
v -0.473276 -0.499347 -0.478311
v 0.409026 -0.500211 -0.486343
v -0.472932 -0.498689 -0.279869
v -0.474141 -0.500360 -0.423479
v -0.473739 -0.498496 -0.154036
v 0.472218 -0.499649 -0.175153
v 0.145787 -0.497913 -0.485935
v -0.472844 -0.500368 0.280956
v 0.473157 -0.500833 -0.280937
v -0.472756 -0.500773 0.464617
v -0.104502 -0.498841 0.488345
v 0.368142 -0.498433 -0.486020
v -0.474077 -0.498992 0.349484
v -0.473234 -0.500587 -0.467080
v 0.472160 -0.497942 0.473982
v 0.473575 -0.500864 0.412561
v -0.472670 -0.500928 -0.440790
v -0.288269 -0.498401 0.488462
v -0.066230 -0.499821 0.488408
v 0.472891 -0.498191 0.067428
v 0.473396 -0.500773 -0.330409
v -0.473430 -0.499339 -0.127589
v 0.260984 -0.500269 -0.486569
v -0.473788 -0.499753 -0.211850
v 0.154770 -0.500516 -0.486273
v -0.090913 -0.499404 0.489547
v 0.473422 -0.500706 -0.356343
v -0.474265 -0.500877 0.318793
v -0.473643 -0.498640 0.090701
v 0.072398 -0.500930 0.488769
v 0.473339 -0.500927 -0.409590
v 0.474026 -0.501157 0.156250
v -0.473552 -0.499240 -0.077865
v -0.474020 -0.501422 -0.059695
v -0.003951 -0.500184 0.488732
v 0.110840 -0.498696 -0.486571
v 0.473970 -0.501148 0.179504
v -0.474004 -0.500244 0.144323
v 0.042941 -0.499983 0.488606
v -0.473540 -0.498208 0.113107
v 0.474062 -0.500819 0.079915
v -0.143048 -0.498969 -0.486309
v -0.473555 -0.500468 0.476404
v 0.188948 -0.500147 0.488185
v -0.406813 -0.500485 -0.486967
v -0.473739 -0.500422 0.293450
v -0.474032 -0.500284 -0.309423
v 0.328332 -0.500282 -0.486735
v -0.321969 -0.499650 -0.486416
v 0.474022 -0.500947 0.336411
v 0.416312 -0.501502 -0.487179
v 0.010037 -0.500380 -0.486674
v -0.020416 -0.500413 0.488704
v 0.473834 -0.500067 0.057053
v 0.190555 -0.500013 -0.486814
v 0.473304 -0.500111 0.217637
v -0.474458 -0.500621 -0.452377
v -0.224079 -0.499994 -0.486817
v 0.472960 -0.498284 0.440400
v -0.473955 -0.499148 0.394205
v -0.473814 -0.499144 0.257655
v 0.474364 -0.500764 -0.478329
v 0.096277 -0.500678 -0.487340
v 0.011237 -0.499508 -0.487536
v -0.112249 -0.499005 0.489415
v 0.473494 -0.500210 0.460705
v 0.473839 -0.499495 -0.398197
v 0.473771 -0.499657 -0.475920
v 0.472823 -0.500636 -0.486123
v 0.473288 -0.498367 -0.485476
v -0.473751 -0.499007 0.039107
v -0.473642 -0.498736 0.004867
v -0.471981 -0.499318 0.039946
v -0.471013 -0.498808 0.004437
v -0.472855 -0.499924 -0.002222
v -0.472586 -0.499241 0.052541
v -0.473708 -0.501075 0.475317
v -0.474565 -0.502041 0.462134
v -0.473528 -0.498820 -0.243732
v -0.471671 -0.499992 -0.243813
v -0.472629 -0.498914 -0.233043
v -0.473282 -0.499550 -0.291667
v -0.471037 -0.500887 -0.291497
v -0.471517 -0.497132 -0.309283
v -0.473598 -0.500058 -0.421362
v -0.472061 -0.500372 -0.396054
v -0.472672 -0.500784 -0.232005
v -0.474016 -0.500293 -0.240452
v -0.474471 -0.499926 0.005847
v -0.473651 -0.502522 -0.008081
v -0.474112 -0.499531 -0.049640
v -0.474448 -0.500203 -0.054787
v -0.474372 -0.481460 0.054403
v -0.474538 -0.500319 -0.073260
v -0.474451 -0.481455 -0.168529
v -0.473833 -0.500597 -0.099159
v -0.474744 -0.500333 -0.124004
v -0.473287 -0.500861 0.066301
v -0.473734 -0.500645 0.099550
v -0.474373 -0.500543 0.138703
v -0.473680 -0.500546 0.191783
v -0.473319 -0.499731 0.111487
v -0.474123 -0.500353 0.089377
v -0.474021 -0.499825 0.038013
v -0.473646 -0.500949 0.160112
v -0.473153 -0.500553 0.052739
v -0.474381 -0.481549 0.205867
v -0.474405 -0.500338 0.236713
v -0.474509 -0.499960 0.257320
v -0.474187 -0.500188 0.314976
v -0.474286 -0.481563 0.342597
v -0.474676 -0.484389 0.338450
v -0.474387 -0.481540 0.364255
v -0.473848 -0.500285 0.396548
v -0.474354 -0.500052 0.412596
v -0.474518 -0.497714 0.487491
v -0.474300 -0.500043 0.466306
v -0.473559 -0.499839 0.441225
v -0.474542 -0.499640 0.350334
v -0.474337 -0.500309 0.210628
v -0.474396 -0.500892 0.199274
v -0.474248 -0.501557 0.484618
v -0.474454 -0.501389 0.367742
v -0.474523 -0.500008 -0.146525
v -0.473794 -0.499513 -0.155389
v -0.474594 -0.499620 -0.186665
v -0.474267 -0.500164 -0.206870
v -0.474445 -0.499523 -0.303548
v -0.474350 -0.500016 -0.280370
v -0.474302 -0.481477 -0.299119
v -0.473251 -0.500649 -0.326550
v -0.474389 -0.481468 -0.370633
v -0.473065 -0.499876 -0.381694
v -0.473185 -0.500198 -0.365368
v -0.473983 -0.500700 -0.479116
v -0.474318 -0.499538 -0.447082
v -0.474219 -0.500104 -0.486165
v -0.474403 -0.481503 -0.486587
v -0.473002 -0.500230 -0.291821
v -0.474578 -0.500115 -0.434806
v -0.475722 -0.501420 0.422624
v -0.472767 -0.500237 -0.466992
v -0.474569 -0.502554 0.132097
v -0.472036 -0.499804 -0.172764
v -0.471891 -0.500347 0.453517
v -0.474178 -0.501010 -0.028612
v -0.473681 -0.501820 0.336688
v -0.474630 -0.501120 -0.085260
v -0.473320 -0.501554 -0.203369
v -0.472957 -0.502295 0.302479
v -0.471386 -0.499485 0.282341
v -0.471933 -0.500779 -0.034752
v -0.474270 -0.500739 -0.176782
v -0.473157 -0.501044 -0.172541
v -0.473534 -0.500247 -0.196954
v -0.473318 -0.501514 -0.271386
v -0.474080 -0.499898 -0.281868
v -0.473220 -0.501363 -0.283265
v -0.473433 -0.498079 -0.451324
v -0.471611 -0.500343 -0.457471
v -0.471657 -0.499394 -0.439286
v -0.475384 -0.502101 -0.432564
v -0.457775 -0.480265 -0.106704
v -0.294679 -0.478754 0.254341
v 0.093644 -0.480259 0.010341
v -0.301039 -0.478592 0.477501
v -0.267094 -0.479317 -0.143764
v -0.422941 -0.478875 0.133021
v 0.110881 -0.478765 0.435171
v -0.110132 -0.478746 0.442976
v -0.124206 -0.478657 0.476190
v -0.311634 -0.478653 0.472146
v -0.277222 -0.478585 0.476404
v -0.297194 -0.478601 0.475189
v -0.243843 -0.478623 0.477148
v -0.210544 -0.478764 0.475914
v -0.032095 -0.478701 0.476776
v 0.038362 -0.478566 0.478427
v -0.060188 -0.478935 0.478924
v -0.098152 -0.478610 0.479278
v -0.145265 -0.478547 0.478921
v -0.159573 -0.478551 0.478848
v -0.168434 -0.478722 0.478799
v -0.194275 -0.478668 0.478296
v -0.172032 -0.478874 0.479860
v -0.233125 -0.478615 0.475255
v -0.221291 -0.478636 0.477878
v -0.200636 -0.478676 0.479304
v -0.085353 -0.479416 0.479737
v -0.012107 -0.478783 0.477552
v 0.019867 -0.478437 0.479058
v 0.081799 -0.478329 0.479081
v 0.132999 -0.478741 0.435147
v 0.122694 -0.478607 0.478319
v 0.219634 -0.478754 0.434799
v 0.159398 -0.478613 0.477974
v 0.141356 -0.478580 0.478803
v 0.442112 -0.478741 0.260974
v 0.460563 -0.478729 0.253290
v 0.458941 -0.478730 0.269634
v 0.459797 -0.478680 0.298405
v 0.460555 -0.478729 0.327357
v 0.460046 -0.478740 0.348953
v 0.459373 -0.478585 0.379273
v 0.460414 -0.478747 0.357057
v 0.459880 -0.478616 0.407139
v 0.460312 -0.478709 0.458921
v 0.398255 -0.478704 0.479023
v 0.328790 -0.478659 0.478370
v 0.255572 -0.478686 0.480074
v 0.202450 -0.478484 0.478080
v 0.179799 -0.477794 0.479193
v 0.222859 -0.478712 0.479024
v 0.280692 -0.478618 0.477818
v 0.309797 -0.478282 0.477935
v 0.320384 -0.478655 0.480354
v 0.368661 -0.478431 0.478851
v 0.422275 -0.478671 0.478770
v 0.435858 -0.478621 0.476158
v 0.459412 -0.479975 0.477231
v 0.457341 -0.478690 0.478990
v 0.165194 -0.477769 0.481884
v 0.093529 -0.478603 0.476406
v -0.260153 -0.478571 0.476834
v -0.240691 -0.478799 0.479351
v -0.328358 -0.478605 0.477391
v -0.337322 -0.478936 0.479337
v 0.233507 -0.478754 0.364424
v -0.227647 -0.478758 0.430457
v -0.213433 -0.478755 0.402733
v -0.212485 -0.478766 0.400837
v 0.056246 -0.478756 0.258472
v 0.307639 -0.478756 0.193737
v 0.459786 -0.478539 0.244104
v 0.460900 -0.478886 0.216425
v 0.459521 -0.478821 0.195867
v 0.378526 -0.478758 0.229180
v 0.019206 -0.478761 0.139024
v -0.398641 -0.478602 0.478262
v -0.412119 -0.478898 0.479752
v -0.434279 -0.478607 0.478982
v -0.461917 -0.479260 0.479873
v -0.412132 -0.478757 0.414273
v 0.368008 -0.478706 0.133274
v 0.460732 -0.478850 0.132696
v 0.460107 -0.478689 0.161538
v 0.459640 -0.478703 0.188899
v 0.301158 -0.478690 0.133699
v 0.054392 -0.478675 0.133705
v 0.125507 -0.478743 0.133605
v 0.234631 -0.478757 0.132890
v -0.000237 -0.478704 0.133545
v -0.066007 -0.478721 0.133857
v -0.461390 -0.478920 0.440271
v -0.395390 -0.478755 0.372627
v -0.298922 -0.478757 0.261832
v -0.460614 -0.478754 0.309179
v -0.192571 -0.479045 0.133247
v -0.460768 -0.478762 0.240026
v -0.426985 -0.478657 0.138145
v -0.320594 -0.478666 0.134210
v -0.324385 -0.478672 0.150081
v -0.265692 -0.478768 0.203214
v -0.216925 -0.478665 0.133766
v -0.364864 -0.479633 0.131555
v -0.442389 -0.478691 0.158700
v -0.433950 -0.478704 0.159618
v -0.329553 -0.478749 0.170989
v -0.428171 -0.478654 0.139617
v -0.462566 -0.479556 0.131903
v -0.461935 -0.479142 0.377429
v 0.439786 -0.478838 0.479351
v -0.285645 -0.478614 0.478934
v 0.460652 -0.478838 0.419800
v -0.303913 -0.478751 0.479255
v 0.090481 -0.480427 0.479991
v 0.120411 -0.475886 0.479761
v 0.461125 -0.479142 0.278475
v 0.286550 -0.478996 0.479771
v 0.192515 -0.479297 0.480169
v -0.024716 -0.479040 0.479645
v -0.073598 -0.480508 0.480261
v 0.030395 -0.479473 0.481368
v 0.037085 -0.480313 0.129656
v -0.125602 -0.480290 0.130251
v -0.057089 -0.480270 0.130231
v 0.015673 -0.480256 -0.010638
v 0.117847 -0.480282 0.128436
v 0.080362 -0.480260 0.046655
v -0.154373 -0.480272 0.129926
v 0.085673 -0.480260 0.040270
v 0.099363 -0.480259 0.007855
v 0.087146 -0.480262 0.033609
v 0.207705 -0.480260 0.016023
v 0.240565 -0.480264 0.129784
v 0.332482 -0.480269 0.130072
v 0.471725 -0.480251 -0.097591
v 0.193490 -0.480258 -0.033349
v -0.281278 -0.480320 0.130152
v -0.336167 -0.480265 0.130109
v -0.204106 -0.480263 0.028473
v -0.202628 -0.480263 0.031430
v -0.375246 -0.480266 0.101627
v -0.434723 -0.480251 0.130837
v -0.472658 -0.480272 0.078985
v -0.337499 -0.480258 0.026133
v -0.262714 -0.480259 -0.005847
v -0.474927 -0.480382 0.027635
v -0.269424 -0.480259 -0.011791
v -0.303440 -0.480259 -0.041986
v -0.163560 -0.480263 -0.139003
v -0.071773 -0.479712 -0.142621
v -0.471359 -0.480274 -0.074169
v -0.471823 -0.480408 -0.118461
v -0.472400 -0.480319 -0.125476
v -0.472864 -0.480489 -0.188815
v -0.344092 -0.480113 -0.191441
v -0.294908 -0.480203 -0.197130
v -0.228620 -0.480241 -0.251659
v -0.184369 -0.480246 -0.197866
v -0.337362 -0.479867 -0.143675
v -0.270230 -0.480249 -0.140474
v 0.020592 -0.479707 -0.143039
v 0.070104 -0.479325 -0.146261
v 0.158032 -0.480256 -0.140421
v 0.277985 -0.479877 -0.143304
v 0.310696 -0.479815 -0.145213
v 0.379424 -0.480299 -0.252097
v 0.281382 -0.480071 -0.195977
v 0.233465 -0.479664 -0.195313
v 0.106836 -0.480227 -0.197066
v 0.334872 -0.480279 -0.252164
v 0.312898 -0.479987 -0.196464
v 0.210159 -0.480317 -0.252531
v 0.036181 -0.480229 -0.197123
v 0.010097 -0.480292 -0.227648
v 0.012984 -0.480295 -0.228385
v 0.092773 -0.480436 -0.249786
v -0.119249 -0.479736 -0.195611
v -0.286543 -0.480189 -0.250899
v -0.471650 -0.480261 -0.228457
v -0.342171 -0.480050 -0.254275
v -0.342536 -0.480181 -0.311949
v -0.341719 -0.480039 -0.390273
v -0.342660 -0.480281 -0.463147
v -0.358863 -0.480261 -0.463151
v -0.341898 -0.480309 -0.474854
v -0.385067 -0.480904 -0.487061
v -0.474319 -0.481088 -0.486875
v -0.471502 -0.480288 -0.463151
v -0.472573 -0.480307 -0.416296
v -0.472168 -0.480283 -0.313278
v -0.472612 -0.480332 -0.104601
v -0.467351 -0.480247 -0.105318
v -0.472252 -0.481705 -0.080494
v -0.472573 -0.480524 -0.095041
v -0.472254 -0.481182 -0.216330
v -0.472086 -0.481238 -0.241372
v -0.335721 -0.480305 -0.478334
v -0.228112 -0.480320 -0.251070
v -0.116446 -0.480305 -0.251691
v -0.051386 -0.480219 -0.196629
v 0.474353 -0.480360 0.073547
v 0.151798 -0.480261 0.130200
v 0.408519 -0.480213 0.130480
v 0.464082 -0.479529 0.134994
v 0.463274 -0.479027 0.155532
v 0.463277 -0.479260 0.170869
v 0.473796 -0.481270 -0.010660
v -0.266776 -0.481339 -0.486922
v -0.280320 -0.480471 -0.478379
v -0.230412 -0.481297 -0.486950
v -0.472329 -0.480373 0.079465
v -0.472766 -0.480460 -0.235506
v -0.472626 -0.480638 -0.255905
v -0.464437 -0.480345 0.278146
v -0.474392 -0.481277 0.226976
v 0.463952 -0.480236 -0.255711
v 0.473978 -0.481016 -0.231678
v 0.462646 -0.480157 -0.477805
v 0.463529 -0.480965 0.179907
v 0.463403 -0.480138 0.216700
v 0.463968 -0.480636 0.228638
v 0.473978 -0.481058 0.299004
v 0.463530 -0.479960 0.316049
v 0.464142 -0.480391 0.274263
v 0.463197 -0.479298 0.237623
v 0.437610 -0.480405 -0.478630
v 0.382564 -0.480583 -0.478363
v 0.323679 -0.480483 -0.478446
v 0.271765 -0.480479 -0.478548
v 0.234466 -0.480569 -0.478471
v 0.195619 -0.480486 -0.478582
v 0.322316 -0.481268 -0.486964
v 0.148466 -0.480369 -0.478566
v 0.034876 -0.480285 -0.478267
v 0.003198 -0.480418 -0.478812
v -0.005874 -0.480605 -0.478370
v -0.043907 -0.480462 -0.478710
v -0.066107 -0.480355 -0.478874
v -0.119914 -0.480516 -0.478483
v -0.162919 -0.480492 -0.478724
v -0.200783 -0.480528 -0.478457
v -0.241353 -0.480463 -0.478298
v -0.474493 -0.481093 0.346411
v -0.472541 -0.480529 0.435335
v -0.258460 -0.478761 -0.191786
v -0.261667 -0.478702 -0.149613
v -0.171541 -0.478866 -0.144444
v -0.187985 -0.478862 -0.192483
v -0.061650 -0.478842 -0.193616
v 0.076362 -0.478794 -0.191153
v 0.160458 -0.478776 -0.191376
v 0.184909 -0.478842 -0.146024
v 0.139189 -0.478774 -0.180735
v 0.463563 -0.480409 0.330116
v 0.463209 -0.482020 0.338543
v 0.464259 -0.476838 0.408764
v 0.463550 -0.480477 0.397319
v 0.463271 -0.478756 0.363310
v 0.462943 -0.480449 0.483317
v 0.472274 -0.480756 0.487212
v 0.445475 -0.481256 0.485870
v 0.451220 -0.480624 0.484524
v 0.446139 -0.480217 0.481617
v 0.426375 -0.480383 0.487626
v -0.336338 -0.478753 -0.441597
v -0.335395 -0.478724 -0.262766
v 0.165656 -0.478614 -0.472229
v 0.176043 -0.478600 -0.473465
v 0.213343 -0.478763 -0.474841
v 0.246907 -0.478603 -0.474973
v 0.294408 -0.478621 -0.472728
v 0.323700 -0.478592 -0.475158
v -0.026575 -0.478751 -0.256830
v 0.061711 -0.478740 -0.257727
v 0.408353 -0.478710 -0.473465
v 0.462285 -0.479565 -0.428884
v 0.460590 -0.478734 -0.377231
v 0.460697 -0.478741 -0.327103
v 0.365803 -0.478754 -0.327104
v 0.168171 -0.478721 -0.257684
v 0.376819 -0.478750 -0.257514
v 0.459365 -0.478717 -0.256851
v 0.305389 -0.478739 -0.257128
v -0.134147 -0.478808 -0.256209
v -0.195957 -0.478725 -0.257823
v 0.015948 -0.478595 -0.475288
v -0.253670 -0.478765 -0.406624
v -0.234925 -0.478759 -0.442624
v 0.006407 -0.478837 -0.327114
v -0.258607 -0.478766 -0.423329
v -0.260484 -0.478765 -0.429649
v -0.298175 -0.478519 -0.475423
v -0.216333 -0.478589 -0.475158
v -0.156768 -0.478575 -0.475173
v -0.126512 -0.478605 -0.474846
v -0.103904 -0.478615 -0.475020
v -0.044929 -0.478618 -0.475148
v -0.039116 -0.478620 -0.475067
v -0.011444 -0.478598 -0.475031
v 0.010825 -0.478599 -0.474977
v 0.050594 -0.478600 -0.474514
v 0.073256 -0.478596 -0.475138
v 0.139504 -0.478606 -0.475165
v 0.154359 -0.478044 -0.474440
v 0.170640 -0.478596 -0.475429
v 0.290224 -0.478551 -0.475339
v 0.298184 -0.478573 -0.475302
v 0.417317 -0.478579 -0.475429
v -0.323471 -0.478617 -0.475574
v -0.339165 -0.479135 -0.473465
v 0.169044 -0.479464 -0.477269
v -0.336710 -0.479447 -0.476308
v -0.474197 -0.481496 -0.311882
v -0.429271 -0.480010 0.482739
v 0.168079 -0.481391 0.485853
v 0.176206 -0.479220 0.484125
v 0.150518 -0.477127 0.484079
v 0.151977 -0.480936 0.487210
v 0.145131 -0.479145 0.484508
v 0.129984 -0.480849 0.486509
v 0.125619 -0.482201 0.481697
v 0.115803 -0.481427 0.488883
v 0.115723 -0.479234 0.484389
v 0.110275 -0.481257 0.484548
v 0.084727 -0.479859 0.484094
v 0.100763 -0.480559 0.481137
v 0.053172 -0.481539 0.488810
v 0.079496 -0.481459 0.485133
v 0.079370 -0.481250 0.483885
v 0.066333 -0.480460 0.483399
v 0.057616 -0.480919 0.486104
v 0.191281 -0.479063 0.487490
v 0.179288 -0.481408 0.485052
v 0.179742 -0.481376 0.482846
v 0.197253 -0.477927 0.485786
v 0.205130 -0.480008 0.482005
v 0.207649 -0.480102 0.484480
v 0.209834 -0.481485 0.485152
v 0.211012 -0.478098 0.486111
v 0.210058 -0.481645 0.483257
v 0.225052 -0.481270 0.484504
v 0.227797 -0.480725 0.482447
v 0.240779 -0.481649 0.485114
v 0.247412 -0.480248 0.481899
v 0.246612 -0.482757 0.485471
v 0.259092 -0.479935 0.487172
v 0.261056 -0.476937 0.483219
v 0.269462 -0.480475 0.482992
v 0.239400 -0.481566 0.487093
v -0.474254 -0.481414 -0.417815
v 0.473097 -0.482495 0.488531
v 0.473677 -0.481478 -0.111614
v 0.060317 -0.479666 0.481945
v 0.043600 -0.480431 0.482143
v 0.021488 -0.479446 0.484035
v 0.052686 -0.479255 0.484131
v 0.007542 -0.481808 0.488704
v -0.000729 -0.479901 0.481839
v -0.006162 -0.480620 0.483020
v -0.032653 -0.479765 0.481844
v -0.028229 -0.481467 0.488124
v -0.054288 -0.478943 0.482563
v -0.050262 -0.482669 0.487858
v -0.100113 -0.481813 0.488572
v -0.071736 -0.480521 0.481906
v -0.091555 -0.479343 0.482323
v -0.103988 -0.479849 0.483809
v -0.108410 -0.480074 0.484566
v -0.110968 -0.480497 0.482579
v -0.133599 -0.479349 0.483619
v -0.128700 -0.482233 0.488734
v -0.136082 -0.479636 0.484220
v -0.148973 -0.480408 0.481892
v -0.164599 -0.481143 0.484358
v -0.173544 -0.482843 0.487891
v -0.172057 -0.481473 0.485188
v -0.017344 -0.483172 0.488723
v -0.474196 -0.481498 -0.229067
v -0.472330 -0.480372 -0.216227
v -0.470564 -0.482637 -0.119380
v -0.471774 -0.480151 -0.226606
v -0.473687 -0.478022 -0.240770
v -0.471836 -0.481619 -0.094949
v -0.472591 -0.480847 -0.242680
v -0.472259 -0.480848 -0.312730
v -0.470659 -0.482471 -0.081769
v -0.474206 -0.481480 -0.075648
v 0.011235 -0.499047 -0.487320
v 0.061596 -0.500220 -0.487225
v -0.000929 -0.481504 -0.487068
v 0.087827 -0.499587 -0.487272
v 0.098065 -0.500202 -0.487070
v 0.105762 -0.500313 -0.486965
v 0.142336 -0.500175 -0.485472
v 0.145829 -0.499659 -0.487284
v 0.151265 -0.501249 -0.487088
v 0.192773 -0.500239 -0.487292
v 0.214794 -0.481490 -0.487108
v 0.232372 -0.500418 -0.486835
v 0.295405 -0.498847 -0.487490
v 0.326867 -0.500540 -0.487115
v 0.366591 -0.500497 -0.486843
v 0.365872 -0.481497 -0.487121
v 0.411130 -0.500516 -0.486852
v 0.431835 -0.501553 -0.486601
v 0.473518 -0.481658 -0.486967
v 0.472794 -0.489544 -0.486970
v -0.013125 -0.500159 -0.486377
v 0.474000 -0.500308 -0.486849
v 0.261637 -0.499992 -0.485303
v -0.071847 -0.481509 -0.487103
v -0.226682 -0.481473 -0.487184
v -0.185953 -0.500617 -0.487044
v -0.260291 -0.481530 -0.487018
v -0.245204 -0.500469 -0.487151
v -0.311718 -0.481434 -0.487203
v -0.414843 -0.481344 -0.487080
v -0.403865 -0.500441 -0.486547
v -0.474240 -0.500311 -0.486966
v -0.431686 -0.500476 -0.487221
v -0.348680 -0.500504 -0.487015
v -0.148876 -0.499019 -0.487808
v -0.075978 -0.500363 -0.486495
v -0.114687 -0.500007 -0.485586
v -0.323980 -0.500510 -0.486496
v -0.223388 -0.500012 -0.486720
v 0.426421 -0.500471 -0.485123
v 0.283999 -0.501656 -0.489958
v -0.092352 -0.500474 -0.485278
v -0.141981 -0.500877 -0.487289
v 0.221993 -0.499619 -0.483654
v -0.440089 -0.500162 -0.484750
v -0.153976 -0.500325 -0.485577
v 0.376290 -0.500016 -0.485393
v 0.029963 -0.501179 -0.486903
v -0.397136 -0.500378 -0.486664
v -0.259037 -0.502614 -0.486100
v 0.317718 -0.501562 -0.485926
v 0.438098 -0.500179 -0.484632
v 0.169012 -0.502343 -0.485111
v -0.359280 -0.501215 -0.486651
v -0.365432 -0.499636 -0.482129
v -0.383436 -0.500206 -0.486202
v -0.470431 -0.496558 -0.370316
v -0.470744 -0.496620 0.023595
v -0.470415 -0.496553 -0.063206
v -0.469522 -0.484305 -0.050860
v -0.470023 -0.484127 0.016648
v -0.469351 -0.496431 0.025916
v -0.470363 -0.496544 0.146438
v -0.470188 -0.484079 0.060340
v -0.470508 -0.485255 0.131243
v -0.469121 -0.484692 0.099996
v -0.470807 -0.493942 -0.105260
v -0.470544 -0.486000 -0.109597
v -0.470494 -0.496574 -0.178775
v -0.469571 -0.484271 -0.212588
v -0.470056 -0.484081 -0.270446
v -0.470301 -0.496586 -0.307907
v -0.470227 -0.484121 -0.378577
v -0.469910 -0.484144 -0.430235
v -0.470590 -0.496594 -0.424674
v -0.469995 -0.484339 -0.482487
v -0.470475 -0.496581 0.206245
v -0.470644 -0.487121 0.253279
v -0.470405 -0.485308 0.251060
v -0.470440 -0.496568 0.263589
v -0.470331 -0.485368 0.484230
v -0.470338 -0.496531 0.484282
v 0.019951 -0.485274 0.485411
v 0.053918 -0.485135 0.485257
v 0.106191 -0.496667 0.485125
v 0.085266 -0.485056 0.485150
v 0.001467 -0.496694 0.485331
v 0.075747 -0.485314 0.485178
v 0.108634 -0.485197 0.485172
v 0.241790 -0.496660 0.485191
v 0.143882 -0.485288 0.485185
v 0.148138 -0.485249 0.484998
v 0.175292 -0.485571 0.485178
v 0.211863 -0.485391 0.485178
v 0.243280 -0.485422 0.485131
v 0.297069 -0.485266 0.485314
v 0.283263 -0.496679 0.485353
v -0.144681 -0.496666 0.485155
v -0.164248 -0.485231 0.485078
v -0.199802 -0.496507 0.485418
v -0.172379 -0.485329 0.484947
v -0.199173 -0.485056 0.485788
v 0.294915 -0.496631 0.485030
v 0.336979 -0.485472 0.485279
v 0.364222 -0.496485 0.485335
v 0.397468 -0.485157 0.485138
v 0.469423 -0.496614 0.485183
v 0.469554 -0.485641 0.484786
v -0.136913 -0.485359 0.484896
v 0.395638 -0.484013 0.483962
v 0.207511 -0.482683 0.488169
v -0.132791 -0.485199 0.485302
v 0.297744 -0.481777 0.485625
v 0.206863 -0.485364 0.484876
v 0.178821 -0.482654 0.487446
v 0.052753 -0.481869 0.485376
v 0.147621 -0.482083 0.486238
v 0.116137 -0.481712 0.485521
v 0.110731 -0.482312 0.486385
v 0.084713 -0.481949 0.485519
v 0.364937 -0.484949 0.484647
v 0.145416 -0.482227 0.486849
v 0.079382 -0.482280 0.486718
v -0.109467 -0.485241 0.485247
v -0.108888 -0.481758 0.485677
v -0.164718 -0.482038 0.486229
v -0.133391 -0.481852 0.485338
v 0.049751 -0.485128 0.484891
v -0.171717 -0.481987 0.485777
v 0.303102 -0.482338 0.486714
v 0.305961 -0.485542 0.483962
v 0.176652 -0.481477 0.485079
v -0.196087 -0.482219 0.486396
v -0.258424 -0.485239 0.485270
v -0.277232 -0.496620 0.485092
v -0.265481 -0.485388 0.485245
v -0.349320 -0.485353 0.485147
v -0.379899 -0.496832 0.484622
v -0.359044 -0.485265 0.485084
v -0.392033 -0.496836 0.485210
v -0.469488 -0.485495 0.484857
v -0.470299 -0.496742 0.484902
v -0.358446 -0.481774 0.485599
v -0.353022 -0.482364 0.486828
v -0.258892 -0.482198 0.486336
v -0.260555 -0.482736 0.486910
v 0.396696 -0.481638 0.484905
v -0.102957 -0.482675 0.485889
v -0.136523 -0.481942 0.486110
v 0.274046 -0.496626 0.483803
v 0.377154 -0.496536 0.484267
v -0.199442 -0.481418 0.484957
v 0.020756 -0.480651 0.482289
v 0.285749 -0.493924 0.482399
v 0.296038 -0.493360 0.482295
v 0.292451 -0.495065 0.485517
v -0.230042 -0.497032 0.190023
v -0.174110 -0.497034 0.429775
v 0.007558 -0.497033 0.388180
v 0.175685 -0.497028 -0.083338
v 0.321681 -0.497030 -0.164983
v 0.326557 -0.497029 -0.165827
v -0.470364 -0.496942 0.403195
v -0.470331 -0.496842 0.338759
v -0.470347 -0.496902 0.222044
v -0.470366 -0.496962 0.135272
v -0.470176 -0.497000 0.024764
v -0.470353 -0.496894 -0.088254
v -0.470361 -0.496899 -0.204450
v -0.467723 -0.497014 -0.242238
v -0.470139 -0.496759 -0.312082
v -0.470364 -0.496998 -0.350949
v -0.470237 -0.496690 -0.482956
v -0.321883 -0.497007 -0.482957
v -0.273202 -0.496983 -0.482031
v -0.226640 -0.496934 -0.482935
v -0.109381 -0.496922 -0.482971
v -0.025231 -0.496986 -0.482969
v 0.029541 -0.496725 -0.482961
v 0.179139 -0.496898 -0.482968
v 0.355486 -0.496856 -0.482920
v 0.395617 -0.496850 -0.482922
v 0.323288 -0.497029 -0.466786
v 0.276782 -0.497030 -0.443533
v -0.145295 -0.497033 -0.415871
v -0.170928 -0.497031 -0.437009
v 0.079987 -0.497033 -0.359947
v 0.072420 -0.497033 -0.401666
v 0.083462 -0.497033 -0.361239
v 0.089795 -0.497034 -0.363533
v 0.008921 -0.497030 -0.245396
v -0.170763 -0.497033 -0.276626
v -0.171905 -0.497030 -0.241229
v -0.381309 -0.497027 -0.110959
v 0.469468 -0.496676 -0.482944
v 0.469819 -0.496910 -0.461643
v 0.344561 -0.497034 -0.323203
v 0.466482 -0.497035 -0.384165
v 0.462397 -0.497034 -0.382121
v 0.469869 -0.496324 -0.359739
v 0.469816 -0.496992 -0.296024
v -0.065667 -0.497030 -0.258353
v -0.392329 -0.497029 -0.074448
v 0.317822 -0.497030 -0.164274
v 0.082673 -0.497032 -0.208520
v -0.176817 -0.497028 -0.088951
v -0.380987 -0.497026 0.090250
v -0.245848 -0.497029 0.133587
v 0.046360 -0.497028 -0.146406
v 0.172114 -0.497029 -0.099214
v 0.167710 -0.497029 -0.092616
v 0.173526 -0.497029 -0.101302
v 0.469807 -0.496826 -0.262967
v 0.425211 -0.497029 -0.171695
v 0.469791 -0.496795 -0.187941
v 0.421642 -0.497029 -0.176352
v 0.469820 -0.496931 -0.113461
v 0.330098 -0.497028 -0.084807
v 0.177885 -0.497029 -0.080735
v 0.469795 -0.496825 -0.048034
v -0.005645 -0.497028 0.084473
v -0.088615 -0.497029 0.084473
v -0.244375 -0.497030 0.132114
v -0.250522 -0.497031 0.138100
v -0.416603 -0.497034 0.268330
v -0.438488 -0.497033 0.377752
v -0.233555 -0.497032 0.197559
v -0.234552 -0.497033 0.260302
v -0.232096 -0.497033 0.194489
v 0.161800 -0.497028 0.084473
v 0.152959 -0.497033 0.260302
v 0.273257 -0.497031 0.169126
v 0.469842 -0.496963 -0.005466
v -0.355864 -0.497033 0.346743
v -0.204383 -0.497033 0.320641
v 0.280668 -0.497032 0.185182
v 0.293490 -0.497033 0.212964
v 0.219347 -0.497032 0.199567
v -0.157868 -0.497033 0.413672
v -0.349872 -0.497033 0.344504
v -0.107346 -0.497033 0.260302
v 0.040295 -0.497033 0.334122
v 0.065922 -0.497033 0.355768
v -0.391252 -0.497025 0.484729
v -0.378375 -0.496997 0.483588
v -0.229641 -0.496961 0.484962
v -0.145796 -0.496991 0.484849
v -0.200131 -0.496205 0.485036
v -0.114601 -0.496894 0.484948
v 0.052520 -0.497034 0.435145
v 0.007076 -0.497034 0.391976
v 0.014142 -0.497033 0.335714
v 0.074639 -0.497033 0.359151
v 0.315188 -0.497033 0.216188
v 0.357275 -0.497033 0.208486
v 0.316468 -0.497032 0.215874
v 0.469829 -0.497019 0.188299
v 0.469844 -0.496977 0.093573
v 0.469800 -0.496975 0.274085
v 0.469836 -0.496952 0.231535
v 0.284744 -0.497033 0.224274
v 0.323235 -0.497033 0.301256
v 0.362010 -0.497034 0.378807
v 0.152959 -0.497033 0.391731
v 0.055657 -0.496926 0.484955
v 0.055674 -0.497034 0.482532
v 0.152978 -0.497003 0.484975
v 0.469825 -0.496942 0.401318
v 0.273312 -0.496881 0.484685
v 0.285378 -0.496767 0.483088
v 0.292813 -0.497023 0.482994
v 0.376858 -0.496977 0.484799
v 0.469960 -0.496638 0.484717
v 0.291707 -0.497032 0.212661
v -0.279859 -0.496740 0.484909
v 0.028209 -0.497033 0.328079
v 0.347943 -0.497028 -0.102652
v -0.390981 -0.497028 -0.078832
v -0.372010 -0.496554 0.484879
v -0.470263 -0.496484 0.035355
v 0.104571 -0.496437 -0.482863
v 0.285247 -0.495146 0.485136
v -0.389781 -0.496417 0.485199
v 0.364257 -0.496083 0.484881
v -0.470250 -0.485354 0.484861
v -0.466189 -0.487474 0.481434
v -0.468828 -0.484393 0.472270
v -0.470230 -0.485369 0.122209
v -0.456638 -0.487179 0.480937
v -0.450041 -0.484618 0.483096
v -0.434613 -0.485498 0.481931
v -0.408179 -0.485489 0.484909
v -0.408633 -0.486384 0.482092
v -0.377036 -0.485472 0.484916
v -0.377583 -0.487565 0.481337
v -0.370243 -0.484746 0.483195
v -0.358869 -0.482985 0.483826
v -0.462074 -0.484352 0.139235
v -0.342112 -0.484190 0.062970
v -0.261995 -0.484437 0.137639
v -0.279745 -0.484228 -0.242882
v -0.276545 -0.484331 -0.254420
v -0.198821 -0.484455 -0.169586
v -0.108129 -0.484499 0.322508
v -0.072930 -0.484225 -0.242860
v -0.029347 -0.484501 0.324549
v 0.226753 -0.484188 -0.005652
v 0.459123 -0.484214 0.116096
v -0.390212 -0.486774 -0.481832
v -0.352175 -0.484565 -0.483450
v -0.363986 -0.484772 -0.481470
v -0.396107 -0.485067 -0.480655
v -0.403383 -0.485482 -0.481352
v -0.352426 -0.483947 -0.283577
v -0.157627 -0.484246 -0.141939
v 0.468286 -0.484411 0.438061
v 0.468766 -0.485863 0.418558
v 0.450407 -0.484480 0.399725
v 0.439798 -0.484520 0.426824
v 0.464715 -0.484338 0.367207
v 0.385670 -0.484505 0.345770
v 0.415077 -0.484567 0.472197
v 0.397242 -0.485000 0.483884
v 0.423943 -0.484951 0.485100
v 0.294403 -0.484498 0.355573
v 0.295889 -0.484496 0.358545
v 0.347667 -0.484495 0.373322
v 0.337651 -0.484503 0.393239
v 0.357274 -0.484500 0.273563
v 0.325911 -0.484504 0.257732
v 0.315988 -0.484505 0.248484
v 0.303139 -0.484509 0.251499
v 0.362201 -0.484497 0.270186
v 0.367115 -0.484501 0.261450
v 0.372797 -0.484500 0.279031
v 0.392918 -0.484512 0.207360
v 0.421706 -0.484511 0.297460
v 0.434556 -0.484523 0.247639
v 0.389100 -0.484518 0.227264
v 0.432396 -0.484517 0.200887
v 0.431689 -0.484514 0.151910
v 0.449308 -0.484487 0.232046
v 0.468281 -0.484415 0.201849
v 0.413642 -0.484514 0.309683
v 0.438079 -0.484501 0.268990
v 0.446763 -0.484491 0.276443
v 0.338785 -0.484332 0.382662
v 0.194737 -0.484506 0.391011
v 0.194152 -0.484535 0.458254
v 0.246900 -0.484498 0.382433
v 0.290635 -0.484513 0.409309
v 0.250812 -0.484508 0.294638
v 0.090898 -0.484503 0.297260
v 0.077004 -0.484499 0.343625
v 0.127405 -0.484514 0.404753
v 0.078209 -0.484509 0.406772
v 0.126236 -0.484516 0.410971
v 0.186181 -0.484510 0.267972
v 0.184182 -0.484507 0.208337
v 0.182796 -0.484505 0.211188
v 0.292320 -0.484506 0.245782
v 0.111703 -0.484506 0.301297
v 0.087453 -0.484504 0.254408
v 0.086040 -0.484504 0.224508
v 0.124074 -0.484511 0.248530
v 0.177486 -0.484508 0.202378
v 0.194482 -0.484506 0.153685
v 0.180405 -0.484517 0.151084
v 0.105932 -0.484503 0.151514
v 0.092303 -0.484510 0.183711
v 0.090557 -0.484510 0.198780
v 0.140313 -0.484501 0.188209
v 0.193970 -0.484493 0.144576
v 0.090148 -0.484493 0.142944
v 0.110633 -0.484222 0.119917
v 0.135166 -0.484189 0.073464
v 0.199986 -0.484187 0.036372
v 0.153369 -0.484206 0.119013
v 0.088844 -0.484502 0.146429
v 0.044870 -0.484478 0.141308
v 0.087914 -0.484511 0.189700
v 0.183656 -0.484190 0.027009
v 0.069168 -0.484189 0.072836
v -0.007951 -0.484192 0.086683
v 0.075911 -0.484186 0.039134
v -0.015714 -0.484190 0.078937
v -0.019186 -0.484188 0.082508
v 0.014426 -0.484187 -0.028121
v -0.066704 -0.484187 -0.020693
v 0.026874 -0.484189 -0.029390
v 0.020228 -0.484187 -0.027201
v 0.046934 -0.484190 -0.087289
v -0.078454 -0.484188 -0.011354
v -0.071029 -0.484186 -0.030287
v -0.080825 -0.484187 -0.018299
v -0.072966 -0.484191 -0.001968
v 0.103845 -0.484187 -0.070728
v 0.103552 -0.484188 -0.092017
v -0.070014 -0.484192 -0.109690
v -0.021520 -0.484439 -0.160389
v -0.029680 -0.484199 0.108036
v -0.018575 -0.484193 0.091786
v 0.113760 -0.484186 -0.075256
v 0.118978 -0.484194 -0.121554
v 0.176017 -0.484193 -0.132133
v 0.109568 -0.484185 -0.068456
v -0.054324 -0.484189 -0.101150
v 0.040580 -0.484190 -0.082331
v 0.113735 -0.484196 -0.128046
v -0.061863 -0.484446 -0.178797
v -0.078614 -0.484431 -0.178304
v -0.086218 -0.484424 -0.178078
v -0.098390 -0.484366 -0.153784
v -0.111521 -0.484432 -0.162081
v -0.075043 -0.484267 -0.144083
v -0.117537 -0.484446 -0.169049
v -0.068959 -0.484258 0.126908
v -0.161309 -0.484186 0.073773
v 0.116584 -0.484209 0.115400
v -0.081623 -0.484190 -0.133517
v -0.113340 -0.484254 0.125754
v -0.073534 -0.484190 -0.103990
v -0.096926 -0.484198 -0.135797
v -0.129566 -0.484239 -0.140729
v 0.023048 -0.484315 0.129895
v 0.155250 -0.484217 -0.139239
v 0.177671 -0.484377 -0.153092
v 0.139708 -0.484192 -0.132661
v 0.169850 -0.484454 -0.163906
v 0.168676 -0.484455 -0.170184
v 0.185871 -0.484400 -0.183283
v 0.194013 -0.484443 -0.161797
v 0.202536 -0.484339 -0.150349
v 0.233625 -0.484413 -0.157952
v 0.051122 -0.484205 -0.122820
v 0.048223 -0.484221 -0.140102
v 0.034232 -0.484215 -0.139126
v 0.035411 -0.484308 -0.146829
v 0.018693 -0.484259 -0.143065
v 0.001571 -0.484208 -0.137690
v 0.039735 -0.484360 -0.151113
v 0.052755 -0.484196 -0.130609
v -0.055114 -0.484256 -0.193813
v -0.061240 -0.484332 -0.188991
v 0.050440 -0.484263 0.125671
v -0.058723 -0.484405 0.135674
v -0.101473 -0.484407 0.136600
v -0.103018 -0.484436 -0.177858
v -0.086473 -0.484355 -0.187743
v 0.205536 -0.484204 -0.132804
v 0.057432 -0.484216 -0.138997
v 0.084192 -0.484456 -0.167529
v 0.062566 -0.484305 -0.176938
v 0.036430 -0.484443 -0.168029
v 0.017322 -0.484432 -0.181179
v 0.074100 -0.484409 -0.183507
v -0.025978 -0.484469 -0.175200
v 0.056081 -0.484420 -0.181925
v 0.032018 -0.484180 -0.200021
v -0.002283 -0.484192 -0.212518
v -0.198798 -0.484189 0.002073
v -0.227534 -0.484192 0.021918
v -0.225650 -0.484189 0.002452
v -0.214053 -0.484188 0.004302
v -0.221353 -0.484190 0.009052
v 0.005485 -0.484387 -0.153277
v 0.146113 -0.484458 -0.167909
v 0.120171 -0.484422 -0.182202
v 0.223385 -0.484197 -0.197950
v -0.198576 -0.484189 -0.090865
v 0.031918 -0.484447 0.137581
v -0.283666 -0.484189 0.013319
v -0.260322 -0.484191 0.037200
v -0.257229 -0.484190 0.067004
v -0.247395 -0.484197 0.098615
v 0.051784 -0.484198 -0.136541
v 0.163317 -0.484449 -0.177502
v -0.002421 -0.484511 0.188212
v 0.048131 -0.484505 0.217066
v 0.021507 -0.484501 0.246568
v 0.190777 -0.484190 0.028237
v 0.242838 -0.484189 0.034622
v 0.246276 -0.484190 0.023970
v 0.268869 -0.484190 -0.005038
v 0.242593 -0.484189 0.041406
v 0.251205 -0.484190 0.035562
v 0.287659 -0.484187 0.059241
v 0.267248 -0.484194 0.109667
v 0.191869 -0.484228 0.121407
v 0.250758 -0.484224 0.120157
v 0.203255 -0.484301 0.129040
v 0.203792 -0.484498 0.142919
v -0.130032 -0.484402 -0.156382
v -0.127411 -0.484404 -0.151405
v -0.053163 -0.484287 0.127863
v -0.015619 -0.484384 -0.153304
v -0.223087 -0.484186 -0.109886
v -0.208522 -0.484186 -0.088962
v -0.110539 -0.484494 0.169932
v -0.110600 -0.484502 0.179540
v -0.084631 -0.484505 0.249006
v -0.117866 -0.484503 0.234352
v -0.041533 -0.484501 0.254408
v -0.010286 -0.484507 0.223280
v -0.038586 -0.484502 0.253426
v 0.013036 -0.484503 0.247757
v -0.028702 -0.484504 0.169287
v 0.006079 -0.484514 0.155405
v -0.222968 -0.484187 -0.022067
v -0.223870 -0.484187 -0.061887
v -0.115290 -0.484446 0.138016
v -0.147790 -0.484494 0.144245
v 0.167310 -0.484190 0.004337
v 0.230552 -0.484189 -0.013963
v 0.184089 -0.484415 -0.152788
v 0.187151 -0.484289 -0.145864
v -0.162959 -0.484200 -0.135957
v -0.092336 -0.484499 0.256956
v 0.003106 -0.484505 0.289735
v -0.157633 -0.484347 0.132566
v -0.038586 -0.484500 0.256373
v -0.266254 -0.484191 0.047910
v -0.234227 -0.484188 -0.032289
v 0.085931 -0.484372 -0.152401
v 0.103085 -0.484446 -0.166133
v 0.116124 -0.484328 -0.149249
v 0.117560 -0.484195 -0.136190
v 0.123798 -0.484192 -0.133932
v -0.219102 -0.484212 0.120698
v -0.257411 -0.484214 0.115390
v -0.267495 -0.484479 0.141414
v -0.222656 -0.484445 0.138089
v -0.254566 -0.484390 0.134447
v -0.223770 -0.484503 0.158658
v -0.207501 -0.484486 0.142500
v -0.214294 -0.484411 0.138208
v -0.224888 -0.484259 0.125385
v -0.156215 -0.484195 0.102031
v 0.173073 -0.484383 -0.184970
v 0.200692 -0.484214 -0.196343
v 0.200600 -0.484176 -0.201004
v 0.344505 -0.484188 0.067160
v 0.349907 -0.484188 0.065564
v -0.156520 -0.484418 -0.157925
v -0.156952 -0.484361 -0.151757
v -0.136569 -0.484503 0.163271
v -0.054037 -0.484503 0.162600
v -0.041441 -0.484200 -0.199327
v -0.050730 -0.484234 -0.240075
v 0.163817 -0.484263 -0.192178
v 0.213543 -0.484253 -0.194414
v 0.374127 -0.484185 0.089937
v 0.019038 -0.484210 0.117711
v -0.055531 -0.484190 -0.200789
v -0.068071 -0.484189 -0.208543
v 0.082780 -0.484220 -0.242672
v 0.022244 -0.484178 -0.200470
v 0.027031 -0.484497 -0.282897
v -0.015972 -0.484475 -0.269657
v 0.093439 -0.484220 -0.225315
v -0.233788 -0.484502 0.188163
v -0.265985 -0.484507 0.222975
v -0.159346 -0.484508 0.187305
v -0.144995 -0.484508 0.197509
v -0.164891 -0.484501 0.222929
v 0.003376 -0.484503 0.271598
v -0.000707 -0.484503 0.270094
v 0.012609 -0.484504 0.288926
v -0.180144 -0.484453 -0.175116
v -0.167000 -0.484441 -0.179575
v -0.106964 -0.484494 0.149334
v -0.273558 -0.484505 0.210413
v -0.280823 -0.484506 0.210973
v -0.286737 -0.484499 0.146001
v -0.324696 -0.484475 0.141070
v -0.331072 -0.484499 0.147533
v 0.103745 -0.484440 -0.177264
v -0.164321 -0.484264 0.127498
v -0.180746 -0.484456 0.138717
v -0.198477 -0.484502 0.180453
v 0.107605 -0.484504 0.307298
v 0.030481 -0.484502 0.248023
v -0.226991 -0.484188 -0.070794
v 0.176408 -0.484206 -0.220854
v 0.355705 -0.484417 0.136053
v 0.325296 -0.484208 0.119374
v 0.363092 -0.484313 0.130344
v 0.257143 -0.484362 0.133035
v 0.259408 -0.484200 0.138436
v -0.232802 -0.484187 -0.043869
v -0.278702 -0.484188 -0.072252
v -0.228167 -0.484187 -0.059923
v -0.214338 -0.484506 0.251277
v -0.173190 -0.484508 0.319546
v -0.165299 -0.484509 0.320343
v -0.107837 -0.484501 0.348708
v -0.286859 -0.484189 0.007855
v 0.170947 -0.484214 -0.224793
v -0.217723 -0.484185 -0.135548
v -0.228515 -0.484327 -0.149938
v -0.328860 -0.484192 0.093958
v 0.139437 -0.484178 -0.202323
v 0.142277 -0.484179 -0.210458
v 0.161861 -0.484212 -0.224456
v 0.158134 -0.484210 -0.248238
v 0.147557 -0.484174 -0.208156
v 0.164992 -0.484219 -0.228201
v 0.139396 -0.484393 -0.258322
v 0.140926 -0.484171 -0.202109
v 0.149276 -0.484200 -0.197197
v 0.125094 -0.484463 -0.266449
v 0.178376 -0.484222 -0.230042
v -0.215490 -0.484186 -0.085401
v -0.234962 -0.484188 -0.067984
v 0.258877 -0.484481 0.142643
v 0.278921 -0.484488 0.144488
v 0.074426 -0.484481 -0.269183
v 0.094514 -0.484258 -0.247759
v 0.104405 -0.484499 -0.315839
v -0.127936 -0.484417 -0.181443
v -0.050742 -0.484501 0.170822
v -0.112212 -0.484498 0.159219
v -0.230471 -0.484188 -0.036940
v 0.099826 -0.484261 -0.250163
v 0.157379 -0.484231 -0.194725
v -0.027975 -0.484425 -0.261554
v -0.256054 -0.484192 -0.016283
v -0.272619 -0.484189 -0.036331
v -0.262327 -0.484188 -0.039844
v -0.257267 -0.484188 -0.036594
v -0.308259 -0.484194 -0.021926
v -0.307955 -0.484189 0.001639
v -0.305644 -0.484211 -0.140105
v 0.223085 -0.484499 0.149473
v 0.203308 -0.484514 0.151121
v 0.082480 -0.484189 0.039533
v -0.141385 -0.484260 -0.193696
v -0.226694 -0.484188 -0.064343
v 0.280641 -0.484190 -0.007033
v 0.280318 -0.484185 -0.071895
v 0.362272 -0.484187 -0.067645
v 0.361326 -0.484189 -0.043961
v -0.225953 -0.484163 -0.202646
v -0.210801 -0.484441 -0.178875
v -0.208269 -0.484395 -0.169213
v 0.083238 -0.484502 -0.312984
v 0.039966 -0.484501 -0.287059
v 0.049786 -0.484493 -0.275153
v -0.064003 -0.484499 -0.283109
v 0.004880 -0.484498 -0.298618
v -0.037560 -0.484487 -0.277545
v -0.049794 -0.484397 -0.258729
v -0.046076 -0.484267 -0.248484
v -0.061578 -0.484265 -0.248134
v 0.012707 -0.484499 -0.296132
v -0.096141 -0.484337 -0.255014
v -0.075422 -0.484251 -0.247510
v -0.108403 -0.484495 -0.329626
v -0.052691 -0.484170 -0.248166
v -0.089853 -0.484233 -0.241491
v -0.069958 -0.484239 -0.242843
v -0.108912 -0.484211 -0.220249
v -0.100631 -0.484197 -0.199945
v -0.096971 -0.484252 -0.193946
v -0.090156 -0.484294 -0.191078
v -0.105024 -0.484361 -0.186501
v -0.107112 -0.484264 -0.202425
v -0.073457 -0.484233 -0.242628
v -0.185804 -0.484216 -0.229685
v -0.151041 -0.484243 -0.245301
v -0.119556 -0.484186 -0.202308
v 0.061332 -0.484448 -0.264945
v 0.006599 -0.484496 -0.285848
v 0.007109 -0.484485 -0.287209
v -0.000650 -0.484488 -0.275211
v -0.102773 -0.484482 -0.272458
v -0.126005 -0.484466 -0.267781
v -0.093059 -0.484461 -0.266827
v -0.224842 -0.484202 -0.241928
v -0.204549 -0.484331 -0.254792
v -0.228130 -0.484186 -0.219312
v 0.103009 -0.484497 -0.324226
v 0.161102 -0.484500 -0.361484
v 0.207967 -0.484500 -0.405687
v 0.211436 -0.484498 -0.378567
v 0.207030 -0.484500 -0.398921
v 0.061361 -0.484493 -0.343925
v 0.221552 -0.484502 -0.395427
v 0.254441 -0.484507 -0.428219
v 0.215917 -0.484532 -0.451164
v 0.249223 -0.484529 -0.451854
v 0.317364 -0.484504 -0.406387
v 0.292871 -0.484507 -0.424792
v 0.259107 -0.484500 -0.417106
v 0.337513 -0.484500 -0.404751
v -0.237112 -0.484366 -0.152128
v -0.256407 -0.484455 -0.164955
v -0.326079 -0.484189 -0.050357
v 0.082600 -0.484500 0.242633
v -0.127570 -0.484494 -0.308209
v -0.081852 -0.484496 0.260664
v 0.268857 -0.484455 0.140548
v 0.127911 -0.484192 -0.128683
v 0.291052 -0.484502 -0.410232
v 0.278200 -0.484500 -0.406178
v 0.202687 -0.484365 -0.256569
v 0.243279 -0.484494 -0.274845
v 0.195101 -0.484489 -0.327200
v 0.164409 -0.484496 -0.290453
v 0.275888 -0.484202 -0.221598
v 0.236100 -0.484271 -0.192473
v -0.151023 -0.484507 0.153416
v -0.371467 -0.484500 0.151318
v -0.318783 -0.484505 0.206153
v -0.372505 -0.484464 0.139966
v -0.347234 -0.484244 0.130887
v -0.023852 -0.484495 -0.369834
v -0.300319 -0.484190 0.012228
v -0.279614 -0.484189 0.002636
v -0.328253 -0.484216 0.122024
v -0.344291 -0.484223 0.120278
v -0.417722 -0.484194 0.101128
v -0.087087 -0.484503 0.253917
v -0.233539 -0.484457 -0.268329
v -0.177017 -0.484494 -0.292485
v -0.138865 -0.484494 -0.330938
v -0.166128 -0.484410 -0.260471
v -0.129985 -0.484487 -0.277143
v -0.174983 -0.484480 -0.276394
v -0.146328 -0.484325 -0.253589
v -0.340025 -0.484507 0.313652
v -0.326733 -0.484506 0.317106
v -0.345550 -0.484505 0.314573
v -0.352672 -0.484503 0.328847
v -0.344979 -0.484506 0.323759
v -0.332241 -0.484502 0.347669
v -0.437373 -0.484499 0.285923
v -0.319243 -0.484493 0.378560
v -0.329834 -0.484510 0.415995
v -0.297431 -0.484500 0.251225
v -0.234019 -0.484508 0.250237
v -0.329097 -0.484505 0.405158
v 0.122524 -0.484506 0.396870
v 0.279904 -0.484492 -0.314703
v -0.061210 -0.484232 -0.238515
v -0.239173 -0.484509 0.256792
v -0.309699 -0.484505 0.210530
v -0.391990 -0.484506 0.279256
v 0.245240 -0.484170 -0.203702
v 0.251488 -0.484185 -0.214106
v -0.310004 -0.484506 0.199554
v -0.143038 -0.484518 0.437389
v -0.100474 -0.484512 0.405419
v -0.101624 -0.484502 0.394343
v 0.040242 -0.484366 0.132850
v 0.057973 -0.484493 -0.353956
v 0.049979 -0.484494 -0.392761
v -0.226342 -0.484425 -0.181217
v -0.217884 -0.484446 -0.165593
v -0.235166 -0.484226 -0.194885
v -0.211595 -0.484457 -0.171076
v -0.220513 -0.484362 -0.185535
v -0.267827 -0.484320 -0.189786
v 0.285982 -0.484274 -0.247048
v -0.262004 -0.484461 -0.168430
v 0.192496 -0.484189 0.031921
v 0.304651 -0.484190 -0.117058
v 0.278078 -0.484184 -0.080428
v 0.239523 -0.484198 -0.134578
v 0.245801 -0.484720 -0.156111
v -0.358871 -0.484279 0.127911
v -0.261935 -0.484221 0.117314
v -0.020573 -0.484493 0.381979
v -0.059344 -0.484519 0.422005
v 0.013891 -0.484498 0.387051
v -0.036008 -0.484529 0.465538
v -0.032215 -0.484725 0.483249
v -0.062922 -0.484610 0.482598
v -0.049944 -0.484578 0.479766
v -0.040182 -0.484661 0.483281
v -0.075323 -0.484528 0.414693
v -0.081043 -0.483709 0.475774
v -0.195307 -0.484411 -0.161525
v -0.257227 -0.484500 0.349147
v -0.206841 -0.484504 0.363609
v -0.201108 -0.484505 0.361362
v -0.176585 -0.484509 0.327696
v -0.187778 -0.484507 0.334468
v 0.249223 -0.484333 0.131623
v -0.022256 -0.484490 0.366972
v -0.098045 -0.484503 0.397791
v -0.320866 -0.484433 -0.160141
v -0.290759 -0.484355 -0.183602
v -0.279070 -0.484398 -0.154216
v -0.278380 -0.484133 -0.216579
v -0.297757 -0.484451 -0.178179
v -0.272155 -0.484173 -0.204730
v 0.273289 -0.484190 -0.004178
v 0.200011 -0.484535 -0.454224
v 0.364009 -0.484210 0.117661
v 0.367757 -0.484188 0.086598
v 0.351657 -0.484186 0.075249
v -0.268205 -0.484503 0.226026
v 0.240767 -0.484502 0.151538
v 0.282068 -0.484505 0.180982
v 0.275990 -0.484502 0.176562
v 0.326490 -0.484504 0.233250
v 0.093796 -0.484218 -0.225774
v 0.121561 -0.484500 -0.378585
v 0.049942 -0.484507 0.221624
v 0.068191 -0.484503 0.351396
v 0.022714 -0.484510 0.407707
v -0.080998 -0.484543 0.475729
v -0.362019 -0.484190 0.046394
v -0.365534 -0.484190 0.053777
v -0.431831 -0.484189 -0.081952
v -0.438836 -0.484190 -0.085801
v -0.469692 -0.484216 -0.082848
v -0.468632 -0.484194 -0.115020
v -0.439444 -0.484191 -0.106862
v -0.447811 -0.484194 -0.159127
v -0.469870 -0.484224 -0.117386
v -0.416095 -0.484189 -0.102540
v -0.409077 -0.484187 -0.105361
v -0.469763 -0.484225 -0.024286
v -0.469809 -0.484555 0.018427
v -0.443702 -0.484195 0.027790
v -0.466479 -0.484201 0.044437
v -0.110796 -0.484403 -0.156555
v 0.047609 -0.484414 -0.260309
v 0.247258 -0.484545 -0.460204
v 0.251020 -0.484580 -0.468278
v -0.002933 -0.484517 0.457655
v 0.073293 -0.484546 0.466672
v 0.096820 -0.484545 0.471058
v 0.139054 -0.484524 0.466374
v 0.086321 -0.484747 0.482397
v 0.115389 -0.483590 0.480890
v 0.113668 -0.481997 0.483193
v 0.102655 -0.484533 0.468891
v 0.145901 -0.484558 0.476113
v 0.074418 -0.485356 0.485080
v 0.049636 -0.484568 0.466585
v -0.248549 -0.484167 -0.207757
v -0.101239 -0.485471 0.484995
v -0.101760 -0.484352 0.481115
v -0.382618 -0.484160 -0.152917
v -0.383997 -0.484153 -0.163278
v -0.388955 -0.484165 -0.163922
v -0.371581 -0.484085 -0.167974
v -0.339844 -0.484158 -0.210096
v -0.320173 -0.484129 -0.195765
v -0.327257 -0.484316 -0.187208
v -0.263529 -0.484190 0.043708
v -0.227876 -0.484492 -0.309422
v -0.245028 -0.484496 -0.297499
v -0.280583 -0.484495 -0.326430
v -0.296927 -0.484473 -0.269150
v -0.300757 -0.484442 -0.260074
v -0.252064 -0.484478 -0.270056
v -0.237499 -0.484490 -0.283608
v -0.280116 -0.484511 -0.282780
v -0.268318 -0.484320 -0.253611
v -0.255937 -0.484239 -0.250987
v -0.277144 -0.484245 -0.246748
v -0.239694 -0.484217 -0.237111
v -0.248120 -0.484201 -0.223934
v -0.281975 -0.484310 -0.249130
v -0.321484 -0.484479 -0.279218
v -0.280044 -0.484496 -0.341961
v -0.272944 -0.484494 -0.342554
v -0.311149 -0.484493 -0.301021
v -0.275440 -0.484495 -0.345768
v -0.285274 -0.484208 -0.225275
v -0.091944 -0.484495 -0.358050
v -0.105953 -0.484494 -0.402975
v -0.118352 -0.484553 -0.465870
v -0.100380 -0.485106 -0.482465
v -0.105403 -0.484547 -0.461183
v -0.107106 -0.485432 -0.482907
v -0.185438 -0.484509 -0.441049
v -0.108985 -0.484519 -0.448841
v -0.031973 -0.484532 -0.449319
v -0.154585 -0.484545 -0.464057
v 0.007603 -0.484490 -0.356029
v -0.279062 -0.484385 -0.258298
v -0.271377 -0.484326 -0.253923
v -0.277517 -0.484473 -0.273578
v -0.141299 -0.484491 -0.354027
v -0.152201 -0.484496 -0.337315
v -0.162968 -0.484494 -0.325170
v -0.143106 -0.484495 -0.380129
v 0.457678 -0.484181 -0.048251
v 0.468790 -0.484147 -0.060313
v 0.468877 -0.484277 -0.035068
v 0.469230 -0.484033 -0.095324
v 0.469341 -0.484969 -0.067494
v 0.413633 -0.484196 -0.218070
v 0.374955 -0.484199 -0.216597
v 0.371313 -0.484171 -0.233642
v 0.365924 -0.484214 -0.234502
v 0.373783 -0.484271 -0.249508
v 0.427052 -0.484198 -0.228699
v 0.382953 -0.484429 -0.261129
v 0.426171 -0.484183 -0.186282
v 0.427306 -0.484194 -0.220494
v 0.450254 -0.484203 -0.238622
v 0.456598 -0.484259 -0.251476
v 0.434200 -0.484474 -0.267676
v 0.468738 -0.484206 -0.223999
v 0.468866 -0.484234 -0.202985
v 0.469690 -0.484227 -0.214207
v 0.360146 -0.484216 -0.244080
v 0.339627 -0.484439 -0.264699
v 0.297292 -0.484308 -0.252677
v 0.311190 -0.484237 -0.245502
v 0.319521 -0.484199 -0.156995
v 0.257128 -0.484418 -0.181938
v 0.271473 -0.484386 -0.156208
v 0.266167 -0.484425 -0.164321
v 0.307863 -0.484257 -0.151847
v 0.277316 -0.484470 -0.267926
v 0.285794 -0.484489 -0.325406
v 0.453570 -0.484413 -0.286446
v 0.469712 -0.485334 -0.247543
v 0.245524 -0.484397 -0.155468
v 0.402292 -0.484488 -0.262142
v 0.444777 -0.484568 -0.338634
v 0.268984 -0.484488 -0.323337
v 0.284533 -0.484157 -0.203868
v 0.279674 -0.484489 -0.319246
v 0.462073 -0.484188 -0.180962
v 0.443311 -0.484179 -0.163107
v 0.469245 -0.484217 -0.106318
v -0.451638 -0.484477 0.348505
v -0.407250 -0.484502 0.350672
v -0.405593 -0.484503 0.335916
v -0.448013 -0.484484 0.309715
v -0.165773 -0.484860 0.481126
v -0.171658 -0.484280 0.480826
v -0.181998 -0.484656 0.482790
v -0.187404 -0.484582 0.478372
v -0.164090 -0.486321 0.484196
v -0.290050 -0.484215 -0.241008
v -0.468827 -0.484362 0.364178
v -0.461545 -0.484398 0.352381
v 0.212906 -0.486217 -0.479502
v 0.203655 -0.484552 -0.476350
v -0.254628 -0.484256 -0.193040
v 0.065955 -0.484531 0.466178
v -0.044672 -0.484275 0.127018
v -0.210210 -0.484534 0.467496
v -0.234290 -0.484538 0.465818
v -0.290010 -0.484519 0.433552
v -0.314839 -0.484495 0.360510
v -0.253405 -0.484527 0.439749
v -0.251559 -0.484591 0.479995
v -0.258150 -0.484300 0.482429
v -0.234890 -0.487850 0.483561
v -0.229209 -0.484553 0.470039
v -0.258593 -0.485551 0.484824
v -0.199512 -0.484563 0.477786
v -0.191823 -0.484568 0.476773
v -0.194723 -0.486200 0.481786
v -0.190620 -0.489062 0.483312
v 0.369824 -0.484494 -0.361595
v 0.343382 -0.484498 -0.416771
v 0.143259 -0.484309 -0.189201
v 0.177965 -0.484535 0.461358
v 0.242520 -0.484443 -0.263914
v 0.051332 -0.484533 0.463247
v 0.029930 -0.484515 0.467696
v 0.050650 -0.485426 0.482302
v 0.143702 -0.484504 0.357170
v 0.103456 -0.484558 -0.475985
v 0.136364 -0.484550 -0.467441
v 0.129343 -0.486006 -0.482220
v 0.121352 -0.486907 -0.481899
v 0.094513 -0.485440 -0.482906
v 0.089356 -0.484570 -0.478745
v 0.062589 -0.485433 -0.482913
v 0.069948 -0.484520 -0.442441
v 0.088141 -0.485464 -0.482896
v -0.331273 -0.484401 -0.282472
v -0.335371 -0.484325 -0.291742
v -0.353353 -0.484020 -0.261603
v -0.368526 -0.483961 -0.267469
v -0.362171 -0.484000 -0.304807
v -0.375043 -0.484137 -0.318218
v -0.191332 -0.484537 -0.461002
v -0.176658 -0.484538 -0.474447
v -0.231601 -0.485434 -0.482909
v -0.179094 -0.484573 -0.480819
v -0.172177 -0.484576 -0.480832
v 0.210668 -0.484502 -0.400285
v -0.458705 -0.484421 0.264358
v -0.428173 -0.484468 0.280709
v -0.329011 -0.484207 0.114381
v -0.318735 -0.484192 0.112565
v 0.020361 -0.484548 -0.480864
v -0.051887 -0.484550 -0.463488
v 0.029823 -0.484546 -0.463462
v 0.054021 -0.484515 -0.439578
v 0.029091 -0.485291 -0.479749
v 0.027897 -0.485386 -0.482925
v -0.368038 -0.484221 0.118686
v -0.067284 -0.484548 -0.461549
v 0.043001 -0.484493 -0.360015
v -0.216792 -0.484588 0.478395
v 0.307180 -0.484540 -0.456527
v 0.326332 -0.484546 -0.462215
v -0.004576 -0.484505 0.293823
v -0.017341 -0.484503 0.338326
v -0.020660 -0.484500 0.332561
v -0.021120 -0.484503 0.323782
v -0.017958 -0.484495 -0.366396
v -0.019923 -0.484497 -0.370325
v -0.262520 -0.484186 -0.209058
v -0.292589 -0.485368 0.484956
v -0.348713 -0.485465 0.484852
v 0.442302 -0.484177 -0.054622
v 0.071368 -0.484197 -0.198179
v -0.136087 -0.484392 -0.259489
v -0.336394 -0.484190 -0.034391
v -0.039569 -0.485431 -0.482907
v -0.230776 -0.484188 -0.069991
v -0.296740 -0.484728 0.482224
v 0.184484 -0.484508 0.390823
v 0.187585 -0.484198 -0.217088
v 0.417699 -0.484474 -0.270046
v 0.433493 -0.484498 -0.294235
v 0.445578 -0.484478 -0.277504
v 0.196348 -0.484544 -0.472344
v 0.080982 -0.485973 0.482945
v -0.415253 -0.484193 0.069256
v -0.119438 -0.484275 -0.192754
v 0.294899 -0.484503 -0.412440
v 0.436813 -0.484207 0.116244
v 0.415554 -0.484375 0.133598
v 0.468029 -0.484178 0.051357
v 0.469335 -0.484241 0.057561
v 0.469188 -0.484202 0.018358
v -0.430970 -0.484190 -0.097828
v 0.193395 -0.484535 0.464532
v 0.254595 -0.484571 0.480333
v 0.270807 -0.484707 0.483255
v 0.311660 -0.484562 0.475729
v 0.234995 -0.484528 0.445103
v 0.284982 -0.484521 0.436494
v 0.234985 -0.484538 0.467596
v 0.220617 -0.485308 0.485025
v 0.259291 -0.484648 0.482728
v 0.402970 -0.484283 0.128176
v 0.384561 -0.484463 0.138503
v 0.388282 -0.484509 0.147539
v 0.358299 -0.484513 0.151666
v 0.393851 -0.484196 0.106293
v 0.460278 -0.484396 0.260326
v 0.461458 -0.484375 0.281106
v 0.469956 -0.484998 0.246895
v -0.057806 -0.485141 -0.483497
v -0.072414 -0.484551 -0.473894
v -0.468827 -0.484386 0.269634
v -0.193874 -0.484511 0.415915
v -0.245446 -0.484496 -0.413314
v -0.291494 -0.484499 -0.419316
v -0.295945 -0.484505 -0.424842
v -0.321327 -0.484491 -0.401761
v -0.301055 -0.484530 -0.454075
v -0.301225 -0.484504 -0.426745
v -0.309237 -0.484538 -0.466238
v -0.346367 -0.484241 -0.438185
v -0.329912 -0.484454 -0.407229
v -0.352051 -0.484214 -0.427796
v -0.345140 -0.484251 -0.405395
v -0.276721 -0.484496 -0.357325
v 0.307164 -0.484704 0.483260
v 0.297480 -0.486185 0.484397
v 0.310892 -0.484548 -0.469536
v 0.335783 -0.484617 -0.481070
v 0.319763 -0.484545 -0.470119
v 0.329927 -0.484540 -0.456241
v 0.348809 -0.484531 -0.453474
v 0.360221 -0.484551 -0.463090
v 0.357841 -0.484537 -0.455410
v 0.267395 -0.484526 -0.459222
v -0.314462 -0.484503 -0.426787
v 0.468123 -0.484344 -0.328149
v 0.021621 -0.484190 0.483669
v -0.077387 -0.484556 -0.476903
v -0.081259 -0.487462 -0.478549
v 0.421890 -0.484183 -0.037476
v 0.469011 -0.484460 -0.027431
v -0.353608 -0.484203 -0.453398
v -0.164897 -0.484187 -0.202786
v -0.158705 -0.484227 -0.196476
v -0.388932 -0.484502 0.202758
v -0.434614 -0.484492 0.172519
v -0.358877 -0.484192 -0.431352
v -0.375755 -0.484220 -0.475429
v -0.365265 -0.484229 -0.476442
v -0.357446 -0.484204 -0.464788
v -0.354568 -0.484795 -0.482053
v -0.395970 -0.484251 -0.481888
v 0.157895 -0.484533 0.467573
v 0.189174 -0.485181 0.469246
v 0.175302 -0.486278 0.484501
v 0.156520 -0.484568 0.475852
v 0.148344 -0.486503 0.484012
v -0.354803 -0.484112 -0.252565
v -0.371396 -0.483977 -0.263553
v -0.387129 -0.483980 -0.265688
v -0.377966 -0.484003 -0.261782
v -0.409331 -0.484041 -0.262152
v -0.397908 -0.484142 -0.245901
v -0.406395 -0.483988 -0.271394
v -0.398594 -0.483962 -0.275289
v -0.390058 -0.484195 -0.228948
v -0.363822 -0.484067 -0.255014
v -0.400816 -0.484181 -0.176451
v -0.421647 -0.484196 -0.220818
v -0.417932 -0.484189 -0.194680
v -0.436903 -0.484192 -0.206038
v -0.440341 -0.484179 -0.264238
v -0.424870 -0.484191 -0.238330
v -0.431255 -0.484191 -0.200021
v -0.448445 -0.484181 -0.274306
v -0.436412 -0.484191 -0.201372
v -0.379434 -0.484135 -0.173582
v -0.469152 -0.484239 -0.195907
v -0.101951 -0.484497 0.354448
v -0.122572 -0.484582 0.479044
v -0.110063 -0.485564 0.484580
v -0.136028 -0.483861 0.481336
v -0.331940 -0.484522 0.445631
v -0.375654 -0.484640 0.482339
v -0.379923 -0.484520 0.445533
v -0.388771 -0.484523 0.451356
v -0.400644 -0.484501 0.397108
v -0.361902 -0.484497 0.384753
v -0.383245 -0.484523 0.461793
v -0.401146 -0.484532 0.471018
v -0.055408 -0.484422 0.136780
v -0.324124 -0.484479 -0.309730
v -0.335523 -0.484308 -0.323913
v -0.351114 -0.484096 -0.315426
v -0.347399 -0.484090 -0.305854
v -0.314212 -0.484480 -0.330194
v -0.343817 -0.484259 -0.342560
v -0.335853 -0.484372 -0.339558
v -0.348655 -0.484137 -0.325803
v -0.332965 -0.484416 -0.330665
v -0.367734 -0.484166 -0.331080
v -0.336218 -0.484380 -0.345768
v -0.367022 -0.484503 0.334096
v -0.430027 -0.484176 -0.251530
v -0.434892 -0.484175 -0.270470
v -0.426067 -0.484141 -0.264330
v -0.419390 -0.484125 -0.288841
v -0.429044 -0.484151 -0.277806
v -0.418730 -0.484101 -0.261782
v 0.439172 -0.484512 0.147400
v 0.461028 -0.484384 0.244217
v 0.461397 -0.484185 -0.039786
v -0.026676 -0.484486 -0.275350
v -0.047059 -0.484408 0.135797
v -0.172232 -0.484273 -0.249809
v -0.165301 -0.484186 0.074159
v -0.416090 -0.484195 -0.225131
v 0.378881 -0.484186 -0.077600
v 0.373359 -0.484187 -0.072447
v 0.414738 -0.484182 -0.038313
v 0.020133 -0.484369 0.485332
v -0.359780 -0.484501 0.349324
v -0.427817 -0.484209 0.116765
v -0.429536 -0.484247 0.125229
v -0.469943 -0.484211 0.109680
v -0.427886 -0.484193 0.024684
v -0.469814 -0.484307 0.059625
v -0.424133 -0.484192 0.018660
v 0.051046 -0.484492 -0.372354
v -0.349995 -0.484497 0.392449
v -0.468779 -0.484212 0.102031
v -0.403419 -0.484718 0.481724
v -0.406923 -0.484894 0.482963
v -0.351023 -0.485196 0.481521
v -0.326131 -0.484471 -0.328518
v -0.420695 -0.484193 0.062372
v -0.224662 -0.484545 -0.470464
v -0.245595 -0.484204 -0.140423
v 0.468273 -0.484355 0.140709
v 0.440523 -0.484480 0.141937
v 0.422340 -0.484259 0.126277
v 0.444113 -0.484458 0.137128
v 0.468276 -0.484296 0.129039
v 0.459800 -0.484207 0.100681
v -0.441290 -0.484487 0.408217
v -0.458636 -0.484420 0.398037
v -0.352207 -0.484201 -0.371135
v -0.300730 -0.484494 -0.365414
v -0.400381 -0.484502 0.353438
v -0.326576 -0.484474 -0.343650
v 0.469768 -0.485337 0.204066
v -0.446050 -0.484488 0.182517
v -0.468827 -0.484371 0.191542
v 0.372254 -0.484186 -0.076376
v -0.450875 -0.484475 0.240077
v -0.451575 -0.484485 0.260622
v -0.468827 -0.484329 0.147094
v -0.465313 -0.484367 0.254250
v -0.371090 -0.484504 0.345085
v -0.118642 -0.484333 -0.254502
v 0.011660 -0.484529 0.453135
v -0.333270 -0.484290 -0.177105
v -0.357553 -0.483909 -0.286723
v -0.361514 -0.483921 -0.295175
v 0.465817 -0.484367 0.248023
v -0.328585 -0.484471 -0.354043
v -0.317863 -0.484492 -0.378384
v -0.320602 -0.484490 -0.355130
v -0.316588 -0.484494 -0.351901
v -0.344947 -0.484253 -0.365652
v -0.427571 -0.484190 -0.193514
v 0.184243 -0.485876 -0.479405
v 0.200596 -0.485513 -0.482872
v 0.127839 -0.484538 -0.458784
v 0.154156 -0.484544 -0.477471
v 0.390112 -0.484504 -0.381986
v 0.430280 -0.484524 -0.432304
v 0.441992 -0.484505 -0.399797
v 0.396703 -0.484533 -0.444395
v 0.392418 -0.484536 -0.447872
v 0.326087 -0.484521 -0.447434
v 0.331197 -0.484503 -0.420404
v 0.352132 -0.484561 0.152701
v 0.343332 -0.484503 0.174286
v 0.416241 -0.484486 0.144193
v 0.461903 -0.484332 0.138453
v 0.469058 -0.484223 0.008424
v 0.386897 -0.484531 0.440866
v 0.377543 -0.484526 0.442553
v 0.317615 -0.484503 0.236666
v 0.334190 -0.485451 -0.482899
v -0.345059 -0.484047 -0.287813
v -0.263193 -0.484552 0.473338
v 0.389905 -0.484507 -0.311357
v -0.386192 -0.484539 0.470020
v 0.350328 -0.484500 0.388946
v 0.441948 -0.484505 0.291801
v -0.468747 -0.484446 0.263802
v -0.335727 -0.484419 -0.463642
v 0.464017 -0.484391 0.286432
v -0.273537 -0.484340 0.131182
v 0.402053 -0.484548 -0.450371
v 0.389717 -0.484565 -0.464632
v -0.259355 -0.484181 -0.199530
v -0.262056 -0.484253 -0.193244
v 0.232238 -0.484400 -0.183462
v -0.467835 -0.484455 0.479216
v -0.145799 -0.484544 -0.481414
v -0.331797 -0.484439 -0.398479
v 0.085371 -0.484260 0.126558
v -0.256778 -0.484351 0.124616
v -0.436726 -0.484174 -0.290660
v -0.433576 -0.484164 -0.280047
v -0.439028 -0.484170 -0.280307
v -0.469664 -0.484224 -0.260867
v 0.022537 -0.485198 0.484975
v 0.292551 -0.484495 -0.340396
v -0.442649 -0.484194 -0.388910
v -0.418716 -0.484190 -0.382057
v -0.469558 -0.484207 -0.419412
v -0.469673 -0.484207 -0.436392
v -0.462684 -0.484200 -0.461342
v -0.413582 -0.484236 -0.482097
v -0.410251 -0.484190 -0.385200
v -0.393191 -0.484204 -0.470270
v -0.447740 -0.484195 -0.382778
v -0.443349 -0.484194 -0.379657
v -0.464732 -0.484193 -0.382586
v -0.469867 -0.484239 -0.380393
v -0.410711 -0.484188 -0.385253
v -0.468827 -0.484381 0.377071
v -0.467756 -0.484341 0.365146
v 0.464848 -0.484369 0.409109
v 0.470307 -0.484227 0.405432
v 0.467960 -0.487708 0.379181
v 0.283670 -0.485096 -0.483066
v 0.234733 -0.485455 -0.482896
v 0.246276 -0.484574 -0.480341
v 0.241473 -0.488145 -0.478703
v -0.420129 -0.484194 -0.225121
v -0.046936 -0.484539 -0.472482
v -0.459649 -0.484194 -0.267246
v 0.158730 -0.484177 -0.201295
v -0.266722 -0.484542 -0.469413
v -0.254551 -0.484523 -0.449276
v -0.249386 -0.484537 -0.471608
v -0.259831 -0.484553 -0.471329
v 0.335861 -0.484207 0.116092
v -0.299872 -0.484542 0.470944
v 0.202565 -0.484473 0.139972
v -0.232421 -0.484507 0.257316
v 0.402874 -0.484525 0.417652
v -0.449879 -0.484472 0.172598
v -0.279494 -0.484271 -0.145755
v 0.364641 -0.484497 0.265950
v -0.089413 -0.485032 -0.481750
v 0.179668 -0.485267 0.484928
v 0.453707 -0.484514 0.476527
v 0.449634 -0.486569 0.483887
v -0.421462 -0.484193 -0.236397
v -0.427442 -0.484176 -0.248392
v -0.336464 -0.484398 -0.475399
v -0.298164 -0.484605 -0.481311
v -0.299183 -0.484550 -0.476903
v -0.297419 -0.484537 -0.470763
v -0.344077 -0.484298 -0.471500
v 0.258309 -0.484548 -0.462660
v 0.037786 -0.485430 -0.482906
v -0.458947 -0.484416 0.173711
v 0.379387 -0.484555 0.473143
v 0.392207 -0.484566 -0.474294
v 0.376942 -0.484914 -0.481784
v -0.469770 -0.484197 -0.356780
v -0.239417 -0.484541 -0.474723
v 0.457086 -0.487218 0.483412
v 0.470658 -0.483806 0.446973
v 0.445338 -0.484480 -0.294084
v 0.452298 -0.484438 -0.320721
v 0.445343 -0.484475 -0.325398
v 0.449288 -0.484463 -0.352583
v 0.441578 -0.484504 -0.347029
v 0.469759 -0.485348 -0.375486
v 0.149740 -0.486912 -0.481960
v 0.131717 -0.484260 -0.143149
v -0.408091 -0.484189 -0.350906
v 0.468943 -0.484220 -0.023610
v 0.297846 -0.484493 -0.339628
v -0.161371 -0.484581 -0.481323
v -0.365127 -0.484188 -0.390600
v -0.353165 -0.484166 -0.385185
v 0.469762 -0.485303 0.134693
v -0.341621 -0.484328 -0.474447
v -0.128566 -0.484505 -0.322502
v -0.360218 -0.484426 0.483282
v 0.468299 -0.484357 0.366381
v -0.280457 -0.486543 -0.482159
v 0.430114 -0.486306 0.484477
v 0.110568 -0.483621 0.485106
v -0.463056 -0.484194 -0.256957
v 0.042943 -0.484400 0.134569
v 0.418011 -0.484508 0.308532
v 0.429380 -0.484512 0.323523
v 0.469768 -0.485337 0.196207
v -0.415292 -0.484098 -0.258222
v -0.335590 -0.484266 -0.274901
v 0.198144 -0.484556 -0.478376
v 0.208863 -0.484706 0.484327
v 0.233629 -0.484545 -0.476043
v 0.263679 -0.484499 -0.413442
v -0.466862 -0.484354 0.365406
v -0.456201 -0.484437 0.374584
v -0.443910 -0.484487 0.365605
v -0.195661 -0.485290 0.484850
v -0.330724 -0.485619 -0.479911
v -0.132840 -0.488334 0.483422
v 0.454336 -0.484466 -0.468139
v 0.436113 -0.484998 -0.483123
v 0.401846 -0.484568 -0.462967
v 0.398530 -0.484558 -0.457748
v 0.395614 -0.484567 -0.465407
v 0.462502 -0.484415 -0.472974
v 0.168676 -0.484220 -0.228876
v 0.317983 -0.484526 0.447918
v 0.334024 -0.484528 0.467021
v 0.318920 -0.484518 0.442814
v 0.313845 -0.484509 0.468553
v 0.337629 -0.484672 0.483272
v 0.351741 -0.486038 0.484637
v 0.368323 -0.484540 0.473773
v 0.329349 -0.486768 0.481176
v 0.380861 -0.484532 0.454886
v 0.376920 -0.484528 0.446445
v 0.358881 -0.486336 0.483795
v -0.129479 -0.484496 -0.357287
v 0.226385 -0.484576 0.476988
v 0.460720 -0.484454 -0.360827
v 0.468273 -0.484400 -0.368606
v 0.363343 -0.486798 0.483666
v 0.364355 -0.483851 0.483862
v -0.403259 -0.484247 -0.482354
v 0.337992 -0.484499 -0.405071
v 0.468099 -0.484202 -0.102129
v 0.143785 -0.485804 0.484596
v 0.461686 -0.484241 -0.249082
v 0.399021 -0.484571 -0.478131
v -0.063952 -0.484237 -0.200700
v 0.465757 -0.484347 -0.371940
v -0.432974 -0.484162 -0.276026
v -0.279200 -0.484502 0.258030
v 0.386479 -0.484189 -0.205453
v 0.275254 -0.484489 -0.320842
v -0.247841 -0.487580 -0.479169
v -0.253215 -0.484541 -0.476657
v -0.436719 -0.484378 0.135099
v -0.469868 -0.484234 -0.388743
v -0.255180 -0.484536 -0.472728
v 0.145175 -0.484324 0.480378
v -0.142463 -0.484668 0.483280
v 0.022897 -0.484540 0.472093
v -0.339162 -0.484218 -0.291190
v -0.261390 -0.484143 0.481459
v -0.262759 -0.483788 0.485424
v 0.217086 -0.485672 -0.483410
v 0.390644 -0.485228 0.485016
v 0.381402 -0.484672 0.483280
v -0.289691 -0.484430 -0.263751
v 0.206544 -0.485884 0.484082
v 0.371653 -0.483231 0.486059
v -0.092742 -0.484555 0.474578
v 0.466001 -0.484245 -0.241584
v -0.363587 -0.484191 0.047874
v -0.469869 -0.484233 -0.254906
v 0.323838 -0.484538 0.470219
v 0.319027 -0.484556 0.474072
v -0.380337 -0.484444 0.145761
v -0.454926 -0.484520 0.481972
v -0.435862 -0.484632 0.481909
v 0.232086 -0.483818 -0.171024
v -0.468665 -0.484677 0.483609
v 0.444026 -0.484506 0.359213
v 0.302318 -0.485130 0.484484
v 0.236699 -0.484436 -0.176753
v -0.358658 -0.483536 0.481117
v 0.204038 -0.484592 -0.481077
v -0.286743 -0.486869 -0.481881
v -0.468827 -0.484385 0.422747
v 0.469309 -0.484239 -0.193882
v -0.293486 -0.483093 -0.484100
v 0.053803 -0.488297 0.482656
v 0.251188 -0.484549 -0.478376
v -0.276222 -0.484421 0.136258
v 0.466562 -0.484208 -0.378589
v -0.396261 -0.484189 -0.378920
v -0.423982 -0.484746 0.483187
v 0.148007 -0.484284 -0.191635
v -0.268441 -0.484507 0.226659
v -0.339504 -0.484348 0.132145
v -0.229836 -0.489461 0.482678
v -0.222089 -0.484629 0.480210
v -0.199846 -0.482627 0.485994
v -0.199321 -0.483826 0.482572
v 0.215519 -0.484174 -0.205240
v -0.236639 -0.484403 -0.260555
v 0.197715 -0.484575 0.475975
v 0.128678 -0.484333 0.131424
v 0.230805 -0.484587 -0.481077
v 0.116641 -0.485330 0.484952
v 0.153450 -0.484580 -0.481077
v -0.397473 -0.484189 -0.371568
v 0.052920 -0.484817 0.483059
v -0.137002 -0.484753 0.484868
v -0.352093 -0.481786 0.484591
v 0.177452 -0.483835 0.483937
v 0.023280 -0.484430 0.480400
v 0.470683 -0.483368 0.405410
v 0.467532 -0.487266 0.418277
v 0.471245 -0.482847 0.446699
v 0.467057 -0.486963 0.440282
v 0.462937 -0.484409 0.454181
v 0.424070 -0.485480 0.484915
v 0.430132 -0.486841 0.484010
v 0.415971 -0.484637 0.479370
v 0.408065 -0.484543 0.464048
v 0.466269 -0.490427 0.377195
v 0.469780 -0.485322 0.370306
v 0.465573 -0.488272 0.366650
v 0.467141 -0.488406 0.247239
v 0.465320 -0.484357 0.240653
v 0.469542 -0.485664 0.231767
v -0.086657 -0.484549 -0.475092
v -0.089279 -0.485628 -0.481455
v -0.073753 -0.482652 -0.483576
v 0.021668 -0.483809 -0.482460
v 0.028935 -0.485858 -0.479570
v 0.054731 -0.485439 -0.482903
v -0.241305 -0.485432 -0.482908
v -0.299294 -0.489382 -0.477489
v -0.293594 -0.482087 -0.484604
v -0.288747 -0.484543 -0.475337
v -0.292543 -0.484538 -0.472853
v -0.346064 -0.487327 -0.478132
v -0.337690 -0.485345 -0.482911
v -0.328303 -0.484534 -0.472006
v -0.342591 -0.484310 -0.468595
v -0.344869 -0.484302 -0.457867
v 0.149046 -0.483636 -0.482799
v 0.154006 -0.488920 -0.478060
v 0.164201 -0.485294 -0.481653
v 0.162168 -0.484541 -0.476412
v 0.340207 -0.485289 -0.482982
v 0.366852 -0.485438 -0.482906
v 0.468275 -0.484408 -0.410227
v 0.466811 -0.484332 -0.421054
v 0.469767 -0.485345 -0.416492
v -0.137347 -0.487078 0.481980
v -0.136793 -0.484540 0.473512
v -0.122621 -0.484567 0.472804
v -0.265735 -0.484368 0.480332
v -0.235043 -0.485483 0.484915
v -0.234306 -0.484632 0.482298
v -0.229395 -0.485484 0.484915
v -0.230132 -0.484633 0.482298
v -0.292776 -0.483191 0.486558
v -0.295269 -0.484577 0.478044
v -0.308329 -0.484532 0.468990
v -0.190391 -0.490525 0.482674
v -0.379418 -0.484653 0.483299
v -0.376492 -0.484591 0.481316
v -0.377966 -0.484570 0.477141
v 0.199367 -0.484676 0.482523
v 0.205750 -0.484461 0.479115
v 0.205723 -0.484551 0.483280
v 0.306698 -0.484486 0.479837
v 0.314545 -0.484672 0.483282
v 0.314299 -0.484576 0.478369
v 0.328328 -0.484665 0.483158
v 0.330446 -0.484581 0.479812
v 0.337629 -0.484573 0.477878
v 0.351828 -0.486616 0.484350
v 0.358721 -0.485463 0.484311
v 0.358748 -0.484562 0.478369
v 0.371255 -0.485062 0.485023
v 0.376849 -0.484528 0.443427
v 0.117431 -0.483623 0.483581
v 0.120547 -0.484549 0.479107
v 0.124966 -0.484523 0.480339
v 0.388474 -0.484500 0.319775
v 0.276481 -0.484448 0.139112
v 0.285928 -0.484294 0.129021
v 0.365147 -0.484187 0.035102
v 0.358901 -0.484190 -0.033034
v 0.358112 -0.484190 -0.199029
v 0.315775 -0.484201 -0.145567
v 0.365171 -0.484184 -0.082796
v 0.354581 -0.484189 -0.033789
v 0.270732 -0.484190 -0.004042
v 0.276359 -0.484190 0.003220
v 0.273190 -0.484186 -0.072125
v 0.272510 -0.484189 -0.071820
v 0.284249 -0.484174 -0.135119
v 0.297707 -0.484177 -0.133731
v 0.290308 -0.484297 -0.149266
v 0.290871 -0.484375 -0.159032
v 0.253608 -0.484334 -0.149780
v 0.263343 -0.484208 -0.139120
v 0.223628 -0.484356 -0.151657
v 0.216594 -0.484437 -0.163976
v 0.238492 -0.484466 -0.162418
v 0.232062 -0.484445 -0.170981
v 0.318771 -0.484194 -0.195815
v 0.229486 -0.484189 -0.010300
v 0.245534 -0.484425 0.136046
v 0.264888 -0.484459 0.140667
v 0.256794 -0.485598 0.134017
v 0.246048 -0.484629 0.134352
v 0.255570 -0.484280 0.128047
v 0.245294 -0.484329 0.131622
v 0.159801 -0.484514 0.315110
v 0.164421 -0.484511 0.309365
v 0.178744 -0.484509 0.320528
v 0.160356 -0.484504 0.383556
v 0.128387 -0.484511 0.403915
v 0.142447 -0.484523 0.433433
v 0.122017 -0.484505 0.395857
v 0.115203 -0.484504 0.314727
v 0.107422 -0.484504 0.307823
v 0.135281 -0.484510 0.222113
v 0.138141 -0.484509 0.236295
v 0.138174 -0.484509 0.235258
v 0.207247 -0.484504 0.164131
v 0.200140 -0.484506 0.157929
v 0.203135 -0.484605 0.140261
v 0.242098 -0.484188 0.041204
v 0.190912 -0.484190 0.029278
v 0.180124 -0.484504 0.205827
v 0.038557 -0.484526 0.449729
v 0.077323 -0.484501 0.249006
v 0.082082 -0.484503 0.242532
v 0.062630 -0.484505 0.282966
v -0.005829 -0.484522 0.436089
v -0.049254 -0.484540 0.475751
v -0.073330 -0.484545 0.468469
v 0.078273 -0.484502 0.232656
v 0.083217 -0.484502 0.243235
v 0.057570 -0.484506 0.227633
v 0.147359 -0.484196 0.106424
v 0.059409 -0.484224 0.117665
v 0.034394 -0.484511 0.155228
v 0.031578 -0.484427 0.138117
v 0.041470 -0.484377 0.132994
v 0.034226 -0.484503 0.254255
v 0.029296 -0.484500 0.247007
v 0.002338 -0.484498 0.289945
v -0.023170 -0.484497 0.349435
v -0.028157 -0.484498 0.337404
v -0.019049 -0.484498 0.337857
v -0.090395 -0.484494 0.334889
v 0.054861 -0.484396 0.133971
v 0.258505 -0.484191 -0.135385
v 0.254221 -0.484194 -0.197138
v 0.272706 -0.484254 -0.192267
v 0.292858 -0.484233 -0.240420
v 0.284379 -0.484298 -0.249307
v 0.288817 -0.484417 -0.261293
v 0.433386 -0.484514 -0.358505
v 0.448500 -0.484477 -0.367570
v 0.451809 -0.484453 -0.406223
v 0.467914 -0.484488 -0.468004
v 0.447540 -0.484510 -0.456503
v 0.331911 -0.484501 -0.419749
v 0.402636 -0.484545 -0.450703
v 0.396525 -0.484757 -0.456228
v 0.411204 -0.484563 -0.461255
v 0.355516 -0.484475 -0.271839
v 0.390626 -0.484509 -0.303721
v 0.374407 -0.484537 -0.457938
v 0.358441 -0.484533 -0.454310
v 0.357274 -0.484527 -0.450872
v 0.357274 -0.484536 -0.456275
v 0.329770 -0.484535 -0.455170
v 0.336951 -0.484497 -0.368755
v 0.307113 -0.484489 -0.325482
v 0.303195 -0.484492 -0.341486
v 0.294410 -0.484493 -0.339431
v 0.278304 -0.484495 -0.318982
v 0.267395 -0.484490 -0.317097
v 0.276791 -0.484491 -0.286952
v 0.266388 -0.484455 -0.266189
v 0.275035 -0.484246 -0.238737
v 0.226829 -0.484194 -0.111653
v 0.199008 -0.484188 -0.088341
v 0.237679 -0.484177 -0.207875
v 0.269318 -0.484487 -0.323529
v 0.241076 -0.484315 -0.253552
v 0.243045 -0.484220 -0.249053
v 0.231158 -0.484210 -0.225509
v 0.223499 -0.484235 -0.244083
v 0.222727 -0.484481 -0.270880
v 0.248145 -0.484489 -0.324326
v 0.286258 -0.484503 -0.416143
v 0.290479 -0.484502 -0.411090
v 0.282897 -0.484501 -0.403615
v 0.185406 -0.484291 -0.250611
v 0.177606 -0.484207 -0.221005
v 0.184392 -0.484217 -0.227402
v 0.196182 -0.484405 -0.180745
v 0.201378 -0.484229 -0.202557
v 0.189899 -0.484317 -0.139333
v 0.198692 -0.484200 -0.124150
v 0.209932 -0.484305 -0.147346
v 0.203083 -0.484352 -0.150667
v 0.204913 -0.484173 -0.204196
v 0.158532 -0.484441 -0.165848
v 0.169949 -0.484442 -0.164475
v 0.149824 -0.483310 -0.197022
v 0.148201 -0.484388 -0.184807
v 0.144268 -0.483995 -0.189038
v 0.139851 -0.483989 -0.202102
v 0.167537 -0.484208 -0.228955
v 0.175981 -0.484206 -0.220404
v 0.251679 -0.484500 -0.415019
v 0.261104 -0.484493 -0.414583
v 0.262054 -0.484528 -0.454679
v 0.261895 -0.484531 -0.453757
v 0.253643 -0.484527 -0.450381
v 0.251003 -0.484544 -0.467571
v 0.245290 -0.484539 -0.471669
v 0.241326 -0.485693 -0.479447
v 0.252228 -0.484539 -0.474275
v 0.213055 -0.484338 -0.479973
v 0.213062 -0.484529 -0.467855
v 0.256138 -0.484525 -0.450336
v 0.207533 -0.484500 -0.398189
v 0.206524 -0.484501 -0.398934
v 0.174410 -0.484494 -0.301566
v 0.158548 -0.484487 -0.285369
v 0.169824 -0.484481 -0.272294
v 0.157779 -0.484494 -0.285357
v 0.130182 -0.484191 -0.129509
v 0.113668 -0.484191 -0.127455
v 0.113847 -0.484192 -0.074612
v 0.112440 -0.484183 -0.085953
v 0.114770 -0.484448 -0.159860
v 0.112791 -0.484370 -0.185139
v 0.107050 -0.484248 -0.192823
v 0.178223 -0.484542 -0.460621
v 0.184410 -0.484692 -0.479819
v 0.199223 -0.484618 -0.479728
v 0.162980 -0.484500 -0.301239
v 0.128670 -0.484353 -0.255784
v 0.125240 -0.484457 -0.265865
v 0.110837 -0.484196 -0.215700
v 0.130182 -0.484236 -0.243640
v 0.111584 -0.484184 -0.085731
v 0.106055 -0.484187 -0.081288
v 0.090015 -0.484210 -0.139462
v 0.083152 -0.484198 -0.198049
v 0.071221 -0.484285 -0.191069
v 0.058726 -0.484257 -0.196685
v 0.079833 -0.484183 -0.209599
v 0.097631 -0.484243 -0.244688
v 0.101466 -0.484301 -0.251705
v 0.050994 -0.484229 -0.136583
v 0.104045 -0.484186 -0.063177
v 0.084951 -0.484190 0.034115
v 0.083216 -0.484189 0.039944
v 0.083896 -0.484189 0.046340
v 0.009334 -0.484464 0.139215
v -0.005971 -0.484476 0.141875
v 0.007443 -0.484263 0.126877
v -0.002733 -0.484503 0.257232
v -0.026285 -0.484501 0.155937
v -0.024954 -0.484496 0.166864
v -0.036960 -0.484510 0.180000
v -0.057741 -0.484500 0.170853
v -0.053405 -0.484500 0.157469
v -0.051755 -0.484498 0.170276
v -0.040040 -0.484414 0.134019
v -0.034609 -0.484239 0.123831
v -0.028027 -0.484318 0.130640
v -0.048667 -0.484471 0.139280
v -0.055950 -0.484393 0.138864
v -0.054149 -0.484485 0.145252
v -0.068052 -0.484209 0.117304
v -0.045964 -0.484213 0.117519
v -0.016886 -0.484192 0.090509
v -0.015465 -0.484190 0.079582
v 0.023420 -0.484186 -0.020355
v 0.016870 -0.484188 -0.027014
v -0.081263 -0.484188 -0.017662
v -0.085138 -0.484186 -0.015207
v 0.046473 -0.484422 -0.158919
v 0.056695 -0.484459 -0.173377
v 0.051293 -0.484442 -0.178595
v 0.042354 -0.484176 -0.200383
v 0.050166 -0.484148 -0.204294
v 0.097337 -0.484498 -0.322438
v 0.096486 -0.484497 -0.322677
v 0.064974 -0.484509 -0.432400
v 0.070207 -0.484548 -0.454750
v 0.064573 -0.484512 -0.432362
v 0.051720 -0.484552 -0.474380
v 0.059886 -0.484535 -0.480601
v 0.092051 -0.484575 -0.480834
v 0.051852 -0.484500 -0.372718
v 0.057249 -0.484493 -0.354381
v 0.057800 -0.484493 -0.353442
v 0.045767 -0.484296 -0.251805
v 0.067956 -0.484225 -0.231102
v 0.022938 -0.484192 -0.200589
v 0.039260 -0.484191 -0.212990
v 0.002113 -0.484196 -0.133085
v -0.010818 -0.484255 -0.142843
v -0.029444 -0.484189 -0.087924
v 0.036079 -0.484190 -0.080583
v -0.077327 -0.484188 -0.012650
v 0.010065 -0.484447 -0.160797
v 0.035329 -0.484416 -0.270866
v 0.036557 -0.484424 -0.260910
v 0.002966 -0.484492 -0.362099
v 0.051538 -0.484489 -0.347486
v 0.005718 -0.484495 -0.297967
v -0.015832 -0.484274 -0.249346
v -0.056366 -0.484230 -0.234425
v -0.041585 -0.484311 -0.254640
v -0.028302 -0.484206 -0.198574
v -0.021642 -0.484186 -0.206928
v -0.021574 -0.484183 -0.203206
v -0.062813 -0.484345 -0.147926
v -0.045755 -0.484188 -0.131600
v -0.039858 -0.484311 -0.190862
v -0.047215 -0.484183 -0.207050
v -0.063512 -0.484193 -0.200942
v -0.023770 -0.484237 -0.241784
v -0.022624 -0.484490 -0.281643
v -0.004543 -0.484490 -0.354163
v 0.007090 -0.484490 -0.356327
v -0.025610 -0.484472 -0.275620
v -0.065293 -0.484491 -0.345529
v -0.017390 -0.484495 -0.373180
v -0.018921 -0.484489 -0.369760
v 0.014836 -0.484550 -0.469956
v -0.003050 -0.484512 -0.439339
v -0.051636 -0.484503 -0.418740
v -0.049864 -0.484775 -0.481117
v -0.040213 -0.484545 -0.477348
v -0.078568 -0.484551 -0.462836
v -0.077387 -0.484548 -0.470518
v -0.077835 -0.484521 -0.470092
v -0.081316 -0.484561 -0.478376
v -0.053617 -0.484251 -0.247839
v -0.070327 -0.484294 -0.194093
v -0.064212 -0.484216 -0.199683
v -0.085918 -0.484335 -0.186842
v -0.086718 -0.484442 -0.177797
v -0.076553 -0.484157 -0.205846
v -0.102195 -0.484193 -0.201321
v -0.122742 -0.484342 -0.172247
v -0.076837 -0.484196 -0.212289
v -0.110811 -0.484412 -0.260642
v -0.159769 -0.484493 -0.375285
v -0.149348 -0.484488 -0.387385
v -0.142463 -0.484494 -0.379657
v -0.133597 -0.484460 -0.354046
v -0.143632 -0.484194 0.103923
v -0.155992 -0.484187 0.075993
v -0.164289 -0.484199 0.100989
v -0.186630 -0.484195 0.100089
v -0.172144 -0.484248 0.122361
v -0.148827 -0.484510 0.185886
v -0.144461 -0.484507 0.197507
v -0.177910 -0.484510 0.327818
v -0.102527 -0.484522 0.466831
v -0.076337 -0.484536 0.455903
v -0.093020 -0.484522 0.430957
v -0.095896 -0.484512 0.405312
v -0.101464 -0.484497 0.354698
v -0.087287 -0.484503 0.253133
v -0.140414 -0.484188 0.085110
v -0.095850 -0.484313 0.130611
v -0.110077 -0.484503 0.178691
v -0.119011 -0.484507 0.188319
v -0.062284 -0.484188 -0.095070
v -0.048547 -0.484190 -0.098021
v -0.055040 -0.484190 -0.100197
v -0.057280 -0.484190 -0.102744
v -0.086662 -0.484437 -0.161621
v -0.122280 -0.484206 -0.137592
v -0.115284 -0.484484 -0.159380
v -0.120853 -0.484438 -0.163554
v -0.121881 -0.484440 -0.171819
v -0.132281 -0.484451 -0.166831
v -0.151994 -0.484290 -0.191652
v -0.147866 -0.484216 -0.196461
v -0.154818 -0.484197 -0.210945
v -0.165915 -0.484349 -0.187865
v -0.182850 -0.484233 -0.241313
v -0.123056 -0.484504 0.319293
v -0.175861 -0.484507 0.327097
v -0.100313 -0.484499 0.394850
v -0.189031 -0.484531 0.467821
v -0.208030 -0.484505 0.364670
v -0.193312 -0.484505 0.325225
v -0.220006 -0.484507 0.320818
v -0.204431 -0.484509 0.350438
v -0.233989 -0.484506 0.259763
v -0.226817 -0.484508 0.254899
v -0.233307 -0.484506 0.259309
v -0.246516 -0.484507 0.263019
v -0.155089 -0.484505 0.171171
v -0.195226 -0.484358 0.129204
v -0.242533 -0.484500 0.177544
v -0.243063 -0.484502 0.163654
v -0.261979 -0.484259 0.125056
v -0.275656 -0.484573 0.133453
v -0.273076 -0.484224 0.119405
v -0.277650 -0.484269 0.126493
v -0.252724 -0.484232 0.121063
v -0.218740 -0.484190 0.008868
v -0.214267 -0.484189 0.004478
v -0.236546 -0.484189 0.007328
v -0.182682 -0.484424 -0.158895
v -0.198084 -0.484515 -0.182028
v -0.188133 -0.484403 -0.184056
v -0.198699 -0.484421 -0.181665
v -0.208774 -0.484437 -0.161096
v -0.215271 -0.484187 -0.086298
v -0.224484 -0.484187 -0.073629
v -0.213042 -0.484187 -0.077485
v -0.227431 -0.484188 -0.033156
v -0.232672 -0.484187 -0.039905
v -0.226203 -0.484187 -0.069746
v -0.226024 -0.484187 -0.064537
v -0.216871 -0.484187 -0.054459
v -0.252055 -0.484190 0.042010
v -0.263162 -0.484191 0.043085
v -0.242353 -0.484187 -0.030578
v -0.286813 -0.484189 0.005820
v -0.242831 -0.484499 0.177108
v -0.273843 -0.484506 0.210696
v -0.291759 -0.484507 0.404666
v -0.238185 -0.484508 0.295741
v -0.291932 -0.484503 0.291171
v -0.292016 -0.484502 0.254285
v -0.287095 -0.484502 0.251137
v -0.297909 -0.484502 0.250479
v -0.310434 -0.484505 0.210205
v -0.305062 -0.484505 0.205140
v -0.308994 -0.484507 0.197851
v -0.309144 -0.484508 0.194857
v -0.338013 -0.484500 0.399312
v -0.329302 -0.484503 0.404249
v -0.319784 -0.484497 0.378269
v -0.323695 -0.484493 0.377808
v -0.348300 -0.484502 0.347646
v -0.355786 -0.484502 0.338715
v -0.345022 -0.484508 0.313805
v -0.294129 -0.484352 0.133038
v -0.313429 -0.484322 0.131330
v -0.327639 -0.484233 0.122128
v -0.308377 -0.484186 0.013441
v -0.300856 -0.484188 0.011784
v -0.285631 -0.484189 0.004417
v -0.221050 -0.484238 -0.247273
v -0.209021 -0.484456 -0.267053
v -0.240624 -0.484488 -0.178468
v -0.347186 -0.483500 0.130882
v -0.355970 -0.484239 0.121018
v -0.362361 -0.484218 0.117716
v -0.371569 -0.484411 0.131958
v -0.397426 -0.484484 0.154103
v -0.371005 -0.484499 0.385142
v -0.358258 -0.484496 0.374124
v -0.376369 -0.484503 0.348462
v -0.372705 -0.484503 0.345187
v -0.355741 -0.484503 0.338148
v -0.338538 -0.484505 0.274682
v -0.401295 -0.484502 0.352514
v -0.398219 -0.484501 0.354499
v -0.392455 -0.484499 0.359451
v -0.391325 -0.484501 0.355233
v -0.464898 -0.484364 0.361723
v -0.468202 -0.484472 0.386642
v -0.468390 -0.484381 0.398706
v -0.461136 -0.484401 0.426823
v -0.449713 -0.484485 0.424907
v -0.374703 -0.484580 0.454958
v -0.372363 -0.484500 0.385560
v -0.420674 -0.484518 0.460405
v -0.421251 -0.484506 0.248211
v -0.381788 -0.484202 0.099753
v -0.355004 -0.484189 0.042726
v -0.349402 -0.484189 -0.026382
v -0.305523 -0.484186 -0.134775
v -0.252752 -0.484170 -0.201149
v -0.262148 -0.484170 -0.208632
v -0.263140 -0.484239 -0.191874
v -0.272677 -0.484168 -0.203950
v -0.274333 -0.484160 -0.211123
v -0.262247 -0.484164 -0.209611
v -0.240359 -0.484273 -0.250200
v -0.262229 -0.484406 -0.260035
v -0.239008 -0.484524 -0.285593
v -0.230657 -0.484486 -0.281672
v -0.240245 -0.484134 -0.250850
v -0.161112 -0.484499 -0.326592
v -0.140621 -0.484494 -0.333428
v -0.138043 -0.484493 -0.330358
v -0.150325 -0.484592 -0.476008
v -0.141174 -0.484533 -0.472667
v -0.160949 -0.484500 -0.428853
v -0.194703 -0.484511 -0.443877
v -0.191789 -0.484516 -0.442868
v -0.170796 -0.484524 -0.453493
v -0.166652 -0.484541 -0.477532
v -0.162011 -0.484697 -0.480458
v -0.174088 -0.484488 -0.369695
v -0.278210 -0.484525 -0.246349
v -0.282193 -0.484278 -0.250513
v -0.307460 -0.484373 -0.152420
v -0.327554 -0.484176 -0.135715
v -0.341438 -0.484117 -0.144095
v -0.400040 -0.484192 0.056731
v -0.367506 -0.484192 0.068526
v -0.412529 -0.484191 0.079868
v -0.413512 -0.484190 0.084350
v -0.421723 -0.484191 0.084753
v -0.391391 -0.484285 0.127876
v -0.387032 -0.484421 0.138127
v -0.396926 -0.484499 0.141605
v -0.375019 -0.484262 0.126069
v -0.395165 -0.484502 0.160195
v -0.433485 -0.484489 0.163219
v -0.447752 -0.484419 0.169869
v -0.455505 -0.484444 0.163792
v -0.413014 -0.484196 0.066714
v -0.409383 -0.484191 0.058780
v -0.337349 -0.484190 -0.033568
v -0.311981 -0.484260 -0.193765
v -0.327045 -0.484178 -0.187854
v -0.317870 -0.484157 -0.201311
v -0.334637 -0.484186 -0.189181
v -0.342802 -0.484001 -0.178687
v -0.362233 -0.484183 -0.119589
v -0.329107 -0.484200 -0.226727
v -0.324170 -0.484195 -0.237655
v -0.285905 -0.484421 -0.275768
v -0.268441 -0.484496 -0.343435
v -0.274061 -0.484499 -0.343309
v -0.320115 -0.484490 -0.285025
v -0.337758 -0.484209 -0.274307
v -0.335938 -0.484322 -0.291178
v -0.346759 -0.484012 -0.293320
v -0.333740 -0.484365 -0.297390
v -0.368491 -0.483907 -0.284901
v -0.316235 -0.484504 -0.351232
v -0.334100 -0.484412 -0.339920
v -0.343596 -0.484230 -0.342018
v -0.233079 -0.484547 -0.476412
v -0.231089 -0.484434 -0.478928
v -0.234079 -0.484613 -0.481331
v -0.247552 -0.484680 -0.480131
v -0.249565 -0.484546 -0.461060
v -0.259163 -0.484508 -0.432438
v -0.254659 -0.484518 -0.448470
v -0.250018 -0.484511 -0.436833
v -0.257674 -0.484529 -0.472923
v -0.268226 -0.484547 -0.476673
v -0.261319 -0.484540 -0.470027
v -0.292404 -0.484483 -0.472360
v -0.299053 -0.484536 -0.459009
v -0.297487 -0.484503 -0.425988
v -0.337379 -0.484474 -0.438892
v -0.352239 -0.484271 -0.433459
v -0.356590 -0.484173 -0.416044
v -0.344399 -0.484271 -0.377600
v -0.356110 -0.484193 -0.394821
v -0.351864 -0.484163 -0.359634
v -0.364998 -0.484092 -0.313058
v -0.386117 -0.484209 -0.327291
v -0.347478 -0.484136 -0.258777
v -0.342151 -0.484149 -0.270737
v -0.458761 -0.484196 -0.008992
v -0.423519 -0.484191 0.012398
v -0.415346 -0.484192 0.070030
v -0.422037 -0.484191 0.084481
v -0.421912 -0.484195 0.094537
v -0.415449 -0.484232 0.123363
v -0.468138 -0.484494 0.264310
v -0.458673 -0.484478 0.279447
v -0.464836 -0.484369 0.276018
v -0.468827 -0.484375 0.201365
v -0.465880 -0.484356 0.193998
v -0.464970 -0.484194 0.090783
v -0.469785 -0.484136 0.097585
v -0.419958 -0.484190 0.018721
v -0.422992 -0.484191 0.014922
v -0.453701 -0.484197 0.043739
v -0.416029 -0.484189 -0.102038
v -0.421094 -0.484190 -0.104402
v -0.388236 -0.484115 -0.163149
v -0.378134 -0.484153 -0.196736
v -0.356997 -0.484151 -0.208737
v -0.352291 -0.484194 -0.229949
v -0.356171 -0.484189 -0.239074
v -0.369616 -0.484009 -0.260309
v -0.371430 -0.483989 -0.264612
v -0.420609 -0.484091 -0.225383
v -0.401071 -0.484028 -0.267362
v -0.390464 -0.484037 -0.276783
v -0.403389 -0.483993 -0.278519
v -0.378708 -0.484322 -0.481046
v -0.370491 -0.484352 -0.481967
v -0.386499 -0.484190 -0.377078
v -0.397997 -0.484189 -0.371934
v -0.386586 -0.484177 -0.327664
v -0.388275 -0.484156 -0.316343
v -0.432781 -0.484206 -0.275233
v -0.438376 -0.484173 -0.279709
v -0.450209 -0.484191 -0.276143
v -0.438867 -0.484176 -0.284007
v -0.389998 -0.484190 -0.391536
v -0.395997 -0.484231 -0.480967
v -0.364775 -0.484188 -0.447305
v -0.432263 -0.484192 -0.444002
v -0.450123 -0.484191 -0.266648
v -0.449177 -0.484178 -0.275525
v -0.455614 -0.484195 -0.182664
v -0.463464 -0.484195 -0.149692
v -0.469764 -0.484112 -0.152182
v -0.461589 -0.484192 -0.068429
v -0.469878 -0.484227 -0.064096
v -0.431127 -0.484191 -0.097073
v -0.429106 -0.484190 -0.189707
v -0.428590 -0.484190 -0.193838
v -0.418349 -0.484147 -0.252234
v -0.415417 -0.484073 -0.259299
v -0.433822 -0.484192 -0.201441
v -0.444822 -0.484192 -0.198256
v -0.436845 -0.484189 -0.245703
v -0.428879 -0.484182 -0.251463
v -0.470070 -0.484152 -0.110651
v -0.468946 -0.484195 -0.320365
v -0.442559 -0.484197 -0.390927
v -0.436872 -0.484193 -0.382066
v -0.462896 -0.484110 -0.391363
v -0.454908 -0.484195 -0.389316
v -0.443288 -0.484194 -0.388006
v -0.389507 -0.484167 -0.171781
v -0.468870 -0.484351 0.137346
v -0.427056 -0.484495 0.148364
v -0.427792 -0.484444 0.139702
v -0.427854 -0.484259 0.121332
v -0.425606 -0.484265 0.127258
v -0.273607 -0.484499 -0.341907
v -0.346411 -0.484504 0.228613
v -0.277480 -0.484189 -0.107183
v -0.224539 -0.484505 0.393914
v -0.017170 -0.484180 -0.201369
v -0.035361 -0.484413 -0.186239
v -0.024220 -0.484504 0.167108
v -0.005149 -0.484503 0.248189
v 0.148048 -0.484322 -0.148048
v 0.133015 -0.484237 -0.129334
v 0.166420 -0.484313 -0.252963
v 0.171085 -0.484234 -0.235291
v 0.280061 -0.484498 -0.405767
v 0.237450 -0.484501 -0.185159
v 0.045867 -0.484506 0.229084
v 0.048404 -0.484509 0.219450
v 0.150856 -0.484466 0.139810
v 0.137243 -0.484416 0.135552
v 0.143981 -0.484336 0.131748
v 0.123797 -0.484200 0.111456
v 0.110803 -0.484235 0.119097
v 0.117873 -0.484254 0.125537
v 0.090864 -0.484499 0.198218
v 0.068180 -0.484496 0.378349
v 0.068575 -0.484503 0.350948
v 0.051354 -0.484501 0.358653
v 0.191689 -0.484195 0.109812
v 0.159231 -0.484511 0.315374
v 0.096137 -0.484515 0.422475
v 0.138102 -0.484518 0.412525
v 0.308430 -0.484283 -0.184314
v 0.361962 -0.484188 -0.152972
v 0.272857 -0.484502 0.175623
v 0.282252 -0.484501 0.177053
v 0.179727 -0.484516 0.398129
v 0.193300 -0.484508 0.391238
v 0.217988 -0.484497 0.381908
v 0.299089 -0.484515 0.412379
v 0.289524 -0.484495 0.377957
v 0.299083 -0.484493 0.364895
v 0.316126 -0.484502 0.236996
v 0.303556 -0.484507 0.252075
v 0.338856 -0.484190 0.074159
v 0.345964 -0.484189 0.066125
v 0.358993 -0.484187 0.066132
v 0.422730 -0.484185 -0.027980
v 0.362986 -0.484187 -0.068617
v 0.374260 -0.484186 -0.073223
v 0.369860 -0.484186 -0.083007
v 0.389165 -0.484500 -0.313947
v 0.394663 -0.484510 -0.309239
v 0.407033 -0.484408 -0.260063
v 0.434731 -0.484506 -0.339501
v 0.386313 -0.484503 -0.318003
v 0.445366 -0.484482 -0.321726
v 0.445364 -0.484363 -0.314400
v 0.433533 -0.484502 -0.320944
v 0.453245 -0.484530 -0.334596
v 0.444433 -0.484220 -0.191490
v 0.468790 -0.484255 -0.181828
v 0.452765 -0.484182 -0.229851
v 0.468826 -0.484196 -0.146791
v 0.450643 -0.484180 -0.122891
v 0.451614 -0.484178 -0.108475
v 0.364787 -0.484182 0.083840
v 0.359822 -0.484185 0.076983
v 0.336723 -0.484502 0.207839
v 0.326632 -0.484504 0.258744
v 0.364484 -0.484573 0.266885
v 0.372747 -0.484501 0.194719
v 0.398395 -0.484425 0.135897
v 0.370125 -0.484184 0.095216
v 0.368079 -0.484185 0.087297
v 0.422082 -0.484184 -0.028704
v 0.458020 -0.484178 -0.035228
v 0.464195 -0.484209 -0.036365
v 0.464305 -0.484191 -0.020055
v 0.443093 -0.484183 0.076410
v 0.409650 -0.484502 0.144416
v 0.442661 -0.484478 0.138000
v 0.370044 -0.484498 0.271844
v 0.435563 -0.484532 0.206228
v 0.464470 -0.484371 0.189988
v 0.299770 -0.484514 0.411873
v 0.326940 -0.484492 0.363744
v 0.398592 -0.484511 0.394015
v 0.399267 -0.484520 0.403715
v 0.403443 -0.484509 0.394875
v 0.398035 -0.484513 0.394147
v 0.418065 -0.484511 0.317674
v 0.456731 -0.484417 0.286332
v 0.457467 -0.484411 0.281912
v 0.457678 -0.484413 0.282349
v 0.431986 -0.484584 0.477628
v 0.314249 -0.484532 0.469074
v -0.038197 -0.484544 0.473068
v -0.049217 -0.485179 0.475720
v -0.388546 -0.484563 0.452282
v -0.402365 -0.484540 0.471409
v -0.432728 -0.484559 0.479351
v -0.428553 -0.484552 0.477387
v -0.424234 -0.485150 0.482812
v 0.189273 -0.484542 0.469145
v 0.199802 -0.484558 0.472966
v 0.255461 -0.484465 0.481102
v 0.264863 -0.484566 0.478024
v 0.464046 -0.484383 0.416559
v 0.464714 -0.484360 0.342746
v 0.468273 -0.484392 0.345270
v 0.415475 -0.484509 0.305426
v 0.414001 -0.484510 0.311381
v 0.417734 -0.484512 0.316657
v 0.354925 -0.484498 0.362396
v 0.307694 -0.484523 0.453562
v 0.309212 -0.484518 0.468692
v 0.313161 -0.484613 0.469580
v 0.320191 -0.484503 0.316094
v 0.459998 -0.484202 0.095999
v 0.468814 -0.484337 0.098873
v 0.469123 -0.484337 -0.067648
v 0.464274 -0.484185 -0.071805
v 0.331671 -0.484507 0.151588
v 0.426763 -0.484198 -0.227849
v 0.418882 -0.484215 -0.238848
v 0.419765 -0.484338 -0.255284
v 0.410371 -0.484223 -0.245556
v 0.360766 -0.484190 -0.042379
v 0.306011 -0.484506 0.236297
v -0.469878 -0.484224 -0.191375
v 0.468354 -0.484249 -0.161756
v 0.055367 -0.496762 -0.483630
v 0.061755 -0.486945 -0.483388
v 0.108371 -0.496569 -0.483140
v 0.140113 -0.485366 -0.483190
v 0.177119 -0.496506 -0.482972
v 0.026315 -0.496492 -0.482962
v 0.317526 -0.485361 -0.483211
v 0.308337 -0.494413 -0.483474
v 0.423143 -0.485366 -0.483217
v 0.469779 -0.485412 -0.483034
v -0.096879 -0.496569 -0.483077
v -0.158979 -0.485343 -0.483215
v -0.244185 -0.485377 -0.483202
v -0.363185 -0.496599 -0.483054
v -0.359933 -0.485181 -0.483161
v -0.269788 -0.496672 -0.482976
v -0.040625 -0.485371 -0.483143
v -0.469764 -0.496515 -0.482908
v -0.404573 -0.484422 -0.481365
v -0.390282 -0.485900 -0.483394
v 0.305949 -0.496554 -0.482910
v -0.205265 -0.482569 0.488871
v -0.232524 -0.483013 0.488123
v -0.258950 -0.481070 0.485157
v -0.193337 -0.480969 0.488212
v -0.174705 -0.481805 0.487506
v -0.242798 -0.479027 0.477820
v -0.258873 -0.481001 0.483914
v -0.194532 -0.479362 0.477970
v -0.195976 -0.481045 0.483797
v -0.171795 -0.478296 0.480118
v -0.162579 -0.480470 0.483267
v -0.165467 -0.482526 0.477211
v -0.254223 -0.483715 0.488250
v -0.260297 -0.480774 0.484954
v -0.267482 -0.483237 0.488419
v -0.297088 -0.482407 0.488625
v -0.284915 -0.479444 0.479149
v -0.432700 -0.481661 0.488760
v -0.358453 -0.480895 0.485023
v -0.328579 -0.479468 0.477679
v -0.353180 -0.481047 0.483635
v -0.424625 -0.480689 0.485066
v -0.412241 -0.479606 0.479470
v -0.434210 -0.479631 0.478539
v -0.435931 -0.480293 0.482959
v -0.232965 -0.477982 0.475332
v -0.361310 -0.478481 0.479362
v -0.358565 -0.481012 0.483803
v -0.399168 -0.478296 0.478308
v -0.171628 -0.480460 0.484370
v -0.257075 -0.478024 0.479007
v -0.263556 -0.478534 0.479369
v -0.249630 -0.482771 0.487941
v -0.295102 -0.478982 0.478553
v -0.196014 -0.481234 0.485089
v -0.322800 -0.478817 0.480196
v -0.353081 -0.481570 0.485062
v -0.146420 -0.479570 0.482640
v -0.199295 -0.480682 0.484752
v -0.123443 -0.478942 0.480036
v -0.133383 -0.481888 0.482896
v -0.110156 -0.481558 0.482137
v -0.098330 -0.479159 0.479033
v -0.103000 -0.481644 0.482928
v -0.091647 -0.481330 0.481621
v -0.085349 -0.478019 0.480386
v -0.076159 -0.479029 0.479771
v -0.071663 -0.481231 0.481058
v -0.054649 -0.479568 0.482706
v -0.028435 -0.481300 0.477742
v -0.031364 -0.480144 0.482075
v -0.002993 -0.480740 0.482368
v 0.015287 -0.480826 0.483484
v 0.024077 -0.479609 0.483400
v 0.038077 -0.479229 0.478174
v 0.057494 -0.478529 0.478794
v 0.058358 -0.476950 0.486502
v 0.081962 -0.480831 0.478083
v 0.082257 -0.479207 0.481239
v 0.093663 -0.477391 0.476569
v 0.090703 -0.479580 0.479657
v 0.119316 -0.478544 0.480076
v 0.109248 -0.479545 0.481768
v 0.116181 -0.483392 0.481125
v 0.108020 -0.480998 0.484711
v 0.122736 -0.480117 0.481944
v 0.122653 -0.477877 0.478685
v 0.142101 -0.480568 0.478080
v 0.147171 -0.480093 0.484868
v 0.152222 -0.478591 0.478860
v 0.150379 -0.478776 0.483117
v 0.159590 -0.478632 0.477387
v 0.167118 -0.478203 0.483103
v 0.052762 -0.481048 0.484038
v 0.084190 -0.481050 0.483882
v 0.154678 -0.480734 0.484546
v -0.240508 -0.484300 0.489273
v -0.420695 -0.500962 0.198909
v -0.414003 -0.500962 0.199953
v -0.423726 -0.500962 0.203890
v -0.361207 -0.482864 0.483042
v -0.358247 -0.485012 0.481596
v -0.348782 -0.487840 0.483717
v -0.358172 -0.482902 0.484043
v -0.352907 -0.482289 0.483082
v -0.358652 -0.481304 0.483401
v 0.011202 -0.477725 -0.475608
v 0.036200 -0.480296 -0.478312
v 0.050734 -0.480827 -0.473889
v 0.000833 -0.479814 -0.479201
v 0.073262 -0.479062 -0.474935
v 0.155697 -0.479033 -0.474691
v 0.147971 -0.479929 -0.479068
v 0.087504 -0.480447 -0.478590
v -0.012621 -0.477802 -0.475418
v -0.039107 -0.477727 -0.475334
v -0.045455 -0.479414 -0.474708
v -0.103200 -0.479233 -0.474863
v -0.118287 -0.480293 -0.478674
v -0.115370 -0.476830 -0.474065
v -0.129274 -0.478585 -0.475487
v -0.174395 -0.480108 -0.478840
v -0.196030 -0.478643 -0.474672
v -0.202903 -0.480320 -0.478556
v -0.216233 -0.479104 -0.474947
v -0.234443 -0.478484 -0.475635
v -0.263268 -0.478645 -0.475183
v -0.303288 -0.478760 -0.473912
v -0.323480 -0.478128 -0.475759
v -0.328372 -0.478457 -0.474502
v -0.276329 -0.480380 -0.478635
v -0.338588 -0.484527 -0.472371
v 0.177457 -0.478542 -0.475455
v 0.170345 -0.474010 -0.476589
v 0.197830 -0.480366 -0.478644
v 0.247093 -0.480264 -0.478420
v 0.246760 -0.479411 -0.474560
v 0.251188 -0.478601 -0.475429
v 0.323886 -0.479540 -0.474699
v 0.398178 -0.478578 -0.475399
v 0.437145 -0.480364 -0.478865
v 0.272425 -0.480208 -0.478790
v 0.463641 -0.479661 -0.478457
v 0.409758 -0.482376 -0.473173
v 0.460345 -0.478641 -0.475376
v -0.236505 -0.043890 -0.116671
v -0.236596 -0.026794 -0.131625
v -0.236567 -0.039842 -0.100518
v -0.235821 -0.023151 -0.115693
v -0.236808 -0.020815 -0.107970
v -0.236394 -0.015150 -0.084048
v -0.236921 -0.033499 -0.077524
v -0.237463 -0.006889 -0.016492
v -0.236151 -0.007037 -0.052580
v -0.236845 -0.005087 -0.044906
v -0.236654 -0.001269 -0.029359
v -0.236976 -0.035635 -0.084384
v -0.235758 -0.019298 -0.099951
v -0.236435 -0.025700 -0.042588
v -0.236726 -0.051373 -0.146181
v -0.236645 -0.030757 -0.148734
v -0.236448 -0.053529 -0.155627
v -0.236596 -0.055620 -0.165235
v -0.236304 -0.038853 -0.180160
v -0.235795 -0.040712 -0.188000
v -0.236713 -0.042910 -0.197531
v -0.236699 -0.065530 -0.205005
v -0.236782 -0.071906 -0.232538
v -0.236565 -0.056390 -0.252908
v -0.236101 -0.079291 -0.260139
v -0.236677 -0.087206 -0.293089
v -0.236730 -0.066121 -0.294323
v -0.236373 -0.068120 -0.302193
v -0.237193 -0.049654 -0.215179
v -0.236738 -0.050385 -0.227733
v -0.236813 -0.093895 -0.323378
v -0.236973 -0.073565 -0.326773
v -0.236556 -0.044859 -0.204039
v -0.235898 -0.070296 -0.310226
v -0.235192 -0.022365 -0.021508
v -0.235244 -0.074889 -0.244527
v -0.236318 -0.032359 -0.069519
v -0.236697 -0.060127 -0.268930
v -0.235431 -0.085038 -0.324481
v -0.236168 -0.061219 -0.189238
v -0.235752 -0.052722 -0.235671
v -0.236013 -0.029851 -0.061138
v -0.235518 -0.077148 -0.252545
v -0.237037 -0.003418 -0.037454
v -0.235341 -0.059291 -0.181435
v -0.236407 -0.018895 -0.014690
v -0.235239 -0.048859 -0.219470
v -0.236281 -0.046887 -0.211776
v -0.236007 -0.081017 -0.269533
v -0.235334 -0.064405 -0.285395
v -0.234935 -0.023481 -0.034446
v -0.235938 -0.037777 -0.092733
v -0.237021 -0.028901 -0.139581
v -0.235626 -0.016269 -0.015701
v -0.236158 -0.036410 -0.085028
v -0.235522 -0.069095 -0.220965
v -0.235941 0.000587 -0.022544
v -0.235763 -0.034183 -0.075882
v -0.235173 -0.092778 -0.313591
v -0.155165 -0.008505 -0.015940
v -0.150236 0.001337 -0.017876
v -0.159346 -0.019283 -0.014143
v -0.236699 -0.016228 -0.014547
v -0.236128 0.001136 -0.018562
v -0.236204 -0.006129 -0.017887
v -0.157370 -0.014052 -0.013801
v -0.236244 -0.019264 -0.014347
v 0.234303 -0.077991 -0.253389
v -0.236375 -0.069741 -0.220526
v 0.072484 -0.095085 -0.322191
v -0.003270 -0.033695 -0.071139
v 0.078524 -0.036834 -0.086215
v 0.236129 -0.048122 -0.132073
v 0.236050 -0.093380 -0.316282
v 0.235882 -0.094766 -0.322226
v 0.235716 -0.051974 -0.148022
v 0.159809 -0.033308 -0.070664
v 0.235998 -0.059913 -0.180566
v 0.236040 -0.028113 -0.050992
v 0.161843 -0.020618 -0.015015
v 0.236004 -0.022125 -0.025709
v 0.235803 -0.030122 -0.059465
v 0.235865 -0.036074 -0.084758
v 0.235759 -0.041796 -0.108590
v 0.236033 -0.045905 -0.123599
v 0.236069 -0.065803 -0.205437
v 0.235960 -0.081513 -0.269105
v 0.235882 -0.085540 -0.285088
v 0.235938 -0.089243 -0.301008
v 0.236137 -0.026283 -0.042940
v 0.162304 -0.022958 -0.020986
v 0.162000 -0.024898 -0.031349
v 0.162180 -0.026435 -0.040827
v 0.161744 -0.028739 -0.050391
v 0.160919 -0.029825 -0.055802
v 0.146348 -0.033781 -0.071119
v -0.157233 -0.033281 -0.071044
v -0.160845 -0.033071 -0.067637
v -0.160976 -0.028842 -0.050937
v -0.234939 -0.022118 -0.021996
v -0.161073 -0.023016 -0.022920
v -0.161132 -0.027055 -0.041205
v 0.234373 -0.019941 -0.015627
v 0.235830 -0.053541 -0.157456
v -0.236611 -0.044401 -0.116788
v -0.236575 -0.079405 -0.259304
v -0.236566 -0.038494 -0.092590
v -0.236350 -0.034404 -0.076576
v -0.236834 -0.030481 -0.060761
v -0.236412 -0.053654 -0.154577
v -0.236530 -0.060082 -0.181009
v -0.237189 -0.094996 -0.322191
v 0.234665 -0.077404 -0.251539
v -0.160271 -0.019368 -0.014389
v 0.235727 -0.078815 -0.261634
v -0.236274 -0.065268 -0.205204
v 0.235627 -0.043734 -0.116560
v -0.236280 -0.039245 -0.100783
v -0.236209 -0.086739 -0.293360
v -0.236759 -0.019317 -0.014361
v -0.236113 -0.076315 -0.252393
v -0.236224 -0.074722 -0.244053
v 0.234280 -0.073460 -0.235435
v -0.236385 -0.023738 -0.033876
v -0.236128 -0.035263 -0.084817
v -0.235974 -0.031613 -0.069292
v -0.237179 -0.072938 -0.233280
v 0.235436 -0.056728 -0.173703
v 0.153205 -0.036050 -0.070084
v -0.236424 -0.090493 -0.308413
v 0.161714 -0.027290 -0.041463
v 0.235642 -0.070811 -0.230113
v -0.236728 -0.080897 -0.267092
v 0.235545 -0.037126 -0.093422
v 0.235934 -0.072962 -0.237512
v 0.235689 -0.031332 -0.068953
v 0.235957 -0.076864 -0.253246
v 0.235615 -0.090041 -0.309389
v 0.235327 -0.073662 -0.236660
v 0.235402 -0.077542 -0.252397
v -0.232485 -0.040764 -0.172429
v -0.232738 -0.051859 -0.165154
v -0.232530 -0.055746 -0.181153
v -0.232517 -0.059550 -0.196808
v -0.232691 -0.049527 -0.157125
v -0.231835 -0.046863 -0.195838
v -0.232563 -0.038433 -0.164362
v -0.232798 -0.047878 -0.147827
v -0.232323 -0.036686 -0.156463
v -0.232379 -0.032955 -0.140616
v -0.232417 -0.041731 -0.124552
v -0.232645 -0.024895 -0.108009
v -0.233047 -0.031670 -0.084294
v -0.232600 -0.022811 -0.099847
v -0.232981 -0.023827 -0.051078
v -0.233006 -0.011141 -0.052850
v -0.232465 -0.022223 -0.043375
v -0.232715 -0.018297 -0.025185
v -0.232082 -0.007335 -0.037097
v -0.233259 -0.016798 -0.018937
v -0.232312 -0.019888 -0.033828
v -0.232040 -0.037587 -0.108492
v -0.232268 -0.050350 -0.211667
v -0.232529 -0.061430 -0.205120
v -0.232974 -0.056700 -0.235951
v -0.232815 -0.069573 -0.236565
v -0.232401 -0.067303 -0.228404
v -0.232814 -0.060722 -0.253388
v -0.232546 -0.073298 -0.252151
v -0.232783 -0.066146 -0.278476
v -0.232551 -0.068002 -0.286051
v -0.232657 -0.081649 -0.286109
v -0.232715 -0.072014 -0.302505
v -0.232417 -0.085002 -0.300925
v -0.231915 -0.089761 -0.319653
v -0.231924 -0.086807 -0.308744
v -0.231598 -0.027540 -0.117112
v -0.232154 -0.069744 -0.294038
v -0.232227 -0.056002 -0.235418
v -0.233104 -0.052148 -0.219737
v -0.231402 -0.031156 -0.132726
v -0.232752 -0.058728 -0.245613
v -0.233414 -0.075571 -0.261133
v -0.231745 -0.003958 -0.022590
v -0.232899 -0.013182 -0.060715
v -0.232210 -0.057983 -0.244724
v -0.232660 -0.029007 -0.125315
v -0.232356 -0.032412 -0.084944
v -0.232288 -0.059800 -0.252065
v -0.156559 -0.011604 -0.019712
v -0.232454 -0.006862 -0.020798
v -0.159351 -0.016679 -0.018642
v -0.209272 -0.016725 -0.018605
v -0.232481 -0.016604 -0.018735
v -0.154301 -0.004044 -0.021523
v -0.168846 -0.003642 -0.022893
v -0.231878 -0.002928 -0.022725
v -0.161045 -0.020644 -0.039861
v -0.157762 -0.011312 -0.052446
v -0.157511 -0.015962 -0.060578
v -0.158189 -0.020834 -0.061544
v -0.158508 -0.018517 -0.023667
v -0.154939 -0.004573 -0.021862
v -0.154504 -0.009244 -0.044702
v -0.158388 -0.020588 -0.032050
v -0.160942 -0.026028 -0.060936
v -0.156132 -0.005465 -0.028249
v -0.159864 -0.016360 -0.019881
v -0.155973 -0.012945 -0.060484
v -0.157103 -0.007684 -0.037135
v -0.160072 -0.027254 -0.064885
v -0.052078 -0.013552 -0.060252
v 0.037166 -0.013765 -0.060299
v 0.026350 -0.028578 -0.067674
v 0.155957 -0.014141 -0.061321
v 0.159677 -0.025450 -0.064953
v 0.159847 -0.028160 -0.066560
v -0.069703 -0.013679 -0.060207
v -0.092860 -0.013721 -0.060314
v -0.160137 -0.028494 -0.067547
v -0.156851 -0.014122 -0.061388
v -0.160710 -0.026087 -0.065694
v -0.158718 -0.020791 -0.060828
v 0.232175 -0.077369 -0.269137
v 0.231906 -0.079377 -0.277537
v 0.231948 -0.083157 -0.293090
v -0.232716 -0.042137 -0.124408
v -0.018592 -0.053712 -0.171462
v -0.232802 -0.075847 -0.261109
v -0.232545 -0.079243 -0.277116
v -0.232499 -0.090107 -0.319908
v 0.020710 -0.084525 -0.296840
v -0.232612 -0.087107 -0.308548
v -0.232902 -0.050081 -0.156854
v -0.232238 -0.047838 -0.148173
v -0.232838 -0.039916 -0.116043
v -0.232699 -0.032273 -0.084471
v -0.232690 -0.030158 -0.076707
v -0.232544 -0.024095 -0.051397
v -0.232743 -0.020523 -0.033694
v -0.232562 -0.061906 -0.205491
v -0.232258 -0.065501 -0.220729
v -0.232567 -0.077100 -0.269338
v 0.231739 -0.075504 -0.260066
v 0.232064 -0.071375 -0.243984
v 0.232026 -0.061588 -0.204656
v 0.232240 -0.067409 -0.228284
v 0.231922 -0.065386 -0.220509
v 0.232056 -0.057768 -0.188488
v -0.160875 -0.024193 -0.051508
v -0.158820 -0.018473 -0.023082
v -0.161200 -0.025835 -0.061572
v -0.159286 -0.020086 -0.032104
v 0.231957 -0.059624 -0.197215
v 0.232147 -0.051623 -0.164848
v 0.232107 -0.053389 -0.172869
v 0.232260 -0.049859 -0.156624
v 0.231909 -0.048001 -0.148537
v 0.232137 -0.039899 -0.115561
v 0.231675 -0.036384 -0.100920
v 0.231951 -0.033771 -0.092811
v 0.161776 -0.025838 -0.056704
v 0.161255 -0.023637 -0.057672
v 0.160656 -0.024363 -0.052511
v 0.160653 -0.022414 -0.043526
v 0.158494 -0.017583 -0.020050
v 0.232009 -0.028504 -0.068559
v 0.232052 -0.024297 -0.051195
v 0.231781 -0.020012 -0.034322
v 0.231931 -0.016766 -0.018604
v 0.208041 -0.016595 -0.018667
v 0.168123 -0.016384 -0.019153
v -0.232254 -0.021318 -0.043540
v -0.160594 -0.020429 -0.043123
v 0.231762 -0.044932 -0.141195
v 0.231936 -0.073026 -0.253160
v 0.160690 -0.019574 -0.041673
v 0.232247 -0.035587 -0.099739
v -0.232441 -0.045093 -0.137381
v -0.232304 -0.036980 -0.108010
v 0.158556 -0.020646 -0.037986
v 0.153770 -0.008218 -0.058869
v -0.154237 -0.008098 -0.058963
v 0.236226 0.000931 -0.022925
v 0.236065 -0.004581 -0.044084
v 0.235846 -0.013002 -0.075516
v 0.235626 -0.017557 -0.092042
v 0.235575 0.001101 -0.018566
v -0.236459 -0.005797 -0.045015
v -0.236109 -0.009295 -0.060240
v -0.236598 -0.002946 -0.037537
v -0.235131 -0.001127 -0.031456
v -0.236353 -0.001013 -0.029786
v -0.236342 0.000881 -0.022247
v -0.236572 -0.014627 -0.084390
v -0.236367 -0.019301 -0.099987
v -0.236477 -0.022927 -0.115913
v -0.236487 -0.024765 -0.123745
v -0.236594 -0.001777 -0.029648
v -0.236217 -0.074199 -0.327021
v -0.181668 -0.073391 -0.327236
v 0.071971 -0.073378 -0.327278
v 0.235877 -0.030335 -0.147572
v 0.235853 -0.026204 -0.130927
v 0.235895 -0.039086 -0.180393
v 0.236288 -0.040239 -0.187840
v 0.235629 -0.070418 -0.311500
v 0.235181 -0.071917 -0.319944
v 0.234492 -0.067881 -0.303880
v 0.202683 -0.073361 -0.327273
v -0.159162 -0.071504 -0.319663
v 0.234559 -0.052700 -0.238509
v 0.236211 -0.054644 -0.246406
v 0.236130 -0.049155 -0.222742
v 0.234594 -0.072099 -0.323492
v -0.236607 -0.070521 -0.310577
v -0.236004 -0.072143 -0.319895
v -0.234221 -0.070024 -0.313346
v -0.236406 -0.069646 -0.310727
v -0.236680 -0.067733 -0.302916
v -0.236482 -0.048024 -0.220074
v -0.236359 -0.050820 -0.227685
v -0.236568 -0.052159 -0.235832
v -0.236233 -0.057004 -0.252492
v -0.236737 -0.046055 -0.211703
v -0.236916 -0.028193 -0.140239
v -0.236184 -0.040300 -0.187871
v -0.236053 -0.031486 -0.147901
v -0.236239 -0.044736 -0.203428
v -0.236083 -0.039383 -0.179229
v 0.235804 -0.042720 -0.195833
v -0.121892 -0.058993 -0.266600
v -0.236410 -0.063753 -0.285564
v 0.115429 -0.071876 -0.320910
v 0.234931 -0.061980 -0.278191
v -0.236598 -0.020332 -0.108291
v 0.235994 -0.045947 -0.211639
v 0.236160 -0.036223 -0.172328
v 0.234780 -0.020819 -0.108725
v 0.234420 -0.019222 -0.103225
v 0.155905 -0.004354 -0.044023
v 0.153837 -0.002442 -0.037432
v 0.236078 -0.009118 -0.060620
v 0.153850 0.000383 -0.026020
v 0.153328 -0.000039 -0.030917
v -0.153110 -0.002127 -0.035027
v -0.232092 0.001495 -0.021608
v -0.152797 0.000857 -0.022558
v 0.235807 -0.060474 -0.269069
v -0.236318 -0.066526 -0.294187
v 0.236090 -0.057126 -0.259501
v -0.155188 -0.006963 -0.054989
v -0.152863 0.001785 -0.028842
v -0.151376 0.001387 -0.023700
v -0.153620 -0.003040 -0.046002
v -0.151631 0.001581 -0.018327
v -0.152622 0.003651 -0.023379
v -0.235879 0.000418 -0.021906
v -0.163406 0.001403 -0.021629
v 0.234488 -0.061874 -0.278440
v 0.235725 -0.062531 -0.277305
v 0.234616 -0.068944 -0.305911
v 0.235872 -0.067566 -0.298771
v 0.234886 -0.070863 -0.322521
v 0.235653 -0.073778 -0.325639
v 0.236383 -0.070990 -0.320190
v 0.234174 -0.021764 -0.107475
v 0.235617 -0.025415 -0.125754
v 0.233728 -0.024498 -0.124679
v 0.236051 -0.021605 -0.109079
v 0.155409 0.000305 -0.040763
v 0.154457 -0.002389 -0.046290
v 0.154295 -0.007106 -0.054112
v 0.155835 -0.006626 -0.052911
v 0.232147 -0.011249 -0.052925
v 0.232262 -0.014681 -0.068315
v 0.232330 -0.016785 -0.076687
v 0.123147 -0.075658 -0.320918
v 0.231926 -0.054463 -0.227684
v 0.232129 -0.056243 -0.235836
v 0.232174 -0.052171 -0.220326
v 0.232252 -0.058069 -0.245323
v 0.231929 -0.049047 -0.203724
v 0.232561 -0.044158 -0.191923
v 0.231106 -0.042986 -0.181566
v -0.190053 -0.075605 -0.320789
v -0.006941 -0.075622 -0.321028
v -0.232423 -0.046779 -0.195605
v -0.232588 -0.042823 -0.180373
v -0.232497 -0.048325 -0.203830
v -0.232388 -0.052823 -0.219289
v -0.232673 -0.056211 -0.236037
v -0.232587 -0.040733 -0.173022
v -0.232449 -0.038947 -0.164488
v -0.232285 -0.037121 -0.155769
v -0.232122 -0.030472 -0.132636
v -0.232577 -0.031345 -0.133427
v -0.232440 -0.060251 -0.252610
v -0.232554 -0.063908 -0.269047
v -0.232567 -0.066578 -0.278845
v -0.232587 -0.070373 -0.294615
v -0.230947 -0.076194 -0.320913
v -0.232328 -0.076828 -0.321643
v 0.231713 -0.031085 -0.131683
v -0.232315 -0.004240 -0.022401
v 0.232285 -0.024826 -0.108234
v 0.231809 -0.021544 -0.091591
v -0.160636 -0.075582 -0.320838
v -0.153240 -0.073026 -0.308495
v 0.232180 -0.003322 -0.022513
v 0.232157 -0.006721 -0.038297
v 0.232241 -0.062240 -0.260994
v 0.232000 -0.069748 -0.292238
v 0.232155 -0.074944 -0.318025
v 0.232219 -0.060187 -0.253162
v 0.231789 -0.039558 -0.163952
v -0.168764 -0.004028 -0.022231
v -0.154516 -0.004442 -0.028161
v -0.155127 -0.006811 -0.036990
v -0.232463 -0.018897 -0.084175
v -0.232714 -0.012858 -0.061392
v -0.232603 -0.010907 -0.053130
v -0.232574 -0.007062 -0.037150
v -0.232730 -0.024399 -0.108558
v -0.232626 -0.027069 -0.118051
v -0.155926 -0.009498 -0.043425
v -0.157076 -0.011509 -0.052849
v -0.047589 -0.044862 -0.190338
v 0.080393 -0.063527 -0.269220
v 0.033859 -0.063439 -0.268353
v -0.065983 -0.063282 -0.267895
v -0.117908 -0.075731 -0.320938
v -0.156109 -0.013461 -0.063237
v -0.069389 -0.012928 -0.060781
v -0.170174 -0.063350 -0.268252
v -0.207832 -0.002845 -0.022680
v -0.232509 -0.050107 -0.212175
v 0.230401 -0.075893 -0.320823
v 0.232160 -0.036580 -0.157506
v 0.231972 -0.026462 -0.117033
v 0.156478 -0.013128 -0.061115
v 0.232297 -0.018723 -0.084608
v 0.156495 -0.011022 -0.053400
v 0.162288 -0.003732 -0.022315
v 0.155685 -0.006657 -0.037217
v 0.154176 -0.003484 -0.021752
v 0.036270 -0.012879 -0.060785
v -0.051639 -0.012876 -0.060684
v -0.092074 -0.013023 -0.060845
v -0.156989 -0.013295 -0.061121
v 0.154825 -0.007838 -0.036569
v -0.123827 -0.087536 -0.324793
v 0.142617 -0.093511 -0.323747
v 0.080736 -0.073708 -0.327320
v -0.041118 -0.093789 -0.323617
v -0.031060 -0.073692 -0.327243
v -0.108606 -0.073684 -0.327393
v -0.130572 -0.093798 -0.323562
v -0.236067 -0.094873 -0.322319
v -0.234197 -0.073693 -0.327357
v -0.236335 -0.085195 -0.324584
v 0.234490 -0.073873 -0.327237
v 0.235109 -0.095155 -0.322476
v 0.235231 -0.082856 -0.325583
v -0.236865 -0.075667 -0.327096
v 0.235990 -0.077526 -0.326019
v -0.232297 -0.076956 -0.322417
v -0.095584 -0.089986 -0.320016
v 0.230631 -0.078586 -0.322549
v 0.231946 -0.090091 -0.319885
v 0.092701 -0.075446 -0.320948
v 0.231564 -0.075843 -0.320733
v 0.123428 -0.075967 -0.320532
v 0.059465 -0.075706 -0.320614
v 0.037786 -0.075721 -0.320868
v -0.231073 -0.075165 -0.321431
v -0.200154 -0.484667 0.483545
v -0.192698 -0.482253 0.482806
v -0.201947 -0.484781 0.481741
v -0.164495 -0.481252 0.482871
v -0.172252 -0.481137 0.479770
v -0.164144 -0.482302 0.479701
v -0.163787 -0.484494 0.483280
v -0.103926 0.110226 0.018181
v -0.101912 0.110322 0.020623
v -0.101415 0.114491 0.016037
v -0.098882 0.121039 0.015171
v -0.106077 0.101800 0.021122
v -0.105391 0.105438 0.018989
v -0.096581 0.124237 0.014265
v -0.150431 0.004758 -0.055574
v -0.147669 0.003209 -0.053343
v -0.151369 -0.000913 -0.054840
v -0.152857 -0.007214 -0.057034
v -0.146130 0.010753 -0.050329
v -0.110928 0.088896 0.026227
v -0.111634 0.091666 0.025312
v -0.108310 0.094415 0.024005
v -0.113999 0.084045 0.027061
v -0.107207 0.101285 0.021182
v -0.122446 0.067844 0.034000
v -0.118875 0.072144 0.031982
v -0.116506 0.082912 0.028879
v -0.116670 0.075386 0.030389
v -0.115685 0.085605 0.030901
v -0.158285 -0.048521 0.063945
v -0.160821 -0.045251 -0.073807
v -0.160695 -0.046022 0.074722
v -0.155404 -0.008094 -0.015432
v -0.151135 0.001887 -0.017057
v -0.137848 0.033473 -0.044445
v -0.153003 -0.002830 -0.038594
v -0.153680 -0.003658 -0.046416
v -0.151658 -0.000685 -0.055385
v -0.154556 -0.007955 -0.058268
v -0.133016 0.045072 -0.040361
v -0.130629 0.052496 -0.036969
v -0.126928 0.060323 -0.033061
v -0.124118 0.066813 -0.030443
v -0.122097 0.071066 -0.028490
v -0.116094 0.084364 -0.024375
v -0.113897 0.089110 -0.022535
v -0.112332 0.093008 -0.019649
v -0.109086 0.100085 -0.019660
v -0.160523 -0.021398 -0.015885
v -0.157679 -0.014015 -0.014355
v -0.158821 -0.019010 -0.013419
v -0.114401 0.088201 0.026180
v -0.108172 0.101736 0.022106
v -0.106453 0.106669 -0.016614
v -0.103955 0.110639 -0.016164
v -0.136570 0.037870 0.044430
v -0.160415 -0.022791 0.066602
v -0.152177 -0.001749 0.058355
v -0.144886 0.013763 0.052745
v -0.141246 0.024189 0.049786
v -0.123013 0.067741 0.033874
v -0.111150 0.092003 0.025459
v -0.106399 0.106030 0.020426
v -0.102452 0.115445 0.016506
v -0.098898 0.123332 -0.011773
v -0.101779 0.112674 0.018599
v -0.128898 0.052174 0.039406
v -0.153311 0.001632 -0.024681
v -0.148705 0.003479 -0.053758
v -0.119504 0.076543 -0.027398
v -0.099312 0.119245 -0.012350
v -0.147450 0.010868 -0.051134
v -0.130346 0.049370 -0.038216
v -0.134366 0.037676 -0.042460
v -0.097969 0.122824 0.015232
v -0.110771 0.096273 -0.021533
v -0.114530 0.084729 0.028110
v -0.129136 0.054858 -0.037557
v -0.131105 0.049082 0.041638
v -0.120686 0.071698 0.032928
v -0.139392 0.027559 -0.046080
v -0.146732 0.006903 0.055329
v -0.160375 -0.022273 0.068066
v -0.160930 -0.024960 -0.031472
v -0.161197 -0.034818 -0.069319
v -0.160971 -0.030848 -0.058934
v -0.159649 -0.039876 -0.071567
v -0.159490 -0.028058 0.068839
v -0.159601 -0.033350 -0.068074
v -0.161597 -0.023436 -0.023104
v -0.162351 -0.027103 -0.040947
v -0.149289 0.003364 0.058333
v -0.161268 -0.028782 -0.050321
v -0.140595 0.021269 -0.047991
v -0.132851 0.040061 0.043175
v -0.046275 0.122408 0.016088
v 0.098886 0.120304 0.016958
v 0.102839 0.108368 0.020972
v 0.108890 0.096437 0.025072
v -0.133823 0.040310 0.044216
v -0.147365 0.007226 0.056403
v 0.113342 0.085981 0.028540
v 0.055564 0.057688 0.038129
v 0.115387 0.080048 0.030363
v 0.120297 0.073266 0.033347
v 0.116615 0.075610 0.032041
v 0.121193 0.067877 0.033673
v 0.122578 0.062475 0.036482
v 0.133837 0.038226 0.044976
v -0.148927 0.002509 0.057937
v -0.108753 -0.021733 0.065823
v -0.159443 -0.022396 0.066338
v -0.003807 -0.021540 0.065880
v 0.125567 0.057225 0.037189
v 0.128568 0.053299 0.039422
v 0.143668 0.016966 0.052443
v 0.087125 -0.021474 0.065710
v 0.150890 -0.000012 0.057534
v 0.153468 -0.005897 0.060599
v 0.158828 -0.019738 0.063911
v 0.112102 0.092214 0.025778
v -0.129408 0.051922 0.039898
v -0.108783 0.095870 0.025335
v -0.102056 0.109593 0.020502
v -0.118545 0.073947 0.032794
v -0.132451 0.044703 0.042959
v -0.141277 0.023705 0.050058
v -0.116107 0.080413 0.030635
v -0.111235 0.089623 0.027279
v -0.106435 0.102378 0.022017
v 0.104561 0.107606 0.021030
v -0.097361 0.124204 0.014978
v 0.156433 -0.014610 0.061159
v 0.124296 0.062211 0.036887
v -0.145724 0.013113 0.051957
v -0.124187 0.065088 0.034464
v -0.048200 0.125075 0.015018
v 0.129237 0.050955 0.038324
v 0.132341 0.043405 0.042957
v 0.141533 0.024573 0.049041
v 0.076029 0.123447 0.014049
v 0.048807 0.124220 0.013718
v 0.047827 0.123702 0.015997
v -0.048293 0.380739 0.015938
v 0.072683 0.397409 0.015764
v 0.084554 0.423453 0.015932
v -0.050642 0.382264 0.015838
v -0.082628 0.419808 0.016009
v -0.064982 0.391978 0.015411
v -0.075779 0.404266 0.015905
v 0.074217 0.462155 0.016046
v 0.048987 0.484328 0.016087
v 0.076301 0.459358 0.015630
v 0.079930 0.449725 0.015757
v -0.080947 0.447879 0.015698
v 0.061999 0.479696 0.015945
v 0.041460 0.492324 0.015527
v 0.034677 0.496312 0.016076
v -0.048149 0.488847 0.015889
v -0.014656 0.499999 0.016052
v -0.079202 0.455448 0.015751
v -0.055374 0.483533 0.016053
v -0.034780 0.495393 0.015062
v 0.015651 0.499595 0.015088
v 0.070393 0.467110 0.015359
v -0.079222 0.411300 0.015691
v 0.051320 0.486042 0.015273
v 0.002794 0.500543 0.012693
v 0.081456 0.439631 0.014953
v 0.079741 0.414684 0.014912
v 0.045149 0.490208 0.015666
v -0.082155 0.437225 0.015098
v -0.057459 0.387721 0.014325
v 0.064124 0.475091 0.014666
v 0.084481 0.428790 0.015141
v -0.061970 0.389842 0.016087
v -0.065622 0.472321 0.014680
v -0.061051 0.478145 0.013586
v -0.074701 0.462535 0.016248
v 0.066388 0.472936 0.014951
v 0.083366 0.430439 0.015756
v -0.073352 0.397943 0.015071
v -0.062940 0.476205 0.014047
v -0.076674 0.405765 0.014381
v 0.056885 0.387033 0.015465
v 0.078503 0.456318 0.014941
v 0.101228 0.113916 0.016295
v 0.134731 0.038952 0.043122
v 0.136391 0.034069 0.044890
v 0.134220 0.043292 0.044109
v 0.148337 0.005490 0.054544
v -0.151768 -0.001531 0.058091
v 0.133966 0.043928 0.042221
v -0.159790 -0.027233 0.069739
v -0.160252 -0.046733 0.075150
v -0.022301 -0.024106 0.068629
v 0.087802 -0.024396 0.068752
v 0.161591 -0.023026 0.067997
v 0.157846 -0.047151 0.075262
v -0.159985 -0.030305 0.069708
v 0.159014 -0.050281 0.073979
v 0.141829 0.027475 0.045955
v 0.143290 0.019992 0.049575
v 0.159323 -0.049842 0.073891
v 0.160752 -0.047972 0.071610
v 0.160037 -0.049013 -0.060981
v 0.160731 -0.047999 -0.060236
v 0.159152 -0.049838 0.048679
v 0.008649 -0.049922 -0.072467
v 0.160031 -0.049886 -0.074779
v -0.158957 -0.049841 0.062342
v -0.159516 -0.050230 0.073944
v -0.001820 -0.050270 0.073934
v -0.160324 -0.049505 -0.074604
v -0.160092 -0.049061 0.064412
v -0.009960 -0.033845 -0.070619
v 0.159595 -0.048994 -0.074784
v -0.160038 -0.045446 -0.074262
v -0.158468 -0.034015 -0.070889
v 0.151338 -0.033855 -0.070542
v 0.159232 -0.044279 -0.073422
v 0.159556 -0.038928 -0.071140
v 0.159357 -0.033492 -0.070232
v -0.159669 -0.039728 -0.070655
v -0.159522 -0.035717 -0.068823
v -0.159742 -0.048914 -0.074134
v -0.136704 -0.481219 0.482744
v -0.133129 -0.481286 0.483357
v -0.135333 -0.487478 0.485018
v -0.156402 -0.043093 -0.013582
v -0.156276 -0.027632 0.063973
v -0.156994 -0.035772 0.066945
v -0.156047 -0.027886 -0.038995
v -0.156286 -0.042988 -0.060377
v -0.155424 -0.030999 -0.048627
v -0.155816 -0.034664 -0.064754
v -0.156021 -0.040313 -0.067559
v -0.155588 -0.044406 0.066112
v -0.155817 -0.031948 -0.061518
v -0.154944 -0.043740 0.049631
v -0.154387 -0.043427 0.042821
v -0.156155 -0.035132 0.064994
v -0.154229 -0.045659 -0.065017
v -0.155495 -0.044260 -0.004817
v -0.155523 -0.044234 -0.005463
v -0.154881 -0.043098 -0.061065
v -0.155967 -0.043367 -0.063944
v 0.025992 -0.033307 0.064987
v 0.048696 -0.032685 0.064490
v 0.054976 -0.035762 0.065633
v 0.027227 -0.031434 0.065097
v 0.055039 -0.038639 0.065614
v 0.052249 -0.042550 0.066069
v 0.022986 -0.037814 0.064615
v 0.021070 -0.032974 0.065105
v -0.016239 -0.033398 0.065177
v -0.005421 -0.036217 0.066166
v -0.012556 -0.036566 0.066004
v -0.016484 -0.029197 0.064069
v -0.054326 -0.040335 0.066392
v -0.023578 -0.032109 0.065229
v -0.028884 -0.032949 0.063799
v -0.038341 -0.035582 0.065508
v -0.071156 -0.034388 0.065957
v -0.041720 -0.032735 0.064360
v -0.057250 -0.037330 0.066340
v -0.016017 -0.027639 0.062799
v -0.059694 -0.039294 0.066802
v -0.082663 -0.034094 0.065569
v -0.100921 -0.041201 0.066366
v -0.094556 -0.042399 0.065757
v -0.104402 -0.037320 0.066401
v -0.092578 -0.031901 0.064614
v -0.129886 -0.031706 0.064554
v -0.091870 -0.028844 0.063949
v -0.104407 -0.027633 0.062717
v -0.108307 -0.040516 0.065858
v -0.102198 -0.042572 0.066091
v -0.085695 -0.027957 0.062800
v -0.079088 -0.032311 0.063729
v -0.035124 -0.032853 0.062438
v -0.000276 -0.039293 0.066801
v -0.110297 -0.029209 0.064056
v -0.112247 -0.027615 0.062696
v -0.156019 -0.026346 0.061956
v -0.146692 -0.027669 0.060515
v -0.138287 -0.031439 0.064779
v -0.017441 -0.036161 0.065803
v 0.064574 -0.027691 0.062726
v 0.055863 -0.032040 0.064605
v 0.062895 -0.038230 0.065850
v 0.083353 -0.040201 0.065508
v 0.088058 -0.042501 0.065878
v 0.066632 -0.028605 0.063739
v 0.090093 -0.039291 0.066976
v 0.127853 -0.036477 0.065831
v 0.119911 -0.032040 0.064892
v 0.115260 -0.028767 0.063999
v 0.092057 -0.029045 0.064143
v 0.117597 -0.027551 0.062834
v 0.111787 -0.040009 0.065916
v 0.148604 -0.040878 0.066442
v 0.107382 -0.042567 0.066059
v 0.090189 -0.041945 0.066559
v 0.136260 -0.036460 0.066097
v 0.142719 -0.036609 0.065314
v 0.141895 -0.032727 0.064285
v 0.134787 -0.033399 0.065262
v 0.124843 -0.030899 0.063498
v 0.121526 -0.029063 0.064143
v 0.151001 -0.027621 0.060229
v 0.149030 -0.031434 0.065304
v 0.155442 -0.036693 0.065013
v 0.151860 -0.037905 0.066527
v 0.156486 -0.040147 0.068127
v 0.152880 -0.041576 0.068054
v 0.156889 -0.044317 0.067951
v 0.154505 -0.045235 0.067535
v 0.146013 -0.036904 0.064259
v 0.147065 -0.033399 0.065179
v 0.104091 -0.041257 0.066666
v -0.128936 -0.035663 0.066603
v -0.147940 -0.042406 0.065952
v 0.031156 -0.039292 0.066821
v -0.150048 -0.037179 0.066077
v -0.155870 -0.035597 0.065246
v -0.155218 -0.042159 0.065976
v -0.149779 -0.040013 0.066889
v -0.151925 -0.037436 0.066197
v -0.131322 -0.037295 0.064876
v -0.136385 -0.034615 0.063286
v -0.009626 -0.027695 0.062684
v 0.129384 -0.033399 0.065264
v -0.035148 -0.033399 0.065102
v 0.155092 -0.026491 0.061751
v 0.054730 -0.034926 0.067671
v 0.048925 -0.032145 0.068341
v 0.056695 -0.031434 0.065164
v 0.022748 -0.036427 0.065912
v 0.026031 -0.033430 0.064490
v 0.025262 -0.039292 0.066804
v -0.023361 -0.036581 0.065995
v -0.016627 -0.034129 0.069597
v -0.023505 -0.031996 0.067150
v -0.015503 -0.039292 0.066823
v -0.011081 -0.039289 0.066837
v 0.055580 -0.038793 0.062913
v 0.062868 -0.038321 0.063686
v 0.058169 -0.041257 0.066611
v 0.129875 -0.037328 0.066454
v 0.128019 -0.033821 0.068499
v -0.108348 -0.040672 0.064120
v -0.042030 -0.032454 0.067134
v -0.035532 -0.032220 0.068043
v -0.043497 -0.035301 0.065398
v -0.071117 -0.034744 0.064261
v -0.080130 -0.031775 0.067504
v -0.082039 -0.034065 0.067262
v -0.091632 -0.032419 0.064820
v 0.148520 -0.040970 0.065067
v 0.143048 -0.036139 0.067963
v 0.146101 -0.037457 0.066090
v 0.146396 -0.034076 0.064767
v 0.152033 -0.038336 0.063066
v -0.133868 -0.035363 0.065241
v -0.129883 -0.031847 0.065835
v -0.128956 -0.035363 0.065204
v -0.138460 -0.031549 0.065886
v 0.021207 -0.033175 0.062971
v 0.023297 -0.029182 0.064051
v 0.026252 -0.032876 0.061562
v 0.121101 -0.032392 0.066430
v 0.132868 -0.029748 0.064242
v 0.125543 -0.030884 0.060830
v 0.088132 -0.031435 0.065183
v 0.092022 -0.029820 0.062691
v 0.096831 -0.033509 0.065365
v 0.087603 -0.028092 0.063311
v 0.058098 -0.041887 0.066130
v -0.128807 -0.041692 0.066328
v -0.152054 -0.038454 -0.058939
v -0.149314 -0.032321 -0.057203
v -0.146638 -0.033399 -0.057177
v -0.155071 -0.042855 -0.015995
v -0.147343 -0.028232 -0.042171
v -0.148919 -0.031193 -0.046293
v -0.155386 -0.043978 0.042853
v -0.155395 -0.044062 0.049639
v -0.150913 -0.037205 0.062945
v -0.155060 -0.040936 0.065933
v -0.147081 -0.028047 0.058237
v -0.152645 -0.037235 0.064977
v -0.147343 -0.027612 -0.008650
v -0.152825 -0.041900 -0.061705
v -0.152717 -0.044166 -0.065479
v -0.157191 -0.045429 -0.064822
v 0.118226 -0.042568 0.065688
v 0.151257 -0.042265 0.065873
v 0.026892 -0.038423 0.063924
v 0.018034 -0.030581 0.062442
v -0.026984 -0.032221 0.061601
v -0.021438 -0.027883 0.062392
v 0.013448 -0.029473 0.060887
v 0.022810 -0.027695 0.061075
v 0.009786 -0.031576 0.061864
v 0.050016 -0.042562 0.065512
v 0.049573 -0.035112 0.063061
v 0.026737 -0.029470 0.060921
v 0.028663 -0.027735 0.061080
v 0.036009 -0.038258 0.063789
v 0.054731 -0.034355 0.062788
v 0.131746 -0.028903 0.060827
v 0.086648 -0.031396 0.061717
v 0.081007 -0.034230 0.062444
v 0.079105 -0.039645 0.064356
v 0.054597 -0.041259 0.065074
v 0.127352 -0.027607 0.061071
v 0.095233 -0.030597 0.063556
v 0.089352 -0.033573 0.062282
v 0.104090 -0.034257 0.062696
v 0.149542 -0.032958 0.062478
v -0.034414 -0.034882 0.062865
v -0.090439 -0.042564 0.065641
v -0.085246 -0.031825 0.062062
v -0.027278 -0.029476 0.060997
v -0.031712 -0.031437 0.061883
v -0.063140 -0.031279 0.061938
v -0.069037 -0.031381 0.061914
v -0.096418 -0.039791 0.064465
v -0.057877 -0.034116 0.062952
v 0.149722 -0.036306 0.064052
v 0.152014 -0.042562 0.065284
v 0.151070 -0.037099 0.064245
v -0.147166 -0.028925 0.060077
v -0.151153 -0.036770 0.063196
v -0.151687 -0.037370 0.064818
v -0.152776 -0.040596 0.065186
v -0.132911 -0.037858 0.066302
v -0.116187 -0.034381 0.062591
v -0.096549 -0.042553 0.065672
v -0.101944 -0.039812 0.064464
v -0.119113 -0.031414 0.061940
v -0.072966 -0.034381 0.062749
v -0.027416 -0.032252 0.062756
v -0.066613 -0.030509 0.061901
v -0.101698 -0.034875 0.062655
v -0.090739 -0.041882 0.065726
v -0.107978 -0.033077 0.061543
v 0.026389 -0.038285 0.063973
v 0.029134 -0.031429 0.061869
v 0.049977 -0.041750 0.066450
v 0.074872 -0.042550 0.065726
v 0.091706 -0.032279 0.062163
v 0.098528 -0.031751 0.061915
v 0.111720 -0.031123 0.061750
v -0.021869 -0.042572 0.065661
v -0.015502 -0.042587 0.065653
v -0.015256 -0.039830 0.064424
v -0.130987 -0.037446 0.066286
v -0.128703 -0.037782 0.064960
v -0.151897 -0.038428 0.065454
v -0.130963 -0.037601 0.064081
v -0.131252 -0.035837 0.064202
v -0.151420 -0.037730 0.063066
v -0.149186 -0.040868 0.061187
v -0.144055 -0.030849 -0.034851
v -0.149227 -0.040896 -0.054568
v -0.145364 -0.037044 0.058674
v -0.144139 -0.031711 0.056657
v -0.145806 -0.037076 -0.052941
v -0.144317 -0.034663 -0.051739
v -0.143695 -0.030442 -0.024490
v -0.144360 -0.031512 -0.023309
v -0.148946 -0.044526 0.061656
v -0.150121 -0.044588 -0.054532
v 0.049768 -0.029994 -0.025986
v 0.009154 -0.030492 -0.025488
v -0.144513 -0.031144 0.056785
v -0.143562 -0.030891 -0.024271
v -0.144137 -0.030370 -0.034671
v 0.144111 -0.031189 0.056751
v 0.143549 -0.029966 -0.024910
v -0.070747 -0.029968 -0.036416
v 0.003519 -0.030072 -0.036709
v 0.090980 -0.030173 -0.036735
v 0.144027 -0.031793 -0.051044
v 0.143836 -0.030631 -0.037556
v 0.099782 -0.044208 0.061873
v -0.022369 -0.031821 0.056502
v -0.134228 -0.044176 0.061959
v -0.146490 -0.037799 0.058041
v -0.149748 -0.044266 0.061794
v -0.148215 -0.040808 0.059890
v 0.145116 -0.033394 0.057467
v 0.148561 -0.044171 0.062120
v 0.146746 -0.039309 0.060138
v -0.150225 -0.044723 0.005857
v -0.150352 -0.044823 -0.054716
v 0.149974 -0.045119 -0.054881
v 0.149737 -0.044835 0.062259
v 0.127865 -0.044712 0.011173
v -0.150375 -0.045016 0.060017
v -0.149481 -0.030724 -0.045677
v -0.147072 -0.027766 0.060975
v -0.156282 -0.026990 0.061225
v -0.155608 -0.031436 -0.048086
v -0.155700 -0.032013 -0.062113
v -0.138928 -0.031625 -0.061232
v -0.140836 -0.032334 -0.057474
v -0.131959 0.038447 -0.035348
v -0.124593 0.055112 -0.032937
v -0.116376 0.074299 0.028185
v -0.119673 0.066395 -0.028105
v -0.133816 0.033050 -0.039733
v -0.131303 0.040995 0.039288
v -0.135159 0.029257 0.043567
v -0.146990 0.001572 -0.017795
v -0.141608 0.013327 0.048351
v -0.144678 0.005185 0.051236
v -0.147089 0.002328 0.053036
v -0.155388 -0.020437 0.009242
v -0.131898 0.038405 -0.038307
v -0.136882 0.025190 -0.042644
v -0.141405 0.013523 -0.046620
v -0.141400 0.011403 -0.047558
v -0.152589 -0.014882 -0.015031
v -0.147685 -0.000461 -0.029984
v -0.145207 0.001671 -0.021928
v -0.144728 0.004669 -0.049576
v -0.147067 -0.000049 -0.051978
v -0.153081 -0.016065 0.059603
v -0.121705 0.062053 0.031578
v -0.111436 0.085142 -0.021269
v -0.114127 0.078051 -0.023700
v -0.102467 0.106232 -0.011870
v -0.100382 0.110043 -0.012142
v -0.099133 0.113652 0.014777
v -0.100687 0.107811 0.017574
v -0.102939 0.103234 0.019141
v -0.104244 0.096694 0.020390
v -0.151608 -0.010493 0.057861
v -0.149038 -0.005384 0.055601
v -0.118902 0.068262 0.029926
v -0.113814 0.079331 0.025896
v -0.105693 0.096064 -0.017497
v -0.103131 0.099617 -0.015440
v -0.116609 0.073913 -0.025043
v -0.125375 0.049902 -0.034010
v -0.138274 0.020326 0.046817
v -0.108538 0.087953 0.023025
v -0.109988 0.085038 0.024425
v -0.128816 0.046086 0.038126
v -0.148596 -0.005945 -0.016110
v -0.133198 0.029640 -0.040569
v -0.128091 0.042557 -0.035547
v -0.155611 -0.022645 -0.015025
v -0.156318 -0.022541 0.061381
v -0.116351 0.070804 -0.026369
v -0.097804 0.118353 -0.010433
v -0.102509 0.105569 -0.014903
v -0.146968 -0.004620 -0.043902
v -0.139298 0.016171 -0.046508
v -0.110896 0.082784 -0.022421
v -0.124215 0.056450 0.034355
v -0.130984 0.039341 -0.037422
v -0.116002 0.077418 -0.025635
v -0.094190 0.120677 -0.008944
v -0.136815 0.019645 -0.045095
v -0.116132 0.070421 -0.025840
v -0.113240 0.075635 -0.025408
v -0.119245 0.065322 -0.027076
v -0.117017 0.065442 -0.028217
v -0.117373 0.070907 -0.026912
v -0.149948 -0.005885 -0.013872
v -0.149457 -0.005611 -0.015904
v -0.149530 -0.004938 -0.016453
v 0.144993 -0.022770 0.057683
v 0.155044 -0.021703 0.055054
v 0.155153 -0.022704 -0.014991
v 0.110300 -0.025064 0.058136
v 0.113372 -0.021164 0.057825
v 0.106940 -0.022624 0.057975
v 0.154821 -0.022089 0.060024
v 0.013236 -0.022548 0.061967
v 0.025790 -0.022871 0.057672
v -0.144228 -0.022657 0.057854
v -0.145548 -0.022640 0.055015
v -0.147381 -0.022486 -0.014689
v 0.149877 -0.032619 -0.046293
v 0.149767 -0.032798 -0.056839
v 0.150383 -0.031592 -0.046654
v 0.153974 -0.027029 -0.024098
v 0.147715 -0.027945 -0.030185
v 0.155711 -0.027514 -0.017083
v 0.156974 -0.029412 -0.031297
v 0.155906 -0.027828 -0.026034
v 0.156600 -0.030247 -0.050150
v 0.156605 -0.028822 -0.020036
v 0.149355 -0.030875 -0.055068
v 0.144130 -0.032129 -0.061119
v 0.144313 -0.030926 -0.056936
v 0.149111 -0.029105 -0.036893
v 0.149301 -0.030165 -0.045089
v 0.152700 -0.027429 0.021130
v 0.149036 -0.026983 -0.006611
v 0.148059 -0.027589 -0.001455
v 0.148149 -0.027562 0.046658
v 0.154922 -0.028245 0.061901
v 0.148413 -0.027773 0.061064
v 0.148091 -0.027615 0.062782
v 0.067201 -0.027670 0.062715
v 0.009864 -0.027741 0.061117
v -0.081244 -0.027665 0.062721
v -0.146643 -0.027530 0.061055
v -0.150042 -0.027520 0.062748
v 0.149312 -0.026724 0.050441
v 0.153940 -0.026682 0.024555
v 0.151977 -0.026664 0.026518
v 0.152959 -0.029683 -0.036348
v 0.156839 -0.028782 -0.012861
v 0.149947 -0.031043 -0.043226
v -0.087839 0.119266 0.003905
v -0.060069 0.118360 0.001069
v -0.030700 0.120203 0.000307
v -0.070974 0.117865 0.000677
v -0.086581 0.117170 0.000829
v 0.021953 0.120397 0.000238
v 0.023379 0.121137 0.003870
v -0.092612 0.096709 -0.004453
v -0.090768 0.102667 -0.002100
v -0.088885 0.102024 -0.001867
v -0.098932 0.082633 -0.011067
v -0.096107 0.087706 -0.006985
v -0.095944 0.084834 -0.010645
v -0.094922 0.089091 -0.007306
v -0.128990 0.003612 -0.041451
v -0.129239 0.010159 -0.039368
v -0.134112 -0.002469 -0.043478
v -0.124819 0.021198 -0.034025
v -0.116518 0.040530 0.029499
v -0.107595 0.061285 0.025271
v -0.116387 0.039830 0.031247
v -0.120442 0.031557 0.034727
v -0.124178 0.023083 0.037149
v -0.127478 0.014514 0.040193
v -0.134295 -0.000962 0.046603
v -0.137305 -0.006866 0.049230
v -0.142712 -0.018527 0.054469
v -0.126433 0.016070 -0.037161
v -0.133914 0.000244 -0.016306
v -0.110525 0.055206 -0.020314
v -0.112812 0.049753 -0.022805
v -0.115982 0.041093 -0.026260
v -0.112767 0.048029 -0.024714
v -0.143875 -0.020763 0.032767
v -0.145466 -0.022687 -0.013212
v -0.133535 0.000838 -0.022212
v -0.134729 -0.000818 -0.025232
v -0.117503 0.036731 -0.027723
v -0.102435 0.073251 -0.014849
v -0.099217 0.082698 -0.010648
v -0.096898 0.088578 -0.008218
v -0.106683 0.063471 -0.019266
v -0.119395 0.032659 -0.029051
v -0.093501 0.099197 -0.003518
v -0.126324 0.018073 0.039999
v -0.137704 -0.007124 -0.015719
v -0.093447 0.094185 0.011392
v -0.092211 0.100921 0.009701
v -0.120437 0.025037 -0.031835
v -0.137123 -0.002866 -0.043307
v -0.091357 0.109120 0.006480
v -0.085561 0.115479 0.004713
v -0.138980 -0.010588 0.052640
v -0.087162 0.117436 0.000551
v -0.090650 0.104241 -0.003379
v -0.140445 -0.014042 0.053536
v -0.134657 -0.002884 -0.035963
v -0.103104 0.067605 -0.016245
v -0.087715 0.108768 -0.002039
v -0.145155 -0.022893 0.056807
v -0.093239 0.093893 -0.006297
v -0.094431 0.098296 -0.005794
v -0.099025 0.078124 -0.012096
v -0.108002 0.057212 0.026734
v -0.135997 -0.004506 -0.046103
v -0.120394 0.027939 0.035271
v -0.123783 0.023379 0.036218
v -0.126087 0.021741 0.040811
v -0.125589 0.012700 0.040639
v -0.127418 0.014961 0.039288
v -0.089411 0.115038 0.006046
v -0.088589 0.115679 0.003750
v -0.082543 0.120026 0.003977
v -0.041062 0.121261 0.004342
v -0.090448 0.109271 0.005987
v 0.111187 0.046848 0.030334
v 0.105555 0.062711 0.024890
v 0.099406 0.074125 0.020448
v 0.096660 0.078246 0.018866
v -0.109942 0.054769 0.027167
v 0.057243 0.107517 0.008187
v 0.090797 0.105446 0.008984
v 0.093730 0.094343 0.012476
v -0.072020 0.108760 0.007767
v -0.103720 0.068773 0.022263
v -0.099917 0.079027 0.018268
v -0.092308 0.101914 0.009911
v -0.094145 0.094680 0.011332
v -0.134490 -0.003057 0.049357
v -0.139663 -0.012933 0.053932
v -0.142383 -0.022863 0.057564
v 0.104165 0.067707 0.023131
v 0.108756 0.053019 0.028447
v 0.108074 0.057886 0.027551
v 0.110506 0.052090 0.028983
v -0.123823 0.020282 0.040206
v 0.026975 -0.023060 0.057325
v 0.117061 0.036842 0.034389
v 0.130390 0.001275 0.047558
v 0.112990 0.043364 0.032087
v 0.119137 0.031628 0.036615
v 0.123427 0.023152 0.038971
v 0.130377 0.005471 0.045594
v 0.135246 -0.004580 0.050047
v 0.136280 -0.009979 0.052293
v 0.134053 -0.000628 0.048904
v 0.102727 0.072083 0.021294
v 0.115283 0.040251 0.031577
v 0.097907 0.085850 0.016058
v 0.138982 -0.014211 0.054177
v 0.096371 0.088763 0.015196
v 0.113054 -0.022938 0.057423
v 0.140189 -0.018918 0.056068
v 0.088575 0.115424 0.005978
v 0.138207 -0.010020 0.053159
v 0.080663 0.119757 0.003700
v 0.038750 0.120700 0.004162
v 0.023964 0.120491 0.003937
v 0.144617 -0.021598 0.058086
v -0.128810 0.011892 0.041422
v -0.107719 0.059522 0.026885
v -0.144320 -0.022887 0.056418
v 0.084192 0.118074 0.003957
v 0.089697 0.110133 0.005990
v -0.121795 0.028896 0.035534
v 0.126602 0.013181 0.040622
v 0.125502 0.017118 0.040023
v -0.141867 -0.017186 0.054237
v 0.112660 -0.022821 0.058864
v -0.115722 0.039812 0.030017
v -0.132959 -0.001515 0.045889
v -0.135007 -0.004750 0.047529
v -0.137811 -0.007736 0.049111
v -0.032148 0.120903 0.012142
v -0.124445 0.054785 0.034924
v -0.020283 -0.022521 0.061978
v -0.137432 0.023450 0.046165
v -0.134869 0.030597 0.043575
v -0.094938 0.120312 0.011738
v -0.100297 0.107438 0.017054
v -0.128303 0.045870 0.037885
v -0.103920 0.097087 0.020686
v -0.099131 0.112073 0.015176
v -0.102608 0.102556 0.019160
v -0.109963 0.086539 0.022342
v -0.146553 0.001793 0.053067
v -0.142513 0.013167 0.049193
v -0.152136 -0.012500 0.058778
v 0.048337 -0.022474 0.061984
v 0.047395 0.120703 0.012081
v 0.036120 0.000128 0.054687
v 0.109726 0.085306 0.023979
v 0.108400 0.090566 0.023082
v 0.100883 0.101978 0.018951
v 0.115075 0.074785 0.027925
v 0.112685 0.079330 0.026446
v 0.120460 0.061642 0.032310
v 0.123004 0.056290 0.033067
v 0.139845 0.020124 0.046979
v 0.134572 0.028631 0.043552
v 0.143323 0.010680 0.049754
v 0.150901 -0.009709 0.057546
v 0.151447 -0.022460 0.061966
v 0.152212 -0.015936 0.059201
v -0.155603 -0.022615 0.061757
v 0.146481 0.000407 0.054000
v 0.144446 0.005842 0.050994
v 0.132761 0.032877 0.041277
v 0.131165 0.038925 0.039771
v 0.128172 0.047216 0.037576
v 0.125353 0.050763 0.035301
v 0.117409 0.066966 0.028715
v 0.116283 0.073118 0.029223
v 0.106639 0.092650 0.022349
v 0.105135 0.096438 0.019812
v 0.099736 0.107828 0.016146
v 0.097664 0.114165 0.013215
v 0.096033 0.119241 0.012905
v -0.118671 0.067262 0.029697
v 0.103930 0.101550 0.018801
v -0.149239 -0.005855 0.054967
v -0.140645 0.016248 0.046569
v -0.112091 0.082761 0.024093
v -0.145561 0.005758 0.051479
v 0.136966 0.024410 0.043595
v 0.154466 -0.021382 0.059264
v -0.106611 0.095831 0.021338
v 0.128774 0.042561 0.036899
v -0.113790 0.079953 0.025923
v -0.130983 0.041605 0.039735
v 0.140455 0.013852 0.046764
v -0.116135 0.073830 0.028435
v 0.131951 0.033137 0.042089
v 0.132554 0.032312 0.040433
v 0.133822 0.028097 0.043402
v 0.134907 0.027960 0.040976
v 0.103559 0.055075 0.022241
v 0.107486 0.059916 0.021072
v 0.105420 0.053307 0.022680
v 0.111412 0.042019 0.028367
v -0.105726 0.055201 0.022973
v 0.032327 -0.022677 0.052518
v 0.082528 0.068199 0.018265
v -0.109459 -0.022658 0.052385
v 0.012433 0.108314 0.003715
v -0.023864 0.108174 0.003770
v -0.055298 0.108239 0.003886
v -0.087290 0.108093 0.004257
v -0.093655 0.085089 0.011955
v -0.089047 0.097797 0.007583
v -0.097833 0.073778 0.015242
v -0.099675 0.070229 0.018318
v -0.103745 0.059033 0.021718
v -0.111665 0.041647 0.028411
v -0.117683 0.026386 0.034386
v -0.133057 -0.010802 0.048305
v -0.130816 -0.004194 0.044576
v -0.127217 0.006051 0.041752
v -0.132517 -0.006764 0.046381
v -0.134988 -0.015159 0.049522
v -0.123289 0.010450 0.040171
v -0.121229 0.017362 0.036762
v -0.115573 0.031961 0.031930
v 0.127036 0.003765 0.042250
v 0.086392 0.105683 0.005069
v 0.095556 0.077875 0.014353
v 0.107200 0.050642 0.024296
v 0.115281 0.031331 0.032433
v 0.113456 0.037226 0.029976
v 0.120573 0.014525 0.038397
v 0.139341 -0.022565 0.052741
v 0.131965 -0.003710 0.044425
v 0.133712 -0.008175 0.046415
v 0.136427 -0.016608 0.049511
v 0.128645 0.000574 0.043614
v 0.125269 0.011983 0.040492
v 0.118589 0.019514 0.036620
v 0.117350 0.025237 0.033770
v 0.109565 0.046456 0.026383
v 0.104771 0.055658 0.022578
v 0.099304 0.069088 0.017740
v 0.097462 0.072502 0.015902
v 0.093540 0.083497 0.012036
v 0.091843 0.090354 0.010392
v 0.088914 0.097672 0.008353
v 0.087811 0.100811 0.005404
v -0.137123 -0.018629 0.053220
v 0.120542 0.019243 0.036953
v -0.122226 0.014636 0.037376
v -0.136772 -0.016304 0.050812
v -0.089211 0.103375 0.005040
v -0.101993 0.062732 0.018307
v 0.134671 -0.012081 0.046739
v -0.109346 0.046899 0.025362
v 0.103218 0.060211 0.019465
v 0.086869 0.107909 0.003953
v 0.129133 -0.000145 0.042603
v -0.024782 -0.022736 -0.012383
v 0.070618 -0.022645 -0.012509
v 0.086268 -0.022550 -0.012621
v 0.139176 -0.022635 0.052263
v -0.092203 -0.022821 -0.009844
v 0.139299 -0.022767 -0.002435
v 0.135609 -0.021800 -0.013990
v -0.139750 -0.022592 0.052248
v -0.139908 -0.022646 0.000397
v -0.138266 -0.022375 -0.006779
v -0.138416 -0.021200 -0.013543
v 0.044548 -0.022501 -0.012697
v 0.090182 -0.021381 -0.013683
v 0.068026 -0.021582 -0.013707
v 0.046905 -0.021422 -0.013582
v 0.139264 -0.021035 -0.004448
v -0.113808 0.035986 0.029246
v -0.108441 0.049795 -0.018906
v -0.110403 0.045246 -0.020446
v -0.115729 0.031908 -0.025761
v -0.111482 0.040596 -0.022228
v -0.128415 0.002514 -0.018771
v -0.122388 0.014769 0.038152
v -0.130473 -0.000831 -0.017467
v -0.120958 0.015682 -0.031817
v -0.140195 -0.022610 0.016191
v -0.128916 -0.000689 0.043607
v -0.135184 -0.012985 -0.013629
v -0.128273 -0.000470 -0.028077
v -0.137753 -0.021694 -0.006760
v -0.130271 -0.003761 0.045181
v -0.119180 0.020777 -0.029747
v -0.105532 0.057193 0.022420
v -0.100486 0.068206 -0.012188
v -0.098310 0.073211 0.015826
v -0.099121 0.072867 -0.010600
v -0.120402 0.017513 0.036586
v -0.117145 0.027628 0.033398
v -0.114628 0.034907 0.030634
v -0.111909 0.043700 0.027509
v -0.102689 0.063538 0.019329
v -0.092937 0.087917 0.010956
v -0.094152 0.083721 -0.006753
v -0.095635 0.077682 -0.008172
v -0.101083 0.065654 0.019274
v -0.096510 0.078596 0.014566
v -0.123784 0.011040 -0.033547
v -0.132714 -0.011308 0.047452
v -0.091732 0.087735 -0.004276
v -0.091803 0.088900 0.009817
v -0.104984 0.052592 -0.017437
v -0.090666 0.094866 -0.002807
v -0.089326 0.099221 0.007026
v -0.129425 -0.003047 -0.038729
v -0.126580 0.004304 -0.036478
v -0.088205 0.104541 0.004383
v -0.138961 -0.021109 -0.013448
v -0.103881 0.060833 0.021860
v -0.131015 -0.006062 0.046006
v -0.123444 0.009117 0.039845
v -0.135494 -0.016884 -0.014175
v -0.130277 -0.002614 -0.036069
v -0.126786 0.001190 -0.037611
v -0.084883 0.101671 0.002427
v -0.087701 0.098881 -0.000950
v -0.135366 -0.014694 0.050352
v -0.136305 -0.019722 0.050821
v -0.123593 0.007985 -0.034550
v -0.085716 0.107746 0.002431
v -0.086613 0.107640 0.003353
v 0.051808 -0.027005 -0.009850
v 0.000151 -0.026399 -0.023352
v -0.063857 -0.026932 -0.009816
v -0.067019 -0.026530 -0.023054
v -0.082642 -0.026505 -0.023129
v 0.014429 -0.026488 -0.023845
v -0.060371 -0.026458 -0.023359
v -0.113710 -0.026580 -0.022861
v -0.095424 -0.026493 -0.022442
v -0.141891 -0.027385 -0.020417
v -0.133687 -0.026681 -0.021925
v 0.030310 -0.026485 -0.023643
v 0.110301 -0.026571 -0.022386
v 0.088958 -0.026948 -0.009802
v 0.141217 -0.026821 -0.012807
v 0.119564 -0.026563 -0.022841
v 0.128573 -0.026207 -0.021528
v 0.135520 -0.025744 -0.007446
v -0.086348 -0.026924 -0.008350
v -0.123437 -0.025910 -0.005656
v -0.103124 -0.027071 -0.007708
v -0.103683 -0.026970 -0.006104
v -0.135835 -0.026518 -0.003846
v -0.139689 -0.026522 -0.001533
v -0.141897 -0.026260 -0.004054
v 0.030271 -0.026630 -0.025338
v 0.014051 -0.025513 -0.026238
v 0.032700 -0.025894 -0.026755
v -0.063741 -0.026146 -0.023230
v -0.063845 -0.025834 -0.009798
v -0.103643 -0.026749 -0.007163
v -0.138053 -0.026852 -0.021734
v -0.123313 -0.026626 -0.005758
v -0.141826 -0.026325 -0.020024
v 0.135767 -0.026206 -0.007488
v 0.141246 -0.026086 -0.012941
v 0.117995 -0.026465 -0.022225
v 0.140832 -0.026513 -0.019027
v 0.095189 -0.026492 -0.023406
v -0.070770 -0.026987 -0.023328
v -0.113829 -0.025883 -0.022970
v -0.087805 -0.025526 -0.008011
v 0.030264 -0.026161 -0.025347
v 0.013880 -0.027278 -0.026673
v 0.032642 -0.027938 -0.026225
v -0.139615 -0.023405 -0.001975
v 0.089859 -0.026327 -0.008955
v -0.064690 -0.026531 -0.008833
v -0.136753 -0.004193 -0.017493
v -0.144286 -0.019833 -0.014881
v -0.153250 -0.016157 -0.015593
v -0.141479 -0.014832 -0.014932
v -0.155636 -0.022424 -0.014035
v -0.133893 0.001321 -0.019412
v -0.146566 0.001428 -0.018277
v -0.150746 -0.010517 -0.014308
v -0.138105 -0.008311 -0.013729
v -0.137403 -0.008711 -0.015819
v -0.142930 -0.015519 -0.014671
v -0.145140 -0.020965 -0.013312
v -0.134815 0.001472 -0.015854
v -0.133171 -0.001488 -0.017959
v -0.138404 -0.007336 -0.015504
v -0.137455 -0.004225 -0.016797
v 0.128326 0.001201 -0.018484
v -0.030015 -0.000560 -0.017870
v 0.132427 -0.009074 -0.016263
v -0.131936 -0.005960 -0.016592
v -0.136252 -0.017391 -0.014947
v -0.129667 -0.000834 -0.017371
v 0.130393 -0.003965 -0.016889
v 0.131461 -0.004643 -0.016787
v 0.137181 -0.016422 -0.016111
v -0.027889 -0.021381 -0.013601
v 0.044881 -0.021261 -0.011785
v -0.135846 -0.013115 -0.013833
v 0.134978 -0.011442 -0.015750
v 0.123301 0.000558 -0.019674
v -0.025103 -0.022327 -0.012259
v 0.021695 0.000627 -0.019645
v -0.152498 -0.021227 -0.019034
v -0.155575 -0.022809 -0.020069
v -0.145741 -0.020936 -0.029453
v -0.155445 -0.021885 -0.033095
v -0.153574 -0.021530 -0.018501
v -0.143738 -0.020521 -0.019067
v -0.144674 -0.019955 -0.026623
v -0.154763 -0.024073 -0.054140
v -0.141002 -0.027376 -0.057472
v -0.154975 -0.026178 -0.060892
v -0.149538 -0.027140 -0.054100
v -0.135645 -0.029203 -0.060678
v -0.135107 -0.027172 -0.062330
v -0.155330 -0.022232 -0.033882
v -0.151697 -0.010798 -0.041262
v -0.156797 -0.025392 -0.054189
v -0.150438 -0.009764 -0.020874
v -0.148868 -0.004548 -0.023021
v -0.149671 -0.009334 -0.042985
v -0.151708 -0.010671 -0.051646
v -0.155169 -0.022601 -0.019655
v -0.151828 -0.015837 -0.056847
v -0.148969 -0.006828 -0.020867
v -0.153667 -0.026418 -0.059638
v -0.155637 -0.023157 -0.052603
v -0.152593 -0.023897 -0.057250
v -0.149457 -0.005123 -0.022653
v -0.139929 -0.011686 -0.019980
v -0.139138 -0.008503 -0.020296
v -0.150720 -0.008986 -0.021750
v -0.153605 -0.020815 -0.021091
v -0.138821 -0.005790 -0.024286
v -0.144392 -0.021033 -0.025875
v -0.137784 -0.007545 -0.035362
v -0.138907 -0.010399 -0.047076
v -0.139560 -0.009457 -0.020528
v -0.138369 -0.004818 -0.022235
v -0.144903 -0.022932 -0.052658
v -0.140219 -0.009679 -0.042581
v -0.138385 -0.005447 -0.026661
v -0.145855 -0.022153 -0.028404
v -0.138140 -0.015255 -0.047049
v -0.132605 -0.006653 -0.034897
v -0.137298 -0.018621 -0.019464
v -0.132907 -0.008295 -0.040817
v -0.137092 -0.015195 -0.043981
v -0.137821 -0.020354 -0.024323
v -0.132678 -0.010045 -0.020671
v -0.129706 -0.005977 -0.024698
v -0.131463 -0.004680 -0.020925
v -0.139524 -0.022170 -0.046362
v -0.132407 -0.012101 -0.041698
v -0.137125 -0.021773 -0.040914
v -0.025620 -0.021385 -0.028296
v -0.138259 -0.020666 -0.024103
v -0.138487 -0.022842 -0.040985
v 0.035894 -0.023085 -0.045182
v 0.111177 -0.023070 -0.045050
v 0.138821 -0.022399 -0.038216
v 0.138025 -0.020138 -0.019677
v 0.134788 -0.021913 -0.045632
v -0.139311 -0.023008 -0.046487
v -0.139535 -0.021363 -0.043880
v 0.139497 -0.022739 -0.046458
v -0.084345 -0.022164 -0.045986
v 0.100738 -0.017812 -0.018635
v 0.118342 -0.019235 -0.019044
v -0.137247 -0.017628 -0.019201
v -0.078778 -0.021050 -0.045481
v -0.076498 -0.022898 -0.045351
v -0.065105 -0.024127 -0.045257
v 0.110132 -0.022728 -0.046386
v 0.138709 -0.020143 -0.032474
v 0.036878 -0.022584 -0.046172
v -0.063597 -0.022590 -0.046174
v -0.066605 -0.022588 -0.046179
v -0.126688 -0.017689 -0.018800
v -0.131029 -0.004075 -0.021449
v -0.135416 -0.014005 -0.020312
v -0.133418 -0.008880 -0.021071
v -0.135211 -0.018241 -0.018664
v -0.128464 -0.018401 -0.018761
v 0.132142 -0.007230 -0.020465
v 0.101547 -0.018805 -0.018559
v 0.118395 -0.018805 -0.019584
v 0.134986 -0.012473 -0.020397
v 0.136979 -0.016124 -0.020030
v -0.137733 -0.018560 -0.018579
v 0.131929 -0.004292 -0.021747
v 0.137676 -0.019127 -0.020176
v -0.138300 -0.009999 -0.047373
v -0.150210 -0.009229 -0.043173
v -0.139424 -0.009539 -0.042591
v -0.137311 -0.006440 -0.029306
v -0.149471 -0.004417 -0.022136
v -0.137214 -0.004469 -0.021995
v 0.139766 -0.010174 -0.047389
v 0.034993 -0.011017 -0.053882
v 0.151622 -0.011891 -0.054470
v 0.149547 -0.008296 -0.038640
v 0.139526 -0.008626 -0.044111
v 0.138859 -0.007518 -0.034732
v 0.149244 -0.005513 -0.028935
v 0.093286 -0.013511 -0.055843
v -0.052968 -0.010467 -0.047316
v 0.063673 -0.013922 -0.055300
v -0.073403 -0.013201 -0.055858
v 0.033801 -0.013190 -0.055858
v 0.154372 -0.018488 -0.057923
v 0.151874 -0.017748 -0.057735
v -0.003493 -0.005667 -0.045363
v 0.135874 -0.005446 -0.045547
v -0.148719 -0.005991 -0.053321
v -0.136032 -0.002584 -0.043853
v -0.147435 -0.003935 -0.044197
v -0.148034 -0.002475 -0.037913
v -0.147015 -0.000421 -0.029532
v -0.135220 -0.002685 -0.035894
v -0.146098 0.001628 -0.021849
v -0.142431 0.001062 -0.018981
v -0.135104 -0.000462 -0.025222
v 0.107985 -0.006057 -0.053146
v 0.138574 -0.005175 -0.041817
v 0.146789 -0.000475 -0.029626
v 0.133573 0.000017 -0.025148
v 0.146295 0.001230 -0.017820
v -0.133387 0.000719 -0.020141
v 0.146170 0.001573 -0.021911
v 0.147762 -0.003431 -0.045079
v -0.131469 -0.005888 -0.053042
v -0.146316 0.001833 -0.017839
v 0.131588 -0.003867 -0.021785
v 0.133642 -0.008555 -0.040656
v -0.013800 -0.008619 -0.040630
v -0.131490 -0.003987 -0.023724
v -0.132558 -0.008520 -0.040850
v -0.132105 -0.007163 -0.034530
v -0.131771 -0.006359 -0.026157
v 0.132156 -0.009382 -0.033959
v -0.130541 -0.004326 -0.021865
v 0.138481 -0.021015 -0.032795
v 0.136598 -0.014440 -0.043352
v 0.136750 -0.018471 -0.020240
v 0.138723 -0.020636 -0.022500
v 0.131289 -0.004686 -0.022494
v 0.132461 -0.008020 -0.033706
v 0.132445 -0.006478 -0.020072
v 0.139634 -0.022163 -0.039507
v 0.122338 0.000844 -0.019654
v 0.129893 -0.003181 -0.036072
v 0.127793 0.000902 -0.021231
v 0.129173 -0.000679 -0.028687
v -0.128106 0.000830 -0.019773
v -0.128621 -0.000201 -0.027789
v 0.125137 0.001540 -0.018473
v 0.127798 0.002239 -0.017733
v 0.127883 0.001770 -0.021421
v 0.036925 -0.031768 -0.050970
v 0.148781 -0.041446 -0.055067
v -0.146066 -0.036809 -0.053583
v -0.148466 -0.040383 -0.054852
v -0.149810 -0.041785 -0.054666
v -0.144884 -0.034297 -0.051546
v -0.144107 -0.031909 -0.050689
v -0.141003 -0.028659 -0.056212
v -0.002811 -0.025507 -0.055266
v 0.113647 -0.026220 -0.055370
v -0.147760 -0.026706 -0.055815
v 0.143429 -0.023557 -0.054302
v 0.143160 -0.029187 -0.056291
v 0.144654 -0.031462 -0.055903
v 0.080189 -0.039853 -0.058856
v -0.039354 -0.035842 -0.057063
v -0.141151 -0.031214 -0.056370
v -0.148429 -0.033756 -0.058092
v 0.149185 -0.032161 -0.056458
v -0.141304 -0.043112 -0.061178
v -0.150078 -0.042338 -0.062245
v 0.144564 -0.027214 -0.055206
v 0.149754 -0.024594 -0.053270
v -0.139561 -0.044150 -0.061873
v 0.152828 -0.040030 -0.060293
v 0.139410 -0.013891 -0.048182
v 0.138794 -0.011640 -0.046663
v 0.042427 -0.018744 -0.050080
v -0.141331 -0.017835 -0.050211
v -0.139453 -0.013319 -0.049079
v 0.148098 -0.043068 -0.062899
v -0.144877 -0.023495 -0.053200
v -0.152762 -0.042396 -0.063031
v 0.153726 -0.042319 -0.063247
v 0.147168 -0.044168 -0.064178
v 0.140242 -0.010438 -0.047418
v -0.148627 -0.031938 -0.056906
v -0.154491 -0.024260 -0.052340
v -0.153973 -0.026603 -0.053647
v 0.155129 -0.026449 -0.053455
v 0.155199 -0.023527 -0.053018
v -0.142140 -0.044568 -0.064499
v 0.130409 -0.044593 -0.064381
v 0.136728 -0.044369 -0.061818
v -0.150093 -0.041025 -0.062534
v -0.146990 -0.043900 -0.065149
v -0.151767 -0.039053 -0.064139
v 0.154155 -0.045233 -0.062428
v 0.155594 -0.039986 -0.065907
v 0.156001 -0.043663 -0.057506
v 0.005197 -0.032471 -0.061388
v -0.024887 -0.044694 -0.064701
v -0.070051 -0.030279 -0.060346
v -0.138982 -0.032128 -0.060588
v -0.146957 -0.043737 -0.065755
v 0.146076 -0.043201 -0.064771
v 0.131024 -0.029658 -0.060034
v -0.152110 -0.042856 -0.065227
v 0.133949 -0.027448 -0.061014
v 0.143247 -0.029489 -0.060064
v 0.155704 -0.036483 -0.064679
v -0.072617 -0.013094 -0.056113
v -0.128301 -0.012821 -0.056028
v -0.152566 -0.020864 -0.059345
v -0.152070 -0.016019 -0.056410
v -0.151872 -0.012437 -0.056143
v -0.154468 -0.024198 -0.059708
v 0.033143 -0.013075 -0.056172
v 0.063808 -0.013228 -0.056364
v 0.093355 -0.013213 -0.056655
v 0.151997 -0.012438 -0.056259
v 0.153846 -0.026233 -0.061349
v 0.153369 -0.018401 -0.057802
v -0.134711 -0.027815 -0.060617
v 0.155423 -0.042921 -0.065516
v -0.141462 -0.028988 -0.060463
v -0.135654 -0.028588 -0.059698
v -0.154905 -0.043295 -0.064609
v 0.146044 -0.044752 -0.064927
v -0.154680 -0.026913 -0.061621
v -0.155898 -0.035237 -0.065286
v -0.156115 -0.040660 -0.066229
v 0.035778 -0.023039 -0.045709
v -0.065069 -0.022895 -0.045842
v -0.077642 -0.023034 -0.046211
v 0.081943 -0.022638 -0.046263
v 0.109851 -0.022706 -0.045842
v -0.122014 -0.022566 -0.046398
v -0.133388 -0.011382 -0.042623
v -0.139093 -0.022554 -0.045181
v -0.135874 -0.015668 -0.042980
v 0.136853 -0.015769 -0.044029
v 0.134233 -0.022808 -0.045115
v -0.083961 -0.022736 -0.045573
v 0.138940 -0.022729 -0.045946
v -0.053965 -0.022674 -0.045135
v -0.069822 0.065642 -0.017432
v -0.087606 0.108512 -0.001577
v 0.136418 -0.005697 -0.045112
v 0.090601 0.105673 -0.002519
v 0.080906 0.071501 -0.015317
v 0.117097 0.033782 -0.030209
v 0.092151 0.101146 -0.004151
v 0.120884 0.027806 -0.032308
v -0.129249 0.004027 -0.041161
v -0.134448 -0.005298 -0.045623
v 0.130883 0.005658 -0.040340
v 0.124743 0.019301 -0.034923
v 0.116306 0.041134 -0.027708
v 0.108717 0.057113 -0.020105
v 0.097239 0.084968 -0.010184
v -0.122316 0.025827 -0.032943
v -0.090773 0.099150 -0.005087
v -0.095373 0.087039 -0.009303
v -0.099784 0.078540 -0.012681
v -0.104015 0.068467 -0.016682
v -0.102720 0.072922 -0.015291
v -0.106018 0.063103 -0.018690
v -0.117488 0.032985 -0.030405
v -0.109376 0.051790 -0.022820
v -0.115892 0.038401 -0.027884
v -0.125522 0.015689 -0.036385
v -0.111206 0.048377 -0.025050
v -0.114180 0.042844 -0.026449
v 0.103779 0.068768 -0.016735
v -0.108408 0.058217 -0.019344
v 0.113071 0.045012 -0.026623
v -0.089828 0.105460 -0.002821
v -0.134376 -0.000875 -0.043965
v -0.098910 0.081516 -0.010260
v -0.120537 0.030116 -0.030802
v -0.123977 0.022445 -0.032792
v 0.129202 0.010207 -0.039682
v 0.086108 0.117009 0.000364
v 0.068899 0.119081 0.000874
v -0.026728 0.119826 0.000635
v 0.021846 0.120141 0.000529
v -0.065837 0.118288 0.000448
v -0.036506 0.120102 0.000281
v -0.127374 0.011145 -0.038019
v -0.093778 0.094018 -0.006433
v 0.116823 0.036705 -0.027174
v -0.093218 0.097305 -0.004463
v 0.038004 0.119926 -0.000094
v 0.127682 0.014225 -0.035524
v 0.107480 0.063827 -0.017825
v 0.136211 -0.003399 -0.035082
v 0.138169 -0.005152 -0.041270
v 0.134604 -0.001675 -0.028934
v 0.130331 0.006812 -0.039768
v 0.136235 -0.001613 -0.041772
v 0.136564 -0.004968 -0.045302
v 0.127541 0.011447 -0.037210
v 0.028539 0.107613 0.002876
v 0.091765 0.087752 -0.004963
v 0.087547 0.094624 -0.002719
v -0.120068 0.021859 -0.030149
v -0.090395 0.093524 -0.002666
v -0.092642 0.088621 -0.004411
v -0.102256 0.062689 -0.014817
v -0.105953 0.053214 -0.018814
v -0.117979 0.026893 -0.027991
v -0.127332 0.001465 -0.038312
v -0.126576 0.004905 -0.036681
v -0.124263 0.007654 -0.034045
v -0.123696 0.010499 -0.033847
v -0.121260 0.016040 -0.032195
v -0.115764 0.031117 -0.025970
v -0.113078 0.038722 -0.023583
v -0.110054 0.045887 -0.019660
v -0.100245 0.068456 -0.012664
v -0.098108 0.072257 -0.009511
v -0.097228 0.074412 -0.010030
v -0.096456 0.078472 -0.008235
v -0.088886 0.097578 -0.001358
v -0.056349 0.107917 0.002363
v -0.086353 0.103727 0.001984
v -0.023851 0.108101 0.002412
v 0.012150 0.107868 0.002434
v 0.013164 0.109228 0.003086
v 0.085890 0.104590 0.000979
v -0.121110 0.010365 -0.034659
v 0.076959 -0.001709 -0.039236
v 0.096474 0.075886 -0.009287
v 0.099029 0.070287 -0.011897
v 0.101119 0.064281 -0.013757
v 0.104065 0.057349 -0.016699
v 0.105765 0.052841 -0.018697
v 0.107674 0.047579 -0.020917
v 0.108799 0.043317 -0.022225
v 0.112442 0.039792 -0.023628
v 0.122429 0.017246 -0.031607
v 0.116484 0.028974 -0.027483
v 0.124295 0.012896 -0.033563
v 0.129905 -0.003437 -0.039081
v 0.027482 0.109269 0.003020
v -0.130302 -0.003485 -0.038816
v 0.091182 0.092564 -0.004175
v -0.055077 0.108770 0.002979
v 0.085182 0.107726 0.002519
v 0.102872 0.061741 -0.015268
v -0.123481 0.012627 -0.033459
v 0.120173 0.020473 -0.028803
v -0.110890 0.040392 -0.020780
v 0.127535 0.004300 -0.036425
v 0.124686 0.008651 -0.033096
v -0.116397 0.031067 -0.026639
v -0.043558 0.491596 -0.012053
v -0.043750 0.491757 -0.013321
v -0.032513 0.495790 -0.011829
v 0.047668 0.123340 -0.013759
v 0.047823 0.381064 -0.014106
v 0.062229 0.390177 -0.013520
v 0.076563 0.405324 -0.013894
v 0.072481 0.397963 -0.012335
v 0.083817 0.429933 -0.013875
v 0.082236 0.439574 -0.013988
v 0.074576 0.461149 -0.013759
v 0.067413 0.466936 -0.014136
v 0.067581 0.468458 -0.013957
v 0.064572 0.475039 -0.013522
v 0.049654 0.487558 -0.013186
v 0.037979 0.494628 -0.013957
v -0.000296 0.501688 -0.013945
v -0.048346 0.380736 -0.014111
v -0.014529 0.500391 -0.014118
v -0.058156 0.387543 -0.013559
v -0.062091 0.390252 -0.013607
v -0.079322 0.455450 -0.014037
v -0.083941 0.429473 -0.013968
v -0.078653 0.411123 -0.013520
v -0.068381 0.394651 -0.014145
v -0.080757 0.415128 -0.013229
v -0.071005 0.467386 -0.013544
v -0.080741 0.447192 -0.013111
v 0.025139 0.497472 -0.013327
v -0.050856 0.382554 -0.013080
v -0.072182 0.396184 -0.013997
v 0.084205 0.423985 -0.012903
v -0.082455 0.420950 -0.013033
v -0.076509 0.406898 -0.013222
v -0.098154 0.120463 -0.013927
v 0.124636 0.058021 -0.035842
v -0.133264 0.039750 -0.042211
v -0.135740 -0.007652 -0.059207
v -0.144357 0.017583 -0.049824
v -0.107114 0.095568 -0.022733
v -0.101859 0.111689 -0.016837
v -0.139713 0.027283 -0.046455
v -0.112662 0.089006 -0.024948
v -0.124724 0.060469 -0.034742
v -0.128612 0.051344 -0.038116
v -0.141252 0.021999 -0.048909
v -0.136948 0.032889 -0.044029
v -0.119910 0.071865 -0.030489
v -0.113706 0.083953 -0.026623
v 0.112707 0.085638 -0.026017
v 0.106914 0.097232 -0.022224
v 0.119129 0.073733 -0.030313
v 0.131234 0.045112 -0.040361
v 0.141251 0.021525 -0.048529
v 0.135266 0.033352 -0.042133
v 0.150544 0.000460 -0.055710
v 0.052561 -0.007807 -0.058932
v -0.148118 0.004661 -0.054495
v 0.153876 -0.007647 -0.058966
v 0.133365 0.039088 -0.042214
v 0.117327 0.078902 -0.028856
v 0.111658 0.090343 -0.024941
v 0.101950 0.112111 -0.016811
v 0.099382 0.118325 -0.014645
v 0.061053 0.480413 -0.013496
v 0.115210 0.082493 -0.025674
v 0.128104 0.055192 -0.037665
v -0.118726 0.077834 -0.030108
v -0.106598 0.101515 -0.021807
v -0.081989 0.437753 -0.012363
v -0.097139 0.124968 -0.011161
v 0.097235 0.124183 -0.012169
v 0.085053 0.124631 -0.011390
v -0.149186 -0.002149 -0.055960
v -0.132619 0.044175 -0.038269
v -0.135812 0.036620 -0.041880
v 0.077378 0.457750 -0.012862
v 0.110224 0.094781 -0.022777
v -0.103950 0.109253 -0.015952
v -0.084297 0.425313 -0.012042
v 0.067808 0.470975 -0.013009
v -0.105370 0.106447 -0.017504
v 0.081458 0.417039 -0.014256
v -0.154556 -0.007687 -0.059184
v 0.139524 0.027445 -0.047158
v -0.065342 0.392080 -0.013514
v 0.013706 0.500152 -0.012855
v -0.138745 0.031450 -0.045022
v 0.055453 0.385926 -0.013173
v -0.116663 0.081413 -0.025952
v 0.145454 0.014305 -0.050359
v -0.145971 0.012547 -0.049647
v -0.067489 0.393623 -0.013063
v -0.049634 0.124920 -0.011300
v 0.049730 0.124824 -0.011120
v 0.049036 0.379688 -0.012055
v 0.048145 0.380637 -0.014414
v 0.053076 0.384334 -0.013276
v 0.118585 0.062733 -0.029980
v 0.115341 0.072707 -0.026468
v 0.105239 0.095504 -0.018647
v 0.103244 0.100181 -0.015777
v -0.142370 0.010831 -0.048149
v -0.136865 0.020554 -0.044674
v -0.139307 0.015700 -0.045970
v -0.129786 -0.005823 -0.053675
v -0.147191 -0.000544 -0.051647
v 0.111181 0.083605 -0.021581
v 0.108899 0.088758 -0.020961
v 0.117704 0.066983 -0.028419
v 0.109274 -0.005881 -0.053884
v 0.125087 0.050539 -0.034204
v 0.123044 0.055161 -0.031804
v 0.128402 0.040407 -0.037760
v 0.133830 0.031790 -0.040772
v 0.131074 0.038138 -0.037698
v 0.127368 0.044882 -0.036306
v 0.137043 0.021140 -0.043539
v 0.143842 0.008127 -0.049049
v 0.148348 -0.003904 -0.053458
v -0.113357 0.078203 -0.024476
v -0.134288 0.029607 -0.041224
v -0.110834 0.083235 -0.022831
v -0.099328 0.113781 -0.012085
v 0.095045 0.117358 -0.010568
v -0.096885 0.118150 -0.010025
v -0.101993 0.105580 -0.014291
v -0.122174 0.060743 -0.029906
v -0.131421 0.038525 -0.037914
v -0.145442 0.005635 -0.049672
v -0.128662 0.046951 -0.035622
v -0.125028 0.050747 -0.034098
v -0.124326 0.054867 -0.033349
v -0.117240 0.066352 -0.028600
v -0.116538 0.071314 -0.026761
v -0.114451 0.074626 -0.024516
v -0.105541 0.096911 -0.018615
v 0.139507 0.015215 -0.045951
v -0.120089 0.065907 -0.028527
v 0.121970 0.059916 -0.030974
v 0.135690 0.027108 -0.044120
v 0.113931 0.078538 -0.023525
v -0.135970 0.026879 -0.042752
v -0.108475 0.089306 -0.020389
v 0.107517 0.090512 -0.018276
v -0.141213 0.012100 -0.044899
v 0.084662 0.120070 -0.008348
v 0.095003 0.119564 -0.009424
v -0.103789 0.100136 -0.014568
v -0.043893 0.120888 -0.008967
v -0.112524 0.082163 -0.022877
v -0.111375 0.087072 -0.022491
v -0.129651 0.043038 -0.035263
v -0.100140 0.109709 -0.011522
v 0.099448 0.111385 -0.011596
v -0.106493 0.096561 -0.017443
v -0.108111 0.092714 -0.017685
v -0.098979 0.123728 -0.009542
v -0.091411 0.124699 0.014686
v -0.098557 0.123383 0.014109
v -0.050033 0.124477 -0.011191
v -0.096502 0.124828 -0.010938
v -0.049067 0.125840 -0.011741
v -0.120878 0.070785 -0.027771
v -0.115287 0.080301 -0.025119
v -0.116805 0.078237 -0.027868
v -0.118902 0.072676 -0.029777
v -0.120096 0.069672 -0.029188
v -0.125303 0.058648 -0.032386
v -0.124603 0.059772 -0.034436
v -0.114142 0.085383 -0.027673
v -0.128575 0.054248 -0.037770
v -0.121835 0.066525 -0.034035
v -0.112727 0.087569 -0.023625
v -0.107412 0.095646 -0.023791
v -0.113779 0.089698 -0.021641
v -0.110652 0.095208 -0.020755
v -0.107214 0.100604 -0.021443
v -0.109462 0.099806 -0.020198
v -0.104886 0.107740 -0.016980
v -0.107896 0.105692 -0.017971
v -0.106187 0.107274 -0.015720
v -0.103612 0.110704 -0.015630
v -0.102149 0.112760 -0.017456
v -0.129550 0.048523 -0.037275
v -0.100020 0.119667 -0.011814
v -0.097173 0.120126 -0.011296
v -0.097451 0.125555 -0.011187
v -0.099092 0.124605 -0.009919
v -0.109141 -0.481235 0.483104
v -0.108784 -0.484248 0.480033
v -0.102472 -0.480992 0.479793
v -0.110583 -0.484538 0.483280
v 0.021512 0.120419 0.001084
v -0.047560 0.120832 0.012469
v -0.029313 0.120852 0.000408
v -0.035295 0.120866 -0.001584
v -0.094551 0.120887 -0.008884
v 0.019816 0.121220 -0.001571
v 0.045124 0.120826 -0.008957
v 0.039560 0.120818 -0.001684
v 0.046602 0.120782 0.012046
v 0.084837 0.119893 -0.009111
v 0.095365 0.118833 -0.008983
v 0.084767 0.120197 0.012808
v 0.077495 0.120789 0.012330
v 0.024999 0.120568 0.005680
v -0.005943 0.120650 0.011861
v -0.093894 0.120851 0.012220
v 0.043468 0.119974 -0.009882
v -0.041231 0.119907 -0.009853
v 0.019679 0.119997 0.000094
v 0.020370 0.121114 -0.001742
v 0.039750 0.121991 -0.001129
v -0.028961 0.120266 0.000175
v -0.027955 0.120658 -0.001406
v -0.034393 0.120238 0.000194
v -0.115873 0.041054 -0.025243
v -0.116248 0.045488 -0.027711
v -0.117089 0.037104 -0.026752
v -0.116086 0.038758 -0.028647
v -0.117344 0.031016 -0.029229
v -0.119397 0.032246 -0.028611
v -0.113926 0.044320 -0.027581
v -0.111904 0.048629 -0.026016
v -0.122394 0.027304 -0.029477
v -0.123291 0.027473 -0.032526
v -0.113243 0.050713 -0.023018
v -0.109992 0.054763 -0.020030
v -0.108731 0.051472 -0.022100
v -0.108475 0.058483 -0.019916
v -0.067315 0.394356 -0.013139
v -0.072052 0.395836 -0.013291
v -0.061417 0.388981 -0.013206
v -0.062640 0.390286 0.015298
v -0.056905 0.386862 0.015149
v -0.048657 0.381245 0.015504
v -0.056293 0.387116 -0.013378
v -0.048107 0.381336 -0.013417
v -0.076181 0.404967 0.015003
v -0.082974 0.420701 0.015374
v -0.078571 0.410162 0.015550
v -0.084923 0.424781 -0.013175
v -0.081096 0.419328 -0.013244
v -0.079319 0.411461 -0.013459
v -0.081093 0.414395 0.015450
v -0.084775 0.424362 -0.002410
v -0.084288 0.425276 0.014593
v -0.048805 0.125740 -0.011259
v -0.048491 0.125720 0.015517
v -0.048841 0.382591 -0.013065
v -0.048247 0.123624 -0.013630
v -0.076926 0.416787 0.012135
v -0.044503 0.382741 0.011848
v -0.044451 0.125792 0.011790
v 0.043887 0.382576 0.012069
v 0.074534 0.410761 0.012063
v 0.080451 0.424644 0.011642
v 0.077647 0.439674 0.011261
v 0.076315 0.449643 0.011357
v 0.052557 0.388522 0.011820
v 0.041934 0.127637 0.012150
v 0.068347 0.464038 0.011938
v 0.074550 0.455314 0.011605
v 0.062148 0.471944 0.011204
v 0.057350 0.478444 0.011809
v 0.053238 0.480320 0.011708
v 0.044021 0.486249 0.011851
v 0.034589 0.492044 0.011128
v 0.014141 0.495767 0.011781
v 0.004717 0.497625 0.011663
v -0.025644 0.494120 0.012130
v -0.044330 0.486331 0.011919
v -0.058601 0.392372 0.011705
v -0.072533 0.405900 0.012078
v -0.061099 0.473231 0.011881
v -0.073507 0.457484 0.011936
v -0.078572 0.420671 0.011427
v -0.078370 0.437777 0.011206
v 0.057738 0.392375 0.011296
v -0.066268 0.466160 0.011467
v 0.026523 0.493275 0.011695
v 0.045542 0.384298 0.011130
v 0.070521 0.401080 0.011300
v -0.055487 0.390106 0.011056
v -0.005141 0.496999 0.010713
v -0.048851 0.482698 0.011085
v 0.072194 0.457463 0.010988
v -0.063799 0.395898 0.011686
v 0.047279 0.484306 0.011274
v -0.077179 0.446838 0.011340
v 0.064025 0.468767 0.010530
v -0.067075 0.397991 0.011325
v -0.045920 0.384586 0.010372
v -0.051809 0.387434 0.012141
v -0.054397 0.480021 0.012168
v -0.070412 0.400214 0.011984
v -0.036182 0.125650 0.009925
v -0.018451 0.124917 0.009850
v -0.080380 0.425565 0.011211
v 0.079354 0.429588 0.010731
v -0.016040 0.495374 0.010678
v -0.067827 0.464220 0.010978
v 0.025010 0.494245 0.011096
v -0.066851 0.465702 -0.009243
v -0.076610 0.451389 -0.008621
v -0.067687 0.464969 0.011271
v -0.061435 0.473186 0.011371
v -0.060079 0.475198 -0.009761
v -0.076119 0.450953 0.009794
v -0.045172 0.486377 0.011488
v -0.037750 0.491133 -0.009420
v -0.055814 0.477288 -0.009129
v -0.054657 0.479223 0.011539
v -0.071376 0.402841 -0.007834
v -0.072818 0.410599 -0.008895
v -0.070435 0.403155 -0.009146
v -0.075037 0.411271 -0.007851
v -0.051678 0.387039 -0.009372
v -0.044668 0.383865 -0.009682
v -0.052653 0.389339 0.011313
v -0.068505 0.398968 -0.009149
v -0.058961 0.391598 0.011612
v -0.063210 0.395489 -0.009301
v -0.057338 0.391719 -0.009316
v -0.068592 0.398112 0.011344
v -0.048220 0.383668 0.011885
v -0.062403 0.396493 0.011186
v -0.044433 0.125887 -0.009844
v -0.071248 0.403284 0.011165
v -0.074804 0.411114 0.011169
v -0.079124 0.419994 0.011598
v -0.076725 0.418441 -0.009268
v -0.080385 0.426282 -0.009028
v -0.074231 0.411691 -0.008559
v -0.069644 0.403075 -0.008082
v -0.076032 0.416103 0.011613
v -0.076015 0.451356 -0.008428
v -0.075985 0.448719 -0.009116
v -0.078038 0.437369 -0.009210
v -0.074038 0.454509 0.010819
v -0.066022 0.472657 0.015452
v -0.063637 0.477354 -0.006941
v -0.059568 0.480924 0.014999
v -0.043166 0.491430 -0.012380
v -0.047074 0.488801 0.014993
v -0.034710 0.494594 0.014930
v -0.036058 0.496145 0.004662
v -0.078716 0.455231 0.015249
v -0.078574 0.454791 -0.013111
v -0.069663 0.467794 -0.013047
v -0.081398 0.446775 -0.001876
v -0.025836 0.497295 0.015003
v -0.064023 0.476753 -0.011769
v -0.060782 0.480264 -0.013325
v -0.035687 0.496126 -0.012385
v -0.024303 0.498529 0.012706
v -0.030102 0.497490 0.004877
v -0.014074 0.500288 -0.013216
v -0.017298 0.499896 0.012780
v 0.000599 0.502618 0.004047
v -0.000996 0.501638 0.014519
v -0.020004 0.499535 0.015389
v -0.032618 0.497000 -0.013328
v -0.000830 0.502653 -0.008691
v -0.031189 0.495674 -0.002036
v -0.001987 0.501524 -0.013994
v -0.082177 0.437877 -0.013115
v -0.084551 0.425055 -0.012775
v -0.083043 0.436346 0.015516
v -0.083010 0.437391 0.007031
v -0.084174 0.425315 0.015057
v -0.084123 0.430976 0.003189
v -0.084087 0.431099 0.009635
v -0.084807 0.427219 -0.004259
v -0.061868 0.476766 0.015209
v -0.084958 0.424724 -0.008844
v -0.075189 0.462612 0.015624
v -0.067358 0.472328 -0.004976
v -0.035705 0.496291 0.009205
v 0.002014 0.502398 -0.011931
v -0.059801 0.476736 -0.012689
v -0.036336 0.496011 -0.005405
v -0.032561 0.498793 -0.013351
v -0.031833 0.497159 -0.001784
v -0.019186 0.499503 0.005645
v -0.019923 0.498614 0.015304
v -0.080348 0.452958 -0.007875
v -0.082797 0.438890 -0.007942
v -0.084755 0.424289 -0.002970
v 0.088873 -0.025969 -0.009770
v -0.016052 -0.026134 -0.009893
v 0.090583 -0.026709 -0.009868
v -0.065629 -0.026464 -0.009655
v -0.080071 0.429530 -0.010191
v -0.038622 0.490214 -0.009982
v -0.023157 0.494497 -0.009925
v 0.010783 0.495722 -0.009809
v -0.067402 0.465647 -0.009931
v -0.076474 0.449363 -0.009136
v -0.074951 0.411115 -0.009559
v -0.078686 0.438001 -0.009790
v -0.054679 0.479728 -0.009807
v 0.003878 0.497715 -0.009286
v 0.023632 0.494630 -0.010196
v 0.044148 0.486035 -0.009898
v 0.053512 0.480260 -0.009276
v 0.068318 0.463477 -0.009329
v 0.074556 0.455286 -0.009699
v 0.072341 0.457604 -0.009657
v 0.077961 0.439941 -0.010111
v 0.080491 0.424745 -0.009726
v -0.071106 0.402874 -0.009696
v -0.063770 0.395937 -0.009680
v -0.042680 0.385362 -0.010233
v 0.074281 0.410609 -0.009989
v -0.058502 0.392406 -0.009547
v 0.044001 0.382703 -0.009936
v 0.041939 0.128028 -0.010216
v 0.072447 0.405466 -0.009897
v 0.038114 0.489853 -0.009577
v -0.003503 0.497360 -0.009301
v 0.075894 0.449469 -0.008423
v 0.047858 0.483360 -0.009556
v -0.046407 0.384192 -0.009959
v -0.041164 0.124732 -0.008933
v 0.043422 0.124685 -0.009023
v 0.058634 0.477954 -0.010502
v -0.072408 0.407611 -0.008383
v -0.076920 0.417171 -0.009533
v -0.051515 0.387585 -0.009536
v -0.055336 0.390173 -0.009382
v -0.044219 0.382826 -0.009615
v -0.069078 0.399069 -0.009508
v -0.080095 0.425096 -0.007868
v 0.079407 0.429618 -0.008897
v 0.034622 0.492133 -0.008945
v 0.076307 0.416367 -0.008628
v 0.051465 0.388226 -0.008950
v -0.058221 0.474744 -0.007359
v 0.063489 0.396405 -0.009155
v 0.057279 0.392308 -0.008802
v 0.070509 0.401557 -0.009296
v -0.074983 0.454284 -0.009039
v -0.026887 -0.026831 -0.035841
v -0.026751 -0.026111 -0.037867
v -0.070565 -0.026608 -0.035907
v -0.072456 -0.027594 -0.038539
v -0.071655 -0.026564 -0.037882
v -0.026864 -0.027982 -0.036117
v -0.038010 -0.026459 -0.038300
v -0.054330 0.107850 0.003507
v -0.055924 0.108083 0.002606
v -0.023204 0.108549 0.002988
v 0.005198 0.124923 0.010172
v 0.043908 0.124890 0.010756
v -0.020649 0.124800 0.010311
v -0.036178 0.125506 0.011006
v -0.044197 0.125728 0.011473
v -0.043799 0.126029 -0.009036
v 0.042731 0.124522 -0.008912
v 0.043655 0.125499 -0.005898
v 0.002513 0.498474 -0.009103
v 0.013505 0.495357 0.011419
v 0.022200 0.495069 -0.009544
v 0.026039 0.493817 0.011441
v 0.034810 0.491213 -0.008603
v 0.031401 0.493180 0.007855
v 0.035193 0.494541 0.010250
v -0.006204 0.497228 0.011423
v 0.011002 0.494885 -0.009343
v -0.006322 0.497191 -0.009640
v -0.016554 0.495087 0.011088
v -0.034391 0.492171 0.011333
v -0.022830 0.107814 0.003472
v -0.024490 0.108040 0.002632
v 0.014119 0.108494 0.002998
v 0.014415 -0.023957 -0.036511
v 0.000092 -0.026558 -0.035887
v 0.015535 -0.028116 -0.037031
v -0.001800 -0.026573 -0.038283
v 0.021052 -0.480378 0.484938
v 0.024684 -0.478794 0.484890
v 0.016544 -0.480507 0.483539
v 0.086334 0.107672 0.003651
v 0.086360 0.107659 0.002566
v 0.028298 0.107896 0.003583
v 0.026576 0.108036 0.002582
v 0.048320 0.380510 -0.011619
v 0.048079 0.125714 -0.013639
v 0.047880 0.380765 0.015668
v 0.048048 0.125114 0.015560
v 0.047545 0.381166 -0.013417
v 0.055848 0.385628 -0.013592
v 0.056838 0.387643 0.015007
v 0.062725 0.390193 -0.013338
v 0.072797 0.397541 -0.012806
v 0.076376 0.404626 -0.013322
v 0.080886 0.416790 -0.013394
v 0.072942 0.397947 0.015264
v 0.080027 0.414223 0.015328
v 0.083958 0.424065 0.014578
v 0.084507 0.423798 -0.007674
v 0.082202 0.426072 0.005212
v 0.084882 0.426311 0.010802
v 0.038247 0.495120 0.015119
v 0.040232 0.493776 -0.013391
v 0.003403 0.500922 0.015330
v -0.000170 0.501050 -0.010292
v 0.015349 0.500272 -0.013213
v -0.001044 0.502653 0.014276
v 0.000504 0.502367 -0.014147
v 0.043533 0.491084 0.015471
v 0.061783 0.479942 0.015117
v 0.049424 0.487016 -0.012902
v 0.057585 0.482172 -0.013307
v 0.050647 0.484917 0.014643
v 0.061403 0.480419 -0.013069
v 0.064568 0.474234 -0.013113
v 0.065528 0.474487 0.015172
v 0.073676 0.462304 0.015269
v 0.077663 0.458789 0.015138
v 0.072179 0.464536 -0.012978
v 0.075275 0.460787 -0.013387
v 0.079298 0.453193 -0.013397
v 0.079801 0.450829 -0.012708
v 0.069097 0.466881 0.014970
v 0.079638 0.449787 0.015285
v 0.082015 0.439781 0.015389
v 0.083868 0.429421 -0.013207
v 0.082037 0.439253 -0.013163
v 0.085645 0.426939 0.008812
v 0.081404 0.425459 0.013896
v 0.082907 0.429318 0.015062
v 0.084680 0.424346 0.002943
v 0.081694 0.424114 -0.011772
v 0.051977 -0.481383 0.483075
v 0.053974 -0.481265 0.480450
v 0.051689 -0.487531 0.484130
v 0.037976 0.118102 0.000859
v 0.085242 0.115642 0.004894
v 0.089510 0.116999 0.005010
v 0.085890 0.114805 0.002427
v 0.079859 0.118885 0.004124
v 0.067615 0.119139 0.000914
v 0.038512 0.118486 0.000598
v 0.038798 0.121537 0.003772
v 0.073312 0.453892 0.011257
v 0.062370 0.471671 -0.009536
v 0.068586 0.463920 0.011292
v 0.064262 0.469024 0.011305
v 0.073855 0.456834 -0.009661
v 0.053987 0.479218 0.011138
v 0.077427 0.451347 -0.010454
v 0.076230 0.451127 0.009511
v 0.053728 0.479802 -0.009291
v 0.044331 0.485815 -0.009441
v 0.034441 0.491335 -0.008280
v 0.046160 0.485243 0.011422
v 0.033620 0.490511 0.010457
v 0.037235 0.489188 -0.009106
v 0.061470 0.396717 -0.008495
v 0.070116 0.400244 -0.007850
v 0.070852 0.401978 -0.009253
v 0.053911 0.390018 0.011289
v 0.046022 0.384526 0.011338
v 0.069578 0.399882 0.011309
v 0.057660 0.392238 -0.009485
v 0.051443 0.388628 -0.009302
v 0.062585 0.396971 -0.008197
v 0.069834 0.400811 -0.008102
v 0.044073 0.382161 0.011658
v 0.043362 0.124699 0.011112
v 0.044362 0.125423 0.009663
v 0.044048 0.128007 -0.009685
v 0.041698 0.125522 -0.008601
v 0.074285 0.410749 0.011450
v 0.073901 0.410740 -0.009426
v 0.079995 0.425923 0.011093
v 0.080086 0.424504 -0.009402
v 0.072072 0.405686 -0.009215
v 0.075780 0.415635 -0.009277
v 0.079579 0.429780 -0.009350
v 0.077510 0.439573 -0.009320
v 0.078105 0.439726 0.011470
v 0.075668 0.450977 -0.008582
v 0.076446 0.451470 0.011328
v 0.079506 0.431217 0.011588
v 0.039752 0.120625 0.005832
v 0.096474 0.124577 -0.009562
v 0.084314 0.124015 -0.011051
v 0.048079 0.125055 -0.011178
v 0.048676 0.125266 0.014372
v 0.075017 0.123493 0.014919
v 0.097752 0.122712 -0.011780
v 0.129998 -0.026016 -0.025673
v 0.129776 -0.026247 -0.026933
v 0.062359 -0.026190 -0.025581
v 0.061885 -0.026072 -0.026983
v 0.078766 -0.481207 0.480292
v 0.086926 -0.483678 0.481943
v 0.085066 -0.481270 0.482525
v 0.102056 0.064326 0.017675
v 0.103871 0.059053 0.020164
v 0.106794 0.051042 0.023295
v 0.107806 0.046796 0.024935
v 0.111033 0.040998 0.028025
v 0.123621 0.012668 0.038560
v 0.125089 0.008985 0.039847
v 0.131716 -0.004048 0.044118
v 0.138463 -0.021865 -0.002533
v 0.136996 -0.016298 -0.014906
v 0.128414 0.002194 -0.017984
v 0.129334 0.000266 0.043101
v 0.134967 -0.011998 0.047502
v 0.136134 -0.016316 0.049972
v 0.138890 -0.020589 -0.014824
v 0.126424 0.003380 0.042158
v 0.117535 0.025806 0.034449
v 0.114901 0.030811 0.031859
v 0.113036 0.036373 0.029982
v 0.110138 0.044780 0.026726
v 0.108180 0.050248 0.024677
v 0.095451 0.078294 0.014651
v 0.093407 0.083975 0.012606
v 0.117100 0.027955 -0.027868
v 0.112299 0.039172 -0.023102
v 0.106861 0.050982 -0.019412
v 0.101023 0.063866 -0.014290
v 0.098802 0.069667 -0.011625
v 0.091193 0.088863 -0.004302
v 0.091669 0.089511 0.010319
v 0.124988 0.009114 -0.033895
v 0.119677 0.019477 -0.029126
v 0.122358 0.016671 -0.031319
v 0.094861 0.079388 -0.007935
v 0.128531 0.000088 -0.027612
v 0.130789 -0.005983 -0.016418
v 0.129519 -0.003176 -0.038914
v 0.108678 0.044019 -0.021566
v 0.090081 0.094883 0.008185
v 0.087892 0.096965 -0.000714
v 0.102101 0.064018 0.019488
v 0.128330 0.004402 -0.036409
v 0.088158 0.100907 0.005987
v 0.085438 0.103379 0.001464
v 0.135163 -0.011285 -0.015305
v 0.085162 0.106619 0.003989
v 0.128335 -0.002354 -0.035896
v 0.102740 0.057932 -0.016124
v 0.104254 0.052723 -0.017444
v 0.130930 -0.009740 -0.013955
v 0.097154 0.072922 0.016541
v 0.090116 0.095315 -0.004428
v 0.087409 0.102117 0.000744
v 0.121511 0.027839 0.036841
v 0.125879 0.017507 0.040306
v 0.134030 0.000314 0.047796
v 0.135600 -0.004132 0.050466
v 0.138579 -0.009923 0.052636
v 0.144473 -0.022939 0.056562
v 0.124413 0.019812 -0.034947
v 0.120162 0.027487 -0.031503
v 0.116316 0.040758 -0.027117
v 0.111262 0.048682 -0.024387
v 0.127844 0.013664 -0.036131
v 0.134529 0.001203 -0.024066
v 0.139004 -0.010557 -0.015073
v 0.135677 -0.001316 -0.016916
v 0.105288 0.066286 0.023366
v 0.133174 0.000264 -0.017626
v 0.107174 0.062861 -0.017439
v 0.099679 0.078193 0.017628
v 0.101734 0.074626 0.019532
v 0.096853 0.088310 0.014572
v 0.104326 0.068130 -0.017017
v 0.111738 0.047995 0.031664
v 0.109787 0.053294 0.028674
v 0.114058 0.041104 0.032262
v 0.119604 0.032036 0.036749
v 0.107677 0.056433 -0.020325
v 0.116976 0.037000 -0.027611
v 0.141930 -0.016870 -0.015165
v 0.135473 -0.002958 -0.041768
v 0.134607 -0.000957 -0.028443
v 0.121871 0.023613 0.038765
v 0.091711 0.100770 -0.003818
v 0.130874 0.003615 0.046006
v 0.101193 0.071790 0.020102
v 0.091967 0.100303 0.010281
v 0.086285 0.115121 0.004620
v 0.127340 0.011941 0.042055
v 0.116152 0.036244 0.033884
v 0.089460 0.104554 -0.002157
v 0.087753 0.114650 0.001222
v 0.089430 0.104733 0.008375
v 0.139471 -0.006785 -0.016264
v 0.095779 0.089208 0.014579
v 0.094290 0.094767 0.013061
v 0.102059 0.068244 0.021334
v 0.086220 0.116662 0.001205
v 0.098537 0.084044 0.017277
v 0.106071 0.063338 0.025458
v 0.106493 0.058172 0.025594
v 0.099773 0.074867 0.022021
v 0.099444 0.078961 0.016153
v 0.101820 0.073462 0.018957
v 0.096969 0.077717 0.019160
v 0.102145 0.071903 0.020789
v 0.097358 0.083596 0.016659
v 0.129316 0.000242 0.044341
v 0.131355 0.003729 0.044351
v 0.132911 -0.000265 0.045846
v 0.133666 -0.000534 0.048394
v 0.130054 -0.027249 -0.025674
v 0.129779 -0.026908 -0.026870
v 0.062552 -0.026705 -0.025632
v 0.061932 -0.027061 -0.026984
v 0.061461 -0.026394 -0.026982
v 0.096455 -0.026422 -0.038281
v 0.114084 -0.026437 -0.037549
v 0.093189 -0.025565 -0.035911
v 0.131022 -0.025422 -0.036803
v 0.130671 -0.026340 -0.035920
v 0.109259 -0.027625 -0.037681
v 0.114005 -0.027374 -0.037624
v 0.097256 -0.027321 -0.038080
v 0.092473 -0.027925 -0.036753
v 0.321776 -0.479751 0.479954
v 0.339834 -0.479098 0.479485
v 0.367257 -0.481634 0.488690
v 0.364613 -0.480460 0.484658
v 0.297791 -0.480839 0.485004
v 0.302709 -0.480519 0.484521
v 0.310569 -0.478909 0.477571
v 0.297648 -0.480996 0.484002
v 0.286577 -0.479701 0.479482
v 0.252422 -0.480848 0.489184
v 0.280359 -0.478025 0.477966
v 0.368397 -0.479340 0.478573
v 0.366297 -0.480543 0.484163
v 0.366084 -0.480965 0.484957
v 0.396776 -0.479882 0.484410
v 0.395871 -0.479897 0.483584
v 0.395209 -0.478254 0.479223
v 0.398778 -0.478109 0.482607
v 0.421847 -0.479101 0.478540
v 0.419424 -0.480467 0.484306
v 0.429961 -0.478634 0.479361
v 0.435846 -0.483541 0.475375
v 0.302087 -0.476988 0.479242
v 0.262852 -0.480128 0.481681
v 0.254941 -0.479114 0.479914
v 0.256663 -0.478152 0.484031
v 0.222896 -0.479498 0.478661
v 0.227430 -0.481015 0.482168
v 0.207979 -0.482306 0.482820
v 0.202070 -0.480403 0.477456
v 0.205321 -0.479346 0.482695
v 0.445775 -0.483380 0.485280
v 0.472184 -0.482241 0.487976
v 0.179456 -0.480483 0.483352
v 0.459341 -0.482647 0.475581
v 0.186771 -0.479162 0.479244
v 0.180463 -0.478652 0.479351
v 0.169777 -0.483366 0.482951
v 0.247323 -0.484209 0.483641
v 0.229206 -0.482008 0.486940
v 0.241271 -0.483360 0.484181
v 0.226631 -0.480749 0.484263
v 0.212596 -0.481532 0.485255
v 0.210280 -0.480940 0.487598
v 0.204194 -0.481752 0.488736
v 0.197530 -0.480792 0.485245
v 0.189924 -0.479628 0.488231
v 0.161364 -0.481691 0.488761
v 0.164713 -0.482129 0.485789
v 0.116362 -0.481700 0.488756
v 0.110681 -0.482526 0.482759
v 0.116513 -0.481409 0.483317
v 0.111015 -0.476346 0.485051
v 0.116507 -0.481458 0.484815
v 0.116067 -0.485761 0.484783
v 0.118045 -0.480959 0.479061
v 0.119029 0.069181 -0.029252
v 0.121385 0.059871 -0.029412
v 0.100635 0.101037 0.018447
v 0.102870 0.101076 0.017183
v 0.100982 0.105597 0.016070
v 0.110788 0.084021 -0.022276
v 0.113771 0.079074 -0.023134
v 0.121768 0.061276 -0.029599
v 0.125645 0.051467 -0.035125
v 0.129499 0.038501 -0.037982
v 0.139809 0.016096 -0.046915
v 0.145125 0.005678 0.051467
v 0.142916 0.009821 0.049934
v 0.133637 0.033037 -0.036631
v 0.133425 0.033799 0.041269
v 0.130448 0.038456 0.039848
v 0.129411 0.043441 0.037926
v 0.135481 0.028991 0.041252
v 0.125884 0.051922 0.035317
v 0.125383 0.049672 0.036358
v 0.147070 0.001508 -0.017244
v 0.148786 -0.004582 -0.016917
v 0.152422 -0.013712 -0.015128
v 0.150337 -0.010180 -0.015180
v 0.155284 -0.022609 0.054154
v 0.139416 0.019362 0.046368
v 0.141053 0.014502 0.047703
v 0.136617 0.024518 0.044169
v 0.148571 -0.004185 0.055772
v 0.154435 -0.021745 0.060057
v 0.150882 -0.010262 0.057485
v 0.151657 -0.015861 0.059097
v 0.145308 0.000182 0.053565
v 0.146163 0.001325 -0.020220
v 0.148133 -0.002517 -0.037002
v 0.144409 0.006409 -0.048739
v 0.145239 0.004876 -0.050243
v 0.137185 0.022457 -0.044112
v 0.119733 0.065025 -0.028826
v 0.116346 0.074144 0.028147
v 0.103483 0.101231 -0.016591
v 0.117142 0.068218 0.030341
v 0.120063 0.061398 0.032110
v 0.112328 0.078968 0.026143
v 0.109238 0.085868 0.024305
v 0.099864 0.110579 -0.011945
v 0.096153 0.119223 -0.009093
v 0.097420 0.114171 0.013873
v 0.099372 0.108825 0.016684
v 0.101302 0.106046 0.016952
v 0.103734 0.102594 0.018438
v 0.106040 0.092068 0.021916
v 0.135446 0.028832 0.043218
v 0.133889 0.027570 -0.041391
v 0.109284 0.090991 -0.020672
v 0.106331 0.095729 0.020884
v 0.096282 0.116116 -0.010654
v 0.148507 -0.005199 -0.052555
v 0.123685 0.058110 0.034289
v 0.100984 0.107994 -0.014020
v 0.103912 0.095801 0.019782
v 0.115500 0.077349 -0.025664
v 0.104560 0.095320 -0.017997
v 0.122856 0.055673 -0.032105
v 0.152891 -0.002843 -0.016709
v 0.151347 0.000895 -0.017921
v 0.155532 -0.006274 -0.016667
v 0.158745 -0.018564 -0.013075
v 0.160808 -0.021797 -0.015890
v 0.151332 0.000631 0.057921
v 0.154099 -0.003363 -0.045630
v 0.137159 0.034141 -0.043310
v 0.147498 0.009633 0.054039
v 0.140742 0.026204 0.045729
v 0.142597 0.019751 0.049685
v 0.133301 0.043632 0.042295
v 0.127187 0.059335 -0.033677
v 0.130003 0.052265 0.038748
v 0.123005 0.068234 0.031713
v 0.118634 0.075878 -0.029254
v 0.112263 0.092193 -0.022884
v 0.102236 0.115063 0.017576
v 0.118085 0.078902 0.030525
v 0.111750 0.092871 0.025379
v 0.099529 0.119481 -0.014555
v 0.098426 0.123410 0.015217
v 0.127591 0.057459 0.036792
v 0.129886 0.049536 0.040394
v 0.156650 -0.013485 0.060893
v 0.136313 0.034488 0.045311
v 0.160965 -0.024017 0.067297
v 0.154074 -0.002727 -0.036384
v 0.125139 0.060739 0.036195
v 0.152578 -0.005559 0.060173
v 0.143153 0.016718 0.052100
v 0.158704 -0.014777 -0.014748
v 0.101208 0.114539 -0.016130
v 0.112687 0.087966 0.027066
v 0.098204 0.123179 -0.012877
v 0.158581 -0.019156 0.065936
v 0.154232 -0.006555 -0.053755
v 0.148284 0.005308 0.055241
v 0.114464 0.083792 0.027497
v 0.153446 -0.000727 -0.030834
v 0.140448 0.024382 0.048723
v 0.129916 0.047471 -0.037828
v 0.120398 0.067669 0.033710
v 0.104161 0.109615 0.021320
v 0.116197 0.078985 -0.027354
v 0.141376 0.023680 -0.048368
v 0.097904 0.119878 0.016354
v 0.129317 0.055469 0.039679
v 0.161040 -0.048407 0.070053
v 0.160865 -0.031884 -0.059263
v 0.161615 -0.030502 -0.057393
v 0.159698 -0.048090 -0.058950
v 0.160672 -0.033235 -0.066622
v 0.159444 -0.048804 -0.074036
v 0.160037 -0.038773 -0.071397
v 0.160702 -0.046790 0.071179
v 0.159926 -0.030905 0.069501
v 0.162617 -0.027236 -0.040831
v 0.108070 0.095821 0.024285
v 0.158979 -0.033789 -0.069934
v 0.159694 -0.049201 0.074379
v 0.158316 -0.044724 -0.072885
v 0.154140 0.001809 -0.025845
v 0.142161 0.017112 -0.049997
v 0.159299 -0.041971 0.073162
v 0.124927 0.056794 -0.035111
v 0.106859 0.097868 -0.022745
v 0.115224 0.080511 0.030920
v 0.118166 0.079226 0.031272
v 0.115062 0.084182 0.027134
v 0.113866 0.086772 0.029478
v 0.114081 0.088829 0.028139
v 0.134296 0.034503 -0.043979
v 0.136342 0.033893 -0.042444
v 0.132797 0.039498 -0.041235
v 0.137968 0.032856 -0.045001
v 0.131489 0.047571 -0.038327
v 0.130885 0.050294 -0.040847
v 0.112020 0.085255 -0.024323
v 0.111936 0.092305 -0.022500
v 0.115748 0.083073 -0.027114
v 0.111238 0.095462 -0.024825
v 0.124473 0.057549 0.038285
v 0.126497 0.061977 0.038360
v 0.125075 0.063169 0.037443
v 0.127974 0.056923 0.038378
v 0.117354 0.078656 0.031131
v 0.119755 0.073849 0.031823
v 0.132626 -0.026530 -0.037132
v 0.110456 -0.006150 -0.054163
v 0.147982 -0.007083 -0.053172
v 0.149357 -0.007327 -0.054146
v 0.149231 -0.006837 -0.053642
v 0.110174 -0.006580 -0.054032
v 0.149197 -0.005987 -0.053014
v 0.110083 -0.006953 -0.053447
v 0.149220 -0.006425 -0.054091
v 0.145136 -0.483212 0.480481
v 0.148835 -0.481222 0.480927
v 0.144309 -0.481207 0.483637
v 0.147827 -0.029574 -0.031569
v 0.155882 -0.045058 0.066326
v 0.147655 -0.027488 0.060564
v 0.149557 -0.037432 0.062197
v 0.148329 -0.032944 0.061478
v 0.154548 -0.042887 -0.053511
v 0.150101 -0.030890 -0.042535
v 0.149150 -0.033270 -0.049024
v 0.153313 -0.040451 -0.060575
v 0.153759 -0.043026 -0.062956
v 0.148962 -0.032934 -0.055704
v 0.153232 -0.041129 0.066505
v 0.152881 -0.036996 0.064971
v 0.156967 -0.044560 -0.030647
v 0.157171 -0.043348 -0.057172
v 0.147390 -0.027720 -0.028937
v 0.156710 -0.044983 -0.028058
v 0.157010 -0.044874 0.068286
v 0.156200 -0.027440 -0.016897
v 0.156664 -0.034738 0.065324
v 0.156850 -0.028718 -0.014073
v 0.156964 -0.043530 -0.057923
v 0.156370 -0.036261 -0.065866
v 0.156311 -0.041005 -0.064946
v 0.156870 -0.044682 -0.052007
v 0.156986 -0.030013 -0.031942
v 0.156932 -0.028398 -0.030665
v 0.156977 -0.036995 0.067332
v 0.155154 -0.028913 0.064095
v 0.155246 -0.027477 0.061350
v 0.155377 -0.042537 -0.066913
v 0.155669 -0.031935 -0.062305
v 0.156181 -0.030551 -0.050909
v 0.145642 -0.033762 0.057649
v 0.149164 -0.040960 -0.054939
v 0.149142 -0.044598 0.061774
v 0.144091 -0.031236 -0.022851
v 0.143536 -0.030802 -0.037171
v 0.142788 -0.030467 -0.021005
v 0.143763 -0.031784 0.056667
v 0.149611 -0.044709 -0.054650
v 0.147510 -0.038858 0.061094
v 0.141550 -0.014954 -0.015018
v 0.143204 -0.019202 -0.015504
v 0.148229 -0.003932 -0.016309
v 0.138542 -0.007243 -0.016694
v 0.145014 -0.022678 -0.014903
v 0.153752 -0.020010 -0.015375
v 0.135562 -0.001413 -0.016339
v 0.152174 -0.022407 -0.013074
v 0.152841 -0.014479 -0.015505
v 0.134178 -0.000299 -0.018217
v 0.151074 -0.009851 -0.016387
v 0.146165 0.001503 -0.016570
v 0.138616 -0.010594 -0.016024
v 0.141495 -0.015036 -0.019913
v 0.149028 -0.004711 -0.022111
v 0.144322 -0.020714 -0.019702
v 0.150786 -0.010371 -0.021066
v 0.153134 -0.022760 -0.018481
v 0.139396 -0.009552 -0.020180
v 0.138690 -0.006344 -0.020321
v 0.153154 -0.016380 -0.020398
v 0.136845 -0.004552 -0.022069
v 0.141148 -0.014805 -0.020253
v 0.139537 -0.007567 -0.020833
v 0.136214 -0.004976 -0.025988
v 0.144122 -0.021820 -0.049722
v 0.138820 -0.009148 -0.042583
v 0.142348 -0.017858 -0.049239
v 0.146558 -0.019805 -0.051497
v 0.140618 -0.010516 -0.047067
v 0.137055 -0.005091 -0.022277
v 0.142731 -0.023368 -0.053286
v 0.141540 -0.024052 -0.050142
v 0.139837 -0.013339 -0.048753
v 0.142606 -0.018315 -0.049432
v 0.139560 -0.011179 -0.048241
v 0.150701 -0.022819 -0.028987
v 0.154126 -0.021535 -0.030203
v 0.150698 -0.021649 -0.031739
v 0.144767 -0.020705 -0.020088
v 0.155113 -0.022553 -0.053537
v 0.144848 -0.020943 -0.049881
v 0.151697 -0.022202 -0.019362
v 0.153968 -0.019670 -0.035608
v 0.144381 -0.022519 -0.053185
v 0.154305 -0.021655 -0.031498
v 0.153279 -0.021012 -0.018365
v 0.154436 -0.020987 -0.032081
v 0.155004 -0.020661 -0.043224
v 0.154796 -0.020466 -0.057522
v 0.152517 -0.014764 -0.055887
v 0.151850 -0.011555 -0.054811
v 0.152798 -0.014556 -0.030454
v 0.155321 -0.022263 -0.047907
v 0.154340 -0.020707 -0.027664
v 0.149686 -0.005150 -0.028918
v 0.152242 -0.013062 -0.025205
v 0.149371 -0.007072 -0.020357
v 0.151037 -0.009618 -0.042242
v 0.149478 -0.007079 -0.037023
v 0.153191 -0.024779 -0.053985
v 0.152209 -0.015940 -0.020003
v 0.152505 -0.022242 -0.018826
v 0.155444 -0.021479 -0.025147
v 0.153272 -0.022479 -0.031979
v 0.150212 -0.015849 -0.030750
v 0.154111 -0.021635 -0.025218
v 0.150733 -0.022283 -0.018536
v 0.158054 -0.017451 -0.014232
v 0.235828 -0.018099 -0.014677
v 0.151696 0.001175 -0.018419
v 0.235669 -0.006349 -0.017457
v 0.153466 -0.002746 -0.015754
v 0.157341 -0.012829 -0.013782
v 0.161473 -0.021808 -0.015082
v 0.235159 -0.019496 -0.016520
v 0.163752 -0.020204 -0.015180
v 0.159119 -0.019751 -0.042633
v 0.156968 -0.011138 -0.052598
v 0.155128 -0.007807 -0.039956
v 0.158674 -0.016448 -0.019839
v 0.158574 -0.018545 -0.022177
v 0.157175 -0.012953 -0.059258
v 0.154333 -0.003852 -0.022585
v 0.160450 -0.023597 -0.057070
v 0.162091 -0.025118 -0.056472
v 0.156125 -0.015335 -0.061504
v 0.160758 -0.026494 -0.059968
v 0.153594 -0.005934 -0.021378
v 0.160106 -0.021372 -0.040277
v 0.159628 -0.024302 -0.051478
v 0.156306 -0.006980 -0.036568
v 0.160040 -0.025959 -0.065643
v 0.154624 -0.007811 -0.020719
v 0.154485 -0.004264 -0.022035
v 0.168129 -0.016937 -0.019502
v 0.156863 -0.013486 -0.019607
v 0.231846 -0.002602 -0.022284
v 0.231835 -0.016729 -0.019197
v 0.203564 -0.002869 -0.022707
v 0.162121 -0.003863 -0.023074
v 0.145125 -0.030690 -0.056883
v 0.146813 -0.029207 -0.061869
v 0.144164 -0.027723 -0.055611
v 0.152238 -0.025762 -0.061254
v 0.145918 -0.025707 -0.061205
v 0.148397 -0.026501 -0.054241
v 0.155484 -0.026566 -0.061651
v 0.144230 -0.029710 -0.061255
v 0.133584 -0.026374 -0.060706
v 0.135769 -0.029469 -0.060816
v 0.145624 -0.026416 -0.061620
v 0.178424 -0.483075 0.485025
v 0.179631 -0.480899 0.481715
v 0.175692 -0.482748 0.481029
v 0.234490 -0.478749 0.358524
v 0.236451 -0.053242 -0.156911
v 0.235971 -0.036832 -0.172179
v 0.236240 -0.047587 -0.132041
v 0.235570 -0.049355 -0.140174
v 0.236282 -0.040517 -0.187380
v 0.236714 -0.041472 -0.143233
v 0.235249 -0.039247 -0.180089
v 0.236103 -0.057673 -0.173433
v 0.235888 -0.026797 -0.132649
v 0.235941 -0.025087 -0.125261
v 0.236710 -0.031250 -0.127209
v 0.236234 -0.042076 -0.108495
v 0.236708 -0.037911 -0.126933
v 0.234416 -0.045340 -0.124672
v 0.236247 -0.035755 -0.084495
v 0.236239 -0.032090 -0.068826
v 0.235954 -0.005101 -0.044365
v 0.236657 -0.025855 -0.051505
v 0.235386 -0.006894 -0.017082
v 0.234513 -0.018281 -0.015031
v 0.235452 -0.024257 -0.034135
v 0.236679 -0.016930 -0.083835
v 0.234526 -0.036397 -0.085800
v 0.235546 -0.020689 -0.017182
v 0.236246 -0.018846 -0.099979
v 0.235738 -0.021052 -0.108661
v 0.235627 -0.025788 -0.043292
v 0.234958 -0.053659 -0.157719
v 0.236708 -0.037773 -0.137232
v 0.235870 -0.014668 -0.082089
v 0.235726 -0.027966 -0.051468
v 0.235047 -0.030049 -0.059895
v 0.236710 -0.033859 -0.142895
v 0.235978 -0.059562 -0.180996
v 0.236705 -0.051295 -0.201955
v 0.235061 -0.046584 -0.209624
v 0.236088 -0.052095 -0.236320
v 0.233722 -0.050076 -0.222011
v 0.235870 -0.071310 -0.229779
v 0.236298 -0.058022 -0.260547
v 0.236302 -0.077462 -0.253542
v 0.234670 -0.060704 -0.268541
v 0.235874 -0.062150 -0.277930
v 0.236699 -0.071738 -0.285081
v 0.236143 -0.079351 -0.261406
v 0.235361 -0.080906 -0.269359
v 0.235788 -0.085061 -0.285209
v 0.236717 -0.082584 -0.296166
v 0.235549 -0.054427 -0.245112
v 0.236713 -0.055132 -0.208002
v 0.236487 -0.043569 -0.132421
v 0.236695 -0.074179 -0.290698
v 0.237017 -0.078326 -0.320977
v 0.234881 -0.070398 -0.311603
v 0.235733 -0.071831 -0.319573
v 0.235930 -0.093872 -0.323389
v 0.236033 -0.078182 -0.324021
v 0.236382 -0.092515 -0.316054
v 0.235648 -0.093464 -0.316736
v 0.235271 -0.090839 -0.308870
v 0.234282 -0.074419 -0.325211
v 0.234672 -0.072897 -0.237916
v 0.236745 -0.049599 -0.211813
v 0.236448 -0.047151 -0.209230
v 0.236712 -0.077724 -0.279095
v 0.233560 -0.077940 -0.322454
v 0.236527 -0.074654 -0.324157
v 0.235197 -0.075316 -0.326413
v 0.236710 -0.017682 -0.083498
v 0.235956 -0.016170 -0.087918
v 0.232009 -0.047757 -0.147962
v 0.232074 -0.049730 -0.157278
v 0.231548 -0.038817 -0.164370
v 0.232133 -0.045320 -0.189601
v 0.231623 -0.051802 -0.165502
v 0.231548 -0.053535 -0.173323
v 0.232088 -0.057875 -0.189025
v 0.231622 -0.048600 -0.203657
v 0.232279 -0.052214 -0.219724
v 0.231467 -0.054304 -0.227534
v 0.232420 -0.056732 -0.235988
v 0.232268 -0.069405 -0.237512
v 0.231818 -0.060656 -0.253001
v 0.232229 -0.071503 -0.244478
v 0.231386 -0.073045 -0.252176
v 0.232112 -0.069526 -0.291733
v 0.231929 -0.085065 -0.300866
v 0.231916 -0.075606 -0.318987
v 0.231554 -0.089674 -0.319559
v 0.232065 -0.077064 -0.321826
v 0.231935 -0.036692 -0.156650
v 0.231778 -0.030917 -0.132562
v 0.231944 -0.041890 -0.124367
v 0.231841 -0.046026 -0.140241
v 0.231849 -0.039798 -0.116373
v 0.231997 -0.026986 -0.117241
v 0.232296 -0.035781 -0.100348
v 0.231688 -0.037706 -0.108683
v 0.232489 -0.033542 -0.092166
v 0.231980 -0.022836 -0.099976
v 0.233049 -0.024570 -0.108037
v 0.232197 -0.029825 -0.076629
v 0.232130 -0.020762 -0.093056
v 0.231612 -0.027876 -0.068842
v 0.231953 -0.016998 -0.075890
v 0.232455 -0.015594 -0.069039
v 0.231551 -0.024186 -0.051684
v 0.232024 -0.022110 -0.043271
v 0.232187 -0.009157 -0.045165
v 0.231946 -0.020535 -0.033990
v 0.231387 -0.019025 -0.083895
v 0.231137 -0.007386 -0.037847
v 0.231198 -0.078989 -0.277408
v 0.232149 -0.031812 -0.084485
v 0.231736 -0.055904 -0.235415
v 0.232101 -0.055540 -0.180805
v 0.230833 -0.015207 -0.067247
v 0.232233 -0.034536 -0.148527
v 0.230407 -0.043265 -0.181566
v 0.232574 -0.058124 -0.244858
v 0.231764 -0.034473 -0.092937
v 0.395464 -0.482279 0.481635
v 0.397147 -0.483049 0.482311
v 0.401031 -0.477025 0.484348
v 0.469396 -0.483847 -0.038455
v 0.470046 -0.496602 -0.072998
v 0.469503 -0.484034 0.007692
v 0.469096 -0.484274 -0.024484
v 0.467932 -0.484687 -0.102235
v 0.469442 -0.484056 -0.147879
v 0.469322 -0.484014 -0.203735
v 0.469553 -0.485196 -0.246807
v 0.469924 -0.496585 -0.283617
v 0.469995 -0.485290 -0.367756
v 0.469013 -0.484661 -0.072658
v 0.470129 -0.485349 -0.482823
v 0.470234 -0.496634 0.384853
v 0.470274 -0.487503 0.378367
v 0.469989 -0.496590 0.316569
v 0.469899 -0.485310 0.316513
v 0.469844 -0.496587 0.259488
v 0.469902 -0.496573 0.189722
v 0.470062 -0.485290 0.256925
v 0.469650 -0.485286 0.127145
v 0.470192 -0.494966 0.109875
v 0.469661 -0.483822 0.095700
v 0.469983 -0.496584 0.022759
v 0.469618 -0.485358 0.376952
v 0.469731 -0.496536 0.112464
v 0.460794 -0.478153 0.253069
v 0.463443 -0.480451 0.248763
v 0.462920 -0.480479 0.237442
v 0.464549 -0.479560 0.273615
v 0.459866 -0.478529 0.297872
v 0.460719 -0.478364 0.327014
v 0.462928 -0.480826 0.334533
v 0.464306 -0.478957 0.340626
v 0.458634 -0.478715 0.340604
v 0.463751 -0.480211 0.355300
v 0.463136 -0.480728 0.217982
v 0.458572 -0.478718 0.197988
v 0.463812 -0.480001 0.179227
v 0.460133 -0.478073 0.193832
v 0.460359 -0.478784 0.167956
v 0.462963 -0.480755 0.171839
v 0.462943 -0.480724 0.156796
v 0.460517 -0.479509 0.133801
v 0.464556 -0.479428 0.134798
v 0.463129 -0.480255 0.365572
v 0.458849 -0.480713 0.377672
v 0.461349 -0.479162 0.399446
v 0.465963 -0.479266 0.410093
v 0.462317 -0.479544 0.407153
v 0.458712 -0.481575 0.406722
v 0.463560 -0.480251 0.413963
v 0.457068 -0.478711 0.353373
v 0.462035 -0.480420 0.130730
v 0.474130 -0.499516 -0.054667
v 0.472526 -0.499909 -0.025056
v 0.473577 -0.499874 -0.065191
v 0.472644 -0.500934 0.032285
v 0.473374 -0.500276 0.051248
v 0.474094 -0.497994 0.064777
v 0.473940 -0.481416 0.032843
v 0.474831 -0.500345 0.079643
v 0.473400 -0.500543 0.101463
v 0.472693 -0.500777 0.138808
v 0.474010 -0.481483 0.173178
v 0.473410 -0.500617 0.172828
v 0.473862 -0.500555 0.217326
v 0.473800 -0.500431 0.287223
v 0.473919 -0.481509 0.314000
v 0.473862 -0.481521 0.418222
v 0.473994 -0.500803 0.397823
v 0.472974 -0.500201 0.439303
v 0.473966 -0.500256 0.460518
v 0.474015 -0.498498 0.472486
v 0.474373 -0.499849 0.356244
v 0.471788 -0.500344 0.307009
v 0.471923 -0.499918 0.234675
v 0.471544 -0.499906 0.189252
v 0.473645 -0.499985 0.478860
v 0.472298 -0.499784 0.054773
v 0.471068 -0.499991 0.350086
v 0.472719 -0.500710 -0.091200
v 0.473908 -0.481437 -0.085588
v 0.474017 -0.500241 -0.104328
v 0.473865 -0.500014 -0.140595
v 0.473117 -0.501460 -0.163853
v 0.473865 -0.481443 -0.178524
v 0.473420 -0.499919 -0.200782
v 0.473991 -0.481472 -0.280821
v 0.473017 -0.499868 -0.231318
v 0.473744 -0.500490 -0.241906
v 0.472693 -0.499042 -0.264698
v 0.472016 -0.500465 -0.293511
v 0.472885 -0.500413 -0.305367
v 0.473288 -0.500188 -0.252899
v 0.473846 -0.500484 -0.356019
v 0.473884 -0.481508 -0.409069
v 0.474569 -0.500458 -0.401020
v 0.473628 -0.481720 -0.485958
v 0.473784 -0.498441 -0.485837
v 0.473668 -0.499945 -0.464127
v 0.473211 -0.500074 -0.450066
v 0.473827 -0.499493 0.068879
v 0.472721 -0.500808 -0.124710
v 0.473769 -0.481539 0.251511
v 0.473989 -0.500886 -0.139363
v 0.472003 -0.500513 -0.175670
v 0.472252 -0.500213 -0.389243
v 0.471973 -0.500048 0.411445
v 0.472718 -0.500628 -0.050751
v 0.472776 -0.500585 0.069739
v 0.471303 -0.499583 -0.341097
v 0.470859 -0.499288 -0.216766
v 0.473357 -0.501742 0.095003
v 0.472065 -0.500180 0.383994
v 0.473716 -0.500818 0.366313
v 0.475059 -0.502307 0.353685
v 0.471638 -0.499760 -0.067170
v 0.473168 -0.499755 -0.085916
v 0.473400 -0.499270 -0.063621
v 0.471465 -0.500856 -0.080367
v 0.472091 -0.497094 -0.054721
v 0.472733 -0.501099 -0.050262
v 0.472495 -0.500678 -0.272812
v 0.473658 -0.498349 -0.263727
v 0.470906 -0.500393 -0.250740
v 0.473826 -0.501442 -0.247719
v 0.469543 -0.498929 -0.240100
v 0.475722 -0.502653 -0.231319
vn -0.6763 -0.2405 0.6963
vn -0.1002 -0.2292 0.9682
vn -0.3681 0.3885 0.8447
vn 0.1286 -0.0022 0.9917
vn -0.2225 -0.0592 0.9731
vn -0.9700 0.0439 -0.2390
vn -0.0279 -0.0377 0.9989
vn -0.0071 -0.0009 1.0000
vn -0.0123 -0.0050 0.9999
vn 0.0014 0.0114 0.9999
vn -0.0184 0.0077 0.9998
vn 0.0141 -0.0240 0.9996
vn -0.0122 -0.0273 0.9996
vn -0.0028 -0.8872 -0.4613
vn 0.0026 -0.0757 0.9971
vn -0.0432 0.0452 0.9980
vn 0.0127 0.9996 0.0267
vn 0.0342 0.6142 0.7884
vn -0.0377 0.0529 0.9979
vn -0.0595 -0.1212 0.9908
vn 0.0374 0.7063 0.7069
vn 0.0651 0.1058 0.9923
vn 0.0232 -0.9903 -0.1372
vn -0.0092 0.0870 0.9962
vn 0.0193 0.0425 0.9989
vn -0.0688 0.9527 0.2961
vn -0.0482 0.6250 0.7792
vn -0.0104 0.9684 -0.2493
vn -0.0034 -0.0038 1.0000
vn -0.0183 -0.0006 0.9998
vn -0.0525 -0.0723 0.9960
vn -0.0476 -0.9987 0.0176
vn 0.0085 -0.0044 1.0000
vn -0.0062 0.0100 0.9999
vn -0.0396 -0.4745 0.8794
vn 0.0638 -0.8268 0.5588
vn 0.0758 0.1374 0.9876
vn 0.0036 0.0088 1.0000
vn -0.0122 -0.0104 0.9999
vn -0.1329 -0.9901 -0.0462
vn -0.0512 0.0326 0.9982
vn -0.0484 0.0245 0.9985
vn 0.0174 0.9967 0.0788
vn 0.1060 0.0002 0.9944
vn -0.0742 -0.0462 0.9962
vn -0.0359 -0.9750 -0.2195
vn 0.0018 -0.0023 1.0000
vn -0.0179 -0.4542 -0.8907
vn 0.0605 0.1312 0.9895
vn -0.0027 0.0099 0.9999
vn -0.0044 0.0127 0.9999
vn 0.2091 -0.1033 0.9724
vn -0.0119 -0.0183 0.9998
vn -0.0525 -0.0027 0.9986
vn -0.0044 0.0072 1.0000
vn -0.0697 0.0700 0.9951
vn 0.0013 0.0066 1.0000
vn -0.0035 0.9999 0.0106
vn -0.0214 -0.0263 0.9994
vn 0.0078 0.0084 0.9999
vn 0.0018 -0.0043 1.0000
vn -0.0375 -0.8098 0.5855
vn -0.0535 -0.0774 0.9956
vn 0.0074 -0.0225 0.9997
vn -0.2538 0.5428 0.8006
vn -0.0349 -0.0258 0.9991
vn -0.0015 -0.0215 0.9998
vn -0.0136 -0.3160 0.9487
vn 0.1128 -0.9183 -0.3794
vn -0.0099 0.0332 0.9994
vn -0.0415 -0.9924 -0.1158
vn -0.2382 -0.9676 0.0836
vn -0.0127 -0.9998 0.0153
vn -0.1538 -0.9881 0.0001
vn -0.2744 -0.9600 0.0567
vn -0.9138 -0.4053 0.0266
vn -0.0376 -0.9993 -0.0004
vn -0.0149 -0.9994 -0.0320
vn 0.2275 -0.9711 0.0717
vn 0.0999 -0.9944 0.0350
vn -0.9859 0.1634 0.0364
vn -0.0561 -0.9984 -0.0031
vn -0.0662 -0.9969 -0.0430
vn -0.9380 -0.3465 -0.0028
vn -0.1187 -0.9926 -0.0250
vn -0.5452 -0.8365 0.0545
vn 0.2406 -0.9705 0.0120
vn -0.5018 -0.8626 -0.0638
vn -0.1006 -0.9945 -0.0279
vn -0.1081 -0.9925 -0.0579
vn -0.3009 -0.9534 -0.0200
vn -0.9909 -0.1267 -0.0462
vn -0.0117 -0.9978 -0.0651
vn -0.0284 -0.9996 0.0055
vn -0.3579 -0.9300 -0.0835
vn -0.1415 -0.9899 0.0046
vn -0.8960 -0.4440 -0.0039
vn 0.0409 -0.9990 -0.0192
vn 0.2926 -0.9358 -0.1964
vn -0.9233 -0.3678 0.1102
vn -0.1524 -0.9882 0.0135
vn -0.9939 0.1107 0.0010
vn -0.0289 -0.9996 -0.0007
vn 0.0126 -0.9998 0.0146
vn 0.0056 -1.0000 -0.0001
vn -0.1558 -0.9878 0.0038
vn -0.1805 -0.9832 0.0277
vn -0.0074 -1.0000 -0.0052
vn -0.0495 -0.9987 0.0112
vn -0.0744 -0.9955 -0.0593
vn -0.0410 -0.9990 -0.0164
vn -0.0189 -0.9998 0.0054
vn -0.2852 -0.9507 0.1217
vn -0.0696 -0.9850 -0.1580
vn -0.0179 -0.9992 0.0345
vn -0.0512 -0.9986 -0.0157
vn -0.9149 0.4037 -0.0073
vn -0.1192 -0.9928 -0.0136
vn -0.9136 0.4066 0.0079
vn -0.1083 -0.9934 -0.0367
vn -0.0409 -0.9991 -0.0099
vn -0.9755 -0.2170 0.0347
vn -0.1313 -0.9893 0.0640
vn -0.2856 -0.9579 -0.0293
vn -0.9917 -0.1278 0.0144
vn -0.0643 -0.9979 -0.0058
vn -0.7058 -0.7083 0.0163
vn -0.0207 -0.9933 -0.1140
vn -0.6920 -0.7212 -0.0327
vn -0.1593 -0.9871 0.0143
vn -0.0055 -1.0000 -0.0016
vn -0.7951 0.6061 -0.0196
vn -0.2257 -0.7801 0.5835
vn -0.3861 -0.9214 -0.0448
vn -0.0796 -0.9965 -0.0238
vn -0.0086 -1.0000 0.0031
vn 0.0092 -0.9951 -0.0988
vn -0.0136 -0.9889 0.1480
vn -0.2695 -0.9622 0.0381
vn -0.2349 -0.9720 0.0012
vn 0.0009 -1.0000 0.0007
vn -0.0352 -0.9984 -0.0434
vn -0.2888 -0.9553 0.0631
vn 0.0256 -0.9997 0.0008
vn -0.3017 -0.9526 -0.0396
vn -0.0393 -0.9990 -0.0235
vn -0.0233 -0.9997 -0.0080
vn 0.0009 -1.0000 0.0043
vn -0.9305 -0.0814 -0.3572
vn -0.0060 -1.0000 -0.0001
vn 0.0001 -1.0000 0.0001
vn -0.0011 -1.0000 -0.0000
vn 0.0006 -1.0000 0.0002
vn -0.0276 -0.9932 -0.1133
vn -0.1116 -0.9937 0.0053
vn -0.0007 -1.0000 -0.0002
vn -0.9915 0.1294 0.0158
vn -0.0456 -0.9990 -0.0009
vn 0.0031 -1.0000 -0.0057
vn -0.0576 -0.9943 0.0895
vn -0.0000 -1.0000 0.0001
vn -0.0005 -1.0000 0.0006
vn -0.0000 -1.0000 -0.0000
vn 0.0338 -0.2331 -0.9719
vn -0.0022 -1.0000 0.0011
vn 0.0052 -0.8914 0.4531
vn 0.0001 -1.0000 0.0003
vn -0.0004 -1.0000 -0.0002
vn -0.0002 -1.0000 -0.0005
vn 0.0063 -1.0000 0.0020
vn 0.0157 -0.9995 -0.0281
vn 0.0524 -0.9316 -0.3596
vn 0.0248 -0.9994 -0.0257
vn -0.0128 -0.9955 -0.0943
vn 0.1705 0.2013 0.9646
vn -0.0001 -1.0000 -0.0000
vn -0.0000 -1.0000 -0.0004
vn -0.0004 -1.0000 -0.0005
vn 0.0001 -1.0000 -0.0000
vn 0.0302 -0.9991 -0.0302
vn -0.0751 -0.7127 -0.6974
vn 0.0094 -0.9992 -0.0399
vn -0.1074 0.8858 0.4515
vn -0.0321 0.3841 -0.9227
vn 0.0058 -0.1551 0.9879
vn -0.0013 -1.0000 0.0035
vn 0.0001 -1.0000 -0.0005
vn 0.0043 -0.9999 -0.0099
vn -0.0534 -0.7345 -0.6765
vn 0.0290 -0.2395 -0.9705
vn 0.0017 -0.9999 0.0101
vn -0.0003 -1.0000 -0.0025
vn -0.0131 -0.7202 0.6937
vn 0.0062 -0.9945 0.1047
vn 0.0072 -0.9989 -0.0460
vn 0.0033 -0.9997 -0.0262
vn -0.0058 -1.0000 -0.0045
vn 0.0170 0.4909 -0.8710
vn -0.2669 -0.0024 0.9637
vn 0.0557 -0.3975 0.9159
vn -0.0162 -0.9955 0.0936
vn 0.0346 -0.9991 0.0255
vn -0.0194 -0.9996 -0.0213
vn 0.0004 -1.0000 -0.0004
vn -0.0926 -0.7980 0.5955
vn 0.0057 0.4396 0.8982
vn 0.0264 -0.9996 -0.0106
vn -0.0011 -1.0000 0.0012
vn 0.0348 0.9678 -0.2493
vn -0.0141 -0.9986 -0.0519
vn -0.0500 0.6210 0.7822
vn 0.0430 -0.6617 0.7485
vn 0.0006 -1.0000 -0.0028
vn 0.0379 -0.9716 -0.2336
vn 0.1687 -0.8945 -0.4139
vn -0.0579 -0.9970 0.0516
vn 0.0143 -0.9998 0.0102
vn 0.6667 -0.6139 -0.4227
vn -0.0293 -0.5196 0.8539
vn -0.1406 -0.9844 0.1054
vn -0.0662 -0.9977 0.0154
vn -0.0162 -0.9997 0.0176
vn 0.0004 -1.0000 0.0007
vn -0.0153 -0.9822 -0.1873
vn -0.0495 -0.8162 -0.5757
vn -0.1170 -0.3854 -0.9153
vn -0.0162 -0.5478 0.8364
vn -0.0001 -1.0000 -0.0001
vn 0.0012 -1.0000 0.0052
vn -0.1034 -0.9946 0.0125
vn -0.0341 -0.0284 0.9990
vn 0.0102 -0.9995 -0.0298
vn 0.0258 -0.9734 -0.2276
vn 0.1160 -0.9102 0.3977
vn -0.0781 -0.0610 -0.9951
vn -0.0161 -0.9993 0.0349
vn 0.0179 0.1850 -0.9826
vn -0.0096 -0.9997 -0.0237
vn -0.2206 -0.8952 0.3873
vn 0.0260 0.7084 0.7053
vn -0.0000 -1.0000 0.0006
vn 0.0011 -1.0000 0.0004
vn 0.0005 -1.0000 -0.0002
vn 0.0006 -1.0000 -0.0004
vn -0.0126 -0.9999 -0.0035
vn -0.0048 -0.9999 -0.0091
vn -0.0041 -1.0000 -0.0005
vn 0.0171 -0.9988 -0.0451
vn -0.0283 -0.5558 -0.8308
vn 0.0035 -0.9683 -0.2497
vn -0.0009 -1.0000 0.0012
vn -0.0165 -0.7291 -0.6842
vn 0.0626 -0.8093 -0.5840
vn -0.0002 -1.0000 -0.0000
vn 0.0029 -0.9992 -0.0393
vn 0.0129 -0.9319 -0.3625
vn 0.0107 -0.6155 -0.7881
vn 0.0719 -0.9138 0.3997
vn 0.0040 -0.9993 0.0362
vn -0.0256 -0.9979 0.0589
vn 0.0016 -1.0000 -0.0005
vn -0.0695 -0.9854 0.1555
vn -0.0733 -0.9958 0.0543
vn 0.0189 -0.9998 0.0025
vn 0.0006 -1.0000 0.0018
vn 0.0016 -1.0000 0.0026
vn 0.0054 -1.0000 -0.0035
vn 0.0007 -0.9970 -0.0774
vn 0.0018 -0.9999 0.0138
vn -0.0070 0.2681 -0.9634
vn 0.0142 -0.8495 -0.5274
vn -0.0044 -1.0000 -0.0052
vn -0.0008 -0.9983 -0.0575
vn 0.0215 -0.9958 0.0891
vn 0.0900 -0.9941 0.0612
vn 0.0308 -0.9984 0.0466
vn 0.0019 -1.0000 -0.0025
vn 0.0003 -1.0000 -0.0007
vn 0.0132 -0.3470 -0.9378
vn 0.0025 -1.0000 0.0045
vn 0.0392 -0.9980 0.0495
vn 0.0028 -1.0000 0.0028
vn 0.0114 -0.9999 -0.0102
vn 0.0007 -1.0000 0.0077
vn -0.0021 -1.0000 -0.0015
vn 0.0014 -1.0000 -0.0046
vn -0.0000 -1.0000 -0.0012
vn 0.0061 -0.9999 0.0128
vn 0.0265 -0.9996 0.0044
vn 0.0243 -0.9997 -0.0014
vn 0.0174 -0.9998 0.0074
vn -0.0215 -0.9937 -0.1100
vn 0.0071 -1.0000 -0.0016
vn 0.0003 -1.0000 0.0002
vn -0.0008 -1.0000 -0.0064
vn 0.0013 -1.0000 -0.0000
vn 0.0258 -0.9913 0.1293
vn 0.0022 -1.0000 -0.0017
vn 0.0232 -0.9919 0.1253
vn 0.0118 -0.9999 -0.0006
vn -0.0010 -0.9630 0.2696
vn 0.4425 -0.8962 0.0309
vn 0.0931 -0.9956 -0.0058
vn 0.8367 0.5358 0.1139
vn 0.4611 -0.8806 -0.1088
vn 0.8338 -0.5451 0.0874
vn 0.6525 -0.7576 -0.0203
vn -0.2153 -0.9753 0.0494
vn 0.2140 -0.9731 0.0859
vn -0.5963 -0.8025 -0.0173
vn 0.5789 0.8154 0.0090
vn 0.6609 -0.7450 0.0900
vn -0.1796 -0.9804 0.0807
vn 0.9990 0.0301 -0.0335
vn 0.1023 -0.9948 -0.0028
vn 0.9886 -0.1487 -0.0224
vn 0.0345 -0.9994 -0.0037
vn 0.9806 -0.1836 0.0691
vn 0.0244 -0.9975 0.0663
vn 0.0298 -0.9943 0.1019
vn -0.0514 -0.9971 -0.0564
vn 0.2893 -0.9572 0.0115
vn -0.0276 -0.9972 0.0696
vn 0.0297 -0.9995 0.0132
vn 0.1016 -0.9943 0.0330
vn 0.0046 -1.0000 0.0026
vn 0.0979 -0.9952 -0.0029
vn 0.8176 -0.5746 0.0368
vn 0.2092 -0.9777 0.0155
vn 0.3267 -0.9451 -0.0123
vn 0.5301 -0.8448 0.0731
vn 0.3363 -0.9417 -0.0044
vn -0.2503 -0.9678 0.0279
vn 0.3946 -0.9188 -0.0133
vn 0.0123 -0.9978 0.0656
vn -0.5988 -0.7935 0.1088
vn 0.6823 0.6573 0.3202
vn 0.6090 -0.7926 0.0298
vn 0.8574 -0.5111 0.0600
vn 0.0880 -0.9961 -0.0084
vn 0.1905 -0.9813 0.0275
vn -0.5116 -0.8573 -0.0575
vn 0.9478 -0.3157 0.0448
vn 0.9515 0.3072 -0.0177
vn 0.7715 -0.6297 -0.0907
vn 0.9841 -0.1670 -0.0598
vn 0.8211 -0.4007 -0.4065
vn 0.9794 0.0053 -0.2018
vn -0.0820 -0.9860 0.1454
vn -0.0877 -0.6942 -0.7145
vn 0.2822 -0.9562 0.0776
vn -0.9936 0.1008 -0.0518
vn -0.9998 -0.0006 -0.0190
vn -0.9926 -0.0755 0.0946
vn -0.9903 0.0343 -0.1344
vn -0.9867 -0.0637 0.1495
vn 0.2732 -0.9613 -0.0352
vn -0.9997 -0.0078 0.0244
vn -0.8626 0.5058 0.0057
vn -0.9945 0.1019 0.0237
vn -0.9980 -0.0615 -0.0164
vn -0.9446 0.2865 0.1599
vn -1.0000 0.0004 0.0032
vn -0.9999 0.0136 -0.0018
vn -0.9387 -0.3131 0.1444
vn -0.6273 -0.7785 0.0183
vn -0.9936 0.1099 -0.0268
vn -0.9996 -0.0178 0.0216
vn -0.5975 -0.7984 0.0742
vn -0.6825 -0.7293 0.0472
vn -1.0000 -0.0067 -0.0039
vn -0.9974 -0.0266 0.0670
vn 0.5862 -0.8102 0.0030
vn -0.9966 -0.0354 0.0749
vn 0.1740 -0.9847 -0.0067
vn -0.9997 -0.0232 -0.0101
vn -0.9998 0.0112 -0.0192
vn -0.6033 0.7966 -0.0380
vn -0.9992 0.0189 0.0363
vn -0.9949 -0.0973 0.0261
vn -0.9991 0.0230 0.0367
vn -0.9990 -0.0433 0.0054
vn -0.9950 -0.0844 0.0539
vn -0.9848 -0.1651 0.0539
vn -0.9933 0.0968 0.0624
vn -0.9985 0.0457 0.0312
vn -0.9972 -0.0728 -0.0168
vn -0.4373 -0.8987 0.0330
vn -0.9993 -0.0275 0.0265
vn -0.3603 -0.7095 0.6057
vn -0.7560 -0.6519 0.0588
vn 0.1690 -0.9834 0.0654
vn -0.5468 -0.8341 -0.0725
vn -0.9572 0.2733 -0.0952
vn 0.1286 -0.9897 -0.0635
vn -0.1146 -0.9782 -0.1734
vn -0.9998 0.0147 0.0107
vn -0.4512 0.8905 -0.0585
vn -0.6055 -0.7830 0.1423
vn 0.1921 -0.9813 -0.0126
vn -0.9989 -0.0457 0.0085
vn -0.9994 0.0343 -0.0072
vn -0.9627 -0.2616 -0.0697
vn -0.9959 -0.0865 -0.0272
vn -0.9998 -0.0202 0.0068
vn -0.9892 0.1417 0.0372
vn -0.9993 -0.0236 -0.0282
vn -0.9959 -0.0781 -0.0455
vn 0.2005 -0.9787 0.0450
vn -0.9999 0.0071 0.0083
vn -0.6068 -0.7948 0.0043
vn 0.2009 -0.9789 -0.0363
vn -0.0911 -0.9710 0.2210
vn -0.2513 -0.6462 -0.7206
vn -0.9889 0.0598 0.1362
vn -0.3813 -0.9097 -0.1646
vn -0.9994 -0.0349 0.0038
vn -0.3806 -0.9229 -0.0576
vn -0.7939 0.2862 0.5365
vn -0.7529 -0.6200 -0.2208
vn -0.4864 -0.8736 0.0175
vn -0.9701 -0.0594 0.2355
vn -0.9737 -0.1366 -0.1823
vn -0.6917 -0.6632 -0.2859
vn -0.8084 -0.5588 0.1850
vn -1.0000 0.0041 -0.0053
vn 0.1109 -0.9935 -0.0243
vn -0.4775 -0.8325 0.2810
vn -0.8664 -0.4745 -0.1558
vn -0.3724 -0.9236 -0.0915
vn -0.5416 -0.7570 -0.3654
vn -0.9989 -0.0310 -0.0352
vn -0.9993 -0.0365 -0.0000
vn -0.9972 -0.0745 0.0094
vn -0.9992 -0.0360 0.0188
vn -0.9967 -0.0785 0.0208
vn -0.9965 0.0059 0.0836
vn -0.0134 -0.9999 0.0090
vn -0.9706 0.1956 0.1402
vn -0.9996 -0.0255 0.0122
vn 0.0912 -0.8921 0.4425
vn -0.8856 -0.4640 -0.0190
vn 0.6732 -0.7391 0.0210
vn -0.9984 -0.0549 -0.0125
vn -0.7158 -0.6793 -0.1622
vn -0.9988 -0.0471 0.0140
vn 0.4194 -0.9078 0.0058
vn -0.9994 -0.0132 0.0332
vn 0.0607 0.9966 0.0549
vn -0.0369 0.9891 0.1426
vn -0.2366 0.9712 -0.0263
vn -0.0742 0.9850 0.1556
vn -0.2411 0.9693 0.0491
vn -0.1750 0.9613 0.2128
vn 0.1844 0.9827 0.0157
vn -0.0298 0.9996 -0.0001
vn -0.1027 0.9937 0.0449
vn -0.5661 0.8198 -0.0857
vn -0.1703 0.9853 0.0132
vn -0.6731 0.7315 -0.1089
vn -0.0138 0.9998 0.0119
vn 0.0038 0.9979 0.0644
vn 0.1697 0.9826 -0.0760
vn -0.0308 0.9991 0.0296
vn -0.9874 0.0686 0.1426
vn -0.5514 0.8342 0.0081
vn -0.6510 0.6601 0.3746
vn -0.1951 0.9808 -0.0006
vn -0.2501 0.9680 0.0212
vn -0.6153 0.7058 0.3510
vn -0.1366 0.9906 -0.0080
vn -0.2338 0.9706 0.0578
vn 0.1133 0.9695 0.2175
vn 0.0857 0.9744 0.2077
vn -0.0095 0.9946 0.1038
vn -0.0419 0.9989 0.0212
vn -0.0056 0.9974 -0.0722
vn -0.0028 1.0000 -0.0023
vn -0.0021 1.0000 0.0015
vn -0.2080 0.9781 0.0080
vn -0.1897 0.9817 0.0180
vn -0.0210 0.9991 -0.0361
vn -0.0172 0.9998 -0.0046
vn -0.0201 0.9644 -0.2635
vn 0.0030 0.9991 0.0421
vn -0.0054 1.0000 -0.0058
vn -0.0030 1.0000 -0.0023
vn -0.0019 1.0000 0.0005
vn -0.0076 1.0000 -0.0022
vn 0.0024 1.0000 0.0084
vn -0.0025 0.9999 0.0152
vn -0.9730 0.2281 -0.0360
vn 0.0940 0.9908 0.0972
vn 0.1383 0.8774 0.4593
vn 0.0041 0.9720 0.2350
vn 0.0004 1.0000 0.0055
vn -0.0004 1.0000 0.0016
vn 0.0008 1.0000 0.0027
vn 0.0002 1.0000 0.0023
vn -0.0082 0.9998 -0.0197
vn 0.0020 0.9999 -0.0102
vn 0.0255 0.9703 -0.2406
vn -0.0002 1.0000 -0.0072
vn -0.0001 1.0000 0.0001
vn -0.0945 0.9955 0.0019
vn -0.0005 1.0000 -0.0021
vn -0.0081 0.9998 -0.0179
vn 0.0384 0.9943 -0.0995
vn 0.0193 0.9851 -0.1710
vn -0.0141 0.9998 0.0165
vn -0.1105 0.9939 0.0001
vn -0.0910 0.9958 -0.0052
vn -0.0024 0.9990 0.0452
vn 0.0015 1.0000 0.0028
vn 0.0003 1.0000 0.0004
vn -0.0059 0.9866 -0.1630
vn -0.0034 1.0000 0.0079
vn -0.0073 0.9971 -0.0753
vn -0.0024 0.9969 0.0782
vn -0.0949 0.9955 -0.0024
vn 0.0139 0.9862 -0.1651
vn -0.0911 0.9461 -0.3107
vn 0.0801 0.9967 -0.0161
vn 0.0006 1.0000 -0.0018
vn 0.0008 1.0000 0.0004
vn 0.0003 1.0000 -0.0000
vn 0.0002 1.0000 0.0016
vn -0.0002 0.9879 -0.1549
vn -0.0000 1.0000 0.0001
vn -0.0581 0.9963 0.0627
vn -0.0021 0.9929 -0.1190
vn -0.0743 0.9958 0.0533
vn -0.1072 0.9942 0.0002
vn 0.1476 0.9821 0.1167
vn -0.0428 0.9990 0.0156
vn -0.2245 0.9730 -0.0544
vn -0.0592 0.9978 -0.0299
vn -0.7405 0.5588 -0.3735
vn 0.0074 0.9868 0.1617
vn -0.0055 0.9999 0.0146
vn 0.0010 1.0000 -0.0021
vn -0.0097 0.9779 0.2090
vn 0.0198 0.9906 0.1352
vn -0.0083 1.0000 -0.0036
vn 0.0071 0.9967 0.0804
vn 0.0111 0.9944 0.1053
vn -0.0116 0.9929 -0.1187
vn 0.0004 1.0000 0.0015
vn 0.0015 0.9364 -0.3509
vn 0.0003 0.9949 -0.1008
vn -0.0711 0.9887 0.1317
vn -0.0004 0.8707 -0.4917
vn 0.0211 0.9998 -0.0042
vn 0.0126 0.8893 0.4571
vn -0.0074 1.0000 -0.0066
vn 0.0161 0.9750 -0.2218
vn 0.0001 1.0000 0.0001
vn -0.0000 1.0000 -0.0000
vn -0.0049 0.9921 0.1257
vn -0.0324 0.9984 0.0472
vn -0.0100 0.9891 0.1471
vn 0.0002 1.0000 -0.0004
vn -0.0013 1.0000 0.0026
vn 0.0051 0.9999 -0.0099
vn 0.0234 0.8785 -0.4771
vn -0.0018 0.9979 -0.0652
vn -0.0464 0.9723 -0.2293
vn 0.0509 0.9739 0.2212
vn 0.0022 1.0000 -0.0038
vn -0.0092 0.9986 -0.0515
vn 0.0048 0.9862 -0.1654
vn 0.0033 0.9905 0.1374
vn 0.0044 0.9921 -0.1257
vn 0.0037 0.9918 0.1274
vn -0.0062 0.9936 0.1130
vn -0.0070 0.9907 0.1356
vn -0.0002 1.0000 0.0001
vn 0.0001 1.0000 0.0053
vn -0.0207 0.9991 -0.0365
vn -0.0119 0.9774 0.2110
vn 0.0864 0.9378 0.3363
vn 0.0084 0.9999 -0.0128
vn -0.0022 1.0000 -0.0009
vn -0.0002 1.0000 0.0078
vn -0.0079 0.9987 -0.0513
vn -0.0226 0.9922 -0.1226
vn -0.0156 0.8543 -0.5196
vn 0.2245 0.8849 0.4082
vn 0.1763 0.9222 0.3442
vn 0.0216 0.9012 0.4329
vn -0.0108 0.9914 0.1302
vn 0.0032 1.0000 0.0075
vn -0.1849 0.9730 0.1378
vn -0.0003 1.0000 -0.0004
vn 0.0001 1.0000 -0.0000
vn -0.0042 0.9998 -0.0177
vn 0.0116 0.9882 0.1529
vn 0.0004 1.0000 0.0001
vn 0.2025 0.9585 -0.2007
vn 0.0527 0.9791 -0.1966
vn -0.1645 0.7494 0.6413
vn -0.0025 0.9460 0.3243
vn 0.0350 0.8444 0.5346
vn -0.0154 0.9658 -0.2589
vn 0.0451 0.9988 0.0206
vn -0.0052 0.9998 0.0212
vn -0.0352 0.8051 0.5921
vn 0.0026 0.9827 -0.1852
vn 0.0301 0.9850 -0.1700
vn -0.0182 0.9794 -0.2012
vn 0.0171 0.9801 0.1980
vn -0.0000 0.9977 -0.0677
vn -0.0611 0.9845 -0.1642
vn 0.1156 0.9712 0.2085
vn -0.0015 0.9416 0.3366
vn 0.0166 0.9180 0.3963
vn -0.1919 0.9676 0.1639
vn 0.0499 0.9988 0.0013
vn 0.0147 0.9984 0.0554
vn -0.0000 1.0000 0.0020
vn 0.0069 0.9998 0.0172
vn 0.0065 0.9790 -0.2038
vn -0.0067 0.9765 -0.2154
vn -0.0319 0.9994 0.0117
vn 0.0683 0.8340 0.5475
vn -0.0450 0.9981 -0.0427
vn 0.0170 0.7749 0.6319
vn -0.0046 0.7873 0.6165
vn 0.0357 0.4052 0.9135
vn 0.0306 0.8965 -0.4420
vn 0.0004 1.0000 -0.0001
vn -0.0459 0.9905 -0.1299
vn -0.0548 0.9982 0.0228
vn -0.0630 0.8234 0.5639
vn -0.0220 0.9642 0.2641
vn 0.0420 0.9081 0.4167
vn 0.2264 0.9652 0.1310
vn -0.0216 0.9835 -0.1794
vn -0.0007 1.0000 -0.0004
vn -0.0616 0.9976 -0.0331
vn -0.0091 0.9813 0.1925
vn -0.2138 0.3928 -0.8944
vn 0.0481 0.2481 0.9675
vn -0.0567 0.8334 0.5497
vn -0.0345 0.9443 0.3271
vn -0.0204 0.9872 -0.1579
vn -0.0028 0.9999 0.0108
vn -0.0022 0.9917 -0.1284
vn 0.0005 1.0000 -0.0031
vn -0.0006 1.0000 0.0014
vn -0.0044 0.9996 0.0269
vn -0.0887 0.7480 0.6578
vn 0.0109 0.9085 0.4177
vn 0.1135 0.9603 0.2548
vn 0.0805 0.9924 0.0935
vn 0.0313 0.9995 -0.0071
vn -0.2038 0.9073 0.3678
vn -0.3595 0.8943 0.2663
vn -0.0121 0.9864 -0.1639
vn -0.0000 1.0000 0.0097
vn 0.0003 1.0000 -0.0029
vn 0.0130 0.9947 0.1017
vn -0.0003 1.0000 0.0016
vn 0.0001 1.0000 0.0017
vn -0.0002 1.0000 0.0016
vn 0.0004 0.9508 0.3098
vn -0.0291 0.8613 0.5072
vn 0.1276 0.9223 0.3647
vn 0.2866 0.7836 0.5512
vn 0.0566 0.9246 0.3768
vn 0.0432 0.9986 -0.0296
vn -0.0049 0.9884 -0.1519
vn 0.0005 0.9933 0.1159
vn 0.0107 0.9952 -0.0968
vn -0.0092 0.9924 -0.1223
vn 0.0029 0.9948 0.1016
vn 0.0020 0.9741 -0.2262
vn 0.0120 0.9879 -0.1545
vn -0.0875 0.9772 0.1934
vn -0.0609 0.8347 0.5473
vn -0.1305 0.9429 0.3064
vn 0.0557 0.2754 -0.9597
vn 0.0432 0.9926 0.1131
vn 0.0223 0.9747 0.2224
vn 0.0443 0.9194 0.3909
vn -0.0022 0.9844 0.1760
vn 0.0218 0.9888 -0.1478
vn -0.0400 0.9733 -0.2262
vn 0.0001 1.0000 -0.0001
vn -0.0345 0.9993 0.0169
vn 0.0005 0.9999 0.0122
vn -0.0094 0.9980 -0.0622
vn 0.1079 0.9884 0.1068
vn -0.1748 0.9160 0.3610
vn -0.0171 0.9742 -0.2251
vn 0.0300 0.6361 -0.7710
vn -0.3623 0.9264 0.1025
vn 0.0037 0.9976 0.0691
vn -0.0028 0.9993 -0.0373
vn -0.0007 1.0000 -0.0027
vn -0.0006 1.0000 0.0009
vn -0.0056 0.9947 -0.1026
vn 0.0005 0.9873 0.1588
vn 0.0055 0.9925 0.1218
vn -0.4398 0.8959 -0.0620
vn 0.0460 0.9623 -0.2681
vn -0.1186 0.9928 0.0169
vn -0.2110 0.7589 0.6161
vn 0.0512 0.5170 0.8544
vn -0.0717 0.6115 0.7880
vn 0.2077 0.7672 0.6068
vn -0.0006 1.0000 -0.0028
vn 0.0002 1.0000 -0.0017
vn 0.0092 0.9913 0.1311
vn -0.0025 1.0000 0.0053
vn -0.0371 0.9424 0.3324
vn 0.0264 0.9363 0.3501
vn 0.0940 0.9157 -0.3907
vn -0.2561 0.8658 0.4298
vn -0.1005 0.9800 0.1716
vn -0.1947 0.9807 -0.0156
vn -0.0035 0.4268 -0.9044
vn -0.1111 0.9924 -0.0532
vn 0.0410 0.7298 0.6824
vn 0.0060 0.9999 0.0140
vn -0.0187 0.9736 -0.2277
vn 0.0031 1.0000 -0.0074
vn -0.0002 1.0000 0.0024
vn -0.1039 0.8492 -0.5177
vn -0.0144 0.9776 -0.2098
vn 0.0068 0.9982 -0.0604
vn -0.0599 0.9403 -0.3351
vn 0.1294 0.9755 -0.1782
vn 0.0364 0.9267 0.3741
vn -0.5914 0.3719 -0.7155
vn 0.0343 0.6699 -0.7416
vn -0.2921 0.7807 -0.5524
vn -0.0186 0.9644 0.2637
vn 0.0048 1.0000 -0.0013
vn -0.0223 0.9692 -0.2453
vn 0.0063 1.0000 0.0004
vn -0.0000 0.9992 -0.0399
vn 0.0069 0.7405 -0.6720
vn 0.0011 0.9662 -0.2579
vn 0.0040 0.8931 0.4498
vn 0.0742 0.9356 0.3452
vn 0.2292 0.9204 0.3168
vn -0.0687 0.7869 0.6132
vn -0.0918 0.7469 0.6585
vn -0.3482 -0.0109 0.9373
vn -0.0003 1.0000 0.0007
vn -0.0001 1.0000 0.0004
vn -0.0043 0.9883 0.1528
vn 0.0122 0.9885 0.1509
vn -0.0273 0.9987 -0.0441
vn -0.0010 1.0000 -0.0006
vn 0.0005 0.9939 -0.1099
vn 0.0700 0.6950 0.7156
vn 0.1943 0.8849 0.4234
vn -0.0021 1.0000 0.0002
vn -0.0102 0.9996 0.0254
vn -0.0034 0.9860 -0.1668
vn -0.0023 0.9779 -0.2093
vn -0.0000 1.0000 -0.0001
vn 0.0008 1.0000 -0.0046
vn -0.0061 0.6601 -0.7512
vn -0.0061 0.9962 0.0872
vn 0.0023 1.0000 0.0095
vn 0.0174 0.9030 -0.4293
vn -0.0314 0.9033 0.4280
vn 0.0887 0.9922 -0.0881
vn -0.0116 0.9998 -0.0181
vn -0.0047 0.9997 0.0236
vn 0.0005 1.0000 0.0029
vn 0.0054 0.9799 -0.1996
vn 0.2519 0.9677 0.0090
vn 0.2262 0.9741 0.0017
vn 0.0009 0.9997 0.0231
vn 0.0561 0.9944 -0.0899
vn 0.0695 0.9813 -0.1793
vn -0.0301 0.9437 0.3295
vn 0.0014 0.4047 -0.9145
vn 0.2808 0.9595 0.0209
vn -0.0165 0.9969 -0.0764
vn 0.0074 0.9901 0.1403
vn 0.0391 0.9867 -0.1576
vn 0.0560 0.9982 0.0192
vn -0.0004 1.0000 0.0006
vn 0.0004 1.0000 -0.0020
vn -0.0011 0.9726 -0.2324
vn 0.0012 0.9887 0.1501
vn -0.0002 1.0000 0.0002
vn 0.0002 0.9981 0.0612
vn 0.0018 0.9290 -0.3700
vn 0.1091 0.9160 0.3861
vn -0.0051 0.9895 0.1447
vn 0.0072 0.9897 0.1426
vn -0.0090 0.9990 -0.0440
vn 0.0103 0.9999 0.0044
vn 0.0594 0.9952 -0.0779
vn 0.0050 1.0000 0.0018
vn 0.1453 0.9878 0.0567
vn 0.2307 0.9730 0.0074
vn 0.1894 0.9819 -0.0012
vn 0.3515 0.9361 0.0066
vn -0.0086 0.9974 -0.0714
vn 0.0196 0.9765 -0.2145
vn 0.0164 0.9996 -0.0250
vn 0.1607 0.9842 -0.0745
vn 0.0543 0.0081 0.9985
vn -0.0024 0.9493 0.3144
vn -0.0997 0.9879 0.1191
vn -0.0350 0.9463 -0.3213
vn 0.0687 0.9823 0.1744
vn -0.0266 0.9717 0.2349
vn 0.1655 0.8560 -0.4898
vn 0.0339 0.9992 -0.0226
vn 0.1476 0.9888 -0.0225
vn 0.6895 0.7241 0.0190
vn 0.3372 0.9412 0.0225
vn 0.0930 0.9932 -0.0696
vn 0.9713 -0.2356 -0.0324
vn 0.1356 0.9895 -0.0491
vn 0.4574 0.8892 -0.0111
vn -0.0465 0.9943 -0.0964
vn 0.0280 0.9996 -0.0077
vn 0.5228 0.8518 0.0334
vn -0.0663 0.9976 0.0220
vn 0.2225 0.9740 -0.0430
vn -0.3048 0.9482 -0.0894
vn 0.1481 0.9889 -0.0092
vn 0.5977 0.7851 0.1624
vn 0.0023 1.0000 -0.0009
vn 0.3040 0.9518 0.0411
vn 0.0364 0.9985 -0.0410
vn 0.2152 0.9765 -0.0075
vn 0.0020 1.0000 0.0068
vn -0.0848 0.9958 0.0333
vn 0.1427 0.9854 0.0934
vn -0.2002 0.9748 0.0983
vn 0.1216 0.9870 0.1053
vn 0.6545 0.7533 -0.0646
vn -0.2958 0.9537 0.0553
vn 0.3047 0.9501 -0.0667
vn 0.2077 0.9777 -0.0317
vn 0.1025 0.9947 0.0099
vn -0.8568 0.5058 0.1007
vn -0.0669 0.9965 0.0498
vn 0.3568 0.9340 -0.0171
vn 0.0795 0.9926 -0.0921
vn -0.1113 0.9823 -0.1509
vn 0.6654 0.6998 -0.2599
vn -0.0753 0.9966 -0.0341
vn 0.8833 0.1730 0.4357
vn 0.9460 0.3241 0.0057
vn 0.5483 0.8363 0.0039
vn -0.0157 0.9973 -0.0714
vn 0.7341 0.6788 0.0163
vn -0.1878 0.9822 -0.0003
vn -0.9555 0.2787 0.0963
vn -0.2677 0.9624 -0.0472
vn -0.2549 0.9659 0.0467
vn -0.9742 0.0812 -0.2106
vn -0.4492 0.8886 -0.0928
vn -0.0611 0.9349 -0.3496
vn -0.7316 0.6037 -0.3167
vn 0.1299 -0.7717 0.6226
vn -0.0054 -0.0272 -0.9996
vn -0.0170 -0.0091 -0.9998
vn -0.0056 0.0117 -0.9999
vn 0.0042 -0.0235 -0.9997
vn 0.0086 -0.0147 -0.9999
vn 0.0156 0.8597 -0.5106
vn -0.1371 -0.0566 -0.9889
vn -0.0028 -0.0334 -0.9994
vn -0.0408 -0.9143 0.4029
vn -0.6352 -0.7357 0.2352
vn -0.0214 -0.9995 0.0216
vn 0.0534 -0.9563 0.2876
vn -0.1344 0.0603 -0.9891
vn 0.0276 -0.7464 0.6650
vn -0.0137 -0.0025 -0.9999
vn -0.0314 -0.0478 -0.9984
vn -0.0242 -0.6913 -0.7222
vn -0.0031 -0.0337 -0.9994
vn -0.2883 -0.0064 -0.9575
vn -0.0070 -0.0437 0.9990
vn 0.0103 -0.0756 -0.9971
vn 0.1720 -0.9555 0.2396
vn -0.0352 -0.5482 -0.8356
vn -0.1687 -0.9419 -0.2905
vn 0.0133 -0.0441 -0.9989
vn 0.0108 -0.0394 -0.9992
vn 0.0399 -0.9991 -0.0128
vn 0.0031 -0.0430 -0.9991
vn -0.0074 -0.0406 -0.9991
vn -0.0651 0.0056 -0.9979
vn -0.0046 0.0267 -0.9996
vn -0.0364 -0.5526 -0.8327
vn -0.0446 0.0863 -0.9953
vn -0.0123 0.0362 -0.9993
vn 0.0111 -0.0118 -0.9999
vn 0.0138 -0.0837 -0.9964
vn 0.0115 -0.0887 -0.9960
vn 0.0032 -0.9640 -0.2660
vn 0.0029 -0.1023 -0.9947
vn 0.0122 -0.0606 -0.9981
vn -0.0018 -0.0327 -0.9995
vn -0.0736 -0.9946 0.0735
vn 0.0639 -0.7248 0.6860
vn 0.0724 -0.0064 -0.9974
vn -0.0527 -0.0783 -0.9955
vn -0.0515 0.1081 -0.9928
vn -0.0819 0.4483 -0.8901
vn -0.0033 -0.0193 -0.9998
vn 0.0265 -0.9490 -0.3143
vn 0.0112 -0.0019 -0.9999
vn 0.0044 -0.0235 -0.9997
vn 0.0046 -0.0144 -0.9999
vn -0.0544 -0.7537 0.6549
vn -0.0149 -0.1312 -0.9912
vn -0.0760 -0.9655 0.2492
vn -0.0053 -0.0517 -0.9986
vn -0.0390 -0.5686 0.8217
vn -0.1104 0.0723 -0.9913
vn 0.0028 -0.0247 -0.9997
vn 0.9992 0.0155 -0.0376
vn 0.9974 0.0705 -0.0174
vn 1.0000 -0.0050 -0.0042
vn 0.9999 -0.0080 0.0074
vn 0.9989 0.0280 -0.0368
vn 0.9998 0.0144 -0.0170
vn 0.9999 -0.0144 -0.0075
vn 0.9451 -0.3203 -0.0644
vn 0.9981 -0.0619 0.0055
vn 0.9996 0.0266 0.0041
vn 0.9516 -0.2996 -0.0692
vn 1.0000 0.0017 -0.0062
vn 0.4377 0.8454 -0.3061
vn 0.9911 0.1215 -0.0548
vn 0.9938 -0.1054 -0.0361
vn 0.9234 -0.3493 -0.1592
vn 0.9988 -0.0356 -0.0332
vn 0.9978 -0.0664 -0.0032
vn 0.9979 0.0584 0.0297
vn 0.9944 0.1016 -0.0298
vn 0.9981 -0.0594 -0.0181
vn 0.9230 -0.3831 -0.0356
vn 0.6843 -0.6539 -0.3228
vn 0.9974 -0.0667 -0.0265
vn 0.9994 0.0076 -0.0333
vn 0.9976 -0.0642 -0.0247
vn 0.8866 0.4091 0.2157
vn 0.9998 -0.0173 -0.0109
vn 0.9945 -0.1022 -0.0230
vn 0.9978 -0.0628 0.0217
vn 0.9993 0.0279 0.0245
vn 0.0056 -0.0078 -1.0000
vn 0.0277 -0.0381 -0.9989
vn -0.0015 0.0072 -1.0000
vn 0.0504 0.0331 -0.9982
vn -0.0216 0.1655 -0.9860
vn 0.0053 0.1010 -0.9949
vn 0.1175 0.2229 -0.9677
vn 0.1358 0.4362 -0.8895
vn 0.0276 0.0608 -0.9978
vn 0.0068 -0.0280 -0.9996
vn -0.0822 0.1369 -0.9872
vn -0.0571 0.0710 -0.9958
vn -0.5800 -0.2488 -0.7757
vn -0.0038 0.0469 -0.9989
vn 0.0844 -0.1169 -0.9896
vn 0.4113 -0.2834 -0.8663
vn 0.1947 -0.8510 0.4878
vn 0.0727 0.1995 -0.9772
vn 0.0381 0.0563 -0.9977
vn 0.0009 0.0132 -0.9999
vn -0.0302 -0.0745 -0.9968
vn -0.1187 0.0980 -0.9881
vn 0.1088 0.1823 -0.9772
vn 0.0848 -0.1610 -0.9833
vn -0.1010 -0.2859 -0.9529
vn 0.1649 0.0024 -0.9863
vn -0.2604 0.0540 -0.9640
vn 0.1908 -0.1917 -0.9627
vn 0.0034 -0.0683 -0.9977
vn 0.0603 0.1390 -0.9885
vn -0.0690 0.0687 -0.9953
vn -0.0091 0.0293 -0.9995
vn 0.1554 -0.3790 -0.9123
vn 0.0212 -0.0418 -0.9989
vn 0.0541 -0.9544 0.2937
vn -0.8523 -0.2154 -0.4766
vn 0.0060 0.0073 -1.0000
vn -0.1361 -0.9620 0.2366
vn 0.0025 -0.3992 -0.9169
vn -0.0323 0.0430 -0.9986
vn -0.0578 0.0084 -0.9983
vn -0.0276 0.0524 -0.9982
vn -0.1583 0.4409 -0.8835
vn -0.1665 0.0947 -0.9815
vn 0.0136 0.0633 -0.9979
vn -0.1160 0.3128 -0.9427
vn -0.1825 0.1167 -0.9762
vn -0.1581 -0.9873 -0.0134
vn 0.2303 -0.0597 -0.9713
vn -0.1201 -0.0973 -0.9880
vn 0.1115 0.0684 -0.9914
vn -0.0214 0.2429 -0.9698
vn -0.4611 -0.0093 -0.8873
vn 0.0127 0.1064 -0.9942
vn -0.1270 -0.8995 -0.4181
vn 0.7027 -0.6084 -0.3688
vn 0.2144 0.1447 -0.9660
vn -0.1664 -0.9600 -0.2252
vn 0.0816 0.6613 -0.7457
vn 0.0044 -0.0098 -0.9999
vn 0.0307 0.0139 -0.9994
vn -0.0584 0.8694 0.4907
vn 0.1459 0.1541 -0.9772
vn 0.0361 0.0562 -0.9978
vn 0.3509 0.8433 0.4072
vn -0.0936 0.9955 -0.0149
vn -0.3657 0.7617 0.5348
vn -0.0058 -0.0452 -0.9990
vn 0.2822 0.0247 -0.9590
vn -0.1511 0.1888 -0.9703
vn 0.1110 -0.9475 0.3000
vn 0.0033 0.1407 -0.9900
vn 0.0148 0.0361 -0.9992
vn 0.0490 -0.1181 -0.9918
vn 0.0187 -0.9996 -0.0204
vn 0.0210 0.7834 0.6212
vn -0.0794 0.2297 -0.9700
vn 0.6329 0.0535 -0.7724
vn 0.4774 -0.4826 -0.7343
vn 0.3872 0.3130 -0.8672
vn -0.0040 -0.0178 -0.9998
vn 0.0032 1.0000 -0.0004
vn 0.0061 1.0000 -0.0001
vn 0.0022 1.0000 -0.0009
vn 0.9712 -0.2380 0.0102
vn 0.0098 0.9999 0.0098
vn 0.0262 0.9996 0.0136
vn 0.0015 1.0000 0.0005
vn 0.0007 1.0000 0.0001
vn 0.1274 0.9696 0.2090
vn 0.0547 0.9985 -0.0082
vn 0.0024 1.0000 0.0009
vn 0.5475 0.7963 0.2572
vn -0.0035 0.9947 -0.1031
vn 0.0006 1.0000 -0.0019
vn -0.0035 1.0000 0.0022
vn 0.0014 1.0000 -0.0007
vn 0.0020 1.0000 0.0002
vn 0.0004 1.0000 0.0003
vn 0.0002 1.0000 0.0008
vn 0.0384 0.3073 -0.9508
vn 0.0316 0.9978 -0.0579
vn -0.0002 1.0000 -0.0000
vn 0.0012 1.0000 0.0012
vn 0.0504 0.7597 -0.6483
vn 0.1402 0.9860 -0.0904
vn 0.0044 1.0000 0.0034
vn 0.0002 1.0000 -0.0000
vn 0.0001 1.0000 0.0006
vn 0.0001 1.0000 0.0002
vn -0.0147 0.9998 0.0138
vn 0.0002 1.0000 0.0001
vn -0.0013 0.1467 -0.9892
vn -0.0017 1.0000 -0.0049
vn 0.0003 0.9994 -0.0340
vn 0.0001 1.0000 -0.0003
vn -0.0282 0.9996 -0.0078
vn 0.0043 0.9625 0.2713
vn -0.0002 1.0000 -0.0007
vn -0.0003 1.0000 -0.0006
vn -0.0009 1.0000 -0.0014
vn -0.0001 1.0000 0.0016
vn -0.0197 0.9994 0.0281
vn -0.0000 1.0000 0.0013
vn -0.0010 1.0000 0.0021
vn 0.0002 1.0000 -0.0022
vn -0.0000 1.0000 -0.0006
vn -0.0089 0.9999 0.0120
vn 0.3919 0.8167 -0.4235
vn 0.2396 0.9341 -0.2647
vn 0.0019 0.9999 0.0167
vn -0.0001 1.0000 -0.0000
vn -0.0002 0.9998 0.0207
vn 0.0218 0.9997 -0.0138
vn -0.0015 -0.5039 0.8638
vn -0.0005 1.0000 -0.0001
vn 0.0002 1.0000 -0.0005
vn -0.2082 0.6617 -0.7203
vn -0.0223 0.9792 -0.2018
vn 0.0064 0.9987 -0.0500
vn -0.0003 1.0000 -0.0002
vn -0.0003 1.0000 -0.0009
vn -0.0000 1.0000 -0.0002
vn 0.0007 1.0000 0.0034
vn -0.0336 0.9994 0.0092
vn 0.0157 0.9998 -0.0093
vn -0.0001 1.0000 0.0006
vn -0.0001 1.0000 0.0002
vn 0.1443 0.8105 -0.5677
vn -0.0096 -0.1500 -0.9886
vn 0.0122 0.9996 -0.0250
vn -0.0004 1.0000 -0.0001
vn -0.0007 1.0000 -0.0031
vn -0.0000 1.0000 0.0002
vn -0.0003 1.0000 0.0001
vn 0.0001 1.0000 0.0008
vn -0.0030 1.0000 0.0005
vn -0.0004 1.0000 -0.0016
vn -0.0027 1.0000 0.0037
vn -0.0020 1.0000 0.0010
vn -0.0012 1.0000 -0.0015
vn -0.0005 1.0000 0.0002
vn -0.0009 1.0000 0.0004
vn -0.0019 1.0000 0.0023
vn 0.0290 0.9978 -0.0590
vn -0.0004 1.0000 -0.0005
vn -0.0011 1.0000 0.0012
vn -0.0010 1.0000 -0.0013
vn -0.0009 1.0000 -0.0009
vn -0.0038 1.0000 0.0005
vn -0.0135 0.9999 -0.0044
vn -0.1820 0.9832 -0.0141
vn -0.0853 0.9951 0.0490
vn -0.2121 0.9155 -0.3420
vn -0.0028 1.0000 -0.0027
vn -0.0113 0.9999 -0.0125
vn -0.0046 1.0000 0.0018
vn -0.0051 1.0000 0.0005
vn -0.0161 0.9994 -0.0320
vn 0.1450 -0.9700 -0.1950
vn -0.4113 -0.7413 0.5303
vn 0.0192 -0.6230 0.7820
vn 0.1508 -0.9885 -0.0126
vn -0.0241 -0.4821 -0.8758
vn 0.0018 -0.9665 0.2565
vn 0.0589 -0.9983 -0.0008
vn 0.8861 -0.4633 0.0148
vn 0.3986 -0.5892 0.7028
vn 0.0951 -0.9652 -0.2435
vn 0.1612 -0.7969 0.5822
vn 0.0541 -0.9928 0.1067
vn 0.0860 -0.9953 -0.0436
vn -0.0183 -0.7135 0.7004
vn 0.0687 -0.9960 -0.0564
vn -0.2468 -0.1779 -0.9526
vn -0.0252 -0.5748 -0.8179
vn 0.1313 -0.9777 -0.1636
vn 0.0337 -0.9990 -0.0280
vn -0.0028 -0.9998 -0.0182
vn 0.0054 -0.9885 -0.1512
vn 0.0019 -1.0000 -0.0083
vn 0.0579 -0.9982 -0.0169
vn -0.0059 -1.0000 -0.0021
vn 0.0001 -1.0000 -0.0012
vn -0.0074 -1.0000 -0.0005
vn 0.1373 -0.9905 -0.0006
vn -0.0033 -1.0000 0.0007
vn -0.0044 -1.0000 -0.0003
vn -0.0050 -1.0000 0.0051
vn 0.0024 -1.0000 0.0072
vn -0.0039 -1.0000 -0.0020
vn -0.0031 -1.0000 0.0003
vn 0.1619 -0.9868 -0.0040
vn -0.0044 -1.0000 -0.0035
vn 0.0550 -0.9981 -0.0276
vn -0.0044 -1.0000 0.0007
vn -0.0026 -1.0000 -0.0041
vn -0.0078 -1.0000 -0.0033
vn -0.0036 -1.0000 -0.0006
vn -0.0037 -1.0000 0.0002
vn 0.0013 -1.0000 -0.0058
vn 0.0928 -0.9928 0.0755
vn -0.0273 -0.9995 0.0141
vn -0.0303 -0.9992 0.0249
vn 0.0757 -0.9963 -0.0412
vn -0.0065 -1.0000 0.0019
vn -0.0068 -1.0000 -0.0009
vn -0.0014 -1.0000 0.0001
vn 0.0009 -1.0000 -0.0015
vn -0.0048 -1.0000 -0.0000
vn -0.0011 -1.0000 -0.0002
vn -0.0034 -1.0000 0.0021
vn 0.1675 -0.9857 0.0168
vn 0.0891 -0.9960 0.0001
vn -0.0030 -1.0000 -0.0001
vn -0.0017 -1.0000 -0.0011
vn 0.0017 -1.0000 -0.0036
vn -0.0119 -0.9998 -0.0135
vn -0.0052 -1.0000 -0.0000
vn 0.0693 -0.9976 -0.0017
vn 0.0046 -1.0000 -0.0062
vn -0.0025 -1.0000 -0.0001
vn 0.0794 -0.9967 -0.0136
vn -0.0033 -1.0000 -0.0074
vn -0.0028 -1.0000 -0.0021
vn 0.0017 -1.0000 -0.0084
vn -0.0000 -1.0000 -0.0085
vn 0.0009 -1.0000 -0.0027
vn -0.0004 -1.0000 -0.0025
vn 0.5071 -0.8267 -0.2439
vn -0.0059 -1.0000 0.0049
vn 0.0543 -0.9985 0.0013
vn 0.1064 -0.9941 -0.0193
vn 0.0002 -1.0000 -0.0000
vn -0.0000 -1.0000 -0.0001
vn 0.0007 -1.0000 0.0006
vn 0.0149 -0.9999 0.0051
vn 0.0063 -1.0000 0.0005
vn 0.0873 -0.9949 -0.0499
vn 0.0876 -0.9958 -0.0258
vn 0.0068 -1.0000 -0.0034
vn 0.1376 -0.9905 -0.0005
vn 0.0018 -1.0000 0.0007
vn 0.0363 -0.9985 -0.0415
vn 0.0035 -1.0000 0.0015
vn 0.0001 -1.0000 -0.0001
vn 0.0002 -1.0000 -0.0001
vn 0.1100 -0.9917 -0.0671
vn 0.0003 -1.0000 -0.0001
vn -0.0140 -0.9998 0.0103
vn 0.1980 -0.9802 0.0090
vn 0.0192 -0.9998 -0.0035
vn 0.0019 -1.0000 0.0012
vn 0.0074 -1.0000 -0.0001
vn -0.0351 -0.9987 -0.0376
vn 0.0016 -1.0000 -0.0000
vn 0.0001 -1.0000 -0.0008
vn 0.0034 -1.0000 0.0014
vn 0.2301 -0.9732 -0.0021
vn 0.0010 -1.0000 -0.0013
vn 0.0008 -1.0000 -0.0009
vn 0.0051 -1.0000 -0.0014
vn 0.0064 -1.0000 0.0029
vn 0.0002 -1.0000 -0.0012
vn 0.0011 -1.0000 0.0001
vn 0.0020 -1.0000 -0.0059
vn 0.0015 -1.0000 0.0013
vn 0.0004 -1.0000 -0.0014
vn 0.0023 -1.0000 0.0014
vn 0.0010 -1.0000 0.0002
vn -0.0355 -0.9992 -0.0173
vn 0.0010 -1.0000 0.0011
vn 0.0004 -1.0000 -0.0006
vn 0.4400 -0.8707 0.2197
vn 0.0047 -1.0000 0.0005
vn 0.0002 -1.0000 -0.0010
vn 0.0001 -1.0000 0.0002
vn 0.0010 -1.0000 -0.0008
vn 0.2532 -0.9665 -0.0412
vn 0.0045 -1.0000 0.0031
vn -0.0026 -1.0000 0.0082
vn 0.0002 -1.0000 0.0001
vn 0.0003 -1.0000 0.0003
vn 0.0003 -1.0000 0.0001
vn 0.0586 -0.9980 -0.0243
vn 0.0878 -0.9936 -0.0713
vn 0.0037 -1.0000 0.0044
vn 0.0071 -0.9999 0.0080
vn -0.0272 -0.9984 0.0488
vn -0.0039 -0.9806 -0.1959
vn 0.0053 -1.0000 -0.0012
vn -0.0456 -0.9953 -0.0858
vn 0.0145 -0.9932 -0.1156
vn -0.0005 -0.9995 -0.0312
vn -0.0358 -0.9383 -0.3439
vn 0.0001 -1.0000 -0.0060
vn -0.0017 -1.0000 0.0016
vn -0.0002 -1.0000 -0.0002
vn -0.0003 -1.0000 -0.0000
vn -0.0028 -1.0000 -0.0029
vn -0.0010 -1.0000 0.0001
vn -0.0010 -1.0000 -0.0015
vn -0.0011 -1.0000 -0.0095
vn 0.0078 -1.0000 -0.0039
vn 0.0009 -0.9999 -0.0137
vn -0.0017 -0.9999 -0.0122
vn -0.0007 -1.0000 -0.0081
vn 0.0004 -1.0000 -0.0005
vn 0.0011 -1.0000 -0.0005
vn 0.0001 -1.0000 -0.0002
vn -0.0002 -1.0000 -0.0001
vn -0.0000 -1.0000 -0.0003
vn 0.0002 -1.0000 -0.0004
vn 0.0010 -1.0000 0.0001
vn -0.0025 -1.0000 -0.0033
vn 0.0003 -1.0000 -0.0013
vn -0.0217 -0.9994 -0.0281
vn 0.0022 -1.0000 -0.0021
vn 0.0031 -1.0000 -0.0040
vn 0.0020 -1.0000 -0.0010
vn 0.0058 -1.0000 -0.0033
vn 0.0040 -1.0000 -0.0006
vn 0.0023 -1.0000 -0.0056
vn 0.0032 -1.0000 -0.0063
vn 0.0065 -1.0000 -0.0047
vn 0.0087 -0.9999 -0.0063
vn 0.0068 -1.0000 -0.0038
vn 0.0034 -1.0000 -0.0039
vn 0.0021 -1.0000 -0.0017
vn -0.0005 -1.0000 -0.0064
vn 0.0050 -1.0000 0.0024
vn 0.0031 -1.0000 -0.0039
vn 0.0009 -1.0000 0.0004
vn 0.0028 -1.0000 0.0039
vn -0.0008 -1.0000 0.0040
vn 0.0010 -1.0000 0.0008
vn -0.0001 -1.0000 0.0006
vn -0.0006 -1.0000 -0.0001
vn 0.0001 -1.0000 0.0019
vn -0.0011 -1.0000 0.0036
vn 0.0355 -0.9062 0.4214
vn 0.0004 -0.9999 -0.0161
vn -0.0787 -0.9844 -0.1573
vn -0.0005 -1.0000 -0.0037
vn -0.0170 -0.9999 -0.0004
vn -0.0064 -1.0000 0.0033
vn -0.0064 -1.0000 -0.0053
vn 0.0023 -1.0000 0.0029
vn -0.0036 -1.0000 -0.0017
vn -0.0008 -1.0000 -0.0010
vn -0.0001 -1.0000 -0.0005
vn -0.0000 -1.0000 0.0002
vn -0.0002 -1.0000 0.0006
vn 0.0053 -1.0000 0.0029
vn 0.0025 -1.0000 0.0008
vn 0.0150 -0.9998 0.0134
vn -0.0001 -1.0000 -0.0043
vn 0.0097 -1.0000 -0.0018
vn 0.0014 -1.0000 -0.0012
vn 0.0012 -0.9999 -0.0145
vn -0.0021 -0.9999 -0.0099
vn -0.0000 -1.0000 -0.0082
vn -0.0003 -1.0000 -0.0001
vn -0.0000 -1.0000 -0.0002
vn -0.0002 -1.0000 -0.0007
vn -0.0000 -1.0000 -0.0009
vn 0.0012 -1.0000 -0.0010
vn 0.0022 -1.0000 -0.0008
vn 0.0010 -1.0000 -0.0001
vn 0.0043 -1.0000 -0.0010
vn 0.0057 -1.0000 -0.0003
vn 0.0045 -1.0000 -0.0002
vn 0.0037 -1.0000 0.0051
vn 0.0013 -1.0000 0.0021
vn 0.0003 -1.0000 -0.0011
vn -0.0003 -1.0000 0.0005
vn -0.0027 -1.0000 -0.0040
vn -0.0001 -1.0000 -0.0006
vn -0.0024 -1.0000 -0.0013
vn 0.0010 -1.0000 -0.0093
vn 0.0007 -1.0000 -0.0091
vn -0.0063 -1.0000 0.0036
vn 0.0008 -1.0000 0.0007
vn 0.0007 -1.0000 -0.0044
vn -0.0188 -0.9998 0.0094
vn 0.0035 -1.0000 0.0045
vn -0.0004 -1.0000 0.0021
vn -0.0088 -1.0000 0.0014
vn 0.0002 -1.0000 0.0002
vn -0.0062 -1.0000 0.0022
vn -0.0028 -1.0000 0.0001
vn -0.0076 -0.9999 0.0088
vn -0.0004 -1.0000 0.0062
vn 0.0020 -1.0000 0.0023
vn 0.3251 -0.6125 0.7205
vn 0.0456 -0.3022 0.9521
vn 0.0381 -0.9847 0.1699
vn 0.0018 -0.9998 0.0176
vn 0.0209 -0.9906 -0.1354
vn -0.2814 -0.9033 0.3237
vn 0.0417 -0.9986 -0.0324
vn 0.1077 -0.9640 -0.2432
vn 0.0841 -0.9920 0.0936
vn -0.2150 -0.8571 -0.4682
vn -0.3768 -0.8757 0.3020
vn -0.1980 -0.9792 0.0442
vn 0.0002 -1.0000 -0.0005
vn 0.0002 -1.0000 -0.0003
vn 0.0003 -1.0000 -0.0000
vn 0.0001 -1.0000 0.0004
vn -0.0001 -1.0000 0.0004
vn -0.0000 -1.0000 0.0004
vn -0.0002 -1.0000 0.0002
vn -0.0002 -1.0000 0.0001
vn -0.0009 -1.0000 -0.0019
vn 0.0258 -0.9997 -0.0015
vn -0.0080 -0.9990 -0.0433
vn -0.0010 -1.0000 -0.0030
vn 0.0173 -0.9996 0.0225
vn -0.0379 -0.9985 0.0395
vn -0.0057 -0.9986 -0.0535
vn 0.0008 -1.0000 -0.0080
vn 0.0001 -1.0000 -0.0004
vn -0.0020 -1.0000 0.0029
vn -0.0057 -1.0000 0.0010
vn -0.0001 -1.0000 0.0010
vn -0.0111 -0.9999 0.0010
vn 0.0012 -1.0000 0.0018
vn -0.0015 -1.0000 0.0027
vn -0.0143 -0.9999 -0.0039
vn -0.0023 -1.0000 -0.0081
vn -0.0083 -0.9999 -0.0111
vn -0.0040 -1.0000 0.0018
vn -0.0106 -0.9999 -0.0107
vn 0.0002 -1.0000 -0.0086
vn 0.0060 -1.0000 -0.0060
vn -0.0208 -0.9998 -0.0044
vn -0.0102 -0.9999 -0.0016
vn 0.0005 -1.0000 0.0048
vn -0.0018 -1.0000 0.0001
vn -0.0170 -0.9999 0.0018
vn -0.0256 -0.9996 -0.0092
vn 0.0021 -1.0000 0.0070
vn 0.0014 -1.0000 0.0055
vn -0.0104 -0.9999 0.0024
vn -0.0178 -0.9998 0.0014
vn -0.0061 -0.9998 0.0209
vn 0.0016 -1.0000 0.0020
vn -0.0062 -1.0000 0.0065
vn -0.0156 -0.9999 0.0006
vn -0.0135 -0.9999 0.0001
vn -0.0090 -1.0000 0.0044
vn 0.0057 -0.9999 0.0147
vn -0.0138 -0.9999 -0.0004
vn 0.0004 -1.0000 0.0009
vn -0.0112 -0.9999 0.0060
vn -0.0083 -1.0000 0.0032
vn -0.0110 -0.9999 0.0005
vn -0.0099 -1.0000 -0.0016
vn -0.0140 -0.9999 0.0067
vn -0.0000 -1.0000 -0.0055
vn -0.0124 -0.9998 -0.0179
vn -0.0056 -1.0000 -0.0026
vn -0.0058 -1.0000 0.0009
vn -0.0088 -0.9998 0.0182
vn 0.0046 -1.0000 -0.0041
vn -0.0663 -0.9972 0.0351
vn 0.0029 -1.0000 -0.0030
vn -0.0204 -0.9987 0.0472
vn 0.2332 -0.9470 0.2209
vn 0.1072 -0.9715 0.2114
vn -0.3939 -0.8581 -0.3294
vn 0.0038 -1.0000 0.0047
vn -0.0000 -1.0000 -0.0005
vn -0.0002 -1.0000 -0.0003
vn -0.0002 -1.0000 -0.0004
vn -0.0001 -1.0000 0.0003
vn -0.0010 -1.0000 -0.0004
vn 0.0005 -1.0000 -0.0054
vn -0.0342 -0.9986 0.0392
vn -0.0013 -1.0000 -0.0091
vn 0.0011 -1.0000 -0.0067
vn 0.0016 -1.0000 -0.0025
vn 0.0005 -1.0000 -0.0022
vn -0.0001 -1.0000 0.0001
vn 0.0012 -0.9999 0.0114
vn 0.0017 -1.0000 0.0092
vn -0.0078 -1.0000 0.0059
vn -0.0195 -0.9998 -0.0041
vn -0.0041 -1.0000 -0.0015
vn 0.0054 -1.0000 -0.0028
vn -0.0116 -0.9999 -0.0127
vn -0.0112 -0.9998 -0.0135
vn -0.0140 -0.9997 -0.0209
vn -0.0118 -0.9999 0.0048
vn -0.0002 -1.0000 0.0022
vn 0.0007 -1.0000 0.0028
vn -0.0018 -1.0000 0.0006
vn 0.0009 -1.0000 0.0089
vn -0.0060 -0.9999 0.0101
vn -0.0070 -1.0000 0.0041
vn -0.0138 -0.9997 0.0187
vn -0.0213 -0.9998 0.0028
vn -0.0022 -1.0000 -0.0029
vn -0.0247 -0.9997 -0.0008
vn -0.0271 -0.9996 -0.0038
vn -0.0240 -0.9997 0.0007
vn -0.0137 -0.9999 0.0001
vn -0.0261 -0.9997 -0.0017
vn -0.0046 -1.0000 0.0019
vn -0.0023 -1.0000 0.0012
vn -0.0072 -1.0000 0.0047
vn -0.0121 -0.9998 0.0167
vn -0.0003 -1.0000 0.0015
vn -0.0067 -1.0000 0.0002
vn -0.0148 -0.9999 0.0006
vn -0.0146 -0.9999 0.0008
vn -0.0135 -0.9999 -0.0004
vn 0.0028 -1.0000 -0.0025
vn -0.0051 -1.0000 -0.0006
vn -0.0021 -1.0000 -0.0001
vn -0.0034 -1.0000 0.0001
vn -0.0006 -1.0000 0.0001
vn -0.0098 -1.0000 -0.0007
vn -0.0103 -0.9999 -0.0016
vn -0.0021 -1.0000 -0.0006
vn -0.0022 -1.0000 0.0007
vn -0.0001 -1.0000 0.0005
vn -0.0026 -1.0000 0.0026
vn -0.0032 -1.0000 0.0034
vn 0.0006 -1.0000 0.0075
vn 0.1093 -0.9345 0.3386
vn -0.0515 -0.9936 0.1009
vn -0.0286 -0.9517 -0.3056
vn -0.0910 -0.9598 0.2655
vn -0.1406 -0.9847 0.1033
vn 0.0002 -0.9857 -0.1687
vn -0.1586 -0.9750 0.1558
vn -0.0250 -0.9981 0.0567
vn -0.0349 -0.9989 -0.0328
vn 0.2064 -0.9577 -0.2004
vn 0.0063 -1.0000 0.0013
vn -0.0001 -1.0000 -0.0004
vn -0.0018 -1.0000 -0.0005
vn -0.0010 -1.0000 -0.0053
vn 0.0020 -0.9999 -0.0124
vn -0.0004 -0.9999 -0.0129
vn 0.0008 -1.0000 -0.0019
vn 0.0044 -0.9999 -0.0112
vn -0.0000 -1.0000 -0.0008
vn -0.0001 -1.0000 0.0015
vn -0.0003 -1.0000 0.0002
vn 0.0013 -1.0000 0.0083
vn -0.0010 -0.9999 0.0126
vn -0.0002 -1.0000 -0.0026
vn 0.0121 -0.9998 0.0144
vn 0.0017 -1.0000 -0.0025
vn -0.0099 -0.9998 0.0152
vn 0.0021 -1.0000 0.0051
vn -0.0012 -0.9999 0.0106
vn -0.0021 -1.0000 0.0090
vn -0.0010 -0.9999 0.0123
vn 0.0020 -0.9999 0.0102
vn -0.0031 -1.0000 -0.0019
vn 0.0017 -1.0000 -0.0011
vn -0.0013 -1.0000 -0.0006
vn -0.0010 -1.0000 0.0035
vn -0.0005 -1.0000 0.0005
vn -0.0004 -1.0000 0.0022
vn -0.0001 -1.0000 0.0009
vn 0.0079 -1.0000 0.0034
vn 0.0019 -1.0000 0.0055
vn 0.0112 -0.9999 0.0016
vn 0.0094 -0.9999 0.0096
vn -0.0333 -0.9993 -0.0165
vn 0.0990 -0.9880 0.1185
vn 0.0005 -1.0000 0.0009
vn 0.4500 -0.8705 -0.1996
vn 0.3009 -0.9536 -0.0005
vn 0.4591 -0.7922 -0.4019
vn -0.3536 -0.9062 0.2317
vn -0.1805 -0.9122 0.3678
vn 0.0014 -0.9999 0.0115
vn -0.0441 -0.9366 -0.3475
vn -0.0161 -0.9575 0.2880
vn 0.0046 -0.9966 -0.0819
vn -0.0743 -0.9405 -0.3315
vn 0.0004 -1.0000 -0.0003
vn -0.0001 -1.0000 -0.0002
vn -0.0012 -1.0000 -0.0057
vn 0.0003 -1.0000 -0.0093
vn -0.0071 -0.9999 -0.0100
vn -0.0023 -0.9999 -0.0118
vn -0.0033 -0.9999 -0.0114
vn -0.0150 -0.9999 -0.0077
vn -0.0137 -0.9997 -0.0225
vn -0.0044 -0.9999 -0.0145
vn -0.0031 -1.0000 -0.0042
vn 0.0037 -1.0000 -0.0036
vn -0.0012 -1.0000 0.0091
vn 0.0010 -1.0000 0.0076
vn 0.0003 -1.0000 0.0086
vn -0.0007 -1.0000 -0.0098
vn -0.0048 -1.0000 -0.0078
vn -0.0022 -0.9999 -0.0123
vn -0.0012 -0.9999 -0.0122
vn 0.0179 -0.9998 -0.0123
vn -0.0003 -0.9999 -0.0107
vn -0.0006 -1.0000 -0.0037
vn 0.0056 -0.9999 -0.0092
vn -0.0011 -1.0000 -0.0042
vn -0.0003 -1.0000 -0.0035
vn -0.0006 -1.0000 0.0023
vn -0.0001 -1.0000 0.0021
vn 0.0007 -1.0000 0.0023
vn -0.0019 -1.0000 0.0003
vn 0.0003 -1.0000 0.0015
vn -0.0013 -1.0000 0.0015
vn -0.1121 -0.9929 0.0398
vn 0.0090 -0.9999 0.0098
vn 0.0023 -0.9999 0.0113
vn -0.0039 -1.0000 0.0021
vn 0.0010 -0.9999 0.0119
vn -0.0052 -0.9999 0.0123
vn 0.0001 -0.9999 0.0135
vn -0.0012 -1.0000 0.0088
vn -0.0006 -1.0000 0.0051
vn 0.0008 -1.0000 0.0006
vn -0.0005 -1.0000 -0.0001
vn -0.0003 -1.0000 0.0006
vn -0.0000 -1.0000 0.0003
vn -0.0000 -1.0000 0.0007
vn -0.0000 -1.0000 0.0019
vn -0.0487 -0.9816 0.1846
vn -0.0034 -1.0000 -0.0037
vn -0.0003 -1.0000 0.0019
vn 0.0015 -1.0000 0.0038
vn -0.0011 -1.0000 0.0019
vn 0.0389 -0.9974 0.0611
vn 0.0412 -0.9082 0.4164
vn 0.0012 -1.0000 -0.0016
vn 0.0009 -1.0000 -0.0009
vn -0.0204 -0.9989 0.0430
vn 0.0651 -0.8861 -0.4589
vn 0.1013 -0.9516 0.2902
vn 0.2679 -0.6765 -0.6859
vn -0.1574 -0.9840 0.0834
vn -0.0010 -1.0000 -0.0026
vn -0.0406 -0.9902 -0.1334
vn 0.0111 -0.6102 -0.7922
vn -0.0051 -0.9920 -0.1258
vn 0.0061 -0.8476 -0.5305
vn 0.0041 -0.9958 -0.0913
vn -0.1830 -0.9231 -0.3383
vn 0.0019 -0.4378 -0.8991
vn 0.0056 -0.9997 0.0217
vn -0.0359 -0.9929 0.1134
vn 0.0026 -0.9958 -0.0913
vn 0.0144 -0.9998 -0.0163
vn -0.0020 -1.0000 -0.0068
vn 0.0004 -1.0000 0.0002
vn 0.0003 -1.0000 0.0005
vn -0.0000 -1.0000 -0.0011
vn 0.0024 -0.9999 -0.0102
vn 0.0009 -1.0000 -0.0046
vn 0.0005 -0.9999 -0.0105
vn 0.0009 -1.0000 -0.0079
vn -0.0017 -1.0000 0.0037
vn -0.0018 -0.9999 0.0108
vn 0.0003 -1.0000 0.0049
vn 0.0017 -1.0000 0.0033
vn -0.0100 -0.9999 -0.0120
vn 0.0145 -0.9999 0.0040
vn -0.0016 -1.0000 -0.0058
vn -0.0031 -0.9999 -0.0128
vn 0.0005 -1.0000 -0.0037
vn 0.0003 -1.0000 -0.0018
vn -0.0009 -1.0000 0.0021
vn -0.0080 -0.9997 0.0218
vn -0.0035 -1.0000 0.0063
vn 0.5673 -0.7980 0.2035
vn 0.0030 -0.9997 0.0237
vn 0.0018 -1.0000 0.0070
vn -0.0002 -1.0000 0.0015
vn 0.0019 -1.0000 0.0020
vn 0.0024 -1.0000 0.0006
vn -0.0001 -1.0000 0.0011
vn -0.0002 -0.9999 -0.0156
vn 0.0023 -1.0000 0.0049
vn 0.0259 -0.9983 0.0531
vn 0.0074 -0.9849 0.1730
vn -0.2122 -0.9433 -0.2553
vn 0.0342 -0.9994 -0.0072
vn 0.0256 -0.9947 0.0999
vn 0.0892 -0.6910 0.7173
vn -0.1024 -0.9947 0.0029
vn 0.0808 -0.9852 -0.1509
vn 0.0735 -0.9138 0.3995
vn -0.3613 -0.9250 -0.1179
vn -0.4941 -0.8544 -0.1608
vn -0.2660 -0.8899 -0.3705
vn 0.0112 -0.9956 -0.0925
vn 0.0868 -0.9826 -0.1643
vn -0.0001 -1.0000 -0.0024
vn -0.0003 -1.0000 -0.0004
vn -0.0004 -1.0000 -0.0006
vn 0.0074 -0.9998 -0.0197
vn -0.0022 -1.0000 -0.0067
vn 0.0009 -1.0000 -0.0070
vn -0.0012 -1.0000 0.0039
vn 0.0020 -1.0000 0.0061
vn 0.0110 -0.9999 0.0079
vn -0.0010 -1.0000 -0.0023
vn 0.0004 -1.0000 -0.0054
vn -0.0056 -1.0000 -0.0060
vn 0.0001 -0.9997 -0.0253
vn -0.0019 -1.0000 -0.0088
vn -0.0013 -1.0000 0.0082
vn 0.0004 -1.0000 0.0026
vn -0.0004 -1.0000 0.0007
vn 0.0002 -1.0000 0.0014
vn -0.0001 -1.0000 0.0007
vn 0.0002 -1.0000 0.0012
vn -0.0003 -1.0000 0.0010
vn -0.0012 -1.0000 0.0012
vn -0.0031 -1.0000 0.0014
vn 0.0987 -0.0922 -0.9908
vn 0.3001 -0.7608 -0.5754
vn -0.2745 -0.8862 -0.3732
vn 0.5100 -0.6682 -0.5416
vn 0.1557 -0.6845 0.7122
vn 0.0130 -0.9997 0.0209
vn -0.0222 -0.9432 -0.3314
vn -0.0002 -1.0000 -0.0006
vn 0.0001 -1.0000 -0.0009
vn -0.0001 -1.0000 0.0002
vn 0.0015 -1.0000 -0.0075
vn -0.0030 -0.9999 -0.0118
vn 0.0030 -0.9999 -0.0156
vn -0.0023 -0.9999 -0.0124
vn -0.0000 -1.0000 -0.0079
vn 0.0005 -1.0000 -0.0024
vn 0.0017 -0.9999 0.0107
vn -0.0002 -0.9999 0.0120
vn 0.0006 -0.9999 0.0100
vn -0.0000 -1.0000 0.0054
vn 0.0007 -1.0000 -0.0054
vn 0.0005 -0.9999 -0.0125
vn -0.0010 -1.0000 -0.0018
vn 0.0001 -0.9999 -0.0153
vn 0.0002 -0.9999 -0.0106
vn -0.0000 -1.0000 0.0048
vn 0.0006 -1.0000 0.0080
vn 0.0008 -1.0000 0.0077
vn 0.0014 -1.0000 0.0079
vn -0.0019 -1.0000 0.0011
vn -0.0008 -1.0000 0.0041
vn -0.0006 -1.0000 -0.0009
vn -0.0013 -1.0000 0.0016
vn 0.0033 -1.0000 -0.0007
vn -0.0018 -1.0000 0.0040
vn 0.0001 -1.0000 0.0047
vn -0.0162 -0.9852 0.1704
vn -0.0033 -0.9999 -0.0157
vn -0.0178 -0.9998 -0.0017
vn 0.0667 -0.9944 0.0822
vn -0.3145 -0.8993 -0.3038
vn 0.0625 -0.8907 -0.4503
vn -0.2122 -0.9723 0.0981
vn -0.2894 -0.9141 -0.2841
vn 0.0591 -0.5842 -0.8095
vn 0.0977 -0.5936 -0.7988
vn 0.0310 -0.9821 -0.1858
vn -0.0753 -0.9971 -0.0129
vn 0.0693 -0.9949 -0.0726
vn 0.0045 -1.0000 -0.0007
vn 0.0004 -1.0000 -0.0000
vn 0.0002 -1.0000 -0.0002
vn 0.0002 -1.0000 -0.0006
vn -0.0002 -1.0000 -0.0035
vn 0.0002 -1.0000 -0.0081
vn 0.0001 -1.0000 -0.0016
vn -0.0004 -1.0000 0.0047
vn -0.0010 -1.0000 0.0082
vn -0.0033 -1.0000 0.0081
vn 0.0020 -0.9999 0.0133
vn -0.0044 -1.0000 -0.0011
vn 0.0043 -1.0000 -0.0012
vn -0.0031 -1.0000 -0.0038
vn 0.0046 -1.0000 -0.0081
vn -0.0061 -0.9999 -0.0148
vn 0.0006 -1.0000 -0.0095
vn 0.0051 -1.0000 -0.0084
vn -0.0016 -1.0000 -0.0034
vn 0.0005 -1.0000 0.0041
vn -0.0034 -1.0000 0.0058
vn -0.0012 -1.0000 0.0025
vn -0.0010 -1.0000 0.0066
vn 0.0002 -1.0000 0.0010
vn 0.0002 -1.0000 0.0007
vn -0.0075 -0.9999 0.0076
vn -0.0008 -1.0000 0.0020
vn -0.0002 -1.0000 0.0014
vn -0.0053 -0.9999 0.0094
vn 0.0035 -1.0000 -0.0017
vn -0.0154 -0.9892 0.1457
vn -0.0161 -0.4592 0.8882
vn 0.0160 -0.9930 0.1170
vn 0.8953 0.0814 0.4379
vn -0.0996 -0.9871 -0.1251
vn 0.0103 -0.9995 -0.0301
vn -0.0002 -1.0000 -0.0008
vn -0.0003 -1.0000 -0.0009
vn 0.0003 -1.0000 -0.0003
vn 0.0005 -1.0000 0.0002
vn 0.0001 -1.0000 -0.0003
vn 0.0014 -1.0000 -0.0085
vn 0.0005 -0.9999 -0.0122
vn 0.0010 -1.0000 -0.0029
vn -0.0003 -1.0000 -0.0002
vn 0.0002 -1.0000 0.0005
vn -0.0004 -1.0000 0.0023
vn 0.0075 -0.9999 0.0085
vn -0.0031 -0.9999 0.0126
vn 0.0034 -1.0000 0.0022
vn -0.0012 -1.0000 -0.0002
vn -0.0070 -0.9999 -0.0117
vn -0.0003 -1.0000 -0.0018
vn -0.0034 -1.0000 -0.0020
vn 0.0010 -1.0000 -0.0091
vn -0.0039 -0.9999 -0.0095
vn -0.0000 -1.0000 -0.0053
vn 0.0006 -0.9999 -0.0115
vn -0.0006 -0.9999 -0.0106
vn -0.0045 -1.0000 0.0026
vn -0.0046 -0.9999 -0.0133
vn 0.0058 -1.0000 -0.0058
vn -0.0005 -1.0000 0.0027
vn 0.0001 -1.0000 0.0098
vn 0.0012 -1.0000 0.0065
vn 0.0004 -1.0000 0.0032
vn -0.0015 -1.0000 0.0058
vn 0.0002 -1.0000 0.0069
vn -0.0000 -1.0000 0.0014
vn 0.0042 -0.9997 0.0239
vn 0.2267 -0.8841 -0.4086
vn -0.0120 -0.9994 -0.0336
vn 0.0004 -1.0000 -0.0027
vn -0.0023 -1.0000 0.0013
vn 0.0050 -0.9841 -0.1777
vn -0.0000 -1.0000 -0.0007
vn -0.0000 -1.0000 0.0009
vn 0.0006 -1.0000 0.0006
vn -0.0000 -1.0000 -0.0031
vn -0.0004 -0.9999 -0.0102
vn -0.0000 -0.9999 -0.0110
vn 0.0007 -0.9999 -0.0135
vn -0.0024 -0.9999 -0.0105
vn -0.0005 -1.0000 -0.0005
vn -0.0010 -1.0000 0.0075
vn -0.0035 -1.0000 0.0013
vn -0.0009 -1.0000 -0.0047
vn 0.0024 -1.0000 0.0073
vn 0.0020 -1.0000 -0.0061
vn 0.0001 -0.9999 -0.0108
vn 0.0018 -0.9999 -0.0103
vn 0.0081 -0.9999 -0.0099
vn 0.0064 -0.9999 -0.0092
vn 0.0107 -0.9999 -0.0124
vn -0.0055 -1.0000 -0.0000
vn -0.0036 -1.0000 -0.0012
vn -0.0002 -1.0000 0.0013
vn 0.0014 -1.0000 0.0001
vn -0.0008 -1.0000 0.0074
vn -0.0002 -1.0000 0.0030
vn 0.0001 -1.0000 0.0049
vn 0.0013 -1.0000 0.0082
vn 0.0003 -1.0000 0.0021
vn 0.0001 -1.0000 0.0005
vn 0.0005 -1.0000 0.0007
vn 0.0003 -1.0000 0.0064
vn -0.0011 -1.0000 0.0041
vn -0.0000 -1.0000 0.0005
vn -0.0055 -1.0000 0.0047
vn -0.0009 -0.9969 0.0783
vn 0.0009 -1.0000 0.0093
vn 0.1350 -0.8818 0.4519
vn 0.1981 -0.9769 0.0806
vn 0.2032 -0.9557 0.2128
vn -0.0769 -0.9830 0.1669
vn 0.0187 -0.9967 0.0796
vn 0.2983 -0.6394 0.7086
vn -0.0458 -0.8257 -0.5622
vn -0.0301 -0.9947 0.0986
vn 0.0010 -1.0000 -0.0037
vn 0.0078 -0.9980 0.0630
vn 0.0249 -0.9986 0.0473
vn -0.1448 -0.9854 -0.0899
vn 0.0058 -0.9999 -0.0141
vn 0.0305 -0.9995 0.0080
vn 0.0004 -1.0000 0.0001
vn 0.0005 -1.0000 -0.0004
vn -0.0001 -1.0000 -0.0009
vn -0.0012 -1.0000 -0.0053
vn -0.0002 -0.9999 -0.0121
vn 0.0007 -0.9999 -0.0112
vn 0.0018 -0.9999 -0.0141
vn -0.0006 -1.0000 -0.0090
vn -0.0048 -0.9998 -0.0171
vn -0.0014 -1.0000 -0.0098
vn 0.0014 -0.9999 -0.0161
vn -0.0005 -1.0000 -0.0040
vn -0.0000 -1.0000 -0.0013
vn -0.0008 -1.0000 0.0008
vn -0.0625 -0.9914 0.1148
vn -0.0024 -1.0000 0.0055
vn -0.0018 -1.0000 0.0048
vn 0.0039 -0.9999 -0.0099
vn 0.0020 -1.0000 -0.0069
vn -0.0048 -0.9999 -0.0162
vn 0.0043 -1.0000 -0.0087
vn 0.0056 -0.9999 -0.0088
vn -0.0002 -1.0000 -0.0033
vn 0.0032 -1.0000 0.0002
vn 0.0003 -1.0000 -0.0071
vn 0.0010 -1.0000 -0.0058
vn -0.0009 -1.0000 -0.0073
vn -0.0004 -1.0000 0.0033
vn 0.0008 -1.0000 0.0005
vn -0.0003 -1.0000 0.0017
vn -0.0054 -1.0000 -0.0004
vn -0.0063 -1.0000 -0.0037
vn -0.0011 -1.0000 0.0021
vn -0.0005 -1.0000 0.0040
vn -0.0136 -0.9999 -0.0018
vn 0.0007 -1.0000 0.0070
vn -0.0001 -1.0000 0.0039
vn -0.0003 -1.0000 0.0009
vn 0.0001 -1.0000 0.0008
vn 0.0007 -1.0000 0.0087
vn -0.0079 -0.9919 0.1264
vn -0.0043 -0.9991 0.0414
vn 0.0106 -0.9999 -0.0028
vn -0.0181 -0.9618 0.2730
vn 0.0062 -0.7095 0.7047
vn -0.5539 -0.7365 0.3882
vn 0.0102 -0.9999 0.0059
vn 0.0004 -1.0000 -0.0002
vn -0.0013 -1.0000 0.0002
vn -0.0001 -1.0000 -0.0003
vn -0.0002 -1.0000 0.0003
vn -0.0016 -1.0000 0.0004
vn -0.0009 -1.0000 -0.0033
vn 0.0003 -1.0000 0.0029
vn -0.0003 -1.0000 -0.0008
vn 0.0015 -1.0000 0.0003
vn -0.0006 -1.0000 -0.0023
vn 0.0014 -1.0000 -0.0077
vn 0.0011 -0.9999 -0.0126
vn 0.0011 -1.0000 -0.0050
vn -0.0008 -1.0000 -0.0002
vn -0.0007 -1.0000 0.0059
vn -0.0004 -1.0000 0.0017
vn 0.0003 -1.0000 0.0098
vn -0.0011 -1.0000 0.0089
vn -0.0000 -1.0000 0.0099
vn -0.0124 -0.9998 -0.0122
vn 0.0008 -1.0000 0.0062
vn -0.0007 -1.0000 0.0083
vn 0.0011 -1.0000 0.0055
vn 0.0007 -1.0000 0.0035
vn 0.0002 -1.0000 0.0018
vn 0.0003 -1.0000 0.0007
vn -0.0004 -1.0000 -0.0003
vn -0.0004 -1.0000 0.0006
vn 0.0002 -1.0000 0.0006
vn 0.0013 -1.0000 0.0025
vn 0.0002 -1.0000 0.0004
vn 0.0001 -1.0000 0.0045
vn 0.0752 -0.9763 -0.2029
vn -0.0362 -0.9990 0.0272
vn -0.0013 -1.0000 -0.0017
vn -0.0012 -1.0000 0.0014
vn 0.0005 -1.0000 0.0004
vn -0.0011 -1.0000 -0.0014
vn -0.0027 -1.0000 -0.0053
vn -0.0007 -0.9999 -0.0122
vn -0.0025 -1.0000 -0.0062
vn -0.0003 -1.0000 0.0098
vn 0.0049 -0.9999 -0.0099
vn -0.0011 -1.0000 0.0034
vn -0.0001 -0.9999 0.0100
vn 0.0020 -1.0000 0.0084
vn -0.0035 -1.0000 0.0012
vn 0.0004 -1.0000 -0.0085
vn 0.0015 -0.9999 -0.0109
vn -0.0041 -0.9999 -0.0092
vn 0.0023 -1.0000 0.0003
vn 0.0001 -1.0000 0.0024
vn -0.0002 -1.0000 0.0021
vn -0.0007 -1.0000 0.0078
vn 0.0012 -1.0000 0.0030
vn 0.0044 -1.0000 -0.0012
vn -0.0005 -1.0000 -0.0000
vn -0.0014 -1.0000 0.0016
vn -0.0029 -0.9998 0.0175
vn -0.2078 -0.9628 -0.1728
vn -0.1497 -0.9880 0.0394
vn -0.1322 -0.8927 -0.4308
vn -0.2124 -0.9704 0.1146
vn -0.0116 -0.9975 -0.0694
vn -0.3806 -0.9106 -0.1611
vn -0.1351 -0.9900 -0.0411
vn 0.0292 -0.9927 -0.1174
vn -0.0053 -0.9997 -0.0237
vn -0.0062 -1.0000 0.0002
vn 0.0013 -1.0000 -0.0023
vn 0.0005 -1.0000 0.0003
vn 0.0008 -1.0000 -0.0004
vn -0.0038 -1.0000 -0.0035
vn -0.0001 -1.0000 -0.0067
vn -0.0038 -1.0000 -0.0070
vn 0.0006 -0.9999 -0.0122
vn -0.0003 -0.9999 -0.0137
vn -0.0010 -0.9999 -0.0137
vn -0.0015 -0.9999 -0.0113
vn 0.0019 -0.9999 -0.0125
vn 0.0026 -1.0000 -0.0002
vn 0.0004 -1.0000 0.0047
vn 0.0081 -0.9999 0.0073
vn 0.0017 -1.0000 0.0075
vn 0.0002 -1.0000 0.0032
vn 0.0002 -1.0000 0.0070
vn 0.0009 -1.0000 0.0097
vn 0.0008 -1.0000 0.0014
vn 0.0094 -0.9999 0.0059
vn 0.0137 -0.9999 -0.0048
vn 0.0170 -0.9999 -0.0021
vn 0.0150 -0.9998 -0.0108
vn -0.0022 -1.0000 -0.0093
vn -0.0024 -0.9999 -0.0112
vn 0.0001 -1.0000 -0.0083
vn -0.0007 -1.0000 -0.0004
vn -0.0007 -1.0000 0.0038
vn -0.0002 -1.0000 0.0012
vn -0.0052 -1.0000 0.0065
vn 0.0003 -1.0000 0.0076
vn 0.0002 -1.0000 0.0038
vn -0.0005 -1.0000 0.0002
vn -0.0002 -1.0000 0.0007
vn 0.0001 -1.0000 0.0016
vn 0.0066 -0.9998 0.0173
vn 0.0001 -1.0000 0.0020
vn 0.0754 -0.9908 0.1124
vn -0.0619 -0.9938 0.0920
vn 0.0197 -0.8592 0.5112
vn -0.0599 -0.6275 0.7763
vn -0.0031 -0.9924 0.1227
vn 0.1016 -0.5638 0.8196
vn -0.0013 -0.9814 -0.1920
vn 0.0006 -0.9920 -0.1263
vn 0.3321 -0.9342 -0.1301
vn 0.0115 -0.9835 0.1807
vn -0.1478 -0.9877 -0.0511
vn 0.0233 -0.9997 -0.0016
vn -0.0004 -1.0000 -0.0000
vn -0.0003 -1.0000 0.0001
vn 0.0014 -1.0000 0.0008
vn -0.0005 -0.9999 -0.0117
vn -0.0080 -0.9999 -0.0102
vn -0.0005 -1.0000 0.0001
vn -0.0019 -1.0000 0.0059
vn 0.0011 -1.0000 0.0022
vn 0.0049 -1.0000 -0.0044
vn -0.0017 -1.0000 -0.0090
vn -0.0017 -1.0000 -0.0032
vn 0.0018 -1.0000 -0.0041
vn -0.0048 -1.0000 -0.0072
vn 0.0002 -1.0000 0.0019
vn -0.0007 -1.0000 0.0013
vn -0.0013 -1.0000 0.0028
vn 0.0064 -1.0000 0.0055
vn -0.0012 -1.0000 0.0073
vn -0.0112 -0.9976 0.0688
vn -0.0201 -0.7284 0.6848
vn -0.0102 -0.9972 0.0740
vn 0.0540 -0.9796 0.1937
vn 0.0120 -0.9997 0.0232
vn 0.3294 0.0520 0.9428
vn -0.0243 -0.9990 0.0384
vn -0.0415 -0.9983 0.0418
vn 0.1475 -0.3859 -0.9107
vn 0.0890 -0.9891 -0.1175
vn 0.0009 -1.0000 -0.0006
vn -0.0009 -1.0000 -0.0005
vn -0.0003 -1.0000 -0.0011
vn -0.0009 -1.0000 -0.0000
vn 0.0004 -1.0000 -0.0001
vn 0.0036 -1.0000 -0.0089
vn 0.0013 -1.0000 -0.0014
vn -0.0010 -0.9999 -0.0156
vn 0.0001 -1.0000 -0.0054
vn -0.0001 -0.9999 -0.0163
vn 0.0003 -1.0000 -0.0067
vn 0.0022 -1.0000 -0.0040
vn -0.0000 -1.0000 -0.0023
vn 0.0001 -0.9999 -0.0125
vn -0.0000 -1.0000 -0.0006
vn -0.0004 -1.0000 0.0002
vn -0.0007 -1.0000 -0.0003
vn 0.0005 -1.0000 -0.0000
vn 0.0017 -1.0000 -0.0064
vn -0.0009 -1.0000 0.0046
vn -0.0004 -1.0000 -0.0001
vn -0.0017 -1.0000 0.0051
vn -0.0006 -0.9999 0.0114
vn -0.0019 -1.0000 0.0045
vn 0.0001 -1.0000 0.0034
vn -0.0037 -0.9999 -0.0119
vn -0.0018 -0.9999 -0.0114
vn 0.0093 -0.9997 0.0235
vn 0.0015 -1.0000 0.0042
vn -0.0010 -0.9999 0.0109
vn 0.0041 -0.9999 0.0101
vn 0.0002 -1.0000 0.0003
vn -0.0013 -0.9999 0.0168
vn 0.0252 -0.6103 0.7918
vn 0.1717 -0.5416 0.8229
vn -0.0035 -0.9870 0.1609
vn -0.0097 -0.9181 -0.3963
vn -0.0446 -0.9937 -0.1024
vn 0.4294 -0.8843 0.1831
vn -0.0475 -0.9737 -0.2230
vn -0.0056 -0.9995 -0.0304
vn -0.0298 -0.9994 -0.0199
vn -0.0152 -0.9988 -0.0467
vn -0.0000 -1.0000 -0.0076
vn -0.0001 -1.0000 -0.0007
vn 0.0003 -1.0000 0.0004
vn -0.0003 -1.0000 -0.0068
vn -0.0032 -1.0000 0.0044
vn 0.0065 -1.0000 -0.0059
vn 0.0006 -1.0000 0.0004
vn -0.0004 -1.0000 0.0010
vn 0.0098 -0.9999 0.0084
vn 0.0002 -1.0000 0.0083
vn 0.0001 -1.0000 0.0092
vn 0.0008 -1.0000 0.0044
vn 0.0042 -1.0000 -0.0059
vn -0.0021 -0.9999 -0.0145
vn -0.0383 -0.9978 -0.0540
vn -0.0033 -0.9999 -0.0151
vn 0.0016 -1.0000 -0.0056
vn 0.0797 -0.9965 -0.0270
vn 0.0797 -0.9964 -0.0306
vn 0.0807 -0.9963 -0.0280
vn -0.0968 -0.9925 -0.0747
vn -0.0918 -0.9938 -0.0624
vn 0.0176 -0.9998 0.0067
vn 0.0011 -0.9999 -0.0111
vn -0.0000 -1.0000 -0.0024
vn 0.0011 -1.0000 -0.0014
vn -0.0096 -0.9997 0.0235
vn -0.0044 -1.0000 0.0050
vn 0.0001 -1.0000 0.0009
vn -0.0048 -1.0000 0.0049
vn 0.0026 -1.0000 0.0064
vn 0.0028 -0.9999 0.0130
vn 0.0003 -1.0000 0.0009
vn -0.0001 -1.0000 0.0027
vn 0.0134 -0.9993 0.0341
vn 0.1388 -0.9870 0.0816
vn -0.0824 -0.9966 -0.0014
vn -0.0035 -1.0000 0.0091
vn 0.1780 -0.9544 0.2399
vn 0.5429 -0.8374 0.0628
vn 0.0756 -0.7723 -0.6308
vn 0.1469 -0.8220 -0.5503
vn 0.0736 -0.9850 0.1562
vn 0.2151 -0.9706 0.1084
vn 0.0258 -0.9996 -0.0142
vn 0.2654 -0.9016 0.3415
vn -0.0317 -0.9122 -0.4085
vn 0.0001 -1.0000 -0.0011
vn -0.0005 -1.0000 -0.0020
vn 0.0003 -1.0000 -0.0002
vn -0.0007 -1.0000 0.0002
vn 0.0110 -0.9999 0.0060
vn -0.0012 -1.0000 -0.0073
vn -0.0002 -1.0000 -0.0014
vn -0.0002 -1.0000 0.0005
vn 0.0005 -1.0000 0.0055
vn 0.0001 -1.0000 -0.0007
vn -0.0152 -0.9999 0.0069
vn -0.0020 -1.0000 0.0080
vn 0.0037 -0.9999 0.0099
vn 0.0064 -1.0000 0.0039
vn 0.0020 -1.0000 -0.0011
vn -0.0002 -1.0000 0.0028
vn -0.0032 -1.0000 -0.0085
vn -0.0016 -1.0000 -0.0092
vn -0.0000 -0.9999 -0.0133
vn -0.0003 -1.0000 0.0012
vn 0.0001 -1.0000 -0.0081
vn 0.0021 -1.0000 -0.0009
vn -0.0001 -1.0000 0.0020
vn -0.0000 -1.0000 0.0023
vn -0.0005 -1.0000 0.0015
vn -0.0023 -1.0000 0.0005
vn -0.0019 -1.0000 0.0019
vn -0.0023 -1.0000 0.0045
vn -0.0000 -1.0000 0.0021
vn -0.0002 -1.0000 0.0024
vn 0.0001 -1.0000 0.0017
vn -0.0000 -1.0000 0.0017
vn 0.0001 -1.0000 0.0023
vn 0.0001 -1.0000 0.0018
vn 0.0022 -1.0000 0.0056
vn -0.0087 -0.9998 0.0202
vn -0.0005 -1.0000 0.0021
vn -0.0000 -1.0000 0.0052
vn 0.0005 -1.0000 0.0006
vn 0.0006 -1.0000 0.0010
vn 0.0005 -1.0000 0.0020
vn -0.0483 -0.9717 -0.2314
vn 0.0285 -0.9953 0.0926
vn -0.0065 -1.0000 -0.0014
vn 0.0312 -0.7069 0.7066
vn 0.0086 -0.9879 -0.1548
vn -0.3240 -0.8191 -0.4734
vn 0.0654 -0.9977 -0.0176
vn 0.1413 -0.9769 -0.1602
vn -0.0000 -1.0000 0.0035
vn 0.0060 -1.0000 0.0071
vn 0.0475 -0.9885 -0.1433
vn 0.4620 -0.8032 -0.3760
vn -0.0866 -0.9418 -0.3248
vn -0.1085 -0.9889 -0.1017
vn 0.0484 -0.9983 0.0316
vn 0.0017 -0.9999 -0.0151
vn -0.0009 -1.0000 -0.0007
vn 0.0053 -0.9998 0.0181
vn 0.0056 -1.0000 -0.0020
vn 0.0002 -1.0000 0.0065
vn 0.0179 -0.9998 0.0080
vn 0.0054 -0.9999 -0.0148
vn 0.0019 -1.0000 -0.0041
vn 0.0052 -0.9999 -0.0107
vn -0.0004 -0.9999 -0.0120
vn 0.0014 -0.9999 -0.0118
vn 0.0068 -1.0000 0.0049
vn 0.0003 -1.0000 0.0041
vn 0.0001 -1.0000 0.0077
vn -0.0022 -1.0000 0.0095
vn -0.0004 -1.0000 0.0086
vn 0.0053 -1.0000 -0.0013
vn -0.0010 -1.0000 -0.0046
vn 0.0078 -0.9999 -0.0095
vn 0.0019 -1.0000 0.0011
vn 0.0006 -1.0000 -0.0025
vn -0.0002 -1.0000 -0.0075
vn -0.0004 -1.0000 0.0008
vn 0.0027 -1.0000 0.0054
vn -0.0006 -0.9999 0.0115
vn 0.0016 -0.9999 0.0110
vn 0.0001 -1.0000 0.0007
vn 0.0042 -1.0000 0.0031
vn -0.0154 -0.9996 0.0244
vn -0.0299 -0.9991 0.0314
vn 0.0025 -0.9999 0.0131
vn 0.0006 -1.0000 0.0060
vn 0.0135 -0.9844 0.1754
vn 0.0747 -0.9939 0.0810
vn 0.0619 -0.9965 -0.0566
vn -0.0877 -0.9924 0.0860
vn -0.0928 -0.8586 -0.5041
vn 0.0364 -0.9135 0.4052
vn -0.0005 -0.9992 -0.0388
vn 0.0028 -1.0000 -0.0041
vn 0.0006 -1.0000 -0.0018
vn -0.0092 -0.9994 0.0345
vn -0.0013 -0.9999 -0.0130
vn -0.0481 -0.9978 -0.0465
vn -0.0005 -0.9998 -0.0181
vn 0.0012 -0.9999 -0.0149
vn -0.0027 -1.0000 -0.0064
vn 0.0002 -0.9999 -0.0102
vn 0.0007 -1.0000 -0.0029
vn -0.0043 -1.0000 -0.0032
vn -0.0025 -1.0000 0.0074
vn 0.0025 -1.0000 0.0067
vn 0.0042 -0.9997 0.0228
vn 0.0003 -1.0000 0.0072
vn 0.0142 -0.9997 -0.0222
vn -0.0076 -1.0000 -0.0014
vn 0.0007 -1.0000 -0.0003
vn 0.0409 -0.9988 0.0264
vn 0.0115 -0.9995 0.0282
vn -0.0005 -1.0000 -0.0071
vn -0.0150 -0.9997 -0.0201
vn 0.0016 -1.0000 -0.0047
vn 0.0010 -1.0000 -0.0092
vn 0.0012 -1.0000 -0.0019
vn 0.0034 -1.0000 -0.0074
vn 0.0018 -1.0000 -0.0036
vn -0.0002 -1.0000 0.0017
vn -0.0005 -1.0000 0.0017
vn 0.0064 -0.9999 0.0096
vn 0.0132 -0.9999 0.0056
vn -0.0020 -1.0000 0.0090
vn 0.0004 -1.0000 0.0004
vn 0.0001 -1.0000 0.0021
vn -0.0003 -1.0000 0.0020
vn 0.0012 -1.0000 -0.0002
vn -0.0028 -1.0000 0.0033
vn -0.0902 -0.9914 0.0951
vn 0.0001 -0.9835 0.1811
vn 0.0252 -0.9987 0.0443
vn 0.0617 -0.9766 0.2060
vn -0.0024 -1.0000 0.0095
vn 0.0893 -0.9951 -0.0427
vn 0.0063 -0.9998 0.0171
vn -0.2351 -0.8854 -0.4009
vn -0.0846 -0.9098 0.4063
vn 0.0699 -0.5668 -0.8209
vn 0.0192 -0.9941 0.1069
vn -0.0063 -0.9566 -0.2915
vn -0.2239 -0.7952 -0.5635
vn 0.1996 -0.8568 -0.4755
vn 0.1371 -0.9903 -0.0215
vn -0.0212 -0.9977 -0.0637
vn -0.0180 -0.9998 0.0003
vn -0.0014 -1.0000 0.0048
vn -0.0006 -1.0000 -0.0029
vn 0.0013 -1.0000 -0.0088
vn -0.0010 -1.0000 -0.0063
vn 0.0038 -0.9931 0.1175
vn -0.0007 -0.9999 -0.0152
vn -0.0265 -0.9927 0.1174
vn 0.0452 -0.9921 0.1173
vn -0.0159 -0.9995 0.0289
vn 0.0021 -1.0000 -0.0095
vn -0.0009 -1.0000 0.0042
vn -0.0016 -1.0000 0.0087
vn 0.0004 -1.0000 0.0089
vn 0.0077 -1.0000 0.0001
vn 0.0012 -1.0000 0.0084
vn 0.0053 -1.0000 0.0036
vn 0.0069 -1.0000 -0.0040
vn 0.0013 -0.9999 -0.0113
vn -0.0004 -1.0000 -0.0039
vn 0.0015 -1.0000 0.0015
vn -0.0013 -1.0000 0.0097
vn -0.0000 -1.0000 0.0040
vn 0.0003 -1.0000 0.0008
vn 0.0008 -1.0000 -0.0026
vn 0.0009 -1.0000 0.0003
vn 0.0007 -1.0000 0.0007
vn -0.0005 -1.0000 0.0008
vn 0.0011 -1.0000 0.0005
vn 0.0003 -1.0000 0.0019
vn 0.0004 -1.0000 0.0045
vn -0.2010 -0.9671 -0.1558
vn -0.0233 -0.9894 -0.1435
vn -0.1889 -0.9205 -0.3420
vn -0.1156 -0.9933 -0.0008
vn -0.0184 -0.9998 0.0083
vn -0.0109 -0.9998 0.0173
vn -0.0003 -1.0000 -0.0006
vn -0.0024 -1.0000 0.0059
vn 0.0007 -1.0000 0.0002
vn -0.0006 -1.0000 0.0006
vn 0.0046 -0.9999 -0.0126
vn -0.0024 -1.0000 -0.0075
vn -0.0015 -1.0000 -0.0028
vn -0.0015 -1.0000 0.0026
vn 0.0058 -1.0000 0.0033
vn 0.0014 -1.0000 0.0015
vn 0.0016 -1.0000 0.0007
vn -0.0005 -1.0000 -0.0013
vn -0.0003 -1.0000 0.0059
vn 0.0016 -1.0000 0.0027
vn 0.0019 -1.0000 0.0076
vn -0.0161 -0.9998 0.0064
vn -0.0003 -1.0000 0.0004
vn 0.0063 -1.0000 0.0022
vn 0.0022 -0.9859 0.1674
vn -0.1792 -0.6628 0.7270
vn -0.0284 -0.9965 0.0787
vn -0.0190 -0.9995 -0.0255
vn -0.3367 -0.8115 -0.4776
vn -0.0207 -0.9989 -0.0417
vn 0.0002 -0.9986 -0.0536
vn -0.1094 -0.9496 -0.2938
vn 0.0005 -0.9806 -0.1958
vn -0.0015 -1.0000 -0.0089
vn 0.0237 -0.9991 -0.0341
vn -0.0591 -0.9877 -0.1449
vn 0.0003 -1.0000 -0.0034
vn -0.0007 -1.0000 -0.0028
vn 0.0008 -1.0000 -0.0008
vn 0.0119 -0.9999 -0.0027
vn 0.0056 -0.9999 0.0146
vn -0.0075 -1.0000 0.0066
vn -0.0004 -1.0000 0.0012
vn 0.0089 -1.0000 -0.0039
vn 0.0022 -0.9999 -0.0125
vn -0.0021 -1.0000 0.0048
vn -0.0002 -1.0000 0.0070
vn -0.0003 -1.0000 0.0028
vn 0.0005 -1.0000 0.0001
vn 0.0003 -1.0000 0.0011
vn -0.0019 -1.0000 0.0036
vn -0.0001 -1.0000 0.0060
vn 0.0005 -1.0000 0.0021
vn 0.0052 -0.9992 0.0390
vn 0.0471 -0.9299 0.3649
vn 0.3558 -0.9184 -0.1730
vn 0.1630 -0.9769 -0.1382
vn 0.1200 -0.9924 -0.0278
vn 0.0340 -0.9994 -0.0009
vn -0.1229 -0.9489 -0.2908
vn 0.5788 -0.7752 0.2531
vn -0.0422 -0.9805 0.1918
vn -0.1298 -0.9914 -0.0148
vn -0.0064 -0.9596 0.2814
vn 0.0731 -0.9784 -0.1932
vn 0.0870 -0.9960 0.0189
vn -0.0122 -0.9999 -0.0102
vn 0.3686 -0.9254 -0.0877
vn -0.0001 -1.0000 0.0012
vn 0.0032 -1.0000 -0.0004
vn 0.0005 -1.0000 -0.0012
vn -0.0007 -1.0000 0.0001
vn 0.0007 -1.0000 0.0056
vn 0.0088 -1.0000 -0.0036
vn -0.0004 -1.0000 -0.0007
vn -0.0013 -1.0000 -0.0021
vn 0.0029 -0.9999 -0.0111
vn -0.0000 -1.0000 -0.0049
vn -0.0005 -1.0000 -0.0085
vn 0.0011 -1.0000 -0.0012
vn -0.0024 -1.0000 -0.0006
vn 0.0014 -1.0000 0.0040
vn -0.0007 -1.0000 0.0011
vn 0.0068 -1.0000 0.0047
vn 0.0006 -1.0000 0.0085
vn -0.0009 -1.0000 0.0065
vn 0.0009 -1.0000 0.0013
vn 0.0013 -1.0000 -0.0007
vn 0.0005 -1.0000 0.0005
vn -0.0000 -1.0000 0.0015
vn -0.0003 -1.0000 0.0013
vn -0.0000 -1.0000 0.0030
vn -0.0002 -1.0000 0.0020
vn -0.0010 -1.0000 0.0019
vn 0.0469 -0.9985 0.0299
vn -0.0006 -1.0000 0.0019
vn 0.0081 -0.9999 0.0084
vn 0.0232 -0.5352 0.8444
vn 0.0556 -0.9957 -0.0745
vn 0.0039 -1.0000 -0.0085
vn -0.0154 -0.9977 -0.0658
vn 0.0020 -1.0000 -0.0014
vn 0.0007 -1.0000 -0.0007
vn -0.0007 -1.0000 0.0006
vn -0.0003 -1.0000 0.0003
vn 0.0010 -1.0000 0.0006
vn -0.0002 -1.0000 -0.0017
vn -0.0025 -1.0000 -0.0005
vn -0.0007 -0.9999 -0.0103
vn 0.0008 -1.0000 -0.0052
vn 0.0005 -0.9999 -0.0129
vn 0.0007 -1.0000 -0.0025
vn -0.0008 -0.9999 -0.0102
vn -0.0005 -1.0000 -0.0034
vn -0.0013 -1.0000 0.0011
vn 0.0001 -1.0000 0.0010
vn -0.0007 -1.0000 -0.0006
vn -0.0014 -1.0000 0.0068
vn 0.0004 -1.0000 0.0011
vn 0.0002 -1.0000 0.0013
vn 0.0016 -1.0000 0.0053
vn 0.0001 -0.9999 0.0104
vn -0.0005 -1.0000 -0.0002
vn -0.0013 -1.0000 -0.0007
vn 0.0039 -1.0000 -0.0011
vn 0.0014 -1.0000 -0.0004
vn -0.0013 -1.0000 0.0056
vn 0.0002 -1.0000 0.0017
vn 0.0191 -0.9997 0.0172
vn 0.0193 -0.9997 0.0168
vn 0.0189 -0.9997 0.0169
vn 0.0034 -0.9998 -0.0211
vn -0.0066 -1.0000 0.0005
vn 0.0021 -1.0000 0.0021
vn 0.0054 -0.9999 -0.0107
vn 0.0002 -0.9999 0.0103
vn 0.0091 -0.9990 0.0442
vn -0.0027 -0.9997 0.0230
vn 0.2233 -0.9106 -0.3478
vn -0.0870 -0.9896 -0.1150
vn -0.2081 -0.9149 -0.3459
vn -0.1272 -0.9642 -0.2325
vn -0.0398 -0.9863 -0.1602
vn 0.0039 -0.9999 -0.0094
vn 0.0453 -0.9720 -0.2307
vn -0.0457 -0.9330 -0.3569
vn 0.0045 -1.0000 -0.0000
vn 0.0031 -1.0000 -0.0003
vn 0.0007 -1.0000 -0.0000
vn -0.0582 -0.9983 0.0010
vn 0.0210 -0.9990 0.0397
vn 0.0008 -1.0000 -0.0016
vn 0.0033 -1.0000 -0.0001
vn 0.0016 -1.0000 0.0009
vn 0.0071 -1.0000 -0.0017
vn -0.0010 -1.0000 -0.0076
vn 0.0044 -1.0000 -0.0009
vn 0.0023 -1.0000 -0.0018
vn 0.0128 -0.9999 -0.0020
vn -0.0080 -1.0000 -0.0014
vn -0.0031 -1.0000 -0.0001
vn -0.0009 -1.0000 0.0009
vn -0.0016 -1.0000 -0.0001
vn -0.0012 -1.0000 0.0034
vn 0.1064 -0.9522 0.2864
vn 0.0003 -1.0000 0.0006
vn 0.0004 -1.0000 0.0050
vn -0.0005 -1.0000 0.0029
vn 0.0014 -1.0000 0.0050
vn -0.0001 -1.0000 0.0094
vn 0.0010 -1.0000 0.0072
vn -0.0004 -1.0000 0.0037
vn 0.0051 -1.0000 0.0007
vn 0.0085 -1.0000 -0.0006
vn 0.0013 -1.0000 0.0013
vn 0.0053 -1.0000 0.0017
vn 0.0031 -1.0000 0.0006
vn 0.0043 -1.0000 -0.0011
vn 0.0034 -1.0000 -0.0024
vn -0.0073 -1.0000 -0.0018
vn -0.2568 -0.9475 -0.1903
vn -0.0686 -0.9802 -0.1856
vn 0.0062 -0.9996 -0.0258
vn 0.0708 -0.9834 -0.1673
vn -0.0536 -0.9729 0.2248
vn 0.4319 -0.8574 0.2800
vn 0.4242 -0.8576 0.2907
vn 0.3800 -0.8773 0.2931
vn -0.0065 -0.9998 0.0173
vn -0.0607 -0.9975 -0.0368
vn -0.4246 -0.9009 0.0898
vn -0.1158 -0.8322 -0.5422
vn -0.2133 -0.9745 0.0695
vn -0.5081 -0.7838 -0.3569
vn 0.0501 -0.9987 -0.0106
vn -0.0489 -0.9988 0.0086
vn -0.0460 -0.9989 0.0020
vn -0.9214 -0.3084 0.2364
vn -0.0027 -1.0000 0.0007
vn 0.7602 -0.6352 -0.1364
vn 0.6586 -0.7487 -0.0750
vn 0.4470 -0.8752 -0.1849
vn -0.2933 -0.9558 -0.0179
vn -0.2870 -0.9520 0.1062
vn -0.5400 -0.6391 -0.5476
vn -0.2145 -0.9749 0.0591
vn 0.0046 -0.9999 -0.0099
vn -0.0004 -0.9999 0.0102
vn -0.0075 -0.9999 0.0141
vn 0.0081 -1.0000 -0.0003
vn -0.1888 -0.9820 -0.0084
vn -0.2367 -0.9583 -0.1602
vn -0.1416 -0.9826 -0.1200
vn -0.4899 -0.8605 -0.1400
vn -0.1546 -0.9856 -0.0680
vn -0.6484 -0.7577 -0.0739
vn -0.2271 -0.9701 -0.0862
vn -0.9159 -0.3458 0.2038
vn -0.0074 -1.0000 -0.0032
vn -0.5354 -0.7222 0.4379
vn -0.8946 -0.4381 -0.0880
vn -0.3999 -0.9144 0.0636
vn -0.0086 -0.9999 -0.0102
vn 0.0017 -0.9999 -0.0115
vn -0.3025 -0.9507 -0.0686
vn -0.1179 -0.9919 0.0465
vn -0.8861 -0.4635 -0.0045
vn -0.0073 -1.0000 0.0030
vn -0.0074 -0.9999 0.0070
vn -0.3229 -0.9461 0.0256
vn -0.0038 -1.0000 -0.0011
vn -0.0063 -1.0000 -0.0011
vn -0.0113 -0.9999 0.0010
vn -0.1553 -0.9824 -0.1035
vn -0.2454 -0.9232 0.2956
vn -0.0224 -0.9996 -0.0156
vn -0.0098 -0.9985 -0.0539
vn -0.0012 -1.0000 -0.0000
vn -0.0050 -1.0000 0.0003
vn -0.0090 -1.0000 -0.0036
vn -0.0167 -0.9998 0.0068
vn -0.0526 -0.9984 -0.0221
vn -0.0170 -0.9999 0.0026
vn -0.1053 -0.9848 0.1381
vn -0.0569 -0.9980 0.0268
vn -0.3836 -0.6527 -0.6534
vn -0.0270 -0.9996 0.0114
vn -0.0710 -0.9968 -0.0362
vn -0.0228 -0.9997 -0.0007
vn -0.0113 -0.9999 -0.0012
vn -0.0036 -1.0000 0.0010
vn -0.2700 -0.9599 -0.0758
vn -0.0035 -1.0000 -0.0013
vn -0.2669 -0.9637 -0.0025
vn -0.0596 -0.9981 0.0125
vn -0.5270 -0.8496 -0.0205
vn -0.0572 -0.9969 0.0542
vn -0.0359 -0.9992 0.0198
vn -0.4198 -0.9036 -0.0848
vn -0.0091 -0.9999 -0.0094
vn -0.3003 -0.9535 -0.0269
vn 0.0023 -1.0000 0.0009
vn 0.0054 -1.0000 -0.0001
vn -0.5084 -0.6699 0.5411
vn 0.0083 -1.0000 0.0002
vn 0.1917 -0.9767 -0.0960
vn -0.0149 -0.9997 0.0175
vn 0.0055 -1.0000 -0.0013
vn 0.0106 -0.9999 0.0014
vn -0.2045 -0.9789 0.0031
vn 0.0168 -0.9999 -0.0003
vn -0.2382 -0.9660 0.1000
vn 0.1385 -0.9900 0.0262
vn -0.4835 -0.7339 -0.4771
vn -0.1095 -0.9940 0.0086
vn -0.7813 -0.5887 -0.2073
vn -0.3206 -0.9022 0.2886
vn -0.0780 -0.9968 -0.0147
vn 0.0022 -0.9999 0.0140
vn 0.0315 -0.0101 0.9995
vn 0.0147 0.0369 0.9992
vn 0.0013 -0.0409 0.9992
vn -0.0139 -0.1778 0.9840
vn 0.1472 0.4073 0.9014
vn -0.0135 -0.1266 0.9919
vn 0.0153 -0.0162 0.9998
vn 0.0430 0.0556 0.9975
vn -0.0006 0.0070 1.0000
vn 0.0039 0.0120 0.9999
vn 0.0265 -0.0940 0.9952
vn 0.0478 0.1760 0.9832
vn -0.0250 -0.0322 0.9992
vn -0.3052 -0.2198 0.9266
vn 0.0022 -0.0080 1.0000
vn 0.0144 0.0229 0.9996
vn -0.0021 -0.1097 0.9940
vn 0.0039 -0.0027 1.0000
vn 0.1395 -0.5119 0.8476
vn 0.1129 0.1815 0.9769
vn -0.0113 -0.0349 0.9993
vn 0.0047 0.0757 0.9971
vn -0.2034 0.7126 0.6715
vn 0.0599 0.0374 0.9975
vn -0.0113 0.0362 0.9993
vn 0.0010 0.0247 0.9997
vn 0.0032 -0.0058 1.0000
vn -0.0142 -0.0177 0.9997
vn -0.1543 0.9866 -0.0534
vn -0.0391 0.9576 0.2854
vn -0.0652 0.9832 0.1703
vn -0.0023 0.9821 0.1885
vn -0.1194 0.9046 0.4092
vn -0.0341 0.8738 0.4850
vn -0.1835 0.7037 -0.6864
vn 0.1171 -0.8932 -0.4341
vn 0.0111 0.9483 0.3171
vn -0.0349 0.9623 0.2697
vn -0.0148 0.9414 0.3370
vn 0.0069 -0.9800 0.1988
vn 0.0315 0.9942 0.1029
vn 0.2350 0.8085 0.5396
vn 0.2961 0.6765 0.6743
vn 0.0484 0.8679 0.4943
vn 0.0889 0.8907 0.4458
vn 0.2515 0.8833 0.3956
vn -0.0427 0.7271 0.6852
vn 0.0229 0.9362 0.3508
vn -0.0395 0.9490 0.3126
vn -0.0234 0.9578 0.2863
vn -0.0259 0.9995 0.0204
vn 0.1906 0.9505 0.2455
vn -0.2026 0.9394 -0.2767
vn 0.0560 0.9839 0.1698
vn 0.0181 0.9109 0.4123
vn -0.0400 0.9896 0.1385
vn 0.0707 0.9975 0.0042
vn 0.0565 0.8965 0.4394
vn -0.0195 0.9747 -0.2225
vn 0.1169 0.8318 -0.5427
vn -0.0959 0.9678 0.2329
vn 0.0751 0.6470 0.7588
vn 0.0083 0.8186 0.5743
vn -0.0182 0.9022 0.4309
vn -0.0309 0.9300 0.3662
vn -0.0911 0.7403 0.6661
vn 0.0226 0.4579 0.8887
vn -0.1959 0.5710 0.7973
vn 0.0751 0.7016 0.7086
vn -0.3502 0.8770 0.3289
vn -0.0008 0.9952 -0.0974
vn -0.1051 0.9936 -0.0414
vn -0.0786 0.9832 -0.1647
vn 0.0137 0.9006 -0.4344
vn -0.0374 0.9477 0.3169
vn -0.0255 0.9614 0.2741
vn 0.0953 0.9491 0.3002
vn -0.0051 0.9750 0.2221
vn 0.0174 0.9997 0.0195
vn -0.1406 0.9771 0.1595
vn -0.2807 0.9590 0.0393
vn -0.1143 0.9705 -0.2124
vn 0.1520 0.9884 0.0019
vn 0.0186 0.8972 -0.4412
vn 0.0277 0.9352 0.3531
vn 0.0333 0.9545 0.2962
vn 0.1437 0.8907 0.4313
vn 0.3180 0.7194 0.6176
vn -0.0470 0.8793 0.4740
vn -0.1087 0.6590 0.7443
vn 0.0119 0.9804 0.1967
vn -0.0322 0.9266 0.3747
vn 0.1133 0.0828 0.9901
vn -0.0420 0.8138 0.5796
vn 0.0733 0.9397 0.3340
vn -0.0181 0.9743 -0.2244
vn -0.2340 0.9707 0.0547
vn 0.1605 0.8674 0.4709
vn -0.2009 0.9695 0.1402
vn -0.1068 0.9855 -0.1316
vn -0.0116 0.9710 -0.2389
vn 0.2034 0.9657 -0.1616
vn -0.3058 -0.1353 0.9424
vn 0.2041 0.9069 0.3687
vn -0.3643 0.7131 0.5990
vn -0.6542 -0.6748 0.3416
vn -0.4171 -0.8978 0.1413
vn -0.1202 -0.8073 0.5778
vn -0.8171 0.3007 -0.4919
vn -0.3470 0.8856 -0.3088
vn 0.0219 0.9230 -0.3842
vn -0.0045 0.9932 -0.1160
vn -0.0378 0.9420 -0.3336
vn 0.0349 0.9964 0.0774
vn 0.0060 0.8499 -0.5270
vn -0.0179 0.9786 -0.2051
vn 0.0563 0.8906 -0.4514
vn 0.0178 0.9987 -0.0474
vn 0.0202 0.9412 -0.3372
vn -0.0668 0.7738 -0.6299
vn -0.0671 0.9632 -0.2603
vn 0.0220 0.9899 -0.1402
vn 0.1811 0.8933 -0.4114
vn 0.0115 0.9988 -0.0468
vn -0.0589 0.8316 0.5522
vn 0.0035 0.9993 -0.0372
vn 0.0196 0.9949 0.0986
vn -0.0083 0.3401 -0.9403
vn -0.0783 0.9947 -0.0670
vn -0.1808 0.3281 -0.9272
vn -0.0594 0.9706 -0.2331
vn -0.0828 0.9614 -0.2624
vn -0.0785 0.9969 0.0025
vn -0.0012 0.9997 -0.0245
vn 0.0460 0.9848 -0.1675
vn 0.0169 0.9958 0.0897
vn 0.0116 0.9917 -0.1279
vn -0.0255 0.9742 0.2244
vn 0.0386 0.5641 0.8248
vn -0.1178 0.9483 -0.2947
vn 0.0204 0.9886 -0.1493
vn -0.8175 -0.2823 0.5020
vn 0.8281 0.0635 0.5569
vn -1.0000 0.0040 -0.0063
vn -0.9751 -0.1087 0.1936
vn -0.7073 -0.6651 0.2395
vn -0.9909 0.1124 0.0745
vn -0.9714 -0.2356 -0.0276
vn -0.7900 0.5699 0.2262
vn -0.5557 0.8220 -0.1247
vn -0.9743 -0.0681 0.2149
vn -0.9554 -0.2863 0.0719
vn 0.3855 -0.8989 0.2082
vn -0.0554 0.9675 -0.2468
vn -0.9992 0.0394 -0.0028
vn -0.9984 -0.0512 -0.0238
vn 0.3811 -0.8864 0.2628
vn -0.9326 -0.3322 0.1413
vn -0.5880 -0.6469 0.4856
vn -0.9855 -0.1692 0.0159
vn -0.3776 -0.8784 0.2929
vn 0.3053 -0.9282 0.2127
vn -0.9996 -0.0245 -0.0137
vn -0.9981 0.0587 -0.0174
vn 0.6081 0.7655 -0.2102
vn -0.9999 0.0117 0.0097
vn -1.0000 -0.0058 0.0001
vn 0.2384 0.8910 -0.3865
vn -0.8521 -0.4999 0.1546
vn -0.9998 0.0201 -0.0086
vn -0.9999 -0.0121 0.0006
vn -0.9994 0.0216 -0.0280
vn 0.5840 -0.7639 0.2748
vn -0.9991 -0.0118 -0.0414
vn -0.9978 0.0576 0.0337
vn 0.5686 -0.8020 0.1830
vn 0.7999 -0.5829 0.1431
vn -0.9943 0.1039 0.0233
vn -0.9971 0.0725 0.0215
vn -0.9984 0.0063 0.0554
vn -0.9999 -0.0110 0.0092
vn 0.4499 -0.8678 0.2109
vn -0.9513 0.2770 -0.1350
vn -0.8453 0.5271 -0.0870
vn -0.6648 0.7179 -0.2065
vn -0.3399 0.9386 -0.0586
vn -0.9969 0.0322 -0.0714
vn 0.5740 -0.7786 0.2536
vn -0.9994 -0.0329 0.0137
vn -0.9998 -0.0178 -0.0022
vn 0.1678 -0.9614 0.2181
vn 0.6608 0.7276 -0.1842
vn 0.9725 -0.2318 0.0223
vn -0.9998 0.0181 -0.0022
vn -0.9997 0.0099 -0.0243
vn -0.1294 -0.9764 0.1731
vn 0.6216 0.7614 -0.1840
vn 0.4663 -0.8799 0.0911
vn -0.9991 -0.0315 0.0290
vn -0.0428 -0.9696 0.2411
vn -0.9985 0.0299 0.0452
vn -0.9991 0.0019 -0.0424
vn 0.7717 0.6344 -0.0439
vn -0.9964 -0.0340 0.0771
vn 0.3259 -0.0918 -0.9409
vn -0.9904 -0.0442 -0.1310
vn -0.0183 0.1467 0.9890
vn -0.0866 0.2148 0.9728
vn -0.1152 -0.0651 0.9912
vn -0.1231 0.2170 0.9684
vn -0.0693 0.2165 0.9738
vn -0.0310 0.1904 0.9812
vn -0.8976 0.3767 -0.2288
vn -0.4351 -0.8753 0.2110
vn -0.8937 -0.4210 0.1554
vn -0.0180 -0.9591 0.2825
vn -0.3942 -0.8875 0.2387
vn -0.5942 0.7782 -0.2036
vn -0.0927 -0.9683 0.2319
vn -0.9226 0.3653 -0.1240
vn -0.0830 -0.9679 0.2371
vn -0.9798 0.1999 -0.0070
vn -0.0226 -0.9712 0.2371
vn -0.9965 0.0825 0.0158
vn -0.0290 -0.9718 0.2340
vn -0.0200 -0.9716 0.2359
vn -0.7493 0.6476 -0.1382
vn -0.9842 0.1768 -0.0038
vn -0.0030 -0.9719 0.2355
vn 0.1248 -0.9779 0.1679
vn -0.9752 0.2211 0.0038
vn -0.0605 -0.9682 0.2427
vn -0.9647 0.2576 -0.0552
vn -0.9209 -0.3825 0.0748
vn -0.7798 -0.6255 0.0253
vn -0.0366 -0.9254 0.3771
vn 0.0490 -0.9424 0.3309
vn -0.0104 -0.9770 0.2131
vn -0.0092 -0.9550 0.2964
vn -0.0083 -0.9767 0.2144
vn -0.0116 -0.9697 0.2440
vn 0.0023 -0.9793 0.2026
vn -0.0014 -0.9888 0.1494
vn 0.0017 -0.9795 0.2016
vn 0.0574 -0.9719 0.2285
vn 0.0004 -0.9674 0.2534
vn 0.0002 -0.9628 0.2701
vn -0.0000 -0.9754 0.2204
vn 0.0085 -0.9881 0.1539
vn 0.2307 -0.9569 0.1764
vn 0.1341 -0.9801 -0.1466
vn -0.0014 -0.9905 0.1378
vn 0.0538 -0.9664 0.2514
vn 0.3041 -0.9287 0.2122
vn -0.0821 0.1498 -0.9853
vn 0.0377 -0.9698 0.2411
vn 0.0388 -0.9372 0.3466
vn 0.0424 -0.9706 0.2369
vn 0.0103 -0.9713 0.2377
vn 0.1594 -0.9604 0.2286
vn 0.1554 -0.9659 0.2070
vn 0.1245 -0.9630 0.2389
vn 0.9382 -0.3418 -0.0538
vn 0.3731 0.8957 -0.2420
vn -0.2199 0.9582 -0.1830
vn 0.0145 -0.9762 0.2164
vn 0.0372 -0.9622 0.2699
vn 0.0013 -0.9737 0.2278
vn 0.0092 -0.9752 0.2212
vn 0.1960 -0.9737 -0.1161
vn 0.9976 0.0303 0.0624
vn 0.0091 -0.9803 0.1974
vn 0.0078 -0.9742 0.2258
vn 0.0322 -0.9692 0.2443
vn 0.0577 -0.9667 0.2494
vn 0.2703 -0.9328 0.2383
vn 0.6265 0.7787 0.0343
vn 0.8417 0.5271 -0.1167
vn 0.1281 -0.9553 0.2665
vn 0.6791 0.7112 -0.1819
vn 0.9346 0.3557 -0.0101
vn 0.1676 -0.9842 -0.0577
vn 0.9759 -0.0024 0.2181
vn 0.7413 0.6344 -0.2192
vn 0.9237 0.3829 -0.0108
vn 0.9414 -0.3359 0.0311
vn 0.4874 -0.8332 0.2613
vn 0.9801 -0.0869 0.1783
vn 0.9002 -0.4009 0.1698
vn 0.6364 -0.7502 -0.1794
vn 0.2820 -0.9309 0.2322
vn 0.8507 -0.5253 0.0201
vn 0.8041 -0.5158 0.2956
vn 0.6944 0.7087 -0.1248
vn 0.9980 -0.0625 -0.0136
vn 0.9996 -0.0224 0.0156
vn 0.9952 -0.0965 -0.0167
vn 0.9596 -0.2766 -0.0523
vn 0.8263 -0.5502 -0.1202
vn 0.9705 0.2381 -0.0380
vn 1.0000 -0.0038 -0.0062
vn 0.9903 0.0628 -0.1240
vn 0.9995 0.0144 -0.0269
vn 0.9999 -0.0087 0.0137
vn 0.1896 0.8860 -0.4232
vn -0.5573 0.8070 -0.1952
vn 0.9868 0.1551 -0.0469
vn 0.9995 0.0294 -0.0059
vn 0.1771 -0.9466 -0.2696
vn 0.6998 0.6736 -0.2379
vn 0.9720 0.1022 -0.2117
vn 0.9904 -0.1374 -0.0137
vn 0.5426 0.8139 -0.2077
vn -0.6179 -0.7597 0.2028
vn 0.9965 0.0674 -0.0491
vn 0.9971 -0.0747 0.0121
vn 0.9999 -0.0106 -0.0135
vn -0.4991 -0.8521 0.1573
vn 0.9966 -0.0783 -0.0236
vn 0.9896 -0.1421 0.0207
vn 0.9946 -0.0241 -0.1012
vn 0.9968 -0.0778 -0.0173
vn 1.0000 -0.0100 -0.0001
vn 0.3213 0.5205 -0.7911
vn 0.9997 -0.0236 0.0100
vn 0.9993 -0.0190 -0.0314
vn 0.9973 -0.0709 0.0215
vn 0.9957 -0.0694 -0.0618
vn 0.9961 -0.0781 -0.0412
vn 0.9992 0.0175 -0.0354
vn 0.9843 -0.1637 -0.0662
vn 0.9728 -0.2200 0.0729
vn -0.0550 0.9682 -0.2441
vn 0.9978 -0.0006 -0.0666
vn 0.9329 -0.0130 -0.3600
vn 0.9996 -0.0186 -0.0213
vn 0.9988 -0.0477 -0.0105
vn 0.9890 -0.1445 0.0301
vn 0.2804 -0.8712 0.4029
vn 0.9998 0.0028 0.0210
vn 0.4807 -0.8419 0.2452
vn 0.3614 -0.8984 0.2496
vn 0.5826 -0.7924 0.1808
vn 0.9996 0.0190 0.0186
vn 0.3277 0.8166 -0.4752
vn 0.9996 -0.0277 -0.0005
vn 0.9996 -0.0263 0.0130
vn 0.9683 0.2477 -0.0331
vn 0.9990 -0.0297 0.0321
vn 0.9987 -0.0065 -0.0499
vn 0.9981 0.0585 0.0167
vn 0.5744 0.2438 -0.7814
vn 0.0176 -0.9774 0.2106
vn 0.9996 -0.0276 -0.0006
vn -0.9848 -0.1734 0.0087
vn 0.6001 -0.7506 0.2763
vn 0.7849 -0.1611 0.5984
vn 0.0090 -0.1907 -0.9816
vn 0.0098 -0.3209 -0.9471
vn 0.0009 -0.1995 -0.9799
vn 0.0001 -0.2068 -0.9784
vn 0.0284 -0.2608 -0.9650
vn 0.0157 -0.4687 -0.8832
vn 0.0319 -0.4752 -0.8793
vn 0.0742 -0.2659 -0.9611
vn -0.7406 -0.6259 0.2443
vn -0.9672 0.2271 -0.1138
vn -0.9707 0.2402 0.0112
vn -0.9883 0.1480 -0.0376
vn -0.9672 0.2390 -0.0858
vn -0.9487 0.2686 -0.1668
vn -0.9493 -0.2928 0.1147
vn -0.8434 0.4689 -0.2624
vn -0.9411 0.2140 -0.2620
vn -0.8114 0.2242 -0.5398
vn -0.5954 0.3966 -0.6987
vn -0.0333 -0.9679 0.2491
vn -0.2649 -0.9346 0.2373
vn -0.4422 0.8793 -0.1766
vn -0.9793 0.1830 0.0866
vn 0.0184 0.9696 -0.2438
vn 0.0515 0.9658 -0.2541
vn -0.0081 0.9574 -0.2887
vn 0.0540 0.9725 -0.2266
vn 0.6926 -0.6939 0.1970
vn 0.0746 0.9749 -0.2099
vn 0.6248 -0.7494 0.2191
vn 0.0284 0.9739 -0.2253
vn 0.0600 0.9720 -0.2273
vn 0.8730 -0.4628 0.1539
vn 0.0240 0.9742 -0.2242
vn 0.0208 0.9710 -0.2382
vn -0.0001 0.9710 -0.2390
vn -0.7182 0.6395 -0.2745
vn 0.0584 0.9794 -0.1932
vn 0.0172 0.9674 -0.2527
vn 0.0020 0.9730 -0.2310
vn -0.0076 0.9171 -0.3987
vn -0.1073 0.9702 -0.2173
vn -0.1416 0.8726 -0.4674
vn 0.0098 0.9681 -0.2505
vn -0.0369 0.9709 -0.2365
vn 0.0002 0.9708 -0.2398
vn 0.0445 0.9736 -0.2239
vn -0.7795 0.6231 -0.0643
vn -0.9774 -0.1654 0.1317
vn -0.6318 -0.7417 0.2252
vn -0.9236 0.1617 0.3476
vn -0.9382 0.2195 0.2676
vn -0.2852 0.4028 -0.8697
vn -0.8944 0.1145 -0.4324
vn -0.0157 0.4042 -0.9145
vn -0.0114 0.9699 -0.2432
vn -0.0034 0.7810 -0.6245
vn 0.0040 0.4586 -0.8886
vn 0.0019 0.4170 -0.9089
vn 0.0036 0.3990 -0.9169
vn -0.6899 0.7028 -0.1737
vn -0.0184 0.2815 -0.9594
vn 0.0374 0.9017 -0.4307
vn 0.0081 0.4149 -0.9098
vn 0.2668 0.9497 -0.1640
vn -0.0114 0.9695 -0.2448
vn 0.0041 0.9645 -0.2642
vn 0.0301 0.9647 -0.2616
vn 0.9908 0.0307 0.1318
vn -0.3524 0.9355 -0.0258
vn 0.9758 0.0437 -0.2142
vn 0.3234 0.8912 -0.3182
vn -0.0554 0.9710 -0.2324
vn -0.0022 0.9762 -0.2171
vn 0.0319 0.4756 -0.8791
vn 0.0434 0.5779 -0.8149
vn -0.0158 0.9752 -0.2207
vn -0.0229 0.9676 -0.2516
vn -0.1917 0.9508 -0.2435
vn -0.8836 -0.4642 -0.0611
vn -0.0025 0.9772 -0.2123
vn -0.0031 0.9628 -0.2703
vn -0.0118 0.9660 -0.2583
vn -0.0236 0.9176 -0.3968
vn -0.9966 0.0238 -0.0789
vn 0.0562 0.9713 -0.2311
vn -0.9991 -0.0399 0.0150
vn -0.9997 -0.0186 -0.0188
vn -0.7322 0.6576 -0.1776
vn -0.0029 0.9736 -0.2284
vn -0.9387 0.2156 0.2691
vn -0.9999 0.0125 -0.0062
vn -0.0998 0.9668 -0.2354
vn -0.0128 0.9800 -0.1987
vn -0.9609 -0.0560 -0.2712
vn -0.0513 0.9714 -0.2320
vn -0.1273 0.9536 -0.2727
vn -0.9976 -0.0593 -0.0357
vn -0.8860 0.4637 -0.0050
vn -0.8012 -0.5694 0.1839
vn -0.0030 0.9715 -0.2372
vn 0.9960 -0.0879 -0.0172
vn -0.9405 -0.3154 0.1267
vn -0.7529 0.6400 -0.1538
vn 0.0046 0.9564 -0.2919
vn -0.0574 0.9728 -0.2242
vn -0.1078 0.9810 -0.1615
vn -0.1156 0.9866 -0.1155
vn -0.0378 0.9651 -0.2590
vn -0.9888 0.1476 -0.0208
vn -0.0115 0.9701 -0.2426
vn -0.0298 0.9722 -0.2324
vn -0.9948 -0.0867 0.0539
vn -0.0648 0.9695 -0.2362
vn -0.9880 -0.1502 0.0358
vn -0.0891 0.9695 -0.2283
vn -0.4639 -0.8429 0.2725
vn -0.7971 -0.5934 0.1120
vn -0.0434 0.9707 -0.2364
vn -0.4622 -0.8531 0.2422
vn -0.0219 0.9756 -0.2184
vn -0.9891 -0.1244 0.0794
vn -0.0332 0.9709 -0.2371
vn -0.0336 0.9717 -0.2340
vn -0.0182 0.9747 -0.2229
vn -0.0010 0.9728 -0.2317
vn -0.0309 0.9751 -0.2195
vn -0.9585 -0.2672 0.0993
vn -0.9799 -0.1926 0.0522
vn -0.0289 0.9754 -0.2186
vn -0.4833 0.8692 0.1045
vn -0.1432 0.9611 -0.2363
vn -0.3284 0.9212 -0.2086
vn -0.1040 0.9741 -0.2010
vn -0.0247 0.9671 -0.2533
vn 0.0089 0.9695 -0.2449
vn 0.0060 0.9639 -0.2663
vn -0.0281 0.9934 -0.1113
vn -0.1177 0.9308 -0.3461
vn -0.1323 0.9424 0.3073
vn -0.0039 0.9720 -0.2351
vn -0.1999 0.9712 -0.1297
vn -0.2113 0.9502 -0.2292
vn -0.0607 0.9347 0.3501
vn -0.1023 0.9739 -0.2025
vn 0.0015 0.9738 -0.2273
vn -0.2868 0.9432 0.1678
vn -0.9933 0.1145 0.0140
vn -0.9710 -0.2203 0.0925
vn 0.6448 -0.7090 0.2856
vn 0.0618 0.9680 -0.2433
vn 0.0005 0.9736 -0.2283
vn -0.0043 0.9691 -0.2466
vn 0.0416 0.9721 -0.2309
vn 0.0316 0.9609 -0.2750
vn 0.0764 0.9779 -0.1947
vn 0.0098 0.9678 -0.2515
vn 0.6813 0.7257 -0.0958
vn -0.2467 0.9050 -0.3465
vn 0.3428 0.7995 -0.4933
vn -0.0212 0.8949 -0.4457
vn 0.2971 0.9358 -0.1898
vn 0.3231 0.7395 -0.5906
vn 0.0365 0.9726 -0.2295
vn 0.0169 0.9687 -0.2476
vn -0.0623 0.9724 -0.2248
vn 0.7412 0.5319 0.4095
vn 0.7637 0.2491 0.5955
vn -0.0016 0.9683 -0.2496
vn 0.0011 0.2791 0.9603
vn 0.0037 0.9649 -0.2626
vn 0.9998 0.0160 -0.0106
vn 0.0188 0.9707 -0.2395
vn -0.0087 0.9794 -0.2016
vn 0.0247 0.9726 -0.2310
vn 0.0168 0.9860 -0.1659
vn 0.4887 0.2317 -0.8411
vn 0.0013 0.9049 -0.4256
vn 0.9852 0.0407 0.1668
vn 0.9654 0.2406 -0.1011
vn 0.4757 0.8526 -0.2163
vn -0.2920 0.9564 0.0001
vn 0.3811 0.7662 -0.5174
vn 0.0881 0.9556 -0.2812
vn 0.1285 0.9917 0.0054
vn 0.1667 0.9620 -0.2164
vn 0.2357 0.9453 -0.2256
vn 0.7851 -0.5958 0.1695
vn 0.4811 0.8458 -0.2306
vn 0.8610 -0.4731 0.1865
vn 0.0276 0.9611 -0.2747
vn -0.4422 0.8797 -0.1748
vn 0.9972 0.0081 -0.0746
vn 0.4225 0.8994 -0.1120
vn 0.6740 0.7331 0.0913
vn 0.3462 0.8329 -0.4318
vn 0.7682 0.6015 -0.2192
vn 0.5878 0.7826 -0.2051
vn 0.4098 0.7902 -0.4556
vn 0.7381 0.6733 -0.0430
vn 0.6597 0.2941 -0.6916
vn 0.0250 -0.9700 0.2418
vn 0.9941 -0.0920 -0.0569
vn 0.2443 -0.9432 0.2253
vn 0.1611 -0.9584 0.2355
vn 0.0003 -0.9715 0.2372
vn 0.0609 -0.9784 0.1974
vn 0.4721 -0.8666 0.1618
vn 0.0112 -0.9670 0.2546
vn 0.0008 -0.9708 0.2399
vn 0.0044 -0.9643 0.2647
vn 0.0511 -0.9873 0.1503
vn 0.0040 -0.9754 0.2204
vn 0.0047 -0.9804 0.1968
vn 0.9607 0.2349 -0.1478
vn 0.0322 -0.9689 0.2452
vn 0.0432 -0.9744 0.2204
vn 0.0143 -0.9725 0.2325
vn 0.0029 -0.9726 0.2326
vn 0.0122 -0.9743 0.2247
vn 0.0127 -0.9750 0.2220
vn 0.5473 0.8167 -0.1827
vn 0.0060 -0.9695 0.2451
vn 0.0005 -0.9756 0.2194
vn 0.2095 -0.9466 0.2452
vn 0.0581 -0.9808 0.1863
vn 0.0205 -0.9739 0.2261
vn 0.0107 -0.9682 0.2499
vn -0.0194 -0.9514 0.3074
vn 0.0032 -0.9728 0.2316
vn 0.0301 -0.9678 0.2498
vn -0.0635 -0.9881 0.1402
vn -0.0365 -0.9991 -0.0231
vn -0.1942 -0.9605 -0.1994
vn 0.0009 -0.9706 0.2405
vn -0.0475 -0.9516 0.3036
vn -0.0506 -0.9793 0.1962
vn 0.0034 -0.9927 0.1208
vn -0.0419 -0.9955 -0.0852
vn 0.1082 -0.7841 0.6111
vn 0.0062 -0.8468 -0.5318
vn -0.0003 -0.9726 0.2325
vn 0.0008 -0.9767 0.2148
vn 0.0082 -0.9813 0.1921
vn -0.0008 -0.9725 0.2328
vn 0.0009 -0.9740 0.2266
vn -0.0012 -0.9814 0.1918
vn 0.0026 -0.9285 -0.3714
vn 0.0320 -0.9857 0.1654
vn 0.0279 -0.9251 -0.3787
vn -0.0613 -0.9589 0.2770
vn 0.0008 -0.9751 0.2220
vn 0.0125 -0.5252 0.8509
vn -0.0127 -0.9704 0.2413
vn -0.0016 -0.9875 0.1573
vn 0.9321 -0.1219 0.3412
vn 0.2884 -0.9256 0.2453
vn 0.0525 -0.9844 0.1677
vn 0.0012 -0.9706 0.2407
vn -0.0488 -0.9706 0.2356
vn -0.0166 -0.9697 0.2436
vn 0.0310 -0.9686 0.2467
vn 0.0075 -0.9819 0.1894
vn 0.0010 -0.9727 0.2320
vn -0.0385 -0.9726 0.2293
vn 0.0027 -0.9653 0.2612
vn -0.0104 -0.9636 0.2670
vn -0.9979 -0.0648 0.0043
vn 0.2753 -0.9308 0.2403
vn -0.0007 -0.9724 0.2332
vn -0.4652 -0.8594 0.2122
vn -0.9245 -0.2831 0.2554
vn -0.1105 -0.9502 0.2914
vn -0.9728 0.2248 -0.0562
vn -0.0056 -0.9672 0.2540
vn -0.0135 -0.9738 0.2269
vn -0.0191 -0.9783 0.2061
vn -0.9125 0.3781 -0.1563
vn -0.4890 -0.8622 0.1321
vn 0.6969 -0.7067 0.1221
vn -0.6982 0.6907 -0.1882
vn -0.8461 0.5117 -0.1493
vn -0.9718 -0.2340 0.0290
vn 0.5010 -0.8392 0.2117
vn -0.7867 0.6006 -0.1430
vn -0.7709 -0.6194 0.1485
vn -0.2480 -0.9202 0.3027
vn -0.2509 -0.0530 -0.9666
vn 0.0364 -0.2479 -0.9681
vn -0.0082 -0.2579 -0.9661
vn -0.1631 -0.1113 -0.9803
vn -0.0014 -0.4977 -0.8673
vn -0.0011 -0.1871 -0.9823
vn 0.0004 -0.1913 -0.9815
vn 0.0487 -0.5416 -0.8392
vn -0.0250 -0.2214 -0.9749
vn -0.0223 -0.2133 -0.9767
vn -0.0014 -0.1941 -0.9810
vn 0.0350 -0.4123 -0.9104
vn -0.0232 -0.2161 -0.9761
vn 0.0295 -0.2429 -0.9696
vn 0.0467 -0.2619 -0.9640
vn 0.9088 0.2474 -0.3359
vn 0.7754 -0.0531 -0.6292
vn 0.1808 -0.7428 0.6447
vn 0.0699 -0.0578 0.9959
vn 0.0017 0.1851 0.9827
vn 0.0198 0.2075 0.9780
vn -0.4265 -0.0938 0.8996
vn -0.1966 0.3268 0.9244
vn 0.0027 -0.4682 -0.8836
vn -0.4804 -0.5777 0.6599
vn 0.1707 -0.9729 -0.1561
vn 0.5553 -0.8300 0.0515
vn -0.6649 -0.7467 -0.0186
vn -0.3094 -0.9504 -0.0310
vn -0.5847 -0.7815 0.2177
vn -0.5215 -0.7554 -0.3968
vn -0.9588 -0.2301 -0.1668
vn -0.9814 -0.1797 -0.0675
vn -0.6216 -0.7683 0.1531
vn -0.4800 0.2288 0.8469
vn -0.9974 0.0512 0.0511
vn -0.9569 0.1609 0.2416
vn -0.9857 -0.1623 -0.0459
vn -0.8523 -0.4779 -0.2127
vn -0.9976 0.0596 -0.0354
vn -0.9736 -0.2156 0.0754
vn -0.9299 0.3661 -0.0368
vn 0.8948 -0.2233 -0.3866
vn 0.3432 -0.9135 0.2184
vn -0.9942 -0.0944 0.0521
vn -0.9680 0.2159 -0.1281
vn -0.4615 -0.8753 0.1446
vn 0.3401 -0.9233 0.1782
vn -0.0750 0.3439 -0.9360
vn -0.6001 0.7719 -0.2100
vn -0.9064 0.4215 -0.0267
vn -0.9022 0.4256 0.0708
vn -0.7997 0.5862 0.1297
vn -0.1338 0.4742 0.8702
vn -0.9300 0.3641 0.0504
vn -0.9398 0.3416 0.0095
vn 0.3525 -0.1259 0.9273
vn -0.7739 0.4327 -0.4624
vn -0.9101 0.3804 0.1643
vn -0.1454 0.4997 0.8539
vn -0.5703 0.5082 0.6453
vn -0.9243 0.3815 0.0125
vn -0.8994 0.4202 -0.1203
vn -0.9086 0.4034 -0.1084
vn -0.8379 0.5456 0.0118
vn -0.9223 0.3834 -0.0479
vn -0.9279 0.3725 0.0154
vn -0.9131 0.4078 0.0042
vn -0.8898 0.4545 -0.0419
vn -0.9101 0.4124 -0.0399
vn -0.8737 0.4853 -0.0332
vn 0.0609 0.1113 -0.9919
vn 0.1422 0.2033 -0.9687
vn 0.7221 -0.0963 -0.6850
vn 0.3521 0.0226 -0.9357
vn -0.9110 0.3914 -0.1296
vn -0.9085 0.3534 -0.2231
vn -0.9350 0.3440 -0.0862
vn 0.7703 0.3017 -0.5618
vn 0.1366 0.0600 -0.9888
vn 0.3049 0.1879 -0.9337
vn 0.1990 0.1965 -0.9601
vn -0.0285 -0.5142 0.8572
vn -0.0079 0.5211 -0.8535
vn -0.8487 0.4480 -0.2812
vn 0.1352 -0.0198 0.9906
vn 0.3900 -0.0053 0.9208
vn -0.9766 0.1459 0.1582
vn 0.5158 0.0667 0.8541
vn -0.8785 0.4582 0.1350
vn -0.4232 0.4332 0.7957
vn -0.5037 0.5502 0.6660
vn -0.9161 0.4008 0.0003
vn -0.9099 0.4149 0.0049
vn -0.8939 0.3095 0.3244
vn -0.1817 -0.0338 0.9828
vn 0.0293 0.1786 0.9835
vn -0.1271 0.2114 0.9691
vn -0.2052 0.3593 0.9104
vn -0.9105 0.4114 0.0416
vn 0.2582 0.2772 0.9255
vn -0.9234 0.3834 -0.0163
vn 0.0869 0.5700 0.8170
vn -0.7709 0.4577 0.4430
vn -0.6363 0.6090 0.4736
vn -0.9126 0.2804 0.2976
vn -0.8537 0.4207 0.3069
vn -0.9095 0.4145 -0.0319
vn -0.9107 0.4083 0.0626
vn -0.9216 0.3238 0.2139
vn -0.4533 0.4544 0.7668
vn -0.8792 0.4594 0.1267
vn -0.4929 0.2471 0.8343
vn -0.8725 0.4617 -0.1600
vn -0.1605 0.6318 0.7583
vn -0.7789 0.6128 0.1336
vn -0.9167 0.3995 -0.0045
vn -0.8391 0.4766 -0.2623
vn -0.8578 0.5125 -0.0405
vn -0.9031 0.4140 -0.1142
vn 0.4679 0.0340 -0.8831
vn -0.8529 0.4843 -0.1948
vn 0.1026 0.0113 0.9947
vn -0.0574 0.4310 0.9005
vn -0.9085 -0.0235 -0.4172
vn -0.0035 0.4707 0.8823
vn 0.0067 0.4810 0.8767
vn -0.7911 0.5335 0.2994
vn -0.0575 0.3234 0.9445
vn -0.0828 0.3470 0.9342
vn -0.3790 0.4458 0.8109
vn -0.8865 0.3863 0.2548
vn 0.7827 -0.0676 0.6187
vn 0.0169 0.3406 0.9401
vn -0.0064 0.3387 0.9409
vn 0.0036 0.5201 0.8541
vn 0.0009 0.3253 0.9456
vn -0.0217 0.3190 0.9475
vn -0.5720 0.4528 0.6839
vn -0.0477 0.3503 0.9354
vn -0.7734 0.5135 0.3718
vn -0.0588 0.3221 0.9449
vn -0.0336 0.3128 0.9492
vn -0.0286 0.3479 0.9371
vn -0.6940 0.5029 0.5152
vn -0.2678 0.3688 0.8901
vn -0.0609 0.4897 0.8698
vn 0.0085 0.5415 0.8406
vn -0.0470 0.2289 0.9723
vn -0.5442 -0.4382 0.7154
vn 0.0150 -0.0242 0.9996
vn -0.1185 -0.0884 0.9890
vn -0.0673 -0.0047 0.9977
vn -0.1190 -0.1220 0.9854
vn -0.8084 -0.5467 -0.2182
vn -0.5833 -0.2841 0.7609
vn -0.6576 0.0428 0.7521
vn -0.7629 0.0425 0.6451
vn -0.0455 0.0013 0.9990
vn -0.0809 0.0609 0.9949
vn -0.0237 -0.0955 0.9951
vn -0.2157 0.1347 0.9671
vn -0.7370 0.6114 -0.2883
vn -0.7834 0.6211 -0.0229
vn -0.7063 0.6603 -0.2552
vn 0.0091 -0.2532 0.9674
vn 0.3534 -0.0463 0.9343
vn -0.2874 0.9533 0.0929
vn -0.0082 -0.0901 0.9959
vn -0.2910 -0.2632 -0.9198
vn 0.5468 0.7972 0.2558
vn 0.0152 0.0380 0.9992
vn -0.0118 0.0523 0.9986
vn -0.0547 0.0993 0.9936
vn -0.2549 0.3901 0.8848
vn 0.0015 0.5151 0.8571
vn -0.1348 0.9441 -0.3007
vn 0.0190 0.4890 0.8721
vn -0.0145 0.9618 0.2735
vn 0.4400 0.3569 0.8240
vn 0.0326 0.3369 0.9410
vn 0.0956 0.3526 0.9309
vn -0.0013 0.4037 0.9149
vn 0.1134 0.0240 0.9933
vn 0.0436 0.0772 0.9961
vn 0.1770 0.3053 0.9357
vn 0.0047 0.5336 0.8457
vn 0.0749 0.0047 0.9972
vn 0.4455 -0.6813 -0.5808
vn 0.0857 0.1595 0.9835
vn 0.0564 0.0368 0.9977
vn 0.1556 0.1464 0.9769
vn 0.3212 0.3638 0.8743
vn -0.0120 0.1527 0.9882
vn 0.1641 0.3607 0.9181
vn 0.3232 0.5427 0.7752
vn 0.5571 0.3860 -0.7353
vn 0.0330 0.3184 0.9474
vn 0.0804 0.4251 0.9016
vn -0.0634 0.8255 0.5608
vn -0.2523 0.9435 -0.2148
vn 0.1160 0.6068 0.7863
vn 0.7250 -0.3594 -0.5875
vn 0.6085 0.0922 0.7882
vn -0.4688 -0.0792 0.8798
vn 0.9360 0.2999 -0.1843
vn 0.3910 0.1488 0.9083
vn 0.8384 0.3461 0.4210
vn 0.1648 0.1629 0.9728
vn 0.2581 -0.2632 0.9296
vn 0.0254 0.5156 0.8565
vn 0.0625 0.3517 0.9340
vn 0.1047 0.3241 0.9402
vn 0.2491 0.4496 0.8578
vn -0.0060 0.3913 0.9202
vn -0.0392 0.2180 0.9752
vn -0.1575 0.1848 0.9701
vn 0.0121 0.2741 0.9616
vn 0.0090 0.1905 0.9817
vn 0.0274 0.4217 0.9063
vn 0.0185 0.3748 0.9269
vn 0.3975 0.3330 0.8550
vn 0.2461 0.5047 0.8275
vn 0.9760 0.2015 -0.0831
vn 0.7028 0.2686 0.6587
vn 0.0543 0.6070 0.7928
vn 0.9694 0.2139 -0.1203
vn 0.0540 0.4213 0.9053
vn 0.8985 0.2945 -0.3255
vn -0.0625 0.1398 0.9882
vn 0.9397 0.3283 0.0958
vn 0.4846 0.4940 0.7219
vn 0.7357 0.5037 0.4528
vn 0.9272 0.3727 -0.0365
vn 0.9605 0.1982 0.1954
vn 0.1149 0.3789 0.9183
vn 0.0959 0.4429 0.8914
vn 0.9215 0.3614 -0.1420
vn 0.4227 0.4399 0.7924
vn 0.7185 -0.1068 0.6873
vn -0.6099 -0.6920 0.3862
vn 0.1745 -0.9705 -0.1661
vn -0.2654 -0.9641 -0.0005
vn 0.0006 -0.9992 -0.0403
vn 0.0007 -0.9997 -0.0262
vn -0.0065 -0.9982 -0.0599
vn 0.4099 -0.9120 -0.0140
vn 0.1080 -0.9889 0.1017
vn 0.2985 -0.9544 -0.0044
vn 0.9573 -0.2398 0.1614
vn 0.9711 -0.2371 0.0266
vn 0.9600 -0.1053 -0.2596
vn -0.9712 0.2382 0.0017
vn -0.4602 0.1886 -0.8676
vn -0.9433 0.1650 -0.2880
vn -0.0205 0.1458 -0.9891
vn -0.0013 0.2708 -0.9626
vn -0.1995 -0.2115 -0.9568
vn -0.0457 0.3020 -0.9522
vn 0.0130 0.2689 -0.9631
vn 0.0480 0.2781 -0.9593
vn 0.0885 0.2802 -0.9559
vn 0.9151 0.0580 -0.3990
vn 0.1317 0.0672 0.9890
vn -0.2957 -0.3020 0.9063
vn -0.3041 0.2211 0.9266
vn 0.9742 -0.0337 -0.2233
vn 0.9914 -0.1169 -0.0586
vn -0.9602 0.1789 -0.2146
vn 0.9871 0.1529 0.0464
vn 0.9823 0.1861 0.0220
vn 0.8178 -0.5348 0.2123
vn 0.9981 0.0540 -0.0302
vn -0.4398 0.8945 0.0805
vn 0.9992 -0.0351 0.0173
vn -0.1376 0.6758 -0.7242
vn -0.8519 0.5077 0.1282
vn -0.0255 0.7041 0.7096
vn 0.9965 0.0666 0.0514
vn 0.9453 -0.3110 0.0986
vn 0.9979 -0.0643 0.0078
vn 0.9887 0.1139 0.0975
vn 0.9192 -0.3687 0.1382
vn 0.2075 0.8873 0.4118
vn 0.2054 -0.0347 -0.9781
vn -0.0053 -0.3764 -0.9265
vn 0.0688 -0.0834 -0.9941
vn 0.1394 -0.2404 -0.9606
vn 0.0392 -0.4919 -0.8698
vn 0.0017 -0.3060 -0.9520
vn -0.0845 -0.1756 -0.9808
vn -0.1062 -0.6372 -0.7633
vn -0.0312 -0.3329 -0.9425
vn 0.0611 -0.1826 -0.9813
vn 0.0213 0.3682 -0.9295
vn -0.0010 0.0990 -0.9951
vn -0.0355 0.0289 -0.9990
vn 0.4243 -0.8697 -0.2520
vn 0.0432 -0.3121 -0.9491
vn 0.0177 0.3481 -0.9373
vn -0.0278 0.1463 -0.9889
vn 0.0043 0.1676 -0.9858
vn -0.0036 -0.0929 -0.9957
vn 0.4560 -0.0053 -0.8900
vn 0.0647 0.2309 -0.9708
vn 0.1251 -0.0418 -0.9913
vn -0.0379 -0.2074 -0.9775
vn -0.4338 -0.8998 -0.0463
vn -0.1559 -0.8630 -0.4806
vn 0.0581 0.3471 -0.9360
vn 0.1043 0.0472 -0.9934
vn 0.4430 0.2904 -0.8482
vn -0.1177 0.0374 -0.9923
vn 0.0134 -0.1876 -0.9822
vn -0.0346 -0.6058 -0.7949
vn 0.0012 -0.2813 -0.9596
vn 0.0349 -0.8946 -0.4454
vn -0.3843 -0.7297 -0.5655
vn -0.0577 0.5462 -0.8357
vn -0.0174 0.1155 -0.9931
vn 0.1329 -0.1445 -0.9805
vn 0.0030 0.1729 -0.9849
vn 0.0870 -0.0749 -0.9934
vn 0.0012 -0.2391 -0.9710
vn -0.0194 -0.2916 -0.9563
vn -0.0607 -0.2956 -0.9534
vn 0.0303 -0.4316 -0.9015
vn -0.0298 -0.1992 -0.9795
vn -0.1665 0.2405 -0.9563
vn 0.1267 -0.5788 -0.8056
vn -0.0361 -0.2893 -0.9565
vn -0.0282 0.1096 -0.9936
vn 0.0398 -0.2723 -0.9614
vn 0.0833 -0.5247 -0.8472
vn 0.1053 0.2962 -0.9493
vn 0.0639 0.5094 -0.8582
vn -0.1478 0.7288 -0.6686
vn 0.1488 0.4849 -0.8618
vn -0.0249 -0.1892 -0.9816
vn 0.0885 -0.5193 -0.8500
vn 0.0703 -0.5217 -0.8502
vn -0.0847 0.1175 -0.9895
vn -0.0008 -0.2742 -0.9617
vn 0.0501 -0.2240 -0.9733
vn 0.2429 -0.5815 -0.7764
vn 0.3959 0.2029 -0.8956
vn 0.4068 0.2455 -0.8799
vn 0.3998 0.2520 -0.8813
vn 0.0781 -0.1163 -0.9901
vn -0.0079 -0.3080 -0.9513
vn -0.0186 0.0629 -0.9978
vn -0.0804 0.0292 -0.9963
vn 0.0375 -0.0933 -0.9949
vn -0.0273 -0.0548 -0.9981
vn -0.0913 -0.3121 -0.9456
vn -0.0730 -0.0737 -0.9946
vn -0.0036 -0.5370 -0.8436
vn -0.0187 -0.1766 -0.9841
vn -0.0667 -0.3521 -0.9336
vn -0.0355 -0.3462 -0.9375
vn 0.0917 0.7574 -0.6465
vn -0.0001 -0.1677 -0.9858
vn -0.0157 0.1842 -0.9828
vn -0.1813 0.3862 -0.9044
vn -0.2739 0.2526 -0.9280
vn -0.3193 0.3325 -0.8874
vn -0.0187 -0.1091 -0.9938
vn -0.0428 -0.2550 -0.9660
vn -0.0089 -0.2324 -0.9726
vn 0.0665 -0.9184 -0.3900
vn -0.0920 -0.9108 -0.4024
vn -0.0309 -0.0722 -0.9969
vn -0.0134 -0.3155 -0.9488
vn 0.0282 -0.1014 -0.9944
vn 0.1278 -0.7273 -0.6744
vn 0.1433 -0.7699 -0.6218
vn -0.0619 -0.7908 -0.6090
vn -0.3266 -0.4931 -0.8063
vn -0.2643 -0.6102 -0.7469
vn -0.3346 -0.4250 -0.8411
vn 0.0569 -0.3636 -0.9298
vn 0.0142 -0.0196 -0.9997
vn 0.0613 0.0023 -0.9981
vn 0.0325 0.3747 -0.9266
vn 0.1957 0.4944 -0.8469
vn 0.1148 -0.3636 -0.9244
vn 0.0708 -0.6143 -0.7859
vn -0.1597 -0.4495 -0.8789
vn 0.0392 -0.0658 -0.9971
vn 0.1819 0.1785 -0.9670
vn 0.0142 -0.5350 -0.8447
vn -0.1177 -0.7906 -0.6010
vn 0.1069 0.2265 -0.9681
vn -0.0359 0.0525 -0.9980
vn -0.0153 0.5886 -0.8083
vn 0.0392 -0.0995 -0.9943
vn 0.0030 -0.1321 -0.9912
vn 0.0058 -0.2731 -0.9620
vn -0.0201 -0.5196 -0.8542
vn 0.2256 0.0112 -0.9742
vn 0.0871 0.1591 -0.9834
vn -0.2719 0.0658 -0.9601
vn -0.0989 -0.3760 -0.9213
vn -0.0400 0.2093 -0.9770
vn -0.3143 -0.7310 -0.6057
vn -0.0027 -0.9054 -0.4245
vn 0.0468 -0.9305 -0.3632
vn -0.2341 -0.1647 -0.9582
vn -0.0953 0.9888 -0.1144
vn -0.0954 -0.3356 -0.9372
vn 0.0101 -0.1054 -0.9944
vn -0.0810 0.5439 -0.8352
vn -0.2195 0.1755 -0.9597
vn -0.0361 -0.4065 -0.9129
vn 0.0454 -0.9055 -0.4220
vn 0.1128 -0.7631 -0.6364
vn -0.0706 -0.3155 -0.9463
vn 0.1993 -0.9766 0.0814
vn 0.0285 -0.0002 -0.9996
vn -0.5075 0.0347 -0.8610
vn -0.4964 -0.1970 -0.8455
vn -0.6622 -0.4374 -0.6084
vn 0.3039 0.1426 -0.9420
vn 0.2374 0.5273 -0.8158
vn -0.0982 0.3317 -0.9383
vn 0.1568 -0.6144 -0.7732
vn -0.4525 -0.2546 -0.8547
vn -0.3357 -0.2762 -0.9006
vn -0.1546 -0.4654 -0.8715
vn 0.1512 -0.0546 -0.9870
vn -0.6503 -0.3309 -0.6838
vn 0.0881 0.0153 -0.9960
vn 0.0300 0.1340 -0.9905
vn -0.0262 -0.1840 -0.9826
vn 0.0148 -0.5761 -0.8173
vn 0.0626 -0.9699 -0.2354
vn 0.1058 -0.8736 -0.4750
vn -0.7321 0.6356 -0.2452
vn -0.8164 0.5610 -0.1372
vn -0.9018 0.4061 -0.1477
vn -0.9894 0.1433 -0.0236
vn -0.8791 0.4767 -0.0017
vn -0.8737 0.4862 0.0171
vn -0.7726 0.6338 0.0380
vn -0.9044 0.4266 -0.0004
vn -0.8820 0.4712 0.0042
vn -0.7089 -0.7053 0.0045
vn -0.8272 0.5617 0.0155
vn -0.8815 0.4722 0.0045
vn -0.6351 0.4358 -0.6378
vn -0.4425 0.7936 -0.4176
vn 0.5393 -0.0812 -0.8382
vn 0.5272 0.8228 0.2123
vn -0.4083 0.8309 -0.3779
vn -0.1833 0.7173 -0.6722
vn 0.2135 -0.1004 -0.9718
vn 0.0619 0.1909 0.9796
vn 0.0043 0.2349 0.9720
vn -0.0850 0.1391 0.9866
vn 0.2837 -0.9418 0.1802
vn 0.0487 0.2414 0.9692
vn -0.0119 0.3787 0.9254
vn 0.0107 0.0113 0.9999
vn -0.0283 0.6748 0.7374
vn -0.0771 0.4802 0.8738
vn -0.0036 0.3751 0.9270
vn -0.0256 0.3436 0.9388
vn -0.0715 0.3988 0.9142
vn 0.1626 -0.4222 0.8918
vn 0.0442 0.2339 0.9713
vn -0.0872 0.4054 0.9100
vn 0.0045 0.4036 0.9149
vn -0.0132 0.3325 0.9430
vn -0.0128 -0.3318 0.9433
vn 0.0020 0.2716 0.9624
vn -0.0130 0.4741 0.8804
vn 0.0185 0.2716 0.9622
vn -0.0041 0.3061 0.9520
vn 0.0070 0.6239 0.7815
vn 0.3811 -0.8630 0.3318
vn -0.0157 0.5210 0.8534
vn 0.0002 0.3629 0.9318
vn -0.0618 0.3241 0.9440
vn 0.0617 0.3870 0.9200
vn -0.1645 0.3597 0.9184
vn -0.5852 -0.5921 0.5541
vn 0.0362 0.4749 0.8793
vn 0.0164 0.2592 0.9657
vn 0.0736 0.1143 0.9907
vn -0.0233 0.0237 0.9994
vn 0.2390 -0.4681 0.8507
vn -0.1010 0.5372 0.8374
vn 0.0016 0.3028 0.9531
vn -0.0602 0.3536 0.9335
vn -0.0162 0.4249 0.9051
vn 0.0774 0.3834 0.9203
vn 0.0986 0.3420 0.9345
vn -0.0050 -0.4060 0.9139
vn 0.0049 0.3315 0.9435
vn -0.0054 0.5234 0.8521
vn -0.0579 0.5050 0.8612
vn 0.0351 0.4174 0.9080
vn 0.0729 0.3262 0.9425
vn 0.0766 0.3230 0.9433
vn 0.1828 0.4499 0.8742
vn 0.0089 0.3392 0.9407
vn -0.0455 0.2813 0.9585
vn 0.0197 0.3776 0.9258
vn -0.0026 0.3118 0.9502
vn 0.0267 0.3820 0.9238
vn -0.0090 0.2275 0.9737
vn -0.0556 0.3020 0.9517
vn 0.0240 0.3034 0.9526
vn -0.0178 0.9929 -0.1177
vn 0.2273 -0.6550 0.7206
vn -0.0174 0.2516 0.9677
vn -0.0298 -0.3348 0.9418
vn 0.0162 0.1440 0.9894
vn -0.0831 0.3113 0.9467
vn -0.1005 -0.8121 0.5748
vn -0.0785 0.2455 0.9662
vn -0.0612 0.3103 0.9487
vn 0.2085 0.8418 0.4980
vn -0.0336 0.3611 0.9319
vn -0.0294 0.2559 0.9663
vn 0.5210 -0.8163 0.2493
vn -0.8735 -0.3020 0.3819
vn -0.1354 -0.8950 -0.4250
vn -0.4271 -0.3081 0.8501
vn -0.7402 0.6670 -0.0853
vn 0.4052 0.7724 0.4892
vn -0.3288 -0.2713 -0.9046
vn 0.9702 -0.2179 -0.1055
vn 0.8424 -0.5229 -0.1303
vn 0.7113 -0.7003 -0.0610
vn 0.7163 0.4839 -0.5028
vn 0.9117 0.1726 0.3729
vn 0.8811 -0.4729 0.0065
vn 0.9234 -0.3740 0.0868
vn 0.6289 -0.7587 -0.1699
vn 0.7428 -0.6373 0.2052
vn 0.8321 -0.5058 0.2277
vn -0.3785 -0.2365 0.8949
vn 0.1569 -0.3631 -0.9184
vn 0.2095 -0.5473 -0.8103
vn 0.0217 -0.3916 -0.9199
vn 0.0853 -0.3588 -0.9295
vn 0.0851 -0.3396 -0.9367
vn -0.0986 -0.9916 -0.0838
vn 0.7198 -0.6764 0.1565
vn 0.1449 -0.9874 -0.0634
vn 0.0022 -0.4093 -0.9124
vn 0.0063 -0.9998 0.0182
vn 0.0150 -0.9955 0.0938
vn 0.0028 -0.9994 0.0332
vn 0.0519 -0.9696 -0.2393
vn 0.0031 -0.9914 -0.1311
vn 0.0029 -0.9988 0.0497
vn 0.0045 -0.3835 -0.9235
vn -0.0002 -1.0000 -0.0024
vn 0.0058 -0.9756 -0.2197
vn -0.0000 -0.9980 0.0636
vn -0.0199 -0.4429 -0.8963
vn -0.1121 -0.6636 -0.7396
vn -0.0184 -0.9948 0.1001
vn -0.0024 -0.9730 -0.2308
vn -0.0094 -0.9977 0.0674
vn 0.0032 -0.3739 -0.9275
vn 0.0071 -0.3929 -0.9195
vn 0.0015 1.0000 0.0019
vn 0.0074 0.9857 -0.1684
vn 0.0044 1.0000 -0.0022
vn 0.5305 0.1911 -0.8259
vn -0.1276 0.9525 -0.2766
vn -0.0004 1.0000 -0.0040
vn -0.0261 0.9997 0.0025
vn -0.0718 -0.9971 -0.0233
vn 0.0218 -0.9499 0.3118
vn -0.1212 -0.9891 -0.0834
vn 0.0410 -0.9869 0.1557
vn 0.1059 -0.9775 0.1822
vn -0.0155 -0.9944 -0.1041
vn 0.0501 -0.9186 0.3921
vn 0.0006 -0.9997 0.0254
vn -0.0010 -0.9889 -0.1488
vn 0.0054 -0.9902 -0.1394
vn 0.9032 -0.2360 -0.3584
vn 0.9575 -0.2882 -0.0091
vn 0.9167 -0.3989 0.0239
vn 0.9271 0.1751 0.3313
vn 0.4728 0.1465 0.8689
vn 0.9539 -0.3000 -0.0010
vn 0.9040 -0.4271 -0.0189
vn 0.9581 -0.2853 0.0250
vn 0.8450 -0.5347 -0.0013
vn 0.9254 -0.3774 -0.0347
vn 0.4651 -0.3121 -0.8284
vn 0.9087 -0.4044 -0.1033
vn 0.8975 -0.4054 0.1736
vn 0.9341 -0.3565 -0.0195
vn 0.9167 -0.3994 -0.0087
vn 0.6993 -0.4691 -0.5394
vn 0.9488 -0.2815 0.1436
vn 0.9179 -0.3918 0.0634
vn 0.9075 -0.4200 -0.0103
vn 0.9446 -0.3220 0.0635
vn 0.7008 -0.5817 0.4129
vn 0.8364 0.0844 0.5415
vn -0.3794 0.9126 -0.1528
vn 0.9278 -0.3730 -0.0072
vn 0.8988 -0.4260 0.1034
vn 0.2699 0.9184 -0.2893
vn 0.9760 -0.2135 -0.0419
vn 0.9643 -0.2581 -0.0591
vn 0.9128 -0.4082 0.0128
vn 0.9634 -0.1619 -0.2135
vn 0.9602 -0.2629 0.0947
vn 0.9480 -0.2690 0.1702
vn 0.8590 -0.4553 0.2343
vn 0.3382 -0.4716 0.8144
vn -0.1235 -0.3644 0.9230
vn -0.3749 -0.2456 0.8939
vn 0.9292 -0.3654 0.0547
vn 0.4651 -0.8037 0.3710
vn 0.0553 -0.3167 0.9469
vn 0.0119 -0.3158 0.9487
vn 0.7326 -0.5105 -0.4501
vn 0.4145 -0.3269 -0.8493
vn 0.6364 -0.5449 -0.5459
vn 0.8766 -0.4779 -0.0566
vn -0.2241 -0.1457 -0.9636
vn 0.9296 -0.3609 -0.0745
vn 0.9027 -0.4171 0.1060
vn 0.9504 -0.3022 -0.0731
vn 0.9152 -0.4015 0.0353
vn 0.4342 -0.4042 -0.8051
vn 0.8908 -0.4543 -0.0058
vn 0.9087 -0.4154 -0.0416
vn 0.8146 -0.5791 -0.0337
vn 0.8472 -0.5258 -0.0762
vn 0.1534 -0.9541 0.2574
vn 0.9111 -0.4121 0.0083
vn 0.9065 -0.4140 0.0827
vn 0.8585 -0.4596 0.2274
vn 0.8958 -0.4424 -0.0431
vn 0.8865 -0.4608 0.0431
vn 0.6551 0.0867 0.7505
vn 0.2783 -0.0006 0.9605
vn 0.3627 -0.5768 0.7320
vn 0.0890 -0.4381 0.8945
vn 0.1696 0.0473 0.9844
vn -0.1092 -0.0128 0.9939
vn 0.3384 -0.1325 0.9316
vn 0.8913 -0.4085 -0.1966
vn 0.6211 -0.5027 0.6012
vn -0.0175 -0.2179 0.9758
vn 0.9505 -0.2365 0.2015
vn -0.1657 -0.2988 0.9398
vn 0.8961 -0.3440 0.2806
vn 0.0066 0.9999 -0.0084
vn 0.0083 0.9982 0.0588
vn -0.2948 0.9533 0.0654
vn -0.0125 0.9993 0.0341
vn 0.0025 0.9999 0.0150
vn -0.0221 0.9883 0.1507
vn 0.0086 0.9961 -0.0878
vn -0.0037 0.9968 -0.0793
vn -0.0366 -0.0327 0.9988
vn -0.0937 0.5976 -0.7963
vn 0.1064 0.9900 -0.0924
vn 0.2760 -0.5086 0.8155
vn -0.0545 0.9932 -0.1027
vn -0.0819 0.9940 0.0729
vn -0.1192 0.9929 -0.0002
vn -0.0102 0.9999 0.0026
vn 0.0051 1.0000 0.0014
vn 0.4142 -0.9013 -0.1268
vn 0.1392 -0.7920 0.5945
vn -0.0019 -0.8901 -0.4557
vn -0.0002 -0.6507 0.7593
vn -0.0008 -0.9224 -0.3863
vn -0.5249 -0.6857 0.5043
vn -0.1988 -0.9681 -0.1526
vn -0.0586 -0.9928 -0.1041
vn -0.0769 -0.9963 -0.0372
vn -0.2350 -0.9485 -0.2125
vn 0.8831 -0.4618 -0.0831
vn 0.9035 -0.4261 0.0464
vn -0.4123 -0.9105 0.0318
vn 0.0020 -0.9999 -0.0103
vn -0.0112 -0.9999 0.0017
vn -0.0823 -0.9965 0.0177
vn -0.6600 -0.7296 -0.1791
vn -0.1084 -0.9873 0.1163
vn -0.0479 -0.9864 0.1571
vn -0.7688 -0.5613 0.3065
vn -0.7858 -0.4947 -0.3712
vn -0.5169 -0.8435 0.1463
vn -0.3720 -0.9155 0.1531
vn -0.9987 0.0501 0.0008
vn 0.8993 -0.1124 -0.4225
vn 0.8552 -0.3925 0.3386
vn 0.5735 -0.7735 -0.2700
vn 0.0576 -0.9969 0.0537
vn 0.0199 -0.9907 0.1348
vn -0.0385 -0.9992 0.0128
vn -0.1549 -0.9347 0.3198
vn 0.3165 -0.9480 -0.0337
vn 0.0918 -0.8535 0.5130
vn -0.0863 -0.9694 0.2299
vn -0.1116 -0.9675 0.2269
vn -0.1363 -0.9477 0.2886
vn -0.9037 0.4281 0.0039
vn -0.7990 0.4619 0.3850
vn -0.8918 0.4465 -0.0730
vn -0.7307 0.6204 -0.2851
vn -0.8730 0.4876 -0.0015
vn -0.7979 0.5187 0.3073
vn -0.8843 0.4666 -0.0151
vn -0.9181 0.3957 -0.0215
vn -0.8045 0.5750 0.1488
vn -0.9263 0.3754 0.0315
vn -0.9082 0.4149 0.0544
vn -0.9035 0.4285 0.0035
vn -0.8862 0.4620 0.0350
vn -0.8258 0.5163 0.2268
vn -0.8356 0.5414 -0.0936
vn -0.8764 0.4810 -0.0239
vn -0.7537 0.6530 -0.0745
vn -0.5061 0.8189 -0.2707
vn 0.0094 0.9819 -0.1891
vn -0.0883 0.9752 -0.2030
vn -0.4851 -0.1991 0.8515
vn 0.2124 0.2881 -0.9337
vn -0.9515 0.2947 -0.0887
vn -0.8492 0.1641 -0.5020
vn -0.8851 0.4465 0.1312
vn -0.7455 0.5737 0.3394
vn -0.0820 0.3164 0.9451
vn -0.8970 0.4212 0.1338
vn -0.9152 0.3993 0.0543
vn -0.9193 0.3936 -0.0003
vn 0.1172 0.2573 0.9592
vn -0.9205 0.3697 0.1267
vn -0.9611 0.2656 0.0765
vn -0.8794 0.4478 -0.1615
vn -0.9096 0.4081 -0.0778
vn -0.7633 0.4596 -0.4541
vn -0.6181 0.4178 -0.6659
vn -0.8560 0.4417 -0.2687
vn -0.7803 0.4973 -0.3793
vn -0.9134 0.3885 -0.1211
vn -0.8897 0.4265 -0.1629
vn -0.9320 0.3509 -0.0906
vn 0.5460 0.2111 -0.8107
vn 0.4925 0.0123 -0.8702
vn -0.9360 0.3448 -0.0710
vn -0.5376 0.4924 -0.6845
vn -0.7458 0.6193 -0.2455
vn -0.3561 0.6511 -0.6703
vn -0.4744 0.6973 -0.5374
vn -0.1010 0.3903 -0.9151
vn -0.9811 -0.1335 0.1400
vn -0.9537 0.1674 0.2500
vn 0.1078 0.7058 -0.7002
vn -0.9801 0.1981 0.0092
vn -0.8677 0.4081 -0.2839
vn -0.9047 0.4028 -0.1386
vn -0.9460 0.3026 0.1167
vn -0.9451 0.1328 0.2987
vn -0.0152 0.3149 -0.9490
vn 0.0802 0.8371 -0.5411
vn -0.0192 0.7796 -0.6259
vn -0.1605 0.6499 -0.7429
vn -0.0811 0.6440 -0.7607
vn 0.2380 0.3608 -0.9018
vn 0.1072 0.3966 -0.9117
vn 0.4021 0.3281 -0.8548
vn -0.0519 0.9986 0.0087
vn 0.0545 0.9233 -0.3803
vn 0.2009 0.8586 -0.4715
vn -0.9059 0.4228 0.0222
vn -0.4932 0.4487 0.7453
vn 0.0549 0.2127 0.9756
vn -0.2501 0.4101 0.8771
vn -0.7085 0.5760 0.4078
vn -0.8755 0.4698 -0.1133
vn -0.7977 0.4094 -0.4427
vn -0.0777 0.3874 0.9186
vn -0.8662 0.0995 -0.4897
vn -0.7895 0.4582 0.4083
vn 0.0569 -0.3308 0.9420
vn 0.2239 0.3002 0.9272
vn -0.7604 -0.0921 0.6429
vn 0.3733 0.8099 0.4524
vn -0.7945 0.4584 -0.3983
vn -0.6369 0.4770 0.6057
vn 0.0265 0.3189 0.9474
vn -0.7540 0.1438 -0.6409
vn 0.9260 -0.3757 -0.0372
vn -0.0011 0.3127 0.9499
vn -0.0027 0.3022 0.9532
vn -0.0699 0.3555 0.9321
vn -0.0083 0.2149 0.9766
vn -0.9886 0.1475 -0.0316
vn -0.2492 0.5291 0.8111
vn -0.3218 0.4227 0.8472
vn -0.6423 0.7484 -0.1656
vn 0.0058 0.2445 0.9696
vn 0.0038 0.3815 0.9243
vn -0.0528 0.3237 0.9447
vn -0.0035 0.2977 0.9547
vn -0.0612 0.2577 0.9643
vn 0.0145 0.6829 0.7304
vn -0.0077 0.3591 0.9333
vn -0.0124 0.3439 0.9389
vn -0.0315 0.7222 -0.6909
vn -0.0866 0.3335 0.9388
vn -0.2724 0.2252 0.9355
vn 0.0198 0.3670 0.9300
vn -0.0215 0.3446 0.9385
vn -0.0141 0.2313 0.9728
vn 0.0473 0.4335 0.8999
vn 0.0559 0.2688 0.9616
vn 0.1342 0.3778 0.9161
vn 0.0080 0.3078 0.9514
vn 0.9667 0.2514 -0.0476
vn 0.0082 0.5140 0.8577
vn 0.4082 0.8963 0.1734
vn -0.1611 0.9322 -0.3241
vn -0.1145 0.3349 0.9353
vn -0.0805 0.3330 0.9395
vn 0.3865 0.4518 0.8040
vn 0.2512 0.4101 0.8768
vn -0.6866 -0.4956 -0.5320
vn 0.8449 0.4836 0.2286
vn -0.6344 -0.5723 -0.5196
vn 0.8420 0.5335 0.0804
vn -0.1857 0.2295 0.9554
vn -0.7924 -0.4353 -0.4274
vn -0.6992 0.0010 0.7150
vn -0.1410 0.3299 0.9334
vn 0.0255 0.4251 0.9048
vn 0.2688 0.2429 0.9321
vn -0.0379 0.4526 0.8909
vn 0.0890 0.5208 0.8491
vn -0.3629 0.2177 0.9060
vn -0.2453 0.1480 0.9581
vn 0.8151 0.1343 -0.5636
vn -0.0498 0.1509 0.9873
vn 0.9406 -0.2249 0.2542
vn 0.0663 -0.3636 -0.9292
vn 0.0438 -0.3193 -0.9466
vn -0.0011 -0.3294 -0.9442
vn 0.4898 -0.4290 -0.7590
vn 0.4086 -0.4449 -0.7969
vn 0.0708 -0.3523 -0.9332
vn 0.8630 -0.4173 0.2847
vn 0.0115 -0.3463 -0.9380
vn -0.0965 -0.2616 -0.9604
vn 0.8989 -0.4241 -0.1099
vn -0.0022 -0.2713 -0.9625
vn 0.0026 -0.3122 -0.9500
vn 0.0347 -0.3450 -0.9380
vn 0.4738 -0.4754 -0.7413
vn 0.9151 -0.2365 0.3265
vn 0.0818 -0.3474 -0.9341
vn -0.4565 -0.1434 -0.8781
vn 0.4437 -0.5301 -0.7225
vn 0.8547 -0.4799 -0.1977
vn 0.0206 -0.2900 -0.9568
vn 0.0042 -0.2051 -0.9787
vn 0.0057 -0.3209 -0.9471
vn -0.0429 -0.2900 -0.9560
vn -0.0013 -0.3862 -0.9224
vn -0.0009 -0.3479 -0.9375
vn -0.0438 -0.3666 -0.9294
vn 0.0222 -0.4015 -0.9156
vn 0.0007 -0.3065 -0.9519
vn -0.0267 -0.3278 -0.9444
vn 0.0078 -0.9404 -0.3400
vn -0.2514 -0.2924 -0.9227
vn -0.2029 -0.3995 -0.8940
vn 0.0104 -0.3060 -0.9520
vn 0.2910 -0.0894 -0.9525
vn -0.1302 -0.3818 -0.9150
vn -0.3206 -0.4514 -0.8327
vn -0.0467 -0.9985 -0.0280
vn -0.2711 -0.9451 -0.1825
vn -0.4074 -0.3189 -0.8558
vn -0.1661 -0.3117 -0.9355
vn -0.1015 -0.4464 -0.8891
vn -0.0497 -0.4807 -0.8755
vn -0.1828 -0.4006 -0.8978
vn -0.0228 -0.2928 -0.9559
vn 0.0786 -0.2809 -0.9565
vn -0.0784 -0.2346 -0.9689
vn -0.8623 -0.1824 0.4724
vn 0.0013 -0.3376 -0.9413
vn 0.7340 0.0319 -0.6784
vn -0.6252 -0.5484 -0.5554
vn -0.1490 -0.2946 -0.9439
vn -0.0280 -0.3285 -0.9441
vn -0.4259 -0.3061 -0.8514
vn -0.7638 -0.1035 -0.6371
vn -0.0196 -0.3926 -0.9195
vn -0.0136 -0.3900 -0.9207
vn -0.7061 -0.0266 0.7076
vn -0.8940 -0.3802 0.2370
vn -0.8239 -0.1677 -0.5414
vn -0.6786 -0.6772 -0.2844
vn -0.9519 -0.2599 -0.1621
vn -0.8414 -0.5213 0.1426
vn -0.0140 -0.3906 -0.9205
vn -0.1590 -0.2945 -0.9423
vn -0.7963 -0.0585 0.6020
vn 0.3102 0.3951 -0.8647
vn 0.1323 -0.3100 -0.9415
vn -0.0057 -0.3490 -0.9371
vn 0.1268 -0.8093 -0.5735
vn 0.0741 -0.5714 -0.8173
vn -0.0341 -0.3813 -0.9238
vn -0.2389 -0.4035 -0.8832
vn 0.0036 -0.3607 -0.9327
vn 0.0363 -0.3284 -0.9439
vn -0.0583 -0.3905 -0.9188
vn 0.1815 -0.3498 -0.9191
vn 0.9084 -0.3745 -0.1859
vn -0.0473 -0.3681 -0.9286
vn 0.0718 -0.3948 -0.9159
vn 0.2143 -0.4367 -0.8737
vn 0.9379 -0.2534 0.2369
vn 0.0342 -0.3537 -0.9348
vn 0.1246 -0.3527 -0.9274
vn 0.8981 -0.1131 0.4250
vn -0.9118 0.2287 -0.3411
vn 0.0203 -0.3486 -0.9371
vn 0.9309 -0.2735 0.2421
vn 0.0410 -0.3219 -0.9459
vn -0.0040 -0.3216 -0.9469
vn 0.6317 -0.2798 -0.7230
vn 0.0815 -0.3348 -0.9387
vn -0.0096 -0.3466 -0.9380
vn 0.0006 -0.3366 -0.9417
vn -0.0000 -0.3476 -0.9376
vn 0.0010 -0.3650 -0.9310
vn 0.0430 -0.3358 -0.9409
vn -0.0138 -0.3675 -0.9299
vn -0.0880 -0.8962 -0.4348
vn -0.0834 -0.3996 -0.9129
vn -0.2281 -0.6030 -0.7644
vn -0.0820 -0.3154 -0.9454
vn -0.0354 -0.3838 -0.9227
vn 0.0572 -0.3751 -0.9252
vn -0.8237 -0.0787 0.5616
vn -0.6128 -0.1633 -0.7732
vn 0.4051 -0.3771 -0.8329
vn -0.4286 -0.2738 -0.8610
vn -0.0849 -0.3968 -0.9140
vn -0.4742 -0.5774 -0.6646
vn 0.2205 0.4510 0.8649
vn 0.4020 0.4526 0.7959
vn 0.1085 -0.2456 -0.9633
vn 0.3420 -0.1284 -0.9309
vn 0.1037 -0.2637 -0.9590
vn -0.9029 -0.3704 -0.2181
vn 0.0041 -0.3368 -0.9416
vn -0.8429 -0.3725 -0.3882
vn -0.0366 -0.3852 -0.9221
vn 0.0498 -0.3113 -0.9490
vn -0.0921 -0.4441 -0.8913
vn -0.1351 -0.4852 -0.8639
vn -0.0894 -0.3508 -0.9322
vn -0.1295 0.1028 -0.9862
vn 0.2511 -0.1460 -0.9569
vn -0.1080 -0.3286 -0.9383
vn -0.3707 -0.4942 -0.7864
vn -0.1384 -0.3625 -0.9216
vn -0.8892 -0.1765 0.4222
vn -0.9359 -0.3520 0.0130
vn -0.7845 -0.0222 0.6197
vn -0.8494 -0.1637 0.5017
vn -0.7475 -0.5953 0.2946
vn 0.0019 1.0000 -0.0007
vn -0.0030 0.9802 0.1980
vn 0.0072 0.9998 0.0164
vn 0.0360 0.9959 0.0825
vn 0.1415 0.9561 0.2565
vn -0.0450 0.4932 0.8687
vn -0.0003 1.0000 -0.0010
vn -0.0001 0.9884 0.1516
vn -0.2232 0.9737 0.0454
vn -0.0074 0.9896 0.1436
vn 0.0257 0.6615 0.7495
vn 0.0634 0.3865 0.9201
vn -0.0772 0.4424 0.8935
vn -0.0137 0.9892 0.1461
vn 0.0962 0.3119 0.9452
vn 0.2315 0.3058 -0.9235
vn -0.5833 0.5332 0.6127
vn -0.8020 -0.5600 -0.2079
vn -0.3198 -0.1119 -0.9408
vn -0.3592 -0.0378 -0.9325
vn 0.8772 -0.2694 0.3974
vn 0.7888 -0.5277 -0.3151
vn 0.9125 -0.4090 0.0005
vn 0.8846 -0.4474 -0.1319
vn 0.8138 -0.4798 -0.3278
vn 0.9039 -0.3987 -0.1549
vn 0.8516 -0.5173 -0.0850
vn -0.7421 -0.0450 -0.6688
vn 0.8576 -0.4958 0.1369
vn 0.9426 -0.3146 0.1119
vn 0.9736 -0.2246 0.0414
vn 0.9574 -0.2721 0.0969
vn 0.8632 -0.5048 -0.0101
vn 0.8572 -0.3716 0.3566
vn 0.6832 0.7233 0.1006
vn 0.9501 -0.3086 0.0449
vn 0.6929 -0.7121 0.1133
vn 0.8484 -0.4349 0.3019
vn 0.8987 -0.4088 0.1587
vn 0.8443 -0.5353 0.0248
vn -0.2117 -0.2532 0.9440
vn 0.8292 -0.3420 0.4421
vn 0.8897 -0.4565 -0.0051
vn 0.9392 -0.3425 -0.0226
vn 0.9330 -0.3525 0.0717
vn 0.9147 -0.2370 0.3273
vn 0.6753 0.0237 0.7372
vn 0.9293 -0.3625 0.0706
vn 0.8810 -0.4499 0.1464
vn 0.8389 -0.4844 -0.2484
vn 0.9324 -0.2293 0.2794
vn 0.4025 0.1914 0.8952
vn 0.9156 -0.3872 0.1083
vn 0.9476 -0.3192 0.0103
vn 0.6258 -0.4765 -0.6175
vn 0.9061 -0.4216 -0.0358
vn 0.9188 -0.3940 -0.0227
vn 0.8739 -0.4084 -0.2636
vn 0.8470 -0.5315 -0.0052
vn 0.9022 -0.4214 0.0921
vn 0.9030 -0.4266 -0.0516
vn 0.8952 -0.4307 -0.1144
vn 0.8904 -0.3619 0.2762
vn 0.9312 -0.3642 0.0155
vn 0.9528 -0.3012 0.0394
vn -0.4830 0.0555 0.8739
vn 0.9024 -0.4304 0.0211
vn 0.9215 -0.3790 0.0852
vn 0.9115 -0.4080 0.0524
vn 0.8444 -0.5346 0.0356
vn 0.9424 -0.2412 0.2318
vn 0.9736 -0.2253 -0.0361
vn 0.6874 -0.3203 0.6518
vn -0.3537 -0.4053 0.8430
vn 0.4898 -0.1078 0.8651
vn 0.6472 -0.7023 -0.2963
vn 0.2722 -0.7614 0.5883
vn -0.4955 -0.8664 -0.0619
vn 0.0135 -0.4997 0.8661
vn 0.0101 0.0213 -0.9997
vn -0.0097 1.0000 0.0003
vn 0.9288 -0.0635 -0.3650
vn 0.2451 -0.0715 0.9669
vn -0.0034 0.8889 -0.4581
vn 0.0048 0.9978 -0.0659
vn -0.0469 0.9891 0.1396
vn -0.1092 0.9614 -0.2524
vn -0.0053 0.9979 -0.0648
vn 0.0061 0.9972 0.0741
vn -0.0270 0.7162 -0.6973
vn -0.3894 0.8333 -0.3925
vn -0.3026 0.4766 -0.8254
vn 0.0472 -0.9974 0.0537
vn 0.0011 0.9992 0.0411
vn 0.0004 0.9995 0.0302
vn 0.0718 0.9962 0.0487
vn 0.0048 0.9093 0.4162
vn 0.0320 -0.9870 0.1575
vn 0.0121 0.9999 -0.0032
vn 0.0148 0.9842 0.1764
vn 0.0122 0.9999 -0.0032
vn 0.0366 0.9178 0.3953
vn 0.0538 0.9532 0.2977
vn -0.4851 0.5863 0.6488
vn 0.0068 0.9981 0.0610
vn -0.0101 0.9875 -0.1576
vn 0.1229 0.5478 -0.8275
vn -0.0028 0.9995 -0.0311
vn -0.2204 0.7194 -0.6587
vn 0.0329 0.9635 0.2658
vn -0.0863 0.9119 0.4013
vn -0.8312 0.5363 0.1465
vn 0.3267 -0.9189 -0.2209
vn 0.0017 -0.9308 0.3655
vn -0.0008 -0.9982 0.0595
vn -0.0368 -0.9969 0.0696
vn -0.1242 -0.9921 0.0179
vn 0.0158 -0.9997 -0.0166
vn -0.0086 -0.9920 -0.1263
vn 0.0096 0.5520 0.8338
vn -0.0164 0.9983 -0.0557
vn -0.4280 0.7236 -0.5414
vn 0.0038 -0.9981 0.0618
vn -0.0204 0.2775 0.9605
vn 0.0059 -0.9943 -0.1068
vn -0.1823 -0.9794 0.0869
vn 0.0169 -0.9911 0.1323
vn 0.2975 -0.8287 0.4741
vn -0.0358 -0.8291 0.5579
vn -0.4320 -0.1268 0.8929
vn -0.2174 -0.7734 -0.5955
vn -0.0214 0.6375 0.7701
vn 0.4054 0.7690 -0.4943
vn 0.0095 -0.9999 -0.0056
vn -0.0143 -0.9996 0.0260
vn -0.5528 0.7221 0.4159
vn -0.7841 0.4258 -0.4514
vn -0.6317 0.4260 0.6476
vn -0.9475 0.3195 -0.0099
vn 0.0241 0.3517 0.9358
vn 0.0531 0.4261 0.9031
vn 0.1472 0.1632 0.9756
vn 0.0038 0.3573 0.9340
vn -0.0037 0.2628 0.9648
vn -0.8456 0.4435 0.2971
vn 0.5843 -0.2209 0.7809
vn 0.3033 0.2547 0.9182
vn 0.0877 0.2297 0.9693
vn 0.4172 -0.2755 0.8661
vn -0.5571 0.8262 0.0843
vn -0.9207 0.3251 -0.2159
vn 0.3839 0.0721 0.9206
vn -0.5900 0.1369 -0.7957
vn -0.0235 0.2788 0.9601
vn 0.7993 -0.2289 0.5556
vn 0.1390 0.2221 0.9651
vn 0.0698 0.1206 0.9902
vn 0.3213 0.4866 0.8124
vn 0.1106 0.5710 0.8135
vn 0.0237 0.5366 0.8435
vn 0.0370 0.3995 0.9160
vn -0.1320 0.9283 0.3477
vn 0.0020 0.2500 0.9682
vn 0.0012 0.9602 0.2794
vn 0.0329 0.8984 0.4379
vn 0.0354 0.9739 -0.2240
vn 0.0243 0.7521 -0.6586
vn -0.0553 0.2992 0.9526
vn -0.0161 0.1300 0.9914
vn -0.2383 0.0904 0.9670
vn -0.7062 -0.4929 0.5083
vn -0.9149 -0.3972 -0.0722
vn -0.4735 -0.1649 0.8652
vn -0.0634 0.8217 -0.5664
vn -0.2601 0.9616 -0.0879
vn -0.1297 0.9823 -0.1349
vn -0.1998 0.9797 -0.0188
vn -0.8300 0.5473 0.1074
vn -0.0617 0.9973 -0.0406
vn -0.0810 0.9964 -0.0261
vn 0.0396 0.9971 -0.0646
vn 0.4889 0.8276 -0.2758
vn 0.2231 0.9730 -0.0594
vn 0.2899 0.9552 -0.0593
vn 0.1443 0.9615 -0.2337
vn 0.0158 0.8181 0.5749
vn -0.4569 0.1547 0.8760
vn 0.9390 -0.3425 -0.0323
vn 0.9532 -0.2972 -0.0564
vn 0.9387 -0.3299 -0.0994
vn 0.8614 -0.5037 0.0650
vn 0.8870 -0.4330 -0.1603
vn 0.7550 -0.4421 -0.4844
vn 0.5775 -0.7931 0.1935
vn 0.9372 -0.2950 0.1859
vn -0.9583 -0.0633 0.2787
vn 0.8269 -0.3301 0.4553
vn 0.5843 -0.4411 0.6812
vn 0.4661 -0.4309 0.7727
vn 0.5711 -0.1406 0.8087
vn 0.9373 -0.2949 0.1859
vn 0.9465 -0.3142 0.0737
vn 0.9388 -0.0328 -0.3428
vn 0.1870 -0.1254 -0.9743
vn 0.4947 -0.1903 -0.8480
vn 0.1144 -0.1718 -0.9785
vn 0.0082 -0.0079 -0.9999
vn 0.0721 -0.3837 -0.9206
vn 0.0336 -0.4592 -0.8877
vn -0.3686 -0.8766 -0.3093
vn -0.8803 0.4670 -0.0833
vn -0.9430 0.3283 -0.0539
vn -0.8741 0.4849 -0.0294
vn -0.9491 0.3147 0.0104
vn -0.9864 0.1295 -0.1009
vn -0.1778 0.9692 -0.1706
vn -0.7436 0.6501 0.1561
vn -0.8232 0.5310 -0.2009
vn -0.9279 0.2682 -0.2589
vn -0.8233 0.5309 -0.2009
vn -0.9279 0.2683 -0.2589
vn 0.8324 0.0464 -0.5522
vn 0.3077 -0.9271 0.2139
vn -0.3366 -0.9242 0.1805
vn 0.8911 -0.3370 0.3040
vn 0.8729 -0.4862 0.0414
vn 0.8920 -0.2373 0.3847
vn 0.9037 -0.4274 -0.0244
vn 0.9534 -0.3017 -0.0052
vn 0.8815 -0.4712 -0.0298
vn 0.9319 0.3477 -0.1033
vn 0.9445 -0.3284 0.0071
vn 0.8020 -0.5362 0.2631
vn 0.9694 0.0367 -0.2429
vn -0.3756 -0.1938 0.9063
vn 0.1731 0.7818 -0.5990
vn 0.1430 0.8408 -0.5221
vn 0.0613 0.9537 -0.2945
vn 0.9495 0.2747 -0.1518
vn 0.1434 0.9846 -0.1005
vn 0.5093 0.8507 0.1304
vn -0.0018 0.9784 -0.2069
vn -0.0541 0.9920 -0.1141
vn 0.0164 0.0640 0.9978
vn 0.0895 0.4658 0.8803
vn -0.0642 0.8708 -0.4875
vn 0.0450 -0.2523 0.9666
vn 0.0745 0.9339 0.3498
vn 0.3264 -0.4457 0.8336
vn 0.0042 0.9997 0.0255
vn 0.1377 -0.4224 -0.8959
vn 0.0977 0.6732 -0.7330
vn -0.0535 0.9975 0.0466
vn 0.3645 0.0492 0.9299
vn -0.3657 0.3710 0.8536
vn -0.0756 0.9852 -0.1537
vn 0.0429 0.1385 0.9894
vn -0.2496 0.9656 -0.0724
vn 0.0389 0.9671 0.2515
vn -0.2048 0.9148 0.3481
vn -0.9767 -0.2056 -0.0614
vn 0.3263 -0.0920 -0.9408
vn 0.0611 -0.2881 -0.9556
vn -0.0285 -0.2293 -0.9729
vn 0.1273 -0.1588 -0.9791
vn 0.0582 -0.1840 -0.9812
vn -0.0314 -0.1986 -0.9796
vn -0.2676 -0.6292 -0.7297
vn 0.0345 -0.1084 -0.9935
vn 0.0085 0.0239 -0.9997
vn -0.0320 -0.0872 -0.9957
vn -0.3131 0.2743 -0.9092
vn -0.0933 0.0219 -0.9954
vn 0.0577 -0.9844 0.1660
vn -0.0410 -0.9714 0.2338
vn -0.0318 -0.9726 0.2303
vn 0.3319 -0.9342 0.1307
vn -0.0688 -0.9913 0.1124
vn 0.0190 -0.9842 0.1761
vn 0.7975 -0.3743 -0.4732
vn 0.1112 -0.9672 0.2285
vn -0.0000 -0.8786 0.4776
vn 0.0003 0.1838 -0.9830
vn -0.0184 -0.9693 0.2453
vn -0.0084 -0.2314 0.9728
vn -0.0109 -0.5434 0.8394
vn 0.0231 -0.1185 0.9927
vn 0.0144 -0.6121 0.7907
vn -0.3828 -0.8932 0.2358
vn 0.1916 -0.9574 0.2162
vn -0.0681 -0.9847 0.1602
vn -0.0999 -0.2099 -0.9726
vn 0.0213 -0.9781 0.2071
vn 0.1359 -0.2398 0.9613
vn -0.3118 -0.2246 0.9232
vn -0.8797 -0.4741 -0.0358
vn -0.0855 -0.9461 0.3123
vn -0.0370 -0.9771 0.2097
vn 0.0480 0.9634 -0.2637
vn 0.2521 0.9641 -0.0839
vn 0.0364 0.9925 -0.1168
vn 0.1677 0.9820 -0.0871
vn -0.4675 0.7168 -0.5173
vn 0.0070 0.9820 -0.1890
vn 0.8989 0.3438 0.2716
vn -0.0076 0.9827 -0.1848
vn 0.0943 0.9241 -0.3703
vn -0.1035 0.9673 -0.2314
vn 0.0128 0.9684 -0.2493
vn 0.1333 0.9063 -0.4010
vn -0.0003 0.9985 -0.0554
vn -0.0070 0.9975 -0.0700
vn 0.0034 -0.8403 0.5422
vn 0.0268 0.9953 -0.0930
vn -0.1587 0.9676 -0.1965
vn -0.2885 0.9428 0.1669
vn -0.1954 0.9732 -0.1216
vn -0.0112 0.9846 -0.1747
vn -0.2330 0.9372 -0.2595
vn -0.0408 0.9555 -0.2920
vn -0.8176 -0.5746 0.0367
vn -0.0922 0.9764 -0.1951
vn -0.6978 0.6780 -0.2313
vn 0.9948 -0.0550 -0.0855
vn -0.9935 0.1005 0.0536
vn 0.0272 -0.9643 0.2634
vn 0.1978 -0.9776 0.0713
vn 0.0011 -0.9666 0.2562
vn -0.1171 -0.9728 0.1999
vn 0.2113 -0.8405 -0.4990
vn -0.2774 -0.9356 0.2186
vn -0.9090 -0.4097 -0.0769
vn -0.9796 -0.1866 -0.0746
vn -0.9117 -0.3981 -0.1016
vn -0.9140 -0.4044 -0.0307
vn -0.8026 -0.5335 -0.2668
vn -0.8935 -0.4487 0.0184
vn -0.8374 -0.5462 -0.0228
vn -0.9325 -0.3592 0.0381
vn -0.7674 -0.6387 0.0561
vn -0.9307 -0.3652 -0.0216
vn -0.8327 -0.5536 -0.0088
vn -0.8402 0.5112 -0.1807
vn 0.0713 0.9665 -0.2468
vn 0.4568 0.8605 -0.2253
vn 0.8638 -0.5035 0.0172
vn -0.0535 0.9620 -0.2679
vn -0.0420 0.9829 -0.1792
vn -0.3327 -0.0664 0.9407
vn -0.2231 0.9232 -0.3130
vn -0.2181 0.9231 -0.3167
vn -0.1199 0.9533 -0.2774
vn -0.2561 0.9554 -0.1471
vn -0.4155 0.8251 -0.3827
vn -0.8535 0.5002 -0.1464
vn 0.9431 -0.1938 -0.2702
vn 0.0600 -0.4069 0.9115
vn 0.2351 -0.6848 0.6898
vn 0.3909 0.3444 0.8536
vn 0.0180 -0.1107 0.9937
vn 0.1933 -0.0822 0.9777
vn 0.0362 -0.4547 0.8899
vn -0.3670 0.3698 0.8535
vn -0.0049 -0.0764 0.9971
vn 0.0019 -0.3725 0.9280
vn -0.0324 0.5138 -0.8573
vn 0.1114 0.4940 -0.8623
vn 0.1565 0.7238 -0.6720
vn 0.0214 0.4387 -0.8984
vn 0.0838 0.2375 -0.9678
vn 0.1975 0.1931 -0.9611
vn 0.4341 0.1613 -0.8863
vn 0.0139 0.3180 -0.9480
vn 0.0310 0.3424 -0.9390
vn 0.0362 0.7315 -0.6809
vn -0.8688 0.4166 0.2677
vn -0.1660 0.8227 -0.5437
vn -0.3255 0.6296 -0.7054
vn 0.0465 0.4329 -0.9002
vn 0.0466 0.4329 -0.9002
vn 0.8819 -0.4025 0.2456
vn 0.1816 0.2245 -0.9574
vn 0.0533 0.6054 -0.7941
vn 0.0016 0.3841 -0.9233
vn 0.0055 0.5017 -0.8650
vn 0.1815 0.2244 -0.9574
vn 0.0074 0.4138 -0.9103
vn 0.0126 0.3611 -0.9325
vn 0.1619 0.5476 -0.8209
vn -0.1400 -0.0655 -0.9880
vn -0.4450 -0.6194 -0.6468
vn -0.0247 0.5349 -0.8445
vn -0.0386 0.2740 -0.9610
vn -0.0028 0.0254 -0.9997
vn -0.0474 0.4151 -0.9085
vn -0.2557 0.5254 -0.8115
vn -0.1332 0.7815 -0.6095
vn 0.0951 0.6655 -0.7403
vn 0.0698 0.3602 -0.9302
vn -0.1898 0.3900 -0.9011
vn 0.2845 0.4354 -0.8541
vn -0.3473 0.4778 -0.8069
vn 0.3113 0.3158 -0.8963
vn -0.2627 0.9019 -0.3428
vn 0.6125 0.7517 -0.2447
vn 0.2013 0.9198 -0.3369
vn 0.2577 0.9633 -0.0756
vn 0.8408 0.4875 -0.2356
vn -0.0014 0.8591 0.5118
vn -0.5548 0.8100 0.1900
vn -0.5435 0.6791 0.4934
vn -0.5506 0.3587 0.7538
vn 0.7953 0.3538 0.4923
vn -0.8476 0.3332 -0.4129
vn 0.1009 -0.1747 0.9794
vn 0.1177 -0.2508 0.9609
vn 0.1581 -0.7917 -0.5901
vn 0.0062 -0.2176 0.9760
vn 0.7061 -0.4272 0.5647
vn 0.2541 -0.2452 0.9356
vn 0.0576 -0.4059 0.9121
vn -0.0074 -0.2978 0.9546
vn 0.0314 -0.3423 0.9391
vn 0.1455 -0.2486 0.9576
vn -0.1199 -0.1349 0.9836
vn -0.7294 -0.3652 0.5785
vn -0.0340 0.0846 0.9958
vn 0.1274 0.5811 0.8038
vn -0.3304 -0.3760 0.8657
vn 0.0193 -0.3140 0.9492
vn -0.1157 0.4428 0.8891
vn 0.0112 -0.2638 0.9645
vn 0.0002 -0.2404 0.9707
vn 0.0443 -0.0728 0.9964
vn 0.0009 -0.2580 0.9661
vn 0.0073 -0.2702 0.9628
vn 0.0619 -0.1402 0.9882
vn 0.0410 -0.1441 0.9887
vn 0.0137 -0.2027 0.9792
vn 0.0100 -0.1917 0.9814
vn -0.4187 0.4605 0.7827
vn 0.0627 -0.1774 0.9821
vn -0.0224 -0.2855 0.9581
vn 0.2298 -0.1774 0.9569
vn 0.0728 -0.4964 0.8650
vn -0.0471 -0.3250 0.9446
vn -0.0592 -0.3991 0.9150
vn 0.0498 -0.1297 0.9903
vn 0.1060 -0.3166 0.9426
vn 0.7912 -0.4875 0.3693
vn 0.1264 -0.2808 0.9514
vn -0.0318 -0.4002 0.9159
vn 0.0041 -0.3337 0.9427
vn -0.0064 0.7400 -0.6726
vn -0.0172 -0.3820 0.9240
vn -0.0789 -0.4159 0.9060
vn 0.0034 -0.3034 0.9529
vn 0.0160 0.8266 -0.5625
vn 0.0059 -0.3064 0.9519
vn 0.0267 -0.3851 0.9225
vn 0.0105 -0.3977 0.9175
vn -0.0088 -0.3039 0.9527
vn 0.1932 -0.0939 0.9767
vn 0.0228 -0.2713 0.9622
vn 0.1196 -0.1435 0.9824
vn 0.1916 0.4597 -0.8672
vn -0.0873 0.3835 -0.9194
vn 0.0106 0.3966 -0.9179
vn -0.5444 0.4619 -0.7002
vn -0.9554 0.2950 -0.0106
vn -0.0016 0.3492 -0.9371
vn -0.0144 0.3931 -0.9194
vn 0.0015 0.3557 -0.9346
vn 0.0666 0.2597 -0.9634
vn 0.0583 0.2876 -0.9560
vn -0.0998 0.5088 -0.8551
vn -0.6830 0.4476 -0.5772
vn -0.0455 0.3545 -0.9340
vn 0.5711 0.0638 -0.8184
vn -0.0417 0.3641 -0.9304
vn 0.0319 0.3473 -0.9372
vn -0.0645 0.3636 -0.9293
vn -0.7994 0.4862 -0.3530
vn -0.0057 0.3812 -0.9245
vn -0.0693 0.4392 -0.8957
vn -0.8211 0.4218 -0.3846
vn -0.6691 0.5542 -0.4952
vn -0.4855 0.4396 -0.7556
vn -0.6854 0.5987 -0.4145
vn -0.0679 0.3773 -0.9236
vn 0.0007 0.3026 -0.9531
vn 0.0801 0.3260 -0.9420
vn -0.0215 0.2366 -0.9714
vn 0.0019 0.1986 -0.9801
vn -0.0063 0.1871 -0.9823
vn 0.0635 -0.4410 -0.8953
vn 0.0001 0.3542 -0.9352
vn 0.0462 0.3209 -0.9460
vn -0.0051 0.1809 -0.9835
vn 0.2009 0.3092 -0.9295
vn 0.0746 0.2817 0.9566
vn -0.3358 -0.8007 -0.4961
vn 0.0015 0.3672 -0.9301
vn 0.0349 0.3734 -0.9270
vn 0.2680 0.4576 -0.8478
vn -0.0022 0.3593 -0.9332
vn -0.0089 0.2964 -0.9550
vn 0.0199 0.3743 -0.9271
vn 0.0176 0.3465 -0.9379
vn 0.7886 0.3805 -0.4831
vn 0.7092 0.7044 0.0306
vn -0.9751 -0.1552 -0.1585
vn 0.1564 0.2748 -0.9487
vn 0.9698 0.1605 0.1839
vn 0.2987 0.4196 -0.8571
vn 0.9234 0.3778 0.0684
vn 0.8320 0.5529 0.0458
vn 0.8495 0.5151 -0.1143
vn 0.9199 0.3921 0.0089
vn 0.8954 0.3312 -0.2976
vn 0.7264 0.2179 -0.6518
vn 0.5946 0.6024 -0.5325
vn 0.6511 0.7589 -0.0122
vn 0.8860 0.2724 0.3753
vn -0.9226 -0.3856 -0.0041
vn 0.8455 0.5322 -0.0442
vn 0.0376 -0.4165 0.9084
vn 0.0233 -0.3733 0.9274
vn 0.0015 -0.2829 0.9591
vn 0.0428 -0.4224 0.9054
vn 0.5715 0.2778 -0.7722
vn 0.1555 -0.3737 0.9144
vn 0.1897 -0.4144 0.8901
vn -0.1103 -0.1203 0.9866
vn 0.0029 -0.3759 0.9267
vn 0.8937 -0.3097 -0.3246
vn 0.0813 -0.4141 0.9066
vn 0.1751 -0.4643 0.8682
vn 0.7353 -0.3216 0.5965
vn -0.9321 0.3477 -0.1011
vn 0.6348 -0.6786 0.3695
vn 0.1990 -0.5089 0.8375
vn 0.1118 -0.3970 0.9110
vn 0.0136 -0.2211 0.9752
vn 0.4078 -0.2395 0.8811
vn 0.5004 -0.2492 0.8291
vn 0.3256 -0.4149 0.8496
vn 0.0482 -0.3375 0.9401
vn 0.0058 -0.3422 0.9396
vn 0.1689 -0.2794 0.9452
vn 0.0006 -0.1634 0.9866
vn 0.2322 -0.4214 0.8766
vn 0.0036 -0.3427 0.9394
vn 0.0122 -0.3623 0.9320
vn -0.0025 -0.3235 0.9462
vn -0.0296 -0.1752 0.9841
vn -0.0292 -0.3978 0.9170
vn -0.3442 -0.6481 0.6794
vn -0.2307 -0.3906 0.8912
vn 0.0028 -0.3953 0.9185
vn -0.1637 -0.6090 0.7761
vn -0.0031 -0.3419 0.9397
vn 0.0622 -0.3707 0.9267
vn 0.0746 -0.3674 0.9271
vn 0.0087 -0.3500 0.9367
vn 0.0428 -0.3134 0.9486
vn 0.0259 -0.3052 0.9519
vn -0.1786 -0.2498 0.9517
vn -0.6487 -0.5380 0.5383
vn -0.8415 -0.2011 -0.5015
vn 0.2904 -0.1815 0.9395
vn 0.7586 -0.0009 0.6515
vn -0.4570 -0.4512 0.7666
vn -0.0695 -0.3596 0.9305
vn 0.5858 -0.1906 0.7877
vn 0.0257 -0.3599 0.9326
vn -0.7603 -0.4010 0.5110
vn -0.5809 -0.0238 -0.8136
vn 0.1120 0.5347 -0.8376
vn -0.1644 0.4015 -0.9010
vn -0.0182 0.3567 -0.9341
vn -0.0725 0.3376 -0.9385
vn -0.9438 0.3289 0.0323
vn -0.0906 0.3463 -0.9337
vn 0.1169 0.4151 -0.9022
vn -0.7834 0.4876 -0.3853
vn 0.0362 0.3273 -0.9442
vn -0.1707 0.3914 -0.9043
vn 0.4715 -0.4739 0.7437
vn -0.7493 0.4646 -0.4719
vn -0.8666 0.4564 -0.2019
vn -0.0794 0.3562 -0.9310
vn 0.6101 0.0662 -0.7896
vn -0.0605 0.3663 -0.9285
vn 0.0664 0.2986 -0.9521
vn 0.0569 0.3631 -0.9300
vn -0.7217 0.6695 -0.1756
vn 0.0014 0.3166 -0.9486
vn 0.0489 0.3114 -0.9490
vn 0.4925 0.1636 -0.8548
vn -0.3729 0.4365 -0.8188
vn -0.8320 0.4961 -0.2482
vn -0.8329 0.5087 -0.2180
vn 0.0015 0.3333 -0.9428
vn -0.0004 0.3447 -0.9387
vn -0.0166 0.4098 -0.9120
vn -0.0390 0.4674 -0.8832
vn 0.0051 0.1677 -0.9858
vn -0.0006 0.8621 -0.5067
vn -0.6173 -0.7841 -0.0643
vn -0.5712 -0.8157 -0.0917
vn 0.2233 0.4888 -0.8433
vn -0.1387 -0.1279 -0.9820
vn -0.2609 -0.1069 -0.9594
vn -0.6042 -0.2801 -0.7460
vn -0.2027 -0.0882 -0.9753
vn -0.8919 -0.2671 -0.3651
vn -0.1956 -0.0259 -0.9803
vn -0.3741 -0.1354 -0.9174
vn -0.8988 -0.1583 -0.4087
vn -0.0329 0.0296 -0.9990
vn -0.9259 0.1050 0.3628
vn -0.6358 0.0195 -0.7716
vn -0.2631 0.1989 -0.9440
vn -0.0299 0.0493 -0.9983
vn 0.0196 0.3242 -0.9458
vn -0.4944 -0.8177 0.2949
vn -0.5682 -0.8205 0.0626
vn -0.0453 -0.0638 -0.9969
vn -0.0079 0.0406 -0.9991
vn -0.1479 0.4930 -0.8574
vn -0.6361 0.6607 0.3986
vn -0.3180 0.9044 0.2847
vn 0.0142 -0.0219 -0.9997
vn -0.0009 0.3303 -0.9439
vn 0.0525 0.0599 -0.9968
vn 0.1820 0.9550 -0.2344
vn 0.2547 0.9670 -0.0025
vn -0.0031 -0.1201 -0.9928
vn -0.0437 0.3122 -0.9490
vn 0.0049 0.3722 -0.9282
vn 0.4004 -0.8729 -0.2788
vn 0.2468 -0.7207 -0.6478
vn 0.6476 -0.6012 -0.4682
vn 0.4505 -0.8370 0.3105
vn 0.1670 -0.1785 -0.9697
vn 0.0399 0.0075 -0.9992
vn 0.0282 -0.0528 -0.9982
vn 0.0099 0.0097 -0.9999
vn 0.0578 0.0516 -0.9970
vn 0.0797 0.0631 -0.9948
vn 0.0276 -0.0440 -0.9987
vn 0.3901 0.3469 -0.8529
vn 0.1736 0.3873 -0.9055
vn -0.1581 0.9660 -0.2046
vn -0.0039 0.4994 -0.8664
vn -0.1658 0.3651 -0.9161
vn 0.3791 -0.4004 -0.8343
vn 0.0527 -0.0271 -0.9982
vn 0.1388 -0.0395 -0.9895
vn 0.8720 -0.0874 -0.4817
vn 0.2230 0.0827 -0.9713
vn 0.5346 0.1975 -0.8217
vn 0.7833 0.3267 -0.5290
vn 0.6378 0.5488 -0.5404
vn 0.5975 0.3882 -0.7017
vn 0.1646 0.1616 -0.9730
vn 0.7253 0.4333 -0.5349
vn -0.2867 0.1784 -0.9413
vn 0.4436 0.5739 -0.6884
vn 0.9076 0.3514 0.2299
vn -0.1329 0.1365 -0.9817
vn -0.0635 0.2114 -0.9753
vn 0.8627 -0.0209 -0.5052
vn -0.1129 0.3710 -0.9218
vn -0.0158 0.3041 -0.9525
vn -0.2787 0.1479 -0.9489
vn -0.0631 0.3090 -0.9490
vn 0.7621 0.6340 -0.1318
vn 0.8759 0.4510 -0.1714
vn -0.0909 0.1740 -0.9805
vn 0.0881 0.1914 -0.9776
vn -0.6493 0.1062 -0.7531
vn 0.0175 -0.3334 0.9426
vn 0.0053 -0.3141 0.9494
vn 0.0167 -0.3193 0.9475
vn 0.2194 -0.4275 0.8770
vn 0.0814 -0.3243 0.9424
vn 0.8751 -0.4152 -0.2485
vn 0.8025 -0.3154 -0.5065
vn 0.0037 -0.3501 0.9367
vn -0.3239 -0.2459 0.9136
vn -0.0224 -0.3728 0.9276
vn 0.6478 -0.3166 0.6929
vn 0.1605 -0.4107 0.8975
vn 0.8609 -0.1640 -0.4816
vn 0.1845 -0.2974 0.9368
vn 0.0139 -0.4036 0.9148
vn -0.0053 -0.3200 0.9474
vn 0.0298 -0.2788 0.9599
vn 0.0609 -0.3223 0.9447
vn 0.1126 -0.3683 0.9229
vn 0.2032 -0.3802 0.9023
vn 0.8540 -0.2780 -0.4398
vn 0.0145 -0.3136 0.9494
vn -0.0033 -0.3313 0.9435
vn 0.4526 -0.5130 0.7293
vn -0.7685 0.2104 0.6043
vn 0.7885 -0.6124 0.0574
vn 0.8213 -0.1245 -0.5568
vn 0.8520 -0.1645 -0.4970
vn 0.1849 -0.4286 0.8844
vn 0.9311 -0.1724 -0.3215
vn 0.0003 -0.3034 0.9529
vn 0.0090 -0.2941 0.9557
vn 0.0168 -0.4172 0.9086
vn -0.0121 -0.4360 0.8999
vn 0.1689 -0.5405 0.8242
vn -0.0232 -0.9907 0.1340
vn 0.0074 -0.4473 0.8943
vn -0.0433 -0.3429 0.9384
vn -0.2083 -0.3904 0.8968
vn -0.2214 -0.3935 0.8923
vn 0.0646 -0.2730 0.9598
vn -0.0351 -0.8848 0.4647
vn 0.0530 -0.9885 0.1419
vn -0.0830 -0.4480 0.8902
vn -0.1686 -0.6484 0.7423
vn -0.0525 -0.3542 0.9337
vn -0.7549 -0.5538 0.3514
vn 0.8442 0.3018 0.4430
vn -0.8787 -0.2983 -0.3728
vn -0.4233 -0.4832 0.7664
vn -0.7961 -0.1203 -0.5931
vn -0.8902 -0.4407 -0.1157
vn -0.5328 0.5607 0.6338
vn -0.0300 0.0239 0.9993
vn -0.0378 -0.3950 0.9179
vn -0.0359 -0.3461 0.9375
vn -0.0450 -0.3567 0.9331
vn 0.0420 -0.4089 0.9116
vn 0.2272 -0.2471 0.9420
vn -0.7926 -0.5125 0.3304
vn -0.2241 -0.2984 0.9278
vn -0.1017 -0.4232 0.9003
vn -0.4793 -0.1905 0.8567
vn -0.0097 -0.4030 0.9151
vn -0.5398 -0.5670 0.6222
vn -0.5171 0.1603 -0.8408
vn 0.6607 0.0675 -0.7476
vn 0.3256 -0.3473 -0.8794
vn -0.9120 0.3813 -0.1515
vn -0.9431 0.3031 0.1364
vn -0.9572 0.1541 -0.2450
vn -0.8844 0.2559 -0.3903
vn -0.8115 -0.0019 -0.5843
vn -0.7836 0.5854 -0.2078
vn -0.7282 0.6277 0.2752
vn -0.9661 0.0732 0.2476
vn -0.9474 0.2767 0.1607
vn -0.9233 0.3131 0.2222
vn -0.7104 0.2778 -0.6467
vn -0.5744 0.3967 -0.7160
vn -0.5684 0.4507 -0.6884
vn -0.5927 0.3884 -0.7056
vn -0.7262 0.3176 -0.6098
vn -0.5781 0.3023 -0.7579
vn -0.3368 0.5621 -0.7554
vn -0.6901 0.5059 -0.5175
vn -0.6653 0.7382 -0.1118
vn -0.8987 0.4386 -0.0028
vn -0.7698 0.4307 -0.4712
vn -0.8479 -0.0152 -0.5299
vn -0.4092 0.1941 -0.8916
vn -0.3972 -0.2394 -0.8860
vn -0.2562 0.8138 -0.5216
vn 0.2457 0.7288 -0.6391
vn -0.6640 0.5644 -0.4905
vn -0.4694 0.5700 -0.6744
vn -0.2405 0.9373 -0.2521
vn -0.1643 0.9863 0.0173
vn -0.3386 0.9381 0.0729
vn -0.1803 0.9828 0.0401
vn -0.4888 0.8715 0.0395
vn -0.8686 0.3303 0.3695
vn 0.6784 -0.7339 0.0351
vn 0.5232 -0.7340 0.4330
vn 0.5953 -0.6533 0.4678
vn -0.0466 -0.7564 0.6524
vn 0.0499 -0.9987 -0.0094
vn 0.0008 -1.0000 -0.0013
vn -0.0000 -1.0000 -0.0048
vn 0.0888 -0.9868 -0.1357
vn 0.0229 -0.9794 0.2007
vn 0.0183 0.0744 -0.9971
vn -0.3526 -0.5739 -0.7391
vn -0.0486 -0.9988 0.0086
vn -0.0162 -0.9968 -0.0777
vn 0.0433 -0.9979 -0.0472
vn 0.0044 -0.9822 -0.1880
vn -0.0135 -0.9996 0.0233
vn 0.0184 -0.9983 -0.0551
vn 0.3866 -0.6199 -0.6828
vn 0.1827 -0.9089 -0.3748
vn -0.2216 -0.6617 -0.7163
vn 0.0008 -0.9971 -0.0755
vn -0.1723 -0.2079 -0.9629
vn 0.0678 -0.9975 -0.0205
vn -0.0699 -0.9974 0.0172
vn -0.1138 -0.9931 0.0272
vn -0.6909 0.6942 0.2019
vn -0.1426 0.3356 -0.9311
vn -0.7346 0.6752 -0.0671
vn -0.4074 0.2851 -0.8676
vn -0.9894 0.1140 -0.0901
vn -0.8880 -0.1460 -0.4361
vn -0.9034 0.3612 -0.2310
vn -0.6445 0.1988 0.7383
vn -0.2832 0.1041 -0.9534
vn 0.2567 0.4312 -0.8650
vn 0.2664 0.1290 -0.9552
vn -0.6261 0.4400 -0.6437
vn 0.1028 0.5175 -0.8495
vn 0.0326 0.7350 -0.6773
vn -0.1327 0.7033 -0.6984
vn -0.4975 0.4816 -0.7215
vn -0.5442 -0.8390 -0.0050
vn -0.5747 -0.8176 -0.0361
vn -0.5418 -0.8402 0.0226
vn -0.7837 -0.6210 -0.0167
vn -0.9205 -0.3904 -0.0171
vn -0.6613 -0.7499 0.0196
vn -0.5159 -0.8562 0.0283
vn -0.8565 -0.3751 -0.3546
vn -0.9352 -0.3516 -0.0431
vn -0.2904 -0.1227 -0.9490
vn -0.9746 -0.1936 0.1123
vn -0.9474 -0.3200 -0.0010
vn -0.8232 -0.5673 -0.0228
vn -0.8892 -0.4503 0.0805
vn -0.8902 -0.4518 0.0579
vn -0.8919 -0.4522 0.0110
vn -0.9999 -0.0001 0.0107
vn -0.8823 -0.4706 -0.0007
vn -0.9937 0.0064 -0.1121
vn -0.8462 -0.4977 -0.1904
vn -0.8493 -0.3661 -0.3804
vn -0.0906 0.1028 -0.9906
vn 0.0575 0.1973 -0.9787
vn 0.4395 0.5430 -0.7155
vn 0.0317 0.0644 -0.9974
vn 0.1698 0.2482 -0.9537
vn 0.1822 0.1918 -0.9644
vn 0.3571 0.4629 -0.8113
vn 0.9367 0.3499 -0.0102
vn 0.0802 0.0248 -0.9965
vn 0.3405 0.0084 -0.9402
vn 0.7585 0.3635 -0.5409
vn 0.9954 0.0957 0.0061
vn 0.0597 0.0005 -0.9982
vn 0.5944 -0.0959 -0.7984
vn 0.7179 -0.6181 0.3201
vn 0.6377 -0.4888 0.5953
vn 0.0317 -0.0090 -0.9995
vn 0.1856 0.2848 -0.9405
vn 0.5655 0.4030 -0.7196
vn 0.3653 0.7095 0.6026
vn 0.5711 0.8038 0.1666
vn 0.0391 -0.0673 -0.9970
vn -0.1241 0.0135 -0.9922
vn 0.5694 -0.7489 0.3390
vn 0.1072 -0.0212 -0.9940
vn 0.0521 0.9944 0.0921
vn 0.6975 0.0929 -0.7105
vn 0.0054 0.8494 -0.5277
vn -0.2747 0.1221 -0.9537
vn -0.0187 0.6049 -0.7961
vn -0.0877 0.0339 -0.9956
vn 0.2479 -0.5610 -0.7898
vn 0.1347 -0.9179 0.3733
vn 0.0874 -0.9726 -0.2154
vn -0.0068 -0.1332 -0.9911
vn -0.3033 0.4424 -0.8439
vn -0.0324 0.0126 -0.9994
vn -0.0624 -0.1884 -0.9801
vn -0.0310 -0.0401 -0.9987
vn -0.0948 -0.2779 -0.9559
vn 0.2935 0.9292 0.2246
vn -0.1841 -0.9825 -0.0293
vn -0.5150 0.6857 0.5144
vn -0.1742 0.1698 -0.9700
vn -0.0838 -0.0826 -0.9931
vn -0.0199 -0.1361 -0.9905
vn 0.0200 0.0865 -0.9960
vn -0.0873 -0.2424 -0.9662
vn -0.5986 -0.4115 0.6873
vn -0.4715 -0.8564 0.2103
vn -0.3191 0.3790 -0.8687
vn -0.0963 0.1229 -0.9877
vn -0.0931 -0.0115 -0.9956
vn -0.1030 -0.0261 -0.9943
vn -0.5411 -0.0670 0.8383
vn -0.8552 -0.1483 0.4967
vn -0.0618 -0.0033 -0.9981
vn -0.4433 -0.2823 0.8507
vn 0.6909 0.7026 -0.1704
vn -0.2869 -0.5899 -0.7548
vn 0.5297 0.8342 -0.1536
vn 0.8060 0.5836 0.0987
vn 0.9047 0.4246 0.0342
vn 0.9310 0.3568 0.0766
vn 0.9586 0.2441 -0.1469
vn 0.9251 0.3766 0.0481
vn 0.9956 0.0665 0.0660
vn -0.3249 -0.1552 -0.9329
vn 0.9137 0.4060 -0.0198
vn 0.9299 -0.0939 -0.3557
vn 0.6717 -0.6343 -0.3827
vn 0.9954 -0.0609 0.0744
vn 0.8320 -0.5548 0.0077
vn 0.7149 -0.6955 0.0721
vn 0.7220 -0.6894 -0.0576
vn 0.5641 0.8194 0.1021
vn 0.9174 0.3881 0.0881
vn 0.7586 0.4709 0.4504
vn 0.3955 0.4153 0.8192
vn 0.2065 -0.1153 0.9716
vn 0.6634 0.0077 0.7483
vn 0.9810 -0.1619 0.1067
vn 0.9880 -0.0968 0.1206
vn 0.8517 -0.5239 -0.0127
vn 0.8251 -0.5644 0.0269
vn 1.0000 0.0007 0.0025
vn 0.8282 0.5587 0.0440
vn 0.1560 0.2712 0.9498
vn -0.1346 -0.2202 -0.9661
vn 0.5920 -0.8056 -0.0224
vn 0.3473 -0.4312 0.8327
vn 0.5221 -0.8435 0.1264
vn 0.4360 -0.8991 -0.0387
vn 0.5798 0.8084 0.1015
vn 0.5963 0.8015 0.0448
vn -0.4675 0.7093 0.5276
vn -0.9689 -0.2417 -0.0533
vn -0.9951 0.0898 0.0425
vn -0.9921 0.1227 0.0256
vn -0.9907 0.1351 0.0135
vn -0.9860 0.1661 -0.0113
vn -0.9850 0.1724 0.0051
vn -0.9854 0.1668 0.0330
vn -0.9757 0.2186 0.0173
vn -0.9090 0.4140 -0.0478
vn -0.2503 0.1732 -0.9525
vn -0.7934 0.6085 0.0159
vn -0.5797 0.8137 0.0436
vn -0.5429 0.8328 0.1084
vn -0.9925 -0.1160 -0.0395
vn -0.9823 0.1703 -0.0776
vn -0.9721 0.2024 -0.1189
vn -0.9867 0.1203 -0.1098
vn -0.9027 0.4237 -0.0753
vn -0.9556 0.2891 -0.0564
vn -0.9059 0.4225 -0.0300
vn -0.8296 0.4792 -0.2864
vn -0.7742 0.5439 -0.3238
vn -0.7188 0.3474 -0.6022
vn -0.5570 0.7449 -0.3672
vn 0.2679 -0.1283 0.9549
vn -0.6543 0.7550 0.0430
vn -0.5163 0.8554 0.0417
vn -0.5411 0.8410 -0.0010
vn -0.4693 0.8795 -0.0795
vn -0.4389 0.8656 0.2411
vn -0.5982 0.7986 0.0658
vn -0.4261 0.9041 0.0322
vn -0.3077 0.9447 0.1134
vn -0.2072 0.9783 0.0048
vn 0.1629 0.9862 -0.0285
vn -0.2351 0.9720 -0.0006
vn -0.5786 0.7653 -0.2820
vn -0.3497 0.9235 0.1574
vn -0.5569 0.8306 0.0039
vn -0.2769 0.9605 0.0295
vn -0.1905 0.9817 -0.0061
vn -0.3438 0.6890 0.6381
vn -0.1430 0.8345 0.5321
vn -0.1400 0.9901 0.0132
vn -0.4854 0.8438 0.2290
vn 0.0847 0.9533 0.2900
vn -0.1843 0.9828 0.0133
vn 0.0056 0.9996 0.0279
vn -0.3279 0.9434 -0.0492
vn -0.4151 0.9036 -0.1057
vn -0.0540 0.9978 -0.0387
vn -0.1197 0.9523 -0.2808
vn 0.0443 0.9784 -0.2021
vn -0.8881 -0.1836 -0.4215
vn 0.0025 -0.9894 -0.1449
vn -0.9098 0.2174 -0.3535
vn -0.1471 -0.7605 -0.6324
vn 0.3099 0.3002 0.9021
vn 0.0722 0.0938 0.9930
vn 0.1166 0.0359 0.9925
vn 0.5535 0.2478 -0.7951
vn 0.1776 0.0964 0.9794
vn 0.9841 0.1740 0.0353
vn 0.7981 0.2484 0.5489
vn 0.1677 0.0292 0.9854
vn 0.0335 0.0309 0.9990
vn 0.2933 -0.1188 0.9486
vn 0.0425 -0.0440 0.9981
vn 0.0785 -0.0624 0.9950
vn 0.5219 -0.2183 0.8246
vn -0.0370 0.1057 0.9937
vn -0.2863 0.1347 0.9486
vn 0.5878 0.2395 0.7727
vn 0.0935 0.2822 0.9548
vn 0.2082 0.3213 0.9238
vn 0.5634 0.8134 -0.1450
vn 0.2077 0.2717 0.9397
vn -0.0203 -0.0415 0.9989
vn 0.1750 -0.1361 0.9751
vn 0.5966 -0.5396 -0.5941
vn 0.0052 -0.0064 1.0000
vn 0.0059 -0.0451 0.9990
vn 0.0167 0.6694 0.7428
vn 0.0412 -0.0166 0.9990
vn 0.0062 -0.2642 0.9645
vn -0.0025 -0.2406 0.9706
vn 0.0446 -0.3509 0.9354
vn -0.2949 0.3990 0.8682
vn -0.0957 -0.0110 0.9954
vn -0.0493 -0.0507 0.9975
vn -0.4919 0.7791 -0.3886
vn -0.6064 0.7525 0.2569
vn -0.0669 0.1002 0.9927
vn -0.1779 0.3596 0.9160
vn -0.0702 0.0562 0.9959
vn -0.8558 -0.5173 -0.0026
vn -0.7352 -0.6776 0.0197
vn -0.0693 -0.0897 0.9936
vn -0.1616 -0.3573 0.9199
vn 0.1504 0.0782 -0.9855
vn 0.0929 0.0667 0.9934
vn -0.2581 -0.8474 0.4640
vn -0.3867 0.4236 0.8192
vn -0.2553 0.0115 0.9668
vn -0.6492 0.3076 -0.6957
vn -0.7987 -0.1504 -0.5826
vn -0.9738 -0.2079 -0.0925
vn -0.1405 -0.0644 0.9880
vn 0.0364 -0.0390 0.9986
vn 0.1324 0.8462 -0.5161
vn -0.0058 0.9464 0.3228
vn 0.0052 0.9659 -0.2588
vn -0.2263 0.9701 0.0883
vn 0.2163 -0.9178 -0.3330
vn -0.0189 -0.9986 0.0499
vn -0.3291 -0.8260 -0.4576
vn -0.0288 -0.9250 -0.3789
vn 0.1697 -0.5804 -0.7965
vn 0.7097 -0.7045 -0.0048
vn -0.5879 -0.7782 -0.2208
vn 0.1048 0.9945 0.0001
vn 0.0389 0.9992 0.0113
vn 0.0471 0.9982 0.0380
vn 0.0005 0.9999 -0.0106
vn -0.1601 0.9868 0.0251
vn 0.0226 0.9993 0.0299
vn -0.0687 0.9967 -0.0438
vn -0.9047 0.4167 0.0885
vn 0.1984 -0.9801 -0.0053
vn 0.0812 -0.9958 -0.0432
vn -0.0353 -0.9979 0.0545
vn -0.1808 -0.9775 -0.1088
vn 0.1684 -0.9855 0.0218
vn -0.2007 -0.9773 0.0676
vn -0.0833 -0.9965 -0.0087
vn -0.2979 -0.9540 0.0332
vn -0.0744 -0.9534 0.2925
vn 0.0395 0.2435 0.9691
vn -0.1128 -0.9620 0.2486
vn 0.1698 -0.5088 -0.8440
vn 0.7169 -0.6968 -0.0235
vn -0.7091 -0.6792 -0.1894
vn -0.5236 -0.1770 -0.8333
vn -0.4222 0.8658 0.2685
vn 0.3607 0.1574 0.9193
vn -0.0950 -0.9656 0.2419
vn -0.2180 0.9615 0.1673
vn -0.3674 0.9058 0.2111
vn -0.0818 0.5560 0.8272
vn 0.1916 -0.6124 -0.7669
vn 0.6923 -0.7161 0.0890
vn -0.4234 -0.8030 -0.4193
vn -0.5342 -0.6596 0.5287
vn 0.2497 0.9609 0.1200
vn 0.2403 0.9707 -0.0050
vn 0.7472 0.6643 -0.0208
vn 0.1360 0.9779 0.1591
vn 0.1633 0.9865 -0.0137
vn 0.3906 0.9203 -0.0219
vn 0.2455 0.9694 0.0006
vn 0.0823 0.9925 0.0901
vn -0.1715 0.9800 0.1013
vn 1.0000 0.0028 -0.0013
vn 0.9916 0.1297 0.0003
vn 0.8956 -0.4439 0.0277
vn 0.5591 -0.8283 -0.0373
vn 0.7511 -0.6594 0.0324
vn 0.9310 -0.3259 -0.1642
vn 0.5513 0.3301 0.7663
vn -0.3668 -0.6546 0.6610
vn 0.7039 0.7101 0.0157
vn 0.7601 0.3119 -0.5701
vn 0.4545 -0.7447 -0.4888
vn 0.6638 -0.6440 0.3802
vn 0.6570 0.7536 0.0201
vn 0.4820 0.8760 0.0180
vn 0.8405 0.5417 -0.0133
vn 0.5701 0.8209 -0.0329
vn 0.4099 0.9117 -0.0279
vn 0.7641 -0.6450 -0.0089
vn 0.9162 -0.4007 0.0037
vn 0.9218 -0.3875 0.0141
vn 0.9214 -0.3843 -0.0584
vn 0.7104 0.7036 0.0173
vn 0.7591 -0.5796 -0.2964
vn 0.9272 -0.3745 -0.0027
vn 0.9184 -0.3953 -0.0166
vn 0.7635 -0.4241 0.4870
vn 0.9899 0.0874 0.1115
vn 0.8978 -0.1424 0.4168
vn 0.9766 0.2112 0.0401
vn 0.3666 0.0811 0.9268
vn 0.8714 0.4898 0.0260
vn 0.9527 0.2998 0.0501
vn 0.8470 0.5315 0.0015
vn 0.7776 0.6283 -0.0260
vn -0.5730 -0.3356 0.7476
vn 0.7408 0.6653 0.0925
vn 0.2586 -0.1445 -0.9551
vn 0.9800 -0.0159 -0.1982
vn 0.8748 -0.4409 -0.2010
vn 0.9972 -0.0472 -0.0572
vn 0.9064 -0.4217 0.0235
vn 0.9828 0.1848 -0.0011
vn 0.6174 0.3739 0.6921
vn 0.8673 -0.1487 0.4751
vn 0.6025 -0.2728 0.7500
vn 0.9119 -0.1649 0.3759
vn -0.2600 0.8790 -0.3997
vn 0.0603 0.9705 -0.2333
vn 0.0254 0.7701 -0.6374
vn 0.4807 0.7566 -0.4433
vn 0.0425 0.8851 -0.4635
vn 0.1807 0.9834 -0.0187
vn -0.0022 0.9994 -0.0350
vn -0.9719 0.0595 -0.2279
vn -0.9475 0.3094 0.0809
vn -0.4020 0.8621 0.3087
vn -0.6521 0.3336 -0.6809
vn -0.9029 0.4128 -0.1200
vn -0.6484 0.7566 -0.0845
vn -0.8969 0.4384 0.0582
vn 0.3358 -0.4429 -0.8313
vn -0.5477 0.8363 -0.0245
vn -0.5741 0.8168 0.0572
vn -0.7615 0.6481 -0.0020
vn -0.5384 -0.8422 0.0269
vn -0.4948 -0.8677 0.0474
vn -0.6085 -0.7935 0.0101
vn -0.4331 -0.8891 -0.1480
vn -0.6670 -0.7358 -0.1172
vn -0.4757 0.8705 0.1261
vn -0.6139 0.7758 0.1456
vn -0.0777 -0.4417 0.8938
vn -0.4675 -0.8685 0.1647
vn -0.6338 -0.7731 0.0269
vn -0.7033 -0.7109 -0.0002
vn -0.9239 0.3826 0.0009
vn -0.7251 0.6877 0.0353
vn -0.9961 0.0856 -0.0189
vn -0.9857 0.1683 0.0104
vn -0.9914 -0.1158 0.0609
vn -0.9955 -0.0932 -0.0171
vn -0.7656 -0.6282 -0.1386
vn -0.8067 -0.5770 -0.1280
vn -0.7998 -0.5978 -0.0547
vn -0.8758 -0.4825 0.0111
vn -0.8784 -0.4773 -0.0243
vn -0.8390 -0.5403 -0.0647
vn -0.4513 0.7424 0.4951
vn -0.5858 0.2851 0.7586
vn -0.0385 0.7749 0.6309
vn -0.9257 0.3781 0.0066
vn -0.9271 0.3725 0.0412
vn -0.9159 0.3773 0.1368
vn -0.9783 -0.1876 0.0880
vn -0.9670 -0.2210 0.1268
vn -0.9893 -0.1442 0.0237
vn -0.9894 -0.1393 0.0421
vn 0.0267 0.9993 0.0244
vn 0.3851 0.8884 -0.2501
vn 0.0108 0.9997 -0.0201
vn 0.0463 0.9953 0.0846
vn -0.0242 0.9916 -0.1273
vn -0.0542 0.8253 -0.5620
vn 0.5496 0.6003 -0.5810
vn 0.3197 -0.7967 -0.5129
vn 0.3911 -0.8966 0.2079
vn -0.3937 -0.9056 -0.1575
vn -0.2928 -0.8067 0.5133
vn -0.0273 -0.4768 0.8786
vn -0.0728 -0.5303 0.8447
vn -0.3344 -0.4530 0.8265
vn -0.9483 -0.3158 0.0314
vn -0.9599 -0.2768 0.0435
vn -0.9345 -0.3509 0.0603
vn -0.9401 -0.3202 0.1171
vn -0.8576 -0.4333 0.2771
vn -0.8461 -0.3433 0.4077
vn -0.9069 -0.1568 0.3911
vn -0.7611 -0.5188 0.3894
vn 0.6912 -0.1126 0.7138
vn 0.1759 -0.1859 0.9667
vn 0.5505 -0.7453 0.3761
vn -0.8701 -0.4291 -0.2425
vn -0.8740 -0.4600 -0.1564
vn -0.9099 -0.4095 0.0671
vn -0.8992 -0.4331 -0.0620
vn -0.9171 -0.3957 0.0486
vn -0.9083 -0.4171 -0.0320
vn -0.9405 -0.3362 -0.0495
vn -0.6110 0.0972 0.7857
vn -0.9548 -0.2613 0.1417
vn -0.9123 -0.4041 0.0667
vn -0.9622 -0.2585 0.0857
vn -0.7916 0.0365 0.6099
vn -0.9348 -0.3476 -0.0732
vn -0.5765 -0.4538 -0.6795
vn -0.8289 -0.5326 0.1710
vn -0.6243 -0.4039 -0.6687
vn -0.9195 -0.3928 -0.0123
vn -0.8655 -0.4184 0.2753
vn -0.8378 -0.5442 -0.0440
vn -0.9127 -0.4025 0.0703
vn -0.3505 -0.4422 0.8256
vn 0.1469 -0.1586 0.9763
vn -0.8189 -0.5729 0.0345
vn 0.4024 -0.2213 0.8883
vn 0.6269 0.0664 0.7763
vn -0.9226 -0.3840 0.0353
vn -0.9281 -0.3721 0.0080
vn -0.8836 -0.4241 0.1985
vn -0.9238 -0.3797 -0.0495
vn -0.5823 -0.5125 -0.6311
vn 0.8307 0.0683 -0.5525
vn -0.6352 0.0875 0.7674
vn -0.1187 -0.3331 -0.9354
vn -0.8681 -0.4883 -0.0898
vn -0.9144 -0.4040 0.0255
vn -0.9441 -0.3278 -0.0347
vn -0.9208 -0.2997 0.2495
vn -0.9289 -0.3665 -0.0534
vn -0.9161 -0.3950 -0.0686
vn 0.1650 0.3290 0.9298
vn 0.6551 0.6388 0.4034
vn -0.9764 -0.1863 -0.1090
vn -0.9818 0.1721 -0.0807
vn 0.5947 0.7930 -0.1320
vn -0.9166 -0.3891 0.0921
vn 0.8958 0.4092 0.1737
vn 0.9500 0.3117 0.0174
vn 0.9624 0.2716 0.0035
vn 0.9279 0.3653 -0.0745
vn 0.9059 0.4044 -0.1255
vn -0.2219 0.2799 0.9340
vn 0.9349 0.3383 0.1071
vn 0.8765 0.4356 0.2050
vn 0.7117 0.6921 0.1208
vn 0.9330 0.3599 -0.0055
vn 0.3314 0.5095 -0.7941
vn 0.9032 0.4209 0.0839
vn 0.8973 0.4363 0.0665
vn 0.2735 0.3733 0.8865
vn 0.8640 0.4474 -0.2309
vn -0.7248 -0.1755 0.6662
vn -0.6562 -0.0226 0.7542
vn 0.8630 0.4836 0.1460
vn 0.9142 0.3997 0.0665
vn -0.6754 0.0673 0.7343
vn 0.9231 0.3690 0.1084
vn 0.8971 0.4023 0.1829
vn 0.9843 0.1739 0.0290
vn 0.8563 0.4811 0.1877
vn -0.5704 -0.0066 0.8214
vn -0.4433 0.2051 0.8726
vn 0.7732 0.3643 0.5192
vn 0.8574 0.3335 0.3920
vn 0.6245 0.6244 0.4692
vn 0.6601 0.5630 0.4973
vn 0.3638 0.6303 0.6858
vn 0.6380 0.4264 0.6413
vn 0.9356 0.2820 0.2125
vn 0.8978 0.4404 -0.0024
vn -0.1069 -0.0157 0.9941
vn 0.8805 0.4664 0.0848
vn 0.9188 0.3667 -0.1460
vn 0.8642 0.4554 0.2139
vn -0.8700 0.0132 -0.4929
vn 0.8730 0.4870 -0.0282
vn 0.8096 0.4174 -0.4126
vn 0.8877 0.4605 -0.0045
vn 0.8179 0.5606 0.1292
vn 0.7979 0.4839 0.3593
vn 0.8921 0.4515 0.0183
vn -0.2283 0.1476 0.9623
vn 0.6371 0.5798 0.5079
vn 0.8918 0.4435 0.0901
vn -0.4115 0.3930 0.8223
vn 0.1166 0.9188 0.3772
vn 0.1955 0.9112 0.3628
vn -0.2716 0.1232 0.9545
vn -0.1965 0.0521 0.9791
vn -0.8740 -0.2249 0.4308
vn 0.5059 0.7527 0.4213
vn 0.8653 0.4698 0.1749
vn 0.0401 0.1810 0.9827
vn -0.2315 0.0490 0.9716
vn 0.8275 0.5521 0.1018
vn 0.8882 0.4544 0.0681
vn 0.9016 0.4106 -0.1365
vn 0.9057 0.4240 0.0010
vn 0.2936 0.8080 -0.5109
vn -0.4226 0.8809 -0.2131
vn 0.3455 0.9280 0.1393
vn -0.3104 0.8016 0.5109
vn -0.5647 0.5880 0.5791
vn -0.6405 -0.6214 0.4512
vn -0.8494 0.0075 0.5277
vn 0.3395 0.8290 -0.4443
vn 0.0805 0.9165 -0.3919
vn 0.4311 0.9022 0.0148
vn -0.2614 0.7383 -0.6217
vn -0.0460 -0.9904 -0.1301
vn 0.0746 -0.9579 -0.2773
vn 0.1176 -0.9813 0.1523
vn -0.0743 -0.2658 0.9612
vn 0.0418 -0.9287 0.3684
vn -0.3358 -0.9005 0.2761
vn -0.4289 0.7970 0.4253
vn 0.0204 0.9127 0.4081
vn 0.0041 0.9648 0.2628
vn -0.0183 0.9098 -0.4147
vn -0.0023 0.6244 0.7811
vn 0.0067 0.6926 0.7213
vn -0.2055 0.4881 0.8482
vn 0.0429 0.5217 0.8520
vn 0.0209 0.7714 0.6360
vn 0.2932 0.9458 0.1399
vn -0.0738 0.9593 0.2726
vn -0.0185 0.9547 0.2971
vn 0.1030 0.9934 -0.0508
vn -0.0053 0.9500 0.3123
vn 0.0880 0.8501 0.5192
vn 0.4324 0.6528 -0.6220
vn 0.0847 0.9598 -0.2675
vn -0.0559 0.9609 -0.2714
vn 0.1402 0.9783 0.1525
vn -0.0505 0.9745 0.2185
vn -0.0714 0.8816 0.4665
vn 0.0457 0.9379 0.3439
vn 0.0068 0.9989 -0.0464
vn 0.0072 0.9856 0.1687
vn -0.0222 0.8874 -0.4606
vn 0.0689 0.9131 -0.4019
vn -0.0278 0.9933 -0.1125
vn 0.0474 0.9236 -0.3804
vn 0.0390 0.9489 0.3133
vn 0.1177 0.9325 0.3414
vn 0.0290 0.9968 0.0744
vn -0.0362 0.9375 0.3461
vn -0.0050 0.9926 0.1211
vn -0.0163 0.9618 0.2731
vn 0.0684 0.9362 0.3447
vn 0.0957 -0.2468 0.9643
vn 0.0698 0.9421 0.3279
vn -0.0521 0.9625 0.2663
vn -0.0188 0.9758 0.2177
vn -0.0549 0.9558 0.2888
vn 0.0317 0.9838 0.1763
vn -0.0977 0.9705 0.2203
vn 0.1510 0.9507 0.2707
vn -0.1513 0.7011 0.6968
vn -0.5025 0.1272 0.8551
vn 0.0964 0.9090 0.4054
vn -0.0214 0.9694 -0.2446
vn -0.0323 0.9994 0.0106
vn 0.0218 0.9635 0.2668
vn -0.0620 0.6929 -0.7184
vn 0.0013 0.8587 -0.5125
vn 0.4908 0.8275 -0.2727
vn 0.0814 0.9935 -0.0799
vn 0.4667 0.6312 -0.6195
vn 0.2473 0.1200 0.9615
vn 0.1948 -0.1525 0.9689
vn 0.0561 -0.0496 0.9972
vn 0.3570 -0.6886 0.6312
vn -0.8914 -0.3114 0.3294
vn -0.8807 0.1071 -0.4614
vn -0.7011 -0.3798 -0.6035
vn -0.7376 -0.2804 0.6143
vn 0.3939 -0.0206 -0.9189
vn -0.8963 -0.4224 -0.1352
vn -0.1314 -0.3535 -0.9262
vn -0.8811 -0.4608 -0.1069
vn -0.8838 -0.4544 -0.1113
vn 0.2308 -0.2031 -0.9516
vn -0.8760 -0.4690 -0.1122
vn -0.0509 0.3133 0.9483
vn 0.3619 -0.0869 -0.9282
vn -0.9549 -0.2942 -0.0410
vn 0.5480 0.0629 -0.8341
vn -0.3687 -0.3098 -0.8764
vn -0.3957 -0.6139 -0.6830
vn -0.8003 -0.0555 -0.5971
vn -0.9058 -0.4076 0.1156
vn -0.8341 -0.5516 -0.0060
vn -0.8674 -0.4958 -0.0423
vn -0.9220 -0.3867 0.0196
vn -0.9391 -0.3377 -0.0637
vn -0.8682 -0.4710 -0.1560
vn -0.8869 -0.4453 0.1231
vn -0.9081 -0.3933 -0.1439
vn -0.8784 -0.4625 0.1203
vn -0.8941 -0.4288 0.1290
vn 0.6608 -0.0489 0.7490
vn -0.9336 -0.3567 -0.0335
vn -0.8896 -0.4566 0.0051
vn -0.1224 -0.0364 0.9918
vn -0.4124 0.1756 0.8939
vn -0.2182 -0.5541 0.8033
vn -0.9718 -0.0963 -0.2151
vn -0.8495 -0.1843 -0.4944
vn 0.6835 0.0438 0.7286
vn -0.0834 -0.0603 0.9947
vn -0.8965 -0.4411 -0.0426
vn -0.2928 -0.4113 0.8632
vn -0.2819 -0.2647 -0.9222
vn -0.9364 -0.3441 -0.0693
vn -0.9305 -0.3240 -0.1708
vn -0.9562 -0.2924 -0.0108
vn -0.8663 -0.4112 -0.2836
vn 0.2368 -0.2789 -0.9307
vn -0.9023 -0.4193 -0.1007
vn -0.8955 -0.4439 -0.0317
vn -0.9360 -0.3521 -0.0012
vn -0.8710 -0.4279 0.2415
vn -0.9222 -0.3840 -0.0458
vn -0.8835 -0.4574 -0.1013
vn -0.9660 -0.2580 -0.0165
vn -0.8754 0.4834 -0.0068
vn -0.9094 -0.4068 -0.0870
vn 0.1930 -0.3561 -0.9143
vn -0.1917 -0.3573 -0.9141
vn -0.9451 -0.3219 0.0567
vn -0.9492 -0.3128 0.0347
vn -0.9774 -0.2091 0.0308
vn 0.6871 0.4281 0.5870
vn -0.9489 -0.3088 0.0646
vn -0.9407 -0.2865 0.1819
vn -0.5542 -0.3238 0.7668
vn -0.9298 -0.3675 -0.0207
vn -0.9234 -0.3836 -0.0107
vn -0.9487 -0.3143 0.0340
vn -0.9205 -0.3904 0.0175
vn -0.9032 -0.4281 -0.0319
vn -0.8247 -0.4765 0.3047
vn -0.4004 -0.5230 0.7525
vn 0.8334 0.1318 0.5367
vn -0.2670 -0.0851 0.9599
vn 0.0161 -0.3236 0.9461
vn -0.1143 0.0509 0.9921
vn -0.5550 0.3277 0.7646
vn 0.2342 0.4267 0.8736
vn 0.5922 0.5356 0.6021
vn 0.8108 0.4519 0.3721
vn 0.7498 0.3528 0.5598
vn -0.0157 0.1700 0.9853
vn 0.2619 -0.0876 0.9611
vn 0.2406 0.5717 0.7844
vn 0.9026 0.4199 0.0948
vn 0.3011 0.5573 0.7738
vn 0.3052 0.5253 0.7942
vn 0.9394 0.3253 0.1084
vn 0.7760 0.2708 0.5696
vn 0.8780 0.4605 0.1306
vn -0.8460 -0.3518 0.4007
vn -0.2255 0.1411 0.9640
vn -0.4355 0.0962 0.8951
vn 0.8975 0.4369 0.0601
vn -0.3882 0.0229 0.9213
vn 0.8744 0.4408 0.2027
vn 0.9132 0.4049 -0.0450
vn 0.8617 0.4561 0.2224
vn -0.0055 0.2645 0.9644
vn 0.8614 0.4935 -0.1201
vn 0.9209 0.3892 0.0212
vn 0.6877 0.4618 -0.5602
vn 0.8536 0.5139 -0.0847
vn 0.8930 0.4364 -0.1099
vn -0.6921 -0.0600 -0.7193
vn -0.5726 0.0583 -0.8178
vn 0.9833 0.1290 -0.1284
vn -0.4090 0.0358 -0.9118
vn 0.9430 0.2474 -0.2226
vn 0.1465 0.3262 -0.9339
vn 0.3311 0.4240 -0.8430
vn -0.0542 0.2735 -0.9603
vn 0.6472 0.3628 0.6705
vn 0.9373 0.3453 0.0484
vn 0.9131 0.3972 0.0920
vn 0.9185 0.3946 0.0255
vn 0.9994 0.0345 -0.0001
vn -0.6185 0.0646 0.7831
vn 0.9378 0.3424 0.0576
vn 0.8793 0.4763 -0.0038
vn 0.9321 0.3599 0.0407
vn 0.9619 0.2507 0.1091
vn 0.6755 0.5545 0.4860
vn 0.8956 0.4340 0.0973
vn 0.9341 0.3564 0.0228
vn 0.9582 0.2836 0.0376
vn 0.9332 0.3541 0.0606
vn 0.3908 0.4571 0.7990
vn 0.9348 0.3448 0.0857
vn 0.8370 0.4691 0.2817
vn 0.8629 0.5042 0.0347
vn 0.9189 0.3854 0.0845
vn 0.3686 0.3462 0.8627
vn 0.4548 0.3744 0.8081
vn -0.8724 0.4580 -0.1709
vn -0.4445 0.8860 -0.1323
vn 0.8931 0.4405 -0.0910
vn 0.9288 0.3706 -0.0032
vn 0.8721 0.4819 -0.0850
vn 0.7818 0.5936 -0.1911
vn 0.6659 0.4471 -0.5972
vn 0.4274 0.6722 -0.6045
vn 0.6641 0.7161 -0.2147
vn 0.4524 0.7690 -0.4516
vn 0.1365 0.2932 -0.9463
vn -0.3366 0.1586 -0.9282
vn 0.9832 0.1811 0.0236
vn 0.9534 0.2964 -0.0570
vn 0.9189 0.1116 0.3785
vn 0.9521 0.0445 0.3027
vn 0.9967 0.0107 0.0810
vn 0.9869 0.1492 0.0614
vn 0.9399 0.2577 0.2240
vn 0.9982 -0.0603 -0.0057
vn 0.9870 -0.1574 0.0328
vn 0.9906 0.0032 -0.1365
vn 0.3631 -0.8825 0.2990
vn 0.9885 -0.0359 -0.1467
vn 0.0450 -0.9809 0.1894
vn 0.9799 0.0858 -0.1800
vn 0.9899 0.0176 -0.1407
vn -0.2844 0.2020 -0.9372
vn 0.6646 0.7074 -0.2406
vn -0.2171 0.4866 -0.8462
vn -0.7115 0.6969 0.0894
vn 0.7246 0.6753 -0.1375
vn -0.2612 0.6462 -0.7171
vn -0.9698 -0.0981 0.2231
vn 0.5881 0.3612 0.7236
vn -0.9282 0.3617 -0.0877
vn -0.3604 -0.7149 0.5992
vn 0.5941 0.6804 0.4291
vn 0.7938 -0.5021 -0.3432
vn 0.8203 -0.4470 0.3568
vn 0.5192 0.4093 0.7503
vn 0.8835 0.3301 -0.3324
vn 0.8887 0.4569 0.0392
vn -0.5017 0.1221 0.8564
vn 0.6336 0.5337 0.5601
vn -0.3807 0.1127 0.9178
vn 0.9442 0.3245 0.0573
vn 0.5076 0.8546 -0.1093
vn -0.2075 0.2621 -0.9425
vn -0.0083 0.8140 -0.5808
vn 0.9421 0.3325 0.0423
vn 0.9617 -0.2335 0.1437
vn 0.6966 0.7172 0.0212
vn 0.4625 -0.8866 -0.0111
vn 0.9588 0.2681 0.0943
vn 0.2174 0.9728 0.0805
vn 0.9196 0.3461 0.1858
vn 0.9311 0.3608 -0.0535
vn 0.6922 0.6464 -0.3210
vn 0.8956 0.4331 0.1012
vn -0.9927 0.0331 0.1161
vn -0.9954 -0.0954 -0.0134
vn -0.9994 -0.0292 0.0177
vn -0.9360 -0.2893 -0.2005
vn -0.9244 -0.3595 -0.1273
vn -0.8854 -0.4583 -0.0776
vn -0.9939 0.0979 -0.0501
vn -0.9673 0.1985 0.1581
vn -0.5923 0.4128 0.6919
vn -0.9921 -0.0852 0.0917
vn -0.7587 -0.6503 0.0380
vn -0.8065 -0.5376 0.2460
vn -0.9983 0.0500 -0.0305
vn -0.9354 -0.3476 -0.0655
vn -0.9133 -0.3956 0.0964
vn -0.9814 -0.1417 0.1294
vn -0.9177 -0.3562 -0.1762
vn -0.8812 -0.4716 -0.0320
vn -0.9885 -0.1219 -0.0899
vn -0.5702 -0.8083 -0.1469
vn -0.7820 -0.6182 -0.0790
vn -0.9613 -0.2716 0.0461
vn -0.8706 0.3295 0.3653
vn -0.7705 -0.6375 -0.0069
vn -0.5613 -0.8028 -0.2011
vn -0.8644 -0.5027 0.0137
vn -0.0381 0.3046 0.9517
vn -0.1377 0.7454 0.6522
vn -0.0838 0.3148 0.9454
vn 0.0865 0.0998 0.9912
vn -0.3609 0.0094 0.9325
vn 0.3458 0.2592 0.9018
vn 0.1474 0.0705 0.9866
vn -0.0417 0.0527 0.9977
vn 0.1215 0.7534 0.6462
vn -0.1074 0.0412 0.9934
vn -0.1074 0.7646 0.6355
vn -0.4065 -0.1552 0.9003
vn 0.0051 0.1528 0.9882
vn 0.0032 -0.0309 -0.9995
vn -0.0409 -0.2965 -0.9541
vn -0.0385 -0.8408 -0.5399
vn -0.1511 -0.0876 -0.9846
vn -0.0008 -0.1655 -0.9862
vn -0.6225 -0.2214 -0.7507
vn -0.0420 -0.4631 -0.8853
vn -0.1336 -0.1070 -0.9852
vn 0.8626 0.4928 -0.1138
vn 0.9080 0.4125 0.0729
vn 0.8990 0.4366 -0.0340
vn 0.8662 0.4973 -0.0487
vn 0.6641 0.7461 -0.0468
vn 0.8207 0.3179 -0.4747
vn 0.8319 0.3359 0.4417
vn 0.9237 0.3825 0.0201
vn 0.8708 0.4638 0.1629
vn 0.7170 0.2259 0.6594
vn 0.2863 0.1189 -0.9507
vn 0.9900 -0.0772 0.1182
vn -0.0403 0.2457 -0.9685
vn 0.9896 -0.0168 0.1428
vn 0.7716 0.5538 0.3131
vn 0.6246 0.4252 -0.6550
vn -0.5296 0.8399 -0.1189
vn -0.6809 0.4867 -0.5473
vn -0.5809 0.7556 0.3029
vn -0.2605 0.9637 0.0584
vn -0.1184 0.8635 0.4902
vn 0.1859 0.9826 -0.0027
vn 0.1311 0.9914 -0.0009
vn -0.1004 0.9944 0.0330
vn -0.4299 0.5128 0.7431
vn -0.6043 0.7963 -0.0280
vn -0.0379 0.9928 -0.1134
vn 0.1127 0.9786 -0.1719
vn -0.0768 0.8461 -0.5275
vn -0.8829 0.2424 -0.4021
vn -0.8452 0.4912 -0.2108
vn -0.5539 0.6025 0.5746
vn -0.7946 -0.5605 0.2332
vn -0.9898 -0.1088 -0.0915
vn -0.9480 -0.2858 -0.1401
vn -0.8922 -0.1732 0.4171
vn -0.8793 -0.2114 0.4268
vn -0.8965 -0.2027 0.3939
vn -0.9180 -0.2368 -0.3183
vn -0.9397 -0.3128 -0.1381
vn -0.9313 -0.3636 -0.0228
vn -0.9585 -0.2852 0.0033
vn -0.9675 -0.2465 -0.0566
vn -0.9634 -0.2680 0.0020
vn -0.1343 -0.9907 -0.0202
vn -0.9998 0.0104 -0.0141
vn -0.7878 0.5989 -0.1438
vn -0.9523 -0.3048 -0.0164
vn -0.8438 0.5344 0.0493
vn -0.9644 0.2517 -0.0809
vn -0.3254 -0.9121 0.2494
vn -0.9271 -0.3747 0.0092
vn -0.9166 -0.3753 0.1379
vn 0.8916 0.4502 -0.0482
vn 0.1639 0.2884 0.9434
vn 0.1800 0.1120 0.9773
vn 0.1178 -0.0765 0.9901
vn 0.0879 -0.4167 0.9048
vn 0.0124 -0.3179 0.9481
vn 0.8972 0.0925 -0.4317
vn 0.0935 -0.8503 0.5180
vn 0.9991 -0.0401 -0.0131
vn 0.9714 0.2347 0.0361
vn 0.9586 0.1912 0.2112
vn 0.4601 0.3686 0.8077
vn 0.9850 0.1711 0.0211
vn -0.6309 -0.7381 0.2391
vn 0.9146 0.4042 -0.0099
vn 0.9964 -0.0804 0.0268
vn 0.6348 0.7722 0.0252
vn 0.7883 0.6071 -0.1001
vn 0.9030 0.4223 -0.0795
vn 0.9724 0.2335 0.0025
vn 0.9333 -0.3550 0.0547
vn 0.6122 0.7641 0.2032
vn 0.9087 0.3952 -0.1346
vn 0.9081 0.1298 -0.3981
vn 0.9539 0.2112 -0.2130
vn 0.9029 0.1987 -0.3811
vn -0.0130 -0.3049 -0.9523
vn 0.2070 -0.6126 -0.7628
vn 0.0226 -0.6659 -0.7457
vn 0.1276 0.4080 -0.9040
vn 0.0452 -0.0903 -0.9949
vn -0.0019 -0.0590 -0.9983
vn -0.0065 -0.2274 -0.9738
vn 0.0327 -0.5560 -0.8306
vn -0.0375 -0.2419 -0.9696
vn -0.0875 -0.1273 -0.9880
vn -0.8767 0.0340 -0.4798
vn -0.9927 -0.0157 -0.1198
vn -0.6259 -0.1977 -0.7544
vn 0.0531 -0.1749 0.9831
vn -0.4025 0.1864 0.8962
vn 0.0584 -0.0288 0.9979
vn -0.6152 0.4949 0.6137
vn -0.3940 0.9186 0.0317
vn 0.1368 0.8589 0.4935
vn -0.1327 0.9909 -0.0201
vn -0.0250 0.9984 -0.0498
vn 0.1183 0.9800 0.1597
vn -0.6655 -0.0010 0.7464
vn -0.4300 0.4884 0.7593
vn -0.5815 0.7168 0.3848
vn 0.9880 -0.0219 0.1529
vn 0.9906 -0.1153 0.0729
vn 0.9304 0.0171 0.3663
vn 0.9999 0.0154 0.0034
vn 0.6445 -0.7485 0.1560
vn 0.9884 -0.1475 0.0349
vn 0.7183 -0.6763 0.1634
vn 0.7228 -0.6869 0.0754
vn 0.9991 -0.0408 0.0145
vn 0.9975 0.0690 0.0172
vn 0.7435 0.6571 -0.1242
vn 0.9652 -0.2547 0.0587
vn 0.9779 0.2040 -0.0463
vn 0.7557 0.6402 -0.1380
vn 0.7368 0.6565 -0.1620
vn -0.1073 -0.9194 0.3785
vn 0.9995 -0.0317 0.0021
vn -0.4757 -0.8732 0.1062
vn 0.9952 -0.0628 0.0750
vn 0.9703 -0.2420 0.0041
vn 0.9980 -0.0614 -0.0118
vn 0.9964 0.0805 -0.0274
vn 0.9961 0.0846 0.0269
vn 0.9799 0.1891 -0.0634
vn 0.1187 0.9832 -0.1385
vn 0.7499 0.6561 0.0848
vn 0.9996 -0.0265 -0.0109
vn 0.9997 0.0062 0.0227
vn 0.9664 -0.2479 0.0684
vn 0.9978 0.0484 0.0457
vn 0.9964 0.0833 -0.0134
vn 0.9947 0.0997 -0.0243
vn 0.9895 0.1407 0.0335
vn 0.5751 0.5734 0.5835
vn -0.1410 -0.9104 0.3890
vn 0.7985 -0.5866 0.1350
vn 0.9999 0.0079 -0.0143
vn 0.9998 -0.0153 -0.0129
vn 0.9987 -0.0357 -0.0352
vn -0.8784 0.4718 -0.0765
vn 0.9993 -0.0375 0.0007
vn 0.9891 0.1352 0.0589
vn 0.9900 0.1354 0.0389
vn 0.9996 -0.0259 -0.0090
vn 0.9570 0.1676 -0.2366
vn 0.9885 0.1470 -0.0343
vn -0.0241 0.9927 -0.1180
vn 0.7013 0.7112 -0.0486
vn 0.9992 -0.0391 0.0081
vn 0.9979 0.0618 0.0166
vn -0.6947 -0.6934 0.1914
vn 0.9973 -0.0538 -0.0496
vn 0.9985 0.0539 0.0128
vn -0.4484 0.8705 -0.2028
vn 0.9448 -0.3264 0.0286
vn 0.9948 -0.0721 0.0721
vn 0.9879 -0.1538 0.0214
vn 0.9887 -0.1399 0.0537
vn 0.9978 -0.0374 0.0555
vn 0.9979 0.0546 0.0350
vn 0.9996 0.0290 -0.0007
vn -0.6468 0.7498 -0.1394
vn 0.9776 0.1836 0.1027
vn 0.9971 0.0744 -0.0187
vn 0.9958 -0.0897 0.0200
vn 0.9876 0.0839 -0.1326
vn 0.0293 -0.9704 0.2398
vn 0.9967 -0.0767 -0.0278
vn 0.7383 0.6525 -0.1708
vn 0.9857 0.1685 0.0022
vn 0.5794 -0.7970 0.1705
vn 0.7290 0.6520 -0.2085
vn 0.9621 -0.0237 -0.2716
vn 0.9526 -0.1806 0.2449
vn 0.8874 -0.0375 -0.4595
vn 0.9282 -0.3636 -0.0790
vn 0.9208 0.1052 -0.3756
vn 0.7465 -0.6633 -0.0516
vn -0.9967 0.0398 -0.0708
vn -0.9996 0.0266 -0.0092
vn -0.9992 0.0363 -0.0160
vn -0.9861 0.1351 -0.0963
vn -0.9771 -0.1988 0.0760
vn -0.9977 0.0256 -0.0623
vn -0.9998 -0.0165 0.0088
vn 0.1119 -0.9625 0.2469
vn 0.4537 -0.8213 0.3459
vn -0.9894 0.1312 -0.0630
vn -0.9981 -0.0590 0.0176
vn -0.9941 -0.1073 0.0137
vn 0.7333 -0.6534 0.1879
vn -0.9948 -0.0905 -0.0475
vn -0.2372 0.8762 -0.4196
vn -0.9823 0.1803 0.0505
vn -1.0000 -0.0039 -0.0002
vn -0.9994 0.0022 -0.0353
vn -0.9972 -0.0616 0.0428
vn -0.9938 0.0945 -0.0583
vn -0.9998 0.0107 0.0180
vn -0.9973 0.0704 0.0228
vn -0.6395 0.7122 -0.2895
vn -1.0000 -0.0038 -0.0006
vn -0.9989 -0.0447 0.0136
vn -0.4386 0.8790 -0.1871
vn -0.9999 0.0103 0.0061
vn -0.9975 -0.0696 0.0157
vn -0.9804 0.1967 -0.0110
vn -0.9972 0.0674 -0.0322
vn -0.2623 -0.9417 0.2108
vn -1.0000 -0.0096 -0.0014
vn -0.9879 -0.1532 0.0250
vn 0.3725 -0.8877 0.2705
vn -0.9994 -0.0061 0.0334
vn -0.9952 -0.0970 0.0139
vn -0.9794 -0.2021 -0.0009
vn -0.9845 -0.1664 0.0559
vn -0.9963 -0.0852 0.0067
vn -0.4251 -0.8391 0.3395
vn -0.9647 0.2632 -0.0094
vn -0.9853 0.1478 -0.0854
vn -0.9976 0.0601 -0.0329
vn -0.9998 0.0156 0.0104
vn -0.9981 -0.0598 0.0169
vn 0.6730 0.7075 -0.2156
vn -0.9973 0.0734 0.0023
vn -0.9994 -0.0232 -0.0238
vn -1.0000 0.0038 -0.0034
vn 0.0071 0.0108 0.9999
vn -0.3902 0.3659 0.8449
vn -0.2050 0.0363 0.9781
vn -0.9986 -0.0535 -0.0025
vn -0.9271 -0.2896 -0.2379
vn -0.9992 -0.0349 0.0212
vn -0.9625 -0.1659 0.2146
vn -0.9952 -0.0960 -0.0178
vn -0.8942 -0.4465 -0.0311
vn -0.9705 -0.2361 -0.0495
vn -0.9964 0.0248 -0.0813
vn -1.0000 0.0013 -0.0099
vn -0.9924 -0.1208 -0.0248
vn -0.9993 0.0317 -0.0206
vn -0.9848 0.1207 -0.1252
vn -0.9967 -0.0809 -0.0069
vn -0.9983 0.0546 -0.0188
vn -0.5652 0.8049 0.1809
vn -0.9986 -0.0525 0.0033
vn -0.9100 0.1233 -0.3957
vn -0.9971 -0.0726 0.0235
vn -0.9992 -0.0078 -0.0386
vn -0.9436 -0.3245 0.0657
vn -0.9965 -0.0835 -0.0073
vn -0.9963 -0.0466 -0.0716
vn 0.9993 0.0382 0.0049
vn -0.9622 -0.2714 -0.0226
vn 0.2673 0.9635 -0.0160
vn -0.9982 -0.0598 -0.0020
vn -0.9967 0.0418 -0.0693
vn -0.9971 -0.0756 0.0027
vn -0.9712 -0.2345 0.0412
vn -0.9965 0.0790 -0.0277
vn -0.9999 -0.0094 -0.0038
vn -0.9991 0.0278 -0.0314
vn -0.9991 0.0411 0.0125
vn -0.9952 0.0969 0.0144
vn -0.6003 0.7971 0.0657
vn -0.3595 0.9211 0.1496
vn -0.1283 0.9789 -0.1587
vn -0.2152 0.9765 -0.0100
vn 0.1422 0.9850 0.0975
vn -0.3629 0.9315 -0.0243
vn 0.2529 0.9670 0.0293
vn 0.1296 0.9880 0.0844
vn 0.4014 0.9156 0.0238
vn 0.9556 0.2011 -0.2154
vn 0.4130 0.9107 0.0099
vn 0.1605 0.9870 -0.0034
vn -0.1884 0.9815 -0.0326
vn 0.4673 0.8837 0.0252
vn 0.4085 0.9127 0.0096
vn 0.4374 0.8989 0.0273
vn 0.4741 0.8805 -0.0018
vn 0.5765 0.8171 -0.0021
vn -0.2231 0.9721 0.0731
vn 0.3289 0.9436 0.0381
vn 0.4218 0.9066 -0.0099
vn 0.4218 0.9064 -0.0229
vn 0.6765 0.7332 -0.0691
vn 0.4768 0.8790 0.0066
vn 0.0387 0.9953 0.0884
vn -0.2296 0.9705 -0.0733
vn -0.0236 0.8467 -0.5315
vn -0.6618 -0.7495 0.0136
vn -0.5469 -0.8365 0.0330
vn 0.0577 -0.9972 -0.0482
vn 0.9936 -0.0085 -0.1130
vn 0.9496 -0.3103 0.0454
vn 0.9996 0.0258 0.0085
vn 0.9994 -0.0346 0.0012
vn 0.9942 0.0971 -0.0455
vn 0.9970 0.0389 -0.0664
vn 0.9995 -0.0306 0.0080
vn 0.9978 -0.0388 0.0533
vn -0.8559 -0.5133 -0.0625
vn 0.9972 -0.0739 -0.0062
vn -0.0904 -0.9730 0.2125
vn -0.4805 -0.8742 0.0695
vn 0.4106 -0.9089 0.0727
vn 0.9960 -0.0885 0.0121
vn 0.1110 -0.7970 -0.5937
vn -0.3885 -0.9127 0.1266
vn 0.9892 -0.0792 0.1237
vn 0.9989 -0.0395 0.0234
vn 0.8274 0.4707 0.3064
vn -0.1834 -0.9813 -0.0581
vn 0.9904 -0.1374 0.0163
vn -0.1272 -0.9899 -0.0621
vn -0.1835 -0.9678 0.1724
vn 0.9983 -0.0583 -0.0011
vn 0.9985 -0.0512 0.0180
vn 0.9993 -0.0310 0.0211
vn 0.9982 -0.0598 0.0003
vn 0.9971 0.0676 0.0354
vn 0.5236 -0.8433 0.1212
vn 0.9752 0.2188 0.0328
vn 0.7928 -0.5964 -0.1253
vn 0.9462 -0.3159 -0.0701
vn 0.0671 -0.9960 -0.0589
vn -0.1269 -0.9873 0.0960
vn 0.9747 -0.2233 0.0095
vn -0.1973 -0.9778 0.0702
vn 0.9968 -0.0275 0.0757
vn 0.9978 0.0612 -0.0245
vn 0.9956 -0.0084 -0.0931
vn 0.9972 -0.0742 -0.0009
vn 0.3567 -0.9320 -0.0636
vn 0.9169 -0.2100 0.3393
vn 0.0171 -0.9986 0.0499
vn 0.9220 0.3790 0.0790
vn 0.5326 -0.8219 0.2019
vn 0.9987 -0.0515 0.0055
vn 0.5820 -0.5995 -0.5495
vn 0.4535 -0.8912 0.0119
vn 0.9999 -0.0106 -0.0131
vn 0.9967 -0.0540 0.0612
vn 0.9992 0.0179 0.0349
vn -0.0057 -0.9993 -0.0372
vn 0.9986 0.0323 0.0425
vn 0.9586 -0.2600 -0.1160
vn 0.9991 -0.0405 0.0112
vn 0.9982 -0.0605 0.0038
vn -0.9014 -0.4310 0.0426
vn 0.9931 -0.0491 -0.1063
vn -0.6456 -0.7615 0.0575
vn 0.9948 -0.1017 0.0068
vn 0.9961 -0.0880 0.0118
vn -0.2527 -0.7480 0.6138
vn 0.9900 0.1385 0.0259
vn 0.5982 -0.5567 -0.5764
vn 0.9865 0.1548 -0.0529
vn 0.9968 -0.0775 -0.0181
vn 0.9889 -0.1210 -0.0857
vn 0.9915 -0.1215 0.0468
vn 0.9941 -0.0812 0.0713
vn 0.9952 0.0826 -0.0522
vn -0.7778 -0.6270 -0.0436
vn 0.9997 0.0170 0.0175
vn -0.6991 -0.7149 0.0080
vn 1.0000 -0.0028 -0.0087
vn 0.0793 -0.9958 0.0464
vn 0.9999 -0.0088 -0.0054
vn 0.9988 0.0021 -0.0495
vn 0.9863 0.1630 -0.0268
vn 0.5545 -0.0035 -0.8322
vt 0.028764 0.268562
vt 0.029770 0.268295
vt 0.029757 0.272509
vt 0.785654 0.602937
vt 0.778379 0.602373
vt 0.780940 0.601765
vt 0.786056 0.609043
vt 0.785077 0.618395
vt 0.777636 0.626566
vt 0.784129 0.656826
vt 0.776423 0.670777
vt 0.784107 0.667253
vt 0.776884 0.672412
vt 0.784397 0.674953
vt 0.784546 0.684090
vt 0.776966 0.688708
vt 0.776867 0.683242
vt 0.776395 0.684824
vt 0.777416 0.694092
vt 0.784444 0.701458
vt 0.776568 0.690435
vt 0.783973 0.715571
vt 0.784377 0.712428
vt 0.776831 0.707922
vt 0.783945 0.718493
vt 0.776715 0.697196
vt 0.776285 0.712486
vt 0.776133 0.720189
vt 0.777008 0.738504
vt 0.784488 0.742190
vt 0.783873 0.744593
vt 0.784309 0.746620
vt 0.784047 0.753429
vt 0.776828 0.749715
vt 0.784744 0.755871
vt 0.784798 0.758145
vt 0.784816 0.760928
vt 0.777028 0.768810
vt 0.784710 0.787118
vt 0.784932 0.782711
vt 0.777342 0.781307
vt 0.776711 0.792308
vt 0.776533 0.788643
vt 0.784649 0.801573
vt 0.784695 0.805918
vt 0.785208 0.803343
vt 0.776761 0.823269
vt 0.784668 0.815011
vt 0.784531 0.832016
vt 0.784314 0.835693
vt 0.784449 0.847345
vt 0.784312 0.850304
vt 0.776144 0.866292
vt 0.784774 0.865484
vt 0.784025 0.883478
vt 0.777272 0.883612
vt 0.777093 0.888449
vt 0.776452 0.879529
vt 0.784815 0.899886
vt 0.776781 0.889706
vt 0.784442 0.909480
vt 0.784964 0.911843
vt 0.785617 0.920784
vt 0.777439 0.940268
vt 0.785042 0.922859
vt 0.777860 0.947277
vt 0.785563 0.959400
vt 0.785260 0.975143
vt 0.786087 0.973790
vt 0.778076 0.974947
vt 0.403067 0.239572
vt 0.402941 0.243286
vt 0.401435 0.245829
vt 0.402612 0.247927
vt 0.402637 0.251619
vt 0.403142 0.256109
vt 0.402982 0.260670
vt 0.403080 0.267582
vt 0.401982 0.272807
vt 0.401039 0.270099
vt 0.403160 0.275680
vt 0.403020 0.286863
vt 0.403200 0.293263
vt 0.402564 0.299011
vt 0.403072 0.305341
vt 0.402415 0.312310
vt 0.402961 0.315316
vt 0.401165 0.317425
vt 0.402733 0.320249
vt 0.402592 0.334348
vt 0.403299 0.329436
vt 0.402792 0.364511
vt 0.399389 0.368883
vt 0.402686 0.354950
vt 0.402699 0.368569
vt 0.403072 0.374044
vt 0.402900 0.376281
vt 0.402539 0.378593
vt 0.403163 0.386371
vt 0.402858 0.391684
vt 0.403007 0.395147
vt 0.402630 0.405020
vt 0.402757 0.414344
vt 0.401796 0.417068
vt 0.402016 0.429238
vt 0.402394 0.433048
vt 0.396461 0.427305
vt 0.403024 0.448308
vt 0.402716 0.451659
vt 0.402280 0.444227
vt 0.389988 0.453416
vt 0.402953 0.454369
vt 0.403078 0.461540
vt 0.402866 0.468449
vt 0.402418 0.475666
vt 0.402853 0.481131
vt 0.403055 0.488390
vt 0.403328 0.491528
vt 0.402085 0.504626
vt 0.402583 0.510985
vt 0.402931 0.514291
vt 0.402412 0.524066
vt 0.402785 0.526937
vt 0.402406 0.541051
vt 0.401627 0.545242
vt 0.402906 0.552711
vt 0.402475 0.558591
vt 0.402002 0.550091
vt 0.402812 0.597571
vt 0.402238 0.604402
vt 0.402142 0.586745
vt 0.402870 0.608955
vt 0.402499 0.614738
vt 0.401991 0.610634
vt 0.389942 0.621978
vt 0.402649 0.619150
vt 0.402583 0.622216
vt 0.402938 0.238376
vt 0.396660 0.238703
vt 0.396634 0.270985
vt 0.403080 0.347444
vt 0.403035 0.337428
vt 0.402964 0.352493
vt 0.402306 0.421843
vt 0.400719 0.424258
vt 0.398270 0.424836
vt 0.402015 0.426530
vt 0.402584 0.437185
vt 0.361923 0.412570
vt 0.352999 0.472931
vt 0.382633 0.526743
vt 0.400970 0.524563
vt 0.401920 0.526689
vt 0.351236 0.573290
vt 0.382041 0.533346
vt 0.402803 0.574658
vt 0.402885 0.580389
vt 0.386067 0.622462
vt 0.348646 0.238221
vt 0.266112 0.318142
vt 0.376424 0.398158
vt 0.381469 0.528608
vt 0.348715 0.491221
vt 0.383147 0.532561
vt 0.380692 0.537609
vt 0.376516 0.622517
vt 0.373802 0.622175
vt 0.330343 0.238627
vt 0.351080 0.288120
vt 0.349068 0.412128
vt 0.350692 0.572749
vt 0.346847 0.603611
vt 0.343036 0.604109
vt 0.360271 0.620487
vt 0.363219 0.621325
vt 0.355548 0.620865
vt 0.345144 0.622138
vt 0.330386 0.237936
vt 0.349926 0.288506
vt 0.348883 0.288867
vt 0.347495 0.490977
vt 0.344824 0.490334
vt 0.349528 0.571504
vt 0.344710 0.604436
vt 0.357261 0.622185
vt 0.232052 0.373687
vt 0.328323 0.427543
vt 0.327459 0.428704
vt 0.312717 0.477032
vt 0.270767 0.506789
vt 0.332568 0.622059
vt 0.319734 0.621804
vt 0.322420 0.622279
vt 0.343358 0.622473
vt 0.321267 0.238561
vt 0.304116 0.238704
vt 0.287787 0.586932
vt 0.248241 0.423194
vt 0.290757 0.622149
vt 0.305126 0.622441
vt 0.314044 0.622269
vt 0.292061 0.238270
vt 0.275667 0.447551
vt 0.271125 0.585414
vt 0.288864 0.238284
vt 0.263946 0.238356
vt 0.277566 0.622347
vt 0.274801 0.447912
vt 0.272166 0.448994
vt 0.262513 0.585837
vt 0.264071 0.622027
vt 0.266457 0.608448
vt 0.273480 0.622415
vt 0.258451 0.237883
vt 0.261509 0.237785
vt 0.246056 0.238458
vt 0.224034 0.384189
vt 0.248051 0.466900
vt 0.265436 0.609775
vt 0.254209 0.622059
vt 0.253152 0.237880
vt 0.248187 0.238598
vt 0.249958 0.622302
vt 0.246149 0.622162
vt 0.236495 0.622059
vt 0.243470 0.238355
vt 0.225568 0.238329
vt 0.265981 0.317845
vt 0.207186 0.293211
vt 0.230757 0.281302
vt 0.244455 0.448318
vt 0.209479 0.456891
vt 0.188549 0.620410
vt 0.215816 0.621772
vt 0.224362 0.622394
vt 0.223111 0.238791
vt 0.213730 0.252476
vt 0.216848 0.312208
vt 0.224584 0.380991
vt 0.146425 0.342994
vt 0.079839 0.489010
vt 0.187473 0.620945
vt 0.213053 0.622897
vt 0.219125 0.238338
vt 0.204944 0.238347
vt 0.203072 0.238946
vt 0.193650 0.238840
vt 0.211536 0.295032
vt 0.195909 0.306074
vt 0.187351 0.550609
vt 0.205034 0.622227
vt 0.213543 0.622354
vt 0.212934 0.622907
vt 0.200763 0.238475
vt 0.198154 0.433743
vt 0.156108 0.572851
vt 0.189246 0.238369
vt 0.182374 0.436138
vt 0.209516 0.456897
vt 0.156589 0.238128
vt 0.170963 0.238337
vt 0.168502 0.622105
vt 0.161843 0.622074
vt 0.179800 0.622475
vt 0.174089 0.622658
vt 0.140828 0.238646
vt 0.135802 0.331139
vt 0.142297 0.420551
vt 0.160515 0.622551
vt 0.153356 0.620120
vt 0.156908 0.622155
vt 0.143641 0.238570
vt 0.094111 0.269135
vt 0.149851 0.289520
vt 0.104918 0.436280
vt 0.145046 0.340273
vt 0.153794 0.568700
vt 0.143469 0.604650
vt 0.148266 0.621805
vt 0.150709 0.614780
vt 0.142727 0.417993
vt 0.076354 0.554498
vt 0.155347 0.571482
vt 0.130751 0.621327
vt 0.142909 0.622341
vt 0.132035 0.622084
vt 0.116291 0.238616
vt 0.126599 0.622297
vt 0.115382 0.622294
vt 0.102381 0.436348
vt 0.093724 0.621812
vt 0.114602 0.621708
vt 0.102606 0.622551
vt 0.097293 0.238039
vt 0.106081 0.238740
vt 0.088177 0.240561
vt 0.070372 0.482772
vt 0.075367 0.593764
vt 0.085987 0.238831
vt 0.080326 0.239448
vt 0.033792 0.525247
vt 0.077419 0.244388
vt 0.075962 0.246579
vt 0.070368 0.482774
vt 0.069898 0.622046
vt 0.049801 0.621794
vt 0.073466 0.622389
vt 0.089044 0.622273
vt 0.032453 0.327526
vt 0.033779 0.306062
vt 0.032759 0.338036
vt 0.032733 0.355948
vt 0.032848 0.376169
vt 0.075919 0.555104
vt 0.054574 0.570027
vt 0.046929 0.591142
vt 0.057556 0.621954
vt 0.080292 0.239440
vt 0.032851 0.268942
vt 0.048389 0.238422
vt 0.032480 0.391302
vt 0.033297 0.413991
vt 0.045870 0.420667
vt 0.047638 0.421063
vt 0.032465 0.431065
vt 0.032394 0.440219
vt 0.032966 0.457347
vt 0.032557 0.473976
vt 0.032630 0.480398
vt 0.032781 0.565252
vt 0.054823 0.568748
vt 0.032334 0.570924
vt 0.033769 0.593307
vt 0.032258 0.611412
vt 0.046122 0.621459
vt 0.054629 0.622221
vt 0.033474 0.238605
vt 0.036219 0.238374
vt 0.032622 0.257172
vt 0.032233 0.239300
vt 0.031791 0.244214
vt 0.032310 0.268355
vt 0.033300 0.289594
vt 0.032912 0.280715
vt 0.032598 0.292343
vt 0.032819 0.309577
vt 0.032439 0.314034
vt 0.032852 0.343908
vt 0.032606 0.363781
vt 0.032459 0.410178
vt 0.032064 0.404166
vt 0.032625 0.417836
vt 0.032328 0.448598
vt 0.032751 0.463537
vt 0.032550 0.467105
vt 0.031918 0.485491
vt 0.032271 0.489842
vt 0.032730 0.495170
vt 0.032825 0.499707
vt 0.032310 0.509242
vt 0.032897 0.516110
vt 0.032828 0.523666
vt 0.033338 0.529017
vt 0.032925 0.537322
vt 0.032756 0.532622
vt 0.032752 0.546608
vt 0.032532 0.541281
vt 0.032445 0.550985
vt 0.032374 0.560748
vt 0.032425 0.583026
vt 0.032507 0.591912
vt 0.032831 0.622001
vt 0.032303 0.249404
vt 0.031898 0.257285
vt 0.032286 0.298332
vt 0.032314 0.345089
vt 0.032358 0.360065
vt 0.032319 0.369231
vt 0.032292 0.399427
vt 0.032176 0.408268
vt 0.031994 0.587417
vt 0.032154 0.618957
vt 0.998509 0.955096
vt 0.998509 0.950052
vt 0.999447 0.950464
vt 0.030093 0.317672
vt 0.029526 0.323189
vt 0.028557 0.320203
vt 0.025373 0.620086
vt 0.017939 0.622006
vt 0.024591 0.612900
vt 0.024239 0.621309
vt 0.024057 0.602982
vt 0.025035 0.607771
vt 0.014867 0.572938
vt 0.023748 0.595714
vt 0.023255 0.591696
vt 0.023112 0.585365
vt 0.022354 0.574067
vt 0.021695 0.567276
vt 0.016333 0.562541
vt 0.020856 0.553945
vt 0.021953 0.561894
vt 0.015104 0.564484
vt 0.020715 0.544958
vt 0.021405 0.548474
vt 0.019742 0.530842
vt 0.020787 0.540565
vt 0.019815 0.522780
vt 0.020271 0.525975
vt 0.012225 0.510593
vt 0.019356 0.512601
vt 0.019442 0.508095
vt 0.019513 0.505151
vt 0.019560 0.492887
vt 0.019175 0.484413
vt 0.012169 0.450934
vt 0.019176 0.473656
vt 0.019649 0.481749
vt 0.019414 0.469021
vt 0.019273 0.465008
vt 0.019839 0.455799
vt 0.019792 0.450491
vt 0.019396 0.444636
vt 0.976076 0.670642
vt 0.976800 0.676044
vt 0.976219 0.675671
vt 0.976092 0.682588
vt 0.977465 0.689878
vt 0.974449 0.685121
vt 0.975959 0.687405
vt 0.019520 0.431943
vt 0.975924 0.690056
vt 0.976850 0.692731
vt 0.020462 0.426426
vt 0.020271 0.418259
vt 0.019805 0.409963
vt 0.020908 0.415836
vt 0.020257 0.407863
vt 0.020323 0.400552
vt 0.020653 0.395790
vt 0.020678 0.390294
vt 0.013610 0.363040
vt 0.020823 0.380395
vt 0.020732 0.371610
vt 0.020603 0.368077
vt 0.021308 0.361416
vt 0.020920 0.355806
vt 0.774528 0.151633
vt 0.775908 0.147009
vt 0.775598 0.153424
vt 0.774649 0.142909
vt 0.021308 0.347947
vt 0.021682 0.349321
vt 0.021208 0.334810
vt 0.021820 0.338255
vt 0.657006 0.046574
vt 0.661026 0.048863
vt 0.658539 0.047102
vt 0.659748 0.045913
vt 0.661445 0.047893
vt 0.021488 0.319272
vt 0.023537 0.497787
vt 0.022539 0.497031
vt 0.022014 0.502484
vt 0.021579 0.310095
vt 0.022035 0.314714
vt 0.794572 0.564456
vt 0.794324 0.560597
vt 0.793086 0.560704
vt 0.794804 0.553570
vt 0.014255 0.311660
vt 0.022632 0.301118
vt 0.015429 0.283521
vt 0.022924 0.285846
vt 0.023253 0.279408
vt 0.023914 0.263852
vt 0.024106 0.273826
vt 0.024101 0.258517
vt 0.017914 0.237846
vt 0.729000 0.213442
vt 0.736204 0.214275
vt 0.731494 0.212493
vt 0.024165 0.253632
vt 0.738827 0.212897
vt 0.025405 0.241008
vt 0.025223 0.245782
vt 0.025213 0.238294
vt 0.383844 0.999273
vt 0.380040 0.994065
vt 0.362890 0.998559
vt 0.327961 0.999484
vt 0.301244 0.995221
vt 0.280643 0.997705
vt 0.223417 0.998276
vt 0.223000 0.997553
vt 0.202645 0.998841
vt 0.162905 0.999132
vt 0.163463 0.997877
vt 0.160968 0.998441
vt 0.151954 0.994417
vt 0.155314 0.998357
vt 0.100362 0.998603
vt 0.103131 0.998091
vt 0.098035 0.998355
vt 0.092360 0.998586
vt 0.070413 0.999295
vt 0.069886 0.997856
vt 0.029517 0.998145
vt 0.028725 0.999312
vt 0.014187 0.997232
vt 0.002232 0.999056
vt 0.384049 0.982863
vt 0.381663 0.984078
vt 0.379756 0.983371
vt 0.365269 0.994244
vt 0.340014 0.994531
vt 0.349478 0.968719
vt 0.334946 0.968121
vt 0.313468 0.993606
vt 0.286123 0.993734
vt 0.244759 0.993608
vt 0.257262 0.983401
vt 0.242729 0.982009
vt 0.152185 0.997908
vt 0.150754 0.992555
vt 0.146244 0.997933
vt 0.118043 0.946382
vt 0.143432 0.998382
vt 0.118653 0.998573
vt 0.107879 0.998395
vt 0.381555 0.981449
vt 0.382514 0.979599
vt 0.380357 0.974673
vt 0.379719 0.969349
vt 0.253147 0.943183
vt 0.254850 0.983176
vt 0.247026 0.980836
vt 0.246029 0.980388
vt 0.244693 0.978797
vt 0.230922 0.960107
vt 0.189180 0.924487
vt 0.070240 0.947335
vt 0.014907 0.960844
vt 0.001736 0.964402
vt 0.243975 0.955999
vt 0.246188 0.941150
vt 0.092106 0.946327
vt 0.040044 0.946476
vt 0.012272 0.947888
vt 0.380091 0.945094
vt 0.377260 0.934945
vt 0.271626 0.914781
vt 0.243169 0.944716
vt 0.134732 0.944091
vt 0.114973 0.928286
vt 0.094247 0.925054
vt 0.006482 0.947101
vt 0.005131 0.944753
vt 0.379256 0.941558
vt 0.380204 0.939370
vt 0.357868 0.904617
vt 0.339529 0.968161
vt 0.294881 0.930031
vt 0.291968 0.928379
vt 0.251262 0.940052
vt 0.241889 0.877235
vt 0.210802 0.941140
vt 0.136363 0.917421
vt 0.117337 0.914038
vt 0.084031 0.936029
vt 0.019708 0.944802
vt 0.006795 0.931735
vt 0.006262 0.939724
vt 0.007023 0.945934
vt 0.006639 0.941636
vt 0.005888 0.944979
vt 0.379999 0.931898
vt 0.379223 0.930693
vt 0.378348 0.929247
vt 0.379999 0.931952
vt 0.379946 0.924706
vt 0.378804 0.921369
vt 0.243457 0.923160
vt 0.137813 0.918561
vt 0.115470 0.885531
vt 0.024189 0.914771
vt 0.004723 0.923067
vt 0.001648 0.917673
vt 0.379935 0.915972
vt 0.378947 0.914637
vt 0.378955 0.908169
vt 0.379916 0.913391
vt 0.349168 0.895929
vt 0.244826 0.897638
vt 0.203580 0.892632
vt 0.187827 0.918351
vt 0.189827 0.915681
vt 0.137176 0.876689
vt 0.134375 0.914042
vt 0.094331 0.902226
vt 0.032952 0.911195
vt 0.020552 0.905692
vt 0.006323 0.915916
vt 0.006280 0.929734
vt 0.006234 0.904481
vt 0.003912 0.906451
vt 0.379901 0.906960
vt 0.378151 0.904002
vt 0.378501 0.895105
vt 0.243486 0.887764
vt 0.135286 0.879744
vt 0.117407 0.886298
vt 0.091465 0.889213
vt 0.096721 0.900173
vt 0.091717 0.822493
vt 0.026653 0.914053
vt 0.006452 0.897322
vt 0.002135 0.903704
vt 0.379294 0.899328
vt 0.379839 0.891211
vt 0.379365 0.888673
vt 0.349936 0.896314
vt 0.274185 0.776618
vt 0.006714 0.889207
vt 0.002025 0.906677
vt 0.004550 0.891833
vt 0.002135 0.903696
vt 0.004324 0.881435
vt 0.398216 0.846887
vt 0.395588 0.836312
vt 0.396701 0.845101
vt 0.380163 0.879984
vt 0.379471 0.878463
vt 0.397383 0.846795
vt 0.364878 0.855740
vt 0.204731 0.892052
vt 0.115736 0.859050
vt 0.093832 0.858114
vt 0.029186 0.781589
vt 0.006416 0.873787
vt 0.004298 0.876868
vt 0.394855 0.838529
vt 0.395139 0.841613
vt 0.394686 0.837673
vt 0.379584 0.875062
vt 0.379589 0.869478
vt 0.377911 0.862295
vt 0.380021 0.860934
vt 0.245239 0.838099
vt 0.243140 0.861588
vt 0.242959 0.834911
vt 0.091824 0.865065
vt 0.006499 0.861817
vt 0.004224 0.859930
vt 0.393917 0.829298
vt 0.393336 0.831756
vt 0.392707 0.830385
vt 0.392906 0.832419
vt 0.379859 0.850978
vt 0.378742 0.825036
vt 0.186564 0.807448
vt 0.136928 0.840838
vt 0.117265 0.836364
vt 0.115209 0.831911
vt 0.006447 0.852909
vt 0.391817 0.827369
vt 0.390984 0.822153
vt 0.379942 0.845911
vt 0.390240 0.817461
vt 0.380295 0.841292
vt 0.379545 0.836046
vt 0.003850 0.838620
vt 0.006489 0.829628
vt 0.391729 0.816115
vt 0.390545 0.810105
vt 0.389049 0.811637
vt 0.379913 0.822140
vt 0.245122 0.812450
vt 0.006646 0.827383
vt 0.003909 0.829766
vt 0.003975 0.814642
vt 0.387977 0.804234
vt 0.390434 0.806974
vt 0.388844 0.802318
vt 0.387274 0.802773
vt 0.368046 0.771735
vt 0.243316 0.797743
vt 0.136164 0.804285
vt 0.115363 0.797943
vt 0.103453 0.808168
vt 0.006636 0.816391
vt 0.003587 0.811021
vt 0.388823 0.799998
vt 0.386869 0.796081
vt 0.386248 0.786454
vt 0.380610 0.800516
vt 0.379656 0.797375
vt 0.379724 0.804731
vt 0.379053 0.817205
vt 0.244965 0.790828
vt 0.135908 0.783136
vt 0.103167 0.807031
vt 0.087714 0.779873
vt 0.006704 0.807597
vt 0.006991 0.791942
vt 0.006661 0.805571
vt 0.384904 0.789657
vt 0.384834 0.786954
vt 0.385508 0.785061
vt 0.384114 0.784303
vt 0.384267 0.782455
vt 0.379564 0.789912
vt 0.242606 0.765825
vt 0.205659 0.777929
vt 0.196544 0.775355
vt 0.137397 0.750061
vt 0.117648 0.782161
vt 0.115534 0.770036
vt 0.091572 0.788169
vt 0.003970 0.798461
vt 0.003863 0.777485
vt 0.382857 0.768048
vt 0.383659 0.776373
vt 0.383727 0.778287
vt 0.384199 0.778143
vt 0.379507 0.780553
vt 0.382300 0.771145
vt 0.380608 0.780143
vt 0.378722 0.775729
vt 0.243902 0.762518
vt 0.293581 0.790188
vt 0.243472 0.752059
vt 0.210755 0.780604
vt 0.208262 0.778511
vt 0.006837 0.756866
vt 0.006766 0.782971
vt 0.002096 0.684785
vt 0.384350 0.765534
vt 0.380314 0.776924
vt 0.379703 0.764258
vt 0.380502 0.765504
vt 0.382785 0.765661
vt 0.381729 0.762313
vt 0.379241 0.749896
vt 0.362698 0.760218
vt 0.195599 0.773113
vt 0.184098 0.729173
vt 0.115830 0.752430
vt 0.094035 0.729657
vt 0.091868 0.745975
vt 0.008057 0.746574
vt 0.003790 0.753420
vt 0.383223 0.760709
vt 0.381967 0.755464
vt 0.383154 0.752620
vt 0.381640 0.753220
vt 0.382586 0.746516
vt 0.379751 0.756938
vt 0.348825 0.733265
vt 0.135229 0.739123
vt 0.121913 0.757379
vt 0.007094 0.751024
vt 0.380724 0.747593
vt 0.380234 0.741725
vt 0.383688 0.737645
vt 0.381959 0.743426
vt 0.382466 0.742136
vt 0.381887 0.741828
vt 0.380416 0.736848
vt 0.379506 0.732876
vt 0.243515 0.717794
vt 0.198816 0.730451
vt 0.116574 0.720221
vt 0.007601 0.742484
vt 0.006078 0.745215
vt 0.006820 0.744604
vt 0.004008 0.734729
vt 0.383138 0.735288
vt 0.382152 0.732249
vt 0.383237 0.731492
vt 0.383672 0.730550
vt 0.384310 0.729972
vt 0.383085 0.730325
vt 0.384873 0.724976
vt 0.379952 0.724903
vt 0.244800 0.719820
vt 0.137166 0.702963
vt 0.007205 0.727812
vt 0.006838 0.741899
vt 0.004284 0.719336
vt 0.384362 0.723762
vt 0.386460 0.719397
vt 0.387239 0.720097
vt 0.387480 0.717439
vt 0.386125 0.716691
vt 0.389161 0.713068
vt 0.335230 0.720441
vt 0.332924 0.720042
vt 0.269002 0.701824
vt 0.094474 0.680645
vt 0.091879 0.692098
vt 0.007027 0.712943
vt 0.007280 0.714754
vt 0.004448 0.704561
vt 0.387580 0.711822
vt 0.388696 0.708900
vt 0.380583 0.712013
vt 0.379756 0.702067
vt 0.245506 0.693733
vt 0.243533 0.681074
vt 0.134999 0.690492
vt 0.116795 0.688825
vt 0.115927 0.701388
vt 0.008188 0.695982
vt 0.008214 0.651298
vt 0.007297 0.697624
vt 0.380515 0.699759
vt 0.379748 0.690589
vt 0.380708 0.686384
vt 0.380073 0.683056
vt 0.292750 0.635610
vt 0.244452 0.667283
vt 0.154289 0.626972
vt 0.060620 0.632084
vt 0.007404 0.684484
vt 0.007144 0.694493
vt 0.004825 0.684089
vt 0.380486 0.678726
vt 0.380311 0.667288
vt 0.372579 0.631023
vt 0.220549 0.625931
vt 0.092361 0.663985
vt 0.005430 0.661036
vt 0.380436 0.655573
vt 0.281266 0.661585
vt 0.255747 0.630703
vt 0.243431 0.651368
vt 0.094544 0.663113
vt 0.063448 0.667696
vt 0.007500 0.655265
vt 0.244431 0.630533
vt 0.091537 0.632934
vt 0.380409 0.646071
vt 0.380712 0.643043
vt 0.379474 0.640703
vt 0.352435 0.631043
vt 0.331272 0.632002
vt 0.266509 0.630849
vt 0.091540 0.631497
vt 0.046045 0.631527
vt 0.025546 0.630424
vt 0.007634 0.630957
vt 0.007480 0.647781
vt 0.006042 0.639632
vt 0.003366 0.625515
vt 0.006918 0.629994
vt 0.383943 0.644232
vt 0.383295 0.636700
vt 0.382791 0.646995
vt 0.381719 0.636460
vt 0.382858 0.634447
vt 0.380741 0.639157
vt 0.380600 0.632225
vt 0.379980 0.630853
vt 0.382545 0.629858
vt 0.383903 0.626143
vt 0.355123 0.629427
vt 0.357401 0.630741
vt 0.352955 0.629355
vt 0.348583 0.629246
vt 0.349393 0.630396
vt 0.341431 0.631333
vt 0.309898 0.626246
vt 0.335211 0.629666
vt 0.326249 0.631357
vt 0.332729 0.630683
vt 0.325412 0.628995
vt 0.329538 0.630812
vt 0.322158 0.629291
vt 0.321036 0.630627
vt 0.316520 0.629465
vt 0.309635 0.630823
vt 0.300102 0.628950
vt 0.291859 0.630567
vt 0.298298 0.631141
vt 0.301783 0.630277
vt 0.290027 0.629293
vt 0.288249 0.630894
vt 0.285579 0.629487
vt 0.281994 0.629146
vt 0.277322 0.629368
vt 0.277318 0.630360
vt 0.269254 0.630900
vt 0.262815 0.629213
vt 0.259109 0.629379
vt 0.253242 0.629705
vt 0.245176 0.629045
vt 0.243489 0.629925
vt 0.188052 0.625930
vt 0.102464 0.626050
vt 0.384473 0.625462
vt 0.148724 0.625865
vt 0.941562 0.533024
vt 0.942891 0.532291
vt 0.942456 0.535226
vt 0.942628 0.540707
vt 0.943141 0.550442
vt 0.942252 0.577942
vt 0.941705 0.594005
vt 0.942705 0.588888
vt 0.942887 0.593026
vt 0.943035 0.598492
vt 0.942415 0.599441
vt 0.942688 0.627174
vt 0.941746 0.626920
vt 0.385872 0.220116
vt 0.399250 0.219478
vt 0.382546 0.219408
vt 0.399028 0.211633
vt 0.376139 0.211441
vt 0.371757 0.219796
vt 0.369111 0.219597
vt 0.363760 0.219960
vt 0.336049 0.211489
vt 0.964465 0.223821
vt 0.966095 0.216597
vt 0.966291 0.226281
vt 0.964927 0.228804
vt 0.350427 0.219676
vt 0.328735 0.219829
vt 0.340573 0.219610
vt 0.318758 0.219638
vt 0.309757 0.219304
vt 0.315501 0.211573
vt 0.315109 0.220090
vt 0.302370 0.211498
vt 0.286595 0.219609
vt 0.301189 0.219453
vt 0.272028 0.219060
vt 0.274037 0.219767
vt 0.269343 0.219667
vt 0.258700 0.219708
vt 0.241788 0.211412
vt 0.243529 0.219606
vt 0.249936 0.219956
vt 0.232769 0.219871
vt 0.214446 0.211565
vt 0.218952 0.219551
vt 0.209436 0.218896
vt 0.202108 0.219627
vt 0.189842 0.219582
vt 0.179463 0.219085
vt 0.130097 0.211502
vt 0.175480 0.219541
vt 0.172386 0.219620
vt 0.158134 0.219771
vt 0.156824 0.219216
vt 0.154601 0.219758
vt 0.138510 0.219607
vt 0.147663 0.220337
vt 0.126952 0.220530
vt 0.122878 0.219422
vt 0.111347 0.219758
vt 0.098225 0.218935
vt 0.102709 0.219469
vt 0.070746 0.211759
vt 0.089520 0.219859
vt 0.085980 0.219292
vt 0.070420 0.219295
vt 0.053013 0.219535
vt 0.066692 0.219763
vt 0.045029 0.219731
vt 0.047015 0.220103
vt 0.028868 0.211837
vt 0.042460 0.220231
vt 0.028696 0.219173
vt 0.029007 0.214779
vt 0.022885 0.228735
vt 0.108955 0.225485
vt 0.022914 0.224036
vt 0.114058 0.223990
vt 0.108952 0.225486
vt 0.131712 0.229014
vt 0.113131 0.224845
vt 0.114093 0.223990
vt 0.160519 0.225559
vt 0.155097 0.228959
vt 0.173118 0.223766
vt 0.188711 0.223672
vt 0.202141 0.229573
vt 0.203048 0.229167
vt 0.205789 0.223707
vt 0.232170 0.223586
vt 0.237083 0.229168
vt 0.255620 0.223706
vt 0.254813 0.226146
vt 0.282209 0.228526
vt 0.255279 0.224179
vt 0.295415 0.223504
vt 0.255611 0.223706
vt 0.318021 0.224262
vt 0.332802 0.229367
vt 0.357807 0.228867
vt 0.357215 0.229380
vt 0.357211 0.229380
vt 0.378576 0.229517
vt 0.360948 0.225647
vt 0.380654 0.223859
vt 0.401099 0.224199
vt 0.401321 0.229451
vt 0.026538 0.201866
vt 0.027046 0.206338
vt 0.057718 0.201572
vt 0.070020 0.206658
vt 0.062267 0.201180
vt 0.073871 0.206667
vt 0.070243 0.208155
vt 0.072394 0.208119
vt 0.101871 0.202265
vt 0.106667 0.206488
vt 0.109443 0.206638
vt 0.108630 0.208067
vt 0.109354 0.208042
vt 0.132413 0.202088
vt 0.132431 0.206787
vt 0.133818 0.208118
vt 0.134054 0.206634
vt 0.132466 0.208202
vt 0.143159 0.206661
vt 0.153966 0.201931
vt 0.146302 0.206643
vt 0.146173 0.208258
vt 0.143313 0.208107
vt 0.156966 0.206676
vt 0.158590 0.206653
vt 0.157117 0.208237
vt 0.158432 0.208103
vt 0.167694 0.206664
vt 0.170880 0.206651
vt 0.167850 0.208177
vt 0.170219 0.207861
vt 0.211356 0.202210
vt 0.218112 0.206708
vt 0.231630 0.206670
vt 0.219379 0.206703
vt 0.218435 0.208227
vt 0.252112 0.202048
vt 0.230004 0.206664
vt 0.231299 0.208143
vt 0.240166 0.206600
vt 0.243923 0.206664
vt 0.253033 0.206670
vt 0.241609 0.208198
vt 0.243747 0.208096
vt 0.305131 0.201778
vt 0.253859 0.208093
vt 0.256057 0.208199
vt 0.256197 0.206683
vt 0.266812 0.206687
vt 0.268495 0.206686
vt 0.279096 0.206340
vt 0.267336 0.208186
vt 0.268336 0.208178
vt 0.293427 0.206589
vt 0.280827 0.206672
vt 0.279652 0.208269
vt 0.280535 0.207996
vt 0.291441 0.206676
vt 0.292376 0.207677
vt 0.305839 0.206237
vt 0.326703 0.206644
vt 0.317751 0.201401
vt 0.321357 0.201787
vt 0.324936 0.202460
vt 0.989257 0.682362
vt 0.988811 0.685901
vt 0.990062 0.686511
vt 0.342418 0.205974
vt 0.326900 0.208144
vt 0.329039 0.208103
vt 0.330217 0.206833
vt 0.325909 0.201797
vt 0.353002 0.202022
vt 0.365988 0.206701
vt 0.353296 0.206705
vt 0.358079 0.201668
vt 0.394089 0.202157
vt 0.365208 0.207346
vt 0.365560 0.208246
vt 0.394049 0.206269
vt 0.420743 0.493996
vt 0.420276 0.539671
vt 0.438940 0.529251
vt 0.420353 0.420595
vt 0.421091 0.459819
vt 0.420491 0.416406
vt 0.420444 0.371732
vt 0.457212 0.364771
vt 0.420486 0.326203
vt 0.421144 0.311416
vt 0.420531 0.268371
vt 0.420495 0.283813
vt 0.451201 0.597125
vt 0.546338 0.563838
vt 0.420536 0.597259
vt 0.420484 0.565193
vt 0.442636 0.512262
vt 0.481781 0.439349
vt 0.450841 0.377332
vt 0.478334 0.216569
vt 0.451874 0.597582
vt 0.456333 0.597050
vt 0.467483 0.542307
vt 0.451382 0.375642
vt 0.420599 0.216735
vt 0.465129 0.543185
vt 0.515968 0.518077
vt 0.458823 0.597580
vt 0.494842 0.597567
vt 0.491759 0.437532
vt 0.532090 0.366823
vt 0.513701 0.596111
vt 0.512954 0.484450
vt 0.514333 0.481481
vt 0.506317 0.461042
vt 0.508144 0.459266
vt 0.546612 0.240211
vt 0.537419 0.234688
vt 0.497407 0.217047
vt 0.513524 0.483241
vt 0.508721 0.458686
vt 0.536572 0.300817
vt 0.525911 0.597768
vt 0.547305 0.597475
vt 0.535403 0.313737
vt 0.533018 0.213314
vt 0.498807 0.216568
vt 0.536209 0.575869
vt 0.546338 0.563838
vt 0.554156 0.516795
vt 0.531350 0.534297
vt 0.577216 0.443816
vt 0.589527 0.323581
vt 0.559497 0.597395
vt 0.561598 0.216682
vt 0.654050 0.519143
vt 0.624627 0.236559
vt 0.607046 0.560954
vt 0.636933 0.348419
vt 0.594205 0.216747
vt 0.621002 0.595749
vt 0.616259 0.554094
vt 0.624030 0.285821
vt 0.624832 0.577978
vt 0.607257 0.559417
vt 0.615323 0.535827
vt 0.620109 0.536697
vt 0.653095 0.414392
vt 0.601485 0.434866
vt 0.626819 0.391921
vt 0.635549 0.264963
vt 0.636908 0.264455
vt 0.615799 0.216430
vt 0.645752 0.597742
vt 0.632029 0.593543
vt 0.633481 0.548058
vt 0.630071 0.546726
vt 0.674352 0.216478
vt 0.663847 0.597552
vt 0.705344 0.474816
vt 0.639391 0.263632
vt 0.645160 0.216519
vt 0.669323 0.371430
vt 0.671583 0.367599
vt 0.673841 0.374873
vt 0.672929 0.373786
vt 0.672135 0.366777
vt 0.721933 0.395478
vt 0.713760 0.483456
vt 0.710137 0.475134
vt 0.734978 0.279772
vt 0.715857 0.597551
vt 0.716036 0.596741
vt 0.711135 0.597366
vt 0.745011 0.552895
vt 0.663855 0.597552
vt 0.666739 0.564215
vt 0.730269 0.532360
vt 0.727421 0.502431
vt 0.728558 0.341969
vt 0.712165 0.229266
vt 0.743218 0.216909
vt 0.718810 0.596801
vt 0.719635 0.489905
vt 0.727548 0.491768
vt 0.718365 0.490380
vt 0.727947 0.491076
vt 0.730155 0.341671
vt 0.719624 0.597563
vt 0.746748 0.597657
vt 0.751661 0.597362
vt 0.744006 0.488735
vt 0.783053 0.470796
vt 0.740348 0.366225
vt 0.731971 0.341353
vt 0.730529 0.223027
vt 0.769318 0.337352
vt 0.787729 0.290163
vt 0.743258 0.216909
vt 0.787980 0.565228
vt 0.787991 0.514748
vt 0.788042 0.443609
vt 0.758535 0.216596
vt 0.787544 0.216825
vt 0.788048 0.497971
vt 0.787745 0.404171
vt 0.789837 0.356781
vt 0.770492 0.338931
vt 0.787737 0.303029
vt 0.788057 0.264917
vt 0.785467 0.255021
vt 0.787822 0.225402
vt 0.788004 0.597547
vt 0.788088 0.387909
vt 0.787977 0.332634
vt 0.785022 0.256288
vt 0.614739 0.084371
vt 0.614797 0.085162
vt 0.618404 0.085607
vt 0.613234 0.087500
vt 0.620268 0.085199
vt 0.624671 0.085487
vt 0.490950 0.091850
vt 0.483220 0.087141
vt 0.470545 0.082037
vt 0.632214 0.084073
vt 0.632116 0.084674
vt 0.633806 0.084896
vt 0.641188 0.082425
vt 0.641318 0.083372
vt 0.643298 0.082590
vt 0.646428 0.081232
vt 0.646760 0.081862
vt 0.405028 0.979351
vt 0.405391 0.977791
vt 0.410427 0.978739
vt 0.417846 0.978768
vt 0.419078 0.977804
vt 0.404965 0.975001
vt 0.410741 0.957219
vt 0.425658 0.969928
vt 0.407511 0.957362
vt 0.404967 0.955526
vt 0.405184 0.945854
vt 0.408783 0.954814
vt 0.414534 0.950877
vt 0.397538 0.685362
vt 0.398791 0.694351
vt 0.395545 0.689526
vt 0.408952 0.945801
vt 0.545722 0.028353
vt 0.549171 0.024865
vt 0.549141 0.030777
vt 0.405080 0.941502
vt 0.409965 0.936550
vt 0.805101 0.336229
vt 0.805415 0.328469
vt 0.798480 0.330607
vt 0.404969 0.937550
vt 0.406361 0.934409
vt 0.404970 0.932478
vt 0.406507 0.931512
vt 0.405738 0.932962
vt 0.922983 0.334411
vt 0.924506 0.335520
vt 0.927355 0.329462
vt 0.407859 0.927857
vt 0.415802 0.932552
vt 0.411694 0.926310
vt 0.412903 0.911062
vt 0.406533 0.897782
vt 0.404973 0.895269
vt 0.409032 0.899073
vt 0.143813 0.177094
vt 0.138102 0.175098
vt 0.140640 0.176953
vt 0.145559 0.175695
vt 0.404918 0.893105
vt 0.408931 0.893193
vt 0.411883 0.891688
vt 0.415102 0.898846
vt 0.166744 0.046922
vt 0.163896 0.042754
vt 0.169785 0.045081
vt 0.406487 0.889234
vt 0.415625 0.887641
vt 0.423538 0.886900
vt 0.412499 0.883533
vt 0.406128 0.865502
vt 0.404976 0.868401
vt 0.323146 0.186176
vt 0.323146 0.190212
vt 0.321142 0.189203
vt 0.413881 0.860984
vt 0.417791 0.857074
vt 0.404976 0.864535
vt 0.409897 0.857021
vt 0.414961 0.857578
vt 0.412321 0.856961
vt 0.410186 0.853615
vt 0.404979 0.847042
vt 0.923453 0.612491
vt 0.926036 0.609780
vt 0.925766 0.611383
vt 0.922345 0.609079
vt 0.931243 0.608728
vt 0.930285 0.605164
vt 0.413259 0.855697
vt 0.418847 0.853382
vt 0.977455 0.962159
vt 0.977455 0.966196
vt 0.974449 0.965471
vt 0.407619 0.843950
vt 0.421391 0.846935
vt 0.417531 0.842323
vt 0.404977 0.843251
vt 0.420340 0.838439
vt 0.404580 0.832318
vt 0.421012 0.835107
vt 0.415331 0.251083
vt 0.416283 0.247408
vt 0.416316 0.252775
vt 0.419339 0.252309
vt 0.999499 0.449546
vt 0.995491 0.444989
vt 0.997608 0.442076
vt 0.404578 0.827497
vt 0.404634 0.812618
vt 0.406490 0.824928
vt 0.420989 0.798869
vt 0.423395 0.822509
vt 0.410896 0.806367
vt 0.405900 0.806641
vt 0.399191 0.088270
vt 0.403589 0.086737
vt 0.406317 0.089508
vt 0.404504 0.796426
vt 0.406313 0.082240
vt 0.414674 0.799974
vt 0.404604 0.779595
vt 0.408458 0.785018
vt 0.414552 0.799851
vt 0.404577 0.763927
vt 0.409257 0.764431
vt 0.404577 0.763926
vt 0.404645 0.756547
vt 0.406248 0.761192
vt 0.405227 0.743950
vt 0.416711 0.755386
vt 0.416479 0.747074
vt 0.428347 0.747689
vt 0.404580 0.742954
vt 0.411608 0.726276
vt 0.406045 0.732130
vt 0.404582 0.729616
vt 0.404584 0.713901
vt 0.407680 0.730512
vt 0.404755 0.729363
vt 0.207440 0.236534
vt 0.214917 0.234185
vt 0.209106 0.232593
vt 0.410308 0.717218
vt 0.404924 0.712028
vt 0.404837 0.705448
vt 0.417663 0.709900
vt 0.420519 0.714490
vt 0.414375 0.711125
vt 0.422177 0.695354
vt 0.417471 0.708063
vt 0.409959 0.694986
vt 0.404584 0.688830
vt 0.417495 0.692452
vt 0.412196 0.684151
vt 0.787074 0.907493
vt 0.789118 0.908682
vt 0.789010 0.905928
vt 0.793256 0.906350
vt 0.794921 0.902787
vt 0.406648 0.687626
vt 0.404682 0.686478
vt 0.408580 0.683978
vt 0.416129 0.685158
vt 0.412961 0.681195
vt 0.013822 0.003532
vt 0.015504 0.006230
vt 0.019053 0.004308
vt 0.412397 0.680538
vt 0.798006 0.904266
vt 0.014866 0.009461
vt 0.018994 0.006988
vt 0.020158 0.008257
vt 0.404989 0.663070
vt 0.414352 0.675065
vt 0.417421 0.674914
vt 0.404671 0.648732
vt 0.404591 0.639439
vt 0.406824 0.638725
vt 0.413185 0.638695
vt 0.429261 0.651414
vt 0.414958 0.639731
vt 0.457415 0.071549
vt 0.457696 0.075016
vt 0.459790 0.072106
vt 0.460534 0.075971
vt 0.466382 0.071577
vt 0.463720 0.074710
vt 0.417490 0.638783
vt 0.991483 0.219475
vt 0.986539 0.217347
vt 0.991483 0.216448
vt 0.414982 0.636445
vt 0.468437 0.073793
vt 0.404591 0.636153
vt 0.404727 0.624081
vt 0.407237 0.635027
vt 0.410390 0.635958
vt 0.415115 0.636049
vt 0.404791 0.617398
vt 0.416732 0.613477
vt 0.407769 0.607855
vt 0.404562 0.599264
vt 0.426594 0.599468
vt 0.422389 0.979351
vt 0.622307 0.202321
vt 0.623747 0.204069
vt 0.620937 0.206259
vt 0.422395 0.979363
vt 0.430543 0.978590
vt 0.429151 0.979351
vt 0.420710 0.977031
vt 0.431209 0.974352
vt 0.436263 0.966789
vt 0.413271 0.956103
vt 0.433207 0.941471
vt 0.426690 0.925306
vt 0.429735 0.921357
vt 0.421340 0.902030
vt 0.444771 0.920642
vt 0.420820 0.899324
vt 0.435001 0.899220
vt 0.435452 0.869213
vt 0.933844 0.600908
vt 0.937375 0.602061
vt 0.420724 0.844242
vt 0.491483 0.172048
vt 0.490972 0.178401
vt 0.488477 0.176765
vt 0.421875 0.839236
vt 0.424162 0.843186
vt 0.434872 0.839421
vt 0.425115 0.837151
vt 0.424927 0.828958
vt 0.423193 0.826259
vt 0.526459 0.124415
vt 0.534840 0.119774
vt 0.531664 0.118661
vt 0.538577 0.118567
vt 0.426605 0.822349
vt 0.272732 0.109328
vt 0.276052 0.108959
vt 0.272062 0.107467
vt 0.922335 0.868211
vt 0.919153 0.859233
vt 0.922345 0.861358
vt 0.423406 0.822476
vt 0.426055 0.816526
vt 0.426989 0.820586
vt 0.423799 0.813701
vt 0.428221 0.812288
vt 0.425889 0.816714
vt 0.425528 0.800557
vt 0.451670 0.778772
vt 0.422696 0.794033
vt 0.422456 0.796498
vt 0.415014 0.206357
vt 0.416686 0.202127
vt 0.414423 0.202156
vt 0.419247 0.756827
vt 0.408460 0.785014
vt 0.970441 0.248739
vt 0.964765 0.248770
vt 0.970257 0.251731
vt 0.419772 0.750615
vt 0.423371 0.750334
vt 0.950992 0.180531
vt 0.953407 0.178539
vt 0.944531 0.178186
vt 0.946940 0.185313
vt 0.951041 0.182750
vt 0.945051 0.190212
vt 0.948935 0.189813
vt 0.425532 0.748951
vt 0.424887 0.712533
vt 0.432436 0.720101
vt 0.419679 0.710431
vt 0.390523 0.021230
vt 0.392495 0.020964
vt 0.394289 0.024972
vt 0.421119 0.712992
vt 0.972967 0.441630
vt 0.973447 0.446519
vt 0.970441 0.442599
vt 0.423436 0.702247
vt 0.423509 0.696115
vt 0.984469 0.357287
vt 0.986583 0.356329
vt 0.987737 0.357542
vt 0.425608 0.700549
vt 0.424149 0.700507
vt 0.160745 0.236630
vt 0.162531 0.230575
vt 0.158824 0.230928
vt 0.421170 0.691395
vt 0.424727 0.689883
vt 0.420161 0.690159
vt 0.973447 0.861251
vt 0.973447 0.867306
vt 0.968913 0.863115
vt 0.418259 0.682705
vt 0.421709 0.685122
vt 0.432914 0.692381
vt 0.428027 0.686128
vt 0.425921 0.687526
vt 0.968750 0.866295
vt 0.789103 0.111504
vt 0.792084 0.113386
vt 0.787839 0.113776
vt 0.020359 0.005642
vt 0.424577 0.686125
vt 0.419009 0.680519
vt 0.420545 0.679818
vt 0.020877 0.003702
vt 0.424303 0.675225
vt 0.788574 0.117474
vt 0.429140 0.682592
vt 0.416867 0.678811
vt 0.418773 0.678940
vt 0.026920 0.003881
vt 0.025833 0.008588
vt 0.030292 0.005025
vt 0.429656 0.677732
vt 0.436656 0.665040
vt 0.437107 0.660223
vt 0.424715 0.638926
vt 0.427798 0.642538
vt 0.427673 0.637546
vt 0.422636 0.616645
vt 0.435815 0.635059
vt 0.445676 0.613080
vt 0.434572 0.604071
vt 0.410014 0.608944
vt 0.429781 0.600793
vt 0.430638 0.599316
vt 0.438662 0.978386
vt 0.439927 0.979354
vt 0.437271 0.974134
vt 0.440486 0.976937
vt 0.438423 0.970896
vt 0.441770 0.967933
vt 0.807114 0.271948
vt 0.797382 0.271972
vt 0.799385 0.276122
vt 0.802885 0.276993
vt 0.440307 0.963398
vt 0.029559 0.446807
vt 0.024266 0.444683
vt 0.024105 0.449454
vt 0.457510 0.964477
vt 0.442651 0.940877
vt 0.459306 0.952874
vt 0.429043 0.927163
vt 0.434827 0.930619
vt 0.431372 0.927888
vt 0.008517 0.231584
vt 0.011916 0.231295
vt 0.009237 0.229603
vt 0.979220 0.251753
vt 0.980620 0.245975
vt 0.981463 0.252775
vt 0.435232 0.929072
vt 0.441116 0.926296
vt 0.431797 0.928132
vt 0.455878 0.897308
vt 0.453004 0.879267
vt 0.433219 0.876396
vt 0.433778 0.852237
vt 0.433307 0.848721
vt 0.433149 0.844919
vt 0.439634 0.846622
vt 0.442920 0.848782
vt 0.619238 0.011915
vt 0.631896 0.013215
vt 0.617735 0.008658
vt 0.625908 0.010327
vt 0.629827 0.010836
vt 0.627622 0.006559
vt 0.921427 0.069872
vt 0.925070 0.065018
vt 0.920342 0.065863
vt 0.436819 0.843337
vt 0.921082 0.059031
vt 0.441651 0.838770
vt 0.444354 0.836025
vt 0.925280 0.059031
vt 0.438955 0.828447
vt 0.431309 0.823510
vt 0.263270 0.113447
vt 0.261177 0.109694
vt 0.444591 0.816124
vt 0.431722 0.811341
vt 0.799363 0.321004
vt 0.795733 0.319374
vt 0.792433 0.322390
vt 0.366604 0.182089
vt 0.369219 0.182435
vt 0.368164 0.187575
vt 0.367100 0.193688
vt 0.445363 0.810319
vt 0.446738 0.807415
vt 0.456359 0.775933
vt 0.439713 0.748853
vt 0.792100 0.378446
vt 0.799918 0.372018
vt 0.799259 0.379632
vt 0.460693 0.769286
vt 0.443139 0.740370
vt 0.438822 0.728950
vt 0.436215 0.724641
vt 0.307621 0.108476
vt 0.302104 0.110042
vt 0.305500 0.112513
vt 0.438152 0.724896
vt 0.443007 0.723048
vt 0.982465 0.661164
vt 0.986930 0.660362
vt 0.983149 0.664303
vt 0.435999 0.721547
vt 0.438999 0.721305
vt 0.441945 0.711803
vt 0.435802 0.699898
vt 0.440979 0.711634
vt 0.998094 0.111504
vt 0.993487 0.111504
vt 0.997855 0.115241
vt 0.450002 0.699522
vt 0.449063 0.694888
vt 0.436886 0.687240
vt 0.431732 0.683875
vt 0.440514 0.686126
vt 0.443276 0.685356
vt 0.794807 0.502260
vt 0.789545 0.501636
vt 0.792640 0.497982
vt 0.437006 0.684520
vt 0.444076 0.677284
vt 0.444204 0.683889
vt 0.432450 0.680809
vt 0.791920 0.503777
vt 0.792198 0.506414
vt 0.435434 0.680289
vt 0.441730 0.663795
vt 0.444514 0.658836
vt 0.450728 0.647670
vt 0.437185 0.640748
vt 0.432893 0.642916
vt 0.427712 0.637578
vt 0.433367 0.640023
vt 0.310186 0.119747
vt 0.316451 0.125487
vt 0.315018 0.119576
vt 0.440896 0.620949
vt 0.439710 0.631761
vt 0.448483 0.624172
vt 0.448484 0.606231
vt 0.433653 0.599825
vt 0.441388 0.602042
vt 0.967843 0.977263
vt 0.966516 0.971932
vt 0.968484 0.974376
vt 0.440385 0.599907
vt 0.967823 0.961082
vt 0.966911 0.956183
vt 0.441476 0.978699
vt 0.447428 0.979359
vt 0.448082 0.978622
vt 0.451930 0.979973
vt 0.450134 0.979566
vt 0.451039 0.978668
vt 0.451427 0.943608
vt 0.446770 0.940577
vt 0.863226 0.569627
vt 0.861529 0.565502
vt 0.863226 0.564969
vt 0.853586 0.993512
vt 0.854754 0.997115
vt 0.848832 0.993374
vt 0.855209 0.988015
vt 0.448196 0.936396
vt 0.440783 0.935218
vt 0.458624 0.926329
vt 0.447602 0.926636
vt 0.443181 0.924968
vt 0.452115 0.925936
vt 0.991621 0.884277
vt 0.997184 0.884015
vt 0.996626 0.889365
vt 0.991483 0.889238
vt 0.995084 0.894551
vt 0.449181 0.922237
vt 0.436508 0.026983
vt 0.436583 0.022933
vt 0.440358 0.029778
vt 0.439026 0.020147
vt 0.450382 0.918577
vt 0.453166 0.912959
vt 0.453389 0.916574
vt 0.455326 0.912597
vt 0.596693 0.014016
vt 0.593219 0.018668
vt 0.592639 0.012445
vt 0.458086 0.848045
vt 0.442596 0.844176
vt 0.637083 0.011979
vt 0.442995 0.841149
vt 0.636033 0.016650
vt 0.447973 0.839476
vt 0.452510 0.840635
vt 0.638122 0.015972
vt 0.446749 0.835570
vt 0.639569 0.013747
vt 0.640453 0.008556
vt 0.643785 0.011467
vt 0.449099 0.836704
vt 0.453757 0.836460
vt 0.460154 0.837130
vt 0.459641 0.826127
vt 0.450830 0.814782
vt 0.454519 0.813938
vt 0.445363 0.810319
vt 0.449480 0.805972
vt 0.468963 0.736437
vt 0.446063 0.740554
vt 0.454890 0.732415
vt 0.457225 0.738587
vt 0.454257 0.718833
vt 0.990481 0.662512
vt 0.441663 0.719980
vt 0.448708 0.706993
vt 0.455421 0.706480
vt 0.457450 0.714703
vt 0.958417 0.373865
vt 0.952405 0.373865
vt 0.956447 0.376498
vt 0.446043 0.688790
vt 0.449527 0.689779
vt 0.452486 0.687431
vt 0.450143 0.685850
vt 0.388622 0.982856
vt 0.389561 0.981265
vt 0.391283 0.981490
vt 0.388112 0.986377
vt 0.391283 0.985499
vt 0.795065 0.589809
vt 0.791848 0.592423
vt 0.794595 0.593618
vt 0.791382 0.597881
vt 0.450498 0.677549
vt 0.454484 0.682651
vt 0.227129 0.013210
vt 0.231039 0.016272
vt 0.231729 0.012985
vt 0.448494 0.676311
vt 0.452714 0.673696
vt 0.447570 0.673478
vt 0.453378 0.675882
vt 0.444570 0.674113
vt 0.446786 0.669038
vt 0.445603 0.665927
vt 0.231791 0.019855
vt 0.235125 0.020686
vt 0.236562 0.014553
vt 0.237620 0.019842
vt 0.451439 0.665205
vt 0.457143 0.661631
vt 0.452482 0.668756
vt 0.780769 0.213130
vt 0.786077 0.207294
vt 0.780279 0.202350
vt 0.452014 0.661027
vt 0.453868 0.654336
vt 0.457000 0.655316
vt 0.440455 0.637079
vt 0.844186 0.014596
vt 0.841182 0.013705
vt 0.842157 0.011499
vt 0.993894 0.808779
vt 0.996450 0.810123
vt 0.992485 0.811855
vt 0.445541 0.635428
vt 0.450663 0.643058
vt 0.995760 0.815630
vt 0.450267 0.637577
vt 0.449065 0.633767
vt 0.453354 0.629606
vt 0.451417 0.635991
vt 0.262108 0.041411
vt 0.266525 0.041574
vt 0.267158 0.037599
vt 0.456273 0.616349
vt 0.450653 0.620790
vt 0.262297 0.041478
vt 0.264845 0.043014
vt 0.265458 0.046111
vt 0.257612 0.043978
vt 0.259050 0.048675
vt 0.254448 0.046674
vt 0.450370 0.618601
vt 0.449858 0.610536
vt 0.452875 0.616702
vt 0.453435 0.608756
vt 0.445490 0.601644
vt 0.454354 0.604748
vt 0.449704 0.599338
vt 0.453773 0.603590
vt 0.384512 0.936932
vt 0.383569 0.939440
vt 0.389279 0.936932
vt 0.387254 0.939634
vt 0.443523 0.599458
vt 0.456175 0.599037
vt 0.453066 0.600999
vt 0.473886 0.980073
vt 0.467317 0.969697
vt 0.029256 0.284056
vt 0.027005 0.296165
vt 0.025568 0.286839
vt 0.419339 0.464682
vt 0.419339 0.469255
vt 0.415361 0.468188
vt 0.456116 0.946344
vt 0.463448 0.938143
vt 0.459595 0.948610
vt 0.459306 0.952874
vt 0.461709 0.937847
vt 0.761022 0.025590
vt 0.769038 0.023713
vt 0.761260 0.023719
vt 0.465236 0.931102
vt 0.454221 0.922241
vt 0.455854 0.918203
vt 0.438074 0.016534
vt 0.445391 0.015641
vt 0.460522 0.913957
vt 0.460522 0.913957
vt 0.463634 0.870291
vt 0.467403 0.865845
vt 0.459612 0.843472
vt 0.455500 0.841010
vt 0.642852 0.006646
vt 0.465845 0.841140
vt 0.927355 0.341303
vt 0.929263 0.338756
vt 0.932592 0.341572
vt 0.467709 0.794447
vt 0.010774 0.118087
vt 0.019786 0.122848
vt 0.008435 0.122861
vt 0.467852 0.780627
vt 0.467890 0.789962
vt 0.461673 0.774342
vt 0.460956 0.736193
vt 0.468050 0.729559
vt 0.468040 0.732785
vt 0.462829 0.726159
vt 0.457984 0.719455
vt 0.931363 0.497982
vt 0.936551 0.497320
vt 0.932792 0.493946
vt 0.937375 0.493946
vt 0.460373 0.715540
vt 0.472223 0.719129
vt 0.466310 0.712905
vt 0.463286 0.711948
vt 0.460407 0.715482
vt 0.426113 0.093537
vt 0.423128 0.096973
vt 0.424627 0.099959
vt 0.420805 0.098383
vt 0.415499 0.093340
vt 0.460040 0.701622
vt 0.464020 0.709594
vt 0.952031 0.448989
vt 0.956387 0.451086
vt 0.953224 0.453633
vt 0.779441 0.082523
vt 0.776052 0.081231
vt 0.777040 0.084258
vt 0.476829 0.700450
vt 0.461544 0.695624
vt 0.457986 0.698474
vt 0.454568 0.682582
vt 0.470698 0.686801
vt 0.457069 0.680881
vt 0.462596 0.679266
vt 0.926734 0.200847
vt 0.930516 0.203330
vt 0.933794 0.200303
vt 0.935346 0.202424
vt 0.463221 0.676989
vt 0.455685 0.674553
vt 0.457168 0.674336
vt 0.458769 0.677985
vt 0.457806 0.672113
vt 0.240524 0.012645
vt 0.241984 0.014783
vt 0.461566 0.667257
vt 0.466654 0.670675
vt 0.461410 0.661193
vt 0.399299 0.081338
vt 0.391897 0.080759
vt 0.394137 0.082515
vt 0.398248 0.079157
vt 0.458111 0.659018
vt 0.390171 0.083018
vt 0.465343 0.659424
vt 0.460609 0.653908
vt 0.392958 0.074465
vt 0.389804 0.074850
vt 0.390324 0.077323
vt 0.460439 0.659502
vt 0.462551 0.656675
vt 0.465373 0.652976
vt 0.386992 0.077660
vt 0.381893 0.077276
vt 0.456840 0.653074
vt 0.453433 0.645255
vt 0.385517 0.073597
vt 0.459765 0.649803
vt 0.382545 0.074990
vt 0.462946 0.649390
vt 0.463448 0.640266
vt 0.464717 0.650857
vt 0.453643 0.640546
vt 0.456304 0.634886
vt 0.972445 0.426337
vt 0.974749 0.432128
vt 0.975479 0.428080
vt 0.993392 0.205262
vt 0.993486 0.209936
vt 0.989605 0.207927
vt 0.458568 0.632391
vt 0.459278 0.628915
vt 0.462663 0.631039
vt 0.465348 0.621189
vt 0.474327 0.624130
vt 0.267782 0.048656
vt 0.470523 0.621206
vt 0.467527 0.605279
vt 0.795402 0.356128
vt 0.799267 0.358090
vt 0.799580 0.354692
vt 0.457036 0.606683
vt 0.799790 0.359342
vt 0.803099 0.358034
vt 0.456749 0.602056
vt 0.459859 0.603300
vt 0.471723 0.599727
vt 0.454733 0.602431
vt 0.801392 0.359368
vt 0.801353 0.361643
vt 0.806046 0.357457
vt 0.804269 0.354752
vt 0.805221 0.360463
vt 0.458952 0.600299
vt 0.456178 0.599037
vt 0.472182 0.978975
vt 0.467698 0.973753
vt 0.866595 0.020765
vt 0.857180 0.022617
vt 0.860430 0.024108
vt 0.863540 0.022697
vt 0.473879 0.980059
vt 0.472736 0.977225
vt 0.485342 0.975455
vt 0.471016 0.974500
vt 0.485344 0.975468
vt 0.474867 0.959801
vt 0.489332 0.962171
vt 0.474628 0.948109
vt 0.486835 0.927310
vt 0.474163 0.903757
vt 0.492908 0.904682
vt 0.472058 0.887908
vt 0.479107 0.890709
vt 0.545270 0.116549
vt 0.542585 0.117350
vt 0.546818 0.118184
vt 0.550601 0.116549
vt 0.478474 0.872189
vt 0.480392 0.883688
vt 0.794296 0.854188
vt 0.794389 0.857749
vt 0.801881 0.857260
vt 0.466973 0.872030
vt 0.392612 0.121538
vt 0.396293 0.120585
vt 0.392285 0.124531
vt 0.395693 0.125611
vt 0.468998 0.869893
vt 0.467067 0.867694
vt 0.481202 0.872081
vt 0.475824 0.846501
vt 0.465441 0.844528
vt 0.793015 0.674860
vt 0.797793 0.677378
vt 0.805499 0.676083
vt 0.805765 0.671559
vt 0.463720 0.833529
vt 0.473310 0.841524
vt 0.480275 0.842784
vt 0.481506 0.836152
vt 0.479718 0.838941
vt 0.463908 0.830376
vt 0.491647 0.828165
vt 0.487776 0.815723
vt 0.484148 0.807857
vt 0.470803 0.793770
vt 0.477370 0.794400
vt 0.795638 0.068647
vt 0.799987 0.066919
vt 0.797534 0.071140
vt 0.476122 0.792249
vt 0.791351 0.154894
vt 0.794696 0.156119
vt 0.793880 0.159220
vt 0.775416 0.113373
vt 0.778056 0.107467
vt 0.772044 0.107467
vt 0.476603 0.790897
vt 0.478955 0.790196
vt 0.484727 0.783229
vt 0.481691 0.774822
vt 0.479782 0.761671
vt 0.462204 0.771373
vt 0.479208 0.759699
vt 0.479809 0.746975
vt 0.470413 0.734319
vt 0.479376 0.728687
vt 0.479125 0.731948
vt 0.485629 0.722349
vt 0.474671 0.717055
vt 0.479582 0.703937
vt 0.471279 0.698080
vt 0.474683 0.694141
vt 0.845663 0.986123
vt 0.846178 0.995463
vt 0.841088 0.987151
vt 0.842442 0.990235
vt 0.841412 0.993602
vt 0.475028 0.685356
vt 0.479180 0.687501
vt 0.485789 0.686671
vt 0.479714 0.681414
vt 0.472196 0.683229
vt 0.516533 0.034140
vt 0.516533 0.039459
vt 0.513876 0.030777
vt 0.512525 0.035473
vt 0.513483 0.041902
vt 0.478631 0.678115
vt 0.476424 0.680521
vt 0.478589 0.660686
vt 0.469556 0.651479
vt 0.478800 0.654574
vt 0.470762 0.645417
vt 0.480100 0.648528
vt 0.470762 0.645417
vt 0.470762 0.637778
vt 0.152032 0.134712
vt 0.155812 0.125631
vt 0.155164 0.132263
vt 0.471350 0.610820
vt 0.472587 0.621956
vt 0.468989 0.609058
vt 0.472014 0.603883
vt 0.110776 0.080739
vt 0.109121 0.075808
vt 0.110972 0.074401
vt 0.471324 0.601466
vt 0.471505 0.608532
vt 0.473828 0.603083
vt 0.473262 0.599023
vt 0.473838 0.603013
vt 0.996640 0.341385
vt 0.999499 0.337834
vt 0.999499 0.339957
vt 0.995878 0.338072
vt 0.475404 0.602083
vt 0.473470 0.599162
vt 0.476193 0.599105
vt 0.484365 0.978195
vt 0.485555 0.979815
vt 0.486067 0.978649
vt 0.973447 0.942519
vt 0.976453 0.948032
vt 0.974214 0.945996
vt 0.976448 0.941978
vt 0.496665 0.947247
vt 0.487328 0.928077
vt 0.479107 0.890709
vt 0.491884 0.892674
vt 0.475999 0.888121
vt 0.385271 0.638299
vt 0.388277 0.634208
vt 0.388276 0.641253
vt 0.484274 0.876913
vt 0.496770 0.887644
vt 0.483314 0.878363
vt 0.481243 0.872134
vt 0.804706 0.639253
vt 0.807114 0.641041
vt 0.804380 0.647182
vt 0.504464 0.888054
vt 0.496863 0.863212
vt 0.493382 0.859044
vt 0.493238 0.853568
vt 0.481144 0.847894
vt 0.483701 0.845050
vt 0.984179 0.565617
vt 0.984994 0.560545
vt 0.986670 0.562689
vt 0.485837 0.843329
vt 0.485844 0.838376
vt 0.481325 0.840786
vt 0.723459 0.106723
vt 0.725523 0.107696
vt 0.723042 0.109871
vt 0.727075 0.112614
vt 0.724854 0.113478
vt 0.732966 0.110095
vt 0.732072 0.113435
vt 0.731007 0.107565
vt 0.728017 0.115644
vt 0.486791 0.832680
vt 0.485861 0.835329
vt 0.726600 0.116925
vt 0.723986 0.115330
vt 0.486495 0.803800
vt 0.483416 0.810245
vt 0.485241 0.806361
vt 0.489700 0.805781
vt 0.929750 0.195873
vt 0.928071 0.193239
vt 0.925064 0.196314
vt 0.495790 0.792057
vt 0.484844 0.784917
vt 0.489493 0.776522
vt 0.485749 0.773405
vt 0.805110 0.986239
vt 0.802123 0.983355
vt 0.793086 0.983350
vt 0.487692 0.774758
vt 0.796997 0.401743
vt 0.789316 0.407097
vt 0.798564 0.408436
vt 0.500318 0.756976
vt 0.501042 0.745923
vt 0.492030 0.733766
vt 0.487930 0.724026
vt 0.495568 0.729242
vt 0.483570 0.714467
vt 0.494380 0.718984
vt 0.488730 0.713186
vt 0.496338 0.712461
vt 0.481623 0.708637
vt 0.996890 0.939999
vt 0.994489 0.937686
vt 0.997495 0.936452
vt 0.486882 0.710632
vt 0.485826 0.713106
vt 0.994504 0.934914
vt 0.489465 0.710005
vt 0.537551 0.013133
vt 0.536803 0.016129
vt 0.532544 0.012940
vt 0.485790 0.707049
vt 0.998497 0.475782
vt 0.998497 0.481654
vt 0.995489 0.480036
vt 0.537551 0.023708
vt 0.485809 0.706902
vt 0.499150 0.703048
vt 0.491107 0.707394
vt 0.524549 0.015273
vt 0.491275 0.701028
vt 0.478912 0.693568
vt 0.494568 0.695843
vt 0.484238 0.701428
vt 0.840522 0.988855
vt 0.478230 0.690983
vt 0.480164 0.689027
vt 0.479876 0.692122
vt 0.483380 0.689346
vt 0.488172 0.690514
vt 0.482180 0.689224
vt 0.390385 0.751031
vt 0.392285 0.747225
vt 0.392285 0.751261
vt 0.588422 0.009347
vt 0.590479 0.011614
vt 0.583469 0.013580
vt 0.489123 0.683024
vt 0.492570 0.672076
vt 0.483336 0.653995
vt 0.481693 0.654450
vt 0.789078 0.550454
vt 0.796239 0.552238
vt 0.798096 0.550454
vt 0.260639 0.200303
vt 0.266032 0.197275
vt 0.260610 0.197590
vt 0.481800 0.654333
vt 0.480600 0.653077
vt 0.492373 0.626445
vt 0.487144 0.618994
vt 0.488772 0.612341
vt 0.168769 0.199661
vt 0.175601 0.200097
vt 0.171658 0.196266
vt 0.483426 0.601558
vt 0.484014 0.604416
vt 0.490697 0.608719
vt 0.486698 0.603651
vt 0.490792 0.603553
vt 0.488523 0.603111
vt 0.478675 0.599150
vt 0.577095 0.116549
vt 0.578657 0.113522
vt 0.574893 0.115549
vt 0.573665 0.113932
vt 0.356675 0.095358
vt 0.355078 0.094560
vt 0.357143 0.093031
vt 0.489289 0.601566
vt 0.491354 0.600558
vt 0.493953 0.599038
vt 0.487157 0.980012
vt 0.487323 0.979001
vt 0.496420 0.979880
vt 0.489903 0.978066
vt 0.495937 0.972661
vt 0.498476 0.974161
vt 0.349349 0.000505
vt 0.350200 0.001573
vt 0.348196 0.003154
vt 0.349349 0.003532
vt 0.498280 0.978975
vt 0.498470 0.979697
vt 0.501423 0.978183
vt 0.509302 0.978619
vt 0.979161 0.983350
vt 0.981652 0.978755
vt 0.976880 0.980719
vt 0.975447 0.978771
vt 0.984798 0.978166
vt 0.980980 0.975302
vt 0.506059 0.973188
vt 0.508271 0.927026
vt 0.507088 0.932166
vt 0.498173 0.920508
vt 0.494833 0.890252
vt 0.496758 0.891415
vt 0.512681 0.917158
vt 0.037598 0.160945
vt 0.041108 0.152978
vt 0.044589 0.160018
vt 0.793607 0.108176
vt 0.794088 0.111504
vt 0.791206 0.109066
vt 0.038308 0.157521
vt 0.497302 0.890065
vt 0.510668 0.860167
vt 0.500647 0.861184
vt 0.500780 0.851602
vt 0.501211 0.843518
vt 0.507114 0.845216
vt 0.488742 0.842072
vt 0.500286 0.838329
vt 0.488129 0.838242
vt 0.489462 0.836805
vt 0.487538 0.834594
vt 0.502592 0.836726
vt 0.499324 0.797821
vt 0.500051 0.790125
vt 0.382265 0.900501
vt 0.389282 0.897565
vt 0.387887 0.903671
vt 0.501731 0.792723
vt 0.504443 0.790996
vt 0.829666 0.599899
vt 0.820141 0.593845
vt 0.825058 0.598101
vt 0.488723 0.784241
vt 0.493500 0.777174
vt 0.501100 0.780476
vt 0.510548 0.789977
vt 0.496918 0.776360
vt 0.999499 0.422201
vt 0.993718 0.419273
vt 0.994490 0.422301
vt 0.497257 0.771895
vt 0.991085 0.421503
vt 0.498093 0.774689
vt 0.503486 0.767728
vt 0.499597 0.767703
vt 0.499069 0.765577
vt 0.496382 0.762388
vt 0.216290 0.095518
vt 0.212082 0.092680
vt 0.210283 0.093255
vt 0.498050 0.761614
vt 0.499646 0.763838
vt 0.207961 0.091322
vt 0.207916 0.093162
vt 0.500750 0.764804
vt 0.505203 0.758457
vt 0.499939 0.761481
vt 0.504027 0.755551
vt 0.500943 0.736348
vt 0.497914 0.730876
vt 0.812050 0.599783
vt 0.809291 0.595322
vt 0.812113 0.592943
vt 0.502610 0.731269
vt 0.506616 0.725673
vt 0.503094 0.723990
vt 0.967731 0.449783
vt 0.971146 0.448759
vt 0.968526 0.458122
vt 0.499519 0.717882
vt 0.505551 0.721798
vt 0.389279 0.649344
vt 0.383893 0.653902
vt 0.387039 0.655352
vt 0.383267 0.649344
vt 0.499392 0.713359
vt 0.791212 0.190416
vt 0.791082 0.194248
vt 0.796092 0.191985
vt 0.795843 0.184582
vt 0.599740 0.212557
vt 0.601827 0.214430
vt 0.608773 0.212288
vt 0.499940 0.709406
vt 0.500433 0.693722
vt 0.515507 0.698795
vt 0.579662 0.009792
vt 0.494377 0.690433
vt 0.501937 0.691165
vt 0.647779 0.111472
vt 0.654810 0.108476
vt 0.646794 0.108476
vt 0.590681 0.017350
vt 0.585282 0.017659
vt 0.494377 0.690437
vt 0.496977 0.683556
vt 0.495764 0.686615
vt 0.506682 0.683590
vt 0.495430 0.677542
vt 0.498105 0.678304
vt 0.213928 0.002755
vt 0.219615 0.007461
vt 0.219362 0.003743
vt 0.229452 0.007073
vt 0.223145 0.011604
vt 0.497121 0.665465
vt 0.520206 0.643609
vt 0.490603 0.617229
vt 0.512175 0.614413
vt 0.364655 0.088016
vt 0.357726 0.083599
vt 0.365938 0.082795
vt 0.355894 0.089016
vt 0.361889 0.093662
vt 0.494689 0.602327
vt 0.500117 0.603960
vt 0.353656 0.092361
vt 0.353215 0.086859
vt 0.496760 0.599729
vt 0.355219 0.086464
vt 0.497161 0.601660
vt 0.497958 0.600674
vt 0.354222 0.085669
vt 0.496764 0.599729
vt 0.497745 0.599024
vt 0.510791 0.979638
vt 0.503542 0.977462
vt 0.510251 0.977198
vt 0.510506 0.978835
vt 0.511759 0.980062
vt 0.512072 0.978856
vt 0.513881 0.979772
vt 0.513257 0.976800
vt 0.514984 0.977423
vt 0.516131 0.972329
vt 0.975589 0.973259
vt 0.514445 0.952065
vt 0.499490 0.947632
vt 0.509633 0.931379
vt 0.967435 0.106458
vt 0.964839 0.111660
vt 0.964424 0.107138
vt 0.519504 0.917895
vt 0.514845 0.920795
vt 0.753334 0.025741
vt 0.752887 0.027691
vt 0.756670 0.023137
vt 0.506252 0.911390
vt 0.502807 0.892101
vt 0.520548 0.914923
vt 0.523627 0.876870
vt 0.528872 0.849943
vt 0.504560 0.843490
vt 0.516579 0.843185
vt 0.017558 0.188863
vt 0.012191 0.195135
vt 0.018482 0.191885
vt 0.501198 0.840546
vt 0.013861 0.200646
vt 0.014076 0.183341
vt 0.011661 0.184962
vt 0.515328 0.828409
vt 0.514632 0.821268
vt 0.523641 0.818349
vt 0.504613 0.790941
vt 0.510549 0.789977
vt 0.510639 0.753401
vt 0.241684 0.156576
vt 0.245123 0.156152
vt 0.245992 0.163476
vt 0.506751 0.754150
vt 0.524516 0.735659
vt 0.507614 0.738658
vt 0.511773 0.725521
vt 0.456413 0.040868
vt 0.447395 0.040866
vt 0.445192 0.044369
vt 0.516958 0.726490
vt 0.685941 0.027468
vt 0.688200 0.029769
vt 0.685890 0.032679
vt 0.689880 0.025802
vt 0.507034 0.722652
vt 0.510546 0.722419
vt 0.510627 0.717689
vt 0.517585 0.720662
vt 0.505863 0.718763
vt 0.510595 0.717665
vt 0.502644 0.716143
vt 0.689880 0.035822
vt 0.514777 0.716458
vt 0.522560 0.712062
vt 0.508312 0.688936
vt 0.516796 0.694140
vt 0.033097 0.021607
vt 0.026866 0.016874
vt 0.033155 0.017234
vt 0.517721 0.673371
vt 0.520145 0.680744
vt 0.500806 0.667612
vt 0.524569 0.661188
vt 0.521944 0.674157
vt 0.525376 0.620395
vt 0.516875 0.617001
vt 0.513487 0.607729
vt 0.513420 0.614923
vt 0.519224 0.602439
vt 0.513942 0.980025
vt 0.517092 0.979164
vt 0.520914 0.980003
vt 0.989498 0.357152
vt 0.991568 0.359738
vt 0.993487 0.356710
vt 0.521138 0.978398
vt 0.981463 0.129667
vt 0.978457 0.129667
vt 0.980968 0.131922
vt 0.514983 0.977424
vt 0.534770 0.975519
vt 0.523562 0.978631
vt 0.532342 0.961294
vt 0.931114 0.001514
vt 0.929699 0.005550
vt 0.935542 0.003526
vt 0.519205 0.917917
vt 0.577391 0.006559
vt 0.578657 0.009811
vt 0.575651 0.011726
vt 0.525965 0.862879
vt 0.531575 0.866895
vt 0.478184 0.092223
vt 0.478346 0.097337
vt 0.474449 0.095131
vt 0.527670 0.856477
vt 0.530499 0.845688
vt 0.520965 0.837321
vt 0.511917 0.840052
vt 0.995491 0.982341
vt 0.986473 0.982341
vt 0.992699 0.986370
vt 0.524023 0.839341
vt 0.543001 0.843937
vt 0.526615 0.841375
vt 0.590825 0.097303
vt 0.590428 0.103431
vt 0.591684 0.092331
vt 0.527192 0.829318
vt 0.997485 0.529243
vt 0.985471 0.522685
vt 0.996399 0.520280
vt 0.520983 0.822885
vt 0.533370 0.822660
vt 0.525518 0.826802
vt 0.985507 0.518857
vt 0.988025 0.512000
vt 0.525249 0.818187
vt 0.436226 0.094842
vt 0.436860 0.090313
vt 0.431248 0.092493
vt 0.526650 0.733302
vt 0.537624 0.733983
vt 0.526913 0.729435
vt 0.527358 0.727028
vt 0.997469 0.978101
vt 0.993167 0.975791
vt 0.996012 0.970800
vt 0.523744 0.717997
vt 0.523411 0.715226
vt 0.523719 0.709056
vt 0.532910 0.712987
vt 0.012525 0.155083
vt 0.008118 0.153053
vt 0.006766 0.156487
vt 0.527751 0.706143
vt 0.545597 0.702580
vt 0.528208 0.695788
vt 0.521005 0.690769
vt 0.943503 0.326970
vt 0.934558 0.328190
vt 0.941853 0.330635
vt 0.932760 0.324793
vt 0.523313 0.686765
vt 0.941364 0.322756
vt 0.534019 0.659178
vt 0.528779 0.656409
vt 0.532537 0.650701
vt 0.655812 0.101413
vt 0.667155 0.105202
vt 0.661842 0.101726
vt 0.527888 0.606388
vt 0.283408 0.106776
vt 0.283173 0.105077
vt 0.280060 0.104440
vt 0.521512 0.610693
vt 0.523137 0.601225
vt 0.529635 0.601706
vt 0.518109 0.600030
vt 0.520978 0.599880
vt 0.806051 0.709062
vt 0.803237 0.710450
vt 0.806262 0.711849
vt 0.799535 0.712545
vt 0.525202 0.599716
vt 0.534671 0.979913
vt 0.524046 0.979955
vt 0.532553 0.979364
vt 0.402769 0.811806
vt 0.399299 0.808546
vt 0.403139 0.809758
vt 0.536317 0.979919
vt 0.535058 0.978630
vt 0.545370 0.979849
vt 0.540330 0.977697
vt 0.400513 0.802938
vt 0.403307 0.803614
vt 0.540308 0.975116
vt 0.548170 0.972891
vt 0.548609 0.944229
vt 0.546096 0.926402
vt 0.523632 0.915238
vt 0.540147 0.914825
vt 0.541638 0.881820
vt 0.552159 0.890294
vt 0.534260 0.870204
vt 0.542303 0.880363
vt 0.530099 0.862311
vt 0.541734 0.863280
vt 0.484181 0.175145
vt 0.479459 0.168822
vt 0.484184 0.163071
vt 0.538272 0.855591
vt 0.534870 0.853421
vt 0.545574 0.847826
vt 0.543953 0.838656
vt 0.533637 0.829754
vt 0.529017 0.826081
vt 0.533370 0.822660
vt 0.546778 0.801137
vt 0.555170 0.783139
vt 0.557501 0.789744
vt 0.559523 0.748283
vt 0.549966 0.735250
vt 0.538794 0.736805
vt 0.537436 0.727543
vt 0.959422 0.166674
vt 0.957529 0.162371
vt 0.962669 0.165810
vt 0.538436 0.729452
vt 0.543310 0.726676
vt 0.536363 0.723650
vt 0.005499 0.010572
vt 0.010521 0.006559
vt 0.010154 0.011390
vt 0.541027 0.724796
vt 0.538259 0.717756
vt 0.540356 0.721607
vt 0.933311 0.896330
vt 0.936373 0.889506
vt 0.928536 0.893471
vt 0.003982 0.148840
vt 0.004332 0.155551
vt 0.002505 0.157921
vt 0.526340 0.711500
vt 0.541699 0.713482
vt 0.533057 0.712960
vt 0.541536 0.709543
vt 0.530468 0.711843
vt 0.529592 0.692792
vt 0.532271 0.690998
vt 0.553183 0.693496
vt 0.535016 0.687282
vt 0.531131 0.688995
vt 0.537682 0.680999
vt 0.539004 0.684206
vt 0.538176 0.667086
vt 0.538040 0.662354
vt 0.112655 0.102570
vt 0.108717 0.098272
vt 0.111266 0.094093
vt 0.112725 0.093340
vt 0.536041 0.650153
vt 0.533306 0.657940
vt 0.539285 0.652553
vt 0.418177 0.410333
vt 0.415200 0.416246
vt 0.415007 0.405786
vt 0.416744 0.406876
vt 0.537071 0.648097
vt 0.532390 0.639792
vt 0.553868 0.646494
vt 0.546770 0.630579
vt 0.668838 0.101413
vt 0.529898 0.636705
vt 0.545690 0.612528
vt 0.542072 0.605959
vt 0.533096 0.603141
vt 0.291786 0.199294
vt 0.289139 0.196232
vt 0.291797 0.195318
vt 0.531198 0.599776
vt 0.546405 0.599010
vt 0.549110 0.599325
vt 0.545757 0.978063
vt 0.548463 0.978438
vt 0.551999 0.975936
vt 0.558069 0.968598
vt 0.551884 0.958776
vt 0.548972 0.948722
vt 0.363226 0.063068
vt 0.367363 0.067104
vt 0.372244 0.065649
vt 0.937375 0.331483
vt 0.937269 0.329465
vt 0.932821 0.329816
vt 0.559079 0.927715
vt 0.548397 0.928662
vt 0.552830 0.920922
vt 0.545983 0.916091
vt 0.556258 0.891753
vt 0.545022 0.859825
vt 0.573811 0.860009
vt 0.772044 0.156912
vt 0.779058 0.167003
vt 0.772578 0.162075
vt 0.317566 0.184256
vt 0.314592 0.189203
vt 0.312139 0.183239
vt 0.315387 0.179185
vt 0.548636 0.842966
vt 0.550783 0.840615
vt 0.560990 0.836087
vt 0.541981 0.822832
vt 0.580763 0.821640
vt 0.560949 0.745898
vt 0.554481 0.737247
vt 0.962171 0.157091
vt 0.960110 0.157227
vt 0.540751 0.735005
vt 0.546273 0.731311
vt 0.549915 0.728235
vt 0.544675 0.725376
vt 0.545061 0.727554
vt 0.045881 0.177094
vt 0.048381 0.174641
vt 0.042585 0.174701
vt 0.542324 0.722634
vt 0.554396 0.719052
vt 0.548000 0.719167
vt 0.540410 0.721545
vt 0.924253 0.897937
vt 0.932629 0.900895
vt 0.548825 0.714853
vt 0.554469 0.715277
vt 0.924782 0.901615
vt 0.917335 0.900344
vt 0.927233 0.889506
vt 0.921271 0.892844
vt 0.920246 0.896288
vt 0.550365 0.712835
vt 0.553029 0.713964
vt 0.554469 0.715278
vt 0.558327 0.708133
vt 0.764876 0.031039
vt 0.768796 0.033318
vt 0.762114 0.035667
vt 0.546212 0.709460
vt 0.548934 0.710474
vt 0.555798 0.702765
vt 0.541895 0.689002
vt 0.545006 0.686429
vt 0.861222 0.589808
vt 0.856212 0.589808
vt 0.860021 0.593845
vt 0.856511 0.592727
vt 0.548477 0.682620
vt 0.550743 0.688473
vt 0.998660 0.501426
vt 0.996387 0.498991
vt 0.994870 0.504000
vt 0.991768 0.498991
vt 0.545556 0.660112
vt 0.155812 0.097885
vt 0.146702 0.092498
vt 0.149045 0.103304
vt 0.545103 0.656296
vt 0.556347 0.653313
vt 0.547278 0.607730
vt 0.554409 0.602189
vt 0.548581 0.979954
vt 0.556474 0.976233
vt 0.555143 0.974090
vt 0.559497 0.973552
vt 0.563652 0.978911
vt 0.556456 0.969587
vt 0.968680 0.901857
vt 0.969354 0.909628
vt 0.966484 0.905452
vt 0.565073 0.955230
vt 0.550762 0.948680
vt 0.558282 0.952673
vt 0.580094 0.939478
vt 0.549922 0.945720
vt 0.629556 0.108476
vt 0.632306 0.099533
vt 0.624089 0.106676
vt 0.561922 0.945178
vt 0.575406 0.932884
vt 0.789999 0.730071
vt 0.792135 0.728302
vt 0.790096 0.725025
vt 0.554212 0.889098
vt 0.555172 0.887165
vt 0.545046 0.856044
vt 0.544393 0.851827
vt 0.567092 0.846333
vt 0.548911 0.847346
vt 0.567458 0.853148
vt 0.565304 0.842563
vt 0.561247 0.839192
vt 0.946643 0.573586
vt 0.948405 0.580242
vt 0.943781 0.575996
vt 0.560914 0.836040
vt 0.946617 0.582402
vt 0.965393 0.184309
vt 0.967306 0.184574
vt 0.965510 0.191617
vt 0.557730 0.784817
vt 0.562191 0.781023
vt 0.559742 0.788392
vt 0.556670 0.781965
vt 0.560609 0.777300
vt 0.557624 0.784937
vt 0.422836 0.025026
vt 0.416374 0.021068
vt 0.420350 0.020148
vt 0.545346 0.769654
vt 0.563922 0.751751
vt 0.566691 0.749662
vt 0.024523 0.303027
vt 0.027641 0.302199
vt 0.029559 0.308274
vt 0.558862 0.732667
vt 0.554594 0.725555
vt 0.557541 0.718993
vt 0.563845 0.730839
vt 0.563941 0.718943
vt 0.656814 0.015396
vt 0.653822 0.016650
vt 0.652790 0.013181
vt 0.556911 0.713988
vt 0.650802 0.012046
vt 0.653990 0.004634
vt 0.560913 0.712848
vt 0.413327 0.001514
vt 0.408904 0.001688
vt 0.413165 0.003160
vt 0.408719 0.005128
vt 0.561613 0.707061
vt 0.656814 0.002523
vt 0.563446 0.710083
vt 0.558366 0.706169
vt 0.561610 0.707087
vt 0.560928 0.693593
vt 0.561875 0.701047
vt 0.566237 0.696918
vt 0.564347 0.695296
vt 0.558792 0.691755
vt 0.559559 0.693677
vt 0.696162 0.069013
vt 0.697896 0.067493
vt 0.692941 0.064562
vt 0.551904 0.684256
vt 0.568976 0.687496
vt 0.697716 0.063068
vt 0.564204 0.691510
vt 0.564497 0.678149
vt 0.794073 0.895163
vt 0.789218 0.894714
vt 0.794082 0.886488
vt 0.548859 0.667736
vt 0.565105 0.651101
vt 0.575427 0.642941
vt 0.568358 0.624275
vt 0.963427 0.492936
vt 0.968587 0.498825
vt 0.963998 0.499992
vt 0.557571 0.607013
vt 0.557935 0.603966
vt 0.969422 0.501949
vt 0.967969 0.504036
vt 0.553366 0.599729
vt 0.594891 0.096114
vt 0.599699 0.095617
vt 0.597825 0.093340
vt 0.595781 0.093340
vt 0.497495 0.062962
vt 0.494512 0.062976
vt 0.496809 0.056901
vt 0.558033 0.603989
vt 0.558033 0.601477
vt 0.559977 0.602661
vt 0.565672 0.598992
vt 0.561729 0.607568
vt 0.556552 0.600854
vt 0.572539 0.979368
vt 0.568723 0.977984
vt 0.568923 0.976284
vt 0.645506 0.020953
vt 0.641784 0.018533
vt 0.642388 0.016700
vt 0.575650 0.979371
vt 0.596024 0.979720
vt 0.647229 0.016709
vt 0.648798 0.021695
vt 0.648798 0.013623
vt 0.758809 0.982341
vt 0.754865 0.984190
vt 0.760020 0.985891
vt 0.585971 0.960796
vt 0.574172 0.972385
vt 0.634342 0.105220
vt 0.638778 0.097522
vt 0.579259 0.926644
vt 0.553896 0.925195
vt 0.577247 0.921962
vt 0.487962 0.100464
vt 0.487295 0.107355
vt 0.482764 0.100882
vt 0.586467 0.904806
vt 0.576782 0.916898
vt 0.573172 0.890066
vt 0.572020 0.889293
vt 0.573172 0.888906
vt 0.582971 0.876603
vt 0.565687 0.856408
vt 0.568423 0.856396
vt 0.645381 0.007568
vt 0.650802 0.004541
vt 0.645192 0.004654
vt 0.577801 0.850630
vt 0.566601 0.842999
vt 0.569865 0.842612
vt 0.567399 0.839393
vt 0.570798 0.839157
vt 0.572695 0.842093
vt 0.585927 0.845006
vt 0.996044 0.779560
vt 0.992485 0.775595
vt 0.996426 0.775356
vt 0.993478 0.772043
vt 0.577305 0.840583
vt 0.997495 0.770434
vt 0.569913 0.835340
vt 0.574582 0.837783
vt 0.014226 0.155964
vt 0.019163 0.158129
vt 0.013810 0.159819
vt 0.576660 0.831687
vt 0.582024 0.820343
vt 0.562977 0.777906
vt 0.576653 0.754781
vt 0.569292 0.750591
vt 0.959295 0.202321
vt 0.955549 0.201403
vt 0.954409 0.198632
vt 0.570385 0.737375
vt 0.955489 0.480514
vt 0.959417 0.479498
vt 0.959419 0.488900
vt 0.579397 0.725391
vt 0.574402 0.715930
vt 0.574581 0.721804
vt 0.564333 0.714787
vt 0.572688 0.714036
vt 0.578277 0.720070
vt 0.581677 0.710377
vt 0.563424 0.710205
vt 0.566728 0.712889
vt 0.420341 0.011604
vt 0.418065 0.009067
vt 0.420340 0.007085
vt 0.414329 0.008526
vt 0.414379 0.004298
vt 0.579839 0.709191
vt 0.196894 0.097410
vt 0.199931 0.099031
vt 0.202650 0.097377
vt 0.416893 0.001542
vt 0.201568 0.101292
vt 0.566566 0.710144
vt 0.569776 0.708071
vt 0.576537 0.693504
vt 0.579814 0.707729
vt 0.576934 0.709384
vt 0.587561 0.705101
vt 0.571041 0.694722
vt 0.567415 0.691625
vt 0.568536 0.694451
vt 0.691154 0.068448
vt 0.689914 0.063172
vt 0.929664 0.882101
vt 0.926774 0.880853
vt 0.928345 0.878716
vt 0.930881 0.874383
vt 0.934137 0.875290
vt 0.567634 0.691459
vt 0.924464 0.877324
vt 0.927533 0.875782
vt 0.572200 0.689074
vt 0.577327 0.686213
vt 0.573595 0.679936
vt 0.577850 0.680800
vt 0.579434 0.678324
vt 0.575981 0.612097
vt 0.570939 0.011604
vt 0.569639 0.007768
vt 0.572645 0.004557
vt 0.568972 0.599866
vt 0.568102 0.606684
vt 0.572566 0.601303
vt 0.764028 0.017659
vt 0.769718 0.021654
vt 0.767859 0.018502
vt 0.771042 0.017659
vt 0.569937 0.603218
vt 0.569073 0.599692
vt 0.596247 0.599934
vt 0.572818 0.599041
vt 0.599195 0.599057
vt 0.573316 0.975348
vt 0.596883 0.975818
vt 0.587140 0.969279
vt 0.592908 0.967143
vt 0.593866 0.941493
vt 0.581270 0.922419
vt 0.488053 0.096556
vt 0.482491 0.097599
vt 0.579998 0.916596
vt 0.581359 0.922478
vt 0.580178 0.920051
vt 0.478457 0.099281
vt 0.589466 0.903223
vt 0.587980 0.895468
vt 0.914505 0.781235
vt 0.913408 0.777926
vt 0.913844 0.773461
vt 0.586282 0.886921
vt 0.918337 0.990414
vt 0.913292 0.987099
vt 0.918337 0.985368
vt 0.587275 0.863136
vt 0.577040 0.855793
vt 0.578792 0.854936
vt 0.996493 0.187721
vt 0.985617 0.189790
vt 0.990034 0.192024
vt 0.590915 0.850365
vt 0.592041 0.843990
vt 0.591074 0.839043
vt 0.595797 0.835328
vt 0.585476 0.827495
vt 0.581696 0.824843
vt 0.962425 0.878810
vt 0.958994 0.877397
vt 0.957671 0.878892
vt 0.581717 0.824821
vt 0.585155 0.823284
vt 0.617942 0.804574
vt 0.306112 0.130676
vt 0.300823 0.127892
vt 0.301617 0.124068
vt 0.593908 0.778103
vt 0.583102 0.761873
vt 0.586377 0.736032
vt 0.586464 0.739428
vt 0.585397 0.747558
vt 0.584044 0.732952
vt 0.578780 0.730261
vt 0.510644 0.073387
vt 0.507456 0.077620
vt 0.511323 0.078565
vt 0.507365 0.070734
vt 0.206914 0.098724
vt 0.206065 0.097410
vt 0.596951 0.710256
vt 0.579838 0.709191
vt 0.934994 0.868072
vt 0.582458 0.690170
vt 0.606170 0.690071
vt 0.928652 0.869745
vt 0.577324 0.686224
vt 0.582260 0.682093
vt 0.604709 0.189203
vt 0.599948 0.190962
vt 0.602466 0.196289
vt 0.932573 0.412831
vt 0.932312 0.407976
vt 0.938388 0.415154
vt 0.588013 0.680903
vt 0.582938 0.678747
vt 0.590870 0.676131
vt 0.608430 0.652415
vt 0.590187 0.671645
vt 0.586506 0.649784
vt 0.578958 0.643616
vt 0.591173 0.648887
vt 0.330587 0.020783
vt 0.330290 0.024723
vt 0.335002 0.022224
vt 0.581262 0.644970
vt 0.580494 0.643423
vt 0.581484 0.642300
vt 0.583799 0.648232
vt 0.398872 0.748122
vt 0.399112 0.745207
vt 0.399925 0.746716
vt 0.589372 0.646549
vt 0.587463 0.615428
vt 0.586711 0.617179
vt 0.594087 0.604214
vt 0.596787 0.979356
vt 0.597280 0.978124
vt 0.599830 0.973189
vt 0.997495 0.361756
vt 0.995726 0.363711
vt 0.991553 0.362878
vt 0.664940 0.064542
vt 0.668178 0.061613
vt 0.671842 0.068076
vt 0.991640 0.366719
vt 0.603325 0.968655
vt 0.997877 0.199423
vt 0.997157 0.196397
vt 0.997495 0.192216
vt 0.597654 0.949865
vt 0.608301 0.930242
vt 0.960421 0.743189
vt 0.963427 0.743753
vt 0.962454 0.746663
vt 0.593186 0.902880
vt 0.589492 0.903212
vt 0.612972 0.900503
vt 0.589577 0.896060
vt 0.863215 0.515087
vt 0.865230 0.520182
vt 0.861222 0.514782
vt 0.586282 0.886921
vt 0.593511 0.886699
vt 0.514149 0.021695
vt 0.513544 0.026833
vt 0.520090 0.027655
vt 0.522545 0.025332
vt 0.588505 0.873895
vt 0.606190 0.879330
vt 0.596666 0.886215
vt 0.607076 0.874600
vt 0.622630 0.863833
vt 0.601707 0.850263
vt 0.600801 0.843335
vt 0.059625 0.144806
vt 0.052605 0.140907
vt 0.058417 0.137680
vt 0.597272 0.840292
vt 0.986473 0.591213
vt 0.984941 0.596258
vt 0.984681 0.586781
vt 0.610959 0.835711
vt 0.615313 0.817849
vt 0.133693 0.127245
vt 0.136388 0.130676
vt 0.137776 0.126640
vt 0.598774 0.777604
vt 0.596176 0.778465
vt 0.866295 0.560732
vt 0.864719 0.553254
vt 0.868240 0.558049
vt 0.590547 0.738359
vt 0.589626 0.734158
vt 0.595581 0.732865
vt 0.601725 0.734467
vt 0.608257 0.740834
vt 0.593946 0.729240
vt 0.590223 0.728986
vt 0.583471 0.728863
vt 0.592211 0.725963
vt 0.599013 0.730794
vt 0.600616 0.728592
vt 0.310120 0.029866
vt 0.303980 0.033690
vt 0.301436 0.026965
vt 0.595046 0.717479
vt 0.602376 0.723145
vt 0.600791 0.710449
vt 0.610241 0.717603
vt 0.426517 0.017020
vt 0.429359 0.024723
vt 0.425748 0.021634
vt 0.983214 0.075720
vt 0.986188 0.073177
vt 0.977455 0.073158
vt 0.603624 0.705346
vt 0.596972 0.710243
vt 0.614438 0.698367
vt 0.602687 0.686512
vt 0.587990 0.680892
vt 0.598665 0.677491
vt 0.940381 0.010595
vt 0.935346 0.012720
vt 0.934484 0.017654
vt 0.601975 0.682616
vt 0.930668 0.010776
vt 0.930609 0.014345
vt 0.592308 0.675982
vt 0.593247 0.672624
vt 0.603750 0.676385
vt 0.064812 0.026338
vt 0.069132 0.028453
vt 0.069639 0.024723
vt 0.605295 0.647579
vt 0.594702 0.640319
vt 0.606170 0.635069
vt 0.609406 0.616172
vt 0.597716 0.610745
vt 0.419339 0.362765
vt 0.416499 0.357830
vt 0.418776 0.355654
vt 0.597092 0.980069
vt 0.607965 0.979003
vt 0.607688 0.980062
vt 0.607659 0.972803
vt 0.608666 0.979229
vt 0.609418 0.978996
vt 0.617387 0.980021
vt 0.616975 0.972861
vt 0.614108 0.972683
vt 0.388605 0.184157
vt 0.381231 0.187837
vt 0.388683 0.186427
vt 0.608928 0.971276
vt 0.603195 0.963873
vt 0.607255 0.968920
vt 0.614389 0.938203
vt 0.618318 0.938089
vt 0.615060 0.927445
vt 0.607344 0.926188
vt 0.618360 0.924412
vt 0.619206 0.880791
vt 0.601638 0.889235
vt 0.618487 0.887171
vt 0.610766 0.878761
vt 0.600174 0.886783
vt 0.955735 0.006655
vt 0.960036 0.004443
vt 0.960421 0.009469
vt 0.607784 0.876396
vt 0.622953 0.846757
vt 0.924349 0.040868
vt 0.931192 0.041863
vt 0.928612 0.046922
vt 0.605803 0.844786
vt 0.609709 0.841899
vt 0.932035 0.046272
vt 0.605050 0.842133
vt 0.318144 0.236630
vt 0.321093 0.232913
vt 0.317134 0.231584
vt 0.600802 0.843304
vt 0.603994 0.841456
vt 0.607653 0.838718
vt 0.597424 0.781159
vt 0.621477 0.802599
vt 0.602298 0.757397
vt 0.606608 0.759095
vt 0.604135 0.756769
vt 0.606619 0.754818
vt 0.869238 0.551463
vt 0.628867 0.761338
vt 0.613020 0.737513
vt 0.607125 0.734033
vt 0.608896 0.737769
vt 0.602157 0.731418
vt 0.972705 0.856499
vt 0.971827 0.859049
vt 0.974066 0.860242
vt 0.608517 0.735435
vt 0.607125 0.734033
vt 0.610725 0.734468
vt 0.604005 0.730042
vt 0.678755 0.213421
vt 0.677063 0.207985
vt 0.680862 0.205348
vt 0.606442 0.726627
vt 0.621884 0.728981
vt 0.621217 0.723246
vt 0.610438 0.720937
vt 0.608327 0.718883
vt 0.612459 0.719514
vt 0.976178 0.746216
vt 0.979459 0.747353
vt 0.974582 0.748400
vt 0.977931 0.749406
vt 0.979496 0.755365
vt 0.605146 0.710039
vt 0.980516 0.076186
vt 0.611214 0.711845
vt 0.611217 0.711868
vt 0.616141 0.713913
vt 0.608104 0.708444
vt 0.617242 0.705869
vt 0.620400 0.693704
vt 0.929359 0.620081
vt 0.928819 0.627597
vt 0.924487 0.620110
vt 0.926144 0.623180
vt 0.606890 0.686724
vt 0.612357 0.684972
vt 0.618101 0.683157
vt 0.923412 0.627099
vt 0.990509 0.857215
vt 0.992476 0.857580
vt 0.987479 0.861359
vt 0.992485 0.863685
vt 0.607727 0.681739
vt 0.612269 0.653816
vt 0.610772 0.650000
vt 0.356212 0.177465
vt 0.358177 0.174067
vt 0.361222 0.177610
vt 0.931366 0.350741
vt 0.932368 0.356727
vt 0.937945 0.350727
vt 0.608385 0.642587
vt 0.004675 0.163756
vt 0.010521 0.160949
vt 0.001511 0.160949
vt 0.619518 0.634867
vt 0.607861 0.631750
vt 0.613564 0.619031
vt 0.372244 0.231584
vt 0.372244 0.236630
vt 0.367726 0.232177
vt 0.609405 0.616171
vt 0.603154 0.611218
vt 0.608552 0.602480
vt 0.363761 0.234904
vt 0.594087 0.604214
vt 0.599668 0.600366
vt 0.599946 0.606773
vt 0.419339 0.351665
vt 0.603060 0.599034
vt 0.609686 0.599049
vt 0.611701 0.600025
vt 0.981463 0.184536
vt 0.980461 0.187185
vt 0.980461 0.183148
vt 0.619293 0.979452
vt 0.621961 0.979143
vt 0.621588 0.980054
vt 0.633398 0.978562
vt 0.631247 0.979905
vt 0.626077 0.974609
vt 0.610705 0.966788
vt 0.624829 0.955845
vt 0.617108 0.951030
vt 0.616948 0.947093
vt 0.620482 0.947317
vt 0.625908 0.951385
vt 0.635957 0.944968
vt 0.618360 0.924412
vt 0.623770 0.906198
vt 0.643963 0.930001
vt 0.027545 0.357903
vt 0.029559 0.366801
vt 0.026302 0.364968
vt 0.620505 0.884811
vt 0.998497 0.684525
vt 0.997484 0.687681
vt 0.993928 0.683671
vt 0.025043 0.480874
vt 0.021901 0.477801
vt 0.029559 0.479699
vt 0.021765 0.484587
vt 0.623589 0.867397
vt 0.621906 0.877532
vt 0.839487 0.026741
vt 0.838713 0.019086
vt 0.830656 0.021999
vt 0.624346 0.861476
vt 0.742348 0.019770
vt 0.739980 0.017659
vt 0.741944 0.023469
vt 0.621724 0.838805
vt 0.625170 0.843585
vt 0.633840 0.834591
vt 0.622398 0.835736
vt 0.621064 0.807410
vt 0.620511 0.804731
vt 0.997495 0.392435
vt 0.993238 0.391051
vt 0.995850 0.390126
vt 0.628945 0.764310
vt 0.991483 0.496973
vt 0.989473 0.492921
vt 0.991483 0.493155
vt 0.628772 0.752930
vt 0.632710 0.739013
vt 0.623577 0.734041
vt 0.628509 0.723823
vt 0.628691 0.719640
vt 0.617243 0.716951
vt 0.630067 0.716681
vt 0.543208 0.006460
vt 0.543781 0.012108
vt 0.545868 0.007240
vt 0.540581 0.004432
vt 0.546826 0.002835
vt 0.550637 0.005427
vt 0.616175 0.711176
vt 0.619073 0.707085
vt 0.620418 0.711442
vt 0.624805 0.700498
vt 0.631602 0.704086
vt 0.622723 0.698227
vt 0.558682 0.001622
vt 0.563999 0.008136
vt 0.566535 0.002220
vt 0.567356 0.003822
vt 0.625226 0.691666
vt 0.637110 0.684443
vt 0.929361 0.632810
vt 0.924148 0.638024
vt 0.620821 0.665995
vt 0.027136 0.395055
vt 0.030221 0.391048
vt 0.024769 0.388314
vt 0.610882 0.650087
vt 0.636398 0.639907
vt 0.392441 0.644208
vt 0.396153 0.643235
vt 0.392136 0.648720
vt 0.628727 0.601841
vt 0.610825 0.605246
vt 0.615538 0.615006
vt 0.615469 0.610179
vt 0.612754 0.599036
vt 0.622757 0.599082
vt 0.623218 0.600758
vt 0.526553 0.984654
vt 0.527180 0.985976
vt 0.532564 0.986382
vt 0.624277 0.599937
vt 0.628380 0.973711
vt 0.632721 0.979715
vt 0.634077 0.979361
vt 0.635384 0.977732
vt 0.633835 0.980054
vt 0.634097 0.979358
vt 0.637108 0.978219
vt 0.412241 0.008254
vt 0.410101 0.006559
vt 0.408317 0.008234
vt 0.642025 0.973441
vt 0.644534 0.972764
vt 0.644306 0.961306
vt 0.637586 0.950918
vt 0.639488 0.941746
vt 0.638372 0.948068
vt 0.636153 0.945354
vt 0.633295 0.913039
vt 0.943387 0.196501
vt 0.939814 0.188549
vt 0.942745 0.188392
vt 0.940127 0.195594
vt 0.633295 0.913039
vt 0.630324 0.910115
vt 0.631927 0.907753
vt 0.003507 0.070506
vt 0.009190 0.064174
vt 0.011057 0.071240
vt 0.621752 0.890748
vt 0.620792 0.884901
vt 0.636765 0.886986
vt 0.438377 0.002523
vt 0.436914 0.010628
vt 0.433289 0.003738
vt 0.636472 0.876257
vt 0.643552 0.862865
vt 0.647034 0.843497
vt 0.613250 0.097360
vt 0.613620 0.093340
vt 0.610721 0.093340
vt 0.629675 0.848805
vt 0.641916 0.842523
vt 0.631690 0.836172
vt 0.638568 0.840898
vt 0.727743 0.076858
vt 0.723947 0.075717
vt 0.727520 0.070565
vt 0.637116 0.837764
vt 0.644550 0.841026
vt 0.642561 0.817875
vt 0.639229 0.832084
vt 0.645864 0.831660
vt 0.653602 0.791163
vt 0.593687 0.127159
vt 0.596293 0.129667
vt 0.600474 0.127123
vt 0.629732 0.757182
vt 0.632744 0.759556
vt 0.632228 0.755346
vt 0.629444 0.755539
vt 0.630237 0.748037
vt 0.362716 0.075862
vt 0.355622 0.070679
vt 0.355882 0.076984
vt 0.634231 0.735572
vt 0.939283 0.477413
vt 0.939378 0.473038
vt 0.936202 0.478809
vt 0.936602 0.472755
vt 0.933245 0.473587
vt 0.633671 0.730435
vt 0.636670 0.736464
vt 0.633195 0.726320
vt 0.645395 0.723093
vt 0.636529 0.718900
vt 0.630109 0.713328
vt 0.631675 0.701626
vt 0.624913 0.700500
vt 0.627543 0.690852
vt 0.639161 0.693344
vt 0.569639 0.001514
vt 0.638577 0.688501
vt 0.651994 0.670619
vt 0.629097 0.664872
vt 0.626126 0.662347
vt 0.028935 0.436606
vt 0.030308 0.440464
vt 0.027930 0.440064
vt 0.626333 0.662274
vt 0.628546 0.661576
vt 0.634109 0.665467
vt 0.629281 0.636604
vt 0.638289 0.608598
vt 0.624273 0.599937
vt 0.635729 0.599121
vt 0.625234 0.599039
vt 0.638854 0.599182
vt 0.641129 0.608839
vt 0.644574 0.979998
vt 0.645292 0.976554
vt 0.645010 0.978236
vt 0.646155 0.979896
vt 0.649444 0.976452
vt 0.971437 0.607223
vt 0.968140 0.610021
vt 0.971443 0.602610
vt 0.968203 0.601919
vt 0.656136 0.965597
vt 0.649982 0.973193
vt 0.979511 0.323822
vt 0.985963 0.319333
vt 0.977235 0.316598
vt 0.642245 0.951529
vt 0.643335 0.959608
vt 0.839144 0.585958
vt 0.841761 0.587790
vt 0.843186 0.582745
vt 0.642245 0.951529
vt 0.650455 0.913342
vt 0.652643 0.910873
vt 0.662206 0.894149
vt 0.642378 0.881785
vt 0.429359 0.004429
vt 0.435004 0.014632
vt 0.430024 0.012029
vt 0.641147 0.876591
vt 0.642065 0.862830
vt 0.658816 0.848730
vt 0.986809 0.583884
vt 0.985728 0.578708
vt 0.988477 0.580660
vt 0.646498 0.836584
vt 0.646563 0.799112
vt 0.660065 0.799806
vt 0.631312 0.762159
vt 0.686395 0.781591
vt 0.648151 0.762943
vt 0.657198 0.737244
vt 0.634785 0.741336
vt 0.640126 0.738385
vt 0.638278 0.738530
vt 0.642931 0.736951
vt 0.640127 0.738349
vt 0.639767 0.732837
vt 0.242491 0.093340
vt 0.243776 0.090339
vt 0.237976 0.090313
vt 0.648974 0.734268
vt 0.646151 0.730909
vt 0.807275 0.701148
vt 0.808116 0.707871
vt 0.804258 0.702231
vt 0.654455 0.724586
vt 0.946393 0.417255
vt 0.941299 0.423119
vt 0.941574 0.418239
vt 0.788033 0.887572
vt 0.786072 0.886760
vt 0.788076 0.884460
vt 0.652212 0.719431
vt 0.646213 0.716443
vt 0.644281 0.714713
vt 0.645951 0.713651
vt 0.642787 0.709548
vt 0.153650 0.059105
vt 0.157275 0.054809
vt 0.157293 0.059479
vt 0.152806 0.061679
vt 0.158047 0.063068
vt 0.160599 0.062188
vt 0.646633 0.711565
vt 0.643369 0.709632
vt 0.650329 0.709953
vt 0.643897 0.706346
vt 0.160599 0.053986
vt 0.160822 0.056483
vt 0.645961 0.707252
vt 0.649328 0.703025
vt 0.649908 0.691623
vt 0.641301 0.688956
vt 0.047720 0.195260
vt 0.043587 0.197076
vt 0.049987 0.199282
vt 0.642659 0.687664
vt 0.637239 0.684540
vt 0.649960 0.676869
vt 0.654789 0.682161
vt 0.663661 0.664069
vt 0.650967 0.647011
vt 0.669586 0.629515
vt 0.641595 0.605208
vt 0.648551 0.601261
vt 0.651683 0.601678
vt 0.657957 0.607888
vt 0.646551 0.599125
vt 0.648278 0.599842
vt 0.943931 0.522512
vt 0.941439 0.524201
vt 0.948238 0.524825
vt 0.656722 0.980271
vt 0.662211 0.973853
vt 0.657750 0.979696
vt 0.658461 0.980060
vt 0.657806 0.970721
vt 0.664137 0.969527
vt 0.980083 0.315185
vt 0.653170 0.939697
vt 0.658518 0.945864
vt 0.365230 0.193239
vt 0.362820 0.196170
vt 0.358836 0.195531
vt 0.664398 0.943086
vt 0.365230 0.200303
vt 0.660378 0.942989
vt 0.650545 0.913354
vt 0.658135 0.915323
vt 0.863480 0.487923
vt 0.864753 0.491009
vt 0.871242 0.487891
vt 0.659723 0.872292
vt 0.657647 0.868824
vt 0.312124 0.200303
vt 0.315065 0.199727
vt 0.312952 0.198285
vt 0.664284 0.849677
vt 0.649682 0.836347
vt 0.662599 0.838251
vt 0.663041 0.832237
vt 0.666448 0.803492
vt 0.658951 0.803690
vt 0.662849 0.800290
vt 0.665743 0.754975
vt 0.666057 0.740114
vt 0.666272 0.751963
vt 0.662402 0.734509
vt 0.658667 0.732781
vt 0.657789 0.729238
vt 0.660413 0.729063
vt 0.661560 0.731470
vt 0.117403 0.098327
vt 0.117055 0.103632
vt 0.120056 0.097416
vt 0.938466 0.421255
vt 0.937396 0.419324
vt 0.661276 0.717392
vt 0.938915 0.427306
vt 0.654216 0.722198
vt 0.655909 0.716410
vt 0.943289 0.428699
vt 0.652189 0.713472
vt 0.649801 0.712539
vt 0.668384 0.708813
vt 0.656107 0.712825
vt 0.666734 0.711904
vt 0.666698 0.710070
vt 0.652434 0.704282
vt 0.661610 0.703739
vt 0.657241 0.702434
vt 0.655106 0.700706
vt 0.793086 0.043895
vt 0.790471 0.042106
vt 0.791773 0.040334
vt 0.652778 0.699364
vt 0.655161 0.696574
vt 0.654218 0.699099
vt 0.787074 0.041473
vt 0.788482 0.037988
vt 0.793086 0.037841
vt 0.657074 0.702434
vt 0.658010 0.698640
vt 0.660362 0.699679
vt 0.992098 0.384124
vt 0.995491 0.381937
vt 0.995491 0.386983
vt 0.660966 0.690264
vt 0.475422 0.157104
vt 0.471443 0.156912
vt 0.474058 0.162831
vt 0.653337 0.689619
vt 0.683415 0.681078
vt 0.672396 0.682872
vt 0.652552 0.674864
vt 0.991298 0.479179
vt 0.986918 0.477346
vt 0.995254 0.473839
vt 0.656599 0.670733
vt 0.653121 0.668479
vt 0.666442 0.610379
vt 0.947694 0.522200
vt 0.660316 0.600513
vt 0.795517 0.527246
vt 0.792177 0.519860
vt 0.798087 0.518839
vt 0.652431 0.599715
vt 0.666719 0.599124
vt 0.666195 0.979059
vt 0.669003 0.979718
vt 0.045684 0.025732
vt 0.048393 0.027715
vt 0.048597 0.025732
vt 0.044589 0.028759
vt 0.665541 0.976497
vt 0.252004 0.118567
vt 0.256890 0.120353
vt 0.257014 0.118567
vt 0.666365 0.975316
vt 0.668691 0.977733
vt 0.670267 0.980054
vt 0.668642 0.979277
vt 0.674552 0.979981
vt 0.676757 0.976900
vt 0.252144 0.121594
vt 0.663863 0.971994
vt 0.663860 0.971995
vt 0.679988 0.973156
vt 0.682987 0.965244
vt 0.674678 0.940219
vt 0.669219 0.948004
vt 0.658136 0.915323
vt 0.659894 0.895122
vt 0.387549 0.889208
vt 0.387676 0.880424
vt 0.390281 0.885174
vt 0.686150 0.904862
vt 0.702539 0.885910
vt 0.660245 0.871081
vt 0.669282 0.853773
vt 0.664093 0.846077
vt 0.041300 0.136518
vt 0.044508 0.134712
vt 0.040733 0.139432
vt 0.047465 0.137333
vt 0.043502 0.139614
vt 0.667452 0.844265
vt 0.039686 0.143244
vt 0.047595 0.146703
vt 0.667804 0.848909
vt 0.667932 0.845425
vt 0.675474 0.848005
vt 0.667723 0.839962
vt 0.684157 0.840981
vt 0.664228 0.836028
vt 0.642673 0.817878
vt 0.663521 0.801740
vt 0.684546 0.798613
vt 0.683201 0.802805
vt 0.286351 0.031426
vt 0.289616 0.029402
vt 0.287942 0.040174
vt 0.676925 0.745220
vt 0.668364 0.736888
vt 0.130255 0.095506
vt 0.123140 0.096311
vt 0.129112 0.099480
vt 0.123030 0.103260
vt 0.667476 0.730095
vt 0.670344 0.731188
vt 0.594523 0.184157
vt 0.597441 0.182910
vt 0.588677 0.182139
vt 0.664129 0.725503
vt 0.664971 0.718044
vt 0.667480 0.730093
vt 0.672976 0.725175
vt 0.675698 0.729492
vt 0.595709 0.109485
vt 0.593097 0.112608
vt 0.604473 0.109538
vt 0.600871 0.113850
vt 0.602572 0.115535
vt 0.671829 0.712807
vt 0.672530 0.708403
vt 0.675991 0.711133
vt 0.607715 0.113055
vt 0.661610 0.703739
vt 0.670767 0.700420
vt 0.675682 0.693267
vt 0.602594 0.982699
vt 0.603622 0.986206
vt 0.596693 0.986377
vt 0.667516 0.688201
vt 0.679748 0.685299
vt 0.682360 0.660692
vt 0.670941 0.640188
vt 0.669050 0.632245
vt 0.288076 0.018668
vt 0.279378 0.018855
vt 0.281969 0.024723
vt 0.669021 0.632172
vt 0.670642 0.631641
vt 0.674890 0.633472
vt 0.806112 0.318365
vt 0.802530 0.318365
vt 0.804978 0.320346
vt 0.681787 0.619882
vt 0.672696 0.611617
vt 0.670804 0.608109
vt 0.667903 0.601704
vt 0.665047 0.603280
vt 0.787094 0.854337
vt 0.786150 0.849600
vt 0.793079 0.849753
vt 0.797218 0.515953
vt 0.665749 0.600907
vt 0.668055 0.599871
vt 0.671581 0.605030
vt 0.671485 0.600449
vt 0.503507 0.999495
vt 0.503345 0.997477
vt 0.499590 0.997938
vt 0.673155 0.599051
vt 0.687782 0.978204
vt 0.691799 0.977309
vt 0.699428 0.960795
vt 0.689807 0.948383
vt 0.684960 0.939958
vt 0.703349 0.929121
vt 0.691480 0.859931
vt 0.681984 0.849143
vt 0.671875 0.854417
vt 0.684253 0.842720
vt 0.651984 0.210811
vt 0.651804 0.205496
vt 0.653270 0.211749
vt 0.684253 0.842720
vt 0.685693 0.840981
vt 0.688789 0.841537
vt 0.655599 0.207473
vt 0.688110 0.839493
vt 0.686294 0.836468
vt 0.692690 0.832370
vt 0.700838 0.812235
vt 0.683105 0.805475
vt 0.407442 0.579788
vt 0.408317 0.586781
vt 0.404309 0.582988
vt 0.028676 0.455345
vt 0.026738 0.451481
vt 0.030561 0.450993
vt 0.676915 0.786954
vt 0.678400 0.783683
vt 0.678189 0.785053
vt 0.293618 0.037045
vt 0.292248 0.040333
vt 0.293200 0.041399
vt 0.696983 0.757527
vt 0.694726 0.760910
vt 0.681912 0.736215
vt 0.681912 0.736214
vt 0.690327 0.736881
vt 0.675699 0.729492
vt 0.684108 0.727937
vt 0.689317 0.735899
vt 0.339899 0.078204
vt 0.347667 0.073219
vt 0.339870 0.069433
vt 0.344524 0.069712
vt 0.351427 0.069677
vt 0.679607 0.727015
vt 0.346316 0.064778
vt 0.342963 0.067345
vt 0.679133 0.721886
vt 0.345284 0.062059
vt 0.681708 0.725196
vt 0.688789 0.717557
vt 0.687494 0.726997
vt 0.680810 0.719615
vt 0.679178 0.716975
vt 0.640782 0.073456
vt 0.640274 0.076174
vt 0.637776 0.073158
vt 0.024549 0.233251
vt 0.030944 0.234472
vt 0.026680 0.230575
vt 0.680577 0.713428
vt 0.681012 0.716397
vt 0.032565 0.230575
vt 0.681221 0.707434
vt 0.688197 0.711910
vt 0.684126 0.708992
vt 0.680223 0.700761
vt 0.773110 0.020523
vt 0.778793 0.022238
vt 0.773221 0.023450
vt 0.779838 0.016420
vt 0.696091 0.702131
vt 0.686753 0.704338
vt 0.683101 0.691106
vt 0.682060 0.689059
vt 0.683454 0.685470
vt 0.692387 0.684595
vt 0.677237 0.682900
vt 0.686675 0.625844
vt 0.688348 0.611679
vt 0.685717 0.611347
vt 0.684949 0.608061
vt 0.687829 0.609463
vt 0.641677 0.126759
vt 0.637429 0.132095
vt 0.643129 0.127957
vt 0.638408 0.127891
vt 0.636701 0.130769
vt 0.686287 0.605070
vt 0.679622 0.601827
vt 0.678517 0.599837
vt 0.634076 0.129695
vt 0.630079 0.126640
vt 0.630575 0.129862
vt 0.634781 0.132478
vt 0.631331 0.131908
vt 0.633056 0.133168
vt 0.627756 0.126759
vt 0.680053 0.599019
vt 0.682651 0.600755
vt 0.684561 0.600107
vt 0.699108 0.598984
vt 0.686479 0.600906
vt 0.689636 0.979019
vt 0.704205 0.979866
vt 0.694125 0.979227
vt 0.961850 0.509780
vt 0.965767 0.511100
vt 0.968437 0.509082
vt 0.708158 0.978025
vt 0.709299 0.972718
vt 0.708330 0.967619
vt 0.701141 0.937279
vt 0.702103 0.950131
vt 0.713865 0.915118
vt 0.706982 0.888318
vt 0.697707 0.898943
vt 0.707892 0.882177
vt 0.698533 0.860408
vt 0.696157 0.858668
vt 0.698605 0.858861
vt 0.717735 0.849383
vt 0.697280 0.846063
vt 0.693369 0.844494
vt 0.689468 0.845318
vt 0.179860 0.230575
vt 0.176742 0.231876
vt 0.177207 0.234337
vt 0.979450 0.906664
vt 0.975790 0.902834
vt 0.979450 0.900758
vt 0.976934 0.899041
vt 0.689853 0.843400
vt 0.696349 0.843930
vt 0.170842 0.230575
vt 0.700043 0.839958
vt 0.655812 0.202321
vt 0.686472 0.803175
vt 0.696307 0.790447
vt 0.693379 0.787198
vt 0.697982 0.786413
vt 0.695107 0.787536
vt 0.908317 0.025998
vt 0.903818 0.027017
vt 0.904402 0.022759
vt 0.726912 0.775812
vt 0.697858 0.760886
vt 0.735187 0.035485
vt 0.737082 0.031169
vt 0.738978 0.035093
vt 0.700413 0.736253
vt 0.707382 0.743079
vt 0.691226 0.734428
vt 0.331341 0.073924
vt 0.336120 0.070793
vt 0.329940 0.066841
vt 0.694349 0.728145
vt 0.332850 0.063802
vt 0.701446 0.730711
vt 0.692330 0.724509
vt 0.701981 0.726797
vt 0.708688 0.716765
vt 0.694888 0.713511
vt 0.526132 0.091322
vt 0.522125 0.097773
vt 0.530181 0.092449
vt 0.528985 0.100404
vt 0.699434 0.708831
vt 0.695893 0.695426
vt 0.700124 0.691906
vt 0.696695 0.683736
vt 0.696796 0.676546
vt 0.109302 0.196496
vt 0.101951 0.196568
vt 0.106143 0.200303
vt 0.693020 0.675361
vt 0.692815 0.664381
vt 0.567924 0.190599
vt 0.565900 0.186671
vt 0.568927 0.182322
vt 0.697705 0.665324
vt 0.695890 0.662908
vt 0.742986 0.046922
vt 0.744954 0.048850
vt 0.746994 0.046922
vt 0.693466 0.662000
vt 0.697620 0.663537
vt 0.568471 0.180296
vt 0.571486 0.178103
vt 0.700013 0.661113
vt 0.702652 0.655214
vt 0.698879 0.630333
vt 0.006388 0.177264
vt 0.006513 0.184157
vt 0.000501 0.181951
vt 0.000971 0.180119
vt 0.691366 0.626465
vt 0.701805 0.627426
vt 0.697043 0.629324
vt 0.798096 0.575466
vt 0.793086 0.578685
vt 0.794744 0.572752
vt 0.687755 0.620649
vt 0.689579 0.625023
vt 0.700194 0.625403
vt 0.690733 0.610236
vt 0.643528 0.131475
vt 0.689269 0.607095
vt 0.692821 0.608449
vt 0.686815 0.602691
vt 0.708382 0.609527
vt 0.706727 0.979816
vt 0.708343 0.979376
vt 0.711219 0.979380
vt 0.792209 0.512967
vt 0.792084 0.511548
vt 0.795090 0.513118
vt 0.795090 0.511100
vt 0.710095 0.976405
vt 0.711125 0.977445
vt 0.710645 0.973966
vt 0.794099 0.426735
vt 0.790878 0.422207
vt 0.796096 0.427369
vt 0.793591 0.416226
vt 0.708924 0.962690
vt 0.705181 0.951476
vt 0.162474 0.092639
vt 0.159820 0.094906
vt 0.168376 0.102345
vt 0.716062 0.932330
vt 0.703928 0.930284
vt 0.963837 0.081341
vt 0.965869 0.073376
vt 0.967361 0.075860
vt 0.705147 0.932818
vt 0.711792 0.886974
vt 0.957415 0.475551
vt 0.952405 0.476791
vt 0.957361 0.467262
vt 0.953891 0.469903
vt 0.712428 0.882323
vt 0.666696 0.208804
vt 0.660658 0.205348
vt 0.667905 0.212459
vt 0.719895 0.870281
vt 0.722661 0.857572
vt 0.726801 0.842786
vt 0.715805 0.836252
vt 0.712754 0.822270
vt 0.720106 0.834740
vt 0.731178 0.802702
vt 0.731031 0.756600
vt 0.705516 0.737272
vt 0.322193 0.067197
vt 0.316053 0.064175
vt 0.315473 0.070546
vt 0.325678 0.064131
vt 0.312790 0.065890
vt 0.320666 0.062931
vt 0.312124 0.062059
vt 0.708393 0.729257
vt 0.714241 0.727018
vt 0.712296 0.712356
vt 0.706456 0.693485
vt 0.702770 0.694561
vt 0.700141 0.691934
vt 0.448664 0.064661
vt 0.452815 0.068167
vt 0.447395 0.069446
vt 0.453148 0.074642
vt 0.454200 0.063872
vt 0.453483 0.058022
vt 0.698579 0.670109
vt 0.708407 0.661020
vt 0.706811 0.654786
vt 0.704720 0.655517
vt 0.398315 0.801654
vt 0.391113 0.797882
vt 0.394433 0.796223
vt 0.719235 0.645173
vt 0.712373 0.629136
vt 0.919720 0.884831
vt 0.921249 0.884125
vt 0.918341 0.890343
vt 0.921343 0.890486
vt 0.982995 0.709889
vt 0.986392 0.705856
vt 0.980461 0.708164
vt 0.980762 0.705853
vt 0.703572 0.626861
vt 0.702833 0.621993
vt 0.717733 0.623649
vt 0.709826 0.604391
vt 0.719546 0.599852
vt 0.718933 0.599060
vt 0.711125 0.977445
vt 0.717062 0.978613
vt 0.712971 0.975755
vt 0.725804 0.980094
vt 0.714853 0.974240
vt 0.802176 0.713925
vt 0.802104 0.715458
vt 0.804773 0.713925
vt 0.718809 0.972906
vt 0.720244 0.979381
vt 0.504578 0.022704
vt 0.506439 0.021785
vt 0.504509 0.018668
vt 0.507515 0.018668
vt 0.720243 0.977254
vt 0.728497 0.977446
vt 0.804578 0.716627
vt 0.711709 0.973458
vt 0.712565 0.965463
vt 0.934369 0.395576
vt 0.931859 0.401110
vt 0.931363 0.395528
vt 0.720278 0.943932
vt 0.744344 0.948070
vt 0.720976 0.939617
vt 0.723881 0.936442
vt 0.727030 0.931878
vt 0.715931 0.890600
vt 0.727932 0.896845
vt 0.669956 0.205348
vt 0.675852 0.206038
vt 0.715957 0.880994
vt 0.715957 0.880994
vt 0.727907 0.086276
vt 0.724085 0.090438
vt 0.730205 0.090968
vt 0.726146 0.849270
vt 0.730337 0.840924
vt 0.725741 0.818798
vt 0.722946 0.815615
vt 0.720737 0.818369
vt 0.013421 0.021695
vt 0.009072 0.022151
vt 0.010410 0.026741
vt 0.389945 0.676847
vt 0.386295 0.672291
vt 0.392304 0.668805
vt 0.711728 0.731745
vt 0.729814 0.728876
vt 0.728356 0.710927
vt 0.729006 0.693026
vt 0.710075 0.692937
vt 0.721254 0.685187
vt 0.704488 0.689789
vt 0.701747 0.686398
vt 0.724479 0.681720
vt 0.335122 0.126776
vt 0.343026 0.127236
vt 0.333166 0.122603
vt 0.717294 0.631852
vt 0.720231 0.629889
vt 0.724933 0.629183
vt 0.720221 0.629835
vt 0.028500 0.143353
vt 0.026409 0.149458
vt 0.023773 0.145518
vt 0.717842 0.623701
vt 0.715766 0.613090
vt 0.722497 0.625239
vt 0.714566 0.609816
vt 0.919240 0.037841
vt 0.916998 0.043881
vt 0.919339 0.041637
vt 0.717053 0.609729
vt 0.724654 0.610716
vt 0.715766 0.613090
vt 0.910321 0.044091
vt 0.913402 0.045913
vt 0.911057 0.038136
vt 0.713294 0.604162
vt 0.735690 0.599595
vt 0.721324 0.599093
vt 0.316898 0.108489
vt 0.316895 0.112513
vt 0.315180 0.110669
vt 0.732245 0.975642
vt 0.728367 0.979732
vt 0.730727 0.979502
vt 0.733587 0.979885
vt 0.733472 0.979895
vt 0.737358 0.979384
vt 0.740976 0.980096
vt 0.608479 0.001514
vt 0.606714 0.005254
vt 0.612253 0.003355
vt 0.610827 0.007568
vt 0.730211 0.979906
vt 0.735606 0.964886
vt 0.619592 0.004698
vt 0.737146 0.968208
vt 0.735893 0.963338
vt 0.739506 0.962690
vt 0.748070 0.954606
vt 0.725218 0.942250
vt 0.932978 0.937931
vt 0.935148 0.933591
vt 0.930110 0.932895
vt 0.744081 0.944253
vt 0.740343 0.915165
vt 0.741627 0.923999
vt 0.733925 0.898805
vt 0.729859 0.895517
vt 0.925138 0.606963
vt 0.926782 0.603483
vt 0.921347 0.601945
vt 0.924097 0.601977
vt 0.731581 0.892158
vt 0.730813 0.893850
vt 0.731629 0.892188
vt 0.732925 0.896169
vt 0.740421 0.878778
vt 0.733872 0.865805
vt 0.728399 0.848837
vt 0.740054 0.847255
vt 0.800431 0.428985
vt 0.799454 0.422375
vt 0.802486 0.427829
vt 0.729270 0.844702
vt 0.801840 0.419443
vt 0.805110 0.420666
vt 0.738599 0.843728
vt 0.730555 0.835469
vt 0.745732 0.840217
vt 0.732962 0.826657
vt 0.720319 0.834930
vt 0.731955 0.823357
vt 0.962168 0.135581
vt 0.962425 0.141776
vt 0.960421 0.138760
vt 0.071542 0.168732
vt 0.070641 0.172048
vt 0.073134 0.170987
vt 0.732161 0.823541
vt 0.728934 0.819481
vt 0.734525 0.824580
vt 0.725741 0.818798
vt 0.728610 0.815211
vt 0.005511 0.026733
vt 0.725058 0.814987
vt 0.728578 0.776183
vt 0.753431 0.778209
vt 0.185558 0.001837
vt 0.185872 0.012579
vt 0.182893 0.010622
vt 0.979459 0.209384
vt 0.979399 0.213744
vt 0.977455 0.210091
vt 0.729527 0.771883
vt 0.494666 0.190827
vt 0.500501 0.190076
vt 0.493600 0.187185
vt 0.729977 0.762608
vt 0.951898 0.349200
vt 0.956476 0.353243
vt 0.956136 0.347819
vt 0.957915 0.351943
vt 0.959088 0.347629
vt 0.732864 0.756517
vt 0.733800 0.759127
vt 0.731464 0.696980
vt 0.734863 0.703941
vt 0.417595 0.481287
vt 0.415607 0.472961
vt 0.419339 0.475037
vt 0.733359 0.697210
vt 0.043671 0.122564
vt 0.047374 0.125734
vt 0.050793 0.123130
vt 0.044456 0.120619
vt 0.731085 0.688651
vt 0.738071 0.686469
vt 0.730042 0.682654
vt 0.740993 0.669653
vt 0.732221 0.643159
vt 0.739306 0.664032
vt 0.020001 0.135855
vt 0.019904 0.129258
vt 0.027426 0.120665
vt 0.741103 0.638367
vt 0.756746 0.620201
vt 0.727169 0.615333
vt 0.743373 0.614290
vt 0.734934 0.609459
vt 0.935635 0.529867
vt 0.937369 0.534424
vt 0.934229 0.536376
vt 0.728165 0.609962
vt 0.727958 0.611738
vt 0.741697 0.612922
vt 0.731031 0.611160
vt 0.729111 0.606930
vt 0.935967 0.537806
vt 0.937354 0.540529
vt 0.935017 0.537650
vt 0.931832 0.541091
vt 0.740642 0.606325
vt 0.731707 0.599066
vt 0.736571 0.975394
vt 0.743355 0.979477
vt 0.747777 0.971788
vt 0.740155 0.968996
vt 0.750871 0.977838
vt 0.623693 0.007201
vt 0.625751 0.003833
vt 0.995512 0.570604
vt 0.994119 0.563812
vt 0.999495 0.566071
vt 0.990934 0.554737
vt 0.992858 0.554718
vt 0.745977 0.944591
vt 0.755551 0.917062
vt 0.751692 0.914099
vt 0.750255 0.911134
vt 0.758200 0.887184
vt 0.742697 0.871360
vt 0.756732 0.848587
vt 0.757023 0.868437
vt 0.743850 0.842881
vt 0.748274 0.846143
vt 0.763575 0.046922
vt 0.762057 0.049853
vt 0.767304 0.047762
vt 0.996218 0.225138
vt 0.991793 0.221704
vt 0.995378 0.219779
vt 0.742392 0.831170
vt 0.753990 0.838694
vt 0.758407 0.834122
vt 0.735209 0.828277
vt 0.757527 0.824383
vt 0.750406 0.774110
vt 0.734232 0.760673
vt 0.736391 0.758644
vt 0.761641 0.727239
vt 0.754467 0.717229
vt 0.407170 0.023541
vt 0.409319 0.019677
vt 0.404309 0.019677
vt 0.739368 0.708328
vt 0.765511 0.699053
vt 0.748514 0.692413
vt 0.749984 0.703364
vt 0.707916 0.032795
vt 0.710302 0.035822
vt 0.714930 0.035582
vt 0.734811 0.690991
vt 0.745175 0.685587
vt 0.747407 0.686836
vt 0.740993 0.669653
vt 0.742573 0.667482
vt 0.740708 0.666648
vt 0.207897 0.195257
vt 0.203842 0.195806
vt 0.206244 0.198285
vt 0.757986 0.662785
vt 0.758230 0.674244
vt 0.758232 0.655543
vt 0.745692 0.611808
vt 0.518142 0.194060
vt 0.518503 0.196266
vt 0.521543 0.193239
vt 0.711316 0.025215
vt 0.717936 0.027343
vt 0.711976 0.028759
vt 0.971442 0.508971
vt 0.973447 0.506055
vt 0.965431 0.506055
vt 0.745625 0.611750
vt 0.710922 0.021218
vt 0.713299 0.022347
vt 0.741616 0.602522
vt 0.714407 0.018668
vt 0.744087 0.609036
vt 0.745383 0.606982
vt 0.749042 0.607656
vt 0.714945 0.024597
vt 0.742947 0.606021
vt 0.758698 0.599125
vt 0.717936 0.019019
vt 0.744280 0.601013
vt 0.743697 0.980062
vt 0.754001 0.980061
vt 0.584771 0.127013
vt 0.583671 0.123219
vt 0.587037 0.128532
vt 0.589679 0.126810
vt 0.585531 0.120781
vt 0.756521 0.980038
vt 0.757135 0.977163
vt 0.764038 0.979928
vt 0.750487 0.974939
vt 0.753508 0.975652
vt 0.759492 0.958634
vt 0.764338 0.946502
vt 0.762259 0.931005
vt 0.963427 0.054995
vt 0.960922 0.059000
vt 0.959137 0.055558
vt 0.751749 0.914130
vt 0.753121 0.906253
vt 0.769662 0.901914
vt 0.800807 0.668815
vt 0.802838 0.668289
vt 0.800311 0.665756
vt 0.803007 0.670189
vt 0.751731 0.910661
vt 0.807114 0.670535
vt 0.760997 0.904037
vt 0.758623 0.894491
vt 0.656814 0.188194
vt 0.658339 0.193509
vt 0.660815 0.189406
vt 0.758550 0.870354
vt 0.763963 0.880502
vt 0.169226 0.004405
vt 0.163190 0.003166
vt 0.171844 0.011458
vt 0.746821 0.876521
vt 0.751002 0.845938
vt 0.529866 0.116549
vt 0.535605 0.111866
vt 0.526415 0.115925
vt 0.523883 0.112218
vt 0.998497 0.223062
vt 0.751842 0.842676
vt 0.761923 0.843408
vt 0.750358 0.841066
vt 0.767756 0.834877
vt 0.761653 0.818897
vt 0.771100 0.809365
vt 0.482252 0.190221
vt 0.484812 0.188522
vt 0.487395 0.191204
vt 0.753203 0.774437
vt 0.761178 0.767700
vt 0.764827 0.746489
vt 0.764082 0.741290
vt 0.762022 0.714002
vt 0.762386 0.726176
vt 0.755330 0.702411
vt 0.939379 0.543391
vt 0.939311 0.550075
vt 0.936373 0.548384
vt 0.755160 0.699176
vt 0.752038 0.695187
vt 0.764302 0.695278
vt 0.766340 0.689531
vt 0.990449 0.111507
vt 0.985471 0.114310
vt 0.987477 0.107467
vt 0.990481 0.117558
vt 0.752384 0.688718
vt 0.747406 0.686836
vt 0.758027 0.683842
vt 0.128216 0.233602
vt 0.129401 0.230640
vt 0.123494 0.232530
vt 0.751422 0.682877
vt 0.761124 0.677784
vt 0.536999 0.100039
vt 0.534704 0.095058
vt 0.537806 0.091536
vt 0.762504 0.665425
vt 0.758735 0.647546
vt 0.213062 0.146821
vt 0.210626 0.140556
vt 0.213933 0.142999
vt 0.760094 0.633816
vt 0.765330 0.629489
vt 0.764066 0.609358
vt 0.765904 0.604948
vt 0.765625 0.976728
vt 0.766958 0.979797
vt 0.769297 0.967965
vt 0.771973 0.980063
vt 0.008517 0.107467
vt 0.003511 0.104823
vt 0.008517 0.102422
vt 0.771893 0.965027
vt 0.415060 0.432392
vt 0.415136 0.438425
vt 0.413358 0.436259
vt 0.771321 0.961604
vt 0.769669 0.953127
vt 0.771500 0.953787
vt 0.772019 0.964782
vt 0.804225 0.595863
vt 0.799400 0.598087
vt 0.804651 0.598390
vt 0.801168 0.595863
vt 0.522408 0.211403
vt 0.515531 0.211403
vt 0.522543 0.214508
vt 0.769977 0.950197
vt 0.770171 0.933704
vt 0.771838 0.948666
vt 0.771757 0.938372
vt 0.769596 0.924130
vt 0.923693 0.780460
vt 0.918361 0.780786
vt 0.920437 0.782543
vt 0.771323 0.933380
vt 0.771324 0.925071
vt 0.772013 0.934920
vt 0.763085 0.927817
vt 0.772013 0.886412
vt 0.766814 0.901875
vt 0.767056 0.900174
vt 0.416344 0.270941
vt 0.419339 0.276125
vt 0.417201 0.278975
vt 0.804108 0.659435
vt 0.806028 0.662462
vt 0.807114 0.659435
vt 0.804387 0.661970
vt 0.762934 0.897023
vt 0.768662 0.899818
vt 0.767102 0.900135
vt 0.768201 0.891640
vt 0.763188 0.898423
vt 0.927374 0.112392
vt 0.922417 0.117731
vt 0.922915 0.124622
vt 0.923902 0.113987
vt 0.919179 0.119169
vt 0.770367 0.886798
vt 0.920495 0.116250
vt 0.918337 0.112513
vt 0.770173 0.883897
vt 0.771331 0.868590
vt 0.772030 0.880401
vt 0.771975 0.869494
vt 0.769861 0.863920
vt 0.771320 0.868579
vt 0.772032 0.842185
vt 0.772017 0.866405
vt 0.759954 0.847196
vt 0.771331 0.844563
vt 0.760482 0.845046
vt 0.768841 0.843675
vt 0.771332 0.839973
vt 0.771533 0.828113
vt 0.772032 0.842185
vt 0.943375 0.010865
vt 0.941383 0.004541
vt 0.949399 0.005250
vt 0.768021 0.828810
vt 0.127213 0.129667
vt 0.127756 0.127649
vt 0.123747 0.127649
vt 0.768096 0.826969
vt 0.771532 0.828082
vt 0.771737 0.811842
vt 0.763978 0.795166
vt 0.771742 0.796394
vt 0.767328 0.775324
vt 0.769918 0.781212
vt 0.771664 0.792486
vt 0.771539 0.779905
vt 0.054609 0.115542
vt 0.051701 0.117227
vt 0.052502 0.115856
vt 0.771614 0.778554
vt 0.770965 0.774716
vt 0.962427 0.376163
vt 0.961576 0.365792
vt 0.965431 0.371596
vt 0.965210 0.377128
vt 0.767194 0.770200
vt 0.768647 0.773532
vt 0.769790 0.760943
vt 0.771379 0.765561
vt 0.771745 0.751675
vt 0.997904 0.351837
vt 0.993488 0.354684
vt 0.996121 0.354681
vt 0.771752 0.762531
vt 0.771362 0.748991
vt 0.771745 0.747348
vt 0.771529 0.731411
vt 0.768692 0.718187
vt 0.771283 0.725529
vt 0.771385 0.717562
vt 0.770005 0.714807
vt 0.771563 0.709315
vt 0.388676 0.930177
vt 0.394289 0.933905
vt 0.388983 0.932994
vt 0.771749 0.712887
vt 0.771453 0.700978
vt 0.771749 0.704888
vt 0.513730 0.066082
vt 0.514940 0.064083
vt 0.517465 0.067749
vt 0.767332 0.694002
vt 0.516906 0.060040
vt 0.770459 0.694113
vt 0.772001 0.691765
vt 0.768767 0.691107
vt 0.762803 0.681173
vt 0.765422 0.676402
vt 0.771241 0.660061
vt 0.762740 0.673380
vt 0.623747 0.077609
vt 0.626567 0.075218
vt 0.628580 0.081323
vt 0.765111 0.662969
vt 0.772022 0.641435
vt 0.625534 0.072485
vt 0.628584 0.072083
vt 0.762423 0.662580
vt 0.762324 0.661131
vt 0.762138 0.655936
vt 0.762327 0.661131
vt 0.765454 0.657219
vt 0.390173 0.093287
vt 0.392285 0.088295
vt 0.387959 0.088533
vt 0.762136 0.655911
vt 0.760896 0.652675
vt 0.216837 0.145165
vt 0.763730 0.650323
vt 0.215274 0.139494
vt 0.212028 0.134524
vt 0.217610 0.134316
vt 0.768203 0.647018
vt 0.771326 0.644120
vt 0.217439 0.129662
vt 0.770384 0.642976
vt 0.763619 0.644528
vt 0.770370 0.642978
vt 0.771350 0.627742
vt 0.770705 0.640200
vt 0.772022 0.641432
vt 0.770762 0.623469
vt 0.772004 0.625283
vt 0.419339 0.244702
vt 0.417661 0.240706
vt 0.419339 0.242122
vt 0.772080 0.599194
vt 0.772004 0.625283
vt 0.771312 0.605112
vt 0.509581 0.164127
vt 0.507515 0.159609
vt 0.512519 0.155961
vt 0.508783 0.155986
vt 0.769097 0.603046
vt 0.407929 0.578441
vt 0.406259 0.536408
vt 0.413157 0.578292
vt 0.412034 0.552813
vt 0.410992 0.547202
vt 0.410533 0.535061
vt 0.410798 0.490001
vt 0.405784 0.499781
vt 0.411641 0.456080
vt 0.407004 0.431649
vt 0.411977 0.409463
vt 0.407295 0.383016
vt 0.409231 0.368947
vt 0.412316 0.368782
vt 0.407685 0.350751
vt 0.411480 0.369124
vt 0.412764 0.338474
vt 0.412316 0.368784
vt 0.407952 0.323663
vt 0.411456 0.269890
vt 0.408964 0.272003
vt 0.408276 0.272936
vt 0.408276 0.272936
vt 0.408127 0.208703
vt 0.411454 0.269863
vt 0.412820 0.226802
vt 0.412885 0.208423
vt 0.241984 0.108214
vt 0.239171 0.108422
vt 0.241291 0.110532
vt 0.232071 0.109865
vt 0.237206 0.107297
vt 0.240513 0.105454
vt 0.209998 0.108085
vt 0.209949 0.107492
vt 0.211086 0.110283
vt 0.226626 0.110688
vt 0.207906 0.108114
vt 0.207873 0.107483
vt 0.198301 0.111123
vt 0.186002 0.105843
vt 0.181438 0.110310
vt 0.195895 0.110098
vt 0.185297 0.110654
vt 0.174842 0.105955
vt 0.169827 0.105818
vt 0.172257 0.108150
vt 0.171616 0.107681
vt 0.173368 0.110422
vt 0.178520 0.111565
vt 0.170922 0.110444
vt 0.171638 0.108395
vt 0.172096 0.111470
vt 0.168154 0.106314
vt 0.164834 0.105449
vt 0.161752 0.106059
vt 0.165586 0.111087
vt 0.151730 0.106095
vt 0.157637 0.111021
vt 0.161996 0.112272
vt 0.149977 0.110440
vt 0.153640 0.111842
vt 0.147286 0.106557
vt 0.149521 0.107975
vt 0.148291 0.107817
vt 0.148273 0.108360
vt 0.139302 0.108041
vt 0.147729 0.110973
vt 0.139278 0.109971
vt 0.140419 0.106706
vt 0.135708 0.108567
vt 0.136607 0.110666
vt 0.128983 0.110708
vt 0.129461 0.109063
vt 0.120244 0.110286
vt 0.124129 0.108404
vt 0.114855 0.108841
vt 0.110095 0.110662
vt 0.112008 0.108466
vt 0.107308 0.109506
vt 0.104720 0.110728
vt 0.099275 0.109540
vt 0.100925 0.110862
vt 0.091955 0.109656
vt 0.094293 0.111462
vt 0.081134 0.111935
vt 0.082332 0.110117
vt 0.070736 0.109972
vt 0.074438 0.112289
vt 0.061367 0.111559
vt 0.063288 0.109457
vt 0.059719 0.109640
vt 0.057194 0.110463
vt 0.051882 0.109965
vt 0.054072 0.111545
vt 0.046298 0.111611
vt 0.048280 0.109048
vt 0.046116 0.108525
vt 0.042857 0.109291
vt 0.036696 0.111855
vt 0.035755 0.108957
vt 0.036554 0.110323
vt 0.033169 0.110723
vt 0.032080 0.112539
vt 0.029221 0.110013
vt 0.022063 0.110827
vt 0.026363 0.108710
vt 0.025899 0.110177
vt 0.023177 0.109277
vt 0.020592 0.110037
vt 0.020634 0.111647
vt 0.012951 0.111781
vt 0.011065 0.109277
vt 0.007962 0.109347
vt 0.009724 0.109862
vt 0.009016 0.111759
vt 0.006121 0.112405
vt 0.003150 0.110579
vt 0.027555 0.251998
vt 0.029559 0.254793
vt 0.029559 0.249748
vt 0.175586 0.010637
vt 0.173072 0.011186
vt 0.175850 0.011466
vt 0.661705 0.066510
vt 0.661013 0.067771
vt 0.656844 0.066612
vt 0.047363 0.193536
vt 0.048683 0.192630
vt 0.049151 0.191766
vt 0.051899 0.193490
vt 0.053836 0.193140
vt 0.063721 0.193177
vt 0.061713 0.193682
vt 0.072231 0.191620
vt 0.100934 0.191684
vt 0.077349 0.193183
vt 0.088595 0.193101
vt 0.095730 0.193314
vt 0.103607 0.193572
vt 0.112061 0.191475
vt 0.118992 0.193174
vt 0.116520 0.191471
vt 0.134035 0.191659
vt 0.129738 0.193089
vt 0.135169 0.193580
vt 0.139969 0.193161
vt 0.154476 0.191384
vt 0.162461 0.193295
vt 0.163135 0.191515
vt 0.165120 0.193129
vt 0.180530 0.191355
vt 0.175359 0.193212
vt 0.184826 0.193262
vt 0.194452 0.191731
vt 0.200165 0.193594
vt 0.208936 0.193226
vt 0.241164 0.193301
vt 0.214413 0.191532
vt 0.238177 0.191442
vt 0.246411 0.192200
vt 0.245023 0.194248
vt 0.246774 0.192946
vt 0.257649 0.191476
vt 0.249751 0.193103
vt 0.263727 0.193303
vt 0.276722 0.192000
vt 0.276759 0.193425
vt 0.278522 0.193038
vt 0.286830 0.191487
vt 0.293777 0.193243
vt 0.306904 0.191551
vt 0.295414 0.194145
vt 0.296912 0.193064
vt 0.306954 0.193214
vt 0.335981 0.193096
vt 0.351246 0.191314
vt 0.340483 0.193692
vt 0.361527 0.192091
vt 0.360300 0.193003
vt 0.131361 0.039039
vt 0.131477 0.037900
vt 0.131530 0.033858
vt 0.128399 0.039814
vt 0.123407 0.039190
vt 0.127394 0.030557
vt 0.121079 0.030612
vt 0.131750 0.030700
vt 0.130193 0.030400
vt 0.119978 0.039006
vt 0.105978 0.038569
vt 0.112598 0.038840
vt 0.117951 0.030545
vt 0.114852 0.030546
vt 0.105242 0.030681
vt 0.124097 0.030690
vt 0.109144 0.038966
vt 0.106548 0.039230
vt 0.103157 0.038716
vt 0.102837 0.039071
vt 0.099764 0.038902
vt 0.096645 0.038858
vt 0.095546 0.030606
vt 0.098813 0.030525
vt 0.086012 0.030591
vt 0.090077 0.038887
vt 0.092423 0.030523
vt 0.089175 0.030633
vt 0.078105 0.038877
vt 0.079015 0.030468
vt 0.074245 0.038878
vt 0.082688 0.030749
vt 0.066239 0.030586
vt 0.070448 0.038723
vt 0.063885 0.038855
vt 0.060687 0.038786
vt 0.063013 0.030486
vt 0.059253 0.030677
vt 0.054319 0.038781
vt 0.043206 0.038594
vt 0.047886 0.038875
vt 0.051919 0.031550
vt 0.056580 0.030658
vt 0.053468 0.030631
vt 0.050329 0.030501
vt 0.046990 0.030614
vt 0.038231 0.039014
vt 0.031975 0.038967
vt 0.036944 0.030596
vt 0.035037 0.039039
vt 0.043797 0.030585
vt 0.028191 0.038751
vt 0.018649 0.038737
vt 0.020092 0.030416
vt 0.030416 0.030452
vt 0.023716 0.030372
vt 0.012486 0.038668
vt 0.006576 0.038446
vt 0.010298 0.039380
vt 0.009750 0.030186
vt 0.016959 0.030367
vt 0.013719 0.030325
vt 0.007247 0.030489
vt 0.006576 0.034908
vt 0.926385 0.107323
vt 0.921948 0.107336
vt 0.929339 0.107114
vt 0.920737 0.107228
vt 0.920613 0.076719
vt 0.925092 0.074919
vt 0.929349 0.073183
vt 0.922463 0.075504
vt 0.795268 0.604169
vt 0.798772 0.604112
vt 0.790747 0.604649
vt 0.806302 0.604127
vt 0.809573 0.604205
vt 0.812632 0.604333
vt 0.815869 0.604208
vt 0.819227 0.604277
vt 0.822413 0.604342
vt 0.829150 0.604260
vt 0.848616 0.604359
vt 0.855114 0.604402
vt 0.844369 0.604368
vt 0.858320 0.604353
vt 0.864786 0.604379
vt 0.871172 0.604463
vt 0.876241 0.604279
vt 0.880616 0.604529
vt 0.886892 0.604415
vt 0.883901 0.604553
vt 0.890002 0.604265
vt 0.900516 0.604404
vt 0.908850 0.604948
vt 0.906608 0.604277
vt 0.787140 0.634267
vt 0.787371 0.604171
vt 0.794327 0.634126
vt 0.790905 0.634025
vt 0.798312 0.634168
vt 0.805518 0.634224
vt 0.802189 0.634162
vt 0.808960 0.634371
vt 0.810194 0.635745
vt 0.841742 0.790885
vt 0.912272 0.604350
vt 0.911330 0.726844
vt 0.816386 0.728767
vt 0.810657 0.696880
vt 0.884017 0.790663
vt 0.810853 0.755934
vt 0.810638 0.761078
vt 0.854787 0.791059
vt 0.877336 0.790986
vt 0.810372 0.758667
vt 0.835281 0.791002
vt 0.864829 0.791135
vt 0.909504 0.791454
vt 0.896952 0.791333
vt 0.791073 0.762288
vt 0.795002 0.762171
vt 0.788764 0.762301
vt 0.799159 0.761988
vt 0.802618 0.762077
vt 0.798777 0.762259
vt 0.804721 0.761810
vt 0.831886 0.791003
vt 0.912073 0.791169
vt 0.799718 0.790985
vt 0.796196 0.790832
vt 0.792814 0.790891
vt 0.789126 0.790193
vt 0.802881 0.790965
vt 0.806266 0.790849
vt 0.816347 0.790924
vt 0.890407 0.791309
vt 0.903309 0.791296
vt 0.810032 0.790857
vt 0.825833 0.790935
vt 0.819772 0.790824
vt 0.828950 0.790963
vt 0.838520 0.790886
vt 0.845336 0.791124
vt 0.851748 0.791134
vt 0.876830 0.790700
vt 0.874591 0.791142
vt 0.883314 0.790755
vt 0.877628 0.791340
vt 0.877567 0.791392
vt 0.883904 0.791439
vt 0.883664 0.791054
vt 0.883961 0.791393
vt 0.887183 0.791365
vt 0.906277 0.791505
vt 0.965938 0.755014
vt 0.965606 0.752431
vt 0.969946 0.755204
vt 0.971419 0.748761
vt 0.972031 0.754679
vt 0.965708 0.748952
vt 0.971409 0.742414
vt 0.965726 0.745066
vt 0.965951 0.741937
vt 0.971322 0.739197
vt 0.965645 0.728106
vt 0.965770 0.718557
vt 0.966017 0.728417
vt 0.965851 0.715385
vt 0.971404 0.729697
vt 0.965893 0.731491
vt 0.971370 0.723195
vt 0.971332 0.719924
vt 0.971323 0.712854
vt 0.971430 0.716242
vt 0.965753 0.711952
vt 0.971397 0.706524
vt 0.965623 0.702448
vt 0.971477 0.709817
vt 0.971381 0.696911
vt 0.971318 0.700054
vt 0.965863 0.695385
vt 0.971280 0.693593
vt 0.965885 0.698679
vt 0.965816 0.688813
vt 0.971177 0.690345
vt 0.965735 0.682459
vt 0.971261 0.684053
vt 0.971282 0.680855
vt 0.971283 0.677602
vt 0.965797 0.679119
vt 0.971116 0.674243
vt 0.970963 0.667647
vt 0.965646 0.672724
vt 0.965661 0.669584
vt 0.965665 0.666227
vt 0.965590 0.659895
vt 0.971325 0.654318
vt 0.971072 0.660554
vt 0.971342 0.667923
vt 0.971082 0.663717
vt 0.971439 0.664151
vt 0.971383 0.661149
vt 0.965703 0.656183
vt 0.965769 0.652854
vt 0.965643 0.649657
vt 0.971355 0.647286
vt 0.971346 0.650317
vt 0.965521 0.636743
vt 0.971433 0.640624
vt 0.965626 0.639977
vt 0.965826 0.632344
vt 0.965683 0.646009
vt 0.971160 0.643726
vt 0.971532 0.644055
vt 0.971217 0.632818
vt 0.968140 0.600685
vt 0.963805 0.600810
vt 0.968216 0.591445
vt 0.967827 0.571346
vt 0.965551 0.570362
vt 0.961951 0.600564
vt 0.961536 0.575234
vt 0.962072 0.569642
vt 0.986304 0.345965
vt 0.986262 0.349427
vt 0.986349 0.342611
vt 0.980376 0.351405
vt 0.980030 0.338757
vt 0.981543 0.335238
vt 0.986201 0.338036
vt 0.986184 0.334152
vt 0.983577 0.334394
vt 0.986073 0.332500
vt 0.985811 0.351435
vt 0.979989 0.344923
vt 0.979575 0.348778
vt 0.979701 0.342272
vt 0.980274 0.335343
vt 0.797774 0.269781
vt 0.795108 0.269612
vt 0.797025 0.240806
vt 0.801264 0.269773
vt 0.805127 0.269766
vt 0.808403 0.269700
vt 0.831248 0.269723
vt 0.821814 0.269762
vt 0.834571 0.269748
vt 0.843266 0.269686
vt 0.837980 0.269668
vt 0.847641 0.269577
vt 0.856693 0.184323
vt 0.861026 0.269734
vt 0.854534 0.269695
vt 0.867349 0.269682
vt 0.870898 0.269695
vt 0.877077 0.269550
vt 0.880186 0.269614
vt 0.883514 0.269611
vt 0.896699 0.269726
vt 0.893489 0.269706
vt 0.899874 0.269658
vt 0.909484 0.269640
vt 0.903595 0.269655
vt 0.912622 0.269622
vt 0.907912 0.169791
vt 0.795109 0.240974
vt 0.808424 0.241622
vt 0.814794 0.241001
vt 0.818633 0.269821
vt 0.834462 0.086705
vt 0.851226 0.269784
vt 0.889801 0.269542
vt 0.917158 0.269557
vt 0.800570 0.240873
vt 0.804813 0.241227
vt 0.812227 0.241547
vt 0.810825 0.240974
vt 0.809334 0.240252
vt 0.808668 0.239444
vt 0.813487 0.241122
vt 0.808719 0.214527
vt 0.917174 0.086491
vt 0.814883 0.167478
vt 0.808698 0.205393
vt 0.808614 0.198477
vt 0.808666 0.163299
vt 0.892894 0.086595
vt 0.808929 0.116408
vt 0.814526 0.115007
vt 0.813547 0.115120
vt 0.805387 0.114677
vt 0.808578 0.086762
vt 0.808888 0.114638
vt 0.796066 0.115377
vt 0.804632 0.115319
vt 0.803092 0.115477
vt 0.810714 0.114881
vt 0.810723 0.114192
vt 0.847640 0.086935
vt 0.850999 0.086556
vt 0.795488 0.111644
vt 0.795472 0.096145
vt 0.795541 0.086852
vt 0.805281 0.086653
vt 0.828562 0.086854
vt 0.837919 0.086757
vt 0.854247 0.086584
vt 0.860605 0.086562
vt 0.863908 0.086623
vt 0.870404 0.086601
vt 0.876858 0.086572
vt 0.879961 0.086512
vt 0.867361 0.086557
vt 0.883578 0.086383
vt 0.896567 0.086448
vt 0.900007 0.086406
vt 0.906264 0.086420
vt 0.909363 0.086388
vt 0.801708 0.086815
vt 0.815552 0.086826
vt 0.818662 0.086685
vt 0.821820 0.086689
vt 0.825235 0.086796
vt 0.831640 0.086820
vt 0.828004 0.086618
vt 0.844561 0.086855
vt 0.857448 0.086591
vt 0.886349 0.086495
vt 0.890055 0.086541
vt 0.793127 0.794748
vt 0.793723 0.795443
vt 0.796232 0.794936
vt 0.793115 0.795090
vt 0.790151 0.795005
vt 0.789775 0.796650
vt 0.799405 0.794879
vt 0.802287 0.795052
vt 0.804743 0.827315
vt 0.805491 0.794949
vt 0.814822 0.795006
vt 0.821526 0.794955
vt 0.824969 0.795162
vt 0.827964 0.794965
vt 0.831298 0.795115
vt 0.834278 0.794975
vt 0.837770 0.795054
vt 0.840949 0.795064
vt 0.853326 0.795016
vt 0.856888 0.795105
vt 0.863048 0.794955
vt 0.866499 0.794838
vt 0.873038 0.794839
vt 0.869756 0.794873
vt 0.876388 0.794693
vt 0.889659 0.794854
vt 0.889830 0.839484
vt 0.896320 0.794921
vt 0.883086 0.794932
vt 0.899898 0.794937
vt 0.903289 0.794841
vt 0.906505 0.794724
vt 0.907490 0.795808
vt 0.910153 0.795009
vt 0.906469 0.795055
vt 0.913179 0.794949
vt 0.789769 0.823618
vt 0.079605 0.016034
vt 0.050479 0.016570
vt 0.079505 0.017610
vt 0.045912 0.014743
vt 0.910787 0.816311
vt 0.790008 0.827656
vt 0.795168 0.827695
vt 0.045747 0.017063
vt 0.911249 0.914972
vt 0.909932 0.825428
vt 0.790493 0.828401
vt 0.792545 0.828083
vt 0.799445 0.827851
vt 0.803197 0.826961
vt 0.856777 0.981155
vt 0.909230 0.934331
vt 0.804530 0.948692
vt 0.831261 0.980114
vt 0.850478 0.981055
vt 0.791360 0.948886
vt 0.798624 0.949608
vt 0.793201 0.948572
vt 0.795949 0.948767
vt 0.933569 0.931595
vt 0.936712 0.930147
vt 0.937245 0.930925
vt 0.930761 0.931215
vt 0.822502 0.980607
vt 0.866323 0.981046
vt 0.911611 0.967332
vt 0.788161 0.948235
vt 0.790127 0.981094
vt 0.802253 0.949566
vt 0.788485 0.980934
vt 0.798745 0.981211
vt 0.805465 0.981090
vt 0.877181 0.980611
vt 0.893125 0.980688
vt 0.903506 0.980540
vt 0.909925 0.980795
vt 0.913134 0.980956
vt 0.911319 0.980581
vt 0.811481 0.981101
vt 0.818192 0.981177
vt 0.824895 0.980690
vt 0.489969 0.081088
vt 0.488589 0.073323
vt 0.490512 0.073937
vt 0.489098 0.080837
vt 0.833804 0.981086
vt 0.840479 0.981065
vt 0.853839 0.981094
vt 0.870867 0.981157
vt 0.860114 0.981111
vt 0.880388 0.981181
vt 0.885603 0.981089
vt 0.889571 0.981148
vt 0.963505 0.653024
vt 0.964144 0.653288
vt 0.963677 0.641648
vt 0.964320 0.644626
vt 0.906628 0.981041
vt 0.807088 0.237921
vt 0.806406 0.236715
vt 0.806483 0.239679
vt 0.823025 0.285932
vt 0.826396 0.285956
vt 0.816772 0.286001
vt 0.836510 0.285819
vt 0.839333 0.285989
vt 0.836104 0.286053
vt 0.858475 0.361824
vt 0.845549 0.285872
vt 0.833231 0.285926
vt 0.830336 0.285951
vt 0.852303 0.285783
vt 0.855291 0.285755
vt 0.848895 0.285874
vt 0.861417 0.285704
vt 0.864656 0.285739
vt 0.870981 0.285603
vt 0.877562 0.285486
vt 0.867830 0.285639
vt 0.881444 0.285512
vt 0.890543 0.310049
vt 0.894825 0.285374
vt 0.897646 0.285323
vt 0.884237 0.285469
vt 0.890882 0.285374
vt 0.908746 0.316108
vt 0.901069 0.285319
vt 0.904358 0.285160
vt 0.912065 0.285069
vt 0.911755 0.285725
vt 0.792727 0.286188
vt 0.797942 0.286100
vt 0.792436 0.295637
vt 0.798319 0.316047
vt 0.804501 0.286048
vt 0.911682 0.301983
vt 0.794572 0.316044
vt 0.792200 0.310876
vt 0.792215 0.316095
vt 0.807697 0.285920
vt 0.800750 0.315897
vt 0.804459 0.315361
vt 0.808579 0.316047
vt 0.807409 0.315539
vt 0.911815 0.313618
vt 0.807413 0.340911
vt 0.890864 0.351125
vt 0.911803 0.330646
vt 0.807342 0.349683
vt 0.807150 0.391552
vt 0.890664 0.390537
vt 0.911881 0.374691
vt 0.807231 0.356865
vt 0.912124 0.392291
vt 0.912100 0.400870
vt 0.846307 0.469379
vt 0.891175 0.409108
vt 0.912129 0.414043
vt 0.829885 0.469351
vt 0.912174 0.426096
vt 0.797121 0.438892
vt 0.797293 0.439330
vt 0.791193 0.438736
vt 0.806858 0.439355
vt 0.816777 0.469527
vt 0.881848 0.469279
vt 0.912231 0.468559
vt 0.791289 0.441778
vt 0.791481 0.458283
vt 0.871702 0.469223
vt 0.803821 0.439496
vt 0.797924 0.469552
vt 0.800829 0.469642
vt 0.803957 0.469606
vt 0.810143 0.469563
vt 0.813561 0.469539
vt 0.842647 0.469386
vt 0.856048 0.468845
vt 0.878051 0.469311
vt 0.885042 0.469300
vt 0.888210 0.469315
vt 0.791652 0.469462
vt 0.819675 0.469541
vt 0.826403 0.469551
vt 0.823087 0.469463
vt 0.835973 0.469367
vt 0.849268 0.469352
vt 0.865194 0.469294
vt 0.860202 0.469364
vt 0.874787 0.469323
vt 0.900828 0.469273
vt 0.911153 0.469146
vt 0.159061 0.087325
vt 0.159969 0.088048
vt 0.158973 0.083366
vt 0.159348 0.079726
vt 0.200568 0.079859
vt 0.200739 0.080997
vt 0.203227 0.082512
vt 0.236049 0.080981
vt 0.239774 0.087506
vt 0.240778 0.083639
vt 0.283810 0.088000
vt 0.308165 0.079863
vt 0.343942 0.079500
vt 0.343809 0.088061
vt 0.344165 0.084509
vt 0.345178 0.086228
vt 0.344532 0.086650
vt 0.224755 0.095368
vt 0.224353 0.096259
vt 0.240713 0.095788
vt 0.252205 0.096080
vt 0.224023 0.101619
vt 0.277522 0.103078
vt 0.351912 0.096922
vt 0.330301 0.096975
vt 0.405581 0.097682
vt 0.338883 0.096931
vt 0.406218 0.102348
vt 0.364047 0.096735
vt 0.405751 0.096510
vt 0.031288 0.160153
vt 0.032393 0.161958
vt 0.032361 0.159230
vt 0.034538 0.159308
vt 0.619675 0.984584
vt 0.617246 0.982071
vt 0.618227 0.985788
vt 0.618929 0.985528
vt 0.996094 0.058833
vt 0.994288 0.058823
vt 0.995960 0.054793
vt 0.987477 0.056741
vt 0.985505 0.055417
vt 0.985206 0.056418
vt 0.994975 0.000864
vt 0.996354 0.000580
vt 0.985277 0.023260
vt 0.986776 0.017131
vt 0.982128 0.023904
vt 0.984037 0.024229
vt 0.985994 0.020396
vt 0.989248 0.006405
vt 0.991163 0.002381
vt 0.988374 0.009734
vt 0.987495 0.013374
vt 0.992846 0.001380
vt 0.990355 0.002707
vt 0.976532 0.052554
vt 0.975625 0.022578
vt 0.974328 0.052419
vt 0.972613 0.051823
vt 0.969887 0.050318
vt 0.965308 0.048991
vt 0.958289 0.047074
vt 0.955072 0.045504
vt 0.959927 0.046801
vt 0.953520 0.045036
vt 0.947091 0.042444
vt 0.979654 0.023357
vt 0.961962 0.011764
vt 0.957227 0.013299
vt 0.976027 0.019347
vt 0.977487 0.014225
vt 0.950755 0.016031
vt 0.947976 0.017058
vt 0.979370 0.006365
vt 0.977902 0.011211
vt 0.976673 0.007605
vt 0.917672 0.320133
vt 0.918177 0.322797
vt 0.916878 0.324894
vt 0.917886 0.325000
vt 0.968897 0.009808
vt 0.974461 0.008284
vt 0.971707 0.009208
vt 0.917896 0.328206
vt 0.964763 0.010839
vt 0.966758 0.009940
vt 0.959930 0.012297
vt 0.954159 0.014612
vt 0.955175 0.013858
vt 0.953120 0.014538
vt 0.246715 0.136939
vt 0.246171 0.139272
vt 0.246988 0.143777
vt 0.246010 0.140911
vt 0.938397 0.039323
vt 0.945284 0.042136
vt 0.939589 0.040442
vt 0.938277 0.020020
vt 0.940357 0.019353
vt 0.246570 0.144678
vt 0.980421 0.827848
vt 0.977985 0.828760
vt 0.976876 0.827500
vt 0.936431 0.039202
vt 0.932616 0.037580
vt 0.975093 0.828600
vt 0.936594 0.021127
vt 0.971835 0.826918
vt 0.257410 0.021651
vt 0.253937 0.020816
vt 0.256041 0.022718
vt 0.254027 0.022375
vt 0.930746 0.022257
vt 0.930731 0.036803
vt 0.251777 0.022600
vt 0.927590 0.036249
vt 0.926735 0.035319
vt 0.248980 0.021919
vt 0.923536 0.024063
vt 0.247304 0.021629
vt 0.923487 0.034735
vt 0.946080 0.017775
vt 0.943705 0.018224
vt 0.935190 0.020374
vt 0.933517 0.021152
vt 0.925056 0.023836
vt 0.928897 0.022317
vt 0.467652 0.091170
vt 0.460273 0.090713
vt 0.461347 0.090629
vt 0.457452 0.110323
vt 0.457896 0.090756
vt 0.449277 0.093580
vt 0.447779 0.094691
vt 0.445935 0.095382
vt 0.439111 0.097716
vt 0.443037 0.095764
vt 0.430542 0.101063
vt 0.432403 0.100583
vt 0.427499 0.102184
vt 0.458696 0.144007
vt 0.422274 0.174642
vt 0.418574 0.106307
vt 0.421965 0.104020
vt 0.415921 0.107241
vt 0.413981 0.107792
vt 0.412125 0.109121
vt 0.409590 0.110058
vt 0.403937 0.112607
vt 0.406738 0.110884
vt 0.397598 0.116853
vt 0.398061 0.114568
vt 0.457515 0.151207
vt 0.397942 0.134139
vt 0.289459 0.122153
vt 0.291881 0.125554
vt 0.286934 0.121279
vt 0.280808 0.118452
vt 0.295573 0.131484
vt 0.286496 0.120594
vt 0.284118 0.119851
vt 0.278544 0.117479
vt 0.273845 0.118294
vt 0.269571 0.118875
vt 0.255249 0.129031
vt 0.266519 0.119618
vt 0.263829 0.121449
vt 0.259615 0.124718
vt 0.257973 0.125667
vt 0.257151 0.126436
vt 0.469258 0.090738
vt 0.468118 0.213954
vt 0.397109 0.133419
vt 0.296257 0.132318
vt 0.293684 0.128528
vt 0.292674 0.126952
vt 0.249939 0.165458
vt 0.253183 0.131986
vt 0.248533 0.145382
vt 0.250296 0.137269
vt 0.458562 0.186935
vt 0.249353 0.140908
vt 0.248235 0.157653
vt 0.247238 0.152907
vt 0.433422 0.204969
vt 0.409287 0.195627
vt 0.404445 0.193267
vt 0.397766 0.171806
vt 0.295784 0.171391
vt 0.254483 0.171085
vt 0.251259 0.168065
vt 0.457553 0.186693
vt 0.278536 0.185829
vt 0.293205 0.174975
vt 0.289043 0.181282
vt 0.263121 0.181455
vt 0.267984 0.183925
vt 0.261094 0.180029
vt 0.256223 0.176345
vt 0.252035 0.169639
vt 0.253615 0.172179
vt 0.257879 0.177541
vt 0.413703 0.197293
vt 0.399606 0.191729
vt 0.397769 0.182876
vt 0.396970 0.172288
vt 0.398217 0.191596
vt 0.282089 0.184230
vt 0.276368 0.185910
vt 0.275703 0.185447
vt 0.272018 0.184792
vt 0.264200 0.182373
vt 0.265351 0.183399
vt 0.258769 0.178353
vt 0.469336 0.214470
vt 0.458861 0.215254
vt 0.451432 0.212337
vt 0.441962 0.208765
vt 0.427098 0.203086
vt 0.425535 0.201912
vt 0.423330 0.200765
vt 0.423516 0.201381
vt 0.421013 0.200312
vt 0.419035 0.199753
vt 0.417933 0.198538
vt 0.416175 0.197987
vt 0.410994 0.196917
vt 0.404765 0.193931
vt 0.401614 0.193217
vt 0.466104 0.214550
vt 0.456839 0.214426
vt 0.454362 0.213968
vt 0.448791 0.211616
vt 0.446157 0.210977
vt 0.444766 0.210276
vt 0.440304 0.208690
vt 0.438815 0.208021
vt 0.437296 0.208159
vt 0.434728 0.206264
vt 0.432569 0.205714
vt 0.431363 0.205020
vt 0.431113 0.204505
vt 0.427694 0.203610
vt 0.430827 0.205078
vt 0.461584 0.214968
vt 0.926626 0.600866
vt 0.872339 0.600705
vt 0.925780 0.600251
vt 0.930294 0.600537
vt 0.929931 0.537992
vt 0.873142 0.533874
vt 0.918940 0.475068
vt 0.872342 0.474111
vt 0.930231 0.474203
vt 0.929131 0.473022
vt 0.877580 0.473818
vt 0.877883 0.473381
vt 0.775015 0.038428
vt 0.774257 0.037918
vt 0.774960 0.040322
vt 0.774801 0.043250
vt 0.716209 0.038341
vt 0.774798 0.044711
vt 0.650001 0.044516
vt 0.652971 0.037878
vt 0.650070 0.042568
vt 0.649974 0.037924
vt 0.649865 0.040109
vt 0.476947 0.103407
vt 0.478217 0.102610
vt 0.475488 0.102763
vt 0.007680 0.170503
vt 0.008539 0.167314
vt 0.008062 0.170132
vt 0.007734 0.174071
vt 0.014243 0.173749
vt 0.016934 0.173675
vt 0.039206 0.172627
vt 0.035752 0.173179
vt 0.049009 0.166036
vt 0.949714 0.351887
vt 0.950382 0.373898
vt 0.949703 0.374789
vt 0.057685 0.172065
vt 0.052904 0.166938
vt 0.059311 0.168444
vt 0.060378 0.170938
vt 0.058021 0.167311
vt 0.059640 0.173065
vt 0.957605 0.642328
vt 0.955189 0.641377
vt 0.956395 0.640609
vt 0.954404 0.643123
vt 0.950137 0.642943
vt 0.954983 0.640617
vt 0.952539 0.636174
vt 0.950610 0.640836
vt 0.951621 0.625103
vt 0.955374 0.633253
vt 0.957672 0.639998
vt 0.957208 0.632337
vt 0.956775 0.624249
vt 0.955066 0.633422
vt 0.953647 0.635327
vt 0.918787 0.960561
vt 0.920330 0.958173
vt 0.916448 0.959419
vt 0.952785 0.632712
vt 0.954312 0.632474
vt 0.916559 0.961150
vt 0.954708 0.632480
vt 0.955297 0.622761
vt 0.949888 0.639394
vt 0.950703 0.625860
vt 0.957641 0.621878
vt 0.957031 0.621388
vt 0.671718 0.986352
vt 0.669840 0.984764
vt 0.671848 0.983347
vt 0.957030 0.621389
vt 0.953768 0.614155
vt 0.951365 0.617824
vt 0.952687 0.618013
vt 0.950683 0.622800
vt 0.950544 0.615761
vt 0.957602 0.618838
vt 0.956090 0.605059
vt 0.396836 0.946024
vt 0.391909 0.945156
vt 0.392629 0.946633
vt 0.952882 0.612740
vt 0.952577 0.618087
vt 0.950761 0.615402
vt 0.953925 0.609593
vt 0.955210 0.604094
vt 0.387906 0.946242
vt 0.950638 0.587768
vt 0.953220 0.598041
vt 0.956554 0.602954
vt 0.954875 0.590682
vt 0.954246 0.598651
vt 0.954381 0.596610
vt 0.416333 0.221916
vt 0.417911 0.222192
vt 0.416827 0.224309
vt 0.952584 0.595336
vt 0.418931 0.225160
vt 0.953431 0.595346
vt 0.953223 0.592866
vt 0.951524 0.587960
vt 0.956109 0.587573
vt 0.954677 0.588340
vt 0.484826 0.194248
vt 0.483467 0.195304
vt 0.485374 0.196266
vt 0.953064 0.590636
vt 0.594204 0.121594
vt 0.594120 0.119169
vt 0.591011 0.120607
vt 0.956110 0.585824
vt 0.486473 0.195304
vt 0.956110 0.585824
vt 0.954870 0.586406
vt 0.954929 0.583549
vt 0.957581 0.560769
vt 0.956109 0.581546
vt 0.790080 0.255804
vt 0.791955 0.258494
vt 0.790080 0.260848
vt 0.953445 0.587864
vt 0.953255 0.572994
vt 0.955093 0.572211
vt 0.956961 0.558408
vt 0.951500 0.572225
vt 0.803222 0.233602
vt 0.805110 0.233815
vt 0.804992 0.235593
vt 0.956107 0.569106
vt 0.801102 0.235226
vt 0.953434 0.571247
vt 0.132443 0.233650
vt 0.133768 0.235194
vt 0.131928 0.235935
vt 0.953463 0.571217
vt 0.952576 0.570667
vt 0.953125 0.562112
vt 0.950625 0.585254
vt 0.950551 0.555890
vt 0.955741 0.559592
vt 0.951388 0.554997
vt 0.954460 0.559678
vt 0.975001 0.736125
vt 0.975761 0.734332
vt 0.972494 0.734960
vt 0.119294 0.052972
vt 0.120741 0.049950
vt 0.118921 0.049993
vt 0.952893 0.559235
vt 0.955522 0.556594
vt 0.957300 0.558404
vt 0.956543 0.548433
vt 0.957524 0.546569
vt 0.953028 0.543167
vt 0.950927 0.546777
vt 0.952497 0.546559
vt 0.956014 0.545762
vt 0.956888 0.545757
vt 0.951334 0.545022
vt 0.394669 0.953376
vt 0.398297 0.955096
vt 0.397603 0.953082
vt 0.956944 0.545629
vt 0.956813 0.540212
vt 0.957398 0.538939
vt 0.956265 0.537184
vt 0.954386 0.530735
vt 0.952475 0.533924
vt 0.951088 0.535846
vt 0.957397 0.538900
vt 0.956602 0.522783
vt 0.952335 0.534133
vt 0.951170 0.533355
vt 0.951775 0.532063
vt 0.950323 0.534917
vt 0.950339 0.522847
vt 0.954558 0.527505
vt 0.957268 0.521733
vt 0.954453 0.524840
vt 0.953187 0.530234
vt 0.881450 0.023713
vt 0.880594 0.024876
vt 0.884269 0.024416
vt 0.883459 0.025732
vt 0.218317 0.182259
vt 0.212923 0.181791
vt 0.214711 0.183148
vt 0.216135 0.181220
vt 0.951475 0.528896
vt 0.953182 0.528097
vt 0.952839 0.525287
vt 0.989993 0.724539
vt 0.986912 0.724166
vt 0.987984 0.725061
vt 0.956938 0.520778
vt 0.958279 0.520026
vt 0.958145 0.519189
vt 0.955131 0.521513
vt 0.989955 0.726911
vt 0.956337 0.519324
vt 0.954603 0.520080
vt 0.953171 0.523268
vt 0.987133 0.726323
vt 0.954745 0.523664
vt 0.952372 0.522483
vt 0.951181 0.520037
vt 0.949453 0.521679
vt 0.949708 0.520125
vt 0.931413 0.945678
vt 0.931649 0.946606
vt 0.929314 0.945117
vt 0.927891 0.945272
vt 0.928066 0.951767
vt 0.936167 0.987970
vt 0.928122 0.954428
vt 0.935689 0.948335
vt 0.928222 0.973501
vt 0.936366 0.974677
vt 0.928789 0.977624
vt 0.934671 0.989460
vt 0.934298 0.993618
vt 0.928922 0.995355
vt 0.931232 0.994432
vt 0.927509 0.996436
vt 0.928943 0.997111
vt 0.929836 0.995729
vt 0.934555 0.994343
vt 0.033567 0.009558
vt 0.035501 0.010321
vt 0.033984 0.008119
vt 0.041404 0.008144
vt 0.042178 0.008267
vt 0.034719 0.007654
vt 0.035837 0.004098
vt 0.046883 0.005494
vt 0.055728 0.010595
vt 0.053617 0.009300
vt 0.848144 0.023233
vt 0.847400 0.021780
vt 0.845473 0.023713
vt 0.849993 0.020984
vt 0.048025 0.006802
vt 0.051268 0.006193
vt 0.572950 0.020686
vt 0.576513 0.019561
vt 0.571655 0.018668
vt 0.053753 0.007017
vt 0.844188 0.021171
vt 0.060178 0.005956
vt 0.055837 0.009217
vt 0.058132 0.010486
vt 0.083087 0.004646
vt 0.065078 0.006803
vt 0.066628 0.005482
vt 0.071010 0.006815
vt 0.406313 0.318365
vt 0.406295 0.325152
vt 0.404352 0.321222
vt 0.068948 0.005444
vt 0.036171 0.003532
vt 0.085227 0.010500
vt 0.087826 0.009228
vt 0.080252 0.007047
vt 0.081335 0.005566
vt 0.923585 0.768416
vt 0.923842 0.771962
vt 0.922345 0.770319
vt 0.085213 0.003844
vt 0.740982 0.211403
vt 0.742986 0.213818
vt 0.740982 0.214430
vt 0.083124 0.005719
vt 0.083276 0.005541
vt 0.099156 0.004621
vt 0.085327 0.003934
vt 0.097706 0.005566
vt 0.087731 0.010518
vt 0.104534 0.008372
vt 0.113799 0.010325
vt 0.100968 0.005293
vt 0.105360 0.005478
vt 0.104372 0.004572
vt 0.102829 0.003836
vt 0.108057 0.008482
vt 0.113899 0.010494
vt 0.123380 0.010416
vt 0.115451 0.009882
vt 0.990538 0.784321
vt 0.993487 0.781534
vt 0.993486 0.785552
vt 0.113406 0.007127
vt 0.791774 0.354997
vt 0.794088 0.355354
vt 0.791342 0.358356
vt 0.794088 0.358729
vt 0.115441 0.006783
vt 0.125804 0.006624
vt 0.123056 0.009184
vt 0.123383 0.010416
vt 0.140371 0.010229
vt 0.125499 0.009063
vt 0.128033 0.005412
vt 0.129090 0.006291
vt 0.125804 0.006624
vt 0.921440 0.902624
vt 0.921780 0.907043
vt 0.920341 0.905141
vt 0.145882 0.004370
vt 0.131418 0.005454
vt 0.105144 0.003816
vt 0.134905 0.006640
vt 0.137935 0.005282
vt 0.223442 0.179112
vt 0.226954 0.177094
vt 0.220980 0.177095
vt 0.144069 0.003701
vt 0.153431 0.010281
vt 0.152873 0.007570
vt 0.153442 0.008199
vt 0.152401 0.006346
vt 0.152209 0.003715
vt 0.901166 0.982954
vt 0.891423 0.982737
vt 0.892184 0.982342
vt 0.987480 0.588930
vt 0.988065 0.597803
vt 0.988429 0.588971
vt 0.986181 0.880456
vt 0.988682 0.880063
vt 0.984138 0.881662
vt 0.983893 0.913335
vt 0.989897 0.879465
vt 0.990334 0.925725
vt 0.983659 0.917952
vt 0.988588 0.925685
vt 0.983470 0.913831
vt 0.986213 0.925394
vt 0.984138 0.924141
vt 0.985083 0.924883
vt 0.974580 0.488963
vt 0.976310 0.489484
vt 0.974747 0.495043
vt 0.977814 0.490089
vt 0.980396 0.491185
vt 0.962304 0.320321
vt 0.930362 0.320289
vt 0.930064 0.319916
vt 0.979798 0.539415
vt 0.925741 0.320061
vt 0.919445 0.320063
vt 0.924911 0.291354
vt 0.930653 0.206434
vt 0.930038 0.259189
vt 0.925215 0.262109
vt 0.974712 0.587391
vt 0.962266 0.206442
vt 0.929054 0.243563
vt 0.925085 0.227136
vt 0.979628 0.605353
vt 0.980428 0.604729
vt 0.919353 0.206574
vt 0.930180 0.206933
vt 0.924807 0.206662
vt 0.974787 0.606706
vt 0.976889 0.605927
vt 0.937101 0.763186
vt 0.914100 0.764268
vt 0.934223 0.655130
vt 0.913344 0.764135
vt 0.913375 0.645574
vt 0.959285 0.764220
vt 0.959324 0.645424
vt 0.321240 0.116735
vt 0.363022 0.114810
vt 0.321713 0.113439
vt 0.361425 0.118157
vt 0.365131 0.118603
vt 0.368778 0.116243
vt 0.364408 0.115852
vt 0.370215 0.119427
vt 0.369460 0.113077
vt 0.371025 0.112640
vt 0.650944 0.070289
vt 0.657690 0.089874
vt 0.653742 0.070289
vt 0.659653 0.099366
vt 0.656056 0.070210
vt 0.658468 0.070450
vt 0.661544 0.070572
vt 0.669743 0.097373
vt 0.663304 0.070809
vt 0.667072 0.070810
vt 0.669996 0.070437
vt 0.673958 0.070687
vt 0.685057 0.101685
vt 0.679007 0.070779
vt 0.688776 0.070973
vt 0.681381 0.070682
vt 0.666241 0.096797
vt 0.686753 0.099332
vt 0.694139 0.070752
vt 0.662855 0.098377
vt 0.666609 0.097565
vt 0.666607 0.097633
vt 0.670113 0.098994
vt 0.670420 0.102229
vt 0.693065 0.096493
vt 0.670111 0.107896
vt 0.670992 0.111510
vt 0.670593 0.105349
vt 0.674879 0.108711
vt 0.673084 0.110522
vt 0.677637 0.107258
vt 0.678153 0.106726
vt 0.682340 0.103976
vt 0.679316 0.106364
vt 0.680969 0.105685
vt 0.684440 0.102676
vt 0.687088 0.100454
vt 0.687443 0.100000
vt 0.688929 0.098656
vt 0.691707 0.097545
vt 0.686001 0.070597
vt 0.691446 0.070796
vt 0.699289 0.070552
vt 0.696422 0.070953
vt 0.700658 0.070800
vt 0.704577 0.070282
vt 0.707011 0.085673
vt 0.706923 0.070456
vt 0.711927 0.081752
vt 0.709112 0.070430
vt 0.711793 0.070697
vt 0.713577 0.081428
vt 0.715459 0.070602
vt 0.716470 0.079468
vt 0.717917 0.078613
vt 0.695278 0.094370
vt 0.697341 0.092971
vt 0.704350 0.088114
vt 0.701782 0.089788
vt 0.700070 0.090903
vt 0.028262 0.495043
vt 0.026555 0.495857
vt 0.028371 0.497650
vt 0.699373 0.091895
vt 0.912299 0.020511
vt 0.909319 0.020507
vt 0.910960 0.019699
vt 0.701387 0.090430
vt 0.708617 0.085211
vt 0.703800 0.088863
vt 0.706228 0.087281
vt 0.710117 0.083767
vt 0.711900 0.082971
vt 0.963381 0.383127
vt 0.961558 0.387659
vt 0.960622 0.387080
vt 0.933395 0.386984
vt 0.932657 0.382963
vt 0.932751 0.386279
vt 0.963163 0.450469
vt 0.961454 0.455593
vt 0.960703 0.488026
vt 0.960572 0.489596
vt 0.959927 0.502803
vt 0.960176 0.490387
vt 0.961744 0.505458
vt 0.960963 0.506746
vt 0.959169 0.506908
vt 0.932367 0.506885
vt 0.932440 0.503019
vt 0.305152 0.041885
vt 0.306475 0.042651
vt 0.332173 0.041906
vt 0.367995 0.042550
vt 0.390538 0.041898
vt 0.422341 0.042722
vt 0.422348 0.041877
vt 0.422917 0.046712
vt 0.425165 0.042670
vt 0.422145 0.048253
vt 0.421478 0.067207
vt 0.424211 0.057045
vt 0.421896 0.069347
vt 0.423466 0.056245
vt 0.423678 0.058377
vt 0.424556 0.073476
vt 0.423600 0.076251
vt 0.420911 0.078378
vt 0.425021 0.074803
vt 0.425182 0.071735
vt 0.424313 0.077152
vt 0.424601 0.079431
vt 0.425013 0.074805
vt 0.933057 0.554167
vt 0.932609 0.558419
vt 0.932392 0.554144
vt 0.420974 0.084277
vt 0.419995 0.088082
vt 0.423123 0.086684
vt 0.421816 0.091325
vt 0.417802 0.088447
vt 0.417441 0.089969
vt 0.421578 0.081404
vt 0.422824 0.081134
vt 0.398873 0.676861
vt 0.398726 0.679573
vt 0.397295 0.676599
vt 0.998898 0.255861
vt 0.999081 0.257917
vt 0.998459 0.261439
vt 0.999097 0.253802
vt 0.989980 0.261715
vt 0.999174 0.259444
vt 0.998457 0.264267
vt 0.998094 0.271412
vt 0.972845 0.262869
vt 0.969761 0.282003
vt 0.997814 0.283537
vt 0.974882 0.272965
vt 0.974725 0.269034
vt 0.974149 0.269761
vt 0.972873 0.273948
vt 0.971456 0.273738
vt 0.967312 0.274362
vt 0.964450 0.275519
vt 0.964656 0.274374
vt 0.963485 0.274677
vt 0.967857 0.279961
vt 0.965808 0.278550
vt 0.998538 0.272898
vt 0.998212 0.275323
vt 0.998495 0.279150
vt 0.998492 0.283065
vt 0.999343 0.290948
vt 0.999110 0.292565
vt 0.999200 0.301067
vt 0.981274 0.295956
vt 0.999425 0.296236
vt 0.998681 0.307924
vt 0.993550 0.311684
vt 0.973891 0.285757
vt 0.979506 0.294181
vt 0.977196 0.291086
vt 0.975877 0.289518
vt 0.974774 0.288124
vt 0.978577 0.293766
vt 0.985888 0.302842
vt 0.982763 0.299063
vt 0.988784 0.305930
vt 0.987349 0.304876
vt 0.984197 0.301382
vt 0.990539 0.307981
vt 0.134392 0.033935
vt 0.134817 0.037276
vt 0.132766 0.035454
vt 0.134063 0.037825
vt 0.991725 0.310383
vt 0.992805 0.311382
vt 0.971469 0.283874
vt 0.972183 0.285988
vt 0.998908 0.310629
vt 0.998725 0.314081
vt 0.994384 0.313765
vt 0.998796 0.317621
vt 0.997656 0.318317
vt 0.995248 0.315791
vt 0.797686 0.693852
vt 0.796218 0.700347
vt 0.796284 0.694030
vt 0.796336 0.704813
vt 0.325122 0.091603
vt 0.322607 0.090433
vt 0.322718 0.091918
vt 0.796327 0.716834
vt 0.797830 0.739018
vt 0.796173 0.738369
vt 0.118609 0.045741
vt 0.119582 0.043475
vt 0.117535 0.047257
vt 0.118723 0.043082
vt 0.115551 0.051745
vt 0.117231 0.050120
vt 0.116380 0.051637
vt 0.111348 0.061659
vt 0.115571 0.053218
vt 0.113495 0.058443
vt 0.956306 0.498745
vt 0.956605 0.495826
vt 0.955411 0.498052
vt 0.956209 0.491961
vt 0.955558 0.494157
vt 0.110735 0.065603
vt 0.105753 0.076176
vt 0.109179 0.070858
vt 0.104811 0.077989
vt 0.103344 0.082213
vt 0.041861 0.095794
vt 0.089520 0.095373
vt 0.101708 0.086495
vt 0.099910 0.093312
vt 0.098782 0.096245
vt 0.098361 0.099506
vt 0.097528 0.101559
vt 0.094983 0.103659
vt 0.097627 0.102327
vt 0.078793 0.103801
vt 0.051838 0.043608
vt 0.019096 0.073455
vt 0.053650 0.104370
vt 0.047743 0.104241
vt 0.017757 0.043563
vt 0.011167 0.054112
vt 0.023986 0.084939
vt 0.020239 0.043443
vt 0.016748 0.069166
vt 0.021458 0.080088
vt 0.024907 0.086686
vt 0.024674 0.089825
vt 0.025299 0.091122
vt 0.026337 0.093633
vt 0.027515 0.098128
vt 0.028552 0.102243
vt 0.026776 0.096143
vt 0.027631 0.100395
vt 0.031564 0.104130
vt 0.030105 0.103609
vt 0.017956 0.043164
vt 0.008742 0.049249
vt 0.009258 0.051536
vt 0.014166 0.063555
vt 0.011240 0.056068
vt 0.015886 0.067041
vt 0.014693 0.065589
vt 0.018355 0.071946
vt 0.017274 0.070928
vt 0.019476 0.075594
vt 0.020089 0.076028
vt 0.020492 0.077922
vt 0.022125 0.082164
vt 0.022696 0.084057
vt 0.007670 0.047375
vt 0.007109 0.045381
vt 0.005629 0.044125
vt 0.008075 0.049110
vt 0.009807 0.053227
vt 0.012243 0.059849
vt 0.012995 0.061199
vt 0.806399 0.474013
vt 0.809409 0.475274
vt 0.803280 0.473145
vt 0.808527 0.547732
vt 0.811105 0.475671
vt 0.814004 0.477003
vt 0.818338 0.478996
vt 0.815622 0.477384
vt 0.821247 0.479874
vt 0.825849 0.481583
vt 0.827441 0.482395
vt 0.799193 0.471840
vt 0.799158 0.525370
vt 0.831386 0.484037
vt 0.834628 0.485050
vt 0.836917 0.486243
vt 0.839486 0.487390
vt 0.842000 0.488267
vt 0.843374 0.488800
vt 0.845350 0.489873
vt 0.849181 0.492073
vt 0.848624 0.491113
vt 0.851401 0.492707
vt 0.847312 0.575620
vt 0.853462 0.493634
vt 0.859084 0.520631
vt 0.855447 0.494113
vt 0.858727 0.495962
vt 0.799172 0.552564
vt 0.858822 0.567027
vt 0.859107 0.552177
vt 0.799223 0.593303
vt 0.816799 0.588710
vt 0.844213 0.576854
vt 0.846349 0.576224
vt 0.851151 0.573377
vt 0.853726 0.572773
vt 0.859119 0.563958
vt 0.858347 0.571429
vt 0.856650 0.572387
vt 0.813392 0.590083
vt 0.820641 0.586724
vt 0.830095 0.583225
vt 0.828209 0.584081
vt 0.832162 0.582136
vt 0.840006 0.578800
vt 0.834400 0.581079
vt 0.836802 0.579983
vt 0.841741 0.578007
vt 0.839044 0.579322
vt 0.849015 0.574992
vt 0.850997 0.574586
vt 0.804601 0.593114
vt 0.801999 0.593637
vt 0.800001 0.594749
vt 0.808793 0.591254
vt 0.811388 0.590852
vt 0.815186 0.589737
vt 0.819234 0.588080
vt 0.335248 0.074479
vt 0.337321 0.076102
vt 0.336274 0.073108
vt 0.337786 0.074905
vt 0.822621 0.585803
vt 0.824890 0.585315
vt 0.827003 0.584839
vt 0.518608 0.031939
vt 0.519624 0.033202
vt 0.529190 0.034034
vt 0.519801 0.034432
vt 0.520469 0.035099
vt 0.521242 0.036843
vt 0.521552 0.038714
vt 0.522152 0.039804
vt 0.523587 0.043949
vt 0.524974 0.045863
vt 0.525745 0.049085
vt 0.525414 0.047859
vt 0.527372 0.052453
vt 0.528055 0.054908
vt 0.529639 0.058972
vt 0.530558 0.061415
vt 0.532046 0.064680
vt 0.532649 0.066357
vt 0.533073 0.068289
vt 0.534417 0.070916
vt 0.536668 0.077270
vt 0.534860 0.072851
vt 0.538533 0.082559
vt 0.551662 0.086960
vt 0.538808 0.084847
vt 0.539415 0.086692
vt 0.604195 0.069232
vt 0.564214 0.086875
vt 0.578200 0.086809
vt 0.585857 0.032400
vt 0.622881 0.042971
vt 0.584086 0.087143
vt 0.584502 0.086691
vt 0.606948 0.085495
vt 0.606999 0.086486
vt 0.610469 0.074007
vt 0.611161 0.071880
vt 0.609206 0.078978
vt 0.609641 0.076430
vt 0.608557 0.081197
vt 0.607959 0.082116
vt 0.607772 0.083759
vt 0.627760 0.032016
vt 0.624932 0.039964
vt 0.625665 0.038045
vt 0.623564 0.041645
vt 0.620359 0.047522
vt 0.621900 0.046235
vt 0.619584 0.049603
vt 0.620196 0.049423
vt 0.618191 0.054571
vt 0.618937 0.052173
vt 0.617653 0.056877
vt 0.616645 0.058948
vt 0.615873 0.060929
vt 0.615047 0.062737
vt 0.614073 0.064838
vt 0.389288 0.792347
vt 0.390347 0.791606
vt 0.392089 0.792825
vt 0.613149 0.068192
vt 0.611999 0.070276
vt 0.613874 0.067100
vt 0.613415 0.068786
vt 0.626644 0.034692
vt 0.626358 0.036865
vt 0.624076 0.041693
vt 0.938793 0.881434
vt 0.963330 0.900451
vt 0.959658 0.881536
vt 0.962645 0.882221
vt 0.965277 0.882281
vt 0.965371 0.925888
vt 0.938388 0.992117
vt 0.964800 0.927076
vt 0.960405 0.992075
vt 0.964686 0.965027
vt 0.964731 0.954665
vt 0.965257 0.955634
vt 0.965219 0.963951
vt 0.964621 0.971240
vt 0.964923 0.990576
vt 0.965170 0.972805
vt 0.965368 0.992128
vt 0.961272 0.992431
vt 0.782723 0.001592
vt 0.786607 0.001846
vt 0.784524 0.001779
vt 0.781119 0.002316
vt 0.785856 0.015906
vt 0.789882 0.001924
vt 0.788886 0.001807
vt 0.791407 0.002258
vt 0.798033 0.001962
vt 0.795932 0.001914
vt 0.798946 0.025370
vt 0.800664 0.025426
vt 0.788852 0.024415
vt 0.793679 0.025905
vt 0.790372 0.026929
vt 0.792328 0.026987
vt 0.800208 0.026188
vt 0.800623 0.029423
vt 0.801000 0.032816
vt 0.801238 0.033749
vt 0.806227 0.029757
vt 0.804013 0.031955
vt 0.803276 0.032963
vt 0.805729 0.030899
vt 0.799738 0.002142
vt 0.803964 0.001929
vt 0.807995 0.002285
vt 0.807276 0.001946
vt 0.811023 0.002024
vt 0.812783 0.002233
vt 0.819768 0.018624
vt 0.818888 0.001728
vt 0.817470 0.002031
vt 0.820264 0.002104
vt 0.824597 0.015268
vt 0.826369 0.013301
vt 0.821224 0.001763
vt 0.824698 0.002073
vt 0.827835 0.011987
vt 0.826965 0.001725
vt 0.831197 0.001710
vt 0.808257 0.028611
vt 0.813610 0.023637
vt 0.813193 0.024281
vt 0.809672 0.026975
vt 0.816570 0.021159
vt 0.818072 0.019766
vt 0.821449 0.018047
vt 0.829838 0.010288
vt 0.831775 0.009089
vt 0.833361 0.007319
vt 0.831896 0.001916
vt 0.835709 0.005886
vt 0.836032 0.001673
vt 0.838354 0.001934
vt 0.838538 0.003518
vt 0.840169 0.002216
vt 0.164667 0.026370
vt 0.164320 0.025808
vt 0.151897 0.026201
vt 0.837370 0.004812
vt 0.977084 0.127451
vt 0.969598 0.126891
vt 0.976079 0.126640
vt 0.976179 0.128996
vt 0.975694 0.133905
vt 0.975000 0.141964
vt 0.968872 0.130032
vt 0.975514 0.141685
vt 0.974595 0.157507
vt 0.968804 0.137928
vt 0.974838 0.148592
vt 0.969162 0.145140
vt 0.974909 0.157166
vt 0.969108 0.150196
vt 0.969311 0.156365
vt 0.975375 0.203273
vt 0.969835 0.182870
vt 0.969146 0.159017
vt 0.969717 0.188586
vt 0.969875 0.194876
vt 0.968824 0.188368
vt 0.969238 0.194858
vt 0.968806 0.195863
vt 0.971226 0.226464
vt 0.976126 0.217898
vt 0.976459 0.218241
vt 0.975296 0.238447
vt 0.977243 0.236227
vt 0.971140 0.230131
vt 0.971742 0.233655
vt 0.972900 0.238498
vt 0.991073 0.743056
vt 0.990041 0.742206
vt 0.989700 0.749464
vt 0.983022 0.743889
vt 0.983666 0.742334
vt 0.989287 0.757363
vt 0.988622 0.773050
vt 0.982804 0.753411
vt 0.983185 0.760695
vt 0.988913 0.763526
vt 0.988932 0.772706
vt 0.983124 0.765741
vt 0.983375 0.773239
vt 0.983082 0.770445
vt 0.983860 0.798490
vt 0.983729 0.804128
vt 0.990151 0.833422
vt 0.983888 0.810417
vt 0.982776 0.803909
vt 0.983251 0.810397
vt 0.982970 0.811382
vt 0.985184 0.845034
vt 0.984689 0.836042
vt 0.990485 0.833801
vt 0.991233 0.851882
vt 0.989305 0.853986
vt 0.985758 0.849244
vt 0.986916 0.854029
vt 0.981078 0.971050
vt 0.981188 0.965317
vt 0.979963 0.968867
vt 0.979496 0.965287
vt 0.780723 0.151160
vt 0.784796 0.152587
vt 0.780666 0.153804
vt 0.784557 0.153916
vt 0.784916 0.161085
vt 0.784871 0.156176
vt 0.780278 0.156273
vt 0.780138 0.158723
vt 0.781974 0.162488
vt 0.780150 0.161550
vt 0.248470 0.090758
vt 0.251834 0.090481
vt 0.250079 0.090861
vt 0.252573 0.089301
vt 0.784887 0.163959
vt 0.667513 0.011716
vt 0.667660 0.013553
vt 0.669335 0.008778
vt 0.666856 0.015139
vt 0.709325 0.015769
vt 0.708705 0.007031
vt 0.670247 0.006815
vt 0.670785 0.005550
vt 0.747539 0.016023
vt 0.729016 0.005686
vt 0.710437 0.016424
vt 0.738255 0.016462
vt 0.754815 0.016650
vt 0.756394 0.015948
vt 0.769487 0.005654
vt 0.771707 0.005813
vt 0.774472 0.016234
vt 0.775893 0.015436
vt 0.775231 0.013665
vt 0.773289 0.010417
vt 0.774271 0.011565
vt 0.772520 0.008136
vt 0.772940 0.008426
vt 0.922031 0.973285
vt 0.918327 0.974246
vt 0.923257 0.973732
vt 0.919719 0.978245
vt 0.919026 0.977193
vt 0.924480 0.978883
vt 0.921373 0.987571
vt 0.925906 0.986575
vt 0.925632 0.987775
vt 0.922991 0.988245
vt 0.925976 0.990921
vt 0.919680 0.991065
vt 0.917451 0.992124
vt 0.917762 0.993372
vt 0.161492 0.033307
vt 0.160955 0.038704
vt 0.156027 0.033032
vt 0.155861 0.041211
vt 0.153923 0.033720
vt 0.154696 0.032811
vt 0.154728 0.041786
vt 0.155917 0.047135
vt 0.160828 0.046108
vt 0.161411 0.046823
vt 0.161169 0.049792
vt 0.159833 0.049148
vt 0.157259 0.047636
vt 0.155402 0.045263
vt 0.794668 0.865335
vt 0.789420 0.865423
vt 0.794791 0.866454
vt 0.789479 0.870703
vt 0.793525 0.870247
vt 0.787617 0.865472
vt 0.788141 0.870643
vt 0.786636 0.871146
vt 0.383478 0.956210
vt 0.383300 0.961501
vt 0.386223 0.956152
vt 0.389312 0.963305
vt 0.383834 0.963811
vt 0.387306 0.955450
vt 0.397201 0.956911
vt 0.395977 0.959599
vt 0.394156 0.962626
vt 0.394925 0.961373
vt 0.392358 0.962963
vt 0.385754 0.963968
vt 0.918723 0.618304
vt 0.921103 0.619579
vt 0.920797 0.618344
vt 0.914990 0.618572
vt 0.914402 0.620873
vt 0.921066 0.624043
vt 0.914737 0.627705
vt 0.917937 0.628423
vt 0.920766 0.626656
vt 0.915537 0.630080
vt 0.920174 0.627631
vt 0.290212 0.017480
vt 0.293521 0.017479
vt 0.289800 0.015009
vt 0.289185 0.006786
vt 0.289661 0.008277
vt 0.289327 0.005641
vt 0.333650 0.013226
vt 0.310666 0.005666
vt 0.312808 0.005660
vt 0.313790 0.005861
vt 0.318186 0.005961
vt 0.317598 0.005613
vt 0.322533 0.005911
vt 0.318775 0.005609
vt 0.357863 0.005940
vt 0.294222 0.017629
vt 0.383223 0.017598
vt 0.387310 0.006057
vt 0.358261 0.005581
vt 0.386891 0.005640
vt 0.397567 0.016794
vt 0.390082 0.017236
vt 0.397944 0.009098
vt 0.396331 0.005845
vt 0.398213 0.005595
vt 0.398272 0.011517
vt 0.799202 0.116560
vt 0.801184 0.117357
vt 0.799424 0.117566
vt 0.799387 0.120117
vt 0.803274 0.118212
vt 0.799597 0.120936
vt 0.805032 0.119338
vt 0.799645 0.211123
vt 0.803789 0.223336
vt 0.805110 0.223081
vt 0.799214 0.211392
vt 0.799201 0.218090
vt 0.801782 0.224498
vt 0.799223 0.225527
vt 0.800393 0.225258
vt 0.927287 0.049823
vt 0.929750 0.054437
vt 0.926913 0.054254
vt 0.935175 0.049902
vt 0.934966 0.054028
vt 0.936670 0.054469
vt 0.934675 0.048983
vt 0.940357 0.049526
vt 0.937052 0.123434
vt 0.935619 0.087733
vt 0.932793 0.165394
vt 0.939865 0.079429
vt 0.938529 0.123028
vt 0.938287 0.135231
vt 0.937774 0.147060
vt 0.935771 0.170177
vt 0.922666 0.164093
vt 0.925226 0.168793
vt 0.922467 0.168645
vt 0.927766 0.164788
vt 0.937913 0.171444
vt 0.938177 0.172775
vt 0.936350 0.170118
vt 0.931269 0.165342
vt 0.929135 0.169207
vt 0.791564 0.029287
vt 0.794587 0.029652
vt 0.788998 0.033719
vt 0.795519 0.031059
vt 0.795101 0.034294
vt 0.793110 0.033869
vt 0.796092 0.029734
vt 0.788233 0.028989
vt 0.786253 0.033581
vt 0.785709 0.029266
vt 0.782282 0.028805
vt 0.785291 0.034150
vt 0.784977 0.087049
vt 0.782158 0.133402
vt 0.782176 0.035232
vt 0.785224 0.143890
vt 0.782328 0.148890
vt 0.795720 0.143270
vt 0.795521 0.147708
vt 0.792825 0.143337
vt 0.791194 0.148029
vt 0.789019 0.144093
vt 0.794088 0.147752
vt 0.786450 0.144808
vt 0.785538 0.148654
vt 0.812227 0.272915
vt 0.812400 0.276302
vt 0.812359 0.278828
vt 0.812783 0.271676
vt 0.858591 0.278755
vt 0.915438 0.271193
vt 0.813034 0.271047
vt 0.916263 0.278959
vt 0.405202 0.197950
vt 0.405938 0.203634
vt 0.406289 0.199059
vt 0.402830 0.197641
vt 0.400425 0.197333
vt 0.399418 0.198081
vt 0.400106 0.203058
vt 0.405766 0.209245
vt 0.406122 0.206629
vt 0.402603 0.207577
vt 0.400141 0.206040
vt 0.916255 0.276351
vt 0.988084 0.372643
vt 0.980082 0.371906
vt 0.984753 0.372366
vt 0.987619 0.471776
vt 0.980632 0.474680
vt 0.979547 0.474633
vt 0.986954 0.473807
vt 0.983817 0.474400
vt 0.988029 0.472977
vt 0.988057 0.473339
vt 0.988477 0.473931
vt 0.986999 0.474078
vt 0.566722 0.023717
vt 0.566265 0.025167
vt 0.567016 0.022704
vt 0.564618 0.028600
vt 0.565306 0.026367
vt 0.564852 0.027393
vt 0.637967 0.023061
vt 0.681897 0.028625
vt 0.681409 0.027238
vt 0.679516 0.022997
vt 0.930079 0.347536
vt 0.927742 0.347587
vt 0.929810 0.348493
vt 0.929844 0.351945
vt 0.924703 0.351937
vt 0.925694 0.349169
vt 0.925089 0.348946
vt 0.926129 0.392101
vt 0.923590 0.351886
vt 0.922067 0.346829
vt 0.920987 0.350250
vt 0.922709 0.349288
vt 0.921008 0.346620
vt 0.918572 0.351738
vt 0.916779 0.352589
vt 0.915154 0.352800
vt 0.930326 0.352661
vt 0.921918 0.406410
vt 0.918272 0.424263
vt 0.927811 0.439340
vt 0.921981 0.452333
vt 0.929819 0.461440
vt 0.915452 0.462387
vt 0.914857 0.462907
vt 0.916352 0.462419
vt 0.924213 0.464404
vt 0.923380 0.463993
vt 0.924507 0.466110
vt 0.928012 0.467662
vt 0.929658 0.465805
vt 0.929479 0.468018
vt 0.920844 0.464165
vt 0.922474 0.464550
vt 0.921106 0.466567
vt 0.921356 0.468670
vt 0.920279 0.468569
vt 0.930361 0.465477
vt 0.984786 0.102085
vt 0.983856 0.104355
vt 0.983584 0.102970
vt 0.984375 0.104888
vt 0.984239 0.101465
vt 0.984311 0.215764
vt 0.983169 0.213323
vt 0.982767 0.219363
vt 0.983177 0.222155
vt 0.981350 0.222037
vt 0.982768 0.219443
vt 0.984946 0.223451
vt 0.319868 0.033837
vt 0.321858 0.033136
vt 0.321774 0.033829
vt 0.320528 0.035012
vt 0.314598 0.031372
vt 0.314670 0.032548
vt 0.315432 0.030123
vt 0.324684 0.027177
vt 0.315588 0.028037
vt 0.315810 0.026779
vt 0.315624 0.039534
vt 0.314573 0.036531
vt 0.314174 0.038683
vt 0.315202 0.039974
vt 0.314612 0.035066
vt 0.317546 0.039984
vt 0.319356 0.040122
vt 0.347706 0.035233
vt 0.346393 0.027339
vt 0.366078 0.039789
vt 0.389465 0.027060
vt 0.377919 0.035944
vt 0.427392 0.033502
vt 0.432714 0.038514
vt 0.401757 0.027200
vt 0.413285 0.027193
vt 0.432707 0.038985
vt 0.428545 0.032896
vt 0.434887 0.026816
vt 0.432052 0.034277
vt 0.431669 0.033430
vt 0.432839 0.032472
vt 0.435576 0.029108
vt 0.435916 0.032262
vt 0.435624 0.038202
vt 0.435668 0.036161
vt 0.435612 0.034536
vt 0.115855 0.016805
vt 0.114810 0.019914
vt 0.117139 0.015126
vt 0.121486 0.020182
vt 0.136326 0.020435
vt 0.138687 0.020408
vt 0.117474 0.013673
vt 0.143661 0.020488
vt 0.148018 0.020593
vt 0.183423 0.020613
vt 0.221669 0.013625
vt 0.201676 0.020325
vt 0.212582 0.020262
vt 0.221886 0.020128
vt 0.223000 0.017005
vt 0.223778 0.019690
vt 0.967275 0.874332
vt 0.965638 0.873973
vt 0.963303 0.871991
vt 0.960255 0.871384
vt 0.958349 0.870630
vt 0.951077 0.867554
vt 0.948752 0.866797
vt 0.936835 0.849322
vt 0.946911 0.866076
vt 0.944655 0.865054
vt 0.943052 0.864300
vt 0.940086 0.864094
vt 0.938246 0.862980
vt 0.934160 0.861426
vt 0.931769 0.860484
vt 0.936091 0.862149
vt 0.928111 0.858993
vt 0.930332 0.860183
vt 0.967140 0.767429
vt 0.954087 0.869024
vt 0.955400 0.870118
vt 0.952196 0.868736
vt 0.925167 0.858173
vt 0.923721 0.857949
vt 0.922976 0.857114
vt 0.919068 0.855807
vt 0.920426 0.856661
vt 0.915697 0.855205
vt 0.915181 0.847152
vt 0.914515 0.831762
vt 0.914451 0.835602
vt 0.935346 0.790366
vt 0.920214 0.785587
vt 0.914489 0.812549
vt 0.915583 0.787317
vt 0.915177 0.806161
vt 0.914349 0.806295
vt 0.914873 0.794080
vt 0.953228 0.773547
vt 0.950676 0.775008
vt 0.928961 0.782908
vt 0.935837 0.780257
vt 0.940556 0.778236
vt 0.922501 0.784749
vt 0.916288 0.786444
vt 0.944281 0.777345
vt 0.946023 0.776657
vt 0.947712 0.775424
vt 0.948930 0.774679
vt 0.937854 0.778939
vt 0.956745 0.771874
vt 0.385505 0.925471
vt 0.382684 0.925513
vt 0.383034 0.923908
vt 0.388186 0.925718
vt 0.381325 0.924423
vt 0.385777 0.920573
vt 0.387861 0.918882
vt 0.962588 0.769647
vt 0.960758 0.770406
vt 0.958531 0.770539
vt 0.164634 0.064108
vt 0.163742 0.066487
vt 0.222255 0.029272
vt 0.165630 0.062185
vt 0.166805 0.057709
vt 0.166546 0.059008
vt 0.167573 0.055537
vt 0.169641 0.052924
vt 0.170874 0.048820
vt 0.172676 0.044393
vt 0.171823 0.046259
vt 0.172854 0.043623
vt 0.173048 0.041948
vt 0.174133 0.039687
vt 0.162045 0.072194
vt 0.161469 0.073436
vt 0.163414 0.071282
vt 0.160998 0.075172
vt 0.162403 0.071175
vt 0.162626 0.070299
vt 0.163408 0.068795
vt 0.177038 0.031201
vt 0.188908 0.029287
vt 0.177392 0.029413
vt 0.228870 0.058680
vt 0.174552 0.037648
vt 0.175543 0.035524
vt 0.176246 0.033748
vt 0.159822 0.077011
vt 0.201564 0.029150
vt 0.262040 0.076789
vt 0.215794 0.029258
vt 0.216210 0.028809
vt 0.221836 0.028819
vt 0.259712 0.069999
vt 0.244697 0.030794
vt 0.244447 0.029378
vt 0.253749 0.057015
vt 0.252482 0.053022
vt 0.251699 0.050930
vt 0.248923 0.043006
vt 0.247002 0.037979
vt 0.245535 0.035004
vt 0.246569 0.035994
vt 0.258982 0.068157
vt 0.258492 0.066411
vt 0.256811 0.063113
vt 0.253290 0.055247
vt 0.255123 0.058538
vt 0.250623 0.047985
vt 0.251273 0.049104
vt 0.249853 0.045461
vt 0.261135 0.073568
vt 0.260520 0.071139
vt 0.720784 0.215460
vt 0.718305 0.213614
vt 0.720095 0.208105
vt 0.715652 0.212956
vt 0.712161 0.212187
vt 0.710418 0.211358
vt 0.704644 0.209039
vt 0.703913 0.208451
vt 0.706300 0.209427
vt 0.701204 0.207015
vt 0.708695 0.210200
vt 0.702266 0.208165
vt 0.699362 0.206705
vt 0.696387 0.205197
vt 0.685784 0.201060
vt 0.682988 0.199246
vt 0.687912 0.201721
vt 0.682065 0.109776
vt 0.683842 0.200487
vt 0.680842 0.198897
vt 0.678224 0.196561
vt 0.675886 0.196466
vt 0.671547 0.194552
vt 0.673407 0.196144
vt 0.672253 0.195627
vt 0.719936 0.133506
vt 0.692595 0.203696
vt 0.667973 0.193065
vt 0.665932 0.192628
vt 0.666503 0.173526
vt 0.665740 0.174280
vt 0.561638 0.182493
vt 0.562842 0.180269
vt 0.562154 0.181588
vt 0.561085 0.182744
vt 0.560406 0.184204
vt 0.556470 0.186192
vt 0.554741 0.186977
vt 0.550941 0.188619
vt 0.547619 0.189173
vt 0.553233 0.187850
vt 0.549209 0.189542
vt 0.537284 0.187282
vt 0.544289 0.188803
vt 0.540585 0.188087
vt 0.532672 0.184116
vt 0.527498 0.180154
vt 0.677278 0.112042
vt 0.565787 0.175807
vt 0.563881 0.178722
vt 0.566565 0.174840
vt 0.519537 0.161880
vt 0.523106 0.173336
vt 0.522527 0.173628
vt 0.520905 0.169202
vt 0.566073 0.136457
vt 0.666421 0.135479
vt 0.518898 0.156428
vt 0.519260 0.150609
vt 0.520469 0.146034
vt 0.521594 0.140969
vt 0.693542 0.105069
vt 0.668580 0.115085
vt 0.484493 0.094491
vt 0.484382 0.095376
vt 0.481463 0.094488
vt 0.564077 0.133586
vt 0.562307 0.131001
vt 0.542877 0.123321
vt 0.556336 0.125449
vt 0.524146 0.136261
vt 0.532288 0.129130
vt 0.529091 0.130297
vt 0.526301 0.133150
vt 0.527051 0.131836
vt 0.671155 0.114099
vt 0.665494 0.134693
vt 0.665762 0.120766
vt 0.666171 0.116015
vt 0.559469 0.126645
vt 0.546661 0.122553
vt 0.551839 0.123575
vt 0.549144 0.122279
vt 0.534513 0.126328
vt 0.538344 0.124035
vt 0.535774 0.125100
vt 0.532996 0.127088
vt 0.530614 0.128967
vt 0.531288 0.129317
vt 0.680192 0.110188
vt 0.678280 0.110757
vt 0.683150 0.108650
vt 0.685069 0.107900
vt 0.710458 0.098024
vt 0.717348 0.094804
vt 0.708609 0.098382
vt 0.698865 0.102385
vt 0.694871 0.103701
vt 0.687070 0.107293
vt 0.720697 0.093341
vt 0.711495 0.096716
vt 0.703509 0.100795
vt 0.701318 0.101518
vt 0.706298 0.099138
vt 0.798092 0.081734
vt 0.805249 0.081634
vt 0.798643 0.079528
vt 0.800646 0.074928
vt 0.799340 0.077009
vt 0.800709 0.073631
vt 0.801774 0.072715
vt 0.802698 0.070742
vt 0.803024 0.068066
vt 0.803709 0.066890
vt 0.803826 0.065326
vt 0.804933 0.063157
vt 0.805335 0.060926
vt 0.806063 0.059800
vt 0.808560 0.053673
vt 0.903260 0.053347
vt 0.810554 0.051603
vt 0.809409 0.051753
vt 0.812115 0.046550
vt 0.810778 0.049480
vt 0.811543 0.047990
vt 0.813139 0.043159
vt 0.813013 0.044566
vt 0.813978 0.041872
vt 0.812396 0.044997
vt 0.813898 0.040292
vt 0.815162 0.038997
vt 0.814676 0.039032
vt 0.816957 0.033000
vt 0.816653 0.035171
vt 0.817649 0.032034
vt 0.815412 0.037050
vt 0.807432 0.058137
vt 0.807911 0.056417
vt 0.818555 0.029960
vt 0.840397 0.029253
vt 0.819657 0.028797
vt 0.839325 0.028758
vt 0.873672 0.029215
vt 0.901928 0.049227
vt 0.897960 0.039619
vt 0.896307 0.034313
vt 0.899216 0.081681
vt 0.889912 0.028895
vt 0.874353 0.028793
vt 0.893955 0.030379
vt 0.893953 0.029365
vt 0.902931 0.051530
vt 0.900367 0.044394
vt 0.899378 0.042468
vt 0.899209 0.041296
vt 0.901559 0.046697
vt 0.897222 0.037371
vt 0.895815 0.032470
vt 0.915322 0.082183
vt 0.914934 0.081300
vt 0.913214 0.076275
vt 0.905816 0.058475
vt 0.907132 0.062717
vt 0.909218 0.066384
vt 0.906729 0.060859
vt 0.904973 0.056337
vt 0.904564 0.054540
vt 0.911538 0.073237
vt 0.910573 0.070717
vt 0.909941 0.068695
vt 0.908215 0.063510
vt 0.025282 0.343359
vt 0.024798 0.342540
vt 0.024611 0.344514
vt 0.024297 0.339508
vt 0.025691 0.339496
vt 0.026405 0.333977
vt 0.024369 0.333243
vt 0.025299 0.334284
vt 0.024597 0.330596
vt 0.025108 0.329577
vt 0.025167 0.329447
vt 0.025290 0.325872
vt 0.024284 0.327977
vt 0.026230 0.325187
vt 0.025728 0.322654
vt 0.023633 0.322380
vt 0.025616 0.320606
vt 0.024440 0.320115
vt 0.025727 0.317943
vt 0.025148 0.316518
vt 0.026289 0.316813
vt 0.025474 0.315185
vt 0.024420 0.314371
vt 0.026254 0.308803
vt 0.025248 0.308370
vt 0.024670 0.310373
vt 0.025942 0.310812
vt 0.025896 0.336341
vt 0.024158 0.336496
vt 0.582434 0.091667
vt 0.579704 0.091670
vt 0.582576 0.101587
vt 0.581523 0.101996
vt 0.562604 0.091379
vt 0.563396 0.102120
vt 0.562757 0.102242
vt 0.286072 0.235391
vt 0.285281 0.233594
vt 0.284962 0.236602
vt 0.282314 0.234807
vt 0.845709 0.006660
vt 0.845396 0.015677
vt 0.863918 0.006900
vt 0.865308 0.015923
vt 0.868883 0.012720
vt 0.871065 0.012177
vt 0.392888 0.918769
vt 0.393149 0.919557
vt 0.390692 0.918821
vt 0.890465 0.012994
vt 0.891323 0.012043
vt 0.880327 0.007242
vt 0.390359 0.919499
vt 0.871549 0.012757
vt 0.866352 0.016417
vt 0.899627 0.016511
vt 0.892393 0.010059
vt 0.900831 0.007304
vt 0.900281 0.016119
vt 0.198760 0.010348
vt 0.198652 0.011546
vt 0.190944 0.010669
vt 0.898087 0.012728
vt 0.191656 0.009585
vt 0.898094 0.009981
vt 0.912863 0.007060
vt 0.915890 0.016202
vt 0.915761 0.006717
vt 0.919951 0.016114
vt 0.920215 0.006677
vt 0.958570 0.414887
vt 0.956354 0.416629
vt 0.959076 0.416119
vt 0.956088 0.415795
vt 0.954145 0.415268
vt 0.953624 0.416316
vt 0.950981 0.415245
vt 0.952285 0.414855
vt 0.949233 0.415388
vt 0.951094 0.416204
vt 0.946007 0.414385
vt 0.947283 0.416010
vt 0.948317 0.414568
vt 0.949229 0.415376
vt 0.944558 0.415015
vt 0.954916 0.157391
vt 0.943898 0.156486
vt 0.954987 0.154940
vt 0.954687 0.162177
vt 0.954610 0.164968
vt 0.943893 0.161216
vt 0.943676 0.159450
vt 0.954715 0.167059
vt 0.954594 0.171292
vt 0.954574 0.168879
vt 0.954260 0.173038
vt 0.947743 0.172518
vt 0.943706 0.172670
vt 0.943609 0.165414
vt 0.943662 0.167394
vt 0.943485 0.170270
vt 0.956304 0.048662
vt 0.955128 0.151379
vt 0.944558 0.049088
vt 0.944086 0.151624
vt 0.943446 0.047910
vt 0.943764 0.151152
vt 0.943725 0.154595
vt 0.167564 0.182425
vt 0.170497 0.184764
vt 0.166965 0.180981
vt 0.165836 0.178792
vt 0.168369 0.183664
vt 0.172337 0.186155
vt 0.174450 0.187067
vt 0.175861 0.188027
vt 0.182531 0.188912
vt 0.177679 0.189068
vt 0.190344 0.187615
vt 0.186104 0.188769
vt 0.193341 0.186000
vt 0.194118 0.185311
vt 0.197189 0.183695
vt 0.164345 0.175776
vt 0.162716 0.172826
vt 0.163175 0.173541
vt 0.164987 0.177524
vt 0.206851 0.170803
vt 0.199967 0.181287
vt 0.201474 0.179422
vt 0.202823 0.177752
vt 0.062690 0.156805
vt 0.062828 0.159957
vt 0.063235 0.149790
vt 0.067764 0.126354
vt 0.064499 0.140598
vt 0.167043 0.137927
vt 0.205782 0.174167
vt 0.208090 0.167167
vt 0.209317 0.162969
vt 0.209706 0.159021
vt 0.066546 0.125723
vt 0.179336 0.127687
vt 0.209368 0.155212
vt 0.207181 0.143162
vt 0.209188 0.147042
vt 0.209165 0.150326
vt 0.209516 0.150955
vt 0.167632 0.137339
vt 0.169718 0.134934
vt 0.199729 0.132540
vt 0.205398 0.139239
vt 0.204752 0.137538
vt 0.202605 0.135341
vt 0.201565 0.134183
vt 0.206732 0.141708
vt 0.171399 0.133050
vt 0.175611 0.128722
vt 0.194663 0.128614
vt 0.185104 0.125828
vt 0.190854 0.127502
vt 0.187031 0.126175
vt 0.196761 0.129639
vt 0.197543 0.130559
vt 0.203369 0.115928
vt 0.200992 0.115805
vt 0.198860 0.115892
vt 0.203535 0.123935
vt 0.205503 0.115920
vt 0.205180 0.123843
vt 0.212387 0.115847
vt 0.211562 0.124048
vt 0.214625 0.115966
vt 0.214825 0.123928
vt 0.210626 0.115681
vt 0.208703 0.115918
vt 0.219343 0.115917
vt 0.224210 0.116582
vt 0.225735 0.115967
vt 0.224485 0.123460
vt 0.407806 0.071812
vt 0.416172 0.077051
vt 0.407762 0.076058
vt 0.201098 0.124036
vt 0.208715 0.123804
vt 0.992928 0.426344
vt 0.992774 0.427266
vt 0.995734 0.428268
vt 0.996492 0.427430
vt 0.219263 0.123972
vt 0.223554 0.123883
vt 0.408441 0.065107
vt 0.415549 0.065583
vt 0.407938 0.067086
vt 0.416169 0.072344
vt 0.090825 0.115698
vt 0.090814 0.124467
vt 0.193120 0.124083
vt 0.192806 0.115709
vt 0.194228 0.115861
vt 0.196566 0.115824
vt 0.407706 0.084460
vt 0.407517 0.079517
vt 0.415979 0.087910
vt 0.407719 0.089214
vt 0.198481 0.124046
vt 0.195711 0.124023
vt 0.416277 0.078860
vt 0.908001 0.993123
vt 0.907539 0.985763
vt 0.907187 0.994033
vt 0.905476 0.987886
vt 0.905409 0.990501
vt 0.140782 0.126640
vt 0.141105 0.129685
vt 0.143381 0.127368
vt 0.146800 0.126633
vt 0.903375 0.985674
vt 0.903084 0.989091
vt 0.899484 0.992889
vt 0.895755 0.985946
vt 0.892601 0.986114
vt 0.887332 0.986204
vt 0.884168 0.998048
vt 0.885573 0.995467
vt 0.969439 0.918769
vt 0.969439 0.920787
vt 0.966433 0.920475
vt 0.908317 0.996114
vt 0.908033 0.997806
vt 0.902709 0.995416
vt 0.903032 0.997849
vt 0.896280 0.997805
vt 0.582665 0.177094
vt 0.582665 0.180325
vt 0.579730 0.177426
vt 0.580702 0.183733
vt 0.897178 0.995626
vt 0.890069 0.997951
vt 0.887982 0.994569
vt 0.885910 0.997443
vt 0.096693 0.234612
vt 0.098899 0.236630
vt 0.101221 0.235566
vt 0.884225 0.998023
vt 0.885217 0.986281
vt 0.883115 0.986632
vt 0.877298 0.986690
vt 0.875867 0.998026
vt 0.872621 0.995303
vt 0.872086 0.986400
vt 0.872033 0.989247
vt 0.872372 0.991157
vt 0.868433 0.986145
vt 0.869491 0.990701
vt 0.494489 0.183805
vt 0.497492 0.185166
vt 0.496062 0.182139
vt 0.870346 0.993692
vt 0.499499 0.182139
vt 0.872479 0.998196
vt 0.473845 0.110494
vt 0.472445 0.112513
vt 0.477355 0.111708
vt 0.476946 0.110494
vt 0.867539 0.987229
vt 0.865226 0.989892
vt 0.865978 0.985935
vt 0.970624 0.991057
vt 0.972353 0.991423
vt 0.970441 0.988396
vt 0.974449 0.988396
vt 0.865926 0.985932
vt 0.858422 0.985583
vt 0.864777 0.986880
vt 0.862434 0.997363
vt 0.857406 0.989660
vt 0.870310 0.993796
vt 0.869605 0.998268
vt 0.857417 0.994948
vt 0.857684 0.997146
vt 0.856212 0.996147
vt 0.972229 0.981297
vt 0.971594 0.961982
vt 0.971987 0.919861
vt 0.971476 0.920341
vt 0.780381 0.172513
vt 0.778313 0.171250
vt 0.781132 0.173948
vt 0.781913 0.175745
vt 0.782640 0.177173
vt 0.784974 0.182708
vt 0.783542 0.179555
vt 0.784655 0.184408
vt 0.770311 0.166799
vt 0.783399 0.192234
vt 0.784074 0.187773
vt 0.779617 0.198500
vt 0.782794 0.194202
vt 0.770788 0.064722
vt 0.736989 0.065506
vt 0.770858 0.166034
vt 0.773529 0.167991
vt 0.771546 0.166681
vt 0.775079 0.168931
vt 0.776280 0.169865
vt 0.744222 0.209784
vt 0.774735 0.204038
vt 0.776467 0.202675
vt 0.768398 0.208055
vt 0.762449 0.209803
vt 0.769691 0.064085
vt 0.736113 0.166019
vt 0.749232 0.210337
vt 0.751893 0.211211
vt 0.754803 0.211094
vt 0.736519 0.064150
vt 0.723082 0.188522
vt 0.736264 0.206541
vt 0.733194 0.168077
vt 0.730885 0.169798
vt 0.725232 0.174976
vt 0.728524 0.171352
vt 0.724516 0.176994
vt 0.726782 0.197751
vt 0.729081 0.200795
vt 0.732581 0.204297
vt 0.738570 0.208030
vt 0.734747 0.205504
vt 0.730857 0.203122
vt 0.739880 0.209039
vt 0.725875 0.173480
vt 0.722055 0.182535
vt 0.723478 0.179217
vt 0.722182 0.184479
vt 0.723588 0.192309
vt 0.724382 0.194530
vt 0.725221 0.195437
vt 0.981018 0.874977
vt 0.981682 0.857376
vt 0.982026 0.875639
vt 0.980461 0.857423
vt 0.391820 0.731664
vt 0.392896 0.732037
vt 0.391480 0.714117
vt 0.392806 0.718571
vt 0.404383 0.279614
vt 0.405014 0.279214
vt 0.404992 0.292055
vt 0.789213 0.235545
vt 0.789290 0.232461
vt 0.798032 0.235481
vt 0.789596 0.215877
vt 0.797799 0.200710
vt 0.789663 0.226154
vt 0.789670 0.200583
vt 0.796517 0.200367
vt 0.949183 0.464084
vt 0.940468 0.465687
vt 0.949165 0.456894
vt 0.949072 0.452594
vt 0.940122 0.449193
vt 0.949076 0.444341
vt 0.939983 0.452858
vt 0.939811 0.441133
vt 0.948793 0.439233
vt 0.940262 0.435660
vt 0.947190 0.437121
vt 0.939471 0.445514
vt 0.948344 0.435622
vt 0.385670 0.001401
vt 0.386118 0.000862
vt 0.371336 0.000767
vt 0.062428 0.166733
vt 0.068966 0.166788
vt 0.061634 0.165316
vt 0.101968 0.021506
vt 0.103378 0.020681
vt 0.102442 0.028323
vt 0.732567 0.086276
vt 0.732118 0.084294
vt 0.732671 0.082579
vt 0.556067 0.212440
vt 0.555827 0.212893
vt 0.579614 0.212742
vt 0.579634 0.213292
vt 0.969008 0.811720
vt 0.968755 0.809947
vt 0.973101 0.811214
vt 0.978718 0.811358
vt 0.968707 0.805000
vt 0.968947 0.795961
vt 0.980275 0.801266
vt 0.979954 0.805365
vt 0.980162 0.811280
vt 0.483655 0.197574
vt 0.484292 0.210402
vt 0.585372 0.197428
vt 0.589352 0.197462
vt 0.596361 0.208420
vt 0.585457 0.208277
vt 0.968651 0.793458
vt 0.968663 0.789666
vt 0.968986 0.785123
vt 0.585660 0.208996
vt 0.588732 0.208934
vt 0.591728 0.208782
vt 0.980111 0.785219
vt 0.980256 0.786891
vt 0.980281 0.782555
vt 0.980025 0.790620
vt 0.980074 0.795168
vt 0.596376 0.197569
vt 0.599259 0.208697
vt 0.602982 0.197452
vt 0.606706 0.197681
vt 0.607492 0.201296
vt 0.607698 0.199134
vt 0.606797 0.206372
vt 0.604010 0.208691
vt 0.969245 0.761350
vt 0.971528 0.761382
vt 0.969011 0.762726
vt 0.968898 0.766794
vt 0.968810 0.770888
vt 0.968933 0.774439
vt 0.979946 0.771198
vt 0.980302 0.775745
vt 0.980107 0.777745
vt 0.968661 0.779227
vt 0.968755 0.776604
vt 0.968760 0.782303
vt 0.973880 0.760622
vt 0.979869 0.760498
vt 0.980284 0.762736
vt 0.606882 0.208284
vt 0.980292 0.766685
vt 0.980350 0.772334
vt 0.794204 0.711924
vt 0.792198 0.712450
vt 0.794741 0.712956
vt 0.446136 0.083658
vt 0.434329 0.085205
vt 0.446191 0.086015
vt 0.429187 0.083476
vt 0.426655 0.085118
vt 0.426781 0.083476
vt 0.425376 0.083793
vt 0.641201 0.059170
vt 0.642285 0.051049
vt 0.640816 0.051366
vt 0.640985 0.059723
vt 0.743544 0.059781
vt 0.744606 0.059782
vt 0.743674 0.051308
vt 0.748030 0.059697
vt 0.749834 0.059687
vt 0.749741 0.051432
vt 0.755108 0.059558
vt 0.269305 0.019457
vt 0.274518 0.011273
vt 0.265362 0.019509
vt 0.274749 0.019381
vt 0.276052 0.017992
vt 0.747099 0.051396
vt 0.752329 0.052006
vt 0.273236 0.010709
vt 0.269984 0.010736
vt 0.265558 0.010820
vt 0.260725 0.010778
vt 0.260860 0.019517
vt 0.759647 0.059715
vt 0.755441 0.052052
vt 0.765542 0.059575
vt 0.765128 0.051557
vt 0.767750 0.059781
vt 0.770970 0.059732
vt 0.250709 0.018665
vt 0.252273 0.019529
vt 0.253077 0.010788
vt 0.250347 0.010686
vt 0.256615 0.019417
vt 0.256589 0.010771
vt 0.259358 0.019467
vt 0.382922 0.681657
vt 0.382274 0.682382
vt 0.386137 0.682597
vt 0.757426 0.051606
vt 0.759437 0.051523
vt 0.761448 0.051557
vt 0.775238 0.052096
vt 0.771025 0.051597
vt 0.767251 0.051619
vt 0.775711 0.059360
vt 0.645992 0.132505
vt 0.655439 0.113377
vt 0.656753 0.132346
vt 0.644897 0.122122
vt 0.644938 0.112845
vt 0.656277 0.118149
vt 0.656620 0.112825
vt 0.695037 0.001425
vt 0.694839 0.000657
vt 0.721943 0.001257
vt 0.721930 0.000651
vt 0.471129 0.125125
vt 0.472369 0.128657
vt 0.470643 0.128018
vt 0.609810 0.179262
vt 0.607088 0.179521
vt 0.605131 0.185199
vt 0.604787 0.179545
vt 0.602475 0.182768
vt 0.600051 0.181112
vt 0.602050 0.179558
vt 0.599356 0.179602
vt 0.025666 0.526255
vt 0.025101 0.527572
vt 0.029181 0.527796
vt 0.640752 0.179170
vt 0.638952 0.179634
vt 0.641869 0.179953
vt 0.638553 0.179148
vt 0.636103 0.179447
vt 0.623052 0.199385
vt 0.643503 0.180039
vt 0.638996 0.202998
vt 0.633420 0.179796
vt 0.631025 0.179761
vt 0.627314 0.179650
vt 0.626108 0.179877
vt 0.628839 0.179765
vt 0.624175 0.180000
vt 0.624860 0.179677
vt 0.620692 0.180086
vt 0.623162 0.179793
vt 0.618633 0.179799
vt 0.618286 0.180300
vt 0.615065 0.193151
vt 0.616290 0.179471
vt 0.614471 0.179467
vt 0.612057 0.179241
vt 0.629953 0.204522
vt 0.631137 0.205801
vt 0.626953 0.202841
vt 0.618679 0.196293
vt 0.620813 0.198348
vt 0.613969 0.192621
vt 0.615808 0.194301
vt 0.617555 0.195725
vt 0.612023 0.190808
vt 0.608623 0.187903
vt 0.633762 0.207745
vt 0.657430 0.180054
vt 0.655011 0.179603
vt 0.653145 0.180180
vt 0.651471 0.180147
vt 0.645995 0.179499
vt 0.647571 0.180085
vt 0.649483 0.180302
vt 0.650677 0.200558
vt 0.644627 0.203827
vt 0.646697 0.204343
vt 0.648543 0.204894
vt 0.642010 0.203554
vt 0.643484 0.203989
vt 0.638209 0.206801
vt 0.638090 0.211390
vt 0.638332 0.210143
vt 0.635567 0.209489
vt 0.150572 0.035619
vt 0.150013 0.038138
vt 0.150409 0.032716
vt 0.145125 0.030782
vt 0.150053 0.028477
vt 0.150523 0.030722
vt 0.150187 0.025746
vt 0.148729 0.025700
vt 0.149286 0.024799
vt 0.140407 0.035930
vt 0.145929 0.029141
vt 0.149306 0.070458
vt 0.149565 0.065723
vt 0.149602 0.067806
vt 0.150105 0.064211
vt 0.150091 0.059525
vt 0.150206 0.061731
vt 0.125271 0.069696
vt 0.150498 0.056960
vt 0.150600 0.051574
vt 0.150429 0.054144
vt 0.150281 0.048384
vt 0.150454 0.049847
vt 0.150022 0.044457
vt 0.150564 0.046939
vt 0.150158 0.045429
vt 0.843183 0.282403
vt 0.841901 0.282479
vt 0.841833 0.281361
vt 0.839256 0.282920
vt 0.839832 0.281029
vt 0.837210 0.282381
vt 0.150360 0.040348
vt 0.150012 0.042631
vt 0.150381 0.037793
vt 0.121671 0.059171
vt 0.123864 0.056114
vt 0.127818 0.051816
vt 0.126916 0.053190
vt 0.129642 0.048640
vt 0.128484 0.050020
vt 0.134420 0.044189
vt 0.132878 0.046046
vt 0.135430 0.042052
vt 0.150256 0.087203
vt 0.149555 0.089169
vt 0.149994 0.085205
vt 0.149701 0.083524
vt 0.123600 0.077085
vt 0.150256 0.083046
vt 0.149829 0.080898
vt 0.149388 0.078596
vt 0.276504 0.064639
vt 0.277372 0.062061
vt 0.278005 0.062788
vt 0.277453 0.065775
vt 0.149533 0.076595
vt 0.149280 0.072835
vt 0.122798 0.079611
vt 0.124564 0.074484
vt 0.124375 0.073198
vt 0.125036 0.070653
vt 0.122846 0.068796
vt 0.120334 0.061683
vt 0.120861 0.068730
vt 0.115797 0.067368
vt 0.276873 0.004455
vt 0.249987 0.004284
vt 0.277071 0.003688
vt 0.250009 0.003685
vt 0.383851 0.823938
vt 0.383345 0.823925
vt 0.383826 0.851362
vt 0.796143 0.671422
vt 0.797747 0.662991
vt 0.797794 0.669947
vt 0.796711 0.655867
vt 0.312871 0.106481
vt 0.328051 0.107001
vt 0.326171 0.105969
vt 0.321443 0.105806
vt 0.319522 0.105663
vt 0.312096 0.105822
vt 0.402307 0.055515
vt 0.384675 0.055937
vt 0.396990 0.056601
vt 0.383376 0.056971
vt 0.373401 0.056854
vt 0.367712 0.056179
vt 0.381291 0.057333
vt 0.374634 0.059560
vt 0.377120 0.059565
vt 0.377329 0.057729
vt 0.372283 0.059048
vt 0.370373 0.057679
vt 0.365273 0.056881
vt 0.357633 0.056301
vt 0.367109 0.058242
vt 0.368476 0.060158
vt 0.364280 0.057642
vt 0.366034 0.057355
vt 0.360100 0.059579
vt 0.358264 0.057971
vt 0.358621 0.057718
vt 0.352714 0.057549
vt 0.353039 0.055315
vt 0.350285 0.057005
vt 0.346591 0.057437
vt 0.348008 0.055104
vt 0.345620 0.055864
vt 0.347278 0.058920
vt 0.341512 0.057549
vt 0.344130 0.058101
vt 0.337228 0.059748
vt 0.330414 0.056619
vt 0.334778 0.058960
vt 0.303685 0.055330
vt 0.330435 0.057130
vt 0.328779 0.059346
vt 0.328455 0.056915
vt 0.325507 0.059865
vt 0.321226 0.058772
vt 0.314228 0.059181
vt 0.318511 0.059525
vt 0.304795 0.057079
vt 0.303247 0.059517
vt 0.304116 0.057319
vt 0.304221 0.056712
vt 0.289924 0.055229
vt 0.292640 0.057429
vt 0.292057 0.056864
vt 0.291357 0.058259
vt 0.292754 0.059454
vt 0.282209 0.059637
vt 0.283199 0.057133
vt 0.280445 0.055939
vt 0.278954 0.059284
vt 0.272456 0.057985
vt 0.276625 0.060608
vt 0.272654 0.056480
vt 0.262030 0.055177
vt 0.267905 0.059255
vt 0.270408 0.056760
vt 0.265679 0.057001
vt 0.266553 0.060383
vt 0.679402 0.016650
vt 0.679833 0.018024
vt 0.677973 0.018259
vt 0.679403 0.020681
vt 0.866053 0.525315
vt 0.865277 0.524211
vt 0.867441 0.523752
vt 0.508035 0.144272
vt 0.507650 0.146030
vt 0.508520 0.141494
vt 0.506902 0.148939
vt 0.505723 0.151169
vt 0.504640 0.156603
vt 0.503744 0.159528
vt 0.501774 0.163555
vt 0.502981 0.160752
vt 0.505247 0.153794
vt 0.485455 0.153443
vt 0.503083 0.161395
vt 0.994525 0.412100
vt 0.992733 0.410411
vt 0.992920 0.413040
vt 0.487951 0.163259
vt 0.501448 0.165288
vt 0.501487 0.166803
vt 0.489919 0.167264
vt 0.500089 0.168953
vt 0.499768 0.171004
vt 0.491014 0.171005
vt 0.509556 0.137817
vt 0.482888 0.145604
vt 0.480867 0.141091
vt 0.481528 0.143340
vt 0.483892 0.150915
vt 0.483172 0.147349
vt 0.396183 0.814834
vt 0.394732 0.816494
vt 0.397712 0.816475
vt 0.484671 0.152526
vt 0.486617 0.158439
vt 0.486941 0.161127
vt 0.485539 0.155783
vt 0.489152 0.166144
vt 0.490145 0.169864
vt 0.518276 0.112664
vt 0.517234 0.114725
vt 0.518060 0.109650
vt 0.515955 0.109515
vt 0.516657 0.117330
vt 0.516103 0.119630
vt 0.514873 0.121482
vt 0.514210 0.123370
vt 0.513454 0.125344
vt 0.480307 0.134161
vt 0.512859 0.127391
vt 0.512054 0.129620
vt 0.511709 0.131533
vt 0.510928 0.131591
vt 0.510894 0.133617
vt 0.510235 0.135941
vt 0.509127 0.140770
vt 0.488479 0.113341
vt 0.487834 0.117362
vt 0.488480 0.109575
vt 0.488283 0.115079
vt 0.487694 0.119775
vt 0.486376 0.119950
vt 0.479304 0.136409
vt 0.479677 0.118402
vt 0.474700 0.121521
vt 0.473514 0.117406
vt 0.475945 0.126305
vt 0.475092 0.122271
vt 0.477095 0.129064
vt 0.477729 0.131689
vt 0.480073 0.138836
vt 0.404309 0.992040
vt 0.402782 0.992913
vt 0.402852 0.990585
vt 0.403510 0.989772
vt 0.493789 0.050371
vt 0.494161 0.047016
vt 0.492428 0.049830
vt 0.492567 0.052534
vt 0.741300 0.001514
vt 0.742557 0.002972
vt 0.740187 0.002853
vt 0.491977 0.054637
vt 0.156613 0.078012
vt 0.155521 0.079072
vt 0.154792 0.076087
vt 0.156073 0.075346
vt 0.155137 0.074467
vt 0.491060 0.056994
vt 0.490934 0.058818
vt 0.490138 0.060728
vt 0.487318 0.070262
vt 0.490182 0.062639
vt 0.488888 0.067820
vt 0.474839 0.072612
vt 0.486450 0.073900
vt 0.487298 0.072847
vt 0.475522 0.074086
vt 0.495167 0.043075
vt 0.466703 0.046580
vt 0.468541 0.053946
vt 0.471224 0.060816
vt 0.468980 0.055529
vt 0.384091 0.820944
vt 0.387064 0.822886
vt 0.382353 0.822048
vt 0.388162 0.822131
vt 0.474063 0.070591
vt 0.471094 0.063847
vt 0.465363 0.046378
vt 0.503132 0.018515
vt 0.503325 0.014943
vt 0.502029 0.021002
vt 0.504398 0.012251
vt 0.473075 0.011765
vt 0.501287 0.023066
vt 0.500825 0.024770
vt 0.472451 0.021506
vt 0.500213 0.028058
vt 0.499228 0.029192
vt 0.498754 0.031162
vt 0.497762 0.031905
vt 0.497682 0.035614
vt 0.496854 0.037416
vt 0.496344 0.039483
vt 0.495899 0.042123
vt 0.495193 0.044311
vt 0.494383 0.045331
vt 0.474231 0.013186
vt 0.472912 0.019808
vt 0.473555 0.014563
vt 0.472704 0.018227
vt 0.469480 0.020661
vt 0.467463 0.020457
vt 0.461512 0.019550
vt 0.459775 0.027498
vt 0.462889 0.035904
vt 0.465188 0.019829
vt 0.458296 0.018592
vt 0.457476 0.021798
vt 0.456268 0.018306
vt 0.460791 0.031483
vt 0.459560 0.029201
vt 0.980461 0.305842
vt 0.978563 0.306185
vt 0.979212 0.307181
vt 0.979812 0.303555
vt 0.464664 0.041970
vt 0.978538 0.300153
vt 0.979222 0.299329
vt 0.508473 0.000505
vt 0.507201 0.001489
vt 0.506703 0.007691
vt 0.508314 0.003468
vt 0.506710 0.000924
vt 0.505763 0.010446
vt 0.504993 0.012486
vt 0.456124 0.001066
vt 0.456108 0.007495
vt 0.470973 0.011324
vt 0.467082 0.010428
vt 0.453224 0.006898
vt 0.457069 0.008023
vt 0.459598 0.008776
vt 0.463241 0.009683
vt 0.450526 0.000701
vt 0.451451 0.004593
vt 0.450470 0.002362
vt 0.451691 0.006493
vt 0.976505 0.377389
vt 0.977088 0.377931
vt 0.977069 0.361794
vt 0.965461 0.103009
vt 0.981447 0.103217
vt 0.965556 0.102423
vt 0.303178 0.094904
vt 0.319124 0.095358
vt 0.319117 0.094349
vt 0.943301 0.203440
vt 0.940650 0.203485
vt 0.941712 0.205348
vt 0.963816 0.514871
vt 0.967275 0.514244
vt 0.963441 0.515342
vt 0.965671 0.514211
vt 0.961500 0.516087
vt 0.959549 0.516579
vt 0.970522 0.594113
vt 0.971304 0.594941
vt 0.971061 0.556460
vt 0.960179 0.553107
vt 0.959637 0.552017
vt 0.966169 0.561838
vt 0.967357 0.552764
vt 0.960833 0.557550
vt 0.967052 0.563314
vt 0.965991 0.565476
vt 0.965098 0.564556
vt 0.961684 0.560058
vt 0.961503 0.562642
vt 0.380776 0.049827
vt 0.380040 0.048786
vt 0.381226 0.052825
vt 0.379769 0.045978
vt 0.378539 0.045135
vt 0.347745 0.044978
vt 0.331797 0.051647
vt 0.328885 0.050307
vt 0.328162 0.050959
vt 0.328967 0.048056
vt 0.334410 0.045901
vt 0.330027 0.046563
vt 0.333956 0.051957
vt 0.348852 0.045735
vt 0.342335 0.045289
vt 0.341794 0.045831
vt 0.973813 0.100669
vt 0.971511 0.099471
vt 0.975907 0.101020
vt 0.970395 0.099060
vt 0.970169 0.067678
vt 0.974650 0.055157
vt 0.976288 0.055132
vt 0.969860 0.061976
vt 0.969504 0.068392
vt 0.970591 0.056683
vt 0.471733 0.209692
vt 0.470698 0.212485
vt 0.471192 0.213365
vt 0.473321 0.209634
vt 0.473675 0.213886
vt 0.477421 0.209434
vt 0.475257 0.209645
vt 0.478855 0.209887
vt 0.481492 0.209572
vt 0.478261 0.213990
vt 0.482423 0.209603
vt 0.475562 0.214004
vt 0.480600 0.214176
vt 0.340836 0.105723
vt 0.343133 0.109115
vt 0.342988 0.108160
vt 0.338304 0.105565
vt 0.335642 0.110406
vt 0.338074 0.110123
vt 0.340446 0.109776
vt 0.334527 0.105955
vt 0.333224 0.105701
vt 0.335853 0.105670
vt 0.400462 0.907782
vt 0.397337 0.908323
vt 0.401793 0.913920
vt 0.394426 0.908586
vt 0.402252 0.909891
vt 0.401999 0.908440
vt 0.395727 0.920877
vt 0.401266 0.917208
vt 0.397635 0.920556
vt 0.395995 0.921612
vt 0.396958 0.625000
vt 0.395171 0.625176
vt 0.399160 0.625683
vt 0.394485 0.626908
vt 0.400977 0.919186
vt 0.400203 0.625005
vt 0.789281 0.670084
vt 0.788087 0.670459
vt 0.788002 0.665659
vt 0.789056 0.666326
vt 0.788812 0.665404
vt 0.791985 0.669722
vt 0.787596 0.665209
vt 0.787397 0.663533
vt 0.787275 0.656446
vt 0.791801 0.658256
vt 0.792020 0.656536
vt 0.953135 0.498882
vt 0.952376 0.495996
vt 0.952810 0.493573
vt 0.951873 0.494913
vt 0.950342 0.498682
vt 0.949069 0.496603
vt 0.647231 0.040734
vt 0.648798 0.036831
vt 0.645806 0.036974
vt 0.946769 0.498905
vt 0.945640 0.498327
vt 0.945525 0.495509
vt 0.949414 0.494362
vt 0.952155 0.493306
vt 0.951358 0.488818
vt 0.950546 0.482989
vt 0.951789 0.486825
vt 0.948188 0.484073
vt 0.952419 0.484459
vt 0.952642 0.480958
vt 0.945937 0.492156
vt 0.946742 0.489832
vt 0.947075 0.484638
vt 0.984530 0.935375
vt 0.985849 0.936510
vt 0.982643 0.934907
vt 0.990445 0.937624
vt 0.992425 0.938858
vt 0.991850 0.939701
vt 0.990674 0.968003
vt 0.988833 0.936956
vt 0.982513 0.967928
vt 0.992187 0.967554
vt 0.985620 0.968049
vt 0.403984 0.059507
vt 0.398631 0.059572
vt 0.399456 0.059435
vt 0.398997 0.066931
vt 0.398311 0.065728
vt 0.403622 0.068776
vt 0.404868 0.060518
vt 0.404732 0.068034
vt 0.405007 0.069421
vt 0.404352 0.074967
vt 0.399289 0.072238
vt 0.404969 0.072707
vt 0.405238 0.074888
vt 0.405327 0.076393
vt 0.400389 0.076410
vt 0.399555 0.074987
vt 0.404426 0.078696
vt 0.840631 0.477754
vt 0.840505 0.479267
vt 0.843523 0.479681
vt 0.842027 0.473941
vt 0.841530 0.475384
vt 0.845716 0.473982
vt 0.861701 0.473959
vt 0.859919 0.479702
vt 0.871090 0.479543
vt 0.871036 0.474075
vt 0.467617 0.065347
vt 0.469274 0.066071
vt 0.468976 0.063352
vt 0.387846 0.916409
vt 0.387503 0.913070
vt 0.388901 0.917314
vt 0.388761 0.911863
vt 0.386008 0.912587
vt 0.388867 0.909191
vt 0.385394 0.910709
vt 0.385422 0.907738
vt 0.388805 0.907929
vt 0.721889 0.020740
vt 0.720896 0.019809
vt 0.719955 0.020873
vt 0.149229 0.178103
vt 0.145855 0.178383
vt 0.150457 0.178868
vt 0.149104 0.187893
vt 0.150764 0.184012
vt 0.140387 0.187696
vt 0.133747 0.187712
vt 0.150782 0.187726
vt 0.142410 0.178281
vt 0.138780 0.178666
vt 0.135663 0.179722
vt 0.135481 0.178664
vt 0.132044 0.178529
vt 0.128489 0.178896
vt 0.127803 0.187796
vt 0.124074 0.186697
vt 0.125094 0.187760
vt 0.122136 0.179082
vt 0.786072 0.023775
vt 0.784068 0.025732
vt 0.784068 0.022704
vt 0.121568 0.178724
vt 0.112468 0.179060
vt 0.105895 0.178860
vt 0.102933 0.179098
vt 0.109154 0.178861
vt 0.105775 0.182655
vt 0.106314 0.185500
vt 0.107601 0.187977
vt 0.117865 0.187839
vt 0.121012 0.187775
vt 0.114335 0.187915
vt 0.099250 0.182862
vt 0.103195 0.181097
vt 0.099681 0.178907
vt 0.096440 0.178844
vt 0.092942 0.179257
vt 0.088541 0.187880
vt 0.864786 0.549441
vt 0.862845 0.547064
vt 0.867234 0.547311
vt 0.860220 0.548569
vt 0.867234 0.544400
vt 0.101883 0.183784
vt 0.104651 0.188021
vt 0.098586 0.187994
vt 0.100085 0.186041
vt 0.860499 0.545254
vt 0.092576 0.178879
vt 0.086241 0.179128
vt 0.083171 0.178985
vt 0.082451 0.187734
vt 0.079039 0.187858
vt 0.085435 0.187878
vt 0.073334 0.178992
vt 0.075923 0.184698
vt 0.073154 0.187488
vt 0.073262 0.183679
vt 0.072307 0.186410
vt 0.039579 0.023713
vt 0.042585 0.023822
vt 0.042585 0.026513
vt 0.041104 0.026741
vt 0.068369 0.187698
vt 0.063508 0.179044
vt 0.062683 0.187818
vt 0.060239 0.178880
vt 0.053903 0.178796
vt 0.052914 0.187695
vt 0.059124 0.187795
vt 0.047463 0.178571
vt 0.044061 0.181156
vt 0.050700 0.178714
vt 0.041100 0.178670
vt 0.037082 0.180939
vt 0.045869 0.187763
vt 0.042297 0.184291
vt 0.049614 0.187677
vt 0.037334 0.187516
vt 0.974486 0.995099
vt 0.968685 0.992432
vt 0.967435 0.996468
vt 0.971150 0.992432
vt 0.034692 0.178471
vt 0.027944 0.185020
vt 0.039922 0.183811
vt 0.031444 0.178308
vt 0.025639 0.178757
vt 0.032279 0.187834
vt 0.029038 0.187789
vt 0.028210 0.178103
vt 0.028549 0.178500
vt 0.026740 0.185454
vt 0.979729 0.106120
vt 0.982465 0.106686
vt 0.979389 0.108381
vt 0.026470 0.187476
vt 0.978457 0.107391
vt 0.971381 0.310485
vt 0.970903 0.304380
vt 0.966095 0.313873
vt 0.971333 0.314244
vt 0.971485 0.317599
vt 0.966631 0.323613
vt 0.971507 0.324526
vt 0.965592 0.304864
vt 0.965773 0.310913
vt 0.966288 0.317051
vt 0.966323 0.322866
vt 0.971647 0.330924
vt 0.971531 0.327695
vt 0.971654 0.334034
vt 0.966528 0.333124
vt 0.966585 0.326377
vt 0.966559 0.329619
vt 0.966775 0.336100
vt 0.972003 0.334404
vt 0.971841 0.337370
vt 0.972139 0.347285
vt 0.972117 0.343954
vt 0.967206 0.349401
vt 0.972059 0.340749
vt 0.966898 0.343161
vt 0.967018 0.339478
vt 0.972345 0.353751
vt 0.972320 0.356881
vt 0.967140 0.359246
vt 0.967138 0.355935
vt 0.972179 0.360684
vt 0.967329 0.372724
vt 0.972289 0.364076
vt 0.972241 0.367278
vt 0.972190 0.370414
vt 0.972215 0.373720
vt 0.967111 0.362395
vt 0.966758 0.369457
vt 0.972095 0.380119
vt 0.972147 0.377075
vt 0.967029 0.385028
vt 0.967164 0.378450
vt 0.971923 0.386613
vt 0.966840 0.388169
vt 0.971872 0.389796
vt 0.971755 0.393658
vt 0.967087 0.391672
vt 0.966683 0.398588
vt 0.966737 0.391375
vt 0.966736 0.395310
vt 0.971838 0.399611
vt 0.971818 0.396456
vt 0.966623 0.401829
vt 0.971794 0.402896
vt 0.966160 0.414345
vt 0.971474 0.406567
vt 0.971460 0.409900
vt 0.971170 0.416313
vt 0.970740 0.427135
vt 0.971099 0.419510
vt 0.965497 0.425349
vt 0.965773 0.426585
vt 0.514903 0.140475
vt 0.515500 0.141021
vt 0.514807 0.143457
vt 0.005144 0.232781
vt 0.009233 0.232889
vt 0.007671 0.273568
vt 0.009398 0.275141
vt 0.008591 0.274586
vt 0.009398 0.275143
vt 0.009482 0.298686
vt 0.005647 0.299798
vt 0.008853 0.322437
vt 0.004705 0.321339
vt 0.004602 0.348933
vt 0.008940 0.373611
vt 0.004778 0.380366
vt 0.004159 0.379348
vt 0.010106 0.385285
vt 0.004159 0.379349
vt 0.004162 0.415076
vt 0.008917 0.420700
vt 0.008999 0.438968
vt 0.003967 0.452441
vt 0.008890 0.433428
vt 0.009073 0.463991
vt 0.008552 0.452339
vt 0.009065 0.481998
vt 0.004415 0.535656
vt 0.009327 0.503459
vt 0.009523 0.511829
vt 0.008981 0.520935
vt 0.009353 0.568588
vt 0.004853 0.565458
vt 0.008484 0.614011
vt 0.003852 0.613983
vt 0.512525 0.984708
vt 0.510207 0.983252
vt 0.507626 0.985076
vt 0.507569 0.983925
vt 0.508749 0.982358
vt 0.504561 0.984375
vt 0.491277 0.983543
vt 0.496056 0.985404
vt 0.487957 0.984903
vt 0.487267 0.983295
vt 0.486497 0.986377
vt 0.484762 0.985049
vt 0.481489 0.985633
vt 0.481680 0.983640
vt 0.476171 0.984817
vt 0.479147 0.983295
vt 0.471946 0.983413
vt 0.464766 0.985018
vt 0.455270 0.982810
vt 0.457176 0.984405
vt 0.445507 0.983238
vt 0.453716 0.985407
vt 0.447221 0.984814
vt 0.443657 0.985178
vt 0.441100 0.983506
vt 0.437684 0.983111
vt 0.432876 0.984617
vt 0.433459 0.983390
vt 0.425631 0.985671
vt 0.423982 0.984876
vt 0.418296 0.983154
vt 0.413881 0.984862
vt 0.415156 0.983075
vt 0.409552 0.983359
vt 0.400581 0.984820
vt 0.401030 0.982945
vt 0.399311 0.983849
vt 0.372180 0.127644
vt 0.376480 0.127489
vt 0.375323 0.126363
vt 0.406810 0.995240
vt 0.410179 0.995301
vt 0.412672 0.994660
vt 0.406585 0.987748
vt 0.417369 0.995447
vt 0.425741 0.995395
vt 0.441942 0.995316
vt 0.433952 0.987422
vt 0.436654 0.995977
vt 0.474700 0.987396
vt 0.403925 0.231129
vt 0.402305 0.220800
vt 0.403943 0.223902
vt 0.458100 0.995073
vt 0.403516 0.218551
vt 0.460613 0.995967
vt 0.477395 0.995984
vt 0.485183 0.995416
vt 0.496424 0.989842
vt 0.505625 0.995963
vt 0.512493 0.995530
vt 0.511106 0.996008
vt 0.499305 0.988317
vt 0.523513 0.996008
vt 0.529871 0.995675
vt 0.529753 0.987388
vt 0.543138 0.995954
vt 0.584403 0.987497
vt 0.557764 0.995535
vt 0.560349 0.995811
vt 0.566279 0.995342
vt 0.570568 0.995142
vt 0.572171 0.994499
vt 0.570230 0.995730
vt 0.576066 0.995707
vt 0.577648 0.995576
vt 0.580885 0.996468
vt 0.584925 0.995901
vt 0.597838 0.995644
vt 0.607363 0.995663
vt 0.618965 0.994988
vt 0.617398 0.995748
vt 0.935950 0.566531
vt 0.936047 0.559872
vt 0.934383 0.564987
vt 0.934585 0.561273
vt 0.631940 0.988065
vt 0.934624 0.552404
vt 0.935962 0.554570
vt 0.623050 0.995308
vt 0.633254 0.995947
vt 0.638368 0.995420
vt 0.646322 0.995936
vt 0.652587 0.995196
vt 0.651929 0.995920
vt 0.666946 0.987450
vt 0.661676 0.995943
vt 0.666271 0.996004
vt 0.676089 0.995502
vt 0.682270 0.996272
vt 0.687980 0.995525
vt 0.707711 0.987681
vt 0.368627 0.125961
vt 0.692160 0.995641
vt 0.385725 0.127418
vt 0.381953 0.126261
vt 0.696461 0.995590
vt 0.701177 0.994931
vt 0.712404 0.996179
vt 0.716913 0.995848
vt 0.737015 0.995454
vt 0.731041 0.996014
vt 0.757478 0.987500
vt 0.749828 0.995756
vt 0.754414 0.995377
vt 0.773550 0.995594
vt 0.779010 0.995465
vt 0.787463 0.987830
vt 0.787446 0.995023
vt 0.788062 0.991037
s 1
f 64/1/1 63/2/2 65/3/3
f 47/4/4 43/5/5 48/6/6
f 47/4/4 44/7/7 43/5/5
f 44/7/7 42/8/8 43/5/5
f 42/8/8 41/9/9 43/5/5
f 42/8/8 40/10/10 41/9/9
f 40/10/10 45/11/11 41/9/9
f 40/10/10 38/12/12 45/11/11
f 38/12/12 39/13/13 45/11/11
f 46/14/14 35/15/15 38/12/12
f 38/12/12 35/15/15 39/13/13
f 35/15/15 36/16/16 39/13/13
f 39/13/13 36/16/16 51/17/17
f 51/17/17 36/16/16 52/18/18
f 35/15/15 3180/19/19 36/16/16
f 35/15/15 34/20/20 3180/19/19
f 36/16/16 3180/19/19 3136/21/21
f 34/20/20 33/22/22 3180/19/19
f 61/23/23 33/22/22 34/20/20
f 3180/19/19 33/22/22 3104/24/24
f 33/22/22 32/25/25 3104/24/24
f 3180/19/19 3104/24/24 54/26/26
f 49/27/27 3104/24/24 53/28/28
f 3104/24/24 30/29/29 53/28/28
f 32/25/25 31/30/30 3104/24/24
f 3104/24/24 31/30/30 30/29/29
f 31/30/30 362/31/31 30/29/29
f 37/32/32 28/33/33 362/31/31
f 362/31/31 29/34/34 30/29/29
f 362/31/31 28/33/33 29/34/34
f 50/35/35 58/36/36 28/33/33
f 58/36/36 26/37/37 28/33/33
f 28/33/33 24/38/38 29/34/34
f 28/33/33 26/37/37 24/38/38
f 26/37/37 11/39/39 24/38/38
f 26/37/37 27/40/40 11/39/39
f 24/38/38 11/39/39 25/41/41
f 11/39/39 9/42/42 25/41/41
f 25/41/41 9/42/42 55/43/43
f 11/39/39 10/44/44 9/42/42
f 10/44/44 1/45/45 9/42/42
f 10/44/44 62/46/46 1/45/45
f 1/45/45 2/47/47 9/42/42
f 60/48/48 3/49/49 1/45/45
f 1/45/45 3/49/49 2/47/47
f 3/49/49 91/50/50 2/47/47
f 91/50/50 4/51/51 2/47/47
f 4/51/51 8/52/52 5/53/53
f 4/51/51 5/53/53 2/47/47
f 8/52/52 7/54/54 5/53/53
f 7/54/54 6/55/55 5/53/53
f 6/55/55 12/56/56 5/53/53
f 6/55/55 13/57/57 12/56/56
f 5/53/53 12/56/56 56/58/58
f 6/55/55 23/59/59 13/57/57
f 13/57/57 23/59/59 14/60/60
f 23/59/59 15/61/61 14/60/60
f 59/62/62 17/63/63 15/61/61
f 15/61/61 17/63/63 16/64/64
f 15/61/61 16/64/64 14/60/60
f 17/63/63 18/65/65 16/64/64
f 18/65/65 20/66/66 16/64/64
f 18/65/65 19/67/67 20/66/66
f 19/67/67 21/68/68 20/66/66
f 57/69/69 21/68/68 19/67/67
f 21/68/68 22/70/70 20/66/66
f 78/71/71 340/72/72 77/73/73
f 307/74/74 279/75/75 77/73/73
f 279/75/75 287/76/76 213/77/77
f 214/78/78 216/79/79 215/80/80
f 357/81/81 209/82/82 216/79/83
f 310/83/84 278/84/85 209/82/82
f 325/85/86 284/86/87 278/84/85
f 284/86/87 343/87/88 217/88/89
f 343/87/88 305/89/90 217/88/89
f 305/89/90 219/90/91 217/88/89
f 358/91/92 219/90/91 305/89/90
f 224/92/93 221/93/94 223/94/95
f 296/95/96 335/96/97 225/97/98
f 294/98/99 337/99/100 221/93/94
f 337/99/100 396/100/101 221/93/94
f 326/101/102 238/102/103 396/100/101
f 277/103/104 240/104/105 238/102/103
f 274/105/106 285/106/107 239/107/108
f 297/108/109 286/109/110 273/110/111
f 286/109/110 243/111/112 273/110/111
f 286/109/110 331/112/113 243/111/112
f 331/112/113 330/113/114 243/111/112
f 330/113/114 244/114/115 243/111/112
f 242/115/116 319/116/117 272/117/118
f 302/118/119 246/119/120 272/117/118
f 247/120/121 321/121/122 266/122/123
f 280/123/124 300/124/125 262/125/126
f 344/126/127 261/127/128 267/128/129
f 301/129/130 314/130/131 269/131/132
f 354/132/133 311/133/134 259/134/135
f 311/133/134 258/135/136 259/134/135
f 311/133/134 298/136/137 258/135/136
f 298/136/137 270/137/138 258/135/136
f 47/138/139 78/71/71 79/139/140
f 78/71/71 77/73/73 79/139/140
f 279/75/75 213/77/77 77/73/73
f 215/80/80 67/140/141 214/78/78
f 214/78/78 67/140/141 213/77/77
f 216/79/83 209/82/82 67/140/141
f 278/84/85 217/88/89 209/82/82
f 284/86/87 217/88/89 278/84/85
f 217/88/89 219/90/91 218/141/142
f 219/90/91 288/142/143 218/141/142
f 218/141/142 222/143/144 221/93/94
f 222/143/144 223/94/95 221/93/94
f 224/92/93 296/95/96 221/93/94
f 296/95/96 225/97/98 221/93/94
f 294/98/99 221/93/94 225/97/98
f 221/93/94 396/100/101 238/102/103
f 289/144/145 276/145/146 240/104/147
f 240/104/147 276/145/146 68/146/148
f 276/145/146 239/107/108 68/146/148
f 276/145/146 275/147/149 239/107/108
f 275/147/149 274/105/106 239/107/108
f 239/107/108 285/106/107 241/148/150
f 239/107/108 241/148/150 220/149/151
f 273/110/111 243/111/112 241/148/150
f 243/111/112 244/114/115 242/115/116
f 272/117/118 246/119/120 206/150/152
f 246/119/120 247/120/121 206/150/152
f 266/122/123 265/151/153 247/120/121
f 266/122/123 264/152/154 265/151/153
f 264/152/154 263/153/155 265/151/153
f 265/151/153 263/153/155 262/125/126
f 263/153/155 280/123/124 262/125/126
f 254/154/156 69/155/151 262/125/126
f 262/125/126 267/128/129 261/127/128
f 262/125/126 261/127/128 254/154/156
f 268/156/157 260/157/158 261/127/128
f 260/157/158 254/154/156 261/127/128
f 269/131/132 314/130/131 260/157/158
f 260/157/158 314/130/131 254/154/156
f 259/134/135 258/135/136 257/158/159
f 77/73/73 213/77/77 211/159/160
f 213/77/77 67/140/141 211/159/160
f 221/93/94 238/102/103 187/160/161
f 238/102/103 226/161/162 187/160/161
f 238/102/103 240/104/105 226/161/162
f 240/104/105 220/149/151 226/161/162
f 239/107/108 220/149/151 240/104/105
f 243/111/112 242/115/116 206/150/152
f 242/115/116 272/117/118 206/150/152
f 265/151/153 206/150/152 247/120/121
f 206/150/152 245/162/163 228/163/163
f 206/150/152 265/151/153 245/162/163
f 248/164/151 237/165/163 265/151/153
f 265/151/153 262/125/126 248/164/151
f 262/125/126 69/155/151 248/164/151
f 69/155/151 254/154/156 237/165/163
f 314/130/131 259/134/135 254/154/156
f 259/134/135 257/158/159 254/154/156
f 257/158/159 342/166/164 255/167/165
f 79/139/140 77/73/73 211/159/160
f 67/140/141 80/168/166 211/159/160
f 67/140/141 209/82/82 80/168/166
f 209/82/82 70/169/167 80/168/166
f 221/93/94 187/160/161 218/141/142
f 187/160/161 226/161/162 207/170/163
f 241/148/150 243/111/112 220/149/151
f 245/162/163 237/165/163 228/163/163
f 237/165/163 254/154/156 249/171/168
f 254/154/156 257/158/159 250/172/169
f 257/158/159 235/173/170 250/172/169
f 257/158/159 255/167/165 235/173/170
f 235/173/170 255/167/165 253/174/171
f 255/167/165 256/175/172 253/174/171
f 209/82/82 217/88/89 187/160/161
f 217/88/89 218/141/142 187/160/161
f 253/174/171 252/176/173 235/173/170
f 235/173/170 252/176/173 251/177/174
f 211/159/160 80/168/166 315/178/175
f 70/169/167 210/179/161 80/168/166
f 80/168/166 210/179/161 208/180/167
f 70/169/167 209/82/82 208/180/167
f 208/180/167 209/82/82 187/160/161
f 220/149/151 243/111/112 207/170/163
f 206/150/152 228/163/163 227/181/176
f 206/150/152 227/181/176 71/182/177
f 237/165/163 232/183/178 228/163/163
f 237/165/163 249/171/168 232/183/178
f 254/154/156 250/172/169 232/183/178
f 250/172/169 236/184/179 232/183/178
f 236/184/179 235/173/170 232/183/178
f 252/176/173 271/185/180 251/177/174
f 80/168/166 208/180/167 187/160/161
f 207/170/163 174/186/163 187/160/161
f 207/170/163 196/187/161 174/186/163
f 243/111/112 196/187/161 207/170/163
f 196/187/161 243/111/112 212/188/161
f 212/188/161 243/111/112 197/189/151
f 206/150/152 71/182/177 197/189/163
f 184/190/163 71/182/177 228/163/163
f 232/183/178 235/173/170 233/191/181
f 232/183/178 233/191/181 231/192/182
f 235/173/170 251/177/174 233/191/181
f 233/191/181 234/193/183 231/192/182
f 251/177/174 346/194/184 233/191/181
f 35/195/185 80/168/166 81/196/186
f 80/168/166 187/160/161 81/196/186
f 71/182/177 184/190/163 197/189/163
f 184/190/163 228/163/163 232/183/178
f 202/197/187 232/183/178 231/192/182
f 197/189/163 171/198/163 196/187/161
f 184/190/163 232/183/178 202/197/187
f 231/192/182 230/199/188 202/197/187
f 231/192/182 355/200/189 230/199/188
f 231/192/182 290/201/190 355/200/189
f 81/196/186 187/160/161 82/202/191
f 171/198/163 197/189/163 195/203/163
f 202/197/187 230/199/188 201/204/192
f 83/205/193 82/202/191 84/206/194
f 195/203/163 197/189/163 184/190/163
f 230/199/188 229/207/195 201/204/192
f 196/187/161 171/198/163 174/186/163
f 171/198/163 195/203/163 189/208/163
f 171/198/163 189/208/163 72/209/163
f 195/203/163 184/190/163 72/209/163
f 202/197/187 194/210/151 184/190/163
f 229/207/195 204/211/196 201/204/192
f 201/204/192 204/211/196 205/212/197
f 229/207/195 339/213/198 204/211/196
f 84/206/194 308/214/199 362/215/200
f 84/206/194 82/202/191 86/216/201
f 174/186/163 171/198/163 172/217/163
f 72/209/163 184/190/163 188/218/163
f 203/219/202 200/220/203 201/204/204
f 205/212/197 204/211/196 203/219/202
f 203/219/202 204/211/196 200/220/203
f 323/221/205 308/214/199 85/222/206
f 308/214/199 84/206/194 85/222/206
f 85/222/206 84/206/194 86/216/201
f 82/202/191 187/160/161 86/216/201
f 72/209/163 188/218/163 171/198/163
f 201/204/204 200/220/203 199/223/207
f 201/204/204 199/223/207 194/210/208
f 199/223/207 198/224/209 193/225/210
f 316/226/211 86/216/201 350/227/212
f 187/228/163 166/229/163 173/230/163
f 186/231/163 188/218/163 185/232/163
f 199/223/207 193/225/210 194/210/208
f 183/233/213 194/210/208 191/234/214
f 194/210/208 193/225/210 191/234/214
f 193/225/210 192/235/215 191/234/214
f 350/227/212 86/216/201 87/236/216
f 86/216/201 89/237/169 87/236/216
f 86/216/201 187/160/161 89/237/169
f 89/237/169 173/230/163 166/229/163
f 166/229/163 187/228/163 168/238/163
f 174/186/163 170/239/163 162/240/163
f 171/198/163 186/231/163 185/232/163
f 185/232/163 184/190/163 151/241/176
f 194/210/151 182/242/217 184/190/163
f 191/234/214 192/235/215 361/243/218
f 332/244/219 87/236/216 88/245/220
f 87/236/216 89/237/169 88/245/220
f 88/245/220 89/237/169 62/246/221
f 62/246/221 89/237/169 90/247/222
f 166/229/163 167/248/163 152/249/223
f 167/248/163 168/238/163 152/249/223
f 187/160/161 174/186/163 152/249/163
f 170/239/163 172/217/163 162/240/163
f 172/217/163 171/198/163 162/240/163
f 184/190/163 150/250/163 151/241/176
f 183/233/213 191/234/214 190/251/224
f 191/234/214 349/252/225 190/251/224
f 349/252/225 361/253/226 190/251/224
f 62/246/221 90/247/222 336/254/227
f 174/186/163 162/240/163 152/249/163
f 171/198/163 169/255/163 162/240/163
f 171/198/163 185/232/163 169/255/163
f 184/190/163 182/242/217 161/256/228
f 90/247/222 89/237/169 327/257/229
f 327/257/229 89/237/169 152/249/223
f 89/237/169 166/229/163 152/249/223
f 169/255/163 163/258/163 162/240/163
f 185/259/163 151/241/176 163/258/163
f 327/257/229 152/249/223 92/260/230
f 91/261/231 327/257/229 92/260/230
f 182/242/217 181/262/232 161/256/228
f 161/256/228 181/262/232 180/263/233
f 182/242/217 360/264/234 333/265/235
f 182/242/217 333/265/235 181/262/232
f 92/260/230 152/249/223 7/266/236
f 152/249/163 162/240/163 115/267/163
f 163/258/163 165/268/163 162/240/163
f 180/263/233 304/269/237 179/270/238
f 304/269/237 322/271/239 179/270/238
f 92/260/230 7/266/236 341/272/240
f 152/249/223 114/273/241 7/266/236
f 114/273/163 153/274/163 115/267/163
f 162/240/163 154/275/242 74/276/163
f 74/276/163 154/275/242 115/267/243
f 165/268/163 163/258/163 154/275/242
f 150/250/163 161/256/163 73/277/163
f 161/256/228 180/263/233 158/278/244
f 180/263/233 179/270/238 158/278/244
f 179/270/245 177/279/246 178/280/247
f 178/280/247 177/279/246 158/278/244
f 153/274/163 152/249/163 115/267/163
f 162/240/163 164/281/163 154/275/242
f 165/268/163 154/275/242 164/281/163
f 163/258/163 151/241/176 154/275/242
f 148/282/179 150/250/163 73/277/163
f 73/277/163 175/283/163 148/282/179
f 161/256/228 158/278/244 175/283/163
f 158/278/244 177/279/246 159/284/248
f 177/279/246 352/285/249 176/286/250
f 177/279/246 176/286/250 159/284/248
f 7/266/236 114/273/241 93/287/251
f 175/283/163 158/278/244 148/282/179
f 158/278/244 159/284/248 148/282/179
f 159/284/248 858/288/252 320/289/253
f 154/275/242 151/241/176 75/290/254
f 159/284/248 156/291/255 148/282/179
f 159/284/248 160/292/256 156/291/255
f 159/284/248 320/289/253 160/292/256
f 156/291/255 160/292/256 157/293/257
f 95/294/258 94/295/259 113/296/260
f 94/295/259 93/287/251 113/296/260
f 93/287/251 114/273/241 113/296/260
f 75/290/254 151/241/176 149/297/176
f 148/282/179 156/291/255 145/298/261
f 95/294/258 113/296/260 96/299/262
f 96/299/262 113/296/260 97/300/263
f 148/282/179 134/301/264 150/250/163
f 97/300/263 113/296/260 112/302/265
f 113/296/260 76/303/266 112/302/265
f 76/303/266 113/296/260 115/267/243
f 149/304/267 150/250/163 134/301/264
f 155/305/268 143/306/269 145/298/261
f 156/291/255 155/305/268 145/298/261
f 155/305/268 156/291/255 309/307/270
f 156/291/255 345/308/271 309/307/270
f 115/267/243 109/309/272 106/310/273
f 115/267/243 154/275/242 110/311/274
f 116/312/275 154/275/242 6389/313/276
f 148/314/179 145/298/261 147/315/277
f 145/298/261 143/306/269 144/316/278
f 143/306/269 155/305/268 299/317/279
f 97/318/280 76/303/266 102/319/281
f 97/318/280 102/319/281 98/320/282
f 76/303/266 115/267/243 102/319/281
f 102/319/281 115/267/243 106/310/273
f 115/267/243 110/311/274 109/309/272
f 110/311/274 154/275/242 116/312/275
f 6389/313/276 154/275/242 118/321/283
f 154/275/242 119/322/284 118/321/283
f 154/275/242 123/323/285 119/322/284
f 124/324/286 154/275/287 121/325/288
f 121/325/288 154/275/287 125/326/289
f 154/275/287 126/327/290 125/326/289
f 154/275/287 149/304/267 126/327/290
f 129/328/291 149/304/267 130/329/292
f 148/282/179 137/330/293 134/301/264
f 148/282/179 146/331/294 137/330/293
f 146/331/294 147/315/277 137/330/293
f 137/330/293 147/315/277 324/332/295
f 324/332/295 147/315/277 145/298/261
f 145/298/261 139/333/296 324/332/295
f 144/316/278 140/334/297 139/333/296
f 144/316/278 143/306/269 140/334/297
f 141/335/298 140/334/297 143/306/269
f 299/317/279 348/336/299 143/306/269
f 98/320/282 100/337/300 99/338/301
f 98/320/282 101/339/302 100/337/300
f 100/337/300 101/339/302 283/340/303
f 283/340/303 101/339/302 312/341/304
f 98/320/282 102/319/281 101/339/302
f 102/319/281 313/342/305 101/339/302
f 106/310/273 104/343/306 102/319/281
f 102/319/281 104/343/306 103/344/307
f 104/343/306 106/310/273 105/345/308
f 106/310/273 107/346/309 105/345/308
f 109/309/272 108/347/310 107/346/309
f 106/310/273 109/309/272 107/346/309
f 110/311/274 116/312/275 111/348/311
f 116/312/275 6389/313/276 117/349/312
f 118/321/283 120/350/313 317/351/314
f 118/321/283 119/322/284 120/350/313
f 119/322/284 123/323/285 121/325/288
f 121/325/288 122/352/315 119/322/284
f 123/323/285 124/324/286 121/325/288
f 125/326/289 126/327/290 291/353/316
f 126/327/290 149/304/267 127/354/317
f 149/304/267 129/328/291 127/354/317
f 127/354/317 129/328/291 128/355/318
f 130/329/292 149/304/267 282/356/319
f 149/304/267 281/357/320 282/356/319
f 149/304/267 131/358/321 281/357/320
f 131/358/321 149/304/267 303/359/322
f 149/304/267 132/360/323 303/359/322
f 149/304/267 133/361/324 132/360/323
f 149/304/267 134/301/264 133/361/324
f 133/361/324 134/301/264 295/362/325
f 135/363/326 293/364/327 292/365/328
f 134/301/264 136/366/329 135/363/326
f 136/366/329 293/364/327 135/363/326
f 134/301/264 137/330/293 136/366/329
f 293/364/327 136/366/329 306/367/330
f 6419/368/331 136/366/329 137/330/293
f 137/330/293 318/369/332 6419/368/331
f 324/332/295 139/333/296 138/370/333
f 139/333/296 328/371/334 138/370/333
f 141/335/298 142/372/335 140/334/297
f 312/341/304 101/339/302 363/373/336
f 101/339/302 313/342/305 356/374/337
f 105/345/308 107/346/309 347/375/338
f 111/348/311 116/312/275 353/376/339
f 116/312/275 117/349/312 334/377/340
f 117/349/312 6389/313/276 329/378/341
f 118/321/283 317/351/314 338/379/342
f 120/350/313 351/380/343 317/351/314
f 138/370/333 328/371/334 364/381/344
f 139/333/296 140/334/297 328/371/334
f 142/372/335 359/382/345 140/334/297
f 365/383/346 366/384/347 367/385/348
f 374/386/349 375/387/350 77/388/351
f 419/389/352 43/390/353 414/391/354
f 419/389/352 413/392/355 43/390/353
f 414/391/354 415/393/356 442/394/357
f 414/391/354 43/390/353 410/395/358
f 415/393/356 414/391/354 410/395/358
f 438/396/359 415/393/356 412/397/360
f 415/393/356 410/395/358 412/397/360
f 412/397/360 410/395/358 411/398/361
f 420/399/362 411/398/361 416/400/363
f 411/398/361 410/395/358 416/400/363
f 416/400/363 410/395/358 409/401/364
f 416/400/363 407/402/365 444/403/366
f 416/400/363 409/401/364 407/402/365
f 410/395/358 408/404/367 409/401/364
f 407/402/368 343/405/369 447/406/370
f 407/402/368 408/404/371 406/407/372
f 407/402/368 406/407/372 343/405/369
f 343/405/369 406/407/372 448/408/373
f 406/407/372 408/404/371 405/409/374
f 406/407/372 405/409/374 219/410/375
f 408/404/371 404/411/376 405/409/374
f 405/409/374 404/411/376 417/412/377
f 418/413/378 417/412/377 398/414/379
f 417/412/377 404/411/376 398/414/379
f 402/415/380 398/414/379 404/411/376
f 402/415/380 404/411/376 397/416/381
f 404/411/376 390/417/382 397/416/381
f 397/416/381 399/418/383 440/419/384
f 399/418/383 397/416/381 390/417/382
f 399/418/383 390/417/382 396/420/385
f 396/420/385 390/417/382 400/421/386
f 400/421/386 390/417/382 395/422/387
f 403/423/388 395/422/387 401/424/389
f 395/422/387 390/417/382 401/424/389
f 373/425/390 368/426/391 370/427/392
f 368/426/391 289/428/145 370/427/392
f 368/426/391 369/429/393 289/428/145
f 289/428/145 369/429/393 276/430/146
f 369/429/393 275/431/149 276/430/146
f 401/424/389 390/417/382 386/432/394
f 369/429/393 371/433/395 275/431/149
f 369/429/393 372/434/396 371/433/395
f 386/432/394 390/417/382 387/435/397
f 443/436/398 387/435/397 388/437/399
f 443/436/398 388/437/399 449/438/400
f 388/437/399 387/435/397 390/417/382
f 388/437/399 390/417/382 389/439/401
f 389/439/401 390/417/382 391/440/402
f 445/441/403 391/440/402 393/442/404
f 393/442/404 391/440/402 392/443/405
f 391/440/402 390/417/382 392/443/405
f 394/444/406 393/442/404 392/443/405
f 394/444/406 392/443/405 421/445/407
f 421/445/407 392/443/405 422/446/408
f 441/447/409 422/446/408 423/448/410
f 450/449/411 246/450/412 451/451/413
f 450/449/411 452/452/414 246/450/412
f 423/448/410 422/446/408 392/443/405
f 423/448/410 424/453/415 446/454/416
f 423/448/410 392/443/405 424/453/415
f 424/453/415 385/455/417 384/456/418
f 424/453/415 392/443/405 385/455/417
f 378/457/419 376/458/420 266/459/123
f 376/458/420 264/460/154 266/459/123
f 376/458/420 377/461/421 264/460/154
f 385/455/417 392/443/405 426/462/422
f 454/463/423 455/464/424 453/465/425
f 426/462/422 392/443/405 425/466/426
f 426/462/422 425/466/426 436/467/427
f 454/468/428 379/469/429 380/470/430
f 379/469/429 381/471/431 380/470/430
f 392/443/405 427/472/432 425/466/426
f 425/466/426 427/472/432 428/473/433
f 428/473/433 427/472/432 429/474/434
f 431/475/435 428/473/433 429/474/434
f 431/475/435 429/474/434 430/476/436
f 430/476/436 382/477/437 383/478/438
f 430/476/436 429/474/434 382/477/437
f 437/479/439 382/477/437 435/480/440
f 429/474/434 435/480/440 382/477/437
f 459/481/441 456/482/442 458/483/443
f 437/479/439 435/480/440 433/484/444
f 456/482/442 457/485/445 458/483/443
f 433/484/444 435/480/440 432/486/446
f 439/487/447 433/484/444 432/486/446
f 432/486/446 435/480/440 434/488/448
f 43/489/449 539/490/450 703/491/451
f 43/489/449 703/491/451 702/492/452
f 702/492/452 673/493/453 674/494/454
f 674/494/454 673/493/453 670/495/455
f 674/494/454 670/495/455 602/496/456
f 674/494/454 602/496/456 605/497/457
f 846/498/458 605/497/457 610/499/459
f 652/500/460 651/501/461 653/502/462
f 671/503/463 638/504/464 655/505/465
f 672/506/466 655/505/465 638/504/464
f 772/507/467 649/508/468 648/509/469
f 772/507/467 648/509/469 809/510/470
f 648/509/469 647/511/471 809/510/470
f 809/510/470 647/511/471 646/512/472
f 43/489/449 3121/513/473 539/490/450
f 3121/513/473 3128/514/474 539/490/450
f 3128/514/474 538/515/475 539/490/450
f 539/490/450 538/515/475 551/516/476
f 703/491/451 539/490/450 551/516/476
f 703/491/451 551/516/476 568/517/477
f 703/491/451 568/517/477 702/492/452
f 540/518/478 552/519/479 568/517/477
f 702/492/452 568/517/477 673/493/453
f 568/517/477 554/520/480 673/493/453
f 673/493/453 554/520/480 556/521/481
f 673/493/453 556/521/481 567/522/482
f 556/521/481 563/523/483 567/522/482
f 673/493/453 567/522/482 670/495/455
f 670/495/455 567/522/482 601/524/484
f 652/500/460 610/499/459 651/501/461
f 653/502/462 651/501/461 650/525/485
f 650/525/486 460/526/487 611/527/488
f 651/501/461 610/499/459 460/526/487
f 611/527/488 460/526/487 614/528/489
f 612/529/490 611/527/488 614/528/489
f 613/530/491 612/529/490 614/528/489
f 614/528/489 638/504/464 613/530/491
f 654/531/492 613/530/491 638/504/464
f 672/506/466 638/504/464 649/508/468
f 3121/513/473 773/532/493 3128/514/474
f 3121/513/473 3125/533/494 773/532/493
f 537/534/495 536/535/496 538/515/475
f 538/515/475 536/535/496 540/518/478
f 538/515/475 540/518/478 551/516/476
f 551/516/476 540/518/478 568/517/477
f 568/517/477 552/519/479 554/520/480
f 554/520/480 552/519/479 556/521/481
f 556/521/481 565/536/497 563/523/483
f 564/537/498 565/536/499 566/538/500
f 564/537/498 566/538/500 563/523/483
f 563/523/483 566/538/500 567/522/482
f 565/536/499 557/539/501 566/538/500
f 566/538/500 465/540/502 567/522/482
f 567/522/482 465/540/502 601/524/484
f 602/496/456 601/524/484 600/541/503
f 602/496/456 600/541/503 605/497/457
f 600/541/503 607/542/504 605/497/457
f 460/526/487 610/499/459 614/528/489
f 638/504/464 640/543/505 649/508/468
f 648/509/469 649/508/468 643/544/506
f 643/544/506 647/511/471 648/509/469
f 646/512/472 647/511/471 645/545/507
f 557/539/501 562/546/508 465/540/502
f 562/546/508 601/524/484 465/540/502
f 557/539/501 558/547/509 562/546/508
f 562/546/508 600/541/503 601/524/484
f 638/504/464 614/528/489 639/548/510
f 649/508/468 640/543/505 641/549/511
f 649/508/468 641/549/511 643/544/506
f 647/511/471 642/550/512 645/545/507
f 524/551/513 469/552/514 536/535/496
f 565/536/497 556/521/481 560/553/515
f 557/539/501 565/536/499 558/547/509
f 562/546/508 597/554/516 600/541/503
f 605/497/457 607/542/504 610/499/459
f 614/528/489 610/499/459 618/555/517
f 614/528/489 615/556/518 639/548/510
f 639/548/510 615/556/518 637/557/519
f 638/504/464 639/548/510 640/543/505
f 643/544/506 641/549/511 642/550/512
f 642/550/512 644/558/520 645/545/507
f 644/558/520 656/559/521 645/545/507
f 524/551/513 523/560/522 469/552/514
f 523/560/522 3139/561/523 469/552/514
f 469/552/514 540/518/478 536/535/496
f 469/552/514 526/562/524 540/518/478
f 540/518/478 526/562/524 552/563/479
f 552/519/479 553/564/525 461/565/526
f 552/519/479 461/565/526 556/521/481
f 461/565/526 560/553/515 556/521/481
f 565/536/497 560/553/515 559/566/527
f 560/553/515 558/547/509 559/566/527
f 562/546/508 558/547/509 597/554/516
f 600/541/503 597/554/516 587/567/528
f 600/541/503 587/567/528 603/568/529
f 618/555/517 464/569/530 704/570/531
f 618/555/517 704/570/531 614/528/489
f 704/570/531 615/556/518 614/528/489
f 637/557/519 725/571/532 639/548/510
f 640/543/505 639/548/510 725/571/532
f 640/543/505 725/571/532 641/549/511
f 725/571/532 724/572/533 641/549/511
f 641/549/511 724/572/533 642/550/512
f 642/550/512 724/572/533 644/558/520
f 724/572/533 3211/573/534 768/574/535
f 644/558/520 724/572/533 769/575/536
f 724/572/533 3213/576/537 769/575/536
f 769/575/536 3213/576/537 771/577/538
f 3213/576/537 724/572/533 768/574/535
f 3139/561/523 572/578/539 469/552/514
f 572/578/539 463/579/540 469/552/514
f 469/552/514 463/579/540 471/580/541
f 572/581/542 570/582/543 471/580/541
f 570/582/543 470/583/544 471/580/541
f 471/580/541 470/583/544 469/552/514
f 469/552/514 470/583/544 526/562/524
f 597/554/516 558/547/509 596/584/545
f 596/584/545 587/567/528 597/554/516
f 610/499/459 607/542/504 619/585/546
f 618/555/517 610/499/459 619/585/546
f 618/555/517 619/585/546 464/569/530
f 615/556/518 617/586/547 637/557/519
f 724/572/533 750/587/548 3211/573/534
f 656/559/521 668/588/549 667/589/550
f 656/559/521 667/589/550 645/545/507
f 3135/590/551 521/591/552 470/583/544
f 521/591/552 472/592/553 470/583/544
f 470/583/544 472/592/553 526/562/524
f 521/591/552 3134/593/554 472/592/553
f 526/562/524 528/594/555 552/563/479
f 528/594/555 553/564/525 552/563/479
f 528/594/555 560/553/515 553/564/525
f 560/553/515 561/595/556 558/547/509
f 558/547/509 561/595/556 596/584/545
f 603/568/529 587/567/528 598/596/557
f 603/568/529 606/597/558 607/542/558
f 603/568/529 604/598/558 606/597/558
f 603/568/529 598/596/557 604/598/558
f 607/542/504 608/599/559 619/585/546
f 464/569/530 705/600/560 704/570/531
f 704/570/531 617/586/547 615/556/518
f 637/557/519 617/586/547 616/601/561
f 724/572/533 746/602/562 750/587/548
f 750/587/548 747/603/563 3211/573/534
f 3211/573/534 3210/604/564 751/605/565
f 3211/573/534 747/603/563 3210/604/564
f 747/603/563 3209/606/566 3210/604/564
f 668/588/549 701/607/567 667/589/550
f 3134/593/554 522/608/568 472/592/553
f 472/592/553 483/609/569 526/562/524
f 526/562/524 483/609/569 473/610/570
f 596/584/545 561/595/556 555/611/571
f 705/600/560 706/612/572 707/613/573
f 705/600/560 707/613/573 704/570/531
f 707/613/573 617/586/547 704/570/531
f 616/601/561 744/614/574 637/557/519
f 637/557/519 744/614/574 725/571/532
f 616/601/561 657/615/575 744/614/574
f 725/571/532 744/614/574 724/572/533
f 744/614/574 732/616/576 724/572/533
f 724/572/533 732/616/576 746/602/562
f 746/602/562 747/603/563 749/617/577
f 749/617/577 747/603/563 750/587/548
f 747/603/563 752/618/578 3209/606/566
f 701/607/567 669/619/579 667/589/550
f 484/620/580 473/610/570 483/609/569
f 485/621/581 481/622/582 473/610/570
f 473/610/570 527/623/583 526/562/524
f 527/623/583 473/610/570 535/624/584
f 527/623/583 535/624/584 528/594/555
f 528/594/555 535/624/584 560/553/515
f 555/611/571 587/567/528 596/584/545
f 604/598/558 598/596/557 608/599/559
f 604/598/558 608/599/559 607/542/504
f 619/585/546 608/599/559 705/600/560
f 705/600/560 608/599/559 706/612/572
f 746/602/562 732/616/576 747/603/563
f 752/618/578 747/603/563 3206/625/585
f 701/626/567 700/627/586 669/628/579
f 700/627/586 3205/629/587 669/628/579
f 834/630/588 830/631/589 833/632/590
f 482/633/591 480/634/592 481/622/582
f 834/630/588 833/632/590 835/635/593
f 480/634/592 467/636/594 481/622/582
f 481/622/582 467/636/594 473/610/570
f 473/610/570 467/636/594 535/624/584
f 560/553/515 555/611/571 561/595/556
f 587/567/528 608/599/559 599/637/595
f 599/637/595 608/599/559 598/596/557
f 706/612/572 636/638/596 707/613/573
f 707/613/573 636/638/596 617/586/547
f 617/586/547 658/639/597 657/615/575
f 657/615/575 658/639/597 744/614/574
f 747/603/563 748/640/598 753/641/599
f 3206/625/585 747/603/563 753/641/599
f 3205/629/587 699/642/600 669/628/579
f 830/631/589 831/643/601 832/644/602
f 830/631/589 829/645/603 831/643/601
f 833/632/590 830/631/589 832/644/602
f 479/646/604 478/647/605 468/648/606
f 478/647/605 3143/649/607 468/648/606
f 480/634/592 479/646/604 468/648/606
f 480/634/592 468/648/606 467/636/594
f 560/553/515 550/650/608 555/611/571
f 555/611/571 582/651/609 587/567/528
f 587/567/528 583/652/610 608/599/559
f 617/586/547 636/638/596 658/639/597
f 658/639/597 743/653/611 744/614/574
f 732/616/576 748/640/598 747/603/563
f 748/640/598 754/654/612 753/641/599
f 699/642/600 698/655/613 669/628/579
f 823/656/614 827/657/615 830/631/589
f 823/656/614 826/658/616 827/657/615
f 830/631/589 828/659/617 829/645/603
f 830/631/589 827/657/615 828/659/617
f 3143/649/607 477/660/618 468/648/606
f 477/660/618 474/661/619 468/648/606
f 535/624/584 550/650/608 560/553/515
f 555/611/571 550/650/608 582/651/609
f 550/650/608 583/652/610 582/651/609
f 582/651/609 583/652/610 587/567/528
f 608/599/559 583/652/610 584/662/620
f 608/599/559 609/663/621 706/612/572
f 706/612/572 708/664/622 636/638/596
f 659/665/623 658/639/597 636/638/596
f 743/653/611 732/616/576 744/614/574
f 748/640/598 755/666/624 754/654/612
f 826/658/616 823/656/614 825/667/625
f 823/656/614 824/668/626 825/667/625
f 477/660/618 486/669/627 474/661/619
f 823/656/614 821/670/628 824/668/626
f 579/671/629 476/672/630 486/669/627
f 486/669/627 476/672/630 474/661/619
f 468/648/606 474/661/619 535/624/631
f 608/599/559 584/662/620 609/663/621
f 706/612/572 609/663/621 708/664/622
f 636/638/596 708/664/622 659/665/623
f 698/655/613 697/673/632 669/628/579
f 755/666/624 748/640/598 756/674/633
f 823/656/614 822/675/634 821/670/628
f 822/675/634 820/676/635 821/670/628
f 820/676/635 819/677/636 821/670/628
f 476/672/630 578/678/637 474/661/619
f 550/650/608 549/679/638 583/652/610
f 658/639/597 732/616/576 743/653/611
f 756/674/633 748/640/598 757/680/639
f 697/673/632 696/681/640 669/628/579
f 696/681/640 695/682/641 669/628/579
f 820/676/635 818/683/642 819/677/636
f 836/684/643 55/685/644 820/676/635
f 820/676/635 817/686/645 818/683/642
f 820/676/635 55/685/644 817/686/645
f 474/661/619 466/687/487 535/624/631
f 583/652/610 549/679/638 581/688/646
f 581/688/646 584/662/620 583/652/610
f 609/663/621 584/662/620 620/689/647
f 620/689/647 708/664/622 609/663/621
f 708/664/622 632/690/648 659/665/623
f 632/690/648 658/639/597 659/665/623
f 658/639/597 632/690/648 633/691/649
f 757/680/639 748/640/598 758/692/650
f 695/682/641 694/693/651 669/628/579
f 816/694/652 814/695/653 817/686/645
f 816/694/652 786/696/654 814/695/653
f 55/685/644 816/694/652 817/686/645
f 580/697/655 475/698/656 488/699/657
f 488/699/657 475/698/656 487/700/658
f 474/661/619 487/700/658 466/687/487
f 550/650/608 546/701/659 549/679/638
f 584/662/620 621/702/660 620/689/647
f 632/690/648 634/703/661 633/691/649
f 633/691/649 635/704/662 658/639/597
f 658/639/597 635/704/662 732/616/576
f 758/692/650 748/640/598 759/705/663
f 748/640/598 760/706/664 745/707/665
f 759/705/663 748/640/598 745/707/665
f 814/695/653 786/696/654 813/708/666
f 786/696/654 815/709/667 813/708/666
f 786/696/654 790/710/668 815/709/667
f 815/709/667 790/710/668 812/711/669
f 786/696/654 789/712/670 790/710/668
f 475/698/656 3159/713/671 466/687/487
f 475/698/656 466/687/487 487/700/658
f 550/650/608 535/624/584 546/701/659
f 546/701/659 581/688/646 549/679/638
f 581/688/646 585/714/672 584/662/620
f 590/715/595 462/716/557 584/662/620
f 584/662/620 462/716/557 622/717/673
f 620/689/647 621/702/660 709/718/674
f 620/689/647 709/718/674 708/664/622
f 708/664/622 709/718/674 632/690/648
f 632/690/648 709/718/674 628/719/675
f 632/690/648 628/719/675 634/703/661
f 634/703/661 628/719/675 635/704/662
f 732/616/576 635/704/662 733/720/676
f 694/693/651 693/721/677 669/628/579
f 693/721/677 3197/722/678 669/628/579
f 786/696/654 783/723/679 784/724/680
f 786/696/654 788/725/681 789/712/670
f 786/696/654 787/726/682 788/725/681
f 3159/713/671 489/727/683 466/687/487
f 786/696/654 784/724/680 787/726/682
f 784/724/680 783/723/679 785/728/684
f 489/727/683 3162/729/685 520/730/686
f 489/727/683 520/730/686 466/687/487
f 466/687/504 547/731/687 529/732/504
f 529/732/504 547/731/687 535/624/584
f 535/624/584 547/731/687 546/701/659
f 546/701/659 585/714/672 581/688/646
f 584/662/620 585/714/672 661/733/688
f 586/734/689 588/735/689 584/662/620
f 584/662/620 588/735/689 590/715/595
f 584/662/620 622/717/673 621/702/660
f 733/720/676 748/640/598 732/616/576
f 760/706/664 748/640/598 762/736/690
f 762/736/690 761/737/691 760/706/664
f 3197/722/678 691/738/692 669/628/579
f 786/696/654 781/739/693 783/723/679
f 573/740/694 491/741/695 520/730/686
f 573/740/694 574/742/696 491/741/695
f 520/730/686 491/741/695 466/687/487
f 781/739/693 782/743/697 783/723/679
f 782/743/697 781/739/693 780/744/698
f 466/687/487 493/745/699 490/746/700
f 546/701/659 547/731/687 585/714/672
f 584/662/620 661/733/688 586/734/689
f 586/734/689 661/733/688 590/715/595
f 462/716/557 590/715/595 589/747/557
f 590/715/595 595/748/558 589/747/557
f 462/716/557 595/748/701 622/717/673
f 621/702/660 710/749/702 709/718/674
f 709/718/674 710/749/702 628/719/675
f 628/719/675 631/750/703 635/704/662
f 635/704/662 739/751/704 733/720/676
f 739/751/704 748/640/598 733/720/676
f 748/640/598 726/752/705 762/736/690
f 3197/722/678 692/753/706 691/738/692
f 781/739/693 779/754/707 780/744/698
f 779/754/707 778/755/708 780/744/698
f 779/754/707 777/756/709 778/755/708
f 777/756/709 776/757/710 778/755/708
f 777/756/709 774/758/711 776/757/710
f 494/759/712 493/745/699 491/741/695
f 491/741/695 493/745/699 466/687/487
f 493/745/699 492/760/713 490/746/700
f 547/731/687 661/733/688 585/714/672
f 622/717/673 711/761/714 621/702/660
f 621/702/660 711/761/714 712/762/715
f 711/761/714 710/749/702 712/762/715
f 635/704/662 631/750/703 739/751/704
f 726/752/705 763/763/716 762/736/690
f 776/757/710 774/758/711 519/764/717
f 519/764/717 774/758/711 509/765/718
f 519/764/717 509/765/718 493/745/699
f 774/758/719 791/766/720 775/767/721
f 791/766/720 792/768/722 775/767/721
f 791/766/720 793/769/723 792/768/722
f 509/765/718 577/770/724 508/771/725
f 509/765/718 508/771/725 493/745/699
f 493/745/699 508/771/725 492/760/713
f 547/731/687 592/772/726 661/733/688
f 661/733/688 592/772/726 590/715/595
f 592/772/726 591/773/558 590/715/595
f 590/715/595 591/773/558 595/748/558
f 710/749/702 627/774/727 628/719/675
f 748/640/598 727/775/728 726/752/705
f 763/763/716 726/752/705 770/776/729
f 726/752/705 727/775/728 764/777/730
f 692/753/706 690/778/731 691/738/692
f 791/766/720 794/779/732 793/769/723
f 794/779/732 795/780/733 793/769/723
f 794/779/732 796/781/734 795/780/733
f 794/779/732 797/782/735 796/781/734
f 794/779/732 798/783/736 797/782/735
f 797/782/735 798/783/736 799/784/737
f 798/783/736 800/785/738 799/784/737
f 508/771/725 510/786/739 492/760/713
f 466/687/504 492/760/504 547/731/687
f 547/731/687 548/787/740 592/772/726
f 622/717/673 623/788/741 711/761/714
f 710/749/702 711/761/714 627/774/727
f 628/719/675 627/774/727 631/750/703
f 727/775/728 728/789/742 3216/790/743
f 727/775/728 748/640/598 728/789/742
f 689/791/744 691/738/692 690/778/731
f 800/785/738 801/792/745 799/784/737
f 800/785/738 802/793/746 801/792/745
f 808/794/747 804/795/748 802/793/746
f 802/793/746 803/796/749 801/792/745
f 802/793/746 804/795/748 803/796/749
f 804/795/748 805/797/750 803/796/749
f 492/760/504 525/798/526 547/731/687
f 525/798/526 6202/799/751 547/731/687
f 547/731/687 6202/799/751 530/800/752
f 530/800/752 548/787/740 547/731/687
f 595/748/701 623/788/741 622/717/673
f 631/750/703 629/801/753 739/751/704
f 629/801/753 742/802/754 739/751/704
f 748/640/598 3221/803/755 729/804/756
f 748/640/598 729/804/756 728/789/742
f 689/791/744 688/805/757 691/738/692
f 805/797/750 806/806/758 803/796/749
f 805/797/750 807/807/759 806/806/758
f 507/808/760 492/760/713 510/786/739
f 511/809/761 492/760/713 507/808/760
f 530/800/752 545/810/762 548/787/740
f 548/787/740 593/811/763 592/772/726
f 623/788/741 624/812/764 630/813/765
f 711/761/714 623/788/741 627/774/727
f 623/788/741 630/813/765 627/774/727
f 627/774/727 630/813/765 626/814/766
f 631/750/703 627/774/727 629/801/753
f 739/751/704 742/802/754 748/640/598
f 3221/803/755 748/640/598 730/815/767
f 734/816/768 730/815/767 748/640/598
f 3221/803/755 730/815/767 765/817/769
f 576/818/770 512/819/771 511/809/761
f 511/809/761 512/819/771 492/760/713
f 512/819/771 513/820/772 492/760/713
f 492/760/713 513/820/772 506/821/773
f 6202/799/751 492/760/713 530/800/752
f 492/760/713 495/822/774 530/800/752
f 530/800/752 541/823/775 545/810/762
f 548/787/740 545/810/762 593/811/763
f 595/748/701 594/824/776 624/812/764
f 595/748/701 624/812/764 623/788/741
f 626/814/766 630/813/765 629/801/753
f 627/774/727 626/814/766 629/801/753
f 748/640/598 742/802/754 737/825/777
f 730/815/767 734/816/768 731/826/778
f 730/815/767 731/826/778 766/827/779
f 687/828/780 691/738/692 688/805/757
f 5826/829/781 514/830/782 506/821/773
f 506/821/773 504/831/783 492/760/713
f 545/810/762 541/823/775 593/811/763
f 593/811/763 660/832/784 592/772/726
f 595/748/701 592/772/726 594/824/776
f 624/812/764 594/824/776 630/813/765
f 742/802/754 629/801/753 740/833/785
f 742/802/754 740/833/785 737/825/777
f 687/828/780 686/834/786 691/738/692
f 514/830/782 505/835/787 506/821/773
f 506/821/773 505/835/787 504/831/783
f 492/760/713 504/831/783 495/822/774
f 530/800/752 534/836/788 543/837/789
f 530/800/752 543/837/789 541/823/775
f 541/823/775 662/838/790 593/811/763
f 592/772/726 660/832/784 594/824/776
f 630/813/765 625/839/791 629/801/753
f 625/839/791 740/833/785 629/801/753
f 748/640/598 738/840/792 734/816/768
f 734/816/768 3223/841/793 731/826/778
f 534/836/788 495/822/774 543/837/789
f 541/823/775 542/842/794 662/838/790
f 662/838/790 660/832/784 593/811/763
f 740/833/785 741/843/795 737/825/777
f 738/840/792 737/825/777 734/816/768
f 505/835/787 515/844/796 504/831/783
f 515/844/796 5845/845/797 504/831/783
f 5845/845/797 516/846/798 504/831/783
f 504/831/783 503/847/799 495/822/774
f 495/822/774 503/847/799 6378/848/800
f 495/822/774 544/849/801 543/837/789
f 543/837/789 542/842/794 541/823/775
f 630/813/765 594/824/776 625/839/791
f 625/839/791 594/824/776 675/850/802
f 625/839/791 675/850/802 741/843/795
f 625/839/791 741/843/795 740/833/785
f 737/825/777 736/851/803 734/816/768
f 736/851/803 735/852/804 734/816/768
f 734/816/768 3228/853/805 767/854/806
f 686/834/786 685/855/807 691/738/692
f 691/738/692 685/855/807 865/856/808
f 685/855/807 677/857/809 865/856/808
f 723/858/810 720/859/811 5844/860/812
f 5844/860/812 720/859/811 722/861/813
f 720/859/811 721/862/814 722/861/813
f 569/863/815 518/864/816 516/846/798
f 516/846/798 518/864/816 517/865/817
f 720/859/811 718/866/818 721/862/814
f 720/859/811 719/867/819 718/866/818
f 516/846/798 517/865/817 504/831/783
f 517/865/817 718/866/818 504/831/783
f 718/866/818 6377/868/820 504/831/783
f 718/866/818 719/867/819 6377/868/820
f 504/831/783 6377/868/820 571/869/821
f 504/831/783 571/869/821 503/847/799
f 715/870/822 6377/868/820 716/871/823
f 503/847/799 6373/872/824 501/873/825
f 6378/848/800 503/847/799 501/873/825
f 6377/868/820 681/874/826 716/871/823
f 716/871/823 681/874/826 717/875/827
f 6378/848/800 6360/876/828 495/822/774
f 6378/848/800 501/873/825 502/877/829
f 717/875/827 681/874/826 714/878/830
f 6378/848/800 500/879/831 6360/876/828
f 714/878/830 681/874/826 713/880/832
f 6360/876/828 499/881/833 495/822/774
f 713/880/832 681/874/826 682/882/834
f 499/881/833 498/883/835 495/822/774
f 682/882/834 681/874/826 683/884/836
f 496/885/837 495/822/774 497/886/838
f 498/883/835 575/887/839 495/822/774
f 495/822/774 575/887/839 497/886/838
f 683/884/836 681/874/826 6353/888/840
f 496/885/837 531/889/841 495/822/774
f 6353/888/840 681/874/826 684/890/842
f 684/890/842 681/874/826 680/891/843
f 680/891/843 681/874/826 679/892/844
f 531/889/841 532/893/845 495/822/774
f 495/822/774 532/893/845 533/894/846
f 495/822/774 533/894/846 544/849/801
f 679/892/844 681/874/826 678/895/847
f 678/895/847 681/874/826 665/896/848
f 665/896/848 681/874/826 664/897/849
f 664/897/849 681/874/826 663/898/850
f 542/842/794 6379/899/851 662/838/790
f 6379/899/851 660/832/784 662/838/790
f 6379/899/851 663/898/850 660/832/784
f 660/832/784 666/900/852 594/824/776
f 594/824/776 676/901/853 675/850/802
f 675/850/802 737/825/777 741/843/795
f 675/850/802 676/901/853 735/852/804
f 675/850/802 735/852/804 737/825/777
f 735/852/804 736/851/803 737/825/777
f 734/816/768 735/852/804 3228/853/805
f 676/901/853 677/857/809 735/852/804
f 3228/853/805 735/852/804 677/857/809
f 677/857/809 676/901/853 865/856/808
f 719/867/819 810/902/854 681/874/826
f 719/867/819 681/874/826 6377/868/820
f 681/874/826 660/832/784 663/898/850
f 594/824/776 666/900/852 811/903/855
f 594/824/776 811/903/855 676/901/853
f 846/904/458 610/905/459 845/906/856
f 846/904/458 845/906/856 842/907/857
f 846/904/458 842/907/857 839/908/858
f 846/904/458 839/908/858 613/909/859
f 846/904/458 613/909/859 837/910/860
f 837/910/860 613/909/859 838/911/861
f 837/910/860 838/911/861 840/912/862
f 837/910/860 840/912/862 841/913/863
f 837/910/860 841/913/863 843/914/864
f 837/910/860 843/914/864 844/915/865
f 837/910/860 844/915/865 772/916/866
f 891/917/867 878/918/868 879/919/869
f 878/918/868 435/920/870 876/921/871
f 878/918/868 876/921/871 879/919/869
f 879/919/869 876/921/871 877/922/872
f 895/923/873 877/922/872 902/924/874
f 877/922/872 875/925/875 902/924/874
f 877/922/872 876/921/871 875/925/875
f 901/926/876 902/927/877 900/928/878
f 901/926/876 900/928/878 252/929/879
f 902/924/874 875/925/875 880/930/880
f 880/930/880 875/925/875 233/931/181
f 880/930/880 233/931/181 884/932/881
f 234/933/183 233/931/181 874/934/882
f 875/925/875 873/935/883 233/931/181
f 234/933/183 874/934/882 896/936/884
f 233/931/181 873/935/883 874/934/882
f 874/934/882 873/935/883 871/937/885
f 874/934/882 871/937/885 872/938/886
f 885/939/887 874/934/882 872/938/886
f 872/938/886 881/940/888 892/941/889
f 881/940/888 872/938/886 871/937/885
f 889/942/890 881/940/888 883/943/891
f 871/937/885 870/944/892 881/940/888
f 883/943/891 881/940/888 882/945/893
f 883/943/891 882/945/893 888/946/894
f 882/945/893 881/940/888 870/944/892
f 882/945/893 870/944/892 193/947/895
f 870/944/892 849/948/896 193/947/895
f 193/947/895 849/948/896 867/949/897
f 867/949/897 849/948/896 847/950/898
f 894/951/899 847/950/898 848/952/900
f 847/950/898 849/948/896 848/952/900
f 850/953/901 848/952/900 857/954/902
f 848/952/900 849/948/896 857/954/902
f 850/953/901 857/954/902 851/955/903
f 851/955/903 857/954/902 852/956/904
f 853/957/905 852/956/904 854/958/906
f 852/956/904 857/954/902 854/958/906
f 854/958/906 857/954/902 855/959/907
f 855/959/907 856/960/908 899/961/909
f 855/959/907 857/954/902 856/960/908
f 890/962/910 856/960/908 858/963/911
f 858/963/911 856/960/908 857/954/902
f 858/963/911 857/954/902 869/964/912
f 869/964/912 857/954/902 859/965/913
f 869/964/912 859/965/913 887/966/914
f 859/965/913 857/954/902 862/967/915
f 897/968/916 859/965/913 860/969/917
f 859/965/913 862/967/915 860/969/917
f 860/969/917 862/967/915 861/970/918
f 861/970/918 862/967/915 863/971/919
f 893/972/920 861/970/918 863/971/919
f 863/971/919 862/967/915 864/973/921
f 886/974/922 863/971/919 864/973/921
f 864/973/921 862/967/915 865/975/923
f 898/976/924 864/973/921 868/977/925
f 868/977/925 864/973/921 866/978/926
f 864/973/921 865/975/923 866/978/926
f 928/979/927 926/980/928 927/981/929
f 926/980/928 925/982/930 927/981/929
f 926/983/931 923/984/932 924/985/933
f 924/985/933 923/984/932 925/986/934
f 923/984/932 911/987/935 925/986/934
f 923/984/932 909/988/936 911/987/935
f 909/988/936 912/989/937 911/987/935
f 909/988/936 910/990/938 912/989/937
f 909/988/936 908/991/939 910/990/938
f 908/991/939 904/992/940 910/990/938
f 910/990/938 904/992/940 907/993/941
f 907/993/941 904/992/940 906/994/942
f 904/992/940 905/995/943 906/994/942
f 905/995/943 2940/996/944 906/994/942
f 905/995/943 913/997/945 2940/996/944
f 915/998/946 913/997/945 905/995/943
f 914/999/947 916/1000/948 2940/1001/949
f 913/997/945 915/998/946 914/999/947
f 914/999/947 915/998/946 916/1000/948
f 915/998/946 917/1002/950 916/1000/948
f 915/998/946 918/1003/951 917/1002/950
f 918/1003/951 919/1004/952 917/1002/950
f 903/1005/953 919/1004/952 918/1003/951
f 903/1006/953 921/1007/954 919/1008/952
f 921/1007/954 920/1009/955 919/1008/952
f 921/1007/954 922/1010/956 920/1009/955
f 921/1007/954 1019/1011/957 922/1010/956
f 988/1012/958 987/1013/959 986/1014/960
f 986/1014/960 987/1013/959 985/1015/961
f 984/1016/962 986/1014/960 985/1015/961
f 984/1016/962 985/1015/961 983/1017/963
f 985/1015/961 989/1018/964 983/1017/963
f 983/1017/963 989/1018/964 990/1019/965
f 984/1016/962 983/1017/963 981/1020/966
f 983/1017/963 982/1021/967 981/1020/966
f 982/1021/967 980/1022/968 981/1020/966
f 980/1022/968 982/1021/967 992/1023/969
f 980/1022/968 992/1023/969 991/1024/970
f 981/1020/966 980/1022/968 946/1025/971
f 980/1022/968 948/1026/972 946/1025/971
f 948/1026/972 979/1027/973 2211/1028/974
f 948/1026/972 998/1029/975 979/1027/973
f 946/1025/971 948/1026/972 947/1030/976
f 948/1026/972 2211/1028/974 947/1030/976
f 946/1025/971 947/1030/976 944/1031/977
f 944/1031/977 947/1030/976 945/1032/978
f 947/1030/976 972/1033/979 945/1032/978
f 947/1030/976 975/1034/980 972/1033/979
f 945/1032/978 955/1035/981 944/1031/977
f 955/1035/981 958/1036/982 944/1031/977
f 955/1035/981 995/1037/983 973/1038/984
f 955/1035/981 973/1038/984 958/1036/982
f 944/1031/977 958/1036/982 970/1039/985
f 944/1031/977 970/1039/985 1691/1040/986
f 970/1039/985 971/1041/987 1691/1040/986
f 1691/1040/986 971/1041/987 994/1042/988
f 944/1031/977 1691/1040/986 933/1043/989
f 933/1043/989 1691/1040/986 929/1044/990
f 933/1043/989 929/1044/990 930/1045/991
f 929/1044/990 2114/1046/992 930/1045/991
f 929/1044/990 999/1047/993 2114/1046/992
f 933/1043/989 930/1045/991 931/1048/994
f 930/1045/991 2114/1046/992 974/1049/995
f 974/1049/995 962/1050/996 930/1045/991
f 931/1048/994 930/1045/991 934/1051/997
f 931/1048/994 934/1051/997 932/1052/998
f 932/1052/998 935/1053/999 931/1048/994
f 934/1051/997 969/1054/1000 966/1055/1001
f 934/1051/997 966/1055/1001 932/1052/998
f 931/1048/994 935/1053/999 936/1056/1002
f 935/1053/999 965/1057/1003 964/1058/1004
f 935/1053/999 964/1058/1004 2305/1059/1005
f 936/1056/1002 935/1053/999 937/1060/1006
f 935/1053/999 2305/1059/1005 937/1060/1006
f 936/1056/1002 937/1060/1006 938/1061/1007
f 936/1056/1002 938/1061/1007 939/1062/1008
f 937/1060/1006 968/1063/1009 938/1061/1007
f 938/1061/1007 968/1063/1009 963/1064/1010
f 939/1062/1008 940/1065/1011 936/1056/1002
f 939/1062/1008 2155/1066/1012 940/1065/1011
f 939/1062/1008 978/1067/1013 961/1068/1014
f 939/1062/1008 961/1068/1014 2155/1066/1012
f 940/1065/1011 2155/1066/1012 960/1069/1015
f 940/1065/1011 960/1069/1015 957/1070/1016
f 936/1056/1002 940/1065/1011 941/1071/1017
f 936/1056/1002 941/1071/1017 942/1072/1018
f 996/1073/1019 936/1056/1002 943/1074/1020
f 936/1056/1002 942/1072/1018 943/1074/1020
f 943/1074/1020 942/1072/1018 1002/1075/1021
f 1000/1076/1022 1002/1077/1023 1001/1078/1024
f 1002/1075/1021 942/1072/1018 950/1079/1025
f 942/1072/1018 959/1080/1026 976/1081/1027
f 942/1072/1018 976/1081/1027 977/1082/1028
f 1002/1075/1021 950/1079/1025 949/1083/1029
f 942/1072/1018 977/1082/1028 950/1079/1025
f 949/1083/1029 950/1079/1025 951/1084/1030
f 951/1084/1030 950/1079/1025 952/1085/1031
f 950/1079/1025 967/1086/1032 952/1085/1031
f 997/1087/1033 951/1084/1030 953/1088/1034
f 951/1084/1030 952/1085/1031 953/1088/1034
f 956/1089/1035 993/1090/1036 952/1085/1037
f 953/1088/1034 952/1085/1031 954/1091/1038
f 1011/1092/1039 1010/1093/1040 1072/1094/1041
f 1126/1095/1042 1012/1096/1043 1013/1097/1044
f 1014/1098/1045 1040/1099/1046 1015/1100/1047
f 1015/1100/1047 1040/1099/1046 1016/1101/1048
f 1040/1099/1046 1018/1102/1049 1016/1101/1048
f 1015/1100/1047 1016/1101/1048 1017/1103/1050
f 1017/1103/1050 1016/1101/1048 1018/1102/1049
f 1090/1104/1051 1085/1105/1052 988/1106/1053
f 1009/1107/1054 988/1106/1053 1085/1105/1052
f 1085/1105/1052 1072/1094/1041 1009/1107/1054
f 1010/1093/1040 1009/1107/1054 1072/1094/1041
f 1072/1094/1041 1071/1108/1055 1011/1092/1039
f 1011/1092/1039 1071/1108/1055 1012/1096/1043
f 1071/1108/1055 1053/1109/526 1012/1096/1043
f 1013/1097/1044 1012/1096/1043 1053/1109/526
f 1049/1110/1056 1014/1098/1045 1013/1097/1044
f 1014/1098/1045 1049/1110/1056 1040/1099/1046
f 1040/1099/1046 1020/1111/1057 1018/1102/1049
f 1129/1112/1058 1091/1113/1059 1090/1104/1051
f 1072/1094/1041 1085/1105/1052 1086/1114/558
f 1013/1097/1044 1053/1109/526 1049/1110/1056
f 1053/1109/526 1124/1115/1060 1049/1110/1056
f 1040/1099/1046 1124/1115/1060 1053/1109/526
f 1019/1116/1061 1018/1102/1049 1020/1111/1057
f 1090/1104/1051 1091/1113/1059 1085/1105/1052
f 1072/1094/558 1080/1117/558 1074/1118/558
f 1080/1117/558 1086/1114/558 1074/1118/558
f 1072/1094/558 1074/1118/558 1053/1109/526
f 1125/1119/1062 1121/1120/1063 1091/1113/1059
f 1086/1114/558 1085/1105/1052 1074/1118/558
f 1091/1113/1059 1121/1120/1063 1085/1105/1052
f 1053/1109/526 1054/1121/529 1052/1122/558
f 1085/1105/1052 1121/1120/1063 1092/1123/1064
f 1053/1109/526 1074/1118/558 1073/1124/1065
f 1073/1124/1065 1003/1125/558 1053/1109/526
f 1053/1109/526 1003/1125/558 1070/1126/529
f 1053/1109/526 1070/1126/529 1054/1127/529
f 1053/1109/526 1052/1122/558 1040/1099/1046
f 1040/1099/1046 1031/1128/1066 1020/1111/1057
f 1020/1111/1057 1031/1128/1066 1032/1129/1067
f 1020/1111/1057 1032/1129/1067 1021/1130/1068
f 1073/1124/1065 1074/1118/558 1075/1131/558
f 1003/1125/558 1069/1132/1069 1070/1126/529
f 1069/1132/1069 1052/1122/558 1054/1127/529
f 1040/1099/1046 1038/1133/595 1031/1128/1066
f 1094/1134/1070 1093/1135/1071 1092/1123/1072
f 1069/1132/1069 1003/1125/558 1052/1122/558
f 1039/1136/1073 1038/1133/595 1040/1099/1046
f 1032/1129/1067 1022/1137/1074 1021/1130/1068
f 1021/1130/1068 1022/1137/1074 3098/1138/1075
f 1092/1123/1072 1093/1135/1071 1004/1139/1076
f 1085/1140/1077 1087/1141/558 1081/1142/558
f 1074/1118/558 1081/1142/558 1087/1141/558
f 1074/1118/558 1068/1143/558 1075/1131/558
f 1075/1131/558 1068/1143/558 1003/1125/558
f 1052/1122/558 1039/1136/1073 1040/1099/1046
f 1052/1122/558 1048/1144/558 1038/1133/558
f 1095/1145/1078 1085/1140/1077 1093/1135/1071
f 1004/1139/1076 1093/1135/1071 1085/1140/1077
f 1022/1137/1079 1031/1128/1066 1023/1146/1080
f 1074/1118/558 1077/1147/558 1068/1143/558
f 1052/1122/558 1003/1125/558 1068/1143/558
f 1052/1122/558 1068/1143/558 1048/1144/558
f 1038/1133/595 1034/1148/1081 1031/1128/1066
f 1085/1140/1077 1097/1149/504 1087/1141/558
f 1051/1150/558 1048/1144/558 1068/1143/558
f 1034/1148/1081 1024/1151/1082 1031/1128/1066
f 1031/1128/1066 1024/1151/1082 1023/1146/1080
f 1095/1145/1078 1111/1152/1083 1085/1140/1077
f 1097/1149/504 1098/1153/558 1087/1141/558
f 1038/1133/595 1037/1154/558 1034/1148/1081
f 1097/1149/504 1085/1140/1077 1096/1155/1084
f 1096/1155/1084 1005/1156/504 1097/1149/504
f 1096/1155/1084 1098/1153/558 1005/1156/504
f 1087/1141/558 1098/1153/558 1122/1157/558
f 1098/1153/558 1088/1158/558 1122/1157/558
f 1068/1143/558 1077/1147/558 1076/1159/558
f 1067/1160/558 1055/1161/558 1068/1143/558
f 1034/1148/1081 1037/1154/558 1033/1162/595
f 1033/1162/595 1035/1163/595 1034/1148/1081
f 1034/1148/1081 1025/1164/1085 1024/1151/1082
f 1111/1152/1086 931/1165/1087 1112/1166/1088
f 1085/1140/1077 1111/1152/1083 1096/1155/1084
f 1096/1155/1084 1099/1167/558 1098/1153/558
f 1098/1153/558 1089/1168/558 1088/1158/558
f 1087/1141/558 1088/1158/558 1077/1147/1089
f 1088/1158/558 1089/1168/558 1077/1147/1089
f 1051/1150/558 1037/1154/529 1048/1144/558
f 1034/1148/1081 1026/1169/1090 1025/1164/1085
f 931/1165/1087 1113/1170/1091 1112/1166/1088
f 1112/1166/1088 1113/1170/1091 1096/1155/1084
f 1077/1147/558 1084/1171/558 1076/1159/558
f 1076/1159/558 1055/1161/558 1067/1160/558
f 1033/1162/595 1037/1154/558 1036/1172/558
f 1025/1164/1085 1026/1169/1090 1127/1173/1092
f 1099/1167/558 1077/1147/1089 1089/1168/558
f 1035/1163/595 1036/1172/558 1034/1148/1081
f 1096/1155/1084 1113/1170/1091 1077/1147/1089
f 1099/1167/558 1096/1155/1084 1077/1147/1089
f 1084/1171/558 1057/1174/558 1055/1161/558
f 1057/1174/558 1051/1150/558 1055/1161/558
f 1057/1174/558 1056/1175/558 1051/1150/558
f 1084/1171/558 1065/1176/558 1057/1174/558
f 1006/1177/595 1065/1176/558 1058/1178/558
f 1057/1174/558 1006/1177/595 1058/1178/558
f 1056/1175/558 1058/1178/558 1051/1150/558
f 1058/1178/558 1064/1179/1093 1051/1150/558
f 1084/1171/558 1064/1179/1093 1065/1176/558
f 1065/1176/558 1064/1179/1093 1058/1178/558
f 1082/1180/558 1078/1181/558 1084/1171/558
f 1084/1171/558 1078/1181/558 1064/1179/1093
f 1037/1154/558 1043/1182/1094 1036/1172/558
f 1128/1183/1095 1116/1184/1096 1115/1185/1097
f 1116/1184/1096 1109/1186/1098 1115/1185/1097
f 1113/1187/1099 1115/1185/1097 1109/1186/1098
f 1109/1186/1098 1110/1188/1100 1113/1187/1099
f 1110/1188/1100 1108/1189/558 1077/1147/558
f 1077/1147/558 1107/1190/558 1084/1171/558
f 1064/1179/558 1050/1191/529 1037/1154/558
f 1034/1148/1081 1030/1192/1101 1027/1193/1102
f 1034/1148/1081 1027/1193/1102 1026/1169/1090
f 1117/1194/1103 1109/1186/1098 1116/1184/1096
f 1077/1147/558 1108/1189/558 1107/1190/558
f 1083/1195/558 1107/1190/558 1100/1196/1104
f 1107/1190/558 1120/1197/558 1084/1171/558
f 1107/1190/558 1083/1195/558 1120/1197/558
f 1084/1171/558 1083/1195/558 1082/1180/558
f 1083/1195/558 1102/1198/504 1078/1181/558
f 1050/1191/529 1007/1199/1105 1037/1154/558
f 1036/1172/558 1043/1182/1094 1034/1148/1081
f 1034/1148/1081 1043/1182/1094 1030/1192/1101
f 949/1200/1106 1130/1201/1107 1117/1194/1103
f 1117/1194/1103 1118/1202/1108 1109/1186/1098
f 1110/1188/1100 1109/1186/1098 1108/1189/558
f 1107/1190/1109 1101/1203/1110 1102/1198/1111
f 1100/1196/1104 1102/1198/504 1083/1195/558
f 1102/1198/504 1103/1204/1112 1078/1181/558
f 1064/1179/558 1123/1205/558 1050/1191/529
f 1037/1154/558 1007/1199/1105 1008/1206/1113
f 1043/1182/1094 1029/1207/1114 1030/1192/1101
f 1130/1201/1107 1118/1202/1108 1117/1194/1103
f 1107/1190/1109 1103/1204/1115 1101/1203/1110
f 1123/1205/558 1062/1208/1105 1050/1191/529
f 1050/1191/529 1062/1208/1105 1008/1206/1113
f 1037/1154/558 1047/1209/1116 1043/1182/1094
f 1029/1207/1114 1043/1182/1094 1027/1210/1117
f 1114/1211/1118 1105/1212/1119 1109/1186/1098
f 1078/1181/558 1103/1204/1112 1064/1179/1093
f 1103/1204/1112 1104/1213/1120 1064/1179/1093
f 1008/1206/1113 1047/1209/1116 1037/1154/558
f 1008/1206/1113 1062/1208/1105 1047/1209/1116
f 1043/1182/1094 1028/1214/1121 1027/1210/1117
f 1041/1215/1122 1028/1214/1121 1043/1182/1094
f 1118/1202/1108 1114/1211/1118 1109/1186/1098
f 1109/1186/1098 1105/1212/1119 1107/1190/1109
f 1107/1190/1109 1105/1212/1119 1106/1216/1123
f 1107/1190/1109 1106/1216/1123 1103/1204/1115
f 1104/1213/1120 1079/1217/1124 1064/1179/1093
f 1064/1179/1093 1063/1218/1125 1062/1208/1126
f 1062/1208/1105 1060/1219/1127 1047/1209/1116
f 1047/1209/1116 1060/1219/1127 1059/1220/1128
f 1043/1182/1094 1047/1209/1116 1046/1221/1129
f 1043/1182/1094 1044/1222/1130 1041/1215/1122
f 1044/1222/1130 1042/1223/1131 1041/1215/1122
f 1118/1202/1108 1119/1224/1132 1114/1211/1118
f 1079/1217/1124 1066/1225/1133 1064/1179/1093
f 1064/1179/1093 1066/1225/1133 1063/1218/1125
f 1063/1218/1134 1061/1226/1135 1060/1219/1127
f 1061/1226/1135 1059/1220/1128 1060/1219/1127
f 1043/1182/1094 1046/1221/1129 1045/1227/1136
f 1045/1227/1136 1046/1221/1129 1044/1222/1130
f 1044/1222/1130 1046/1221/1129 1042/1223/1131
f 1131/1228/1137 1132/1229/1138 1135/1230/1139
f 1131/1228/1137 1133/1231/1140 1132/1229/1138
f 1131/1228/1137 1135/1230/1139 1136/1232/1141
f 1131/1228/1137 1136/1232/1141 1137/1233/1142
f 1131/1228/1137 2948/1234/1143 1133/1231/1140
f 1131/1228/1137 1134/1235/1144 2948/1234/1143
f 1134/1235/1144 912/1236/1145 2948/1234/1143
f 1131/1228/1137 1137/1233/1142 1138/1237/1146
f 1138/1237/1146 1137/1233/1142 1139/1238/1147
f 1138/1237/1146 1139/1238/1147 2030/1239/1148
f 1138/1237/1146 2030/1239/1148 1140/1240/1149
f 1140/1240/1149 2030/1239/1148 1141/1241/1150
f 1140/1240/1149 1141/1241/1150 1142/1242/1151
f 1140/1240/1149 1142/1242/1151 985/1243/1152
f 985/1243/1152 1142/1242/1151 1143/1244/1153
f 2277/1245/1154 2105/1246/1155 2274/1247/1156
f 2275/1248/1157 2274/1247/1156 3052/1249/1158
f 2105/1246/1155 3052/1249/1158 2274/1247/1156
f 2105/1246/1155 1133/1250/1159 3052/1249/1158
f 1133/1250/1159 2784/1251/1160 3052/1249/1158
f 3052/1249/1158 2784/1251/1160 2787/1252/1161
f 1133/1250/1159 2783/1253/1162 2784/1251/1160
f 1133/1250/1159 2284/1254/1163 2783/1253/1162
f 2284/1254/1163 2782/1255/1164 2783/1256/1162
f 2782/1255/1164 2043/1257/1165 2783/1256/1162
f 2783/1258/1162 2043/1259/1165 2784/1260/1160
f 2782/1255/1164 2044/1261/1166 2043/1257/1165
f 2782/1262/1164 2781/1263/1167 2044/1264/1166
f 2781/1265/1167 2209/1266/1168 2044/1261/1166
f 2044/1261/1166 2209/1266/1168 2043/1257/1165
f 2043/1267/1165 2209/1268/1168 2210/1269/1169
f 2129/1270/1170 2130/1271/1171 2781/1265/1167
f 2781/1265/1167 2130/1271/1171 2209/1266/1168
f 1791/1272/1172 2780/1273/1173 2208/1274/1174
f 2130/1275/1171 2780/1276/1173 2209/1277/1168
f 2209/1266/1168 2780/1273/1173 1792/1278/1175
f 2209/1266/1168 1792/1278/1175 2210/1279/1169
f 1791/1272/1172 1792/1278/1175 2780/1273/1173
f 1792/1278/1175 1781/1280/1176 2210/1279/1169
f 1792/1278/1175 1791/1272/1172 1784/1281/1177
f 1792/1278/1175 1784/1281/1177 1781/1280/1176
f 1791/1272/1172 2889/1282/1178 1784/1281/1177
f 1791/1272/1172 1909/1283/1179 2889/1282/1178
f 2889/1282/1178 2888/1284/1180 1784/1281/1177
f 1909/1285/1179 2888/1286/1180 2889/1287/1178
f 1909/1285/1179 2887/1288/1181 2888/1286/1180
f 2888/1284/1180 2096/1289/1182 1842/1290/1183
f 2888/1284/1180 2054/1291/1184 1784/1281/1177
f 2888/1284/1180 1842/1290/1183 2054/1291/1184
f 2054/1291/1184 1583/1292/1185 1784/1281/1177
f 1842/1293/1183 2056/1294/1186 2054/1295/1184
f 2096/1289/1182 2056/1296/1186 1842/1290/1183
f 1583/1292/1185 2053/1297/1187 2788/1298/1188
f 1583/1292/1185 2054/1291/1184 2053/1297/1187
f 2056/1296/1186 2053/1299/1187 2054/1291/1184
f 2096/1289/1182 2891/1300/1189 2056/1296/1186
f 2891/1300/1189 2053/1299/1187 2056/1296/1186
f 2096/1289/1182 2890/1301/1190 2891/1300/1189
f 2890/1302/1190 2051/1303/1191 2891/1304/1189
f 2891/1300/1189 2050/1305/1192 2053/1299/1187
f 2053/1299/1187 2050/1305/1192 2788/1298/1188
f 2788/1298/1188 2050/1305/1192 1944/1306/1193
f 2051/1307/1191 2050/1305/1192 2891/1300/1189
f 2051/1307/1191 2167/1308/1194 2050/1305/1192
f 2050/1305/1192 2151/1309/1195 1944/1306/1193
f 2050/1305/1192 2167/1308/1194 2151/1310/1195
f 2051/1307/1191 2833/1311/1196 2167/1308/1194
f 2051/1307/1191 2055/1312/1197 2833/1311/1196
f 2167/1313/1194 2832/1314/1198 2151/1315/1195
f 2167/1313/1194 2833/1316/1196 2832/1314/1198
f 2151/1315/1195 2832/1314/1198 1944/1317/1193
f 2832/1314/1198 2831/1318/1199 1944/1317/1193
f 2832/1319/1198 2833/1311/1196 2831/1320/1199
f 2055/1321/1197 2948/1322/1200 1144/1323/1201
f 2055/1312/1197 1144/1324/1201 2833/1311/1196
f 2833/1311/1196 2949/1325/1202 2831/1320/1199
f 2833/1311/1196 1144/1324/1201 2949/1325/1202
f 1144/1324/1201 2252/1326/1203 2949/1325/1202
f 1144/1324/1201 2948/1327/1200 2252/1326/1203
f 2252/1326/1203 2948/1327/1200 2022/1328/1204
f 2948/1327/1200 2023/1329/1205 2022/1328/1204
f 2023/1329/1205 2021/1330/1206 2022/1328/1204
f 2893/1331/1207 2892/1332/1208 2029/1333/1209
f 2029/1333/1209 2892/1332/1208 2023/1334/1205
f 2021/1335/1206 2023/1336/1205 2892/1337/1208
f 2893/1338/1207 2025/1339/1210 2892/1340/1208
f 2024/1341/1211 2884/1342/1212 2892/1340/1208
f 2025/1339/1210 2896/1343/1213 2892/1340/1208
f 2892/1340/1208 2896/1343/1213 2024/1341/1211
f 2025/1339/1210 1674/1344/1214 2896/1343/1213
f 2024/1345/1211 2896/1346/1213 1673/1347/1215
f 2025/1339/1210 1672/1348/1216 1674/1344/1214
f 1674/1349/1214 1673/1347/1215 2896/1346/1213
f 1672/1348/1216 1673/1350/1215 1674/1344/1214
f 1672/1348/1216 1671/1351/1217 2881/1352/1218
f 1672/1348/1216 2881/1352/1218 1673/1353/1215
f 1671/1351/1217 2930/1354/1219 2881/1352/1218
f 2930/1354/1219 2929/1355/1220 2881/1352/1218
f 2930/1356/1219 1664/1357/1221 2929/1358/1220
f 1664/1357/1221 1665/1359/1222 2929/1358/1220
f 2929/1358/1220 1665/1359/1222 1663/1360/151
f 1665/1359/1222 1666/1361/1223 1663/1360/151
f 1665/1359/1222 1670/1362/1224 1666/1361/1223
f 1665/1359/1222 1668/1363/1225 1667/1364/1226
f 1668/1363/1225 2927/1365/1227 1667/1364/1226
f 1665/1359/1222 1667/1364/1226 1670/1362/1224
f 1668/1363/1225 2928/1366/1228 2927/1365/1227
f 3081/1367/1229 2927/1368/1227 2928/1369/1228
f 1667/1370/1226 2926/1371/1230 2932/1372/179
f 2927/1368/1227 3081/1367/1229 1667/1364/1226
f 1667/1364/1226 3081/1367/1229 2926/1373/1230
f 3081/1367/1229 1976/1374/1231 2926/1373/1230
f 2926/1373/1230 1976/1374/1231 916/1375/1232
f 2926/1373/1230 1974/1376/179 2932/1377/179
f 2926/1373/1230 2937/1378/1233 1974/1376/179
f 2926/1373/1230 916/1375/1232 2937/1378/1233
f 2937/1378/1233 1971/1379/1234 1969/1380/176
f 916/1375/1232 2197/1381/1235 2937/1378/1233
f 2937/1378/1233 2197/1381/1235 1971/1379/1234
f 916/1375/1232 2270/1382/1236 2197/1381/1235
f 2197/1381/1235 2938/1383/1237 1971/1379/1234
f 2197/1381/1235 2924/1384/1238 2938/1383/1237
f 2270/1385/1236 2113/1386/1239 2197/1387/1235
f 2197/1387/1235 2140/1388/1240 2924/1389/1238
f 2197/1390/1235 2113/1391/1239 2140/1392/1240
f 2924/1384/1238 1970/1393/1241 2938/1383/1237
f 2924/1384/1238 1973/1394/1242 1970/1393/1241
f 1970/1395/1241 1973/1396/1242 2916/1397/1243
f 2140/1392/1240 2113/1391/1239 2918/1398/1244
f 2140/1388/1240 2925/1399/1245 2924/1389/1238
f 1973/1396/1242 2918/1400/1244 2917/1401/1246
f 2918/1400/1244 2919/1402/1247 2917/1401/1246
f 2918/1398/1244 2941/1403/1248 2919/1404/1247
f 2113/1391/1239 2941/1403/1248 2918/1398/1244
f 2941/1403/1248 2110/1405/1249 2919/1404/1247
f 2941/1403/1248 2171/1406/1250 2110/1405/1249
f 2127/1407/1251 2126/1408/1252 2171/1406/1250
f 2171/1406/1250 2126/1408/1252 2124/1409/1253
f 2171/1406/1250 2124/1409/1253 2183/1410/1254
f 2124/1409/1253 2125/1411/1255 2183/1410/1254
f 2127/1412/1251 2253/1413/1256 2126/1414/1252
f 2253/1413/1256 2944/1415/1257 2126/1414/1252
f 2126/1414/1252 2944/1415/1257 2124/1416/1253
f 2124/1416/1253 2944/1415/1257 2945/1417/1258
f 2125/1411/1255 2943/1418/1259 2183/1410/1254
f 2125/1419/1255 2942/1420/1260 2943/1421/1259
f 2124/1409/1253 2116/1422/1261 2125/1411/1255
f 2124/1416/1253 2945/1417/1258 2946/1423/1223
f 2253/1424/1256 2118/1425/1262 2944/1426/1257
f 2944/1426/1257 2118/1425/1262 2945/1427/1258
f 2945/1427/1258 2118/1425/1262 2116/1428/1259
f 2118/1425/1262 2119/1429/1263 2116/1428/1259
f 2116/1428/1259 2119/1429/1263 2923/1430/1254
f 2119/1429/1263 2120/1431/1264 2923/1430/1254
f 2119/1429/1263 922/1432/1265 2120/1431/1264
f 2120/1431/1264 922/1432/1265 2121/1433/1266
f 2292/1434/1267 2275/1248/1157 3052/1249/1158
f 3052/1435/1158 3053/1436/1268 3054/1437/1269
f 2292/1438/1270 2030/1439/1271 2031/1440/1272
f 2292/1438/1270 3053/1441/1268 2030/1439/1271
f 3053/1441/1268 3052/1249/1158 2787/1252/1161
f 3053/1441/1268 2787/1252/1161 1988/1442/1273
f 2787/1252/1161 2784/1251/1160 1984/1443/1274
f 1984/1443/1274 2784/1444/1160 2043/1257/1165
f 1984/1443/1274 2043/1257/1165 1985/1445/1275
f 2210/1279/1169 1985/1445/1275 2043/1257/1165
f 2210/1279/1169 1782/1446/1276 1985/1445/1275
f 2210/1279/1169 1781/1280/1176 1782/1446/1276
f 1781/1280/1176 1783/1447/254 1782/1446/1276
f 1781/1280/1176 1784/1281/1177 1783/1447/254
f 1783/1447/254 1583/1448/1185 2001/1449/161
f 1783/1447/254 1784/1281/1177 1583/1448/1185
f 1583/1448/1185 1843/1450/1277 1594/1451/1278
f 1843/1450/1277 2788/1298/1188 1594/1451/1278
f 1583/1292/1185 2788/1298/1188 1843/1450/1277
f 2788/1298/1188 1944/1306/1193 1943/1452/176
f 2831/1320/1199 2949/1325/1202 1944/1306/1193
f 1944/1317/1193 2949/1453/1202 2830/1454/1279
f 2949/1325/1202 2252/1326/1203 2950/1455/1280
f 2252/1456/1203 2951/1457/1281 2952/1458/1282
f 2252/1326/1203 2952/1459/1282 2950/1460/1280
f 2950/1460/1280 2826/1461/1283 2949/1325/1202
f 2950/1460/1280 2952/1459/1282 2886/1462/1284
f 2950/1460/1280 2886/1462/1284 2826/1461/1283
f 2952/1459/1282 2021/1330/1206 2886/1462/1284
f 2021/1330/1206 1568/1463/287 2886/1462/1284
f 2021/1330/1206 2892/1340/1208 2885/1464/1285
f 2021/1465/1206 2885/1466/1285 1568/1467/287
f 2892/1340/1208 2884/1342/1212 2885/1464/1285
f 2885/1466/1285 2825/1468/1286 1568/1467/287
f 1568/1463/287 2884/1342/1287 2824/1469/1288
f 2824/1470/1288 2825/1471/151 2823/1472/163
f 2884/1473/1212 2034/1474/176 2883/1475/161
f 2884/1476/151 1881/1477/161 2823/1478/163
f 2884/1342/1212 2024/1341/1211 2034/1479/176
f 2034/1479/176 2835/1480/1289 1881/1481/1223
f 2034/1479/176 2024/1341/1211 2835/1480/1289
f 2024/1341/1211 2894/1482/179 2835/1480/1289
f 2835/1480/1289 2894/1482/179 2791/1483/163
f 1673/1353/1215 2882/1484/151 2024/1341/1211
f 2024/1341/1211 2882/1484/151 2026/1485/1212
f 2024/1486/1211 2895/1487/1224 2894/1488/179
f 1673/1353/1215 2881/1352/1218 2882/1484/151
f 2929/1358/1220 1662/1489/179 2881/1490/1218
f 2881/1490/1218 1662/1489/179 2791/1483/163
f 2929/1358/1220 1663/1360/151 1662/1489/179
f 1663/1491/151 2931/1492/151 1662/1493/179
f 1889/1494/151 2897/1495/1260 1662/1489/179
f 2897/1496/1260 1670/1497/1224 1662/1498/179
f 1889/1499/151 2898/1500/151 2897/1496/1260
f 1663/1501/151 1666/1502/1223 1889/1499/151
f 1889/1499/151 1666/1502/1223 2898/1500/151
f 1669/1503/1290 1666/1361/1223 1670/1362/1224
f 1670/1362/1224 1667/1364/1226 1968/1504/1259
f 1667/1364/1226 2932/1377/179 1968/1504/1259
f 1670/1362/1224 1968/1504/1259 1966/1505/1291
f 1974/1376/179 1972/1506/179 2932/1377/179
f 2932/1507/179 2933/1508/179 1968/1509/1259
f 2069/1510/1211 1972/1506/1254 1968/1504/1259
f 2936/1511/163 2937/1512/1233 1969/1513/176
f 1968/1504/1259 1967/1514/1292 1966/1505/1291
f 1972/1506/1254 1969/1380/176 1968/1504/1259
f 1968/1504/1259 1969/1380/176 1967/1514/1292
f 1969/1380/176 1971/1379/1234 1967/1514/1292
f 1967/1514/1292 1971/1379/1234 2158/1515/1293
f 1967/1516/1292 2906/1517/1294 2015/1518/1292
f 2015/1519/1292 2138/1520/228 2158/1515/1293
f 1971/1521/1234 2938/1522/1237 2939/1523/278
f 1971/1379/1234 2159/1524/1295 2158/1515/1293
f 2158/1515/1293 2159/1524/1295 2934/1525/1296
f 2938/1383/1237 1970/1393/1241 2002/1526/1297
f 2159/1524/1295 2002/1526/1297 2934/1525/1296
f 2002/1527/1297 2004/1528/1298 2934/1529/1296
f 1970/1393/1241 2003/1530/1299 2002/1526/1297
f 2002/1526/1297 2003/1530/1299 2004/1531/1298
f 1961/1532/1300 2934/1525/1296 1960/1533/1301
f 2202/1534/1302 1960/1533/1301 2934/1525/1296
f 2004/1528/1298 2935/1535/1303 2934/1529/1296
f 2202/1536/1302 2007/1537/1304 1960/1538/1301
f 1973/1396/1242 2111/1539/1305 2916/1397/1243
f 2004/1531/1298 2003/1530/1299 2007/1540/1304
f 2003/1530/1299 2246/1541/1306 2006/1542/1307
f 1973/1396/1242 2917/1401/1246 2111/1539/1305
f 2916/1397/1243 2111/1539/1305 2006/1543/1307
f 2003/1530/1299 2006/1542/1307 2005/1544/1308
f 1960/1538/1301 2007/1537/1304 1962/1545/1309
f 2003/1530/1299 1962/1546/1309 2007/1540/1304
f 2003/1530/1299 2005/1544/1308 1962/1546/1309
f 2112/1547/1310 2110/1405/1249 2111/1548/1305
f 2006/1543/1307 2111/1539/1305 2005/1549/1308
f 2111/1539/1305 2110/1550/1249 2005/1549/1308
f 2005/1549/1308 2110/1550/1249 2915/1551/1311
f 1962/1546/1309 2005/1544/1308 2909/1552/1312
f 2005/1544/1308 2915/1553/1311 2909/1552/1312
f 2915/1553/1311 2110/1405/1249 2914/1554/1313
f 2171/1406/1250 2183/1410/1254 2110/1405/1249
f 2110/1405/1249 2183/1410/1254 2914/1554/1313
f 2183/1410/1254 2117/1555/1223 2122/1556/163
f 2183/1410/1254 2943/1418/1259 2117/1555/1223
f 2117/1555/1223 2943/1418/1259 2128/1557/163
f 2943/1418/1259 2116/1428/1259 2923/1558/1254
f 2943/1418/1259 2923/1558/1254 2128/1557/163
f 2128/1557/163 2923/1558/1254 2920/1559/1314
f 2922/1560/1315 2923/1430/1254 2123/1561/1316
f 2923/1430/1254 2120/1562/1264 2123/1561/1316
f 2120/1562/1264 2121/1433/1266 2123/1561/1316
f 2123/1561/1316 2121/1433/1266 2921/1563/1317
f 2121/1433/1266 2238/1564/1318 2921/1563/1317
f 2030/1439/1271 3053/1441/1268 1988/1442/1273
f 2030/1439/1271 1988/1442/1273 2366/1565/1319
f 2365/1566/1320 2030/1439/1271 2366/1565/1319
f 2366/1565/1319 1988/1442/1273 2093/1567/1321
f 2366/1565/1319 2093/1567/1321 2367/1568/1322
f 1988/1442/1273 2787/1252/1161 1984/1443/1274
f 2093/1567/1321 1987/1569/1323 2367/1568/1322
f 1987/1569/1323 2785/1570/1324 2367/1568/1322
f 3051/1571/1186 3050/1572/1325 1987/1573/1323
f 3051/1571/1186 1987/1573/1323 2093/1574/1321
f 1984/1443/1274 1985/1445/1275 1983/1575/1326
f 1984/1443/1274 2785/1570/1324 1987/1569/1323
f 1984/1576/1274 1983/1577/1326 2785/1578/1324
f 1983/1575/1326 1985/1445/1275 1981/1579/1327
f 1985/1445/1275 2786/1580/1328 1585/1581/177
f 1985/1445/1275 1782/1582/1276 2778/1583/161
f 1782/1582/1276 2047/1584/1329 2778/1583/161
f 2778/1585/161 2777/1586/1330 2779/1587/1329
f 1782/1588/1276 1783/1589/254 2776/1590/163
f 2778/1583/161 2779/1591/1329 2772/1592/1254
f 2047/1593/179 1783/1447/254 2779/1591/1329
f 2779/1591/1329 1783/1447/254 2772/1592/1254
f 1783/1447/254 2001/1449/161 2772/1592/1254
f 1583/1448/1185 1594/1451/1278 2001/1449/161
f 2001/1449/161 1594/1451/1278 2775/1594/163
f 1594/1451/1278 2788/1298/1188 2954/1595/163
f 2788/1298/1188 1943/1596/176 2954/1595/163
f 1944/1306/1193 2830/1597/1279 1943/1452/176
f 2830/1597/1279 2949/1325/1202 2769/1598/1331
f 2949/1325/1202 2828/1599/1332 2769/1598/1331
f 2830/1597/1279 2273/1600/1333 1559/1601/1334
f 2769/1602/1331 2768/1603/1335 2830/1604/1279
f 2830/1604/1279 2768/1603/1335 2273/1605/1333
f 2273/1605/1333 1561/1606/1336 1559/1607/1334
f 2273/1605/1333 2768/1603/1335 1561/1606/1336
f 2949/1325/1202 2826/1461/1283 2828/1599/1332
f 2828/1608/1332 2826/1609/1283 2827/1610/1337
f 2828/1599/1332 2827/1611/1337 2769/1598/1331
f 2827/1610/1337 2826/1609/1283 2829/1612/1338
f 2827/1611/1337 2829/1613/1338 2769/1598/1331
f 2826/1461/1283 2886/1462/1284 1852/1614/1339
f 2886/1462/1284 1568/1463/287 1852/1614/1339
f 2826/1609/1283 1852/1615/1339 2829/1612/1338
f 1568/1463/287 2789/1616/1340 1852/1614/1339
f 2789/1616/1340 1568/1463/287 2824/1617/1288
f 2824/1470/1288 2823/1472/163 2789/1618/1340
f 2823/1472/163 2822/1619/1341 2789/1618/1340
f 1881/1477/161 2822/1620/1341 2823/1478/163
f 1881/1477/161 2821/1621/1212 2822/1620/1341
f 2834/1622/1342 2835/1623/1289 2821/1624/1212
f 2821/1625/1212 2835/1626/1289 2791/1627/163
f 2791/1627/163 1661/1628/1212 2821/1625/1212
f 1661/1629/1212 2791/1483/163 1660/1630/179
f 2791/1483/163 2894/1482/179 2882/1484/151
f 2882/1484/151 2881/1490/1218 2791/1483/163
f 2791/1483/163 1662/1489/179 2836/1631/163
f 1662/1489/179 1670/1362/1224 2842/1632/1343
f 2836/1633/163 1662/1634/179 2842/1635/1343
f 2842/1632/1343 1544/1636/1212 2836/1631/163
f 2842/1637/1343 1670/1362/1224 1693/1638/1344
f 1670/1362/1224 1966/1505/1291 1693/1638/1344
f 1693/1638/1344 1966/1505/1291 1695/1639/1345
f 1966/1640/1291 2947/1641/1346 1695/1642/1345
f 1695/1639/1345 1694/1643/1347 1693/1638/1344
f 1693/1638/1344 1694/1643/1347 1696/1644/1348
f 2947/1645/1346 1975/1646/1349 2899/1647/1350
f 2947/1648/1346 1966/1505/1291 1975/1649/1349
f 1975/1649/1349 1966/1505/1291 2900/1650/1351
f 1966/1505/1291 1964/1651/1352 2900/1652/1351
f 1966/1505/1291 1967/1514/1292 1964/1651/1352
f 1967/1653/1292 2015/1654/1292 1964/1655/1352
f 2015/1519/1292 2158/1515/1293 1964/1651/1352
f 2158/1515/1293 1961/1532/1300 1964/1651/1352
f 1964/1651/1352 1961/1532/1300 2902/1656/1353
f 1961/1532/1300 2903/1657/1354 2902/1656/1353
f 2158/1515/1293 2934/1525/1296 1961/1532/1300
f 1961/1532/1300 1958/1658/1355 2903/1657/1354
f 1961/1532/1300 1960/1533/1301 2907/1659/1356
f 1961/1532/1300 2907/1659/1356 1958/1658/1355
f 1958/1658/1355 1959/1660/1357 2903/1657/1354
f 2903/1657/1354 1959/1660/1357 1957/1661/1358
f 2907/1662/1356 2908/1663/1359 1958/1664/1355
f 1958/1665/1355 2853/1666/1360 1833/1667/1361
f 1958/1665/1355 1833/1667/1361 1959/1660/1357
f 1962/1546/1309 2907/1659/1356 1960/1533/1301
f 1962/1546/1309 2909/1552/1312 2907/1659/1356
f 2909/1552/1312 1963/1668/1362 2907/1659/1356
f 2907/1662/1356 1963/1669/1362 2908/1663/1359
f 1963/1669/1362 2909/1670/1312 2908/1663/1359
f 1958/1665/1355 2908/1671/1359 2853/1666/1360
f 2908/1671/1359 2909/1552/1312 2915/1553/1311
f 2915/1553/1311 2853/1666/1360 2908/1671/1359
f 2915/1553/1311 1835/1672/1363 2853/1666/1360
f 2915/1553/1311 2914/1554/1313 1835/1672/1363
f 2914/1554/1313 2183/1410/1254 1999/1673/1364
f 2876/1674/1365 2183/1410/1254 2912/1675/1366
f 2183/1410/1254 2876/1674/1365 1999/1673/1364
f 2183/1410/1254 2307/1676/163 2912/1675/1366
f 2122/1556/163 2307/1676/163 2183/1410/1254
f 2307/1676/1212 2128/1677/163 2291/1678/163
f 2128/1677/163 2920/1559/1314 2291/1678/163
f 2913/1679/163 2920/1680/1314 2912/1681/1366
f 2923/1558/1254 1945/1682/1367 2920/1683/1314
f 2920/1683/1314 1945/1682/1367 2873/1684/1368
f 2923/1558/1254 2922/1560/1315 1945/1682/1367
f 2922/1560/1315 2123/1561/1316 1948/1685/1369
f 2123/1561/1316 1950/1686/1370 1946/1687/1371
f 2123/1561/1316 1946/1687/1371 1948/1685/1369
f 1159/1688/1372 1155/1689/1373 1158/1690/1374
f 1946/1687/1371 1950/1686/1370 2910/1691/1375
f 1155/1689/1373 1157/1692/1376 1158/1690/1374
f 1155/1689/1373 1156/1693/1377 1157/1692/1376
f 1982/1694/1378 2785/1570/1324 2192/1695/1379
f 2192/1695/1379 2785/1570/1324 2281/1696/1380
f 1866/1697/1381 2310/1698/1382 2032/1699/1383
f 2281/1696/1380 2785/1570/1324 2032/1699/1383
f 2367/1568/1322 2785/1570/1324 1982/1694/1378
f 2785/1570/1324 1983/1575/1326 1981/1579/1327
f 1981/1579/1327 1985/1445/1275 1585/1581/177
f 1585/1581/177 2786/1580/1328 2028/1700/1384
f 2028/1700/1384 2786/1580/1328 1986/1701/1385
f 2786/1702/1328 1985/1703/1275 2771/1704/1260
f 1986/1705/1385 2770/1706/1386 2771/1707/1260
f 1986/1705/1385 2771/1707/1260 2028/1708/1384
f 2771/1709/1260 1985/1710/1275 1582/1711/1254
f 1985/1445/1275 2778/1583/161 1582/1711/1254
f 2778/1583/161 2020/1712/1329 1582/1711/1254
f 2778/1583/161 2772/1592/1254 2057/1713/1387
f 2778/1583/161 2057/1713/1387 2020/1712/1329
f 2020/1712/1329 2753/1714/1388 1582/1711/1254
f 2020/1715/1329 2773/1716/179 2001/1717/161
f 2020/1715/1329 2001/1717/161 2774/1718/1389
f 2001/1717/161 1580/1719/1390 2774/1718/1389
f 2020/1712/1329 2774/1720/1389 2753/1714/1388
f 2754/1721/1391 1580/1722/1390 2753/1723/1388
f 1580/1722/1390 1581/1724/176 2753/1723/1388
f 1580/1725/1390 1579/1726/254 1581/1727/176
f 1580/1725/1390 2001/1449/161 1579/1726/254
f 2001/1449/161 2775/1594/163 1579/1726/254
f 1579/1726/254 2775/1594/163 1577/1728/228
f 1594/1451/1278 2954/1595/163 2775/1594/163
f 1943/1729/176 2830/1730/1279 1559/1731/1334
f 1422/1732/1392 1559/1601/1334 1561/1733/1336
f 2768/1603/1335 1617/1734/1393 1561/1606/1336
f 2769/1598/1331 2829/1613/1338 2768/1735/1335
f 2768/1735/1335 2829/1613/1338 1852/1614/1339
f 2768/1603/1335 1852/1736/1339 1617/1734/1393
f 1561/1733/1336 1617/1737/1393 1562/1738/1394
f 1617/1734/1393 1852/1736/1339 2767/1739/1395
f 1852/1614/1339 2789/1616/1340 2767/1740/1395
f 1617/1734/1393 2767/1739/1395 2766/1741/1396
f 2765/1742/1397 1617/1734/1393 2766/1741/1396
f 2765/1742/1397 2766/1741/1396 1567/1743/1398
f 2766/1744/1396 2767/1740/1395 1567/1745/1398
f 1567/1745/1398 2767/1740/1395 1566/1746/1399
f 1566/1746/1399 2767/1740/1395 2789/1616/1340
f 2789/1616/1340 2822/1620/1341 1447/1747/1400
f 2822/1620/1341 2269/1748/1223 1447/1747/1400
f 1447/1747/1400 2269/1748/1223 1145/1749/1223
f 2821/1621/1212 1661/1750/1212 2822/1620/1341
f 2790/1751/179 1660/1630/179 2791/1483/163
f 1544/1636/1212 2842/1632/1343 2792/1752/1401
f 2842/1753/1343 2820/1754/1402 2819/1755/1403
f 1693/1638/1344 1696/1644/1348 2841/1756/1404
f 1693/1638/1344 2841/1756/1404 2842/1753/1343
f 2842/1753/1343 2841/1756/1404 2820/1754/1402
f 2899/1647/1350 1975/1646/1349 1696/1757/1348
f 1975/1758/1349 2900/1650/1351 1696/1644/1348
f 1696/1644/1348 2900/1650/1351 2841/1756/1404
f 2841/1756/1404 2900/1652/1351 2901/1759/1405
f 2901/1759/1405 1697/1760/1406 2841/1756/1404
f 2841/1756/1404 1697/1760/1406 2840/1761/1407
f 2900/1652/1351 2902/1656/1353 2901/1759/1405
f 2902/1762/1353 1697/1763/1406 2901/1764/1405
f 1964/1651/1352 2902/1656/1353 2900/1652/1351
f 1957/1661/1358 1965/1765/1408 2903/1657/1354
f 2903/1657/1354 1965/1765/1408 1956/1766/1409
f 2903/1657/1354 1956/1766/1409 2879/1767/1410
f 1965/1765/1408 1832/1768/1411 1956/1766/1409
f 2904/1769/1412 2905/1770/1413 1833/1771/1361
f 2904/1769/1412 1833/1771/1361 1965/1772/1408
f 1965/1772/1408 1833/1771/1361 1832/1773/1411
f 1956/1774/1409 1832/1775/1411 2879/1776/1410
f 2879/1776/1410 1832/1775/1411 2880/1777/1414
f 1833/1667/1361 2853/1666/1360 1832/1768/1411
f 1832/1768/1411 1160/1778/1415 2880/1779/1414
f 2853/1780/1360 2062/1781/1416 2061/1782/1417
f 1832/1768/1411 2853/1666/1360 1160/1778/1415
f 2853/1666/1360 2061/1783/1417 1160/1778/1415
f 2061/1783/1417 2851/1784/1418 1160/1778/1415
f 2061/1783/1417 2062/1785/1416 2851/1784/1418
f 1160/1778/1415 2851/1784/1418 2090/1786/1419
f 2062/1787/1416 2853/1666/1360 1834/1788/1420
f 1834/1788/1420 2853/1666/1360 1835/1672/1363
f 1834/1788/1420 1835/1672/1363 2877/1789/1421
f 2062/1781/1416 1834/1790/1420 1992/1791/1422
f 2062/1781/1416 1992/1791/1422 2851/1792/1418
f 1992/1791/1422 1993/1793/1423 2851/1792/1418
f 1992/1794/1422 1991/1795/1424 1993/1796/1423
f 2878/1797/1425 1999/1798/1364 2877/1799/1421
f 1834/1788/1420 2877/1789/1421 1997/1800/1426
f 1834/1788/1420 1997/1800/1426 1992/1794/1422
f 1999/1673/1364 1997/1800/1426 2877/1789/1421
f 1999/1673/1364 2876/1674/1365 1997/1800/1426
f 1997/1800/1426 1995/1801/1427 1996/1802/1428
f 1997/1800/1426 2876/1674/1365 1995/1801/1427
f 2912/1675/1366 2920/1803/1314 2876/1674/1365
f 2876/1804/1365 2045/1805/1429 2068/1806/1430
f 2068/1807/1430 2045/1808/1429 2874/1809/1431
f 2876/1674/1365 2920/1803/1314 2187/1810/1432
f 2876/1674/1365 2187/1810/1432 2045/1811/1429
f 2045/1808/1429 2188/1812/1433 2874/1809/1431
f 2045/1811/1429 2187/1810/1432 2188/1813/1433
f 2187/1810/1432 2875/1814/1434 2188/1813/1433
f 2187/1810/1432 2920/1683/1314 2873/1684/1368
f 2187/1810/1432 2873/1684/1368 2875/1814/1434
f 2875/1814/1434 1921/1815/1435 2188/1816/1433
f 2875/1814/1434 2873/1684/1368 1921/1815/1435
f 1945/1817/1367 1920/1818/1436 2873/1819/1368
f 2873/1684/1368 2871/1820/1437 1921/1815/1435
f 2873/1684/1368 1920/1821/1436 2871/1820/1437
f 1920/1818/1436 1945/1822/1367 2872/1823/1438
f 2872/1823/1438 1918/1824/1439 1920/1818/1436
f 1945/1822/1367 2922/1825/1315 2872/1823/1438
f 2922/1825/1315 1940/1826/1440 2872/1823/1438
f 2922/1825/1315 1948/1827/1369 1940/1826/1440
f 2872/1828/1438 1940/1829/1440 1918/1830/1439
f 1940/1829/1440 2343/1831/1441 1918/1830/1439
f 1948/1685/1369 1946/1687/1371 1947/1832/1442
f 1940/1829/1440 1948/1685/1369 2343/1831/1441
f 2343/1831/1441 1948/1685/1369 2342/1833/1443
f 2342/1833/1443 1949/1834/1444 2164/1835/1445
f 1946/1836/1371 2910/1837/1375 1947/1838/1442
f 2910/1837/1375 2911/1839/1446 1947/1838/1442
f 2911/1840/1446 1949/1834/1444 1947/1832/1442
f 1948/1685/1369 1947/1832/1442 1949/1834/1444
f 1948/1685/1369 1949/1834/1444 2342/1833/1443
f 1949/1834/1444 2340/1841/1447 2339/1842/1448
f 1866/1697/1381 2032/1699/1383 1865/1843/1449
f 2032/1699/1383 2785/1570/1324 2363/1844/1450
f 2785/1570/1324 1981/1579/1327 2363/1844/1450
f 1585/1845/177 2028/1846/1384 2750/1847/1451
f 2749/1848/1328 2028/1849/1384 1584/1850/1452
f 2749/1851/1328 1584/1852/1452 1588/1853/1453
f 1588/1853/1453 1584/1852/1452 1585/1854/177
f 2771/1709/1260 2752/1855/1275 2028/1700/1384
f 2028/1700/1384 2752/1855/1275 1584/1852/1452
f 1582/1711/1254 2752/1855/1275 2771/1709/1260
f 2752/1856/1275 1801/1857/1454 2751/1858/1455
f 2752/1855/1275 1582/1711/1254 1801/1859/1454
f 1582/1711/1254 2753/1860/1388 1581/1861/176
f 1581/1724/176 2755/1862/1254 1578/1863/151
f 1581/1861/176 1578/1864/151 1582/1711/1254
f 1577/1728/228 2775/1594/163 1578/1865/151
f 2954/1595/163 1943/1452/176 1560/1866/176
f 1943/1452/176 1559/1601/1334 1560/1866/176
f 1560/1866/176 1422/1732/1392 2748/1867/176
f 1559/1601/1334 1422/1732/1392 1560/1866/176
f 1422/1732/1392 1561/1733/1336 1421/1868/1456
f 1562/1738/1394 2295/1869/1457 1561/1733/1336
f 1561/1733/1336 2295/1869/1457 1421/1868/1456
f 2765/1742/1397 1567/1743/1398 2295/1870/1457
f 2295/1869/1457 1566/1746/1399 1421/1868/1456
f 1421/1868/1456 1566/1746/1399 2757/1871/1458
f 2295/1869/1457 1567/1745/1398 1566/1746/1399
f 2758/1872/1459 1844/1873/1460 1845/1874/1461
f 1566/1746/1399 2789/1616/1340 1447/1747/1400
f 1447/1747/1400 1145/1749/1223 2759/1875/1462
f 1145/1876/1223 2269/1877/1223 2790/1878/179
f 1145/1749/1223 2790/1751/179 2759/1875/1462
f 2790/1751/179 2791/1483/163 2759/1875/1462
f 2791/1483/163 1477/1879/161 2759/1875/1462
f 2759/1875/1462 1477/1879/161 1478/1880/1462
f 2791/1483/163 1870/1881/1341 1477/1879/161
f 2792/1752/1401 2842/1753/1343 2819/1755/1403
f 2819/1882/1403 2820/1754/1402 2818/1883/1463
f 2818/1883/1463 1479/1884/1464 2819/1882/1403
f 2820/1754/1402 1638/1885/1465 2818/1883/1463
f 2820/1754/1402 2060/1886/1466 1638/1885/1465
f 2841/1756/1404 2060/1886/1466 2820/1754/1402
f 2841/1887/1404 2840/1888/1407 2060/1889/1466
f 2060/1889/1466 2840/1888/1407 1699/1890/1467
f 1638/1885/1465 1699/1891/1467 1642/1892/1468
f 1638/1885/1465 2060/1886/1466 1699/1891/1467
f 1699/1891/1467 2837/1893/1469 1642/1892/1468
f 2840/1761/1407 1697/1760/1406 1698/1894/1470
f 1699/1895/1467 2840/1761/1407 1698/1894/1470
f 2838/1896/1471 1698/1897/1470 2837/1898/1469
f 2837/1898/1469 1698/1897/1470 2839/1899/1472
f 1698/1897/1470 1697/1900/1406 2839/1899/1472
f 1697/1760/1406 2843/1901/1473 2839/1902/1472
f 1697/1903/1406 2902/1904/1353 2843/1905/1473
f 2902/1906/1353 2903/1907/1354 2843/1908/1473
f 2843/1901/1473 1720/1909/1474 2839/1902/1472
f 2879/1767/1410 2844/1910/1475 2903/1657/1354
f 2843/1911/1473 2903/1657/1354 2844/1910/1475
f 2880/1912/1414 1705/1913/1476 2879/1767/1410
f 2879/1767/1410 1705/1913/1476 2844/1910/1475
f 2880/1912/1414 2203/1914/1477 1705/1913/1476
f 2203/1914/1477 1715/1915/1478 1705/1913/1476
f 2849/1916/1479 1830/1917/1480 1715/1918/1478
f 1830/1917/1480 2848/1919/1481 1715/1918/1478
f 1705/1913/1476 1715/1915/1478 2848/1920/1481
f 1160/1778/1415 2258/1921/1482 2880/1779/1414
f 2090/1786/1419 2851/1784/1418 2258/1921/1483
f 2880/1779/1414 1831/1922/1484 1830/1923/1480
f 2880/1779/1414 2258/1921/1482 1831/1922/1484
f 1831/1922/1484 2852/1924/1485 1830/1923/1480
f 2850/1925/1486 2851/1792/1418 2852/1926/1485
f 1830/1923/1480 2852/1924/1485 2848/1920/1481
f 2851/1792/1418 1993/1793/1423 2852/1926/1485
f 1993/1796/1423 1991/1795/1424 2852/1924/1485
f 2852/1924/1485 1991/1795/1424 1990/1927/1487
f 2852/1924/1485 1718/1928/1488 2848/1920/1481
f 2852/1924/1485 1990/1927/1487 1718/1928/1488
f 1990/1927/1487 2033/1929/1489 1718/1928/1488
f 1992/1930/1422 1998/1931/1490 1991/1932/1424
f 1992/1930/1422 1997/1933/1426 1998/1931/1490
f 1997/1800/1426 1996/1802/1428 1998/1934/1490
f 1991/1932/1424 1998/1931/1490 2033/1935/1489
f 1990/1927/1487 1991/1795/1424 2033/1929/1489
f 2033/1929/1489 1994/1936/1491 1718/1928/1488
f 1998/1934/1490 1996/1802/1428 2048/1937/1492
f 2856/1938/1493 2000/1939/1494 2855/1940/1495
f 1998/1934/1490 2048/1937/1492 2033/1941/1489
f 2033/1942/1489 2854/1943/1496 1994/1936/1491
f 2033/1935/1489 2048/1944/1492 2854/1945/1496
f 1995/1801/1427 2876/1674/1365 2000/1946/1494
f 2876/1674/1365 2068/1947/1430 2000/1946/1494
f 2855/1940/1495 2000/1939/1494 2048/1944/1492
f 2048/1944/1492 2000/1939/1494 2064/1948/1497
f 2000/1946/1494 2068/1947/1430 2064/1949/1497
f 2048/1944/1492 2066/1950/1498 2854/1945/1496
f 2048/1944/1492 2064/1948/1497 2066/1950/1498
f 2066/1951/1498 2065/1952/1499 2067/1953/1500
f 2068/1947/1430 2874/1954/1431 2064/1949/1497
f 2874/1954/1431 2065/1952/1499 2064/1949/1497
f 2064/1949/1497 2065/1952/1499 2066/1951/1498
f 2188/1816/1433 2107/1955/1501 2874/1954/1431
f 2107/1955/1501 2065/1952/1499 2874/1954/1431
f 2107/1955/1501 2188/1816/1433 1921/1815/1435
f 1921/1956/1435 1919/1957/1502 2107/1958/1501
f 2107/1959/1501 1914/1960/1503 2065/1961/1499
f 2107/1962/1501 1919/1963/1502 1914/1964/1503
f 1921/1815/1435 2871/1820/1437 1919/1963/1502
f 1919/1963/1502 2871/1820/1437 1914/1964/1503
f 1914/1964/1503 1933/1965/1504 1912/1966/1505
f 1920/1818/1436 1918/1824/1439 2871/1967/1437
f 1914/1964/1503 2871/1820/1437 1933/1965/1504
f 1933/1965/1504 2871/1820/1437 1916/1968/1506
f 1918/1830/1439 2343/1831/1441 2871/1820/1437
f 2871/1820/1437 2343/1831/1441 1917/1969/1507
f 2343/1970/1441 2342/1971/1443 2097/1972/1508
f 2343/1831/1441 2097/1973/1508 1917/1969/1507
f 2342/1971/1443 2164/1974/1445 2160/1975/1509
f 2342/1833/1443 2160/1976/1509 2097/1973/1508
f 2097/1973/1508 2341/1977/1510 1917/1969/1507
f 2097/1973/1508 2160/1976/1509 2341/1977/1510
f 2341/1977/1510 2161/1978/1511 1917/1969/1507
f 2164/1835/1445 1949/1834/1444 2190/1979/1512
f 2164/1974/1445 2190/1980/1512 2160/1975/1509
f 1949/1834/1444 2339/1842/1448 2190/1979/1512
f 2339/1981/1448 2160/1975/1509 2190/1980/1512
f 2160/1975/1509 2212/1982/1513 2341/1983/1510
f 2160/1975/1509 2339/1981/1448 2212/1982/1513
f 2339/1981/1448 2340/1984/1447 2212/1982/1513
f 2341/1977/1510 2212/1985/1513 2161/1978/1511
f 2212/1985/1513 2340/1986/1447 2161/1978/1511
f 1865/1843/1449 2032/1699/1383 1873/1987/1514
f 1873/1987/1514 2032/1699/1383 2363/1988/1450
f 2361/1989/1515 2363/1990/1450 2147/1991/1516
f 2361/1989/1515 2147/1991/1516 2362/1992/1517
f 1865/1993/1518 2362/1994/1517 2091/1995/1519
f 2147/1996/1516 2091/1997/1519 2362/1994/1517
f 2147/1996/1516 2363/1844/1450 2091/1997/1519
f 2363/1844/1450 1981/1579/1327 1800/1998/1275
f 2363/1844/1450 1802/1999/1451 2091/1997/1519
f 2363/1844/1450 1800/1998/1275 1802/1999/1451
f 1981/1579/1327 1585/1581/177 2739/2000/1520
f 1981/1579/1327 2739/2000/1520 1800/1998/1275
f 1585/1854/177 1584/1852/1452 2739/2000/1520
f 1584/1852/1452 1801/1859/1454 2739/2000/1520
f 1801/1859/1454 1582/1711/1254 1630/2001/176
f 1582/1711/1254 2741/2002/163 1630/2001/176
f 1582/1711/1254 1578/1865/151 2741/2002/163
f 2741/2002/163 2740/2003/161 1630/2001/176
f 2775/1594/163 2741/2002/163 1578/1865/151
f 2741/2002/163 2775/1594/163 1586/2004/179
f 1586/2004/179 2247/2005/176 2741/2002/163
f 2742/2006/161 2744/2007/161 2743/2008/176
f 2742/2006/161 2743/2008/176 2247/2009/176
f 2775/1594/163 2954/1595/163 1586/2004/179
f 2954/1595/163 1419/2010/161 1586/2004/179
f 1586/2004/179 1419/2010/161 1649/2011/1521
f 1560/2012/176 1593/2013/163 2954/2014/163
f 2954/1595/163 1593/2015/163 1419/2010/161
f 2745/2016/1212 1560/2017/151 2746/2018/1254
f 1560/2017/151 2747/2019/167 2746/2018/1254
f 1593/2015/163 2746/2020/1462 1419/2010/161
f 2746/2020/1462 2748/1867/176 1419/2010/161
f 1560/1866/176 2748/1867/176 1597/2021/167
f 2748/1867/176 1418/2022/163 1419/2010/161
f 2748/1867/176 1422/1732/1392 1420/2023/1522
f 1422/1732/1392 1421/2024/1456 1420/2023/1522
f 1421/2025/1456 2757/2026/1458 2756/2027/1523
f 1421/2025/1456 2756/2027/1523 1420/2028/1522
f 1566/1746/1399 1845/2029/1461 2757/1871/1458
f 2757/1871/1458 1845/2029/1461 2756/2030/1523
f 2756/2030/1523 2289/2031/1524 1420/2023/1522
f 1845/2029/1461 2714/2032/1525 2756/2030/1523
f 1845/2029/1461 1447/1747/1400 2714/2032/1525
f 2756/2030/1523 2714/2032/1525 2715/2033/1526
f 1845/2029/1461 1844/2034/1460 1447/1747/1400
f 2714/2032/1525 1447/1747/1400 1321/2035/1527
f 2759/1875/1462 1320/2036/1212 1447/1747/1400
f 1320/2036/1212 2759/1875/1462 1368/2037/1462
f 2759/1875/1462 1564/2038/1528 1318/2039/176
f 2759/2040/1462 1478/2041/1462 2760/2042/1529
f 1564/2038/1528 1443/2043/179 1318/2039/176
f 1318/2044/176 2736/2045/1212 1565/2046/176
f 1564/2047/1528 1478/2048/1462 2761/2049/1212
f 1564/2038/1528 2761/2050/1212 1443/2043/179
f 2761/2050/1212 1478/1880/1462 1565/2051/176
f 1478/1880/1462 1473/2052/1212 1565/2051/176
f 1477/1879/161 1870/1881/1341 1474/2053/1212
f 1478/1880/1462 1477/1879/161 1474/2053/1212
f 1478/1880/1462 1474/2053/1212 1473/2052/1212
f 1870/1881/1341 1437/2054/163 1474/2053/1212
f 1870/1881/1341 1544/2055/1212 1437/2054/163
f 1544/2055/1212 2792/1752/1401 1437/2056/163
f 1437/2056/163 2792/1752/1401 2955/2057/1454
f 2819/1882/1403 1479/1884/1464 2792/1752/1401
f 2792/1752/1401 1479/2058/1464 2955/2057/1454
f 1479/2058/1464 2818/1883/1463 1640/2059/1530
f 1479/2058/1464 1640/2059/1530 2152/2060/1531
f 2818/1883/1463 1638/1885/1465 1640/2059/1530
f 1638/1885/1465 1642/1892/1468 1611/2061/1532
f 1642/1892/1468 1639/2062/1533 1611/2061/1532
f 2837/1893/1469 1641/2063/1534 1642/1892/1468
f 2837/1893/1469 2839/1902/1472 1641/2063/1534
f 1642/1892/1468 1641/2063/1534 1639/2062/1533
f 2839/1902/1472 1720/1909/1474 1641/2063/1534
f 2843/1901/1473 1147/2064/1535 1720/1909/1474
f 1147/2064/1535 2843/1901/1473 1790/2065/1536
f 2843/1901/1473 2844/1910/1475 1790/2065/1536
f 1790/2066/1536 2264/2067/1537 1147/2068/1535
f 1147/2068/1535 2264/2067/1537 2817/2069/1538
f 1790/2065/1536 2844/1910/1475 1705/1913/1476
f 2264/2067/1537 1732/2070/1539 2817/2069/1538
f 1790/2065/1536 1705/1913/1476 2264/2071/1537
f 1732/2072/1539 2264/2071/1537 2800/2073/1540
f 2264/2071/1537 1734/2074/1541 2800/2073/1540
f 1705/1913/1476 2848/1920/1481 1704/2075/1542
f 1704/2076/1542 2845/2077/1543 1705/2078/1476
f 1705/2078/1476 2845/2077/1543 2264/2079/1537
f 2264/2079/1537 2845/2077/1543 1734/2080/1541
f 1704/2075/1542 1708/2081/1544 2845/2082/1543
f 1704/2075/1542 1718/1928/1488 1708/2081/1544
f 2845/2082/1543 1708/2081/1544 1734/2074/1541
f 1704/2075/1542 2848/1920/1481 1718/1928/1488
f 1708/2081/1544 1718/1928/1488 1703/2083/1288
f 1718/1928/1488 1994/1936/1491 1703/2083/1288
f 2854/1943/1496 2046/2084/1545 1994/1936/1491
f 1994/1936/1491 1716/2085/1391 1703/2083/1288
f 1994/1936/1491 2046/2086/1545 1716/2085/1391
f 2046/2086/1545 1922/2087/1462 1716/2085/1391
f 2065/1952/1499 2046/2088/1545 2067/1953/1500
f 2065/2089/1499 1914/1964/1503 1912/1966/1505
f 1912/2090/1505 1933/2091/1504 2870/2092/241
f 1916/1968/1506 1915/2093/1546 1913/2094/1547
f 1916/1968/1506 2871/1820/1437 1915/2093/1546
f 2871/1820/1437 1917/1969/1507 2869/2095/1548
f 2871/1820/1437 2869/2095/1548 1915/2093/1546
f 2869/2095/1548 1917/1969/1507 2163/2096/1549
f 2869/2097/1548 2163/2098/1549 2868/2099/1550
f 1917/1969/1507 2162/2100/1551 2163/2096/1549
f 2869/2101/1548 2338/2102/1552 1915/2093/1546
f 1917/1969/1507 2161/1978/1511 2162/2100/1551
f 2161/1978/1511 2340/1986/1447 2286/2103/1553
f 2163/2096/1549 2162/2100/1551 2338/2104/1554
f 2335/2105/1555 2337/2106/1556 2338/2107/1552
f 2337/2106/1556 2335/2105/1555 2336/2108/1557
f 2337/2109/1556 2286/2110/1558 2283/2111/1559
f 1865/1993/1518 2356/2112/1560 2260/2113/1561
f 1865/1993/1518 2091/1995/1519 2356/2112/1560
f 2356/2112/1560 2259/2114/1562 2260/2113/1561
f 2356/2115/1560 1803/2116/1563 1804/2117/1564
f 2356/2115/1560 2091/2118/1519 1803/2116/1563
f 1800/1998/1275 2739/2000/1520 1802/1999/1451
f 2739/2000/1520 2956/2119/1341 1802/1999/1451
f 2739/2000/1520 1801/1859/1454 2956/2119/1341
f 1801/1859/1454 1630/2120/176 2956/2119/1341
f 2741/2002/163 2247/2121/176 2740/2003/161
f 2740/2003/161 2247/2121/176 2707/2122/228
f 2743/2123/176 1649/2011/1521 2247/2121/176
f 2707/2124/228 2247/2125/176 1587/2126/1223
f 1586/2004/179 1649/2011/1521 2743/2123/176
f 1649/2011/1521 1408/2127/228 2247/2121/176
f 2247/2121/176 1408/2127/228 1587/2128/1223
f 2294/2129/1259 1418/2130/163 1408/2127/228
f 1419/2131/161 2738/2132/1329 1649/2133/1521
f 1408/2127/228 1418/2130/163 1439/2134/163
f 2748/1867/176 1407/2135/1341 1418/2022/163
f 2748/1867/176 1420/2023/1522 1407/2135/1341
f 1407/2135/1341 1420/2023/1522 2737/2136/1565
f 2737/2136/1565 1420/2023/1522 2711/2137/1566
f 2711/2137/1566 1420/2138/1522 1377/2139/1567
f 1420/2140/1522 2289/2141/1524 1377/2142/1567
f 1377/2139/1567 2289/2031/1524 1146/2143/1568
f 1146/2143/1568 2289/2031/1524 2712/2144/1569
f 2289/2031/1524 2099/2145/1570 2712/2144/1569
f 2756/2030/1523 2715/2033/1526 2289/2031/1524
f 1377/2146/1567 1146/2147/1568 1379/2148/1571
f 1146/2147/1568 2712/2149/1569 1379/2148/1571
f 2712/2149/1569 2109/2150/1572 1379/2148/1571
f 2715/2151/1526 2714/2152/1525 2713/2153/1573
f 2714/2152/1525 1618/2154/1574 2713/2153/1573
f 2714/2032/1525 1376/2155/1575 1618/2156/1574
f 2712/2149/1569 2713/2153/1573 1618/2154/1574
f 2712/2149/1569 1618/2154/1574 2109/2150/1572
f 2109/2150/1572 1618/2154/1574 1376/2157/1575
f 2109/2150/1572 1376/2157/1575 2716/2158/1576
f 2714/2032/1525 1321/2035/1527 1376/2155/1575
f 1447/1747/1400 1320/2036/1212 1321/2035/1527
f 1368/2037/1462 2759/1875/1462 1319/2159/1223
f 1368/2160/1462 1700/2161/163 2733/2162/163
f 2734/2163/179 1319/2164/1223 2733/2165/163
f 1319/2159/1223 1318/2039/176 2733/2162/163
f 2759/1875/1462 1318/2039/176 1319/2159/1223
f 1318/2039/176 2719/2166/1212 2733/2162/163
f 1565/2051/176 1473/2167/1212 1318/2039/176
f 1474/2053/1212 2735/2168/163 1473/2052/1212
f 1474/2053/1212 1437/2054/163 1475/2169/163
f 1474/2170/1212 1475/2171/163 2735/2172/163
f 1475/2169/163 1437/2054/163 1476/2173/163
f 1437/2174/163 2955/2175/1454 2726/2176/163
f 2726/2177/163 2955/2057/1454 1343/2178/1329
f 2955/2057/1454 2036/2179/1577 1343/2178/1329
f 2955/2057/1454 1479/2058/1464 2036/2179/1577
f 1479/2058/1464 2152/2060/1531 2036/2179/1577
f 2152/2060/1531 1640/2059/1530 1543/2180/1578
f 2152/2060/1531 1543/2180/1578 1542/2181/1579
f 2152/2060/1531 1542/2181/1579 2036/2179/1577
f 1640/2059/1530 1638/1885/1465 1543/2180/1578
f 1638/1885/1465 1611/2061/1532 1543/2180/1578
f 1611/2061/1532 1639/2062/1533 1609/2182/1580
f 1639/2062/1533 1641/2063/1534 1609/2182/1580
f 1611/2061/1532 1609/2182/1580 2764/2183/1581
f 1609/2182/1580 1795/2184/1582 1606/2185/1583
f 1641/2063/1534 1643/2186/1584 1609/2182/1580
f 2795/2187/1585 2102/2188/1586 1795/2189/1582
f 1609/2182/1580 2102/2190/1586 2103/2191/1587
f 1609/2182/1580 1643/2186/1584 2102/2190/1586
f 1795/2189/1582 2102/2188/1586 2793/2192/1588
f 1795/2184/1582 2793/2193/1588 1606/2185/1583
f 2796/2194/1589 2797/2195/1590 2798/2196/1591
f 1643/2186/1584 1864/2197/1330 2102/2190/1586
f 2102/2190/1586 1864/2197/1330 2793/2193/1588
f 2794/2198/1254 1690/2199/1505 2793/2200/1588
f 2797/2195/1590 1720/2201/1474 2798/2196/1591
f 1864/2202/1592 1527/2203/1593 1690/2204/1505
f 1720/2201/1474 1713/2205/1594 2798/2196/1591
f 1864/2202/1592 1713/2206/1594 1527/2203/1593
f 1147/2207/1535 1712/2208/1595 1720/2209/1474
f 1720/2209/1474 1712/2208/1595 1713/2206/1594
f 1147/2068/1535 2817/2069/1538 2816/2210/1596
f 1714/2211/1597 1148/2212/1598 1711/2213/1599
f 1147/2207/1535 1711/2213/1599 1709/2214/1600
f 1147/2207/1535 1709/2214/1600 1710/2215/1601
f 1710/2215/1601 1709/2214/1600 2800/2073/1540
f 1147/2207/1535 1710/2215/1601 1712/2208/1595
f 1714/2211/1597 1732/2072/1539 1148/2212/1598
f 1711/2213/1599 1148/2212/1598 1709/2214/1600
f 1148/2212/1598 1732/2072/1539 1733/2216/1602
f 1733/2217/1602 2800/2218/1540 1709/2219/1600
f 1732/2072/1539 2800/2073/1540 1733/2216/1602
f 1710/2220/1601 2800/2221/1540 2799/2222/1603
f 2800/2073/1540 1708/2081/1544 1706/2223/1604
f 1734/2074/1541 1708/2081/1544 2800/2073/1540
f 1706/2223/1604 1708/2081/1544 1703/2083/1288
f 1706/2223/1604 1703/2083/1288 1702/2224/1275
f 1703/2083/1288 2846/2225/1329 1702/2224/1275
f 1703/2083/1288 1716/2085/1391 1717/2226/1261
f 1703/2227/1288 2953/2228/1605 2846/2229/1329
f 1716/2230/1391 1922/2231/1462 2847/2232/1606
f 1717/2233/1607 1719/2234/1390 2846/2225/1329
f 1719/2234/1390 1922/2087/1462 2846/2225/1329
f 2046/2086/1545 2065/2089/1499 1922/2087/1462
f 1922/2087/1462 1912/1966/1505 1911/2235/1608
f 1922/2087/1462 1911/2235/1608 2846/2225/1329
f 2065/2089/1499 1912/1966/1505 1922/2087/1462
f 1912/1966/1505 1913/2094/1547 1911/2235/1608
f 1913/2094/1547 2862/2236/1609 1911/2235/1608
f 1915/2093/1546 2143/2237/1610 1913/2094/1547
f 1913/2094/1547 2143/2237/1610 2862/2236/1609
f 2862/2238/1609 2863/2239/241 2864/2240/1505
f 1915/2093/1546 2338/2102/1552 2866/2241/1611
f 1915/2093/1546 2866/2241/1611 2142/2242/1612
f 1915/2093/1546 2861/2243/1613 2143/2237/1610
f 1915/2093/1546 2145/2244/1614 2144/2245/1615
f 2142/2242/1612 2145/2244/1614 1915/2093/1546
f 1915/2093/1546 2144/2245/1615 2861/2243/1613
f 2144/2245/1615 2145/2244/1614 2254/2246/1616
f 2338/2102/1552 2337/2109/1556 2866/2241/1611
f 2337/2109/1556 2194/2247/1617 2866/2241/1611
f 2337/2109/1556 2283/2111/1559 2194/2247/1617
f 2142/2248/1612 2866/2249/1611 2867/2250/1618
f 2867/2250/1618 2866/2249/1611 2865/2251/1619
f 2254/2252/1616 2251/2253/1620 2144/2254/1615
f 2866/2241/1611 2194/2247/1617 2254/2246/1616
f 2254/2246/1616 2194/2247/1617 2251/2255/1620
f 2251/2255/1620 2194/2247/1617 2250/2256/1621
f 2194/2247/1617 2334/2257/1622 2250/2256/1621
f 1807/2258/1623 1804/2259/1564 1805/2260/1624
f 1804/2259/1564 1803/2261/1563 1805/2260/1624
f 1803/2261/1563 1799/2262/1625 1806/2263/1626
f 2357/2264/1627 2358/2265/1628 2359/2266/1629
f 2359/2266/1629 2358/2265/1628 2360/2267/1630
f 1805/2260/1624 1803/2261/1563 2296/2268/1631
f 2296/2269/1632 2297/2270/1633 3707/2271/1634
f 2296/2268/1631 1803/2261/1563 1806/2263/1626
f 2360/2272/1635 1806/2273/1626 2297/2274/1633
f 2297/2274/1633 1806/2273/1626 1855/2275/1636
f 2091/1997/1519 1802/1999/1451 1799/2262/1625
f 1803/2261/1563 2091/1997/1519 1799/2262/1625
f 1806/2273/1626 1799/2276/1625 1798/2277/1637
f 1799/2262/1625 1802/1999/1451 1798/2278/1637
f 1630/2120/176 2703/2279/1329 1631/2280/176
f 1630/2120/176 2702/2281/163 2703/2279/1329
f 1630/2001/176 2740/2003/161 2702/2281/163
f 2707/2122/228 1592/2282/1261 2740/2003/161
f 2740/2003/161 1592/2282/1261 2704/2283/243
f 2740/2003/161 2704/2283/243 2701/2284/228
f 2704/2285/243 1439/2286/163 2701/2287/228
f 1592/2288/1638 1587/2289/1638 2706/2290/1638
f 2704/2285/243 2705/2291/1639 1439/2286/163
f 1587/2128/1223 1408/2127/228 1439/2134/163
f 1587/2128/1223 1439/2134/163 2149/2292/1254
f 1418/2130/163 1407/2135/1341 1426/2293/1212
f 1407/2135/1341 2710/2294/176 1426/2293/1212
f 2710/2294/176 2711/2137/1566 1380/2295/1640
f 1377/2139/1567 1380/2295/1640 2711/2137/1566
f 1380/2295/1640 1377/2139/1567 1378/2296/1641
f 1380/2295/1640 1378/2296/1641 1381/2297/1642
f 1377/2139/1567 1379/2298/1571 1383/2299/1643
f 1377/2139/1567 1383/2299/1643 1378/2296/1641
f 1379/2298/1571 2109/2300/1572 1383/2299/1643
f 2109/2300/1572 2716/2301/1576 1383/2299/1643
f 1376/2302/1575 1321/2035/1527 2716/2301/1576
f 1383/2299/1643 2716/2301/1576 1375/2303/1644
f 1375/2303/1644 2716/2301/1576 1321/2035/1527
f 1368/2160/1462 2733/2162/163 1320/2036/1212
f 1320/2036/1212 2733/2162/163 1308/2304/1212
f 2733/2162/163 2719/2166/1212 1308/2304/1212
f 2719/2166/1212 1318/2039/176 1309/2305/1212
f 1308/2306/1212 2719/2307/1212 2717/2308/1341
f 2719/2166/1212 1309/2305/1212 1311/2309/1212
f 1309/2305/1212 1310/2310/1223 1311/2309/1212
f 1309/2311/1212 1307/2312/163 2718/2313/163
f 1318/2039/176 1473/2314/1212 1309/2305/1212
f 1473/2314/1212 2735/2315/163 1309/2305/1212
f 1309/2305/1212 1355/2316/163 1307/2317/163
f 1309/2305/1212 2735/2315/163 1369/2318/163
f 1309/2305/1212 1369/2318/163 1355/2316/163
f 1355/2319/163 1369/2320/163 2728/2321/163
f 2735/2315/163 1476/2173/163 1369/2318/163
f 1476/2173/163 1436/2322/163 1369/2318/163
f 1369/2320/163 2729/2323/163 2728/2321/163
f 1355/2316/163 1469/2324/163 2732/2325/176
f 1436/2322/163 2732/2325/176 1469/2324/163
f 1476/2173/163 2732/2326/176 1436/2322/163
f 1476/2173/163 1437/2054/163 2732/2326/176
f 1437/2054/163 1438/2327/163 2732/2326/176
f 1437/2054/163 1460/2328/163 1438/2327/163
f 2732/2329/176 1438/2330/163 2731/2331/163
f 1437/2054/163 2726/2177/163 1460/2328/163
f 1438/2327/163 1460/2328/163 1872/2332/163
f 1438/2327/163 1872/2332/163 1484/2333/163
f 1872/2334/179 2730/2335/179 2731/2331/179
f 2732/2325/176 1356/2336/179 2727/2337/228
f 1356/2336/179 1429/2338/179 2727/2337/228
f 1343/2178/1329 1459/2339/163 2726/2177/163
f 2036/2179/1577 1445/2340/1645 1343/2178/1329
f 2036/2179/1577 1446/2341/1646 1445/2340/1645
f 2036/2342/1577 1542/2343/1579 1446/2344/1646
f 1446/2345/1646 1542/2181/1579 2724/2346/1647
f 1542/2181/1579 1605/2347/1648 2724/2346/1647
f 1542/2181/1579 1543/2180/1578 2764/2183/1581
f 1543/2348/1578 1611/2349/1532 2764/2350/1581
f 1542/2181/1579 2764/2183/1581 1605/2347/1648
f 1605/2347/1648 2764/2183/1581 1604/2351/1649
f 1605/2347/1648 1604/2351/1649 1607/2352/1650
f 2764/2183/1581 1609/2182/1580 1606/2185/1583
f 1604/2353/1649 1490/2354/1651 1607/2355/1650
f 1604/2353/1649 1608/2356/1652 1490/2354/1651
f 2764/2183/1581 1606/2185/1583 1604/2351/1649
f 1606/2185/1583 1608/2357/1652 1604/2351/1649
f 1606/2358/1583 2793/2359/1588 1489/2360/1653
f 1606/2358/1583 1489/2360/1653 1608/2361/1652
f 2793/2362/1588 1690/2363/1505 1527/2364/1593
f 2793/2193/1588 1527/2203/1593 1489/2365/1653
f 1713/2206/1594 1712/2208/1595 1527/2203/1593
f 1527/2203/1593 1712/2208/1595 1525/2366/1654
f 1527/2203/1593 1525/2366/1654 1515/2367/1655
f 1710/2220/1601 2799/2222/1603 1712/2368/1595
f 1712/2208/1595 2803/2369/1656 1525/2366/1654
f 1525/2366/1654 2762/2370/1657 1515/2367/1655
f 1525/2371/1654 2803/2372/1656 2762/2373/1657
f 2800/2221/1540 1706/2374/1604 2799/2222/1603
f 2799/2222/1603 1706/2374/1604 2301/2375/1658
f 2803/2376/1656 1570/2377/1659 2762/2370/1657
f 2803/2376/1656 2301/2378/1658 1570/2377/1659
f 2762/2370/1657 1570/2377/1659 2763/2379/1660
f 2301/2378/1658 1706/2223/1604 1570/2377/1659
f 1570/2377/1659 1706/2223/1604 1707/2380/1661
f 1702/2224/1275 1707/2380/1661 1706/2223/1604
f 1570/2377/1659 2802/2381/1662 2763/2379/1660
f 1570/2382/1659 2801/2383/1663 2802/2384/1662
f 2802/2384/1662 2801/2383/1663 1701/2385/1259
f 2801/2383/1663 1702/2386/1275 1701/2385/1259
f 2846/2225/1329 1701/2387/1259 1702/2224/1275
f 1911/2235/1608 2815/2388/163 2846/2225/1329
f 2862/2236/1609 2864/2389/1505 1911/2235/1608
f 2864/2389/1505 2810/2390/1664 1911/2235/1608
f 2143/2391/1610 2035/2392/1665 2864/2393/1505
f 2144/2254/1615 2172/2394/1666 2861/2395/1613
f 2861/2243/1613 2172/2396/1666 2035/2397/1665
f 2143/2237/1610 2861/2243/1613 2035/2397/1665
f 2251/2253/1620 2860/2398/1667 2144/2254/1615
f 2144/2254/1615 2860/2398/1667 2172/2394/1666
f 2860/2398/1667 2859/2399/1668 2172/2394/1666
f 2250/2256/1621 2334/2257/1622 2859/2400/1669
f 2172/2394/1666 2857/2401/1670 2035/2392/1665
f 2857/2402/1670 2858/2403/1671 2035/2397/1665
f 2172/2394/1666 2858/2404/1671 2857/2401/1670
f 2172/2394/1666 2859/2399/1668 2858/2404/1671
f 2859/2405/1668 1838/2406/1672 2858/2403/1671
f 2296/2269/1632 3707/2271/1634 2298/2407/1673
f 2297/2270/1633 1855/2408/1636 3707/2271/1634
f 3707/2271/1634 1855/2408/1636 1798/2278/1637
f 3707/2271/1634 1798/2278/1637 1808/2409/1674
f 2298/2407/1673 3707/2271/1634 2299/2410/1675
f 2211/2411/1676 1810/2412/1677 1811/2413/1678
f 1810/2412/1677 1809/2414/1679 1811/2413/1678
f 1811/2413/1678 1809/2414/1679 1788/2415/1680
f 1808/2409/1674 1809/2414/1679 1810/2412/1677
f 1808/2409/1674 1798/2278/1637 2699/2416/1681
f 1808/2409/1674 2699/2416/1681 1809/2414/1679
f 1855/2275/1636 1806/2273/1626 1798/2417/1637
f 1802/1999/1451 2699/2416/1681 1798/2278/1637
f 2699/2416/1681 1802/1999/1451 1910/2418/1289
f 1802/1999/1451 2956/2419/1341 1910/2418/1289
f 1910/2418/1289 1631/2280/176 1632/2420/1462
f 2956/2419/1341 1631/2280/176 1910/2418/1289
f 2700/2421/167 2703/2422/1329 1632/2423/1462
f 1630/2120/176 1631/2280/176 2956/2419/1341
f 1632/2420/1462 2703/2279/1329 1633/2424/163
f 2703/2279/1329 2701/2284/228 1634/2425/1682
f 2703/2426/1329 2702/2427/163 2701/2428/228
f 2740/2003/161 2701/2284/228 2702/2429/163
f 2701/2284/228 1439/2430/163 1440/2431/176
f 1439/2134/163 1418/2130/163 1411/2432/163
f 1418/2130/163 1426/2293/1212 1411/2432/163
f 2710/2294/176 1380/2295/1640 1426/2293/1212
f 1380/2295/1640 1381/2297/1642 1426/2293/1212
f 1381/2297/1642 1558/2433/1683 1426/2293/1212
f 1381/2297/1642 1378/2296/1641 1382/2434/1684
f 1381/2297/1642 1425/2435/1685 1558/2433/1683
f 1382/2436/1684 2709/2437/1686 1381/2438/1642
f 1378/2296/1641 1383/2439/1643 1382/2434/1684
f 1381/2438/1642 2709/2437/1686 1425/2440/1685
f 1383/2441/1643 1375/2442/1644 1382/2436/1684
f 1382/2436/1684 1375/2442/1644 2709/2437/1686
f 1375/2303/1644 1321/2035/1527 2666/2443/187
f 1321/2035/1527 1320/2036/1212 2014/2444/1212
f 1321/2035/1527 2014/2444/1212 2666/2443/187
f 1320/2036/1212 1308/2304/1212 2014/2445/1212
f 1308/2304/1212 1310/2446/1341 1307/2447/163
f 2732/2325/176 1316/2448/1462 1355/2316/163
f 2732/2325/176 2727/2337/228 1316/2448/1462
f 1429/2338/179 1459/2339/1212 2727/2337/228
f 2727/2449/228 2725/2450/176 1316/2451/1462
f 1344/2452/1462 1343/2178/1329 1316/2448/1462
f 1459/2339/163 1343/2178/1329 1344/2452/1462
f 1343/2178/1329 1363/2453/186 1316/2448/1462
f 1445/2454/1645 1363/2453/186 1343/2178/1329
f 1446/2345/1646 1629/2455/1687 1445/2454/1645
f 1446/2345/1646 2724/2346/1647 1629/2455/1687
f 1445/2456/1645 1629/2457/1687 2720/2458/1688
f 1445/2454/1645 2720/2459/1688 1363/2453/186
f 2724/2460/1647 1491/2461/1689 1149/2462/1654
f 1605/2463/1648 1491/2461/1689 2724/2460/1647
f 1605/2347/1648 1607/2352/1650 1491/2464/1689
f 2724/2346/1647 1149/2465/1654 1629/2455/1687
f 1629/2455/1687 1149/2465/1654 2720/2459/1688
f 1149/2465/1654 2721/2466/1690 2720/2459/1688
f 2720/2459/1688 2721/2466/1690 1415/2467/1691
f 1607/2352/1650 1490/2468/1651 1491/2464/1689
f 1490/2468/1651 2721/2469/1690 1491/2464/1689
f 1608/2470/1652 2721/2469/1690 1490/2468/1651
f 1608/2470/1652 1489/2365/1653 2721/2469/1690
f 1491/2461/1689 2723/2471/1692 1149/2462/1654
f 2721/2469/1690 1489/2365/1653 2722/2472/1693
f 1489/2365/1653 1942/2473/1694 2722/2472/1693
f 1489/2365/1653 1527/2203/1593 1515/2367/1655
f 2762/2370/1657 1526/2474/1695 1515/2367/1655
f 1515/2367/1655 1526/2474/1695 2695/2475/1696
f 2762/2476/1657 2763/2477/1660 1526/2478/1695
f 2763/2379/1660 2802/2381/1662 1571/2479/1697
f 2763/2379/1660 1571/2479/1697 1575/2480/1698
f 1701/2481/1259 1737/2482/161 2802/2381/1662
f 2802/2381/1662 1737/2482/161 1571/2483/1697
f 2846/2225/1329 2815/2388/163 1701/2481/1259
f 1911/2235/1608 2809/2484/1699 2815/2388/163
f 1911/2235/1608 2810/2390/1664 2809/2484/1699
f 2810/2390/1664 1727/2485/1700 2809/2484/1699
f 2810/2390/1664 2864/2389/1505 1836/2486/1701
f 2810/2390/1664 1836/2486/1701 2811/2487/1702
f 2864/2389/1505 2035/2397/1665 1836/2486/1701
f 1836/2486/1701 1837/2488/1703 2811/2487/1702
f 1836/2486/1701 2035/2397/1665 2858/2403/1671
f 1836/2486/1701 2858/2403/1671 1837/2488/1703
f 1811/2489/1704 1787/2490/1705 947/2491/1706
f 2364/2492/1707 1788/2493/1680 1787/2494/1705
f 1787/2490/1705 1786/2495/1708 947/2491/1706
f 1809/2496/1679 2699/2497/1681 1788/2498/1680
f 1788/2499/1680 2354/2500/1709 1787/2490/1705
f 1788/2499/1680 2699/2416/1681 2354/2500/1709
f 1787/2490/1705 2354/2500/1709 1786/2495/1708
f 1786/2495/1708 2354/2500/1709 1785/2501/1710
f 2699/2416/1681 1910/2418/1289 1598/2502/1711
f 2699/2416/1681 1598/2502/1711 2354/2500/1709
f 1910/2418/1289 1632/2420/1462 1633/2424/163
f 1633/2424/163 2703/2279/1329 1634/2425/1682
f 1634/2503/1682 2701/2504/228 2670/2505/1340
f 2701/2284/228 1440/2431/176 1633/2506/1288
f 2697/2507/1462 1440/2508/176 1441/2509/1712
f 1440/2431/176 1439/2430/163 1411/2432/163
f 1409/2510/176 1410/2511/1713 1411/2432/163
f 1411/2432/163 1426/2293/1212 1409/2510/176
f 1426/2512/1212 2708/2513/1212 1409/2514/176
f 1426/2293/1212 1558/2433/1683 2708/2515/1212
f 1558/2433/1683 1425/2435/1685 1358/2516/1714
f 1358/2516/1714 1425/2435/1685 2667/2517/1715
f 1425/2435/1685 2709/2518/1686 2667/2517/1715
f 1358/2519/1714 2667/2520/1715 1366/2521/1716
f 1424/2522/1717 1357/2523/1718 1366/2524/1716
f 2709/2518/1686 1375/2303/1644 2667/2517/1715
f 2667/2525/1715 1384/2526/1719 1424/2527/1717
f 2667/2517/1715 1375/2303/1644 1384/2528/1719
f 1375/2303/1644 2666/2443/187 1384/2528/1719
f 2666/2529/187 2014/2530/1212 2665/2531/177
f 2014/2532/1212 2677/2533/1341 2665/2534/177
f 2014/2530/1212 2664/2535/1713 2677/2536/1341
f 2014/2445/1212 1308/2304/1212 1264/2537/163
f 1308/2538/1212 1307/2539/163 1264/2540/163
f 1355/2316/163 1316/2448/1462 1307/2447/163
f 1363/2453/186 1161/2541/1720 1270/2542/1721
f 1363/2453/186 2720/2459/1688 1391/2543/1722
f 1363/2453/186 1391/2543/1722 1161/2541/1720
f 2720/2459/1688 1390/2544/1723 1391/2543/1722
f 2721/2545/1690 2722/2546/1693 1415/2547/1691
f 1415/2467/1691 2722/2472/1693 1416/2548/1724
f 1415/2467/1691 1416/2548/1724 2720/2459/1688
f 2722/2472/1693 2694/2549/1725 1416/2548/1724
f 2722/2472/1693 1942/2473/1694 2694/2549/1725
f 1489/2365/1653 1941/2550/1726 1942/2473/1694
f 1416/2548/1724 2694/2549/1725 1483/2551/1727
f 2694/2552/1725 1942/2553/1694 2691/2554/1728
f 1489/2365/1653 1515/2367/1655 1941/2550/1726
f 1515/2367/1655 2693/2555/1505 1941/2550/1726
f 2693/2555/1505 1515/2367/1655 1508/2556/162
f 1515/2367/1655 2695/2475/1696 1516/2557/1729
f 1515/2367/1655 1516/2557/1729 1508/2556/162
f 2695/2475/1696 1526/2474/1695 2013/2558/1730
f 2013/2559/1730 1516/2560/1729 2695/2561/1696
f 1516/2560/1729 2013/2559/1730 1576/2562/1731
f 1526/2474/1695 1573/2563/1732 2013/2558/1730
f 2013/2559/1730 1573/2564/1732 1576/2562/1731
f 1526/2474/1695 2763/2379/1660 1573/2563/1732
f 2763/2379/1660 1575/2480/1698 1573/2563/1732
f 1571/2483/1697 1737/2482/161 1572/2565/1733
f 1701/2481/1259 1736/2566/208 1737/2482/161
f 1736/2566/208 1701/2481/1259 1735/2567/1734
f 1701/2481/1259 2815/2388/163 1735/2567/1734
f 2815/2568/163 2660/2569/1566 2659/2570/1735
f 2809/2484/1699 1727/2485/1700 1730/2571/1736
f 1727/2572/1700 2811/2573/1702 2812/2574/1737
f 1727/2485/1700 2812/2575/1737 1730/2571/1736
f 2811/2487/1702 1837/2488/1703 2812/2575/1737
f 2812/2575/1737 1837/2488/1703 2813/2576/1738
f 2812/2575/1737 2813/2576/1738 1730/2571/1736
f 2813/2576/1738 2807/2577/1739 1730/2571/1736
f 1837/2488/1703 2858/2403/1671 1839/2578/1740
f 2858/2403/1671 1838/2406/1672 1839/2578/1740
f 1839/2578/1740 1838/2406/1672 1840/2579/1741
f 1839/2580/1740 1840/2581/1741 1837/2582/1703
f 1837/2582/1703 1840/2581/1741 2814/2583/1742
f 1840/2579/1741 1838/2406/1672 2186/2584/1743
f 2309/2585/1744 1789/2586/1745 2256/2587/1746
f 1789/2586/1745 1785/2501/1710 2256/2587/1746
f 2256/2587/1746 1785/2501/1710 2354/2500/1709
f 2256/2588/1746 2354/2589/1709 2353/2590/1747
f 2213/2591/1748 1980/2592/1749 1979/2593/1750
f 1979/2593/1750 1980/2592/1749 1978/2594/1751
f 2353/2590/1747 2355/2595/1752 1978/2596/1751
f 2353/2590/1747 2354/2589/1709 2355/2595/1752
f 2354/2500/1709 1598/2502/1711 2355/2597/1752
f 2355/2597/1752 1598/2502/1711 2671/2598/1753
f 1910/2418/1289 1600/2599/1289 1598/2502/1711
f 1910/2418/1289 1633/2424/163 1600/2599/1289
f 1633/2424/163 1442/2600/1754 1600/2599/1289
f 1633/2424/163 1441/2601/1712 1442/2600/1754
f 1441/2601/1712 2696/2602/1211 1442/2600/1754
f 1440/2431/176 2696/2602/1211 1441/2601/1712
f 1440/2431/176 1348/2603/163 1364/2604/167
f 1440/2431/176 1411/2432/163 1348/2603/163
f 1411/2432/163 1410/2605/1713 1348/2606/163
f 1410/2605/1713 2668/2607/1341 1348/2606/163
f 1348/2606/163 2668/2607/1341 2680/2608/1226
f 2669/2609/1224 1409/2610/176 2708/2611/1212
f 2680/2608/1226 2668/2607/1341 1468/2612/1755
f 2708/2515/1212 1558/2433/1683 1392/2613/1756
f 2708/2515/1212 1392/2613/1756 2668/2607/1341
f 2668/2607/1341 1392/2613/1756 1468/2612/1755
f 1468/2612/1755 1392/2613/1756 1417/2614/1757
f 1558/2433/1683 1358/2516/1714 1392/2613/1756
f 1392/2613/1756 1357/2523/1718 1417/2614/1757
f 1392/2613/1756 1358/2516/1714 1357/2523/1718
f 1358/2516/1714 1366/2524/1716 1357/2523/1718
f 1357/2523/1718 1424/2522/1717 1267/2615/1758
f 1424/2522/1717 2663/2616/1759 1267/2615/1758
f 1424/2522/1717 1384/2528/1719 2663/2616/1759
f 2665/2534/177 2677/2533/1341 2663/2617/1759
f 2677/2618/1341 1264/2537/163 1242/2619/1212
f 1264/2537/163 2589/2620/228 1242/2621/1212
f 1307/2447/163 2589/2620/228 1264/2537/163
f 1307/2447/163 1316/2448/1462 2589/2620/228
f 2589/2620/228 1316/2448/1462 1268/2622/1329
f 1316/2448/1462 1363/2453/186 1269/2623/1760
f 1363/2453/186 2686/2624/1761 1269/2623/1760
f 1363/2453/186 1270/2542/1721 2686/2624/1761
f 1161/2541/1720 1390/2544/1723 1270/2542/1721
f 1390/2544/1723 1339/2625/1762 1270/2542/1721
f 1270/2626/1721 1340/2627/1763 2686/2628/1761
f 1270/2542/1721 1339/2625/1762 1340/2629/1763
f 1340/2629/1763 1339/2625/1762 2687/2630/1764
f 2720/2459/1688 1416/2548/1724 1390/2544/1723
f 1416/2548/1724 2690/2631/1765 1390/2544/1723
f 1339/2632/1762 1390/2633/1723 2690/2634/1765
f 1339/2625/1762 2690/2631/1765 2688/2635/1766
f 2690/2631/1765 1466/2636/1767 2656/2637/1768
f 2690/2631/1765 1416/2548/1724 1466/2636/1767
f 1466/2638/1767 1483/2639/1727 1882/2640/1769
f 1416/2548/1724 1483/2551/1727 1466/2636/1767
f 2691/2554/1728 2693/2641/1505 2692/2642/1770
f 2691/2554/1728 2692/2642/1770 1483/2643/1727
f 1942/2553/1694 2693/2641/1505 2691/2554/1728
f 1942/2644/1694 1941/2550/1726 2693/2555/1505
f 1882/2645/1769 1483/2646/1727 1517/2647/1771
f 2692/2648/1770 1517/2647/1771 1483/2646/1727
f 2692/2648/1770 2693/2555/1505 1517/2647/1771
f 2693/2555/1505 1508/2556/162 1517/2647/1771
f 1516/2649/1729 1576/2650/1731 1506/2651/1772
f 1516/2649/1729 1506/2651/1772 1508/2556/162
f 1576/2650/1731 1869/2652/1773 1506/2651/1772
f 1576/2653/1731 1574/2654/1774 1869/2652/1773
f 1576/2653/1731 1573/2563/1732 1574/2654/1774
f 1869/2652/1773 1574/2654/1774 1523/2655/1775
f 1573/2563/1732 1575/2480/1698 1574/2654/1774
f 1575/2480/1698 1571/2483/1697 1574/2654/1774
f 1571/2483/1697 1546/2656/1776 1574/2654/1774
f 1571/2483/1697 2191/2657/1777 1546/2656/1776
f 1571/2483/1697 1572/2565/1733 2191/2657/1777
f 2804/2658/1224 1736/2659/208 2805/2660/294
f 2804/2658/1224 2805/2660/294 2806/2661/1261
f 1736/2566/208 1735/2567/1734 2662/2662/1778
f 1572/2565/1733 2805/2663/294 2191/2657/1777
f 2191/2657/1777 2805/2663/294 2232/2664/1779
f 1736/2566/208 2662/2662/1778 2805/2663/294
f 2805/2663/294 2662/2662/1778 2232/2664/1779
f 1735/2665/1734 2815/2666/163 2232/2667/1779
f 1735/2665/1734 2232/2667/1779 2662/2668/1778
f 2232/2669/1779 2815/2388/163 1738/2670/1275
f 1738/2670/1275 1721/2671/163 2232/2669/1779
f 1738/2670/1275 1722/2672/1454 1721/2671/163
f 2659/2570/1735 2660/2569/1566 2661/2673/1711
f 1738/2670/1275 2660/2674/1566 1722/2672/1454
f 2815/2388/163 2809/2484/1699 2660/2674/1566
f 2809/2484/1699 1730/2571/1736 1728/2675/1780
f 1723/2676/1781 1730/2571/1736 2808/2677/1782
f 1730/2571/1736 2807/2577/1739 2808/2677/1782
f 2808/2678/1782 2807/2679/1739 2106/2680/1783
f 2813/2576/1738 2186/2584/1743 2807/2577/1739
f 2807/2577/1739 2186/2584/1743 2106/2681/1783
f 2186/2584/1743 1838/2406/1672 2106/2681/1783
f 2106/2681/1783 1838/2406/1672 1726/2682/1784
f 2106/2681/1783 1726/2682/1784 1724/2683/1785
f 2106/2681/1783 1724/2683/1785 2808/2677/1782
f 1979/2593/1750 1978/2594/1751 2671/2598/1753
f 1978/2594/1751 2355/2597/1752 2671/2598/1753
f 1979/2593/1750 2671/2598/1753 5287/2684/1786
f 5287/2684/1786 2671/2598/1753 1692/2685/1787
f 1692/2685/1787 2671/2598/1753 2267/2686/1788
f 1598/2502/1711 2672/2687/1789 2671/2598/1753
f 2672/2687/1789 1598/2502/1711 2673/2688/1452
f 1598/2502/1711 1600/2599/1289 1599/2689/1342
f 1598/2502/1711 1599/2689/1342 2673/2688/1452
f 2673/2690/1452 1599/2691/1342 2674/2692/1790
f 2674/2693/1790 1599/2694/1342 2698/2695/287
f 1600/2599/1289 1442/2600/1754 2675/2696/1791
f 1977/2697/1792 1442/2600/1754 2455/2698/179
f 1442/2600/1754 1150/2699/1386 2455/2698/179
f 1442/2600/1754 2696/2602/1211 1150/2699/1386
f 1150/2699/1386 2696/2602/1211 1547/2700/167
f 2696/2602/1211 1440/2431/176 1364/2604/167
f 1364/2604/167 1547/2700/167 2696/2602/1211
f 1348/2606/163 1346/2701/177 2572/2702/1289
f 1348/2606/163 2680/2608/1226 1346/2701/177
f 2680/2703/1226 1468/2704/1755 2679/2705/1793
f 1357/2706/1718 1267/2707/1758 1293/2708/1794
f 1357/2706/1718 1293/2708/1794 1417/2709/1757
f 1293/2710/1794 1267/2615/1758 2678/2711/1795
f 1267/2615/1758 2663/2616/1759 2582/2712/1796
f 2663/2616/1759 2677/2713/1341 1233/2714/1797
f 2663/2616/1759 1233/2714/1797 2582/2712/1796
f 1316/2448/1462 1269/2623/1760 1268/2622/1329
f 1269/2623/1760 1245/2715/1798 1268/2622/1329
f 1269/2623/1760 1266/2716/1799 1245/2715/1798
f 1340/2627/1763 1675/2717/1800 2686/2628/1761
f 1340/2627/1763 2687/2718/1764 1675/2717/1800
f 2686/2719/1761 1675/2720/1800 1269/2623/1760
f 1269/2623/1760 1259/2721/1801 1266/2716/1799
f 1675/2720/1800 1259/2721/1801 1269/2623/1760
f 1339/2625/1762 2688/2635/1766 2687/2630/1764
f 2687/2630/1764 2688/2635/1766 1260/2722/1802
f 2687/2630/1764 1260/2722/1802 1675/2723/1800
f 2688/2724/1766 2689/2725/1803 1260/2726/1802
f 2690/2631/1765 2656/2637/1768 2688/2635/1766
f 1260/2722/1802 1262/2727/1804 1258/2728/1805
f 1262/2727/1804 1294/2729/1806 1258/2728/1805
f 1262/2727/1804 2656/2730/1768 1294/2729/1806
f 1675/2723/1800 1260/2722/1802 1259/2721/1801
f 1259/2721/1801 1260/2722/1802 1258/2728/1805
f 1466/2638/1767 1882/2640/1769 1512/2731/1807
f 1466/2638/1767 1512/2731/1807 2656/2732/1768
f 2656/2730/1768 1512/2733/1807 1294/2729/1806
f 1258/2728/1805 1294/2729/1806 1295/2734/1808
f 1294/2735/1806 1512/2731/1807 1295/2736/1808
f 1882/2640/1769 1517/2737/1771 1512/2731/1807
f 1517/2737/1771 2655/2738/1809 1512/2731/1807
f 1512/2731/1807 2655/2738/1809 1510/2739/1810
f 1512/2733/1807 1510/2740/1810 1511/2741/1811
f 1512/2733/1807 1511/2741/1811 1295/2742/1808
f 1510/2740/1810 2654/2743/1812 1511/2741/1811
f 1517/2744/1771 1508/2745/162 1513/2746/1813
f 1513/2747/1813 1508/2556/162 1509/2748/1814
f 2657/2749/1815 1509/2748/1814 1508/2556/162
f 1508/2556/162 1506/2651/1772 2657/2749/1815
f 1506/2651/1772 1869/2652/1773 2058/2750/1816
f 1506/2651/1772 2058/2750/1816 2658/2751/1817
f 1869/2752/1773 1523/2753/1775 2058/2754/1816
f 2058/2754/1816 1523/2753/1775 2658/2755/1817
f 2658/2751/1817 1523/2655/1775 1522/2756/1818
f 1506/2651/1772 2658/2751/1817 1502/2757/1819
f 1502/2758/1819 2658/2759/1817 1524/2760/1820
f 2658/2759/1817 1522/2761/1818 1524/2760/1820
f 1523/2655/1775 1574/2654/1774 1522/2756/1818
f 2191/2657/1777 1504/2762/1454 1546/2656/1776
f 2191/2763/1777 2232/2764/1779 1504/2765/1454
f 2232/2766/1779 1721/2767/163 1504/2762/1454
f 2660/2674/1566 1728/2675/1780 1722/2672/1454
f 2809/2484/1699 1728/2675/1780 2660/2674/1566
f 1730/2571/1736 1723/2676/1781 1728/2675/1780
f 1728/2675/1780 1723/2676/1781 1725/2768/1821
f 1723/2676/1781 2328/2769/1822 1725/2768/1821
f 2808/2677/1782 1724/2683/1785 1723/2676/1781
f 1723/2676/1781 1724/2683/1785 2328/2769/1822
f 1692/2685/1787 2267/2686/1788 1691/2770/1823
f 1691/2770/1823 2267/2686/1788 1628/2771/1824
f 2671/2598/1753 1659/2772/1825 2267/2686/1788
f 1628/2771/1824 2440/2773/1826 1624/2774/1827
f 1691/2770/1823 1628/2771/1824 1624/2774/1827
f 2671/2598/1753 2672/2775/1789 1659/2772/1825
f 1659/2776/1825 2672/2777/1789 2440/2778/1826
f 2440/2773/1826 2672/2775/1789 1624/2774/1827
f 2672/2687/1789 2673/2688/1452 1620/2779/151
f 2673/2688/1452 2674/2780/1790 1627/2781/1566
f 2673/2688/1452 1627/2781/1566 1620/2779/151
f 1627/2781/1566 1619/2782/1289 1620/2779/151
f 2674/2780/1790 1637/2783/1828 1627/2781/1566
f 1637/2784/1828 1619/2785/1289 1627/2786/1566
f 1637/2783/1828 1600/2599/1289 1619/2787/1289
f 1600/2599/1289 2675/2696/1791 1636/2788/1254
f 2455/2698/179 1150/2699/1386 1547/2700/167
f 1364/2789/167 2676/2790/1829 1547/2791/167
f 1569/2792/1830 1347/2793/1608 1547/2700/167
f 1364/2604/167 1348/2606/163 1347/2793/1608
f 1348/2606/163 2572/2702/1289 1347/2793/1608
f 2572/2702/1289 1346/2701/177 1345/2794/1289
f 1468/2795/1755 2581/2796/1831 1345/2794/1289
f 2581/2796/1831 1468/2795/1755 1417/2797/1757
f 1345/2794/1289 2581/2796/1831 1393/2798/1520
f 1293/2710/1794 1292/2799/1832 1417/2797/1757
f 1293/2710/1794 2678/2711/1795 1292/2799/1832
f 1292/2799/1832 2678/2711/1795 1263/2800/1833
f 1417/2797/1757 1292/2799/1832 2581/2796/1831
f 2580/2801/1834 1263/2802/1833 1341/2803/1835
f 2678/2711/1795 2582/2804/1796 1263/2800/1833
f 2678/2711/1795 1267/2615/1758 2582/2804/1796
f 1263/2802/1833 2582/2805/1796 1341/2803/1835
f 2677/2618/1341 1242/2621/1212 1233/2714/1797
f 2589/2806/228 2588/2807/163 1242/2808/1212
f 1239/2809/1341 1235/2810/1212 1242/2811/1212
f 1241/2812/1836 1240/2813/176 1239/2814/1212
f 2614/2815/1212 1240/2816/176 1235/2817/1212
f 1241/2812/1836 2589/2818/228 1240/2813/176
f 1240/2813/176 2589/2818/228 2681/2819/161
f 2589/2818/228 1268/2622/1329 2681/2819/161
f 1268/2622/1329 1253/2820/1329 2681/2819/161
f 1268/2821/1329 1245/2822/1798 2684/2823/1388
f 1266/2716/1799 1259/2721/1801 1261/2824/1837
f 1259/2721/1801 2685/2825/1838 1261/2824/1837
f 1259/2721/1801 1258/2728/1805 2685/2825/1838
f 1258/2728/1805 1257/2826/1839 2685/2825/1838
f 2685/2825/1838 2627/2827/1840 1261/2824/1837
f 2685/2825/1838 1256/2828/1841 2627/2827/1840
f 2685/2825/1838 1257/2826/1839 1256/2828/1841
f 1257/2829/1839 2653/2830/1842 2652/2831/1843
f 1257/2826/1839 2652/2832/1843 1256/2828/1841
f 1511/2833/1811 2654/2834/1812 2652/2831/1843
f 1510/2740/1810 1509/2748/1814 2654/2743/1812
f 1509/2748/1814 2657/2749/1815 2654/2743/1812
f 2652/2832/1843 2650/2835/1844 1256/2828/1841
f 1256/2836/1841 2650/2837/1844 1290/2838/1845
f 1290/2838/1845 2650/2837/1844 2651/2839/1846
f 2650/2835/1844 2652/2832/1843 1401/2840/1847
f 2652/2831/1843 2654/2834/1812 1401/2841/1847
f 1401/2840/1847 2244/2842/1848 2650/2835/1844
f 2654/2743/1812 2657/2843/1815 1401/2844/1847
f 2657/2749/1815 1506/2651/1772 1507/2845/1849
f 2657/2846/1815 1507/2845/1849 2622/2847/162
f 1507/2845/1849 1591/2848/1850 2622/2847/162
f 1506/2651/1772 1502/2757/1819 1503/2849/1851
f 1506/2651/1772 1503/2849/1851 1514/2850/1852
f 1151/2851/1853 1503/2852/1851 1500/2853/1721
f 1502/2757/1819 1524/2854/1820 1498/2855/1854
f 1503/2852/1851 1502/2856/1819 1500/2853/1721
f 1500/2857/1721 1502/2757/1819 1498/2855/1854
f 1524/2854/1820 1522/2756/1818 1498/2855/1854
f 1522/2756/1818 1495/2858/1855 1498/2855/1854
f 1522/2859/1818 1574/2860/1774 1495/2861/1855
f 1574/2654/1774 1504/2762/1454 1495/2858/1855
f 1574/2654/1774 1546/2862/1776 1504/2762/1454
f 1504/2762/1454 2637/2863/163 1495/2858/1855
f 1504/2762/1454 1721/2767/163 2637/2863/163
f 1721/2671/163 1722/2672/1454 1563/2864/1856
f 1563/2864/1856 2637/2863/163 1721/2671/163
f 1722/2672/1454 1728/2675/1780 1563/2864/1856
f 1728/2675/1780 2642/2865/1387 1563/2864/1856
f 1728/2866/1780 2645/2867/1857 1853/2868/1858
f 1725/2768/1821 2645/2869/1857 1728/2675/1780
f 1725/2768/1821 2328/2769/1822 2645/2869/1857
f 2328/2769/1822 2647/2870/1859 2645/2869/1857
f 2645/2867/1857 2646/2871/1860 1908/2872/1861
f 2645/2867/1857 1908/2872/1861 1853/2868/1858
f 2328/2769/1822 1724/2683/1785 2154/2873/1862
f 2647/2874/1859 2328/2875/1822 2648/2876/1863
f 2647/2874/1859 2648/2876/1863 1936/2877/1864
f 2328/2878/1865 2329/2879/1866 2330/2880/1867
f 2647/2881/1859 1936/2882/1864 1908/2883/1861
f 1936/2882/1864 1907/2884/1868 1908/2883/1861
f 1908/2883/1861 1907/2884/1868 1853/2885/1858
f 1936/2882/1864 1937/2886/1869 1907/2884/1868
f 1691/2770/1823 1624/2774/1827 1626/2887/1870
f 1626/2887/1870 1624/2774/1827 1625/2888/1871
f 1624/2774/1827 2439/2889/1872 1625/2888/1871
f 1626/2890/1870 1625/2891/1871 3049/2892/1873
f 1691/2770/1823 1626/2887/1870 1623/2893/1874
f 1691/2770/1823 1623/2893/1874 2019/2894/1875
f 1626/2890/1870 3048/2895/1876 1623/2896/1874
f 1626/2890/1870 3049/2892/1873 3048/2895/1876
f 1624/2774/1827 2672/2775/1789 2439/2889/1872
f 3048/2895/1876 3049/2892/1873 1622/2897/1877
f 2439/2898/1872 2672/2899/1789 1622/2900/1877
f 2672/2775/1789 2438/2901/1289 1622/2902/1877
f 2672/2775/1789 1620/2779/151 2438/2901/1289
f 1620/2779/151 1619/2782/1289 2438/2901/1289
f 1600/2903/1289 1636/2904/1254 1619/2785/1289
f 2675/2696/1791 2452/2905/1454 1636/2788/1254
f 2675/2696/1791 2455/2906/179 2452/2905/1454
f 2452/2905/1454 2455/2906/179 2453/2907/1713
f 2453/2908/1713 2455/2909/179 1152/2910/1462
f 2455/2906/179 1547/2700/167 1858/2911/1341
f 2455/2906/179 1858/2911/1341 1152/2912/1462
f 1367/2913/1329 1858/2911/1341 1547/2700/167
f 1367/2913/1329 1547/2700/167 1347/2793/1608
f 1347/2793/1608 1349/2914/1860 1367/2913/1329
f 1349/2914/1860 1347/2793/1608 1351/2915/1608
f 1347/2793/1608 2572/2702/1289 1350/2916/161
f 1345/2794/1289 2573/2917/1520 2572/2702/1289
f 2572/2702/1289 2573/2917/1520 1467/2918/1520
f 2573/2917/1520 1345/2794/1289 1393/2798/1520
f 2573/2919/1878 2574/2920/1879 2575/2921/1878
f 2572/2702/1289 1467/2918/1520 2570/2922/1880
f 1467/2918/1520 1393/2798/1520 2570/2922/1880
f 1393/2798/1520 2581/2796/1831 2570/2922/1880
f 2581/2796/1881 1989/2923/1882 2012/2924/1883
f 1989/2923/1882 1341/2925/1835 1797/2926/1884
f 1989/2923/1882 1797/2926/1884 2012/2924/1883
f 2581/2796/1831 2576/2927/1808 2567/2928/1885
f 2579/2929/1886 1797/2930/1884 2576/2931/1808
f 1797/2930/1884 2577/2932/1887 2576/2931/1808
f 2567/2928/1885 2576/2927/1808 2578/2933/1888
f 2576/2931/1808 2577/2932/1887 2578/2934/1888
f 1341/2925/1835 2582/2804/1796 2583/2935/1889
f 1341/2925/1835 2583/2935/1889 1797/2926/1884
f 1797/2926/1884 2583/2935/1889 2577/2936/1887
f 2577/2937/1887 2583/2938/1889 1247/2939/1890
f 2582/2712/1796 1247/2940/1890 2583/2935/1889
f 2582/2712/1796 1233/2714/1797 1247/2940/1890
f 1242/2621/1212 1232/2941/176 1233/2714/1797
f 1235/2942/1212 1240/2813/176 2681/2819/161
f 2681/2819/161 2612/2943/161 1235/2942/1212
f 2681/2819/161 2682/2944/1891 2612/2943/161
f 2681/2945/161 2683/2946/1462 2682/2947/1891
f 1253/2820/1892 1245/2715/1798 2682/2944/1891
f 2682/2944/1891 1245/2715/1798 2612/2943/161
f 1266/2716/1799 2628/2948/1893 1245/2715/1798
f 1266/2716/1799 1261/2824/1837 2628/2948/1893
f 1261/2949/1837 2627/2950/1840 2628/2951/1893
f 2627/2827/1840 1246/2952/1894 2628/2948/1893
f 2627/2827/1840 1256/2828/1841 1246/2952/1894
f 1256/2828/1841 2958/2953/1895 1303/2954/1896
f 1256/2828/1841 1303/2954/1896 1246/2952/1894
f 1256/2828/1841 1290/2955/1845 2629/2956/1897
f 1256/2828/1841 2629/2956/1897 2958/2953/1895
f 1303/2957/1896 2958/2953/1895 2957/2958/1898
f 1290/2955/1845 2244/2959/1899 1289/2960/1644
f 1290/2955/1845 1289/2960/1644 2629/2956/1897
f 2631/2961/1900 1400/2962/1901 1289/2963/1644
f 1289/2963/1644 1400/2962/1901 2630/2964/1777
f 1289/2963/1644 2630/2964/1777 1394/2965/1902
f 2629/2956/1897 2626/2966/1903 2958/2953/1895
f 2958/2953/1895 2626/2966/1903 2957/2958/1898
f 2629/2967/1897 1394/2968/1902 2624/2969/1904
f 1289/2963/1644 1394/2965/1902 2629/2970/1897
f 1394/2968/1902 2630/2971/1777 2624/2969/1904
f 1400/2972/1901 2244/2842/1848 2630/2973/1777
f 2244/2842/1848 1401/2840/1847 2632/2974/1905
f 2244/2842/1848 2632/2974/1905 2630/2973/1777
f 1401/2840/1847 2622/2847/162 2632/2974/1905
f 2630/2973/1777 2625/2975/1906 2624/2976/1904
f 2630/2973/1777 2632/2974/1905 2625/2975/1906
f 2632/2974/1905 1306/2977/1907 2625/2975/1906
f 1401/2840/1847 2657/2846/1815 2622/2847/162
f 2622/2847/162 1395/2978/1908 2632/2974/1905
f 1591/2848/1850 1505/2979/1909 2622/2847/162
f 2622/2847/162 1505/2979/1909 1395/2980/1908
f 1151/2851/1853 1500/2853/1721 1591/2981/1910
f 1591/2981/1910 1500/2853/1721 2649/2982/1911
f 1395/2983/1908 1505/2984/1909 1499/2985/1912
f 1395/2983/1908 1499/2985/1912 2623/2986/1720
f 1395/2983/1908 2623/2986/1720 2632/2987/1905
f 1500/2857/1721 1498/2855/1854 1505/2988/1909
f 1505/2984/1909 1498/2989/1854 1499/2985/1912
f 1499/2985/1912 1498/2989/1854 2623/2990/1720
f 2623/2991/1720 1498/2855/1854 1472/2992/1913
f 1498/2855/1854 1497/2993/1914 1472/2992/1913
f 1498/2855/1854 1495/2858/1855 1497/2993/1914
f 2011/2994/241 1497/2993/1914 2633/2995/1915
f 1497/2993/1914 1495/2858/1855 2633/2995/1915
f 2642/2865/1387 1728/2675/1780 1729/2996/1916
f 1728/2675/1780 1853/2885/1858 1729/2996/1916
f 1853/2997/1858 1847/2998/1917 1729/2999/1916
f 1853/2885/1858 2643/3000/1918 1847/3001/1917
f 1729/2996/1916 1847/3001/1917 2644/3002/1919
f 1853/2885/1858 1907/2884/1868 2643/3000/1918
f 1847/3003/1917 2643/3004/1918 2139/3005/1920
f 2643/3004/1918 2644/3006/1919 2139/3005/1920
f 2139/3007/1920 2644/3002/1919 1847/3001/1917
f 2644/3002/1919 2643/3008/1918 1846/3009/1921
f 2643/3008/1918 1871/3010/1922 1846/3009/1921
f 1846/3009/1921 1871/3010/1922 1851/3011/1923
f 1623/2893/1874 3048/3012/1876 2257/3013/1924
f 1622/2902/1877 2438/2901/1289 3048/3012/1876
f 3048/3012/1876 1679/3014/1925 2257/3013/1924
f 3048/3012/1876 2438/2901/1289 1679/3014/1925
f 1679/3014/1925 2438/2901/1289 2059/3015/1926
f 2438/2901/1289 1619/2782/1289 1621/3016/1927
f 1619/2782/1289 2452/2905/1454 1621/3016/1927
f 2452/2905/1454 2453/2907/1713 1859/3017/1928
f 2453/2908/1713 1152/2910/1462 2454/3018/1454
f 1152/2910/1462 1861/3019/1391 2454/3018/1454
f 1861/3020/1391 1859/3021/1928 1860/3022/1929
f 1152/2910/1462 1858/3023/1341 1861/3019/1391
f 1858/2911/1341 1859/3021/1928 1861/3020/1391
f 1365/3024/228 1858/2911/1341 1413/3025/163
f 1858/3026/1341 2451/3027/1930 1414/3028/1931
f 1351/2915/1608 2960/3029/161 1367/2913/1329
f 1858/2911/1341 1367/2913/1329 2960/3029/161
f 1858/2911/1341 2960/3029/161 1413/3025/163
f 1351/2915/1608 1347/2793/1608 1350/2916/161
f 1351/2915/1608 1350/2916/161 2960/3029/161
f 2960/3030/161 1350/3031/161 1352/3032/151
f 2572/2702/1289 1324/3033/1462 1350/2916/161
f 2572/2702/1289 1353/3034/1932 2959/3035/1452
f 2572/2702/1289 2959/3035/1452 1324/3033/1462
f 2572/3036/1289 2570/3037/1880 2571/3038/1933
f 1324/3033/1462 2959/3035/1452 1354/3039/1934
f 2959/3035/1452 2570/2922/1880 1354/3039/1934
f 2570/2922/1880 2581/2796/1831 2567/2928/1885
f 2570/2922/1880 2567/2928/1885 1354/3039/1934
f 2567/2928/1885 2578/2933/1888 2566/3040/1935
f 2566/3040/1935 2578/2933/1888 2568/3041/1936
f 2577/2936/1887 1399/3042/1937 2578/2933/1888
f 2577/2936/1887 1247/2940/1890 1399/3042/1937
f 1247/2940/1890 1248/3043/1328 1399/3042/1937
f 2578/2933/1888 1399/3042/1937 2568/3041/1936
f 1247/2940/1890 1233/2714/1797 2584/3044/1520
f 2584/3045/1520 1233/3046/1797 2585/3047/1938
f 2584/3048/1566 1232/2941/176 1230/3049/1341
f 1232/2941/176 1231/3050/254 1230/3049/1341
f 1232/3051/176 1234/3052/1462 1231/3053/254
f 1242/2811/1212 1235/2942/1212 1232/2941/176
f 1232/2941/176 1235/2942/1212 1234/3054/1462
f 1235/2942/1212 2612/3055/161 1234/3054/1462
f 1245/2715/1798 2628/2948/1893 1286/3056/1939
f 1245/2715/1798 1286/3056/1939 2610/3057/1940
f 1245/2715/1798 2610/3057/1940 2612/3058/161
f 2628/2948/1893 2611/3059/1941 1286/3056/1939
f 2628/2948/1893 1342/3060/1942 2611/3059/1941
f 2628/2948/1893 1246/2952/1894 1342/3060/1942
f 2611/3061/1941 1312/3062/1943 1286/3063/1939
f 2611/3061/1941 1342/3064/1942 1312/3062/1943
f 2624/2969/1904 2625/3065/1906 2626/3066/1903
f 1303/2957/1896 2957/2958/1898 1403/3067/1944
f 2957/2958/1898 1306/2977/1907 1403/3067/1944
f 2626/3068/1903 2625/2975/1906 2957/2958/1898
f 2957/2958/1898 2625/2975/1906 1306/2977/1907
f 2623/2986/1720 2621/3069/1945 2632/2987/1905
f 2632/2974/1905 2621/3070/1945 1306/2977/1907
f 1306/2977/1907 2621/3070/1945 2606/3071/1946
f 2623/2986/1720 1472/3072/1913 2621/3069/1945
f 2621/3070/1945 1472/3073/1913 1405/3074/1947
f 1497/3075/1914 2636/3076/1948 1472/3077/1913
f 1472/3073/1913 2633/2995/1915 1405/3074/1947
f 1405/3078/1947 2633/3079/1915 1521/3080/1949
f 1521/3081/1949 2633/3082/1915 1520/3083/1950
f 1495/2858/1855 2619/3084/1391 2633/2995/1915
f 1496/3085/1951 2633/2995/1915 2619/3084/1391
f 1495/2858/1855 2637/2863/163 2619/3084/1391
f 2619/3084/1391 2637/2863/163 2634/3086/1259
f 2637/2863/163 1563/3087/1856 2634/3086/1259
f 2619/3084/1391 2634/3086/1259 1731/3088/161
f 1563/3089/1856 1862/3090/1697 2634/3091/1259
f 1862/3092/1697 1563/3087/1856 1863/3093/1952
f 1862/3092/1697 2638/3094/1953 2634/3095/1259
f 1563/3096/1856 2638/3097/1953 2639/3098/1954
f 2634/3095/1259 2638/3094/1953 2618/3099/1955
f 2642/2865/1387 2641/3100/1829 1563/2864/1856
f 1563/2864/1856 2641/3100/1829 2638/3094/1953
f 2642/2865/1387 1729/2996/1916 2641/3101/1829
f 1729/2996/1916 2640/3102/1956 2641/3101/1829
f 1729/2996/1916 1846/3009/1921 2640/3102/1956
f 1729/2996/1916 2644/3002/1919 1846/3009/1921
f 1623/2893/1874 2257/3013/1924 2019/2894/1875
f 1935/3103/1957 2312/3104/1958 1818/3105/1959
f 2019/2894/1875 2257/3013/1924 2312/3104/1958
f 2312/3106/1958 2257/3107/1924 1818/3108/1959
f 1679/3109/1925 2059/3110/1926 2257/3111/1924
f 2257/3107/1924 2059/3112/1926 1818/3108/1959
f 1818/3105/1959 2059/3015/1926 2434/3113/1960
f 2438/3114/1289 1658/3115/1520 2059/3116/1926
f 2438/2901/1289 1621/3016/1927 1658/3117/1520
f 1859/3021/1928 2978/3118/1329 2452/2905/1454
f 1859/3119/1928 1858/3120/1341 1414/3121/1931
f 1414/3122/1931 1365/3123/228 2437/3124/163
f 1413/3025/163 1412/3125/1566 1365/3123/228
f 1365/3123/228 1412/3125/1566 2437/3124/163
f 1413/3126/163 2569/3127/1391 1412/3128/1566
f 1412/3125/1566 2960/3129/161 1352/3130/151
f 1412/3131/1566 1352/3132/151 2450/3133/1384
f 1412/3131/1566 2450/3133/1384 2449/3134/1452
f 1350/3135/161 2967/3136/161 1352/3130/151
f 1326/3137/1950 1352/3130/151 2967/3136/161
f 1350/3135/161 1324/3033/1462 1325/3138/1329
f 2967/3136/161 1350/3135/161 1325/3138/1329
f 1325/3138/1329 1324/3033/1462 1227/3139/1961
f 1324/3033/1462 1354/3039/1934 1227/3139/1961
f 1227/3139/1961 1354/3039/1934 2446/3140/1962
f 1354/3039/1934 2566/3040/1935 1317/3141/1963
f 1354/3142/1934 2567/3143/1885 2566/3144/1935
f 2446/3140/1962 1354/3039/1934 1317/3141/1963
f 1317/3141/1963 2566/3040/1935 1271/3145/1964
f 2566/3040/1935 2568/3041/1936 1271/3145/1964
f 1271/3146/1964 1399/3147/1937 1317/3148/1963
f 2568/3041/1936 1399/3042/1937 1271/3145/1964
f 1399/3042/1937 1248/3043/1328 2445/3149/1965
f 1248/3043/1328 1230/3049/1341 1229/3150/177
f 1230/3049/1341 1231/3050/254 1229/3150/177
f 2587/3151/1454 1236/3152/1462 2586/3153/161
f 1234/3054/1462 1236/3154/1462 1237/3155/1928
f 1234/3054/1462 2612/3055/161 1236/3154/1462
f 2612/3156/161 2610/3157/1940 2613/3158/161
f 2610/3159/1940 1286/3160/1939 1285/3161/1966
f 2610/3159/1940 1283/3162/1967 1281/3163/1608
f 2610/3159/1940 1285/3161/1966 1283/3162/1967
f 1286/3160/1939 1312/3164/1943 1285/3161/1966
f 1312/3165/1943 1342/3166/1942 2615/3167/1968
f 1285/3161/1966 1284/3168/1969 1283/3162/1967
f 1312/3164/1943 1287/3169/1970 1285/3161/1966
f 1312/3164/1943 2615/3167/1968 1287/3169/1970
f 1284/3168/1969 1285/3161/1966 1287/3169/1970
f 1342/3166/1942 1246/2952/1894 2615/3167/1968
f 1246/2952/1894 1303/2957/1896 2615/3167/1968
f 2615/3170/1968 1300/3171/1971 1287/3172/1970
f 2615/3167/1968 1303/2957/1896 1301/3173/1972
f 1301/3173/1972 1303/2957/1896 1403/3067/1944
f 2615/3167/1968 1301/3173/1972 1300/3174/1971
f 1301/3173/1972 1305/3175/1973 1304/3176/1974
f 1301/3177/1972 1403/3178/1944 1305/3179/1973
f 1305/3180/1973 2608/3181/1975 2609/3182/1976
f 1306/2977/1907 2609/3183/1976 1403/3184/1944
f 1306/2977/1907 2606/3071/1946 2607/3185/1977
f 1306/2977/1907 2607/3185/1977 2609/3183/1976
f 2606/3071/1946 2621/3070/1945 2617/3186/1978
f 2621/3070/1945 1405/3074/1947 2617/3186/1978
f 1405/3074/1947 1521/3187/1949 2617/3186/1978
f 2617/3186/1978 1521/3187/1949 1404/3188/1979
f 1521/3189/1949 1519/3190/1390 1404/3191/1979
f 2617/3186/1978 1404/3188/1979 2616/3192/1980
f 2633/2995/1915 1496/3085/1951 1520/3083/1950
f 1519/3190/1390 2620/3193/1981 1501/3194/176
f 1519/3195/1390 1501/3196/176 1404/3188/1979
f 1404/3188/1979 1501/3196/176 1493/3197/1982
f 1496/3085/1951 2619/3084/1391 1501/3196/176
f 1501/3196/176 2619/3084/1391 1493/3197/1982
f 2634/3198/1259 2618/3199/1955 2635/3200/1608
f 2619/3084/1391 1731/3088/161 1854/3201/1713
f 2638/3094/1953 2641/3100/1829 2618/3202/1955
f 2618/3202/1955 2641/3100/1829 1603/3203/1529
f 1849/3204/1829 2641/3101/1829 1848/3205/1983
f 2640/3102/1956 1848/3205/1983 2641/3101/1829
f 2640/3206/1984 2331/3207/1985 2332/3208/1986
f 2114/3209/992 1935/3103/1957 1819/3210/1987
f 2114/3209/992 1819/3210/1987 974/3211/995
f 1935/3103/1957 1818/3105/1959 1819/3210/1987
f 1819/3210/1987 1818/3105/1959 1689/3212/1988
f 974/3211/995 1819/3210/1987 2308/3213/1989
f 1819/3210/1987 1689/3212/1988 2287/3214/1990
f 2287/3214/1990 1689/3212/1988 1688/3215/1991
f 1689/3212/1988 1680/3216/1992 1688/3215/1991
f 1689/3212/1988 1796/3217/1993 1680/3216/1992
f 1818/3105/1959 2434/3113/1960 1689/3212/1988
f 1689/3218/1988 2434/3219/1960 1817/3220/1994
f 1689/3212/1988 1817/3221/1994 1796/3217/1993
f 2059/3015/1926 1658/3117/1520 2434/3222/1960
f 2434/3222/1960 1658/3117/1520 1817/3223/1994
f 1621/3016/1927 2976/3224/228 1658/3117/1520
f 2452/2905/1454 2976/3225/228 1621/3016/1927
f 2976/3225/228 2978/3118/1329 1657/3226/1995
f 2976/3225/228 2452/2905/1454 2978/3118/1329
f 2978/3118/1329 1859/3021/1928 2977/3227/1793
f 1859/3021/1928 1200/3228/163 2977/3227/1793
f 1859/3021/1928 2437/3124/163 1200/3228/163
f 1859/3021/1928 1414/3122/1931 2437/3124/163
f 2437/3124/163 1412/3125/1566 2441/3229/1608
f 2449/3230/1452 2441/3229/1608 1412/3125/1566
f 2437/3124/163 2441/3229/1608 2435/3231/179
f 2441/3229/1608 2449/3230/1452 2443/3232/1329
f 2449/3230/1452 1428/3233/176 2443/3232/1329
f 1428/3233/176 1326/3137/1950 2967/3136/161
f 1428/3233/176 2967/3136/161 2443/3232/1329
f 2967/3234/161 2968/3235/1389 2443/3236/1329
f 1656/3237/1996 1325/3138/1329 2443/3232/1329
f 2446/3140/1962 1225/3238/1997 1227/3139/1961
f 2446/3239/1962 2447/3240/1998 1226/3241/1999
f 1226/3242/1999 1225/3238/1997 2446/3140/1962
f 1226/3242/1999 2456/3243/2000 1225/3238/1997
f 2447/3240/1998 2448/3244/2001 1226/3241/1999
f 1226/3242/1999 2198/3245/2002 2456/3243/2000
f 2198/3246/2002 1291/3247/2003 2456/3248/2000
f 1317/3249/1963 1399/3042/1937 1601/3250/2004
f 1601/3250/2004 1399/3042/1937 1291/3251/2003
f 2198/3245/2002 1601/3250/2004 1291/3251/2003
f 2456/3243/2000 1291/3251/2003 2445/3149/1965
f 1399/3042/1937 2445/3149/1965 1291/3251/2003
f 1234/3054/1462 2586/3252/161 1231/3050/254
f 2586/3252/161 2563/3253/1462 1231/3050/254
f 2612/3055/161 2613/3254/161 1236/3154/1462
f 2613/3254/161 1238/3255/161 1236/3154/1462
f 1254/3256/161 2610/3159/1940 1238/3257/161
f 2613/3158/161 2610/3157/1940 1254/3258/161
f 1238/3257/161 2610/3159/1940 1243/3259/161
f 2610/3159/1940 1281/3163/1608 1243/3259/161
f 1243/3259/161 1281/3163/1608 1288/3260/2005
f 1281/3163/1608 1282/3261/2006 1288/3262/2005
f 1281/3163/1608 1284/3263/1969 1282/3261/2006
f 1283/3162/1967 1284/3263/1969 1281/3163/1608
f 1288/3264/2005 2561/3265/2007 1297/3266/2008
f 1322/3267/2009 1282/3268/2006 1297/3269/2008
f 1284/3263/1969 1287/3270/1970 1282/3261/2006
f 1282/3271/2006 1287/3272/1970 2590/3273/2010
f 1287/3270/1970 1300/3174/1971 2590/3274/2010
f 1282/3268/2006 2590/3274/2010 1370/3275/2011
f 1282/3268/2006 1370/3275/2011 1297/3269/2008
f 2590/3274/2010 1298/3276/2012 1370/3275/2011
f 1300/3174/1971 2591/3277/2013 2590/3274/2010
f 1300/3174/1971 2592/3278/2014 2591/3277/2013
f 2590/3274/2010 2591/3277/2013 1298/3276/2012
f 2591/3277/2013 1299/3279/2015 1298/3276/2012
f 1300/3174/1971 1301/3173/1972 2592/3278/2014
f 2592/3278/2014 1301/3173/1972 1304/3176/1974
f 2591/3280/2013 2592/3281/2014 1299/3282/2015
f 2592/3281/2014 1304/3283/1974 1299/3282/2015
f 1304/3283/1974 2557/3284/2016 1299/3282/2015
f 1305/3175/1973 2593/3285/2017 1304/3176/1974
f 1305/3180/1973 2609/3182/1976 2593/3286/2017
f 2593/3285/2017 2557/3287/2016 1304/3176/1974
f 1299/3279/2015 2557/3288/2016 2556/3289/2018
f 2593/3285/2017 2594/3290/2019 2557/3287/2016
f 2593/3285/2017 2609/3183/1976 2594/3290/2019
f 2609/3183/1976 2607/3185/1977 2594/3290/2019
f 2557/3287/2016 2594/3290/2019 2558/3291/2020
f 2594/3290/2019 2607/3185/1977 2558/3291/2020
f 2607/3185/1977 2606/3071/1946 1402/3292/2021
f 2617/3293/1978 1494/3294/2022 2606/3295/1946
f 2606/3295/1946 1494/3294/2022 1676/3296/2023
f 2606/3071/1946 1676/3297/2023 1518/3298/2024
f 2606/3071/1946 1518/3298/2024 1463/3299/2025
f 1676/3296/2023 1494/3294/2022 1518/3300/2024
f 2617/3301/1978 2616/3302/1980 1493/3303/1982
f 1404/3304/1979 1493/3303/1982 2616/3302/1980
f 2617/3186/1978 1493/3197/1982 1494/3305/2022
f 1518/3298/2024 1494/3305/2022 1463/3299/2025
f 2619/3084/1391 1533/3306/1288 1493/3197/1982
f 2619/3084/1391 1854/3201/1713 1602/3307/1388
f 2619/3308/1391 2605/3309/2026 1533/3310/1288
f 1854/3311/1388 2603/3312/1388 2604/3313/1388
f 1731/3088/161 1603/3203/1529 1854/3201/1713
f 1854/3201/1713 1603/3203/1529 2027/3314/161
f 2618/3315/1955 1603/3316/1529 1731/3317/161
f 2027/3318/161 1603/3319/1529 2597/3320/1856
f 2641/3100/1829 1849/3204/1829 1603/3319/1529
f 1603/3319/1529 1849/3204/1829 2597/3320/1856
f 2599/3321/2027 1849/3322/1829 1828/3323/2028
f 1849/3324/1829 1848/3325/1983 2600/3326/2029
f 1849/3322/1829 2598/3327/2030 1828/3323/2028
f 2640/3328/1956 1850/3329/2031 1848/3330/1983
f 1848/3330/1983 1850/3329/2031 2600/3326/2029
f 2332/3208/1986 2331/3207/1985 2166/3331/2032
f 1850/3329/2031 2166/3332/2033 2333/3333/2034
f 2600/3326/2029 1850/3329/2031 2601/3334/2035
f 1850/3329/2031 2333/3333/2034 2601/3334/2035
f 2601/3335/2035 2333/3336/2034 1827/3337/2036
f 1688/3215/1991 1680/3216/1992 1880/3338/2037
f 1880/3338/2037 1680/3216/1992 1683/3339/2038
f 932/3340/2039 1684/3341/2040 2196/3342/2041
f 1683/3339/2038 1681/3343/2042 932/3340/2039
f 932/3340/2039 1681/3343/2042 1684/3341/2040
f 1680/3216/1992 1681/3343/2042 1683/3339/2038
f 1796/3217/1993 1817/3344/1994 2981/3345/1275
f 1796/3217/1993 2981/3345/1275 1680/3216/1992
f 1658/3117/1520 2981/3345/1275 1817/3223/1994
f 1658/3117/1520 1202/3346/1793 2981/3345/1275
f 1658/3347/1520 2976/3225/228 1202/3348/1793
f 2981/3349/1275 1202/3348/1793 2422/3350/1329
f 2976/3225/228 1657/3226/1995 1200/3351/163
f 1200/3351/163 2437/3124/163 1199/3352/1454
f 1200/3351/163 1199/3352/1454 1820/3353/1462
f 2437/3354/163 2435/3355/179 1209/3356/254
f 2435/3231/179 2441/3229/1608 1545/3357/1259
f 2435/3358/179 2436/3359/2043 1209/3360/254
f 2441/3361/1608 1210/3362/1713 2442/3363/2044
f 2443/3364/1329 1210/3362/1713 2441/3361/1608
f 2443/3232/1329 1325/3138/1329 1217/3365/163
f 2443/3232/1329 1217/3365/163 1210/3366/1713
f 1325/3367/1329 1227/3368/1961 1217/3369/163
f 1225/3238/1997 1216/3370/1925 1227/3139/1961
f 1227/3371/1961 1216/3372/1925 2975/3373/2045
f 2456/3243/2000 2445/3149/1965 1225/3238/1997
f 1225/3238/1997 2445/3149/1965 2108/3374/2046
f 1225/3238/1997 2108/3374/2046 1220/3375/2047
f 2445/3149/1965 1265/3376/1234 2108/3377/2046
f 1248/3043/1328 1229/3150/177 2445/3149/1965
f 1229/3150/177 1231/3050/254 2565/3378/176
f 1231/3050/254 1482/3379/2048 2565/3378/176
f 1231/3380/254 2563/3381/1462 2564/3382/2043
f 1236/3154/1462 2562/3383/163 2563/3253/1462
f 2563/3253/1462 2586/3252/161 1236/3154/1462
f 2562/3383/163 1236/3154/1462 1243/3259/161
f 1238/3257/161 1243/3259/161 1236/3154/1462
f 1243/3384/161 1244/3385/1259 2553/3386/1226
f 1243/3259/161 1288/3260/2005 1244/3387/1259
f 1288/3260/2005 1255/3388/1605 1244/3387/1259
f 1255/3388/1605 1288/3260/2005 2554/3389/2049
f 1288/3260/2005 1297/3269/2008 2554/3389/2049
f 1297/3269/2008 1370/3275/2011 2554/3389/2049
f 1298/3276/2012 1371/3390/2050 1370/3275/2011
f 1371/3390/2050 1298/3276/2012 1423/3391/2051
f 1298/3276/2012 1299/3279/2015 1302/3392/2052
f 1299/3279/2015 2556/3289/2018 1302/3392/2052
f 1298/3276/2012 1302/3392/2052 1423/3391/2051
f 1423/3391/2051 1302/3392/2052 2542/3393/2053
f 2556/3394/2018 2557/3395/2016 1868/3396/2054
f 2556/3394/2018 1868/3396/2054 1302/3397/2052
f 1302/3397/2052 1868/3396/2054 2555/3398/2055
f 2557/3395/2016 2558/3399/2020 1868/3396/2054
f 1868/3400/2054 2558/3401/2020 2555/3402/2055
f 1302/3392/2052 2555/3402/2055 2542/3393/2053
f 2558/3401/2020 1654/3403/2056 2550/3404/1462
f 2607/3185/1977 1406/3405/2057 2558/3291/2020
f 2607/3185/1977 1402/3292/2021 1406/3405/2057
f 1406/3406/2057 1402/3407/2021 2559/3408/2058
f 1402/3407/2021 1464/3409/2059 2559/3408/2058
f 2606/3071/1946 1463/3299/2025 1402/3292/2021
f 1402/3292/2021 1463/3299/2025 1464/3410/2059
f 1463/3299/2025 1457/3411/2060 1464/3410/2059
f 1494/3294/2022 1493/3412/1982 1463/3413/2025
f 1493/3197/1982 1492/3414/161 1463/3299/2025
f 1493/3197/1982 1533/3306/1288 1492/3414/161
f 1492/3415/161 1533/3416/1288 2596/3417/1287
f 1602/3418/254 2027/3318/161 1655/3419/1462
f 1849/3420/1829 2600/3421/2029 2598/3422/2030
f 2601/3334/2035 1821/3423/2061 2600/3424/2029
f 1828/3425/2028 2598/3426/2030 1821/3423/2061
f 2598/3426/2030 2600/3424/2029 1821/3423/2061
f 2601/3334/2035 1827/3427/2036 1829/3428/2062
f 1821/3423/2061 2601/3334/2035 1826/3429/2063
f 1826/3430/2063 2602/3431/2064 1821/3432/2061
f 2601/3334/2035 1829/3428/2062 1826/3429/2063
f 1826/3429/2063 1829/3428/2062 2602/3433/2064
f 1681/3343/2042 1686/3434/2065 1684/3341/2040
f 2196/3342/2041 1684/3341/2040 1685/3435/2066
f 2382/3436/2067 1684/3341/2040 2383/3437/2068
f 2305/3438/2069 2382/3439/2067 2384/3440/2070
f 2382/3441/2067 2383/3442/2068 2384/3443/2070
f 2384/3440/2070 2383/3437/2068 1682/3444/2071
f 1681/3343/2042 1680/3216/1992 1686/3434/2065
f 1684/3341/2040 1686/3434/2065 2383/3437/2068
f 2383/3437/2068 1686/3434/2065 1682/3445/2071
f 1686/3434/2065 1680/3216/1992 1682/3445/2071
f 1682/3445/2071 1680/3216/1992 2421/3446/176
f 1680/3216/1992 2981/3345/1275 2421/3446/176
f 1203/3447/1711 2981/3345/1275 2422/3350/1329
f 1202/3348/1793 2419/3448/1275 2422/3350/1329
f 1202/3348/1793 2976/3225/228 2419/3448/1275
f 1203/3447/1711 2422/3350/1329 1201/3449/2072
f 2422/3350/1329 2419/3448/1275 1589/3450/2073
f 2419/3448/1275 2976/3225/228 1820/3353/1462
f 2976/3225/228 1200/3351/163 1820/3353/1462
f 1820/3353/1462 1199/3352/1454 2423/3451/1462
f 1199/3452/1454 1208/3453/1462 2424/3454/1713
f 1199/3452/1454 2437/3455/163 1208/3453/1462
f 2423/3456/1462 1427/3457/1390 1208/3458/1462
f 2423/3459/1462 1208/3460/1462 2980/3461/163
f 1209/3462/254 1208/3458/1462 2437/3124/163
f 1545/3463/2074 1210/3366/1713 1209/3462/254
f 1209/3462/254 1210/3366/1713 1211/3464/176
f 1209/3462/254 1211/3464/176 1208/3458/1462
f 1210/3465/1713 2425/3466/2075 1211/3467/176
f 1210/3366/1713 1217/3365/163 2425/3468/2075
f 1217/3365/163 1216/3370/1925 1218/3469/1927
f 1216/3370/1925 2969/3470/2076 1218/3469/1927
f 1216/3471/1925 1225/3472/1997 1215/3473/2077
f 1225/3238/1997 1220/3375/2047 1215/3474/2077
f 1216/3370/1925 1215/3474/2077 2969/3470/2076
f 1215/3474/2077 2970/3475/2078 2969/3470/2076
f 1215/3474/2077 1220/3375/2047 2970/3475/2078
f 1220/3375/2047 2108/3374/2046 1221/3476/2079
f 1220/3375/2047 2303/3477/2080 2970/3475/2078
f 1220/3375/2047 1221/3476/2079 2303/3477/2080
f 2108/3374/2046 1265/3376/1234 1221/3476/2079
f 2974/3478/2081 2973/3479/2082 2972/3480/2083
f 2974/3481/2081 2971/3482/2084 2303/3477/2080
f 2445/3149/1965 1229/3150/177 1265/3376/1234
f 1265/3376/1234 1229/3150/177 1222/3483/1212
f 1265/3376/1234 1222/3483/1212 2972/3484/2083
f 2972/3484/2083 1222/3483/1212 2444/3485/2085
f 1229/3150/177 2565/3378/176 1222/3483/1212
f 2565/3378/176 2563/3253/1462 1222/3483/1212
f 2563/3253/1462 2562/3383/163 1359/3486/163
f 2562/3487/163 1243/3488/161 2539/3489/2086
f 1243/3259/161 2553/3490/1226 1249/3491/228
f 2553/3490/1226 2540/3492/2087 1249/3491/228
f 2553/3490/1226 1244/3387/1259 2552/3493/2088
f 1244/3387/1259 1255/3388/1605 2540/3494/2087
f 2540/3495/2087 1255/3496/1605 1250/3497/2089
f 1255/3388/1605 2554/3389/2049 1373/3498/2090
f 2538/3499/2091 1373/3500/2090 1250/3501/163
f 1373/3500/2090 1374/3502/2092 1250/3501/163
f 1250/3501/163 1374/3502/2092 2537/3503/1224
f 2554/3389/2049 1372/3504/2093 1373/3498/2090
f 1374/3505/2092 1373/3498/2090 1372/3504/2093
f 2554/3389/2049 1370/3275/2011 1372/3504/2093
f 1370/3275/2011 2541/3506/2094 1372/3504/2093
f 1370/3275/2011 1371/3390/2050 2541/3506/2094
f 1313/3507/2095 2541/3506/2094 1314/3508/2096
f 1423/3391/2051 2542/3393/2053 1371/3390/2050
f 1371/3390/2050 2542/3393/2053 2541/3506/2094
f 2541/3506/2094 2542/3393/2053 1314/3508/2096
f 2555/3402/2055 2543/3509/2097 2542/3393/2053
f 2542/3393/2053 2543/3509/2097 1314/3508/2096
f 2558/3401/2020 2550/3404/1462 2555/3402/2055
f 2555/3402/2055 2550/3404/1462 2543/3509/2097
f 2550/3510/1462 1654/3511/2056 1470/3512/2098
f 2550/3510/1462 1470/3512/2098 2551/3513/2099
f 1464/3409/2059 2560/3514/2100 2559/3408/2058
f 2551/3513/2099 1470/3512/2098 1457/3411/2060
f 2551/3513/2099 1457/3411/2060 2548/3515/2101
f 1464/3410/2059 1457/3411/2060 1470/3512/2098
f 1463/3299/2025 1492/3414/161 2547/3516/2102
f 1492/3414/161 1465/3517/177 2547/3516/2102
f 1492/3414/161 2596/3518/1287 1465/3517/177
f 1465/3519/177 2595/3520/1390 1528/3521/1212
f 2596/3522/1287 1533/3306/1288 1528/3523/1212
f 1465/3524/177 1528/3523/1212 2547/3516/2102
f 1533/3306/1288 1602/3418/254 1528/3523/1212
f 1602/3418/254 1655/3419/1462 1528/3523/1212
f 2027/3525/161 2597/3320/1856 1655/3419/1462
f 1828/3425/2028 2072/3526/2103 2597/3320/1856
f 2072/3526/2103 1828/3425/2028 1821/3423/2061
f 1821/3423/2061 2602/3527/2064 1824/3528/2104
f 2602/3527/2064 1825/3529/2105 1824/3528/2104
f 1821/3423/2061 1823/3530/2106 2072/3531/2103
f 1821/3423/2061 1824/3528/2104 1823/3530/2106
f 2305/3438/2069 2384/3440/2070 2241/3532/2107
f 2241/3532/2107 2384/3440/2070 1687/3533/2108
f 2241/3532/2107 1687/3533/2108 2255/3534/2109
f 2255/3534/2109 1687/3533/2108 1955/3535/2110
f 1955/3535/2110 1687/3533/2108 1954/3536/2111
f 2384/3440/2070 1682/3444/2071 1687/3533/2108
f 1687/3537/2108 1682/3538/2071 1954/3539/2111
f 1682/3538/2071 1951/3540/2112 1954/3539/2111
f 1682/3444/2071 1815/3541/2113 1951/3542/2112
f 2421/3446/176 1815/3541/2113 1682/3445/2071
f 1815/3543/2113 2421/3544/176 1195/3545/2114
f 2981/3345/1275 1203/3447/1711 2421/3446/176
f 1203/3447/1711 2982/3546/1927 2421/3547/176
f 1203/3548/1711 2420/3549/1355 2982/3550/1927
f 1201/3449/2115 2419/3448/1275 2982/3551/1927
f 1201/3449/2115 1589/3450/2073 2419/3448/1275
f 2980/3552/163 1208/3458/1462 2417/3553/1223
f 1208/3458/1462 1204/3554/163 2417/3553/1223
f 1211/3464/176 1204/3554/163 1208/3458/1462
f 1211/3464/176 2427/3555/1287 1204/3554/163
f 1211/3556/176 2425/3557/2075 2426/3558/2116
f 2425/3559/2075 1218/3560/1927 2427/3555/1287
f 2425/3468/2075 1217/3365/163 1218/3560/1927
f 1218/3469/1927 2969/3470/2076 1214/3561/1881
f 2970/3475/2078 2303/3477/2080 2971/3482/2084
f 2969/3562/2076 2970/3563/2078 2971/3564/2084
f 2971/3482/2084 1224/3565/2117 2969/3470/2076
f 2974/3481/2081 2972/3484/2083 2971/3482/2084
f 2971/3482/2084 2972/3484/2083 1224/3565/2117
f 2972/3484/2083 2444/3485/2085 1224/3565/2117
f 1222/3483/1212 2563/3253/1462 1359/3486/163
f 1222/3483/1212 1359/3566/163 1228/3567/163
f 1252/3568/1212 1360/3569/163 2562/3383/163
f 1252/3570/1212 1249/3491/228 1251/3571/2118
f 1249/3491/228 2540/3492/2087 1251/3571/2118
f 1250/3572/2089 2962/3573/2119 2540/3492/2087
f 1250/3572/2089 1549/3574/2120 2962/3573/2119
f 2962/3573/2119 1274/3575/2121 2540/3492/2087
f 2540/3492/2087 1274/3575/2121 1251/3571/2118
f 1374/3505/2092 1372/3504/2093 2962/3576/2119
f 1372/3504/2093 2182/3577/2122 2962/3576/2119
f 1274/3578/2121 2962/3579/2119 2182/3580/2122
f 1274/3575/2121 2182/3577/2122 1272/3581/2123
f 1372/3504/2093 2541/3506/2094 2182/3577/2122
f 2182/3577/2122 2541/3506/2094 2961/3582/2124
f 1272/3583/2123 2182/3584/2122 2961/3585/2124
f 2961/3582/2124 2541/3506/2094 1313/3507/2095
f 2961/3582/2124 1313/3507/2095 1275/3586/2125
f 1313/3587/2095 1323/3588/2126 2511/3589/1906
f 1314/3590/2096 2543/3591/2097 1814/3592/2127
f 1313/3507/2095 1314/3508/2096 1323/3593/2126
f 1323/3593/2126 1314/3508/2096 2514/3594/2128
f 1314/3508/2096 1814/3595/2127 2514/3594/2128
f 2514/3594/2128 1814/3595/2127 2293/3596/2129
f 1814/3595/2127 2543/3509/2097 1448/3597/2130
f 2543/3509/2097 2550/3404/1462 1448/3597/2130
f 2515/3598/2131 2516/3599/2132 2513/3600/2133
f 2514/3601/2128 2513/3600/2134 1471/3602/2135
f 2513/3600/2134 2141/3603/2136 1471/3602/2135
f 1456/3604/2137 1455/3605/2138 2141/3606/2136
f 2550/3404/1462 1449/3607/2139 1448/3597/2130
f 2516/3599/2140 1449/3608/2139 1452/3609/2141
f 1455/3605/2138 1452/3610/2141 2141/3606/2136
f 1449/3607/2139 1450/3611/2142 1452/3610/2141
f 1449/3607/2139 2550/3404/1462 1450/3611/2142
f 2550/3404/1462 2551/3513/2099 1450/3611/2142
f 1450/3611/2142 2551/3513/2099 1451/3612/2143
f 2551/3513/2099 2548/3613/2101 1451/3612/2143
f 2548/3614/2101 2549/3615/2144 1454/3616/2145
f 2548/3613/2101 1454/3617/2145 1451/3612/2143
f 1457/3618/2060 1463/3299/2025 2536/3619/2146
f 1457/3618/2060 2536/3619/2146 1454/3617/2145
f 1454/3617/2145 2536/3619/2146 2535/3620/2147
f 1463/3299/2025 2547/3516/2102 2536/3619/2146
f 2547/3516/2102 1528/3523/1212 1554/3621/161
f 1528/3523/1212 1655/3419/1462 1529/3622/161
f 1528/3523/1212 1529/3622/161 1554/3621/161
f 1529/3622/161 1655/3419/1462 1530/3623/1329
f 2597/3320/1856 1530/3623/1329 1655/3419/1462
f 2597/3320/1856 2072/3526/2103 1530/3623/1329
f 2072/3531/2103 1823/3530/2106 1822/3624/2148
f 2072/3531/2103 1822/3624/2148 2073/3625/2149
f 2072/3531/2103 2347/3626/2150 2544/3627/2151
f 2072/3531/2103 2073/3625/2149 2347/3626/2150
f 1822/3624/2148 2181/3628/2152 2073/3625/2149
f 1822/3624/2148 1823/3530/2106 2181/3628/2152
f 2181/3628/2152 2306/3629/2153 2073/3625/2149
f 2345/3630/2154 2344/3631/2155 2346/3632/2156
f 1955/3535/2110 1954/3536/2111 1953/3633/2157
f 1954/3536/2111 1951/3542/2112 1953/3633/2157
f 1953/3633/2157 1952/3634/2158 2311/3635/2159
f 2155/3636/2160 2311/3635/2159 1952/3634/2158
f 1952/3634/2158 1953/3633/2157 1815/3637/2113
f 1953/3633/2157 1951/3542/2112 1815/3637/2113
f 1952/3634/2158 1815/3637/2113 1195/3638/2114
f 2421/3544/176 2982/3639/1927 1195/3545/2114
f 2982/3551/1927 2419/3640/1275 1195/3638/2114
f 1195/3638/2114 2419/3640/1275 2987/3641/2085
f 2987/3642/2085 1874/3643/2161 2988/3644/1640
f 2419/3640/1275 1820/3353/1462 1194/3645/2162
f 2987/3642/2085 2419/3646/1275 1874/3643/2161
f 1874/3647/2161 2419/3640/1275 1194/3645/2162
f 1820/3353/1462 2423/3451/1462 2980/3648/163
f 1820/3353/1462 2980/3648/163 1194/3645/2162
f 2980/3648/163 2418/3649/179 1194/3645/2162
f 2416/3650/2163 2417/3651/1223 2418/3652/179
f 1204/3554/163 2427/3555/1287 1206/3653/176
f 2427/3555/1287 1218/3560/1927 1206/3653/176
f 1218/3560/1927 1212/3654/1454 1206/3653/176
f 1206/3655/176 2433/3656/2164 1205/3657/2165
f 1218/3560/1927 1213/3658/1286 1212/3654/1454
f 1218/3469/1927 1214/3561/1881 1213/3658/1286
f 1214/3561/1881 2969/3470/2076 1224/3659/2117
f 1224/3659/2117 1335/3660/2166 1214/3561/1881
f 1224/3659/2117 2444/3485/2085 2979/3661/2167
f 1335/3660/2166 1224/3659/2117 2979/3661/2167
f 2444/3485/2085 1222/3483/1212 2979/3661/2167
f 1222/3483/1212 1228/3567/163 1223/3662/161
f 1223/3662/161 1228/3567/163 2432/3663/2168
f 1228/3567/163 1359/3486/163 1327/3664/163
f 2562/3383/163 1360/3569/163 1359/3486/163
f 1252/3570/1212 2489/3665/1329 1360/3569/163
f 1252/3570/1212 1251/3571/2118 2489/3665/1329
f 1251/3571/2118 2507/3666/2169 2489/3667/1329
f 1274/3575/2121 1272/3581/2123 1251/3571/2118
f 1251/3571/2118 2506/3668/2170 2507/3666/2169
f 1251/3571/2118 1272/3581/2123 2506/3668/2170
f 2506/3668/2170 1272/3581/2123 1362/3669/2171
f 1272/3581/2123 1273/3670/2172 1362/3669/2171
f 1272/3581/2123 2961/3582/2124 1273/3670/2172
f 2961/3582/2124 1275/3586/2125 1273/3670/2172
f 1273/3670/2172 1361/3671/2173 1362/3672/2171
f 1361/3673/2173 1278/3674/2174 1362/3675/2171
f 2511/3589/1906 1276/3676/2175 2512/3677/2176
f 1273/3670/2172 1275/3586/2125 1277/3678/2177
f 1361/3671/2173 1273/3670/2172 1277/3678/2177
f 2511/3589/1906 1323/3588/2126 1385/3679/2178
f 2511/3589/1906 1385/3679/2178 1276/3676/2175
f 1276/3680/2175 1385/3681/2178 1277/3678/2177
f 1276/3680/2175 1277/3678/2177 1275/3586/2125
f 1323/3588/2126 1396/3682/2179 1385/3679/2178
f 2514/3594/2128 1396/3683/2179 1323/3593/2126
f 2514/3594/2128 1471/3684/2135 1396/3683/2179
f 1471/3684/2135 2141/3606/2136 1396/3683/2179
f 2141/3606/2136 2510/3685/2180 1396/3686/2179
f 1385/3681/2178 1396/3686/2179 1277/3678/2177
f 1277/3678/2177 1396/3686/2179 1386/3687/2181
f 1396/3686/2179 2510/3685/2180 1387/3688/2182
f 1396/3686/2179 1387/3688/2182 1386/3687/2181
f 2141/3606/2136 1452/3689/2141 2510/3685/2180
f 1452/3689/2141 1875/3690/2183 2510/3685/2180
f 1452/3689/2141 1430/3691/2184 1875/3690/2183
f 1450/3611/2142 1444/3692/2185 1452/3689/2141
f 1450/3693/2142 2517/3694/2186 1444/3695/2185
f 1452/3689/2141 1444/3692/2185 1430/3691/2184
f 1453/3696/2187 1451/3612/2143 2964/3697/2188
f 1453/3696/2187 2964/3697/2188 2220/3698/2189
f 2517/3694/2186 2964/3699/2188 1444/3695/2185
f 1444/3695/2185 1458/3700/2190 2518/3701/2191
f 1430/3702/2192 1458/3703/2190 2503/3704/2193
f 2502/3705/2194 2503/3706/2193 1875/3707/2183
f 1444/3695/2185 2964/3699/2188 1458/3700/2190
f 2964/3697/2188 2501/3708/2195 1458/3703/2190
f 1458/3703/2190 2501/3708/2195 2503/3704/2193
f 1450/3611/2142 1451/3612/2143 1453/3696/2187
f 1451/3709/2143 2963/3710/2196 2964/3711/2188
f 2964/3697/2188 2963/3712/2196 2501/3708/2195
f 1451/3612/2143 1454/3617/2145 2963/3712/2196
f 2963/3712/2196 1454/3617/2145 2501/3708/2195
f 1454/3617/2145 2535/3620/2147 2501/3708/2195
f 2535/3620/2147 1553/3713/2197 2496/3714/2198
f 2535/3620/2147 2536/3619/2146 1555/3715/2199
f 2547/3716/2102 2533/3717/1260 2534/3718/2200
f 1555/3715/2199 2533/3719/1260 2535/3620/2147
f 2535/3620/2147 2533/3719/1260 1553/3713/2197
f 2547/3720/2102 1554/3621/161 2533/3719/1260
f 2072/3526/2103 1645/3721/2201 1530/3623/1329
f 2072/3526/2103 2544/3627/2151 1645/3721/2201
f 2345/3630/2154 2346/3632/2156 2347/3722/2150
f 2347/3626/2150 2070/3723/2202 2544/3627/2151
f 2544/3724/2151 2545/3725/2203 1879/3726/2204
f 2347/3626/2150 2346/3727/2156 2070/3723/2202
f 2346/3727/2156 2071/3728/2205 2070/3723/2202
f 2155/3636/2160 1952/3634/2158 2368/3729/2206
f 2155/3636/2160 2368/3729/2206 2265/3730/2207
f 2368/3731/2206 2369/3732/2208 2370/3733/2209
f 2368/3731/2206 2302/3734/2210 2369/3732/2208
f 1952/3634/2158 2302/3735/2210 2368/3729/2206
f 3055/3736/1589 3056/3737/2211 2302/3738/2210
f 2302/3735/2210 3056/3739/2211 2369/3740/2208
f 2205/3741/2212 2265/3742/2213 2369/3740/2208
f 1897/3743/2214 2205/3741/2212 2369/3740/2208
f 1897/3743/2214 2369/3740/2208 2233/3744/2215
f 2369/3740/2208 3056/3739/2211 2233/3744/2215
f 3055/3736/1589 1890/3745/2216 3056/3737/2211
f 1952/3634/2158 1195/3638/2114 1890/3746/2216
f 3056/3739/2211 1890/3747/2216 1896/3748/2217
f 1195/3638/2114 1894/3749/1328 1890/3747/2216
f 1195/3638/2114 2987/3641/2085 1894/3749/1328
f 2987/3641/2085 2989/3750/1755 1894/3749/1328
f 2987/3641/2085 1194/3645/2162 2989/3751/1755
f 1194/3645/2162 2418/3752/179 2989/3750/1755
f 2417/3553/1223 1204/3753/163 2418/3752/179
f 2418/3754/179 1204/3755/163 1198/3756/161
f 1198/3757/161 1204/3554/163 1207/3758/1212
f 1205/3759/2165 2428/3760/2218 1206/3653/176
f 1205/3759/2165 1212/3654/1454 2428/3760/2218
f 1212/3654/1454 1213/3658/1286 2428/3760/2218
f 1213/3658/1286 1214/3561/1881 1219/3761/2219
f 1213/3762/1286 1219/3763/2219 2429/3764/2220
f 1219/3763/2219 2430/3765/2221 2429/3764/2220
f 2429/3764/2220 2430/3765/2221 1481/3766/2222
f 1219/3761/2219 1214/3561/1881 2148/3767/2223
f 2429/3764/2220 1481/3766/2222 2428/3768/2218
f 2428/3768/2218 1481/3766/2222 1480/3769/2224
f 1481/3770/2222 1338/3771/2225 1480/3772/2224
f 1214/3561/1881 1335/3660/2166 1337/3773/2226
f 1214/3561/1881 1337/3773/2226 2148/3767/2223
f 1338/3771/2225 2148/3767/2223 1337/3773/2226
f 1338/3771/2225 1337/3773/2226 2415/3774/2227
f 1337/3773/2226 1335/3775/2166 2415/3774/2227
f 1222/3776/1212 1223/3662/161 2979/3661/2167
f 1612/3777/1386 1327/3664/163 1223/3662/161
f 1327/3664/163 1329/3778/163 1223/3662/161
f 1223/3662/161 1329/3778/163 1328/3779/163
f 1327/3664/163 1359/3486/163 1329/3778/163
f 2507/3780/2169 2488/3781/167 2489/3782/1329
f 2488/3783/167 2507/3666/2169 1296/3784/2228
f 2507/3785/2169 2506/3786/2170 1296/3787/2228
f 1362/3675/2171 1278/3674/2174 2506/3786/2170
f 2506/3786/2170 1278/3674/2174 1296/3787/2228
f 1296/3787/2228 1278/3674/2174 1279/3788/2229
f 1296/3784/2228 1279/3789/2229 2508/3790/2230
f 2508/3791/2230 2509/3792/2231 2404/3793/2232
f 1361/3671/2173 1277/3678/2177 1278/3794/2174
f 1278/3794/2174 2504/3795/2233 1279/3796/2229
f 1277/3678/2177 2504/3795/2233 1278/3794/2174
f 1279/3796/2229 2504/3795/2233 2405/3797/2234
f 1279/3796/2229 2405/3797/2234 2404/3798/2232
f 2504/3799/2233 1277/3800/2177 1397/3801/2235
f 1277/3800/2177 1386/3802/2181 1397/3801/2235
f 1386/3802/2181 2505/3803/2236 1397/3801/2235
f 1397/3804/2235 2300/3805/2237 1315/3806/2238
f 1397/3801/2235 2505/3803/2236 2300/3807/2237
f 1875/3808/2183 2494/3809/2239 2510/3685/2180
f 2510/3685/2180 2494/3809/2239 2300/3805/2237
f 1875/3808/2183 2503/3704/2193 2494/3809/2239
f 2503/3704/2193 2495/3810/2240 2494/3809/2239
f 2503/3704/2193 2501/3708/2195 2495/3810/2240
f 2501/3811/2195 2535/3812/2147 1552/3813/2241
f 2501/3708/2195 1552/3814/2241 2495/3810/2240
f 1552/3814/2241 2535/3620/2147 2496/3714/2198
f 2495/3810/2240 1552/3814/2241 1816/3815/2242
f 1552/3814/2241 2496/3714/2198 1816/3815/2242
f 1553/3713/2197 2533/3719/1260 1554/3621/161
f 1553/3713/2197 1554/3621/161 2497/3816/161
f 1529/3622/161 1531/3817/1329 1554/3621/161
f 1531/3817/1329 1529/3622/161 1532/3818/163
f 1531/3819/1329 2531/3820/1391 1534/3821/161
f 1529/3622/161 1530/3623/1329 1532/3818/163
f 1532/3822/2239 1841/3823/176 1534/3824/161
f 1534/3824/161 1841/3823/176 1530/3623/1329
f 2532/3825/179 1530/3826/1329 1841/3827/176
f 1530/3623/1329 1535/3828/2243 1534/3824/161
f 1645/3721/2201 1535/3828/2243 1530/3623/1329
f 1535/3828/2243 1645/3721/2201 1536/3829/2244
f 1536/3829/2244 1645/3721/2201 2529/3830/2245
f 1645/3721/2201 2544/3627/2151 1794/3831/2246
f 2544/3627/2151 1879/3832/2204 1794/3831/2246
f 1645/3833/2201 1794/3834/2246 2529/3835/2245
f 1879/3726/2204 2545/3725/2203 2546/3836/2247
f 1879/3832/2204 2204/3837/2248 1794/3831/2246
f 2204/3837/2248 2282/3838/2249 1794/3831/2246
f 2070/3723/2202 2071/3728/2205 2282/3838/2250
f 2529/3839/2245 1794/3831/2246 1793/3840/2251
f 1794/3841/2246 2282/3842/2249 2528/3843/2252
f 2282/3838/2253 2261/3844/2254 1793/3840/2251
f 2233/3744/2215 1896/3748/2217 1897/3743/2214
f 1897/3743/2214 1896/3748/2217 1891/3845/2255
f 3056/3739/2211 1896/3748/2217 2233/3744/2215
f 1890/3747/2216 1894/3749/1328 1896/3748/2217
f 1896/3748/2217 1894/3749/1328 1891/3845/2255
f 1894/3749/1328 3058/3846/2256 1891/3845/2255
f 1894/3749/1328 2989/3750/1755 1895/3847/1793
f 2989/3750/1755 1197/3848/1400 1895/3847/1793
f 1196/3849/1287 1197/3848/1400 2989/3750/1755
f 2989/3750/1755 1171/3850/2102 1196/3849/1287
f 2418/3752/179 1198/3757/161 2989/3750/1755
f 1204/3554/163 1206/3653/176 1207/3758/1212
f 2428/3760/2218 2985/3851/1289 1206/3653/176
f 2428/3760/2218 1650/3852/2257 2985/3851/1289
f 2428/3853/2218 1480/3772/2224 1650/3852/2257
f 1480/3772/2224 2410/3854/2258 1650/3852/2257
f 2410/3854/2258 1480/3772/2224 2415/3774/2227
f 1480/3772/2224 1338/3771/2225 2415/3774/2227
f 2415/3855/2227 1336/3856/2259 2413/3857/2260
f 2410/3858/2261 1635/3859/2262 1434/3860/2263
f 2413/3857/2260 1336/3856/2259 2414/3861/2264
f 1635/3859/2262 2414/3862/2264 1434/3860/2263
f 1336/3863/2259 2415/3774/2227 1335/3775/2166
f 1335/3775/2166 2979/3661/2167 1334/3864/2265
f 2979/3661/2167 1333/3865/1212 1334/3864/2265
f 2979/3661/2167 1223/3662/161 1333/3865/1212
f 1223/3662/161 1331/3866/1713 1333/3865/1212
f 1223/3662/161 1328/3779/163 1331/3866/1713
f 2431/3867/176 1329/3868/163 1332/3869/163
f 1329/3870/163 1359/3871/163 1153/3872/163
f 1153/3873/163 1359/3486/163 1360/3874/163
f 1153/3873/163 2409/3875/1212 1329/3778/163
f 1329/3876/163 2409/3877/1212 1360/3878/163
f 1360/3569/163 1614/3879/1212 2397/3880/2266
f 1360/3569/163 2489/3665/1329 1614/3879/1212
f 2489/3665/1329 2488/3783/167 1614/3879/1212
f 1296/3784/2228 1615/3881/2267 2488/3783/167
f 2488/3783/167 1615/3882/2267 2457/3883/2268
f 1296/3784/2228 2508/3790/2230 1615/3881/2267
f 2508/3790/2230 2404/3884/2232 1615/3881/2267
f 1615/3882/2267 1616/3885/2269 2457/3886/2268
f 1615/3887/2267 2404/3888/2232 1772/3889/2270
f 2404/3888/2232 1280/3890/2271 1772/3889/2270
f 2404/3888/2232 2405/3891/2234 1280/3890/2271
f 2405/3797/2234 2504/3795/2233 1280/3892/2271
f 1280/3890/2271 2407/3893/2272 2406/3894/2273
f 1280/3892/2271 2504/3795/2233 2276/3895/2274
f 2407/3893/2272 2280/3896/2275 2406/3894/2273
f 1280/3890/2271 2406/3894/2273 1772/3889/2270
f 2406/3897/2273 1764/3898/2276 1772/3899/2270
f 2276/3895/2274 2504/3795/2233 2280/3900/2275
f 2504/3795/2233 2104/3901/2277 2280/3900/2275
f 2504/3795/2233 1397/3804/2235 1315/3806/2238
f 2104/3902/2277 2966/3903/2278 2280/3904/2275
f 2504/3795/2233 1315/3806/2238 2104/3901/2277
f 2104/3905/2277 1315/3906/2238 1557/3907/2279
f 2104/3901/2277 1557/3908/2279 2966/3909/2278
f 2406/3897/2273 2966/3909/2278 1764/3898/2276
f 2406/3897/2273 2280/3900/2275 2966/3909/2278
f 1315/3906/2238 2490/3910/2280 1557/3907/2279
f 1315/3806/2238 2300/3805/2237 2490/3911/2280
f 1557/3908/2279 2458/3912/2281 2966/3909/2278
f 2458/3912/2281 1557/3908/2279 1595/3913/2282
f 1557/3908/2279 2490/3911/2280 1595/3913/2282
f 2300/3805/2237 2494/3914/2239 2490/3911/2280
f 2490/3915/2280 1596/3916/2283 1595/3917/2282
f 2490/3915/2280 2494/3918/2239 1596/3916/2283
f 2494/3914/2239 1556/3919/2284 1596/3920/2283
f 2495/3810/2240 2493/3921/2285 2494/3914/2239
f 2495/3810/2240 2492/3922/2286 2493/3921/2285
f 2495/3810/2240 1816/3815/2242 2492/3922/2286
f 2492/3922/2286 1816/3923/2242 2493/3921/2285
f 2493/3921/2285 1816/3923/2242 2486/3924/2287
f 1816/3923/2242 1553/3713/2197 2486/3924/2287
f 2496/3925/2198 1553/3713/2197 1816/3815/2242
f 1554/3621/161 1531/3817/1329 2497/3816/161
f 1531/3817/1329 1534/3824/161 2497/3816/161
f 2497/3816/161 1534/3824/161 2519/3926/2288
f 2519/3926/2288 1534/3824/161 1535/3828/2243
f 1535/3828/2243 1536/3829/2244 2530/3927/2142
f 2530/3927/2142 1536/3829/2244 1537/3928/2289
f 1536/3829/2244 1677/3929/2290 1537/3928/2289
f 1537/3928/2289 1677/3929/2290 2165/3930/2291
f 1537/3931/2289 2165/3932/2291 2523/3933/2194
f 1536/3829/2244 2529/3839/2245 1677/3929/2290
f 1677/3934/2290 2524/3935/1565 2165/3932/2291
f 2529/3839/2245 1678/3936/2292 1677/3929/2290
f 2529/3839/2245 2206/3937/2293 1678/3936/2292
f 2529/3839/2245 1793/3840/2251 2304/3938/2294
f 1793/3840/2251 2261/3844/2254 2304/3938/2294
f 2529/3839/2245 2304/3938/2294 2206/3937/2293
f 2525/3939/2295 2206/3940/2293 2526/3941/2296
f 2525/3939/2295 2527/3942/2297 2524/3935/1565
f 2525/3939/2295 2526/3941/2296 2136/3943/2298
f 2525/3939/2295 2136/3943/2298 2527/3942/2297
f 2527/3942/2297 2136/3943/2298 2288/3944/2299
f 2206/3940/2293 2304/3945/2294 2526/3941/2296
f 2304/3938/2300 2135/3946/2301 2137/3947/2302
f 2137/3947/2302 2135/3946/2301 2136/3948/2298
f 2136/3948/2298 2134/3949/2303 2288/3950/2299
f 2136/3948/2298 2135/3946/2301 2134/3949/2303
f 1897/3743/2214 1891/3845/2255 1898/3951/2304
f 1897/3743/2214 1898/3951/2304 1924/3952/2305
f 1924/3952/2305 1898/3951/2304 1892/3953/2306
f 3057/3954/2307 3058/3955/2256 1892/3956/2306
f 3058/3846/2256 2371/3957/2308 1892/3953/2306
f 3067/3958/2309 3058/3846/2256 1894/3749/1328
f 3058/3846/2256 3067/3958/2309 2371/3957/2308
f 3067/3958/2309 1894/3749/1328 3066/3959/2310
f 1196/3849/1287 2991/3960/1341 1197/3961/1400
f 1196/3849/1287 1171/3850/2102 2991/3960/1341
f 2989/3750/1755 1198/3757/161 1171/3850/2102
f 1171/3850/2102 1198/3757/161 3069/3962/161
f 1207/3758/1212 1178/3963/2102 1198/3964/161
f 1206/3653/176 3080/3965/1366 1207/3758/1212
f 1206/3653/176 2985/3851/1289 1651/3966/1384
f 1206/3653/176 1651/3966/1384 3080/3965/1366
f 1651/3966/1384 1652/3967/1253 2986/3968/1793
f 2986/3968/1793 2985/3851/1289 3074/3969/2311
f 2985/3851/1289 1462/3970/2312 3074/3969/2311
f 1650/3852/2257 1462/3970/2312 2985/3851/1289
f 1650/3852/2257 1548/3971/2313 1462/3970/2312
f 2410/3854/2258 1461/3972/2314 1650/3852/2257
f 1650/3852/2257 1461/3972/2314 1548/3971/2313
f 1548/3973/2313 2386/3974/2315 1462/3975/2312
f 2410/3976/2258 2412/3977/2316 1461/3978/2314
f 1461/3978/2314 2412/3977/2316 2411/3979/2317
f 1435/3980/2318 2386/3981/2315 1548/3971/2313
f 1435/3980/2318 1434/3860/2263 2386/3981/2315
f 2386/3981/2315 1434/3860/2263 2414/3862/2264
f 1462/3975/2312 2386/3974/2315 2387/3982/2319
f 2386/3981/2315 2414/3862/2264 2387/3983/2319
f 2414/3861/2264 1336/3856/2259 1334/3984/2265
f 1336/3863/2259 1335/3775/2166 1334/3864/2265
f 2414/3862/2264 1334/3864/2265 2387/3983/2319
f 1331/3866/1713 1332/3985/163 1333/3865/1212
f 1332/3985/163 1329/3778/163 1333/3865/1212
f 1329/3778/163 1360/3569/163 2395/3986/163
f 1360/3569/163 1330/3987/163 2395/3986/163
f 1330/3987/163 1485/3988/163 1644/3989/1212
f 2395/3990/163 2394/3991/179 1485/3992/163
f 1360/3569/163 2397/3880/2266 1330/3987/163
f 1330/3987/163 2393/3993/176 1485/3988/163
f 1330/3987/163 2397/3880/2266 2393/3993/176
f 2397/3880/2266 1486/3994/1384 2393/3993/176
f 2396/3995/1224 1614/3996/1212 1486/3997/1384
f 2488/3783/167 2457/3883/2268 1614/3879/1212
f 1614/3879/1212 2457/3883/2268 2398/3998/2320
f 1614/3879/1212 2398/3998/2320 1613/3999/2043
f 2457/3886/2268 1616/3885/2269 2403/4000/2321
f 2457/3886/2268 2403/4000/2321 2398/3998/2320
f 2403/4001/2321 2402/4002/2322 1765/4003/2006
f 2403/4000/2321 1765/4004/2006 2398/3998/2320
f 1772/3889/2270 1766/4005/2323 2402/4002/2322
f 2402/4002/2322 1766/4005/2323 1765/4003/2006
f 1765/4004/2006 2400/4006/2324 2398/3998/2320
f 1772/3899/2270 1764/3898/2276 1766/4007/2323
f 1765/4004/2006 1766/4007/2323 1764/3898/2276
f 1765/4004/2006 1764/3898/2276 2401/4008/2325
f 1764/3898/2276 2983/4009/2326 2401/4008/2325
f 2966/3909/2278 2458/3912/2281 1764/3898/2276
f 1764/3898/2276 2458/3912/2281 2459/4010/2327
f 2459/4011/2327 2458/4012/2281 1776/4013/2328
f 1595/3913/2282 1596/3920/2283 2458/3912/2281
f 2458/4012/2281 1596/4014/2283 1776/4013/2328
f 1776/4015/2328 1596/3920/2283 1556/3919/2284
f 2494/3914/2239 2493/3921/2285 1556/3919/2284
f 2493/3921/2285 2487/4016/2329 1556/3919/2284
f 2487/4016/2329 2493/3921/2285 1610/4017/2330
f 2493/3921/2285 2486/3924/2287 1610/4017/2330
f 2486/3924/2287 1768/4018/2331 1610/4017/2330
f 1553/3713/2197 2485/4019/2332 2486/3924/2287
f 2486/4020/2287 2485/4021/2332 1768/4022/2331
f 1553/3713/2197 2497/3816/161 2485/4023/2332
f 2497/3816/161 2484/4024/1289 2485/4023/2332
f 2485/4025/2332 2484/4026/1289 1590/4027/1223
f 1590/4028/1223 2484/4024/1289 2249/4029/1451
f 2484/4030/1289 2491/4031/1328 2249/4032/1451
f 2249/4029/2333 1775/4033/1329 1777/4034/1340
f 2483/4035/2334 1769/4036/161 1590/4027/1223
f 1777/4034/1340 1775/4033/1329 1769/4037/161
f 2497/3816/161 1775/4033/1329 2484/4024/1289
f 1775/4033/1329 2115/4038/1608 1769/4037/161
f 2497/3816/161 2115/4038/1608 1775/4033/1329
f 2497/3816/161 2500/4039/1520 2115/4038/1608
f 2497/3816/161 2519/3926/2288 2500/4039/1520
f 2519/4040/2288 2207/4041/1212 1551/4042/163
f 2519/4040/2288 1551/4042/163 2500/4043/1520
f 2207/4044/1212 1550/4045/1713 1551/4046/163
f 2519/4047/2288 1535/4048/2243 2520/4049/2335
f 2207/4044/1212 1535/4050/2243 1550/4045/1713
f 2207/4044/1212 1540/4051/2336 1535/4050/2243
f 1550/4045/1713 1535/4050/2243 2498/4052/1608
f 2530/3927/2142 2521/4053/2337 1535/4050/2243
f 2523/3933/2194 2165/3932/2291 2522/4054/2338
f 2521/4053/2337 2165/4055/2291 1932/4056/2248
f 2524/3935/1565 2527/3942/2297 2165/3932/2291
f 2165/4055/2291 2527/4057/2297 1932/4056/2248
f 1932/4056/2248 1856/4058/2339 2521/4053/2337
f 2288/3950/2299 2134/3949/2303 2527/4057/2297
f 2527/4057/2297 2134/3949/2303 1932/4056/2248
f 1892/3953/2306 2371/3957/2308 1924/3952/2305
f 1924/3952/2305 2371/3957/2308 2279/4059/2340
f 2279/4059/2340 2371/3957/2308 1923/4060/2341
f 2279/4059/2340 1923/4060/2341 2372/4061/2342
f 1923/4062/2341 2371/4063/2308 2372/4064/2342
f 2372/4064/2342 2371/4063/2308 2373/4065/2343
f 2371/3957/2308 1893/4066/2344 2373/4067/2343
f 2371/3957/2308 3067/3958/2309 1893/4066/2344
f 3067/3958/2309 3068/4068/2345 1893/4066/2344
f 3067/4069/2309 3066/4070/2310 3068/4071/2345
f 1894/3749/1328 1895/3847/1793 3066/3959/2310
f 3066/4070/2310 2223/4072/2043 3068/4071/2345
f 3066/3959/2310 1895/3847/1793 2223/4073/2043
f 1895/3847/1793 3036/4074/177 2223/4073/2043
f 1197/4075/1400 2990/4076/2346 1895/4077/1793
f 1197/3961/1400 2991/3960/1341 3036/4074/177
f 3036/4074/177 2991/3960/1341 3037/4078/2347
f 1171/3850/2102 1172/4079/2348 2991/3960/1341
f 2991/4080/1341 1172/4081/2348 2992/4082/1259
f 2991/3960/1341 2992/4083/1259 3037/4078/2347
f 1171/3850/2102 3037/4078/2347 2992/4083/1259
f 1171/3850/2102 3069/3962/161 3037/4078/2347
f 3069/3962/161 1198/3964/161 1177/4084/1211
f 1198/3964/161 1178/3963/2102 1177/4084/1211
f 2994/4085/1287 1207/4086/1212 2993/4087/1259
f 1207/4086/1212 3080/4088/1366 2993/4087/1259
f 1178/3963/2102 2088/4089/1329 1177/4084/1211
f 2088/4090/1329 3080/4091/1366 1653/4092/1211
f 3080/3965/1366 1651/3966/1384 3019/4093/163
f 1651/3966/1384 2986/3968/1793 3019/4093/163
f 2986/3968/1793 3074/3969/2311 2082/4094/2349
f 3074/3969/2311 1462/3970/2312 1431/4095/2350
f 1462/3970/2312 2387/3983/2319 1431/4095/2350
f 2387/3983/2319 1334/3864/2265 1432/4096/2351
f 1334/3864/2265 2995/4097/1287 2146/4098/2352
f 1334/3864/2265 1333/3865/1212 2995/4097/1287
f 1333/3865/1212 2395/3986/163 2388/4099/163
f 1333/3865/1212 1329/3778/163 2395/3986/163
f 2395/3986/163 1485/3988/163 2393/3993/176
f 1486/3994/1384 1614/3879/1212 2393/3993/176
f 2393/3993/176 1614/3879/1212 2392/4100/1391
f 1614/3879/1212 1613/3999/2043 2392/4100/1391
f 2398/3998/2320 2399/4101/2353 1613/3999/2043
f 2398/3998/2320 2400/4006/2324 2399/4101/2353
f 2400/4102/2324 1767/4103/2354 2399/4104/2353
f 1765/4003/2006 2401/4105/2325 2400/4102/2324
f 2399/4104/2353 1767/4103/2354 2391/4106/2355
f 2400/4102/2324 2401/4107/2325 1767/4103/2354
f 2391/4106/2355 1767/4103/2354 1763/4108/2356
f 2401/4008/2325 2983/4009/2326 1767/4109/2354
f 2983/4009/2326 1763/4110/2356 1767/4109/2354
f 1764/3898/2276 2459/4010/2327 2983/4009/2326
f 1763/4110/2356 2983/4009/2326 2408/4111/2357
f 2459/4010/2327 1776/4015/2328 2983/4009/2326
f 2983/4009/2326 1776/4015/2328 2408/4111/2357
f 2408/4111/2357 1776/4015/2328 1762/4112/2358
f 1556/3919/2284 2460/4113/2359 1776/4015/2328
f 1776/4015/2328 2460/4113/2359 1762/4112/2358
f 1556/3919/2284 2487/4016/2329 2460/4113/2359
f 2487/4016/2329 1610/4114/2330 2460/4113/2359
f 2461/4115/2360 1761/4116/2361 2460/4117/2359
f 2460/4117/2359 1761/4116/2361 1762/4118/2358
f 2461/4115/2360 2462/4119/1579 1761/4116/2361
f 2461/4115/2360 1768/4120/2331 2462/4119/1579
f 1590/4121/1223 2480/4122/1329 2485/4019/2332
f 1590/4121/1223 1769/4037/161 2480/4122/1329
f 1769/4037/161 2115/4038/1608 2480/4122/1329
f 2115/4038/1608 2481/4123/1955 2185/4124/1950
f 2480/4125/1329 2482/4126/1254 2481/4127/1955
f 2115/4038/1608 2479/4128/1329 2481/4123/1955
f 2500/4039/1520 1538/4129/1259 2115/4038/1608
f 2500/4130/1520 2965/4131/169 1538/4132/1259
f 2965/4131/169 1883/4133/2362 1538/4132/1259
f 2498/4134/1608 1539/4135/241 2499/4136/1389
f 2499/4136/1389 1539/4135/241 1883/4137/2362
f 1538/4129/1259 1883/4138/2362 1539/4139/241
f 1538/4129/1259 1539/4139/241 2080/4140/1798
f 2498/4052/1608 1535/4050/2243 1539/4139/241
f 1535/4050/2243 2521/4053/2337 1539/4139/241
f 1539/4139/241 2521/4053/2337 2080/4140/1798
f 2521/4053/2337 1856/4058/2339 2080/4140/1798
f 1856/4058/2339 1932/4056/2248 2134/3949/2303
f 1856/4058/2339 2134/3949/2303 1925/4141/2363
f 1925/4141/2363 2134/3949/2303 1926/4142/2364
f 2134/3949/2303 2089/4143/2365 1926/4142/2364
f 2372/4061/2342 2373/4144/2343 2228/4145/2366
f 2373/4144/2343 2272/4146/2367 2228/4145/2366
f 2279/4059/2340 2372/4061/2342 2228/4145/2366
f 2279/4059/2340 2228/4145/2366 2226/4147/2368
f 2272/4146/2367 2271/4148/2369 2228/4145/2366
f 2373/4149/2343 1893/4150/2344 2272/4151/2367
f 2228/4145/2366 2271/4148/2369 2222/4152/2370
f 2226/4147/2368 2228/4145/2366 2225/4153/2371
f 2374/4154/2372 2375/4155/2373 2225/4156/2371
f 2225/4156/2371 2375/4155/2373 2376/4157/2374
f 2376/4158/2374 2379/4159/2375 2225/4153/2371
f 2228/4145/2366 2222/4152/2370 2376/4158/2374
f 2376/4158/2374 2222/4152/2370 2379/4159/2375
f 1893/4150/2344 3047/4160/2376 2272/4151/2367
f 2224/4161/2377 2271/4148/2369 2272/4146/2367
f 2224/4161/2377 2222/4152/2370 2271/4148/2369
f 2224/4161/2377 2221/4162/2378 2222/4152/2370
f 2222/4152/2370 2221/4162/2378 2223/4073/2043
f 3036/4163/177 3039/4164/1400 2223/4165/2043
f 3036/4074/177 1174/4166/2379 3039/4167/1400
f 1174/4166/2379 3036/4074/177 3037/4078/2347
f 3037/4078/2347 1193/4168/2380 1174/4166/2379
f 3037/4078/2347 1173/4169/2381 1193/4168/2380
f 3037/4078/2347 3069/3962/161 1173/4169/2381
f 1173/4169/2381 3069/3962/161 3065/4170/2044
f 3069/3962/161 1177/4084/1211 1176/4171/179
f 3069/3962/161 1176/4171/179 1175/4172/2382
f 1177/4173/1211 1653/4092/1211 3020/4174/179
f 1177/4173/1211 2088/4090/1329 1653/4092/1211
f 1176/4171/179 1653/4175/1211 3019/4093/163
f 3080/3965/1366 3019/4093/163 1653/4176/1211
f 2986/3968/1793 2082/4094/2349 3019/4093/163
f 3019/4177/163 2082/4178/2349 3022/4179/1288
f 2082/4094/2349 3074/3969/2311 2081/4180/2383
f 3074/3969/2311 1431/4095/2350 2081/4180/2383
f 2387/3983/2319 1432/4096/2351 1431/4095/2350
f 1431/4095/2350 1432/4096/2351 1433/4181/2384
f 1433/4181/2384 1432/4096/2351 2146/4098/2352
f 1334/3864/2265 2146/4098/2352 1432/4096/2351
f 2146/4098/2352 2995/4097/1287 1648/4182/1211
f 1333/3865/1212 1388/4183/1212 2995/4184/1287
f 2995/4185/1287 2996/4186/1366 1648/4187/1211
f 1333/4188/1212 2388/4189/163 1388/4190/1212
f 2395/3986/163 2393/3993/176 2388/4099/163
f 1613/3999/2043 2391/4191/2355 2392/4100/1391
f 1613/3999/2043 2399/4101/2353 2391/4191/2355
f 2392/4100/1391 2391/4191/2355 2984/4192/1259
f 2391/4191/2355 1763/4110/2356 2984/4192/1259
f 1763/4110/2356 2408/4111/2357 2390/4193/2102
f 1763/4110/2356 2390/4193/2102 2984/4192/1259
f 2408/4111/2357 1762/4112/2358 2390/4193/2102
f 2390/4193/2102 1762/4112/2358 1759/4194/2385
f 1759/4194/2385 1762/4195/2358 1760/4196/2386
f 1762/4195/2358 1761/4197/2361 1760/4196/2386
f 1761/4197/2361 2462/4198/1579 1760/4196/2386
f 1760/4196/2386 2462/4198/1579 2472/4199/2387
f 2462/4198/1579 1768/4018/2331 2472/4199/2387
f 2485/4200/2332 2480/4201/1329 1768/4202/2331
f 1768/4018/2331 2480/4122/1329 2472/4199/2387
f 2481/4123/1955 2479/4128/1329 2480/4122/1329
f 2115/4038/1608 1538/4129/1259 2479/4128/1329
f 1538/4129/1259 1541/4203/1754 2479/4128/1329
f 1541/4203/1754 2239/4204/2388 2479/4128/1329
f 2479/4128/1329 2239/4204/2388 1813/4205/1389
f 1538/4129/1259 2080/4140/1798 2239/4206/1259
f 2239/4207/2388 2468/4208/1386 1813/4209/1389
f 2080/4210/1798 2079/4211/2389 1813/4212/1389
f 1856/4058/2339 2079/4211/2389 2080/4140/1798
f 2079/4211/2389 1856/4058/2339 1857/4213/1403
f 2079/4214/2389 1857/4215/1403 2478/4216/1907
f 1928/4217/2390 1929/4218/2391 2079/4219/2389
f 1925/4220/2363 1927/4221/2392 1856/4222/2339
f 1856/4222/2339 1927/4221/2392 1857/4215/1403
f 1927/4223/2392 1926/4142/2364 1928/4217/2390
f 1928/4217/2390 1926/4142/2364 2170/4224/2393
f 1929/4218/2391 1928/4217/2390 2170/4224/2393
f 1925/4141/2363 1926/4142/2364 1927/4223/2392
f 1926/4142/2364 2348/4225/2394 2170/4224/2393
f 2225/4153/2371 2379/4159/2375 2226/4147/2368
f 2377/4226/2395 2379/4227/2396 2378/4228/2397
f 2379/4159/2375 2227/4229/2398 2231/4230/2399
f 2237/4231/2400 2227/4229/2398 2266/4232/2401
f 2266/4233/2402 2263/4234/2403 2262/4235/2404
f 2263/4236/2403 2380/4237/2405 2168/4238/2406
f 2380/4237/2405 2227/4239/2398 2168/4238/2406
f 2231/4230/2399 2227/4229/2398 2236/4240/2407
f 2236/4240/2407 2227/4229/2398 2237/4231/2400
f 2379/4159/2375 2222/4152/2370 2227/4229/2398
f 2222/4152/2370 2230/4241/1328 2227/4229/2398
f 2227/4239/2398 2229/4242/1711 2168/4238/2406
f 2227/4229/2398 2230/4241/1328 2229/4243/1711
f 2222/4152/2370 2223/4073/2043 2230/4241/1328
f 2223/4073/2043 2087/4244/2408 2230/4241/1328
f 2087/4244/2408 2223/4073/2043 2086/4245/1452
f 2223/4073/2043 3039/4167/1400 2086/4245/1452
f 2086/4245/1452 3039/4167/1400 2150/4246/1756
f 1174/4166/2379 2094/4247/2409 3039/4167/1400
f 1174/4248/2379 1193/4249/2380 2094/4250/2409
f 2094/4247/2409 1193/4168/2380 1173/4169/2381
f 2094/4247/2409 1173/4169/2381 3065/4170/2044
f 2094/4247/2409 3065/4170/2044 3039/4167/1400
f 3065/4170/2044 3038/4251/2410 3039/4167/1400
f 3065/4170/2044 2385/4252/254 1167/4253/2411
f 3069/3962/161 2385/4252/254 3065/4170/2044
f 2385/4252/254 3069/3962/161 1181/4254/1857
f 3069/3962/161 1175/4172/2382 1181/4254/1857
f 1175/4172/2382 1176/4171/179 1179/4255/1254
f 1175/4256/2382 3021/4257/2412 1181/4258/1857
f 3021/4257/2412 3033/4259/2413 1181/4258/1857
f 1179/4255/1254 1176/4171/179 1180/4260/1928
f 2153/4261/1713 1180/4262/1928 3033/4263/2413
f 1180/4260/1928 1176/4171/179 3019/4093/163
f 1180/4260/1928 3019/4093/163 1185/4264/2044
f 3019/4093/163 3022/4265/1288 1185/4264/2044
f 2082/4094/2349 1902/4266/2414 3022/4265/1288
f 2082/4094/2349 2081/4180/2383 1902/4266/2414
f 3022/4265/1288 1902/4266/2414 1901/4267/2415
f 2081/4268/2383 1431/4269/2350 1902/4270/2414
f 1902/4266/2414 1431/4271/2350 1901/4267/2415
f 1431/4269/2350 1433/4272/2384 1900/4273/2416
f 1431/4271/2350 1900/4274/2416 1901/4267/2415
f 1433/4181/2384 2146/4098/2352 1646/4275/2417
f 1433/4181/2384 1646/4275/2417 1899/4276/2418
f 2146/4098/2352 3024/4277/1789 1646/4275/2417
f 2146/4278/2352 1648/4182/1211 3024/4277/1789
f 1648/4182/1211 1647/4279/2349 3024/4277/1789
f 3017/4280/1505 1648/4281/1211 3018/4282/1329
f 3024/4283/1789 3025/4284/1699 1398/4285/228
f 1647/4286/2419 3018/4287/1329 1398/4288/228
f 3018/4287/1329 1648/4289/1211 2997/4290/151
f 1648/4187/1211 2996/4186/1366 2997/4291/151
f 3018/4287/1329 2997/4290/151 1398/4288/228
f 1388/4183/1212 2388/4099/163 1389/4292/179
f 2997/4290/151 1389/4292/179 2388/4099/163
f 2388/4099/163 1398/4288/228 2997/4290/151
f 2388/4099/163 2389/4293/176 2998/4294/1223
f 2388/4295/163 2393/4296/176 2389/4297/176
f 2393/4298/176 3079/4299/1288 2389/4300/176
f 2389/4293/176 1488/4301/1212 2998/4294/1223
f 1488/4302/1212 1487/4303/2420 2018/4304/1212
f 2393/3993/176 2392/4100/1391 1487/4305/2420
f 2393/3993/176 1487/4305/2420 1488/4301/1212
f 2999/4306/1341 2392/4307/1341 3000/4308/1341
f 3000/4308/1462 3001/4309/1391 2016/4310/179
f 2392/4100/1391 3001/4311/1391 2052/4312/2086
f 1759/4194/2385 1747/4313/2421 2390/4193/2102
f 1747/4313/2421 1745/4314/2422 2390/4193/2102
f 2248/4315/1860 2390/4316/2102 1745/4317/2422
f 1745/4314/2422 1747/4313/2421 1746/4318/2423
f 1747/4319/2421 1759/4320/2385 1748/4321/2424
f 1747/4319/2421 1748/4321/2424 1746/4322/2423
f 1759/4194/2385 1760/4196/2386 1748/4323/2424
f 1748/4323/2424 1760/4196/2386 1750/4324/2425
f 1760/4196/2386 2472/4325/2387 1750/4324/2425
f 2472/4199/2387 2480/4122/1329 2473/4326/2426
f 2473/4326/2426 2480/4122/1329 1812/4327/254
f 1812/4327/254 3006/4328/2427 2473/4326/2426
f 2480/4122/1329 2479/4128/1329 1812/4327/254
f 2479/4128/1329 1813/4205/1389 1812/4327/254
f 1813/4329/1389 2074/4330/1391 1812/4331/254
f 2074/4332/1391 1813/4212/1389 2075/4333/2428
f 2079/4211/2389 2476/4334/2429 1813/4212/1389
f 1813/4212/1389 2476/4334/2429 2077/4335/2430
f 2476/4334/2429 2474/4336/2431 2077/4335/2430
f 2079/4337/2389 1929/4338/2391 2476/4339/2429
f 1929/4218/2391 1931/4340/2432 2476/4341/2429
f 2077/4335/2430 2474/4336/2431 2078/4342/2433
f 2476/4334/2429 2475/4343/2030 2474/4336/2431
f 1929/4218/2391 2170/4224/2393 1930/4344/2434
f 1929/4218/2391 1930/4344/2434 1931/4340/2432
f 2477/4345/2435 1930/4346/2434 2475/4347/2030
f 2475/4347/2030 1930/4346/2434 2474/4348/2431
f 1930/4344/2434 2170/4224/2393 2101/4349/2436
f 2348/4225/2394 2349/4350/2437 2170/4224/2393
f 2263/4234/2403 2168/4351/2406 2262/4235/2404
f 2262/4235/2404 2168/4351/2406 1169/4352/2438
f 2168/4351/2406 2321/4353/2439 1169/4352/2438
f 2168/4351/2406 2229/4354/1711 2321/4353/2439
f 1169/4352/2438 2321/4353/2439 2320/4355/2440
f 2229/4354/1711 2086/4245/1452 2321/4353/2439
f 2381/4356/168 2086/4357/1452 2229/4242/1711
f 2086/4358/1452 2150/4359/1756 1165/4360/2441
f 3041/4361/2442 3040/4362/204 2150/4359/1756
f 3038/4251/2410 3065/4170/2044 3040/4363/204
f 3065/4170/2044 1167/4253/2411 3040/4363/204
f 1167/4253/2411 2385/4252/254 2200/4364/2443
f 2385/4252/254 3042/4365/2444 2200/4364/2443
f 3042/4365/2444 2385/4252/254 1190/4366/2087
f 1181/4254/1857 3033/4263/2413 1184/4367/2445
f 3033/4263/2413 1180/4260/1928 1185/4264/2044
f 1185/4264/2044 3022/4265/1288 1182/4368/1340
f 3022/4265/1288 1187/4369/2446 1182/4368/1340
f 1182/4368/1340 1187/4369/2446 1186/4370/2447
f 3022/4265/1288 1901/4267/2415 1187/4369/2446
f 1901/4267/2415 3023/4371/2448 3031/4372/2449
f 1900/4373/2416 3023/4374/2448 1901/4375/2415
f 1901/4267/2415 3031/4372/2449 1187/4369/2446
f 1900/4274/2416 1433/4181/2384 1899/4276/2418
f 1899/4276/2418 3023/4371/2448 1900/4274/2416
f 3023/4371/2448 1899/4276/2418 3031/4372/2449
f 3031/4376/2449 1899/4377/2418 1885/4378/2450
f 1646/4275/2417 3024/4277/1789 1899/4276/2418
f 1899/4276/2418 1903/4379/2451 2039/4380/2452
f 2039/4380/2452 1903/4379/2451 1884/4381/2453
f 1899/4276/2418 3024/4277/1789 1903/4379/2451
f 3024/4382/1789 1398/4288/228 1903/4379/2451
f 1903/4379/2451 1398/4288/228 3030/4383/1453
f 2998/4294/1223 1488/4301/1212 2018/4384/1212
f 1487/4305/2420 2017/4385/179 2018/4384/1212
f 2018/4384/1212 2017/4385/179 2016/4386/179
f 2016/4386/179 3001/4311/1391 1779/4387/2454
f 2392/4100/1391 2984/4192/1259 3001/4311/1391
f 3001/4311/1391 2984/4192/1259 1779/4387/2454
f 2984/4192/1259 1751/4388/2455 1779/4387/2454
f 2984/4192/1259 2390/4193/2102 1751/4388/2455
f 2390/4389/2102 2248/4390/1860 1751/4391/2455
f 1751/4388/2455 2248/4392/1860 3013/4393/2456
f 2248/4392/1860 1745/4314/2422 3078/4394/2457
f 2248/4392/1860 3078/4394/2457 1744/4395/2458
f 1745/4314/2422 1746/4318/2423 3078/4394/2457
f 3078/4396/2457 1749/4397/2459 1744/4398/2458
f 1746/4318/2423 1748/4399/2424 3078/4394/2457
f 1750/4324/2425 3078/4394/2457 1748/4399/2424
f 1750/4324/2425 1773/4400/2460 3078/4394/2457
f 3078/4394/2457 1773/4400/2460 3004/4401/2461
f 2472/4325/2387 2473/4402/2426 1750/4324/2425
f 1773/4400/2460 1750/4324/2425 3003/4403/2462
f 1750/4324/2425 2473/4402/2426 3003/4403/2462
f 2473/4326/2426 3006/4328/2427 2092/4404/156
f 2473/4405/2426 3002/4406/2463 3003/4407/2462
f 3003/4403/2462 3009/4408/2464 1877/4409/2465
f 3003/4403/2462 3005/4410/2466 3009/4408/2464
f 3003/4403/2462 3006/4328/2427 3005/4410/2466
f 1812/4327/254 2074/4332/1391 3006/4328/2427
f 2075/4333/2428 1813/4212/1389 2077/4335/2430
f 2077/4335/2430 2100/4411/2467 2075/4333/2428
f 2077/4412/2430 2078/4413/2433 2469/4414/2429
f 2470/4415/2468 2471/4416/2469 2469/4417/2470
f 2474/4418/2431 1930/4419/2434 2101/4420/2436
f 2474/4336/2431 2101/4349/2436 2100/4421/2183
f 2474/4336/2431 2100/4421/2183 2078/4342/2433
f 2470/4415/2471 2101/4422/2436 2218/4423/2472
f 2101/4349/2436 2170/4224/2393 2169/4424/2473
f 2101/4422/2436 2169/4425/2473 2218/4423/2472
f 2217/4426/2289 2216/4427/2474 2471/4428/2475
f 2470/4415/2471 2218/4423/2472 2216/4429/2474
f 2216/4427/2474 2218/4430/2472 2215/4431/2476
f 2169/4425/2473 2243/4432/2477 2218/4423/2472
f 2169/4424/2473 2170/4224/2393 2243/4433/2477
f 2218/4430/2472 2243/4433/2477 2215/4431/2476
f 2170/4224/2393 2215/4431/2476 2243/4433/2477
f 952/4434/2478 1169/4352/2438 1170/4435/2479
f 1169/4352/2438 2320/4355/2440 1170/4435/2479
f 2318/4436/2480 2320/4437/2440 2319/4438/2481
f 2320/4437/2440 3046/4439/2482 2319/4438/2481
f 2320/4437/2440 1168/4440/2483 3046/4439/2482
f 2195/4441/2484 3046/4442/2482 2157/4443/2485
f 2320/4355/2440 2321/4353/2439 1168/4444/2483
f 1168/4445/2483 2321/4353/2439 3046/4442/2482
f 2321/4353/2439 1165/4446/2441 3046/4442/2482
f 2321/4353/2439 2086/4245/1452 1165/4446/2441
f 2150/4246/1756 1164/4447/2486 1165/4446/2441
f 2150/4246/1756 3040/4363/204 1164/4447/2486
f 1164/4447/2486 3040/4363/204 2278/4448/2487
f 3040/4449/204 1167/4450/2411 2278/4451/2487
f 1167/4253/2411 2200/4364/2443 2278/4448/2487
f 3042/4452/2444 1183/4453/2488 2200/4364/2443
f 2200/4364/2443 1183/4453/2488 2098/4454/2489
f 3063/4455/1289 2199/4456/1315 3064/4457/177
f 3063/4455/1289 3062/4458/161 2199/4456/1315
f 3042/4452/2444 2199/4459/1315 1183/4453/2488
f 2199/4456/1315 3062/4458/161 1183/4460/2488
f 2385/4252/254 1183/4453/2488 1190/4366/2087
f 2385/4252/254 1181/4254/1857 1183/4453/2488
f 2098/4454/2489 1183/4453/2488 2095/4461/2490
f 1181/4254/1857 1191/4462/2491 1183/4453/2488
f 1181/4254/1857 1184/4367/2445 1191/4462/2491
f 1183/4453/2488 1191/4462/2491 2095/4461/2490
f 2095/4463/2490 1191/4464/2491 1192/4465/2492
f 3033/4263/2413 3034/4466/2493 1184/4367/2445
f 1191/4462/2491 1184/4367/2445 1188/4467/2494
f 3033/4468/2413 1185/4469/2044 3034/4470/2493
f 1185/4471/2044 1186/4370/2447 3034/4466/2493
f 1185/4471/2044 1182/4368/1340 1186/4370/2447
f 1186/4370/2447 1187/4369/2446 3034/4466/2493
f 3031/4372/2449 2083/4472/2495 1187/4369/2446
f 1187/4473/2446 2083/4474/2495 2008/4475/2496
f 2008/4475/2496 2083/4474/2495 3032/4476/2497
f 3031/4376/2449 1885/4378/2450 2083/4477/2495
f 2083/4472/2495 1885/4478/2450 2040/4479/2498
f 1899/4276/2418 2039/4380/2452 1885/4480/2450
f 1885/4478/2450 2039/4380/2452 2040/4479/2498
f 2040/4479/2498 2039/4380/2452 1154/4481/2499
f 2039/4380/2452 1884/4381/2453 1154/4481/2499
f 1884/4381/2453 1903/4379/2451 3030/4383/1453
f 1398/4288/228 2388/4099/163 3030/4383/1453
f 3030/4482/1453 2388/4099/163 2998/4294/1223
f 2998/4294/1223 1886/4483/2500 3030/4482/1453
f 2018/4484/1212 1938/4485/1212 3026/4486/228
f 2998/4294/1223 1938/4487/1212 1867/4488/1212
f 2018/4384/1212 2016/4386/179 1938/4487/1212
f 1938/4487/1212 2016/4386/179 1867/4488/1212
f 2016/4386/179 3016/4489/2501 1867/4488/1212
f 2016/4386/179 3015/4490/2502 3016/4489/2501
f 2016/4386/179 1779/4387/2454 3015/4490/2502
f 1751/4388/2455 3011/4491/2503 1779/4492/2454
f 1751/4388/2455 3013/4393/2456 3011/4491/2503
f 2248/4392/1860 1752/4493/2504 3013/4393/2456
f 2248/4392/1860 1744/4395/2458 1752/4493/2504
f 1744/4494/2458 3075/4495/2505 1752/4496/2504
f 1749/4497/2459 3078/4394/2457 3076/4498/2506
f 1752/4493/2504 1749/4497/2459 3013/4393/2456
f 1749/4497/2459 1753/4499/2507 3013/4393/2456
f 1749/4497/2459 1754/4500/2508 1753/4499/2507
f 3076/4498/2506 1754/4500/2508 1749/4497/2459
f 3078/4501/2457 3077/4502/2509 3076/4503/2506
f 3078/4501/2457 3004/4504/2461 3077/4502/2509
f 3076/4498/2506 3077/4505/2509 1754/4500/2508
f 3077/4505/2509 3004/4506/2461 1755/4507/2510
f 3004/4508/2461 1773/4509/2460 1876/4510/2511
f 3077/4505/2509 1755/4507/2510 1754/4500/2508
f 3004/4506/2461 1876/4511/2511 1755/4507/2510
f 1876/4511/2511 1877/4409/2465 1755/4507/2510
f 1755/4507/2510 1877/4409/2465 1878/4512/2512
f 3003/4403/2462 1877/4409/2465 1773/4400/2460
f 1876/4513/2511 1773/4514/2460 1877/4515/2465
f 3009/4408/2464 3005/4410/2466 3008/4516/2513
f 3005/4410/2466 3006/4328/2427 2463/4517/2514
f 3005/4518/2466 2463/4519/2514 2179/4520/2515
f 3006/4328/2427 2074/4332/1391 2463/4517/2514
f 2074/4332/1391 2076/4521/2516 2463/4517/2514
f 2463/4517/2514 2076/4521/2516 2465/4522/2517
f 2074/4332/1391 2075/4333/2428 2076/4521/2516
f 2075/4333/2428 2100/4411/2467 2467/4523/2518
f 2467/4523/2518 2100/4411/2467 2471/4428/2475
f 2216/4427/2474 2215/4431/2476 2471/4428/2475
f 2471/4428/2475 2215/4431/2476 2214/4524/2519
f 2471/4428/2475 2214/4524/2519 2467/4523/2518
f 2157/4443/2485 3046/4442/2482 2156/4525/2520
f 2157/4443/2485 2156/4525/2520 2173/4526/2521
f 2173/4526/2521 2156/4525/2520 2317/4527/2522
f 2173/4526/2521 2317/4527/2522 954/4528/2523
f 3046/4442/2482 1165/4446/2441 2317/4527/2522
f 3046/4529/2482 2317/4530/2522 2156/4531/2520
f 2317/4527/2522 2174/4532/2524 954/4528/2523
f 2317/4533/2525 2316/4534/2526 2315/4535/2527
f 1165/4446/2441 1162/4536/2528 2317/4527/2522
f 1165/4446/2441 3059/4537/2529 1162/4536/2528
f 1162/4536/2528 1163/4538/2530 2174/4539/2531
f 1162/4536/2528 3059/4537/2529 1163/4538/2530
f 1165/4446/2441 1164/4447/2486 3059/4537/2529
f 3059/4540/2529 2313/4541/2532 2314/4542/2533
f 3059/4540/2529 2131/4543/2534 2313/4541/2532
f 3059/4544/2529 1164/4545/2486 2131/4546/2534
f 2131/4547/2534 1166/4548/2535 2132/4549/2536
f 1164/4447/2486 1166/4548/2535 2131/4547/2534
f 2132/4549/2536 1166/4548/2535 2133/4550/2537
f 1164/4447/2486 2278/4448/2487 3060/4551/2538
f 1164/4447/2486 3060/4551/2538 1166/4548/2535
f 2322/4552/2539 2324/4553/2540 2323/4554/2541
f 3060/4551/2538 2193/4555/2542 1166/4548/2535
f 2193/4555/2542 3060/4551/2538 3061/4556/2543
f 2193/4555/2542 3061/4556/2543 2323/4557/2544
f 2200/4364/2443 2098/4454/2489 2278/4558/2487
f 2278/4558/2487 2098/4454/2489 3060/4551/2538
f 3060/4551/2538 1906/4559/2545 3061/4556/2543
f 3060/4551/2538 2098/4454/2489 1906/4559/2545
f 3061/4556/2543 1906/4559/2545 2323/4557/2544
f 2095/4461/2490 3043/4560/2546 2098/4454/2489
f 2095/4461/2490 3045/4561/2547 3043/4560/2546
f 2095/4562/2490 1192/4563/2492 3045/4564/2547
f 3043/4565/2546 1905/4566/2548 2098/4567/2489
f 3043/4565/2546 3044/4568/2549 1905/4566/2548
f 1192/4569/2492 1905/4570/2548 3045/4571/2547
f 2098/4454/2489 1905/4570/2548 1906/4559/2545
f 1905/4570/2548 1904/4572/2550 1906/4559/2545
f 1905/4570/2548 1192/4569/2492 1904/4572/2550
f 1191/4462/2491 1188/4467/2494 1192/4573/2492
f 1192/4569/2492 1188/4467/2494 1904/4572/2550
f 1188/4574/2494 2009/4575/2551 1904/4576/2550
f 1188/4574/2494 2326/4577/2552 2009/4575/2551
f 2009/4575/2551 2325/4578/2553 1904/4576/2550
f 1904/4572/2550 2063/4579/2554 1906/4559/2545
f 2009/4575/2551 2326/4580/2552 2325/4578/2553
f 2326/4580/2552 2327/4581/2555 2325/4578/2553
f 1184/4367/2445 3034/4466/2493 1188/4467/2494
f 1188/4467/2494 3034/4466/2493 2326/4582/2552
f 2326/4582/2552 1189/4583/2556 2327/4584/2555
f 3034/4466/2493 1189/4583/2556 2326/4582/2552
f 1189/4583/2556 2049/4585/2557 2327/4584/2555
f 3034/4466/2493 3035/4586/2558 1189/4583/2556
f 3034/4466/2493 1187/4369/2446 3035/4586/2558
f 1189/4587/2556 2189/4588/2559 2201/4589/2560
f 1187/4369/2446 2008/4590/2496 3035/4586/2558
f 3035/4586/2558 2037/4591/2561 1189/4587/2556
f 1189/4587/2556 2037/4591/2561 2189/4588/2559
f 2008/4590/2496 2038/4592/2562 2040/4479/2498
f 3035/4586/2558 2008/4590/2496 2037/4591/2561
f 2008/4590/2496 2084/4593/2563 2037/4591/2561
f 2040/4479/2498 1154/4481/2499 2008/4590/2496
f 2008/4590/2496 1154/4481/2499 2084/4593/2563
f 1154/4481/2499 2041/4594/2564 2084/4593/2563
f 2041/4594/2564 3071/4595/2565 2189/4596/2566
f 1154/4481/2499 3071/4595/2565 2041/4594/2564
f 1884/4597/2453 3070/4598/2567 1154/4599/2499
f 1154/4481/2499 2042/4600/2568 3071/4595/2565
f 2042/4601/2568 3070/4602/2567 3071/4603/2565
f 1884/4381/2453 3030/4482/1453 3070/4604/2567
f 3070/4604/2567 1886/4483/2500 3071/4605/2565
f 3071/4605/2565 1886/4483/2500 1887/4606/2569
f 3030/4482/1453 1886/4483/2500 3070/4604/2567
f 3027/4607/2570 1888/4608/2571 1886/4483/2500
f 3027/4609/2570 3029/4610/2572 1888/4608/2571
f 1888/4608/2571 3029/4610/2572 2085/4611/2573
f 3029/4610/2572 2184/4612/2574 2085/4611/2573
f 1886/4483/2500 2998/4294/1223 3027/4609/2570
f 3029/4613/2572 1939/4614/2575 2184/4615/2574
f 3029/4610/2572 3027/4609/2570 1939/4616/2575
f 1939/4616/2575 3027/4609/2570 1741/4617/2576
f 2998/4294/1223 1867/4488/1212 3027/4609/2570
f 3027/4618/2570 1867/4619/1212 1739/4620/2577
f 3027/4618/2570 1739/4620/2577 3028/4621/2578
f 1739/4622/2577 1741/4617/2579 2010/4623/2580
f 1867/4488/1212 3073/4624/2581 1739/4622/2577
f 1739/4622/2577 3073/4624/2581 1740/4625/2582
f 1739/4622/2577 1740/4625/2582 1741/4617/2579
f 3016/4489/2501 1742/4626/2583 1867/4488/1212
f 1867/4488/1212 1742/4626/2583 3073/4624/2581
f 1740/4627/2582 3073/4628/2581 3072/4629/2584
f 3073/4624/2581 1742/4626/2583 1743/4630/2585
f 3016/4489/2501 2240/4631/2586 1742/4626/2583
f 3016/4489/2501 3015/4490/2502 2240/4631/2586
f 2240/4631/2586 3015/4490/2502 1780/4632/2587
f 3014/4633/2588 3015/4490/2502 1779/4387/2454
f 3015/4490/2502 3014/4633/2588 1780/4632/2587
f 1779/4387/2454 1778/4634/2589 3082/4635/2590
f 1779/4387/2454 3082/4635/2590 3014/4633/2588
f 1779/4492/2454 3011/4491/2503 1778/4634/2589
f 3082/4635/2590 1778/4634/2589 3012/4636/2591
f 1778/4637/2589 3011/4491/2503 1757/4638/2592
f 1778/4639/2589 2285/4640/2593 3012/4641/2591
f 1778/4637/2589 1757/4638/2592 2285/4642/2593
f 3011/4491/2503 3013/4393/2456 1757/4638/2592
f 1757/4638/2592 3013/4393/2456 1756/4643/2594
f 1757/4638/2592 1756/4643/2594 1758/4644/2595
f 1753/4645/2507 2242/4646/2596 3013/4647/2456
f 1753/4499/2507 1754/4500/2508 2242/4648/2596
f 3013/4647/2456 2242/4646/2596 2268/4649/2597
f 3013/4393/2456 2268/4650/2597 1756/4643/2594
f 1756/4643/2594 2268/4650/2597 1771/4651/2598
f 2268/4650/2597 2242/4652/2596 1771/4651/2598
f 1755/4507/2510 1878/4653/2512 1754/4500/2508
f 1754/4500/2508 1878/4653/2512 1770/4654/2599
f 1754/4500/2508 1770/4654/2599 2242/4652/2596
f 2242/4652/2596 1770/4654/2599 1771/4651/2598
f 1770/4654/2599 1934/4655/2600 1771/4651/2598
f 1878/4512/2512 1877/4409/2465 1770/4654/2599
f 1877/4409/2465 2175/4656/2601 1770/4654/2599
f 1770/4654/2599 2175/4656/2601 1934/4655/2600
f 1877/4409/2465 3009/4408/2464 2175/4656/2601
f 3009/4657/2464 3008/4658/2513 2175/4659/2601
f 2175/4656/2601 2176/4660/2602 1934/4655/2600
f 1934/4655/2600 2180/4661/2603 1771/4651/2598
f 3007/4662/2604 2176/4663/2602 3008/4658/2513
f 3008/4658/2513 2176/4663/2602 2175/4659/2601
f 3007/4664/2604 2177/4665/2605 2176/4660/2602
f 3008/4516/2513 1774/4666/2606 2177/4667/2605
f 3008/4516/2513 3005/4410/2466 1774/4666/2606
f 2177/4665/2605 3010/4668/1249 2176/4660/2602
f 2176/4660/2602 3010/4668/1249 1934/4655/2600
f 2177/4669/2605 1774/4670/2606 3010/4671/1249
f 3010/4668/1249 1774/4672/2606 2179/4673/2515
f 3005/4518/2466 2179/4520/2515 1774/4674/2606
f 2179/4673/2515 1934/4655/2600 3010/4668/1249
f 1934/4655/2600 2179/4673/2515 2178/4675/2607
f 2179/4673/2515 2463/4517/2514 2178/4675/2607
f 2178/4676/2607 2463/4519/2514 2464/4677/1299
f 2178/4676/2607 2464/4677/1299 2234/4678/2608
f 2178/4675/2607 2234/4679/2608 1934/4655/2600
f 1934/4655/2600 2234/4679/2608 2235/4680/2609
f 1934/4655/2600 2235/4680/2609 2180/4661/2603
f 2464/4677/1299 2245/4681/2610 2234/4678/2608
f 2234/4679/2608 2245/4682/2610 2235/4680/2609
f 2463/4517/2514 2465/4522/2517 2464/4683/1299
f 2464/4683/1299 2465/4522/2517 2245/4684/2610
f 2245/4684/2610 2350/4685/2611 2290/4686/2612
f 2290/4686/2612 2350/4685/2611 2180/4687/2613
f 2245/4684/2610 2465/4522/2517 2350/4685/2611
f 2465/4522/2517 2351/4688/2614 2350/4685/2611
f 2465/4522/2517 2467/4523/2518 2351/4688/2614
f 2350/4685/2611 2352/4689/2615 2180/4687/2613
f 2350/4690/2611 2351/4691/2614 2352/4692/2615
f 2076/4521/2516 2075/4333/2428 2467/4523/2518
f 2467/4523/2518 2465/4522/2517 2076/4521/2516
f 2351/4688/2614 3092/4693/2616 2352/4694/2615
f 2351/4688/2614 2466/4695/2617 3092/4693/2616
f 2467/4523/2518 2466/4695/2617 2351/4688/2614
f 2467/4696/2518 2214/4697/2519 2466/4698/2617
f 2214/4697/2519 2219/4699/2618 2466/4698/2617
f 2214/4524/2519 2215/4431/2476 2219/4700/2618
f 2215/4431/2476 3092/4693/2616 2219/4700/2618
f 2219/4700/2618 3092/4693/2616 2466/4695/2617
f 3100/4701/2619 3096/4702/2620 922/4703/2621
f 3096/4702/2620 3101/4704/2622 922/4703/2621
f 3096/4702/2620 3102/4705/2623 3101/4704/2622
f 3096/4702/2620 3097/4706/2624 3102/4705/2623
f 3096/4702/2620 3095/4707/2625 3097/4706/2624
f 3096/4702/2620 3098/4708/2626 3095/4707/2625
f 3098/4708/2626 3094/4709/2627 3095/4707/2625
f 3098/4708/2626 3093/4710/2628 3094/4709/2627
f 3094/4709/2627 3093/4710/2628 3099/4711/2629
f 3093/4710/2628 3088/4712/2630 3099/4711/2629
f 3088/4712/2630 3083/4713/2631 3099/4711/2629
f 3083/4713/2631 1827/4714/2632 3099/4711/2629
f 3083/4713/2633 3085/4715/2634 3084/4716/2635
f 3085/4715/2634 3086/4717/2636 3084/4716/2635
f 3084/4716/2635 3086/4717/2636 1827/4718/2637
f 3087/4719/2638 3086/4717/2636 3085/4715/2634
f 3086/4717/2636 3087/4719/2638 3089/4720/2639
f 3087/4719/2638 3090/4721/2640 3089/4720/2639
f 3087/4719/2638 3103/4722/2641 3090/4721/2640
f 3103/4723/2642 1041/4724/2643 3089/4725/2644
f 1041/4724/2643 3091/4726/2645 3089/4725/2644
f 1041/4724/2643 3092/4727/2646 3091/4726/2645
f 3128/4728/474 773/4729/493 3127/4730/2647
f 773/4729/493 3126/4731/2648 3127/4730/2647
f 3125/4732/494 3126/4731/2648 773/4729/493
f 3121/4733/473 3126/4731/2648 3125/4732/494
f 3121/4733/473 3131/4734/2649 3126/4731/2648
f 3121/4733/473 3122/4735/2650 3131/4734/2649
f 3131/4734/2649 3130/4736/2651 3126/4731/2648
f 3126/4731/2648 3130/4736/2651 3132/4737/2652
f 3131/4734/2649 3124/4738/2653 3130/4736/2651
f 3122/4735/2650 3124/4738/2653 3140/4739/2654
f 3122/4735/2650 3123/4740/2655 3124/4738/2653
f 3121/4733/473 3119/4741/2656 3122/4735/2650
f 3124/4738/2653 3123/4740/2655 3130/4736/2651
f 3122/4735/2650 3119/4741/2656 3123/4740/2655
f 3119/4741/2656 3120/4742/2657 3123/4740/2655
f 3123/4740/2655 3120/4742/2657 3139/4743/2658
f 3139/4743/2658 3120/4742/2657 3137/4744/2659
f 3118/4745/2660 3116/4746/2661 3117/4747/2662
f 3116/4746/2661 3106/4748/2663 3117/4747/2662
f 3118/4745/2660 3117/4747/2662 3119/4741/2656
f 3119/4741/2656 3117/4747/2662 3120/4742/2657
f 3120/4742/2657 3117/4747/2662 3135/4749/551
f 3120/4742/2657 3135/4749/551 470/4750/544
f 3117/4747/2662 3134/4751/554 3135/4749/551
f 3117/4747/2662 3110/4752/2664 3134/4751/554
f 3134/4751/554 521/4753/552 3135/4749/551
f 3116/4746/2661 3136/4754/21 3106/4748/2663
f 3136/4754/21 3180/4755/19 3105/4756/2665
f 3136/4754/21 3105/4756/2665 3106/4748/2663
f 3134/4751/554 3110/4752/2664 3109/4757/2666
f 3106/4748/2663 3109/4757/2666 3110/4752/2664
f 3105/4756/2665 3104/4758/2667 3106/4748/2663
f 3106/4748/2663 3104/4758/2667 3109/4757/2666
f 3109/4757/2666 484/4759/580 3129/4760/2668
f 3104/4758/2667 485/4761/581 3109/4757/2666
f 3109/4757/2666 485/4761/581 484/4759/580
f 484/4759/580 485/4761/581 473/4762/570
f 3104/4758/2667 3107/4763/2669 3142/4764/2670
f 3104/4758/2667 3142/4764/2670 485/4761/581
f 3107/4763/2669 3138/4765/2671 3142/4764/2670
f 3142/4764/2670 3112/4766/2672 485/4761/581
f 3138/4765/2671 3107/4763/2669 3112/4766/2672
f 3107/4763/2669 3133/4767/2673 3112/4766/2672
f 485/4761/581 3112/4766/2672 3111/4768/2674
f 3112/4766/2672 3113/4769/2675 3111/4768/2674
f 3107/4763/2669 3108/4770/2676 3133/4767/2673
f 3112/4766/2672 3133/4767/2673 3113/4769/2675
f 3133/4767/2673 3114/4771/2677 3113/4769/2675
f 3113/4769/2675 3114/4771/2677 3115/4772/2678
f 3114/4771/2677 478/4773/605 3115/4772/2678
f 3114/4771/2677 3141/4774/2679 478/4773/605
f 3141/4774/2679 3143/4775/607 478/4773/605
f 3141/4774/2679 3144/4776/2680 3143/4775/607
f 3144/4776/2680 3145/4777/2681 3143/4775/607
f 3145/4777/2681 3146/4778/2682 3143/4775/607
f 3145/4777/2681 3147/4779/2683 3146/4778/2682
f 3147/4779/2683 3148/4780/2684 3146/4778/2682
f 3148/4780/2684 3149/4781/2685 3146/4778/2682
f 3148/4780/2684 3151/4782/2686 3150/4783/2687
f 3148/4780/2684 3150/4783/2687 3149/4781/2685
f 3151/4782/2688 3152/4784/2689 476/4785/2690
f 3152/4784/2689 3153/4786/2691 476/4785/2690
f 3152/4784/2689 3154/4787/2692 3153/4786/2691
f 3154/4787/2692 3155/4788/2693 3153/4786/2691
f 3153/4786/2691 3155/4788/2693 487/4789/658
f 3155/4788/2693 488/4790/657 487/4789/658
f 3155/4788/2693 3156/4791/2694 488/4790/657
f 3156/4791/2694 3157/4792/2695 488/4790/657
f 3157/4792/2695 580/4793/655 488/4790/657
f 813/4794/2696 580/4793/655 3157/4792/2695
f 580/4793/655 813/4794/2696 3158/4795/2697
f 813/4794/2696 3159/4796/2698 3158/4795/2697
f 813/4794/2696 3177/4797/2699 3159/4796/2698
f 3177/4797/2699 3160/4798/2700 3159/4796/2698
f 3160/4798/2700 789/4799/2701 3159/4796/2698
f 789/4799/2701 3161/4800/2702 3159/4796/2698
f 789/4799/2701 3178/4801/2703 3162/4802/2704
f 789/4799/2701 3162/4802/2704 3161/4800/2702
f 3162/4802/2704 3164/4803/2705 3163/4804/2706
f 3162/4802/2704 3178/4801/2703 3164/4803/2705
f 3178/4801/2703 785/4805/2707 3164/4803/2705
f 785/4805/2707 3165/4806/2708 3164/4803/2705
f 3168/4807/2709 3166/4808/2710 785/4805/2707
f 785/4805/2707 3166/4808/2710 3165/4806/2708
f 3166/4808/2710 3167/4809/2711 3165/4806/2708
f 3167/4809/2711 3169/4810/2712 3165/4806/2708
f 3165/4806/2708 3169/4810/2712 3170/4811/2713
f 3169/4810/2712 3171/4812/2714 3170/4811/2713
f 3169/4810/2712 3172/4813/2715 3171/4812/2714
f 3172/4813/2715 3179/4814/2716 3174/4815/2717
f 3172/4813/2715 3173/4816/2718 3171/4812/2714
f 3172/4813/2715 3174/4815/2717 3173/4816/2718
f 3173/4816/2718 3174/4815/2717 3175/4817/2719
f 3174/4815/2717 3176/4818/2720 3175/4817/2719
f 3181/4819/1212 3182/4820/1212 3183/4821/1212
f 3187/4822/2721 3188/4823/2722 3189/4824/2723
f 3184/4825/2724 3185/4826/2725 3186/4827/2726
f 3215/4828/2727 771/4829/538 656/4830/2728
f 771/4829/538 3213/4831/537 656/4830/2728
f 3213/4831/537 3212/4832/2729 656/4830/2728
f 3212/4832/2729 751/4833/565 656/4830/2728
f 3212/4832/2729 3211/4834/534 751/4833/565
f 656/4830/2728 751/4833/565 3214/4835/2730
f 3214/4835/2730 751/4833/565 3207/4836/2731
f 3210/4837/564 3207/4836/2731 751/4833/565
f 3210/4837/564 3209/4838/566 3207/4836/2731
f 3209/4838/566 3208/4839/2732 3207/4836/2731
f 3208/4839/2732 3206/4840/585 3207/4836/2731
f 3206/4840/585 3205/4841/587 3207/4836/2731
f 3206/4840/585 753/4842/599 3205/4841/587
f 699/4843/600 3205/4841/587 3202/4844/2733
f 753/4842/599 3202/4844/2733 3205/4841/587
f 753/4842/599 3204/4845/2734 3202/4844/2733
f 3204/4845/2734 3203/4846/2735 3202/4844/2733
f 3203/4846/2735 3201/4847/2736 3202/4844/2733
f 3201/4847/2736 697/4848/632 3202/4844/2733
f 3201/4847/2736 3200/4849/2737 697/4848/632
f 697/4848/632 3200/4849/2737 696/4850/640
f 696/4850/640 3200/4849/2737 3199/4851/2738
f 696/4850/640 3199/4851/2738 3193/4852/2739
f 3199/4851/2738 3198/4853/2740 3193/4852/2739
f 3198/4853/2740 3190/4854/2741 3193/4852/2739
f 3193/4852/2739 3190/4854/2741 3191/4855/2742
f 3190/4854/2741 3192/4856/2743 3191/4855/2742
f 3192/4856/2743 3194/4857/2744 3191/4855/2742
f 3194/4857/2744 3195/4858/2745 3191/4855/2742
f 3197/4859/2746 3191/4855/2742 3196/4860/2747
f 3195/4858/2745 3196/4860/2747 3191/4855/2742
f 3195/4858/2745 770/4861/729 3196/4860/2747
f 726/4862/705 3217/4863/2748 770/4861/729
f 3196/4860/2747 770/4861/729 3218/4864/2749
f 3218/4864/2749 770/4861/729 3216/4865/743
f 3217/4863/2748 3216/4865/743 770/4861/729
f 728/4866/742 3218/4864/2749 3216/4865/743
f 728/4866/742 3219/4867/2750 3218/4864/2749
f 728/4866/742 3220/4868/2751 3219/4867/2750
f 3220/4868/2751 3221/4869/755 3219/4867/2750
f 3225/4870/2752 3219/4867/2750 765/4871/769
f 3221/4869/755 765/4871/769 3219/4867/2750
f 3225/4870/2752 765/4871/769 687/4872/2753
f 730/4873/767 766/4874/779 765/4871/769
f 766/4874/779 687/4872/2753 765/4871/769
f 766/4874/779 3222/4875/2754 687/4872/2753
f 3222/4875/2754 3223/4876/2755 687/4872/2753
f 3223/4876/2755 3224/4877/2756 687/4872/2753
f 3227/4878/2757 3224/4877/2756 3223/4876/2755
f 3227/4878/2757 3226/4879/2758 3224/4877/2756
f 3227/4878/2757 3228/4880/2759 3226/4879/2758
f 3274/4881/2760 3282/4882/2761 3236/4883/2762
f 3263/4884/2763 3236/4883/2762 3279/4885/2764
f 3274/4881/2760 3236/4883/2762 3263/4884/2763
f 3236/4883/2762 3239/4886/2765 3238/4887/2766
f 3292/4888/2767 3239/4886/2765 3236/4883/2762
f 3239/4886/2765 3292/4888/2767 3285/4889/2768
f 3279/4885/2764 3236/4883/2762 3242/4890/2769
f 3242/4890/2769 3236/4883/2762 3235/4891/2770
f 3242/4890/2769 3235/4891/2770 3270/4892/2771
f 3236/4883/2762 3237/4893/2772 3518/4894/2773
f 3236/4883/2762 3518/4894/2773 3235/4891/2770
f 3235/4891/2770 3518/4894/2773 3234/4895/2774
f 3238/4887/2766 3237/4893/2772 3236/4883/2762
f 3238/4887/2766 3239/4886/2765 3272/4896/2775
f 3270/4892/2771 3235/4891/2770 3265/4897/2776
f 3286/4898/2777 3235/4891/2770 3240/4899/2778
f 3283/4900/2779 3240/4899/2778 3280/4901/2780
f 3280/4901/2780 3240/4899/2778 3231/4902/2781
f 3235/4891/2770 3233/4903/2782 3240/4899/2778
f 3235/4891/2770 3234/4895/2774 3233/4903/2782
f 3233/4903/2782 3234/4895/2774 3241/4904/2783
f 3231/4902/2781 3230/4905/2784 3229/4906/2785
f 3240/4899/2778 3233/4903/2782 3231/4902/2781
f 3231/4902/2781 3233/4903/2782 3230/4905/2784
f 3233/4903/2782 3232/4907/2786 3230/4905/2784
f 3230/4905/2784 3232/4907/2786 3526/4908/2787
f 3243/4909/2788 3244/4910/2789 3245/4911/2790
f 3229/4906/2785 3230/4905/2784 3243/4909/2788
f 3243/4909/2788 3230/4905/2784 3244/4910/2789
f 3244/4910/2789 3230/4905/2784 3281/4912/2791
f 3245/4911/2790 3247/4913/2792 3246/4914/2793
f 3273/4915/2794 3246/4914/2793 3268/4916/2795
f 3246/4914/2793 3247/4913/2792 3248/4917/2796
f 3246/4914/2793 3248/4917/2796 3249/4918/2797
f 3245/4911/2790 3244/4910/2789 3247/4913/2792
f 3268/4916/2795 3246/4914/2793 3250/4919/2798
f 3250/4919/2798 3251/4920/2799 3284/4921/2800
f 3246/4914/2793 3249/4918/2797 3257/4922/2801
f 3246/4914/2793 3257/4922/2801 3250/4919/2798
f 3249/4918/2797 3261/4923/2802 3257/4922/2801
f 3257/4922/2801 3261/4923/2802 3276/4924/2803
f 3257/4922/2801 3276/4924/2803 3275/4925/2804
f 3251/4920/2799 3250/4919/2798 3258/4926/2805
f 3264/4927/2806 3251/4920/2799 3253/4928/2807
f 3253/4928/2807 3251/4920/2799 3252/4929/2808
f 3264/4927/2806 3253/4928/2807 3271/4930/2809
f 3251/4920/2799 3258/4926/2805 3252/4929/2808
f 3257/4922/2801 3258/4926/2805 3250/4919/2798
f 3257/4922/2801 3275/4925/2804 3258/4926/2805
f 3258/4926/2805 3269/4931/2810 3252/4929/2808
f 3277/4932/2811 3253/4928/2807 3254/4933/2812
f 3253/4928/2807 3252/4929/2808 3255/4934/2813
f 3253/4928/2807 3255/4934/2813 3254/4933/2812
f 3255/4934/2813 3252/4929/2808 3266/4935/2814
f 3255/4934/2813 3266/4935/2814 3278/4936/2815
f 3358/4937/2816 3254/4933/2812 3259/4938/2817
f 3358/4937/2816 3259/4938/2817 3287/4939/2818
f 3254/4933/2812 3545/4940/2819 3259/4938/2817
f 3254/4933/2812 3256/4941/2820 3545/4940/2819
f 3254/4933/2812 3255/4934/2813 3256/4941/2820
f 3545/4940/2819 3256/4941/2820 3262/4942/2821
f 3545/4940/2819 3260/4943/2822 3259/4938/2817
f 3259/4938/2817 3260/4943/2822 3267/4944/2823
f 3293/4945/2824 3291/4946/2825 3292/4947/2826
f 3295/4948/2827 3290/4949/2828 3291/4946/2825
f 3291/4946/2825 3288/4950/2829 3292/4947/2826
f 3290/4949/2828 3288/4950/2829 3291/4946/2825
f 3288/4950/2829 3289/4951/2830 3292/4947/2826
f 3290/4949/2828 3294/4952/2831 3288/4950/2829
f 3352/4953/2832 3242/4954/2833 3328/4955/2834
f 3242/4954/2833 3337/4956/2835 3328/4955/2834
f 3354/4957/2836 3336/4958/2837 3337/4956/2835
f 3353/4959/2838 3335/4960/2839 3336/4958/2837
f 3346/4961/2840 3333/4962/2841 3335/4960/2839
f 3246/4963/2842 3339/4964/2843 3338/4965/2844
f 3268/4966/2845 3344/4967/2846 3339/4964/2843
f 3344/4967/2846 3297/4968/2847 3339/4964/2843
f 3355/4969/2848 3350/4970/2849 3297/4968/2847
f 3350/4970/2849 3334/4971/2850 3297/4968/2847
f 3350/4970/2849 3349/4972/2851 3334/4971/2850
f 3361/4973/2852 3347/4974/2853 3334/4971/2850
f 3347/4974/2853 3287/4975/2818 3334/4971/2850
f 3347/4974/2853 3358/4976/2816 3287/4975/2818
f 3328/4955/2834 3342/4977/2854 3348/4978/2855
f 3328/4955/2834 3336/4958/2837 3788/4979/2856
f 3328/4955/2834 3337/4956/2835 3336/4958/2837
f 3342/4977/2854 3328/4955/2834 3329/4980/2857
f 3328/4955/2834 3788/4979/2856 3329/4980/2857
f 3788/4979/2856 3336/4958/2837 3330/4981/2858
f 3336/4958/2837 3790/4982/2859 3327/4983/2860
f 3336/4958/2837 3327/4983/2860 3330/4981/2858
f 3336/4958/2837 3326/4984/2861 3790/4982/2859
f 3326/4984/2861 3336/4958/2837 3325/4985/2862
f 3336/4958/2837 3335/4960/2839 3325/4985/2862
f 3335/4960/2839 3333/4962/2841 3325/4985/2862
f 3333/4962/2841 3338/4965/2844 3304/4986/2863
f 3338/4965/2844 3339/4964/2843 3304/4986/2863
f 3287/4975/2818 3340/4987/2864 3298/4988/2865
f 3325/4985/2862 3333/4962/2841 3304/4986/2863
f 3304/4986/2863 3339/4964/2843 3297/4968/2847
f 3325/4985/2862 3304/4986/2863 3300/4989/2866
f 3299/4990/2867 3325/4985/2862 3300/4989/2866
f 3334/4971/2850 3287/4975/2818 3296/4991/2868
f 3299/4990/2867 3300/4989/2866 3324/4992/2869
f 3297/4968/2847 3334/4971/2850 3296/4991/2868
f 3324/4992/2869 3300/4989/2866 3305/4993/2870
f 3304/4986/2863 3297/4968/2847 3306/4994/2871
f 3296/4991/2868 3367/4995/2872 3297/4968/2847
f 3324/4992/2869 3305/4993/2870 3357/4996/2873
f 3300/4989/2866 3304/4986/2863 3301/4997/2874
f 3306/4994/2871 3297/4968/2847 3314/4998/2875
f 3297/4968/2847 3367/4995/2872 3314/4998/2875
f 3287/4975/2818 3302/4999/2876 3316/5000/2877
f 3287/4975/2818 3298/4988/2865 3302/4999/2876
f 3319/5001/2878 3320/5002/2879 3308/5003/2880
f 3359/5004/2881 3322/5005/2882 3321/5006/2883
f 3320/5002/2879 3321/5006/2883 3323/5007/2884
f 3322/5005/2882 3323/5007/2884 3321/5006/2883
f 3300/4989/2866 3301/4997/2874 3305/4993/2870
f 3305/4993/2870 3301/4997/2874 3313/5008/2885
f 3296/4991/2868 3287/4975/2818 3316/5000/2877
f 3298/4988/2865 3303/5009/2886 3302/4999/2876
f 3308/5003/2880 3320/5002/2879 3318/5010/2887
f 3308/5003/2880 3318/5010/2887 6223/5011/2888
f 3308/5003/2880 6223/5011/2888 3309/5012/2889
f 3331/5013/2890 3308/5003/2880 3309/5012/2889
f 3320/5002/2879 3323/5007/2884 3318/5010/2887
f 3318/5010/2887 3323/5007/2884 3307/5014/2891
f 3323/5007/2884 3305/4993/2870 3310/5015/2892
f 3305/4993/2870 3311/5016/2893 3310/5015/2892
f 3296/4991/2868 3316/5000/2877 3315/5017/2894
f 3316/5000/2877 3302/4999/2876 3317/5018/2895
f 3323/5007/2884 3310/5015/2892 3307/5014/2891
f 3311/5016/2893 3364/5019/2896 3310/5015/2892
f 3311/5016/2893 3305/4993/2870 3312/5020/2897
f 3311/5016/2893 3312/5020/2897 3362/5021/2898
f 3305/4993/2870 3313/5008/2885 3312/5020/2897
f 3312/5020/2897 3313/5008/2885 3345/5022/2899
f 3301/4997/2874 3304/4986/2863 6206/5023/2900
f 3304/4986/2863 3306/4994/2871 3332/5024/2901
f 3306/4994/2871 3356/5025/2902 3332/5024/2901
f 3314/4998/2875 3367/4995/2872 3351/5026/2903
f 3351/5026/2903 3360/5027/2904 3314/4998/2875
f 3367/4995/2872 3341/5028/2905 3363/5029/2906
f 3367/4995/2872 3296/4991/2868 3341/5028/2905
f 3351/5026/2903 3363/5030/2907 3360/5027/2904
f 3341/5028/2905 3365/5031/2908 3363/5029/2906
f 3296/4991/2868 3368/5032/2909 3341/5028/2905
f 3296/4991/2868 3365/5033/2910 3368/5032/2909
f 3296/4991/2868 3343/5034/2911 3365/5033/2910
f 3296/4991/2868 3315/5017/2894 3343/5034/2911
f 3302/4999/2876 3366/5035/2912 3317/5018/2895
f 3388/5036/2913 3386/5037/2914 3419/5038/2915
f 3419/5038/2915 3387/5039/2916 3412/5040/2917
f 3389/5041/2918 3384/5042/2919 3386/5037/2914
f 3389/5041/2918 3385/5043/2920 3384/5042/2919
f 3383/5044/2921 3413/5045/2922 3384/5042/2919
f 3385/5043/2920 3383/5044/2921 3384/5042/2919
f 3386/5037/2914 3387/5039/2916 3419/5038/2915
f 3386/5037/2914 3384/5042/2919 3387/5039/2916
f 3416/5046/2923 3390/5047/2924 3381/5048/2925
f 3390/5047/2924 3464/5049/2926 3381/5048/2925
f 3413/5045/2922 3383/5044/2921 3648/5050/2927
f 3466/5051/2928 3381/5048/2925 3383/5044/2921
f 3381/5048/2925 3648/5050/2927 3383/5044/2921
f 3381/5048/2925 3382/5052/2929 3648/5050/2927
f 3464/5049/2926 3382/5052/2929 3381/5048/2925
f 3464/5049/2926 3380/5053/2930 3382/5052/2929
f 3380/5053/2930 3415/5054/2931 3405/5055/2932
f 3379/5056/2933 3378/5057/2934 3464/5049/2926
f 3379/5056/2933 3376/5058/2935 3378/5057/2934
f 3464/5049/2926 3378/5057/2934 3380/5053/2930
f 3378/5057/2934 3409/5059/2936 3380/5053/2930
f 3380/5053/2930 3409/5059/2936 3415/5054/2931
f 3376/5058/2935 3375/5060/2937 3377/5061/2938
f 3376/5058/2935 3377/5061/2938 3378/5057/2934
f 3370/5062/2939 3369/5063/2940 3373/5064/2941
f 3371/5065/2942 3617/5066/2943 3370/5062/2939
f 3370/5062/2939 3617/5066/2943 3369/5063/2940
f 3376/5058/2935 3373/5064/2941 3375/5060/2937
f 3373/5064/2941 3369/5063/2940 3375/5060/2937
f 3371/5065/2942 3372/5067/2944 3617/5066/2943
f 3617/5066/2943 3372/5067/2944 3374/5068/2945
f 3372/5067/2944 3618/5069/2946 3374/5068/2945
f 3372/5067/2944 3391/5070/2947 3618/5069/2946
f 3372/5067/2944 3392/5071/2948 3391/5070/2947
f 3392/5071/2948 3408/5072/2949 3391/5070/2947
f 3392/5071/2948 3393/5073/2950 3408/5072/2949
f 3470/5074/2951 3395/5075/2952 3392/5071/2948
f 3392/5071/2948 3395/5075/2952 3393/5073/2950
f 3395/5075/2952 3394/5076/2953 3393/5073/2950
f 3397/5077/2954 3627/5078/2955 3394/5076/2953
f 3394/5076/2953 3627/5078/2955 3396/5079/2956
f 3393/5073/2950 3407/5080/2957 3408/5072/2949
f 3394/5076/2953 3396/5079/2956 3393/5073/2950
f 3396/5079/2956 3410/5081/2958 3393/5073/2950
f 3393/5073/2950 3410/5081/2958 3414/5082/2959
f 3396/5079/2956 3417/5083/2960 3410/5081/2958
f 3411/5084/2961 3471/5085/2962 3397/5077/2954
f 3458/5086/2963 3399/5087/2964 3471/5085/2962
f 3471/5085/2962 3399/5087/2964 3398/5088/2965
f 3397/5077/2954 3398/5088/2965 3627/5078/2955
f 3397/5077/2954 3471/5085/2962 3398/5088/2965
f 3404/5089/2966 3401/5090/2967 3402/5091/2968
f 3404/5089/2966 3403/5092/2969 3401/5090/2967
f 3402/5091/2968 3401/5090/2967 3400/5093/2970
f 3458/5086/2963 3400/5093/2970 3399/5087/2964
f 3400/5093/2970 3401/5090/2967 3399/5087/2964
f 3399/5087/2964 3401/5090/2967 3629/5094/2971
f 3399/5087/2972 3629/5094/2973 3406/5095/2974
f 3403/5092/2969 3631/5096/2975 3401/5090/2967
f 3422/5097/2976 3419/5098/2977 3421/5099/2978
f 3421/5099/2978 3419/5098/2977 3420/5100/2979
f 3420/5100/2979 3419/5098/2977 3418/5101/2980
f 3419/5098/2977 3425/5102/2981 3418/5101/2980
f 3418/5101/2980 3425/5102/2981 3424/5103/2982
f 3418/5101/2980 3424/5103/2982 3423/5104/2983
f 3433/5105/2984 3430/5106/2985 3426/5107/2986
f 3430/5106/2985 3431/5108/2987 3426/5107/2986
f 3427/5109/2988 3428/5110/2989 3426/5107/2986
f 3478/5111/2990 3426/5107/2986 3434/5112/2991
f 3434/5112/2991 3426/5107/2986 3429/5113/2992
f 3426/5107/2986 3428/5110/2989 3429/5113/2992
f 3434/5112/2991 3429/5113/2992 3439/5114/2993
f 3436/5115/2994 3431/5108/2987 3430/5106/2985
f 3426/5107/2986 3431/5108/2987 3427/5109/2988
f 3431/5108/2987 3438/5116/2995 3427/5109/2988
f 3431/5108/2987 3435/5117/2996 3438/5116/2995
f 3427/5109/2988 3438/5116/2995 3432/5118/2997
f 3428/5110/2989 3427/5109/2988 3437/5119/2998
f 3386/5120/2999 3422/5121/3000 3479/5122/3001
f 3386/5120/2999 3479/5122/3001 3468/5123/3002
f 3501/5124/3003 3468/5123/3002 3467/5125/3004
f 3508/5126/3005 3465/5127/3006 3464/5128/3007
f 3507/5129/3008 3455/5130/3009 3463/5131/3010
f 3455/5130/3009 3456/5132/3011 3463/5131/3010
f 3371/5133/2942 3370/5134/2939 3456/5132/3011
f 3371/5133/2942 3456/5132/3011 3372/5135/2944
f 3469/5136/3012 3372/5135/2944 3470/5137/2951
f 3395/5138/2952 3470/5137/2951 3394/5139/2953
f 3471/5140/2962 3457/5141/3013 3458/5142/2963
f 3402/5143/2968 3400/5144/2970 3461/5145/3014
f 3400/5144/2970 3460/5146/3015 3461/5145/3014
f 3422/5121/3000 3420/5147/3016 3479/5122/3001
f 3479/5122/3001 3478/5148/3017 3468/5123/3002
f 3468/5123/3002 3478/5148/3017 3467/5125/3004
f 3467/5125/3004 3478/5148/3017 3448/5149/3018
f 3465/5127/3006 3448/5149/3018 3464/5128/3007
f 3467/5125/3004 3448/5149/3018 3466/5150/3019
f 3466/5150/3019 3448/5149/3018 3465/5127/3006
f 3464/5128/3007 3487/5151/3020 3456/5132/3011
f 3455/5130/3009 3464/5128/3007 3456/5132/3011
f 3456/5132/3011 3462/5152/3021 3463/5131/3010
f 3372/5135/2944 3456/5132/3011 3470/5137/2951
f 3456/5132/3011 3394/5139/2953 3470/5137/2951
f 3460/5146/3015 3458/5142/2963 3457/5141/3013
f 3397/5153/2954 3394/5139/2953 3457/5141/3013
f 3458/5142/2963 3460/5146/3015 3400/5144/2970
f 3461/5145/3014 3460/5146/3015 3459/5154/3022
f 3479/5122/3001 3481/5155/3023 3478/5148/3017
f 3478/5148/3017 3481/5155/3023 3502/5156/3024
f 3478/5148/3017 3480/5157/3025 3448/5149/3018
f 3451/5158/3026 3428/5159/3027 3449/5160/3028
f 3448/5149/3018 3480/5157/3025 3450/5161/3029
f 3451/5158/3026 3449/5160/3028 3450/5161/3029
f 3464/5128/3007 3448/5149/3018 3487/5151/3020
f 3462/5152/3021 3456/5132/3011 3370/5134/2939
f 3450/5161/3029 3449/5160/3028 3448/5149/3018
f 3448/5149/3018 3449/5160/3028 3447/5162/3030
f 3460/5146/3015 3698/5163/3031 3459/5154/3022
f 3448/5149/3018 3442/5164/3032 3487/5151/3020
f 3448/5149/3018 3447/5162/3030 3442/5164/3032
f 3442/5164/3032 3447/5162/3030 3446/5165/3033
f 3442/5164/3032 3446/5165/3033 3440/5166/3034
f 3456/5132/3011 3457/5141/3013 3394/5139/2953
f 3442/5164/3032 3440/5166/3034 3441/5167/3035
f 3457/5141/3013 3456/5132/3011 3472/5168/3036
f 3442/5164/3032 3441/5167/3035 3443/5169/3037
f 3442/5164/3032 3445/5170/3038 3487/5151/3020
f 3457/5141/3013 3472/5168/3036 3460/5146/3015
f 3445/5170/3038 3442/5164/3032 3444/5171/3039
f 3442/5164/3032 3443/5169/3037 3444/5171/3039
f 3493/5172/3040 3496/5173/3041 3492/5174/3042
f 3494/5175/3043 3505/5176/3044 3509/5177/3045
f 3494/5175/3043 3493/5172/3040 3505/5176/3044
f 3494/5175/3043 3496/5173/3041 3493/5172/3040
f 3491/5178/3046 3490/5179/3047 3445/5170/3038
f 3492/5174/3042 3496/5173/3041 3490/5179/3047
f 3486/5180/3048 3485/5181/3049 3456/5132/3011
f 3456/5132/3011 3487/5151/3020 3486/5180/3048
f 3500/5182/3050 3499/5183/3051 3494/5175/3043
f 3499/5183/3051 3498/5184/3052 3494/5175/3043
f 3494/5175/3043 6310/5185/3053 3496/5173/3041
f 3445/5170/3038 3488/5186/3054 3487/5151/3020
f 3486/5180/3048 3487/5151/3020 6295/5187/3055
f 3485/5181/3049 3483/5188/3056 3456/5132/3011
f 3456/5132/3011 6318/5189/3057 3477/5190/3058
f 3474/5191/3059 3476/5192/3060 3456/5132/3011
f 3476/5192/3060 3475/5193/3061 3456/5132/3011
f 3456/5132/3011 3477/5190/3058 3474/5191/3059
f 3477/5190/3058 3482/5194/3062 3474/5191/3059
f 3456/5132/3011 6284/5195/3063 3472/5168/3036
f 3472/5168/3036 3452/5196/3064 3460/5146/3015
f 3452/5196/3064 3453/5197/3065 3460/5146/3015
f 3460/5146/3015 3453/5197/3065 3454/5198/3066
f 3460/5146/3015 3454/5198/3066 6289/5199/3067
f 3460/5146/3015 6289/5199/3067 3698/5163/3031
f 3498/5184/3052 3497/5200/3068 3494/5175/3043
f 3494/5175/3043 3497/5200/3068 6310/5185/3053
f 3490/5179/3047 3496/5173/3041 3495/5201/3069
f 3490/5179/3047 6304/5202/3070 6316/5203/3071
f 3490/5179/3047 6316/5203/3071 3445/5170/3038
f 6316/5203/3071 3489/5204/3072 3445/5170/3038
f 3490/5179/3047 3495/5201/3069 6304/5202/3070
f 3487/5151/3020 3488/5186/3054 6300/5205/3073
f 3445/5170/3038 3489/5204/3072 3488/5186/3054
f 3489/5204/3072 3506/5206/3074 3488/5186/3054
f 3486/5180/3048 6295/5187/3055 3503/5207/3075
f 3483/5188/3056 3484/5208/3076 3456/5132/3011
f 3456/5132/3011 3484/5208/3076 6318/5189/3057
f 3456/5132/3011 3475/5193/3061 6284/5195/3063
f 6284/5195/3063 3473/5209/3077 3472/5168/3036
f 3473/5209/3077 3504/5210/3078 3472/5168/3036
f 3527/5211/3079 3520/5212/3080 3519/5213/3081
f 3521/5214/3082 3522/5215/3083 3575/5216/3084
f 3521/5214/3082 3575/5216/3084 3520/5212/3080
f 3575/5216/3084 3519/5213/3081 3520/5212/3080
f 3517/5217/3085 3519/5213/3081 3237/5218/2772
f 3519/5213/3081 3511/5219/3086 3237/5218/2772
f 3518/5220/2773 3237/5218/2772 3523/5221/3087
f 3524/5222/3088 3523/5221/3087 3564/5223/3089
f 3525/5224/3090 3564/5223/3089 3526/5225/2787
f 3526/5225/2787 3564/5223/3089 3230/5226/2784
f 3564/5223/3089 3554/5227/3091 3230/5226/2784
f 3556/5228/3092 3554/5227/3091 3558/5229/3093
f 3558/5229/3093 3554/5227/3091 3555/5230/3094
f 3557/5231/3095 3555/5230/3094 3553/5232/3096
f 3550/5233/3097 3549/5234/3098 3551/5235/3099
f 3266/5236/3100 3560/5237/3101 3561/5238/3102
f 3552/5239/3103 3551/5235/3099 3266/5236/3100
f 3578/5240/3104 3561/5238/3102 3548/5241/3105
f 3561/5238/3102 3560/5237/3101 3548/5241/3105
f 3544/5242/3106 3546/5243/3107 3545/5244/3108
f 3548/5241/3105 3546/5243/3107 3547/5245/3109
f 3546/5243/3107 3528/5246/3110 3545/5244/3108
f 3575/5216/3084 3587/5247/3111 3519/5213/3081
f 3292/5248/3112 3587/5249/3113 3586/5250/3114
f 3292/5248/3112 3584/5251/3115 3587/5249/3113
f 3587/5247/3111 3511/5219/3086 3519/5213/3081
f 3237/5218/2772 3511/5219/3086 3523/5221/3087
f 3549/5234/3098 3560/5237/3101 3551/5235/3099
f 3551/5235/3099 3560/5237/3101 3266/5236/3100
f 3548/5241/3105 3529/5252/3116 3546/5243/3107
f 3546/5243/3107 3529/5252/3116 3528/5246/3110
f 3587/5247/3111 3576/5253/3117 3574/5254/3118
f 3584/5251/3115 3585/5255/3119 3587/5249/3113
f 3587/5247/3111 3574/5254/3118 3511/5219/3086
f 3553/5232/3096 3560/5237/3101 3549/5234/3098
f 3553/5232/3096 3555/5230/3094 3560/5237/3101
f 3548/5241/3105 3560/5237/3101 3530/5256/3120
f 3548/5241/3105 3539/5257/3121 3529/5252/3116
f 3576/5253/3117 3582/5258/3122 3581/5259/3123
f 3576/5253/3117 3581/5259/3123 3574/5254/3118
f 3511/5219/3086 3574/5254/3118 3583/5260/3124
f 3511/5219/3086 3583/5260/3124 3580/5261/3125
f 3530/5256/3120 3539/5257/3121 3548/5241/3105
f 3511/5219/3086 3564/5223/3089 3523/5221/3087
f 3539/5257/3121 3530/5256/3120 3529/5252/3116
f 3554/5227/3091 3534/5262/3126 3555/5230/3094
f 3555/5230/3094 3562/5263/3127 3560/5237/3101
f 3560/5237/3101 3562/5263/3127 3530/5256/3120
f 3534/5262/3126 3562/5263/3127 3555/5230/3094
f 3511/5219/3086 3510/5264/3128 3564/5223/3089
f 3564/5223/3089 3597/5265/3129 3554/5227/3091
f 3510/5264/3128 3597/5265/3129 3564/5223/3089
f 3554/5227/3091 3566/5266/3130 3534/5262/3126
f 3572/5267/3131 3569/5268/3132 3573/5269/3133
f 3573/5269/3133 3569/5268/3132 3570/5270/3134
f 3600/5271/3135 3602/5272/3136 3601/5273/3137
f 3600/5271/3135 3599/5274/3138 3602/5272/3136
f 3510/5264/3128 3568/5275/3139 3597/5265/3129
f 3597/5265/3129 3566/5266/3130 3554/5227/3091
f 3534/5262/3126 3565/5276/3140 3562/5263/3127
f 3562/5263/3127 3538/5277/3141 3530/5256/3120
f 6157/5278/3142 3512/5279/3143 3572/5267/3131
f 3510/5264/3128 3602/5280/3144 3568/5275/3139
f 3572/5267/3131 3512/5279/3143 3569/5268/3132
f 6157/5278/3142 3516/5281/3145 3512/5279/3143
f 3512/5279/3143 3513/5282/3146 3569/5268/3132
f 3569/5268/3132 3513/5282/3146 3602/5280/3144
f 3571/5283/3147 3568/5275/3139 3602/5280/3144
f 3602/5280/3144 3513/5282/3146 3571/5283/3147
f 3565/5276/3140 3540/5284/3148 3562/5263/3127
f 3562/5263/3127 3563/5285/3149 3537/5286/3150
f 3562/5263/3127 3537/5286/3150 3538/5277/3141
f 3537/5286/3150 3536/5287/3151 3538/5277/3141
f 6270/5288/3152 3538/5277/3141 3543/5289/3153
f 3571/5283/3147 3514/5290/3154 3568/5275/3139
f 3514/5290/3154 3515/5291/3155 3568/5275/3139
f 3568/5275/3139 3567/5292/3156 3597/5265/3129
f 3595/5293/3157 3596/5294/3158 3597/5295/3159
f 3595/5293/3157 3598/5296/3160 3596/5294/3158
f 3597/5265/3129 3532/5297/3161 3531/5298/3162
f 3597/5265/3129 3531/5298/3162 3566/5266/3130
f 3566/5266/3130 3533/5299/3163 3534/5262/3126
f 3565/5276/3140 3542/5300/3164 3540/5284/3148
f 3534/5262/3126 3559/5301/3165 3565/5276/3140
f 3540/5284/3148 3541/5302/3166 3563/5285/3149
f 3541/5302/3166 3579/5303/3167 3563/5285/3149
f 3540/5284/3148 3563/5285/3149 3562/5263/3127
f 3563/5285/3149 3579/5303/3167 3577/5304/3168
f 3588/5305/3169 3589/5306/3170 3590/5307/3171
f 3590/5307/3171 3589/5306/3170 3591/5308/3172
f 3537/5286/3150 3535/5309/3173 3536/5287/3151
f 3592/5310/3174 3594/5311/3175 3593/5312/3176
f 3536/5287/3151 3543/5289/3153 3538/5277/3141
f 3382/5313/2929 3652/5314/3177 3648/5315/2927
f 3625/5316/3178 3378/5317/3179 3624/5318/3180
f 3378/5317/3179 3656/5319/3181 3624/5318/3180
f 3378/5317/3179 3623/5320/3182 3656/5319/3181
f 3415/5321/3183 3624/5318/3180 3653/5322/3184
f 3621/5323/3185 3617/5324/3186 3656/5319/3181
f 3623/5320/3182 3622/5325/3187 3656/5319/3181
f 3622/5325/3187 3621/5323/3185 3656/5319/3181
f 3616/5326/3188 3618/5327/3189 3656/5319/3181
f 3617/5324/3186 3616/5326/3188 3656/5319/3181
f 3619/5328/3190 3620/5329/3191 3665/5330/3192
f 3620/5329/3191 3410/5331/3193 3663/5332/3194
f 3628/5333/3195 3399/5334/3196 3663/5332/3194
f 3626/5335/3197 3627/5336/3198 3410/5331/3193
f 3637/5337/3199 3629/5338/2971 3401/5339/2967
f 3399/5334/3196 3629/5338/2971 3637/5337/3199
f 3401/5339/2967 3631/5340/2975 3630/5341/3200
f 3633/5342/3201 3651/5343/3202 3664/5344/3203
f 3664/5344/3203 3651/5343/3202 3647/5345/3204
f 3651/5343/3202 3650/5346/3205 3647/5345/3204
f 3653/5322/3184 3656/5319/3181 3652/5314/3177
f 3653/5322/3184 3624/5318/3180 3656/5319/3181
f 3656/5319/3181 3618/5327/3189 3665/5330/3192
f 3665/5330/3192 3620/5329/3191 3663/5332/3194
f 3628/5333/3195 3663/5332/3194 3627/5336/3198
f 3410/5331/3193 3627/5336/3198 3663/5332/3194
f 3663/5332/3194 3399/5334/3196 3637/5337/3199
f 3401/5339/2967 3630/5341/3200 3614/5347/3206
f 3637/5337/3199 3401/5339/2967 3614/5347/3206
f 3664/5344/3203 3646/5348/3207 3645/5349/3208
f 3431/5350/3209 3645/5349/3208 3646/5348/3207
f 3650/5346/3205 3649/5351/3210 3647/5345/3204
f 3664/5344/3203 3647/5345/3204 3646/5348/3207
f 3647/5345/3204 3649/5351/3210 3654/5352/3211
f 3649/5351/3210 3655/5353/3212 3654/5352/3211
f 3649/5351/3210 3661/5354/3213 3678/5355/3214
f 3649/5351/3210 3678/5355/3214 3655/5353/3212
f 3649/5351/3210 3648/5315/2927 3661/5354/3213
f 3648/5315/2927 3652/5314/3177 3661/5354/3213
f 3637/5337/3199 3614/5347/3206 3636/5356/3215
f 3678/5355/3214 3661/5354/3213 3677/5357/3216
f 3665/5330/3192 3663/5332/3194 3659/5358/3217
f 3663/5332/3194 3637/5337/3199 3659/5358/3217
f 3637/5337/3199 3636/5356/3215 3660/5359/3218
f 3677/5357/3216 3661/5354/3213 3662/5360/3219
f 3662/5360/3219 3661/5354/3213 3675/5361/3220
f 3661/5354/3213 3652/5314/3177 3675/5361/3220
f 3656/5319/3181 3665/5330/3192 3659/5358/3217
f 3656/5319/3181 3659/5358/3217 3658/5362/3221
f 3659/5358/3217 3637/5337/3199 3658/5362/3221
f 3637/5337/3199 3660/5359/3218 3615/5363/3222
f 3676/5364/3223 3662/5360/3219 3675/5361/3220
f 3637/5337/3199 3615/5363/3222 3703/5365/3224
f 3703/5365/3224 3702/5366/3225 3637/5337/3199
f 3652/5314/3177 3656/5319/3181 3667/5367/3226
f 3658/5362/3221 3637/5337/3199 3657/5368/3227
f 3637/5337/3199 3702/5366/3225 3699/5369/3228
f 3675/5361/3220 3652/5314/3177 3668/5370/3229
f 3637/5337/3199 3699/5369/3228 3606/5371/3230
f 3679/5372/3231 3673/5373/3232 3674/5374/3233
f 3669/5375/3234 3675/5361/3220 3670/5376/3235
f 3675/5361/3220 3668/5370/3229 3670/5376/3235
f 3652/5314/3177 3667/5367/3226 3668/5370/3229
f 3656/5319/3181 3658/5362/3221 3610/5377/3236
f 3637/5337/3199 3666/5378/3237 3657/5368/3227
f 3637/5337/3199 3606/5371/3230 3666/5378/3237
f 3674/5374/3233 3673/5373/3232 3672/5379/3238
f 3672/5379/3238 3673/5373/3232 6186/5380/3239
f 3656/5319/3181 3610/5377/3236 3609/5381/3240
f 3658/5362/3221 3657/5368/3227 3610/5377/3236
f 3673/5373/3232 3671/5382/3241 3639/5383/3242
f 3639/5383/3242 3671/5382/3241 6311/5384/3243
f 6186/5380/3239 3673/5373/3232 3639/5383/3242
f 6311/5384/3243 3671/5382/3241 3603/5385/3244
f 3671/5382/3241 3604/5386/3245 3603/5385/3244
f 3669/5375/3234 3670/5376/3235 3604/5386/3245
f 3604/5386/3245 3670/5376/3235 3605/5387/3246
f 3671/5382/3241 3669/5375/3234 3604/5386/3245
f 3668/5370/3229 3667/5367/3226 6320/5388/3247
f 3667/5367/3226 3656/5319/3181 3613/5389/3248
f 3656/5319/3181 3609/5381/3240 3613/5389/3248
f 3609/5381/3240 3610/5377/3236 3608/5390/3249
f 3610/5377/3236 3657/5368/3227 3643/5391/3250
f 3657/5368/3227 3640/5392/3251 3643/5391/3250
f 6186/5380/3239 3639/5383/3242 3638/5393/3252
f 3670/5376/3235 3668/5370/3229 3635/5394/3253
f 3668/5370/3229 3634/5395/3254 6302/5396/3255
f 3668/5370/3229 6302/5396/3255 3635/5394/3253
f 3668/5370/3229 6320/5388/3247 3632/5397/3256
f 3667/5367/3226 3613/5389/3248 3644/5398/3257
f 3609/5381/3240 3611/5399/3258 3613/5389/3248
f 3613/5389/3248 3611/5399/3258 3612/5400/3259
f 3609/5381/3240 3608/5390/3249 3607/5401/3260
f 3657/5368/3227 3666/5378/3237 3640/5392/3251
f 3640/5392/3251 3666/5378/3237 3641/5402/3261
f 3666/5378/3237 3642/5403/3262 3641/5402/3261
f 3693/5404/3263 3688/5405/3264 3689/5406/3265
f 3689/5406/3265 3688/5405/3264 3687/5407/3266
f 3687/5407/3266 3688/5405/3264 3686/5408/3267
f 3686/5408/3267 3688/5405/3264 3685/5409/3268
f 3686/5408/3267 3680/5410/3269 3683/5411/3270
f 3680/5410/3269 3684/5412/3271 3683/5411/3270
f 3680/5410/3269 3685/5409/3272 3684/5412/3271
f 3687/5407/3266 3686/5408/3267 3683/5411/3270
f 3683/5411/3270 3684/5413/3271 3682/5414/3273
f 3683/5411/3270 3682/5414/3273 3681/5415/3274
f 3687/5407/3266 3683/5411/3270 3681/5415/3274
f 3687/5407/3266 3681/5415/3274 3691/5416/3275
f 3682/5414/3273 3690/5417/3276 3681/5415/3274
f 3691/5416/3275 3681/5415/3274 3690/5417/3276
f 3691/5416/3275 3692/5418/3277 6259/5419/3278
f 3691/5416/3275 3690/5417/3276 3692/5418/3277
f 3692/5418/3277 3690/5417/3276 3694/5420/3279
f 3704/5421/3280 3695/5422/3281 3614/5423/3206
f 3695/5422/3281 3636/5424/3215 3614/5423/3206
f 3459/5425/3282 3696/5426/3283 3695/5422/3281
f 3695/5422/3281 3699/5427/3228 3636/5424/3215
f 3703/5428/3224 3636/5424/3215 3699/5427/3228
f 3696/5426/3283 3697/5429/3284 3695/5422/3281
f 3695/5422/3281 3697/5429/3284 3699/5427/3228
f 3703/5428/3224 3699/5427/3228 3702/5430/3225
f 3696/5426/3283 3698/5431/3285 3697/5429/3284
f 3701/5432/3286 3699/5427/3228 3700/5433/3287
f 3697/5429/3284 3700/5433/3287 3699/5427/3228
f 3697/5429/3284 3698/5431/3285 3700/5433/3287
f 3707/5434/1634 1808/5435/1674 3705/5436/3288
f 3705/5436/3288 1808/5435/1674 3706/5437/3289
f 3708/5438/3290 3709/5439/3291 3710/5440/3292
f 3711/5441/3293 3708/5438/3290 3710/5440/3292
f 3916/5442/3294 3736/5443/3295 3734/5444/3296
f 3736/5443/3295 3792/5445/3297 3761/5446/3298
f 3792/5445/3297 3787/5447/3299 3761/5446/3298
f 3736/5443/3295 3761/5446/3298 3735/5448/3300
f 3734/5444/3296 3736/5443/3295 3735/5448/3300
f 3734/5444/3296 3735/5448/3300 3930/5449/3301
f 3735/5448/3300 3761/5446/3298 3753/5450/3302
f 3735/5448/3300 3753/5450/3302 3788/5451/3303
f 3753/5450/3302 3761/5446/3298 3754/5452/3304
f 3753/5450/3302 3754/5452/3304 3755/5453/3305
f 3753/5450/3302 3794/5454/3306 3788/5451/3303
f 3735/5448/3300 3790/5455/3307 3789/5456/3308
f 3735/5448/3300 3788/5451/3303 3790/5455/3307
f 3788/5451/3303 3797/5457/3309 3790/5455/3307
f 3788/5451/3303 3795/5458/3310 3797/5457/3309
f 3735/5448/3300 3789/5456/3308 3791/5459/3311
f 3789/5456/3308 3790/5455/3307 3793/5460/3312
f 3762/5461/3313 3738/5462/3314 3761/5446/3298
f 3762/5461/3313 3796/5463/3315 3786/5464/3316
f 3786/5464/3316 3763/5465/3317 3762/5461/3313
f 3762/5461/3313 3763/5465/3317 3738/5462/3314
f 3763/5465/3317 3764/5466/3318 3738/5462/3314
f 3799/5467/3319 3783/5468/3320 3760/5469/3321
f 3783/5468/3320 3771/5470/3322 3760/5469/3321
f 3771/5470/3322 3765/5471/3323 3760/5469/3321
f 3761/5446/3298 3738/5462/3314 3737/5472/3324
f 3738/5462/3314 3764/5466/3318 3739/5473/3325
f 3764/5466/3318 3760/5469/3321 3739/5473/3325
f 3739/5473/3325 3760/5469/3321 3744/5474/3326
f 3761/5446/3298 3737/5472/3324 3754/5452/3304
f 3772/5475/3327 3739/5473/3325 3740/5476/3328
f 3738/5462/3314 3739/5473/3325 3772/5475/3327
f 3744/5474/3326 3760/5469/3321 3746/5477/3329
f 3746/5477/3329 3760/5469/3321 3747/5478/3330
f 3743/5479/3331 3741/5480/3332 3742/5481/3333
f 3722/5482/3334 3721/5483/3335 3720/5484/3336
f 3719/5485/3337 3720/5484/3336 3721/5483/3335
f 3740/5476/3328 3739/5473/3325 3741/5480/3332
f 3739/5473/3325 5135/5486/3338 3741/5480/3332
f 3742/5481/3333 3741/5480/3332 3773/5487/3339
f 3741/5480/3332 3776/5488/3340 3773/5487/3339
f 3719/5485/3337 3723/5489/3341 3720/5484/3336
f 5135/5486/3338 3776/5488/3340 3741/5480/3332
f 5135/5486/3338 3739/5473/3325 3785/5490/3342
f 5135/5486/3338 3785/5490/3342 3798/5491/3343
f 3739/5473/3325 3744/5474/3326 3778/5492/3344
f 3744/5474/3326 3745/5493/3345 3777/5494/3346
f 3744/5474/3326 3746/5477/3329 3745/5493/3345
f 3745/5493/3345 3746/5477/3329 3782/5495/3347
f 3729/5496/3348 3730/5497/3349 3731/5498/3350
f 3730/5497/3349 3732/5499/3351 3731/5498/3350
f 3765/5471/3323 3756/5500/3352 3760/5469/3321
f 3765/5471/3323 3784/5501/3353 3781/5502/3354
f 3760/5469/3321 3756/5500/3352 3750/5503/3355
f 3760/5469/3321 3750/5503/3355 3749/5504/3356
f 3732/5499/3351 3733/5505/3357 3731/5498/3350
f 3765/5471/3323 3781/5502/3354 3756/5500/3352
f 3727/5506/3358 3724/5507/3359 3725/5508/3360
f 3756/5500/3352 3766/5509/3361 3757/5510/3362
f 3724/5507/3359 3726/5511/3363 3725/5508/3360
f 3756/5500/3352 3757/5510/3362 3750/5503/3355
f 3757/5510/3362 3751/5512/3364 3750/5503/3355
f 3726/5511/3363 3728/5513/3365 3725/5508/3360
f 3716/5514/3366 3713/5515/3367 3717/5516/3368
f 3717/5516/3368 3713/5515/3367 3712/5517/3369
f 3757/5510/3362 3758/5518/3370 3751/5512/3364
f 3757/5510/3362 3767/5519/3371 3758/5518/3370
f 3712/5517/3369 3713/5515/3367 3714/5520/3372
f 3770/5521/3373 3768/5522/3374 3767/5519/3371
f 3714/5520/3372 3713/5515/3367 3715/5523/3375
f 3767/5519/3371 3768/5522/3374 3769/5524/3376
f 3715/5523/3375 3713/5515/3367 3718/5525/3377
f 3768/5522/3374 3779/5526/3378 3769/5524/3376
f 3760/5469/3321 3749/5504/3356 3748/5527/3379
f 3747/5478/3330 3760/5469/3321 3748/5527/3379
f 3749/5504/3356 3774/5528/3380 3748/5527/3379
f 3750/5503/3355 3751/5512/3364 3780/5529/3381
f 3751/5512/3364 3758/5518/3370 3752/5530/3382
f 3767/5519/3371 3769/5524/3376 3758/5518/3370
f 3758/5518/3370 3775/5531/3383 3759/5532/3384
f 3758/5518/3370 3769/5524/3376 3775/5531/3383
f 3899/5533/3385 3898/5534/3386 3904/5535/3387
f 3898/5534/3386 3815/5536/3388 3816/5537/3389
f 3896/5538/3390 3816/5537/3389 3814/5539/3391
f 3816/5537/3389 3815/5536/3388 3814/5539/3391
f 3805/5540/3392 3831/5541/3393 3839/5542/3394
f 3830/5543/3395 3804/5544/3396 3826/5545/3397
f 3898/5534/3386 3900/5546/3398 3815/5536/3388
f 3814/5539/3391 3815/5536/3388 3805/5540/3392
f 3805/5540/3392 3804/5544/3396 3831/5541/3393
f 3804/5544/3396 3807/5547/3399 3826/5545/3397
f 3826/5545/3397 3807/5547/3399 3829/5548/3400
f 3826/5545/3397 3829/5548/3400 3840/5549/3401
f 3829/5548/3400 3807/5547/3399 3832/5550/3402
f 3781/5551/3403 3832/5550/3402 3833/5552/3404
f 3832/5550/3402 3807/5547/3399 3833/5552/3404
f 3807/5547/3399 3827/5553/3405 3833/5552/3404
f 3827/5553/3405 3828/5554/3406 3834/5555/3407
f 3828/5554/3406 5255/5556/3408 3836/5557/3409
f 3815/5536/3388 3900/5546/3398 3817/5558/3410
f 3815/5536/3388 3817/5558/3410 3805/5540/3392
f 3827/5553/3405 3800/5559/3411 3828/5554/3406
f 3886/5560/3412 3853/5561/3413 3854/5562/3414
f 3853/5561/3413 3852/5563/3415 3854/5562/3414
f 3853/5561/3413 3851/5564/3416 3852/5563/3415
f 3888/5565/3417 3854/5562/3414 3870/5566/3418
f 3870/5566/3418 3854/5562/3414 3852/5563/3415
f 5468/5567/3419 3852/5563/3415 3876/5568/3420
f 3852/5563/3415 3859/5569/3421 3876/5568/3420
f 3852/5563/3415 3866/5570/3422 3859/5569/3421
f 3859/5569/3421 3866/5570/3422 3865/5571/3423
f 3865/5571/3423 3866/5570/3422 3883/5572/3424
f 3883/5572/3424 3866/5570/3422 3881/5573/3425
f 3881/5573/3425 3866/5570/3422 3887/5574/3426
f 3887/5574/3426 3866/5570/3422 3882/5575/3427
f 3916/5576/3428 3903/5577/3429 3899/5533/3385
f 3899/5533/3385 3900/5546/3398 3898/5534/3386
f 3828/5554/3406 3800/5559/3411 5255/5556/3408
f 5255/5556/3408 3800/5559/3411 3841/5578/3430
f 3841/5578/3430 3800/5559/3411 3848/5579/3431
f 3877/5580/3432 3851/5564/3416 3880/5581/3433
f 3880/5581/3433 3851/5564/3416 3853/5561/3413
f 3852/5563/3415 3851/5564/3416 3848/5579/3431
f 3852/5563/3415 3862/5582/3434 3866/5570/3422
f 3866/5570/3422 3862/5582/3434 3863/5583/3435
f 3863/5583/3435 3864/5584/3436 3867/5585/3437
f 3899/5533/3385 3903/5577/3429 3900/5546/3398
f 3903/5577/3429 3901/5586/3438 3900/5546/3398
f 3848/5579/3431 3800/5559/3411 3862/5582/3434
f 3852/5563/3415 3848/5579/3431 3862/5582/3434
f 3863/5583/3435 3862/5582/3434 3864/5584/3436
f 3867/5585/3437 3864/5584/3436 5449/5587/3439
f 3864/5584/3436 3868/5588/3440 3872/5589/3441
f 3900/5546/3398 3901/5586/3438 3817/5558/3410
f 3813/5590/3442 3807/5547/3399 3804/5544/3396
f 3807/5547/3399 3803/5591/3443 3827/5553/3405
f 3800/5559/3411 3802/5592/3444 3847/5593/3445
f 3800/5559/3411 3847/5593/3445 3862/5582/3434
f 3847/5593/3445 5587/5594/3446 3862/5582/3434
f 3856/5595/3447 3861/5596/3448 3862/5582/3434
f 3864/5584/3436 3862/5582/3434 3868/5588/3440
f 3901/5586/3438 3821/5597/3449 3817/5558/3410
f 3817/5558/3410 3821/5597/3449 3805/5540/3392
f 3804/5544/3396 3805/5540/3392 3813/5590/3442
f 3827/5553/3405 3803/5591/3443 3802/5592/3444
f 3827/5553/3405 3802/5592/3444 3800/5559/3411
f 3862/5582/3434 5587/5594/3446 3850/5598/3450
f 3889/5599/3451 3849/5600/3452 5587/5594/3446
f 3850/5598/3450 5587/5594/3446 3849/5600/3452
f 3862/5582/3434 3850/5598/3450 3855/5601/3453
f 3855/5601/3453 3850/5598/3450 3858/5602/3454
f 3862/5582/3434 3855/5601/3453 3856/5595/3447
f 3855/5601/3453 3869/5603/3455 3856/5595/3447
f 3856/5595/3447 3869/5603/3455 3860/5604/3456
f 3856/5595/3447 3875/5605/3457 3861/5596/3448
f 3856/5595/3447 3871/5606/3458 3875/5605/3457
f 3869/5603/3455 3878/5607/3459 3860/5604/3456
f 3856/5595/3447 3860/5604/3456 3871/5606/3458
f 3807/5547/3399 3806/5608/3460 3803/5591/3443
f 3802/5592/3444 3801/5609/3461 3847/5593/3445
f 3801/5609/3461 3845/5610/3462 3847/5593/3445
f 3847/5593/3445 3845/5610/3462 3846/5611/3463
f 3801/5609/3461 5966/5612/3464 3845/5610/3462
f 3849/5600/3452 3874/5613/3465 3850/5598/3450
f 3850/5598/3450 3879/5614/3466 3885/5615/3467
f 3850/5598/3450 3885/5615/3467 3873/5616/3468
f 3850/5598/3450 3873/5616/3468 3858/5602/3454
f 3855/5601/3453 3858/5602/3454 3857/5617/3469
f 3857/5617/3469 3858/5602/3454 3890/5618/3470
f 3869/5603/3455 3884/5619/3471 3878/5607/3459
f 3916/5576/3428 3905/5620/3472 3903/5577/3429
f 3903/5577/3429 3902/5621/3473 3901/5586/3438
f 3821/5597/3449 3823/5622/3474 3805/5540/3392
f 3805/5540/3392 3820/5623/3475 3813/5590/3442
f 3807/5547/3399 3813/5590/3442 3819/5624/3476
f 3807/5547/3399 3819/5624/3476 3818/5625/3477
f 3807/5547/3399 3818/5625/3477 3812/5626/3478
f 3812/5626/3478 3818/5625/3477 3838/5627/3479
f 3812/5626/3478 3811/5628/3480 3807/5547/3399
f 3807/5547/3399 3811/5628/3480 3809/5629/3481
f 3809/5629/3481 3810/5630/3482 3807/5547/3399
f 3807/5547/3399 3810/5630/3482 3808/5631/3483
f 3807/5547/3399 3808/5631/3483 3806/5608/3460
f 3806/5608/3460 3825/5632/3484 3803/5591/3443
f 3802/5592/3444 3803/5591/3443 3835/5633/3485
f 3801/5609/3461 3802/5592/3444 3891/5634/3486
f 3903/5577/3429 6009/5635/3487 3902/5621/3473
f 3902/5621/3473 3824/5636/3488 3901/5586/3438
f 3901/5586/3438 3824/5636/3488 3821/5597/3449
f 3824/5636/3488 3823/5622/3474 3821/5597/3449
f 3823/5622/3474 3824/5636/3488 3837/5637/3489
f 3805/5540/3392 3823/5622/3474 3822/5638/3490
f 3805/5540/3392 3822/5638/3490 3820/5623/3475
f 3822/5638/3490 3895/5639/3491 3820/5623/3475
f 3820/5623/3475 3895/5639/3491 5953/5640/3492
f 3820/5623/3475 3907/5641/3493 3844/5642/3494
f 3820/5623/3475 3844/5642/3494 3813/5590/3442
f 3844/5642/3494 3906/5643/3495 3893/5644/3496
f 3813/5590/3442 3844/5642/3494 3893/5644/3496
f 3813/5590/3442 3893/5644/3496 3892/5645/3497
f 3813/5590/3442 3892/5645/3497 3894/5646/3498
f 3813/5590/3442 3843/5647/3499 3819/5624/3476
f 3813/5590/3442 3894/5646/3498 3843/5647/3499
f 3819/5624/3476 3843/5647/3499 3842/5648/3500
f 3843/5647/3499 3897/5649/3501 3842/5648/3500
f 3905/5620/3472 6009/5635/3487 3903/5577/3429
f 3902/5621/3473 6009/5635/3487 6001/5650/3502
f 3919/5651/3503 3918/5652/3504 3915/5653/3505
f 3916/5654/3506 3915/5653/3505 3917/5655/3507
f 3918/5652/3504 3913/5656/3508 3915/5653/3505
f 3917/5655/3507 3915/5653/3505 3912/5657/3509
f 3912/5657/3509 3915/5653/3505 3914/5658/3510
f 3915/5653/3505 3913/5656/3508 3914/5658/3510
f 3913/5656/3508 3918/5652/3504 3914/5658/3510
f 3917/5655/3507 3912/5657/3509 3908/5659/3511
f 3908/5659/3511 3912/5657/3509 3909/5660/3512
f 3914/5658/3510 3910/5661/3513 3912/5657/3509
f 3912/5657/3509 3910/5661/3513 3909/5660/3512
f 3910/5661/3513 3911/5662/3514 3909/5660/3512
f 3929/5663/3515 3923/5664/3516 3928/5665/3517
f 3928/5665/3517 3923/5664/3516 3922/5666/3518
f 3922/5666/3518 3923/5664/3516 3920/5667/3519
f 3930/5668/3520 3922/5666/3518 3921/5669/3521
f 3922/5666/3518 3920/5667/3519 3921/5669/3521
f 3921/5669/3521 3920/5667/3519 3924/5670/3522
f 3921/5669/3521 3924/5670/3522 3925/5671/3523
f 3924/5670/3522 3927/5672/3524 3925/5671/3523
f 3925/5671/3523 3927/5672/3524 3926/5673/3525
f 3931/5674/3526 3933/5675/3527 3932/5676/3528
f 3936/5677/3529 3935/5678/3530 3946/5679/3531
f 3942/5680/3532 3944/5681/3533 3936/5677/3529
f 3944/5681/3533 3945/5682/3534 3936/5677/3529
f 3945/5682/3534 3934/5683/3535 3936/5677/3529
f 3936/5677/3529 3934/5683/3535 3935/5678/3530
f 3945/5682/3534 3948/5684/3536 3934/5683/3535
f 3934/5683/3535 3937/5685/3537 3935/5678/3530
f 3949/5686/3538 3950/5687/3539 3951/5688/3540
f 3934/5683/3535 3938/5689/3541 3937/5685/3537
f 3938/5689/3541 3939/5690/3542 3937/5685/3537
f 3938/5689/3541 3940/5691/3543 3939/5690/3542
f 3938/5689/3541 3941/5692/3544 3940/5691/3543
f 3940/5691/3543 3943/5693/3545 3939/5690/3542
f 3947/5694/3546 3941/5692/3544 3938/5689/3541
f 4031/5695/3547 4033/5696/3548 4032/5697/3549
f 4031/5695/3547 4030/5698/3550 4033/5696/3548
f 4030/5698/3550 3989/5699/3551 4033/5696/3548
f 4033/5696/3548 3989/5699/3551 4029/5700/3552
f 4029/5700/3552 3989/5699/3551 3991/5701/3553
f 3989/5699/3551 4319/5702/3554 3991/5701/3553
f 3991/5701/3553 4319/5702/3554 3987/5703/3555
f 4032/5697/3549 4033/5696/3548 4163/5704/3556
f 4027/5705/3557 4032/5697/3549 4084/5706/3558
f 4084/5706/3558 4032/5697/3549 3981/5707/3559
f 4032/5697/3549 4163/5704/3556 3981/5707/3559
f 4034/5708/3560 4029/5700/3552 4035/5709/3561
f 4069/5710/3562 4072/5711/3563 4070/5712/3564
f 4029/5700/3552 3991/5701/3553 4035/5709/3561
f 3991/5701/3553 3987/5703/3555 3978/5713/3565
f 4034/5708/3560 4035/5709/3561 4026/5714/3566
f 4069/5710/3562 4070/5712/3564 4071/5715/3567
f 4163/5704/3556 4026/5716/3568 3976/5717/3569
f 4026/5716/3568 3978/5713/3565 3976/5717/3569
f 3989/5699/3551 3990/5718/3570 4319/5702/3554
f 3987/5703/3555 4319/5702/3554 3988/5719/3571
f 3981/5707/3559 4163/5704/3556 3976/5717/3569
f 3982/5720/3572 4084/5706/3558 3981/5707/3559
f 3982/5720/3572 3981/5707/3559 3974/5721/3573
f 4056/5722/3574 3976/5723/3569 3974/5724/3575
f 3974/5725/3575 3976/5717/3569 3973/5726/3576
f 3978/5713/3565 3987/5703/3555 3979/5727/3577
f 3978/5713/3565 3979/5727/3577 3977/5728/3578
f 3976/5717/3569 3978/5713/3565 3977/5728/3578
f 3976/5717/3569 3977/5728/3578 3973/5726/3576
f 3987/5703/3555 3980/5729/3579 3979/5727/3577
f 3979/5727/3577 3980/5729/3579 3983/5730/3580
f 3975/5731/3581 3974/5725/3575 3972/5732/3582
f 3974/5725/3575 3973/5726/3576 3972/5732/3582
f 4063/5733/3583 4061/5734/3584 4062/5735/3585
f 3984/5736/3586 3977/5737/3587 3983/5738/3588
f 3972/5732/3582 3973/5726/3576 3968/5739/3589
f 3972/5732/3582 3968/5739/3589 3970/5740/3590
f 4062/5735/3585 4061/5734/3584 4060/5741/3591
f 3984/5736/3586 3983/5738/3588 3971/5742/3592
f 3968/5739/3589 3984/5736/3586 3969/5743/3593
f 3984/5736/3586 3971/5742/3592 3969/5743/3593
f 3975/5731/3581 3972/5732/3582 3964/5744/3594
f 3964/5744/3594 3970/5740/3590 4046/5745/3595
f 3968/5739/3589 3969/5743/3593 4059/5746/3596
f 3970/5740/3590 3968/5739/3589 4059/5746/3596
f 3970/5740/3590 4059/5746/3596 4046/5745/3595
f 4046/5745/3595 4059/5746/3596 3967/5747/3597
f 4059/5748/3596 4057/5749/3598 3967/5750/3597
f 3969/5743/3593 3971/5742/3592 3985/5751/3599
f 3967/5750/3597 4057/5749/3598 4058/5752/3600
f 3967/5747/3597 4038/5753/3601 4046/5745/3595
f 4046/5745/3595 4038/5753/3601 3966/5754/3602
f 3985/5751/3599 3971/5742/3592 3963/5755/3603
f 3964/5744/3594 4046/5745/3595 4049/5756/3604
f 4049/5756/3604 4046/5745/3595 3992/5757/3605
f 4049/5758/3604 3992/5759/3605 3962/5760/3606
f 4046/5745/3595 3966/5754/3602 3965/5761/3607
f 3985/5751/3599 3963/5755/3603 3966/5754/3602
f 3966/5754/3602 3963/5755/3603 3965/5761/3607
f 4046/5762/3608 4048/5763/3609 4047/5764/3610
f 3964/5744/3594 4049/5756/3604 4050/5765/3611
f 4049/5758/3604 3962/5760/3606 4050/5766/3611
f 4050/5767/3611 3962/5768/3606 3961/5769/3612
f 3975/5731/3581 3964/5744/3594 3957/5770/3613
f 3964/5744/3594 4050/5765/3611 3986/5771/3614
f 4050/5772/3611 3961/5773/3612 3986/5774/3614
f 3992/5757/3605 3960/5775/3615 3962/5768/3606
f 3962/5768/3606 3960/5775/3615 3961/5769/3612
f 3960/5775/3615 3965/5761/3607 3959/5776/3616
f 3965/5761/3607 3963/5755/3603 3959/5776/3616
f 3986/5771/3614 3961/5769/3612 3958/5777/3617
f 3957/5770/3613 3964/5744/3594 4083/5778/3618
f 3964/5744/3594 3986/5771/3614 4083/5778/3618
f 3961/5769/3612 3960/5775/3615 3959/5776/3616
f 3961/5769/3612 3959/5776/3616 3958/5777/3617
f 3959/5776/3616 3963/5755/3603 4074/5779/3619
f 4083/5778/3618 3986/5771/3614 3958/5777/3617
f 4045/5780/3620 4043/5781/3621 4044/5782/3622
f 4083/5778/3618 3958/5777/3617 4028/5783/3623
f 4045/5780/3620 4044/5782/3622 4028/5784/3624
f 3958/5777/3617 3959/5776/3616 3952/5785/3625
f 4073/5786/3626 4074/5787/3627 4075/5788/3628
f 3952/5789/3629 3955/5790/3630 3953/5791/3631
f 3955/5790/3630 4074/5779/3619 3953/5791/3631
f 3963/5755/3603 4036/5792/3632 4074/5779/3619
f 4074/5779/3619 4036/5792/3632 3993/5793/3633
f 4083/5778/3618 4028/5783/3623 3956/5794/3634
f 4028/5783/3623 3952/5789/3629 3956/5794/3634
f 3953/5791/3631 4074/5779/3619 3998/5795/3635
f 3954/5796/3636 3952/5789/3629 3953/5791/3631
f 3952/5789/3629 3954/5796/3636 3956/5794/3634
f 4053/5797/3637 4051/5798/3638 4052/5799/3639
f 4041/5800/3640 4042/5801/3641 4040/5802/3642
f 3953/5791/3631 3998/5795/3635 3994/5803/3643
f 3956/5794/3634 3954/5796/3636 3995/5804/3644
f 4074/5779/3619 3993/5793/3633 3998/5795/3635
f 4083/5805/3645 3996/5806/3646 3997/5807/3647
f 4083/5805/3645 3995/5804/3644 3996/5806/3646
f 3995/5804/3644 3954/5796/3636 4081/5808/3648
f 3954/5796/3636 3994/5803/3643 4081/5808/3648
f 3994/5803/3643 3998/5795/3635 4082/5809/3649
f 4081/5808/3648 3994/5803/3643 4079/5810/3650
f 3994/5803/3643 4082/5809/3649 4079/5810/3650
f 3996/5806/3646 3995/5804/3644 3999/5811/3651
f 3997/5807/3647 3996/5806/3646 4008/5812/3652
f 3999/5811/3651 3995/5804/3644 4081/5808/3648
f 4079/5810/3650 4082/5809/3649 4003/5813/3653
f 4081/5814/3648 4079/5815/3650 4080/5816/3654
f 4008/5817/3655 3999/5811/3651 4025/5818/3656
f 4008/5817/3655 4025/5818/3656 4007/5819/3657
f 4025/5818/3656 3999/5811/3651 4005/5820/3658
f 3999/5811/3651 4081/5808/3648 4005/5820/3658
f 4005/5820/3658 4081/5808/3648 4000/5821/3659
f 4000/5821/3659 4081/5808/3648 4001/5822/3660
f 4081/5808/3648 4003/5813/3653 4002/5823/3661
f 4007/5824/3662 4005/5820/3658 4006/5825/3663
f 4005/5820/3658 4000/5821/3659 4006/5825/3663
f 4081/5808/3648 4002/5823/3661 4001/5822/3660
f 4001/5826/3664 4014/5827/3665 4013/5828/3666
f 4003/5813/3653 4082/5809/3649 4004/5829/3667
f 4003/5813/3653 4004/5829/3667 4002/5823/3661
f 4014/5827/3665 4004/5829/3668 4314/5830/3669
f 4014/5827/3665 4314/5830/3669 4013/5828/3666
f 4006/5825/3663 4000/5821/3659 4009/5831/3670
f 4007/5824/3662 4006/5825/3663 4102/5832/3671
f 4006/5825/3663 4009/5831/3670 4010/5833/3672
f 4000/5821/3659 4001/5822/3660 4037/5834/3673
f 4054/5835/3674 4055/5836/3675 4009/5837/3670
f 4055/5836/3675 4012/5838/3676 4009/5837/3670
f 4076/5839/3677 4077/5840/3678 4037/5841/3679
f 4076/5839/3677 4078/5842/3680 4077/5840/3678
f 4037/5834/3679 4077/5843/3678 4012/5844/3676
f 4009/5831/3670 4012/5844/3676 4011/5845/3681
f 4009/5831/3670 4011/5845/3681 4010/5833/3672
f 4012/5844/3676 4077/5843/3678 4011/5845/3681
f 4064/5846/3682 4065/5847/3683 4066/5848/3684
f 4102/5832/3671 4006/5825/3663 4020/5849/3685
f 4022/5850/3686 4020/5849/3685 4021/5851/3687
f 4006/5825/3663 4018/5852/3688 4020/5849/3685
f 4064/5846/3682 4066/5848/3684 4068/5853/3689
f 4020/5849/3685 4019/5854/3690 4021/5851/3687
f 4020/5849/3685 4018/5852/3688 4019/5854/3690
f 4018/5852/3688 4017/5855/3691 4019/5854/3690
f 4010/5833/3672 4011/5845/3681 4024/5856/3692
f 4066/5848/3684 4065/5847/3683 4067/5857/3693
f 4023/5858/3694 4024/5856/3695 4017/5855/3691
f 4011/5845/3681 4077/5843/3678 4016/5859/3696
f 4024/5856/3695 4016/5859/3696 4017/5855/3691
f 4016/5859/3696 4077/5843/3678 6073/5860/3697
f 4023/5858/3694 4017/5855/3691 4018/5852/3688
f 4016/5859/3696 6073/5860/3697 4017/5855/3691
f 4013/5828/3666 4314/5830/3669 4077/5843/3678
f 4077/5843/3678 4314/5830/3669 6073/5860/3697
f 6073/5860/3697 4314/5830/3669 4015/5861/3698
f 6073/5860/3697 4015/5861/3698 4039/5862/3699
f 4096/5863/3700 4093/5864/3701 4094/5865/3702
f 3942/5866/3703 4094/5865/3702 4092/5867/3704
f 4094/5865/3702 4093/5864/3701 4092/5867/3704
f 4092/5867/3704 4089/5868/3705 4091/5869/3706
f 4093/5864/3701 4095/5870/3707 4092/5867/3704
f 4095/5870/3707 4089/5868/3705 4092/5867/3704
f 4091/5869/3706 4089/5868/3705 3949/5871/3708
f 4095/5870/3707 4097/5872/3709 4089/5868/3705
f 3949/5871/3708 4089/5868/3705 4088/5873/3710
f 4088/5873/3710 4089/5868/3705 4090/5874/3711
f 4088/5873/3710 4090/5874/3711 4086/5875/3712
f 4088/5873/3710 4086/5875/3712 3950/5876/3713
f 3950/5876/3713 4086/5875/3712 4085/5877/3714
f 4100/5878/3715 3950/5876/3713 4099/5879/3716
f 3950/5876/3713 4085/5877/3714 4098/5880/3717
f 3950/5876/3713 4098/5880/3717 4099/5879/3716
f 4085/5877/3714 4086/5875/3712 4087/5881/3718
f 4141/5882/3719 4027/5883/3720 4140/5884/3721
f 4027/5883/3720 4142/5885/3722 4140/5884/3721
f 4027/5883/3720 4166/5886/3723 4142/5885/3722
f 4139/5887/3724 4166/5886/3723 4138/5888/3725
f 4166/5886/3723 4146/5889/3726 4138/5888/3725
f 4027/5883/3720 4144/5890/3727 4166/5886/3723
f 4144/5890/3727 4145/5891/3728 4166/5886/3723
f 4144/5892/3727 4133/5893/3729 4145/5894/3728
f 4144/5892/3727 4151/5895/3730 4133/5893/3729
f 4166/5886/3723 4143/5896/3731 4146/5889/3726
f 4166/5886/3723 4152/5897/3732 4143/5896/3731
f 4143/5898/3731 4152/5899/3732 4146/5900/3726
f 4146/5889/3726 4152/5897/3732 4138/5888/3725
f 4166/5886/3723 4145/5891/3728 4152/5897/3732
f 4145/5891/3728 4150/5901/3733 4152/5897/3732
f 4145/5894/3728 4133/5893/3729 4150/5902/3733
f 4152/5897/3732 4128/5903/3734 4138/5888/3725
f 4150/5901/3733 4128/5903/3734 4152/5897/3732
f 4133/5904/3729 4127/5905/3735 4128/5903/3734
f 4133/5904/3729 4128/5903/3734 4150/5901/3733
f 4128/5903/3734 4129/5906/3736 4138/5888/3725
f 4127/5905/3735 4147/5907/3737 4128/5903/3734
f 4147/5907/3737 4132/5908/3738 4128/5903/3734
f 4128/5903/3734 4132/5908/3738 4129/5906/3736
f 4127/5905/3735 4134/5909/3739 4147/5907/3737
f 4147/5910/3737 4134/5911/3739 4149/5912/3740
f 4132/5908/3738 4131/5913/3741 4129/5906/3736
f 4138/5888/3725 4129/5906/3736 4318/5914/3742
f 4160/5915/3743 4162/5916/3744 4127/5905/3735
f 4127/5905/3735 4162/5916/3744 4126/5917/3745
f 4127/5905/3735 4126/5917/3745 4134/5909/3739
f 4134/5909/3739 4126/5917/3745 4131/5913/3741
f 4126/5917/3745 4130/5918/3746 4131/5913/3741
f 4131/5913/3741 4130/5918/3746 4129/5906/3736
f 4126/5919/3745 4148/5920/3747 4130/5921/3746
f 4129/5906/3736 4106/5922/3748 4318/5914/3742
f 4160/5923/3743 4161/5924/3749 4162/5925/3744
f 4126/5917/3745 4162/5916/3744 4105/5926/3750
f 4130/5918/3746 4105/5927/3751 4129/5906/3736
f 4105/5926/3750 4107/5928/3752 4106/5929/3753
f 4162/5916/3744 4109/5930/3754 4105/5926/3750
f 4105/5926/3750 4109/5930/3754 4107/5928/3752
f 4161/5931/3749 4103/5932/3755 4162/5916/3744
f 4161/5931/3749 4110/5933/3756 4103/5932/3755
f 4103/5932/3755 4104/5934/3757 4162/5916/3744
f 4162/5916/3744 4104/5934/3757 4109/5930/3754
f 4154/5935/3758 4112/5936/3759 4104/5934/3757
f 4103/5932/3755 4154/5935/3758 4104/5934/3757
f 4107/5928/3752 4108/5937/3760 4106/5929/3753
f 4107/5928/3752 4104/5934/3757 4108/5937/3760
f 4104/5934/3757 4112/5936/3759 4108/5937/3760
f 4103/5932/3755 4110/5933/3756 4114/5938/3761
f 4110/5939/3762 4156/5940/3763 4120/5941/3764
f 4153/5942/3765 4114/5943/3761 4154/5944/3758
f 4114/5938/3761 4110/5933/3756 4111/5945/3766
f 4114/5938/3761 4111/5945/3766 4154/5935/3758
f 4155/5946/3767 4120/5947/3764 4111/5948/3766
f 4120/5947/3764 4115/5949/3768 4111/5948/3766
f 4111/5945/3766 4115/5950/3768 4154/5935/3758
f 4154/5935/3758 4115/5950/3768 4112/5936/3759
f 4120/5941/3764 4118/5951/3769 4115/5950/3768
f 4156/5940/3763 4119/5952/3770 4120/5941/3764
f 4156/5953/3763 4101/5954/3771 4119/5955/3770
f 4120/5941/3764 4119/5952/3770 4118/5951/3769
f 4118/5951/3769 4117/5956/3772 4115/5950/3768
f 4115/5950/3768 4117/5956/3772 4112/5936/3759
f 4119/5955/3770 4123/5957/3773 4118/5958/3769
f 4118/5959/3769 4157/5960/3774 4117/5961/3772
f 4117/5956/3772 4116/5962/3775 4112/5936/3759
f 4119/5955/3770 4101/5954/3771 4123/5957/3773
f 4117/5956/3772 4122/5963/3776 4116/5962/3775
f 4112/5936/3759 4116/5962/3775 4113/5964/3777
f 4101/5954/3771 4124/5965/3778 4123/5957/3773
f 4123/5957/3773 4124/5965/3778 4122/5963/3779
f 4101/5954/3771 4159/5966/3780 4124/5965/3778
f 4124/5967/3778 4159/5968/3780 4158/5969/3781
f 4122/5963/3776 4159/5966/3780 4116/5962/3775
f 4116/5962/3775 4121/5970/3782 4113/5964/3777
f 4136/5971/3783 4135/5972/3784 4101/5954/3771
f 4135/5972/3784 4136/5971/3783 4137/5973/3785
f 4101/5954/3771 4135/5972/3784 4125/5974/3786
f 4159/5966/3780 4101/5954/3771 4125/5974/3786
f 4159/5966/3780 4125/5974/3786 4116/5962/3775
f 4125/5974/3786 6047/5975/3787 4116/5962/3775
f 4165/5976/3788 4164/5977/3789 4163/5978/3790
f 4140/5979/3791 4167/5980/3792 4168/5981/3793
f 4172/5982/3794 4169/5983/3795 4173/5984/3796
f 4173/5984/3796 4169/5983/3795 4177/5985/3797
f 4178/5986/3798 4179/5987/3799 4169/5983/3795
f 4169/5983/3795 4170/5988/3800 4177/5985/3797
f 4179/5987/3799 4171/5989/3801 4169/5983/3795
f 4169/5983/3795 4171/5989/3801 4170/5988/3800
f 4177/5985/3797 4170/5988/3800 4176/5990/3802
f 4171/5989/3801 4174/5991/3803 4170/5988/3800
f 4170/5988/3800 4174/5991/3803 4896/5992/3804
f 4174/5991/3803 4175/5993/3805 4896/5992/3804
f 4196/5994/3806 4197/5995/3807 4194/5996/3808
f 4197/5995/3807 4195/5997/3809 4194/5996/3808
f 4195/5997/3809 4173/5998/3810 4194/5996/3808
f 4182/5999/3811 4177/6000/3812 4183/6001/3813
f 4194/5996/3808 4173/5998/3810 4193/6002/3814
f 4184/6003/3815 4896/6004/3816 4187/6005/3817
f 4183/6001/3813 6081/6006/3818 4182/5999/3811
f 4183/6001/3813 4184/6003/3815 4187/6005/3817
f 4183/6001/3813 4181/6007/3819 6081/6006/3818
f 4183/6001/3813 4187/6005/3817 4181/6007/3819
f 4187/6005/3817 4896/6004/3816 4188/6008/3820
f 4194/5996/3808 4193/6002/3814 4192/6009/3821
f 4181/6007/3819 4187/6005/3817 4188/6008/3820
f 4182/5999/3811 6081/6006/3818 4185/6010/3822
f 4181/6007/3819 4188/6008/3820 4180/6011/3823
f 4188/6008/3820 4189/6012/3824 4180/6011/3823
f 4181/6007/3819 4180/6011/3823 6081/6006/3818
f 4189/6012/3824 4188/6008/3820 4896/6004/3816
f 4192/6009/3821 4193/6002/3814 4198/6013/3825
f 4193/6002/3814 6084/6014/3826 4198/6013/3825
f 4189/6012/3824 4896/6004/3816 4190/6015/3827
f 6081/6006/3818 4180/6011/3823 4186/6016/3828
f 4180/6011/3823 4189/6012/3824 4186/6016/3828
f 4189/6012/3824 4190/6015/3827 4191/6017/3829
f 4186/6016/3828 4189/6012/3824 4191/6017/3829
f 4199/6018/3830 4192/6009/3821 4200/6019/3831
f 4192/6009/3821 4198/6013/3825 4200/6019/3831
f 4201/6020/3832 4206/6021/3833 4205/6022/3834
f 4196/6023/3835 4204/6024/3836 4206/6021/3833
f 4201/6020/3832 4205/6022/3834 4202/6025/3837
f 4205/6022/3834 4203/6026/3838 4202/6025/3837
f 4206/6021/3833 4204/6024/3836 4205/6022/3834
f 4205/6022/3834 4204/6024/3836 4203/6026/3838
f 4209/6027/3839 4089/6028/3840 4208/6029/3841
f 4209/6027/3839 3937/6030/3842 4089/6028/3840
f 4210/6031/3843 4086/6032/3844 4207/6033/3845
f 4210/6031/3843 4211/6034/3846 4086/6032/3844
f 4086/6032/3844 4211/6034/3846 4213/6035/3847
f 4211/6034/3846 4212/6036/3848 4213/6035/3847
f 4210/6031/3843 4207/6033/3845 3937/6030/3842
f 4207/6033/3845 4089/6028/3840 3937/6030/3842
f 4261/6037/3849 4225/6038/3850 4235/6039/3851
f 4261/6037/3849 4260/6040/3852 4225/6038/3850
f 4245/6041/3853 4235/6039/3851 4246/6042/3854
f 4235/6039/3851 4225/6038/3850 4246/6042/3854
f 4246/6042/3854 4225/6038/3850 4224/6043/3855
f 4224/6043/3855 4221/6044/3856 4223/6045/3857
f 4223/6045/3857 4221/6044/3856 4222/6046/3858
f 4253/6047/3859 4222/6046/3858 4220/6048/3860
f 4220/6048/3860 4218/6049/3861 4219/6050/3862
f 4219/6050/3862 4236/6051/3863 4256/6052/3864
f 4224/6043/3855 4225/6038/3850 4221/6044/3856
f 4278/6053/3865 4221/6044/3856 4225/6038/3850
f 4221/6044/3856 4218/6049/3861 4220/6048/3860
f 4222/6046/3858 4221/6044/3856 4220/6048/3860
f 4219/6050/3862 4218/6049/3861 4236/6051/3863
f 4218/6049/3861 4214/6054/3866 4236/6051/3863
f 4236/6051/3863 4214/6054/3866 4216/6055/3867
f 4260/6040/3852 4230/6056/3868 4225/6038/3850
f 4225/6038/3850 4230/6056/3868 4278/6053/3865
f 4230/6056/3868 4279/6057/3869 4278/6053/3865
f 4278/6053/3865 4257/6058/3870 4221/6044/3856
f 4232/6059/3871 4231/6060/3872 4221/6044/3856
f 4214/6054/3866 4215/6061/3873 4216/6055/3867
f 4265/6062/3874 4845/6063/3875 4848/6064/3876
f 4848/6064/3876 4233/6065/3877 4231/6060/3872
f 4848/6064/3876 4845/6063/3875 4233/6065/3877
f 4845/6063/3875 4234/6066/3878 4233/6065/3877
f 4221/6044/3856 4231/6060/3872 4229/6067/3879
f 4231/6060/3872 4233/6065/3877 4229/6067/3879
f 4229/6067/3879 4228/6068/3880 4221/6044/3856
f 4228/6068/3880 4227/6069/3881 4221/6044/3856
f 4228/6068/3880 4266/6070/3882 4227/6069/3881
f 4221/6044/3856 4227/6069/3881 4218/6049/3861
f 4266/6070/3882 4272/6071/3883 4227/6069/3881
f 4218/6049/3861 4227/6069/3881 4258/6072/3884
f 4214/6054/3866 4218/6049/3861 4226/6073/3885
f 4214/6054/3866 4269/6074/3886 4259/6075/3887
f 4214/6054/3866 4252/6076/3888 4215/6061/3873
f 4214/6054/3866 4259/6075/3887 4252/6076/3888
f 4256/6052/3864 4236/6051/3863 4268/6077/3889
f 4236/6051/3863 4216/6055/3867 4247/6078/3890
f 4255/6079/3891 4248/6080/3892 4254/6081/3893
f 4254/6081/3893 4248/6080/3892 4244/6082/3894
f 4248/6080/3892 4216/6055/3867 5253/6083/3895
f 4248/6080/3892 5253/6083/3895 4244/6082/3894
f 4244/6082/3894 5253/6083/3895 4243/6084/3896
f 5253/6083/3895 4239/6085/3897 4243/6084/3896
f 4242/6086/3898 4243/6084/3896 4241/6087/3899
f 4243/6084/3896 4239/6085/3897 4240/6088/3900
f 4243/6084/3896 4240/6088/3900 4241/6087/3899
f 5305/6089/3901 4263/6090/3902 4271/6091/3903
f 4215/6061/3873 5224/6092/3904 4216/6055/3867
f 4216/6055/3867 5224/6092/3904 4217/6093/3905
f 5253/6083/3895 4216/6055/3867 4237/6094/3906
f 4216/6055/3867 4238/6095/3907 4237/6094/3906
f 4216/6055/3867 4217/6093/3905 4251/6096/3908
f 4216/6055/3867 4251/6096/3908 4238/6095/3907
f 4275/6097/3909 4276/6098/3910 4277/6099/3911
f 4251/6096/3908 4217/6093/3905 4262/6100/3912
f 4273/6101/3913 4274/6102/3914 4251/6103/3915
f 4251/6096/3908 4270/6104/3916 4238/6095/3907
f 5253/6083/3895 4249/6105/3917 4239/6085/3897
f 4238/6095/3907 4267/6106/3918 4237/6094/3906
f 5253/6083/3895 4237/6094/3906 5240/6107/3919
f 4239/6085/3897 4249/6105/3917 4250/6108/3920
f 4239/6085/3897 4250/6108/3920 4264/6109/3921
f 4241/6087/3899 4240/6088/3900 5305/6089/3901
f 4240/6088/3900 4263/6090/3902 5305/6089/3901
f 4490/6110/3922 4290/6111/3923 4291/6112/3924
f 4490/6110/3922 4291/6112/3924 4360/6113/3925
f 4490/6110/3922 4360/6113/3925 4260/6114/3926
f 4360/6113/3925 4292/6115/3927 4260/6114/3926
f 4490/6110/3922 4288/6116/3928 4290/6111/3923
f 4288/6116/3928 4289/6117/3929 4290/6111/3923
f 4288/6116/3928 4286/6118/3930 4289/6117/3929
f 4288/6116/3928 4284/6119/3931 4286/6118/3930
f 4284/6119/3931 4281/6120/3932 4285/6121/3933
f 4284/6119/3931 4288/6116/3928 4281/6120/3932
f 4488/6122/3934 4281/6120/3932 4288/6116/3928
f 4488/6122/3934 4287/6123/3935 4282/6124/3936
f 4488/6122/3934 4282/6124/3936 4281/6120/3932
f 4281/6120/3932 4282/6124/3936 4283/6125/3937
f 4281/6120/3932 4283/6125/3937 6091/6126/3938
f 4319/6127/3939 4318/6128/3940 4317/6129/3941
f 4317/6129/3941 4318/6128/3940 4316/6130/3942
f 4317/6129/3941 4316/6130/3942 4315/6131/3943
f 4315/6131/3943 4316/6130/3942 4313/6132/3944
f 4315/6131/3943 4313/6132/3944 4314/6133/3945
f 4313/6132/3946 4320/6134/3947 4312/6135/3948
f 4311/6136/3949 4310/6137/3950 4320/6134/3947
f 4320/6134/3947 4321/6138/3951 4312/6135/3948
f 4310/6137/3950 4309/6139/3952 4320/6134/3947
f 4320/6134/3947 4309/6139/3952 4322/6140/3953
f 4320/6134/3947 4322/6140/3953 4321/6138/3951
f 4309/6139/3952 4308/6141/3954 4322/6140/3953
f 4321/6138/3951 4308/6141/3954 4298/6142/3955
f 4321/6138/3951 4298/6142/3955 4312/6135/3948
f 4309/6139/3952 4296/6143/3956 4308/6141/3954
f 4308/6141/3954 4296/6143/3956 4298/6142/3955
f 4297/6144/3957 4296/6143/3956 4309/6139/3952
f 4298/6142/3955 4302/6145/3958 4324/6146/3959
f 4296/6143/3956 4302/6145/3958 4298/6142/3955
f 4300/6147/3960 4299/6148/3961 4302/6149/3962
f 4296/6143/3956 4297/6144/3957 4300/6147/3960
f 4297/6144/3957 4299/6148/3961 4300/6147/3960
f 4293/6150/3963 4294/6151/3964 4295/6152/3965
f 4307/6153/3966 4303/6154/3967 4301/6155/3968
f 4303/6154/3967 6076/6156/3969 4301/6155/3968
f 4305/6157/3970 4304/6158/3971 4303/6154/3967
f 4304/6158/3971 6076/6156/3969 4303/6154/3967
f 4297/6144/3957 4306/6159/3972 4323/6160/3973
f 4297/6144/3957 4323/6160/3973 4299/6148/3961
f 4306/6161/3972 4325/6162/3974 4323/6163/3973
f 4323/6160/3973 4307/6153/3966 4299/6148/3961
f 4307/6153/3966 4301/6155/3968 4299/6148/3961
f 4352/6164/3975 4381/6165/3976 4351/6166/3977
f 4385/6167/3978 4352/6164/3975 4359/6168/3979
f 4352/6164/3975 4351/6166/3977 4359/6168/3979
f 4381/6165/3976 4378/6169/3980 4351/6166/3977
f 4351/6166/3977 4350/6170/3981 4359/6168/3979
f 4359/6168/3979 4350/6170/3981 4349/6171/3982
f 4385/6167/3978 4359/6168/3979 4360/6172/3983
f 4359/6168/3979 4349/6171/3982 4353/6173/3984
f 4349/6171/3982 4344/6174/3985 4353/6173/3984
f 4359/6168/3979 4353/6173/3984 4354/6175/3986
f 4360/6172/3983 4359/6168/3979 4709/6176/3987
f 4359/6168/3979 4354/6175/3986 4709/6176/3987
f 4709/6176/3987 4354/6175/3986 4371/6177/3988
f 4361/6178/3989 4353/6173/3984 4362/6179/3990
f 4354/6175/3986 4353/6173/3984 4361/6178/3989
f 4382/6180/3991 4342/6181/3992 4375/6182/3993
f 4382/6180/3991 4362/6179/3990 4342/6181/3992
f 4390/6183/3994 4375/6182/3993 4342/6181/3992
f 4362/6179/3990 4353/6173/3984 4342/6181/3992
f 4342/6181/3992 4341/6184/3995 4340/6185/3996
f 4342/6181/3992 4353/6173/3984 4341/6184/3995
f 4370/6186/3997 4348/6187/3998 4349/6171/3982
f 4348/6187/3998 4347/6188/3999 4344/6174/3985
f 4347/6188/3999 4346/6189/4000 4344/6174/3985
f 4349/6171/3982 4348/6187/3998 4344/6174/3985
f 4389/6190/4001 4345/6191/4002 4344/6174/3985
f 4344/6174/3985 4345/6191/4002 4411/6192/4003
f 4344/6174/3985 4411/6192/4003 4355/6193/4004
f 4345/6191/4002 4410/6194/4005 4411/6192/4003
f 4411/6192/4003 4372/6195/4006 4369/6196/4007
f 4344/6174/3985 5322/6197/4008 4353/6173/3984
f 4344/6174/3985 4356/6198/4009 5322/6197/4008
f 4344/6174/3985 4355/6193/4004 4356/6198/4009
f 5322/6197/4008 4356/6198/4009 4357/6199/4010
f 5322/6197/4008 4357/6199/4010 4363/6200/4011
f 5322/6197/4008 4363/6200/4011 4368/6201/4012
f 4356/6198/4009 4358/6202/4013 4357/6199/4010
f 4364/6203/4014 4367/6204/4015 4355/6193/4004
f 4411/6192/4003 4364/6203/4014 4355/6193/4004
f 4364/6203/4014 4411/6192/4003 4365/6205/4016
f 4365/6205/4016 4388/6206/4017 4364/6203/4014
f 4367/6204/4015 4364/6203/4014 4383/6207/4018
f 4411/6192/4003 4366/6208/4019 4365/6205/4016
f 4411/6192/4003 4369/6196/4007 4366/6208/4019
f 4336/6209/4020 4337/6210/4021 4338/6211/4022
f 4337/6210/4021 4339/6212/4023 4338/6211/4022
f 4366/6208/4019 4369/6196/4007 4386/6213/4024
f 4369/6196/4007 4387/6214/4025 4386/6213/4024
f 5322/6197/4008 4343/6215/4026 4353/6173/3984
f 5322/6197/4008 4374/6216/4027 4343/6215/4026
f 4372/6195/4006 4373/6217/4028 4369/6196/4007
f 4373/6217/4028 4376/6218/4029 4380/6219/4030
f 4373/6217/4028 4380/6219/4030 4369/6196/4007
f 4376/6218/4029 4377/6220/4031 4380/6219/4030
f 4380/6219/4030 4379/6221/4032 4384/6222/4033
f 4377/6220/4031 4379/6221/4032 4380/6219/4030
f 4326/6223/4034 4329/6224/4035 4330/6225/4036
f 4326/6223/4034 4327/6226/4037 4329/6224/4035
f 4333/6227/4038 4334/6228/4039 4335/6229/4040
f 4326/6223/4034 4328/6230/4041 4327/6226/4037
f 4326/6223/4034 4332/6231/4042 4328/6230/4041
f 4328/6230/4041 4332/6231/4042 4331/6232/4043
f 4453/6233/4044 4447/6234/4045 4415/6235/4046
f 4447/6234/4045 4416/6236/4047 4415/6235/4046
f 4415/6235/4046 4414/6237/4048 4458/6238/4049
f 4414/6237/4048 4457/6239/4050 4458/6238/4049
f 4415/6235/4046 4416/6236/4047 4414/6237/4048
f 4416/6236/4047 4421/6240/4051 4414/6237/4048
f 4414/6237/4048 4456/6241/4052 4457/6239/4050
f 4414/6237/4048 4445/6242/4053 4456/6241/4052
f 4414/6237/4048 4421/6240/4051 4445/6242/4053
f 4394/6243/4054 4393/6244/4055 4395/6245/4056
f 4393/6244/4055 4394/6243/4054 4391/6246/4057
f 4393/6244/4055 4391/6246/4057 4392/6247/4058
f 4450/6248/4059 4405/6249/4060 4455/6250/4061
f 4450/6248/4059 4421/6240/4051 4405/6249/4060
f 4446/6251/4062 4405/6249/4060 4410/6252/4005
f 4405/6249/4060 4406/6253/4063 4410/6252/4005
f 4410/6252/4005 4409/6254/4064 4411/6255/4003
f 4413/6256/4065 4411/6255/4003 4409/6254/4064
f 4413/6256/4065 4409/6254/4064 4412/6257/4066
f 4400/6258/4067 4412/6257/4066 4396/6259/4068
f 4412/6257/4066 4409/6254/4064 4396/6259/4068
f 4396/6259/4068 4398/6260/4069 4397/6261/4070
f 4396/6259/4068 4399/6262/4071 4398/6260/4069
f 4396/6259/4068 4409/6254/4064 4399/6262/4071
f 4416/6236/4047 4422/6263/4072 4421/6240/4051
f 4421/6240/4051 4401/6264/4073 4405/6249/4060
f 4405/6249/4060 4401/6264/4073 4406/6253/4063
f 4410/6252/4005 4406/6253/4063 4409/6254/4064
f 4409/6254/4064 4443/6265/4074 4399/6262/4071
f 4409/6254/4064 4406/6253/4063 4443/6265/4074
f 4406/6253/4063 4442/6266/4075 4443/6265/4074
f 4422/6263/4072 4437/6267/4076 4421/6240/4051
f 4421/6240/4051 4424/6268/4077 4401/6264/4073
f 4401/6264/4073 4403/6269/4078 4406/6253/4063
f 4286/6270/4079 4437/6267/4076 4422/6263/4072
f 4437/6267/4076 4424/6268/4077 4421/6240/4051
f 4401/6264/4073 4424/6268/4077 4423/6271/4080
f 4401/6264/4073 4402/6272/4081 4403/6269/4078
f 4403/6269/4078 4404/6273/4082 4406/6253/4063
f 4404/6273/4082 4434/6274/4083 4406/6253/4063
f 4406/6253/4063 4434/6274/4083 4436/6275/4084
f 4406/6253/4063 4436/6275/4084 4408/6276/4085
f 4406/6253/4063 4407/6277/4086 4439/6278/4087
f 4406/6253/4063 5786/6279/4088 4407/6277/4086
f 4406/6253/4063 4408/6276/4085 5786/6279/4088
f 4407/6277/4086 4449/6280/4089 4439/6278/4087
f 4406/6253/4063 4439/6278/4087 4442/6266/4075
f 4439/6278/4087 4441/6281/4090 4442/6266/4075
f 4439/6278/4087 4448/6282/4091 4441/6281/4090
f 4454/6283/4092 4437/6267/4076 4286/6270/4079
f 4430/6284/4093 4424/6268/4077 4437/6267/4076
f 4430/6284/4093 4429/6285/4094 4424/6268/4077
f 4424/6268/4077 4427/6286/4095 4423/6271/4080
f 4424/6268/4077 4428/6287/4096 4427/6286/4095
f 4427/6286/4095 4426/6288/4097 4423/6271/4080
f 4427/6286/4095 5752/6289/4098 4426/6288/4097
f 4425/6290/4099 4423/6271/4080 4433/6291/4100
f 4423/6271/4080 4425/6290/4099 4401/6264/4073
f 4401/6264/4073 4420/6292/4101 4418/6293/4102
f 4418/6293/4102 4419/6294/4103 4402/6272/4081
f 4401/6264/4073 4418/6293/4102 4402/6272/4081
f 4403/6269/4078 4402/6272/4081 4417/6295/4104
f 4403/6269/4078 4417/6295/4104 4432/6296/4105
f 4437/6267/4076 4435/6297/4106 4430/6284/4093
f 4437/6267/4076 4438/6298/4107 4435/6297/4106
f 4437/6267/4076 4444/6299/4108 4438/6298/4107
f 4435/6297/4106 4440/6300/4109 4430/6284/4093
f 4429/6285/4094 4431/6301/4110 4424/6268/4077
f 4428/6287/4096 4451/6302/4111 4427/6286/4095
f 4427/6286/4095 4451/6302/4111 4452/6303/4112
f 4506/6304/4113 4471/6305/4114 4473/6306/4115
f 4473/6306/4115 4471/6305/4114 4476/6307/4116
f 4471/6305/4114 4509/6308/4117 4472/6309/4118
f 4471/6305/4114 4472/6309/4118 4462/6310/4119
f 4471/6305/4114 4462/6310/4119 4476/6307/4116
f 4472/6309/4118 4507/6311/4120 4462/6310/4119
f 4463/6312/4121 4515/6313/4122 4466/6314/4123
f 4490/6315/4124 4476/6307/4116 4461/6316/4125
f 4490/6315/4124 4473/6306/4115 4476/6307/4116
f 4466/6314/4123 4460/6317/4126 4463/6312/4121
f 4236/6318/4127 4504/6319/4128 4460/6317/4126
f 4460/6317/4126 4504/6319/4128 4517/6320/4129
f 4514/6321/4130 4508/6322/4131 4517/6320/4129
f 4517/6320/4129 4508/6322/4131 4470/6323/4132
f 4470/6323/4132 4467/6324/4133 4517/6320/4129
f 4470/6323/4132 4512/6325/4134 4467/6324/4133
f 4467/6324/4133 4469/6326/4135 4499/6327/4136
f 4499/6327/4136 4469/6326/4135 4465/6328/4137
f 4517/6320/4129 4467/6324/4133 4499/6327/4136
f 4517/6320/4129 4499/6327/4136 4460/6317/4126
f 4499/6327/4136 4465/6328/4137 4459/6329/4138
f 4468/6330/4139 4464/6331/4140 4465/6328/4137
f 4465/6328/4137 4464/6331/4140 4459/6329/4138
f 4476/6307/4116 4462/6310/4119 4463/6312/4121
f 4461/6316/4125 4476/6307/4116 4474/6332/4141
f 4499/6327/4136 4459/6329/4138 5301/6333/4142
f 4459/6329/4138 4475/6334/4143 5301/6333/4142
f 4474/6332/4141 4476/6307/4116 4488/6335/4144
f 4476/6307/4116 4463/6312/4121 4484/6336/4145
f 4463/6312/4121 4460/6317/4126 4484/6336/4145
f 4460/6317/4126 4499/6327/4136 4477/6337/4146
f 4477/6337/4146 4499/6327/4136 4478/6338/4147
f 4499/6327/4136 5301/6333/4142 4479/6339/4148
f 4479/6339/4148 5301/6333/4142 4501/6340/4149
f 5301/6333/4142 4475/6334/4143 5302/6341/4150
f 5301/6333/4142 4503/6342/4151 4502/6343/4152
f 4476/6307/4116 4484/6336/4145 4486/6344/4153
f 4484/6336/4145 4460/6317/4126 4485/6345/4154
f 4460/6317/4126 4496/6346/4155 4495/6347/4156
f 4460/6317/4126 4483/6348/4157 4496/6346/4155
f 4460/6317/4126 4480/6349/4158 4482/6350/4159
f 4460/6317/4126 4482/6350/4159 4483/6348/4157
f 4482/6350/4159 4480/6349/4158 4497/6351/4160
f 4460/6317/4126 4481/6352/4161 4480/6349/4158
f 4460/6317/4126 4477/6337/4146 4481/6352/4161
f 4480/6349/4158 4498/6353/4162 4497/6351/4160
f 4499/6327/4136 4479/6339/4148 4500/6354/4163
f 4479/6339/4148 4505/6355/4164 4500/6354/4163
f 5301/6333/4142 4502/6343/4152 4501/6340/4149
f 4488/6335/4144 4476/6307/4116 4487/6356/4165
f 4488/6335/4144 4487/6356/4165 4489/6357/4166
f 4488/6335/4144 4489/6357/4166 4511/6358/4167
f 4487/6356/4165 4476/6307/4116 4491/6359/4168
f 4476/6307/4116 4486/6344/4153 4492/6360/4169
f 4476/6307/4116 4492/6360/4169 4491/6359/4168
f 4486/6344/4153 4484/6336/4145 4516/6361/4170
f 4484/6336/4145 4485/6345/4154 4510/6362/4171
f 4520/6363/4172 4518/6364/4173 4521/6365/4174
f 4518/6364/4173 4519/6366/4175 4521/6365/4174
f 4485/6345/4154 4460/6317/4126 4493/6367/4176
f 4460/6317/4126 4494/6368/4177 4493/6367/4176
f 4460/6317/4126 4495/6347/4156 4494/6368/4177
f 4494/6368/4177 4495/6347/4156 4513/6369/4178
f 4590/6370/4179 4572/6371/4180 4529/6372/4181
f 4572/6371/4180 4575/6373/4182 4529/6372/4181
f 4575/6373/4182 4545/6374/4183 4529/6372/4181
f 4529/6372/4181 4545/6374/4183 4541/6375/4184
f 4541/6375/4184 4544/6376/4185 4542/6377/4186
f 4542/6377/4186 4529/6372/4181 4541/6375/4184
f 4542/6377/4186 4543/6378/4187 4529/6372/4181
f 4543/6378/4187 4546/6379/4188 4529/6372/4181
f 4546/6379/4188 4547/6380/4189 4529/6372/4181
f 4574/6381/4190 4547/6380/4189 4546/6379/4188
f 4540/6382/4191 4548/6383/4192 4529/6372/4181
f 4547/6380/4189 4540/6382/4191 4529/6372/4181
f 4548/6383/4192 4539/6384/4193 4529/6372/4181
f 4539/6384/4193 4579/6385/4194 4526/6386/4195
f 4529/6372/4181 4539/6384/4193 4526/6386/4195
f 4538/6387/4196 4577/6388/4197 4537/6389/4198
f 4538/6387/4196 4537/6389/4198 4534/6390/4199
f 4537/6389/4198 4536/6391/4200 4534/6390/4199
f 4535/6392/4201 4532/6393/4202 4534/6390/4199
f 4576/6394/4203 4533/6395/4204 4535/6392/4201
f 4535/6392/4201 4533/6395/4204 4532/6393/4202
f 4526/6386/4195 4538/6387/4196 4528/6396/4205
f 4538/6387/4196 4534/6390/4199 4528/6396/4205
f 4534/6390/4199 4531/6397/4206 4528/6396/4205
f 4534/6390/4199 4532/6393/4202 4531/6397/4206
f 4528/6396/4205 4531/6397/4206 4530/6398/4207
f 4527/6399/4208 4529/6372/4181 4549/6400/4209
f 4529/6372/4181 4526/6386/4195 4528/6396/4205
f 4530/6398/4207 5085/6401/4210 5583/6402/4211
f 4529/6372/4181 4528/6396/4205 4549/6400/4209
f 4530/6398/4207 5583/6402/4211 4550/6403/4212
f 4528/6396/4205 4530/6398/4207 4550/6403/4212
f 4550/6403/4212 5583/6402/4211 4581/6404/4213
f 4528/6396/4205 4551/6405/4214 4567/6406/4215
f 4551/6405/4214 4569/6407/4216 4568/6408/4217
f 4551/6405/4214 4528/6396/4205 4569/6407/4216
f 4528/6396/4205 5737/6409/4218 4569/6407/4216
f 4528/6396/4205 4570/6410/4219 5737/6409/4218
f 4528/6396/4205 4571/6411/4220 4570/6410/4219
f 4528/6396/4205 4550/6403/4212 4571/6411/4220
f 4556/6412/4221 4527/6399/4208 4549/6400/4209
f 4556/6412/4221 4557/6413/4222 4558/6414/4223
f 4556/6412/4221 4549/6400/4209 4557/6413/4222
f 4557/6413/4222 4549/6400/4209 4560/6415/4224
f 4549/6400/4209 4528/6396/4205 4555/6416/4225
f 4549/6400/4209 4555/6416/4225 4561/6417/4226
f 4555/6416/4225 4528/6396/4205 4562/6418/4227
f 4562/6418/4227 4573/6419/4228 4555/6416/4225
f 4528/6396/4205 4553/6420/4229 4562/6418/4227
f 4562/6418/4227 4553/6420/4229 4563/6421/4230
f 4553/6420/4229 4528/6396/4205 4554/6422/4231
f 4554/6422/4231 4528/6396/4205 4525/6423/4232
f 4528/6396/4205 4564/6424/4233 4525/6423/4232
f 4528/6396/4205 4552/6425/4234 4564/6424/4233
f 4552/6425/4234 4528/6396/4205 4565/6426/4235
f 4524/6427/4236 4522/6428/4237 4523/6429/4238
f 4528/6396/4205 5739/6430/4239 4565/6426/4235
f 4528/6396/4205 4566/6431/4240 5739/6430/4239
f 4565/6426/4235 5739/6430/4239 4580/6432/4241
f 5739/6430/4239 4566/6431/4240 5699/6433/4242
f 4528/6396/4205 4567/6406/4215 4566/6431/4240
f 4556/6412/4221 4558/6414/4223 4559/6434/4243
f 4559/6434/4243 4558/6414/4223 4578/6435/4244
f 4560/6415/4224 4582/6436/4245 4557/6413/4222
f 4590/6437/4246 4587/6438/4247 4591/6439/4248
f 4591/6439/4248 4587/6438/4247 4592/6440/4249
f 4592/6440/4249 4587/6438/4247 4593/6441/4250
f 4587/6438/4247 4726/6442/4251 4593/6441/4250
f 4590/6437/4246 4586/6443/4252 4587/6438/4247
f 4587/6438/4247 4583/6444/4253 4726/6442/4251
f 4586/6443/4252 4588/6445/4254 4587/6438/4247
f 4583/6444/4253 4584/6446/4255 4594/6447/4256
f 4588/6445/4254 4584/6446/4255 4587/6438/4247
f 4587/6438/4247 4584/6446/4255 4583/6444/4253
f 4594/6447/4256 4584/6446/4255 4597/6448/4257
f 4584/6446/4255 4596/6449/4258 4597/6448/4257
f 4588/6445/4254 4585/6450/4259 4584/6446/4255
f 4585/6450/4259 4589/6451/4260 4595/6452/4261
f 4585/6450/4259 4588/6445/4254 4589/6451/4260
f 4589/6451/4260 4588/6445/4254 5713/6453/4262
f 4588/6445/4254 4598/6454/4263 5713/6453/4262
f 4649/6455/4264 4630/6456/4265 4648/6457/4266
f 4649/6455/4264 4590/6458/4267 4630/6456/4265
f 4590/6458/4267 4608/6459/4268 4613/6460/4269
f 4630/6456/4265 4590/6458/4267 4613/6460/4269
f 4630/6456/4265 4613/6460/4269 4641/6461/4270
f 4613/6460/4269 4608/6459/4268 4609/6462/4271
f 4609/6462/4271 4605/6463/4272 4642/6464/4273
f 4608/6459/4268 4606/6465/4274 4604/6466/4275
f 4609/6462/4271 4608/6459/4268 4605/6463/4272
f 4608/6459/4268 4604/6466/4275 4605/6463/4272
f 4608/6459/4268 4612/6467/4276 4610/6468/4277
f 4639/6469/4278 4643/6470/4279 4612/6467/4276
f 4612/6467/4276 4643/6470/4279 4610/6468/4277
f 4608/6459/4268 4610/6468/4277 4606/6465/4274
f 4606/6465/4274 4885/6471/4280 4604/6466/4275
f 4885/6471/4280 4611/6472/4281 4604/6466/4275
f 4644/6473/4282 4636/6474/4283 4611/6472/4281
f 4611/6472/4281 4629/6475/4284 4604/6466/4275
f 4636/6474/4283 4637/6476/4285 4611/6472/4281
f 4636/6474/4283 4645/6477/4286 4637/6476/4285
f 4611/6472/4281 4637/6476/4285 4650/6478/4287
f 4611/6472/4281 4650/6478/4287 4629/6475/4284
f 4605/6463/4272 4604/6466/4275 4619/6479/4288
f 4619/6479/4288 4604/6466/4275 4620/6480/4289
f 4604/6466/4275 4599/6481/4290 4620/6480/4289
f 4621/6482/4291 4620/6480/4289 4599/6481/4290
f 4622/6483/4292 4599/6481/4290 4579/6484/4293
f 4579/6484/4293 4599/6481/4290 4600/6485/4294
f 4640/6486/4295 4615/6487/4296 4623/6488/4297
f 4600/6485/4294 5049/6489/4298 4579/6484/4293
f 4615/6487/4296 4579/6484/4293 4623/6488/4297
f 4579/6484/4293 5049/6489/4298 4616/6490/4299
f 4627/6491/4300 4623/6488/4297 4617/6492/4301
f 4623/6488/4297 4579/6484/4293 4617/6492/4301
f 4579/6484/4293 4616/6490/4299 4617/6492/4301
f 4617/6492/4301 4616/6490/4299 4618/6493/4302
f 4628/6494/4303 4617/6492/4301 4624/6495/4304
f 4604/6466/4275 4629/6475/4284 4607/6496/4305
f 4604/6466/4275 4602/6497/4306 4599/6481/4290
f 4604/6466/4275 5096/6498/4307 4602/6497/4306
f 4604/6466/4275 4607/6496/4305 4614/6499/4308
f 4604/6466/4275 4614/6499/4308 5096/6498/4307
f 4599/6481/4290 4602/6497/4306 4603/6500/4309
f 4599/6481/4290 4603/6500/4309 4601/6501/4310
f 4599/6481/4290 4601/6501/4310 4600/6485/4294
f 4600/6485/4294 4633/6502/4311 5049/6489/4298
f 4618/6493/4302 4626/6503/4312 4617/6492/4301
f 4617/6492/4301 4625/6504/4313 4624/6495/4304
f 4617/6492/4301 4626/6503/4312 4625/6504/4313
f 4624/6495/4304 4631/6505/4314 4632/6506/4315
f 4632/6506/4315 4631/6505/4314 4634/6507/4316
f 4632/6506/4315 4634/6507/4316 4635/6508/4317
f 4635/6508/4317 4634/6507/4316 4638/6509/4318
f 4638/6509/4318 4646/6510/4319 4651/6511/4320
f 4652/6512/4321 4651/6513/4322 5088/6514/4323
f 4624/6495/4304 4625/6504/4313 4631/6505/4314
f 4634/6507/4316 4647/6515/4324 4638/6509/4318
f 4638/6509/4318 4647/6515/4324 4646/6510/4319
f 4676/6516/4325 4662/6517/4326 4677/6518/4327
f 4676/6516/4325 4675/6519/4328 4662/6517/4326
f 4675/6519/4328 4672/6520/4329 4662/6517/4326
f 4662/6517/4326 4673/6521/4330 4663/6522/4331
f 4672/6520/4329 4674/6523/4332 4662/6517/4326
f 4674/6523/4332 4673/6521/4330 4662/6517/4326
f 4673/6521/4330 4655/6524/4333 4660/6525/4334
f 4673/6521/4330 4671/6526/4335 4655/6524/4333
f 4663/6522/4331 4673/6521/4330 4660/6525/4334
f 4660/6525/4334 4655/6524/4333 4661/6527/4336
f 4671/6526/4335 4700/6528/4337 4655/6524/4333
f 4655/6524/4333 4657/6529/4338 4661/6527/4336
f 4655/6524/4333 4656/6530/4339 4657/6529/4338
f 4655/6524/4333 4653/6531/4340 4656/6530/4339
f 4653/6531/4340 4654/6532/4341 4656/6530/4339
f 4656/6530/4339 4654/6532/4341 4659/6533/4342
f 4653/6531/4340 4658/6534/4343 4654/6532/4341
f 4653/6531/4340 4664/6535/4344 4658/6534/4343
f 4658/6534/4345 4664/6535/4346 4679/6536/4347
f 4664/6535/4346 4678/6537/4348 4679/6536/4347
f 4679/6536/4347 4678/6537/4348 4680/6538/4349
f 4653/6531/4340 4665/6539/4350 4664/6535/4344
f 4653/6531/4340 4666/6540/4351 4665/6539/4350
f 4699/6541/4352 4667/6542/4353 4666/6540/4351
f 4699/6541/4352 4670/6543/4354 4667/6542/4353
f 4666/6540/4351 4667/6542/4353 4665/6539/4350
f 4667/6542/4353 4668/6544/4355 4665/6539/4350
f 4667/6542/4353 4669/6545/4356 4668/6544/4355
f 4667/6542/4353 4690/6546/4357 4669/6545/4356
f 4698/6547/4358 4677/6548/4359 4685/6549/4360
f 4677/6548/4359 4684/6550/4361 4685/6549/4360
f 4677/6548/4359 4686/6551/4362 4684/6550/4361
f 4685/6549/4360 4684/6550/4361 4683/6552/4363
f 4682/6553/4364 4684/6550/4361 4693/6554/4365
f 4684/6550/4361 4682/6553/4364 4683/6552/4363
f 4682/6553/4364 4693/6554/4365 4661/6555/4336
f 4694/6556/4366 4683/6552/4363 4682/6553/4364
f 4694/6556/4366 4682/6553/4364 4700/6557/4367
f 4661/6555/4336 4657/6558/4338 4682/6553/4364
f 4682/6553/4364 4657/6558/4338 4681/6559/4368
f 4657/6558/4338 4692/6560/4369 4681/6559/4368
f 4682/6553/4364 4681/6559/4368 4654/6561/4341
f 4682/6553/4364 4654/6561/4341 4658/6562/4343
f 4682/6553/4364 4658/6562/4343 5487/6563/4370
f 5487/6563/4370 4658/6562/4343 4664/6564/4371
f 4658/6562/4372 4696/6565/4373 4695/6566/4374
f 4658/6562/4372 4695/6566/4374 4664/6564/4371
f 4695/6566/4374 4696/6565/4373 4697/6567/4375
f 5487/6563/4370 4664/6564/4371 4689/6568/4376
f 4689/6568/4376 4664/6564/4371 4691/6569/4377
f 4699/6570/4378 5487/6563/4370 4687/6571/4379
f 5487/6563/4370 4689/6568/4376 4687/6571/4379
f 4687/6571/4379 4689/6568/4376 4688/6572/4380
f 4688/6572/4380 4689/6568/4376 4669/6573/4356
f 4688/6572/4380 4669/6573/4356 4690/6574/4357
f 4712/6575/4381 4709/6576/4382 4711/6577/4383
f 4709/6576/4382 4710/6578/4384 4711/6577/4383
f 4705/6579/4385 4360/6580/4386 4703/6581/4387
f 4360/6580/4386 4702/6582/4388 4703/6581/4387
f 4703/6581/4387 4702/6582/4388 4701/6583/4389
f 4702/6582/4388 4704/6584/4390 4701/6583/4389
f 4703/6581/4387 4701/6583/4389 4708/6585/4391
f 4708/6585/4391 4701/6583/4389 4280/6586/4392
f 4280/6586/4392 4701/6583/4389 4852/6587/4393
f 4280/6586/4392 4852/6587/4393 4707/6588/4394
f 4715/6589/4395 4714/6590/4396 4716/6591/4397
f 4715/6589/4395 4713/6592/4398 4714/6590/4396
f 4701/6583/4389 4706/6593/4399 4852/6587/4393
f 4728/6594/4400 4721/6595/4401 4720/6596/4402
f 4639/6597/4403 4726/6598/4404 4721/6595/4401
f 4721/6595/4401 4718/6599/4405 4720/6596/4402
f 4720/6596/4402 4718/6599/4405 4722/6600/4406
f 4722/6600/4406 4718/6599/4405 4885/6601/4407
f 4726/6598/4404 4596/6602/4408 4721/6595/4401
f 4721/6595/4401 4596/6602/4408 4718/6599/4405
f 4718/6599/4405 4732/6603/4409 4885/6601/4407
f 4731/6604/4410 4727/6605/4411 4726/6598/4404
f 4726/6598/4404 4727/6605/4411 4596/6602/4408
f 4585/6606/4259 4595/6607/4261 4596/6602/4408
f 4718/6599/4405 4730/6608/4412 4732/6603/4409
f 4596/6602/4408 4717/6609/4413 4718/6599/4405
f 4718/6599/4405 4717/6609/4413 4730/6608/4412
f 4595/6607/4261 4589/6610/4260 4596/6602/4408
f 4596/6602/4408 4589/6610/4260 4717/6609/4413
f 4589/6610/4260 5713/6611/4262 4725/6612/4414
f 4589/6610/4260 4725/6612/4414 4719/6613/4415
f 4719/6613/4415 4725/6612/4414 4729/6614/4416
f 4589/6610/4260 4719/6613/4415 4717/6609/4413
f 4719/6613/4415 4723/6615/4417 4717/6609/4413
f 4719/6613/4415 4724/6616/4418 4723/6615/4417
f 4737/6617/4419 4738/6618/4420 4734/6619/4421
f 4738/6618/4420 4735/6620/4422 4734/6619/4421
f 4738/6618/4420 4739/6621/4423 4735/6620/4422
f 4736/6622/4424 4734/6619/4421 4735/6620/4422
f 4736/6622/4424 4735/6620/4422 4921/6623/4425
f 4736/6622/4424 4921/6623/4425 4757/6624/4426
f 4740/6625/4427 4743/6626/4428 4742/6627/4429
f 4743/6626/4428 4741/6628/4430 4742/6627/4429
f 4741/6628/4430 4744/6629/4431 4742/6627/4429
f 4742/6627/4429 4744/6629/4431 4745/6630/4432
f 4753/6631/4433 4746/6632/4434 4749/6633/4435
f 4746/6632/4434 4747/6634/4436 4749/6633/4435
f 4749/6633/4435 4750/6635/4437 4755/6636/4438
f 4749/6633/4435 4747/6634/4436 4750/6635/4437
f 4747/6634/4436 4751/6637/4439 4750/6635/4437
f 4746/6632/4434 4955/6638/4440 4747/6634/4436
f 4757/6639/4441 4748/6640/4442 4746/6632/4434
f 4748/6640/4442 4756/6641/4443 4758/6642/4444
f 4746/6632/4434 4748/6640/4442 4955/6638/4440
f 4748/6640/4442 4758/6642/4444 4754/6643/4445
f 4748/6640/4442 4754/6643/4445 4955/6638/4440
f 4955/6638/4446 4752/6644/4447 4747/6634/4436
f 4763/6645/4448 4762/6646/4449 4733/6647/4450
f 4733/6647/4450 4760/6648/4451 4738/6649/4452
f 4733/6647/4450 4759/6650/4453 4760/6648/4451
f 4733/6647/4450 4762/6646/4449 4759/6650/4453
f 4760/6648/4451 4759/6650/4453 4761/6651/4454
f 4759/6650/4453 4764/6652/4455 4761/6651/4454
f 4738/6653/4456 4768/6654/4457 4765/6655/4458
f 4765/6655/4458 4768/6654/4457 4766/6656/4459
f 4768/6654/4457 4769/6657/4460 4766/6656/4459
f 4773/6658/4461 4765/6655/4458 4770/6659/4462
f 4765/6655/4458 4918/6660/4463 4770/6659/4462
f 4765/6655/4458 4767/6661/4464 4918/6660/4463
f 4918/6660/4465 4767/6661/4466 4774/6662/4467
f 4765/6655/4458 4766/6656/4459 4767/6661/4464
f 4767/6661/4464 4766/6656/4459 4771/6663/4468
f 4769/6657/4460 4772/6664/4469 4766/6656/4459
f 4780/6665/4470 4781/6666/4471 4782/6667/4472
f 4780/6665/4470 4776/6668/4473 4781/6666/4471
f 4779/6669/4474 4775/6670/4475 4776/6668/4473
f 4776/6668/4473 4775/6670/4475 4781/6666/4471
f 4785/6671/4476 4778/6672/4477 4779/6669/4474
f 4779/6669/4474 4778/6672/4477 4777/6673/4478
f 4785/6671/4476 4783/6674/4479 4778/6672/4477
f 4779/6669/4474 4777/6673/4478 4775/6670/4475
f 4778/6672/4477 4784/6675/4480 4777/6673/4478
f 4800/6676/4481 4814/6677/4482 4787/6678/4483
f 4795/6679/4484 4788/6680/4485 4794/6681/4486
f 4814/6677/4482 4786/6682/4487 4787/6678/4483
f 4788/6680/4485 4797/6683/4488 4794/6681/4486
f 4787/6678/4483 4786/6682/4487 4788/6680/4485
f 4788/6680/4485 4801/6684/4489 4797/6683/4488
f 4788/6680/4485 4802/6685/4490 4801/6684/4489
f 4788/6680/4485 4803/6686/4491 4802/6685/4490
f 4802/6685/4490 4803/6686/4491 4808/6687/4492
f 4788/6680/4485 4985/6688/4493 4803/6686/4491
f 4803/6686/4491 4985/6688/4493 4807/6689/4494
f 4788/6680/4485 4789/6690/4495 4985/6688/4493
f 4786/6682/4487 4789/6690/4495 4788/6680/4485
f 4814/6677/4482 4809/6691/4496 4798/6692/4497
f 4814/6677/4482 4798/6692/4497 4786/6682/4487
f 4789/6690/4495 4790/6693/4498 4806/6694/4499
f 4790/6693/4498 4804/6695/4500 4806/6694/4499
f 4798/6692/4497 4792/6696/4501 4786/6682/4487
f 4786/6682/4487 4790/6693/4498 4789/6690/4495
f 4792/6696/4501 4790/6693/4498 4786/6682/4487
f 4798/6692/4497 4799/6697/4502 4792/6696/4501
f 4792/6696/4501 4791/6698/4503 4790/6693/4498
f 4791/6698/4503 4793/6699/4504 4790/6693/4498
f 4791/6698/4503 4796/6700/4505 4793/6699/4504
f 4792/6696/4501 4805/6701/4506 4791/6698/4503
f 4820/6702/4507 4811/6703/4508 4813/6704/4509
f 4813/6704/4509 4811/6703/4508 4814/6705/4482
f 4814/6705/4482 4812/6706/4510 4809/6707/4496
f 4814/6705/4482 4811/6703/4508 4812/6706/4510
f 4809/6707/4496 4812/6706/4510 4810/6708/4511
f 4809/6707/4496 4810/6708/4511 4798/6709/4497
f 4798/6709/4497 4810/6708/4511 4815/6710/4512
f 4810/6708/4511 4821/6711/4513 4815/6710/4512
f 4816/6712/4514 4798/6709/4497 4815/6710/4512
f 4816/6712/4514 4815/6710/4512 4817/6713/4515
f 4817/6713/4515 4815/6710/4512 4818/6714/4516
f 4822/6715/4517 4817/6713/4515 4819/6716/4518
f 4817/6713/4515 4818/6714/4516 4819/6716/4518
f 4827/6717/4519 4826/6718/4520 4828/6719/4521
f 4824/6720/4522 4825/6721/4523 4826/6718/4520
f 4824/6720/4522 4823/6722/4524 4825/6721/4523
f 4827/6717/4519 4824/6720/4522 4826/6718/4520
f 4747/6723/4525 4955/6724/4526 4824/6720/4522
f 4824/6720/4522 4955/6724/4526 4823/6722/4524
f 4823/6722/4524 4955/6724/4526 4830/6725/4527
f 4837/6726/4528 4823/6722/4524 4829/6727/4529
f 4823/6722/4524 4830/6725/4527 4829/6727/4529
f 4839/6728/4530 4840/6729/4531 4830/6725/4527
f 4839/6728/4530 4830/6725/4527 4955/6724/4526
f 4840/6729/4531 4838/6730/4532 4830/6725/4527
f 4838/6730/4532 4836/6731/4533 4830/6725/4527
f 4830/6725/4527 4836/6731/4533 4831/6732/4534
f 4829/6727/4529 4830/6725/4527 4831/6732/4534
f 6108/6733/4535 4835/6734/4536 6101/6735/4537
f 6108/6733/4535 4834/6736/4538 4835/6734/4536
f 4842/6737/4539 4841/6738/4540 4831/6732/4534
f 4842/6737/4539 4831/6732/4534 4960/6739/4541
f 4834/6736/4538 4833/6740/4542 4832/6741/4543
f 4829/6727/4529 4832/6741/4543 4833/6740/4542
f 4834/6736/4538 4832/6741/4543 4835/6734/4536
f 4960/6739/4541 4831/6732/4534 4836/6731/4533
f 4829/6727/4529 4831/6732/4534 4832/6741/4543
f 4849/6742/4544 4851/6743/4545 4850/6744/4546
f 4852/6745/4547 4859/6746/4548 4853/6747/4549
f 4851/6743/4545 4852/6745/4547 4853/6747/4549
f 4851/6743/4545 4853/6747/4549 4850/6744/4546
f 4863/6748/4550 4852/6745/4547 4851/6743/4545
f 4849/6742/4544 4850/6744/4546 4848/6749/4551
f 4848/6749/4551 4846/6750/4552 4847/6751/4553
f 4847/6751/4553 4846/6750/4552 4845/6752/4554
f 4848/6749/4551 4850/6744/4546 4846/6750/4552
f 4846/6750/4552 4995/6753/4555 4845/6752/4554
f 4995/6753/4555 4843/6754/4556 4845/6752/4554
f 4843/6754/4556 4854/6755/4557 4845/6752/4554
f 4845/6752/4554 4854/6755/4557 4862/6756/4558
f 4844/6757/4559 4854/6755/4557 4843/6754/4556
f 4844/6757/4559 6039/6758/4560 4854/6755/4557
f 5767/6759/4561 4858/6760/4562 4857/6761/4563
f 4857/6761/4563 4856/6762/4564 5036/6763/4565
f 4857/6761/4563 4858/6760/4562 4856/6762/4564
f 4858/6760/4562 4860/6764/4566 4856/6762/4564
f 5036/6763/4565 4856/6762/4564 4855/6765/4567
f 4855/6765/4567 4856/6762/4564 4861/6766/4568
f 4855/6765/4567 4861/6766/4568 6039/6758/4560
f 4844/6757/4559 4855/6765/4567 6039/6758/4560
f 4870/6767/4569 4869/6768/4570 4868/6769/4571
f 4870/6767/4569 4868/6769/4571 4867/6770/4572
f 4867/6770/4572 4868/6769/4571 4866/6771/4573
f 4867/6770/4572 4866/6771/4573 4864/6772/4574
f 4872/6773/4575 4867/6770/4572 4864/6772/4574
f 4864/6772/4574 4866/6771/4573 4865/6774/4576
f 4875/6775/4577 4873/6776/4578 4876/6777/4579
f 4818/6778/4580 4873/6776/4578 4875/6775/4577
f 4879/6779/4581 4877/6780/4582 4818/6778/4580
f 4877/6780/4582 4878/6781/4583 4818/6778/4580
f 4873/6776/4578 4984/6782/4584 4880/6783/4585
f 4873/6776/4578 4874/6784/4586 4984/6782/4584
f 4873/6776/4578 4818/6778/4580 4874/6784/4586
f 4818/6778/4580 4878/6781/4583 4874/6784/4586
f 4874/6784/4586 4878/6781/4583 4865/6785/4587
f 4864/6772/4574 4865/6774/4576 4871/6786/4588
f 4885/6787/4589 5086/6788/4590 4886/6789/4591
f 4885/6787/4589 4881/6790/4592 5086/6788/4590
f 4881/6790/4592 4882/6791/4593 5086/6788/4590
f 5086/6788/4590 4882/6791/4593 5084/6792/4594
f 4881/6790/4592 4883/6793/4595 4884/6794/4596
f 4881/6790/4592 4884/6794/4596 4882/6791/4593
f 4881/6790/4592 4887/6795/4597 4883/6793/4595
f 4887/6796/4598 4888/6797/4599 4889/6798/4600
f 4895/6799/4601 4892/6800/4602 4896/6801/4603
f 4202/6802/4604 4893/6803/4605 4894/6804/4606
f 4892/6800/4602 4890/6805/4607 4896/6801/4603
f 4892/6800/4602 4893/6803/4605 4890/6805/4607
f 4202/6802/4604 6085/6806/4608 4893/6803/4605
f 6085/6806/4608 4891/6807/4609 4893/6803/4605
f 4893/6803/4605 4891/6807/4609 4890/6805/4607
f 4891/6807/4609 4190/6808/4610 4890/6805/4607
f 4922/6809/4611 4085/6810/4612 4910/6811/4613
f 4910/6811/4613 4085/6810/4612 4909/6812/4614
f 4909/6812/4614 4085/6810/4612 4906/6813/4615
f 4085/6810/4612 4907/6814/4616 4906/6813/4615
f 4907/6814/4616 4926/6815/4617 4906/6813/4615
f 4909/6812/4614 4906/6813/4615 4905/6816/4618
f 4906/6813/4615 4897/6817/4619 4905/6816/4618
f 4928/6818/4620 4921/6819/4621 4900/6820/4622
f 4928/6818/4620 4927/6821/4623 4921/6819/4621
f 4921/6819/4621 4918/6822/4624 4900/6820/4622
f 4918/6822/4625 4919/6823/4626 4767/6824/4627
f 4900/6820/4622 4918/6822/4624 4897/6817/4619
f 4913/6825/4628 4909/6812/4614 4905/6816/4618
f 4897/6817/4619 4918/6822/4624 4898/6826/4629
f 4898/6826/4629 4918/6822/4624 4917/6827/4630
f 4918/6822/4624 4767/6824/4631 4917/6827/4630
f 4905/6816/4618 4897/6817/4619 4898/6826/4629
f 4913/6825/4628 4905/6816/4618 4904/6828/4632
f 4898/6826/4629 4917/6827/4630 4899/6829/4633
f 4913/6825/4628 4904/6828/4632 4933/6830/4634
f 4904/6828/4632 4905/6816/4618 4899/6829/4633
f 4905/6816/4618 4898/6826/4629 4899/6829/4633
f 4917/6827/4630 4767/6824/4631 4916/6831/4635
f 4767/6824/4631 4925/6832/4636 4916/6831/4635
f 4899/6829/4633 4917/6827/4630 4915/6833/4637
f 4904/6828/4632 4899/6829/4633 4903/6834/4638
f 4904/6828/4632 4903/6834/4638 4933/6830/4634
f 4915/6833/4637 4917/6827/4630 4916/6831/4635
f 4903/6834/4638 4899/6829/4633 4902/6835/4639
f 4933/6830/4634 4903/6834/4638 4908/6836/4640
f 4933/6830/4634 4914/6837/4641 4920/6838/4642
f 4933/6830/4634 4908/6836/4640 4914/6837/4641
f 4920/6838/4642 4914/6837/4641 4923/6839/4643
f 4899/6829/4633 4901/6840/4644 4902/6835/4639
f 4899/6829/4633 4915/6833/4637 4901/6840/4644
f 4911/6841/4645 4912/6842/4646 4929/6843/4647
f 4912/6842/4646 4930/6844/4648 4929/6843/4647
f 4902/6835/4639 4901/6840/4644 4911/6841/4645
f 4911/6841/4645 4901/6840/4644 4912/6842/4646
f 4933/6830/4634 4920/6838/4642 4924/6845/4649
f 4934/6846/4650 4931/6847/4651 4935/6848/4652
f 4934/6846/4650 4913/6849/4628 4931/6847/4651
f 4936/6850/4653 4934/6846/4650 4935/6848/4652
f 4913/6849/4628 4933/6851/4634 4931/6847/4651
f 4931/6847/4651 4933/6851/4634 4932/6852/4654
f 4933/6851/4634 4945/6853/4655 4932/6852/4654
f 4937/6854/4656 4938/6855/4657 4945/6856/4658
f 4937/6854/4656 4939/6857/4659 4938/6855/4657
f 4965/6858/4660 4963/6859/4661 4966/6860/4662
f 4965/6858/4660 4943/6861/4663 4963/6859/4661
f 4956/6862/4664 4969/6863/4665 4953/6864/4666
f 4953/6864/4666 4969/6863/4665 4963/6859/4661
f 4953/6864/4666 4952/6865/4667 4954/6866/4668
f 4953/6864/4666 4963/6859/4661 4952/6865/4667
f 4954/6866/4668 4952/6865/4667 4955/6867/4669
f 4947/6868/4670 4970/6869/4671 4971/6870/4672
f 4947/6868/4670 4971/6870/4672 4967/6871/4673
f 4970/6869/4671 4947/6868/4670 4211/6872/4674
f 4947/6868/4670 4943/6861/4663 4211/6872/4674
f 4947/6868/4670 4944/6873/4675 4943/6861/4663
f 4931/6874/4676 4942/6875/4677 4944/6873/4675
f 4944/6873/4675 4942/6875/4677 4943/6861/4663
f 4963/6859/4661 4951/6876/4678 4952/6865/4667
f 4943/6861/4663 4951/6876/4678 4963/6859/4661
f 4943/6861/4663 4942/6875/4677 4951/6876/4678
f 4931/6874/4676 4941/6877/4679 4942/6875/4677
f 4942/6875/4677 4957/6878/4680 4951/6876/4678
f 4942/6875/4677 4941/6877/4679 4940/6879/4681
f 4942/6875/4677 4940/6879/4681 4957/6878/4680
f 4940/6879/4681 4946/6880/4682 4957/6878/4680
f 4941/6877/4679 4945/6881/4683 4940/6879/4681
f 4946/6880/4682 4958/6882/4684 4957/6878/4680
f 4940/6879/4681 4945/6881/4683 4946/6880/4682
f 4946/6880/4682 4959/6883/4685 4958/6882/4684
f 4941/6877/4679 4968/6884/4686 4945/6881/4683
f 4946/6880/4682 4948/6885/4687 4959/6883/4685
f 4959/6883/4685 4948/6885/4687 4960/6886/4688
f 4946/6880/4682 4304/6887/3971 4949/6888/4689
f 4948/6885/4687 6198/6889/4690 4962/6890/4691
f 4948/6885/4687 4962/6890/4691 4960/6886/4688
f 6198/6889/4690 4961/6891/4692 4962/6890/4691
f 4946/6880/4682 4945/6881/4683 4304/6887/3971
f 4945/6881/4683 4964/6892/4693 4950/6893/4694
f 4945/6881/4683 4950/6893/4694 4304/6887/3971
f 4950/6893/4694 6076/6894/3969 4304/6887/3971
f 4980/6895/4695 4979/6896/4696 4978/6897/4697
f 4979/6896/4696 4977/6898/4698 4978/6897/4697
f 4977/6898/4698 4983/6899/4699 4974/6900/4700
f 4977/6898/4698 4868/6901/4701 4978/6897/4697
f 4977/6898/4698 4974/6900/4700 4868/6901/4701
f 4974/6900/4700 4973/6902/4702 4868/6901/4701
f 4985/6903/4703 4972/6904/4704 4973/6902/4702
f 4973/6902/4702 4972/6904/4704 4868/6901/4701
f 4972/6904/4704 4865/6905/4705 4868/6901/4701
f 4972/6904/4704 4975/6906/4706 4865/6905/4705
f 4975/6906/4706 4976/6907/4707 4865/6905/4705
f 4982/6908/4708 4981/6909/4709 4976/6907/4707
f 4976/6907/4707 4981/6909/4709 4865/6905/4705
f 4982/6908/4708 4984/6910/4710 4981/6909/4709
f 4995/6911/4711 5018/6912/4712 4994/6913/4713
f 4994/6913/4713 5029/6914/4714 5011/6915/4715
f 5008/6916/4716 5010/6917/4717 4986/6918/4718
f 5013/6919/4719 5012/6920/4720 4986/6918/4718
f 5010/6917/4717 5013/6919/4719 4986/6918/4718
f 5012/6920/4720 5009/6921/4721 4986/6918/4718
f 5015/6922/4722 5007/6923/4723 5009/6921/4721
f 5009/6921/4721 5007/6923/4723 4986/6918/4718
f 5006/6924/4724 5004/6925/4725 5005/6926/4726
f 5005/6926/4726 5004/6925/4725 4986/6918/4718
f 5007/6923/4723 5005/6926/4726 4986/6918/4718
f 5004/6925/4725 5003/6927/4727 4986/6918/4718
f 5004/6925/4725 5019/6928/4728 5003/6927/4727
f 4995/6911/4711 4994/6913/4713 4988/6929/4729
f 4994/6913/4713 5011/6915/4715 5001/6930/4730
f 5011/6915/4715 5021/6931/4731 5001/6930/4730
f 5001/6930/4730 5020/6932/4732 5008/6916/4716
f 5008/6916/4716 4986/6918/4718 5001/6930/4730
f 5001/6930/4730 4986/6918/4718 4988/6929/4729
f 5030/6933/4733 5032/6934/4734 5002/6935/4735
f 5003/6927/4727 5030/6933/4733 5002/6935/4735
f 5003/6927/4727 5002/6935/4735 4986/6918/4718
f 4986/6918/4718 5002/6935/4735 4987/6936/4736
f 5002/6935/4735 5017/6937/4737 4987/6936/4736
f 4987/6936/4736 4330/6938/4738 5027/6939/4739
f 4994/6913/4713 5001/6930/4730 4988/6929/4729
f 4987/6936/4736 5027/6939/4739 5025/6940/4740
f 5027/6939/4739 5028/6941/4741 5025/6940/4740
f 4986/6918/4718 4987/6936/4736 4990/6942/4742
f 4990/6942/4742 4987/6936/4736 4989/6943/4743
f 4987/6936/4736 5025/6940/4740 4989/6943/4743
f 4989/6943/4743 5026/6944/4744 5023/6945/4745
f 4989/6943/4743 5025/6940/4740 5026/6944/4744
f 5023/6945/4745 5026/6944/4744 5636/6946/4746
f 5026/6944/4744 5033/6947/4747 5636/6946/4746
f 4988/6929/4729 4986/6918/4718 4990/6942/4742
f 5023/6945/4745 5636/6946/4746 5024/6948/4748
f 4988/6929/4729 4990/6942/4742 4993/6949/4749
f 4993/6949/4749 4990/6942/4742 4991/6950/4750
f 4990/6942/4742 5000/6951/4751 5014/6952/4752
f 4990/6942/4742 5014/6952/4752 4999/6953/4753
f 4990/6942/4742 4989/6943/4743 4992/6954/4754
f 4990/6942/4742 4992/6954/4754 5000/6951/4751
f 4989/6943/4743 5023/6945/4745 5791/6955/4755
f 4991/6950/4750 5761/6956/4756 5016/6957/4757
f 4991/6950/4750 4998/6958/4758 5031/6959/4759
f 4991/6950/4750 5016/6957/4757 4998/6958/4758
f 4991/6950/4750 4990/6942/4742 4999/6953/4753
f 4991/6950/4750 4999/6953/4753 5761/6956/4756
f 5035/6960/4760 4999/6953/4753 5014/6952/4752
f 4988/6929/4729 4993/6949/4749 4997/6961/4761
f 4993/6949/4749 4991/6950/4750 5031/6959/4759
f 5036/6962/4762 5037/6963/4763 5040/6964/4764
f 5038/6965/4765 5036/6962/4762 5040/6964/4764
f 5041/6966/4766 5040/6964/4764 5037/6963/4763
f 5040/6964/4764 5041/6966/4766 5039/6967/4767
f 5040/6964/4764 5039/6967/4767 5042/6968/4768
f 4996/6969/4769 4988/6929/4729 5022/6970/4770
f 4988/6929/4729 4997/6961/4761 5034/6971/4771
f 4988/6929/4729 5034/6971/4771 5022/6970/4770
f 5051/6972/4772 5046/6973/4773 5043/6974/4774
f 5051/6972/4772 5043/6974/4774 5057/6975/4775
f 5093/6976/4776 5058/6977/4777 5059/6978/4778
f 5057/6975/4775 5043/6974/4774 5058/6977/4777
f 5058/6977/4777 5043/6974/4774 5059/6978/4778
f 5059/6978/4778 5043/6974/4774 5050/6979/4779
f 5050/6979/4779 5043/6974/4774 5049/6980/4780
f 5061/6981/4781 5060/6982/4782 5062/6983/4783
f 5063/6984/4784 5062/6983/4783 4625/6985/4785
f 5054/6986/4786 5053/6987/4787 5071/6988/4788
f 5053/6987/4787 5052/6989/4789 5071/6988/4788
f 5054/6986/4786 5071/6988/4788 5055/6990/4790
f 5091/6991/4791 5071/6988/4788 5056/6992/4792
f 5056/6992/4792 5071/6988/4788 5046/6973/4773
f 5066/6993/4793 5065/6994/4794 4651/6995/4795
f 5046/6973/4773 5072/6996/4796 5043/6974/4774
f 5049/6980/4780 5043/6974/4774 5060/6982/4782
f 5060/6982/4782 5043/6974/4774 5062/6983/4783
f 5062/6983/4783 5048/6997/4797 4625/6985/4785
f 5062/6983/4783 5047/6998/4798 5048/6997/4797
f 5062/6983/4783 5043/6974/4774 5047/6998/4798
f 5047/6998/4798 5043/6974/4774 5064/6999/4799
f 5064/6999/4799 5065/6994/4794 5066/6993/4793
f 5086/7000/4590 5072/6996/4796 5052/6989/4789
f 5052/6989/4789 5072/6996/4796 5071/6988/4788
f 5071/6988/4788 5072/6996/4796 5046/6973/4773
f 5064/6999/4799 5067/7001/4800 5065/6994/4794
f 5086/7000/4590 5084/7002/4594 5072/6996/4796
f 5068/7003/4801 5043/6974/4774 5069/7004/4802
f 5069/7004/4802 5043/6974/4774 5085/7005/4803
f 5064/6999/4799 5068/7003/4801 5067/7001/4800
f 5064/6999/4799 5043/6974/4774 5068/7003/4801
f 5072/6996/4796 5084/7002/4594 5083/7006/4804
f 5043/6974/4774 5070/7007/4805 5089/7008/4806
f 5079/7009/4807 5077/7010/4808 5072/6996/4796
f 5077/7010/4808 5076/7011/4809 5072/6996/4796
f 5072/6996/4796 5073/7012/4810 5043/6974/4774
f 5043/6974/4774 5073/7012/4810 5044/7013/4811
f 5043/6974/4774 5044/7013/4811 5045/7014/4812
f 5044/7013/4811 5087/7015/4813 5045/7014/4812
f 5043/6974/4774 5045/7014/4812 5070/7007/4805
f 5083/7006/4804 5079/7009/4807 5072/6996/4796
f 5081/7016/4814 5092/7017/4815 5082/7018/4816
f 5081/7016/4814 5082/7018/4816 5079/7009/4807
f 5079/7009/4807 5078/7019/4817 5077/7010/4808
f 5079/7009/4807 5082/7018/4816 5080/7020/4818
f 5076/7011/4809 5075/7021/4819 5072/6996/4796
f 5076/7011/4809 5090/7022/4820 5075/7021/4819
f 5074/7023/4821 5072/6996/4796 5075/7021/4819
f 5073/7012/4810 5072/6996/4796 5074/7023/4821
f 5083/7006/4804 5081/7016/4814 5079/7009/4807
f 5083/7006/4804 5094/7024/4822 5095/7025/4823
f 5084/7002/4594 5094/7024/4822 5083/7006/4804
f 5180/7026/4824 5170/7027/4825 5134/7028/4826
f 5134/7028/4826 5170/7027/4825 5154/7029/4827
f 5154/7029/4827 5188/7030/4828 5135/7031/4829
f 5154/7029/4827 5135/7031/4829 5134/7028/4826
f 5184/7032/4830 5143/7033/4831 5138/7034/4832
f 5138/7034/4832 5143/7033/4831 5133/7035/4833
f 5135/7031/4829 5142/7036/4834 5138/7034/4832
f 5143/7033/4831 5172/7037/4835 5133/7035/4833
f 5171/7038/4836 5141/7039/4837 5133/7035/4833
f 5164/7040/4838 5145/7041/4839 5144/7042/4840
f 5144/7042/4840 5145/7041/4839 5146/7043/4841
f 5164/7040/4838 5186/7044/4842 5145/7041/4839
f 5145/7041/4839 5139/7045/4843 5146/7043/4841
f 5146/7043/4841 5139/7045/4843 5136/7046/4844
f 5165/7047/4845 5137/7048/4846 5136/7046/4844
f 5165/7047/4845 5178/7049/4847 5137/7048/4846
f 5178/7049/4847 5175/7050/4848 5137/7048/4846
f 5135/7031/4829 5138/7034/4832 5153/7051/4849
f 5134/7028/4826 5135/7031/4829 5153/7051/4849
f 5138/7034/4832 5133/7035/4833 5153/7051/4849
f 5141/7039/4837 5146/7043/4841 5133/7035/4833
f 5141/7039/4837 5140/7052/4850 5146/7043/4841
f 5140/7052/4850 5144/7042/4840 5146/7043/4841
f 5136/7046/4844 5137/7048/4846 5131/7053/4851
f 5131/7053/4851 5167/7054/4852 5348/7055/4853
f 5190/7056/4854 5348/7055/4853 5167/7054/4852
f 5189/7057/4855 5117/7058/4856 5182/7059/4857
f 5189/7057/4855 5121/7060/4858 5117/7058/4856
f 5127/7061/4859 5130/7062/4860 5121/7060/4858
f 5130/7062/4860 5120/7063/4861 5121/7060/4858
f 5129/7064/4862 5119/7065/4863 5122/7066/4864
f 5129/7064/4862 5176/7067/4865 5119/7065/4863
f 5122/7066/4864 5119/7065/4863 5120/7063/4861
f 5120/7063/4861 5119/7065/4863 5121/7060/4858
f 5118/7068/4866 5121/7060/4858 5119/7065/4863
f 5119/7065/4863 5166/7069/4867 5118/7068/4866
f 5166/7069/4867 5124/7070/4868 5118/7068/4866
f 5123/7071/4869 5451/7072/4870 5118/7068/4866
f 5146/7043/4841 5136/7046/4844 5147/7073/4871
f 5126/7074/4872 5116/7075/4873 5114/7076/4874
f 5117/7058/4856 5114/7076/4874 5116/7075/4873
f 5117/7058/4856 5121/7060/4858 5114/7076/4874
f 5121/7060/4858 5115/7077/4875 5114/7076/4874
f 5121/7060/4858 5118/7068/4866 5115/7077/4875
f 5118/7068/4866 5451/7072/4870 5098/7078/4876
f 5098/7078/4876 5115/7077/4875 5118/7068/4866
f 5097/7079/4877 5099/7080/4878 5098/7078/4876
f 5098/7078/4876 5099/7080/4878 5115/7077/4875
f 5153/7051/4849 5133/7035/4833 5146/7043/4841
f 5136/7046/4844 5131/7053/4851 5147/7073/4871
f 5114/7076/4874 5115/7077/4875 5101/7081/4879
f 5131/7053/4851 5100/7082/4880 5147/7073/4871
f 5131/7053/4851 5348/7055/4853 5100/7082/4880
f 5114/7076/4874 5100/7082/4880 5348/7055/4853
f 5114/7076/4874 5101/7081/4879 5100/7082/4880
f 5113/7083/4881 5183/7084/4882 5125/7085/4883
f 5113/7083/4881 5125/7085/4883 5112/7086/4884
f 5153/7051/4849 5146/7043/4841 5132/7087/4885
f 5147/7073/4871 5100/7082/4880 5160/7088/4886
f 5192/7089/4887 5193/7090/4888 5194/7091/4889
f 5185/7092/4890 5101/7081/4879 5102/7093/4891
f 5101/7081/4879 5106/7094/4892 5103/7095/4893
f 5101/7081/4879 5115/7077/4875 5106/7094/4892
f 5115/7077/4875 5111/7096/4894 5106/7094/4892
f 5106/7094/4892 5111/7096/4894 5108/7097/4895
f 5113/7083/4881 5112/7086/4884 5115/7077/4875
f 5115/7077/4875 5112/7086/4884 5111/7096/4894
f 5111/7096/4894 5110/7098/4896 5108/7097/4895
f 5111/7096/4894 5612/7099/4897 5110/7098/4896
f 5110/7098/4896 5612/7099/4897 5161/7100/4898
f 5160/7088/4886 5159/7101/4899 5147/7073/4871
f 5100/7082/4880 5191/7102/4900 5169/7103/4901
f 5100/7082/4880 5169/7103/4901 5160/7088/4886
f 5160/7088/4886 5169/7103/4901 5168/7104/4902
f 5102/7093/4891 5103/7095/4893 5104/7105/4903
f 5101/7081/4879 5103/7095/4893 5102/7093/4891
f 5103/7095/4893 5105/7106/4904 5179/7107/4905
f 5103/7095/4893 5106/7094/4892 5105/7106/4904
f 5105/7106/4904 5128/7108/4906 5179/7107/4905
f 5106/7094/4892 5107/7109/4907 5622/7110/4908
f 5106/7094/4892 5108/7097/4895 5107/7109/4907
f 5622/7110/4908 5107/7109/4907 5173/7111/4909
f 5108/7097/4895 5619/7112/4910 5107/7109/4907
f 5108/7097/4895 5177/7113/4911 5619/7112/4910
f 5108/7097/4895 5110/7098/4896 5109/7114/4912
f 5109/7114/4912 5110/7098/4896 5177/7113/4913
f 5146/7043/4841 5147/7073/4871 5158/7115/4914
f 5158/7115/4914 5147/7073/4871 5174/7116/4915
f 5146/7043/4841 5162/7117/4916 5157/7118/4917
f 5153/7051/4849 6008/7119/4918 5152/7120/4919
f 6008/7119/4918 5153/7051/4849 5150/7121/4920
f 5153/7051/4849 5132/7087/4885 5149/7122/4921
f 5132/7087/4885 5163/7123/4922 5149/7122/4921
f 5132/7087/4885 5146/7043/4841 5148/7124/4923
f 5146/7043/4841 5157/7118/4917 5148/7124/4923
f 5153/7051/4849 5152/7120/4919 5155/7125/4924
f 5187/7126/4925 5152/7120/4919 6008/7119/4918
f 5150/7121/4920 5153/7051/4849 5151/7127/4926
f 5153/7051/4849 5156/7128/4927 5151/7127/4926
f 5150/7121/4920 5151/7127/4926 5181/7129/4928
f 5153/7051/4849 5149/7122/4921 5156/7128/4927
f 4845/7130/4929 5202/7131/4930 5203/7132/4931
f 5203/7132/4931 5202/7131/4930 5199/7133/4932
f 5203/7132/4931 5199/7133/4932 5226/7134/4933
f 5242/7135/4934 5199/7133/4932 5201/7136/4935
f 5199/7133/4932 5200/7137/4936 5201/7136/4935
f 5239/7138/4937 5200/7137/4936 5218/7139/4938
f 4218/7140/4939 5218/7139/4938 5225/7141/4940
f 5249/7142/4941 5225/7141/4940 5227/7143/4942
f 5224/7144/4943 5195/7145/4944 5230/7146/4945
f 5235/7147/4946 5224/7144/4943 5230/7146/4945
f 5230/7146/4945 5217/7148/4947 5231/7149/4948
f 5230/7146/4945 5195/7145/4944 5217/7148/4947
f 5231/7149/4948 5217/7148/4947 5232/7150/4949
f 5248/7151/4950 5219/7152/4951 5240/7153/3919
f 5247/7154/4952 5217/7148/4947 5219/7152/4951
f 5253/7155/3895 5240/7153/3919 5233/7156/4953
f 5253/7155/3895 5233/7156/4953 5252/7157/4954
f 5240/7153/3919 5219/7152/4951 5233/7156/4953
f 5250/7158/4955 5223/7159/4956 5220/7160/4957
f 5245/7161/4958 5233/7156/4953 5223/7159/4956
f 5219/7152/4951 5223/7159/4956 5233/7156/4953
f 5218/7139/4938 5195/7145/4944 5225/7141/4940
f 5218/7139/4938 5200/7137/4936 5195/7145/4944
f 5200/7137/4936 5199/7133/4932 5195/7145/4944
f 5225/7141/4940 5195/7145/4944 5227/7143/4942
f 5227/7143/4942 5195/7145/4944 5228/7162/4959
f 5228/7162/4959 5195/7145/4944 5229/7163/4960
f 5229/7163/4960 5195/7145/4944 5224/7144/4943
f 5219/7152/4951 5220/7160/4957 5223/7159/4956
f 5222/7164/4961 5220/7160/4957 5307/7165/4962
f 5222/7164/4961 5307/7165/4962 4271/7166/4963
f 5307/7165/4962 5246/7167/4964 4271/7166/4963
f 5219/7152/4951 5306/7168/4965 5220/7160/4957
f 5220/7160/4957 5306/7168/4965 5307/7165/4962
f 5195/7145/4944 5196/7169/4966 5217/7148/4947
f 5217/7148/4947 5196/7169/4966 5197/7170/4967
f 5217/7148/4947 5197/7170/4967 5219/7152/4951
f 5219/7152/4951 5197/7170/4967 5306/7168/4965
f 5197/7170/4967 5940/7171/4968 5306/7168/4965
f 5202/7131/4930 5207/7172/4969 5199/7133/4932
f 5306/7168/4965 5243/7173/4970 5296/7174/4971
f 5199/7133/4932 5207/7172/4969 5195/7145/4944
f 5940/7171/4968 5221/7175/4972 5306/7168/4965
f 5306/7168/4965 5221/7175/4972 5243/7173/4970
f 5221/7175/4972 5244/7176/4973 5243/7173/4970
f 5195/7145/4944 5206/7177/4974 5196/7169/4966
f 5196/7169/4966 5204/7178/4975 5197/7170/4967
f 5204/7178/4975 5205/7179/4976 5197/7170/4967
f 5205/7179/4976 5241/7180/4977 5197/7170/4967
f 5196/7169/4966 5238/7181/4978 5204/7178/4975
f 5197/7170/4967 5198/7182/4979 5940/7171/4968
f 5940/7171/4968 5251/7183/4980 5221/7175/4972
f 5207/7172/4969 6039/7184/4981 5216/7185/4982
f 5216/7185/4982 5215/7186/4983 5207/7172/4969
f 5207/7172/4969 5208/7187/4984 5195/7145/4944
f 5207/7172/4969 5210/7188/4985 5208/7187/4984
f 5207/7172/4969 5211/7189/4986 5210/7188/4985
f 5210/7188/4985 5213/7190/4987 5208/7187/4984
f 5208/7187/4984 5209/7191/4988 5195/7145/4944
f 5195/7145/4944 5209/7191/4988 5236/7192/4989
f 5234/7193/4990 5207/7172/4969 5215/7186/4983
f 5207/7172/4969 5234/7193/4990 5214/7194/4991
f 5207/7172/4969 5214/7194/4991 5237/7195/4992
f 5211/7189/4986 5207/7172/4969 5237/7195/4992
f 5210/7188/4985 5211/7189/4986 5212/7196/4993
f 3745/7197/4994 5268/7198/4995 5281/7199/4996
f 5281/7199/4996 5268/7198/4995 5266/7200/4997
f 5268/7198/4995 5265/7201/4998 5266/7200/4997
f 5260/7202/4999 5263/7203/5000 5264/7204/5001
f 5260/7202/4999 5262/7205/5002 5263/7203/5000
f 5260/7202/4999 5261/7206/5003 5262/7205/5002
f 5261/7207/5004 5270/7208/5005 5267/7209/5006
f 5272/7210/5007 5273/7211/5008 5270/7208/5009
f 5270/7208/5009 5273/7211/5008 5271/7212/5010
f 5273/7211/5008 5275/7213/5011 5274/7214/5012
f 5273/7211/5008 5274/7214/5012 5271/7212/5010
f 5275/7213/5011 5277/7215/5013 5276/7216/5014
f 5275/7213/5011 5276/7216/5014 5274/7214/5012
f 5278/7217/5015 5276/7216/5014 5277/7215/5013
f 5278/7217/5015 5279/7218/5016 5276/7216/5014
f 5279/7218/5016 5280/7219/5017 5276/7216/5014
f 5285/7220/5018 5284/7221/5019 5283/7222/5020
f 5279/7218/5016 5282/7223/5021 5280/7219/5017
f 5282/7223/5021 5283/7222/5022 5280/7219/5017
f 5265/7201/4998 3747/7224/5023 5266/7200/4997
f 5266/7200/4997 3747/7224/5023 5269/7225/5024
f 3747/7224/5023 5264/7204/5025 5269/7225/5024
f 5256/7226/5026 5255/7227/3408 5254/7228/5027
f 5255/7227/3408 5258/7229/5028 5254/7228/5027
f 5255/7227/3408 3841/7230/3430 5258/7229/5028
f 5257/7231/5029 3841/7230/3430 5259/7232/5030
f 5258/7229/5028 3841/7230/3430 5257/7231/5029
f 5289/7233/5031 5287/7234/5032 5286/7235/5033
f 5286/7235/5033 5287/7234/5032 5288/7236/5034
f 5305/7237/5035 5294/7238/5036 5291/7239/5037
f 5291/7239/5037 5294/7238/5036 5246/7240/4964
f 5291/7239/5037 5246/7240/4964 5293/7241/5038
f 5293/7241/5038 5292/7242/5039 5291/7239/5037
f 5313/7243/5040 5293/7244/5038 5311/7245/5041
f 5291/7239/5037 5292/7242/5039 5295/7246/5042
f 5291/7239/5037 5295/7246/5042 5290/7247/5043
f 5291/7239/5037 5290/7247/5043 5304/7248/5044
f 5311/7245/5041 5293/7244/5038 5312/7249/5045
f 5312/7250/5045 5293/7241/5038 5295/7246/5042
f 5292/7242/5039 5312/7250/5045 5295/7246/5042
f 5293/7241/5038 5246/7240/4964 5295/7246/5042
f 5246/7240/4964 5307/7251/4962 5295/7246/5042
f 5295/7246/5042 5307/7251/4962 5306/7252/4965
f 5304/7248/5044 5290/7247/5043 5303/7253/5046
f 5304/7248/5044 5303/7253/5046 5298/7254/5047
f 5295/7246/5042 5306/7252/4965 5296/7255/4971
f 5308/7256/5048 5309/7257/5049 5310/7258/5050
f 5295/7246/5042 5296/7255/4971 5297/7259/5051
f 5308/7256/5048 5310/7258/5050 5033/7260/5052
f 5298/7254/5047 5303/7253/5046 5685/7261/5053
f 5685/7261/5053 5297/7259/5051 5298/7254/5047
f 5298/7254/5047 5297/7259/5051 5296/7255/4971
f 5298/7254/5047 5296/7255/4971 5302/7262/4150
f 5296/7255/4971 5299/7263/5054 5302/7262/4150
f 5302/7262/4150 5299/7263/5054 5301/7264/4142
f 5299/7263/5054 5300/7265/5055 5301/7264/4142
f 5301/7264/4142 5300/7265/5055 4503/7266/4151
f 5322/7267/5056 5318/7268/5057 5323/7269/5058
f 5322/7267/5056 5319/7270/5059 5318/7268/5057
f 5319/7270/5059 5316/7271/5060 5318/7268/5057
f 5316/7271/5060 5317/7272/5061 5318/7268/5057
f 5316/7271/5060 5315/7273/5062 5317/7272/5061
f 5316/7271/5060 5314/7274/5063 5315/7273/5062
f 5315/7273/5064 5321/7275/5065 5320/7276/5066
f 5325/7277/5067 5326/7278/5068 5324/7279/5069
f 5321/7280/5070 5324/7279/5069 5326/7278/5068
f 5325/7277/5067 5327/7281/5071 5326/7278/5068
f 5331/7282/5072 5330/7283/5073 5332/7284/5074
f 3886/7285/5075 5336/7286/5076 5329/7287/5077
f 5331/7282/5072 3886/7285/5075 5328/7288/5078
f 5336/7286/5076 5338/7289/5079 5337/7290/5080
f 5342/7291/5081 5337/7290/5080 5338/7289/5079
f 5344/7292/5082 5343/7293/5083 5337/7290/5080
f 5337/7290/5080 5343/7293/5083 5339/7294/5084
f 5330/7283/5073 5331/7282/5072 5328/7288/5078
f 3886/7285/5075 5329/7287/5077 5328/7288/5078
f 5336/7286/5076 5337/7290/5080 5329/7287/5077
f 5329/7287/5077 5337/7290/5080 5130/7295/5085
f 5337/7290/5080 5341/7296/5086 5130/7295/5085
f 5337/7290/5080 5340/7297/5087 5341/7296/5086
f 5337/7290/5080 5339/7294/5084 5340/7297/5087
f 5346/7298/5088 5333/7299/5089 5345/7300/5090
f 5345/7300/5090 5347/7301/5091 5348/7302/5092
f 5333/7299/5089 5347/7301/5091 5345/7300/5090
f 5347/7301/5091 5335/7303/5093 5348/7302/5092
f 5332/7284/5074 5330/7283/5073 5333/7299/5089
f 5330/7283/5073 5347/7301/5091 5333/7299/5089
f 5330/7283/5073 5334/7304/5094 5347/7301/5091
f 5389/7305/5095 5371/7306/5096 5385/7307/5097
f 5385/7307/5097 5371/7306/5096 5370/7308/5098
f 5393/7309/5099 5371/7306/5096 5389/7305/5095
f 5427/7310/5100 5349/7311/5101 5371/7306/5096
f 5374/7312/5102 5375/7313/5103 5349/7311/5101
f 5396/7314/5104 5375/7313/5103 5374/7312/5102
f 5349/7311/5101 5375/7313/5103 5373/7315/5105
f 5375/7313/5103 5387/7316/5106 5373/7315/5105
f 5373/7315/5105 5399/7317/5107 5377/7318/5108
f 5373/7315/5105 5377/7318/5108 5372/7319/5109
f 5391/7320/5110 5350/7321/5111 5390/7322/5112
f 5381/7323/5113 5370/7308/5098 5391/7320/5110
f 5391/7320/5110 5349/7311/5101 5350/7321/5111
f 5391/7320/5110 5370/7308/5098 5349/7311/5101
f 5370/7308/5098 5371/7306/5096 5349/7311/5101
f 5373/7315/5105 5372/7319/5109 5349/7311/5101
f 5372/7319/5109 5368/7324/5114 5349/7311/5101
f 5372/7319/5109 5392/7325/5115 5383/7326/5116
f 5372/7319/5109 5383/7326/5116 5369/7327/5117
f 5394/7328/5118 5351/7329/5119 5395/7330/5120
f 5395/7330/5120 5351/7329/5119 5358/7331/5121
f 5395/7330/5120 5358/7331/5121 5551/7332/5122
f 5358/7331/5121 5351/7329/5119 5350/7321/5111
f 5350/7321/5111 5349/7311/5101 5352/7333/5123
f 5349/7311/5101 5368/7324/5114 5352/7333/5123
f 5372/7319/5109 5369/7327/5117 5368/7324/5114
f 5369/7327/5117 5570/7334/5124 5368/7324/5114
f 5368/7324/5114 5398/7335/5125 5382/7336/5126
f 5368/7324/5114 5382/7336/5126 5367/7337/5127
f 5551/7332/5122 5358/7331/5121 5669/7338/5128
f 5350/7321/5111 5352/7333/5123 5358/7331/5121
f 5352/7333/5123 5368/7324/5114 5353/7339/5129
f 5367/7337/5127 5366/7340/5130 5368/7324/5114
f 5368/7324/5114 5366/7340/5130 5364/7341/5131
f 5366/7340/5130 5365/7342/5132 5364/7341/5131
f 5378/7343/5133 5366/7340/5130 5400/7344/5134
f 5366/7340/5130 5378/7343/5133 5365/7342/5132
f 5358/7331/5121 5352/7333/5123 5669/7338/5128
f 5379/7345/5135 5352/7333/5123 5357/7346/5136
f 5357/7346/5136 5352/7333/5123 5353/7339/5129
f 5353/7339/5129 5368/7324/5114 5359/7347/5137
f 5368/7324/5114 5363/7348/5138 5362/7349/5139
f 5368/7324/5114 5361/7350/5140 5359/7347/5137
f 5368/7324/5114 5362/7349/5139 5361/7350/5140
f 5359/7347/5137 5361/7350/5140 5388/7351/5141
f 5368/7324/5114 5364/7341/5131 5363/7348/5138
f 5364/7341/5131 5386/7352/5142 5363/7348/5138
f 5376/7353/5143 5353/7339/5129 5380/7354/5144
f 5376/7353/5143 5357/7346/5136 5353/7339/5129
f 5353/7339/5129 5356/7355/5145 5354/7356/5146
f 5354/7356/5146 5356/7355/5145 5355/7357/5147
f 5354/7356/5146 5355/7357/5147 5397/7358/5148
f 5353/7339/5129 5359/7347/5137 5356/7355/5145
f 5359/7347/5137 5360/7359/5149 5356/7355/5145
f 5360/7359/5149 5359/7347/5137 5384/7360/5150
f 5422/7361/5151 5424/7362/5152 5419/7363/5153
f 5422/7361/5151 5418/7364/5154 5426/7365/5155
f 5418/7364/5154 5432/7366/5156 5426/7365/5155
f 5428/7367/5157 5429/7368/5158 5396/7369/5104
f 5430/7370/5159 5396/7369/5104 5429/7368/5158
f 5428/7367/5157 5433/7371/5160 5427/7372/5161
f 5428/7367/5157 5427/7372/5161 5429/7368/5158
f 5375/7373/5103 5406/7374/5162 5437/7375/5163
f 5375/7373/5103 5434/7376/5164 5406/7374/5162
f 5403/7377/5165 5405/7378/5166 5404/7379/5167
f 5419/7363/5153 5420/7380/5168 5418/7364/5154
f 5418/7364/5154 5422/7361/5151 5419/7363/5153
f 5432/7366/5156 5427/7372/5161 5426/7365/5155
f 5432/7366/5156 5431/7381/5169 5427/7372/5161
f 5411/7382/5170 5413/7383/5171 5412/7384/5172
f 5411/7382/5170 5412/7384/5172 5414/7385/5173
f 5427/7372/5161 5431/7381/5169 5429/7368/5158
f 5396/7369/5104 5430/7370/5159 5436/7386/5174
f 5396/7369/5104 5436/7386/5174 5375/7373/5103
f 5375/7373/5103 5435/7387/5175 5434/7376/5164
f 5375/7373/5103 5436/7386/5174 5435/7387/5175
f 5406/7388/5162 5402/7389/5176 5437/7390/5163
f 5437/7390/5163 5402/7389/5176 5401/7391/5177
f 5437/7390/5163 5401/7391/5177 5403/7377/5165
f 5403/7377/5165 5401/7391/5177 5405/7378/5166
f 5351/7392/5119 5425/7393/5178 5416/7394/5179
f 5351/7392/5119 5416/7394/5179 5350/7395/5111
f 5423/7396/5180 5350/7395/5111 5417/7397/5181
f 5419/7363/5153 5417/7397/5181 5350/7395/5111
f 5404/7379/5167 5407/7398/5182 5410/7399/5183
f 5407/7398/5182 5408/7400/5184 5570/7401/5185
f 5419/7363/5153 5421/7402/5186 5420/7380/5168
f 5419/7363/5153 5350/7395/5111 5421/7402/5186
f 5421/7402/5186 5350/7395/5111 5415/7403/5187
f 5416/7394/5179 5415/7403/5187 5350/7395/5111
f 5404/7379/5167 5405/7378/5166 5407/7398/5182
f 5407/7398/5182 5405/7378/5166 5408/7400/5184
f 5405/7378/5166 5409/7404/5188 5408/7400/5184
f 5486/7405/5189 5468/7406/5190 5471/7407/5191
f 5468/7406/5190 5470/7408/5192 5469/7409/5193
f 5468/7406/5190 5469/7409/5193 5471/7407/5191
f 5470/7410/5192 5467/7411/5194 5469/7412/5193
f 5469/7412/5193 5467/7411/5194 5471/7413/5191
f 5468/7406/5190 5466/7414/5195 5470/7408/5192
f 5470/7408/5192 5466/7414/5195 5467/7415/5194
f 5466/7414/5195 5448/7416/5196 5467/7415/5194
f 5466/7414/5195 5445/7417/5197 5448/7416/5196
f 5474/7418/5198 5438/7419/5199 5445/7417/5197
f 5438/7419/5199 5451/7420/5200 5439/7421/5201
f 5486/7422/5189 5471/7423/5191 5473/7424/5202
f 5473/7425/5202 5471/7407/5191 5465/7426/5203
f 5471/7407/5191 5485/7427/5204 5465/7426/5203
f 5465/7426/5203 5485/7427/5204 5464/7428/5205
f 5471/7407/5191 5467/7415/5194 5485/7427/5204
f 5485/7427/5204 5446/7429/5206 5464/7428/5205
f 5467/7430/5194 5448/7431/5196 5485/7432/5204
f 5448/7431/5196 5484/7433/5207 5485/7432/5204
f 5485/7427/5204 5484/7434/5207 5446/7429/5206
f 5448/7416/5196 5445/7417/5197 5484/7434/5207
f 5445/7417/5197 5446/7429/5206 5484/7434/5207
f 5446/7429/5206 5445/7417/5197 5447/7435/5208
f 5445/7417/5197 5475/7436/5209 5447/7435/5208
f 5445/7417/5197 5438/7419/5199 5475/7436/5209
f 5475/7436/5209 5450/7437/5210 5447/7435/5208
f 5438/7419/5199 5439/7421/5201 5475/7436/5209
f 5475/7438/5209 5439/7439/5201 5478/7440/5211
f 5450/7437/5210 5451/7441/5212 5447/7435/5208
f 5472/7442/5213 5440/7443/5214 5438/7419/5199
f 5438/7419/5199 5440/7443/5214 5451/7420/5200
f 5440/7443/5214 5442/7444/5215 5441/7445/5216
f 5441/7445/5216 5442/7444/5215 5479/7446/5217
f 5443/7447/5218 5476/7448/5219 5444/7449/5220
f 5443/7447/5218 5444/7449/5220 5442/7444/5215
f 5442/7444/5215 5444/7449/5220 5479/7446/5217
f 5443/7447/5218 5449/7450/5221 5476/7448/5219
f 5476/7448/5219 5449/7450/5221 5454/7451/5222
f 5476/7452/5219 5454/7453/5222 5444/7454/5220
f 5444/7449/5220 5462/7455/5223 5479/7446/5217
f 5444/7454/5220 5454/7453/5222 5481/7456/5224
f 5451/7420/5200 5440/7443/5214 5441/7445/5216
f 5441/7445/5216 5479/7446/5217 5452/7457/5225
f 5479/7458/5217 5481/7459/5226 5480/7460/5227
f 5479/7458/5217 5480/7460/5227 5452/7461/5225
f 5449/7450/5221 5453/7462/5228 5454/7451/5222
f 5453/7462/5228 5482/7463/5229 5454/7451/5222
f 5449/7450/5221 5459/7464/5230 5453/7462/5228
f 5483/7465/5231 5456/7466/5232 5453/7467/5228
f 5453/7467/5228 5456/7466/5232 5482/7468/5229
f 5459/7469/5233 5458/7470/5234 5456/7471/5232
f 5482/7463/5229 5456/7471/5232 5455/7472/5235
f 5456/7471/5232 5458/7470/5234 5457/7473/5236
f 5456/7471/5232 5457/7473/5236 5455/7472/5235
f 5454/7451/5222 5482/7463/5229 5455/7472/5235
f 5462/7474/5237 5454/7451/5222 5455/7472/5235
f 5462/7474/5237 5455/7472/5235 5460/7475/5238
f 5455/7472/5235 5457/7473/5236 5461/7476/5239
f 5455/7472/5235 5461/7476/5239 5463/7477/5240
f 5461/7476/5239 5477/7478/5241 5463/7477/5240
f 5490/7479/5242 5488/7480/5243 5489/7481/5244
f 5489/7481/5244 5488/7480/5243 5487/7482/5245
f 5530/7483/5246 5510/7484/5247 5509/7485/5248
f 5525/7486/5249 5509/7485/5248 5497/7487/5250
f 5531/7488/5251 5526/7489/5252 5491/7490/5253
f 5526/7489/5252 5497/7487/5250 5491/7490/5253
f 5497/7487/5250 5511/7491/5254 5491/7490/5253
f 5496/7492/5255 5498/7493/5256 5495/7494/5257
f 5496/7492/5255 5495/7494/5257 5540/7495/5258
f 5425/7496/5259 5515/7497/5260 5511/7491/5254
f 5529/7498/5261 5425/7496/5259 5511/7491/5254
f 5527/7499/5262 5521/7500/5263 5511/7491/5254
f 5528/7501/5264 5527/7499/5262 5513/7502/5265
f 5527/7499/5262 5511/7491/5254 5513/7502/5265
f 5521/7500/5263 5529/7498/5261 5511/7491/5254
f 5513/7502/5265 5511/7491/5254 5510/7484/5247
f 5510/7484/5247 5511/7491/5254 5509/7485/5248
f 5509/7485/5248 5511/7491/5254 5497/7487/5250
f 5491/7490/5253 5501/7503/5266 5498/7493/5256
f 5491/7490/5253 5511/7491/5254 5501/7503/5266
f 5498/7493/5256 5501/7503/5266 5495/7494/5257
f 5495/7494/5257 5499/7504/5267 5536/7505/5268
f 5495/7494/5257 5501/7503/5266 5492/7506/5269
f 5501/7503/5266 5493/7507/5270 5492/7506/5269
f 5495/7494/5257 5492/7506/5269 5499/7504/5267
f 5522/7508/5271 5515/7497/5260 5425/7496/5259
f 5511/7491/5254 5514/7509/5272 5501/7503/5266
f 5501/7503/5266 5494/7510/5273 5493/7507/5270
f 5493/7507/5270 5494/7510/5273 5500/7511/5274
f 5493/7507/5270 5500/7511/5274 5518/7512/5275
f 5522/7508/5271 5523/7513/5276 5515/7497/5260
f 5511/7491/5254 5515/7497/5260 5514/7509/5272
f 5501/7503/5266 5507/7514/5277 5502/7515/5278
f 5515/7497/5260 5523/7513/5276 5514/7509/5272
f 5535/7516/5279 5538/7517/5280 5514/7509/5272
f 5514/7509/5272 5538/7517/5280 5516/7518/5281
f 5538/7517/5280 5537/7519/5282 5516/7518/5281
f 5514/7509/5272 5516/7518/5281 5512/7520/5283
f 5514/7509/5272 5512/7520/5283 5507/7514/5277
f 5514/7509/5272 5507/7514/5277 5501/7503/5266
f 5507/7514/5277 5504/7521/5284 5645/7522/5285
f 5502/7515/5278 5507/7514/5277 5503/7523/5286
f 5507/7514/5277 5645/7522/5285 5503/7523/5286
f 5502/7515/5278 5517/7524/5287 5501/7503/5266
f 5502/7515/5278 5503/7523/5286 5520/7525/5288
f 5645/7522/5285 5524/7526/5289 5503/7523/5286
f 5501/7503/5266 5517/7524/5287 5533/7527/5290
f 5537/7519/5282 5539/7528/5291 5516/7518/5281
f 5512/7520/5283 5508/7529/5292 5507/7514/5277
f 5512/7520/5283 5534/7530/5293 5508/7529/5292
f 5508/7529/5292 5532/7531/5294 5507/7514/5277
f 5507/7514/5277 5519/7532/5295 5505/7533/5296
f 5507/7514/5277 5505/7533/5296 5506/7534/5297
f 5507/7514/5277 5506/7534/5297 5504/7521/5284
f 5543/7535/5298 5542/7536/5299 5544/7537/5300
f 5543/7535/5298 5541/7538/5301 5542/7536/5299
f 5543/7539/5302 5545/7540/5303 5546/7541/5304
f 5546/7541/5304 5545/7540/5303 5547/7542/5305
f 5548/7543/5306 5549/7544/5307 5550/7545/5308
f 5555/7546/5309 5554/7547/5310 5556/7548/5311
f 5551/7549/5312 5557/7550/5313 5553/7551/5314
f 5554/7547/5310 5553/7551/5314 5556/7548/5311
f 5553/7551/5314 5557/7550/5313 5556/7548/5311
f 5551/7549/5312 5552/7552/5315 5557/7550/5313
f 5552/7552/5315 5558/7553/5316 5557/7550/5313
f 5570/7554/5185 5408/7555/5184 5569/7556/5317
f 5566/7557/5318 5559/7558/5319 5560/7559/5320
f 5569/7556/5317 5568/7560/5321 5566/7557/5318
f 5569/7556/5317 5408/7555/5184 5568/7560/5321
f 5566/7557/5318 5568/7560/5321 5559/7558/5319
f 5560/7559/5320 5561/7561/5322 5562/7562/5323
f 5562/7562/5323 5561/7561/5322 5563/7563/5324
f 5562/7562/5323 5563/7563/5324 5564/7564/5325
f 5560/7559/5320 5559/7558/5319 5561/7561/5322
f 5559/7558/5319 5567/7565/5326 5561/7561/5322
f 5562/7562/5323 5564/7564/5325 5565/7566/5327
f 5571/7567/5328 5572/7568/5329 5573/7569/5330
f 5575/7570/5331 5574/7571/5332 5577/7572/5333
f 5575/7573/5331 5577/7574/5333 5576/7575/5334
f 5580/7576/5335 5578/7577/5336 5579/7578/5337
f 5583/7579/5338 5584/7580/5339 5581/7581/5340
f 5581/7581/5340 5584/7580/5339 5582/7582/5341
f 5607/7583/5342 5604/7584/5343 5457/7585/5344
f 5457/7585/5344 5604/7584/5343 5605/7586/5345
f 5604/7584/5343 3868/7587/5346 5605/7586/5345
f 3868/7587/5346 5602/7588/5347 5125/7589/5348
f 5605/7586/5345 5606/7590/5349 5608/7591/5350
f 3868/7587/5346 5606/7590/5349 5605/7586/5345
f 3868/7587/5346 5125/7589/5348 5606/7590/5349
f 5588/7592/5351 5586/7593/5352 5587/7594/5353
f 5591/7595/5354 5587/7594/5353 5593/7596/5355
f 5587/7594/5353 5585/7597/5356 5593/7596/5355
f 5609/7598/5357 5613/7599/5358 5610/7600/5359
f 5609/7598/5357 5610/7600/5359 5602/7588/5347
f 5586/7593/5352 5585/7597/5356 5587/7594/5353
f 5585/7597/5356 5586/7593/5352 5589/7601/5360
f 5585/7597/5356 5590/7602/5361 5592/7603/5362
f 5610/7600/5359 5614/7604/5363 5612/7605/5364
f 5610/7600/5359 5615/7606/5365 5614/7604/5363
f 5610/7600/5359 5612/7605/5364 5611/7607/5366
f 5602/7588/5347 5610/7600/5359 5603/7608/5367
f 5610/7600/5359 5611/7607/5366 5603/7608/5367
f 5125/7589/5348 5602/7588/5347 5603/7608/5367
f 5591/7595/5354 5593/7596/5355 5596/7609/5368
f 5596/7609/5368 5594/7610/5369 5597/7611/5370
f 5598/7612/5371 5600/7613/5372 5601/7614/5373
f 5597/7611/5370 5599/7615/5374 5598/7612/5371
f 5597/7611/5370 5595/7616/5375 5599/7615/5374
f 5598/7612/5371 5599/7615/5374 5600/7613/5372
f 5629/7617/5376 5628/7618/5377 5630/7619/5378
f 5625/7620/5379 5630/7619/5378 5628/7618/5377
f 5624/7621/5380 5625/7620/5379 5618/7622/5381
f 5618/7622/5381 5625/7620/5379 5622/7623/5382
f 5618/7622/5381 5620/7624/5383 5619/7625/5384
f 5623/7626/5385 5617/7627/5386 5616/7628/5387
f 5617/7627/5386 5618/7622/5381 5615/7606/5365
f 5617/7627/5386 5610/7600/5359 5616/7628/5387
f 5617/7627/5386 5615/7606/5365 5610/7600/5359
f 5618/7622/5381 5619/7625/5384 5615/7606/5365
f 5593/7596/5355 5585/7597/5356 5592/7603/5362
f 5593/7596/5355 5594/7610/5369 5596/7609/5368
f 5597/7611/5370 5594/7610/5369 5595/7616/5375
f 5631/7629/5388 5632/7630/5389 5628/7618/5377
f 5632/7630/5389 5626/7631/5390 5628/7618/5377
f 5595/7616/5375 5128/7632/5391 5599/7615/5374
f 5628/7618/5377 5626/7631/5390 5625/7620/5379
f 5626/7631/5390 5627/7633/5392 5625/7620/5379
f 5625/7620/5379 5627/7633/5392 5622/7623/5382
f 5622/7623/5382 5620/7624/5383 5618/7622/5381
f 5622/7623/5382 5621/7634/5393 5620/7624/5383
f 5633/7635/5394 5635/7636/5395 5634/7637/5396
f 5643/7638/5397 5641/7639/5398 5642/7640/5399
f 5643/7638/5397 5640/7641/5400 5641/7639/5398
f 5639/7642/5401 5641/7639/5398 5640/7641/5400
f 5640/7641/5400 5637/7643/5402 5639/7642/5401
f 5637/7643/5402 5638/7644/5403 5639/7642/5401
f 5670/7645/5404 5671/7646/5405 5672/7647/5406
f 5669/7648/5407 5668/7649/5408 5670/7645/5404
f 5668/7649/5408 5662/7650/5409 5514/7651/5410
f 5662/7650/5409 5661/7652/5411 5376/7653/5412
f 5376/7653/5412 5664/7654/5413 5662/7650/5409
f 5664/7654/5413 5376/7653/5412 5663/7655/5414
f 5655/7656/5415 5654/7657/5416 5649/7658/5417
f 5656/7659/5418 5654/7657/5416 5655/7656/5415
f 5564/7660/5419 5654/7657/5416 5656/7659/5418
f 5671/7646/5405 5670/7645/5404 5514/7651/5410
f 5670/7645/5404 5668/7649/5408 5514/7651/5410
f 5662/7650/5409 5665/7661/5420 5514/7651/5410
f 5662/7650/5409 5664/7654/5413 5665/7661/5420
f 5663/7655/5414 5666/7662/5421 5664/7654/5413
f 5654/7657/5416 5657/7663/5422 5653/7664/5423
f 5649/7658/5417 5652/7665/5424 5645/7666/5285
f 5361/7667/5425 5649/7658/5417 5645/7666/5285
f 5654/7657/5416 5653/7664/5423 5649/7658/5417
f 5653/7664/5423 5652/7665/5424 5649/7658/5417
f 5663/7655/5414 5673/7668/5426 5667/7669/5427
f 5675/7670/5428 5676/7671/5429 5673/7668/5426
f 5684/7672/5430 5681/7673/5431 5675/7670/5428
f 5651/7674/5432 5644/7675/5433 5648/7676/5434
f 5651/7674/5432 5648/7676/5434 5650/7677/5435
f 5644/7675/5433 5646/7678/5436 5504/7679/5284
f 5646/7678/5436 5645/7666/5285 5504/7679/5284
f 5647/7680/5437 5361/7667/5425 5645/7666/5285
f 5647/7680/5437 5645/7666/5285 5646/7678/5436
f 5663/7655/5414 5667/7669/5427 5666/7662/5421
f 5659/7681/5438 5660/7682/5439 5658/7683/5440
f 5667/7669/5427 5673/7668/5426 5677/7684/5441
f 5673/7668/5426 5674/7685/5442 5677/7684/5441
f 5673/7668/5426 5678/7686/5443 5674/7685/5442
f 5673/7668/5426 5676/7671/5429 5678/7686/5443
f 5681/7673/5431 5682/7687/5444 5680/7688/5445
f 5676/7671/5429 5675/7670/5428 5679/7689/5446
f 5675/7670/5428 5681/7673/5431 5679/7689/5446
f 5679/7689/5446 5681/7673/5431 5680/7688/5445
f 5683/7690/5447 5682/7687/5444 5681/7673/5431
f 5648/7676/5434 5644/7675/5433 5504/7679/5284
f 5689/7691/5448 5686/7692/5449 5688/7693/5450
f 5690/7694/5451 5686/7692/5449 5689/7691/5448
f 5690/7694/5451 5966/7695/5452 5686/7692/5449
f 5688/7693/5450 5686/7692/5449 5687/7696/5453
f 5686/7692/5449 5691/7697/5454 5687/7696/5453
f 5686/7692/5449 5966/7695/5452 5691/7697/5454
f 5694/7698/5455 5695/7699/5456 5692/7700/5457
f 5692/7700/5457 5695/7699/5456 5693/7701/5458
f 5696/7702/5459 5697/7703/5460 5698/7704/5461
f 5721/7705/5462 5728/7706/5463 5727/7707/5464
f 5728/7706/5463 5737/7708/5465 5727/7707/5464
f 5737/7708/5465 5738/7709/5466 5727/7707/5464
f 5737/7708/5465 5742/7710/5467 5738/7709/5466
f 5737/7708/5465 5741/7711/5468 5742/7710/5467
f 5741/7711/5468 5744/7712/5469 5742/7710/5467
f 5045/7713/5470 5750/7714/5471 5751/7715/5472
f 4555/7716/4225 4573/7717/4228 5704/7718/5473
f 4562/7719/4227 5715/7720/5474 4573/7717/4228
f 4573/7717/4228 5715/7720/5474 5704/7718/5473
f 5704/7718/5473 5723/7721/5475 5705/7722/5476
f 5705/7722/5476 5723/7721/5475 5709/7723/5477
f 5715/7720/5474 5723/7721/5475 5704/7718/5473
f 5715/7720/5474 5716/7724/5478 5723/7721/5475
f 5717/7725/5479 5723/7721/5475 5716/7724/5478
f 5718/7726/5480 5702/7727/5481 5703/7728/5482
f 5703/7728/5482 5702/7727/5481 5723/7721/5475
f 5702/7727/5481 5701/7729/5483 5723/7721/5475
f 5723/7721/5475 5717/7725/5479 5703/7728/5482
f 5702/7727/5481 5719/7730/5484 5701/7729/5483
f 5701/7729/5483 5700/7731/5485 5723/7721/5475
f 5701/7729/5483 4524/7732/5486 5700/7731/5485
f 5700/7731/5485 5739/7733/4239 5699/7734/4242
f 5700/7731/5485 5699/7734/4242 5723/7721/5475
f 5723/7721/5475 5699/7734/4242 5090/7735/5487
f 4566/7736/4240 5749/7737/5488 5699/7734/4242
f 5699/7734/4242 5749/7737/5488 5720/7738/5489
f 5720/7738/5489 5721/7705/5462 5727/7707/5464
f 5730/7739/5490 5731/7740/5491 5709/7723/5477
f 5709/7723/5477 5722/7741/5492 5730/7739/5490
f 5709/7723/5477 5723/7721/5475 5722/7741/5492
f 5723/7721/5475 5090/7735/5487 5724/7742/5493
f 5723/7721/5475 5724/7742/5493 5736/7743/5494
f 5090/7735/5487 5699/7734/4242 5725/7744/5495
f 5090/7735/5487 5746/7745/5496 5747/7746/5497
f 5090/7735/5487 5747/7746/5497 5724/7742/5493
f 5699/7734/4242 5726/7747/5498 5725/7744/5495
f 5699/7734/4242 5720/7738/5489 5726/7747/5498
f 5720/7738/5489 5732/7748/5499 5726/7747/5498
f 5720/7738/5489 5727/7707/5464 5732/7748/5499
f 5731/7740/5491 5729/7749/5500 5709/7723/5477
f 4586/7750/5501 5712/7751/5502 5711/7752/5503
f 5711/7752/5503 4558/7753/5504 4586/7750/5501
f 5714/7754/5505 5705/7722/5476 5710/7755/5506
f 4586/7750/5501 5706/7756/5507 5707/7757/5508
f 4586/7750/5501 4558/7753/5504 5706/7756/5507
f 5710/7755/5506 5709/7723/5477 5706/7756/5507
f 5707/7757/5508 5706/7756/5507 5743/7758/5509
f 5707/7757/5508 5743/7758/5509 5708/7759/5510
f 5706/7756/5507 5709/7723/5477 5743/7758/5509
f 5710/7755/5506 5705/7722/5476 5709/7723/5477
f 5707/7757/5508 5708/7759/5510 5713/7760/5511
f 5743/7758/5509 5734/7761/5512 5748/7762/5513
f 5743/7758/5509 5709/7723/5477 5734/7761/5512
f 5733/7763/5514 5735/7764/5515 5745/7765/5516
f 5733/7763/5514 5740/7766/5517 5735/7764/5515
f 5709/7723/5477 5729/7749/5500 5733/7763/5514
f 5733/7763/5514 5729/7749/5500 5740/7766/5517
f 5795/7767/5518 5771/7768/5519 5786/7769/5520
f 5771/7768/5519 5783/7770/5521 5786/7769/5520
f 5786/7769/5520 4449/7771/5522 5792/7772/5523
f 5786/7769/5520 5783/7770/5521 4449/7771/5522
f 4449/7771/5522 5783/7770/5521 5787/7773/5524
f 5787/7773/5524 5791/7774/5525 5797/7775/5526
f 5771/7768/5519 5000/7776/5527 5783/7770/5521
f 5783/7770/5521 5790/7777/5528 5787/7773/5524
f 5790/7777/5528 5791/7774/5525 5787/7773/5524
f 5753/7778/5529 5752/7779/5530 5782/7780/5531
f 5776/7781/5532 5775/7782/5533 5789/7783/5534
f 5753/7778/5529 5767/7784/5535 5752/7779/5530
f 5776/7781/5532 5752/7779/5530 5775/7782/5533
f 5775/7782/5533 5752/7779/5530 5773/7785/5536
f 5752/7779/5530 5767/7784/5535 5773/7785/5536
f 5800/7786/5537 5774/7787/5538 5766/7788/5539
f 5800/7786/5537 5766/7788/5539 5799/7789/5540
f 5774/7787/5538 5767/7784/5535 5766/7788/5539
f 5774/7787/5538 5773/7785/5536 5767/7784/5535
f 5767/7784/5535 5770/7790/5541 5766/7788/5539
f 5796/7791/5542 5766/7788/5539 5785/7792/5543
f 5805/7793/5544 5803/7794/5545 5801/7795/5546
f 5801/7795/5546 5803/7794/5545 5802/7796/5547
f 5804/7797/5548 5801/7795/5546 5802/7796/5547
f 5804/7797/5548 5802/7796/5547 5806/7798/5549
f 5785/7792/5543 5766/7788/5539 5770/7790/5541
f 5798/7799/5550 5769/7800/5551 5771/7768/5519
f 5769/7800/5551 5000/7776/5527 5771/7768/5519
f 5769/7800/5551 5770/7790/5541 5000/7776/5527
f 5794/7801/5552 5771/7768/5519 5795/7767/5518
f 5767/7784/5535 5758/7802/5553 5759/7803/5554
f 5767/7784/5535 5759/7803/5554 5760/7804/5555
f 5760/7804/5555 5759/7803/5554 5778/7805/5556
f 5767/7784/5535 5760/7804/5555 5761/7806/4756
f 5760/7804/5555 5016/7807/4757 5761/7806/4756
f 5768/7808/5557 5767/7784/5535 5777/7809/5558
f 5761/7806/4756 5777/7809/5558 5767/7784/5535
f 5767/7784/5535 5768/7808/5557 5770/7790/5541
f 5768/7808/5557 5772/7810/5559 5770/7790/5541
f 5770/7790/5541 5772/7810/5559 5000/7776/5527
f 4438/7811/4107 5757/7812/5560 4435/7813/4106
f 4435/7813/4106 5757/7812/5560 5756/7814/5561
f 5756/7814/5561 5757/7812/5560 5779/7815/5562
f 4430/7816/5563 5756/7814/5561 5755/7817/5564
f 5756/7814/5561 5754/7818/5565 5755/7817/5564
f 5807/7819/5566 5810/7820/5567 5809/7821/5568
f 5807/7819/5566 5809/7821/5568 5808/7822/5569
f 5784/7823/5570 5754/7818/5565 5753/7778/5529
f 5784/7823/5570 5753/7778/5529 5788/7824/5571
f 5753/7778/5529 5754/7818/5565 5767/7784/5535
f 5757/7812/5560 6091/7825/5572 5779/7815/5562
f 5779/7815/5562 5764/7826/5573 5756/7814/5561
f 5754/7818/5565 5756/7814/5561 5767/7784/5535
f 5756/7814/5561 5764/7826/5573 5767/7784/5535
f 5764/7826/5573 5793/7827/5574 5765/7828/5575
f 5764/7826/5573 5765/7828/5575 5767/7784/5535
f 5763/7829/5576 5762/7830/5577 5767/7784/5535
f 5763/7829/5576 5781/7831/5578 5762/7830/5577
f 5781/7831/5578 5780/7832/5579 5762/7830/5577
f 5767/7784/5535 5762/7830/5577 5758/7802/5553
f 5813/7833/5580 5811/7834/5581 5814/7835/5582
f 5811/7834/5581 5812/7836/5583 5814/7835/5582
f 5812/7837/5584 5693/7838/5585 5815/7839/5586
f 5818/7840/5587 5817/7841/5588 5816/7842/5589
f 5818/7840/5587 5819/7843/5590 5817/7841/5588
f 5820/7844/5591 5824/7845/5592 5823/7846/5593
f 5820/7844/5591 5823/7846/5593 5821/7847/5594
f 5820/7844/5591 5821/7847/5594 5822/7848/5595
f 5820/7844/5591 5822/7848/5595 6033/7849/5596
f 5874/7850/5597 5872/7851/5598 779/7852/5599
f 5872/7851/5598 5873/7853/5600 779/7852/5599
f 5872/7851/5598 5871/7854/5601 5873/7853/5600
f 5872/7851/5598 5869/7855/5602 5871/7854/5601
f 5862/7856/5603 5860/7857/5604 5861/7858/5605
f 5858/7859/5606 577/7860/5607 5860/7857/5608
f 5869/7855/5602 5870/7861/5609 5871/7854/5601
f 5869/7855/5602 5868/7862/5610 5870/7861/5609
f 5869/7855/5602 5864/7863/5611 5868/7862/5610
f 5858/7859/5606 5855/7864/5612 577/7860/5607
f 577/7860/5607 5855/7864/5612 5854/7865/5613
f 5868/7862/5610 5864/7863/5611 5867/7866/5614
f 5855/7864/5612 5853/7867/5615 5854/7865/5613
f 5853/7867/5615 5851/7868/5616 5854/7865/5613
f 5853/7867/5615 5852/7869/5617 5851/7868/5616
f 5864/7863/5611 5866/7870/5618 5867/7866/5614
f 5864/7863/5611 5865/7871/5619 5866/7870/5618
f 5864/7863/5611 12/7872/5620 5865/7871/5619
f 12/7872/5620 5863/7873/5621 5865/7871/5619
f 5852/7869/5617 5850/7874/5622 5851/7868/5616
f 12/7872/5620 5834/7875/5623 5863/7873/5621
f 5834/7875/5623 805/7876/750 5863/7873/5621
f 5850/7874/5622 5849/7877/5624 5851/7868/5616
f 5834/7875/5623 807/7878/759 805/7876/750
f 5850/7874/5622 5848/7879/5625 5849/7877/5624
f 5849/7877/5624 5848/7879/5625 5835/7880/5626
f 5848/7879/5625 807/7878/759 5835/7880/5626
f 5834/7875/5623 5829/7881/5627 5833/7882/5628
f 5834/7875/5623 5833/7882/5628 807/7878/759
f 807/7878/759 5833/7882/5628 5835/7880/5626
f 5834/7875/5623 5827/7883/5629 5829/7881/5627
f 5829/7881/5627 5832/7884/5630 5833/7882/5628
f 5833/7882/5628 5832/7884/5630 5847/7885/5631
f 5832/7884/5630 5830/7886/5632 5847/7885/5631
f 5830/7886/5632 5831/7887/5633 5847/7885/5631
f 5830/7886/5632 5829/7881/5627 5825/7888/5634
f 5827/7883/5629 5825/7888/5634 5829/7881/5627
f 5825/7888/5634 5831/7887/5633 5830/7886/5632
f 5826/7889/781 506/7890/773 5825/7888/5634
f 5827/7883/5629 5826/7889/781 5825/7888/5634
f 5826/7889/781 5827/7883/5629 5828/7891/5635
f 5826/7889/781 5828/7891/5635 5836/7892/5636
f 5828/7891/5635 5837/7893/5637 5836/7892/5636
f 5827/7883/5629 5838/7894/5638 5828/7891/5635
f 5838/7894/5638 5827/7883/5629 5837/7893/5637
f 5827/7883/5629 20/7895/5639 5837/7893/5637
f 5837/7893/5637 20/7895/5639 5836/7892/5636
f 20/7895/5639 5840/7896/5640 5836/7892/5636
f 20/7895/5639 5839/7897/5641 5840/7896/5640
f 5836/7892/5636 5840/7896/5640 5842/7898/5642
f 5836/7892/5636 5842/7898/5642 5841/7899/5643
f 5842/7898/5642 5843/7900/5644 5841/7899/5643
f 5842/7898/5642 5839/7897/5641 5843/7900/5644
f 5839/7897/5641 5844/7901/812 5843/7900/5644
f 20/7895/5639 5844/7901/812 5839/7897/5641
f 20/7895/5639 723/7902/810 5844/7901/812
f 5844/7901/812 5845/7903/5645 5843/7900/5644
f 5844/7901/812 722/7904/813 5845/7903/5645
f 5845/7903/5645 722/7904/813 5846/7905/5646
f 20/7895/5639 5856/7906/5647 723/7902/810
f 20/7895/5639 5857/7907/5648 5856/7906/5647
f 722/7904/813 518/7908/5649 5846/7905/5646
f 722/7904/813 721/7909/814 518/7908/5649
f 721/7909/814 718/7910/818 518/7908/5649
f 718/7910/818 5859/7911/5650 518/7908/5649
f 3168/7912/5651 5875/7913/5652 5877/7914/5653
f 5875/7913/5652 5876/7915/5654 5877/7914/5653
f 5879/7916/5655 5878/7917/5656 5880/7918/5657
f 5939/7919/5658 5923/7920/5659 5899/7921/5660
f 5923/7920/5659 5922/7922/5661 5899/7921/5660
f 5922/7922/5661 5920/7923/5662 5899/7921/5660
f 5925/7924/5663 5932/7925/5664 5931/7926/5665
f 5932/7925/5664 5936/7927/5666 5931/7926/5665
f 5924/7928/5667 5925/7924/5663 5920/7923/5662
f 5925/7924/5663 5931/7926/5665 5887/7929/5668
f 5920/7923/5662 5925/7924/5663 5887/7929/5668
f 5941/7930/5669 5931/7926/5665 5936/7927/5666
f 5883/7931/5670 5885/7932/5671 5884/7933/5672
f 5887/7929/5668 5931/7926/5665 5921/7934/5673
f 5931/7926/5665 5930/7935/5674 5921/7934/5673
f 5930/7935/5674 5929/7936/5675 5926/7937/5676
f 5930/7935/5674 5926/7937/5676 5921/7934/5673
f 5928/7938/5677 4503/7939/5678 5927/7940/5679
f 5929/7936/5675 5928/7938/5677 5927/7940/5679
f 5929/7936/5675 5927/7940/5679 5926/7937/5676
f 5897/7941/5680 5899/7921/5660 5888/7942/5681
f 5897/7941/5680 5888/7942/5681 5889/7943/5682
f 5889/7943/5682 5888/7942/5681 5944/7944/5683
f 5899/7921/5660 5920/7923/5662 5196/7945/5684
f 5899/7921/5660 5196/7945/5684 5888/7942/5681
f 5196/7945/5684 5919/7946/5685 5888/7942/5681
f 5195/7947/5686 5882/7948/5687 5881/7949/5688
f 5196/7945/5684 5887/7929/5668 5942/7950/5689
f 5920/7923/5662 5887/7929/5668 5196/7945/5684
f 5887/7929/5668 5921/7934/5673 5935/7951/5690
f 5935/7951/5690 5921/7934/5673 5943/7952/5691
f 5887/7929/5668 5935/7951/5690 5886/7953/5692
f 5926/7937/5676 5940/7954/5693 5921/7934/5673
f 5926/7937/5676 5927/7940/5679 5937/7955/5694
f 5912/7956/5695 5911/7957/5696 5910/7958/5697
f 5911/7957/5696 5905/7959/5698 5910/7958/5697
f 5909/7960/5699 5913/7961/5700 5892/7962/5701
f 5909/7960/5699 5892/7962/5701 5911/7957/5696
f 5893/7963/5702 5907/7964/5703 5894/7965/5704
f 5907/7964/5703 5906/7966/5705 5894/7965/5704
f 5906/7966/5705 5908/7967/5706 5894/7965/5704
f 5933/7968/5707 5894/7965/5704 5908/7967/5706
f 5933/7968/5707 5898/7969/5708 5894/7965/5704
f 5898/7969/5708 5895/7970/5709 5894/7965/5704
f 5896/7971/5710 5897/7941/5680 5895/7970/5709
f 5897/7941/5680 5900/7972/5711 5899/7921/5660
f 5905/7959/5698 5911/7957/5696 5903/7973/5712
f 5911/7957/5696 5892/7962/5701 5903/7973/5712
f 5903/7973/5712 5892/7962/5701 5902/7974/5713
f 5892/7962/5701 5893/7963/5702 5894/7965/5704
f 5895/7970/5709 5897/7941/5680 5894/7965/5704
f 5905/7959/5698 5903/7973/5712 4283/7975/5714
f 5903/7973/5712 5902/7974/5713 5904/7976/5715
f 5892/7962/5701 5901/7977/5716 5902/7974/5713
f 5892/7962/5701 5894/7965/5704 5901/7977/5716
f 5901/7977/5716 5894/7965/5704 5914/7978/5717
f 5897/7941/5680 5889/7943/5682 5894/7965/5704
f 5889/7943/5682 5890/7979/5718 5894/7965/5704
f 5915/7980/5719 5917/7981/5720 5938/7982/5721
f 5914/7978/5717 5894/7965/5704 5891/7983/5722
f 5915/7980/5719 5914/7978/5717 5916/7984/5723
f 5915/7980/5719 5916/7984/5723 5917/7981/5720
f 5914/7978/5717 5891/7983/5722 5916/7984/5723
f 5891/7983/5722 5894/7965/5704 5918/7985/5724
f 5918/7985/5724 5894/7965/5704 5934/7986/5725
f 5894/7965/5704 5890/7979/5718 5934/7986/5725
f 5889/7943/5682 5213/7987/5726 5890/7979/5718
f 6027/7988/5727 6030/7989/5728 6028/7990/5729
f 6027/7988/5727 6028/7990/5729 6029/7991/5730
f 5987/7992/5731 5973/7993/5732 5959/7994/5733
f 5987/7992/5731 5959/7994/5733 6032/7995/5734
f 3810/7996/5735 6032/7997/5736 6031/7998/5737
f 6032/7995/5734 5959/7994/5733 5963/7999/5738
f 6012/8000/5739 6013/8001/5740 6014/8002/5741
f 6012/8000/5739 6014/8002/5741 6015/8003/5742
f 6015/8003/5742 6014/8002/5741 6016/8004/5743
f 5983/8005/5744 5963/7999/5738 5978/8006/5745
f 5963/7999/5738 5964/8007/5746 5978/8006/5745
f 5963/7999/5738 5962/8008/5747 5964/8007/5746
f 6003/8009/5748 5964/8007/5746 5988/8010/5749
f 5964/8007/5746 5962/8008/5747 5988/8010/5749
f 5962/8008/5747 5965/8011/5750 5966/8012/5751
f 5962/8008/5747 5966/8012/5751 5991/8013/5752
f 5966/8012/5751 5965/8011/5750 5979/8014/5753
f 5958/8015/5754 5957/8016/5755 5959/7994/5733
f 5959/7994/5733 5957/8016/5755 5960/8017/5756
f 5963/7999/5738 5959/7994/5733 5961/8018/5757
f 5959/7994/5733 5960/8017/5756 5961/8018/5757
f 5960/8017/5756 5989/8019/5758 5961/8018/5757
f 6023/8020/5759 6024/8021/5760 6025/8022/5761
f 6026/8023/5762 6024/8021/5760 6023/8020/5759
f 5962/8008/5747 5961/8018/5757 5965/8011/5750
f 5961/8018/5757 5977/8024/5763 5965/8011/5750
f 5962/8008/5747 5963/7999/5738 5961/8018/5757
f 6011/8025/5764 5977/8024/5763 5961/8018/5757
f 6010/8026/5765 5960/8017/5756 5957/8016/5755
f 5974/8027/5766 5969/8028/5767 5950/8029/5768
f 3824/8030/5769 5949/8031/5770 5969/8028/5767
f 5969/8028/5767 5949/8031/5770 5950/8029/5768
f 5982/8032/5771 5950/8029/5768 5953/8033/5772
f 5953/8033/5772 5946/8034/5773 5975/8035/5774
f 5953/8033/5772 5950/8029/5768 5946/8034/5773
f 5975/8035/5774 5946/8034/5773 5955/8036/5775
f 5985/8037/5776 5955/8036/5775 5954/8038/5777
f 5954/8038/5777 5946/8034/5773 5970/8039/5778
f 5955/8036/5775 5946/8034/5773 5954/8038/5777
f 5970/8039/5778 5946/8034/5773 3892/8040/5779
f 3892/8040/5779 5946/8034/5773 5956/8041/5780
f 5968/8042/5781 5956/8041/5780 5958/8015/5754
f 5992/8043/5782 5958/8015/5754 5967/8044/5783
f 5967/8044/5783 5959/7994/5733 5973/7993/5732
f 5949/8031/5770 5948/8045/5784 5950/8029/5768
f 5948/8045/5784 5945/8046/5785 5950/8029/5768
f 5956/8041/5780 5957/8016/5755 5958/8015/5754
f 5967/8044/5783 5958/8015/5754 5959/7994/5733
f 5948/8045/5784 5976/8047/5786 5947/8048/5787
f 5948/8045/5784 5947/8048/5787 5945/8046/5785
f 5950/8029/5768 5945/8046/5785 5946/8034/5773
f 5946/8034/5773 6007/8049/5788 5984/8050/5789
f 5951/8051/5790 5187/8052/4925 5946/8034/5773
f 5946/8034/5773 5984/8050/5789 5951/8051/5790
f 5946/8034/5773 5952/8053/5791 5957/8016/5755
f 5946/8034/5773 5957/8016/5755 5956/8041/5780
f 5984/8050/5789 5972/8054/5792 5951/8051/5790
f 5981/8055/5793 5152/8056/4919 5951/8051/5790
f 5981/8055/5793 5155/8057/4924 5152/8056/4919
f 5951/8051/5790 5152/8056/4919 5187/8052/4925
f 5187/8052/4925 5990/8058/5794 5952/8053/5791
f 5946/8034/5773 5187/8052/4925 5952/8053/5791
f 6008/8059/4918 5990/8058/5794 5187/8052/4925
f 6017/8060/5795 6018/8061/5796 6020/8062/5797
f 6017/8060/5795 6019/8063/5798 6018/8061/5796
f 5952/8053/5791 5986/8064/5799 5957/8016/5755
f 6021/8065/5800 6018/8061/5796 6019/8063/5798
f 6022/8066/5801 6021/8065/5800 6019/8063/5798
f 5957/8016/5755 5986/8064/5799 6010/8026/5765
f 6005/8067/5802 6000/8068/5803 6001/8069/3502
f 6005/8067/5802 6001/8069/3502 6009/8070/3487
f 6000/8068/5803 5993/8071/5804 5971/8072/5805
f 6000/8068/5803 5971/8072/5805 6001/8069/3502
f 5993/8071/5804 5949/8031/5770 5971/8072/5805
f 5971/8072/5805 5949/8031/5770 3824/8030/5769
f 5980/8073/5806 3824/8030/5769 5969/8028/5767
f 5993/8071/5804 5996/8074/5807 5949/8031/5770
f 5996/8074/5807 5994/8075/5808 5949/8031/5770
f 5949/8031/5770 5994/8075/5808 3319/8076/2878
f 3319/8076/2878 5994/8075/5808 3320/8077/2879
f 5996/8074/5807 5997/8078/5809 5994/8075/5808
f 5994/8075/5808 5995/8079/5810 3322/8080/5811
f 5994/8075/5808 6002/8081/5812 3320/8077/2879
f 5994/8075/5808 3322/8080/5811 6002/8081/5812
f 5998/8082/5813 5999/8083/5814 5996/8074/5807
f 5996/8074/5807 5999/8083/5814 5997/8078/5809
f 5999/8083/5814 5998/8082/5813 6006/8084/5815
f 5999/8083/5814 6004/8085/5816 5997/8078/5809
f 6035/8086/5817 6036/8087/5818 6038/8088/5819
f 6037/8089/5820 6034/8090/5821 6039/8091/5822
f 6040/8092/5823 6041/8093/5824 6039/8094/5825
f 6042/8095/5826 6043/8096/5827 6044/8097/5828
f 6057/8098/5829 6046/8099/5830 6048/8100/5831
f 6057/8098/5829 6056/8101/5832 6046/8099/5830
f 6048/8100/5831 6046/8099/5830 6049/8102/5833
f 6046/8099/5830 6047/8103/5834 6049/8102/5833
f 6046/8104/5835 6062/8105/5836 6061/8106/5837
f 6046/8099/5830 6045/8107/5838 6047/8103/5834
f 6045/8107/5838 6060/8108/5839 6047/8103/5834
f 6046/8099/5830 6050/8109/5840 6045/8107/5838
f 6046/8099/5830 6058/8110/5841 6050/8109/5840
f 6050/8109/5840 6051/8111/5842 6045/8107/5838
f 6058/8110/5841 6059/8112/5843 6050/8109/5840
f 6050/8109/5840 6054/8113/5844 6053/8114/5845
f 6051/8111/5842 6053/8114/5845 6052/8115/5846
f 6051/8111/5842 6050/8109/5840 6053/8114/5845
f 6053/8114/5845 6055/8116/5847 6052/8115/5846
f 6072/8117/5848 6064/8118/5849 6062/8119/5850
f 6064/8118/5849 6073/8120/5851 6074/8121/5852
f 6064/8118/5849 6074/8121/5852 6063/8122/5853
f 6066/8123/5854 6068/8124/5855 6075/8125/5856
f 6066/8123/5854 6067/8126/5857 6068/8124/5855
f 6067/8126/5857 6077/8127/5858 6076/8128/5859
f 6062/8119/5850 6064/8118/5849 6063/8122/5853
f 6069/8129/5860 6062/8119/5850 6065/8130/5861
f 6062/8119/5850 6063/8122/5853 6065/8130/5861
f 6065/8130/5861 6071/8131/5862 6070/8132/5863
f 6066/8123/5854 6069/8129/5860 6065/8130/5861
f 6066/8123/5854 6065/8130/5861 6067/8126/5857
f 6065/8130/5861 6070/8132/5863 6067/8126/5857
f 6067/8126/5857 6070/8132/5863 6077/8127/5858
f 6086/8133/5864 6078/8134/5865 6080/8135/5866
f 6078/8134/5865 6084/8136/5867 6081/8137/5868
f 6080/8135/5866 6078/8134/5865 6079/8138/5869
f 6078/8134/5865 6081/8137/5868 6079/8138/5869
f 6080/8135/5866 6079/8138/5869 6085/8139/5870
f 6079/8138/5869 6081/8137/5868 6082/8140/5871
f 6081/8137/5868 6083/8141/5872 6082/8140/5871
f 6082/8140/5871 4190/8142/5873 6079/8138/5869
f 6091/8143/5874 6094/8144/5875 6092/8145/5876
f 6091/8143/5874 6092/8145/5876 6088/8146/5877
f 6092/8145/5876 6095/8147/5878 6088/8146/5877
f 6099/8148/5879 6087/8149/5880 6090/8150/5881
f 6093/8151/5882 6090/8150/5881 6089/8152/5883
f 6093/8151/5882 6089/8152/5883 6096/8153/5884
f 6087/8149/5880 6088/8146/5877 6089/8152/5883
f 6087/8149/5880 6089/8152/5883 6090/8150/5881
f 6088/8146/5877 6097/8154/5885 6089/8152/5883
f 6088/8146/5877 6095/8147/5878 6097/8154/5885
f 6089/8152/5883 6098/8155/5886 6096/8153/5884
f 6102/8156/5887 6104/8157/5888 6154/8158/5889
f 6100/8159/5890 6101/8160/4537 6102/8156/5887
f 6102/8156/5887 6103/8161/5891 6104/8157/5888
f 6102/8156/5887 6101/8160/4537 6103/8161/5891
f 6104/8157/5888 6103/8161/5891 6107/8162/5892
f 6106/8163/5893 6108/8164/4535 6101/8160/4537
f 6106/8163/5893 6101/8160/4537 6105/8165/5894
f 6100/8159/5890 6105/8165/5894 6101/8160/4537
f 6110/8166/5895 6109/8167/5896 4834/8168/5897
f 6109/8167/5896 6126/8169/5898 4834/8168/5897
f 6110/8166/5895 6111/8170/5899 6117/8171/5900
f 6110/8166/5895 4834/8168/5897 6111/8170/5899
f 4834/8168/5897 6126/8169/5898 6112/8172/5901
f 6112/8172/5901 6113/8173/5902 4834/8168/5897
f 6112/8172/5901 6114/8174/5903 6113/8173/5902
f 6112/8172/5901 6115/8175/5904 6114/8174/5903
f 6121/8176/5905 6119/8177/5906 6120/8178/5907
f 6120/8178/5907 6119/8177/5906 6118/8179/5908
f 6113/8173/5902 6114/8174/5903 6116/8180/5909
f 6120/8178/5907 6122/8181/5910 6121/8176/5905
f 6129/8182/5911 6133/8183/5912 6124/8184/5913
f 6129/8182/5911 6124/8184/5913 6123/8185/5914
f 6123/8185/5914 6124/8184/5913 6125/8186/5915
f 6126/8187/5916 6129/8182/5917 6125/8186/5918
f 6125/8186/5918 6132/8188/5919 6130/8189/5920
f 6126/8187/5916 6125/8186/5918 6127/8190/5921
f 6125/8186/5918 6130/8189/5920 6127/8190/5921
f 6126/8187/5916 6127/8190/5921 6128/8191/5922
f 6128/8191/5922 6127/8190/5921 6131/8192/5923
f 6149/8193/5924 6150/8194/5925 6151/8195/5926
f 6151/8195/5926 6150/8194/5925 6141/8196/5927
f 6149/8193/5924 6148/8197/5928 6143/8198/5929
f 6149/8193/5924 6143/8198/5929 6150/8194/5925
f 6153/8199/5930 6143/8200/5931 6152/8201/5932
f 6148/8197/5928 6144/8202/5933 6143/8198/5929
f 6144/8202/5933 6101/8203/5934 6143/8198/5929
f 6143/8198/5929 6142/8204/5935 6139/8205/5936
f 6143/8198/5929 6101/8203/5934 6142/8204/5935
f 6141/8196/5937 6139/8205/5936 6134/8206/5938
f 6135/8207/5939 6136/8208/5940 6140/8209/5941
f 6134/8206/5938 6136/8208/5940 6135/8207/5939
f 6136/8208/5940 6134/8206/5938 6137/8210/5942
f 6140/8209/5941 6136/8208/5940 6147/8211/5943
f 6147/8211/5943 6136/8208/5940 6194/8212/5944
f 6139/8205/5936 6142/8204/5935 6137/8210/5942
f 6142/8204/5935 6146/8213/5945 6145/8214/5946
f 6142/8204/5935 6145/8214/5946 6137/8210/5942
f 6139/8205/5936 6137/8210/5942 6134/8206/5938
f 6137/8210/5942 6145/8214/5946 6138/8215/5947
f 6159/8216/5948 5947/8217/5949 6157/8218/3142
f 6155/8219/5950 6161/8220/5951 6163/8221/5952
f 6155/8219/5950 6163/8221/5952 6156/8222/5953
f 6160/8223/5954 6155/8219/5950 5947/8217/5949
f 5947/8217/5949 3516/8224/3145 6157/8218/3142
f 6155/8219/5950 3516/8224/3145 5947/8217/5949
f 6156/8222/5953 6163/8221/5952 6162/8225/5955
f 6155/8219/5950 6156/8222/5953 3516/8224/3145
f 6156/8222/5953 6158/8226/5956 3516/8224/3145
f 6167/8227/5957 6170/8228/5958 6175/8229/5959
f 6170/8228/5958 6167/8227/5957 6166/8230/5960
f 6166/8230/5960 6178/8231/5961 6170/8228/5958
f 6167/8227/5957 6164/8232/5962 6166/8230/5960
f 6167/8227/5957 6168/8233/5963 6164/8232/5962
f 6176/8234/5964 3493/8235/5965 6164/8232/5962
f 3493/8235/5965 6171/8236/5966 6164/8232/5962
f 6164/8232/5962 6165/8237/5967 6166/8230/5960
f 3493/8235/5965 6177/8238/5968 6171/8236/5966
f 6177/8238/5968 6172/8239/5969 6171/8236/5966
f 6174/8240/5970 6173/8241/5971 6171/8236/5966
f 6171/8236/5966 6169/8242/5972 6164/8232/5962
f 6164/8232/5962 6169/8242/5972 6165/8237/5967
f 6171/8236/5966 6173/8241/5971 6169/8242/5972
f 6174/8240/5970 6179/8243/5973 6173/8241/5971
f 6180/8244/5974 6181/8245/5975 6187/8246/5976
f 3494/8247/5977 6183/8248/5978 6182/8249/5979
f 6182/8249/5979 6183/8248/5978 6180/8244/5974
f 6182/8249/5979 6180/8244/5974 3499/8250/5980
f 6180/8244/5974 6187/8246/5976 6186/8251/5981
f 6180/8244/5974 6184/8252/5982 3499/8250/5980
f 6180/8244/5974 6186/8251/5981 6184/8252/5982
f 3499/8250/5980 6184/8252/5982 6185/8253/5983
f 6188/8254/5984 6190/8255/5985 6189/8256/5986
f 6197/8257/5987 6195/8258/5988 6196/8259/5989
f 6196/8259/5989 6195/8258/5988 6192/8260/5990
f 6195/8258/5988 6190/8261/5991 6192/8260/5990
f 6190/8261/5991 6191/8262/5992 6192/8260/5990
f 6190/8261/5991 6193/8263/5993 6191/8262/5992
f 6193/8263/5993 4929/8264/5994 6194/8265/5995
f 6193/8263/5993 6194/8265/5995 6191/8262/5992
f 6201/8266/5996 6199/8267/5997 6200/8268/5998
f 6226/8269/5999 3309/8270/2889 6222/8271/6000
f 6222/8271/6000 3309/8270/2889 3512/8272/3143
f 6222/8271/6000 3512/8272/3143 6221/8273/6001
f 3309/8270/2889 6219/8274/6002 3512/8272/3143
f 3309/8270/2889 3571/8275/3147 6219/8274/6002
f 6221/8273/6001 3512/8272/3143 3516/8276/3145
f 6223/8277/2888 6229/8278/6003 6220/8279/6004
f 6223/8277/2888 6220/8279/6004 3309/8270/2889
f 6229/8278/6003 6233/8280/6005 6220/8279/6004
f 6220/8279/6004 3571/8275/3147 3309/8270/2889
f 6233/8280/6005 6234/8281/6006 6220/8279/6004
f 6234/8281/6006 6218/8282/6007 6220/8279/6004
f 6220/8279/6004 6218/8282/6007 3571/8275/3147
f 3571/8275/3147 6218/8282/6007 3514/8283/3154
f 6218/8282/6007 6224/8284/6008 3514/8283/3154
f 6224/8284/6008 6232/8285/6009 3514/8283/3154
f 6218/8282/6007 6217/8286/6010 6224/8284/6008
f 6271/8287/6011 6272/8288/6012 6232/8289/6013
f 6225/8290/6014 6214/8291/6015 6217/8286/6010
f 6216/8292/6016 6205/8293/6017 3345/8294/6018
f 3345/8294/6018 6215/8295/6019 6214/8291/6015
f 6214/8291/6015 6213/8296/6020 6212/8297/6021
f 6214/8291/6015 6215/8295/6019 6213/8296/6020
f 6217/8286/6010 6214/8291/6015 6224/8284/6008
f 6214/8291/6015 6212/8297/6021 6224/8284/6008
f 6224/8284/6008 6227/8298/6022 3515/8299/6023
f 6224/8284/6008 6228/8300/6024 6227/8298/6022
f 6212/8297/6021 6228/8300/6024 6224/8284/6008
f 6205/8293/6017 6208/8301/6025 6253/8302/6026
f 6206/8303/2900 3304/8304/2863 6203/8305/6027
f 6206/8303/2900 6203/8305/6027 6205/8293/6017
f 6203/8305/6027 6204/8306/6028 6205/8293/6017
f 6205/8293/6017 6253/8302/6026 3345/8294/6018
f 3345/8294/6018 6253/8302/6026 6215/8295/6019
f 6253/8307/6026 6231/8308/6029 6215/8309/6019
f 6253/8307/6026 6208/8310/6025 6231/8308/6029
f 6215/8309/6019 6231/8308/6029 6213/8311/6020
f 6231/8312/6029 6211/8313/6030 6213/8296/6020
f 6231/8312/6029 3531/8314/6031 6211/8313/6030
f 6231/8312/6029 6235/8315/6032 3531/8314/6031
f 6208/8301/6025 6205/8293/6017 6204/8306/6028
f 6231/8308/6029 6208/8310/6025 6235/8316/6032
f 6208/8301/6025 6204/8306/6028 6235/8315/6032
f 6235/8315/6032 6204/8306/6028 3531/8314/6031
f 6213/8296/6020 6211/8313/6030 6212/8297/6021
f 6230/8317/6033 6210/8318/6034 6203/8305/6027
f 6210/8318/6034 6236/8319/6035 6203/8305/6027
f 6236/8319/6035 6207/8320/6036 6203/8305/6027
f 6207/8320/6036 6236/8319/6035 3559/8321/6037
f 6203/8305/6027 6207/8320/6036 6204/8306/6028
f 6207/8320/6036 6209/8322/6038 6204/8306/6028
f 6236/8319/6035 3314/8323/6039 6237/8324/6040
f 6236/8319/6035 6238/8325/6041 3559/8321/6037
f 6236/8319/6035 6237/8324/6040 6238/8325/6041
f 3314/8323/6039 6252/8326/6042 6237/8324/6040
f 6252/8326/6042 3314/8323/6039 6265/8327/6043
f 6237/8328/6040 6252/8329/6042 6265/8330/6043
f 6237/8328/6040 6265/8330/6043 6266/8331/6044
f 6265/8327/6043 6240/8332/6045 6238/8325/6046
f 3314/8323/6039 6241/8333/6047 6239/8334/6048
f 6264/8335/6049 6243/8336/6050 6241/8333/6047
f 6241/8333/6047 6242/8337/6051 6239/8334/6048
f 3314/8323/6039 6239/8334/6048 6265/8327/6043
f 6239/8334/6048 6240/8332/6045 6265/8327/6043
f 6239/8334/6048 6242/8337/6051 6251/8338/6052
f 6248/8339/6053 6267/8340/6054 6247/8341/6055
f 6248/8339/6053 6249/8342/6056 6267/8340/6054
f 6249/8342/6056 6250/8343/6057 6267/8340/6054
f 6247/8341/6055 6267/8340/6054 6243/8336/6050
f 6243/8336/6050 6242/8337/6051 6241/8333/6047
f 6243/8336/6050 6245/8344/6058 6242/8337/6051
f 6267/8340/6054 6245/8344/6058 6243/8336/6050
f 6267/8340/6054 6246/8345/6059 6245/8344/6058
f 6242/8337/6051 6245/8344/6058 6244/8346/6060
f 6245/8344/6058 6246/8345/6059 3591/8347/6061
f 6250/8348/6057 6246/8349/6059 6267/8350/6054
f 6250/8348/6057 6254/8351/6062 6246/8349/6059
f 6249/8342/6056 3317/8352/6063 6250/8343/6057
f 6250/8343/6057 6255/8353/6064 6254/8354/6062
f 6262/8355/6065 6258/8356/6066 3317/8352/6063
f 3317/8352/6063 6258/8356/6066 6255/8353/6064
f 6250/8343/6057 3317/8352/6063 6255/8353/6064
f 6254/8354/6062 3591/8347/6061 6246/8345/6059
f 6254/8354/6062 6255/8353/6064 3591/8347/6061
f 6255/8353/6064 6256/8357/6067 3591/8347/6061
f 6255/8353/6064 6257/8358/6068 6256/8357/6067
f 6261/8359/6069 6258/8356/6066 6260/8360/6070
f 6260/8360/6070 6258/8356/6066 6262/8355/6065
f 6258/8356/6066 6259/8361/6071 6255/8353/6064
f 6268/8362/6072 3692/8363/6073 6270/8364/6074
f 6255/8353/6064 6263/8365/6075 6257/8358/6068
f 6268/8362/6072 6270/8364/6074 6269/8366/6076
f 6312/8367/6077 6185/8368/6078 6311/8369/3243
f 6312/8367/6077 6311/8369/3243 6310/8370/6079
f 6309/8371/6080 6308/8372/6081 6306/8373/6082
f 6310/8370/6079 6311/8369/3243 6308/8372/6081
f 6309/8371/6080 6310/8370/6079 6308/8372/6081
f 6185/8368/6078 3638/8374/6083 6311/8369/3243
f 3638/8374/6083 6314/8375/6084 6311/8369/3243
f 6311/8369/3243 3603/8376/3244 6308/8372/6081
f 6308/8372/6081 3603/8376/3244 6319/8377/6085
f 6316/8378/3071 6304/8379/3070 6301/8380/6086
f 6306/8373/6082 6305/8381/6087 6304/8379/3070
f 6306/8373/6082 6308/8372/6081 6307/8382/6088
f 6306/8373/6082 6307/8382/6088 6305/8381/6087
f 6305/8381/6087 6307/8382/6088 6313/8383/6089
f 6304/8379/3070 6305/8381/6087 6301/8380/6086
f 6301/8380/6086 6305/8381/6087 6302/8384/6090
f 6323/8385/6091 6301/8380/6086 6299/8386/6092
f 6295/8387/6093 6297/8388/6094 6294/8389/6095
f 6300/8390/6096 6299/8386/6092 6298/8391/6097
f 6300/8390/6096 6298/8391/6097 6297/8388/6094
f 6297/8388/6094 6298/8391/6097 6294/8389/6095
f 6302/8384/6090 6303/8392/6098 6301/8380/6086
f 6301/8380/6086 6303/8392/6098 6298/8391/6097
f 6301/8380/6086 6298/8391/6097 6299/8386/6092
f 6296/8393/6099 6295/8387/6093 6273/8394/6100
f 6295/8387/6093 6294/8389/6095 6273/8394/6100
f 6273/8394/6100 6294/8389/6095 6293/8395/6101
f 6294/8389/6095 6320/8396/6102 6293/8395/6101
f 6274/8397/6103 6276/8398/6104 6277/8399/6105
f 6277/8399/6105 6276/8398/6104 6278/8400/6106
f 6318/8401/6107 6278/8400/6106 6279/8402/6108
f 6278/8400/6106 6276/8398/6104 6279/8402/6108
f 6273/8394/6100 6275/8403/6109 6274/8397/6103
f 6273/8394/6100 6293/8395/6101 6275/8403/6109
f 6274/8397/6103 6275/8403/6109 6276/8398/6104
f 6276/8398/6104 6275/8403/6109 6321/8404/6110
f 3474/8405/3059 3482/8406/3062 6281/8407/6111
f 6279/8402/6108 6276/8398/6104 6280/8408/6112
f 6279/8402/6108 6280/8408/6112 3482/8406/3062
f 3482/8406/3062 6280/8408/6112 6281/8407/6111
f 3474/8405/3059 6281/8407/6111 3476/8409/3060
f 3476/8409/3060 6281/8407/6111 6282/8410/6113
f 3475/8411/3061 3476/8409/3060 6284/8412/3063
f 3476/8409/3060 6283/8413/6114 6284/8412/3063
f 6284/8412/3063 6283/8413/6114 6285/8414/6115
f 3476/8409/3060 6282/8410/6113 6283/8413/6114
f 6283/8413/6114 6282/8410/6113 6317/8415/6116
f 6283/8413/6114 6322/8416/6117 6285/8414/6115
f 6287/8417/6118 6286/8418/6119 3640/8419/6120
f 6286/8418/6119 6284/8412/3063 3640/8419/6120
f 6287/8417/6118 3640/8419/6120 3472/8420/3036
f 6284/8412/3063 6285/8414/6115 3640/8419/6120
f 3472/8420/3036 6288/8421/6121 3452/8422/3064
f 3472/8420/3036 3640/8419/6120 6288/8421/6121
f 6315/8423/6122 3452/8422/3064 3454/8424/3066
f 6291/8425/6123 6289/8426/3067 6290/8427/6124
f 3452/8422/3064 6288/8421/6121 3454/8424/3066
f 3454/8424/3066 6288/8421/6121 6289/8426/3067
f 6289/8426/3067 6288/8421/6121 6290/8427/6124
f 6291/8425/6123 6290/8427/6124 6292/8428/6125
f 6324/8429/6126 6325/8430/6127 6326/8431/6128
f 1119/8432/6129 954/8433/6130 6339/8434/6131
f 6339/8434/6131 954/8433/6130 6350/8435/6132
f 6340/8436/6133 6350/8437/6134 6342/8438/6135
f 6339/8434/6136 6340/8436/6133 6341/8439/6137
f 6340/8436/6133 6342/8438/6135 6341/8439/6137
f 6342/8438/6135 6345/8440/6138 6341/8439/6137
f 6341/8439/6137 6345/8440/6138 6343/8441/6139
f 6343/8441/6139 6345/8440/6138 6344/8442/6140
f 6344/8442/6140 6345/8440/6138 6346/8443/6141
f 6344/8442/6140 6346/8443/6141 6347/8444/6142
f 6344/8442/6140 6347/8444/6142 6351/8445/6143
f 6347/8444/6142 6346/8443/6141 6348/8446/6144
f 6351/8447/6145 6348/8446/6146 6349/8448/6147
f 6348/8446/6146 6329/8449/6148 6349/8448/6147
f 6349/8448/6147 6329/8449/6148 6327/8450/6149
f 6349/8448/6147 6327/8450/6149 6328/8451/6150
f 6327/8450/6149 6329/8449/6148 6330/8452/6151
f 6327/8450/6149 6331/8453/6152 6328/8451/6150
f 6327/8450/6149 6337/8454/6153 6331/8453/6152
f 6328/8451/6150 6331/8453/6152 6332/8455/6154
f 6328/8451/6150 6332/8455/6154 6335/8456/6155
f 6332/8455/6154 6333/8457/6156 6335/8456/6155
f 6333/8457/6156 1756/8458/6157 6335/8456/6155
f 6335/8456/6155 1756/8458/6157 6334/8459/6158
f 6335/8456/6155 6334/8459/6158 6336/8460/6159
f 6335/8456/6155 6336/8460/6159 1046/8461/6160
f 1046/8461/6160 6336/8460/6159 6338/8462/6161
f 1046/8461/6160 6338/8462/6161 1041/8463/6162
f 571/8464/821 6377/8465/820 6376/8466/6163
f 6376/8466/6163 6377/8465/820 6375/8467/6164
f 6374/8468/6165 6373/8469/6166 6375/8467/6164
f 6376/8466/6163 6375/8467/6164 6373/8469/6166
f 6374/8468/6165 6371/8470/6167 6373/8469/6166
f 6373/8469/6166 6371/8470/6167 6372/8471/6168
f 6372/8471/6168 6371/8470/6167 502/8472/829
f 502/8472/829 6371/8470/6167 6361/8473/6169
f 502/8472/829 6361/8473/6169 6378/8474/800
f 6378/8474/800 6361/8473/6169 500/8475/831
f 500/8475/831 6361/8473/6169 6360/8476/828
f 6360/8476/828 6361/8473/6169 6359/8477/6170
f 6360/8476/828 6359/8477/6170 6357/8478/6171
f 6357/8478/6171 6359/8477/6170 6358/8479/6172
f 6357/8478/6171 6358/8479/6172 682/8480/6173
f 6357/8478/6171 682/8480/6173 6356/8481/6174
f 6355/8482/6175 575/8483/839 682/8480/6173
f 6356/8481/6174 682/8480/6173 575/8483/839
f 6355/8482/6175 6353/8484/6176 575/8483/839
f 497/8485/838 575/8483/839 6352/8486/6177
f 6352/8486/6177 575/8483/839 6353/8484/6176
f 6352/8486/6177 6353/8484/6176 531/8487/841
f 531/8487/841 6353/8484/6176 6354/8488/6178
f 531/8487/841 6354/8488/6178 680/8489/6179
f 531/8487/841 680/8489/6179 532/8490/845
f 532/8490/845 680/8489/6179 6362/8491/6180
f 532/8490/845 6362/8491/6180 6363/8492/6181
f 6363/8492/6181 6362/8491/6180 6365/8493/6182
f 6365/8493/6182 6362/8491/6180 6364/8494/6183
f 6365/8493/6182 6364/8494/6183 6366/8495/6184
f 6366/8495/6184 6364/8494/6183 6367/8496/6185
f 6366/8495/6184 6367/8496/6185 6368/8497/6186
f 6366/8495/6184 6368/8497/6186 6369/8498/6187
f 6368/8497/6186 6370/8499/6188 6369/8498/6187
f 6370/8499/6188 6379/8500/6189 6369/8498/6187
f 6453/8501/6190 6451/8502/6191 6452/8503/6192
f 66/8504/6193 6404/8505/6194 6399/8506/6195
f 66/8504/6193 6399/8506/6195 22/8507/6196
f 6399/8506/6195 6398/8508/6197 22/8507/6196
f 6398/8508/6197 6397/8509/6198 22/8507/6196
f 6397/8509/6198 6396/8510/6199 6395/8511/6200
f 6397/8509/6198 6434/8512/6201 6396/8510/6199
f 6397/8509/6198 6395/8511/6200 22/8507/6196
f 6396/8510/6199 6394/8513/6202 6395/8511/6200
f 6440/8514/6203 104/8515/6204 6441/8516/6205
f 6396/8510/6199 6400/8517/6206 6394/8513/6202
f 6441/8516/6205 104/8515/6204 6442/8518/6207
f 6406/8519/6208 6401/8520/6209 6400/8517/6206
f 6401/8520/6209 6394/8513/6202 6400/8517/6206
f 6401/8520/6209 6393/8521/6210 6394/8513/6202
f 6393/8521/6210 6430/8522/6211 6394/8513/6202
f 6402/8523/6212 6392/8524/6213 6393/8521/6210
f 6402/8523/6212 111/8525/6214 6392/8524/6213
f 6393/8521/6210 6392/8524/6213 6430/8526/6211
f 6403/8527/6215 6391/8528/6216 6392/8524/6213
f 6391/8528/6216 6390/8529/6217 6392/8524/6213
f 6430/8526/6211 6392/8524/6213 6390/8529/6217
f 6391/8528/6216 6389/8530/6218 6390/8529/6217
f 6390/8529/6217 6389/8530/6218 6386/8531/6219
f 6389/8530/6218 6388/8532/6220 6386/8531/6219
f 6439/8533/6221 6387/8534/6222 6388/8532/6220
f 6388/8532/6220 6387/8534/6222 6386/8531/6219
f 6428/8535/6223 6385/8536/6224 6387/8534/6222
f 6436/8537/6225 6405/8538/6226 6385/8536/6224
f 6387/8534/6222 6385/8536/6224 6386/8531/6219
f 6405/8538/6226 6384/8539/6227 6385/8536/6224
f 6384/8539/6227 119/8540/6228 6383/8541/6229
f 6383/8541/6229 6386/8531/6219 6384/8539/6227
f 6384/8539/6227 6386/8531/6219 6385/8536/6224
f 121/8542/6230 6386/8531/6219 6383/8541/6229
f 121/8542/6230 6381/8543/6231 6386/8531/6219
f 6381/8543/6231 6380/8544/6232 6386/8531/6219
f 6381/8543/6231 6435/8545/6233 6380/8544/6232
f 6448/8546/6234 6443/8547/6235 6447/8548/6236
f 6443/8547/6235 6445/8549/6237 6447/8548/6236
f 6380/8544/6232 6408/8550/6238 6386/8531/6219
f 6443/8547/6235 6444/8551/6239 6445/8549/6237
f 6443/8547/6235 6446/8552/6240 6444/8551/6239
f 6382/8553/6241 6408/8550/6238 6380/8544/6232
f 6382/8553/6241 6407/8554/6242 6408/8550/6238
f 6407/8554/6242 6409/8555/6243 6408/8550/6238
f 6429/8556/6244 6410/8557/6245 6409/8555/6243
f 6410/8557/6245 6408/8550/6238 6409/8555/6243
f 6429/8556/6244 6431/8558/6246 6410/8557/6245
f 6410/8557/6245 6412/8559/6247 6408/8550/6238
f 6410/8557/6245 6411/8560/6248 6412/8559/6247
f 6432/8561/6249 6413/8562/6250 6411/8560/6248
f 6411/8560/6248 6413/8562/6250 6412/8559/6247
f 6438/8563/6251 6415/8564/6252 6413/8562/6250
f 6413/8562/6250 6414/8565/6253 6412/8559/6247
f 6415/8564/6252 6414/8565/6253 6413/8562/6250
f 6453/8501/6190 6452/8503/6192 6454/8566/6254
f 6416/8567/6255 6414/8565/6253 6415/8564/6252
f 6451/8502/6191 6449/8568/6256 6452/8503/6192
f 6452/8503/6192 6449/8568/6256 6450/8569/6257
f 6420/8570/6258 6417/8571/6259 6416/8567/6255
f 6416/8567/6255 6417/8571/6259 6414/8565/6253
f 6417/8571/6259 6418/8572/6260 6414/8565/6253
f 6418/8572/6260 6419/8573/6261 6414/8565/6253
f 6419/8573/6261 6421/8574/6262 6414/8565/6253
f 6437/8575/6263 6421/8574/6262 6419/8573/6261
f 6414/8565/6253 6421/8574/6262 6422/8576/6264
f 6433/8577/6265 6423/8578/6266 6421/8574/6262
f 6421/8574/6262 6423/8578/6266 6422/8576/6264
f 6427/8579/6267 6426/8580/6268 6423/8578/6266
f 6423/8578/6266 6426/8580/6268 6422/8576/6264
f 6426/8580/6268 6424/8581/6269 6422/8576/6264
f 6426/8580/6268 6425/8582/6270 6424/8581/6269
f 6424/8581/6269 6425/8582/6270 866/8583/6271
l 3544 3547
l 3985 4038
l 6037 6038
l 182 183
l 2580 2581
l 1429 1872
l 5065 5088
l 2717 2718
l 1550 1883
l 3521 3527
l 4883 4889
l 1937 2328
l 2224 3068
l 2149 2704
l 3700 6290
l 4757 4740
l 6198 6192
